task_idx,phase,epoch_in_phase,global_epoch,kappa,train_loss,val_loss,lr,til_avg,til_per_task,cil_stand_avg,cil_stand_per_task,cil_znorm_avg,cil_znorm_per_task
0,parallel,1,1,0.5,2.567562199846099,2.2255455553531647,0.001,26.3,[26.3%],,,,
0,parallel,2,2,0.5,2.09641188760347,1.9309904351830482,0.001,34.1,[34.1%],,,,
0,parallel,3,3,0.5,1.8370089742201794,1.7238792032003403,0.001,40.2,[40.2%],,,,
0,parallel,4,4,0.5,1.6411039467099346,1.579756747931242,0.001,47.6,[47.6%],,,,
0,parallel,5,5,0.4899375100144209,1.5224877505362788,1.536418791860342,0.001,48.0,[48.0%],,,,
0,parallel,6,6,0.4743000416599904,1.4054189890245847,1.313657484948635,0.001,54.3,[54.3%],,,,
0,parallel,7,7,0.45898257330556,1.3034804848176014,1.2967656999826431,0.001,55.3,[55.3%],,,,
0,parallel,8,8,0.44398510495112964,1.2114555549017991,1.2108518593013287,0.001,58.8,[58.8%],,,,
0,parallel,9,9,0.42930763659669924,1.1781379557863068,1.179736915975809,0.001,59.1,[59.1%],,,,
0,parallel,10,10,0.4149501682422688,1.1406992568245418,1.1809750460088253,0.001,59.5,[59.5%],,,,
0,parallel,11,11,0.4009126998878385,1.0497725402252585,1.0645000413060188,0.001,63.1,[63.1%],,,,
0,parallel,12,12,0.3871952315334082,1.0073738965807082,1.1500285863876343,0.001,60.3,[60.3%],,,,
0,parallel,13,13,0.3737977631789777,1.0011648181118542,1.0242106169462204,0.001,62.9,[62.9%],,,,
0,parallel,14,14,0.36072029482454737,0.9629501896568492,1.182533459737897,0.001,59.1,[59.1%],,,,
0,parallel,15,15,0.34796282647011695,0.9254519426369969,0.9879852440208197,0.001,67.2,[67.2%],,,,
0,parallel,16,16,0.33552535811568657,0.8807284198229826,0.9228681046515703,0.001,68.3,[68.3%],,,,
0,parallel,17,17,0.32340788976125623,0.860276663605171,0.967467162758112,0.001,68.3,[68.3%],,,,
0,parallel,18,18,0.3116104214068258,0.8294020008437241,0.9800704326480627,0.001,67.6,[67.6%],,,,
0,parallel,19,19,0.3001329530523955,0.8410565430604959,0.9769724067300558,0.001,67.1,[67.1%],,,,
0,parallel,20,20,0.2889754846979651,0.8238509538807447,0.8409216534346342,0.001,70.9,[70.9%],,,,
0,parallel,21,21,0.2781380163435347,0.8480089774614648,0.9123672097921371,0.001,70.3,[70.3%],,,,
0,parallel,22,22,0.2676205479891044,0.8277242161050627,0.9551968351006508,0.001,68.6,[68.6%],,,,
0,parallel,23,23,0.257423079634674,0.8235840778562087,0.8570222333073616,0.001,71.4,[71.4%],,,,
0,parallel,24,24,0.24754561128024358,0.815334071841421,1.0638120230287313,0.001,63.6,[63.6%],,,,
0,parallel,25,25,0.2379881429258132,0.8251663778401628,1.0038195811212063,0.0003333333333333333,67.1,[67.1%],,,,
0,parallel,26,26,0.2287506745713828,0.7201516794252999,0.8087706211954355,0.0003333333333333333,72.6,[72.6%],,,,
0,parallel,27,27,0.21983320621695243,0.6667899164972426,0.7910346053540707,0.0003333333333333333,74.8,[74.8%],,,,
0,parallel,28,28,0.21123573786252203,0.7461403344250932,0.8701285440474749,0.0003333333333333333,72.8,[72.8%],,,,
0,parallel,29,29,0.20295826950809165,0.78053805722466,0.9717840906232595,0.0003333333333333333,68.7,[68.7%],,,,
0,parallel,30,30,0.1950008011536613,0.7874956070622311,0.9486841261386871,0.0003333333333333333,68.7,[68.7%],,,,
0,parallel,31,31,0.1873633327992309,0.8079074583476102,0.9796765223145485,0.0003333333333333333,68.2,[68.2%],,,,
0,parallel,32,32,0.18004586444480053,0.8023118037211744,0.9305770061910152,0.0001111111111111111,69.4,[69.4%],,,,
0,parallel,33,33,0.17304839609037015,0.7857931346832951,0.9376816563308239,0.0001111111111111111,69.7,[69.7%],,,,
0,parallel,34,34,0.16637092773593976,0.9966638759721683,1.0107236988842487,0.0001111111111111111,67.9,[67.9%],,,,
0,parallel,35,35,0.16001345938150938,0.9720612047593805,1.0316899754106998,0.0001111111111111111,68.6,[68.6%],,,,
0,parallel,36,36,0.153975991027079,1.0512623779381378,1.1235917918384075,0.0001111111111111111,64.0,[64.0%],,,,
0,parallel,37,37,0.14825852267264863,1.0429507124273083,1.1515961214900017,0.0001111111111111111,64.5,[64.5%],,,,
0,parallel,38,38,0.14286105431821824,1.0427639597578893,1.1508188173174858,0.0001111111111111111,64.4,[64.4%],,,,
0,parallel,39,39,0.13778358596378787,1.1806742315050922,1.2196817211806774,0.0001111111111111111,62.0,[62.0%],,,,
0,parallel,40,40,0.13302611760935748,1.1277648640584341,1.1958424225449562,0.0001111111111111111,62.5,[62.5%],,,,
0,parallel,41,41,0.12858864925492708,1.1926167403595358,1.2635192945599556,0.0001111111111111111,61.1,[61.1%],,,,
0,parallel,42,42,0.12447118090049673,1.3227998297425765,1.4545064233243465,0.0001111111111111111,53.8,[53.8%],,,,
0,parallel,43,43,0.12067371254606635,1.3381874915919727,1.426653802394867,0.0001111111111111111,56.0,[56.0%],,,,
0,parallel,44,44,0.11719624419163596,1.299290600456769,1.3503304310142994,0.0001111111111111111,58.3,[58.3%],,,,
0,parallel,45,45,0.11403877583720558,1.2976745600941815,1.3670726045966148,0.0001111111111111111,57.9,[57.9%],,,,
0,parallel,46,46,0.11120130748277521,1.2642688162719147,1.376832589507103,0.0001111111111111111,58.0,[58.0%],,,,
0,parallel,47,47,0.10868383912834481,1.417208579522145,1.4803555607795715,0.0001111111111111111,51.8,[51.8%],,,,
0,parallel,48,48,0.10648637077391443,1.3854969558836538,1.435910239815712,0.0001111111111111111,54.4,[54.4%],,,,
0,parallel,49,49,0.10460890241948406,1.356990422629103,1.4127861820161343,0.0001111111111111111,57.0,[57.0%],,,,
0,parallel,50,50,0.10305143406505368,1.3406308919568606,1.3655953034758568,0.0001111111111111111,56.9,[56.9%],,,,
0,parallel,51,51,0.1018139657106233,1.2796677456626409,1.384195014834404,0.0001111111111111111,56.5,[56.5%],,,,
0,parallel,52,52,0.10089649735619292,1.3441672838186915,1.359397817403078,0.0001111111111111111,58.5,[58.5%],,,,
0,parallel,53,53,0.10029902900176255,1.280730119234399,1.3164846636354923,0.0001111111111111111,59.3,[59.3%],,,,
0,parallel,54,54,0.10002156064733217,1.2534399243849743,1.2908914498984814,0.0001111111111111111,60.3,[60.3%],,,,
0,parallel,55,55,0.1,1.2226845938948137,1.304862566292286,0.0001111111111111111,59.4,[59.4%],,,,
0,weights,1,56,0.1,1.2031940108613124,1.2848208285868168,0.0001111111111111111,59.6,[59.6%],,,,
0,weights,2,57,0.1,1.1790314037588578,1.259671539068222,0.0001111111111111111,61.2,[61.2%],,,,
0,weights,3,58,0.1,1.1504445279700846,1.2669485732913017,0.0001111111111111111,59.7,[59.7%],,,,
0,weights,4,59,0.1,1.1439536085611657,1.2482529431581497,0.0001111111111111111,60.8,[60.8%],,,,
0,weights,5,60,0.1,1.1096493586709228,1.204588919878006,0.0001111111111111111,61.7,[61.7%],,,,
0,weights,6,61,0.1,1.1260471012018904,1.1971266902983189,0.0001111111111111111,61.4,[61.4%],,,,
0,weights,7,62,0.1,1.1037219860885716,1.183770377188921,0.0001111111111111111,61.4,[61.4%],,,,
0,weights,8,63,0.1,1.0789426399182669,1.1947016902267933,0.0001111111111111111,61.1,[61.1%],,,,
0,weights,9,64,0.1,1.083660692353792,1.1942440755665302,0.0001111111111111111,61.5,[61.5%],,,,
0,weights,10,65,0.1,1.0587594652477699,1.1643159128725529,0.0001111111111111111,62.7,[62.7%],,,,
0,weights,11,66,0.1,1.0388052116466473,1.172281377017498,0.0001111111111111111,62.9,[62.9%],,,,
0,weights,12,67,0.1,1.0268578868878038,1.1111411228775978,0.0001111111111111111,63.8,[63.8%],,,,
0,weights,13,68,0.1,1.0327835369713698,1.1353434957563877,0.0001111111111111111,62.8,[62.8%],,,,
0,weights,14,69,0.1,1.0279806203480009,1.145494855940342,0.0001111111111111111,62.7,[62.7%],,,,
0,weights,15,70,0.1,1.0139704542823984,1.1627299599349499,0.0001111111111111111,63.0,[63.0%],,,,
0,weights,16,71,0.1,0.9982921209516404,1.137950498610735,0.0001111111111111111,63.1,[63.1%],,,,
0,weights,17,72,0.1,0.9921304870255386,1.1068080477416515,0.0001111111111111111,64.4,[64.4%],,,,
0,weights,18,73,0.1,0.979848788508886,1.0962348282337189,0.0001111111111111111,64.7,[64.7%],,,,
0,weights,19,74,0.1,0.9851841511605661,1.1342402882874012,0.0001111111111111111,63.5,[63.5%],,,,
0,weights,20,75,0.1,0.9638218547724471,1.1209739968180656,0.0001111111111111111,63.9,[63.9%],,,,
0,weights,21,76,0.1,0.9597371990167642,1.0859791152179241,0.0001111111111111111,65.6,[65.6%],,,,
0,weights,22,77,0.1,0.9473270954965036,1.1242367140948772,0.0001111111111111111,62.7,[62.7%],,,,
0,weights,23,78,0.1,0.9452134544336344,1.105620726943016,0.0001111111111111111,63.8,[63.8%],,,,
0,weights,24,79,0.1,0.9372887596299376,1.1095788292586803,0.0001111111111111111,63.3,[63.3%],,,,
0,weights,25,80,0.1,0.9389636939084982,1.0522970035672188,0.0001111111111111111,66.2,[66.2%],66.2,[66.2%],66.2,[66.2%]
1,parallel,1,1,0.5,2.8281989671006986,2.3197561353445053,0.0001111111111111111,38.75,"[66.2%, 11.3%]",,,,
1,parallel,2,2,0.5,2.2235110470011263,2.085356391966343,0.0001111111111111111,42.75,"[66.2%, 19.3%]",,,,
1,parallel,3,3,0.5,2.0718026206463196,2.0360793471336365,0.0001111111111111111,44.35,"[66.2%, 22.5%]",,,,
1,parallel,4,4,0.5,1.9964363771148874,1.9106680005788803,0.0001111111111111111,46.3,"[66.2%, 26.4%]",,,,
1,parallel,5,5,0.4899375100144209,1.9119943817959557,1.8586950525641441,0.0001111111111111111,47.45,"[66.2%, 28.7%]",,,,
1,parallel,6,6,0.4743000416599904,1.8403082829487474,1.7846028469502926,0.0001111111111111111,50.75,"[66.2%, 35.3%]",,,,
1,parallel,7,7,0.45898257330556,1.7310679441765895,1.6900608539581299,0.0001111111111111111,53.35,"[66.2%, 40.5%]",,,,
1,parallel,8,8,0.44398510495112964,1.635242543643034,1.6115890070796013,0.0001111111111111111,54.45,"[66.2%, 42.7%]",,,,
1,parallel,9,9,0.42930763659669924,1.5679493403132958,1.5001330897212029,0.0001111111111111111,56.85,"[66.2%, 47.5%]",,,,
1,parallel,10,10,0.4149501682422688,1.489374741723266,1.4647606946527958,0.0001111111111111111,56.25,"[66.2%, 46.3%]",,,,
1,parallel,11,11,0.4009126998878385,1.4255583995505223,1.3809326589107513,0.0001111111111111111,60.05,"[66.2%, 53.9%]",,,,
1,parallel,12,12,0.3871952315334082,1.373408417158489,1.4036530815064907,0.0001111111111111111,59.0,"[66.2%, 51.8%]",,,,
1,parallel,13,13,0.3737977631789777,1.3471833127963393,1.3232983350753784,0.0001111111111111111,59.7,"[66.2%, 53.2%]",,,,
1,parallel,14,14,0.36072029482454737,1.2668518424034119,1.331508606672287,0.0001111111111111111,59.5,"[66.2%, 52.8%]",,,,
1,parallel,15,15,0.34796282647011695,1.1916876208933094,1.3001020513474941,0.0001111111111111111,60.7,"[66.2%, 55.2%]",,,,
1,parallel,16,16,0.33552535811568657,1.1719264410719086,1.241600327193737,0.0001111111111111111,62.5,"[66.2%, 58.8%]",,,,
1,parallel,17,17,0.32340788976125623,1.150233879119535,1.228695411235094,0.0001111111111111111,62.2,"[66.2%, 58.2%]",,,,
1,parallel,18,18,0.3116104214068258,1.1054540238802946,1.1440249383449554,0.0001111111111111111,63.75,"[66.2%, 61.3%]",,,,
1,parallel,19,19,0.3001329530523955,1.09718649221372,1.123090025037527,0.0001111111111111111,64.5,"[66.2%, 62.8%]",,,,
1,parallel,20,20,0.2889754846979651,1.0911586412900611,1.2253159880638123,0.0001111111111111111,61.7,"[66.2%, 57.2%]",,,,
1,parallel,21,21,0.2781380163435347,1.0544210272499277,1.1262402534484863,0.0001111111111111111,64.6,"[66.2%, 63.0%]",,,,
1,parallel,22,22,0.2676205479891044,1.0347076624254636,1.144102893769741,0.0001111111111111111,63.95,"[66.2%, 61.7%]",,,,
1,parallel,23,23,0.257423079634674,1.0289467452447625,1.2742560766637325,0.0001111111111111111,61.25,"[66.2%, 56.3%]",,,,
1,parallel,24,24,0.24754561128024358,1.0042347040357469,1.0482750125229359,0.0001111111111111111,65.45,"[66.2%, 64.7%]",,,,
1,parallel,25,25,0.2379881429258132,0.9458796895003017,1.0595650989562273,0.0001111111111111111,65.80000000000001,"[66.2%, 65.4%]",,,,
1,parallel,26,26,0.2287506745713828,0.979824155191832,1.0654186122119427,0.0001111111111111111,65.45,"[66.2%, 64.7%]",,,,
1,parallel,27,27,0.21983320621695243,0.9629666239400453,1.0059252753853798,0.0001111111111111111,66.4,"[66.2%, 66.6%]",,,,
1,parallel,28,28,0.21123573786252203,0.9965981961805609,1.0448622554540634,0.0001111111111111111,66.1,"[66.2%, 66.0%]",,,,
1,parallel,29,29,0.20295826950809165,1.0037387352955491,1.0974505878984928,0.0001111111111111111,64.85,"[66.2%, 63.5%]",,,,
1,parallel,30,30,0.1950008011536613,1.0135767293881766,1.0457572415471077,0.0001111111111111111,66.05000000000001,"[66.2%, 65.9%]",,,,
1,parallel,31,31,0.1873633327992309,1.0258191401445413,1.1808294244110584,0.0001111111111111111,63.8,"[66.2%, 61.4%]",,,,
1,parallel,32,32,0.18004586444480053,1.0149184042894388,1.0533967018127441,0.0001111111111111111,65.55000000000001,"[66.2%, 64.9%]",,,,
1,parallel,33,33,0.17304839609037015,1.0259576869916311,1.0570819526910782,0.0001111111111111111,66.0,"[66.2%, 65.8%]",,,,
1,parallel,34,34,0.16637092773593976,1.0336389534081085,1.0926768518984318,0.0001111111111111111,64.95,"[66.2%, 63.7%]",,,,
1,parallel,35,35,0.16001345938150938,1.014881051039394,1.1026516072452068,0.0001111111111111111,65.05,"[66.2%, 63.9%]",,,,
1,parallel,36,36,0.153975991027079,1.0769900573959834,1.1209672950208187,0.0001111111111111111,64.4,"[66.2%, 62.6%]",,,,
1,parallel,37,37,0.14825852267264863,1.042508389376387,1.1714560277760029,0.0001111111111111111,63.75,"[66.2%, 61.3%]",,,,
1,parallel,38,38,0.14286105431821824,1.0290285420568683,1.0792395621538162,0.0001111111111111111,66.1,"[66.2%, 66.0%]",,,,
1,parallel,39,39,0.13778358596378787,1.0819892589050004,1.1417894586920738,0.0001111111111111111,64.2,"[66.2%, 62.2%]",,,,
1,parallel,40,40,0.13302611760935748,1.0375965931747533,1.0921450927853584,0.0001111111111111111,65.25,"[66.2%, 64.3%]",,,,
1,parallel,41,41,0.12858864925492708,1.033278131786781,1.1124051921069622,0.0001111111111111111,64.75,"[66.2%, 63.3%]",,,,
1,parallel,42,42,0.12447118090049673,1.0747700144972983,1.1535196267068386,0.0001111111111111111,63.7,"[66.2%, 61.2%]",,,,
1,parallel,43,43,0.12067371254606635,1.0523330229747145,1.1257988959550858,0.0001111111111111111,64.6,"[66.2%, 63.0%]",,,,
1,parallel,44,44,0.11719624419163596,1.0083544239213196,1.1389255002140999,0.0001111111111111111,64.45,"[66.2%, 62.7%]",,,,
1,parallel,45,45,0.11403877583720558,1.0559065485302406,1.1640668902546167,0.0001111111111111111,64.8,"[66.2%, 63.4%]",,,,
1,parallel,46,46,0.11120130748277521,1.0017120091221001,1.1167520172894,0.0001111111111111111,64.75,"[66.2%, 63.3%]",,,,
1,parallel,47,47,0.10868383912834481,1.1928543176832078,1.2884396091103554,0.0001111111111111111,62.45,"[66.2%, 58.7%]",,,,
1,parallel,48,48,0.10648637077391443,1.1508737123465236,1.1714157573878765,0.0001111111111111111,63.900000000000006,"[66.2%, 61.6%]",,,,
1,parallel,49,49,0.10460890241948406,1.0906627781783478,1.1427309103310108,0.0001111111111111111,63.25,"[66.2%, 60.3%]",,,,
1,parallel,50,50,0.10305143406505368,1.0478898369813268,1.164009241387248,0.0001111111111111111,63.75,"[66.2%, 61.3%]",,,,
1,parallel,51,51,0.1018139657106233,1.0120398168322406,1.0580064058303833,0.0001111111111111111,65.45,"[66.2%, 64.7%]",,,,
1,parallel,52,52,0.10089649735619292,1.0837440038029151,1.0904839299619198,0.0001111111111111111,65.4,"[66.2%, 64.6%]",,,,
1,parallel,53,53,0.10029902900176255,1.0413928793955454,1.0868020541965961,0.0001111111111111111,65.2,"[66.2%, 64.2%]",,,,
1,parallel,54,54,0.10002156064733217,1.0008762086494059,1.0581579878926277,0.0001111111111111111,65.25,"[66.2%, 64.3%]",,,,
1,parallel,55,55,0.1,0.9752265275279178,1.0611475743353367,0.0001111111111111111,65.4,"[66.2%, 64.6%]",,,,
1,weights,1,56,0.1,0.9612457895580726,1.0966352727264166,0.0001111111111111111,64.7,"[66.2%, 63.2%]",,,,
1,weights,2,57,0.1,0.9260786537882648,1.067958727478981,0.0001111111111111111,65.30000000000001,"[66.2%, 64.4%]",,,,
1,weights,3,58,0.1,0.8921294453777845,1.02553091943264,0.0001111111111111111,65.6,"[66.2%, 65.0%]",,,,
1,weights,4,59,0.1,0.8723101615905762,1.002490308135748,0.0001111111111111111,66.15,"[66.2%, 66.1%]",,,,
1,weights,5,60,0.1,0.8496256425410886,1.0271201692521572,0.0001111111111111111,65.6,"[66.2%, 65.0%]",,,,
1,weights,6,61,0.1,0.8493908092945437,1.050788326188922,0.0001111111111111111,65.7,"[66.2%, 65.2%]",,,,
1,weights,7,62,0.1,0.8475529272345048,0.9992544483393431,0.0001111111111111111,66.9,"[66.2%, 67.6%]",,,,
1,weights,8,63,0.1,0.8281052610542201,1.0482842233031988,0.0001111111111111111,66.25,"[66.2%, 66.3%]",,,,
1,weights,9,64,0.1,0.815576817038693,1.0259624551981688,0.0001111111111111111,66.30000000000001,"[66.2%, 66.4%]",,,,
1,weights,10,65,0.1,0.8063230205185806,0.9708954561501741,0.0001111111111111111,66.55000000000001,"[66.2%, 66.9%]",,,,
1,weights,11,66,0.1,0.80452977177463,1.01106558740139,0.0001111111111111111,66.4,"[66.2%, 66.6%]",,,,
1,weights,12,67,0.1,0.7728218058996563,1.0020768716931343,0.0001111111111111111,66.65,"[66.2%, 67.1%]",,,,
1,weights,13,68,0.1,0.7769806022885479,0.9616765528917313,0.0001111111111111111,67.65,"[66.2%, 69.1%]",,,,
1,weights,14,69,0.1,0.7428575905063485,0.9887451957911253,0.0001111111111111111,67.15,"[66.2%, 68.1%]",,,,
1,weights,15,70,0.1,0.7717898872834218,1.001666110008955,0.0001111111111111111,67.05000000000001,"[66.2%, 67.9%]",,,,
1,weights,16,71,0.1,0.76133694905269,1.0082112438976765,0.0001111111111111111,66.45,"[66.2%, 66.7%]",,,,
1,weights,17,72,0.1,0.7316244384155998,0.9897734094411135,0.0001111111111111111,67.4,"[66.2%, 68.6%]",,,,
1,weights,18,73,0.1,0.7396866086917587,0.9750905558466911,0.0001111111111111111,67.4,"[66.2%, 68.6%]",,,,
1,weights,19,74,0.1,0.7375085731095905,0.940405011177063,0.0001111111111111111,67.6,"[66.2%, 69.0%]",,,,
1,weights,20,75,0.1,0.7164238287678247,0.9774916898459196,0.0001111111111111111,67.0,"[66.2%, 67.8%]",,,,
1,weights,21,76,0.1,0.7212796596032155,0.9030625037848949,0.0001111111111111111,68.4,"[66.2%, 70.6%]",,,,
1,weights,22,77,0.1,0.7027548015872135,0.9493114352226257,0.0001111111111111111,67.95,"[66.2%, 69.7%]",,,,
1,weights,23,78,0.1,0.708115619571903,0.9383222963660955,0.0001111111111111111,67.5,"[66.2%, 68.8%]",,,,
1,weights,24,79,0.1,0.6913014401363421,0.9605162907391787,0.0001111111111111111,67.85,"[66.2%, 69.5%]",,,,
1,weights,25,80,0.1,0.6808943906916848,0.9874682202935219,0.0001111111111111111,67.7,"[66.2%, 69.2%]",55.650000000000006,"[42.1%, 69.2%]",61.1,"[53.0%, 69.2%]"
2,parallel,1,1,0.5,3.2903661214852633,2.354667365550995,0.0001111111111111111,48.46666666666667,"[66.2%, 69.2%, 10.0%]",,,,
2,parallel,2,2,0.5,2.3378045951263813,2.3034824430942535,0.0001111111111111111,51.26666666666667,"[66.2%, 69.2%, 18.4%]",,,,
2,parallel,3,3,0.5,2.118366609645795,1.9649611376225948,0.0001111111111111111,54.333333333333336,"[66.2%, 69.2%, 27.6%]",,,,
2,parallel,4,4,0.5,1.85542698751522,1.8488593325018883,0.0001111111111111111,57.0,"[66.2%, 69.2%, 35.6%]",,,,
2,parallel,5,5,0.4899375100144209,1.6996899299983736,1.6556992903351784,0.0001111111111111111,57.96666666666667,"[66.2%, 69.2%, 38.5%]",,,,
2,parallel,6,6,0.4743000416599904,1.518901071970976,1.5202262289822102,0.0001111111111111111,61.56666666666666,"[66.2%, 69.2%, 49.3%]",,,,
2,parallel,7,7,0.45898257330556,1.4132508597796476,1.3731691744178534,0.0001111111111111111,63.800000000000004,"[66.2%, 69.2%, 56.0%]",,,,
2,parallel,8,8,0.44398510495112964,1.2988537217997298,1.3895903881639242,0.0001111111111111111,63.26666666666667,"[66.2%, 69.2%, 54.4%]",,,,
2,parallel,9,9,0.42930763659669924,1.1801851904844936,1.1558467745780945,0.0001111111111111111,65.7,"[66.2%, 69.2%, 61.7%]",,,,
2,parallel,10,10,0.4149501682422688,1.0879375662984727,1.0291263367980719,0.0001111111111111111,67.5,"[66.2%, 69.2%, 67.1%]",,,,
2,parallel,11,11,0.4009126998878385,1.0449326294886916,1.0318553596735,0.0001111111111111111,67.60000000000001,"[66.2%, 69.2%, 67.4%]",,,,
2,parallel,12,12,0.3871952315334082,0.989113722420946,0.995149202644825,0.0001111111111111111,67.39999999999999,"[66.2%, 69.2%, 66.8%]",,,,
2,parallel,13,13,0.3737977631789777,0.9248282509514049,1.0600488875061274,0.0001111111111111111,67.56666666666666,"[66.2%, 69.2%, 67.3%]",,,,
2,parallel,14,14,0.36072029482454737,0.8808257908006257,0.9212439935654402,0.0001111111111111111,68.66666666666667,"[66.2%, 69.2%, 70.6%]",,,,
2,parallel,15,15,0.34796282647011695,0.8282952942425692,1.0072083622217178,0.0001111111111111111,67.96666666666667,"[66.2%, 69.2%, 68.5%]",,,,
2,parallel,16,16,0.33552535811568657,0.8344234605378742,0.9020196599885821,0.0001111111111111111,68.5,"[66.2%, 69.2%, 70.1%]",,,,
2,parallel,17,17,0.32340788976125623,0.8331575303138057,0.8651329148560762,0.0001111111111111111,69.46666666666667,"[66.2%, 69.2%, 73.0%]",,,,
2,parallel,18,18,0.3116104214068258,0.7693419573427756,0.8306126520037651,0.0001111111111111111,69.63333333333334,"[66.2%, 69.2%, 73.5%]",,,,
2,parallel,19,19,0.3001329530523955,0.7564336238782617,0.8594240099191666,0.0001111111111111111,69.3,"[66.2%, 69.2%, 72.5%]",,,,
2,parallel,20,20,0.2889754846979651,0.764128020292596,0.8498502615839243,0.0001111111111111111,69.03333333333335,"[66.2%, 69.2%, 71.7%]",,,,
2,parallel,21,21,0.2781380163435347,0.71592859301386,0.8972049551084638,0.0001111111111111111,68.60000000000001,"[66.2%, 69.2%, 70.4%]",,,,
2,parallel,22,22,0.2676205479891044,0.691503286173072,0.8939891783520579,0.0001111111111111111,68.63333333333334,"[66.2%, 69.2%, 70.5%]",,,,
2,parallel,23,23,0.257423079634674,0.7315271692939952,0.8311094641685486,0.0001111111111111111,69.66666666666667,"[66.2%, 69.2%, 73.6%]",,,,
2,parallel,24,24,0.24754561128024358,0.6934319579903083,0.798824317753315,0.0001111111111111111,69.8,"[66.2%, 69.2%, 74.0%]",,,,
2,parallel,25,25,0.2379881429258132,0.7112928345988069,0.8593618851155043,0.0001111111111111111,69.0,"[66.2%, 69.2%, 71.6%]",,,,
2,parallel,26,26,0.2287506745713828,0.704553132192998,0.7858845368027687,0.0001111111111111111,70.0,"[66.2%, 69.2%, 74.6%]",,,,
2,parallel,27,27,0.21983320621695243,0.7083195391335065,0.7564617786556482,0.0001111111111111111,70.53333333333335,"[66.2%, 69.2%, 76.2%]",,,,
2,parallel,28,28,0.21123573786252203,0.6831154574321795,0.8150515668094158,0.0001111111111111111,69.86666666666667,"[66.2%, 69.2%, 74.2%]",,,,
2,parallel,29,29,0.20295826950809165,0.7666379371775857,0.8115403149276972,0.0001111111111111111,69.7,"[66.2%, 69.2%, 73.7%]",,,,
2,parallel,30,30,0.1950008011536613,0.7250122111054915,0.7938143871724606,0.0001111111111111111,70.0,"[66.2%, 69.2%, 74.6%]",,,,
2,parallel,31,31,0.1873633327992309,0.7372674025312255,0.7882183408364654,0.0001111111111111111,70.13333333333334,"[66.2%, 69.2%, 75.0%]",,,,
2,parallel,32,32,0.18004586444480053,0.7158329049243203,0.7373885605484247,0.0001111111111111111,70.26666666666667,"[66.2%, 69.2%, 75.4%]",,,,
2,parallel,33,33,0.17304839609037015,0.7067040967035897,0.8017884027212858,0.0001111111111111111,70.0,"[66.2%, 69.2%, 74.6%]",,,,
2,parallel,34,34,0.16637092773593976,0.7751479842994786,0.8229284379631281,0.0001111111111111111,69.43333333333334,"[66.2%, 69.2%, 72.9%]",,,,
2,parallel,35,35,0.16001345938150938,0.7855586236036276,0.86396424472332,0.0001111111111111111,69.36666666666667,"[66.2%, 69.2%, 72.7%]",,,,
2,parallel,36,36,0.153975991027079,0.8080077571204946,0.8731471905484796,0.0001111111111111111,69.56666666666666,"[66.2%, 69.2%, 73.3%]",,,,
2,parallel,37,37,0.14825852267264863,0.7953313777718363,0.8166081812232733,0.0001111111111111111,69.5,"[66.2%, 69.2%, 73.1%]",,,,
2,parallel,38,38,0.14286105431821824,0.742889529542078,0.7796076014637947,0.0001111111111111111,70.5,"[66.2%, 69.2%, 76.1%]",,,,
2,parallel,39,39,0.13778358596378787,0.8568083123315738,0.8416618183255196,0.0001111111111111111,69.60000000000001,"[66.2%, 69.2%, 73.4%]",,,,
2,parallel,40,40,0.13302611760935748,0.7754924585924873,0.7725994363427162,0.0001111111111111111,70.60000000000001,"[66.2%, 69.2%, 76.4%]",,,,
2,parallel,41,41,0.12858864925492708,0.7982783649541154,0.8519012778997421,0.0001111111111111111,69.86666666666667,"[66.2%, 69.2%, 74.2%]",,,,
2,parallel,42,42,0.12447118090049673,0.842431327210197,0.9685747362673283,0.0001111111111111111,68.43333333333334,"[66.2%, 69.2%, 69.9%]",,,,
2,parallel,43,43,0.12067371254606635,0.8595493300051629,0.8725494053214788,0.0001111111111111111,69.06666666666666,"[66.2%, 69.2%, 71.8%]",,,,
2,parallel,44,44,0.11719624419163596,0.789947038209891,0.8929389286786318,0.0001111111111111111,68.96666666666667,"[66.2%, 69.2%, 71.5%]",,,,
2,parallel,45,45,0.11403877583720558,0.8484482206875765,0.8637888915836811,0.0001111111111111111,69.36666666666667,"[66.2%, 69.2%, 72.7%]",,,,
2,parallel,46,46,0.11120130748277521,0.821770615215543,0.8848867742344737,0.0001111111111111111,69.33333333333333,"[66.2%, 69.2%, 72.6%]",,,,
2,parallel,47,47,0.10868383912834481,0.9161369136617153,1.0423452444374561,0.0001111111111111111,67.26666666666667,"[66.2%, 69.2%, 66.4%]",,,,
2,parallel,48,48,0.10648637077391443,0.8791214423843577,0.9473985955119133,0.0001111111111111111,68.3,"[66.2%, 69.2%, 69.5%]",,,,
2,parallel,49,49,0.10460890241948406,0.8652289547497714,0.9307559244334698,0.0001111111111111111,68.43333333333334,"[66.2%, 69.2%, 69.9%]",,,,
2,parallel,50,50,0.10305143406505368,0.8031679787967778,0.8667114768177271,0.0001111111111111111,69.73333333333333,"[66.2%, 69.2%, 73.8%]",,,,
2,parallel,51,51,0.1018139657106233,0.7654481752763821,0.8665485698729753,0.0001111111111111111,69.26666666666667,"[66.2%, 69.2%, 72.4%]",,,,
2,parallel,52,52,0.10089649735619292,0.843816880938373,0.8738891407847404,0.0001111111111111111,69.0,"[66.2%, 69.2%, 71.6%]",,,,
2,parallel,53,53,0.10029902900176255,0.7628025661540937,0.9482620861381292,0.0001111111111111111,68.13333333333334,"[66.2%, 69.2%, 69.0%]",,,,
2,parallel,54,54,0.10002156064733217,0.7381321797265282,0.8591345530003309,0.0001111111111111111,68.83333333333333,"[66.2%, 69.2%, 71.1%]",,,,
2,parallel,55,55,0.1,0.7244766697853426,0.8344704592600465,0.0001111111111111111,69.36666666666667,"[66.2%, 69.2%, 72.7%]",,,,
2,weights,1,56,0.1,0.703451459920859,0.7838118625804782,0.0001111111111111111,70.39999999999999,"[66.2%, 69.2%, 75.8%]",,,,
2,weights,2,57,0.1,0.6896904250489005,0.8236250039190054,0.0001111111111111111,69.8,"[66.2%, 69.2%, 74.0%]",,,,
2,weights,3,58,0.1,0.6742108241666721,0.8401965135708451,0.0001111111111111111,69.53333333333335,"[66.2%, 69.2%, 73.2%]",,,,
2,weights,4,59,0.1,0.6557975750935229,0.8221130352467299,0.0001111111111111111,69.89999999999999,"[66.2%, 69.2%, 74.3%]",,,,
2,weights,5,60,0.1,0.6479787811448302,0.8256103899329901,0.0001111111111111111,69.8,"[66.2%, 69.2%, 74.0%]",,,,
2,weights,6,61,0.1,0.6343783449523056,0.8098083902150393,0.0001111111111111111,69.63333333333334,"[66.2%, 69.2%, 73.5%]",,,,
2,weights,7,62,0.1,0.6141133364997332,0.8230946846306324,0.0001111111111111111,69.73333333333333,"[66.2%, 69.2%, 73.8%]",,,,
2,weights,8,63,0.1,0.6074070092997973,0.7992657292634249,0.0001111111111111111,69.89999999999999,"[66.2%, 69.2%, 74.3%]",,,,
2,weights,9,64,0.1,0.5936461121221132,0.807712088804692,0.0001111111111111111,69.60000000000001,"[66.2%, 69.2%, 73.4%]",,,,
2,weights,10,65,0.1,0.6016450426246547,0.8011832479387522,0.0001111111111111111,69.83333333333333,"[66.2%, 69.2%, 74.1%]",,,,
2,weights,11,66,0.1,0.5770525147643271,0.7734914124011993,0.0001111111111111111,69.83333333333333,"[66.2%, 69.2%, 74.1%]",,,,
2,weights,12,67,0.1,0.5926086480104471,0.7811098592355847,0.0001111111111111111,70.2,"[66.2%, 69.2%, 75.2%]",,,,
2,weights,13,68,0.1,0.566219107259678,0.7523328568786383,0.0001111111111111111,70.03333333333335,"[66.2%, 69.2%, 74.7%]",,,,
2,weights,14,69,0.1,0.5452512389496912,0.7868435205891728,0.0001111111111111111,69.76666666666667,"[66.2%, 69.2%, 73.9%]",,,,
2,weights,15,70,0.1,0.5498531072200099,0.790831508114934,0.0001111111111111111,69.66666666666667,"[66.2%, 69.2%, 73.6%]",,,,
2,weights,16,71,0.1,0.5561656453941441,0.8392003625631332,0.0001111111111111111,69.36666666666667,"[66.2%, 69.2%, 72.7%]",,,,
2,weights,17,72,0.1,0.5361482738694058,0.7947369888424873,0.0001111111111111111,70.0,"[66.2%, 69.2%, 74.6%]",,,,
2,weights,18,73,0.1,0.5363711892049524,0.8566329032182693,0.0001111111111111111,69.03333333333335,"[66.2%, 69.2%, 71.7%]",,,,
2,weights,19,74,0.1,0.5171366551820236,0.7582796066999435,0.0001111111111111111,70.2,"[66.2%, 69.2%, 75.2%]",,,,
2,weights,20,75,0.1,0.5096737184102023,0.7699033319950104,0.0001111111111111111,70.23333333333333,"[66.2%, 69.2%, 75.3%]",,,,
2,weights,21,76,0.1,0.5120603106444395,0.7704969011247158,0.0001111111111111111,70.39999999999999,"[66.2%, 69.2%, 75.8%]",,,,
2,weights,22,77,0.1,0.50514828668365,0.764547124505043,0.0001111111111111111,69.43333333333334,"[66.2%, 69.2%, 72.9%]",,,,
2,weights,23,78,0.1,0.5111676448885398,0.7751876041293144,0.0001111111111111111,70.0,"[66.2%, 69.2%, 74.6%]",,,,
2,weights,24,79,0.1,0.5056510009343111,0.7524555642157793,0.0001111111111111111,70.13333333333334,"[66.2%, 69.2%, 75.0%]",,,,
2,weights,25,80,0.1,0.5154305092896088,0.7743834760040045,0.0001111111111111111,70.13333333333334,"[66.2%, 69.2%, 75.0%]",58.56666666666666,"[33.3%, 67.4%, 75.0%]",65.73333333333333,"[53.0%, 69.2%, 75.0%]"
3,parallel,1,1,0.5,3.8886196251156964,2.356711655855179,0.0001111111111111111,55.1,"[66.2%, 69.2%, 75.0%, 10.0%]",,,,
3,parallel,2,2,0.5,2.342839180668698,2.344769835472107,0.0001111111111111111,55.1,"[66.2%, 69.2%, 75.0%, 10.0%]",,,,
3,parallel,3,3,0.5,2.3254186080980905,2.280901223421097,0.0001111111111111111,55.775,"[66.2%, 69.2%, 75.0%, 12.7%]",,,,
3,parallel,4,4,0.5,2.120307634148417,1.9546228684484959,0.0001111111111111111,59.175000000000004,"[66.2%, 69.2%, 75.0%, 26.3%]",,,,
3,parallel,5,5,0.4899375100144209,1.860403918012788,1.8107417821884155,0.0001111111111111111,62.025000000000006,"[66.2%, 69.2%, 75.0%, 37.7%]",,,,
3,parallel,6,6,0.4743000416599904,1.7086759217177765,1.6087833642959595,0.0001111111111111111,63.2,"[66.2%, 69.2%, 75.0%, 42.4%]",,,,
3,parallel,7,7,0.45898257330556,1.5867260800132268,1.5084998458623886,0.0001111111111111111,64.375,"[66.2%, 69.2%, 75.0%, 47.1%]",,,,
3,parallel,8,8,0.44398510495112964,1.483265164532239,1.4642216823995113,0.0001111111111111111,65.475,"[66.2%, 69.2%, 75.0%, 51.5%]",,,,
3,parallel,9,9,0.42930763659669924,1.4066033800946007,1.4337431080639362,0.0001111111111111111,65.275,"[66.2%, 69.2%, 75.0%, 50.7%]",,,,
3,parallel,10,10,0.4149501682422688,1.3289018582694139,1.4834874421358109,0.0001111111111111111,65.375,"[66.2%, 69.2%, 75.0%, 51.1%]",,,,
3,parallel,11,11,0.4009126998878385,1.2771466306493253,1.4494806826114655,0.0001111111111111111,65.4,"[66.2%, 69.2%, 75.0%, 51.2%]",,,,
3,parallel,12,12,0.3871952315334082,1.2415905738178687,1.3628321252763271,0.0001111111111111111,66.175,"[66.2%, 69.2%, 75.0%, 54.3%]",,,,
3,parallel,13,13,0.3737977631789777,1.188314425039895,1.1564177498221397,0.0001111111111111111,68.2,"[66.2%, 69.2%, 75.0%, 62.4%]",,,,
3,parallel,14,14,0.36072029482454737,1.1618099876596957,1.1822339668869972,0.0001111111111111111,67.725,"[66.2%, 69.2%, 75.0%, 60.5%]",,,,
3,parallel,15,15,0.34796282647011695,1.1030646917186206,1.140077542513609,0.0001111111111111111,68.4,"[66.2%, 69.2%, 75.0%, 63.2%]",,,,
3,parallel,16,16,0.33552535811568657,1.0531018783774557,1.2146474197506905,0.0001111111111111111,67.8,"[66.2%, 69.2%, 75.0%, 60.8%]",,,,
3,parallel,17,17,0.32340788976125623,1.0636806684204294,1.073016768321395,0.0001111111111111111,69.025,"[66.2%, 69.2%, 75.0%, 65.7%]",,,,
3,parallel,18,18,0.3116104214068258,0.9977205720128892,1.093720268458128,0.0001111111111111111,68.5,"[66.2%, 69.2%, 75.0%, 63.6%]",,,,
3,parallel,19,19,0.3001329530523955,0.9721522912194457,1.1067176014184952,0.0001111111111111111,68.35,"[66.2%, 69.2%, 75.0%, 63.0%]",,,,
3,parallel,20,20,0.2889754846979651,1.0159397457219377,1.1558457612991333,0.0001111111111111111,67.925,"[66.2%, 69.2%, 75.0%, 61.3%]",,,,
3,parallel,21,21,0.2781380163435347,0.9965769867353802,1.0536696054041386,0.0001111111111111111,68.65,"[66.2%, 69.2%, 75.0%, 64.2%]",,,,
3,parallel,22,22,0.2676205479891044,0.9396719253515895,1.0387966558337212,0.0001111111111111111,69.45,"[66.2%, 69.2%, 75.0%, 67.4%]",,,,
3,parallel,23,23,0.257423079634674,0.952505319178859,1.123087853193283,0.0001111111111111111,68.15,"[66.2%, 69.2%, 75.0%, 62.2%]",,,,
3,parallel,24,24,0.24754561128024358,0.9499074741254879,1.15377676486969,0.0001111111111111111,67.975,"[66.2%, 69.2%, 75.0%, 61.5%]",,,,
3,parallel,25,25,0.2379881429258132,0.9402624251721781,1.079694453626871,0.0001111111111111111,69.05,"[66.2%, 69.2%, 75.0%, 65.8%]",,,,
3,parallel,26,26,0.2287506745713828,0.9422899379005915,1.0580532383173704,0.0001111111111111111,69.125,"[66.2%, 69.2%, 75.0%, 66.1%]",,,,
3,parallel,27,27,0.21983320621695243,0.9030679373801509,0.9682836439460516,0.0001111111111111111,69.775,"[66.2%, 69.2%, 75.0%, 68.7%]",,,,
3,parallel,28,28,0.21123573786252203,0.9232937633236752,1.0311462618410587,0.0001111111111111111,69.05,"[66.2%, 69.2%, 75.0%, 65.8%]",,,,
3,parallel,29,29,0.20295826950809165,1.0384538958344278,1.1475070212036371,0.0001111111111111111,68.125,"[66.2%, 69.2%, 75.0%, 62.1%]",,,,
3,parallel,30,30,0.1950008011536613,0.971260123992268,1.0241958498954773,0.0001111111111111111,69.425,"[66.2%, 69.2%, 75.0%, 67.3%]",,,,
3,parallel,31,31,0.1873633327992309,1.0097178522544572,1.099255545064807,0.0001111111111111111,68.75,"[66.2%, 69.2%, 75.0%, 64.6%]",,,,
3,parallel,32,32,0.18004586444480053,0.9693633536749249,1.0499603934586048,0.0001111111111111111,69.25,"[66.2%, 69.2%, 75.0%, 66.6%]",,,,
3,parallel,33,33,0.17304839609037015,1.002914633931993,1.0687272287905216,0.0001111111111111111,69.05,"[66.2%, 69.2%, 75.0%, 65.8%]",,,,
3,parallel,34,34,0.16637092773593976,1.0611866033529933,1.1130865849554539,0.0001111111111111111,68.55,"[66.2%, 69.2%, 75.0%, 63.8%]",,,,
3,parallel,35,35,0.16001345938150938,1.0244719446459902,1.1823935583233833,0.0001111111111111111,68.025,"[66.2%, 69.2%, 75.0%, 61.7%]",,,,
3,parallel,36,36,0.153975991027079,1.135664005068284,1.1888333596289158,0.0001111111111111111,68.175,"[66.2%, 69.2%, 75.0%, 62.3%]",,,,
3,parallel,37,37,0.14825852267264863,1.038666857948786,1.11913538351655,0.0001111111111111111,69.05,"[66.2%, 69.2%, 75.0%, 65.8%]",,,,
3,parallel,38,38,0.14286105431821824,1.0246747671803342,1.0801964458078146,0.0001111111111111111,69.2,"[66.2%, 69.2%, 75.0%, 66.4%]",,,,
3,parallel,39,39,0.13778358596378787,1.141044172305095,1.1886299774050713,0.0001111111111111111,67.825,"[66.2%, 69.2%, 75.0%, 60.9%]",,,,
3,parallel,40,40,0.13302611760935748,1.0708822404282003,1.0860538147389889,0.0001111111111111111,68.975,"[66.2%, 69.2%, 75.0%, 65.5%]",,,,
3,parallel,41,41,0.12858864925492708,1.0532958145383038,1.109919337555766,0.0001111111111111111,68.55,"[66.2%, 69.2%, 75.0%, 63.8%]",,,,
3,parallel,42,42,0.12447118090049673,1.136921598941465,1.2425442896783352,0.0001111111111111111,67.225,"[66.2%, 69.2%, 75.0%, 58.5%]",,,,
3,parallel,43,43,0.12067371254606635,1.1103156382524515,1.1482987515628338,0.0001111111111111111,68.3,"[66.2%, 69.2%, 75.0%, 62.8%]",,,,
3,parallel,44,44,0.11719624419163596,1.0666242762456966,1.166225355118513,0.0001111111111111111,68.1,"[66.2%, 69.2%, 75.0%, 62.0%]",,,,
3,parallel,45,45,0.11403877583720558,1.1094044016886362,1.1618508137762547,0.0001111111111111111,68.425,"[66.2%, 69.2%, 75.0%, 63.3%]",,,,
3,parallel,46,46,0.11120130748277521,1.03850282068494,1.1504195258021355,0.0001111111111111111,68.175,"[66.2%, 69.2%, 75.0%, 62.3%]",,,,
3,parallel,47,47,0.10868383912834481,1.153678531133676,1.3549372870475054,0.0001111111111111111,66.725,"[66.2%, 69.2%, 75.0%, 56.5%]",,,,
3,parallel,48,48,0.10648637077391443,1.1273883664155309,1.1653569638729095,0.0001111111111111111,67.925,"[66.2%, 69.2%, 75.0%, 61.3%]",,,,
3,parallel,49,49,0.10460890241948406,1.1011139448684981,1.2192494198679924,0.0001111111111111111,67.75,"[66.2%, 69.2%, 75.0%, 60.6%]",,,,
3,parallel,50,50,0.10305143406505368,1.0482460509372662,1.1179712489247322,0.0001111111111111111,68.8,"[66.2%, 69.2%, 75.0%, 64.8%]",,,,
3,parallel,51,51,0.1018139657106233,0.9979862080344671,1.1422234736382961,0.0001111111111111111,68.225,"[66.2%, 69.2%, 75.0%, 62.5%]",,,,
3,parallel,52,52,0.10089649735619292,1.1062467845180366,1.1093418821692467,0.0001111111111111111,68.65,"[66.2%, 69.2%, 75.0%, 64.2%]",,,,
3,parallel,53,53,0.10029902900176255,1.0246441469916814,1.185103066265583,0.0001111111111111111,67.675,"[66.2%, 69.2%, 75.0%, 60.3%]",,,,
3,parallel,54,54,0.10002156064733217,0.9904030795338787,1.1184914819896221,0.0001111111111111111,68.35,"[66.2%, 69.2%, 75.0%, 63.0%]",,,,
3,parallel,55,55,0.1,0.9758201626282704,1.120756532996893,0.0001111111111111111,68.45,"[66.2%, 69.2%, 75.0%, 63.4%]",,,,
3,weights,1,56,0.1,0.9387614644026454,1.0731896068900824,0.0001111111111111111,68.925,"[66.2%, 69.2%, 75.0%, 65.3%]",,,,
3,weights,2,57,0.1,0.8907628319685972,1.0432489477097988,0.0001111111111111111,69.025,"[66.2%, 69.2%, 75.0%, 65.7%]",,,,
3,weights,3,58,0.1,0.9007123120223419,1.094234062358737,0.0001111111111111111,69.05,"[66.2%, 69.2%, 75.0%, 65.8%]",,,,
3,weights,4,59,0.1,0.8605541337894488,1.0133507139980793,0.0001111111111111111,69.1,"[66.2%, 69.2%, 75.0%, 66.0%]",,,,
3,weights,5,60,0.1,0.8629733218422418,1.0544006563723087,0.0001111111111111111,68.975,"[66.2%, 69.2%, 75.0%, 65.5%]",,,,
3,weights,6,61,0.1,0.8331817984580994,1.0571610294282436,0.0001111111111111111,68.9,"[66.2%, 69.2%, 75.0%, 65.2%]",,,,
3,weights,7,62,0.1,0.8381330793416952,1.043254217132926,0.0001111111111111111,69.425,"[66.2%, 69.2%, 75.0%, 67.3%]",,,,
3,weights,8,63,0.1,0.8121650173694273,1.0876460149884224,0.0001111111111111111,68.675,"[66.2%, 69.2%, 75.0%, 64.3%]",,,,
3,weights,9,64,0.1,0.8207124441484862,1.0556717552244663,0.0001111111111111111,68.925,"[66.2%, 69.2%, 75.0%, 65.3%]",,,,
3,weights,10,65,0.1,0.8047942994516107,1.0811754316091537,0.0001111111111111111,69.275,"[66.2%, 69.2%, 75.0%, 66.7%]",,,,
3,weights,11,66,0.1,0.8093105871466142,1.0467196255922318,0.0001111111111111111,68.95,"[66.2%, 69.2%, 75.0%, 65.4%]",,,,
3,weights,12,67,0.1,0.7911182558989223,1.016221772879362,0.0001111111111111111,69.125,"[66.2%, 69.2%, 75.0%, 66.1%]",,,,
3,weights,13,68,0.1,0.7704757553867146,1.0225087013095617,0.0001111111111111111,69.075,"[66.2%, 69.2%, 75.0%, 65.9%]",,,,
3,weights,14,69,0.1,0.7859172662602195,1.0214316956698895,0.0001111111111111111,69.325,"[66.2%, 69.2%, 75.0%, 66.9%]",,,,
3,weights,15,70,0.1,0.731324585555475,0.999702837318182,0.0001111111111111111,69.1,"[66.2%, 69.2%, 75.0%, 66.0%]",,,,
3,weights,16,71,0.1,0.7420318824580953,1.0315581019967794,0.0001111111111111111,69.2,"[66.2%, 69.2%, 75.0%, 66.4%]",,,,
3,weights,17,72,0.1,0.7268798256976695,1.0434079505503178,0.0001111111111111111,69.05,"[66.2%, 69.2%, 75.0%, 65.8%]",,,,
3,weights,18,73,0.1,0.7143815393689312,0.9814135879278183,0.0001111111111111111,69.475,"[66.2%, 69.2%, 75.0%, 67.5%]",,,,
3,weights,19,74,0.1,0.7224421610560599,1.0135232638567686,0.0001111111111111111,69.225,"[66.2%, 69.2%, 75.0%, 66.5%]",,,,
3,weights,20,75,0.1,0.7246540516992158,1.0099070258438587,0.0001111111111111111,69.4,"[66.2%, 69.2%, 75.0%, 67.2%]",,,,
3,weights,21,76,0.1,0.7212284656265114,0.9828357324004173,0.0001111111111111111,69.725,"[66.2%, 69.2%, 75.0%, 68.5%]",,,,
3,weights,22,77,0.1,0.7165156651901293,0.9990602247416973,0.0001111111111111111,69.625,"[66.2%, 69.2%, 75.0%, 68.1%]",,,,
3,weights,23,78,0.1,0.6921163193787201,1.0313245616853237,0.0001111111111111111,69.25,"[66.2%, 69.2%, 75.0%, 66.6%]",,,,
3,weights,24,79,0.1,0.68248112179056,0.9905290603637695,0.0001111111111111111,69.75,"[66.2%, 69.2%, 75.0%, 68.6%]",,,,
3,weights,25,80,0.1,0.6816195551353165,0.9981142766773701,0.0001111111111111111,69.175,"[66.2%, 69.2%, 75.0%, 66.3%]",58.324999999999996,"[33.3%, 67.4%, 75.0%, 57.6%]",63.1,"[50.6%, 69.2%, 75.0%, 57.6%]"
4,parallel,1,1,0.5,4.8923852866209,2.373138338327408,0.0001111111111111111,57.339999999999996,"[66.2%, 69.2%, 75.0%, 66.3%, 10.0%]",,,,
4,parallel,2,2,0.5,2.34588003460365,2.315124750137329,0.0001111111111111111,57.339999999999996,"[66.2%, 69.2%, 75.0%, 66.3%, 10.0%]",,,,
4,parallel,3,3,0.5,2.2923199617410006,2.1856090649962425,0.0001111111111111111,59.260000000000005,"[66.2%, 69.2%, 75.0%, 66.3%, 19.6%]",,,,
4,parallel,4,4,0.5,2.019646154174322,1.8703567869961262,0.0001111111111111111,61.519999999999996,"[66.2%, 69.2%, 75.0%, 66.3%, 30.9%]",,,,
4,parallel,5,5,0.4899375100144209,1.7714174880257136,1.7081203144043684,0.0001111111111111111,63.14,"[66.2%, 69.2%, 75.0%, 66.3%, 39.0%]",,,,
4,parallel,6,6,0.4743000416599904,1.5978525152689294,1.576848778873682,0.0001111111111111111,63.94,"[66.2%, 69.2%, 75.0%, 66.3%, 43.0%]",,,,
4,parallel,7,7,0.45898257330556,1.4361692651917664,1.4068664349615574,0.0001111111111111111,65.97999999999999,"[66.2%, 69.2%, 75.0%, 66.3%, 53.2%]",,,,
4,parallel,8,8,0.44398510495112964,1.293005468724649,1.2762602046132088,0.0001111111111111111,66.91999999999999,"[66.2%, 69.2%, 75.0%, 66.3%, 57.9%]",,,,
4,parallel,9,9,0.42930763659669924,1.1819321052937568,1.157930500805378,0.0001111111111111111,68.02,"[66.2%, 69.2%, 75.0%, 66.3%, 63.4%]",,,,
4,parallel,10,10,0.4149501682422688,1.0862649558465691,1.252139313146472,0.0001111111111111111,66.84,"[66.2%, 69.2%, 75.0%, 66.3%, 57.5%]",,,,
4,parallel,11,11,0.4009126998878385,1.052346555492546,1.074941985309124,0.0001111111111111111,68.22,"[66.2%, 69.2%, 75.0%, 66.3%, 64.4%]",,,,
4,parallel,12,12,0.3871952315334082,1.0028450971917262,1.247557220980525,0.0001111111111111111,67.08,"[66.2%, 69.2%, 75.0%, 66.3%, 58.7%]",,,,
4,parallel,13,13,0.3737977631789777,0.9489907705331151,1.1250546406954527,0.0001111111111111111,67.88,"[66.2%, 69.2%, 75.0%, 66.3%, 62.7%]",,,,
4,parallel,14,14,0.36072029482454737,0.8707388473462455,0.9899591244757175,0.0001111111111111111,68.9,"[66.2%, 69.2%, 75.0%, 66.3%, 67.8%]",,,,
4,parallel,15,15,0.34796282647011695,0.8669370397736754,1.0115951914340258,0.0001111111111111111,68.94,"[66.2%, 69.2%, 75.0%, 66.3%, 68.0%]",,,,
4,parallel,16,16,0.33552535811568657,0.818806576577923,1.0303558129817247,0.0001111111111111111,68.66,"[66.2%, 69.2%, 75.0%, 66.3%, 66.6%]",,,,
4,parallel,17,17,0.32340788976125623,0.8271124766597265,0.9845540337264538,0.0001111111111111111,69.0,"[66.2%, 69.2%, 75.0%, 66.3%, 68.3%]",,,,
4,parallel,18,18,0.3116104214068258,0.7925247342526158,0.9787111710757017,0.0001111111111111111,68.94,"[66.2%, 69.2%, 75.0%, 66.3%, 68.0%]",,,,
4,parallel,19,19,0.3001329530523955,0.7612982086742981,0.9006411209702492,0.0001111111111111111,69.53999999999999,"[66.2%, 69.2%, 75.0%, 66.3%, 71.0%]",,,,
4,parallel,20,20,0.2889754846979651,0.7759100085572351,0.9644400291144848,0.0001111111111111111,69.05999999999999,"[66.2%, 69.2%, 75.0%, 66.3%, 68.6%]",,,,
4,parallel,21,21,0.2781380163435347,0.7797592157804514,0.9875853061676025,0.0001111111111111111,68.96,"[66.2%, 69.2%, 75.0%, 66.3%, 68.1%]",,,,
4,parallel,22,22,0.2676205479891044,0.7202241903618921,0.9340359587222338,0.0001111111111111111,69.38,"[66.2%, 69.2%, 75.0%, 66.3%, 70.2%]",,,,
4,parallel,23,23,0.257423079634674,0.7636692399465586,0.9175832662731409,0.0001111111111111111,69.4,"[66.2%, 69.2%, 75.0%, 66.3%, 70.3%]",,,,
4,parallel,24,24,0.24754561128024358,0.739887967894349,1.009385710582137,0.0001111111111111111,68.55999999999999,"[66.2%, 69.2%, 75.0%, 66.3%, 66.1%]",,,,
4,parallel,25,25,0.2379881429258132,0.7536979459131821,0.8752930536866188,0.0001111111111111111,69.5,"[66.2%, 69.2%, 75.0%, 66.3%, 70.8%]",,,,
4,parallel,26,26,0.2287506745713828,0.7754100764854045,0.9769354406744242,0.0001111111111111111,68.92,"[66.2%, 69.2%, 75.0%, 66.3%, 67.9%]",,,,
4,parallel,27,27,0.21983320621695243,0.7387810704074328,0.9067469518631697,0.0001111111111111111,69.62,"[66.2%, 69.2%, 75.0%, 66.3%, 71.4%]",,,,
4,parallel,28,28,0.21123573786252203,0.7840444966207577,1.0788505589589477,0.0001111111111111111,68.4,"[66.2%, 69.2%, 75.0%, 66.3%, 65.3%]",,,,
4,parallel,29,29,0.20295826950809165,0.8414872409422186,0.9640294853597879,0.0001111111111111111,68.94,"[66.2%, 69.2%, 75.0%, 66.3%, 68.0%]",,,,
4,parallel,30,30,0.1950008011536613,0.7999647984021827,0.9313268959522247,0.0001111111111111111,69.05999999999999,"[66.2%, 69.2%, 75.0%, 66.3%, 68.6%]",,,,
4,parallel,31,31,0.1873633327992309,0.8138537746441515,0.9914420638233423,0.0001111111111111111,69.08,"[66.2%, 69.2%, 75.0%, 66.3%, 68.7%]",,,,
4,parallel,32,32,0.18004586444480053,0.8441425554360016,0.9965619733557105,0.0001111111111111111,68.7,"[66.2%, 69.2%, 75.0%, 66.3%, 66.8%]",,,,
4,parallel,33,33,0.17304839609037015,0.8241543769836426,0.9669441692531109,0.0001111111111111111,68.55999999999999,"[66.2%, 69.2%, 75.0%, 66.3%, 66.1%]",,,,
4,parallel,34,34,0.16637092773593976,0.862185273743883,0.9966373909264803,0.0001111111111111111,68.88,"[66.2%, 69.2%, 75.0%, 66.3%, 67.7%]",,,,
4,parallel,35,35,0.16001345938150938,0.8374358113807968,0.9483124800026417,0.0001111111111111111,69.22,"[66.2%, 69.2%, 75.0%, 66.3%, 69.4%]",,,,
4,parallel,36,36,0.153975991027079,0.9435218289683137,1.0357506647706032,0.0001111111111111111,68.16,"[66.2%, 69.2%, 75.0%, 66.3%, 64.1%]",,,,
4,parallel,37,37,0.14825852267264863,0.8965890196305287,0.9896711390465498,0.0001111111111111111,68.72,"[66.2%, 69.2%, 75.0%, 66.3%, 66.9%]",,,,
4,parallel,38,38,0.14286105431821824,0.8446997181524204,0.9761831611394882,0.0001111111111111111,69.02000000000001,"[66.2%, 69.2%, 75.0%, 66.3%, 68.4%]",,,,
4,parallel,39,39,0.13778358596378787,1.0109496810768224,1.0726172532886267,0.0001111111111111111,68.28,"[66.2%, 69.2%, 75.0%, 66.3%, 64.7%]",,,,
4,parallel,40,40,0.13302611760935748,0.9065438154377515,0.9552817940711975,0.0001111111111111111,69.05999999999999,"[66.2%, 69.2%, 75.0%, 66.3%, 68.6%]",,,,
4,parallel,41,41,0.12858864925492708,0.9236869381952889,1.0028372593224049,0.0001111111111111111,68.85999999999999,"[66.2%, 69.2%, 75.0%, 66.3%, 67.6%]",,,,
4,parallel,42,42,0.12447118090049673,1.1072595519355581,1.1326135657727718,0.0001111111111111111,68.17999999999999,"[66.2%, 69.2%, 75.0%, 66.3%, 64.2%]",,,,
4,parallel,43,43,0.12067371254606635,1.0267567355421525,1.0360200051218271,0.0001111111111111111,68.88,"[66.2%, 69.2%, 75.0%, 66.3%, 67.7%]",,,,
4,parallel,44,44,0.11719624419163596,0.9460278726831267,1.0256337970495224,0.0001111111111111111,68.8,"[66.2%, 69.2%, 75.0%, 66.3%, 67.3%]",,,,
4,parallel,45,45,0.11403877583720558,0.9805607637272605,1.1141210235655308,0.0001111111111111111,68.35999999999999,"[66.2%, 69.2%, 75.0%, 66.3%, 65.1%]",,,,
4,parallel,46,46,0.11120130748277521,0.945332256299031,0.9655377324670553,0.0001111111111111111,69.17999999999999,"[66.2%, 69.2%, 75.0%, 66.3%, 69.2%]",,,,
4,parallel,47,47,0.10868383912834481,1.102621100371397,1.1769446581602097,0.0001111111111111111,67.24,"[66.2%, 69.2%, 75.0%, 66.3%, 59.5%]",,,,
4,parallel,48,48,0.10648637077391443,1.0553846510150764,1.149963030591607,0.0001111111111111111,67.61999999999999,"[66.2%, 69.2%, 75.0%, 66.3%, 61.4%]",,,,
4,parallel,49,49,0.10460890241948406,0.9902017093911956,1.0705967899411917,0.0001111111111111111,68.28,"[66.2%, 69.2%, 75.0%, 66.3%, 64.7%]",,,,
4,parallel,50,50,0.10305143406505368,0.9559945969641963,1.0114512331783772,0.0001111111111111111,68.75999999999999,"[66.2%, 69.2%, 75.0%, 66.3%, 67.1%]",,,,
4,parallel,51,51,0.1018139657106233,0.8871952046321917,0.9543823525309563,0.0001111111111111111,69.0,"[66.2%, 69.2%, 75.0%, 66.3%, 68.3%]",,,,
4,parallel,52,52,0.10089649735619292,0.9408350028569186,0.9589626453816891,0.0001111111111111111,69.0,"[66.2%, 69.2%, 75.0%, 66.3%, 68.3%]",,,,
4,parallel,53,53,0.10029902900176255,0.9052102422412438,1.039276359602809,0.0001111111111111111,68.62,"[66.2%, 69.2%, 75.0%, 66.3%, 66.4%]",,,,
4,parallel,54,54,0.10002156064733217,0.8659760469122778,1.0444168169051409,0.0001111111111111111,68.35999999999999,"[66.2%, 69.2%, 75.0%, 66.3%, 65.1%]",,,,
4,parallel,55,55,0.1,0.8426507198357884,0.9916399903595448,0.0001111111111111111,68.97999999999999,"[66.2%, 69.2%, 75.0%, 66.3%, 68.2%]",,,,
4,weights,1,56,0.1,0.8231955080092708,0.9246194791048765,0.0001111111111111111,69.14,"[66.2%, 69.2%, 75.0%, 66.3%, 69.0%]",,,,
4,weights,2,57,0.1,0.7876917606667627,0.9290140103548765,0.0001111111111111111,69.16,"[66.2%, 69.2%, 75.0%, 66.3%, 69.1%]",,,,
4,weights,3,58,0.1,0.7749658543852311,0.9388313107192516,0.0001111111111111111,69.3,"[66.2%, 69.2%, 75.0%, 66.3%, 69.8%]",,,,
4,weights,4,59,0.1,0.7585364123688468,0.8886788599193096,0.0001111111111111111,69.4,"[66.2%, 69.2%, 75.0%, 66.3%, 70.3%]",,,,
4,weights,5,60,0.1,0.7822121819363365,0.9321245942264795,0.0001111111111111111,69.25999999999999,"[66.2%, 69.2%, 75.0%, 66.3%, 69.6%]",,,,
4,weights,6,61,0.1,0.7285996252977396,0.8863095864653587,0.0001111111111111111,69.35999999999999,"[66.2%, 69.2%, 75.0%, 66.3%, 70.1%]",,,,
4,weights,7,62,0.1,0.7302031090742425,0.9844945864751935,0.0001111111111111111,68.9,"[66.2%, 69.2%, 75.0%, 66.3%, 67.8%]",,,,
4,weights,8,63,0.1,0.7215269260768649,0.838955020532012,0.0001111111111111111,69.74,"[66.2%, 69.2%, 75.0%, 66.3%, 72.0%]",,,,
4,weights,9,64,0.1,0.6962194261671621,0.8200673963874578,0.0001111111111111111,70.12,"[66.2%, 69.2%, 75.0%, 66.3%, 73.9%]",,,,
4,weights,10,65,0.1,0.7140389216851585,0.9157787524163723,0.0001111111111111111,69.28,"[66.2%, 69.2%, 75.0%, 66.3%, 69.7%]",,,,
4,weights,11,66,0.1,0.6912069807324228,0.9102871417999268,0.0001111111111111111,69.38,"[66.2%, 69.2%, 75.0%, 66.3%, 70.2%]",,,,
4,weights,12,67,0.1,0.68745826052714,0.8792092353105545,0.0001111111111111111,69.82000000000001,"[66.2%, 69.2%, 75.0%, 66.3%, 72.4%]",,,,
4,weights,13,68,0.1,0.6761007063750979,0.8826780878007412,0.0001111111111111111,69.6,"[66.2%, 69.2%, 75.0%, 66.3%, 71.3%]",,,,
4,weights,14,69,0.1,0.6804189723503741,0.8566592000424862,0.0001111111111111111,69.74,"[66.2%, 69.2%, 75.0%, 66.3%, 72.0%]",,,,
4,weights,15,70,0.1,0.6556978421875194,0.9040423054248095,0.0001111111111111111,69.6,"[66.2%, 69.2%, 75.0%, 66.3%, 71.3%]",,,,
4,weights,16,71,0.1,0.6525938925863821,0.8507709968835115,0.0001111111111111111,69.72,"[66.2%, 69.2%, 75.0%, 66.3%, 71.9%]",,,,
4,weights,17,72,0.1,0.6288304058245465,0.8687814678996801,0.0001111111111111111,69.78,"[66.2%, 69.2%, 75.0%, 66.3%, 72.2%]",,,,
4,weights,18,73,0.1,0.6358282034155689,0.8302876595407724,0.0001111111111111111,69.97999999999999,"[66.2%, 69.2%, 75.0%, 66.3%, 73.2%]",,,,
4,weights,19,74,0.1,0.6569238542755947,0.879183922894299,0.0001111111111111111,69.5,"[66.2%, 69.2%, 75.0%, 66.3%, 70.8%]",,,,
4,weights,20,75,0.1,0.5981236285046686,0.857634074985981,0.0001111111111111111,69.67999999999999,"[66.2%, 69.2%, 75.0%, 66.3%, 71.7%]",,,,
4,weights,21,76,0.1,0.6115366842927812,0.8487793868407607,0.0001111111111111111,69.96,"[66.2%, 69.2%, 75.0%, 66.3%, 73.1%]",,,,
4,weights,22,77,0.1,0.5944921291327174,0.8694887906312943,0.0001111111111111111,69.64,"[66.2%, 69.2%, 75.0%, 66.3%, 71.5%]",,,,
4,weights,23,78,0.1,0.6103132291685177,0.8687178995460272,0.0001111111111111111,69.74,"[66.2%, 69.2%, 75.0%, 66.3%, 72.0%]",,,,
4,weights,24,79,0.1,0.6064759813532045,0.8344406094402075,0.0001111111111111111,69.97999999999999,"[66.2%, 69.2%, 75.0%, 66.3%, 73.2%]",,,,
4,weights,25,80,0.1,0.5978232769271995,0.8316141255199909,0.0001111111111111111,69.94,"[66.2%, 69.2%, 75.0%, 66.3%, 73.0%]",58.6,"[23.9%, 67.4%, 75.0%, 57.6%, 69.1%]",64.3,"[50.6%, 69.2%, 75.0%, 57.6%, 69.1%]"
5,parallel,1,1,0.5,6.064148869695543,2.4324628859758377,0.0001111111111111111,59.949999999999996,"[66.2%, 69.2%, 75.0%, 66.3%, 73.0%, 10.0%]",,,,
5,parallel,2,2,0.5,2.3657782560662377,2.33548541367054,0.0001111111111111111,60.050000000000004,"[66.2%, 69.2%, 75.0%, 66.3%, 73.0%, 10.6%]",,,,
5,parallel,3,3,0.5,2.3345505768739723,2.3184073865413666,0.0001111111111111111,60.56666666666666,"[66.2%, 69.2%, 75.0%, 66.3%, 73.0%, 13.7%]",,,,
5,parallel,4,4,0.5,2.2982677115669734,2.1804619282484055,0.0001111111111111111,61.93333333333333,"[66.2%, 69.2%, 75.0%, 66.3%, 73.0%, 21.9%]",,,,
5,parallel,5,5,0.4899375100144209,1.8626803853843785,1.8659431040287018,0.0001111111111111111,62.800000000000004,"[66.2%, 69.2%, 75.0%, 66.3%, 73.0%, 27.1%]",,,,
5,parallel,6,6,0.4743000416599904,1.5624388154548934,1.4160262160003185,0.0001111111111111111,66.23333333333333,"[66.2%, 69.2%, 75.0%, 66.3%, 73.0%, 47.7%]",,,,
5,parallel,7,7,0.45898257330556,1.3475787232193766,1.3496784418821335,0.0001111111111111111,66.6,"[66.2%, 69.2%, 75.0%, 66.3%, 73.0%, 49.9%]",,,,
5,parallel,8,8,0.44398510495112964,1.258786310123492,1.3479079641401768,0.0001111111111111111,66.85,"[66.2%, 69.2%, 75.0%, 66.3%, 73.0%, 51.4%]",,,,
5,parallel,9,9,0.42930763659669924,1.1203666865071165,1.2058467846363783,0.0001111111111111111,67.89999999999999,"[66.2%, 69.2%, 75.0%, 66.3%, 73.0%, 57.7%]",,,,
5,parallel,10,10,0.4149501682422688,1.0636398347118232,1.0794183630496264,0.0001111111111111111,68.7,"[66.2%, 69.2%, 75.0%, 66.3%, 73.0%, 62.5%]",,,,
5,parallel,11,11,0.4009126998878385,0.9926671883727931,1.0669121723622084,0.0001111111111111111,68.5,"[66.2%, 69.2%, 75.0%, 66.3%, 73.0%, 61.3%]",,,,
5,parallel,12,12,0.3871952315334082,0.9155293801162816,1.0180004155263305,0.0001111111111111111,68.89999999999999,"[66.2%, 69.2%, 75.0%, 66.3%, 73.0%, 63.7%]",,,,
5,parallel,13,13,0.3737977631789777,0.8686952085434636,1.009925328195095,0.0001111111111111111,69.11666666666666,"[66.2%, 69.2%, 75.0%, 66.3%, 73.0%, 65.0%]",,,,
5,parallel,14,14,0.36072029482454737,0.8197149679630618,0.9700623638927937,0.0001111111111111111,69.16666666666667,"[66.2%, 69.2%, 75.0%, 66.3%, 73.0%, 65.3%]",,,,
5,parallel,15,15,0.34796282647011695,0.798381576809702,1.0130170080810785,0.0001111111111111111,69.13333333333333,"[66.2%, 69.2%, 75.0%, 66.3%, 73.0%, 65.1%]",,,,
5,parallel,16,16,0.33552535811568657,0.8060620887370049,0.8710128031671047,0.0001111111111111111,69.98333333333333,"[66.2%, 69.2%, 75.0%, 66.3%, 73.0%, 70.2%]",,,,
5,parallel,17,17,0.32340788976125623,0.7831138885473903,0.9018519204109907,0.0001111111111111111,69.86666666666666,"[66.2%, 69.2%, 75.0%, 66.3%, 73.0%, 69.5%]",,,,
5,parallel,18,18,0.3116104214068258,0.7617741845831086,0.837546655908227,0.0001111111111111111,69.98333333333333,"[66.2%, 69.2%, 75.0%, 66.3%, 73.0%, 70.2%]",,,,
5,parallel,19,19,0.3001329530523955,0.7068379826938049,0.8702698368579149,0.0001111111111111111,70.0,"[66.2%, 69.2%, 75.0%, 66.3%, 73.0%, 70.3%]",,,,
5,parallel,20,20,0.2889754846979651,0.7302186500422562,0.8719309624284506,0.0001111111111111111,69.95,"[66.2%, 69.2%, 75.0%, 66.3%, 73.0%, 70.0%]",,,,
5,parallel,21,21,0.2781380163435347,0.720586242555063,0.9369382690638304,0.0001111111111111111,69.61666666666666,"[66.2%, 69.2%, 75.0%, 66.3%, 73.0%, 68.0%]",,,,
5,parallel,22,22,0.2676205479891044,0.6993216638323627,0.8491512108594179,0.0001111111111111111,70.36666666666666,"[66.2%, 69.2%, 75.0%, 66.3%, 73.0%, 72.5%]",,,,
5,parallel,23,23,0.257423079634674,0.6886187342903282,0.8594542108476162,0.0001111111111111111,69.81666666666666,"[66.2%, 69.2%, 75.0%, 66.3%, 73.0%, 69.2%]",,,,
5,parallel,24,24,0.24754561128024358,0.6983358852470978,0.8687436655163765,0.0001111111111111111,69.89999999999999,"[66.2%, 69.2%, 75.0%, 66.3%, 73.0%, 69.7%]",,,,
5,parallel,25,25,0.2379881429258132,0.6603370074984394,0.9664209252223372,0.0001111111111111111,69.46666666666665,"[66.2%, 69.2%, 75.0%, 66.3%, 73.0%, 67.1%]",,,,
5,parallel,26,26,0.2287506745713828,0.6779626970049701,0.8575632497668266,0.0001111111111111111,69.96666666666665,"[66.2%, 69.2%, 75.0%, 66.3%, 73.0%, 70.1%]",,,,
5,parallel,27,27,0.21983320621695243,0.6646354368215874,0.8827595338225365,0.0001111111111111111,69.83333333333333,"[66.2%, 69.2%, 75.0%, 66.3%, 73.0%, 69.3%]",,,,
5,parallel,28,28,0.21123573786252203,0.6984453699256801,0.8564319405704737,0.0001111111111111111,70.21666666666665,"[66.2%, 69.2%, 75.0%, 66.3%, 73.0%, 71.6%]",,,,
5,parallel,29,29,0.20295826950809165,0.7424230805680722,1.0353246377781034,0.0001111111111111111,69.05,"[66.2%, 69.2%, 75.0%, 66.3%, 73.0%, 64.6%]",,,,
5,parallel,30,30,0.1950008011536613,0.7276697483243821,1.0968058733269572,0.0001111111111111111,69.13333333333333,"[66.2%, 69.2%, 75.0%, 66.3%, 73.0%, 65.1%]",,,,
5,parallel,31,31,0.1873633327992309,0.7529668981515909,1.015017363242805,0.0001111111111111111,69.14999999999999,"[66.2%, 69.2%, 75.0%, 66.3%, 73.0%, 65.2%]",,,,
5,parallel,32,32,0.18004586444480053,0.7299935478198377,0.9651181343942881,0.0001111111111111111,69.39999999999999,"[66.2%, 69.2%, 75.0%, 66.3%, 73.0%, 66.7%]",,,,
5,parallel,33,33,0.17304839609037015,0.7371971463855309,0.9966474715620279,0.0001111111111111111,69.35000000000001,"[66.2%, 69.2%, 75.0%, 66.3%, 73.0%, 66.4%]",,,,
5,parallel,34,34,0.16637092773593976,0.7842070918671692,0.9134108517318964,0.0001111111111111111,69.7,"[66.2%, 69.2%, 75.0%, 66.3%, 73.0%, 68.5%]",,,,
5,parallel,35,35,0.16001345938150938,0.755226066972636,0.9327666135504842,0.0001111111111111111,69.38333333333333,"[66.2%, 69.2%, 75.0%, 66.3%, 73.0%, 66.6%]",,,,
5,parallel,36,36,0.153975991027079,0.8213187599483924,0.9322664216160774,0.0001111111111111111,69.39999999999999,"[66.2%, 69.2%, 75.0%, 66.3%, 73.0%, 66.7%]",,,,
5,parallel,37,37,0.14825852267264863,0.7774667626694788,1.0648166732862592,0.0001111111111111111,68.81666666666666,"[66.2%, 69.2%, 75.0%, 66.3%, 73.0%, 63.2%]",,,,
5,parallel,38,38,0.14286105431821824,0.7539773424969444,0.929157517850399,0.0001111111111111111,69.51666666666667,"[66.2%, 69.2%, 75.0%, 66.3%, 73.0%, 67.4%]",,,,
5,parallel,39,39,0.13778358596378787,0.904917217508147,1.0765779465436935,0.0001111111111111111,68.88333333333334,"[66.2%, 69.2%, 75.0%, 66.3%, 73.0%, 63.6%]",,,,
5,parallel,40,40,0.13302611760935748,0.7981225629396076,0.9867237713187933,0.0001111111111111111,69.26666666666667,"[66.2%, 69.2%, 75.0%, 66.3%, 73.0%, 65.9%]",,,,
5,parallel,41,41,0.12858864925492708,0.8378921237927449,0.9432650413364172,0.0001111111111111111,69.45,"[66.2%, 69.2%, 75.0%, 66.3%, 73.0%, 67.0%]",,,,
5,parallel,42,42,0.12447118090049673,0.9119760303557674,1.0317141879349947,0.0001111111111111111,68.88333333333334,"[66.2%, 69.2%, 75.0%, 66.3%, 73.0%, 63.6%]",,,,
5,parallel,43,43,0.12067371254606635,0.8748127418228343,1.0017046686261892,0.0001111111111111111,69.21666666666665,"[66.2%, 69.2%, 75.0%, 66.3%, 73.0%, 65.6%]",,,,
5,parallel,44,44,0.11719624419163596,0.8261546718923352,0.9511650111526251,0.0001111111111111111,69.25,"[66.2%, 69.2%, 75.0%, 66.3%, 73.0%, 65.8%]",,,,
5,parallel,45,45,0.11403877583720558,0.8802688876284829,0.9189378749579191,0.0001111111111111111,69.45,"[66.2%, 69.2%, 75.0%, 66.3%, 73.0%, 67.0%]",,,,
5,parallel,46,46,0.11120130748277521,0.8110416282581377,0.9861611891537905,0.0001111111111111111,69.21666666666665,"[66.2%, 69.2%, 75.0%, 66.3%, 73.0%, 65.6%]",,,,
5,parallel,47,47,0.10868383912834481,1.0010882714126683,1.0851487964391708,0.0001111111111111111,68.48333333333333,"[66.2%, 69.2%, 75.0%, 66.3%, 73.0%, 61.2%]",,,,
5,parallel,48,48,0.10648637077391443,0.9327767257448993,0.9947563409805298,0.0001111111111111111,69.10000000000001,"[66.2%, 69.2%, 75.0%, 66.3%, 73.0%, 64.9%]",,,,
5,parallel,49,49,0.10460890241948406,0.8458700376220897,0.9777041245251894,0.0001111111111111111,69.3,"[66.2%, 69.2%, 75.0%, 66.3%, 73.0%, 66.1%]",,,,
5,parallel,50,50,0.10305143406505368,0.8196015486234351,0.9599212501198053,0.0001111111111111111,69.51666666666667,"[66.2%, 69.2%, 75.0%, 66.3%, 73.0%, 67.4%]",,,,
5,parallel,51,51,0.1018139657106233,0.7734778923324391,0.9503780100494623,0.0001111111111111111,69.26666666666667,"[66.2%, 69.2%, 75.0%, 66.3%, 73.0%, 65.9%]",,,,
5,parallel,52,52,0.10089649735619292,0.8978430010095427,0.9631383307278156,0.0001111111111111111,69.46666666666665,"[66.2%, 69.2%, 75.0%, 66.3%, 73.0%, 67.1%]",,,,
5,parallel,53,53,0.10029902900176255,0.7979197309741491,0.912668589502573,0.0001111111111111111,69.55,"[66.2%, 69.2%, 75.0%, 66.3%, 73.0%, 67.6%]",,,,
5,parallel,54,54,0.10002156064733217,0.7876851294614091,0.8955904478207231,0.0001111111111111111,69.83333333333333,"[66.2%, 69.2%, 75.0%, 66.3%, 73.0%, 69.3%]",,,,
5,parallel,55,55,0.1,0.7434870691239079,0.9064230043441057,0.0001111111111111111,69.63333333333333,"[66.2%, 69.2%, 75.0%, 66.3%, 73.0%, 68.1%]",,,,
5,weights,1,56,0.1,0.7485951641692391,0.9210103265941143,0.0001111111111111111,69.85000000000001,"[66.2%, 69.2%, 75.0%, 66.3%, 73.0%, 69.4%]",,,,
5,weights,2,57,0.1,0.7046327768247339,0.8543169889599085,0.0001111111111111111,69.95,"[66.2%, 69.2%, 75.0%, 66.3%, 73.0%, 70.0%]",,,,
5,weights,3,58,0.1,0.7030509129355226,0.8213074672967196,0.0001111111111111111,70.13333333333333,"[66.2%, 69.2%, 75.0%, 66.3%, 73.0%, 71.1%]",,,,
5,weights,4,59,0.1,0.6983092759228959,0.8312581926584244,0.0001111111111111111,70.10000000000001,"[66.2%, 69.2%, 75.0%, 66.3%, 73.0%, 70.9%]",,,,
5,weights,5,60,0.1,0.6676163201845144,0.8325034063309431,0.0001111111111111111,70.28333333333333,"[66.2%, 69.2%, 75.0%, 66.3%, 73.0%, 72.0%]",,,,
5,weights,6,61,0.1,0.6635975483097608,0.8965261830016971,0.0001111111111111111,69.7,"[66.2%, 69.2%, 75.0%, 66.3%, 73.0%, 68.5%]",,,,
5,weights,7,62,0.1,0.6621918172775945,0.7912803618237376,0.0001111111111111111,70.43333333333334,"[66.2%, 69.2%, 75.0%, 66.3%, 73.0%, 72.9%]",,,,
5,weights,8,63,0.1,0.6378718312782578,0.8504537642002106,0.0001111111111111111,70.14999999999999,"[66.2%, 69.2%, 75.0%, 66.3%, 73.0%, 71.2%]",,,,
5,weights,9,64,0.1,0.6310605693467056,0.8151076342910528,0.0001111111111111111,70.38333333333333,"[66.2%, 69.2%, 75.0%, 66.3%, 73.0%, 72.6%]",,,,
5,weights,10,65,0.1,0.6078471514997603,0.8141438839957118,0.0001111111111111111,70.35000000000001,"[66.2%, 69.2%, 75.0%, 66.3%, 73.0%, 72.4%]",,,,
5,weights,11,66,0.1,0.5959972056406962,0.8010119516402483,0.0001111111111111111,70.43333333333334,"[66.2%, 69.2%, 75.0%, 66.3%, 73.0%, 72.9%]",,,,
5,weights,12,67,0.1,0.6113852028605304,0.8075130982324481,0.0001111111111111111,70.35000000000001,"[66.2%, 69.2%, 75.0%, 66.3%, 73.0%, 72.4%]",,,,
5,weights,13,68,0.1,0.5761318470858321,0.7937549771741033,0.0001111111111111111,70.53333333333333,"[66.2%, 69.2%, 75.0%, 66.3%, 73.0%, 73.5%]",,,,
5,weights,14,69,0.1,0.579669767919975,0.7876637792214751,0.0001111111111111111,70.53333333333333,"[66.2%, 69.2%, 75.0%, 66.3%, 73.0%, 73.5%]",,,,
5,weights,15,70,0.1,0.5760343987730485,0.8012253008782864,0.0001111111111111111,70.31666666666666,"[66.2%, 69.2%, 75.0%, 66.3%, 73.0%, 72.2%]",,,,
5,weights,16,71,0.1,0.5561963470676278,0.8197513283230364,0.0001111111111111111,70.28333333333333,"[66.2%, 69.2%, 75.0%, 66.3%, 73.0%, 72.0%]",,,,
5,weights,17,72,0.1,0.5694961720440961,0.7932705786079168,0.0001111111111111111,70.38333333333333,"[66.2%, 69.2%, 75.0%, 66.3%, 73.0%, 72.6%]",,,,
5,weights,18,73,0.1,0.559384474648705,0.7670605964958668,0.0001111111111111111,70.63333333333333,"[66.2%, 69.2%, 75.0%, 66.3%, 73.0%, 74.1%]",,,,
5,weights,19,74,0.1,0.5653424889226503,0.7713729636743665,0.0001111111111111111,70.63333333333333,"[66.2%, 69.2%, 75.0%, 66.3%, 73.0%, 74.1%]",,,,
5,weights,20,75,0.1,0.5367570991003061,0.7992011420428753,0.0001111111111111111,70.38333333333333,"[66.2%, 69.2%, 75.0%, 66.3%, 73.0%, 72.6%]",,,,
5,weights,21,76,0.1,0.5243955032923554,0.7685816818848252,0.0001111111111111111,70.91666666666667,"[66.2%, 69.2%, 75.0%, 66.3%, 73.0%, 75.8%]",,,,
5,weights,22,77,0.1,0.5199223549305638,0.8038997165858746,0.0001111111111111111,70.43333333333334,"[66.2%, 69.2%, 75.0%, 66.3%, 73.0%, 72.9%]",,,,
5,weights,23,78,0.1,0.514730146414117,0.7805673833936453,0.0001111111111111111,70.73333333333333,"[66.2%, 69.2%, 75.0%, 66.3%, 73.0%, 74.7%]",,,,
5,weights,24,79,0.1,0.5429612914972668,0.760327098891139,0.0001111111111111111,70.86666666666666,"[66.2%, 69.2%, 75.0%, 66.3%, 73.0%, 75.5%]",,,,
5,weights,25,80,0.1,0.5261891363542291,0.7654233509674668,0.0001111111111111111,70.61666666666666,"[66.2%, 69.2%, 75.0%, 66.3%, 73.0%, 74.0%]",59.650000000000006,"[23.9%, 63.5%, 75.0%, 57.6%, 69.1%, 68.8%]",64.4,"[50.6%, 65.3%, 75.0%, 57.6%, 69.1%, 68.8%]"
6,parallel,1,1,0.4,8.899327217778072,4.825005024671555,0.0001111111111111111,60.528571428571425,"[66.2%, 69.2%, 75.0%, 66.3%, 73.0%, 74.0%, 0.0%]",,,,
6,parallel,2,2,0.4,3.253818170933784,2.375908687710762,0.0001111111111111111,62.128571428571426,"[66.2%, 69.2%, 75.0%, 66.3%, 73.0%, 74.0%, 11.2%]",,,,
6,parallel,3,3,0.4,2.345736328559586,2.326797917485237,0.0001111111111111111,61.957142857142856,"[66.2%, 69.2%, 75.0%, 66.3%, 73.0%, 74.0%, 10.0%]",,,,
6,parallel,4,4,0.4,2.3260943527463116,2.3273251354694366,0.0001111111111111111,61.957142857142856,"[66.2%, 69.2%, 75.0%, 66.3%, 73.0%, 74.0%, 10.0%]",,,,
6,parallel,5,5,0.3924531325108157,2.3093043520480774,2.2508564889431,0.0001111111111111111,62.971428571428575,"[66.2%, 69.2%, 75.0%, 66.3%, 73.0%, 74.0%, 17.1%]",,,,
6,parallel,6,6,0.3807250312449929,2.063874637024312,1.8644512817263603,0.0001111111111111111,64.4,"[66.2%, 69.2%, 75.0%, 66.3%, 73.0%, 74.0%, 27.1%]",,,,
6,parallel,7,7,0.36923692997917,1.72414443311812,1.5607941299676895,0.0001111111111111111,66.61428571428571,"[66.2%, 69.2%, 75.0%, 66.3%, 73.0%, 74.0%, 42.6%]",,,,
6,parallel,8,8,0.35798882871334725,1.448081049738051,1.3351675309240818,0.0001111111111111111,67.57142857142857,"[66.2%, 69.2%, 75.0%, 66.3%, 73.0%, 74.0%, 49.3%]",,,,
6,parallel,9,9,0.3469807274475245,1.2464156279081031,1.1378524545580149,0.0001111111111111111,68.9,"[66.2%, 69.2%, 75.0%, 66.3%, 73.0%, 74.0%, 58.6%]",,,,
6,parallel,10,10,0.33621262618170167,1.0992595779744885,1.12858079187572,0.0001111111111111111,68.82857142857144,"[66.2%, 69.2%, 75.0%, 66.3%, 73.0%, 74.0%, 58.1%]",,,,
6,parallel,11,11,0.32568452491587896,1.0704614007020299,1.082075236365199,0.0001111111111111111,69.27142857142857,"[66.2%, 69.2%, 75.0%, 66.3%, 73.0%, 74.0%, 61.2%]",,,,
6,parallel,12,12,0.31539642365005616,0.9942289470117304,1.0650036530569196,0.0001111111111111111,69.25714285714285,"[66.2%, 69.2%, 75.0%, 66.3%, 73.0%, 74.0%, 61.1%]",,,,
6,parallel,13,13,0.3053483223842333,0.9908225755148297,1.0322128217667341,0.0001111111111111111,69.41428571428571,"[66.2%, 69.2%, 75.0%, 66.3%, 73.0%, 74.0%, 62.2%]",,,,
6,parallel,14,14,0.2955402211184105,0.9388534766209277,0.9783401088789105,0.0001111111111111111,69.7,"[66.2%, 69.2%, 75.0%, 66.3%, 73.0%, 74.0%, 64.2%]",,,,
6,parallel,15,15,0.28597211985258775,0.9308352704289593,0.9853986967355013,0.0001111111111111111,69.68571428571428,"[66.2%, 69.2%, 75.0%, 66.3%, 73.0%, 74.0%, 64.1%]",,,,
6,parallel,16,16,0.27664401858676496,0.8846622516837301,1.030833932571113,0.0001111111111111111,69.57142857142857,"[66.2%, 69.2%, 75.0%, 66.3%, 73.0%, 74.0%, 63.3%]",,,,
6,parallel,17,17,0.2675559173209422,0.86072062465209,0.980659568682313,0.0001111111111111111,69.78571428571429,"[66.2%, 69.2%, 75.0%, 66.3%, 73.0%, 74.0%, 64.8%]",,,,
6,parallel,18,18,0.2587078160551194,0.8479937503609476,1.1146479453891516,0.0001111111111111111,69.8,"[66.2%, 69.2%, 75.0%, 66.3%, 73.0%, 74.0%, 64.9%]",,,,
6,parallel,19,19,0.2500997147892966,0.7846913579144056,0.901038178242743,0.0001111111111111111,70.42857142857143,"[66.2%, 69.2%, 75.0%, 66.3%, 73.0%, 74.0%, 69.3%]",,,,
6,parallel,20,20,0.24173161352347383,0.8231697505033468,0.9322717217728496,0.0001111111111111111,70.22857142857143,"[66.2%, 69.2%, 75.0%, 66.3%, 73.0%, 74.0%, 67.9%]",,,,
6,parallel,21,21,0.23360351225765102,0.810430316985408,0.9626239100471139,0.0001111111111111111,69.91428571428571,"[66.2%, 69.2%, 75.0%, 66.3%, 73.0%, 74.0%, 65.7%]",,,,
6,parallel,22,22,0.2257154109918283,0.8256420247916934,0.9483992424793541,0.0001111111111111111,70.2,"[66.2%, 69.2%, 75.0%, 66.3%, 73.0%, 74.0%, 67.7%]",,,,
6,parallel,23,23,0.2180673097260055,0.8224609627188006,0.9315196955576539,0.0001111111111111111,70.25714285714285,"[66.2%, 69.2%, 75.0%, 66.3%, 73.0%, 74.0%, 68.1%]",,,,
6,parallel,24,24,0.2106592084601827,0.7555348892000657,0.8902625376358628,0.0001111111111111111,70.25714285714285,"[66.2%, 69.2%, 75.0%, 66.3%, 73.0%, 74.0%, 68.1%]",,,,
6,parallel,25,25,0.20349110719435992,0.7623627200911317,0.8947217119857669,0.0001111111111111111,70.44285714285715,"[66.2%, 69.2%, 75.0%, 66.3%, 73.0%, 74.0%, 69.4%]",,,,
6,parallel,26,26,0.1965630059285371,0.8013818588437913,0.8827535770833492,0.0001111111111111111,70.51428571428572,"[66.2%, 69.2%, 75.0%, 66.3%, 73.0%, 74.0%, 69.9%]",,,,
6,parallel,27,27,0.18987490466271434,0.7559175985523418,0.972919624298811,0.0001111111111111111,70.0,"[66.2%, 69.2%, 75.0%, 66.3%, 73.0%, 74.0%, 66.3%]",,,,
6,parallel,28,28,0.18342680339689152,0.7840312915512279,0.8982670893892646,0.0001111111111111111,70.41428571428571,"[66.2%, 69.2%, 75.0%, 66.3%, 73.0%, 74.0%, 69.2%]",,,,
6,parallel,29,29,0.17721870213106874,0.7399653483040726,0.9422163721174002,0.0001111111111111111,70.37142857142858,"[66.2%, 69.2%, 75.0%, 66.3%, 73.0%, 74.0%, 68.9%]",,,,
6,parallel,30,30,0.17125060086524596,0.7798920273780823,0.9685356700792909,0.0001111111111111111,70.25714285714285,"[66.2%, 69.2%, 75.0%, 66.3%, 73.0%, 74.0%, 68.1%]",,,,
6,parallel,31,31,0.16552249959942317,0.7789019351895852,0.935330028180033,0.0001111111111111111,70.1,"[66.2%, 69.2%, 75.0%, 66.3%, 73.0%, 74.0%, 67.0%]",,,,
6,parallel,32,32,0.1600343983336004,0.7693166061292721,0.869374318048358,0.0001111111111111111,70.71428571428571,"[66.2%, 69.2%, 75.0%, 66.3%, 73.0%, 74.0%, 71.3%]",,,,
6,parallel,33,33,0.1547862970677776,0.8313451748860033,0.8960711602121592,0.0001111111111111111,70.57142857142857,"[66.2%, 69.2%, 75.0%, 66.3%, 73.0%, 74.0%, 70.3%]",,,,
6,parallel,34,34,0.1497781958019548,0.7839481211915801,0.8864529840648174,0.0001111111111111111,70.62857142857142,"[66.2%, 69.2%, 75.0%, 66.3%, 73.0%, 74.0%, 70.7%]",,,,
6,parallel,35,35,0.14501009453613203,0.7763432679297049,0.9158805403858423,0.0001111111111111111,70.44285714285715,"[66.2%, 69.2%, 75.0%, 66.3%, 73.0%, 74.0%, 69.4%]",,,,
6,parallel,36,36,0.14048199327030927,0.8261647020714192,1.0438747722655535,0.0001111111111111111,69.78571428571429,"[66.2%, 69.2%, 75.0%, 66.3%, 73.0%, 74.0%, 64.8%]",,,,
6,parallel,37,37,0.13619389200448648,0.8210964459407178,0.894822396337986,0.0001111111111111111,70.47142857142856,"[66.2%, 69.2%, 75.0%, 66.3%, 73.0%, 74.0%, 69.6%]",,,,
6,parallel,38,38,0.1321457907386637,0.796232975736449,0.9293139083310962,0.0001111111111111111,70.44285714285715,"[66.2%, 69.2%, 75.0%, 66.3%, 73.0%, 74.0%, 69.4%]",,,,
6,parallel,39,39,0.1283376894728409,0.7747331623789631,0.891630950383842,0.0001111111111111111,70.54285714285713,"[66.2%, 69.2%, 75.0%, 66.3%, 73.0%, 74.0%, 70.1%]",,,,
6,parallel,40,40,0.12476958820701811,0.8930509248866311,1.018193181604147,0.0001111111111111111,69.89999999999999,"[66.2%, 69.2%, 75.0%, 66.3%, 73.0%, 74.0%, 65.6%]",,,,
6,parallel,41,41,0.12144148694119532,0.8622636832768404,0.8948991633951664,0.0001111111111111111,70.48571428571428,"[66.2%, 69.2%, 75.0%, 66.3%, 73.0%, 74.0%, 69.7%]",,,,
6,parallel,42,42,0.11835338567537255,0.8216182827195034,0.9248026963323355,0.0001111111111111111,70.45714285714286,"[66.2%, 69.2%, 75.0%, 66.3%, 73.0%, 74.0%, 69.5%]",,,,
6,parallel,43,43,0.11550528440954977,0.8185540083088453,0.921406202018261,0.0001111111111111111,70.31428571428572,"[66.2%, 69.2%, 75.0%, 66.3%, 73.0%, 74.0%, 68.5%]",,,,
6,parallel,44,44,0.11289718314372697,0.7900242571589313,0.9654380064457655,0.0001111111111111111,70.2,"[66.2%, 69.2%, 75.0%, 66.3%, 73.0%, 74.0%, 67.7%]",,,,
6,parallel,45,45,0.1105290818779042,0.7551817105540747,0.9491181802004576,0.0001111111111111111,70.32857142857142,"[66.2%, 69.2%, 75.0%, 66.3%, 73.0%, 74.0%, 68.6%]",,,,
6,parallel,46,46,0.10840098061208141,0.9335727450213854,0.9898489760234952,0.0001111111111111111,69.84285714285714,"[66.2%, 69.2%, 75.0%, 66.3%, 73.0%, 74.0%, 65.2%]",,,,
6,parallel,47,47,0.10651287934625861,0.8397303133071223,0.975031167268753,0.0001111111111111111,69.97142857142856,"[66.2%, 69.2%, 75.0%, 66.3%, 73.0%, 74.0%, 66.1%]",,,,
6,parallel,48,48,0.10486477808043583,0.8359814399405371,0.9775191405788064,0.0001111111111111111,69.98571428571428,"[66.2%, 69.2%, 75.0%, 66.3%, 73.0%, 74.0%, 66.2%]",,,,
6,parallel,49,49,0.10345667681461305,0.8152229242686984,0.889406718313694,0.0001111111111111111,70.52857142857142,"[66.2%, 69.2%, 75.0%, 66.3%, 73.0%, 74.0%, 70.0%]",,,,
6,parallel,50,50,0.10228857554879027,0.7573741987536226,0.8417053734883666,0.0001111111111111111,70.57142857142857,"[66.2%, 69.2%, 75.0%, 66.3%, 73.0%, 74.0%, 70.3%]",,,,
6,parallel,51,51,0.10136047428296747,0.8367027474355094,0.9545516446232796,0.0001111111111111111,70.27142857142857,"[66.2%, 69.2%, 75.0%, 66.3%, 73.0%, 74.0%, 68.2%]",,,,
6,parallel,52,52,0.1006723730171447,0.8066022705428207,0.9280801247805357,0.0001111111111111111,70.17142857142856,"[66.2%, 69.2%, 75.0%, 66.3%, 73.0%, 74.0%, 67.5%]",,,,
6,parallel,53,53,0.10022427175132191,0.7802959499479849,0.9278610963374376,0.0001111111111111111,70.5,"[66.2%, 69.2%, 75.0%, 66.3%, 73.0%, 74.0%, 69.8%]",,,,
6,parallel,54,54,0.10001617048549913,0.7570256017431428,0.8881748132407665,0.0001111111111111111,70.52857142857142,"[66.2%, 69.2%, 75.0%, 66.3%, 73.0%, 74.0%, 70.0%]",,,,
6,parallel,55,55,0.1,0.7522153039521808,0.8426930084824562,0.0001111111111111111,70.81428571428572,"[66.2%, 69.2%, 75.0%, 66.3%, 73.0%, 74.0%, 72.0%]",,,,
6,weights,1,56,0.1,0.721115852081323,0.8469994352199137,0.0001111111111111111,70.72857142857143,"[66.2%, 69.2%, 75.0%, 66.3%, 73.0%, 74.0%, 71.4%]",,,,
6,weights,2,57,0.1,0.6925654607483104,0.8713963320478797,0.0001111111111111111,70.51428571428572,"[66.2%, 69.2%, 75.0%, 66.3%, 73.0%, 74.0%, 69.9%]",,,,
6,weights,3,58,0.1,0.6818975696835337,0.8441476793959737,0.0001111111111111111,70.8,"[66.2%, 69.2%, 75.0%, 66.3%, 73.0%, 74.0%, 71.9%]",,,,
6,weights,4,59,0.1,0.6724981254414667,0.8367276974022388,0.0001111111111111111,70.82857142857142,"[66.2%, 69.2%, 75.0%, 66.3%, 73.0%, 74.0%, 72.1%]",,,,
6,weights,5,60,0.1,0.6397889750667766,0.8184465277008712,0.0001111111111111111,70.88571428571429,"[66.2%, 69.2%, 75.0%, 66.3%, 73.0%, 74.0%, 72.5%]",,,,
6,weights,6,61,0.1,0.6445417936089672,0.8378508565947413,0.0001111111111111111,70.84285714285714,"[66.2%, 69.2%, 75.0%, 66.3%, 73.0%, 74.0%, 72.2%]",,,,
6,weights,7,62,0.1,0.6050678484047516,0.8281212951987982,0.0001111111111111111,70.88571428571429,"[66.2%, 69.2%, 75.0%, 66.3%, 73.0%, 74.0%, 72.5%]",,,,
6,weights,8,63,0.1,0.6172778832761547,0.8458571406081319,0.0001111111111111111,70.62857142857142,"[66.2%, 69.2%, 75.0%, 66.3%, 73.0%, 74.0%, 70.7%]",,,,
6,weights,9,64,0.1,0.6095822989186154,0.80414161644876,0.0001111111111111111,70.82857142857142,"[66.2%, 69.2%, 75.0%, 66.3%, 73.0%, 74.0%, 72.1%]",,,,
6,weights,10,65,0.1,0.6012111598555046,0.798951081931591,0.0001111111111111111,70.95714285714286,"[66.2%, 69.2%, 75.0%, 66.3%, 73.0%, 74.0%, 73.0%]",,,,
6,weights,11,66,0.1,0.5864423622813406,0.806954026222229,0.0001111111111111111,70.97142857142856,"[66.2%, 69.2%, 75.0%, 66.3%, 73.0%, 74.0%, 73.1%]",,,,
6,weights,12,67,0.1,0.588892370085173,0.7919184919446707,0.0001111111111111111,71.02857142857142,"[66.2%, 69.2%, 75.0%, 66.3%, 73.0%, 74.0%, 73.5%]",,,,
6,weights,13,68,0.1,0.5766075068636786,0.8269034847617149,0.0001111111111111111,70.81428571428572,"[66.2%, 69.2%, 75.0%, 66.3%, 73.0%, 74.0%, 72.0%]",,,,
6,weights,14,69,0.1,0.5718265202226518,0.8201564643532038,0.0001111111111111111,70.82857142857142,"[66.2%, 69.2%, 75.0%, 66.3%, 73.0%, 74.0%, 72.1%]",,,,
6,weights,15,70,0.1,0.5775117025345187,0.7881459053605795,0.0001111111111111111,70.89999999999999,"[66.2%, 69.2%, 75.0%, 66.3%, 73.0%, 74.0%, 72.6%]",,,,
6,weights,16,71,0.1,0.561389866509015,0.7932333657518029,0.0001111111111111111,70.91428571428571,"[66.2%, 69.2%, 75.0%, 66.3%, 73.0%, 74.0%, 72.7%]",,,,
6,weights,17,72,0.1,0.5484701798686499,0.7581786308437586,0.0001111111111111111,71.12857142857142,"[66.2%, 69.2%, 75.0%, 66.3%, 73.0%, 74.0%, 74.2%]",,,,
6,weights,18,73,0.1,0.5483238299058962,0.8027506610378623,0.0001111111111111111,70.85714285714286,"[66.2%, 69.2%, 75.0%, 66.3%, 73.0%, 74.0%, 72.3%]",,,,
6,weights,19,74,0.1,0.5286273903484586,0.8014768697321415,0.0001111111111111111,70.89999999999999,"[66.2%, 69.2%, 75.0%, 66.3%, 73.0%, 74.0%, 72.6%]",,,,
6,weights,20,75,0.1,0.5379160778431953,0.7688979599624872,0.0001111111111111111,71.1,"[66.2%, 69.2%, 75.0%, 66.3%, 73.0%, 74.0%, 74.0%]",,,,
6,weights,21,76,0.1,0.5449449910393244,0.7617087559774518,0.0001111111111111111,71.12857142857142,"[66.2%, 69.2%, 75.0%, 66.3%, 73.0%, 74.0%, 74.2%]",,,,
6,weights,22,77,0.1,0.522100714943077,0.7623084168881178,0.0001111111111111111,70.95714285714286,"[66.2%, 69.2%, 75.0%, 66.3%, 73.0%, 74.0%, 73.0%]",,,,
6,weights,23,78,0.1,0.5310136506074592,0.7294481270946562,0.0001111111111111111,71.14285714285714,"[66.2%, 69.2%, 75.0%, 66.3%, 73.0%, 74.0%, 74.3%]",,,,
6,weights,24,79,0.1,0.5144195020953312,0.7772750286385417,0.0001111111111111111,71.01428571428572,"[66.2%, 69.2%, 75.0%, 66.3%, 73.0%, 74.0%, 73.4%]",,,,
6,weights,25,80,0.1,0.49947878529753864,0.8108849283307791,0.0001111111111111111,70.85714285714286,"[66.2%, 69.2%, 75.0%, 66.3%, 73.0%, 74.0%, 72.3%]",59.0,"[18.9%, 63.5%, 75.0%, 53.6%, 69.1%, 68.8%, 64.1%]",63.300000000000004,"[50.6%, 65.3%, 75.0%, 53.6%, 65.7%, 68.8%, 64.1%]"
7,parallel,1,1,0.3,8.547386241864555,4.867365539073944,0.0001111111111111111,62.0,"[66.2%, 69.2%, 75.0%, 66.3%, 73.0%, 74.0%, 72.3%, 0.0%]",,,,
7,parallel,2,2,0.3,3.70984084998505,2.7631680071353912,0.0001111111111111111,63.25,"[66.2%, 69.2%, 75.0%, 66.3%, 73.0%, 74.0%, 72.3%, 10.0%]",,,,
7,parallel,3,3,0.3,2.4758805534507653,2.360793024301529,0.0001111111111111111,63.25,"[66.2%, 69.2%, 75.0%, 66.3%, 73.0%, 74.0%, 72.3%, 10.0%]",,,,
7,parallel,4,4,0.3,2.3477197930782654,2.330835849046707,0.0001111111111111111,63.25,"[66.2%, 69.2%, 75.0%, 66.3%, 73.0%, 74.0%, 72.3%, 10.0%]",,,,
7,parallel,5,5,0.2949687550072104,2.332508609264712,2.336310625076294,0.0001111111111111111,63.25,"[66.2%, 69.2%, 75.0%, 66.3%, 73.0%, 74.0%, 72.3%, 10.0%]",,,,
7,parallel,6,6,0.2871500208299952,2.329095526586605,2.319921761751175,0.0001111111111111111,64.3875,"[66.2%, 69.2%, 75.0%, 66.3%, 73.0%, 74.0%, 72.3%, 19.1%]",,,,
7,parallel,7,7,0.27949128665278,2.1856604029860676,1.9803030788898468,0.0001111111111111111,64.35,"[66.2%, 69.2%, 75.0%, 66.3%, 73.0%, 74.0%, 72.3%, 18.8%]",,,,
7,parallel,8,8,0.2719925524755648,1.9523900113528287,1.8921408578753471,0.0001111111111111111,65.2,"[66.2%, 69.2%, 75.0%, 66.3%, 73.0%, 74.0%, 72.3%, 25.6%]",,,,
7,parallel,9,9,0.2646538182983496,1.7683278971080538,1.6460349522531033,0.0001111111111111111,67.2,"[66.2%, 69.2%, 75.0%, 66.3%, 73.0%, 74.0%, 72.3%, 41.6%]",,,,
7,parallel,10,10,0.2574750841211344,1.5557807683944702,1.4537602253258228,0.0001111111111111111,68.05,"[66.2%, 69.2%, 75.0%, 66.3%, 73.0%, 74.0%, 72.3%, 48.4%]",,,,
7,parallel,11,11,0.25045634994391924,1.4420388831367976,1.4151885118335485,0.0001111111111111111,68.3625,"[66.2%, 69.2%, 75.0%, 66.3%, 73.0%, 74.0%, 72.3%, 50.9%]",,,,
7,parallel,12,12,0.24359761576670405,1.3067218827295908,1.3816820792853832,0.0001111111111111111,68.4125,"[66.2%, 69.2%, 75.0%, 66.3%, 73.0%, 74.0%, 72.3%, 51.3%]",,,,
7,parallel,13,13,0.23689888158948885,1.2282945370372338,1.3413456548005342,0.0001111111111111111,68.5125,"[66.2%, 69.2%, 75.0%, 66.3%, 73.0%, 74.0%, 72.3%, 52.1%]",,,,
7,parallel,14,14,0.23036014741227365,1.2240680350533015,1.2435641437768936,0.0001111111111111111,69.0125,"[66.2%, 69.2%, 75.0%, 66.3%, 73.0%, 74.0%, 72.3%, 56.1%]",,,,
7,parallel,15,15,0.22398141323505846,1.1467914332317402,1.197818735614419,0.0001111111111111111,69.1,"[66.2%, 69.2%, 75.0%, 66.3%, 73.0%, 74.0%, 72.3%, 56.8%]",,,,
7,parallel,16,16,0.21776267905784327,1.1089898272405696,1.4319146238267422,0.0001111111111111111,68.5125,"[66.2%, 69.2%, 75.0%, 66.3%, 73.0%, 74.0%, 72.3%, 52.1%]",,,,
7,parallel,17,17,0.2117039448806281,1.0509592121160483,1.1622953433543444,0.0001111111111111111,69.425,"[66.2%, 69.2%, 75.0%, 66.3%, 73.0%, 74.0%, 72.3%, 59.4%]",,,,
7,parallel,18,18,0.2058052107034129,1.0214260062084923,1.1813089810311794,0.0001111111111111111,69.7375,"[66.2%, 69.2%, 75.0%, 66.3%, 73.0%, 74.0%, 72.3%, 61.9%]",,,,
7,parallel,19,19,0.20006647652619775,1.0275747406331799,1.2522371709346771,0.0001111111111111111,69.4375,"[66.2%, 69.2%, 75.0%, 66.3%, 73.0%, 74.0%, 72.3%, 59.5%]",,,,
7,parallel,20,20,0.19448774234898253,0.9554569804215733,1.1219173073768616,0.0001111111111111111,69.825,"[66.2%, 69.2%, 75.0%, 66.3%, 73.0%, 74.0%, 72.3%, 62.6%]",,,,
7,parallel,21,21,0.18906900817176733,0.9174992193149615,1.215499086305499,0.0001111111111111111,69.35,"[66.2%, 69.2%, 75.0%, 66.3%, 73.0%, 74.0%, 72.3%, 58.8%]",,,,
7,parallel,22,22,0.1838102739945522,0.948984630500214,1.1793739702552557,0.0001111111111111111,69.8125,"[66.2%, 69.2%, 75.0%, 66.3%, 73.0%, 74.0%, 72.3%, 62.5%]",,,,
7,parallel,23,23,0.17871153981733698,0.9160879827752898,1.0611247681081295,0.0001111111111111111,69.95,"[66.2%, 69.2%, 75.0%, 66.3%, 73.0%, 74.0%, 72.3%, 63.6%]",,,,
7,parallel,24,24,0.1737728056401218,0.8744582299944721,1.041497802361846,0.0001111111111111111,70.25,"[66.2%, 69.2%, 75.0%, 66.3%, 73.0%, 74.0%, 72.3%, 66.0%]",,,,
7,parallel,25,25,0.1689940714629066,0.926568329334259,1.1396571267396212,0.0001111111111111111,69.95,"[66.2%, 69.2%, 75.0%, 66.3%, 73.0%, 74.0%, 72.3%, 63.6%]",,,,
7,parallel,26,26,0.1643753372856914,0.8766460946843594,1.0606677578762174,0.0001111111111111111,70.35,"[66.2%, 69.2%, 75.0%, 66.3%, 73.0%, 74.0%, 72.3%, 66.8%]",,,,
7,parallel,27,27,0.15991660310847622,0.8848923972890347,0.9722363147884607,0.0001111111111111111,70.5125,"[66.2%, 69.2%, 75.0%, 66.3%, 73.0%, 74.0%, 72.3%, 68.1%]",,,,
7,parallel,28,28,0.155617868931261,0.8960586341121529,1.0841808263212442,0.0001111111111111111,69.8375,"[66.2%, 69.2%, 75.0%, 66.3%, 73.0%, 74.0%, 72.3%, 62.7%]",,,,
7,parallel,29,29,0.1514791347540458,0.8509775890579706,1.0445199366658926,0.0001111111111111111,70.3,"[66.2%, 69.2%, 75.0%, 66.3%, 73.0%, 74.0%, 72.3%, 66.4%]",,,,
7,parallel,30,30,0.14750040057683064,0.8563362446766866,1.0690836645662785,0.0001111111111111111,70.125,"[66.2%, 69.2%, 75.0%, 66.3%, 73.0%, 74.0%, 72.3%, 65.0%]",,,,
7,parallel,31,31,0.14368166639961544,0.8389416978329043,1.0258950339630246,0.0001111111111111111,70.175,"[66.2%, 69.2%, 75.0%, 66.3%, 73.0%, 74.0%, 72.3%, 65.4%]",,,,
7,parallel,32,32,0.14002293222240025,0.9395502964152566,1.0643028263002634,0.0001111111111111111,69.9125,"[66.2%, 69.2%, 75.0%, 66.3%, 73.0%, 74.0%, 72.3%, 63.3%]",,,,
7,parallel,33,33,0.13652419804518506,0.9200280255909208,1.0279229637235403,0.0001111111111111111,70.225,"[66.2%, 69.2%, 75.0%, 66.3%, 73.0%, 74.0%, 72.3%, 65.8%]",,,,
7,parallel,34,34,0.13318546386796987,0.8507817485664464,0.9645379055291414,0.0001111111111111111,70.3625,"[66.2%, 69.2%, 75.0%, 66.3%, 73.0%, 74.0%, 72.3%, 66.9%]",,,,
7,parallel,35,35,0.1300067296907547,0.8629435308371918,1.013230113312602,0.0001111111111111111,70.1875,"[66.2%, 69.2%, 75.0%, 66.3%, 73.0%, 74.0%, 72.3%, 65.5%]",,,,
7,parallel,36,36,0.1269879955135395,0.8255778219126448,0.9499001763761044,0.0001111111111111111,70.65,"[66.2%, 69.2%, 75.0%, 66.3%, 73.0%, 74.0%, 72.3%, 69.2%]",,,,
7,parallel,37,37,0.12412926133632432,1.0055514619320254,1.0942496415227652,0.0001111111111111111,70.0,"[66.2%, 69.2%, 75.0%, 66.3%, 73.0%, 74.0%, 72.3%, 64.0%]",,,,
7,parallel,38,38,0.12143052715910913,0.9391020687320565,0.9767103269696236,0.0001111111111111111,70.3625,"[66.2%, 69.2%, 75.0%, 66.3%, 73.0%, 74.0%, 72.3%, 66.9%]",,,,
7,parallel,39,39,0.11889179298189392,0.8842966843254959,0.972326448187232,0.0001111111111111111,70.3875,"[66.2%, 69.2%, 75.0%, 66.3%, 73.0%, 74.0%, 72.3%, 67.1%]",,,,
7,parallel,40,40,0.11651305880467874,0.90887818532654,0.9872147832065821,0.0001111111111111111,70.4375,"[66.2%, 69.2%, 75.0%, 66.3%, 73.0%, 74.0%, 72.3%, 67.5%]",,,,
7,parallel,41,41,0.11429432462746354,0.8665377558032169,0.9900565072894096,0.0001111111111111111,70.2875,"[66.2%, 69.2%, 75.0%, 66.3%, 73.0%, 74.0%, 72.3%, 66.3%]",,,,
7,parallel,42,42,0.11223559045024836,0.8336324314527874,1.0117674069479108,0.0001111111111111111,70.3375,"[66.2%, 69.2%, 75.0%, 66.3%, 73.0%, 74.0%, 72.3%, 66.7%]",,,,
7,parallel,43,43,0.11033685627303318,0.8200948113882089,1.0066896304488182,0.0001111111111111111,70.3625,"[66.2%, 69.2%, 75.0%, 66.3%, 73.0%, 74.0%, 72.3%, 66.9%]",,,,
7,parallel,44,44,0.10859812209581798,0.9679213377493846,1.0992407072335482,0.0001111111111111111,69.9625,"[66.2%, 69.2%, 75.0%, 66.3%, 73.0%, 74.0%, 72.3%, 63.7%]",,,,
7,parallel,45,45,0.1070193879186028,0.9036125027680699,1.0534993186593056,0.0001111111111111111,70.2125,"[66.2%, 69.2%, 75.0%, 66.3%, 73.0%, 74.0%, 72.3%, 65.7%]",,,,
7,parallel,46,46,0.1056006537413876,0.8497847718528554,1.011320548132062,0.0001111111111111111,70.0875,"[66.2%, 69.2%, 75.0%, 66.3%, 73.0%, 74.0%, 72.3%, 64.7%]",,,,
7,parallel,47,47,0.10434191956417241,0.8569880203355716,0.9871330745518208,0.0001111111111111111,70.3875,"[66.2%, 69.2%, 75.0%, 66.3%, 73.0%, 74.0%, 72.3%, 67.1%]",,,,
7,parallel,48,48,0.10324318538695722,0.8090945486026474,1.0079624177888036,0.0001111111111111111,70.2375,"[66.2%, 69.2%, 75.0%, 66.3%, 73.0%, 74.0%, 72.3%, 65.9%]",,,,
7,parallel,49,49,0.10230445120974203,0.7890565372720549,1.008313873782754,0.0001111111111111111,70.3375,"[66.2%, 69.2%, 75.0%, 66.3%, 73.0%, 74.0%, 72.3%, 66.7%]",,,,
7,parallel,50,50,0.10152571703252684,0.8385042099258567,1.0572919473052025,0.0001111111111111111,70.0375,"[66.2%, 69.2%, 75.0%, 66.3%, 73.0%, 74.0%, 72.3%, 64.3%]",,,,
7,parallel,51,51,0.10090698285531166,0.8462664771683609,1.0047871610149741,0.0001111111111111111,70.4125,"[66.2%, 69.2%, 75.0%, 66.3%, 73.0%, 74.0%, 72.3%, 67.3%]",,,,
7,parallel,52,52,0.10044824867809646,0.8158705834346481,1.0030254665762186,0.0001111111111111111,70.3375,"[66.2%, 69.2%, 75.0%, 66.3%, 73.0%, 74.0%, 72.3%, 66.7%]",,,,
7,parallel,53,53,0.10014951450088128,0.7895543447023705,0.9934012219309807,0.0001111111111111111,70.25,"[66.2%, 69.2%, 75.0%, 66.3%, 73.0%, 74.0%, 72.3%, 66.0%]",,,,
7,parallel,54,54,0.10001078032366609,0.7889918081368072,0.9678210709244013,0.0001111111111111111,70.35,"[66.2%, 69.2%, 75.0%, 66.3%, 73.0%, 74.0%, 72.3%, 66.8%]",,,,
7,parallel,55,55,0.1,0.7655611815331858,0.9316316172480583,0.0001111111111111111,70.75,"[66.2%, 69.2%, 75.0%, 66.3%, 73.0%, 74.0%, 72.3%, 70.0%]",,,,
7,weights,1,56,0.1,0.7409121201762671,0.9491832908242941,0.0001111111111111111,70.625,"[66.2%, 69.2%, 75.0%, 66.3%, 73.0%, 74.0%, 72.3%, 69.0%]",,,,
7,weights,2,57,0.1,0.7182116606567479,0.9543308392167091,0.0001111111111111111,70.675,"[66.2%, 69.2%, 75.0%, 66.3%, 73.0%, 74.0%, 72.3%, 69.4%]",,,,
7,weights,3,58,0.1,0.7171941222269324,0.9207527646794915,0.0001111111111111111,70.775,"[66.2%, 69.2%, 75.0%, 66.3%, 73.0%, 74.0%, 72.3%, 70.2%]",,,,
7,weights,4,59,0.1,0.7017677946935726,0.9214378744363785,0.0001111111111111111,70.7875,"[66.2%, 69.2%, 75.0%, 66.3%, 73.0%, 74.0%, 72.3%, 70.3%]",,,,
7,weights,5,60,0.1,0.7008786593811421,0.9108532480895519,0.0001111111111111111,70.7375,"[66.2%, 69.2%, 75.0%, 66.3%, 73.0%, 74.0%, 72.3%, 69.9%]",,,,
7,weights,6,61,0.1,0.6821007596541054,0.9237738773226738,0.0001111111111111111,70.575,"[66.2%, 69.2%, 75.0%, 66.3%, 73.0%, 74.0%, 72.3%, 68.6%]",,,,
7,weights,7,62,0.1,0.6945058269591271,0.9602647298015654,0.0001111111111111111,70.5,"[66.2%, 69.2%, 75.0%, 66.3%, 73.0%, 74.0%, 72.3%, 68.0%]",,,,
7,weights,8,63,0.1,0.6531673850892465,0.919987696222961,0.0001111111111111111,70.725,"[66.2%, 69.2%, 75.0%, 66.3%, 73.0%, 74.0%, 72.3%, 69.8%]",,,,
7,weights,9,64,0.1,0.6534341898145555,0.8841488678008318,0.0001111111111111111,70.6875,"[66.2%, 69.2%, 75.0%, 66.3%, 73.0%, 74.0%, 72.3%, 69.5%]",,,,
7,weights,10,65,0.1,0.6727056050602394,0.8883092980831861,0.0001111111111111111,70.925,"[66.2%, 69.2%, 75.0%, 66.3%, 73.0%, 74.0%, 72.3%, 71.4%]",,,,
7,weights,11,66,0.1,0.6566440923304497,0.9030832322314382,0.0001111111111111111,70.9,"[66.2%, 69.2%, 75.0%, 66.3%, 73.0%, 74.0%, 72.3%, 71.2%]",,,,
7,weights,12,67,0.1,0.6546036740647087,0.8649793695658445,0.0001111111111111111,71.05,"[66.2%, 69.2%, 75.0%, 66.3%, 73.0%, 74.0%, 72.3%, 72.4%]",,,,
7,weights,13,68,0.1,0.6373805667780623,0.8443440422415733,0.0001111111111111111,71.1625,"[66.2%, 69.2%, 75.0%, 66.3%, 73.0%, 74.0%, 72.3%, 73.3%]",,,,
7,weights,14,69,0.1,0.6319046940984605,0.8831503977999091,0.0001111111111111111,70.9875,"[66.2%, 69.2%, 75.0%, 66.3%, 73.0%, 74.0%, 72.3%, 71.9%]",,,,
7,weights,15,70,0.1,0.6197346614885934,0.8739463808014989,0.0001111111111111111,70.875,"[66.2%, 69.2%, 75.0%, 66.3%, 73.0%, 74.0%, 72.3%, 71.0%]",,,,
7,weights,16,71,0.1,0.6185973961896534,0.8322149030864239,0.0001111111111111111,71.0625,"[66.2%, 69.2%, 75.0%, 66.3%, 73.0%, 74.0%, 72.3%, 72.5%]",,,,
7,weights,17,72,0.1,0.6137010187287874,0.8776978645473719,0.0001111111111111111,70.8,"[66.2%, 69.2%, 75.0%, 66.3%, 73.0%, 74.0%, 72.3%, 70.4%]",,,,
7,weights,18,73,0.1,0.6175213222262226,0.8704275526106358,0.0001111111111111111,70.9125,"[66.2%, 69.2%, 75.0%, 66.3%, 73.0%, 74.0%, 72.3%, 71.3%]",,,,
7,weights,19,74,0.1,0.6017271993280966,0.8706498071551323,0.0001111111111111111,70.875,"[66.2%, 69.2%, 75.0%, 66.3%, 73.0%, 74.0%, 72.3%, 71.0%]",,,,
7,weights,20,75,0.1,0.6025191915186145,0.9215102884918451,0.0001111111111111111,71.0,"[66.2%, 69.2%, 75.0%, 66.3%, 73.0%, 74.0%, 72.3%, 72.0%]",,,,
7,weights,21,76,0.1,0.587810105915311,0.9057820262387395,0.0001111111111111111,70.9375,"[66.2%, 69.2%, 75.0%, 66.3%, 73.0%, 74.0%, 72.3%, 71.5%]",,,,
7,weights,22,77,0.1,0.6132722572435306,0.8220376241952181,0.0001111111111111111,71.125,"[66.2%, 69.2%, 75.0%, 66.3%, 73.0%, 74.0%, 72.3%, 73.0%]",,,,
7,weights,23,78,0.1,0.570367089932478,0.8831724524497986,0.0001111111111111111,70.9625,"[66.2%, 69.2%, 75.0%, 66.3%, 73.0%, 74.0%, 72.3%, 71.7%]",,,,
7,weights,24,79,0.1,0.5895816314069531,0.8926473557949066,0.0001111111111111111,70.85,"[66.2%, 69.2%, 75.0%, 66.3%, 73.0%, 74.0%, 72.3%, 70.8%]",,,,
7,weights,25,80,0.1,0.5781158550253397,0.9540233975276351,0.0001111111111111111,70.7,"[66.2%, 69.2%, 75.0%, 66.3%, 73.0%, 74.0%, 72.3%, 69.6%]",57.325,"[18.9%, 63.5%, 75.0%, 53.6%, 69.1%, 68.8%, 64.1%, 45.6%]",61.8875,"[50.6%, 65.3%, 75.0%, 53.6%, 69.1%, 68.8%, 64.1%, 48.6%]"
8,parallel,1,1,0.2,7.384584752819206,4.8059802651405334,0.0001111111111111111,62.84444444444445,"[66.2%, 69.2%, 75.0%, 66.3%, 73.0%, 74.0%, 72.3%, 69.6%, 0.0%]",,,,
8,parallel,2,2,0.2,3.7305483184283292,2.8461532592773438,0.0001111111111111111,63.955555555555556,"[66.2%, 69.2%, 75.0%, 66.3%, 73.0%, 74.0%, 72.3%, 69.6%, 10.0%]",,,,
8,parallel,3,3,0.2,2.5316438312771954,2.393200322985649,0.0001111111111111111,63.955555555555556,"[66.2%, 69.2%, 75.0%, 66.3%, 73.0%, 74.0%, 72.3%, 69.6%, 10.0%]",,,,
8,parallel,4,4,0.2,2.3638580147224135,2.344475567340851,0.0001111111111111111,63.955555555555556,"[66.2%, 69.2%, 75.0%, 66.3%, 73.0%, 74.0%, 72.3%, 69.6%, 10.0%]",,,,
8,parallel,5,5,0.1974843775036052,2.340200246134891,2.3276653438806534,0.0001111111111111111,63.955555555555556,"[66.2%, 69.2%, 75.0%, 66.3%, 73.0%, 74.0%, 72.3%, 69.6%, 10.0%]",,,,
8,parallel,6,6,0.1935750104149976,2.329010966457898,2.32334865629673,0.0001111111111111111,63.94444444444444,"[66.2%, 69.2%, 75.0%, 66.3%, 73.0%, 74.0%, 72.3%, 69.6%, 9.9%]",,,,
8,parallel,7,7,0.18974564332639002,2.330415375625031,2.3214123845100403,0.0001111111111111111,63.955555555555556,"[66.2%, 69.2%, 75.0%, 66.3%, 73.0%, 74.0%, 72.3%, 69.6%, 10.0%]",,,,
8,parallel,8,8,0.18599627623778242,2.3259087665171565,2.3208533227443695,0.0001111111111111111,63.955555555555556,"[66.2%, 69.2%, 75.0%, 66.3%, 73.0%, 74.0%, 72.3%, 69.6%, 10.0%]",,,,
8,parallel,9,9,0.18232690914917482,2.321247164207169,2.314682364463806,0.0001111111111111111,63.955555555555556,"[66.2%, 69.2%, 75.0%, 66.3%, 73.0%, 74.0%, 72.3%, 69.6%, 10.0%]",,,,
8,parallel,10,10,0.17873754206056722,2.212250010876716,2.1400335505604744,0.0001111111111111111,64.5888888888889,"[66.2%, 69.2%, 75.0%, 66.3%, 73.0%, 74.0%, 72.3%, 69.6%, 15.7%]",,,,
8,parallel,11,11,0.17522817497195964,2.028357744216919,1.9363556653261185,0.0001111111111111111,65.83333333333333,"[66.2%, 69.2%, 75.0%, 66.3%, 73.0%, 74.0%, 72.3%, 69.6%, 26.9%]",,,,
8,parallel,12,12,0.17179880788335206,1.9186565106428122,2.0895903408527374,0.0001111111111111111,65.27777777777777,"[66.2%, 69.2%, 75.0%, 66.3%, 73.0%, 74.0%, 72.3%, 69.6%, 21.9%]",,,,
8,parallel,13,13,0.16844944079474444,1.8285624075539504,1.7788560315966606,0.0001111111111111111,67.04444444444444,"[66.2%, 69.2%, 75.0%, 66.3%, 73.0%, 74.0%, 72.3%, 69.6%, 37.8%]",,,,
8,parallel,14,14,0.16518007370613685,1.7178044273883482,1.752001829445362,0.0001111111111111111,67.12222222222222,"[66.2%, 69.2%, 75.0%, 66.3%, 73.0%, 74.0%, 72.3%, 69.6%, 38.5%]",,,,
8,parallel,15,15,0.16199070661752923,1.6097173962412001,1.5964262522757053,0.0001111111111111111,67.76666666666667,"[66.2%, 69.2%, 75.0%, 66.3%, 73.0%, 74.0%, 72.3%, 69.6%, 44.3%]",,,,
8,parallel,16,16,0.15888133952892164,1.5338146852541574,1.7052330859005451,0.0001111111111111111,67.4,"[66.2%, 69.2%, 75.0%, 66.3%, 73.0%, 74.0%, 72.3%, 69.6%, 41.0%]",,,,
8,parallel,17,17,0.15585197244031407,1.5135054301611985,1.5069682858884335,0.0001111111111111111,68.03333333333335,"[66.2%, 69.2%, 75.0%, 66.3%, 73.0%, 74.0%, 72.3%, 69.6%, 46.7%]",,,,
8,parallel,18,18,0.15290260535170647,1.4694302881820291,1.4915328361093998,0.0001111111111111111,68.23333333333333,"[66.2%, 69.2%, 75.0%, 66.3%, 73.0%, 74.0%, 72.3%, 69.6%, 48.5%]",,,,
8,parallel,19,19,0.1500332382630989,1.4200458073917823,1.4532573521137238,0.0001111111111111111,68.4,"[66.2%, 69.2%, 75.0%, 66.3%, 73.0%, 74.0%, 72.3%, 69.6%, 50.0%]",,,,
8,parallel,20,20,0.14724387117449128,1.391368446470816,1.4730791337788105,0.0001111111111111111,68.41111111111111,"[66.2%, 69.2%, 75.0%, 66.3%, 73.0%, 74.0%, 72.3%, 69.6%, 50.1%]",,,,
8,parallel,21,21,0.14453450408588367,1.3394439431685436,1.4851684719324112,0.0001111111111111111,68.21111111111111,"[66.2%, 69.2%, 75.0%, 66.3%, 73.0%, 74.0%, 72.3%, 69.6%, 48.3%]",,,,
8,parallel,22,22,0.14190513699727608,1.33837303934218,1.460095640271902,0.0001111111111111111,68.37777777777778,"[66.2%, 69.2%, 75.0%, 66.3%, 73.0%, 74.0%, 72.3%, 69.6%, 49.8%]",,,,
8,parallel,23,23,0.1393557699086685,1.3120129915732373,1.391093984246254,0.0001111111111111111,68.75555555555556,"[66.2%, 69.2%, 75.0%, 66.3%, 73.0%, 74.0%, 72.3%, 69.6%, 53.2%]",,,,
8,parallel,24,24,0.1368864028200609,1.2653923872150952,1.3651303071528673,0.0001111111111111111,68.75555555555556,"[66.2%, 69.2%, 75.0%, 66.3%, 73.0%, 74.0%, 72.3%, 69.6%, 53.2%]",,,,
8,parallel,25,25,0.1344970357314533,1.2358907468711273,1.388278903439641,0.0001111111111111111,68.61111111111111,"[66.2%, 69.2%, 75.0%, 66.3%, 73.0%, 74.0%, 72.3%, 69.6%, 51.9%]",,,,
8,parallel,26,26,0.1321876686428457,1.2441722305515144,1.3352599944919348,0.0001111111111111111,68.95555555555556,"[66.2%, 69.2%, 75.0%, 66.3%, 73.0%, 74.0%, 72.3%, 69.6%, 55.0%]",,,,
8,parallel,27,27,0.1299583015542381,1.1985785538637186,1.4094151556491852,0.0001111111111111111,68.82222222222222,"[66.2%, 69.2%, 75.0%, 66.3%, 73.0%, 74.0%, 72.3%, 69.6%, 53.8%]",,,,
8,parallel,28,28,0.12780893446563052,1.1799252878261517,1.39519059099257,0.0001111111111111111,68.74444444444445,"[66.2%, 69.2%, 75.0%, 66.3%, 73.0%, 74.0%, 72.3%, 69.6%, 53.1%]",,,,
8,parallel,29,29,0.1257395673770229,1.1588467299183713,1.3149275667965412,0.0001111111111111111,69.05555555555556,"[66.2%, 69.2%, 75.0%, 66.3%, 73.0%, 74.0%, 72.3%, 69.6%, 55.9%]",,,,
8,parallel,30,30,0.12375020028841532,1.3099366728263566,1.4200786091387272,0.0001111111111111111,68.65555555555555,"[66.2%, 69.2%, 75.0%, 66.3%, 73.0%, 74.0%, 72.3%, 69.6%, 52.3%]",,,,
8,parallel,31,31,0.12184083319980774,1.2265548585336419,1.3605512734502554,0.0001111111111111111,69.02222222222223,"[66.2%, 69.2%, 75.0%, 66.3%, 73.0%, 74.0%, 72.3%, 69.6%, 55.6%]",,,,
8,parallel,32,32,0.12001146611120014,1.1621407089354117,1.3858221340924501,0.0001111111111111111,68.93333333333334,"[66.2%, 69.2%, 75.0%, 66.3%, 73.0%, 74.0%, 72.3%, 69.6%, 54.8%]",,,,
8,parallel,33,33,0.11826209902259253,1.165683020519305,1.3158151861280203,0.0001111111111111111,69.14444444444445,"[66.2%, 69.2%, 75.0%, 66.3%, 73.0%, 74.0%, 72.3%, 69.6%, 56.7%]",,,,
8,parallel,34,34,0.11659273193398495,1.1534225208849846,1.3578156307339668,0.0001111111111111111,68.95555555555556,"[66.2%, 69.2%, 75.0%, 66.3%, 73.0%, 74.0%, 72.3%, 69.6%, 55.0%]",,,,
8,parallel,35,35,0.11500336484537735,1.150159071517896,1.3205222599208355,0.0001111111111111111,69.0888888888889,"[66.2%, 69.2%, 75.0%, 66.3%, 73.0%, 74.0%, 72.3%, 69.6%, 56.2%]",,,,
8,parallel,36,36,0.11349399775676976,1.096077929569196,1.281127717345953,0.0001111111111111111,69.0888888888889,"[66.2%, 69.2%, 75.0%, 66.3%, 73.0%, 74.0%, 72.3%, 69.6%, 56.2%]",,,,
8,parallel,37,37,0.11206463066816216,1.0974803038790255,1.2782549038529396,0.0001111111111111111,69.34444444444445,"[66.2%, 69.2%, 75.0%, 66.3%, 73.0%, 74.0%, 72.3%, 69.6%, 58.5%]",,,,
8,parallel,38,38,0.11071526357955457,1.0801249682148801,1.2759730033576488,0.0001111111111111111,69.13333333333334,"[66.2%, 69.2%, 75.0%, 66.3%, 73.0%, 74.0%, 72.3%, 69.6%, 56.6%]",,,,
8,parallel,39,39,0.10944589649094696,1.0643209226523773,1.2505507245659828,0.0001111111111111111,69.35555555555555,"[66.2%, 69.2%, 75.0%, 66.3%, 73.0%, 74.0%, 72.3%, 69.6%, 58.6%]",,,,
8,parallel,40,40,0.10825652940233937,1.2153539046456543,1.4052898362278938,0.0001111111111111111,68.7,"[66.2%, 69.2%, 75.0%, 66.3%, 73.0%, 74.0%, 72.3%, 69.6%, 52.7%]",,,,
8,parallel,41,41,0.10714716231373178,1.1242473532881918,1.252504974603653,0.0001111111111111111,69.27777777777777,"[66.2%, 69.2%, 75.0%, 66.3%, 73.0%, 74.0%, 72.3%, 69.6%, 57.9%]",,,,
8,parallel,42,42,0.10611779522512418,1.0714029873473734,1.325005978345871,0.0001111111111111111,69.0,"[66.2%, 69.2%, 75.0%, 66.3%, 73.0%, 74.0%, 72.3%, 69.6%, 55.4%]",,,,
8,parallel,43,43,0.10516842813651658,1.0742138684550417,1.2406089939177036,0.0001111111111111111,69.38888888888889,"[66.2%, 69.2%, 75.0%, 66.3%, 73.0%, 74.0%, 72.3%, 69.6%, 58.9%]",,,,
8,parallel,44,44,0.104299061047909,1.0675106697444674,1.2866499703377485,0.0001111111111111111,69.12222222222222,"[66.2%, 69.2%, 75.0%, 66.3%, 73.0%, 74.0%, 72.3%, 69.6%, 56.5%]",,,,
8,parallel,45,45,0.1035096939593014,1.0456763309768484,1.3283215947449207,0.0001111111111111111,69.05555555555556,"[66.2%, 69.2%, 75.0%, 66.3%, 73.0%, 74.0%, 72.3%, 69.6%, 55.9%]",,,,
8,parallel,46,46,0.1028003268706938,1.020145894605902,1.270470306277275,0.0001111111111111111,69.1888888888889,"[66.2%, 69.2%, 75.0%, 66.3%, 73.0%, 74.0%, 72.3%, 69.6%, 57.1%]",,,,
8,parallel,47,47,0.10217095978208621,0.9862197260313397,1.2399414032697678,0.0001111111111111111,69.44444444444444,"[66.2%, 69.2%, 75.0%, 66.3%, 73.0%, 74.0%, 72.3%, 69.6%, 59.4%]",,,,
8,parallel,48,48,0.10162159269347862,0.9903505233269704,1.2391788195818663,0.0001111111111111111,69.42222222222223,"[66.2%, 69.2%, 75.0%, 66.3%, 73.0%, 74.0%, 72.3%, 69.6%, 59.2%]",,,,
8,parallel,49,49,0.10115222560487103,1.0815744528287574,1.2230897508561611,0.0001111111111111111,69.41111111111111,"[66.2%, 69.2%, 75.0%, 66.3%, 73.0%, 74.0%, 72.3%, 69.6%, 59.1%]",,,,
8,parallel,50,50,0.10076285851626343,1.0042023915278762,1.2832452543079853,0.0001111111111111111,69.21111111111111,"[66.2%, 69.2%, 75.0%, 66.3%, 73.0%, 74.0%, 72.3%, 69.6%, 57.3%]",,,,
8,parallel,51,51,0.10045349142765583,0.9891351959373378,1.2293716073036194,0.0001111111111111111,69.54444444444444,"[66.2%, 69.2%, 75.0%, 66.3%, 73.0%, 74.0%, 72.3%, 69.6%, 60.3%]",,,,
8,parallel,52,52,0.10022412433904823,0.9681666365152672,1.195123352110386,0.0001111111111111111,69.45555555555556,"[66.2%, 69.2%, 75.0%, 66.3%, 73.0%, 74.0%, 72.3%, 69.6%, 59.5%]",,,,
8,parallel,53,53,0.10007475725044064,0.9809847210026994,1.1794384196400642,0.0001111111111111111,69.55555555555556,"[66.2%, 69.2%, 75.0%, 66.3%, 73.0%, 74.0%, 72.3%, 69.6%, 60.4%]",,,,
8,parallel,54,54,0.10000539016183305,0.9288131179688852,1.1498977206647396,0.0001111111111111111,69.65555555555555,"[66.2%, 69.2%, 75.0%, 66.3%, 73.0%, 74.0%, 72.3%, 69.6%, 61.3%]",,,,
8,parallel,55,55,0.1,0.938152339639543,1.1688563730567694,0.0001111111111111111,69.71111111111111,"[66.2%, 69.2%, 75.0%, 66.3%, 73.0%, 74.0%, 72.3%, 69.6%, 61.8%]",,,,
8,weights,1,56,0.1,0.9340985545629188,1.2097367234528065,0.0001111111111111111,69.5,"[66.2%, 69.2%, 75.0%, 66.3%, 73.0%, 74.0%, 72.3%, 69.6%, 59.9%]",,,,
8,weights,2,57,0.1,0.9310866194435313,1.1827631182968616,0.0001111111111111111,69.55555555555556,"[66.2%, 69.2%, 75.0%, 66.3%, 73.0%, 74.0%, 72.3%, 69.6%, 60.4%]",,,,
8,weights,3,58,0.1,0.8991530869580522,1.1678798664361238,0.0001111111111111111,69.45555555555556,"[66.2%, 69.2%, 75.0%, 66.3%, 73.0%, 74.0%, 72.3%, 69.6%, 59.5%]",,,,
8,weights,4,59,0.1,0.9117787103109722,1.2626988049596548,0.0001111111111111111,69.43333333333334,"[66.2%, 69.2%, 75.0%, 66.3%, 73.0%, 74.0%, 72.3%, 69.6%, 59.3%]",,,,
8,weights,5,60,0.1,0.9041162902795816,1.1838282383978367,0.0001111111111111111,69.5888888888889,"[66.2%, 69.2%, 75.0%, 66.3%, 73.0%, 74.0%, 72.3%, 69.6%, 60.7%]",,,,
8,weights,6,61,0.1,0.8910316787188566,1.1451842747628689,0.0001111111111111111,69.71111111111111,"[66.2%, 69.2%, 75.0%, 66.3%, 73.0%, 74.0%, 72.3%, 69.6%, 61.8%]",,,,
8,weights,7,62,0.1,0.868520758574522,1.1286454442888498,0.0001111111111111111,69.82222222222222,"[66.2%, 69.2%, 75.0%, 66.3%, 73.0%, 74.0%, 72.3%, 69.6%, 62.8%]",,,,
8,weights,8,63,0.1,0.8621148289758948,1.1833186652511358,0.0001111111111111111,69.55555555555556,"[66.2%, 69.2%, 75.0%, 66.3%, 73.0%, 74.0%, 72.3%, 69.6%, 60.4%]",,,,
8,weights,9,64,0.1,0.8670500388628319,1.1092907059937716,0.0001111111111111111,69.94444444444444,"[66.2%, 69.2%, 75.0%, 66.3%, 73.0%, 74.0%, 72.3%, 69.6%, 63.9%]",,,,
8,weights,10,65,0.1,0.8559746214106113,1.1976168220862746,0.0001111111111111111,69.77777777777777,"[66.2%, 69.2%, 75.0%, 66.3%, 73.0%, 74.0%, 72.3%, 69.6%, 62.4%]",,,,
8,weights,11,66,0.1,0.8554568977295598,1.1389634124934673,0.0001111111111111111,69.80000000000001,"[66.2%, 69.2%, 75.0%, 66.3%, 73.0%, 74.0%, 72.3%, 69.6%, 62.6%]",,,,
8,weights,12,67,0.1,0.8362193371676192,1.1355499420315027,0.0001111111111111111,69.76666666666667,"[66.2%, 69.2%, 75.0%, 66.3%, 73.0%, 74.0%, 72.3%, 69.6%, 62.3%]",,,,
8,weights,13,68,0.1,0.8349071145057678,1.1073893308639526,0.0001111111111111111,70.03333333333335,"[66.2%, 69.2%, 75.0%, 66.3%, 73.0%, 74.0%, 72.3%, 69.6%, 64.7%]",,,,
8,weights,14,69,0.1,0.8203701535357705,1.2668215539306402,0.0001111111111111111,69.42222222222223,"[66.2%, 69.2%, 75.0%, 66.3%, 73.0%, 74.0%, 72.3%, 69.6%, 59.2%]",,,,
8,weights,15,70,0.1,0.8204329489152643,1.1305188965052366,0.0001111111111111111,69.73333333333333,"[66.2%, 69.2%, 75.0%, 66.3%, 73.0%, 74.0%, 72.3%, 69.6%, 62.0%]",,,,
8,weights,16,71,0.1,0.8145686882206157,1.2199848275631666,0.0001111111111111111,69.5888888888889,"[66.2%, 69.2%, 75.0%, 66.3%, 73.0%, 74.0%, 72.3%, 69.6%, 60.7%]",,,,
8,weights,17,72,0.1,0.7936042139801798,1.1406864253804088,0.0001111111111111111,69.71111111111111,"[66.2%, 69.2%, 75.0%, 66.3%, 73.0%, 74.0%, 72.3%, 69.6%, 61.8%]",,,,
8,weights,18,73,0.1,0.7895213931421691,1.1316190268844366,0.0001111111111111111,69.80000000000001,"[66.2%, 69.2%, 75.0%, 66.3%, 73.0%, 74.0%, 72.3%, 69.6%, 62.6%]",,,,
8,weights,19,74,0.1,0.7829367865490008,1.0884633660316467,0.0001111111111111111,69.87777777777778,"[66.2%, 69.2%, 75.0%, 66.3%, 73.0%, 74.0%, 72.3%, 69.6%, 63.3%]",,,,
8,weights,20,75,0.1,0.7827131231374378,1.1712997164577246,0.0001111111111111111,69.66666666666667,"[66.2%, 69.2%, 75.0%, 66.3%, 73.0%, 74.0%, 72.3%, 69.6%, 61.4%]",,,,
8,weights,21,76,0.1,0.8095221994798395,1.116747634485364,0.0001111111111111111,69.88888888888889,"[66.2%, 69.2%, 75.0%, 66.3%, 73.0%, 74.0%, 72.3%, 69.6%, 63.4%]",,,,
8,weights,22,77,0.1,0.7829028156739247,1.1374609675258398,0.0001111111111111111,69.80000000000001,"[66.2%, 69.2%, 75.0%, 66.3%, 73.0%, 74.0%, 72.3%, 69.6%, 62.6%]",,,,
8,weights,23,78,0.1,0.7637676694725133,1.133831188082695,0.0001111111111111111,69.85555555555555,"[66.2%, 69.2%, 75.0%, 66.3%, 73.0%, 74.0%, 72.3%, 69.6%, 63.1%]",,,,
8,weights,24,79,0.1,0.7770563854446894,1.1231427807360888,0.0001111111111111111,69.72222222222223,"[66.2%, 69.2%, 75.0%, 66.3%, 73.0%, 74.0%, 72.3%, 69.6%, 61.9%]",,,,
8,weights,25,80,0.1,0.7594082004661802,1.107474610209465,0.0001111111111111111,69.80000000000001,"[66.2%, 69.2%, 75.0%, 66.3%, 73.0%, 74.0%, 72.3%, 69.6%, 62.6%]",54.900000000000006,"[18.9%, 63.5%, 75.0%, 53.6%, 69.1%, 68.8%, 64.1%, 45.6%, 35.5%]",60.48888888888889,"[50.6%, 65.3%, 71.8%, 53.6%, 65.7%, 68.8%, 64.1%, 54.2%, 50.3%]"
9,parallel,1,1,0.1,6.739729120761534,5.217528253793716,0.0001111111111111111,62.82000000000001,"[66.2%, 69.2%, 75.0%, 66.3%, 73.0%, 74.0%, 72.3%, 69.6%, 62.6%, 0.0%]",,,,
9,parallel,2,2,0.1,4.70372784892215,4.23520490527153,0.0001111111111111111,62.82000000000001,"[66.2%, 69.2%, 75.0%, 66.3%, 73.0%, 74.0%, 72.3%, 69.6%, 62.6%, 0.0%]",,,,
9,parallel,3,3,0.1,3.675183887723126,2.978957772254944,0.0001111111111111111,63.82000000000001,"[66.2%, 69.2%, 75.0%, 66.3%, 73.0%, 74.0%, 72.3%, 69.6%, 62.6%, 10.0%]",,,,
9,parallel,4,4,0.1,2.6093895706949355,2.4262705892324448,0.0001111111111111111,63.82000000000001,"[66.2%, 69.2%, 75.0%, 66.3%, 73.0%, 74.0%, 72.3%, 69.6%, 62.6%, 10.0%]",,,,
9,parallel,5,5,0.1,2.3883489264717586,2.363043874502182,0.0001111111111111111,63.82000000000001,"[66.2%, 69.2%, 75.0%, 66.3%, 73.0%, 74.0%, 72.3%, 69.6%, 62.6%, 10.0%]",,,,
9,parallel,6,6,0.1,2.3501064415219464,2.3358731120824814,0.0001111111111111111,63.82000000000001,"[66.2%, 69.2%, 75.0%, 66.3%, 73.0%, 74.0%, 72.3%, 69.6%, 62.6%, 10.0%]",,,,
9,parallel,7,7,0.1,2.335956606683852,2.3268755078315735,0.0001111111111111111,63.82000000000001,"[66.2%, 69.2%, 75.0%, 66.3%, 73.0%, 74.0%, 72.3%, 69.6%, 62.6%, 10.0%]",,,,
9,parallel,8,8,0.1,2.328104179116744,2.3222464621067047,0.0001111111111111111,63.82000000000001,"[66.2%, 69.2%, 75.0%, 66.3%, 73.0%, 74.0%, 72.3%, 69.6%, 62.6%, 10.0%]",,,,
9,parallel,9,9,0.1,2.3223288693005526,2.3207939118146896,0.0001111111111111111,63.82000000000001,"[66.2%, 69.2%, 75.0%, 66.3%, 73.0%, 74.0%, 72.3%, 69.6%, 62.6%, 10.0%]",,,,
9,parallel,10,10,0.1,2.2846145901498915,2.2168804183602333,0.0001111111111111111,64.54,"[66.2%, 69.2%, 75.0%, 66.3%, 73.0%, 74.0%, 72.3%, 69.6%, 62.6%, 17.2%]",,,,
9,parallel,11,11,0.1,2.165493325342106,2.0810559764504433,0.0001111111111111111,65.0,"[66.2%, 69.2%, 75.0%, 66.3%, 73.0%, 74.0%, 72.3%, 69.6%, 62.6%, 21.8%]",,,,
9,parallel,12,12,0.1,1.9954315303247185,2.045253723859787,0.0001111111111111111,65.29,"[66.2%, 69.2%, 75.0%, 66.3%, 73.0%, 74.0%, 72.3%, 69.6%, 62.6%, 24.7%]",,,,
9,parallel,13,13,0.1,1.8799439351769942,1.8009217530488968,0.0001111111111111111,66.56,"[66.2%, 69.2%, 75.0%, 66.3%, 73.0%, 74.0%, 72.3%, 69.6%, 62.6%, 37.4%]",,,,
9,parallel,14,14,0.1,1.7688983890074719,1.7250683791935444,0.0001111111111111111,67.07000000000001,"[66.2%, 69.2%, 75.0%, 66.3%, 73.0%, 74.0%, 72.3%, 69.6%, 62.6%, 42.5%]",,,,
9,parallel,15,15,0.1,1.6676660308355018,1.6771577894687653,0.0001111111111111111,67.04,"[66.2%, 69.2%, 75.0%, 66.3%, 73.0%, 74.0%, 72.3%, 69.6%, 62.6%, 42.2%]",,,,
9,parallel,16,16,0.1,1.606318150140062,1.6395138539373875,0.0001111111111111111,67.23,"[66.2%, 69.2%, 75.0%, 66.3%, 73.0%, 74.0%, 72.3%, 69.6%, 62.6%, 44.1%]",,,,
9,parallel,17,17,0.1,1.5563871634157398,1.5557820312678814,0.0001111111111111111,67.51,"[66.2%, 69.2%, 75.0%, 66.3%, 73.0%, 74.0%, 72.3%, 69.6%, 62.6%, 46.9%]",,,,
9,parallel,18,18,0.1,1.4982252845281288,1.5663994029164314,0.0001111111111111111,67.25,"[66.2%, 69.2%, 75.0%, 66.3%, 73.0%, 74.0%, 72.3%, 69.6%, 62.6%, 44.3%]",,,,
9,parallel,19,19,0.1,1.4650718909275682,1.4997744113206863,0.0001111111111111111,67.65,"[66.2%, 69.2%, 75.0%, 66.3%, 73.0%, 74.0%, 72.3%, 69.6%, 62.6%, 48.3%]",,,,
9,parallel,20,20,0.1,1.429441593870332,1.52931809425354,0.0001111111111111111,67.59,"[66.2%, 69.2%, 75.0%, 66.3%, 73.0%, 74.0%, 72.3%, 69.6%, 62.6%, 47.7%]",,,,
9,parallel,21,21,0.1,1.4011875919148893,1.4467956945300102,0.0001111111111111111,67.88000000000001,"[66.2%, 69.2%, 75.0%, 66.3%, 73.0%, 74.0%, 72.3%, 69.6%, 62.6%, 50.6%]",,,,
9,parallel,22,22,0.1,1.3755640998671326,1.420280147343874,0.0001111111111111111,68.1,"[66.2%, 69.2%, 75.0%, 66.3%, 73.0%, 74.0%, 72.3%, 69.6%, 62.6%, 52.8%]",,,,
9,parallel,23,23,0.1,1.3295958645736115,1.449009831994772,0.0001111111111111111,68.01,"[66.2%, 69.2%, 75.0%, 66.3%, 73.0%, 74.0%, 72.3%, 69.6%, 62.6%, 51.9%]",,,,
9,parallel,24,24,0.1,1.2985660894007622,1.3887672610580921,0.0001111111111111111,68.14000000000001,"[66.2%, 69.2%, 75.0%, 66.3%, 73.0%, 74.0%, 72.3%, 69.6%, 62.6%, 53.2%]",,,,
9,parallel,25,25,0.1,1.2757175904286058,1.3631346113979816,0.0001111111111111111,67.99000000000001,"[66.2%, 69.2%, 75.0%, 66.3%, 73.0%, 74.0%, 72.3%, 69.6%, 62.6%, 51.7%]",,,,
9,parallel,26,26,0.1,1.2564485269256784,1.3556327559053898,0.0001111111111111111,68.41,"[66.2%, 69.2%, 75.0%, 66.3%, 73.0%, 74.0%, 72.3%, 69.6%, 62.6%, 55.9%]",,,,
9,parallel,27,27,0.1,1.2116889546189127,1.405297689139843,0.0001111111111111111,68.18,"[66.2%, 69.2%, 75.0%, 66.3%, 73.0%, 74.0%, 72.3%, 69.6%, 62.6%, 53.6%]",,,,
9,parallel,28,28,0.1,1.185261806355247,1.3266306482255459,0.0001111111111111111,68.34,"[66.2%, 69.2%, 75.0%, 66.3%, 73.0%, 74.0%, 72.3%, 69.6%, 62.6%, 55.2%]",,,,
9,parallel,29,29,0.1,1.205627731130093,1.3403411954641342,0.0001111111111111111,68.42,"[66.2%, 69.2%, 75.0%, 66.3%, 73.0%, 74.0%, 72.3%, 69.6%, 62.6%, 56.0%]",,,,
9,parallel,30,30,0.1,1.1466658281374582,1.321310717612505,0.0001111111111111111,68.44000000000001,"[66.2%, 69.2%, 75.0%, 66.3%, 73.0%, 74.0%, 72.3%, 69.6%, 62.6%, 56.2%]",,,,
9,parallel,31,31,0.1,1.1457191215285771,1.256675098091364,0.0001111111111111111,68.6,"[66.2%, 69.2%, 75.0%, 66.3%, 73.0%, 74.0%, 72.3%, 69.6%, 62.6%, 57.8%]",,,,
9,parallel,32,32,0.1,1.0955884169928636,1.2645658999681473,0.0001111111111111111,68.64000000000001,"[66.2%, 69.2%, 75.0%, 66.3%, 73.0%, 74.0%, 72.3%, 69.6%, 62.6%, 58.2%]",,,,
9,parallel,33,33,0.1,1.0801924444452118,1.2149796336889267,0.0001111111111111111,68.74000000000001,"[66.2%, 69.2%, 75.0%, 66.3%, 73.0%, 74.0%, 72.3%, 69.6%, 62.6%, 59.2%]",,,,
9,parallel,34,34,0.1,1.0853061449678638,1.215963963419199,0.0001111111111111111,68.57000000000001,"[66.2%, 69.2%, 75.0%, 66.3%, 73.0%, 74.0%, 72.3%, 69.6%, 62.6%, 57.5%]",,,,
9,parallel,35,35,0.1,1.0656714250769797,1.160732340067625,0.0001111111111111111,68.96000000000001,"[66.2%, 69.2%, 75.0%, 66.3%, 73.0%, 74.0%, 72.3%, 69.6%, 62.6%, 61.4%]",,,,
9,parallel,36,36,0.1,1.061835064163691,1.204602811485529,0.0001111111111111111,68.75,"[66.2%, 69.2%, 75.0%, 66.3%, 73.0%, 74.0%, 72.3%, 69.6%, 62.6%, 59.3%]",,,,
9,parallel,37,37,0.1,1.0456678708897362,1.1766725033521652,0.0001111111111111111,68.88000000000001,"[66.2%, 69.2%, 75.0%, 66.3%, 73.0%, 74.0%, 72.3%, 69.6%, 62.6%, 60.6%]",,,,
9,parallel,38,38,0.1,1.0290217867380456,1.1625689752399921,0.0001111111111111111,68.84,"[66.2%, 69.2%, 75.0%, 66.3%, 73.0%, 74.0%, 72.3%, 69.6%, 62.6%, 60.2%]",,,,
9,parallel,39,39,0.1,1.0099662165098553,1.148515697568655,0.0001111111111111111,69.08000000000001,"[66.2%, 69.2%, 75.0%, 66.3%, 73.0%, 74.0%, 72.3%, 69.6%, 62.6%, 62.6%]",,,,
9,parallel,40,40,0.1,1.0162387512907196,1.195474088191986,0.0001111111111111111,68.92,"[66.2%, 69.2%, 75.0%, 66.3%, 73.0%, 74.0%, 72.3%, 69.6%, 62.6%, 61.0%]",,,,
9,parallel,41,41,0.1,0.9831030481978308,1.1527755483984947,0.0001111111111111111,68.94000000000001,"[66.2%, 69.2%, 75.0%, 66.3%, 73.0%, 74.0%, 72.3%, 69.6%, 62.6%, 61.2%]",,,,
9,parallel,42,42,0.1,0.9740515290936337,1.1734933331608772,0.0001111111111111111,68.87,"[66.2%, 69.2%, 75.0%, 66.3%, 73.0%, 74.0%, 72.3%, 69.6%, 62.6%, 60.5%]",,,,
9,parallel,43,43,0.1,0.9856750836855248,1.1075341179966927,0.0001111111111111111,69.06,"[66.2%, 69.2%, 75.0%, 66.3%, 73.0%, 74.0%, 72.3%, 69.6%, 62.6%, 62.4%]",,,,
9,parallel,44,44,0.1,0.9620934234389776,1.1369164399802685,0.0001111111111111111,69.0,"[66.2%, 69.2%, 75.0%, 66.3%, 73.0%, 74.0%, 72.3%, 69.6%, 62.6%, 61.8%]",,,,
9,parallel,45,45,0.1,0.9295978432969202,1.1208000928163528,0.0001111111111111111,69.19000000000001,"[66.2%, 69.2%, 75.0%, 66.3%, 73.0%, 74.0%, 72.3%, 69.6%, 62.6%, 63.7%]",,,,
9,parallel,46,46,0.1,0.9346112178850777,1.1824996210634708,0.0001111111111111111,68.91,"[66.2%, 69.2%, 75.0%, 66.3%, 73.0%, 74.0%, 72.3%, 69.6%, 62.6%, 60.9%]",,,,
9,parallel,47,47,0.1,0.9432440505752081,1.1460214946419,0.0001111111111111111,69.18,"[66.2%, 69.2%, 75.0%, 66.3%, 73.0%, 74.0%, 72.3%, 69.6%, 62.6%, 63.6%]",,,,
9,parallel,48,48,0.1,0.9218591481824464,1.1633491031825542,0.0001111111111111111,68.98,"[66.2%, 69.2%, 75.0%, 66.3%, 73.0%, 74.0%, 72.3%, 69.6%, 62.6%, 61.6%]",,,,
9,parallel,49,49,0.1,0.9124723008916348,1.139729343354702,0.0001111111111111111,69.04,"[66.2%, 69.2%, 75.0%, 66.3%, 73.0%, 74.0%, 72.3%, 69.6%, 62.6%, 62.2%]",,,,
9,parallel,50,50,0.1,0.9108191268353523,1.1146666631102562,0.0001111111111111111,69.14000000000001,"[66.2%, 69.2%, 75.0%, 66.3%, 73.0%, 74.0%, 72.3%, 69.6%, 62.6%, 63.2%]",,,,
9,parallel,51,51,0.1,0.9087083928192718,1.0834129117429256,0.0001111111111111111,69.11,"[66.2%, 69.2%, 75.0%, 66.3%, 73.0%, 74.0%, 72.3%, 69.6%, 62.6%, 62.9%]",,,,
9,parallel,52,52,0.1,0.8781741163398646,1.1332371160387993,0.0001111111111111111,69.13000000000001,"[66.2%, 69.2%, 75.0%, 66.3%, 73.0%, 74.0%, 72.3%, 69.6%, 62.6%, 63.1%]",,,,
9,parallel,53,53,0.1,0.8683775014515165,1.0817186422646046,0.0001111111111111111,69.33000000000001,"[66.2%, 69.2%, 75.0%, 66.3%, 73.0%, 74.0%, 72.3%, 69.6%, 62.6%, 65.1%]",,,,
9,parallel,54,54,0.1,0.8519830824453619,1.0901322942227125,0.0001111111111111111,69.25,"[66.2%, 69.2%, 75.0%, 66.3%, 73.0%, 74.0%, 72.3%, 69.6%, 62.6%, 64.3%]",,,,
9,parallel,55,55,0.1,0.879452535245992,1.1458037309348583,0.0001111111111111111,69.13000000000001,"[66.2%, 69.2%, 75.0%, 66.3%, 73.0%, 74.0%, 72.3%, 69.6%, 62.6%, 63.1%]",,,,
9,weights,1,56,0.1,0.8485514868663836,1.137047152966261,0.0001111111111111111,69.07000000000001,"[66.2%, 69.2%, 75.0%, 66.3%, 73.0%, 74.0%, 72.3%, 69.6%, 62.6%, 62.5%]",,,,
9,weights,2,57,0.1,0.8438207092164438,1.1134924031794071,0.0001111111111111111,68.98,"[66.2%, 69.2%, 75.0%, 66.3%, 73.0%, 74.0%, 72.3%, 69.6%, 62.6%, 61.6%]",,,,
9,weights,3,58,0.1,0.8351888486856147,1.0691770259290934,0.0001111111111111111,69.26,"[66.2%, 69.2%, 75.0%, 66.3%, 73.0%, 74.0%, 72.3%, 69.6%, 62.6%, 64.4%]",,,,
9,weights,4,59,0.1,0.8404272711729701,1.0658709667623043,0.0001111111111111111,69.25,"[66.2%, 69.2%, 75.0%, 66.3%, 73.0%, 74.0%, 72.3%, 69.6%, 62.6%, 64.3%]",,,,
9,weights,5,60,0.1,0.8306419336343114,1.1098513640463352,0.0001111111111111111,69.15,"[66.2%, 69.2%, 75.0%, 66.3%, 73.0%, 74.0%, 72.3%, 69.6%, 62.6%, 63.3%]",,,,
9,weights,6,61,0.1,0.8266995745369151,1.06768948584795,0.0001111111111111111,69.33000000000001,"[66.2%, 69.2%, 75.0%, 66.3%, 73.0%, 74.0%, 72.3%, 69.6%, 62.6%, 65.1%]",,,,
9,weights,7,62,0.1,0.8186183862293823,1.0712759271264076,0.0001111111111111111,69.32000000000001,"[66.2%, 69.2%, 75.0%, 66.3%, 73.0%, 74.0%, 72.3%, 69.6%, 62.6%, 65.0%]",,,,
9,weights,8,63,0.1,0.8106005259707004,1.0952347666025162,0.0001111111111111111,69.08000000000001,"[66.2%, 69.2%, 75.0%, 66.3%, 73.0%, 74.0%, 72.3%, 69.6%, 62.6%, 62.6%]",,,,
9,weights,9,64,0.1,0.8056443680690814,1.0799565613269806,0.0001111111111111111,69.37,"[66.2%, 69.2%, 75.0%, 66.3%, 73.0%, 74.0%, 72.3%, 69.6%, 62.6%, 65.5%]",,,,
9,weights,10,65,0.1,0.8141582223433482,1.0539332367479801,0.0001111111111111111,69.31,"[66.2%, 69.2%, 75.0%, 66.3%, 73.0%, 74.0%, 72.3%, 69.6%, 62.6%, 64.9%]",,,,
9,weights,11,66,0.1,0.7801086185853693,1.0393270999193192,0.0001111111111111111,69.38000000000001,"[66.2%, 69.2%, 75.0%, 66.3%, 73.0%, 74.0%, 72.3%, 69.6%, 62.6%, 65.6%]",,,,
9,weights,12,67,0.1,0.795501272135143,1.0434152521193027,0.0001111111111111111,69.31,"[66.2%, 69.2%, 75.0%, 66.3%, 73.0%, 74.0%, 72.3%, 69.6%, 62.6%, 64.9%]",,,,
9,weights,13,68,0.1,0.78103437567059,1.0173134431242943,0.0001111111111111111,69.44000000000001,"[66.2%, 69.2%, 75.0%, 66.3%, 73.0%, 74.0%, 72.3%, 69.6%, 62.6%, 66.2%]",,,,
9,weights,14,69,0.1,0.7681130008606971,1.0224642716348171,0.0001111111111111111,69.42,"[66.2%, 69.2%, 75.0%, 66.3%, 73.0%, 74.0%, 72.3%, 69.6%, 62.6%, 66.0%]",,,,
9,weights,15,70,0.1,0.780692834642869,1.0210099890828133,0.0001111111111111111,69.41,"[66.2%, 69.2%, 75.0%, 66.3%, 73.0%, 74.0%, 72.3%, 69.6%, 62.6%, 65.9%]",,,,
9,weights,16,71,0.1,0.7663211792330199,1.0495784617960453,0.0001111111111111111,69.34,"[66.2%, 69.2%, 75.0%, 66.3%, 73.0%, 74.0%, 72.3%, 69.6%, 62.6%, 65.2%]",,,,
9,weights,17,72,0.1,0.7600325127191181,1.0130666512995958,0.0001111111111111111,69.52000000000001,"[66.2%, 69.2%, 75.0%, 66.3%, 73.0%, 74.0%, 72.3%, 69.6%, 62.6%, 67.0%]",,,,
9,weights,18,73,0.1,0.7526460848277128,1.0374756511300802,0.0001111111111111111,69.38000000000001,"[66.2%, 69.2%, 75.0%, 66.3%, 73.0%, 74.0%, 72.3%, 69.6%, 62.6%, 65.6%]",,,,
9,weights,19,74,0.1,0.7501557310925254,1.0332311764359474,0.0001111111111111111,69.54,"[66.2%, 69.2%, 75.0%, 66.3%, 73.0%, 74.0%, 72.3%, 69.6%, 62.6%, 67.2%]",,,,
9,weights,20,75,0.1,0.7355219868919517,1.0045729465782642,0.0001111111111111111,69.51,"[66.2%, 69.2%, 75.0%, 66.3%, 73.0%, 74.0%, 72.3%, 69.6%, 62.6%, 66.9%]",,,,
9,weights,21,76,0.1,0.7575442968290064,0.9979524649679661,0.0001111111111111111,69.39000000000001,"[66.2%, 69.2%, 75.0%, 66.3%, 73.0%, 74.0%, 72.3%, 69.6%, 62.6%, 65.7%]",,,,
9,weights,22,77,0.1,0.7374752126162565,0.9833314679563046,0.0001111111111111111,69.48,"[66.2%, 69.2%, 75.0%, 66.3%, 73.0%, 74.0%, 72.3%, 69.6%, 62.6%, 66.6%]",,,,
9,weights,23,78,0.1,0.7100163494484334,1.0486797168850899,0.0001111111111111111,69.34,"[66.2%, 69.2%, 75.0%, 66.3%, 73.0%, 74.0%, 72.3%, 69.6%, 62.6%, 65.2%]",,,,
9,weights,24,79,0.1,0.7254344126846217,0.977131437510252,0.0001111111111111111,69.6,"[66.2%, 69.2%, 75.0%, 66.3%, 73.0%, 74.0%, 72.3%, 69.6%, 62.6%, 67.8%]",,,,
9,weights,25,80,0.1,0.7164966694161862,1.0368370525538921,0.0001111111111111111,69.43,"[66.2%, 69.2%, 75.0%, 66.3%, 73.0%, 74.0%, 72.3%, 69.6%, 62.6%, 66.1%]",52.67,"[18.9%, 63.5%, 75.0%, 50.6%, 69.1%, 68.8%, 64.1%, 45.6%, 33.4%, 37.7%]",58.420000000000016,"[50.6%, 69.2%, 71.8%, 50.6%, 65.7%, 68.8%, 64.1%, 48.6%, 51.7%, 43.1%]"
