task_idx,phase,epoch_in_phase,global_epoch,kappa,train_loss,val_loss,lr,til_avg,til_per_task,cil_stand_avg,cil_stand_per_task,cil_znorm_avg,cil_znorm_per_task
0,parallel,1,1,0.5,2.5182338847389705,2.2099610939621925,0.001,22.2,[22.2%],,,,
0,parallel,2,2,0.5,2.1367335666584064,2.015285961329937,0.001,30.8,[30.8%],,,,
0,parallel,3,3,0.5,1.915559159049505,1.787628173828125,0.001,40.6,[40.6%],,,,
0,parallel,4,4,0.5,1.7496658291997789,1.6421298161149025,0.001,41.7,[41.7%],,,,
0,parallel,5,5,0.4899375100144209,1.5790623532065862,1.560813333839178,0.001,44.5,[44.5%],,,,
0,parallel,6,6,0.4743000416599904,1.4871673055841952,1.4453246966004372,0.001,51.6,[51.6%],,,,
0,parallel,7,7,0.45898257330556,1.3864334625533865,1.3628626577556133,0.001,53.5,[53.5%],,,,
0,parallel,8,8,0.44398510495112964,1.3177553113502791,1.2725542299449444,0.001,56.5,[56.5%],,,,
0,parallel,9,9,0.42930763659669924,1.2279309064527102,1.2049642205238342,0.001,55.4,[55.4%],,,,
0,parallel,10,10,0.4149501682422688,1.1616967388346224,1.2421638518571854,0.001,57.1,[57.1%],,,,
0,parallel,11,11,0.4009126998878385,1.1452381550511228,1.130018912255764,0.001,58.8,[58.8%],,,,
0,parallel,12,12,0.3871952315334082,1.0825616724883453,1.112576810643077,0.001,62.1,[62.1%],,,,
0,parallel,13,13,0.3737977631789777,1.0590910534315472,1.051533054560423,0.001,62.9,[62.9%],,,,
0,parallel,14,14,0.36072029482454737,0.9933180605308919,1.075616281479597,0.001,62.2,[62.2%],,,,
0,parallel,15,15,0.34796282647011695,0.9318160278887688,0.9982625767588615,0.001,66.4,[66.4%],,,,
0,parallel,16,16,0.33552535811568657,0.920703948298587,1.0706077963113785,0.001,63.8,[63.8%],,,,
0,parallel,17,17,0.32340788976125623,0.9221400648732728,1.0393002294003963,0.001,63.7,[63.7%],,,,
0,parallel,18,18,0.3116104214068258,0.8458780608599699,1.1198826655745506,0.001,61.2,[61.2%],,,,
0,parallel,19,19,0.3001329530523955,0.8334931553919104,1.0313697028905153,0.001,64.8,[64.8%],,,,
0,parallel,20,20,0.2889754846979651,0.8769944181925133,1.0333632994443178,0.0003333333333333333,64.5,[64.5%],,,,
0,parallel,21,21,0.2781380163435347,0.7462061945396133,0.9779830239713192,0.0003333333333333333,66.1,[66.1%],,,,
0,parallel,22,22,0.2676205479891044,0.7036557365444642,0.9789532013237476,0.0003333333333333333,66.0,[66.0%],,,,
0,parallel,23,23,0.257423079634674,0.7047698071485833,0.9418186582624912,0.0003333333333333333,67.7,[67.7%],,,,
0,parallel,24,24,0.24754561128024358,0.7187703598903704,0.9466475695371628,0.0003333333333333333,67.5,[67.5%],,,,
0,parallel,25,25,0.2379881429258132,0.7264196099359778,0.9719887208193541,0.0003333333333333333,67.4,[67.4%],,,,
0,parallel,26,26,0.2287506745713828,0.75781547457357,0.9771000929176807,0.0003333333333333333,66.8,[66.8%],,,,
0,parallel,27,27,0.21983320621695243,0.7386948670013042,0.9967593140900135,0.0003333333333333333,66.9,[66.9%],,,,
0,parallel,28,28,0.21123573786252203,0.786041216759742,0.9725590962916613,0.0001111111111111111,67.3,[67.3%],,,,
0,parallel,29,29,0.20295826950809165,0.8298873550529722,1.0815603956580162,0.0001111111111111111,63.1,[63.1%],,,,
0,parallel,30,30,0.1950008011536613,0.8647237646428845,1.0180847644805908,0.0001111111111111111,66.5,[66.5%],,,,
0,parallel,31,31,0.1873633327992309,0.9867432781412632,1.216783918440342,0.0001111111111111111,60.3,[60.3%],,,,
0,parallel,32,32,0.18004586444480053,0.9878740031507951,1.096662063151598,0.0001111111111111111,63.3,[63.3%],,,,
0,parallel,33,33,0.17304839609037015,0.9732112507276898,1.076838195323944,0.0001111111111111111,62.9,[62.9%],,,,
0,parallel,34,34,0.16637092773593976,1.0398422811604753,1.1714198552072048,0.0001111111111111111,62.9,[62.9%],,,,
0,parallel,35,35,0.16001345938150938,1.0301187491115136,1.1833122186362743,0.0001111111111111111,63.2,[63.2%],,,,
0,parallel,36,36,0.153975991027079,1.1298499620413478,1.2543041370809078,0.0001111111111111111,60.4,[60.4%],,,,
0,parallel,37,37,0.14825852267264863,1.1324964022334618,1.2606642842292786,0.0001111111111111111,61.1,[61.1%],,,,
0,parallel,38,38,0.14286105431821824,1.1136177167107788,1.1988989673554897,0.0001111111111111111,62.4,[62.4%],,,,
0,parallel,39,39,0.13778358596378787,1.2553805060024503,1.2756726406514645,0.0001111111111111111,59.6,[59.6%],,,,
0,parallel,40,40,0.13302611760935748,1.1956081111219865,1.280925452709198,0.0001111111111111111,59.2,[59.2%],,,,
0,parallel,41,41,0.12858864925492708,1.2446523135221457,1.3079587705433369,0.0001111111111111111,60.5,[60.5%],,,,
0,parallel,42,42,0.12447118090049673,1.3772610546667365,1.5508142933249474,0.0001111111111111111,51.9,[51.9%],,,,
0,parallel,43,43,0.12067371254606635,1.3956584643714036,1.4272274523973465,0.0001111111111111111,55.8,[55.8%],,,,
0,parallel,44,44,0.11719624419163596,1.3464246294166469,1.4063714630901814,0.0001111111111111111,56.5,[56.5%],,,,
0,parallel,45,45,0.11403877583720558,1.394610107699527,1.4336520284414291,0.0001111111111111111,55.7,[55.7%],,,,
0,parallel,46,46,0.11120130748277521,1.36080100566526,1.4328981898725033,0.0001111111111111111,55.8,[55.8%],,,,
0,parallel,47,47,0.10868383912834481,1.5368001823183857,1.574357509613037,0.0001111111111111111,51.8,[51.8%],,,,
0,parallel,48,48,0.10648637077391443,1.481270526783376,1.4713360667228699,0.0001111111111111111,54.2,[54.2%],,,,
0,parallel,49,49,0.10460890241948406,1.429956412013573,1.482570342719555,0.0001111111111111111,53.9,[53.9%],,,,
0,parallel,50,50,0.10305143406505368,1.3950562612919868,1.4283916763961315,0.0001111111111111111,56.8,[56.8%],,,,
0,parallel,51,51,0.1018139657106233,1.3354002403307565,1.3945021741092205,0.0001111111111111111,57.2,[57.2%],,,,
0,parallel,52,52,0.10089649735619292,1.3902228165276442,1.450812455266714,0.0001111111111111111,55.0,[55.0%],,,,
0,parallel,53,53,0.10029902900176255,1.337462310549579,1.383783683180809,0.0001111111111111111,56.5,[56.5%],,,,
0,parallel,54,54,0.10002156064733217,1.2850398096857192,1.3687546998262405,0.0001111111111111111,56.9,[56.9%],,,,
0,parallel,55,55,0.1,1.2743501783926277,1.3688674978911877,0.0001111111111111111,55.8,[55.8%],,,,
0,weights,1,56,0.1,1.2264887494376944,1.3222122676670551,0.0001111111111111111,58.0,[58.0%],,,,
0,weights,2,57,0.1,1.2089643900907492,1.304690696299076,0.0001111111111111111,58.2,[58.2%],,,,
0,weights,3,58,0.1,1.201851716524438,1.2956871911883354,0.0001111111111111111,58.6,[58.6%],,,,
0,weights,4,59,0.1,1.1751855377909504,1.277250599116087,0.0001111111111111111,58.3,[58.3%],,,,
0,weights,5,60,0.1,1.1628548955615563,1.2908311747014523,0.0001111111111111111,57.6,[57.6%],,,,
0,weights,6,61,0.1,1.151954533178595,1.2901395559310913,0.0001111111111111111,56.7,[56.7%],,,,
0,weights,7,62,0.1,1.1297883753535114,1.2392321936786175,0.0001111111111111111,58.2,[58.2%],,,,
0,weights,8,63,0.1,1.1113299229477025,1.225722424685955,0.0001111111111111111,59.0,[59.0%],,,,
0,weights,9,64,0.1,1.0945230028297328,1.255478534847498,0.0001111111111111111,58.1,[58.1%],,,,
0,weights,10,65,0.1,1.0871380031863345,1.2165066450834274,0.0001111111111111111,59.3,[59.3%],,,,
0,weights,11,66,0.1,1.078112140486512,1.2014790996909142,0.0001111111111111111,60.1,[60.1%],,,,
0,weights,12,67,0.1,1.0673993803277801,1.2148982658982277,0.0001111111111111111,59.4,[59.4%],,,,
0,weights,13,68,0.1,1.049927974049049,1.188593901693821,0.0001111111111111111,60.4,[60.4%],,,,
0,weights,14,69,0.1,1.0421014405504059,1.21129434928298,0.0001111111111111111,58.4,[58.4%],,,,
0,weights,15,70,0.1,1.0237284016005601,1.2020945064723492,0.0001111111111111111,59.6,[59.6%],,,,
0,weights,16,71,0.1,1.025746590729001,1.154101088643074,0.0001111111111111111,61.4,[61.4%],,,,
0,weights,17,72,0.1,1.0253831600841088,1.1733817979693413,0.0001111111111111111,59.8,[59.8%],,,,
0,weights,18,73,0.1,1.0004296121718008,1.1496317647397518,0.0001111111111111111,60.2,[60.2%],,,,
0,weights,19,74,0.1,0.998417126981518,1.1844114437699318,0.0001111111111111111,60.4,[60.4%],,,,
0,weights,20,75,0.1,0.9869243747825864,1.1333288215100765,0.0001111111111111111,61.9,[61.9%],,,,
0,weights,21,76,0.1,0.9993787709670731,1.171162724494934,0.0001111111111111111,60.4,[60.4%],,,,
0,weights,22,77,0.1,0.9773823905594742,1.124611720442772,0.0001111111111111111,61.8,[61.8%],,,,
0,weights,23,78,0.1,0.9770821461194679,1.1310984678566456,0.0001111111111111111,61.1,[61.1%],,,,
0,weights,24,79,0.1,0.9476259048981003,1.148589938879013,0.0001111111111111111,60.5,[60.5%],,,,
0,weights,25,80,0.1,0.942733732205403,1.1639727093279362,0.0001111111111111111,60.4,[60.4%],60.4,[60.4%],60.4,[60.4%]
1,parallel,1,1,0.5,2.8707187055032466,2.3560508266091347,0.0001111111111111111,35.2,"[60.4%, 10.0%]",,,,
1,parallel,2,2,0.5,2.2900744329524945,2.1548128724098206,0.0001111111111111111,39.4,"[60.4%, 18.4%]",,,,
1,parallel,3,3,0.5,2.09363196922254,2.0608454570174217,0.0001111111111111111,40.2,"[60.4%, 20.0%]",,,,
1,parallel,4,4,0.5,2.0319767828229107,1.9680695459246635,0.0001111111111111111,41.85,"[60.4%, 23.3%]",,,,
1,parallel,5,5,0.4899375100144209,1.9560820407505277,1.9220619201660156,0.0001111111111111111,43.45,"[60.4%, 26.5%]",,,,
1,parallel,6,6,0.4743000416599904,1.8502516957777966,1.7767656296491623,0.0001111111111111111,48.599999999999994,"[60.4%, 36.8%]",,,,
1,parallel,7,7,0.45898257330556,1.7470424326160285,1.658159889280796,0.0001111111111111111,51.15,"[60.4%, 41.9%]",,,,
1,parallel,8,8,0.44398510495112964,1.6717653108548514,1.6410603486001492,0.0001111111111111111,49.55,"[60.4%, 38.7%]",,,,
1,parallel,9,9,0.42930763659669924,1.5672927642170387,1.5317584834992886,0.0001111111111111111,53.25,"[60.4%, 46.1%]",,,,
1,parallel,10,10,0.4149501682422688,1.4910961902594264,1.5646717809140682,0.0001111111111111111,54.099999999999994,"[60.4%, 47.8%]",,,,
1,parallel,11,11,0.4009126998878385,1.4363633650767653,1.4859196245670319,0.0001111111111111111,53.8,"[60.4%, 47.2%]",,,,
1,parallel,12,12,0.3871952315334082,1.4051552860042718,1.4356152154505253,0.0001111111111111111,56.4,"[60.4%, 52.4%]",,,,
1,parallel,13,13,0.3737977631789777,1.36655137810526,1.4665632918477058,0.0001111111111111111,54.55,"[60.4%, 48.7%]",,,,
1,parallel,14,14,0.36072029482454737,1.296329279489155,1.3025606274604797,0.0001111111111111111,57.75,"[60.4%, 55.1%]",,,,
1,parallel,15,15,0.34796282647011695,1.2295640518393698,1.251964207738638,0.0001111111111111111,58.75,"[60.4%, 57.1%]",,,,
1,parallel,16,16,0.33552535811568657,1.2162464540215987,1.2727184891700745,0.0001111111111111111,58.3,"[60.4%, 56.2%]",,,,
1,parallel,17,17,0.32340788976125623,1.2434359856798678,1.1826786659657955,0.0001111111111111111,59.65,"[60.4%, 58.9%]",,,,
1,parallel,18,18,0.3116104214068258,1.1472930561138104,1.2276783511042595,0.0001111111111111111,58.95,"[60.4%, 57.5%]",,,,
1,parallel,19,19,0.3001329530523955,1.0960107528710668,1.2092026956379414,0.0001111111111111111,59.8,"[60.4%, 59.2%]",,,,
1,parallel,20,20,0.2889754846979651,1.1140918403486662,1.2025621458888054,0.0001111111111111111,58.599999999999994,"[60.4%, 56.8%]",,,,
1,parallel,21,21,0.2781380163435347,1.0924729916113842,1.1396857500076294,0.0001111111111111111,61.65,"[60.4%, 62.9%]",,,,
1,parallel,22,22,0.2676205479891044,1.0302367112304591,1.130897682160139,0.0001111111111111111,61.95,"[60.4%, 63.5%]",,,,
1,parallel,23,23,0.257423079634674,1.0138410971134524,1.0716900378465652,0.0001111111111111111,62.400000000000006,"[60.4%, 64.4%]",,,,
1,parallel,24,24,0.24754561128024358,0.9975622462320931,1.128872349858284,0.0001111111111111111,60.849999999999994,"[60.4%, 61.3%]",,,,
1,parallel,25,25,0.2379881429258132,0.97525342883943,1.0441233441233635,0.0001111111111111111,62.2,"[60.4%, 64.0%]",,,,
1,parallel,26,26,0.2287506745713828,1.0276989635032943,1.079886220395565,0.0001111111111111111,61.65,"[60.4%, 62.9%]",,,,
1,parallel,27,27,0.21983320621695243,0.9774094691759423,1.0338753201067448,0.0001111111111111111,63.75,"[60.4%, 67.1%]",,,,
1,parallel,28,28,0.21123573786252203,1.0375679308855081,1.1259584054350853,0.0001111111111111111,62.3,"[60.4%, 64.2%]",,,,
1,parallel,29,29,0.20295826950809165,1.0535577030121526,1.1102600246667862,0.0001111111111111111,61.849999999999994,"[60.4%, 63.3%]",,,,
1,parallel,30,30,0.1950008011536613,1.0265051488634906,1.142602153122425,0.0001111111111111111,61.15,"[60.4%, 61.9%]",,,,
1,parallel,31,31,0.1873633327992309,1.0314596574517745,1.2259835712611675,0.0001111111111111111,60.349999999999994,"[60.4%, 60.3%]",,,,
1,parallel,32,32,0.18004586444480053,1.0267399043976506,1.0790648683905602,0.0001111111111111111,62.45,"[60.4%, 64.5%]",,,,
1,parallel,33,33,0.17304839609037015,0.9931811682785614,1.100204087793827,0.0001111111111111111,61.7,"[60.4%, 63.0%]",,,,
1,parallel,34,34,0.16637092773593976,1.1127195697796495,1.1075404323637486,0.0001111111111111111,61.95,"[60.4%, 63.5%]",,,,
1,parallel,35,35,0.16001345938150938,1.0777374294739734,1.148221928626299,0.0001111111111111111,60.9,"[60.4%, 61.4%]",,,,
1,parallel,36,36,0.153975991027079,1.0832824080805235,1.1190306842327118,0.0001111111111111111,61.2,"[60.4%, 62.0%]",,,,
1,parallel,37,37,0.14825852267264863,1.0477760388881345,1.151258610188961,0.0001111111111111111,61.3,"[60.4%, 62.2%]",,,,
1,parallel,38,38,0.14286105431821824,1.0438733032987089,1.128568310290575,0.0001111111111111111,61.7,"[60.4%, 63.0%]",,,,
1,parallel,39,39,0.13778358596378787,1.1652991756608215,1.1673650406301022,0.0001111111111111111,60.2,"[60.4%, 60.0%]",,,,
1,parallel,40,40,0.13302611760935748,1.1131559376475177,1.2038528881967068,0.0001111111111111111,60.5,"[60.4%, 60.6%]",,,,
1,parallel,41,41,0.12858864925492708,1.1147599582430683,1.1264006681740284,0.0001111111111111111,61.8,"[60.4%, 63.2%]",,,,
1,parallel,42,42,0.12447118090049673,1.1832991853544983,1.2656543031334877,0.0001111111111111111,59.5,"[60.4%, 58.6%]",,,,
1,parallel,43,43,0.12067371254606635,1.1974460241160816,1.1891214437782764,0.0001111111111111111,61.8,"[60.4%, 63.2%]",,,,
1,parallel,44,44,0.11719624419163596,1.1122258396088323,1.261590350419283,0.0001111111111111111,59.2,"[60.4%, 58.0%]",,,,
1,parallel,45,45,0.11403877583720558,1.1665081027187878,1.171441949903965,0.0001111111111111111,60.8,"[60.4%, 61.2%]",,,,
1,parallel,46,46,0.11120130748277521,1.102525094641915,1.2101538516581059,0.0001111111111111111,60.55,"[60.4%, 60.7%]",,,,
1,parallel,47,47,0.10868383912834481,1.2446128552473044,1.2790331207215786,0.0001111111111111111,59.599999999999994,"[60.4%, 58.8%]",,,,
1,parallel,48,48,0.10648637077391443,1.1474382666092884,1.1794034577906132,0.0001111111111111111,61.0,"[60.4%, 61.6%]",,,,
1,parallel,49,49,0.10460890241948406,1.1018226606936394,1.224734004586935,0.0001111111111111111,59.849999999999994,"[60.4%, 59.3%]",,,,
1,parallel,50,50,0.10305143406505368,1.0622095609013038,1.1114843934774399,0.0001111111111111111,62.15,"[60.4%, 63.9%]",,,,
1,parallel,51,51,0.1018139657106233,1.0070053082478196,1.1291353665292263,0.0001111111111111111,61.95,"[60.4%, 63.5%]",,,,
1,parallel,52,52,0.10089649735619292,1.0748643075363546,1.1601429805159569,0.0001111111111111111,61.05,"[60.4%, 61.7%]",,,,
1,parallel,53,53,0.10029902900176255,1.0502396112755885,1.090879786759615,0.0001111111111111111,62.7,"[60.4%, 65.0%]",,,,
1,parallel,54,54,0.10002156064733217,1.0157740629172023,1.101059552282095,0.0001111111111111111,61.65,"[60.4%, 62.9%]",,,,
1,parallel,55,55,0.1,0.9661525280415257,1.1065294481813908,0.0001111111111111111,62.099999999999994,"[60.4%, 63.8%]",,,,
1,weights,1,56,0.1,0.9482002341294591,1.1055662594735622,0.0001111111111111111,62.400000000000006,"[60.4%, 64.4%]",,,,
1,weights,2,57,0.1,0.942453531524803,1.067193876951933,0.0001111111111111111,62.25,"[60.4%, 64.1%]",,,,
1,weights,3,58,0.1,0.9291489350644848,1.100579895079136,0.0001111111111111111,61.599999999999994,"[60.4%, 62.8%]",,,,
1,weights,4,59,0.1,0.90941975237448,1.0718729253858328,0.0001111111111111111,62.45,"[60.4%, 64.5%]",,,,
1,weights,5,60,0.1,0.8969298684144322,1.043055810034275,0.0001111111111111111,63.150000000000006,"[60.4%, 65.9%]",,,,
1,weights,6,61,0.1,0.8761659091032004,1.0581292733550072,0.0001111111111111111,62.55,"[60.4%, 64.7%]",,,,
1,weights,7,62,0.1,0.8642860771734503,1.0826966762542725,0.0001111111111111111,61.599999999999994,"[60.4%, 62.8%]",,,,
1,weights,8,63,0.1,0.8526406869103637,1.056626558303833,0.0001111111111111111,62.45,"[60.4%, 64.5%]",,,,
1,weights,9,64,0.1,0.8570285824280751,1.058247435837984,0.0001111111111111111,62.5,"[60.4%, 64.6%]",,,,
1,weights,10,65,0.1,0.8270432398289065,1.0590589456260204,0.0001111111111111111,63.55,"[60.4%, 66.7%]",,,,
1,weights,11,66,0.1,0.8451494016224825,1.0433387830853462,0.0001111111111111111,62.400000000000006,"[60.4%, 64.4%]",,,,
1,weights,12,67,0.1,0.8280331100089641,1.043803557753563,0.0001111111111111111,63.099999999999994,"[60.4%, 65.8%]",,,,
1,weights,13,68,0.1,0.8107780512375168,1.0450280755758286,0.0001111111111111111,62.849999999999994,"[60.4%, 65.3%]",,,,
1,weights,14,69,0.1,0.8065336995486971,0.9903801530599594,0.0001111111111111111,64.0,"[60.4%, 67.6%]",,,,
1,weights,15,70,0.1,0.7785595221610009,1.0508597493171692,0.0001111111111111111,63.099999999999994,"[60.4%, 65.8%]",,,,
1,weights,16,71,0.1,0.7753051032748404,1.0475398004055023,0.0001111111111111111,63.2,"[60.4%, 66.0%]",,,,
1,weights,17,72,0.1,0.7806224434436122,0.9971238747239113,0.0001111111111111111,63.849999999999994,"[60.4%, 67.3%]",,,,
1,weights,18,73,0.1,0.7884926267817051,1.0482178814709187,0.0001111111111111111,62.599999999999994,"[60.4%, 64.8%]",,,,
1,weights,19,74,0.1,0.7787227581573438,0.9908199198544025,0.0001111111111111111,63.55,"[60.4%, 66.7%]",,,,
1,weights,20,75,0.1,0.7568089358414276,0.9607732445001602,0.0001111111111111111,63.95,"[60.4%, 67.5%]",,,,
1,weights,21,76,0.1,0.7504077044468892,1.0663862358778715,0.0001111111111111111,63.0,"[60.4%, 65.6%]",,,,
1,weights,22,77,0.1,0.7384745780425735,1.005558978766203,0.0001111111111111111,63.400000000000006,"[60.4%, 66.4%]",,,,
1,weights,23,78,0.1,0.7267455036127115,1.0106539018452168,0.0001111111111111111,63.7,"[60.4%, 67.0%]",,,,
1,weights,24,79,0.1,0.7242541660236407,0.9986614473164082,0.0001111111111111111,63.75,"[60.4%, 67.1%]",,,,
1,weights,25,80,0.1,0.7288255382187759,0.9477264452725649,0.0001111111111111111,64.6,"[60.4%, 68.8%]",53.25,"[37.7%, 68.8%]",57.5,"[46.2%, 68.8%]"
2,parallel,1,1,0.5,3.290128288389761,2.344241663813591,0.0001111111111111111,46.4,"[60.4%, 68.8%, 10.0%]",,,,
2,parallel,2,2,0.5,2.3399943762187716,2.3140056282281876,0.0001111111111111111,46.4,"[60.4%, 68.8%, 10.0%]",,,,
2,parallel,3,3,0.5,2.199081980729405,2.0912413895130157,0.0001111111111111111,51.633333333333326,"[60.4%, 68.8%, 25.7%]",,,,
2,parallel,4,4,0.5,1.9286048699028884,1.9537371061742306,0.0001111111111111111,52.9,"[60.4%, 68.8%, 29.5%]",,,,
2,parallel,5,5,0.4899375100144209,1.7950091558166696,1.755644753575325,0.0001111111111111111,55.9,"[60.4%, 68.8%, 38.5%]",,,,
2,parallel,6,6,0.4743000416599904,1.6078681749633597,1.5846971832215786,0.0001111111111111111,58.29999999999999,"[60.4%, 68.8%, 45.7%]",,,,
2,parallel,7,7,0.45898257330556,1.5210582334784013,1.441665455698967,0.0001111111111111111,60.5,"[60.4%, 68.8%, 52.3%]",,,,
2,parallel,8,8,0.44398510495112964,1.394490226914611,1.3493546731770039,0.0001111111111111111,61.73333333333333,"[60.4%, 68.8%, 56.0%]",,,,
2,parallel,9,9,0.42930763659669924,1.2578360219545002,1.3216031603515148,0.0001111111111111111,61.666666666666664,"[60.4%, 68.8%, 55.8%]",,,,
2,parallel,10,10,0.4149501682422688,1.1953228493280048,1.2531648520380259,0.0001111111111111111,62.699999999999996,"[60.4%, 68.8%, 58.9%]",,,,
2,parallel,11,11,0.4009126998878385,1.1274624323543114,1.2281635142862797,0.0001111111111111111,63.29999999999999,"[60.4%, 68.8%, 60.7%]",,,,
2,parallel,12,12,0.3871952315334082,1.0685679407059392,1.0416751261800528,0.0001111111111111111,64.83333333333333,"[60.4%, 68.8%, 65.3%]",,,,
2,parallel,13,13,0.3737977631789777,1.0203137148784687,1.0711580347269773,0.0001111111111111111,64.53333333333333,"[60.4%, 68.8%, 64.4%]",,,,
2,parallel,14,14,0.36072029482454737,0.9617600493793246,1.0013358481228352,0.0001111111111111111,65.5,"[60.4%, 68.8%, 67.3%]",,,,
2,parallel,15,15,0.34796282647011695,0.910376549521579,0.9864902347326279,0.0001111111111111111,65.53333333333333,"[60.4%, 68.8%, 67.4%]",,,,
2,parallel,16,16,0.33552535811568657,0.8878117399879649,0.9990602349862456,0.0001111111111111111,65.3,"[60.4%, 68.8%, 66.7%]",,,,
2,parallel,17,17,0.32340788976125623,0.8704797459554069,0.9009298048913479,0.0001111111111111111,66.93333333333332,"[60.4%, 68.8%, 71.6%]",,,,
2,parallel,18,18,0.3116104214068258,0.8378542042985747,0.996362442150712,0.0001111111111111111,65.43333333333332,"[60.4%, 68.8%, 67.1%]",,,,
2,parallel,19,19,0.3001329530523955,0.7952596243423752,0.9342084489762783,0.0001111111111111111,66.36666666666666,"[60.4%, 68.8%, 69.9%]",,,,
2,parallel,20,20,0.2889754846979651,0.8028538826900192,0.8865434918552637,0.0001111111111111111,66.93333333333332,"[60.4%, 68.8%, 71.6%]",,,,
2,parallel,21,21,0.2781380163435347,0.8204419126239004,0.912216579541564,0.0001111111111111111,67.1,"[60.4%, 68.8%, 72.1%]",,,,
2,parallel,22,22,0.2676205479891044,0.7597416699687137,0.862344628199935,0.0001111111111111111,67.73333333333333,"[60.4%, 68.8%, 74.0%]",,,,
2,parallel,23,23,0.257423079634674,0.7908747750747053,0.8451118245720863,0.0001111111111111111,67.2,"[60.4%, 68.8%, 72.4%]",,,,
2,parallel,24,24,0.24754561128024358,0.7724676124657257,0.9363878853619099,0.0001111111111111111,66.56666666666666,"[60.4%, 68.8%, 70.5%]",,,,
2,parallel,25,25,0.2379881429258132,0.7712247813049751,0.8900098297744989,0.0001111111111111111,66.93333333333332,"[60.4%, 68.8%, 71.6%]",,,,
2,parallel,26,26,0.2287506745713828,0.7595854503444478,0.9155256096273661,0.0001111111111111111,66.53333333333333,"[60.4%, 68.8%, 70.4%]",,,,
2,parallel,27,27,0.21983320621695243,0.7377806498280054,0.8502748571336269,0.0001111111111111111,67.46666666666665,"[60.4%, 68.8%, 73.2%]",,,,
2,parallel,28,28,0.21123573786252203,0.7921441110629069,0.9282182082533836,0.0001111111111111111,66.26666666666667,"[60.4%, 68.8%, 69.6%]",,,,
2,parallel,29,29,0.20295826950809165,0.7933639114416098,0.8406403604894876,0.0001111111111111111,67.43333333333332,"[60.4%, 68.8%, 73.1%]",,,,
2,parallel,30,30,0.1950008011536613,0.7669309294676478,0.8351517580449581,0.0001111111111111111,67.96666666666665,"[60.4%, 68.8%, 74.7%]",,,,
2,parallel,31,31,0.1873633327992309,0.7701951401143134,0.9010253809392452,0.0001111111111111111,66.86666666666666,"[60.4%, 68.8%, 71.4%]",,,,
2,parallel,32,32,0.18004586444480053,0.746112080691736,0.8353003356605768,0.0001111111111111111,67.46666666666665,"[60.4%, 68.8%, 73.2%]",,,,
2,parallel,33,33,0.17304839609037015,0.7781980916669097,0.9035238763317466,0.0001111111111111111,66.7,"[60.4%, 68.8%, 70.9%]",,,,
2,parallel,34,34,0.16637092773593976,0.786057217211663,0.8808565810322762,0.0001111111111111111,66.66666666666667,"[60.4%, 68.8%, 70.8%]",,,,
2,parallel,35,35,0.16001345938150938,0.8250458866735048,0.8481065239757299,0.0001111111111111111,67.33333333333333,"[60.4%, 68.8%, 72.8%]",,,,
2,parallel,36,36,0.153975991027079,0.8602300731441642,0.9492293475195765,0.0001111111111111111,66.39999999999999,"[60.4%, 68.8%, 70.0%]",,,,
2,parallel,37,37,0.14825852267264863,0.8489724578736704,0.9688953524455428,0.0001111111111111111,65.93333333333332,"[60.4%, 68.8%, 68.6%]",,,,
2,parallel,38,38,0.14286105431821824,0.8190854014475134,0.8956657368689775,0.0001111111111111111,66.89999999999999,"[60.4%, 68.8%, 71.5%]",,,,
2,parallel,39,39,0.13778358596378787,0.8739015277050719,0.9097737595438957,0.0001111111111111111,66.3,"[60.4%, 68.8%, 69.7%]",,,,
2,parallel,40,40,0.13302611760935748,0.7973114651969716,0.8894963525235653,0.0001111111111111111,66.83333333333333,"[60.4%, 68.8%, 71.3%]",,,,
2,parallel,41,41,0.12858864925492708,0.8523076606702201,0.8717320300638676,0.0001111111111111111,67.53333333333333,"[60.4%, 68.8%, 73.4%]",,,,
2,parallel,42,42,0.12447118090049673,0.8944797923293295,0.9981024768203497,0.0001111111111111111,66.1,"[60.4%, 68.8%, 69.1%]",,,,
2,parallel,43,43,0.12067371254606635,0.8965950042386598,0.9826084300875664,0.0001111111111111111,66.3,"[60.4%, 68.8%, 69.7%]",,,,
2,parallel,44,44,0.11719624419163596,0.8230914594251898,0.8978173406794667,0.0001111111111111111,66.8,"[60.4%, 68.8%, 71.2%]",,,,
2,parallel,45,45,0.11403877583720558,0.9061522838435595,0.9134866017848253,0.0001111111111111111,65.93333333333332,"[60.4%, 68.8%, 68.6%]",,,,
2,parallel,46,46,0.11120130748277521,0.8528319567064696,0.8778808126226068,0.0001111111111111111,66.86666666666666,"[60.4%, 68.8%, 71.4%]",,,,
2,parallel,47,47,0.10868383912834481,0.9205487777915182,0.9688983522355556,0.0001111111111111111,66.26666666666667,"[60.4%, 68.8%, 69.6%]",,,,
2,parallel,48,48,0.10648637077391443,0.8962622435787057,0.9155233390629292,0.0001111111111111111,66.83333333333333,"[60.4%, 68.8%, 71.3%]",,,,
2,parallel,49,49,0.10460890241948406,0.8421166343025014,0.873546065762639,0.0001111111111111111,66.96666666666665,"[60.4%, 68.8%, 71.7%]",,,,
2,parallel,50,50,0.10305143406505368,0.8291810335992258,0.8917248770594597,0.0001111111111111111,67.0,"[60.4%, 68.8%, 71.8%]",,,,
2,parallel,51,51,0.1018139657106233,0.8023876427095148,0.8900228682905436,0.0001111111111111111,66.8,"[60.4%, 68.8%, 71.2%]",,,,
2,parallel,52,52,0.10089649735619292,0.8525759004339387,0.8836756106466055,0.0001111111111111111,66.93333333333332,"[60.4%, 68.8%, 71.6%]",,,,
2,parallel,53,53,0.10029902900176255,0.8003302125991145,0.8885128311812878,0.0001111111111111111,66.3,"[60.4%, 68.8%, 69.7%]",,,,
2,parallel,54,54,0.10002156064733217,0.7734715519826624,0.9135752040892839,0.0001111111111111111,66.33333333333333,"[60.4%, 68.8%, 69.8%]",,,,
2,parallel,55,55,0.1,0.7525465729870374,0.8973414823412895,0.0001111111111111111,66.53333333333333,"[60.4%, 68.8%, 70.4%]",,,,
2,weights,1,56,0.1,0.7259744903709315,0.8173277340829372,0.0001111111111111111,67.8,"[60.4%, 68.8%, 74.2%]",,,,
2,weights,2,57,0.1,0.6867445209358312,0.8436145819723606,0.0001111111111111111,67.1,"[60.4%, 68.8%, 72.1%]",,,,
2,weights,3,58,0.1,0.699532904202425,0.856151644140482,0.0001111111111111111,66.93333333333332,"[60.4%, 68.8%, 71.6%]",,,,
2,weights,4,59,0.1,0.6859035688110545,0.8192766020074487,0.0001111111111111111,67.66666666666667,"[60.4%, 68.8%, 73.8%]",,,,
2,weights,5,60,0.1,0.6536051397082172,0.8307156730443239,0.0001111111111111111,66.86666666666666,"[60.4%, 68.8%, 71.4%]",,,,
2,weights,6,61,0.1,0.6444883697395083,0.8293621381744742,0.0001111111111111111,67.3,"[60.4%, 68.8%, 72.7%]",,,,
2,weights,7,62,0.1,0.6262024127984349,0.8354089539498091,0.0001111111111111111,67.36666666666666,"[60.4%, 68.8%, 72.9%]",,,,
2,weights,8,63,0.1,0.63628513450864,0.8431835286319256,0.0001111111111111111,67.53333333333333,"[60.4%, 68.8%, 73.4%]",,,,
2,weights,9,64,0.1,0.598902602738972,0.8284458657726645,0.0001111111111111111,67.23333333333333,"[60.4%, 68.8%, 72.5%]",,,,
2,weights,10,65,0.1,0.6175476927546006,0.7638731226325035,0.0001111111111111111,68.03333333333333,"[60.4%, 68.8%, 74.9%]",,,,
2,weights,11,66,0.1,0.5894473798667328,0.8080485872924328,0.0001111111111111111,67.76666666666667,"[60.4%, 68.8%, 74.1%]",,,,
2,weights,12,67,0.1,0.5894322463228733,0.7918481752276421,0.0001111111111111111,67.7,"[60.4%, 68.8%, 73.9%]",,,,
2,weights,13,68,0.1,0.5874891582923599,0.7621419262140989,0.0001111111111111111,68.2,"[60.4%, 68.8%, 75.4%]",,,,
2,weights,14,69,0.1,0.5849774457231353,0.8626163024455309,0.0001111111111111111,66.89999999999999,"[60.4%, 68.8%, 71.5%]",,,,
2,weights,15,70,0.1,0.5576067438608483,0.8079567048698664,0.0001111111111111111,67.26666666666667,"[60.4%, 68.8%, 72.6%]",,,,
2,weights,16,71,0.1,0.5542098461072656,0.8394448161125183,0.0001111111111111111,67.06666666666666,"[60.4%, 68.8%, 72.0%]",,,,
2,weights,17,72,0.1,0.5592938767203802,0.766739858314395,0.0001111111111111111,67.8,"[60.4%, 68.8%, 74.2%]",,,,
2,weights,18,73,0.1,0.5225897210685513,0.7599818743765354,0.0001111111111111111,68.1,"[60.4%, 68.8%, 75.1%]",,,,
2,weights,19,74,0.1,0.5408004907113088,0.8138829274103045,0.0001111111111111111,67.66666666666667,"[60.4%, 68.8%, 73.8%]",,,,
2,weights,20,75,0.1,0.5337059648731087,0.7644970435649157,0.0001111111111111111,68.23333333333333,"[60.4%, 68.8%, 75.5%]",,,,
2,weights,21,76,0.1,0.5196397651599932,0.7538000419735909,0.0001111111111111111,68.36666666666666,"[60.4%, 68.8%, 75.9%]",,,,
2,weights,22,77,0.1,0.5206438589699661,0.7552559627220035,0.0001111111111111111,67.83333333333333,"[60.4%, 68.8%, 74.3%]",,,,
2,weights,23,78,0.1,0.5137606346154515,0.731622101739049,0.0001111111111111111,68.5,"[60.4%, 68.8%, 76.3%]",,,,
2,weights,24,79,0.1,0.525355019146883,0.7869869088754058,0.0001111111111111111,67.56666666666666,"[60.4%, 68.8%, 73.5%]",,,,
2,weights,25,80,0.1,0.48561480528191675,0.7436375115066767,0.0001111111111111111,68.13333333333333,"[60.4%, 68.8%, 75.2%]",56.76666666666667,"[26.3%, 68.8%, 75.2%]",61.93333333333334,"[46.2%, 68.8%, 70.8%]"
3,parallel,1,1,0.5,3.894709716869306,2.35903263092041,0.0001111111111111111,53.599999999999994,"[60.4%, 68.8%, 75.2%, 10.0%]",,,,
3,parallel,2,2,0.5,2.3348558824273606,2.3365558832883835,0.0001111111111111111,53.599999999999994,"[60.4%, 68.8%, 75.2%, 10.0%]",,,,
3,parallel,3,3,0.5,2.262434138527399,2.156555727124214,0.0001111111111111111,55.62499999999999,"[60.4%, 68.8%, 75.2%, 18.1%]",,,,
3,parallel,4,4,0.5,2.048417109477369,1.9341517612338066,0.0001111111111111111,57.99999999999999,"[60.4%, 68.8%, 75.2%, 27.6%]",,,,
3,parallel,5,5,0.4899375100144209,1.8748924128616913,1.813733922317624,0.0001111111111111111,59.49999999999999,"[60.4%, 68.8%, 75.2%, 33.6%]",,,,
3,parallel,6,6,0.4743000416599904,1.7306752808486359,1.681193821132183,0.0001111111111111111,60.949999999999996,"[60.4%, 68.8%, 75.2%, 39.4%]",,,,
3,parallel,7,7,0.45898257330556,1.6194323044788987,1.5549810398370028,0.0001111111111111111,63.05,"[60.4%, 68.8%, 75.2%, 47.8%]",,,,
3,parallel,8,8,0.44398510495112964,1.5825550194028057,1.5714499168097973,0.0001111111111111111,62.64999999999999,"[60.4%, 68.8%, 75.2%, 46.2%]",,,,
3,parallel,9,9,0.42930763659669924,1.4766678417785257,1.4615805372595787,0.0001111111111111111,63.64999999999999,"[60.4%, 68.8%, 75.2%, 50.2%]",,,,
3,parallel,10,10,0.4149501682422688,1.414654838887951,1.4306407775729895,0.0001111111111111111,63.89999999999999,"[60.4%, 68.8%, 75.2%, 51.2%]",,,,
3,parallel,11,11,0.4009126998878385,1.3697278982476344,1.4587207473814487,0.0001111111111111111,63.925,"[60.4%, 68.8%, 75.2%, 51.3%]",,,,
3,parallel,12,12,0.3871952315334082,1.2946116879016538,1.299289047718048,0.0001111111111111111,65.675,"[60.4%, 68.8%, 75.2%, 58.3%]",,,,
3,parallel,13,13,0.3737977631789777,1.21726311460326,1.2671672031283379,0.0001111111111111111,65.225,"[60.4%, 68.8%, 75.2%, 56.5%]",,,,
3,parallel,14,14,0.36072029482454737,1.2072386138046844,1.3476707730442286,0.0001111111111111111,64.625,"[60.4%, 68.8%, 75.2%, 54.1%]",,,,
3,parallel,15,15,0.34796282647011695,1.157119333744049,1.199254136532545,0.0001111111111111111,66.5,"[60.4%, 68.8%, 75.2%, 61.6%]",,,,
3,parallel,16,16,0.33552535811568657,1.1216593437556979,1.190956775099039,0.0001111111111111111,66.02499999999999,"[60.4%, 68.8%, 75.2%, 59.7%]",,,,
3,parallel,17,17,0.32340788976125623,1.097656328466874,1.1573916301131248,0.0001111111111111111,66.69999999999999,"[60.4%, 68.8%, 75.2%, 62.4%]",,,,
3,parallel,18,18,0.3116104214068258,1.0412546916853023,1.1770025379955769,0.0001111111111111111,66.75,"[60.4%, 68.8%, 75.2%, 62.6%]",,,,
3,parallel,19,19,0.3001329530523955,0.9927985124950167,1.097706476226449,0.0001111111111111111,67.35,"[60.4%, 68.8%, 75.2%, 65.0%]",,,,
3,parallel,20,20,0.2889754846979651,1.0134442659872998,1.1108335657045245,0.0001111111111111111,67.39999999999999,"[60.4%, 68.8%, 75.2%, 65.2%]",,,,
3,parallel,21,21,0.2781380163435347,0.9794202258315268,1.0619667395949364,0.0001111111111111111,67.375,"[60.4%, 68.8%, 75.2%, 65.1%]",,,,
3,parallel,22,22,0.2676205479891044,0.9554034539415867,1.1509191691875458,0.0001111111111111111,67.02499999999999,"[60.4%, 68.8%, 75.2%, 63.7%]",,,,
3,parallel,23,23,0.257423079634674,1.0136312865003754,1.1369656417518854,0.0001111111111111111,66.6,"[60.4%, 68.8%, 75.2%, 62.0%]",,,,
3,parallel,24,24,0.24754561128024358,0.9763878116124793,1.1713398732244968,0.0001111111111111111,66.675,"[60.4%, 68.8%, 75.2%, 62.3%]",,,,
3,parallel,25,25,0.2379881429258132,0.99393646475635,1.1571751646697521,0.0001111111111111111,66.44999999999999,"[60.4%, 68.8%, 75.2%, 61.4%]",,,,
3,parallel,26,26,0.2287506745713828,1.0212537865095501,1.0705799646675587,0.0001111111111111111,67.39999999999999,"[60.4%, 68.8%, 75.2%, 65.2%]",,,,
3,parallel,27,27,0.21983320621695243,0.9680378935005092,1.1735298577696085,0.0001111111111111111,66.57499999999999,"[60.4%, 68.8%, 75.2%, 61.9%]",,,,
3,parallel,28,28,0.21123573786252203,0.9830385778523698,1.1825021281838417,0.0001111111111111111,66.625,"[60.4%, 68.8%, 75.2%, 62.1%]",,,,
3,parallel,29,29,0.20295826950809165,1.0215297522424143,1.164246879518032,0.0001111111111111111,66.725,"[60.4%, 68.8%, 75.2%, 62.5%]",,,,
3,parallel,30,30,0.1950008011536613,1.004361703426023,1.1276603639125824,0.0001111111111111111,66.89999999999999,"[60.4%, 68.8%, 75.2%, 63.2%]",,,,
3,parallel,31,31,0.1873633327992309,1.009016293513624,1.2088604159653187,0.0001111111111111111,66.425,"[60.4%, 68.8%, 75.2%, 61.3%]",,,,
3,parallel,32,32,0.18004586444480053,0.9888112213038192,1.1197393834590912,0.0001111111111111111,67.44999999999999,"[60.4%, 68.8%, 75.2%, 65.4%]",,,,
3,parallel,33,33,0.17304839609037015,0.9626187289817424,1.10912805236876,0.0001111111111111111,67.07499999999999,"[60.4%, 68.8%, 75.2%, 63.9%]",,,,
3,parallel,34,34,0.16637092773593976,1.0655270709267146,1.0928871985524893,0.0001111111111111111,67.19999999999999,"[60.4%, 68.8%, 75.2%, 64.4%]",,,,
3,parallel,35,35,0.16001345938150938,1.0129661092275306,1.1807853654026985,0.0001111111111111111,66.3,"[60.4%, 68.8%, 75.2%, 60.8%]",,,,
3,parallel,36,36,0.153975991027079,1.155590157720107,1.15003402531147,0.0001111111111111111,66.75,"[60.4%, 68.8%, 75.2%, 62.6%]",,,,
3,parallel,37,37,0.14825852267264863,1.1078572492056256,1.1480221040546894,0.0001111111111111111,66.85,"[60.4%, 68.8%, 75.2%, 63.0%]",,,,
3,parallel,38,38,0.14286105431821824,1.0609668689438059,1.1100847534835339,0.0001111111111111111,67.0,"[60.4%, 68.8%, 75.2%, 63.6%]",,,,
3,parallel,39,39,0.13778358596378787,1.1623616769343992,1.1921363826841116,0.0001111111111111111,66.375,"[60.4%, 68.8%, 75.2%, 61.1%]",,,,
3,parallel,40,40,0.13302611760935748,1.0750135281417943,1.207944966852665,0.0001111111111111111,66.55,"[60.4%, 68.8%, 75.2%, 61.8%]",,,,
3,parallel,41,41,0.12858864925492708,1.084128261366977,1.1943492591381073,0.0001111111111111111,66.675,"[60.4%, 68.8%, 75.2%, 62.3%]",,,,
3,parallel,42,42,0.12447118090049673,1.204007954537114,1.3304242715239525,0.0001111111111111111,65.27499999999999,"[60.4%, 68.8%, 75.2%, 56.7%]",,,,
3,parallel,43,43,0.12067371254606635,1.2260028614273555,1.2603754550218582,0.0001111111111111111,65.64999999999999,"[60.4%, 68.8%, 75.2%, 58.2%]",,,,
3,parallel,44,44,0.11719624419163596,1.158630128902725,1.2579026892781258,0.0001111111111111111,65.75,"[60.4%, 68.8%, 75.2%, 58.6%]",,,,
3,parallel,45,45,0.11403877583720558,1.1515589035764526,1.230297863483429,0.0001111111111111111,65.69999999999999,"[60.4%, 68.8%, 75.2%, 58.4%]",,,,
3,parallel,46,46,0.11120130748277521,1.082662055009528,1.2063630558550358,0.0001111111111111111,66.19999999999999,"[60.4%, 68.8%, 75.2%, 60.4%]",,,,
3,parallel,47,47,0.10868383912834481,1.3601888056042828,1.3998119048774242,0.0001111111111111111,64.14999999999999,"[60.4%, 68.8%, 75.2%, 52.2%]",,,,
3,parallel,48,48,0.10648637077391443,1.3210800682442099,1.4008867777884007,0.0001111111111111111,64.07499999999999,"[60.4%, 68.8%, 75.2%, 51.9%]",,,,
3,parallel,49,49,0.10460890241948406,1.2621837469595898,1.29372076690197,0.0001111111111111111,64.925,"[60.4%, 68.8%, 75.2%, 55.3%]",,,,
3,parallel,50,50,0.10305143406505368,1.1987694358523888,1.2532943487167358,0.0001111111111111111,65.375,"[60.4%, 68.8%, 75.2%, 57.1%]",,,,
3,parallel,51,51,0.1018139657106233,1.1481573985347264,1.3007427752017975,0.0001111111111111111,65.175,"[60.4%, 68.8%, 75.2%, 56.3%]",,,,
3,parallel,52,52,0.10089649735619292,1.218012056773222,1.2304838635027409,0.0001111111111111111,65.75,"[60.4%, 68.8%, 75.2%, 58.6%]",,,,
3,parallel,53,53,0.10029902900176255,1.1361049059071118,1.1707674115896225,0.0001111111111111111,66.19999999999999,"[60.4%, 68.8%, 75.2%, 60.4%]",,,,
3,parallel,54,54,0.10002156064733217,1.0993050087856342,1.1699908897280693,0.0001111111111111111,66.6,"[60.4%, 68.8%, 75.2%, 62.0%]",,,,
3,parallel,55,55,0.1,1.0443979607352727,1.1536434814333916,0.0001111111111111111,66.85,"[60.4%, 68.8%, 75.2%, 63.0%]",,,,
3,weights,1,56,0.1,1.01692371730563,1.1704626642167568,0.0001111111111111111,66.27499999999999,"[60.4%, 68.8%, 75.2%, 60.7%]",,,,
3,weights,2,57,0.1,0.9977535726148871,1.1757801212370396,0.0001111111111111111,66.125,"[60.4%, 68.8%, 75.2%, 60.1%]",,,,
3,weights,3,58,0.1,1.02047191692304,1.1220961343497038,0.0001111111111111111,66.94999999999999,"[60.4%, 68.8%, 75.2%, 63.4%]",,,,
3,weights,4,59,0.1,0.9687263746804828,1.175429780036211,0.0001111111111111111,66.375,"[60.4%, 68.8%, 75.2%, 61.1%]",,,,
3,weights,5,60,0.1,0.939921827255925,1.1168111935257912,0.0001111111111111111,66.94999999999999,"[60.4%, 68.8%, 75.2%, 63.4%]",,,,
3,weights,6,61,0.1,0.940619110306607,1.1180815938860178,0.0001111111111111111,66.85,"[60.4%, 68.8%, 75.2%, 63.0%]",,,,
3,weights,7,62,0.1,0.9260613163815269,1.126788504421711,0.0001111111111111111,66.69999999999999,"[60.4%, 68.8%, 75.2%, 62.4%]",,,,
3,weights,8,63,0.1,0.9084773350365555,1.1535741910338402,0.0001111111111111111,66.8,"[60.4%, 68.8%, 75.2%, 62.8%]",,,,
3,weights,9,64,0.1,0.9270889178107057,1.1260409653186798,0.0001111111111111111,66.64999999999999,"[60.4%, 68.8%, 75.2%, 62.2%]",,,,
3,weights,10,65,0.1,0.886891280548482,1.0907225273549557,0.0001111111111111111,67.07499999999999,"[60.4%, 68.8%, 75.2%, 63.9%]",,,,
3,weights,11,66,0.1,0.8718126906624323,1.074506076052785,0.0001111111111111111,66.94999999999999,"[60.4%, 68.8%, 75.2%, 63.4%]",,,,
3,weights,12,67,0.1,0.8381703548793551,1.0791737455874681,0.0001111111111111111,67.07499999999999,"[60.4%, 68.8%, 75.2%, 63.9%]",,,,
3,weights,13,68,0.1,0.8571035797837414,1.1124558132141829,0.0001111111111111111,66.64999999999999,"[60.4%, 68.8%, 75.2%, 62.2%]",,,,
3,weights,14,69,0.1,0.832180434767204,1.0600408408790827,0.0001111111111111111,67.6,"[60.4%, 68.8%, 75.2%, 66.0%]",,,,
3,weights,15,70,0.1,0.8094593101664435,1.0432735327631235,0.0001111111111111111,67.44999999999999,"[60.4%, 68.8%, 75.2%, 65.4%]",,,,
3,weights,16,71,0.1,0.8462914847120454,1.0651987995952368,0.0001111111111111111,67.125,"[60.4%, 68.8%, 75.2%, 64.1%]",,,,
3,weights,17,72,0.1,0.8399299179451375,1.0362213477492332,0.0001111111111111111,67.625,"[60.4%, 68.8%, 75.2%, 66.1%]",,,,
3,weights,18,73,0.1,0.8089422070527379,1.040379237383604,0.0001111111111111111,67.75,"[60.4%, 68.8%, 75.2%, 66.6%]",,,,
3,weights,19,74,0.1,0.7855685651302338,1.0094752330332994,0.0001111111111111111,67.6,"[60.4%, 68.8%, 75.2%, 66.0%]",,,,
3,weights,20,75,0.1,0.7779678015769282,1.038100477308035,0.0001111111111111111,67.64999999999999,"[60.4%, 68.8%, 75.2%, 66.2%]",,,,
3,weights,21,76,0.1,0.7983380322214924,1.0404268242418766,0.0001111111111111111,67.6,"[60.4%, 68.8%, 75.2%, 66.0%]",,,,
3,weights,22,77,0.1,0.765559968691838,0.9870536923408508,0.0001111111111111111,67.85,"[60.4%, 68.8%, 75.2%, 67.0%]",,,,
3,weights,23,78,0.1,0.7596637595303452,1.029285691678524,0.0001111111111111111,67.5,"[60.4%, 68.8%, 75.2%, 65.6%]",,,,
3,weights,24,79,0.1,0.7373973561238639,1.0457263365387917,0.0001111111111111111,67.39999999999999,"[60.4%, 68.8%, 75.2%, 65.2%]",,,,
3,weights,25,80,0.1,0.7700175997577136,1.0344053898006678,0.0001111111111111111,67.25,"[60.4%, 68.8%, 75.2%, 64.6%]",56.95,"[26.3%, 68.8%, 75.2%, 57.5%]",61.974999999999994,"[46.2%, 68.8%, 72.6%, 60.3%]"
4,parallel,1,1,0.5,4.8989264240747765,2.3891990929841995,0.0001111111111111111,55.8,"[60.4%, 68.8%, 75.2%, 64.6%, 10.0%]",,,,
4,parallel,2,2,0.5,2.349983806851544,2.3247368931770325,0.0001111111111111111,55.8,"[60.4%, 68.8%, 75.2%, 64.6%, 10.0%]",,,,
4,parallel,3,3,0.5,2.278680240051656,2.0860171616077423,0.0001111111111111111,57.339999999999996,"[60.4%, 68.8%, 75.2%, 64.6%, 17.7%]",,,,
4,parallel,4,4,0.5,1.9957986074157907,1.9664972126483917,0.0001111111111111111,59.42,"[60.4%, 68.8%, 75.2%, 64.6%, 28.1%]",,,,
4,parallel,5,5,0.4899375100144209,1.7544906003565728,1.695970457047224,0.0001111111111111111,61.58,"[60.4%, 68.8%, 75.2%, 64.6%, 38.9%]",,,,
4,parallel,6,6,0.4743000416599904,1.541929819915868,1.4268044382333755,0.0001111111111111111,64.03999999999999,"[60.4%, 68.8%, 75.2%, 64.6%, 51.2%]",,,,
4,parallel,7,7,0.45898257330556,1.4053684835192524,1.3700576275587082,0.0001111111111111111,63.96,"[60.4%, 68.8%, 75.2%, 64.6%, 50.8%]",,,,
4,parallel,8,8,0.44398510495112964,1.293640084658997,1.2192047107964754,0.0001111111111111111,65.52000000000001,"[60.4%, 68.8%, 75.2%, 64.6%, 58.6%]",,,,
4,parallel,9,9,0.42930763659669924,1.2098380078243305,1.2257801610976458,0.0001111111111111111,65.4,"[60.4%, 68.8%, 75.2%, 64.6%, 58.0%]",,,,
4,parallel,10,10,0.4149501682422688,1.1020999377286886,1.1583662573248148,0.0001111111111111111,66.03999999999999,"[60.4%, 68.8%, 75.2%, 64.6%, 61.2%]",,,,
4,parallel,11,11,0.4009126998878385,1.0649803559991378,1.0677814576774836,0.0001111111111111111,66.58,"[60.4%, 68.8%, 75.2%, 64.6%, 63.9%]",,,,
4,parallel,12,12,0.3871952315334082,0.9937742269491847,1.0362633001059294,0.0001111111111111111,66.67999999999999,"[60.4%, 68.8%, 75.2%, 64.6%, 64.4%]",,,,
4,parallel,13,13,0.3737977631789777,0.9792276017273529,1.1264436393976212,0.0001111111111111111,66.46000000000001,"[60.4%, 68.8%, 75.2%, 64.6%, 63.3%]",,,,
4,parallel,14,14,0.36072029482454737,0.9287820620627343,0.9606154039502144,0.0001111111111111111,67.3,"[60.4%, 68.8%, 75.2%, 64.6%, 67.5%]",,,,
4,parallel,15,15,0.34796282647011695,0.887096418610102,1.0863425880670547,0.0001111111111111111,66.44,"[60.4%, 68.8%, 75.2%, 64.6%, 63.2%]",,,,
4,parallel,16,16,0.33552535811568657,0.8622496558141105,0.9394776988774538,0.0001111111111111111,67.62,"[60.4%, 68.8%, 75.2%, 64.6%, 69.1%]",,,,
4,parallel,17,17,0.32340788976125623,0.8644653935975666,1.0292000491172075,0.0001111111111111111,67.26,"[60.4%, 68.8%, 75.2%, 64.6%, 67.3%]",,,,
4,parallel,18,18,0.3116104214068258,0.8417151555230346,0.9384210593998432,0.0001111111111111111,67.42,"[60.4%, 68.8%, 75.2%, 64.6%, 68.1%]",,,,
4,parallel,19,19,0.3001329530523955,0.7992636712291573,0.9515759292989969,0.0001111111111111111,67.53999999999999,"[60.4%, 68.8%, 75.2%, 64.6%, 68.7%]",,,,
4,parallel,20,20,0.2889754846979651,0.816167139177081,0.933493223041296,0.0001111111111111111,67.58,"[60.4%, 68.8%, 75.2%, 64.6%, 68.9%]",,,,
4,parallel,21,21,0.2781380163435347,0.8663731149480313,0.9809183441102505,0.0001111111111111111,67.24,"[60.4%, 68.8%, 75.2%, 64.6%, 67.2%]",,,,
4,parallel,22,22,0.2676205479891044,0.8207469499563869,0.9638780895620584,0.0001111111111111111,67.32000000000001,"[60.4%, 68.8%, 75.2%, 64.6%, 67.6%]",,,,
4,parallel,23,23,0.257423079634674,0.853565591800062,0.9584253821521997,0.0001111111111111111,67.34,"[60.4%, 68.8%, 75.2%, 64.6%, 67.7%]",,,,
4,parallel,24,24,0.24754561128024358,0.8180809224708171,1.082515409681946,0.0001111111111111111,66.58,"[60.4%, 68.8%, 75.2%, 64.6%, 63.9%]",,,,
4,parallel,25,25,0.2379881429258132,0.7963968885095813,0.9262166535481811,0.0001111111111111111,67.6,"[60.4%, 68.8%, 75.2%, 64.6%, 69.0%]",,,,
4,parallel,26,26,0.2287506745713828,0.8216856733153138,0.9454278377816081,0.0001111111111111111,67.7,"[60.4%, 68.8%, 75.2%, 64.6%, 69.5%]",,,,
4,parallel,27,27,0.21983320621695243,0.7822409856923019,0.9485294930636883,0.0001111111111111111,67.66,"[60.4%, 68.8%, 75.2%, 64.6%, 69.3%]",,,,
4,parallel,28,28,0.21123573786252203,0.8068602907506726,0.9474102631211281,0.0001111111111111111,67.72,"[60.4%, 68.8%, 75.2%, 64.6%, 69.6%]",,,,
4,parallel,29,29,0.20295826950809165,0.8156395520590529,0.9460422107949853,0.0001111111111111111,67.34,"[60.4%, 68.8%, 75.2%, 64.6%, 67.7%]",,,,
4,parallel,30,30,0.1950008011536613,0.8069029020357735,0.9659909773617983,0.0001111111111111111,67.36,"[60.4%, 68.8%, 75.2%, 64.6%, 67.8%]",,,,
4,parallel,31,31,0.1873633327992309,0.8236356498319891,1.0170959867537022,0.0001111111111111111,67.2,"[60.4%, 68.8%, 75.2%, 64.6%, 67.0%]",,,,
4,parallel,32,32,0.18004586444480053,0.825874742827838,1.0749187916517258,0.0001111111111111111,66.94,"[60.4%, 68.8%, 75.2%, 64.6%, 65.7%]",,,,
4,parallel,33,33,0.17304839609037015,0.8345647665518748,0.9383785706013441,0.0001111111111111111,67.58,"[60.4%, 68.8%, 75.2%, 64.6%, 68.9%]",,,,
4,parallel,34,34,0.16637092773593976,0.9400451379486278,0.9611604455858469,0.0001111111111111111,67.28,"[60.4%, 68.8%, 75.2%, 64.6%, 67.4%]",,,,
4,parallel,35,35,0.16001345938150938,0.8594336747368679,0.9878792483359575,0.0001111111111111111,66.97999999999999,"[60.4%, 68.8%, 75.2%, 64.6%, 65.9%]",,,,
4,parallel,36,36,0.153975991027079,1.0407145453404776,1.0411536619067192,0.0001111111111111111,67.1,"[60.4%, 68.8%, 75.2%, 64.6%, 66.5%]",,,,
4,parallel,37,37,0.14825852267264863,0.9466329284861118,1.0513521023094654,0.0001111111111111111,66.92,"[60.4%, 68.8%, 75.2%, 64.6%, 65.6%]",,,,
4,parallel,38,38,0.14286105431821824,0.8949007029774823,1.1398187763988972,0.0001111111111111111,66.22,"[60.4%, 68.8%, 75.2%, 64.6%, 62.1%]",,,,
4,parallel,39,39,0.13778358596378787,1.0766650808008411,1.0764470621943474,0.0001111111111111111,66.58,"[60.4%, 68.8%, 75.2%, 64.6%, 63.9%]",,,,
4,parallel,40,40,0.13302611760935748,0.9763176599635354,1.1385386250913143,0.0001111111111111111,66.28,"[60.4%, 68.8%, 75.2%, 64.6%, 62.4%]",,,,
4,parallel,41,41,0.12858864925492708,0.9999514705018152,0.9840405322611332,0.0001111111111111111,67.24,"[60.4%, 68.8%, 75.2%, 64.6%, 67.2%]",,,,
4,parallel,42,42,0.12447118090049673,1.0230402599407147,1.0467960350215435,0.0001111111111111111,66.94,"[60.4%, 68.8%, 75.2%, 64.6%, 65.7%]",,,,
4,parallel,43,43,0.12067371254606635,1.0065327973305425,0.9881512112915516,0.0001111111111111111,67.28,"[60.4%, 68.8%, 75.2%, 64.6%, 67.4%]",,,,
4,parallel,44,44,0.11719624419163596,0.9440155542349513,1.0374668817967176,0.0001111111111111111,67.0,"[60.4%, 68.8%, 75.2%, 64.6%, 66.0%]",,,,
4,parallel,45,45,0.11403877583720558,1.031752486772175,1.2007897291332483,0.0001111111111111111,65.76,"[60.4%, 68.8%, 75.2%, 64.6%, 59.8%]",,,,
4,parallel,46,46,0.11120130748277521,0.9396761097485506,0.9799298085272312,0.0001111111111111111,67.42,"[60.4%, 68.8%, 75.2%, 64.6%, 68.1%]",,,,
4,parallel,47,47,0.10868383912834481,1.0485832479935657,1.1673716399818659,0.0001111111111111111,65.78,"[60.4%, 68.8%, 75.2%, 64.6%, 59.9%]",,,,
4,parallel,48,48,0.10648637077391443,1.0250506235074393,1.0273235775530338,0.0001111111111111111,66.9,"[60.4%, 68.8%, 75.2%, 64.6%, 65.5%]",,,,
4,parallel,49,49,0.10460890241948406,0.965912505795684,1.0200562663376331,0.0001111111111111111,66.92,"[60.4%, 68.8%, 75.2%, 64.6%, 65.6%]",,,,
4,parallel,50,50,0.10305143406505368,0.9334501307221907,1.0672889091074467,0.0001111111111111111,66.5,"[60.4%, 68.8%, 75.2%, 64.6%, 63.5%]",,,,
4,parallel,51,51,0.1018139657106233,0.8898018922986863,1.0402592327445745,0.0001111111111111111,66.72,"[60.4%, 68.8%, 75.2%, 64.6%, 64.6%]",,,,
4,parallel,52,52,0.10089649735619292,0.9382770868796336,1.0091663487255573,0.0001111111111111111,67.17999999999999,"[60.4%, 68.8%, 75.2%, 64.6%, 66.9%]",,,,
4,parallel,53,53,0.10029902900176255,0.8775946720491482,1.0473450478166342,0.0001111111111111111,66.72,"[60.4%, 68.8%, 75.2%, 64.6%, 64.6%]",,,,
4,parallel,54,54,0.10002156064733217,0.8292573690414429,0.9616098795086145,0.0001111111111111111,67.28,"[60.4%, 68.8%, 75.2%, 64.6%, 67.4%]",,,,
4,parallel,55,55,0.1,0.815137578716761,0.9670447129756212,0.0001111111111111111,67.3,"[60.4%, 68.8%, 75.2%, 64.6%, 67.5%]",,,,
4,weights,1,56,0.1,0.8224394034735764,0.9329438973218203,0.0001111111111111111,67.6,"[60.4%, 68.8%, 75.2%, 64.6%, 69.0%]",,,,
4,weights,2,57,0.1,0.7979579643358158,0.9155412465333939,0.0001111111111111111,67.6,"[60.4%, 68.8%, 75.2%, 64.6%, 69.0%]",,,,
4,weights,3,58,0.1,0.7546562050716786,0.9393330924212933,0.0001111111111111111,67.56,"[60.4%, 68.8%, 75.2%, 64.6%, 68.8%]",,,,
4,weights,4,59,0.1,0.7670511671259433,0.8953060153871775,0.0001111111111111111,67.84,"[60.4%, 68.8%, 75.2%, 64.6%, 70.2%]",,,,
4,weights,5,60,0.1,0.7467003792901582,0.9042944200336933,0.0001111111111111111,67.7,"[60.4%, 68.8%, 75.2%, 64.6%, 69.5%]",,,,
4,weights,6,61,0.1,0.7419917032688479,0.9126504175364971,0.0001111111111111111,67.67999999999999,"[60.4%, 68.8%, 75.2%, 64.6%, 69.4%]",,,,
4,weights,7,62,0.1,0.7380800352820868,0.9566854070872068,0.0001111111111111111,67.8,"[60.4%, 68.8%, 75.2%, 64.6%, 70.0%]",,,,
4,weights,8,63,0.1,0.7120876316028305,1.03063328191638,0.0001111111111111111,67.16,"[60.4%, 68.8%, 75.2%, 64.6%, 66.8%]",,,,
4,weights,9,64,0.1,0.7098255938366999,0.9394814725965261,0.0001111111111111111,67.44,"[60.4%, 68.8%, 75.2%, 64.6%, 68.2%]",,,,
4,weights,10,65,0.1,0.6767094972767408,0.9034647569060326,0.0001111111111111111,67.9,"[60.4%, 68.8%, 75.2%, 64.6%, 70.5%]",,,,
4,weights,11,66,0.1,0.6663494600525385,0.9546365328133106,0.0001111111111111111,67.78,"[60.4%, 68.8%, 75.2%, 64.6%, 69.9%]",,,,
4,weights,12,67,0.1,0.6905581339062015,0.8849669117480516,0.0001111111111111111,67.9,"[60.4%, 68.8%, 75.2%, 64.6%, 70.5%]",,,,
4,weights,13,68,0.1,0.6572411916678464,0.8889727927744389,0.0001111111111111111,67.86,"[60.4%, 68.8%, 75.2%, 64.6%, 70.3%]",,,,
4,weights,14,69,0.1,0.6391746398014359,0.8535469863563776,0.0001111111111111111,68.12,"[60.4%, 68.8%, 75.2%, 64.6%, 71.6%]",,,,
4,weights,15,70,0.1,0.6374091045765937,0.8696982115507126,0.0001111111111111111,68.22,"[60.4%, 68.8%, 75.2%, 64.6%, 72.1%]",,,,
4,weights,16,71,0.1,0.6591750217389457,0.9793277997523546,0.0001111111111111111,67.67999999999999,"[60.4%, 68.8%, 75.2%, 64.6%, 69.4%]",,,,
4,weights,17,72,0.1,0.6498512844496136,0.9295107377693057,0.0001111111111111111,67.96000000000001,"[60.4%, 68.8%, 75.2%, 64.6%, 70.8%]",,,,
4,weights,18,73,0.1,0.6251325098019612,0.8809692803770304,0.0001111111111111111,67.92,"[60.4%, 68.8%, 75.2%, 64.6%, 70.6%]",,,,
4,weights,19,74,0.1,0.602560677483112,0.8434867076575756,0.0001111111111111111,68.36,"[60.4%, 68.8%, 75.2%, 64.6%, 72.8%]",,,,
4,weights,20,75,0.1,0.5933837471883509,0.8436523266136646,0.0001111111111111111,68.26,"[60.4%, 68.8%, 75.2%, 64.6%, 72.3%]",,,,
4,weights,21,76,0.1,0.6072734863131861,0.8891059998422861,0.0001111111111111111,68.1,"[60.4%, 68.8%, 75.2%, 64.6%, 71.5%]",,,,
4,weights,22,77,0.1,0.5976101084600521,0.9131931299343705,0.0001111111111111111,68.06,"[60.4%, 68.8%, 75.2%, 64.6%, 71.3%]",,,,
4,weights,23,78,0.1,0.6047398561163794,0.8610387425869703,0.0001111111111111111,67.97999999999999,"[60.4%, 68.8%, 75.2%, 64.6%, 70.9%]",,,,
4,weights,24,79,0.1,0.5980376484273355,0.8411088027060032,0.0001111111111111111,68.4,"[60.4%, 68.8%, 75.2%, 64.6%, 73.0%]",,,,
4,weights,25,80,0.1,0.5722019672393799,0.8917025662958622,0.0001111111111111111,68.06,"[60.4%, 68.8%, 75.2%, 64.6%, 71.3%]",58.46,"[22.1%, 68.8%, 75.2%, 57.5%, 68.7%]",63.31999999999999,"[46.2%, 68.8%, 72.6%, 60.3%, 68.7%]"
5,parallel,1,1,0.5,6.688038119786902,2.4974521696567535,0.0001111111111111111,58.38333333333333,"[60.4%, 68.8%, 75.2%, 64.6%, 71.3%, 10.0%]",,,,
5,parallel,2,2,0.5,2.3748583008971393,2.367306709289551,0.0001111111111111111,58.38333333333333,"[60.4%, 68.8%, 75.2%, 64.6%, 71.3%, 10.0%]",,,,
5,parallel,3,3,0.5,2.334422576276562,2.3173305094242096,0.0001111111111111111,59.050000000000004,"[60.4%, 68.8%, 75.2%, 64.6%, 71.3%, 14.0%]",,,,
5,parallel,4,4,0.5,2.3197975551025776,2.285221576690674,0.0001111111111111111,58.38333333333333,"[60.4%, 68.8%, 75.2%, 64.6%, 71.3%, 10.0%]",,,,
5,parallel,5,5,0.4899375100144209,2.108461645585072,1.8685910105705261,0.0001111111111111111,60.71666666666667,"[60.4%, 68.8%, 75.2%, 64.6%, 71.3%, 24.0%]",,,,
5,parallel,6,6,0.4743000416599904,1.7263683156122136,1.7013234347105026,0.0001111111111111111,62.550000000000004,"[60.4%, 68.8%, 75.2%, 64.6%, 71.3%, 35.0%]",,,,
5,parallel,7,7,0.45898257330556,1.5030586312088785,1.4437601286917925,0.0001111111111111111,64.31666666666668,"[60.4%, 68.8%, 75.2%, 64.6%, 71.3%, 45.6%]",,,,
5,parallel,8,8,0.44398510495112964,1.3439277938649625,1.3895965833216906,0.0001111111111111111,65.10000000000001,"[60.4%, 68.8%, 75.2%, 64.6%, 71.3%, 50.3%]",,,,
5,parallel,9,9,0.42930763659669924,1.2750045423266254,1.3240904388949275,0.0001111111111111111,65.60000000000001,"[60.4%, 68.8%, 75.2%, 64.6%, 71.3%, 53.3%]",,,,
5,parallel,10,10,0.4149501682422688,1.125303168085557,1.2119983974844217,0.0001111111111111111,65.75,"[60.4%, 68.8%, 75.2%, 64.6%, 71.3%, 54.2%]",,,,
5,parallel,11,11,0.4009126998878385,1.0709869605076463,1.1306295096874237,0.0001111111111111111,66.85000000000001,"[60.4%, 68.8%, 75.2%, 64.6%, 71.3%, 60.8%]",,,,
5,parallel,12,12,0.3871952315334082,0.9961481592323207,1.1500695366412401,0.0001111111111111111,66.8,"[60.4%, 68.8%, 75.2%, 64.6%, 71.3%, 60.5%]",,,,
5,parallel,13,13,0.3737977631789777,0.9448835540421402,1.1130313351750374,0.0001111111111111111,66.96666666666667,"[60.4%, 68.8%, 75.2%, 64.6%, 71.3%, 61.5%]",,,,
5,parallel,14,14,0.36072029482454737,0.8834345665159105,1.1049959044903517,0.0001111111111111111,67.11666666666666,"[60.4%, 68.8%, 75.2%, 64.6%, 71.3%, 62.4%]",,,,
5,parallel,15,15,0.34796282647011695,0.8736404625675346,1.053756831213832,0.0001111111111111111,67.05,"[60.4%, 68.8%, 75.2%, 64.6%, 71.3%, 62.0%]",,,,
5,parallel,16,16,0.33552535811568657,0.8603051546253736,1.0386625886894763,0.0001111111111111111,67.68333333333334,"[60.4%, 68.8%, 75.2%, 64.6%, 71.3%, 65.8%]",,,,
5,parallel,17,17,0.32340788976125623,0.8511198811893221,0.9740224061533809,0.0001111111111111111,67.68333333333334,"[60.4%, 68.8%, 75.2%, 64.6%, 71.3%, 65.8%]",,,,
5,parallel,18,18,0.3116104214068258,0.828211434279816,0.9498164374381304,0.0001111111111111111,68.0,"[60.4%, 68.8%, 75.2%, 64.6%, 71.3%, 67.7%]",,,,
5,parallel,19,19,0.3001329530523955,0.7751656080348582,1.116878230124712,0.0001111111111111111,66.75,"[60.4%, 68.8%, 75.2%, 64.6%, 71.3%, 60.2%]",,,,
5,parallel,20,20,0.2889754846979651,0.8170562763757343,0.9482889790087938,0.0001111111111111111,67.98333333333333,"[60.4%, 68.8%, 75.2%, 64.6%, 71.3%, 67.6%]",,,,
5,parallel,21,21,0.2781380163435347,0.7512631446500367,0.9742854693904519,0.0001111111111111111,67.91666666666667,"[60.4%, 68.8%, 75.2%, 64.6%, 71.3%, 67.2%]",,,,
5,parallel,22,22,0.2676205479891044,0.7416670375232455,0.9236429464071989,0.0001111111111111111,67.93333333333334,"[60.4%, 68.8%, 75.2%, 64.6%, 71.3%, 67.3%]",,,,
5,parallel,23,23,0.257423079634674,0.7593684007849875,0.9599458165466785,0.0001111111111111111,67.8,"[60.4%, 68.8%, 75.2%, 64.6%, 71.3%, 66.5%]",,,,
5,parallel,24,24,0.24754561128024358,0.7646447563473182,0.9571598591282964,0.0001111111111111111,67.68333333333334,"[60.4%, 68.8%, 75.2%, 64.6%, 71.3%, 65.8%]",,,,
5,parallel,25,25,0.2379881429258132,0.7546490845800955,0.9945429395884275,0.0001111111111111111,67.55,"[60.4%, 68.8%, 75.2%, 64.6%, 71.3%, 65.0%]",,,,
5,parallel,26,26,0.2287506745713828,0.7552604471580892,1.047308163717389,0.0001111111111111111,67.53333333333335,"[60.4%, 68.8%, 75.2%, 64.6%, 71.3%, 64.9%]",,,,
5,parallel,27,27,0.21983320621695243,0.7392241113548037,0.9022689256817102,0.0001111111111111111,67.95,"[60.4%, 68.8%, 75.2%, 64.6%, 71.3%, 67.4%]",,,,
5,parallel,28,28,0.21123573786252203,0.7832727779315997,0.9593916297890246,0.0001111111111111111,67.66666666666667,"[60.4%, 68.8%, 75.2%, 64.6%, 71.3%, 65.7%]",,,,
5,parallel,29,29,0.20295826950809165,0.7958808563932588,0.9488476901315153,0.0001111111111111111,67.73333333333333,"[60.4%, 68.8%, 75.2%, 64.6%, 71.3%, 66.1%]",,,,
5,parallel,30,30,0.1950008011536613,0.7683321931694127,0.8770135929808021,0.0001111111111111111,68.36666666666667,"[60.4%, 68.8%, 75.2%, 64.6%, 71.3%, 69.9%]",,,,
5,parallel,31,31,0.1873633327992309,0.7800116301337375,0.9832330904901028,0.0001111111111111111,67.60000000000001,"[60.4%, 68.8%, 75.2%, 64.6%, 71.3%, 65.3%]",,,,
5,parallel,32,32,0.18004586444480053,0.7688566318041161,0.9747704183682799,0.0001111111111111111,68.05,"[60.4%, 68.8%, 75.2%, 64.6%, 71.3%, 68.0%]",,,,
5,parallel,33,33,0.17304839609037015,0.7840397380575349,0.922407173551619,0.0001111111111111111,68.10000000000001,"[60.4%, 68.8%, 75.2%, 64.6%, 71.3%, 68.3%]",,,,
5,parallel,34,34,0.16637092773593976,0.8593665270865718,0.9919231059029698,0.0001111111111111111,67.38333333333334,"[60.4%, 68.8%, 75.2%, 64.6%, 71.3%, 64.0%]",,,,
5,parallel,35,35,0.16001345938150938,0.8069552903688406,0.9251681230962276,0.0001111111111111111,68.06666666666666,"[60.4%, 68.8%, 75.2%, 64.6%, 71.3%, 68.1%]",,,,
5,parallel,36,36,0.153975991027079,0.9130124728890914,1.0268632806837559,0.0001111111111111111,67.66666666666667,"[60.4%, 68.8%, 75.2%, 64.6%, 71.3%, 65.7%]",,,,
5,parallel,37,37,0.14825852267264863,0.8501564739625666,0.9955945815891027,0.0001111111111111111,67.53333333333335,"[60.4%, 68.8%, 75.2%, 64.6%, 71.3%, 64.9%]",,,,
5,parallel,38,38,0.14286105431821824,0.8084789488134505,0.9982577757909894,0.0001111111111111111,67.61666666666667,"[60.4%, 68.8%, 75.2%, 64.6%, 71.3%, 65.4%]",,,,
5,parallel,39,39,0.13778358596378787,0.9394478133962124,1.158928882330656,0.0001111111111111111,66.75,"[60.4%, 68.8%, 75.2%, 64.6%, 71.3%, 60.2%]",,,,
5,parallel,40,40,0.13302611760935748,0.8580037046082413,0.9463411765173078,0.0001111111111111111,67.95,"[60.4%, 68.8%, 75.2%, 64.6%, 71.3%, 67.4%]",,,,
5,parallel,41,41,0.12858864925492708,0.8436535359183445,1.0204887883737683,0.0001111111111111111,67.53333333333335,"[60.4%, 68.8%, 75.2%, 64.6%, 71.3%, 64.9%]",,,,
5,parallel,42,42,0.12447118090049673,0.9341975548599339,1.1374165825545788,0.0001111111111111111,66.76666666666667,"[60.4%, 68.8%, 75.2%, 64.6%, 71.3%, 60.3%]",,,,
5,parallel,43,43,0.12067371254606635,0.9302753194977965,1.0207716897130013,0.0001111111111111111,67.41666666666667,"[60.4%, 68.8%, 75.2%, 64.6%, 71.3%, 64.2%]",,,,
5,parallel,44,44,0.11719624419163596,0.8884629320494736,0.9791983561590314,0.0001111111111111111,67.60000000000001,"[60.4%, 68.8%, 75.2%, 64.6%, 71.3%, 65.3%]",,,,
5,parallel,45,45,0.11403877583720558,0.8956116475636446,1.015998799353838,0.0001111111111111111,67.51666666666667,"[60.4%, 68.8%, 75.2%, 64.6%, 71.3%, 64.8%]",,,,
5,parallel,46,46,0.11120130748277521,0.8577894666526891,0.9624944720417261,0.0001111111111111111,67.88333333333334,"[60.4%, 68.8%, 75.2%, 64.6%, 71.3%, 67.0%]",,,,
5,parallel,47,47,0.10868383912834481,1.0546519469611253,1.2030202206224203,0.0001111111111111111,66.7,"[60.4%, 68.8%, 75.2%, 64.6%, 71.3%, 59.9%]",,,,
5,parallel,48,48,0.10648637077391443,0.9854466228545466,1.0621381038799882,0.0001111111111111111,67.35000000000001,"[60.4%, 68.8%, 75.2%, 64.6%, 71.3%, 63.8%]",,,,
5,parallel,49,49,0.10460890241948406,0.8906984555570385,1.015590637922287,0.0001111111111111111,67.7,"[60.4%, 68.8%, 75.2%, 64.6%, 71.3%, 65.9%]",,,,
5,parallel,50,50,0.10305143406505368,0.8908317292792888,0.9388213809579611,0.0001111111111111111,68.25,"[60.4%, 68.8%, 75.2%, 64.6%, 71.3%, 69.2%]",,,,
5,parallel,51,51,0.1018139657106233,0.820680603573594,0.9305106988176703,0.0001111111111111111,68.05,"[60.4%, 68.8%, 75.2%, 64.6%, 71.3%, 68.0%]",,,,
5,parallel,52,52,0.10089649735619292,0.8742916455751732,0.9565408620983362,0.0001111111111111111,67.85000000000001,"[60.4%, 68.8%, 75.2%, 64.6%, 71.3%, 66.8%]",,,,
5,parallel,53,53,0.10029902900176255,0.8276564607137367,1.0171313183382154,0.0001111111111111111,67.58333333333333,"[60.4%, 68.8%, 75.2%, 64.6%, 71.3%, 65.2%]",,,,
5,parallel,54,54,0.10002156064733217,0.7966081982926477,0.9146045409142971,0.0001111111111111111,68.21666666666667,"[60.4%, 68.8%, 75.2%, 64.6%, 71.3%, 69.0%]",,,,
5,parallel,55,55,0.1,0.7853670067425016,0.9719805903732777,0.0001111111111111111,67.91666666666667,"[60.4%, 68.8%, 75.2%, 64.6%, 71.3%, 67.2%]",,,,
5,weights,1,56,0.1,0.7836942318119581,0.976080009713769,0.0001111111111111111,68.05,"[60.4%, 68.8%, 75.2%, 64.6%, 71.3%, 68.0%]",,,,
5,weights,2,57,0.1,0.7443770736078673,0.9010267378762364,0.0001111111111111111,68.28333333333335,"[60.4%, 68.8%, 75.2%, 64.6%, 71.3%, 69.4%]",,,,
5,weights,3,58,0.1,0.7351997985115534,0.86353431455791,0.0001111111111111111,68.51666666666667,"[60.4%, 68.8%, 75.2%, 64.6%, 71.3%, 70.8%]",,,,
5,weights,4,59,0.1,0.7264184487771385,0.9156057890504599,0.0001111111111111111,68.28333333333335,"[60.4%, 68.8%, 75.2%, 64.6%, 71.3%, 69.4%]",,,,
5,weights,5,60,0.1,0.7003208247921134,0.8705690745264292,0.0001111111111111111,68.8,"[60.4%, 68.8%, 75.2%, 64.6%, 71.3%, 72.5%]",,,,
5,weights,6,61,0.1,0.6847826925259602,0.8721155216917396,0.0001111111111111111,68.46666666666667,"[60.4%, 68.8%, 75.2%, 64.6%, 71.3%, 70.5%]",,,,
5,weights,7,62,0.1,0.6818701824809932,0.8677352787926793,0.0001111111111111111,68.51666666666667,"[60.4%, 68.8%, 75.2%, 64.6%, 71.3%, 70.8%]",,,,
5,weights,8,63,0.1,0.6488626603084274,0.8157760119065642,0.0001111111111111111,68.88333333333334,"[60.4%, 68.8%, 75.2%, 64.6%, 71.3%, 73.0%]",,,,
5,weights,9,64,0.1,0.6705241225942781,0.8896352062001824,0.0001111111111111111,68.58333333333333,"[60.4%, 68.8%, 75.2%, 64.6%, 71.3%, 71.2%]",,,,
5,weights,10,65,0.1,0.6495082393477235,0.8592124730348587,0.0001111111111111111,68.53333333333335,"[60.4%, 68.8%, 75.2%, 64.6%, 71.3%, 70.9%]",,,,
5,weights,11,66,0.1,0.626199062489256,0.7914026575163007,0.0001111111111111111,68.96666666666667,"[60.4%, 68.8%, 75.2%, 64.6%, 71.3%, 73.5%]",,,,
5,weights,12,67,0.1,0.6213252695300912,0.9015021226368845,0.0001111111111111111,68.5,"[60.4%, 68.8%, 75.2%, 64.6%, 71.3%, 70.7%]",,,,
5,weights,13,68,0.1,0.6141906505144095,0.859536855481565,0.0001111111111111111,68.61666666666667,"[60.4%, 68.8%, 75.2%, 64.6%, 71.3%, 71.4%]",,,,
5,weights,14,69,0.1,0.6182077572315554,0.8262507868930697,0.0001111111111111111,68.71666666666667,"[60.4%, 68.8%, 75.2%, 64.6%, 71.3%, 72.0%]",,,,
5,weights,15,70,0.1,0.6076686001276668,0.8633504142053425,0.0001111111111111111,68.63333333333334,"[60.4%, 68.8%, 75.2%, 64.6%, 71.3%, 71.5%]",,,,
5,weights,16,71,0.1,0.6046817140488685,0.7681194450706244,0.0001111111111111111,69.06666666666666,"[60.4%, 68.8%, 75.2%, 64.6%, 71.3%, 74.1%]",,,,
5,weights,17,72,0.1,0.5797095193138605,0.7907333364710212,0.0001111111111111111,68.93333333333334,"[60.4%, 68.8%, 75.2%, 64.6%, 71.3%, 73.3%]",,,,
5,weights,18,73,0.1,0.5742792713491223,0.7970460690557957,0.0001111111111111111,68.98333333333333,"[60.4%, 68.8%, 75.2%, 64.6%, 71.3%, 73.6%]",,,,
5,weights,19,74,0.1,0.5843211350184453,0.7901813015341759,0.0001111111111111111,68.91666666666667,"[60.4%, 68.8%, 75.2%, 64.6%, 71.3%, 73.2%]",,,,
5,weights,20,75,0.1,0.5791774041290525,0.8424514206126332,0.0001111111111111111,68.64999999999999,"[60.4%, 68.8%, 75.2%, 64.6%, 71.3%, 71.6%]",,,,
5,weights,21,76,0.1,0.5666254143926162,0.7810388579964638,0.0001111111111111111,68.78333333333335,"[60.4%, 68.8%, 75.2%, 64.6%, 71.3%, 72.4%]",,,,
5,weights,22,77,0.1,0.5525482342213015,0.8057392314076424,0.0001111111111111111,68.93333333333334,"[60.4%, 68.8%, 75.2%, 64.6%, 71.3%, 73.3%]",,,,
5,weights,23,78,0.1,0.5715051104750815,0.7891610199585557,0.0001111111111111111,69.0,"[60.4%, 68.8%, 75.2%, 64.6%, 71.3%, 73.7%]",,,,
5,weights,24,79,0.1,0.5569919079919404,0.8184036291204393,0.0001111111111111111,68.96666666666667,"[60.4%, 68.8%, 75.2%, 64.6%, 71.3%, 73.5%]",,,,
5,weights,25,80,0.1,0.5590039733089979,0.7922446839511395,0.0001111111111111111,69.0,"[60.4%, 68.8%, 75.2%, 64.6%, 71.3%, 73.7%]",56.31666666666667,"[22.1%, 61.2%, 72.6%, 57.5%, 68.7%, 55.8%]",62.48333333333333,"[46.2%, 61.2%, 72.6%, 60.3%, 68.7%, 65.9%]"
6,parallel,1,1,0.4,8.152187093903747,4.558633059263229,0.0001111111111111111,59.142857142857146,"[60.4%, 68.8%, 75.2%, 64.6%, 71.3%, 73.7%, 0.0%]",,,,
6,parallel,2,2,0.4,3.062432491326634,2.3687499165534973,0.0001111111111111111,60.57142857142857,"[60.4%, 68.8%, 75.2%, 64.6%, 71.3%, 73.7%, 10.0%]",,,,
6,parallel,3,3,0.4,2.3441569654247427,2.3289694488048553,0.0001111111111111111,60.57142857142857,"[60.4%, 68.8%, 75.2%, 64.6%, 71.3%, 73.7%, 10.0%]",,,,
6,parallel,4,4,0.4,2.321992026099676,2.324325740337372,0.0001111111111111111,60.57142857142857,"[60.4%, 68.8%, 75.2%, 64.6%, 71.3%, 73.7%, 10.0%]",,,,
6,parallel,5,5,0.3924531325108157,2.15753223171717,2.053633965551853,0.0001111111111111111,63.028571428571425,"[60.4%, 68.8%, 75.2%, 64.6%, 71.3%, 73.7%, 27.2%]",,,,
6,parallel,6,6,0.3807250312449929,1.7393745787536041,1.6159309074282646,0.0001111111111111111,64.51428571428572,"[60.4%, 68.8%, 75.2%, 64.6%, 71.3%, 73.7%, 37.6%]",,,,
6,parallel,7,7,0.36923692997917,1.4940976281709308,1.6155783012509346,0.0001111111111111111,65.32857142857144,"[60.4%, 68.8%, 75.2%, 64.6%, 71.3%, 73.7%, 43.3%]",,,,
6,parallel,8,8,0.35798882871334725,1.36526888156239,1.255246926099062,0.0001111111111111111,66.57142857142857,"[60.4%, 68.8%, 75.2%, 64.6%, 71.3%, 73.7%, 52.0%]",,,,
6,parallel,9,9,0.3469807274475245,1.1715087905714783,1.1337305568158627,0.0001111111111111111,67.55714285714285,"[60.4%, 68.8%, 75.2%, 64.6%, 71.3%, 73.7%, 58.9%]",,,,
6,parallel,10,10,0.33621262618170167,1.086373586443406,1.0846389215439558,0.0001111111111111111,67.82857142857144,"[60.4%, 68.8%, 75.2%, 64.6%, 71.3%, 73.7%, 60.8%]",,,,
6,parallel,11,11,0.32568452491587896,1.0182542521742326,1.1188903916627169,0.0001111111111111111,67.72857142857143,"[60.4%, 68.8%, 75.2%, 64.6%, 71.3%, 73.7%, 60.1%]",,,,
6,parallel,12,12,0.31539642365005616,0.9654023549224757,0.996626059524715,0.0001111111111111111,68.18571428571428,"[60.4%, 68.8%, 75.2%, 64.6%, 71.3%, 73.7%, 63.3%]",,,,
6,parallel,13,13,0.3053483223842333,0.9396838983402976,1.0691234366968274,0.0001111111111111111,68.34285714285714,"[60.4%, 68.8%, 75.2%, 64.6%, 71.3%, 73.7%, 64.4%]",,,,
6,parallel,14,14,0.2955402211184105,0.9047968289520167,0.9728472977876663,0.0001111111111111111,68.54285714285714,"[60.4%, 68.8%, 75.2%, 64.6%, 71.3%, 73.7%, 65.8%]",,,,
6,parallel,15,15,0.28597211985258775,0.8770151319383066,0.998510891571641,0.0001111111111111111,68.72857142857143,"[60.4%, 68.8%, 75.2%, 64.6%, 71.3%, 73.7%, 67.1%]",,,,
6,parallel,16,16,0.27664401858676496,0.8529115417335607,0.9326613768935204,0.0001111111111111111,68.91428571428571,"[60.4%, 68.8%, 75.2%, 64.6%, 71.3%, 73.7%, 68.4%]",,,,
6,parallel,17,17,0.2675559173209422,0.7894233178488815,0.9433302227407694,0.0001111111111111111,68.77142857142857,"[60.4%, 68.8%, 75.2%, 64.6%, 71.3%, 73.7%, 67.4%]",,,,
6,parallel,18,18,0.2587078160551194,0.7839913172057912,0.9577230606228113,0.0001111111111111111,68.82857142857144,"[60.4%, 68.8%, 75.2%, 64.6%, 71.3%, 73.7%, 67.8%]",,,,
6,parallel,19,19,0.2500997147892966,0.7657137694238108,0.8995737237855792,0.0001111111111111111,68.92857142857143,"[60.4%, 68.8%, 75.2%, 64.6%, 71.3%, 73.7%, 68.5%]",,,,
6,parallel,20,20,0.24173161352347383,0.8032693817645689,0.9190210932865739,0.0001111111111111111,69.1,"[60.4%, 68.8%, 75.2%, 64.6%, 71.3%, 73.7%, 69.7%]",,,,
6,parallel,21,21,0.23360351225765102,0.7880590482603146,0.9171843770891428,0.0001111111111111111,68.81428571428572,"[60.4%, 68.8%, 75.2%, 64.6%, 71.3%, 73.7%, 67.7%]",,,,
6,parallel,22,22,0.2257154109918283,0.7645225166519986,0.8758497154340148,0.0001111111111111111,69.18571428571428,"[60.4%, 68.8%, 75.2%, 64.6%, 71.3%, 73.7%, 70.3%]",,,,
6,parallel,23,23,0.2180673097260055,0.7555862404877627,1.0296454634517431,0.0001111111111111111,68.75714285714285,"[60.4%, 68.8%, 75.2%, 64.6%, 71.3%, 73.7%, 67.3%]",,,,
6,parallel,24,24,0.2106592084601827,0.7521738130835038,0.9190690517425537,0.0001111111111111111,68.95714285714286,"[60.4%, 68.8%, 75.2%, 64.6%, 71.3%, 73.7%, 68.7%]",,,,
6,parallel,25,25,0.20349110719435992,0.6954664497435847,0.8794956468045712,0.0001111111111111111,69.22857142857143,"[60.4%, 68.8%, 75.2%, 64.6%, 71.3%, 73.7%, 70.6%]",,,,
6,parallel,26,26,0.1965630059285371,0.7332911887500859,0.8808403434231877,0.0001111111111111111,69.3,"[60.4%, 68.8%, 75.2%, 64.6%, 71.3%, 73.7%, 71.1%]",,,,
6,parallel,27,27,0.18987490466271434,0.7029364327841168,0.8708874434232712,0.0001111111111111111,69.12857142857142,"[60.4%, 68.8%, 75.2%, 64.6%, 71.3%, 73.7%, 69.9%]",,,,
6,parallel,28,28,0.18342680339689152,0.7538976375060745,0.9913537502288818,0.0001111111111111111,68.88571428571429,"[60.4%, 68.8%, 75.2%, 64.6%, 71.3%, 73.7%, 68.2%]",,,,
6,parallel,29,29,0.17721870213106874,0.7181200551081307,0.8578933663666248,0.0001111111111111111,69.3,"[60.4%, 68.8%, 75.2%, 64.6%, 71.3%, 73.7%, 71.1%]",,,,
6,parallel,30,30,0.17125060086524596,0.7132954303222366,0.8953509842976928,0.0001111111111111111,69.11428571428571,"[60.4%, 68.8%, 75.2%, 64.6%, 71.3%, 73.7%, 69.8%]",,,,
6,parallel,31,31,0.16552249959942317,0.709905888838104,0.8491787854582071,0.0001111111111111111,69.42857142857143,"[60.4%, 68.8%, 75.2%, 64.6%, 71.3%, 73.7%, 72.0%]",,,,
6,parallel,32,32,0.1600343983336004,0.7138484308991251,0.8625153610482812,0.0001111111111111111,69.34285714285714,"[60.4%, 68.8%, 75.2%, 64.6%, 71.3%, 73.7%, 71.4%]",,,,
6,parallel,33,33,0.1547862970677776,0.7871993602831152,0.969462227076292,0.0001111111111111111,68.67142857142856,"[60.4%, 68.8%, 75.2%, 64.6%, 71.3%, 73.7%, 66.7%]",,,,
6,parallel,34,34,0.1497781958019548,0.7250714349218562,0.8796596936881542,0.0001111111111111111,69.37142857142858,"[60.4%, 68.8%, 75.2%, 64.6%, 71.3%, 73.7%, 71.6%]",,,,
6,parallel,35,35,0.14501009453613203,0.7139974545828903,0.8524362416937947,0.0001111111111111111,69.4,"[60.4%, 68.8%, 75.2%, 64.6%, 71.3%, 73.7%, 71.8%]",,,,
6,parallel,36,36,0.14048199327030927,0.7186894231959234,0.9144142270088196,0.0001111111111111111,69.05714285714285,"[60.4%, 68.8%, 75.2%, 64.6%, 71.3%, 73.7%, 69.4%]",,,,
6,parallel,37,37,0.13619389200448648,0.7603513526765606,0.9765746425837278,0.0001111111111111111,68.95714285714286,"[60.4%, 68.8%, 75.2%, 64.6%, 71.3%, 73.7%, 68.7%]",,,,
6,parallel,38,38,0.1321457907386637,0.7432855707180651,0.9368226062506437,0.0001111111111111111,69.02857142857142,"[60.4%, 68.8%, 75.2%, 64.6%, 71.3%, 73.7%, 69.2%]",,,,
6,parallel,39,39,0.1283376894728409,0.75695699792874,0.8526425696909428,0.0001111111111111111,69.32857142857144,"[60.4%, 68.8%, 75.2%, 64.6%, 71.3%, 73.7%, 71.3%]",,,,
6,parallel,40,40,0.12476958820701811,0.7946948250637779,0.9518932737410069,0.0001111111111111111,68.98571428571428,"[60.4%, 68.8%, 75.2%, 64.6%, 71.3%, 73.7%, 68.9%]",,,,
6,parallel,41,41,0.12144148694119532,0.7857812937301926,0.8989381901919842,0.0001111111111111111,69.17142857142856,"[60.4%, 68.8%, 75.2%, 64.6%, 71.3%, 73.7%, 70.2%]",,,,
6,parallel,42,42,0.11835338567537255,0.7585775889927828,0.8920847997069359,0.0001111111111111111,69.15714285714286,"[60.4%, 68.8%, 75.2%, 64.6%, 71.3%, 73.7%, 70.1%]",,,,
6,parallel,43,43,0.11550528440954977,0.7652369518823261,0.9335908703505993,0.0001111111111111111,68.98571428571428,"[60.4%, 68.8%, 75.2%, 64.6%, 71.3%, 73.7%, 68.9%]",,,,
6,parallel,44,44,0.11289718314372697,0.7455259976507742,0.855445122346282,0.0001111111111111111,69.48571428571428,"[60.4%, 68.8%, 75.2%, 64.6%, 71.3%, 73.7%, 72.4%]",,,,
6,parallel,45,45,0.1105290818779042,0.7085920432700387,0.8123796377331018,0.0001111111111111111,69.58571428571429,"[60.4%, 68.8%, 75.2%, 64.6%, 71.3%, 73.7%, 73.1%]",,,,
6,parallel,46,46,0.10840098061208141,0.9501324627972856,1.0290917214006186,0.0001111111111111111,68.42857142857143,"[60.4%, 68.8%, 75.2%, 64.6%, 71.3%, 73.7%, 65.0%]",,,,
6,parallel,47,47,0.10651287934625861,0.8853152213217337,0.9024250283837318,0.0001111111111111111,68.97142857142858,"[60.4%, 68.8%, 75.2%, 64.6%, 71.3%, 73.7%, 68.8%]",,,,
6,parallel,48,48,0.10486477808043583,0.826399063007741,0.8891092445701361,0.0001111111111111111,69.08571428571429,"[60.4%, 68.8%, 75.2%, 64.6%, 71.3%, 73.7%, 69.6%]",,,,
6,parallel,49,49,0.10345667681461305,0.8170035089118571,0.923313002102077,0.0001111111111111111,69.04285714285714,"[60.4%, 68.8%, 75.2%, 64.6%, 71.3%, 73.7%, 69.3%]",,,,
6,parallel,50,50,0.10228857554879027,0.7543264355840562,0.8812031038105488,0.0001111111111111111,69.0,"[60.4%, 68.8%, 75.2%, 64.6%, 71.3%, 73.7%, 69.0%]",,,,
6,parallel,51,51,0.10136047428296747,0.7894601505013961,0.9260258469730616,0.0001111111111111111,68.91428571428571,"[60.4%, 68.8%, 75.2%, 64.6%, 71.3%, 73.7%, 68.4%]",,,,
6,parallel,52,52,0.1006723730171447,0.7663854749142369,0.8713857475668192,0.0001111111111111111,69.2,"[60.4%, 68.8%, 75.2%, 64.6%, 71.3%, 73.7%, 70.4%]",,,,
6,parallel,53,53,0.10022427175132191,0.7273293311082865,0.8478069622069597,0.0001111111111111111,69.28571428571429,"[60.4%, 68.8%, 75.2%, 64.6%, 71.3%, 73.7%, 71.0%]",,,,
6,parallel,54,54,0.10001617048549913,0.7115995650050007,0.8759307581931353,0.0001111111111111111,69.4,"[60.4%, 68.8%, 75.2%, 64.6%, 71.3%, 73.7%, 71.8%]",,,,
6,parallel,55,55,0.1,0.7155096761033505,0.8788460269570351,0.0001111111111111111,69.08571428571429,"[60.4%, 68.8%, 75.2%, 64.6%, 71.3%, 73.7%, 69.6%]",,,,
6,weights,1,56,0.1,0.6899062085755264,0.8455056417733431,0.0001111111111111111,69.5,"[60.4%, 68.8%, 75.2%, 64.6%, 71.3%, 73.7%, 72.5%]",,,,
6,weights,2,57,0.1,0.6710144375698476,0.8420460969209671,0.0001111111111111111,69.47142857142858,"[60.4%, 68.8%, 75.2%, 64.6%, 71.3%, 73.7%, 72.3%]",,,,
6,weights,3,58,0.1,0.6711363298229024,0.8021310111507773,0.0001111111111111111,69.5,"[60.4%, 68.8%, 75.2%, 64.6%, 71.3%, 73.7%, 72.5%]",,,,
6,weights,4,59,0.1,0.6522017758858355,0.8584006782621145,0.0001111111111111111,69.27142857142857,"[60.4%, 68.8%, 75.2%, 64.6%, 71.3%, 73.7%, 70.9%]",,,,
6,weights,5,60,0.1,0.6390569259094286,0.766171045601368,0.0001111111111111111,69.7,"[60.4%, 68.8%, 75.2%, 64.6%, 71.3%, 73.7%, 73.9%]",,,,
6,weights,6,61,0.1,0.630962495939641,0.8369844108819962,0.0001111111111111111,69.62857142857142,"[60.4%, 68.8%, 75.2%, 64.6%, 71.3%, 73.7%, 73.4%]",,,,
6,weights,7,62,0.1,0.6163445526286017,0.8033490907400846,0.0001111111111111111,69.54285714285714,"[60.4%, 68.8%, 75.2%, 64.6%, 71.3%, 73.7%, 72.8%]",,,,
6,weights,8,63,0.1,0.6292082037352309,0.7896497119218111,0.0001111111111111111,69.62857142857142,"[60.4%, 68.8%, 75.2%, 64.6%, 71.3%, 73.7%, 73.4%]",,,,
6,weights,9,64,0.1,0.5833397986768167,0.7727533131837845,0.0001111111111111111,69.67142857142856,"[60.4%, 68.8%, 75.2%, 64.6%, 71.3%, 73.7%, 73.7%]",,,,
6,weights,10,65,0.1,0.582855793871457,0.7948858784511685,0.0001111111111111111,69.52857142857142,"[60.4%, 68.8%, 75.2%, 64.6%, 71.3%, 73.7%, 72.7%]",,,,
6,weights,11,66,0.1,0.589351079509228,0.7942737806588411,0.0001111111111111111,69.47142857142858,"[60.4%, 68.8%, 75.2%, 64.6%, 71.3%, 73.7%, 72.3%]",,,,
6,weights,12,67,0.1,0.5974287658552581,0.8543445998802781,0.0001111111111111111,69.55714285714285,"[60.4%, 68.8%, 75.2%, 64.6%, 71.3%, 73.7%, 72.9%]",,,,
6,weights,13,68,0.1,0.5923825610853448,0.80370525829494,0.0001111111111111111,69.55714285714285,"[60.4%, 68.8%, 75.2%, 64.6%, 71.3%, 73.7%, 72.9%]",,,,
6,weights,14,69,0.1,0.5647206336637086,0.807215150911361,0.0001111111111111111,69.45714285714286,"[60.4%, 68.8%, 75.2%, 64.6%, 71.3%, 73.7%, 72.2%]",,,,
6,weights,15,70,0.1,0.5509653253645836,0.7767322100698948,0.0001111111111111111,69.7,"[60.4%, 68.8%, 75.2%, 64.6%, 71.3%, 73.7%, 73.9%]",,,,
6,weights,16,71,0.1,0.5538225617212585,0.755931906402111,0.0001111111111111111,69.82857142857144,"[60.4%, 68.8%, 75.2%, 64.6%, 71.3%, 73.7%, 74.8%]",,,,
6,weights,17,72,0.1,0.5406614627830589,0.7418570406734943,0.0001111111111111111,69.85714285714286,"[60.4%, 68.8%, 75.2%, 64.6%, 71.3%, 73.7%, 75.0%]",,,,
6,weights,18,73,0.1,0.5265434476770933,0.7385913338512182,0.0001111111111111111,69.72857142857143,"[60.4%, 68.8%, 75.2%, 64.6%, 71.3%, 73.7%, 74.1%]",,,,
6,weights,19,74,0.1,0.5289917744790451,0.7646061219274998,0.0001111111111111111,69.75714285714285,"[60.4%, 68.8%, 75.2%, 64.6%, 71.3%, 73.7%, 74.3%]",,,,
6,weights,20,75,0.1,0.5230689218527154,0.7484096838161349,0.0001111111111111111,69.81428571428572,"[60.4%, 68.8%, 75.2%, 64.6%, 71.3%, 73.7%, 74.7%]",,,,
6,weights,21,76,0.1,0.5289669119859044,0.7547075897455215,0.0001111111111111111,69.84285714285714,"[60.4%, 68.8%, 75.2%, 64.6%, 71.3%, 73.7%, 74.9%]",,,,
6,weights,22,77,0.1,0.5085561146275906,0.7699669813737273,0.0001111111111111111,69.71428571428571,"[60.4%, 68.8%, 75.2%, 64.6%, 71.3%, 73.7%, 74.0%]",,,,
6,weights,23,78,0.1,0.5186382928226567,0.7676887717097998,0.0001111111111111111,69.71428571428571,"[60.4%, 68.8%, 75.2%, 64.6%, 71.3%, 73.7%, 74.0%]",,,,
6,weights,24,79,0.1,0.5270376228079011,0.736409061588347,0.0001111111111111111,69.81428571428572,"[60.4%, 68.8%, 75.2%, 64.6%, 71.3%, 73.7%, 74.7%]",,,,
6,weights,25,80,0.1,0.5341826469837865,0.7161313081160188,0.0001111111111111111,69.74285714285715,"[60.4%, 68.8%, 75.2%, 64.6%, 71.3%, 73.7%, 74.2%]",58.47142857142858,"[22.1%, 61.2%, 72.6%, 57.5%, 68.7%, 55.8%, 71.4%]",63.75714285714285,"[46.2%, 61.2%, 72.6%, 60.3%, 68.7%, 65.9%, 71.4%]"
7,parallel,1,1,0.3,8.511675448357304,4.747673451900482,0.0001111111111111111,61.025,"[60.4%, 68.8%, 75.2%, 64.6%, 71.3%, 73.7%, 74.2%, 0.0%]",,,,
7,parallel,2,2,0.3,3.6246075750906255,2.723373293876648,0.0001111111111111111,62.275,"[60.4%, 68.8%, 75.2%, 64.6%, 71.3%, 73.7%, 74.2%, 10.0%]",,,,
7,parallel,3,3,0.3,2.4661366969724243,2.3639819771051407,0.0001111111111111111,62.275,"[60.4%, 68.8%, 75.2%, 64.6%, 71.3%, 73.7%, 74.2%, 10.0%]",,,,
7,parallel,4,4,0.3,2.347249239305907,2.3342955112457275,0.0001111111111111111,62.275,"[60.4%, 68.8%, 75.2%, 64.6%, 71.3%, 73.7%, 74.2%, 10.0%]",,,,
7,parallel,5,5,0.2949687550072104,2.332676362387742,2.324100613594055,0.0001111111111111111,62.275,"[60.4%, 68.8%, 75.2%, 64.6%, 71.3%, 73.7%, 74.2%, 10.0%]",,,,
7,parallel,6,6,0.2871500208299952,2.3138099984277654,2.2798227220773697,0.0001111111111111111,62.85,"[60.4%, 68.8%, 75.2%, 64.6%, 71.3%, 73.7%, 74.2%, 14.6%]",,,,
7,parallel,7,7,0.27949128665278,2.10837921009788,1.9341772943735123,0.0001111111111111111,64.5375,"[60.4%, 68.8%, 75.2%, 64.6%, 71.3%, 73.7%, 74.2%, 28.1%]",,,,
7,parallel,8,8,0.2719925524755648,1.8685828100276898,1.7804693318903446,0.0001111111111111111,65.2,"[60.4%, 68.8%, 75.2%, 64.6%, 71.3%, 73.7%, 74.2%, 33.4%]",,,,
7,parallel,9,9,0.2646538182983496,1.708172619342804,1.6716979928314686,0.0001111111111111111,65.8,"[60.4%, 68.8%, 75.2%, 64.6%, 71.3%, 73.7%, 74.2%, 38.2%]",,,,
7,parallel,10,10,0.2574750841211344,1.5510221870639656,1.5837624855339527,0.0001111111111111111,66.25,"[60.4%, 68.8%, 75.2%, 64.6%, 71.3%, 73.7%, 74.2%, 41.8%]",,,,
7,parallel,11,11,0.25045634994391924,1.4313420509990258,1.4043056890368462,0.0001111111111111111,67.2375,"[60.4%, 68.8%, 75.2%, 64.6%, 71.3%, 73.7%, 74.2%, 49.7%]",,,,
7,parallel,12,12,0.24359761576670405,1.3390305268613598,1.3168767616152763,0.0001111111111111111,67.8,"[60.4%, 68.8%, 75.2%, 64.6%, 71.3%, 73.7%, 74.2%, 54.2%]",,,,
7,parallel,13,13,0.23689888158948885,1.2638332383542121,1.2556802723556757,0.0001111111111111111,68.05,"[60.4%, 68.8%, 75.2%, 64.6%, 71.3%, 73.7%, 74.2%, 56.2%]",,,,
7,parallel,14,14,0.23036014741227365,1.2240991313246232,1.2328772731125355,0.0001111111111111111,68.0875,"[60.4%, 68.8%, 75.2%, 64.6%, 71.3%, 73.7%, 74.2%, 56.5%]",,,,
7,parallel,15,15,0.22398141323505846,1.1860505893260618,1.1520076859742403,0.0001111111111111111,68.6625,"[60.4%, 68.8%, 75.2%, 64.6%, 71.3%, 73.7%, 74.2%, 61.1%]",,,,
7,parallel,16,16,0.21776267905784327,1.1189024538933476,1.207336725667119,0.0001111111111111111,68.425,"[60.4%, 68.8%, 75.2%, 64.6%, 71.3%, 73.7%, 74.2%, 59.2%]",,,,
7,parallel,17,17,0.2117039448806281,1.1134482380710071,1.1690866090357304,0.0001111111111111111,68.7375,"[60.4%, 68.8%, 75.2%, 64.6%, 71.3%, 73.7%, 74.2%, 61.7%]",,,,
7,parallel,18,18,0.2058052107034129,1.0246877579749385,1.1529276072978973,0.0001111111111111111,68.825,"[60.4%, 68.8%, 75.2%, 64.6%, 71.3%, 73.7%, 74.2%, 62.4%]",,,,
7,parallel,19,19,0.20006647652619775,1.0781608103196831,1.0676122959703207,0.0001111111111111111,68.9375,"[60.4%, 68.8%, 75.2%, 64.6%, 71.3%, 73.7%, 74.2%, 63.3%]",,,,
7,parallel,20,20,0.19448774234898253,0.9998252912412716,1.0746094211935997,0.0001111111111111111,68.9375,"[60.4%, 68.8%, 75.2%, 64.6%, 71.3%, 73.7%, 74.2%, 63.3%]",,,,
7,parallel,21,21,0.18906900817176733,0.9545349361775797,1.0481100212782621,0.0001111111111111111,68.975,"[60.4%, 68.8%, 75.2%, 64.6%, 71.3%, 73.7%, 74.2%, 63.6%]",,,,
7,parallel,22,22,0.1838102739945522,1.0049883308289926,1.0755221210420132,0.0001111111111111111,68.85,"[60.4%, 68.8%, 75.2%, 64.6%, 71.3%, 73.7%, 74.2%, 62.6%]",,,,
7,parallel,23,23,0.17871153981733698,0.9529427335232119,1.1395610878244042,0.0001111111111111111,68.95,"[60.4%, 68.8%, 75.2%, 64.6%, 71.3%, 73.7%, 74.2%, 63.4%]",,,,
7,parallel,24,24,0.1737728056401218,0.9243980065176759,1.03937666118145,0.0001111111111111111,69.075,"[60.4%, 68.8%, 75.2%, 64.6%, 71.3%, 73.7%, 74.2%, 64.4%]",,,,
7,parallel,25,25,0.1689940714629066,0.9406010780153395,1.0908140745013952,0.0001111111111111111,68.975,"[60.4%, 68.8%, 75.2%, 64.6%, 71.3%, 73.7%, 74.2%, 63.6%]",,,,
7,parallel,26,26,0.1643753372856914,0.9235440900054159,1.0479820370674133,0.0001111111111111111,69.1875,"[60.4%, 68.8%, 75.2%, 64.6%, 71.3%, 73.7%, 74.2%, 65.3%]",,,,
7,parallel,27,27,0.15991660310847622,0.9399145766149594,0.9833240360021591,0.0001111111111111111,69.225,"[60.4%, 68.8%, 75.2%, 64.6%, 71.3%, 73.7%, 74.2%, 65.6%]",,,,
7,parallel,28,28,0.155617868931261,0.9817491965957835,1.0854121055454016,0.0001111111111111111,69.0625,"[60.4%, 68.8%, 75.2%, 64.6%, 71.3%, 73.7%, 74.2%, 64.3%]",,,,
7,parallel,29,29,0.1514791347540458,0.9588966844957086,1.0105433724820614,0.0001111111111111111,69.225,"[60.4%, 68.8%, 75.2%, 64.6%, 71.3%, 73.7%, 74.2%, 65.6%]",,,,
7,parallel,30,30,0.14750040057683064,0.9130649589285066,0.9911454748362303,0.0001111111111111111,69.35,"[60.4%, 68.8%, 75.2%, 64.6%, 71.3%, 73.7%, 74.2%, 66.6%]",,,,
7,parallel,31,31,0.14368166639961544,0.86220591543596,1.0111212357878685,0.0001111111111111111,69.275,"[60.4%, 68.8%, 75.2%, 64.6%, 71.3%, 73.7%, 74.2%, 66.0%]",,,,
7,parallel,32,32,0.14002293222240025,0.9560837889019447,1.0092657674103975,0.0001111111111111111,69.1875,"[60.4%, 68.8%, 75.2%, 64.6%, 71.3%, 73.7%, 74.2%, 65.3%]",,,,
7,parallel,33,33,0.13652419804518506,0.9524915746495694,1.104630969464779,0.0001111111111111111,68.7875,"[60.4%, 68.8%, 75.2%, 64.6%, 71.3%, 73.7%, 74.2%, 62.1%]",,,,
7,parallel,34,34,0.13318546386796987,0.9061599388907228,1.0133035108447075,0.0001111111111111111,69.4125,"[60.4%, 68.8%, 75.2%, 64.6%, 71.3%, 73.7%, 74.2%, 67.1%]",,,,
7,parallel,35,35,0.1300067296907547,0.9087625602378121,1.0050973538309336,0.0001111111111111111,69.3625,"[60.4%, 68.8%, 75.2%, 64.6%, 71.3%, 73.7%, 74.2%, 66.7%]",,,,
7,parallel,36,36,0.1269879955135395,0.8653376789032659,0.9773054178804159,0.0001111111111111111,69.4,"[60.4%, 68.8%, 75.2%, 64.6%, 71.3%, 73.7%, 74.2%, 67.0%]",,,,
7,parallel,37,37,0.12412926133632432,1.052609998968583,1.0492926631122828,0.0001111111111111111,69.0375,"[60.4%, 68.8%, 75.2%, 64.6%, 71.3%, 73.7%, 74.2%, 64.1%]",,,,
7,parallel,38,38,0.12143052715910913,0.9535579470139516,1.0175921060144901,0.0001111111111111111,69.1125,"[60.4%, 68.8%, 75.2%, 64.6%, 71.3%, 73.7%, 74.2%, 64.7%]",,,,
7,parallel,39,39,0.11889179298189392,0.9365536585638795,0.9898763280361891,0.0001111111111111111,69.45,"[60.4%, 68.8%, 75.2%, 64.6%, 71.3%, 73.7%, 74.2%, 67.4%]",,,,
7,parallel,40,40,0.11651305880467874,0.9416823605947857,0.980740737169981,0.0001111111111111111,69.45,"[60.4%, 68.8%, 75.2%, 64.6%, 71.3%, 73.7%, 74.2%, 67.4%]",,,,
7,parallel,41,41,0.11429432462746354,0.9024432324155977,1.015268580056727,0.0001111111111111111,69.1875,"[60.4%, 68.8%, 75.2%, 64.6%, 71.3%, 73.7%, 74.2%, 65.3%]",,,,
7,parallel,42,42,0.11223559045024836,0.8807845432547075,0.9507113825529814,0.0001111111111111111,69.5625,"[60.4%, 68.8%, 75.2%, 64.6%, 71.3%, 73.7%, 74.2%, 68.3%]",,,,
7,parallel,43,43,0.11033685627303318,0.8410761280904843,0.9243167527019978,0.0001111111111111111,69.6875,"[60.4%, 68.8%, 75.2%, 64.6%, 71.3%, 73.7%, 74.2%, 69.3%]",,,,
7,parallel,44,44,0.10859812209581798,1.0322442960135545,1.0217374321073294,0.0001111111111111111,69.2625,"[60.4%, 68.8%, 75.2%, 64.6%, 71.3%, 73.7%, 74.2%, 65.9%]",,,,
7,parallel,45,45,0.1070193879186028,0.9275948186463947,0.9618280660361052,0.0001111111111111111,69.5,"[60.4%, 68.8%, 75.2%, 64.6%, 71.3%, 73.7%, 74.2%, 67.8%]",,,,
7,parallel,46,46,0.1056006537413876,0.8956987050515187,0.9543939251452684,0.0001111111111111111,69.4875,"[60.4%, 68.8%, 75.2%, 64.6%, 71.3%, 73.7%, 74.2%, 67.7%]",,,,
7,parallel,47,47,0.10434191956417241,0.8889301019378856,0.9721416290849447,0.0001111111111111111,69.425,"[60.4%, 68.8%, 75.2%, 64.6%, 71.3%, 73.7%, 74.2%, 67.2%]",,,,
7,parallel,48,48,0.10324318538695722,0.8588838614994967,1.0042345467954874,0.0001111111111111111,69.25,"[60.4%, 68.8%, 75.2%, 64.6%, 71.3%, 73.7%, 74.2%, 65.8%]",,,,
7,parallel,49,49,0.10230445120974203,0.8257714951340156,0.9729521963745356,0.0001111111111111111,69.6125,"[60.4%, 68.8%, 75.2%, 64.6%, 71.3%, 73.7%, 74.2%, 68.7%]",,,,
7,parallel,50,50,0.10152571703252684,0.8692934226386154,0.9686435703188181,0.0001111111111111111,69.3125,"[60.4%, 68.8%, 75.2%, 64.6%, 71.3%, 73.7%, 74.2%, 66.3%]",,,,
7,parallel,51,51,0.10090698285531166,0.8473220550561253,0.960953189060092,0.0001111111111111111,69.3125,"[60.4%, 68.8%, 75.2%, 64.6%, 71.3%, 73.7%, 74.2%, 66.3%]",,,,
7,parallel,52,52,0.10044824867809646,0.8472683037383647,0.9919373644515872,0.0001111111111111111,69.325,"[60.4%, 68.8%, 75.2%, 64.6%, 71.3%, 73.7%, 74.2%, 66.4%]",,,,
7,parallel,53,53,0.10014951450088128,0.8124808540827111,0.9136659763753414,0.0001111111111111111,69.7,"[60.4%, 68.8%, 75.2%, 64.6%, 71.3%, 73.7%, 74.2%, 69.4%]",,,,
7,parallel,54,54,0.10001078032366609,0.7667468605162222,0.8855887688696384,0.0001111111111111111,69.825,"[60.4%, 68.8%, 75.2%, 64.6%, 71.3%, 73.7%, 74.2%, 70.4%]",,,,
7,parallel,55,55,0.1,0.7747415658793871,0.9019180992618203,0.0001111111111111111,69.7625,"[60.4%, 68.8%, 75.2%, 64.6%, 71.3%, 73.7%, 74.2%, 69.9%]",,,,
7,weights,1,56,0.1,0.7667376059520093,0.9550606664270163,0.0001111111111111111,69.4,"[60.4%, 68.8%, 75.2%, 64.6%, 71.3%, 73.7%, 74.2%, 67.0%]",,,,
7,weights,2,57,0.1,0.7564014766035201,0.961920727044344,0.0001111111111111111,69.5875,"[60.4%, 68.8%, 75.2%, 64.6%, 71.3%, 73.7%, 74.2%, 68.5%]",,,,
7,weights,3,58,0.1,0.7448818589313121,0.9657092662528157,0.0001111111111111111,69.525,"[60.4%, 68.8%, 75.2%, 64.6%, 71.3%, 73.7%, 74.2%, 68.0%]",,,,
7,weights,4,59,0.1,0.7406426547448847,0.9243409130722284,0.0001111111111111111,69.7625,"[60.4%, 68.8%, 75.2%, 64.6%, 71.3%, 73.7%, 74.2%, 69.9%]",,,,
7,weights,5,60,0.1,0.7416848845874207,0.8703288901597261,0.0001111111111111111,69.75,"[60.4%, 68.8%, 75.2%, 64.6%, 71.3%, 73.7%, 74.2%, 69.8%]",,,,
7,weights,6,61,0.1,0.7219918132582798,0.9204294942319393,0.0001111111111111111,69.825,"[60.4%, 68.8%, 75.2%, 64.6%, 71.3%, 73.7%, 74.2%, 70.4%]",,,,
7,weights,7,62,0.1,0.6913315744339665,0.886025944724679,0.0001111111111111111,69.8375,"[60.4%, 68.8%, 75.2%, 64.6%, 71.3%, 73.7%, 74.2%, 70.5%]",,,,
7,weights,8,63,0.1,0.6898636391645745,0.895318953320384,0.0001111111111111111,69.925,"[60.4%, 68.8%, 75.2%, 64.6%, 71.3%, 73.7%, 74.2%, 71.2%]",,,,
7,weights,9,64,0.1,0.691387477932097,0.9145917799323797,0.0001111111111111111,69.7875,"[60.4%, 68.8%, 75.2%, 64.6%, 71.3%, 73.7%, 74.2%, 70.1%]",,,,
7,weights,10,65,0.1,0.6847519980201239,0.9811792075634003,0.0001111111111111111,69.525,"[60.4%, 68.8%, 75.2%, 64.6%, 71.3%, 73.7%, 74.2%, 68.0%]",,,,
7,weights,11,66,0.1,0.672192805930029,0.8878517486155033,0.0001111111111111111,69.8625,"[60.4%, 68.8%, 75.2%, 64.6%, 71.3%, 73.7%, 74.2%, 70.7%]",,,,
7,weights,12,67,0.1,0.6579442922073074,0.8978284932672977,0.0001111111111111111,69.825,"[60.4%, 68.8%, 75.2%, 64.6%, 71.3%, 73.7%, 74.2%, 70.4%]",,,,
7,weights,13,68,0.1,0.6561177003232739,0.8619234189391136,0.0001111111111111111,69.95,"[60.4%, 68.8%, 75.2%, 64.6%, 71.3%, 73.7%, 74.2%, 71.4%]",,,,
7,weights,14,69,0.1,0.6564989414396165,0.8796315006911755,0.0001111111111111111,70.0,"[60.4%, 68.8%, 75.2%, 64.6%, 71.3%, 73.7%, 74.2%, 71.8%]",,,,
7,weights,15,70,0.1,0.6489599411246143,0.8912062644958496,0.0001111111111111111,69.8125,"[60.4%, 68.8%, 75.2%, 64.6%, 71.3%, 73.7%, 74.2%, 70.3%]",,,,
7,weights,16,71,0.1,0.6536344376545918,0.8992885304614902,0.0001111111111111111,69.9125,"[60.4%, 68.8%, 75.2%, 64.6%, 71.3%, 73.7%, 74.2%, 71.1%]",,,,
7,weights,17,72,0.1,0.6368009401838991,0.8751966655254364,0.0001111111111111111,69.9375,"[60.4%, 68.8%, 75.2%, 64.6%, 71.3%, 73.7%, 74.2%, 71.3%]",,,,
7,weights,18,73,0.1,0.6358545490458042,0.8773809224367142,0.0001111111111111111,69.9375,"[60.4%, 68.8%, 75.2%, 64.6%, 71.3%, 73.7%, 74.2%, 71.3%]",,,,
7,weights,19,74,0.1,0.6225588985636265,0.9045966491103172,0.0001111111111111111,69.775,"[60.4%, 68.8%, 75.2%, 64.6%, 71.3%, 73.7%, 74.2%, 70.0%]",,,,
7,weights,20,75,0.1,0.614081662289704,0.9077192880213261,0.0001111111111111111,69.9375,"[60.4%, 68.8%, 75.2%, 64.6%, 71.3%, 73.7%, 74.2%, 71.3%]",,,,
7,weights,21,76,0.1,0.6022565191305136,0.8499636314809322,0.0001111111111111111,69.8375,"[60.4%, 68.8%, 75.2%, 64.6%, 71.3%, 73.7%, 74.2%, 70.5%]",,,,
7,weights,22,77,0.1,0.6171113656291479,0.8467939514666796,0.0001111111111111111,70.0375,"[60.4%, 68.8%, 75.2%, 64.6%, 71.3%, 73.7%, 74.2%, 72.1%]",,,,
7,weights,23,78,0.1,0.5917034473600267,0.8300234451889992,0.0001111111111111111,70.175,"[60.4%, 68.8%, 75.2%, 64.6%, 71.3%, 73.7%, 74.2%, 73.2%]",,,,
7,weights,24,79,0.1,0.5730280940291248,0.8465376570820808,0.0001111111111111111,70.0,"[60.4%, 68.8%, 75.2%, 64.6%, 71.3%, 73.7%, 74.2%, 71.8%]",,,,
7,weights,25,80,0.1,0.5825148255010194,0.8365838341414928,0.0001111111111111111,70.1625,"[60.4%, 68.8%, 75.2%, 64.6%, 71.3%, 73.7%, 74.2%, 73.1%]",58.97500000000001,"[18.1%, 61.2%, 72.6%, 57.5%, 68.7%, 55.8%, 71.4%, 66.5%]",64.4875,"[46.2%, 61.2%, 72.6%, 60.3%, 68.7%, 65.9%, 71.4%, 69.6%]"
8,parallel,1,1,0.2,7.42964022672629,5.013279616832733,0.0001111111111111111,62.36666666666666,"[60.4%, 68.8%, 75.2%, 64.6%, 71.3%, 73.7%, 74.2%, 73.1%, 0.0%]",,,,
8,parallel,2,2,0.2,4.262146810942058,3.5636231005191803,0.0001111111111111111,62.36666666666666,"[60.4%, 68.8%, 75.2%, 64.6%, 71.3%, 73.7%, 74.2%, 73.1%, 0.0%]",,,,
8,parallel,3,3,0.2,2.8398688895792903,2.422688364982605,0.0001111111111111111,63.477777777777774,"[60.4%, 68.8%, 75.2%, 64.6%, 71.3%, 73.7%, 74.2%, 73.1%, 10.0%]",,,,
8,parallel,4,4,0.2,2.374320051338099,2.3421654105186462,0.0001111111111111111,63.477777777777774,"[60.4%, 68.8%, 75.2%, 64.6%, 71.3%, 73.7%, 74.2%, 73.1%, 10.0%]",,,,
8,parallel,5,5,0.1974843775036052,2.341271874270862,2.331972196698189,0.0001111111111111111,63.477777777777774,"[60.4%, 68.8%, 75.2%, 64.6%, 71.3%, 73.7%, 74.2%, 73.1%, 10.0%]",,,,
8,parallel,6,6,0.1935750104149976,2.330504942543899,2.3249386847019196,0.0001111111111111111,63.477777777777774,"[60.4%, 68.8%, 75.2%, 64.6%, 71.3%, 73.7%, 74.2%, 73.1%, 10.0%]",,,,
8,parallel,7,7,0.18974564332639002,2.3279359340667725,2.320292055606842,0.0001111111111111111,63.477777777777774,"[60.4%, 68.8%, 75.2%, 64.6%, 71.3%, 73.7%, 74.2%, 73.1%, 10.0%]",,,,
8,parallel,8,8,0.18599627623778242,2.319451265697238,2.3199224770069122,0.0001111111111111111,63.477777777777774,"[60.4%, 68.8%, 75.2%, 64.6%, 71.3%, 73.7%, 74.2%, 73.1%, 10.0%]",,,,
8,parallel,9,9,0.18232690914917482,2.3165919146960294,2.287574365735054,0.0001111111111111111,63.89999999999999,"[60.4%, 68.8%, 75.2%, 64.6%, 71.3%, 73.7%, 74.2%, 73.1%, 13.8%]",,,,
8,parallel,10,10,0.17873754206056722,2.196302204192439,2.017902597784996,0.0001111111111111111,65.18888888888888,"[60.4%, 68.8%, 75.2%, 64.6%, 71.3%, 73.7%, 74.2%, 73.1%, 25.4%]",,,,
8,parallel,11,11,0.17522817497195964,1.9410704193235953,1.8235688880085945,0.0001111111111111111,65.95555555555555,"[60.4%, 68.8%, 75.2%, 64.6%, 71.3%, 73.7%, 74.2%, 73.1%, 32.3%]",,,,
8,parallel,12,12,0.17179880788335206,1.8097246115720724,1.7749601043760777,0.0001111111111111111,66.69999999999999,"[60.4%, 68.8%, 75.2%, 64.6%, 71.3%, 73.7%, 74.2%, 73.1%, 39.0%]",,,,
8,parallel,13,13,0.16844944079474444,1.7200166832042645,1.9165587723255157,0.0001111111111111111,65.83333333333333,"[60.4%, 68.8%, 75.2%, 64.6%, 71.3%, 73.7%, 74.2%, 73.1%, 31.2%]",,,,
8,parallel,14,14,0.16518007370613685,1.6378181237208693,1.6763965487480164,0.0001111111111111111,66.57777777777777,"[60.4%, 68.8%, 75.2%, 64.6%, 71.3%, 73.7%, 74.2%, 73.1%, 37.9%]",,,,
8,parallel,15,15,0.16199070661752923,1.5866790029067028,1.6493956372141838,0.0001111111111111111,66.87777777777778,"[60.4%, 68.8%, 75.2%, 64.6%, 71.3%, 73.7%, 74.2%, 73.1%, 40.6%]",,,,
8,parallel,16,16,0.15888133952892164,1.575071610981905,1.5901031158864498,0.0001111111111111111,67.0111111111111,"[60.4%, 68.8%, 75.2%, 64.6%, 71.3%, 73.7%, 74.2%, 73.1%, 41.8%]",,,,
8,parallel,17,17,0.15585197244031407,1.637746754326398,1.6485102698206902,0.0001111111111111111,66.68888888888888,"[60.4%, 68.8%, 75.2%, 64.6%, 71.3%, 73.7%, 74.2%, 73.1%, 38.9%]",,,,
8,parallel,18,18,0.15290260535170647,1.5684977136080778,1.564653005450964,0.0001111111111111111,67.38888888888889,"[60.4%, 68.8%, 75.2%, 64.6%, 71.3%, 73.7%, 74.2%, 73.1%, 45.2%]",,,,
8,parallel,19,19,0.1500332382630989,1.5102422509012343,1.4824902452528477,0.0001111111111111111,67.5,"[60.4%, 68.8%, 75.2%, 64.6%, 71.3%, 73.7%, 74.2%, 73.1%, 46.2%]",,,,
8,parallel,20,20,0.14724387117449128,1.4691169397740425,1.498604740947485,0.0001111111111111111,67.61111111111111,"[60.4%, 68.8%, 75.2%, 64.6%, 71.3%, 73.7%, 74.2%, 73.1%, 47.2%]",,,,
8,parallel,21,21,0.14453450408588367,1.4226913059814066,1.4762883353978395,0.0001111111111111111,67.53333333333333,"[60.4%, 68.8%, 75.2%, 64.6%, 71.3%, 73.7%, 74.2%, 73.1%, 46.5%]",,,,
8,parallel,22,22,0.14190513699727608,1.3971124253695524,1.4423149209469557,0.0001111111111111111,67.87777777777778,"[60.4%, 68.8%, 75.2%, 64.6%, 71.3%, 73.7%, 74.2%, 73.1%, 49.6%]",,,,
8,parallel,23,23,0.1393557699086685,1.4461934732485422,1.5904645882546902,0.0001111111111111111,67.36666666666666,"[60.4%, 68.8%, 75.2%, 64.6%, 71.3%, 73.7%, 74.2%, 73.1%, 45.0%]",,,,
8,parallel,24,24,0.1368864028200609,1.3962853181211254,1.4453205838799477,0.0001111111111111111,67.9111111111111,"[60.4%, 68.8%, 75.2%, 64.6%, 71.3%, 73.7%, 74.2%, 73.1%, 49.9%]",,,,
8,parallel,25,25,0.1344970357314533,1.3650320028956933,1.5044311955571175,0.0001111111111111111,67.54444444444444,"[60.4%, 68.8%, 75.2%, 64.6%, 71.3%, 73.7%, 74.2%, 73.1%, 46.6%]",,,,
8,parallel,26,26,0.1321876686428457,1.3250569361674636,1.4390305541455746,0.0001111111111111111,67.75555555555555,"[60.4%, 68.8%, 75.2%, 64.6%, 71.3%, 73.7%, 74.2%, 73.1%, 48.5%]",,,,
8,parallel,27,27,0.1299583015542381,1.2912877964068064,1.3897222969681025,0.0001111111111111111,68.27777777777777,"[60.4%, 68.8%, 75.2%, 64.6%, 71.3%, 73.7%, 74.2%, 73.1%, 53.2%]",,,,
8,parallel,28,28,0.12780893446563052,1.2468154000330576,1.4319382421672344,0.0001111111111111111,68.13333333333333,"[60.4%, 68.8%, 75.2%, 64.6%, 71.3%, 73.7%, 74.2%, 73.1%, 51.9%]",,,,
8,parallel,29,29,0.1257395673770229,1.2230920648273034,1.3785107787698507,0.0001111111111111111,68.1222222222222,"[60.4%, 68.8%, 75.2%, 64.6%, 71.3%, 73.7%, 74.2%, 73.1%, 51.8%]",,,,
8,parallel,30,30,0.12375020028841532,1.3558085658882237,1.3241657875478268,0.0001111111111111111,68.42222222222222,"[60.4%, 68.8%, 75.2%, 64.6%, 71.3%, 73.7%, 74.2%, 73.1%, 54.5%]",,,,
8,parallel,31,31,0.12184083319980774,1.247606393657153,1.2519469484686852,0.0001111111111111111,68.77777777777777,"[60.4%, 68.8%, 75.2%, 64.6%, 71.3%, 73.7%, 74.2%, 73.1%, 57.7%]",,,,
8,parallel,32,32,0.12001146611120014,1.2208559671534767,1.29652264341712,0.0001111111111111111,68.47777777777777,"[60.4%, 68.8%, 75.2%, 64.6%, 71.3%, 73.7%, 74.2%, 73.1%, 55.0%]",,,,
8,parallel,33,33,0.11826209902259253,1.1767532584033435,1.316600739955902,0.0001111111111111111,68.34444444444443,"[60.4%, 68.8%, 75.2%, 64.6%, 71.3%, 73.7%, 74.2%, 73.1%, 53.8%]",,,,
8,parallel,34,34,0.11659273193398495,1.186204428159738,1.3686272762715816,0.0001111111111111111,68.32222222222222,"[60.4%, 68.8%, 75.2%, 64.6%, 71.3%, 73.7%, 74.2%, 73.1%, 53.6%]",,,,
8,parallel,35,35,0.11500336484537735,1.1637473883508127,1.2369195632636547,0.0001111111111111111,68.84444444444443,"[60.4%, 68.8%, 75.2%, 64.6%, 71.3%, 73.7%, 74.2%, 73.1%, 58.3%]",,,,
8,parallel,36,36,0.11349399775676976,1.1265935475313211,1.187135562300682,0.0001111111111111111,68.96666666666665,"[60.4%, 68.8%, 75.2%, 64.6%, 71.3%, 73.7%, 74.2%, 73.1%, 59.4%]",,,,
8,parallel,37,37,0.11206463066816216,1.1204660972462426,1.1919786660000682,0.0001111111111111111,68.76666666666667,"[60.4%, 68.8%, 75.2%, 64.6%, 71.3%, 73.7%, 74.2%, 73.1%, 57.6%]",,,,
8,parallel,38,38,0.11071526357955457,1.094502392826201,1.1806702744215727,0.0001111111111111111,68.94444444444444,"[60.4%, 68.8%, 75.2%, 64.6%, 71.3%, 73.7%, 74.2%, 73.1%, 59.2%]",,,,
8,parallel,39,39,0.10944589649094696,1.0569304642798025,1.206180976703763,0.0001111111111111111,68.98888888888888,"[60.4%, 68.8%, 75.2%, 64.6%, 71.3%, 73.7%, 74.2%, 73.1%, 59.6%]",,,,
8,parallel,40,40,0.10825652940233937,1.4414906924283957,1.3600215688347816,0.0001111111111111111,68.28888888888888,"[60.4%, 68.8%, 75.2%, 64.6%, 71.3%, 73.7%, 74.2%, 73.1%, 53.3%]",,,,
8,parallel,41,41,0.10714716231373178,1.2457025662253174,1.2678709104657173,0.0001111111111111111,68.58888888888889,"[60.4%, 68.8%, 75.2%, 64.6%, 71.3%, 73.7%, 74.2%, 73.1%, 56.0%]",,,,
8,parallel,42,42,0.10611779522512418,1.1834624960452695,1.249304510653019,0.0001111111111111111,68.75555555555555,"[60.4%, 68.8%, 75.2%, 64.6%, 71.3%, 73.7%, 74.2%, 73.1%, 57.5%]",,,,
8,parallel,43,43,0.10516842813651658,1.1652118714549873,1.2308033481240273,0.0001111111111111111,68.76666666666667,"[60.4%, 68.8%, 75.2%, 64.6%, 71.3%, 73.7%, 74.2%, 73.1%, 57.6%]",,,,
8,parallel,44,44,0.104299061047909,1.1433762236486507,1.1895785070955753,0.0001111111111111111,68.87777777777778,"[60.4%, 68.8%, 75.2%, 64.6%, 71.3%, 73.7%, 74.2%, 73.1%, 58.6%]",,,,
8,parallel,45,45,0.1035096939593014,1.104068225697626,1.232221309095621,0.0001111111111111111,68.66666666666667,"[60.4%, 68.8%, 75.2%, 64.6%, 71.3%, 73.7%, 74.2%, 73.1%, 56.7%]",,,,
8,parallel,46,46,0.1028003268706938,1.0727155812178986,1.1926323920488358,0.0001111111111111111,68.9111111111111,"[60.4%, 68.8%, 75.2%, 64.6%, 71.3%, 73.7%, 74.2%, 73.1%, 58.9%]",,,,
8,parallel,47,47,0.10217095978208621,1.0698263267927532,1.2643665745854378,0.0001111111111111111,68.69999999999999,"[60.4%, 68.8%, 75.2%, 64.6%, 71.3%, 73.7%, 74.2%, 73.1%, 57.0%]",,,,
8,parallel,48,48,0.10162159269347862,1.050675527204441,1.2024010866880417,0.0001111111111111111,68.88888888888889,"[60.4%, 68.8%, 75.2%, 64.6%, 71.3%, 73.7%, 74.2%, 73.1%, 58.7%]",,,,
8,parallel,49,49,0.10115222560487103,1.0853833714617958,1.2146672047674656,0.0001111111111111111,68.92222222222222,"[60.4%, 68.8%, 75.2%, 64.6%, 71.3%, 73.7%, 74.2%, 73.1%, 59.0%]",,,,
8,parallel,50,50,0.10076285851626343,1.0415205065208146,1.1597822047770023,0.0001111111111111111,69.23333333333332,"[60.4%, 68.8%, 75.2%, 64.6%, 71.3%, 73.7%, 74.2%, 73.1%, 61.8%]",,,,
8,parallel,51,51,0.10045349142765583,1.02428767877289,1.1608802489936352,0.0001111111111111111,69.16666666666667,"[60.4%, 68.8%, 75.2%, 64.6%, 71.3%, 73.7%, 74.2%, 73.1%, 61.2%]",,,,
8,parallel,52,52,0.10022412433904823,1.0026017457624026,1.1523021589964628,0.0001111111111111111,69.19999999999999,"[60.4%, 68.8%, 75.2%, 64.6%, 71.3%, 73.7%, 74.2%, 73.1%, 61.5%]",,,,
8,parallel,53,53,0.10007475725044064,1.0120227631134322,1.1374656558036804,0.0001111111111111111,69.3,"[60.4%, 68.8%, 75.2%, 64.6%, 71.3%, 73.7%, 74.2%, 73.1%, 62.4%]",,,,
8,parallel,54,54,0.10000539016183305,0.978732410865494,1.1748692691326141,0.0001111111111111111,69.08888888888889,"[60.4%, 68.8%, 75.2%, 64.6%, 71.3%, 73.7%, 74.2%, 73.1%, 60.5%]",,,,
8,parallel,55,55,0.1,0.9585141705561288,1.1285172943025827,0.0001111111111111111,69.36666666666666,"[60.4%, 68.8%, 75.2%, 64.6%, 71.3%, 73.7%, 74.2%, 73.1%, 63.0%]",,,,
8,weights,1,56,0.1,0.9278090626378602,1.068434290587902,0.0001111111111111111,69.48888888888888,"[60.4%, 68.8%, 75.2%, 64.6%, 71.3%, 73.7%, 74.2%, 73.1%, 64.1%]",,,,
8,weights,2,57,0.1,0.9430271869973291,1.1440766714513302,0.0001111111111111111,69.11111111111111,"[60.4%, 68.8%, 75.2%, 64.6%, 71.3%, 73.7%, 74.2%, 73.1%, 60.7%]",,,,
8,weights,3,58,0.1,0.9291059291815456,1.1001021731644869,0.0001111111111111111,69.28888888888888,"[60.4%, 68.8%, 75.2%, 64.6%, 71.3%, 73.7%, 74.2%, 73.1%, 62.3%]",,,,
8,weights,4,59,0.1,0.9104730396331111,1.1123537477105856,0.0001111111111111111,69.33333333333333,"[60.4%, 68.8%, 75.2%, 64.6%, 71.3%, 73.7%, 74.2%, 73.1%, 62.7%]",,,,
8,weights,5,60,0.1,0.9377991164786906,1.135265164077282,0.0001111111111111111,69.18888888888888,"[60.4%, 68.8%, 75.2%, 64.6%, 71.3%, 73.7%, 74.2%, 73.1%, 61.4%]",,,,
8,weights,6,61,0.1,0.9076979537553425,1.0580759458243847,0.0001111111111111111,69.57777777777777,"[60.4%, 68.8%, 75.2%, 64.6%, 71.3%, 73.7%, 74.2%, 73.1%, 64.9%]",,,,
8,weights,7,62,0.1,0.8711587175538268,1.1437379829585552,0.0001111111111111111,69.19999999999999,"[60.4%, 68.8%, 75.2%, 64.6%, 71.3%, 73.7%, 74.2%, 73.1%, 61.5%]",,,,
8,weights,8,63,0.1,0.8708939152427867,1.109151927754283,0.0001111111111111111,69.48888888888888,"[60.4%, 68.8%, 75.2%, 64.6%, 71.3%, 73.7%, 74.2%, 73.1%, 64.1%]",,,,
8,weights,9,64,0.1,0.8707767219483098,1.090023286640644,0.0001111111111111111,69.64444444444445,"[60.4%, 68.8%, 75.2%, 64.6%, 71.3%, 73.7%, 74.2%, 73.1%, 65.5%]",,,,
8,weights,10,65,0.1,0.8495131678219083,1.0683472212404013,0.0001111111111111111,69.66666666666667,"[60.4%, 68.8%, 75.2%, 64.6%, 71.3%, 73.7%, 74.2%, 73.1%, 65.7%]",,,,
8,weights,11,66,0.1,0.8327329705787611,1.1632118336856365,0.0001111111111111111,69.18888888888888,"[60.4%, 68.8%, 75.2%, 64.6%, 71.3%, 73.7%, 74.2%, 73.1%, 61.4%]",,,,
8,weights,12,67,0.1,0.8424679953840715,1.033298283815384,0.0001111111111111111,69.56666666666666,"[60.4%, 68.8%, 75.2%, 64.6%, 71.3%, 73.7%, 74.2%, 73.1%, 64.8%]",,,,
8,weights,13,68,0.1,0.8358133499380909,1.1181717179715633,0.0001111111111111111,69.35555555555555,"[60.4%, 68.8%, 75.2%, 64.6%, 71.3%, 73.7%, 74.2%, 73.1%, 62.9%]",,,,
8,weights,14,69,0.1,0.8243379434452781,1.0545499455183744,0.0001111111111111111,69.58888888888889,"[60.4%, 68.8%, 75.2%, 64.6%, 71.3%, 73.7%, 74.2%, 73.1%, 65.0%]",,,,
8,weights,15,70,0.1,0.8061530922032609,1.1013447288423777,0.0001111111111111111,69.38888888888889,"[60.4%, 68.8%, 75.2%, 64.6%, 71.3%, 73.7%, 74.2%, 73.1%, 63.2%]",,,,
8,weights,16,71,0.1,0.8174263593516772,1.1144554391503334,0.0001111111111111111,69.43333333333334,"[60.4%, 68.8%, 75.2%, 64.6%, 71.3%, 73.7%, 74.2%, 73.1%, 63.6%]",,,,
8,weights,17,72,0.1,0.800551163244851,1.0337089654058218,0.0001111111111111111,69.72222222222223,"[60.4%, 68.8%, 75.2%, 64.6%, 71.3%, 73.7%, 74.2%, 73.1%, 66.2%]",,,,
8,weights,18,73,0.1,0.780511224194418,1.0579189080744982,0.0001111111111111111,69.5111111111111,"[60.4%, 68.8%, 75.2%, 64.6%, 71.3%, 73.7%, 74.2%, 73.1%, 64.3%]",,,,
8,weights,19,74,0.1,0.7693617328812804,1.0346864946186543,0.0001111111111111111,69.73333333333332,"[60.4%, 68.8%, 75.2%, 64.6%, 71.3%, 73.7%, 74.2%, 73.1%, 66.3%]",,,,
8,weights,20,75,0.1,0.7883736340305473,1.0263254642486572,0.0001111111111111111,69.74444444444444,"[60.4%, 68.8%, 75.2%, 64.6%, 71.3%, 73.7%, 74.2%, 73.1%, 66.4%]",,,,
8,weights,21,76,0.1,0.7689078465292726,1.0984372720122337,0.0001111111111111111,69.57777777777777,"[60.4%, 68.8%, 75.2%, 64.6%, 71.3%, 73.7%, 74.2%, 73.1%, 64.9%]",,,,
8,weights,22,77,0.1,0.7477633179743078,1.0729679502546787,0.0001111111111111111,69.63333333333333,"[60.4%, 68.8%, 75.2%, 64.6%, 71.3%, 73.7%, 74.2%, 73.1%, 65.4%]",,,,
8,weights,23,78,0.1,0.7534936334513411,1.0244331676512957,0.0001111111111111111,69.83333333333333,"[60.4%, 68.8%, 75.2%, 64.6%, 71.3%, 73.7%, 74.2%, 73.1%, 67.2%]",,,,
8,weights,24,79,0.1,0.7580566044095196,1.0588718391954899,0.0001111111111111111,69.6,"[60.4%, 68.8%, 75.2%, 64.6%, 71.3%, 73.7%, 74.2%, 73.1%, 65.1%]",,,,
8,weights,25,80,0.1,0.7456349900251702,1.0072005689144135,0.0001111111111111111,69.88888888888889,"[60.4%, 68.8%, 75.2%, 64.6%, 71.3%, 73.7%, 74.2%, 73.1%, 67.7%]",56.488888888888894,"[12.9%, 61.2%, 72.6%, 53.9%, 68.7%, 55.8%, 68.1%, 66.5%, 48.7%]",63.333333333333336,"[46.2%, 61.2%, 72.6%, 56.7%, 68.7%, 65.9%, 68.1%, 69.6%, 61.0%]"
9,parallel,1,1,0.1,6.962222479566743,5.226057946681976,0.0001111111111111111,62.9,"[60.4%, 68.8%, 75.2%, 64.6%, 71.3%, 73.7%, 74.2%, 73.1%, 67.7%, 0.0%]",,,,
9,parallel,2,2,0.1,4.532219280170489,3.9023799151182175,0.0001111111111111111,62.9,"[60.4%, 68.8%, 75.2%, 64.6%, 71.3%, 73.7%, 74.2%, 73.1%, 67.7%, 0.0%]",,,,
9,parallel,3,3,0.1,3.367656756050979,2.8591518104076385,0.0001111111111111111,63.9,"[60.4%, 68.8%, 75.2%, 64.6%, 71.3%, 73.7%, 74.2%, 73.1%, 67.7%, 10.0%]",,,,
9,parallel,4,4,0.1,2.613888218433042,2.463037893176079,0.0001111111111111111,63.9,"[60.4%, 68.8%, 75.2%, 64.6%, 71.3%, 73.7%, 74.2%, 73.1%, 67.7%, 10.0%]",,,,
9,parallel,5,5,0.1,2.414672106127196,2.377747982740402,0.0001111111111111111,63.9,"[60.4%, 68.8%, 75.2%, 64.6%, 71.3%, 73.7%, 74.2%, 73.1%, 67.7%, 10.0%]",,,,
9,parallel,6,6,0.1,2.3638483572609816,2.3467725068330765,0.0001111111111111111,63.9,"[60.4%, 68.8%, 75.2%, 64.6%, 71.3%, 73.7%, 74.2%, 73.1%, 67.7%, 10.0%]",,,,
9,parallel,7,7,0.1,2.3444863874701003,2.3359235227108,0.0001111111111111111,63.9,"[60.4%, 68.8%, 75.2%, 64.6%, 71.3%, 73.7%, 74.2%, 73.1%, 67.7%, 10.0%]",,,,
9,parallel,8,8,0.1,2.3340719621392747,2.32647642493248,0.0001111111111111111,63.9,"[60.4%, 68.8%, 75.2%, 64.6%, 71.3%, 73.7%, 74.2%, 73.1%, 67.7%, 10.0%]",,,,
9,parallel,9,9,0.1,2.3274707975266855,2.3237592726945877,0.0001111111111111111,63.9,"[60.4%, 68.8%, 75.2%, 64.6%, 71.3%, 73.7%, 74.2%, 73.1%, 67.7%, 10.0%]",,,,
9,parallel,10,10,0.1,2.322906355314617,2.317518651485443,0.0001111111111111111,63.9,"[60.4%, 68.8%, 75.2%, 64.6%, 71.3%, 73.7%, 74.2%, 73.1%, 67.7%, 10.0%]",,,,
9,parallel,11,11,0.1,2.3197671491888503,2.317087560892105,0.0001111111111111111,63.9,"[60.4%, 68.8%, 75.2%, 64.6%, 71.3%, 73.7%, 74.2%, 73.1%, 67.7%, 10.0%]",,,,
9,parallel,12,12,0.1,2.3217733691010296,2.3163003027439117,0.0001111111111111111,63.9,"[60.4%, 68.8%, 75.2%, 64.6%, 71.3%, 73.7%, 74.2%, 73.1%, 67.7%, 10.0%]",,,,
9,parallel,13,13,0.1,2.3172229694414743,2.3146174997091293,0.0001111111111111111,64.17999999999999,"[60.4%, 68.8%, 75.2%, 64.6%, 71.3%, 73.7%, 74.2%, 73.1%, 67.7%, 12.8%]",,,,
9,parallel,14,14,0.1,2.306385999993433,2.2736831456422806,0.0001111111111111111,64.56,"[60.4%, 68.8%, 75.2%, 64.6%, 71.3%, 73.7%, 74.2%, 73.1%, 67.7%, 16.6%]",,,,
9,parallel,15,15,0.1,2.1620990732048133,2.0817184671759605,0.0001111111111111111,65.09,"[60.4%, 68.8%, 75.2%, 64.6%, 71.3%, 73.7%, 74.2%, 73.1%, 67.7%, 21.9%]",,,,
9,parallel,16,16,0.1,2.0046850880490075,1.9243252128362656,0.0001111111111111111,65.47,"[60.4%, 68.8%, 75.2%, 64.6%, 71.3%, 73.7%, 74.2%, 73.1%, 67.7%, 25.7%]",,,,
9,parallel,17,17,0.1,1.8947095282470123,1.897636242210865,0.0001111111111111111,65.75,"[60.4%, 68.8%, 75.2%, 64.6%, 71.3%, 73.7%, 74.2%, 73.1%, 67.7%, 28.5%]",,,,
9,parallel,18,18,0.1,1.8298203100132038,1.8164137117564678,0.0001111111111111111,66.35,"[60.4%, 68.8%, 75.2%, 64.6%, 71.3%, 73.7%, 74.2%, 73.1%, 67.7%, 34.5%]",,,,
9,parallel,19,19,0.1,1.7345416817484023,1.7220945470035076,0.0001111111111111111,66.86,"[60.4%, 68.8%, 75.2%, 64.6%, 71.3%, 73.7%, 74.2%, 73.1%, 67.7%, 39.6%]",,,,
9,parallel,20,20,0.1,1.6230357930630068,1.649698406457901,0.0001111111111111111,66.99,"[60.4%, 68.8%, 75.2%, 64.6%, 71.3%, 73.7%, 74.2%, 73.1%, 67.7%, 40.9%]",,,,
9,parallel,21,21,0.1,1.5497732449181472,1.511431023478508,0.0001111111111111111,67.83,"[60.4%, 68.8%, 75.2%, 64.6%, 71.3%, 73.7%, 74.2%, 73.1%, 67.7%, 49.3%]",,,,
9,parallel,22,22,0.1,1.4681182465975797,1.5681550540030003,0.0001111111111111111,67.53,"[60.4%, 68.8%, 75.2%, 64.6%, 71.3%, 73.7%, 74.2%, 73.1%, 67.7%, 46.3%]",,,,
9,parallel,23,23,0.1,1.411261342748811,1.4709851033985615,0.0001111111111111111,67.95,"[60.4%, 68.8%, 75.2%, 64.6%, 71.3%, 73.7%, 74.2%, 73.1%, 67.7%, 50.5%]",,,,
9,parallel,24,24,0.1,1.3463812296903586,1.3494853042066097,0.0001111111111111111,68.4,"[60.4%, 68.8%, 75.2%, 64.6%, 71.3%, 73.7%, 74.2%, 73.1%, 67.7%, 55.0%]",,,,
9,parallel,25,25,0.1,1.318270340750489,1.3200409673154354,0.0001111111111111111,68.51,"[60.4%, 68.8%, 75.2%, 64.6%, 71.3%, 73.7%, 74.2%, 73.1%, 67.7%, 56.1%]",,,,
9,parallel,26,26,0.1,1.248164004917386,1.3115080259740353,0.0001111111111111111,68.61,"[60.4%, 68.8%, 75.2%, 64.6%, 71.3%, 73.7%, 74.2%, 73.1%, 67.7%, 57.1%]",,,,
9,parallel,27,27,0.1,1.2076062605350832,1.2721626237034798,0.0001111111111111111,68.66,"[60.4%, 68.8%, 75.2%, 64.6%, 71.3%, 73.7%, 74.2%, 73.1%, 67.7%, 57.6%]",,,,
9,parallel,28,28,0.1,1.1889320144170448,1.255043987184763,0.0001111111111111111,68.67,"[60.4%, 68.8%, 75.2%, 64.6%, 71.3%, 73.7%, 74.2%, 73.1%, 67.7%, 57.7%]",,,,
9,parallel,29,29,0.1,1.1820628363874894,1.26370120793581,0.0001111111111111111,68.55,"[60.4%, 68.8%, 75.2%, 64.6%, 71.3%, 73.7%, 74.2%, 73.1%, 67.7%, 56.5%]",,,,
9,parallel,30,30,0.1,1.133572838728941,1.229509025812149,0.0001111111111111111,68.76,"[60.4%, 68.8%, 75.2%, 64.6%, 71.3%, 73.7%, 74.2%, 73.1%, 67.7%, 58.6%]",,,,
9,parallel,31,31,0.1,1.0830370082130916,1.2014493457973003,0.0001111111111111111,68.9,"[60.4%, 68.8%, 75.2%, 64.6%, 71.3%, 73.7%, 74.2%, 73.1%, 67.7%, 60.0%]",,,,
9,parallel,32,32,0.1,1.0515119116517562,1.3227184005081654,0.0001111111111111111,68.52000000000001,"[60.4%, 68.8%, 75.2%, 64.6%, 71.3%, 73.7%, 74.2%, 73.1%, 67.7%, 56.2%]",,,,
9,parallel,33,33,0.1,1.0982703732538828,1.114848304539919,0.0001111111111111111,69.12,"[60.4%, 68.8%, 75.2%, 64.6%, 71.3%, 73.7%, 74.2%, 73.1%, 67.7%, 62.2%]",,,,
9,parallel,34,34,0.1,1.0145254233215428,1.1289314702153206,0.0001111111111111111,69.02000000000001,"[60.4%, 68.8%, 75.2%, 64.6%, 71.3%, 73.7%, 74.2%, 73.1%, 67.7%, 61.2%]",,,,
9,parallel,35,35,0.1,1.0155163007446482,1.1076773144304752,0.0001111111111111111,69.17,"[60.4%, 68.8%, 75.2%, 64.6%, 71.3%, 73.7%, 74.2%, 73.1%, 67.7%, 62.7%]",,,,
9,parallel,36,36,0.1,0.9904476826704001,1.1000330932438374,0.0001111111111111111,69.22999999999999,"[60.4%, 68.8%, 75.2%, 64.6%, 71.3%, 73.7%, 74.2%, 73.1%, 67.7%, 63.3%]",,,,
9,parallel,37,37,0.1,0.9757541123824783,1.066631518304348,0.0001111111111111111,69.3,"[60.4%, 68.8%, 75.2%, 64.6%, 71.3%, 73.7%, 74.2%, 73.1%, 67.7%, 64.0%]",,,,
9,parallel,38,38,0.1,0.960555288610579,1.1023723371326923,0.0001111111111111111,69.19,"[60.4%, 68.8%, 75.2%, 64.6%, 71.3%, 73.7%, 74.2%, 73.1%, 67.7%, 62.9%]",,,,
9,parallel,39,39,0.1,0.9542314515838141,1.0365108847618103,0.0001111111111111111,69.47999999999999,"[60.4%, 68.8%, 75.2%, 64.6%, 71.3%, 73.7%, 74.2%, 73.1%, 67.7%, 65.8%]",,,,
9,parallel,40,40,0.1,0.9237710969357551,1.0463414415717125,0.0001111111111111111,69.42,"[60.4%, 68.8%, 75.2%, 64.6%, 71.3%, 73.7%, 74.2%, 73.1%, 67.7%, 65.2%]",,,,
9,parallel,41,41,0.1,0.8914520091648344,1.0087047256529331,0.0001111111111111111,69.59,"[60.4%, 68.8%, 75.2%, 64.6%, 71.3%, 73.7%, 74.2%, 73.1%, 67.7%, 66.9%]",,,,
9,parallel,42,42,0.1,0.8743561400642877,1.0287766829133034,0.0001111111111111111,69.65,"[60.4%, 68.8%, 75.2%, 64.6%, 71.3%, 73.7%, 74.2%, 73.1%, 67.7%, 67.5%]",,,,
9,parallel,43,43,0.1,0.8971024019808709,1.0061352774500847,0.0001111111111111111,69.55,"[60.4%, 68.8%, 75.2%, 64.6%, 71.3%, 73.7%, 74.2%, 73.1%, 67.7%, 66.5%]",,,,
9,parallel,44,44,0.1,0.8781025319159785,1.016438189893961,0.0001111111111111111,69.55,"[60.4%, 68.8%, 75.2%, 64.6%, 71.3%, 73.7%, 74.2%, 73.1%, 67.7%, 66.5%]",,,,
9,parallel,45,45,0.1,0.8447574267659006,1.0600800141692162,0.0001111111111111111,69.53,"[60.4%, 68.8%, 75.2%, 64.6%, 71.3%, 73.7%, 74.2%, 73.1%, 67.7%, 66.3%]",,,,
9,parallel,46,46,0.1,0.8417207100723363,0.9672557972371578,0.0001111111111111111,69.82000000000001,"[60.4%, 68.8%, 75.2%, 64.6%, 71.3%, 73.7%, 74.2%, 73.1%, 67.7%, 69.2%]",,,,
9,parallel,47,47,0.1,0.8556595301326317,0.9902122914791107,0.0001111111111111111,69.57000000000001,"[60.4%, 68.8%, 75.2%, 64.6%, 71.3%, 73.7%, 74.2%, 73.1%, 67.7%, 66.7%]",,,,
9,parallel,48,48,0.1,0.8234673919557016,0.9963819943368435,0.0001111111111111111,69.7,"[60.4%, 68.8%, 75.2%, 64.6%, 71.3%, 73.7%, 74.2%, 73.1%, 67.7%, 68.0%]",,,,
9,parallel,49,49,0.1,0.8125951999350439,0.9606505632400513,0.0001111111111111111,69.81,"[60.4%, 68.8%, 75.2%, 64.6%, 71.3%, 73.7%, 74.2%, 73.1%, 67.7%, 69.1%]",,,,
9,parallel,50,50,0.1,0.8081850681123854,0.9462377727031708,0.0001111111111111111,69.85,"[60.4%, 68.8%, 75.2%, 64.6%, 71.3%, 73.7%, 74.2%, 73.1%, 67.7%, 69.5%]",,,,
9,parallel,51,51,0.1,0.7865936035596872,0.9569342266768217,0.0001111111111111111,69.87,"[60.4%, 68.8%, 75.2%, 64.6%, 71.3%, 73.7%, 74.2%, 73.1%, 67.7%, 69.7%]",,,,
9,parallel,52,52,0.1,0.7896212067785142,0.9049500785768032,0.0001111111111111111,70.17999999999999,"[60.4%, 68.8%, 75.2%, 64.6%, 71.3%, 73.7%, 74.2%, 73.1%, 67.7%, 72.8%]",,,,
9,parallel,53,53,0.1,0.786399175849142,0.9222726188600063,0.0001111111111111111,69.97999999999999,"[60.4%, 68.8%, 75.2%, 64.6%, 71.3%, 73.7%, 74.2%, 73.1%, 67.7%, 70.8%]",,,,
9,parallel,54,54,0.1,0.7843809708764281,0.9659647829830647,0.0001111111111111111,69.96000000000001,"[60.4%, 68.8%, 75.2%, 64.6%, 71.3%, 73.7%, 74.2%, 73.1%, 67.7%, 70.6%]",,,,
9,parallel,55,55,0.1,0.8142538214031654,0.8692015539854765,0.0001111111111111111,70.11,"[60.4%, 68.8%, 75.2%, 64.6%, 71.3%, 73.7%, 74.2%, 73.1%, 67.7%, 72.1%]",,,,
9,weights,1,56,0.1,0.7663334996639928,0.8681470099836588,0.0001111111111111111,70.13,"[60.4%, 68.8%, 75.2%, 64.6%, 71.3%, 73.7%, 74.2%, 73.1%, 67.7%, 72.3%]",,,,
9,weights,2,57,0.1,0.7491309669198869,0.8740880042314529,0.0001111111111111111,70.15,"[60.4%, 68.8%, 75.2%, 64.6%, 71.3%, 73.7%, 74.2%, 73.1%, 67.7%, 72.5%]",,,,
9,weights,3,58,0.1,0.753058758717549,0.9085490964353085,0.0001111111111111111,70.01,"[60.4%, 68.8%, 75.2%, 64.6%, 71.3%, 73.7%, 74.2%, 73.1%, 67.7%, 71.1%]",,,,
9,weights,4,59,0.1,0.7443638455264175,0.9036285392940044,0.0001111111111111111,70.07000000000001,"[60.4%, 68.8%, 75.2%, 64.6%, 71.3%, 73.7%, 74.2%, 73.1%, 67.7%, 71.7%]",,,,
9,weights,5,60,0.1,0.7136406630654878,0.9348961841315031,0.0001111111111111111,69.92999999999999,"[60.4%, 68.8%, 75.2%, 64.6%, 71.3%, 73.7%, 74.2%, 73.1%, 67.7%, 70.3%]",,,,
9,weights,6,61,0.1,0.6966661720336238,0.8968568295240402,0.0001111111111111111,70.17999999999999,"[60.4%, 68.8%, 75.2%, 64.6%, 71.3%, 73.7%, 74.2%, 73.1%, 67.7%, 72.8%]",,,,
9,weights,7,62,0.1,0.700221226185183,0.9196124263107777,0.0001111111111111111,70.1,"[60.4%, 68.8%, 75.2%, 64.6%, 71.3%, 73.7%, 74.2%, 73.1%, 67.7%, 72.0%]",,,,
9,weights,8,63,0.1,0.7023246971112264,0.8797127939760685,0.0001111111111111111,70.05,"[60.4%, 68.8%, 75.2%, 64.6%, 71.3%, 73.7%, 74.2%, 73.1%, 67.7%, 71.5%]",,,,
9,weights,9,64,0.1,0.6930328807498836,0.9297667536884546,0.0001111111111111111,69.95,"[60.4%, 68.8%, 75.2%, 64.6%, 71.3%, 73.7%, 74.2%, 73.1%, 67.7%, 70.5%]",,,,
9,weights,10,65,0.1,0.6971754043162623,0.8743119165301323,0.0001111111111111111,70.11,"[60.4%, 68.8%, 75.2%, 64.6%, 71.3%, 73.7%, 74.2%, 73.1%, 67.7%, 72.1%]",,,,
9,weights,11,66,0.1,0.6930102721045289,0.8585652559995651,0.0001111111111111111,70.14,"[60.4%, 68.8%, 75.2%, 64.6%, 71.3%, 73.7%, 74.2%, 73.1%, 67.7%, 72.4%]",,,,
9,weights,12,67,0.1,0.6885386365878431,0.8321159724146128,0.0001111111111111111,70.39,"[60.4%, 68.8%, 75.2%, 64.6%, 71.3%, 73.7%, 74.2%, 73.1%, 67.7%, 74.9%]",,,,
9,weights,13,68,0.1,0.6518071105208578,0.9077517688274384,0.0001111111111111111,70.02000000000001,"[60.4%, 68.8%, 75.2%, 64.6%, 71.3%, 73.7%, 74.2%, 73.1%, 67.7%, 71.2%]",,,,
9,weights,14,69,0.1,0.6529330916797058,0.9694142360240221,0.0001111111111111111,69.88,"[60.4%, 68.8%, 75.2%, 64.6%, 71.3%, 73.7%, 74.2%, 73.1%, 67.7%, 69.8%]",,,,
9,weights,15,70,0.1,0.6915281184866459,0.8416816294193268,0.0001111111111111111,70.33,"[60.4%, 68.8%, 75.2%, 64.6%, 71.3%, 73.7%, 74.2%, 73.1%, 67.7%, 74.3%]",,,,
9,weights,16,71,0.1,0.6669343268569512,0.9168278351426125,0.0001111111111111111,70.0,"[60.4%, 68.8%, 75.2%, 64.6%, 71.3%, 73.7%, 74.2%, 73.1%, 67.7%, 71.0%]",,,,
9,weights,17,72,0.1,0.6435585659516009,0.8557989597320557,0.0001111111111111111,70.22999999999999,"[60.4%, 68.8%, 75.2%, 64.6%, 71.3%, 73.7%, 74.2%, 73.1%, 67.7%, 73.3%]",,,,
9,weights,18,73,0.1,0.6282431954824472,0.8712634760886431,0.0001111111111111111,70.17,"[60.4%, 68.8%, 75.2%, 64.6%, 71.3%, 73.7%, 74.2%, 73.1%, 67.7%, 72.7%]",,,,
9,weights,19,74,0.1,0.624859187799164,0.9475534036755562,0.0001111111111111111,69.92999999999999,"[60.4%, 68.8%, 75.2%, 64.6%, 71.3%, 73.7%, 74.2%, 73.1%, 67.7%, 70.3%]",,,,
9,weights,20,75,0.1,0.6384469451783579,0.9197842292487621,0.0001111111111111111,69.96000000000001,"[60.4%, 68.8%, 75.2%, 64.6%, 71.3%, 73.7%, 74.2%, 73.1%, 67.7%, 70.6%]",,,,
9,weights,21,76,0.1,0.6248007843011543,0.8945062765851617,0.0001111111111111111,70.13,"[60.4%, 68.8%, 75.2%, 64.6%, 71.3%, 73.7%, 74.2%, 73.1%, 67.7%, 72.3%]",,,,
9,weights,22,77,0.1,0.6286327325845067,0.8122979328036308,0.0001111111111111111,70.34,"[60.4%, 68.8%, 75.2%, 64.6%, 71.3%, 73.7%, 74.2%, 73.1%, 67.7%, 74.4%]",,,,
9,weights,23,78,0.1,0.6326137347311913,0.8048007395118475,0.0001111111111111111,70.36,"[60.4%, 68.8%, 75.2%, 64.6%, 71.3%, 73.7%, 74.2%, 73.1%, 67.7%, 74.6%]",,,,
9,weights,24,79,0.1,0.6084359597556198,0.8641723543405533,0.0001111111111111111,70.21000000000001,"[60.4%, 68.8%, 75.2%, 64.6%, 71.3%, 73.7%, 74.2%, 73.1%, 67.7%, 73.1%]",,,,
9,weights,25,80,0.1,0.5899794026266171,0.851534727960825,0.0001111111111111111,70.22999999999999,"[60.4%, 68.8%, 75.2%, 64.6%, 71.3%, 73.7%, 74.2%, 73.1%, 67.7%, 73.3%]",54.989999999999995,"[10.0%, 56.8%, 72.6%, 53.9%, 68.7%, 55.8%, 64.8%, 66.5%, 42.4%, 58.4%]",62.489999999999995,"[46.2%, 61.2%, 72.6%, 56.7%, 68.7%, 65.9%, 68.1%, 69.6%, 64.5%, 51.4%]"
