task_idx,phase,epoch_in_phase,global_epoch,kappa,train_loss,val_loss,lr,til_avg,til_per_task,cil_stand_avg,cil_stand_per_task,cil_znorm_avg,cil_znorm_per_task
0,parallel,1,1,0.5,2.5617419345469417,2.1821053475141525,0.001,23.5,[23.5%],,,,
0,parallel,2,2,0.5,2.060611868206459,2.0067581683397293,0.001,28.8,[28.8%],,,,
0,parallel,3,3,0.5,1.8301837881909142,1.834661103785038,0.001,34.0,[34.0%],,,,
0,parallel,4,4,0.5,1.6660066918481755,1.6563715003430843,0.001,44.5,[44.5%],,,,
0,parallel,5,5,0.4899375100144209,1.523404970953736,1.493356004357338,0.001,49.6,[49.6%],,,,
0,parallel,6,6,0.4743000416599904,1.4048489890521085,1.3340744748711586,0.001,54.9,[54.9%],,,,
0,parallel,7,7,0.45898257330556,1.2900655760040767,1.3906493186950684,0.001,52.9,[52.9%],,,,
0,parallel,8,8,0.44398510495112964,1.2170090433917469,1.2350036203861237,0.001,56.4,[56.4%],,,,
0,parallel,9,9,0.42930763659669924,1.1699195240117326,1.353120932355523,0.001,55.4,[55.4%],,,,
0,parallel,10,10,0.4149501682422688,1.1009141742428648,1.2082240656018257,0.001,58.0,[58.0%],,,,
0,parallel,11,11,0.4009126998878385,1.0728506106364577,1.1465154523029923,0.001,61.4,[61.4%],,,,
0,parallel,12,12,0.3871952315334082,1.017721435691737,1.038336906582117,0.001,65.0,[65.0%],,,,
0,parallel,13,13,0.3737977631789777,0.9794294592700427,1.0297830421477556,0.001,65.8,[65.8%],,,,
0,parallel,14,14,0.36072029482454737,0.9145853692972208,0.9894301192834973,0.001,65.8,[65.8%],,,,
0,parallel,15,15,0.34796282647011695,0.9127462325216849,1.0341676706448197,0.001,64.4,[64.4%],,,,
0,parallel,16,16,0.33552535811568657,0.9216721691662753,1.1063023321330547,0.001,64.0,[64.0%],,,,
0,parallel,17,17,0.32340788976125623,0.8630301944817169,0.9944497756659985,0.001,66.5,[66.5%],,,,
0,parallel,18,18,0.3116104214068258,0.8352167983598346,1.0023252740502357,0.001,66.6,[66.6%],,,,
0,parallel,19,19,0.3001329530523955,0.7992456434648249,0.9683678075671196,0.001,67.5,[67.5%],,,,
0,parallel,20,20,0.2889754846979651,0.7708678950991812,0.9521743822842836,0.001,68.8,[68.8%],,,,
0,parallel,21,21,0.2781380163435347,0.7909347535688666,0.9410426374524832,0.001,68.4,[68.4%],,,,
0,parallel,22,22,0.2676205479891044,0.7427560521077506,0.8481231266632676,0.001,72.0,[72.0%],,,,
0,parallel,23,23,0.257423079634674,0.799855537052396,1.1631889957934618,0.001,63.0,[63.0%],,,,
0,parallel,24,24,0.24754561128024358,0.7720001313505294,0.7899171421304345,0.001,74.1,[74.1%],,,,
0,parallel,25,25,0.2379881429258132,0.7692529227160201,0.9548884648829699,0.001,69.0,[69.0%],,,,
0,parallel,26,26,0.2287506745713828,0.7988736252241497,0.8817593865096569,0.001,71.2,[71.2%],,,,
0,parallel,27,27,0.21983320621695243,0.769807816306247,0.9648301340639591,0.001,67.1,[67.1%],,,,
0,parallel,28,28,0.21123573786252203,0.7805524577822867,0.8347317911684513,0.001,72.3,[72.3%],,,,
0,parallel,29,29,0.20295826950809165,0.792157894448389,0.9702449329197407,0.0003333333333333333,67.5,[67.5%],,,,
0,parallel,30,30,0.1950008011536613,0.6874448924879485,0.8507747408002615,0.0003333333333333333,72.1,[72.1%],,,,
0,parallel,31,31,0.1873633327992309,0.7031765682033345,0.9471727516502142,0.0003333333333333333,67.7,[67.7%],,,,
0,parallel,32,32,0.18004586444480053,0.6992606769634199,0.88872972689569,0.0003333333333333333,71.1,[71.1%],,,,
0,parallel,33,33,0.17304839609037015,0.7318084560617616,0.8883936293423176,0.0003333333333333333,70.5,[70.5%],,,,
0,parallel,34,34,0.16637092773593976,0.8167055807536161,0.9196152277290821,0.0001111111111111111,68.5,[68.5%],,,,
0,parallel,35,35,0.16001345938150938,0.8116823178303393,0.9664435870945454,0.0001111111111111111,68.8,[68.8%],,,,
0,parallel,36,36,0.153975991027079,0.915655320203757,1.0208945348858833,0.0001111111111111111,67.5,[67.5%],,,,
0,parallel,37,37,0.14825852267264863,0.9347456625745266,1.1387270279228687,0.0001111111111111111,63.6,[63.6%],,,,
0,parallel,38,38,0.14286105431821824,0.9657173647156244,1.088038470596075,0.0001111111111111111,65.5,[65.5%],,,,
0,parallel,39,39,0.13778358596378787,1.1306245757054678,1.220686163753271,0.0001111111111111111,61.7,[61.7%],,,,
0,parallel,40,40,0.13302611760935748,1.087433198584786,1.1980567537248135,0.0001111111111111111,62.5,[62.5%],,,,
0,parallel,41,41,0.12858864925492708,1.1508090194267562,1.229679161682725,0.0001111111111111111,61.6,[61.6%],,,,
0,parallel,42,42,0.12447118090049673,1.266914976548545,1.3875799141824245,0.0001111111111111111,56.3,[56.3%],,,,
0,parallel,43,43,0.12067371254606635,1.3006096384193324,1.3017121590673923,0.0001111111111111111,59.3,[59.3%],,,,
0,parallel,44,44,0.11719624419163596,1.2677902541583097,1.2699892036616802,0.0001111111111111111,59.7,[59.7%],,,,
0,parallel,45,45,0.11403877583720558,1.2587783721428882,1.3033284954726696,0.0001111111111111111,59.3,[59.3%],,,,
0,parallel,46,46,0.11120130748277521,1.2458072206642055,1.3130908198654652,0.0001111111111111111,60.2,[60.2%],,,,
0,parallel,47,47,0.10868383912834481,1.4000108445746988,1.4727759845554829,0.0001111111111111111,53.7,[53.7%],,,,
0,parallel,48,48,0.10648637077391443,1.3974419802050047,1.356983795762062,0.0001111111111111111,57.8,[57.8%],,,,
0,parallel,49,49,0.10460890241948406,1.3303301085399677,1.3478321805596352,0.0001111111111111111,57.3,[57.3%],,,,
0,parallel,50,50,0.10305143406505368,1.2997041412546664,1.3178444094955921,0.0001111111111111111,57.9,[57.9%],,,,
0,parallel,51,51,0.1018139657106233,1.2655984563163565,1.2874148711562157,0.0001111111111111111,58.5,[58.5%],,,,
0,parallel,52,52,0.10089649735619292,1.409406378299375,1.3779707476496696,0.0001111111111111111,54.2,[54.2%],,,,
0,parallel,53,53,0.10029902900176255,1.313728862925421,1.3344104439020157,0.0001111111111111111,56.5,[56.5%],,,,
0,parallel,54,54,0.10002156064733217,1.2598452718952033,1.2735912799835205,0.0001111111111111111,57.7,[57.7%],,,,
0,parallel,55,55,0.1,1.2329322748546359,1.2806303165853024,0.0001111111111111111,58.2,[58.2%],,,,
0,weights,1,56,0.1,1.2113722238359572,1.2684028707444668,0.0001111111111111111,58.0,[58.0%],,,,
0,weights,2,57,0.1,1.1846456037291997,1.205738615244627,0.0001111111111111111,60.0,[60.0%],,,,
0,weights,3,58,0.1,1.152355809754963,1.2221483811736107,0.0001111111111111111,60.1,[60.1%],,,,
0,weights,4,59,0.1,1.1480772661257395,1.2006775625050068,0.0001111111111111111,60.6,[60.6%],,,,
0,weights,5,60,0.1,1.136760500412953,1.175359383225441,0.0001111111111111111,60.6,[60.6%],,,,
0,weights,6,61,0.1,1.100942465323436,1.1549276448786259,0.0001111111111111111,61.7,[61.7%],,,,
0,weights,7,62,0.1,1.0853387879419931,1.1719460114836693,0.0001111111111111111,60.4,[60.4%],,,,
0,weights,8,63,0.1,1.0809297350388538,1.1446288973093033,0.0001111111111111111,61.9,[61.9%],,,,
0,weights,9,64,0.1,1.0686497718473025,1.1500068232417107,0.0001111111111111111,60.8,[60.8%],,,,
0,weights,10,65,0.1,1.0507831347139576,1.1524780429899693,0.0001111111111111111,62.1,[62.1%],,,,
0,weights,11,66,0.1,1.036881996860987,1.1157721169292927,0.0001111111111111111,63.4,[63.4%],,,,
0,weights,12,67,0.1,1.024191478385201,1.1336424574255943,0.0001111111111111111,62.6,[62.6%],,,,
0,weights,13,68,0.1,1.0261040993883639,1.1285110712051392,0.0001111111111111111,62.2,[62.2%],,,,
0,weights,14,69,0.1,1.0116155494617511,1.0785516574978828,0.0001111111111111111,63.4,[63.4%],,,,
0,weights,15,70,0.1,1.012527052360245,1.092561611905694,0.0001111111111111111,63.1,[63.1%],,,,
0,weights,16,71,0.1,0.9883847070645683,1.0940232928842306,0.0001111111111111111,63.4,[63.4%],,,,
0,weights,17,72,0.1,0.9847994016695626,1.101848416030407,0.0001111111111111111,63.3,[63.3%],,,,
0,weights,18,73,0.1,0.969182252129422,1.1168807186186314,0.0001111111111111111,62.6,[62.6%],,,,
0,weights,19,74,0.1,0.9627190741557109,1.0989499427378178,0.0001111111111111111,63.1,[63.1%],,,,
0,weights,20,75,0.1,0.9586715811415564,1.0819303095340729,0.0001111111111111111,64.7,[64.7%],,,,
0,weights,21,76,0.1,0.9684887090815774,1.0536862649023533,0.0001111111111111111,65.1,[65.1%],,,,
0,weights,22,77,0.1,0.9370076075384889,1.0699960216879845,0.0001111111111111111,64.2,[64.2%],,,,
0,weights,23,78,0.1,0.9466080492055868,1.0430984012782574,0.0001111111111111111,64.9,[64.9%],,,,
0,weights,24,79,0.1,0.9248546410965014,1.076636791229248,0.0001111111111111111,64.2,[64.2%],,,,
0,weights,25,80,0.1,0.9166595626480972,1.056210234761238,0.0001111111111111111,65.4,[65.4%],65.4,[65.4%],65.4,[65.4%]
1,parallel,1,1,0.5,2.884084251862538,2.3371043503284454,0.0001111111111111111,37.7,"[65.4%, 10.0%]",,,,
1,parallel,2,2,0.5,2.2254973212374916,2.1057123094797134,0.0001111111111111111,42.2,"[65.4%, 19.0%]",,,,
1,parallel,3,3,0.5,2.0782943798016897,2.0274659395217896,0.0001111111111111111,42.85,"[65.4%, 20.3%]",,,,
1,parallel,4,4,0.5,2.005252371860456,1.9389847852289677,0.0001111111111111111,46.95,"[65.4%, 28.5%]",,,,
1,parallel,5,5,0.4899375100144209,1.8939449198638336,1.8349196128547192,0.0001111111111111111,49.75,"[65.4%, 34.1%]",,,,
1,parallel,6,6,0.4743000416599904,1.7816304617290255,1.7234776765108109,0.0001111111111111111,51.95,"[65.4%, 38.5%]",,,,
1,parallel,7,7,0.45898257330556,1.6654494367068327,1.6254730187356472,0.0001111111111111111,55.1,"[65.4%, 44.8%]",,,,
1,parallel,8,8,0.44398510495112964,1.5949923343296293,1.5517339743673801,0.0001111111111111111,54.900000000000006,"[65.4%, 44.4%]",,,,
1,parallel,9,9,0.42930763659669924,1.4950582407697846,1.5182538591325283,0.0001111111111111111,56.6,"[65.4%, 47.8%]",,,,
1,parallel,10,10,0.4149501682422688,1.4410601643067371,1.432089526206255,0.0001111111111111111,57.2,"[65.4%, 49.0%]",,,,
1,parallel,11,11,0.4009126998878385,1.3723259832285628,1.3685946725308895,0.0001111111111111111,59.650000000000006,"[65.4%, 53.9%]",,,,
1,parallel,12,12,0.3871952315334082,1.2844166876394538,1.2817283235490322,0.0001111111111111111,60.5,"[65.4%, 55.6%]",,,,
1,parallel,13,13,0.3737977631789777,1.279066900663738,1.311705730855465,0.0001111111111111111,59.6,"[65.4%, 53.8%]",,,,
1,parallel,14,14,0.36072029482454737,1.219700432276424,1.2462016083300114,0.0001111111111111111,60.25,"[65.4%, 55.1%]",,,,
1,parallel,15,15,0.34796282647011695,1.2077579634099067,1.1956807598471642,0.0001111111111111111,62.95,"[65.4%, 60.5%]",,,,
1,parallel,16,16,0.33552535811568657,1.1223562269271175,1.2601459100842476,0.0001111111111111111,61.25,"[65.4%, 57.1%]",,,,
1,parallel,17,17,0.32340788976125623,1.1136797862716867,1.2069303132593632,0.0001111111111111111,62.400000000000006,"[65.4%, 59.4%]",,,,
1,parallel,18,18,0.3116104214068258,1.07043521917319,1.183880228549242,0.0001111111111111111,62.900000000000006,"[65.4%, 60.4%]",,,,
1,parallel,19,19,0.3001329530523955,1.0481203002265738,1.247090570628643,0.0001111111111111111,62.2,"[65.4%, 59.0%]",,,,
1,parallel,20,20,0.2889754846979651,1.0405198727981955,1.11503991112113,0.0001111111111111111,63.25,"[65.4%, 61.1%]",,,,
1,parallel,21,21,0.2781380163435347,1.0420857818820808,1.1398378554731607,0.0001111111111111111,63.550000000000004,"[65.4%, 61.7%]",,,,
1,parallel,22,22,0.2676205479891044,1.0096376817437667,1.1904850453138351,0.0001111111111111111,62.25,"[65.4%, 59.1%]",,,,
1,parallel,23,23,0.257423079634674,1.0223878146726875,1.1482478231191635,0.0001111111111111111,63.550000000000004,"[65.4%, 61.7%]",,,,
1,parallel,24,24,0.24754561128024358,1.0146187332612049,1.1161353718489408,0.0001111111111111111,63.650000000000006,"[65.4%, 61.9%]",,,,
1,parallel,25,25,0.2379881429258132,0.979161444344098,1.078361101448536,0.0001111111111111111,65.15,"[65.4%, 64.9%]",,,,
1,parallel,26,26,0.2287506745713828,1.0362706388099283,1.167469386011362,0.0001111111111111111,62.25,"[65.4%, 59.1%]",,,,
1,parallel,27,27,0.21983320621695243,1.0062495507771456,1.2083608973771334,0.0001111111111111111,61.95,"[65.4%, 58.5%]",,,,
1,parallel,28,28,0.21123573786252203,1.072359946709645,1.0671028718352318,0.0001111111111111111,64.85,"[65.4%, 64.3%]",,,,
1,parallel,29,29,0.20295826950809165,1.001801717884933,1.07005600258708,0.0001111111111111111,63.95,"[65.4%, 62.5%]",,,,
1,parallel,30,30,0.1950008011536613,0.9803009342543686,1.080834999680519,0.0001111111111111111,64.6,"[65.4%, 63.8%]",,,,
1,parallel,31,31,0.1873633327992309,0.9650888141197494,1.1845454163849354,0.0001111111111111111,62.050000000000004,"[65.4%, 58.7%]",,,,
1,parallel,32,32,0.18004586444480053,0.9639244358750838,1.0505678206682205,0.0001111111111111111,65.05000000000001,"[65.4%, 64.7%]",,,,
1,parallel,33,33,0.17304839609037015,0.9688523758815814,1.0628882683813572,0.0001111111111111111,65.0,"[65.4%, 64.6%]",,,,
1,parallel,34,34,0.16637092773593976,0.9707518408570108,1.239012934267521,0.0001111111111111111,62.150000000000006,"[65.4%, 58.9%]",,,,
1,parallel,35,35,0.16001345938150938,0.9913226350953307,1.124033097177744,0.0001111111111111111,64.25,"[65.4%, 63.1%]",,,,
1,parallel,36,36,0.153975991027079,1.0783233797248406,1.1854860857129097,0.0001111111111111111,62.2,"[65.4%, 59.0%]",,,,
1,parallel,37,37,0.14825852267264863,1.041143380388429,1.1559356190264225,0.0001111111111111111,63.550000000000004,"[65.4%, 61.7%]",,,,
1,parallel,38,38,0.14286105431821824,0.9966789159593703,1.051354419440031,0.0001111111111111111,64.5,"[65.4%, 63.6%]",,,,
1,parallel,39,39,0.13778358596378787,1.2156860503969313,1.21534588560462,0.0001111111111111111,62.2,"[65.4%, 59.0%]",,,,
1,parallel,40,40,0.13302611760935748,1.110197918324531,1.1214935258030891,0.0001111111111111111,63.300000000000004,"[65.4%, 61.2%]",,,,
1,parallel,41,41,0.12858864925492708,1.0885522961616516,1.1706828773021698,0.0001111111111111111,62.150000000000006,"[65.4%, 58.9%]",,,,
1,parallel,42,42,0.12447118090049673,1.1518266781975952,1.2283584140241146,0.0001111111111111111,62.800000000000004,"[65.4%, 60.2%]",,,,
1,parallel,43,43,0.12067371254606635,1.151932336107085,1.1749342903494835,0.0001111111111111111,62.7,"[65.4%, 60.0%]",,,,
1,parallel,44,44,0.11719624419163596,1.0825160945518106,1.1223578117787838,0.0001111111111111111,63.650000000000006,"[65.4%, 61.9%]",,,,
1,parallel,45,45,0.11403877583720558,1.0963085505026806,1.116233766078949,0.0001111111111111111,64.1,"[65.4%, 62.8%]",,,,
1,parallel,46,46,0.11120130748277521,1.059985335114636,1.1383366100490093,0.0001111111111111111,63.650000000000006,"[65.4%, 61.9%]",,,,
1,parallel,47,47,0.10868383912834481,1.2451642008521888,1.2748066298663616,0.0001111111111111111,60.150000000000006,"[65.4%, 54.9%]",,,,
1,parallel,48,48,0.10648637077391443,1.219407908524139,1.1768147610127926,0.0001111111111111111,62.25,"[65.4%, 59.1%]",,,,
1,parallel,49,49,0.10460890241948406,1.159796736662901,1.18367138504982,0.0001111111111111111,63.1,"[65.4%, 60.8%]",,,,
1,parallel,50,50,0.10305143406505368,1.1234908390648757,1.1143010705709457,0.0001111111111111111,64.7,"[65.4%, 64.0%]",,,,
1,parallel,51,51,0.1018139657106233,1.0570600274242932,1.0967308692634106,0.0001111111111111111,64.85,"[65.4%, 64.3%]",,,,
1,parallel,52,52,0.10089649735619292,1.1012613675262355,1.1402315087616444,0.0001111111111111111,63.650000000000006,"[65.4%, 61.9%]",,,,
1,parallel,53,53,0.10029902900176255,1.0598997300184225,1.0677073150873184,0.0001111111111111111,64.5,"[65.4%, 63.6%]",,,,
1,parallel,54,54,0.10002156064733217,1.0484978277472001,1.1183222569525242,0.0001111111111111111,63.7,"[65.4%, 62.0%]",,,,
1,parallel,55,55,0.1,0.9915562792669369,1.1184102818369865,0.0001111111111111111,63.550000000000004,"[65.4%, 61.7%]",,,,
1,weights,1,56,0.1,0.995532898208763,1.0862090364098549,0.0001111111111111111,64.7,"[65.4%, 64.0%]",,,,
1,weights,2,57,0.1,0.9500262420388716,1.1096341125667095,0.0001111111111111111,63.45,"[65.4%, 61.5%]",,,,
1,weights,3,58,0.1,0.9444057979161227,1.0384467206895351,0.0001111111111111111,65.75,"[65.4%, 66.1%]",,,,
1,weights,4,59,0.1,0.9421885104119023,1.0679219588637352,0.0001111111111111111,65.1,"[65.4%, 64.8%]",,,,
1,weights,5,60,0.1,0.9314565024798429,1.0235390104353428,0.0001111111111111111,65.25,"[65.4%, 65.1%]",,,,
1,weights,6,61,0.1,0.9324050938026814,1.0586648359894753,0.0001111111111111111,65.55000000000001,"[65.4%, 65.7%]",,,,
1,weights,7,62,0.1,0.8668722095368784,1.0430133044719696,0.0001111111111111111,65.55000000000001,"[65.4%, 65.7%]",,,,
1,weights,8,63,0.1,0.8921924444693553,0.9615127891302109,0.0001111111111111111,67.05000000000001,"[65.4%, 68.7%]",,,,
1,weights,9,64,0.1,0.8585681907738312,1.0661972984671593,0.0001111111111111111,64.9,"[65.4%, 64.4%]",,,,
1,weights,10,65,0.1,0.8483471198926998,1.0192758347839117,0.0001111111111111111,65.75,"[65.4%, 66.1%]",,,,
1,weights,11,66,0.1,0.8344736842415,1.0439329482614994,0.0001111111111111111,65.25,"[65.4%, 65.1%]",,,,
1,weights,12,67,0.1,0.8409021330785148,0.9798498973250389,0.0001111111111111111,66.25,"[65.4%, 67.1%]",,,,
1,weights,13,68,0.1,0.8574510443059704,1.040287047624588,0.0001111111111111111,65.15,"[65.4%, 64.9%]",,,,
1,weights,14,69,0.1,0.8638565234745605,1.077347096055746,0.0001111111111111111,65.45,"[65.4%, 65.5%]",,,,
1,weights,15,70,0.1,0.803486253830451,0.9974388480186462,0.0001111111111111111,66.25,"[65.4%, 67.1%]",,,,
1,weights,16,71,0.1,0.7783955539329143,0.985683012753725,0.0001111111111111111,66.2,"[65.4%, 67.0%]",,,,
1,weights,17,72,0.1,0.7805553120148333,1.0151181034743786,0.0001111111111111111,65.5,"[65.4%, 65.6%]",,,,
1,weights,18,73,0.1,0.7868191758288613,1.0302795805037022,0.0001111111111111111,65.5,"[65.4%, 65.6%]",,,,
1,weights,19,74,0.1,0.7716201098659371,1.0196327194571495,0.0001111111111111111,65.9,"[65.4%, 66.4%]",,,,
1,weights,20,75,0.1,0.7583158182192452,1.060717836022377,0.0001111111111111111,64.65,"[65.4%, 63.9%]",,,,
1,weights,21,76,0.1,0.7753211093854301,0.9935932569205761,0.0001111111111111111,66.05000000000001,"[65.4%, 66.7%]",,,,
1,weights,22,77,0.1,0.7538275281085244,1.0166879668831825,0.0001111111111111111,65.65,"[65.4%, 65.9%]",,,,
1,weights,23,78,0.1,0.7569776701776287,0.971444845199585,0.0001111111111111111,66.5,"[65.4%, 67.6%]",,,,
1,weights,24,79,0.1,0.7257931598379642,0.983899150043726,0.0001111111111111111,66.35,"[65.4%, 67.3%]",,,,
1,weights,25,80,0.1,0.7378520663780502,1.0088032372295856,0.0001111111111111111,64.7,"[65.4%, 64.0%]",57.35,"[50.7%, 64.0%]",57.05,"[53.4%, 60.7%]"
2,parallel,1,1,0.5,3.458206502697136,2.3577160388231277,0.0001111111111111111,46.46666666666667,"[65.4%, 64.0%, 10.0%]",,,,
2,parallel,2,2,0.5,2.3401131177250343,2.326951250433922,0.0001111111111111111,46.46666666666667,"[65.4%, 64.0%, 10.0%]",,,,
2,parallel,3,3,0.5,2.2238410545300833,2.0913761258125305,0.0001111111111111111,52.56666666666667,"[65.4%, 64.0%, 28.3%]",,,,
2,parallel,4,4,0.5,1.9775305005568493,1.9704730957746506,0.0001111111111111111,53.199999999999996,"[65.4%, 64.0%, 30.2%]",,,,
2,parallel,5,5,0.4899375100144209,1.788348507277573,1.8328114077448845,0.0001111111111111111,55.6,"[65.4%, 64.0%, 37.4%]",,,,
2,parallel,6,6,0.4743000416599904,1.657501397253592,1.594752725213766,0.0001111111111111111,58.300000000000004,"[65.4%, 64.0%, 45.5%]",,,,
2,parallel,7,7,0.45898257330556,1.4720366981965076,1.3977242037653923,0.0001111111111111111,60.833333333333336,"[65.4%, 64.0%, 53.1%]",,,,
2,parallel,8,8,0.44398510495112964,1.2757883162438115,1.220521453768015,0.0001111111111111111,63.6,"[65.4%, 64.0%, 61.4%]",,,,
2,parallel,9,9,0.42930763659669924,1.1979338753072521,1.167803566902876,0.0001111111111111111,63.53333333333334,"[65.4%, 64.0%, 61.2%]",,,,
2,parallel,10,10,0.4149501682422688,1.0939692281469513,1.2301126383244991,0.0001111111111111111,62.76666666666667,"[65.4%, 64.0%, 58.9%]",,,,
2,parallel,11,11,0.4009126998878385,1.0241432355929025,1.05079747736454,0.0001111111111111111,65.60000000000001,"[65.4%, 64.0%, 67.4%]",,,,
2,parallel,12,12,0.3871952315334082,0.9433277475682995,1.1579581126570702,0.0001111111111111111,63.76666666666667,"[65.4%, 64.0%, 61.9%]",,,,
2,parallel,13,13,0.3737977631789777,0.9058252697504019,1.1273564649745822,0.0001111111111111111,64.23333333333333,"[65.4%, 64.0%, 63.3%]",,,,
2,parallel,14,14,0.36072029482454737,0.8674062498008148,0.9648579340428114,0.0001111111111111111,65.66666666666667,"[65.4%, 64.0%, 67.6%]",,,,
2,parallel,15,15,0.34796282647011695,0.8047074094603334,0.8479009531438351,0.0001111111111111111,67.60000000000001,"[65.4%, 64.0%, 73.4%]",,,,
2,parallel,16,16,0.33552535811568657,0.7813845405095741,0.9359798822551966,0.0001111111111111111,66.26666666666667,"[65.4%, 64.0%, 69.4%]",,,,
2,parallel,17,17,0.32340788976125623,0.7778361401980436,0.9172311099246144,0.0001111111111111111,66.73333333333333,"[65.4%, 64.0%, 70.8%]",,,,
2,parallel,18,18,0.3116104214068258,0.7951106391375578,0.8401533998548985,0.0001111111111111111,67.2,"[65.4%, 64.0%, 72.2%]",,,,
2,parallel,19,19,0.3001329530523955,0.733677704123002,0.8901328779757023,0.0001111111111111111,66.53333333333335,"[65.4%, 64.0%, 70.2%]",,,,
2,parallel,20,20,0.2889754846979651,0.7456838567800159,0.9940646947361529,0.0001111111111111111,65.46666666666667,"[65.4%, 64.0%, 67.0%]",,,,
2,parallel,21,21,0.2781380163435347,0.7121809008000772,0.8065609270706773,0.0001111111111111111,67.86666666666667,"[65.4%, 64.0%, 74.2%]",,,,
2,parallel,22,22,0.2676205479891044,0.702958981447582,0.8038596641272306,0.0001111111111111111,67.8,"[65.4%, 64.0%, 74.0%]",,,,
2,parallel,23,23,0.257423079634674,0.7173009477084196,0.9342831210233271,0.0001111111111111111,66.56666666666666,"[65.4%, 64.0%, 70.3%]",,,,
2,parallel,24,24,0.24754561128024358,0.7012282987184162,0.8966979151591659,0.0001111111111111111,67.13333333333334,"[65.4%, 64.0%, 72.0%]",,,,
2,parallel,25,25,0.2379881429258132,0.6925139536585989,0.8219423443078995,0.0001111111111111111,67.66666666666667,"[65.4%, 64.0%, 73.6%]",,,,
2,parallel,26,26,0.2287506745713828,0.6805962678752367,0.9054875979200006,0.0001111111111111111,66.63333333333334,"[65.4%, 64.0%, 70.5%]",,,,
2,parallel,27,27,0.21983320621695243,0.6509923418111438,0.8066413272172213,0.0001111111111111111,67.5,"[65.4%, 64.0%, 73.1%]",,,,
2,parallel,28,28,0.21123573786252203,0.6581623150578028,0.7770536979660392,0.0001111111111111111,68.33333333333333,"[65.4%, 64.0%, 75.6%]",,,,
2,parallel,29,29,0.20295826950809165,0.7420815746240979,0.9146502166986465,0.0001111111111111111,65.96666666666667,"[65.4%, 64.0%, 68.5%]",,,,
2,parallel,30,30,0.1950008011536613,0.741951485223408,0.8745092870667577,0.0001111111111111111,66.89999999999999,"[65.4%, 64.0%, 71.3%]",,,,
2,parallel,31,31,0.1873633327992309,0.6970907034753244,0.901735570281744,0.0001111111111111111,66.8,"[65.4%, 64.0%, 71.0%]",,,,
2,parallel,32,32,0.18004586444480053,0.70105971528005,0.764049069955945,0.0001111111111111111,68.10000000000001,"[65.4%, 64.0%, 74.9%]",,,,
2,parallel,33,33,0.17304839609037015,0.7061938239803797,0.8318285439163446,0.0001111111111111111,67.39999999999999,"[65.4%, 64.0%, 72.8%]",,,,
2,parallel,34,34,0.16637092773593976,0.7909914956817145,0.8974660281091928,0.0001111111111111111,66.60000000000001,"[65.4%, 64.0%, 70.4%]",,,,
2,parallel,35,35,0.16001345938150938,0.7882396412801139,0.8199749980121851,0.0001111111111111111,67.06666666666666,"[65.4%, 64.0%, 71.8%]",,,,
2,parallel,36,36,0.153975991027079,0.8109842727455912,0.8892983738332987,0.0001111111111111111,66.93333333333334,"[65.4%, 64.0%, 71.4%]",,,,
2,parallel,37,37,0.14825852267264863,0.7964558910719955,0.9579027593135834,0.0001111111111111111,66.39999999999999,"[65.4%, 64.0%, 69.8%]",,,,
2,parallel,38,38,0.14286105431821824,0.7618328932719894,0.8256943486630917,0.0001111111111111111,67.76666666666667,"[65.4%, 64.0%, 73.9%]",,,,
2,parallel,39,39,0.13778358596378787,0.8570194138756281,0.880323120392859,0.0001111111111111111,66.8,"[65.4%, 64.0%, 71.0%]",,,,
2,parallel,40,40,0.13302611760935748,0.7991233735899382,0.8740347474813461,0.0001111111111111111,66.96666666666667,"[65.4%, 64.0%, 71.5%]",,,,
2,parallel,41,41,0.12858864925492708,0.8460707928560958,0.8590534292161465,0.0001111111111111111,67.3,"[65.4%, 64.0%, 72.5%]",,,,
2,parallel,42,42,0.12447118090049673,0.8404023485093177,0.9030815195292234,0.0001111111111111111,66.89999999999999,"[65.4%, 64.0%, 71.3%]",,,,
2,parallel,43,43,0.12067371254606635,0.834564563594287,0.9575092513114214,0.0001111111111111111,66.53333333333335,"[65.4%, 64.0%, 70.2%]",,,,
2,parallel,44,44,0.11719624419163596,0.7853098756904844,0.8506465926766396,0.0001111111111111111,67.46666666666667,"[65.4%, 64.0%, 73.0%]",,,,
2,parallel,45,45,0.11403877583720558,0.8170773703840715,0.8793836999684572,0.0001111111111111111,67.0,"[65.4%, 64.0%, 71.6%]",,,,
2,parallel,46,46,0.11120130748277521,0.7976669963402084,0.8977067759260535,0.0001111111111111111,66.73333333333333,"[65.4%, 64.0%, 70.8%]",,,,
2,parallel,47,47,0.10868383912834481,0.8514110031007212,0.9297065269201994,0.0001111111111111111,67.10000000000001,"[65.4%, 64.0%, 71.9%]",,,,
2,parallel,48,48,0.10648637077391443,0.8344499332995354,0.9169781915843487,0.0001111111111111111,67.10000000000001,"[65.4%, 64.0%, 71.9%]",,,,
2,parallel,49,49,0.10460890241948406,0.8314990329591534,0.8961192164570093,0.0001111111111111111,67.39999999999999,"[65.4%, 64.0%, 72.8%]",,,,
2,parallel,50,50,0.10305143406505368,0.7681495071966437,0.9363769385963678,0.0001111111111111111,66.73333333333333,"[65.4%, 64.0%, 70.8%]",,,,
2,parallel,51,51,0.1018139657106233,0.7615380411661123,0.8843521326780319,0.0001111111111111111,67.13333333333334,"[65.4%, 64.0%, 72.0%]",,,,
2,parallel,52,52,0.10089649735619292,0.7929329445844964,0.8988500237464905,0.0001111111111111111,66.86666666666667,"[65.4%, 64.0%, 71.2%]",,,,
2,parallel,53,53,0.10029902900176255,0.7362741356409048,0.8730185646563768,0.0001111111111111111,67.39999999999999,"[65.4%, 64.0%, 72.8%]",,,,
2,parallel,54,54,0.10002156064733217,0.6983026447175424,0.8723063049837947,0.0001111111111111111,67.23333333333333,"[65.4%, 64.0%, 72.3%]",,,,
2,parallel,55,55,0.1,0.6908827224109746,0.8392980899661779,0.0001111111111111111,67.46666666666667,"[65.4%, 64.0%, 73.0%]",,,,
2,weights,1,56,0.1,0.6860733447195608,0.8974762596189976,0.0001111111111111111,67.0,"[65.4%, 64.0%, 71.6%]",,,,
2,weights,2,57,0.1,0.653412843052345,0.8137584738433361,0.0001111111111111111,67.89999999999999,"[65.4%, 64.0%, 74.3%]",,,,
2,weights,3,58,0.1,0.6517173908179319,0.8034717496484518,0.0001111111111111111,68.03333333333335,"[65.4%, 64.0%, 74.7%]",,,,
2,weights,4,59,0.1,0.6427326285386388,0.8104193871840835,0.0001111111111111111,67.83333333333333,"[65.4%, 64.0%, 74.1%]",,,,
2,weights,5,60,0.1,0.6449317053149018,0.7907154243439436,0.0001111111111111111,68.46666666666667,"[65.4%, 64.0%, 76.0%]",,,,
2,weights,6,61,0.1,0.606405617315558,0.91437769215554,0.0001111111111111111,66.83333333333333,"[65.4%, 64.0%, 71.1%]",,,,
2,weights,7,62,0.1,0.6092351924014997,0.7997362930327654,0.0001111111111111111,68.36666666666667,"[65.4%, 64.0%, 75.7%]",,,,
2,weights,8,63,0.1,0.5754323775255228,0.7818614644929767,0.0001111111111111111,68.5,"[65.4%, 64.0%, 76.1%]",,,,
2,weights,9,64,0.1,0.5812925809546362,0.8199715912342072,0.0001111111111111111,68.26666666666667,"[65.4%, 64.0%, 75.4%]",,,,
2,weights,10,65,0.1,0.5658081064495859,0.7927971184253693,0.0001111111111111111,68.2,"[65.4%, 64.0%, 75.2%]",,,,
2,weights,11,66,0.1,0.5611916357957865,0.8242382723838091,0.0001111111111111111,67.53333333333335,"[65.4%, 64.0%, 73.2%]",,,,
2,weights,12,67,0.1,0.5471059185794637,0.7919006366282701,0.0001111111111111111,68.2,"[65.4%, 64.0%, 75.2%]",,,,
2,weights,13,68,0.1,0.5242619661590721,0.8615327337756753,0.0001111111111111111,67.06666666666666,"[65.4%, 64.0%, 71.8%]",,,,
2,weights,14,69,0.1,0.5466730338108691,0.7799983229488134,0.0001111111111111111,68.33333333333333,"[65.4%, 64.0%, 75.6%]",,,,
2,weights,15,70,0.1,0.5424009444592874,0.8147744676098228,0.0001111111111111111,67.96666666666667,"[65.4%, 64.0%, 74.5%]",,,,
2,weights,16,71,0.1,0.5390875331963165,0.774467945098877,0.0001111111111111111,68.03333333333335,"[65.4%, 64.0%, 74.7%]",,,,
2,weights,17,72,0.1,0.5160667534115948,0.7434964627027512,0.0001111111111111111,68.36666666666667,"[65.4%, 64.0%, 75.7%]",,,,
2,weights,18,73,0.1,0.5029547329567656,0.7718447633087635,0.0001111111111111111,68.46666666666667,"[65.4%, 64.0%, 76.0%]",,,,
2,weights,19,74,0.1,0.5141020425701444,0.7690880093723536,0.0001111111111111111,68.3,"[65.4%, 64.0%, 75.5%]",,,,
2,weights,20,75,0.1,0.5051587454125851,0.7786394455470145,0.0001111111111111111,68.53333333333335,"[65.4%, 64.0%, 76.2%]",,,,
2,weights,21,76,0.1,0.47489907427490513,0.7688869368284941,0.0001111111111111111,68.56666666666666,"[65.4%, 64.0%, 76.3%]",,,,
2,weights,22,77,0.1,0.4800840099401112,0.7589072994887829,0.0001111111111111111,68.56666666666666,"[65.4%, 64.0%, 76.3%]",,,,
2,weights,23,78,0.1,0.4906389051223103,0.7595554972067475,0.0001111111111111111,68.89999999999999,"[65.4%, 64.0%, 77.3%]",,,,
2,weights,24,79,0.1,0.46740814010742343,0.771630848525092,0.0001111111111111111,68.60000000000001,"[65.4%, 64.0%, 76.4%]",,,,
2,weights,25,80,0.1,0.46861974027337905,0.786944966763258,0.0001111111111111111,68.33333333333333,"[65.4%, 64.0%, 75.6%]",55.46666666666666,"[32.9%, 57.9%, 75.6%]",62.666666666666664,"[53.4%, 64.0%, 70.6%]"
3,parallel,1,1,0.5,4.157848195184635,2.3640354573726654,0.0001111111111111111,53.75,"[65.4%, 64.0%, 75.6%, 10.0%]",,,,
3,parallel,2,2,0.5,2.3452059588854826,2.32936829328537,0.0001111111111111111,53.75,"[65.4%, 64.0%, 75.6%, 10.0%]",,,,
3,parallel,3,3,0.5,2.3252267264112643,2.2754935771226883,0.0001111111111111111,54.525,"[65.4%, 64.0%, 75.6%, 13.1%]",,,,
3,parallel,4,4,0.5,2.1408464259739164,2.0980842448771,0.0001111111111111111,57.275,"[65.4%, 64.0%, 75.6%, 24.1%]",,,,
3,parallel,5,5,0.4899375100144209,1.9074409958682483,1.7841358073055744,0.0001111111111111111,59.975,"[65.4%, 64.0%, 75.6%, 34.9%]",,,,
3,parallel,6,6,0.4743000416599904,1.7482611831230452,1.6861692667007446,0.0001111111111111111,61.075,"[65.4%, 64.0%, 75.6%, 39.3%]",,,,
3,parallel,7,7,0.45898257330556,1.6143430833575092,1.5481922626495361,0.0001111111111111111,62.575,"[65.4%, 64.0%, 75.6%, 45.3%]",,,,
3,parallel,8,8,0.44398510495112964,1.4771669167506545,1.5042333491146564,0.0001111111111111111,63.25,"[65.4%, 64.0%, 75.6%, 48.0%]",,,,
3,parallel,9,9,0.42930763659669924,1.373497928245158,1.3653165865689516,0.0001111111111111111,64.775,"[65.4%, 64.0%, 75.6%, 54.1%]",,,,
3,parallel,10,10,0.4149501682422688,1.323487453068359,1.3008149713277817,0.0001111111111111111,65.65,"[65.4%, 64.0%, 75.6%, 57.6%]",,,,
3,parallel,11,11,0.4009126998878385,1.257826333559012,1.3027489855885506,0.0001111111111111111,65.4,"[65.4%, 64.0%, 75.6%, 56.6%]",,,,
3,parallel,12,12,0.3871952315334082,1.1750679732877998,1.3129201531410217,0.0001111111111111111,65.3,"[65.4%, 64.0%, 75.6%, 56.2%]",,,,
3,parallel,13,13,0.3737977631789777,1.121398938607566,1.2063739504665136,0.0001111111111111111,66.225,"[65.4%, 64.0%, 75.6%, 59.9%]",,,,
3,parallel,14,14,0.36072029482454737,1.059281444247765,1.2429224625229836,0.0001111111111111111,66.225,"[65.4%, 64.0%, 75.6%, 59.9%]",,,,
3,parallel,15,15,0.34796282647011695,1.0515343886387498,1.1381103582680225,0.0001111111111111111,67.025,"[65.4%, 64.0%, 75.6%, 63.1%]",,,,
3,parallel,16,16,0.33552535811568657,1.065719498109214,1.1055607367306948,0.0001111111111111111,67.75,"[65.4%, 64.0%, 75.6%, 66.0%]",,,,
3,parallel,17,17,0.32340788976125623,0.9947026228602929,1.0937763433903456,0.0001111111111111111,67.475,"[65.4%, 64.0%, 75.6%, 64.9%]",,,,
3,parallel,18,18,0.3116104214068258,0.9622851436651205,1.05559266731143,0.0001111111111111111,68.125,"[65.4%, 64.0%, 75.6%, 67.5%]",,,,
3,parallel,19,19,0.3001329530523955,0.959664960450764,1.0276534650474787,0.0001111111111111111,67.775,"[65.4%, 64.0%, 75.6%, 66.1%]",,,,
3,parallel,20,20,0.2889754846979651,0.9435599808451496,1.037262998521328,0.0001111111111111111,67.7,"[65.4%, 64.0%, 75.6%, 65.8%]",,,,
3,parallel,21,21,0.2781380163435347,0.9098646082455599,1.0535608492791653,0.0001111111111111111,67.8,"[65.4%, 64.0%, 75.6%, 66.2%]",,,,
3,parallel,22,22,0.2676205479891044,0.8540587327148341,1.0810695718973875,0.0001111111111111111,67.725,"[65.4%, 64.0%, 75.6%, 65.9%]",,,,
3,parallel,23,23,0.257423079634674,0.9247497644605516,1.0753563959151506,0.0001111111111111111,67.575,"[65.4%, 64.0%, 75.6%, 65.3%]",,,,
3,parallel,24,24,0.24754561128024358,0.8751728270627275,1.155650494620204,0.0001111111111111111,67.0,"[65.4%, 64.0%, 75.6%, 63.0%]",,,,
3,parallel,25,25,0.2379881429258132,0.8866322161276129,1.0465409345924854,0.0001111111111111111,67.8,"[65.4%, 64.0%, 75.6%, 66.2%]",,,,
3,parallel,26,26,0.2287506745713828,0.8893880119806603,1.0841372143477201,0.0001111111111111111,67.25,"[65.4%, 64.0%, 75.6%, 64.0%]",,,,
3,parallel,27,27,0.21983320621695243,0.8982161011876939,1.0751498714089394,0.0001111111111111111,67.55,"[65.4%, 64.0%, 75.6%, 65.2%]",,,,
3,parallel,28,28,0.21123573786252203,0.9739775902862791,1.0695911459624767,0.0001111111111111111,67.55,"[65.4%, 64.0%, 75.6%, 65.2%]",,,,
3,parallel,29,29,0.20295826950809165,0.9364218311973765,1.0953665431588888,0.0001111111111111111,67.55,"[65.4%, 64.0%, 75.6%, 65.2%]",,,,
3,parallel,30,30,0.1950008011536613,0.9168518547770343,1.0208848789334297,0.0001111111111111111,67.95,"[65.4%, 64.0%, 75.6%, 66.8%]",,,,
3,parallel,31,31,0.1873633327992309,0.9285927150822892,1.1129101738333702,0.0001111111111111111,67.225,"[65.4%, 64.0%, 75.6%, 63.9%]",,,,
3,parallel,32,32,0.18004586444480053,0.9275538710099233,1.0152280144393444,0.0001111111111111111,67.975,"[65.4%, 64.0%, 75.6%, 66.9%]",,,,
3,parallel,33,33,0.17304839609037015,0.9038269470764112,1.0598674323409796,0.0001111111111111111,67.625,"[65.4%, 64.0%, 75.6%, 65.5%]",,,,
3,parallel,34,34,0.16637092773593976,1.014228777040409,1.0121721103787422,0.0001111111111111111,68.325,"[65.4%, 64.0%, 75.6%, 68.3%]",,,,
3,parallel,35,35,0.16001345938150938,1.001674707177319,1.0618288554251194,0.0001111111111111111,67.525,"[65.4%, 64.0%, 75.6%, 65.1%]",,,,
3,parallel,36,36,0.153975991027079,1.0399264685715301,1.107192501425743,0.0001111111111111111,67.05,"[65.4%, 64.0%, 75.6%, 63.2%]",,,,
3,parallel,37,37,0.14825852267264863,0.9986002581028999,1.1595620438456535,0.0001111111111111111,66.6,"[65.4%, 64.0%, 75.6%, 61.4%]",,,,
3,parallel,38,38,0.14286105431821824,0.9815538616120061,1.0698013976216316,0.0001111111111111111,67.7,"[65.4%, 64.0%, 75.6%, 65.8%]",,,,
3,parallel,39,39,0.13778358596378787,1.0808946693999857,1.1096212342381477,0.0001111111111111111,67.25,"[65.4%, 64.0%, 75.6%, 64.0%]",,,,
3,parallel,40,40,0.13302611760935748,1.0091065900235237,1.1027740351855755,0.0001111111111111111,67.425,"[65.4%, 64.0%, 75.6%, 64.7%]",,,,
3,parallel,41,41,0.12858864925492708,1.0249242367623728,1.0797230042517185,0.0001111111111111111,67.475,"[65.4%, 64.0%, 75.6%, 64.9%]",,,,
3,parallel,42,42,0.12447118090049673,1.0628758178481572,1.1441367026418447,0.0001111111111111111,67.0,"[65.4%, 64.0%, 75.6%, 63.0%]",,,,
3,parallel,43,43,0.12067371254606635,1.0510256426243842,1.1238760240375996,0.0001111111111111111,67.575,"[65.4%, 64.0%, 75.6%, 65.3%]",,,,
3,parallel,44,44,0.11719624419163596,0.9733456063874161,1.1187139172106981,0.0001111111111111111,67.35,"[65.4%, 64.0%, 75.6%, 64.4%]",,,,
3,parallel,45,45,0.11403877583720558,1.0396891319299046,1.1203364916145802,0.0001111111111111111,66.875,"[65.4%, 64.0%, 75.6%, 62.5%]",,,,
3,parallel,46,46,0.11120130748277521,1.0054523416712313,1.1182363405823708,0.0001111111111111111,67.45,"[65.4%, 64.0%, 75.6%, 64.8%]",,,,
3,parallel,47,47,0.10868383912834481,1.135229571710659,1.2964168693870306,0.0001111111111111111,65.9,"[65.4%, 64.0%, 75.6%, 58.6%]",,,,
3,parallel,48,48,0.10648637077391443,1.0833977317508263,1.1448627356439829,0.0001111111111111111,67.025,"[65.4%, 64.0%, 75.6%, 63.1%]",,,,
3,parallel,49,49,0.10460890241948406,1.035862144035629,1.1254943571984768,0.0001111111111111111,67.225,"[65.4%, 64.0%, 75.6%, 63.9%]",,,,
3,parallel,50,50,0.10305143406505368,1.0300782405877416,1.0993486642837524,0.0001111111111111111,67.325,"[65.4%, 64.0%, 75.6%, 64.3%]",,,,
3,parallel,51,51,0.1018139657106233,0.9545403360566006,1.0720162391662598,0.0001111111111111111,67.6,"[65.4%, 64.0%, 75.6%, 65.4%]",,,,
3,parallel,52,52,0.10089649735619292,1.0715356921847863,1.122438445687294,0.0001111111111111111,67.05,"[65.4%, 64.0%, 75.6%, 63.2%]",,,,
3,parallel,53,53,0.10029902900176255,0.977516034735909,1.0931698232889175,0.0001111111111111111,67.775,"[65.4%, 64.0%, 75.6%, 66.1%]",,,,
3,parallel,54,54,0.10002156064733217,0.9590518866913228,1.1276147663593292,0.0001111111111111111,67.3,"[65.4%, 64.0%, 75.6%, 64.2%]",,,,
3,parallel,55,55,0.1,0.9212647216229499,1.0263301599770784,0.0001111111111111111,67.6,"[65.4%, 64.0%, 75.6%, 65.4%]",,,,
3,weights,1,56,0.1,0.9003420604180686,1.1354022547602654,0.0001111111111111111,67.225,"[65.4%, 64.0%, 75.6%, 63.9%]",,,,
3,weights,2,57,0.1,0.9006483026697666,1.0317700635641813,0.0001111111111111111,68.075,"[65.4%, 64.0%, 75.6%, 67.3%]",,,,
3,weights,3,58,0.1,0.8624568868287003,1.094571303576231,0.0001111111111111111,67.1,"[65.4%, 64.0%, 75.6%, 63.4%]",,,,
3,weights,4,59,0.1,0.8294909302192398,1.0821316614747047,0.0001111111111111111,67.45,"[65.4%, 64.0%, 75.6%, 64.8%]",,,,
3,weights,5,60,0.1,0.8257764336429064,1.0076090134680271,0.0001111111111111111,68.025,"[65.4%, 64.0%, 75.6%, 67.1%]",,,,
3,weights,6,61,0.1,0.8117109627663335,1.086803276091814,0.0001111111111111111,67.3,"[65.4%, 64.0%, 75.6%, 64.2%]",,,,
3,weights,7,62,0.1,0.8231733418718169,0.9997007548809052,0.0001111111111111111,68.15,"[65.4%, 64.0%, 75.6%, 67.6%]",,,,
3,weights,8,63,0.1,0.8109829746469667,1.0080188643187284,0.0001111111111111111,67.95,"[65.4%, 64.0%, 75.6%, 66.8%]",,,,
3,weights,9,64,0.1,0.8113998853707616,1.0746094640344381,0.0001111111111111111,67.575,"[65.4%, 64.0%, 75.6%, 65.3%]",,,,
3,weights,10,65,0.1,0.7747870359239699,0.9939971957355738,0.0001111111111111111,68.525,"[65.4%, 64.0%, 75.6%, 69.1%]",,,,
3,weights,11,66,0.1,0.76704586080358,0.968159444630146,0.0001111111111111111,68.425,"[65.4%, 64.0%, 75.6%, 68.7%]",,,,
3,weights,12,67,0.1,0.7494349374046808,0.9652843251824379,0.0001111111111111111,68.625,"[65.4%, 64.0%, 75.6%, 69.5%]",,,,
3,weights,13,68,0.1,0.7314918493922753,0.9735282529145479,0.0001111111111111111,68.575,"[65.4%, 64.0%, 75.6%, 69.3%]",,,,
3,weights,14,69,0.1,0.7382329268546044,1.0016865599900484,0.0001111111111111111,68.125,"[65.4%, 64.0%, 75.6%, 67.5%]",,,,
3,weights,15,70,0.1,0.7477497963965694,0.9432768952101469,0.0001111111111111111,68.45,"[65.4%, 64.0%, 75.6%, 68.8%]",,,,
3,weights,16,71,0.1,0.720373913457122,0.943816177546978,0.0001111111111111111,68.575,"[65.4%, 64.0%, 75.6%, 69.3%]",,,,
3,weights,17,72,0.1,0.7278445532804803,0.9826560858637094,0.0001111111111111111,68.6,"[65.4%, 64.0%, 75.6%, 69.4%]",,,,
3,weights,18,73,0.1,0.6883748803712144,1.0508131496608257,0.0001111111111111111,67.9,"[65.4%, 64.0%, 75.6%, 66.6%]",,,,
3,weights,19,74,0.1,0.6784978075118004,0.9337872732430696,0.0001111111111111111,68.7,"[65.4%, 64.0%, 75.6%, 69.8%]",,,,
3,weights,20,75,0.1,0.6900673765170423,0.9614822082221508,0.0001111111111111111,68.8,"[65.4%, 64.0%, 75.6%, 70.2%]",,,,
3,weights,21,76,0.1,0.6619778347166279,0.9645253345370293,0.0001111111111111111,68.3,"[65.4%, 64.0%, 75.6%, 68.2%]",,,,
3,weights,22,77,0.1,0.6674893223032167,0.9479884849861264,0.0001111111111111111,68.6,"[65.4%, 64.0%, 75.6%, 69.4%]",,,,
3,weights,23,78,0.1,0.6613850921769685,0.9681049566715956,0.0001111111111111111,68.55,"[65.4%, 64.0%, 75.6%, 69.2%]",,,,
3,weights,24,79,0.1,0.6569304390798641,0.9569633863866329,0.0001111111111111111,68.6,"[65.4%, 64.0%, 75.6%, 69.4%]",,,,
3,weights,25,80,0.1,0.6432981508064873,1.0149565748870373,0.0001111111111111111,68.125,"[65.4%, 64.0%, 75.6%, 67.5%]",53.849999999999994,"[32.9%, 44.9%, 75.6%, 62.0%]",62.5,"[53.4%, 58.5%, 70.6%, 67.5%]"
4,parallel,1,1,0.5,4.7320823337458355,2.3789443373680115,0.0001111111111111111,56.5,"[65.4%, 64.0%, 75.6%, 67.5%, 10.0%]",,,,
4,parallel,2,2,0.5,2.344561905800542,2.3086762875318527,0.0001111111111111111,56.82000000000001,"[65.4%, 64.0%, 75.6%, 67.5%, 11.6%]",,,,
4,parallel,3,3,0.5,2.1968527926674373,2.0620094686746597,0.0001111111111111111,58.44,"[65.4%, 64.0%, 75.6%, 67.5%, 19.7%]",,,,
4,parallel,4,4,0.5,1.9256765419923807,1.8698683194816113,0.0001111111111111111,60.92,"[65.4%, 64.0%, 75.6%, 67.5%, 32.1%]",,,,
4,parallel,5,5,0.4899375100144209,1.6842404890664016,1.6530573852360249,0.0001111111111111111,62.839999999999996,"[65.4%, 64.0%, 75.6%, 67.5%, 41.7%]",,,,
4,parallel,6,6,0.4743000416599904,1.5295276656935486,1.47206624224782,0.0001111111111111111,64.28,"[65.4%, 64.0%, 75.6%, 67.5%, 48.9%]",,,,
4,parallel,7,7,0.45898257330556,1.3408849058271963,1.3161248303949833,0.0001111111111111111,65.28,"[65.4%, 64.0%, 75.6%, 67.5%, 53.9%]",,,,
4,parallel,8,8,0.44398510495112964,1.222583921649788,1.275553297251463,0.0001111111111111111,66.0,"[65.4%, 64.0%, 75.6%, 67.5%, 57.5%]",,,,
4,parallel,9,9,0.42930763659669924,1.144386956963358,1.1240995358675718,0.0001111111111111111,67.16,"[65.4%, 64.0%, 75.6%, 67.5%, 63.3%]",,,,
4,parallel,10,10,0.4149501682422688,1.0486468084250824,1.134104736149311,0.0001111111111111111,66.84,"[65.4%, 64.0%, 75.6%, 67.5%, 61.7%]",,,,
4,parallel,11,11,0.4009126998878385,0.9965361922602111,1.0945026073604822,0.0001111111111111111,67.36,"[65.4%, 64.0%, 75.6%, 67.5%, 64.3%]",,,,
4,parallel,12,12,0.3871952315334082,0.9018937009799329,1.0554742999374866,0.0001111111111111111,67.66,"[65.4%, 64.0%, 75.6%, 67.5%, 65.8%]",,,,
4,parallel,13,13,0.3737977631789777,0.8672554040256935,0.9707381445914507,0.0001111111111111111,67.97999999999999,"[65.4%, 64.0%, 75.6%, 67.5%, 67.4%]",,,,
4,parallel,14,14,0.36072029482454737,0.8614930933034872,0.9279977958649397,0.0001111111111111111,68.42,"[65.4%, 64.0%, 75.6%, 67.5%, 69.6%]",,,,
4,parallel,15,15,0.34796282647011695,0.795919777471808,0.9159222636371851,0.0001111111111111111,68.46000000000001,"[65.4%, 64.0%, 75.6%, 67.5%, 69.8%]",,,,
4,parallel,16,16,0.33552535811568657,0.7847812526588198,0.9192550145089626,0.0001111111111111111,68.7,"[65.4%, 64.0%, 75.6%, 67.5%, 71.0%]",,,,
4,parallel,17,17,0.32340788976125623,0.7660420816155928,0.882436228916049,0.0001111111111111111,69.08,"[65.4%, 64.0%, 75.6%, 67.5%, 72.9%]",,,,
4,parallel,18,18,0.3116104214068258,0.7371276371841189,0.9087881799787283,0.0001111111111111111,68.64,"[65.4%, 64.0%, 75.6%, 67.5%, 70.7%]",,,,
4,parallel,19,19,0.3001329530523955,0.7185324400286132,1.0169859183952212,0.0001111111111111111,67.86,"[65.4%, 64.0%, 75.6%, 67.5%, 66.8%]",,,,
4,parallel,20,20,0.2889754846979651,0.751253974965856,0.8877217024564743,0.0001111111111111111,68.74,"[65.4%, 64.0%, 75.6%, 67.5%, 71.2%]",,,,
4,parallel,21,21,0.2781380163435347,0.7201844001118141,0.8302640616893768,0.0001111111111111111,69.22,"[65.4%, 64.0%, 75.6%, 67.5%, 73.6%]",,,,
4,parallel,22,22,0.2676205479891044,0.7212153099760225,0.9524010727182031,0.0001111111111111111,68.62,"[65.4%, 64.0%, 75.6%, 67.5%, 70.6%]",,,,
4,parallel,23,23,0.257423079634674,0.7354719608644896,0.884097270667553,0.0001111111111111111,69.06,"[65.4%, 64.0%, 75.6%, 67.5%, 72.8%]",,,,
4,parallel,24,24,0.24754561128024358,0.7069331509403035,0.8689799718558788,0.0001111111111111111,68.96000000000001,"[65.4%, 64.0%, 75.6%, 67.5%, 72.3%]",,,,
4,parallel,25,25,0.2379881429258132,0.7168961254101766,0.8659652350470424,0.0001111111111111111,68.92,"[65.4%, 64.0%, 75.6%, 67.5%, 72.1%]",,,,
4,parallel,26,26,0.2287506745713828,0.7506403194952614,0.9090750385075808,0.0001111111111111111,68.56,"[65.4%, 64.0%, 75.6%, 67.5%, 70.3%]",,,,
4,parallel,27,27,0.21983320621695243,0.7183435506458524,0.8411287162452936,0.0001111111111111111,68.96000000000001,"[65.4%, 64.0%, 75.6%, 67.5%, 72.3%]",,,,
4,parallel,28,28,0.21123573786252203,0.7292932222915601,0.8602936360985041,0.0001111111111111111,68.7,"[65.4%, 64.0%, 75.6%, 67.5%, 71.0%]",,,,
4,parallel,29,29,0.20295826950809165,0.7446430642393571,0.8573420941829681,0.0001111111111111111,69.08,"[65.4%, 64.0%, 75.6%, 67.5%, 72.9%]",,,,
4,parallel,30,30,0.1950008011536613,0.7568598431122454,0.8713760226964951,0.0001111111111111111,68.7,"[65.4%, 64.0%, 75.6%, 67.5%, 71.0%]",,,,
4,parallel,31,31,0.1873633327992309,0.7376039288466489,0.9915785472840071,0.0001111111111111111,67.74,"[65.4%, 64.0%, 75.6%, 67.5%, 66.2%]",,,,
4,parallel,32,32,0.18004586444480053,0.7599096750911278,0.9277166798710823,0.0001111111111111111,68.2,"[65.4%, 64.0%, 75.6%, 67.5%, 68.5%]",,,,
4,parallel,33,33,0.17304839609037015,0.7618567192856269,0.8901067543774843,0.0001111111111111111,68.5,"[65.4%, 64.0%, 75.6%, 67.5%, 70.0%]",,,,
4,parallel,34,34,0.16637092773593976,0.8547408678863622,0.8773180171847343,0.0001111111111111111,68.82000000000001,"[65.4%, 64.0%, 75.6%, 67.5%, 71.6%]",,,,
4,parallel,35,35,0.16001345938150938,0.8200005617322801,0.8643448147922754,0.0001111111111111111,68.97999999999999,"[65.4%, 64.0%, 75.6%, 67.5%, 72.4%]",,,,
4,parallel,36,36,0.153975991027079,0.8807583964323695,1.0252639465034008,0.0001111111111111111,67.82000000000001,"[65.4%, 64.0%, 75.6%, 67.5%, 66.6%]",,,,
4,parallel,37,37,0.14825852267264863,0.8762201259407816,1.019367229193449,0.0001111111111111111,67.82000000000001,"[65.4%, 64.0%, 75.6%, 67.5%, 66.6%]",,,,
4,parallel,38,38,0.14286105431821824,0.8473403627359415,0.9539953954517841,0.0001111111111111111,68.3,"[65.4%, 64.0%, 75.6%, 67.5%, 69.0%]",,,,
4,parallel,39,39,0.13778358596378787,1.0298519489131397,1.0269657783210278,0.0001111111111111111,67.88,"[65.4%, 64.0%, 75.6%, 67.5%, 66.9%]",,,,
4,parallel,40,40,0.13302611760935748,0.9253961338272577,0.974448325112462,0.0001111111111111111,68.36,"[65.4%, 64.0%, 75.6%, 67.5%, 69.3%]",,,,
4,parallel,41,41,0.12858864925492708,0.8876738578458375,1.0698911137878895,0.0001111111111111111,67.62,"[65.4%, 64.0%, 75.6%, 67.5%, 65.6%]",,,,
4,parallel,42,42,0.12447118090049673,0.9912046895751471,1.0929023139178753,0.0001111111111111111,67.3,"[65.4%, 64.0%, 75.6%, 67.5%, 64.0%]",,,,
4,parallel,43,43,0.12067371254606635,0.9498352706432343,1.104151053354144,0.0001111111111111111,67.28,"[65.4%, 64.0%, 75.6%, 67.5%, 63.9%]",,,,
4,parallel,44,44,0.11719624419163596,0.8850593446176264,0.9961760547012091,0.0001111111111111111,68.2,"[65.4%, 64.0%, 75.6%, 67.5%, 68.5%]",,,,
4,parallel,45,45,0.11403877583720558,1.108031284205521,1.160321805626154,0.0001111111111111111,66.66,"[65.4%, 64.0%, 75.6%, 67.5%, 60.8%]",,,,
4,parallel,46,46,0.11120130748277521,0.9623900719835788,1.036494929343462,0.0001111111111111111,67.82000000000001,"[65.4%, 64.0%, 75.6%, 67.5%, 66.6%]",,,,
4,parallel,47,47,0.10868383912834481,1.1553082202054277,1.2694026958197355,0.0001111111111111111,65.92,"[65.4%, 64.0%, 75.6%, 67.5%, 57.1%]",,,,
4,parallel,48,48,0.10648637077391443,1.0518980592111997,1.170665916055441,0.0001111111111111111,66.72,"[65.4%, 64.0%, 75.6%, 67.5%, 61.1%]",,,,
4,parallel,49,49,0.10460890241948406,0.9928258778173712,1.0768593028187752,0.0001111111111111111,67.58,"[65.4%, 64.0%, 75.6%, 67.5%, 65.4%]",,,,
4,parallel,50,50,0.10305143406505368,0.9613640368739261,1.0115412380546331,0.0001111111111111111,68.16,"[65.4%, 64.0%, 75.6%, 67.5%, 68.3%]",,,,
4,parallel,51,51,0.1018139657106233,0.906446942800208,1.0962372291833162,0.0001111111111111111,67.1,"[65.4%, 64.0%, 75.6%, 67.5%, 63.0%]",,,,
4,parallel,52,52,0.10089649735619292,0.9788780265216586,1.0401284657418728,0.0001111111111111111,67.7,"[65.4%, 64.0%, 75.6%, 67.5%, 66.0%]",,,,
4,parallel,53,53,0.10029902900176255,0.8856107811384564,1.0072107762098312,0.0001111111111111111,68.02000000000001,"[65.4%, 64.0%, 75.6%, 67.5%, 67.6%]",,,,
4,parallel,54,54,0.10002156064733217,0.8528894295420828,1.0532819032669067,0.0001111111111111111,67.58,"[65.4%, 64.0%, 75.6%, 67.5%, 65.4%]",,,,
4,parallel,55,55,0.1,0.8338283104232594,0.9481642264872789,0.0001111111111111111,68.2,"[65.4%, 64.0%, 75.6%, 67.5%, 68.5%]",,,,
4,weights,1,56,0.1,0.7977813105039959,0.9429435096681118,0.0001111111111111111,68.38,"[65.4%, 64.0%, 75.6%, 67.5%, 69.4%]",,,,
4,weights,2,57,0.1,0.806897170936005,0.9739336688071489,0.0001111111111111111,68.28,"[65.4%, 64.0%, 75.6%, 67.5%, 68.9%]",,,,
4,weights,3,58,0.1,0.7756002281285539,0.9248634111136198,0.0001111111111111111,68.74,"[65.4%, 64.0%, 75.6%, 67.5%, 71.2%]",,,,
4,weights,4,59,0.1,0.7711588845977301,0.8901628348976374,0.0001111111111111111,68.56,"[65.4%, 64.0%, 75.6%, 67.5%, 70.3%]",,,,
4,weights,5,60,0.1,0.7547752781759335,0.9196777511388063,0.0001111111111111111,68.64,"[65.4%, 64.0%, 75.6%, 67.5%, 70.7%]",,,,
4,weights,6,61,0.1,0.7413006108018416,0.9811495095491409,0.0001111111111111111,68.1,"[65.4%, 64.0%, 75.6%, 67.5%, 68.0%]",,,,
4,weights,7,62,0.1,0.7273909951312633,0.9017808437347412,0.0001111111111111111,68.86,"[65.4%, 64.0%, 75.6%, 67.5%, 71.8%]",,,,
4,weights,8,63,0.1,0.6984957139703292,0.8863965924829245,0.0001111111111111111,68.76,"[65.4%, 64.0%, 75.6%, 67.5%, 71.3%]",,,,
4,weights,9,64,0.1,0.6929754973212375,0.8553017228841782,0.0001111111111111111,69.03999999999999,"[65.4%, 64.0%, 75.6%, 67.5%, 72.7%]",,,,
4,weights,10,65,0.1,0.703795568852485,0.8420844301581383,0.0001111111111111111,69.17999999999999,"[65.4%, 64.0%, 75.6%, 67.5%, 73.4%]",,,,
4,weights,11,66,0.1,0.6712396356123912,0.9395769611001015,0.0001111111111111111,68.47999999999999,"[65.4%, 64.0%, 75.6%, 67.5%, 69.9%]",,,,
4,weights,12,67,0.1,0.6561787924434566,0.8473236802965403,0.0001111111111111111,69.06,"[65.4%, 64.0%, 75.6%, 67.5%, 72.8%]",,,,
4,weights,13,68,0.1,0.663689586935164,0.8942505326122046,0.0001111111111111111,68.66,"[65.4%, 64.0%, 75.6%, 67.5%, 70.8%]",,,,
4,weights,14,69,0.1,0.67668938900851,0.8886783421039581,0.0001111111111111111,68.86,"[65.4%, 64.0%, 75.6%, 67.5%, 71.8%]",,,,
4,weights,15,70,0.1,0.6466676076001758,0.8811831641942263,0.0001111111111111111,68.7,"[65.4%, 64.0%, 75.6%, 67.5%, 71.0%]",,,,
4,weights,16,71,0.1,0.6275399587576902,0.8300945833325386,0.0001111111111111111,69.3,"[65.4%, 64.0%, 75.6%, 67.5%, 74.0%]",,,,
4,weights,17,72,0.1,0.6423738900619217,0.8769868202507496,0.0001111111111111111,68.58,"[65.4%, 64.0%, 75.6%, 67.5%, 70.4%]",,,,
4,weights,18,73,0.1,0.6461734792476967,0.8429399095475674,0.0001111111111111111,69.0,"[65.4%, 64.0%, 75.6%, 67.5%, 72.5%]",,,,
4,weights,19,74,0.1,0.6037883935849878,0.8828893974423409,0.0001111111111111111,68.84,"[65.4%, 64.0%, 75.6%, 67.5%, 71.7%]",,,,
4,weights,20,75,0.1,0.5860998589026777,0.8717078045010567,0.0001111111111111111,68.78,"[65.4%, 64.0%, 75.6%, 67.5%, 71.4%]",,,,
4,weights,21,76,0.1,0.6082267595242851,0.8867146521806717,0.0001111111111111111,68.86,"[65.4%, 64.0%, 75.6%, 67.5%, 71.8%]",,,,
4,weights,22,77,0.1,0.5905383946020392,0.8259916976094246,0.0001111111111111111,69.03999999999999,"[65.4%, 64.0%, 75.6%, 67.5%, 72.7%]",,,,
4,weights,23,78,0.1,0.5920349129393131,0.8970191609114408,0.0001111111111111111,68.53999999999999,"[65.4%, 64.0%, 75.6%, 67.5%, 70.2%]",,,,
4,weights,24,79,0.1,0.5868555299843414,0.8233871087431908,0.0001111111111111111,69.16,"[65.4%, 64.0%, 75.6%, 67.5%, 73.3%]",,,,
4,weights,25,80,0.1,0.5807979967020735,0.8139713294804096,0.0001111111111111111,69.12,"[65.4%, 64.0%, 75.6%, 67.5%, 73.1%]",54.56,"[28.7%, 44.9%, 75.6%, 62.0%, 61.6%]",62.32000000000001,"[53.4%, 58.5%, 70.6%, 67.5%, 61.6%]"
5,parallel,1,1,0.5,6.1808955941019175,2.4942499101161957,0.0001111111111111111,59.26666666666667,"[65.4%, 64.0%, 75.6%, 67.5%, 73.1%, 10.0%]",,,,
5,parallel,2,2,0.5,2.3703031147582623,2.3271839916706085,0.0001111111111111111,59.26666666666667,"[65.4%, 64.0%, 75.6%, 67.5%, 73.1%, 10.0%]",,,,
5,parallel,3,3,0.5,2.3070789590666565,2.1850051134824753,0.0001111111111111111,61.06666666666667,"[65.4%, 64.0%, 75.6%, 67.5%, 73.1%, 20.8%]",,,,
5,parallel,4,4,0.5,1.9014170124560972,1.7413669377565384,0.0001111111111111111,63.1,"[65.4%, 64.0%, 75.6%, 67.5%, 73.1%, 33.0%]",,,,
5,parallel,5,5,0.4899375100144209,1.649212757243386,1.636322170495987,0.0001111111111111111,63.95000000000001,"[65.4%, 64.0%, 75.6%, 67.5%, 73.1%, 38.1%]",,,,
5,parallel,6,6,0.4743000416599904,1.5182998995237713,1.5083391778171062,0.0001111111111111111,64.16666666666667,"[65.4%, 64.0%, 75.6%, 67.5%, 73.1%, 39.4%]",,,,
5,parallel,7,7,0.45898257330556,1.3485832772677457,1.3928486239165068,0.0001111111111111111,65.71666666666667,"[65.4%, 64.0%, 75.6%, 67.5%, 73.1%, 48.7%]",,,,
5,parallel,8,8,0.44398510495112964,1.2265073936196822,1.2510908730328083,0.0001111111111111111,66.88333333333334,"[65.4%, 64.0%, 75.6%, 67.5%, 73.1%, 55.7%]",,,,
5,parallel,9,9,0.42930763659669924,1.1314947114715093,1.1787272654473782,0.0001111111111111111,67.45,"[65.4%, 64.0%, 75.6%, 67.5%, 73.1%, 59.1%]",,,,
5,parallel,10,10,0.4149501682422688,1.070185436478144,1.1015326334163547,0.0001111111111111111,67.88333333333334,"[65.4%, 64.0%, 75.6%, 67.5%, 73.1%, 61.7%]",,,,
5,parallel,11,11,0.4009126998878385,0.9976528581184677,1.0921959029510617,0.0001111111111111111,67.78333333333335,"[65.4%, 64.0%, 75.6%, 67.5%, 73.1%, 61.1%]",,,,
5,parallel,12,12,0.3871952315334082,0.9470664206184919,1.1301745641976595,0.0001111111111111111,67.78333333333335,"[65.4%, 64.0%, 75.6%, 67.5%, 73.1%, 61.1%]",,,,
5,parallel,13,13,0.3737977631789777,0.9221247381801847,1.1372408596798778,0.0001111111111111111,67.5,"[65.4%, 64.0%, 75.6%, 67.5%, 73.1%, 59.4%]",,,,
5,parallel,14,14,0.36072029482454737,0.8797618580769889,1.1379421204328537,0.0001111111111111111,67.66666666666667,"[65.4%, 64.0%, 75.6%, 67.5%, 73.1%, 60.4%]",,,,
5,parallel,15,15,0.34796282647011695,0.8428145699863192,0.8883102452382445,0.0001111111111111111,68.95,"[65.4%, 64.0%, 75.6%, 67.5%, 73.1%, 68.1%]",,,,
5,parallel,16,16,0.33552535811568657,0.825419700598415,0.893300705589354,0.0001111111111111111,68.96666666666667,"[65.4%, 64.0%, 75.6%, 67.5%, 73.1%, 68.2%]",,,,
5,parallel,17,17,0.32340788976125623,0.8257077268407315,0.8784551071003079,0.0001111111111111111,69.08333333333333,"[65.4%, 64.0%, 75.6%, 67.5%, 73.1%, 68.9%]",,,,
5,parallel,18,18,0.3116104214068258,0.7869804576982425,0.9547799853608012,0.0001111111111111111,68.83333333333333,"[65.4%, 64.0%, 75.6%, 67.5%, 73.1%, 67.4%]",,,,
5,parallel,19,19,0.3001329530523955,0.7904565462583228,0.8390189781785011,0.0001111111111111111,69.48333333333333,"[65.4%, 64.0%, 75.6%, 67.5%, 73.1%, 71.3%]",,,,
5,parallel,20,20,0.2889754846979651,0.764428125152105,0.859240235760808,0.0001111111111111111,69.55,"[65.4%, 64.0%, 75.6%, 67.5%, 73.1%, 71.7%]",,,,
5,parallel,21,21,0.2781380163435347,0.7665642756450025,0.9628206384368241,0.0001111111111111111,68.65,"[65.4%, 64.0%, 75.6%, 67.5%, 73.1%, 66.3%]",,,,
5,parallel,22,22,0.2676205479891044,0.7564883899839618,0.8763211537152529,0.0001111111111111111,69.21666666666667,"[65.4%, 64.0%, 75.6%, 67.5%, 73.1%, 69.7%]",,,,
5,parallel,23,23,0.257423079634674,0.7893846559373638,0.8214708771556616,0.0001111111111111111,69.55,"[65.4%, 64.0%, 75.6%, 67.5%, 73.1%, 71.7%]",,,,
5,parallel,24,24,0.24754561128024358,0.7562841127944898,0.8518458474427462,0.0001111111111111111,69.23333333333333,"[65.4%, 64.0%, 75.6%, 67.5%, 73.1%, 69.8%]",,,,
5,parallel,25,25,0.2379881429258132,0.7467879532258722,0.9193597873672843,0.0001111111111111111,69.06666666666668,"[65.4%, 64.0%, 75.6%, 67.5%, 73.1%, 68.8%]",,,,
5,parallel,26,26,0.2287506745713828,0.7420554112029981,0.8250621762126684,0.0001111111111111111,69.38333333333334,"[65.4%, 64.0%, 75.6%, 67.5%, 73.1%, 70.7%]",,,,
5,parallel,27,27,0.21983320621695243,0.709106663737116,0.8171509243547916,0.0001111111111111111,69.58333333333333,"[65.4%, 64.0%, 75.6%, 67.5%, 73.1%, 71.9%]",,,,
5,parallel,28,28,0.21123573786252203,0.7325586227676536,0.8376124538481236,0.0001111111111111111,69.61666666666667,"[65.4%, 64.0%, 75.6%, 67.5%, 73.1%, 72.1%]",,,,
5,parallel,29,29,0.20295826950809165,0.7451605291306218,0.926245266571641,0.0001111111111111111,68.8,"[65.4%, 64.0%, 75.6%, 67.5%, 73.1%, 67.2%]",,,,
5,parallel,30,30,0.1950008011536613,0.7414394779295861,0.8781115850433707,0.0001111111111111111,69.3,"[65.4%, 64.0%, 75.6%, 67.5%, 73.1%, 70.2%]",,,,
5,parallel,31,31,0.1873633327992309,0.7804763701897633,0.9188495948910713,0.0001111111111111111,68.71666666666667,"[65.4%, 64.0%, 75.6%, 67.5%, 73.1%, 66.7%]",,,,
5,parallel,32,32,0.18004586444480053,0.7760059116761896,0.8403401020914316,0.0001111111111111111,69.06666666666668,"[65.4%, 64.0%, 75.6%, 67.5%, 73.1%, 68.8%]",,,,
5,parallel,33,33,0.17304839609037015,0.7479188898696175,0.8484617033973336,0.0001111111111111111,69.56666666666668,"[65.4%, 64.0%, 75.6%, 67.5%, 73.1%, 71.8%]",,,,
5,parallel,34,34,0.16637092773593976,0.8339886469177052,0.8474457357078791,0.0001111111111111111,69.43333333333334,"[65.4%, 64.0%, 75.6%, 67.5%, 73.1%, 71.0%]",,,,
5,parallel,35,35,0.16001345938150938,0.7969577467139763,0.8696823436766863,0.0001111111111111111,69.23333333333333,"[65.4%, 64.0%, 75.6%, 67.5%, 73.1%, 69.8%]",,,,
5,parallel,36,36,0.153975991027079,0.8413953260530399,1.0103093348443508,0.0001111111111111111,68.56666666666668,"[65.4%, 64.0%, 75.6%, 67.5%, 73.1%, 65.8%]",,,,
5,parallel,37,37,0.14825852267264863,0.823645709436151,0.92167735286057,0.0001111111111111111,68.93333333333334,"[65.4%, 64.0%, 75.6%, 67.5%, 73.1%, 68.0%]",,,,
5,parallel,38,38,0.14286105431821824,0.7907868955708757,0.8694820292294025,0.0001111111111111111,69.28333333333335,"[65.4%, 64.0%, 75.6%, 67.5%, 73.1%, 70.1%]",,,,
5,parallel,39,39,0.13778358596378787,0.9027773534195332,0.958574678748846,0.0001111111111111111,68.7,"[65.4%, 64.0%, 75.6%, 67.5%, 73.1%, 66.6%]",,,,
5,parallel,40,40,0.13302611760935748,0.8239681320854381,0.9749877471476793,0.0001111111111111111,68.96666666666667,"[65.4%, 64.0%, 75.6%, 67.5%, 73.1%, 68.2%]",,,,
5,parallel,41,41,0.12858864925492708,0.8504109544844567,0.9985851207748055,0.0001111111111111111,68.61666666666667,"[65.4%, 64.0%, 75.6%, 67.5%, 73.1%, 66.1%]",,,,
5,parallel,42,42,0.12447118090049673,0.9138017145893241,1.07342310808599,0.0001111111111111111,68.0,"[65.4%, 64.0%, 75.6%, 67.5%, 73.1%, 62.4%]",,,,
5,parallel,43,43,0.12067371254606635,0.9041424635090406,1.0403694417327642,0.0001111111111111111,68.43333333333334,"[65.4%, 64.0%, 75.6%, 67.5%, 73.1%, 65.0%]",,,,
5,parallel,44,44,0.11719624419163596,0.8313233769392665,0.986034844070673,0.0001111111111111111,68.85000000000001,"[65.4%, 64.0%, 75.6%, 67.5%, 73.1%, 67.5%]",,,,
5,parallel,45,45,0.11403877583720558,0.8830450546892383,0.9623472802340984,0.0001111111111111111,68.78333333333335,"[65.4%, 64.0%, 75.6%, 67.5%, 73.1%, 67.1%]",,,,
5,parallel,46,46,0.11120130748277521,0.8240980460673948,0.9266089489683509,0.0001111111111111111,68.9,"[65.4%, 64.0%, 75.6%, 67.5%, 73.1%, 67.8%]",,,,
5,parallel,47,47,0.10868383912834481,1.0101980951767933,1.126754293218255,0.0001111111111111111,67.93333333333334,"[65.4%, 64.0%, 75.6%, 67.5%, 73.1%, 62.0%]",,,,
5,parallel,48,48,0.10648637077391443,0.9135628312448912,1.023237831890583,0.0001111111111111111,68.5,"[65.4%, 64.0%, 75.6%, 67.5%, 73.1%, 65.4%]",,,,
5,parallel,49,49,0.10460890241948406,0.8823411298703544,0.9566999040544033,0.0001111111111111111,68.81666666666668,"[65.4%, 64.0%, 75.6%, 67.5%, 73.1%, 67.3%]",,,,
5,parallel,50,50,0.10305143406505368,0.840012321743784,0.9608057253062725,0.0001111111111111111,69.0,"[65.4%, 64.0%, 75.6%, 67.5%, 73.1%, 68.4%]",,,,
5,parallel,51,51,0.1018139657106233,0.7967271782174895,1.0449443785473704,0.0001111111111111111,68.60000000000001,"[65.4%, 64.0%, 75.6%, 67.5%, 73.1%, 66.0%]",,,,
5,parallel,52,52,0.10089649735619292,0.8909059559242635,1.0246038679033518,0.0001111111111111111,68.65,"[65.4%, 64.0%, 75.6%, 67.5%, 73.1%, 66.3%]",,,,
5,parallel,53,53,0.10029902900176255,0.8017709462703029,0.9877716097980738,0.0001111111111111111,68.66666666666667,"[65.4%, 64.0%, 75.6%, 67.5%, 73.1%, 66.4%]",,,,
5,parallel,54,54,0.10002156064733217,0.7785698680938045,0.928022526204586,0.0001111111111111111,68.88333333333334,"[65.4%, 64.0%, 75.6%, 67.5%, 73.1%, 67.7%]",,,,
5,parallel,55,55,0.1,0.7729466429239586,0.9478041352704167,0.0001111111111111111,68.95,"[65.4%, 64.0%, 75.6%, 67.5%, 73.1%, 68.1%]",,,,
5,weights,1,56,0.1,0.7656117323078687,1.001494680531323,0.0001111111111111111,68.83333333333333,"[65.4%, 64.0%, 75.6%, 67.5%, 73.1%, 67.4%]",,,,
5,weights,2,57,0.1,0.7308434142342096,0.9149664267897606,0.0001111111111111111,69.3,"[65.4%, 64.0%, 75.6%, 67.5%, 73.1%, 70.2%]",,,,
5,weights,3,58,0.1,0.6882817537724217,0.926237290725112,0.0001111111111111111,69.10000000000001,"[65.4%, 64.0%, 75.6%, 67.5%, 73.1%, 69.0%]",,,,
5,weights,4,59,0.1,0.7096974091439308,0.9391815718263388,0.0001111111111111111,69.16666666666667,"[65.4%, 64.0%, 75.6%, 67.5%, 73.1%, 69.4%]",,,,
5,weights,5,60,0.1,0.6859428916550889,0.8534474894404411,0.0001111111111111111,69.48333333333333,"[65.4%, 64.0%, 75.6%, 67.5%, 73.1%, 71.3%]",,,,
5,weights,6,61,0.1,0.6852547416958628,0.9144970392808318,0.0001111111111111111,69.25,"[65.4%, 64.0%, 75.6%, 67.5%, 73.1%, 69.9%]",,,,
5,weights,7,62,0.1,0.6664670773699314,0.8981829974800348,0.0001111111111111111,69.08333333333333,"[65.4%, 64.0%, 75.6%, 67.5%, 73.1%, 68.9%]",,,,
5,weights,8,63,0.1,0.6440238465991202,0.856100220233202,0.0001111111111111111,69.31666666666668,"[65.4%, 64.0%, 75.6%, 67.5%, 73.1%, 70.3%]",,,,
5,weights,9,64,0.1,0.6502288406408285,0.8680112436413765,0.0001111111111111111,69.45,"[65.4%, 64.0%, 75.6%, 67.5%, 73.1%, 71.1%]",,,,
5,weights,10,65,0.1,0.6390442188027539,0.8568483293056488,0.0001111111111111111,69.38333333333334,"[65.4%, 64.0%, 75.6%, 67.5%, 73.1%, 70.7%]",,,,
5,weights,11,66,0.1,0.6340850278546538,0.8525363113731146,0.0001111111111111111,69.61666666666667,"[65.4%, 64.0%, 75.6%, 67.5%, 73.1%, 72.1%]",,,,
5,weights,12,67,0.1,0.6150831263276595,0.877530625090003,0.0001111111111111111,69.38333333333334,"[65.4%, 64.0%, 75.6%, 67.5%, 73.1%, 70.7%]",,,,
5,weights,13,68,0.1,0.6218899386593059,0.8058176999911666,0.0001111111111111111,69.78333333333335,"[65.4%, 64.0%, 75.6%, 67.5%, 73.1%, 73.1%]",,,,
5,weights,14,69,0.1,0.6015561875663226,0.8097427245229483,0.0001111111111111111,69.7,"[65.4%, 64.0%, 75.6%, 67.5%, 73.1%, 72.6%]",,,,
5,weights,15,70,0.1,0.5975864665417732,0.812133701518178,0.0001111111111111111,69.71666666666667,"[65.4%, 64.0%, 75.6%, 67.5%, 73.1%, 72.7%]",,,,
5,weights,16,71,0.1,0.5813497557670255,0.8212296348065138,0.0001111111111111111,69.43333333333334,"[65.4%, 64.0%, 75.6%, 67.5%, 73.1%, 71.0%]",,,,
5,weights,17,72,0.1,0.5795504431935805,0.8140087341889739,0.0001111111111111111,69.68333333333334,"[65.4%, 64.0%, 75.6%, 67.5%, 73.1%, 72.5%]",,,,
5,weights,18,73,0.1,0.591376088842561,0.8608329147100449,0.0001111111111111111,69.43333333333334,"[65.4%, 64.0%, 75.6%, 67.5%, 73.1%, 71.0%]",,,,
5,weights,19,74,0.1,0.5716499380673035,0.8224115706980228,0.0001111111111111111,69.78333333333335,"[65.4%, 64.0%, 75.6%, 67.5%, 73.1%, 73.1%]",,,,
5,weights,20,75,0.1,0.5781860510005227,0.8058780711144209,0.0001111111111111111,69.85000000000001,"[65.4%, 64.0%, 75.6%, 67.5%, 73.1%, 73.5%]",,,,
5,weights,21,76,0.1,0.5612125475949878,0.866472415626049,0.0001111111111111111,69.45,"[65.4%, 64.0%, 75.6%, 67.5%, 73.1%, 71.1%]",,,,
5,weights,22,77,0.1,0.553445041179657,0.796395224519074,0.0001111111111111111,69.75,"[65.4%, 64.0%, 75.6%, 67.5%, 73.1%, 72.9%]",,,,
5,weights,23,78,0.1,0.5291181101074701,0.7909693643450737,0.0001111111111111111,69.71666666666667,"[65.4%, 64.0%, 75.6%, 67.5%, 73.1%, 72.7%]",,,,
5,weights,24,79,0.1,0.539492179698582,0.7980287624523044,0.0001111111111111111,69.86666666666667,"[65.4%, 64.0%, 75.6%, 67.5%, 73.1%, 73.6%]",,,,
5,weights,25,80,0.1,0.5380872703051265,0.9178336714394391,0.0001111111111111111,69.51666666666667,"[65.4%, 64.0%, 75.6%, 67.5%, 73.1%, 71.5%]",52.76666666666667,"[23.7%, 40.7%, 72.4%, 62.0%, 61.6%, 56.2%]",58.76666666666667,"[53.4%, 50.1%, 67.4%, 67.5%, 61.6%, 52.6%]"
6,parallel,1,1,0.4,8.630669593811035,4.682237237691879,0.0001111111111111111,59.58571428571429,"[65.4%, 64.0%, 75.6%, 67.5%, 73.1%, 71.5%, 0.0%]",,,,
6,parallel,2,2,0.4,3.245937000347089,2.3859264850616455,0.0001111111111111111,60.94285714285714,"[65.4%, 64.0%, 75.6%, 67.5%, 73.1%, 71.5%, 9.5%]",,,,
6,parallel,3,3,0.4,2.3514535728889174,2.344581425189972,0.0001111111111111111,61.01428571428572,"[65.4%, 64.0%, 75.6%, 67.5%, 73.1%, 71.5%, 10.0%]",,,,
6,parallel,4,4,0.4,2.3310634305205524,2.314425379037857,0.0001111111111111111,61.01428571428572,"[65.4%, 64.0%, 75.6%, 67.5%, 73.1%, 71.5%, 10.0%]",,,,
6,parallel,5,5,0.3924531325108157,2.3126559166968623,2.273847073316574,0.0001111111111111111,62.24285714285715,"[65.4%, 64.0%, 75.6%, 67.5%, 73.1%, 71.5%, 18.6%]",,,,
6,parallel,6,6,0.3807250312449929,2.0155531937562965,1.8774229437112808,0.0001111111111111111,63.98571428571429,"[65.4%, 64.0%, 75.6%, 67.5%, 73.1%, 71.5%, 30.8%]",,,,
6,parallel,7,7,0.36923692997917,1.7178362879572036,1.6409114859998226,0.0001111111111111111,64.85714285714286,"[65.4%, 64.0%, 75.6%, 67.5%, 73.1%, 71.5%, 36.9%]",,,,
6,parallel,8,8,0.35798882871334725,1.5536600079717515,1.4430534094572067,0.0001111111111111111,66.42857142857143,"[65.4%, 64.0%, 75.6%, 67.5%, 73.1%, 71.5%, 47.9%]",,,,
6,parallel,9,9,0.3469807274475245,1.32733261207991,1.3131733927875757,0.0001111111111111111,66.87142857142858,"[65.4%, 64.0%, 75.6%, 67.5%, 73.1%, 71.5%, 51.0%]",,,,
6,parallel,10,10,0.33621262618170167,1.1808492835563948,1.3509924672544003,0.0001111111111111111,67.07142857142857,"[65.4%, 64.0%, 75.6%, 67.5%, 73.1%, 71.5%, 52.4%]",,,,
6,parallel,11,11,0.32568452491587896,1.1202943626838395,1.1507324278354645,0.0001111111111111111,67.74285714285715,"[65.4%, 64.0%, 75.6%, 67.5%, 73.1%, 71.5%, 57.1%]",,,,
6,parallel,12,12,0.31539642365005616,1.0489136395575125,1.2172170281410217,0.0001111111111111111,67.85714285714286,"[65.4%, 64.0%, 75.6%, 67.5%, 73.1%, 71.5%, 57.9%]",,,,
6,parallel,13,13,0.3053483223842333,0.9933783743954911,1.2059137299656868,0.0001111111111111111,67.9857142857143,"[65.4%, 64.0%, 75.6%, 67.5%, 73.1%, 71.5%, 58.8%]",,,,
6,parallel,14,14,0.2955402211184105,0.9635245151157621,1.1290673092007637,0.0001111111111111111,68.22857142857143,"[65.4%, 64.0%, 75.6%, 67.5%, 73.1%, 71.5%, 60.5%]",,,,
6,parallel,15,15,0.28597211985258775,0.9265885051292709,1.0578904068097472,0.0001111111111111111,68.21428571428571,"[65.4%, 64.0%, 75.6%, 67.5%, 73.1%, 71.5%, 60.4%]",,,,
6,parallel,16,16,0.27664401858676496,0.9142216858984549,0.9600368672981858,0.0001111111111111111,68.92857142857143,"[65.4%, 64.0%, 75.6%, 67.5%, 73.1%, 71.5%, 65.4%]",,,,
6,parallel,17,17,0.2675559173209422,0.8520474396174467,0.956340754404664,0.0001111111111111111,69.15714285714286,"[65.4%, 64.0%, 75.6%, 67.5%, 73.1%, 71.5%, 67.0%]",,,,
6,parallel,18,18,0.2587078160551194,0.8767432091356833,0.9975901721045375,0.0001111111111111111,68.8,"[65.4%, 64.0%, 75.6%, 67.5%, 73.1%, 71.5%, 64.5%]",,,,
6,parallel,19,19,0.2500997147892966,0.8498390437681463,0.9945044070482254,0.0001111111111111111,68.9857142857143,"[65.4%, 64.0%, 75.6%, 67.5%, 73.1%, 71.5%, 65.8%]",,,,
6,parallel,20,20,0.24173161352347383,0.8683671242074121,1.005217437632382,0.0001111111111111111,68.58571428571429,"[65.4%, 64.0%, 75.6%, 67.5%, 73.1%, 71.5%, 63.0%]",,,,
6,parallel,21,21,0.23360351225765102,0.8146306208417385,0.9579721316695213,0.0001111111111111111,69.12857142857143,"[65.4%, 64.0%, 75.6%, 67.5%, 73.1%, 71.5%, 66.8%]",,,,
6,parallel,22,22,0.2257154109918283,0.7900549814670901,0.9803329147398472,0.0001111111111111111,68.9857142857143,"[65.4%, 64.0%, 75.6%, 67.5%, 73.1%, 71.5%, 65.8%]",,,,
6,parallel,23,23,0.2180673097260055,0.7887203610396083,0.953855449333787,0.0001111111111111111,68.91428571428573,"[65.4%, 64.0%, 75.6%, 67.5%, 73.1%, 71.5%, 65.3%]",,,,
6,parallel,24,24,0.2106592084601827,0.8127816806111154,0.9367190022021532,0.0001111111111111111,69.17142857142858,"[65.4%, 64.0%, 75.6%, 67.5%, 73.1%, 71.5%, 67.1%]",,,,
6,parallel,25,25,0.20349110719435992,0.7533788322647915,0.9184895511716604,0.0001111111111111111,69.42857142857143,"[65.4%, 64.0%, 75.6%, 67.5%, 73.1%, 71.5%, 68.9%]",,,,
6,parallel,26,26,0.1965630059285371,0.7915623376641092,0.9117040438577533,0.0001111111111111111,69.35714285714286,"[65.4%, 64.0%, 75.6%, 67.5%, 73.1%, 71.5%, 68.4%]",,,,
6,parallel,27,27,0.18987490466271434,0.7809591127347343,0.9090508660301566,0.0001111111111111111,69.34285714285714,"[65.4%, 64.0%, 75.6%, 67.5%, 73.1%, 71.5%, 68.3%]",,,,
6,parallel,28,28,0.18342680339689152,0.8314982780927345,0.9860240146517754,0.0001111111111111111,68.9857142857143,"[65.4%, 64.0%, 75.6%, 67.5%, 73.1%, 71.5%, 65.8%]",,,,
6,parallel,29,29,0.17721870213106874,0.776557865022104,0.8990634027868509,0.0001111111111111111,69.42857142857143,"[65.4%, 64.0%, 75.6%, 67.5%, 73.1%, 71.5%, 68.9%]",,,,
6,parallel,30,30,0.17125060086524596,0.8101055573059034,1.0142738306894898,0.0001111111111111111,69.07142857142857,"[65.4%, 64.0%, 75.6%, 67.5%, 73.1%, 71.5%, 66.4%]",,,,
6,parallel,31,31,0.16552249959942317,0.7700614378422121,0.8878553211688995,0.0001111111111111111,69.51428571428572,"[65.4%, 64.0%, 75.6%, 67.5%, 73.1%, 71.5%, 69.5%]",,,,
6,parallel,32,32,0.1600343983336004,0.7571536476099039,0.8562025558203459,0.0001111111111111111,69.78571428571429,"[65.4%, 64.0%, 75.6%, 67.5%, 73.1%, 71.5%, 71.4%]",,,,
6,parallel,33,33,0.1547862970677776,0.773931386727321,0.9381539057940245,0.0001111111111111111,69.22857142857143,"[65.4%, 64.0%, 75.6%, 67.5%, 73.1%, 71.5%, 67.5%]",,,,
6,parallel,34,34,0.1497781958019548,0.7768990646434736,0.9070999044924974,0.0001111111111111111,69.44285714285715,"[65.4%, 64.0%, 75.6%, 67.5%, 73.1%, 71.5%, 69.0%]",,,,
6,parallel,35,35,0.14501009453613203,0.7909166333796103,0.8937668185681105,0.0001111111111111111,69.51428571428572,"[65.4%, 64.0%, 75.6%, 67.5%, 73.1%, 71.5%, 69.5%]",,,,
6,parallel,36,36,0.14048199327030927,0.8114200426807886,0.9529761895537376,0.0001111111111111111,69.31428571428572,"[65.4%, 64.0%, 75.6%, 67.5%, 73.1%, 71.5%, 68.1%]",,,,
6,parallel,37,37,0.13619389200448648,0.8085066313985028,0.9070365130901337,0.0001111111111111111,69.52857142857144,"[65.4%, 64.0%, 75.6%, 67.5%, 73.1%, 71.5%, 69.6%]",,,,
6,parallel,38,38,0.1321457907386637,0.8284893775288062,0.9371014339849353,0.0001111111111111111,69.37142857142858,"[65.4%, 64.0%, 75.6%, 67.5%, 73.1%, 71.5%, 68.5%]",,,,
6,parallel,39,39,0.1283376894728409,0.8187728675105904,0.9240353014320135,0.0001111111111111111,69.31428571428572,"[65.4%, 64.0%, 75.6%, 67.5%, 73.1%, 71.5%, 68.1%]",,,,
6,parallel,40,40,0.12476958820701811,0.8639786137810236,1.0329219624400139,0.0001111111111111111,68.60000000000001,"[65.4%, 64.0%, 75.6%, 67.5%, 73.1%, 71.5%, 63.1%]",,,,
6,parallel,41,41,0.12144148694119532,0.8404202332979516,0.9189747478812933,0.0001111111111111111,69.31428571428572,"[65.4%, 64.0%, 75.6%, 67.5%, 73.1%, 71.5%, 68.1%]",,,,
6,parallel,42,42,0.11835338567537255,0.7994894672043716,0.9198840707540512,0.0001111111111111111,69.42857142857143,"[65.4%, 64.0%, 75.6%, 67.5%, 73.1%, 71.5%, 68.9%]",,,,
6,parallel,43,43,0.11550528440954977,0.8392003254045414,0.9751350414007902,0.0001111111111111111,69.02857142857144,"[65.4%, 64.0%, 75.6%, 67.5%, 73.1%, 71.5%, 66.1%]",,,,
6,parallel,44,44,0.11289718314372697,0.8073409561869465,0.9015719499439001,0.0001111111111111111,69.25714285714285,"[65.4%, 64.0%, 75.6%, 67.5%, 73.1%, 71.5%, 67.7%]",,,,
6,parallel,45,45,0.1105290818779042,0.7557904848569557,0.8674946865066886,0.0001111111111111111,69.58571428571429,"[65.4%, 64.0%, 75.6%, 67.5%, 73.1%, 71.5%, 70.0%]",,,,
6,parallel,46,46,0.10840098061208141,0.8971117991435377,0.9916541185230017,0.0001111111111111111,69.07142857142857,"[65.4%, 64.0%, 75.6%, 67.5%, 73.1%, 71.5%, 66.4%]",,,,
6,parallel,47,47,0.10651287934625861,0.8346262144137032,0.9384754467755556,0.0001111111111111111,69.35714285714286,"[65.4%, 64.0%, 75.6%, 67.5%, 73.1%, 71.5%, 68.4%]",,,,
6,parallel,48,48,0.10486477808043583,0.8094189265106297,0.9342025816440582,0.0001111111111111111,69.37142857142858,"[65.4%, 64.0%, 75.6%, 67.5%, 73.1%, 71.5%, 68.5%]",,,,
6,parallel,49,49,0.10345667681461305,0.7980768061891387,0.9178928900510073,0.0001111111111111111,69.28571428571429,"[65.4%, 64.0%, 75.6%, 67.5%, 73.1%, 71.5%, 67.9%]",,,,
6,parallel,50,50,0.10228857554879027,0.7676608038099506,0.9221580363810062,0.0001111111111111111,69.35714285714286,"[65.4%, 64.0%, 75.6%, 67.5%, 73.1%, 71.5%, 68.4%]",,,,
6,parallel,51,51,0.10136047428296747,0.8007214559784418,0.9900293294340372,0.0001111111111111111,68.84285714285714,"[65.4%, 64.0%, 75.6%, 67.5%, 73.1%, 71.5%, 64.8%]",,,,
6,parallel,52,52,0.1006723730171447,0.7811409227455719,0.9138854118064046,0.0001111111111111111,69.32857142857144,"[65.4%, 64.0%, 75.6%, 67.5%, 73.1%, 71.5%, 68.2%]",,,,
6,parallel,53,53,0.10022427175132191,0.7479907002630113,0.8904138915240765,0.0001111111111111111,69.44285714285715,"[65.4%, 64.0%, 75.6%, 67.5%, 73.1%, 71.5%, 69.0%]",,,,
6,parallel,54,54,0.10001617048549913,0.7227699681173397,0.9070539688691497,0.0001111111111111111,69.47142857142858,"[65.4%, 64.0%, 75.6%, 67.5%, 73.1%, 71.5%, 69.2%]",,,,
6,parallel,55,55,0.1,0.7211645975520339,0.8535455223172903,0.0001111111111111111,69.52857142857144,"[65.4%, 64.0%, 75.6%, 67.5%, 73.1%, 71.5%, 69.6%]",,,,
6,weights,1,56,0.1,0.7018918444084216,0.8842102456837893,0.0001111111111111111,69.45714285714287,"[65.4%, 64.0%, 75.6%, 67.5%, 73.1%, 71.5%, 69.1%]",,,,
6,weights,2,57,0.1,0.666092597702636,0.8676575133576989,0.0001111111111111111,69.57142857142857,"[65.4%, 64.0%, 75.6%, 67.5%, 73.1%, 71.5%, 69.9%]",,,,
6,weights,3,58,0.1,0.6737791907183731,0.8453659815713763,0.0001111111111111111,69.62857142857143,"[65.4%, 64.0%, 75.6%, 67.5%, 73.1%, 71.5%, 70.3%]",,,,
6,weights,4,59,0.1,0.651344495106347,0.8429807722568512,0.0001111111111111111,69.64285714285714,"[65.4%, 64.0%, 75.6%, 67.5%, 73.1%, 71.5%, 70.4%]",,,,
6,weights,5,60,0.1,0.6589870256713674,0.8195231631398201,0.0001111111111111111,69.91428571428573,"[65.4%, 64.0%, 75.6%, 67.5%, 73.1%, 71.5%, 72.3%]",,,,
6,weights,6,61,0.1,0.6500871162625808,0.8357761185616255,0.0001111111111111111,69.71428571428571,"[65.4%, 64.0%, 75.6%, 67.5%, 73.1%, 71.5%, 70.9%]",,,,
6,weights,7,62,0.1,0.6492737369446815,0.8209773488342762,0.0001111111111111111,69.87142857142858,"[65.4%, 64.0%, 75.6%, 67.5%, 73.1%, 71.5%, 72.0%]",,,,
6,weights,8,63,0.1,0.6068117818500423,0.8161155711859465,0.0001111111111111111,69.84285714285714,"[65.4%, 64.0%, 75.6%, 67.5%, 73.1%, 71.5%, 71.8%]",,,,
6,weights,9,64,0.1,0.6083495699906651,0.877287688665092,0.0001111111111111111,69.61428571428571,"[65.4%, 64.0%, 75.6%, 67.5%, 73.1%, 71.5%, 70.2%]",,,,
6,weights,10,65,0.1,0.60891695301744,0.8386232545599341,0.0001111111111111111,69.97142857142858,"[65.4%, 64.0%, 75.6%, 67.5%, 73.1%, 71.5%, 72.7%]",,,,
6,weights,11,66,0.1,0.5942737886422798,0.8237486639991403,0.0001111111111111111,69.81428571428572,"[65.4%, 64.0%, 75.6%, 67.5%, 73.1%, 71.5%, 71.6%]",,,,
6,weights,12,67,0.1,0.5736879151833209,0.8100578673183918,0.0001111111111111111,69.88571428571429,"[65.4%, 64.0%, 75.6%, 67.5%, 73.1%, 71.5%, 72.1%]",,,,
6,weights,13,68,0.1,0.5721875878074502,0.8361881067976356,0.0001111111111111111,69.71428571428571,"[65.4%, 64.0%, 75.6%, 67.5%, 73.1%, 71.5%, 70.9%]",,,,
6,weights,14,69,0.1,0.588959538861166,0.8225209079682827,0.0001111111111111111,69.92857142857143,"[65.4%, 64.0%, 75.6%, 67.5%, 73.1%, 71.5%, 72.4%]",,,,
6,weights,15,70,0.1,0.588031329308884,0.7803945820778608,0.0001111111111111111,69.94285714285715,"[65.4%, 64.0%, 75.6%, 67.5%, 73.1%, 71.5%, 72.5%]",,,,
6,weights,16,71,0.1,0.563454649729442,0.785722860135138,0.0001111111111111111,70.02857142857144,"[65.4%, 64.0%, 75.6%, 67.5%, 73.1%, 71.5%, 73.1%]",,,,
6,weights,17,72,0.1,0.5397277485720718,0.7850279440172017,0.0001111111111111111,70.07142857142857,"[65.4%, 64.0%, 75.6%, 67.5%, 73.1%, 71.5%, 73.4%]",,,,
6,weights,18,73,0.1,0.5486378137823902,0.8011339260265231,0.0001111111111111111,70.01428571428572,"[65.4%, 64.0%, 75.6%, 67.5%, 73.1%, 71.5%, 73.0%]",,,,
6,weights,19,74,0.1,0.5576447448398494,0.8242982197552919,0.0001111111111111111,69.95714285714287,"[65.4%, 64.0%, 75.6%, 67.5%, 73.1%, 71.5%, 72.6%]",,,,
6,weights,20,75,0.1,0.5427960874159125,0.7922559548169374,0.0001111111111111111,70.07142857142857,"[65.4%, 64.0%, 75.6%, 67.5%, 73.1%, 71.5%, 73.4%]",,,,
6,weights,21,76,0.1,0.5438069259818596,0.7627447890117764,0.0001111111111111111,70.10000000000001,"[65.4%, 64.0%, 75.6%, 67.5%, 73.1%, 71.5%, 73.6%]",,,,
6,weights,22,77,0.1,0.547139330000817,0.7764485916122794,0.0001111111111111111,70.18571428571428,"[65.4%, 64.0%, 75.6%, 67.5%, 73.1%, 71.5%, 74.2%]",,,,
6,weights,23,78,0.1,0.5125624382797676,0.7940743397921324,0.0001111111111111111,70.05714285714286,"[65.4%, 64.0%, 75.6%, 67.5%, 73.1%, 71.5%, 73.3%]",,,,
6,weights,24,79,0.1,0.5292724955685532,0.8108572205528617,0.0001111111111111111,70.14285714285714,"[65.4%, 64.0%, 75.6%, 67.5%, 73.1%, 71.5%, 73.9%]",,,,
6,weights,25,80,0.1,0.5247080869312528,0.8393124900758266,0.0001111111111111111,70.02857142857144,"[65.4%, 64.0%, 75.6%, 67.5%, 73.1%, 71.5%, 73.1%]",54.32857142857143,"[23.7%, 40.7%, 72.4%, 62.0%, 61.6%, 56.2%, 63.7%]",60.814285714285724,"[50.7%, 50.1%, 67.4%, 67.5%, 61.6%, 55.3%, 73.1%]"
7,parallel,1,1,0.3,8.986538724054265,5.266190558671951,0.0001111111111111111,61.275000000000006,"[65.4%, 64.0%, 75.6%, 67.5%, 73.1%, 71.5%, 73.1%, 0.0%]",,,,
7,parallel,2,2,0.3,4.234563444234148,3.1222392171621323,0.0001111111111111111,62.525000000000006,"[65.4%, 64.0%, 75.6%, 67.5%, 73.1%, 71.5%, 73.1%, 10.0%]",,,,
7,parallel,3,3,0.3,2.579954023602643,2.37387178838253,0.0001111111111111111,62.525000000000006,"[65.4%, 64.0%, 75.6%, 67.5%, 73.1%, 71.5%, 73.1%, 10.0%]",,,,
7,parallel,4,4,0.3,2.3509860038757324,2.34015753865242,0.0001111111111111111,62.525000000000006,"[65.4%, 64.0%, 75.6%, 67.5%, 73.1%, 71.5%, 73.1%, 10.0%]",,,,
7,parallel,5,5,0.2949687550072104,2.3351842210262634,2.322780594229698,0.0001111111111111111,63.112500000000004,"[65.4%, 64.0%, 75.6%, 67.5%, 73.1%, 71.5%, 73.1%, 14.7%]",,,,
7,parallel,6,6,0.2871500208299952,2.295965300330633,2.2444761618971825,0.0001111111111111111,63.53750000000001,"[65.4%, 64.0%, 75.6%, 67.5%, 73.1%, 71.5%, 73.1%, 18.1%]",,,,
7,parallel,7,7,0.27949128665278,2.0367353732072853,1.9565452113747597,0.0001111111111111111,64.0625,"[65.4%, 64.0%, 75.6%, 67.5%, 73.1%, 71.5%, 73.1%, 22.3%]",,,,
7,parallel,8,8,0.2719925524755648,1.8854226326640648,1.8736349269747734,0.0001111111111111111,64.4625,"[65.4%, 64.0%, 75.6%, 67.5%, 73.1%, 71.5%, 73.1%, 25.5%]",,,,
7,parallel,9,9,0.2646538182983496,1.8389943717401238,1.900146722793579,0.0001111111111111111,64.17500000000001,"[65.4%, 64.0%, 75.6%, 67.5%, 73.1%, 71.5%, 73.1%, 23.2%]",,,,
7,parallel,10,10,0.2574750841211344,1.7137489364117007,1.6540708057582378,0.0001111111111111111,66.15,"[65.4%, 64.0%, 75.6%, 67.5%, 73.1%, 71.5%, 73.1%, 39.0%]",,,,
7,parallel,11,11,0.25045634994391924,1.5732703963412513,1.560284435749054,0.0001111111111111111,66.8875,"[65.4%, 64.0%, 75.6%, 67.5%, 73.1%, 71.5%, 73.1%, 44.9%]",,,,
7,parallel,12,12,0.24359761576670405,1.456794240806676,1.482063539326191,0.0001111111111111111,67.16250000000001,"[65.4%, 64.0%, 75.6%, 67.5%, 73.1%, 71.5%, 73.1%, 47.1%]",,,,
7,parallel,13,13,0.23689888158948885,1.347250422344932,1.455108953639865,0.0001111111111111111,67.4625,"[65.4%, 64.0%, 75.6%, 67.5%, 73.1%, 71.5%, 73.1%, 49.5%]",,,,
7,parallel,14,14,0.23036014741227365,1.2549217305605924,1.2702544704079628,0.0001111111111111111,68.28750000000001,"[65.4%, 64.0%, 75.6%, 67.5%, 73.1%, 71.5%, 73.1%, 56.1%]",,,,
7,parallel,15,15,0.22398141323505846,1.2227339767202545,1.3157258667051792,0.0001111111111111111,68.0625,"[65.4%, 64.0%, 75.6%, 67.5%, 73.1%, 71.5%, 73.1%, 54.3%]",,,,
7,parallel,16,16,0.21776267905784327,1.1483542134490194,1.2250382751226425,0.0001111111111111111,68.525,"[65.4%, 64.0%, 75.6%, 67.5%, 73.1%, 71.5%, 73.1%, 58.0%]",,,,
7,parallel,17,17,0.2117039448806281,1.143884916094285,1.1753493566066027,0.0001111111111111111,68.73750000000001,"[65.4%, 64.0%, 75.6%, 67.5%, 73.1%, 71.5%, 73.1%, 59.7%]",,,,
7,parallel,18,18,0.2058052107034129,1.1152393591554859,1.1145835723727942,0.0001111111111111111,69.1375,"[65.4%, 64.0%, 75.6%, 67.5%, 73.1%, 71.5%, 73.1%, 62.9%]",,,,
7,parallel,19,19,0.20006647652619775,1.0491942023929162,1.1809115037322044,0.0001111111111111111,68.6375,"[65.4%, 64.0%, 75.6%, 67.5%, 73.1%, 71.5%, 73.1%, 58.9%]",,,,
7,parallel,20,20,0.19448774234898253,0.9970675974707061,1.120622469112277,0.0001111111111111111,69.125,"[65.4%, 64.0%, 75.6%, 67.5%, 73.1%, 71.5%, 73.1%, 62.8%]",,,,
7,parallel,21,21,0.18906900817176733,0.9986736661271204,1.1771569987758994,0.0001111111111111111,68.98750000000001,"[65.4%, 64.0%, 75.6%, 67.5%, 73.1%, 71.5%, 73.1%, 61.7%]",,,,
7,parallel,22,22,0.1838102739945522,1.0379644888865798,1.0998956300318241,0.0001111111111111111,69.0875,"[65.4%, 64.0%, 75.6%, 67.5%, 73.1%, 71.5%, 73.1%, 62.5%]",,,,
7,parallel,23,23,0.17871153981733698,0.9878107279161864,1.1992000555619597,0.0001111111111111111,68.7,"[65.4%, 64.0%, 75.6%, 67.5%, 73.1%, 71.5%, 73.1%, 59.4%]",,,,
7,parallel,24,24,0.1737728056401218,0.9625517318520365,1.1134279798716307,0.0001111111111111111,69.125,"[65.4%, 64.0%, 75.6%, 67.5%, 73.1%, 71.5%, 73.1%, 62.8%]",,,,
7,parallel,25,25,0.1689940714629066,0.9714962311937839,1.0326360389590263,0.0001111111111111111,69.3875,"[65.4%, 64.0%, 75.6%, 67.5%, 73.1%, 71.5%, 73.1%, 64.9%]",,,,
7,parallel,26,26,0.1643753372856914,0.940888520283035,1.1815417390316725,0.0001111111111111111,68.9375,"[65.4%, 64.0%, 75.6%, 67.5%, 73.1%, 71.5%, 73.1%, 61.3%]",,,,
7,parallel,27,27,0.15991660310847622,0.937648083590254,1.0120215266942978,0.0001111111111111111,69.625,"[65.4%, 64.0%, 75.6%, 67.5%, 73.1%, 71.5%, 73.1%, 66.8%]",,,,
7,parallel,28,28,0.155617868931261,0.963199798819385,1.0620402786880732,0.0001111111111111111,69.28750000000001,"[65.4%, 64.0%, 75.6%, 67.5%, 73.1%, 71.5%, 73.1%, 64.1%]",,,,
7,parallel,29,29,0.1514791347540458,0.9205495632147487,1.0170261897146702,0.0001111111111111111,69.5875,"[65.4%, 64.0%, 75.6%, 67.5%, 73.1%, 71.5%, 73.1%, 66.5%]",,,,
7,parallel,30,30,0.14750040057683064,0.8834191598469698,1.1169358175247908,0.0001111111111111111,69.25,"[65.4%, 64.0%, 75.6%, 67.5%, 73.1%, 71.5%, 73.1%, 63.8%]",,,,
7,parallel,31,31,0.14368166639961544,0.867514459769937,1.0540289301425219,0.0001111111111111111,69.42500000000001,"[65.4%, 64.0%, 75.6%, 67.5%, 73.1%, 71.5%, 73.1%, 65.2%]",,,,
7,parallel,32,32,0.14002293222240025,0.9147122109992595,1.0589875858277082,0.0001111111111111111,69.41250000000001,"[65.4%, 64.0%, 75.6%, 67.5%, 73.1%, 71.5%, 73.1%, 65.1%]",,,,
7,parallel,33,33,0.13652419804518506,0.8882781003094926,1.0001704450696707,0.0001111111111111111,69.75,"[65.4%, 64.0%, 75.6%, 67.5%, 73.1%, 71.5%, 73.1%, 67.8%]",,,,
7,parallel,34,34,0.13318546386796987,0.8738632315321814,1.0688100811094046,0.0001111111111111111,69.375,"[65.4%, 64.0%, 75.6%, 67.5%, 73.1%, 71.5%, 73.1%, 64.8%]",,,,
7,parallel,35,35,0.1300067296907547,0.8813526932197281,1.083582704886794,0.0001111111111111111,69.36250000000001,"[65.4%, 64.0%, 75.6%, 67.5%, 73.1%, 71.5%, 73.1%, 64.7%]",,,,
7,parallel,36,36,0.1269879955135395,0.8882125216194346,0.9886533506214619,0.0001111111111111111,69.80000000000001,"[65.4%, 64.0%, 75.6%, 67.5%, 73.1%, 71.5%, 73.1%, 68.2%]",,,,
7,parallel,37,37,0.12412926133632432,0.9508358941802496,1.0767140910029411,0.0001111111111111111,69.10000000000001,"[65.4%, 64.0%, 75.6%, 67.5%, 73.1%, 71.5%, 73.1%, 62.6%]",,,,
7,parallel,38,38,0.12143052715910913,0.9080455884148803,1.0717665404081345,0.0001111111111111111,69.4375,"[65.4%, 64.0%, 75.6%, 67.5%, 73.1%, 71.5%, 73.1%, 65.3%]",,,,
7,parallel,39,39,0.11889179298189392,0.8873057772841635,0.9890637900680304,0.0001111111111111111,69.55000000000001,"[65.4%, 64.0%, 75.6%, 67.5%, 73.1%, 71.5%, 73.1%, 66.2%]",,,,
7,parallel,40,40,0.11651305880467874,0.8895974928819681,1.0179201364517212,0.0001111111111111111,69.67500000000001,"[65.4%, 64.0%, 75.6%, 67.5%, 73.1%, 71.5%, 73.1%, 67.2%]",,,,
7,parallel,41,41,0.11429432462746354,0.8765644234947011,1.024435991421342,0.0001111111111111111,69.5625,"[65.4%, 64.0%, 75.6%, 67.5%, 73.1%, 71.5%, 73.1%, 66.3%]",,,,
7,parallel,42,42,0.11223559045024836,0.8707066540476642,0.99381341971457,0.0001111111111111111,69.8125,"[65.4%, 64.0%, 75.6%, 67.5%, 73.1%, 71.5%, 73.1%, 68.3%]",,,,
7,parallel,43,43,0.11033685627303318,0.81726192560377,0.931096313521266,0.0001111111111111111,69.97500000000001,"[65.4%, 64.0%, 75.6%, 67.5%, 73.1%, 71.5%, 73.1%, 69.6%]",,,,
7,parallel,44,44,0.10859812209581798,1.053985465176498,1.155261566862464,0.0001111111111111111,69.15,"[65.4%, 64.0%, 75.6%, 67.5%, 73.1%, 71.5%, 73.1%, 63.0%]",,,,
7,parallel,45,45,0.1070193879186028,0.962562914890579,1.0313553307205439,0.0001111111111111111,69.625,"[65.4%, 64.0%, 75.6%, 67.5%, 73.1%, 71.5%, 73.1%, 66.8%]",,,,
7,parallel,46,46,0.1056006537413876,0.9041299850125856,1.027203381061554,0.0001111111111111111,69.5,"[65.4%, 64.0%, 75.6%, 67.5%, 73.1%, 71.5%, 73.1%, 65.8%]",,,,
7,parallel,47,47,0.10434191956417241,0.8887110956107513,1.0395864825695753,0.0001111111111111111,69.4625,"[65.4%, 64.0%, 75.6%, 67.5%, 73.1%, 71.5%, 73.1%, 65.5%]",,,,
7,parallel,48,48,0.10324318538695722,0.85550901821897,1.010530672967434,0.0001111111111111111,69.65,"[65.4%, 64.0%, 75.6%, 67.5%, 73.1%, 71.5%, 73.1%, 67.0%]",,,,
7,parallel,49,49,0.10230445120974203,0.833531950848012,0.9834379144012928,0.0001111111111111111,69.72500000000001,"[65.4%, 64.0%, 75.6%, 67.5%, 73.1%, 71.5%, 73.1%, 67.6%]",,,,
7,parallel,50,50,0.10152571703252684,0.8729238694981684,1.0707846283912659,0.0001111111111111111,69.23750000000001,"[65.4%, 64.0%, 75.6%, 67.5%, 73.1%, 71.5%, 73.1%, 63.7%]",,,,
7,parallel,51,51,0.10090698285531166,0.8761727179907546,0.9961287081241608,0.0001111111111111111,69.825,"[65.4%, 64.0%, 75.6%, 67.5%, 73.1%, 71.5%, 73.1%, 68.4%]",,,,
7,parallel,52,52,0.10044824867809646,0.8535075112234188,1.012635606341064,0.0001111111111111111,69.4375,"[65.4%, 64.0%, 75.6%, 67.5%, 73.1%, 71.5%, 73.1%, 65.3%]",,,,
7,parallel,53,53,0.10014951450088128,0.8383234014993981,0.9713377188891172,0.0001111111111111111,69.7625,"[65.4%, 64.0%, 75.6%, 67.5%, 73.1%, 71.5%, 73.1%, 67.9%]",,,,
7,parallel,54,54,0.10001078032366609,0.7966707405410235,1.0124657060950994,0.0001111111111111111,69.7,"[65.4%, 64.0%, 75.6%, 67.5%, 73.1%, 71.5%, 73.1%, 67.4%]",,,,
7,parallel,55,55,0.1,0.7935240811939481,0.9092187015339732,0.0001111111111111111,70.025,"[65.4%, 64.0%, 75.6%, 67.5%, 73.1%, 71.5%, 73.1%, 70.0%]",,,,
7,weights,1,56,0.1,0.7699859206435047,0.9256499502807856,0.0001111111111111111,69.8875,"[65.4%, 64.0%, 75.6%, 67.5%, 73.1%, 71.5%, 73.1%, 68.9%]",,,,
7,weights,2,57,0.1,0.7841951620729664,0.9293707581236959,0.0001111111111111111,69.95,"[65.4%, 64.0%, 75.6%, 67.5%, 73.1%, 71.5%, 73.1%, 69.4%]",,,,
7,weights,3,58,0.1,0.7648340946511377,0.9161294065415859,0.0001111111111111111,70.025,"[65.4%, 64.0%, 75.6%, 67.5%, 73.1%, 71.5%, 73.1%, 70.0%]",,,,
7,weights,4,59,0.1,0.7581827493408059,0.8933719582855701,0.0001111111111111111,70.0875,"[65.4%, 64.0%, 75.6%, 67.5%, 73.1%, 71.5%, 73.1%, 70.5%]",,,,
7,weights,5,60,0.1,0.7332523208630236,0.9333925321698189,0.0001111111111111111,70.025,"[65.4%, 64.0%, 75.6%, 67.5%, 73.1%, 71.5%, 73.1%, 70.0%]",,,,
7,weights,6,61,0.1,0.746401245080972,0.914837684482336,0.0001111111111111111,70.125,"[65.4%, 64.0%, 75.6%, 67.5%, 73.1%, 71.5%, 73.1%, 70.8%]",,,,
7,weights,7,62,0.1,0.7272818152663074,0.9220235962420702,0.0001111111111111111,70.05000000000001,"[65.4%, 64.0%, 75.6%, 67.5%, 73.1%, 71.5%, 73.1%, 70.2%]",,,,
7,weights,8,63,0.1,0.7164926015878026,0.8651941642165184,0.0001111111111111111,70.325,"[65.4%, 64.0%, 75.6%, 67.5%, 73.1%, 71.5%, 73.1%, 72.4%]",,,,
7,weights,9,64,0.1,0.712253883669648,0.9090059800073504,0.0001111111111111111,70.0875,"[65.4%, 64.0%, 75.6%, 67.5%, 73.1%, 71.5%, 73.1%, 70.5%]",,,,
7,weights,10,65,0.1,0.6819460456129871,0.8818067824468017,0.0001111111111111111,70.0625,"[65.4%, 64.0%, 75.6%, 67.5%, 73.1%, 71.5%, 73.1%, 70.3%]",,,,
7,weights,11,66,0.1,0.6829078861429722,0.871692830696702,0.0001111111111111111,70.2125,"[65.4%, 64.0%, 75.6%, 67.5%, 73.1%, 71.5%, 73.1%, 71.5%]",,,,
7,weights,12,67,0.1,0.683779235127606,0.8925148854032159,0.0001111111111111111,70.075,"[65.4%, 64.0%, 75.6%, 67.5%, 73.1%, 71.5%, 73.1%, 70.4%]",,,,
7,weights,13,68,0.1,0.6627745907517928,0.8850487601011992,0.0001111111111111111,70.2625,"[65.4%, 64.0%, 75.6%, 67.5%, 73.1%, 71.5%, 73.1%, 71.9%]",,,,
7,weights,14,69,0.1,0.6469763449475735,0.876442763954401,0.0001111111111111111,70.2125,"[65.4%, 64.0%, 75.6%, 67.5%, 73.1%, 71.5%, 73.1%, 71.5%]",,,,
7,weights,15,70,0.1,0.6442723029021975,0.9826058279722929,0.0001111111111111111,69.775,"[65.4%, 64.0%, 75.6%, 67.5%, 73.1%, 71.5%, 73.1%, 68.0%]",,,,
7,weights,16,71,0.1,0.661439318822909,0.8620032398030162,0.0001111111111111111,70.22500000000001,"[65.4%, 64.0%, 75.6%, 67.5%, 73.1%, 71.5%, 73.1%, 71.6%]",,,,
7,weights,17,72,0.1,0.6629233050949966,0.9242970086634159,0.0001111111111111111,70.16250000000001,"[65.4%, 64.0%, 75.6%, 67.5%, 73.1%, 71.5%, 73.1%, 71.1%]",,,,
7,weights,18,73,0.1,0.6458265521103823,0.8850311236456037,0.0001111111111111111,70.1875,"[65.4%, 64.0%, 75.6%, 67.5%, 73.1%, 71.5%, 73.1%, 71.3%]",,,,
7,weights,19,74,0.1,0.6475072329557394,0.879490265622735,0.0001111111111111111,70.36250000000001,"[65.4%, 64.0%, 75.6%, 67.5%, 73.1%, 71.5%, 73.1%, 72.7%]",,,,
7,weights,20,75,0.1,0.6337850572942179,0.8759496528655291,0.0001111111111111111,70.23750000000001,"[65.4%, 64.0%, 75.6%, 67.5%, 73.1%, 71.5%, 73.1%, 71.7%]",,,,
7,weights,21,76,0.1,0.6231154995628551,0.8520732885226607,0.0001111111111111111,70.275,"[65.4%, 64.0%, 75.6%, 67.5%, 73.1%, 71.5%, 73.1%, 72.0%]",,,,
7,weights,22,77,0.1,0.6243720665762696,0.8802313897758722,0.0001111111111111111,70.075,"[65.4%, 64.0%, 75.6%, 67.5%, 73.1%, 71.5%, 73.1%, 70.4%]",,,,
7,weights,23,78,0.1,0.6244002369385732,0.8617402547970414,0.0001111111111111111,70.1875,"[65.4%, 64.0%, 75.6%, 67.5%, 73.1%, 71.5%, 73.1%, 71.3%]",,,,
7,weights,24,79,0.1,0.617262829330903,0.8614557003602386,0.0001111111111111111,70.17500000000001,"[65.4%, 64.0%, 75.6%, 67.5%, 73.1%, 71.5%, 73.1%, 71.2%]",,,,
7,weights,25,80,0.1,0.6104609773883337,0.8818139750510454,0.0001111111111111111,70.2,"[65.4%, 64.0%, 75.6%, 67.5%, 73.1%, 71.5%, 73.1%, 71.4%]",54.225,"[23.7%, 40.7%, 72.4%, 62.0%, 61.6%, 56.2%, 63.7%, 53.5%]",59.900000000000006,"[53.4%, 50.1%, 67.4%, 67.5%, 61.6%, 52.6%, 73.1%, 53.5%]"
8,parallel,1,1,0.2,7.512011220183553,5.269638687372208,0.0001111111111111111,62.400000000000006,"[65.4%, 64.0%, 75.6%, 67.5%, 73.1%, 71.5%, 73.1%, 71.4%, 0.0%]",,,,
8,parallel,2,2,0.2,4.518154047712495,3.808862254023552,0.0001111111111111111,62.400000000000006,"[65.4%, 64.0%, 75.6%, 67.5%, 73.1%, 71.5%, 73.1%, 71.4%, 0.0%]",,,,
8,parallel,3,3,0.2,3.0998509805413743,2.539199948310852,0.0001111111111111111,63.46666666666667,"[65.4%, 64.0%, 75.6%, 67.5%, 73.1%, 71.5%, 73.1%, 71.4%, 9.6%]",,,,
8,parallel,4,4,0.2,2.419580103475836,2.359183669090271,0.0001111111111111111,63.51111111111111,"[65.4%, 64.0%, 75.6%, 67.5%, 73.1%, 71.5%, 73.1%, 71.4%, 10.0%]",,,,
8,parallel,5,5,0.1974843775036052,2.3539450802380526,2.3423031121492386,0.0001111111111111111,63.51111111111111,"[65.4%, 64.0%, 75.6%, 67.5%, 73.1%, 71.5%, 73.1%, 71.4%, 10.0%]",,,,
8,parallel,6,6,0.1935750104149976,2.3455345298670514,2.3347160667181015,0.0001111111111111111,63.51111111111111,"[65.4%, 64.0%, 75.6%, 67.5%, 73.1%, 71.5%, 73.1%, 71.4%, 10.0%]",,,,
8,parallel,7,7,0.18974564332639002,2.333046538920342,2.3247771114110947,0.0001111111111111111,63.51111111111111,"[65.4%, 64.0%, 75.6%, 67.5%, 73.1%, 71.5%, 73.1%, 71.4%, 10.0%]",,,,
8,parallel,8,8,0.18599627623778242,2.3261928709247446,2.3160991966724396,0.0001111111111111111,63.51111111111111,"[65.4%, 64.0%, 75.6%, 67.5%, 73.1%, 71.5%, 73.1%, 71.4%, 10.0%]",,,,
8,parallel,9,9,0.18232690914917482,2.254999507831622,2.131915755569935,0.0001111111111111111,64.37777777777778,"[65.4%, 64.0%, 75.6%, 67.5%, 73.1%, 71.5%, 73.1%, 71.4%, 17.8%]",,,,
8,parallel,10,10,0.17873754206056722,2.1161174743990356,2.0592098236083984,0.0001111111111111111,65.02222222222223,"[65.4%, 64.0%, 75.6%, 67.5%, 73.1%, 71.5%, 73.1%, 71.4%, 23.6%]",,,,
8,parallel,11,11,0.17522817497195964,2.0011619767056237,1.9506348744034767,0.0001111111111111111,65.38888888888889,"[65.4%, 64.0%, 75.6%, 67.5%, 73.1%, 71.5%, 73.1%, 71.4%, 26.9%]",,,,
8,parallel,12,12,0.17179880788335206,1.876989319354673,1.9330981336534023,0.0001111111111111111,65.28888888888889,"[65.4%, 64.0%, 75.6%, 67.5%, 73.1%, 71.5%, 73.1%, 71.4%, 26.0%]",,,,
8,parallel,13,13,0.16844944079474444,1.77224291427226,1.8611007817089558,0.0001111111111111111,65.67777777777778,"[65.4%, 64.0%, 75.6%, 67.5%, 73.1%, 71.5%, 73.1%, 71.4%, 29.5%]",,,,
8,parallel,14,14,0.16518007370613685,1.706446176842798,1.7718122899532318,0.0001111111111111111,66.2,"[65.4%, 64.0%, 75.6%, 67.5%, 73.1%, 71.5%, 73.1%, 71.4%, 34.2%]",,,,
8,parallel,15,15,0.16199070661752923,1.6281533769414396,1.7175672240555286,0.0001111111111111111,66.47777777777779,"[65.4%, 64.0%, 75.6%, 67.5%, 73.1%, 71.5%, 73.1%, 71.4%, 36.7%]",,,,
8,parallel,16,16,0.15888133952892164,1.576745478412773,1.6127640269696712,0.0001111111111111111,66.85555555555555,"[65.4%, 64.0%, 75.6%, 67.5%, 73.1%, 71.5%, 73.1%, 71.4%, 40.1%]",,,,
8,parallel,17,17,0.15585197244031407,1.5488604563701003,1.5807994417846203,0.0001111111111111111,67.01111111111112,"[65.4%, 64.0%, 75.6%, 67.5%, 73.1%, 71.5%, 73.1%, 71.4%, 41.5%]",,,,
8,parallel,18,18,0.15290260535170647,1.5040110666540605,1.643091183155775,0.0001111111111111111,67.05555555555556,"[65.4%, 64.0%, 75.6%, 67.5%, 73.1%, 71.5%, 73.1%, 71.4%, 41.9%]",,,,
8,parallel,19,19,0.1500332382630989,1.4605274200439453,1.5820467546582222,0.0001111111111111111,67.32222222222222,"[65.4%, 64.0%, 75.6%, 67.5%, 73.1%, 71.5%, 73.1%, 71.4%, 44.3%]",,,,
8,parallel,20,20,0.14724387117449128,1.4687657763686361,1.4814347326755524,0.0001111111111111111,67.73333333333333,"[65.4%, 64.0%, 75.6%, 67.5%, 73.1%, 71.5%, 73.1%, 71.4%, 48.0%]",,,,
8,parallel,21,21,0.14453450408588367,1.3673021785820587,1.4326901212334633,0.0001111111111111111,67.86666666666667,"[65.4%, 64.0%, 75.6%, 67.5%, 73.1%, 71.5%, 73.1%, 71.4%, 49.2%]",,,,
8,parallel,22,22,0.14190513699727608,1.3425793798663948,1.4210830964148045,0.0001111111111111111,67.91111111111111,"[65.4%, 64.0%, 75.6%, 67.5%, 73.1%, 71.5%, 73.1%, 71.4%, 49.6%]",,,,
8,parallel,23,23,0.1393557699086685,1.397546882870831,1.4419681429862976,0.0001111111111111111,67.96666666666667,"[65.4%, 64.0%, 75.6%, 67.5%, 73.1%, 71.5%, 73.1%, 71.4%, 50.1%]",,,,
8,parallel,24,24,0.1368864028200609,1.332491323917727,1.601547461003065,0.0001111111111111111,67.5,"[65.4%, 64.0%, 75.6%, 67.5%, 73.1%, 71.5%, 73.1%, 71.4%, 45.9%]",,,,
8,parallel,25,25,0.1344970357314533,1.282149080988727,1.3582949787378311,0.0001111111111111111,68.35555555555555,"[65.4%, 64.0%, 75.6%, 67.5%, 73.1%, 71.5%, 73.1%, 71.4%, 53.6%]",,,,
8,parallel,26,26,0.1321876686428457,1.3024474352220945,1.4146723002195358,0.0001111111111111111,68.30000000000001,"[65.4%, 64.0%, 75.6%, 67.5%, 73.1%, 71.5%, 73.1%, 71.4%, 53.1%]",,,,
8,parallel,27,27,0.1299583015542381,1.2529813488827477,1.3304121308028698,0.0001111111111111111,68.32222222222222,"[65.4%, 64.0%, 75.6%, 67.5%, 73.1%, 71.5%, 73.1%, 71.4%, 53.3%]",,,,
8,parallel,28,28,0.12780893446563052,1.2211625907994523,1.3546568304300308,0.0001111111111111111,68.28888888888889,"[65.4%, 64.0%, 75.6%, 67.5%, 73.1%, 71.5%, 73.1%, 71.4%, 53.0%]",,,,
8,parallel,29,29,0.1257395673770229,1.1856021541583388,1.3333522826433182,0.0001111111111111111,68.33333333333333,"[65.4%, 64.0%, 75.6%, 67.5%, 73.1%, 71.5%, 73.1%, 71.4%, 53.4%]",,,,
8,parallel,30,30,0.12375020028841532,1.4452319763883759,1.4412618204951286,0.0001111111111111111,68.06666666666666,"[65.4%, 64.0%, 75.6%, 67.5%, 73.1%, 71.5%, 73.1%, 71.4%, 51.0%]",,,,
8,parallel,31,31,0.12184083319980774,1.2918727714804155,1.3434117175638676,0.0001111111111111111,68.44444444444444,"[65.4%, 64.0%, 75.6%, 67.5%, 73.1%, 71.5%, 73.1%, 71.4%, 54.4%]",,,,
8,parallel,32,32,0.12001146611120014,1.2275114685674258,1.3860538490116596,0.0001111111111111111,68.44444444444444,"[65.4%, 64.0%, 75.6%, 67.5%, 73.1%, 71.5%, 73.1%, 71.4%, 54.4%]",,,,
8,parallel,33,33,0.11826209902259253,1.2103594730171976,1.362540701404214,0.0001111111111111111,68.32222222222222,"[65.4%, 64.0%, 75.6%, 67.5%, 73.1%, 71.5%, 73.1%, 71.4%, 53.3%]",,,,
8,parallel,34,34,0.11659273193398495,1.195652952677087,1.3850476704537868,0.0001111111111111111,68.41111111111111,"[65.4%, 64.0%, 75.6%, 67.5%, 73.1%, 71.5%, 73.1%, 71.4%, 54.1%]",,,,
8,parallel,35,35,0.11500336484537735,1.1520053118090086,1.3000847473740578,0.0001111111111111111,68.47777777777779,"[65.4%, 64.0%, 75.6%, 67.5%, 73.1%, 71.5%, 73.1%, 71.4%, 54.7%]",,,,
8,parallel,36,36,0.11349399775676976,1.117105258416526,1.3106191884726286,0.0001111111111111111,68.52222222222223,"[65.4%, 64.0%, 75.6%, 67.5%, 73.1%, 71.5%, 73.1%, 71.4%, 55.1%]",,,,
8,parallel,37,37,0.11206463066816216,1.1219696161113208,1.308886144310236,0.0001111111111111111,68.42222222222223,"[65.4%, 64.0%, 75.6%, 67.5%, 73.1%, 71.5%, 73.1%, 71.4%, 54.2%]",,,,
8,parallel,38,38,0.11071526357955457,1.0750556422185293,1.271210903301835,0.0001111111111111111,68.6888888888889,"[65.4%, 64.0%, 75.6%, 67.5%, 73.1%, 71.5%, 73.1%, 71.4%, 56.6%]",,,,
8,parallel,39,39,0.10944589649094696,1.072326595270181,1.2605300229042768,0.0001111111111111111,68.53333333333335,"[65.4%, 64.0%, 75.6%, 67.5%, 73.1%, 71.5%, 73.1%, 71.4%, 55.2%]",,,,
8,parallel,40,40,0.10825652940233937,1.30888929397245,1.3129086531698704,0.0001111111111111111,68.31111111111112,"[65.4%, 64.0%, 75.6%, 67.5%, 73.1%, 71.5%, 73.1%, 71.4%, 53.2%]",,,,
8,parallel,41,41,0.10714716231373178,1.1873486902140364,1.2952659539878368,0.0001111111111111111,68.54444444444444,"[65.4%, 64.0%, 75.6%, 67.5%, 73.1%, 71.5%, 73.1%, 71.4%, 55.3%]",,,,
8,parallel,42,42,0.10611779522512418,1.13206254153312,1.2959972694516182,0.0001111111111111111,68.5888888888889,"[65.4%, 64.0%, 75.6%, 67.5%, 73.1%, 71.5%, 73.1%, 71.4%, 55.7%]",,,,
8,parallel,43,43,0.10516842813651658,1.1061716313603558,1.2499626204371452,0.0001111111111111111,68.81111111111112,"[65.4%, 64.0%, 75.6%, 67.5%, 73.1%, 71.5%, 73.1%, 71.4%, 57.7%]",,,,
8,parallel,44,44,0.104299061047909,1.0752231282523916,1.222851563245058,0.0001111111111111111,68.92222222222223,"[65.4%, 64.0%, 75.6%, 67.5%, 73.1%, 71.5%, 73.1%, 71.4%, 58.7%]",,,,
8,parallel,45,45,0.1035096939593014,1.074072514153734,1.2307313717901707,0.0001111111111111111,68.7,"[65.4%, 64.0%, 75.6%, 67.5%, 73.1%, 71.5%, 73.1%, 71.4%, 56.7%]",,,,
8,parallel,46,46,0.1028003268706938,1.042173774182042,1.2527964301407337,0.0001111111111111111,68.67777777777778,"[65.4%, 64.0%, 75.6%, 67.5%, 73.1%, 71.5%, 73.1%, 71.4%, 56.5%]",,,,
8,parallel,47,47,0.10217095978208621,1.0134361386299133,1.2240542322397232,0.0001111111111111111,68.9,"[65.4%, 64.0%, 75.6%, 67.5%, 73.1%, 71.5%, 73.1%, 71.4%, 58.5%]",,,,
8,parallel,48,48,0.10162159269347862,1.017333906662615,1.2632649168372154,0.0001111111111111111,68.75555555555556,"[65.4%, 64.0%, 75.6%, 67.5%, 73.1%, 71.5%, 73.1%, 71.4%, 57.2%]",,,,
8,parallel,49,49,0.10115222560487103,1.0757932987394212,1.2534542307257652,0.0001111111111111111,68.53333333333335,"[65.4%, 64.0%, 75.6%, 67.5%, 73.1%, 71.5%, 73.1%, 71.4%, 55.2%]",,,,
8,parallel,50,50,0.10076285851626343,1.0321033959147297,1.1859304271638393,0.0001111111111111111,68.88888888888889,"[65.4%, 64.0%, 75.6%, 67.5%, 73.1%, 71.5%, 73.1%, 71.4%, 58.4%]",,,,
8,parallel,51,51,0.10045349142765583,1.0137526159045063,1.2872935272753239,0.0001111111111111111,68.38888888888889,"[65.4%, 64.0%, 75.6%, 67.5%, 73.1%, 71.5%, 73.1%, 71.4%, 53.9%]",,,,
8,parallel,52,52,0.10022412433904823,0.9783298961723907,1.1576727963984013,0.0001111111111111111,69.14444444444445,"[65.4%, 64.0%, 75.6%, 67.5%, 73.1%, 71.5%, 73.1%, 71.4%, 60.7%]",,,,
8,parallel,53,53,0.10007475725044064,0.963570124740842,1.1596754379570484,0.0001111111111111111,69.06666666666666,"[65.4%, 64.0%, 75.6%, 67.5%, 73.1%, 71.5%, 73.1%, 71.4%, 60.0%]",,,,
8,parallel,54,54,0.10000539016183305,0.9466996245746371,1.2196845132857561,0.0001111111111111111,68.87777777777778,"[65.4%, 64.0%, 75.6%, 67.5%, 73.1%, 71.5%, 73.1%, 71.4%, 58.3%]",,,,
8,parallel,55,55,0.1,0.9481843611862086,1.1805952861905098,0.0001111111111111111,69.0,"[65.4%, 64.0%, 75.6%, 67.5%, 73.1%, 71.5%, 73.1%, 71.4%, 59.4%]",,,,
8,weights,1,56,0.1,0.93882253200193,1.1739393025636673,0.0001111111111111111,69.03333333333335,"[65.4%, 64.0%, 75.6%, 67.5%, 73.1%, 71.5%, 73.1%, 71.4%, 59.7%]",,,,
8,weights,2,57,0.1,0.9307914217816123,1.178343515843153,0.0001111111111111111,68.97777777777779,"[65.4%, 64.0%, 75.6%, 67.5%, 73.1%, 71.5%, 73.1%, 71.4%, 59.2%]",,,,
8,weights,3,58,0.1,0.9118470338326466,1.1449504420161247,0.0001111111111111111,69.06666666666666,"[65.4%, 64.0%, 75.6%, 67.5%, 73.1%, 71.5%, 73.1%, 71.4%, 60.0%]",,,,
8,weights,4,59,0.1,0.9139641734618175,1.206478189677,0.0001111111111111111,68.94444444444444,"[65.4%, 64.0%, 75.6%, 67.5%, 73.1%, 71.5%, 73.1%, 71.4%, 58.9%]",,,,
8,weights,5,60,0.1,0.9034058429017852,1.181977767497301,0.0001111111111111111,68.86666666666667,"[65.4%, 64.0%, 75.6%, 67.5%, 73.1%, 71.5%, 73.1%, 71.4%, 58.2%]",,,,
8,weights,6,61,0.1,0.8881056610542007,1.1185744684189558,0.0001111111111111111,69.0888888888889,"[65.4%, 64.0%, 75.6%, 67.5%, 73.1%, 71.5%, 73.1%, 71.4%, 60.2%]",,,,
8,weights,7,62,0.1,0.8831505398207073,1.2432584073394537,0.0001111111111111111,68.95555555555556,"[65.4%, 64.0%, 75.6%, 67.5%, 73.1%, 71.5%, 73.1%, 71.4%, 59.0%]",,,,
8,weights,8,63,0.1,0.8896870575373685,1.1115237511694431,0.0001111111111111111,69.07777777777778,"[65.4%, 64.0%, 75.6%, 67.5%, 73.1%, 71.5%, 73.1%, 71.4%, 60.1%]",,,,
8,weights,9,64,0.1,0.8721604686749133,1.1134163178503513,0.0001111111111111111,69.12222222222222,"[65.4%, 64.0%, 75.6%, 67.5%, 73.1%, 71.5%, 73.1%, 71.4%, 60.5%]",,,,
8,weights,10,65,0.1,0.8338520881495898,1.1023714933544397,0.0001111111111111111,69.17777777777778,"[65.4%, 64.0%, 75.6%, 67.5%, 73.1%, 71.5%, 73.1%, 71.4%, 61.0%]",,,,
8,weights,11,66,0.1,0.8483511737630337,1.117523204535246,0.0001111111111111111,69.36666666666667,"[65.4%, 64.0%, 75.6%, 67.5%, 73.1%, 71.5%, 73.1%, 71.4%, 62.7%]",,,,
8,weights,12,67,0.1,0.8576095240025581,1.19120336137712,0.0001111111111111111,68.95555555555556,"[65.4%, 64.0%, 75.6%, 67.5%, 73.1%, 71.5%, 73.1%, 71.4%, 59.0%]",,,,
8,weights,13,68,0.1,0.8605811226217053,1.1337797436863184,0.0001111111111111111,69.13333333333334,"[65.4%, 64.0%, 75.6%, 67.5%, 73.1%, 71.5%, 73.1%, 71.4%, 60.6%]",,,,
8,weights,14,69,0.1,0.8396641234808331,1.1313944663852453,0.0001111111111111111,69.25555555555556,"[65.4%, 64.0%, 75.6%, 67.5%, 73.1%, 71.5%, 73.1%, 71.4%, 61.7%]",,,,
8,weights,15,70,0.1,0.8115555130982701,1.0506392531096935,0.0001111111111111111,69.45555555555556,"[65.4%, 64.0%, 75.6%, 67.5%, 73.1%, 71.5%, 73.1%, 71.4%, 63.5%]",,,,
8,weights,16,71,0.1,0.8195347023915641,1.086321983486414,0.0001111111111111111,69.30000000000001,"[65.4%, 64.0%, 75.6%, 67.5%, 73.1%, 71.5%, 73.1%, 71.4%, 62.1%]",,,,
8,weights,17,72,0.1,0.8193172001385991,1.0693555418401957,0.0001111111111111111,69.34444444444445,"[65.4%, 64.0%, 75.6%, 67.5%, 73.1%, 71.5%, 73.1%, 71.4%, 62.5%]",,,,
8,weights,18,73,0.1,0.8068139100376563,1.0909662190824747,0.0001111111111111111,69.48888888888888,"[65.4%, 64.0%, 75.6%, 67.5%, 73.1%, 71.5%, 73.1%, 71.4%, 63.8%]",,,,
8,weights,19,74,0.1,0.7803106458881234,1.078897099941969,0.0001111111111111111,69.44444444444444,"[65.4%, 64.0%, 75.6%, 67.5%, 73.1%, 71.5%, 73.1%, 71.4%, 63.4%]",,,,
8,weights,20,75,0.1,0.7938272764411154,1.0708388686180115,0.0001111111111111111,69.51111111111112,"[65.4%, 64.0%, 75.6%, 67.5%, 73.1%, 71.5%, 73.1%, 71.4%, 64.0%]",,,,
8,weights,21,76,0.1,0.7803360631194296,1.083935059607029,0.0001111111111111111,69.44444444444444,"[65.4%, 64.0%, 75.6%, 67.5%, 73.1%, 71.5%, 73.1%, 71.4%, 63.4%]",,,,
8,weights,22,77,0.1,0.7723427196092243,1.1629430186003447,0.0001111111111111111,69.1,"[65.4%, 64.0%, 75.6%, 67.5%, 73.1%, 71.5%, 73.1%, 71.4%, 60.3%]",,,,
8,weights,23,78,0.1,0.7752425549905512,1.1036140359938145,0.0001111111111111111,69.16666666666667,"[65.4%, 64.0%, 75.6%, 67.5%, 73.1%, 71.5%, 73.1%, 71.4%, 60.9%]",,,,
8,weights,24,79,0.1,0.7611535953570016,1.0931953340768814,0.0001111111111111111,69.31111111111112,"[65.4%, 64.0%, 75.6%, 67.5%, 73.1%, 71.5%, 73.1%, 71.4%, 62.2%]",,,,
8,weights,25,80,0.1,0.7568574151660823,1.0716408602893353,0.0001111111111111111,69.45555555555556,"[65.4%, 64.0%, 75.6%, 67.5%, 73.1%, 71.5%, 73.1%, 71.4%, 63.5%]",50.87777777777778,"[23.7%, 40.7%, 72.4%, 62.0%, 61.6%, 56.2%, 63.7%, 53.5%, 24.1%]",57.74444444444445,"[53.4%, 50.1%, 67.4%, 67.5%, 61.6%, 52.6%, 73.1%, 53.5%, 40.5%]"
9,parallel,1,1,0.1,6.328279489203345,5.071573078632355,0.0001111111111111111,62.510000000000005,"[65.4%, 64.0%, 75.6%, 67.5%, 73.1%, 71.5%, 73.1%, 71.4%, 63.5%, 0.0%]",,,,
9,parallel,2,2,0.1,4.48728613612018,3.916731372475624,0.0001111111111111111,62.510000000000005,"[65.4%, 64.0%, 75.6%, 67.5%, 73.1%, 71.5%, 73.1%, 71.4%, 63.5%, 0.0%]",,,,
9,parallel,3,3,0.1,3.4094965608814096,2.862996131181717,0.0001111111111111111,63.510000000000005,"[65.4%, 64.0%, 75.6%, 67.5%, 73.1%, 71.5%, 73.1%, 71.4%, 63.5%, 10.0%]",,,,
9,parallel,4,4,0.1,2.595788862131819,2.445878803730011,0.0001111111111111111,63.510000000000005,"[65.4%, 64.0%, 75.6%, 67.5%, 73.1%, 71.5%, 73.1%, 71.4%, 63.5%, 10.0%]",,,,
9,parallel,5,5,0.1,2.4026302023778987,2.3735963255167007,0.0001111111111111111,63.510000000000005,"[65.4%, 64.0%, 75.6%, 67.5%, 73.1%, 71.5%, 73.1%, 71.4%, 63.5%, 10.0%]",,,,
9,parallel,6,6,0.1,2.3603537203390386,2.347304880619049,0.0001111111111111111,63.510000000000005,"[65.4%, 64.0%, 75.6%, 67.5%, 73.1%, 71.5%, 73.1%, 71.4%, 63.5%, 10.0%]",,,,
9,parallel,7,7,0.1,2.3435486208034466,2.335311710834503,0.0001111111111111111,63.510000000000005,"[65.4%, 64.0%, 75.6%, 67.5%, 73.1%, 71.5%, 73.1%, 71.4%, 63.5%, 10.0%]",,,,
9,parallel,8,8,0.1,2.3331288717970065,2.327608808875084,0.0001111111111111111,63.510000000000005,"[65.4%, 64.0%, 75.6%, 67.5%, 73.1%, 71.5%, 73.1%, 71.4%, 63.5%, 10.0%]",,,,
9,parallel,9,9,0.1,2.326411624498005,2.321756139397621,0.0001111111111111111,63.510000000000005,"[65.4%, 64.0%, 75.6%, 67.5%, 73.1%, 71.5%, 73.1%, 71.4%, 63.5%, 10.0%]",,,,
9,parallel,10,10,0.1,2.3226599844196176,2.3215775340795517,0.0001111111111111111,63.510000000000005,"[65.4%, 64.0%, 75.6%, 67.5%, 73.1%, 71.5%, 73.1%, 71.4%, 63.5%, 10.0%]",,,,
9,parallel,11,11,0.1,2.3212821604330327,2.316999241709709,0.0001111111111111111,63.510000000000005,"[65.4%, 64.0%, 75.6%, 67.5%, 73.1%, 71.5%, 73.1%, 71.4%, 63.5%, 10.0%]",,,,
9,parallel,12,12,0.1,2.320090619823601,2.31639701128006,0.0001111111111111111,63.510000000000005,"[65.4%, 64.0%, 75.6%, 67.5%, 73.1%, 71.5%, 73.1%, 71.4%, 63.5%, 10.0%]",,,,
9,parallel,13,13,0.1,2.3175990762589853,2.311032623052597,0.0001111111111111111,63.510000000000005,"[65.4%, 64.0%, 75.6%, 67.5%, 73.1%, 71.5%, 73.1%, 71.4%, 63.5%, 10.0%]",,,,
9,parallel,14,14,0.1,2.283359086966213,2.218978129327297,0.0001111111111111111,64.18,"[65.4%, 64.0%, 75.6%, 67.5%, 73.1%, 71.5%, 73.1%, 71.4%, 63.5%, 16.7%]",,,,
9,parallel,15,15,0.1,2.1155871530122394,1.995280034840107,0.0001111111111111111,65.39,"[65.4%, 64.0%, 75.6%, 67.5%, 73.1%, 71.5%, 73.1%, 71.4%, 63.5%, 28.8%]",,,,
9,parallel,16,16,0.1,1.9154790141914464,1.8401609361171722,0.0001111111111111111,65.78999999999999,"[65.4%, 64.0%, 75.6%, 67.5%, 73.1%, 71.5%, 73.1%, 71.4%, 63.5%, 32.8%]",,,,
9,parallel,17,17,0.1,1.8041994058633153,1.726783573627472,0.0001111111111111111,66.53999999999999,"[65.4%, 64.0%, 75.6%, 67.5%, 73.1%, 71.5%, 73.1%, 71.4%, 63.5%, 40.3%]",,,,
9,parallel,18,18,0.1,1.734992019737823,1.745605044066906,0.0001111111111111111,66.55,"[65.4%, 64.0%, 75.6%, 67.5%, 73.1%, 71.5%, 73.1%, 71.4%, 63.5%, 40.4%]",,,,
9,parallel,19,19,0.1,1.6494504349141181,1.6772267185151577,0.0001111111111111111,66.74,"[65.4%, 64.0%, 75.6%, 67.5%, 73.1%, 71.5%, 73.1%, 71.4%, 63.5%, 42.3%]",,,,
9,parallel,20,20,0.1,1.5943539052069942,1.5389207266271114,0.0001111111111111111,67.24,"[65.4%, 64.0%, 75.6%, 67.5%, 73.1%, 71.5%, 73.1%, 71.4%, 63.5%, 47.3%]",,,,
9,parallel,21,21,0.1,1.5337393480011179,1.5756244473159313,0.0001111111111111111,67.16,"[65.4%, 64.0%, 75.6%, 67.5%, 73.1%, 71.5%, 73.1%, 71.4%, 63.5%, 46.5%]",,,,
9,parallel,22,22,0.1,1.5238836882989617,1.5953332968056202,0.0001111111111111111,67.13000000000001,"[65.4%, 64.0%, 75.6%, 67.5%, 73.1%, 71.5%, 73.1%, 71.4%, 63.5%, 46.2%]",,,,
9,parallel,23,23,0.1,1.5004700467556338,1.4754209853708744,0.0001111111111111111,67.56,"[65.4%, 64.0%, 75.6%, 67.5%, 73.1%, 71.5%, 73.1%, 71.4%, 63.5%, 50.5%]",,,,
9,parallel,24,24,0.1,1.4473500357398503,1.566682644188404,0.0001111111111111111,67.07000000000001,"[65.4%, 64.0%, 75.6%, 67.5%, 73.1%, 71.5%, 73.1%, 71.4%, 63.5%, 45.6%]",,,,
9,parallel,25,25,0.1,1.4172002220455604,1.4741912372410297,0.0001111111111111111,67.55,"[65.4%, 64.0%, 75.6%, 67.5%, 73.1%, 71.5%, 73.1%, 71.4%, 63.5%, 50.4%]",,,,
9,parallel,26,26,0.1,1.374793355977988,1.4350377060472965,0.0001111111111111111,67.66,"[65.4%, 64.0%, 75.6%, 67.5%, 73.1%, 71.5%, 73.1%, 71.4%, 63.5%, 51.5%]",,,,
9,parallel,27,27,0.1,1.3419682798506338,1.4530009105801582,0.0001111111111111111,67.73,"[65.4%, 64.0%, 75.6%, 67.5%, 73.1%, 71.5%, 73.1%, 71.4%, 63.5%, 52.2%]",,,,
9,parallel,28,28,0.1,1.3281729085535943,1.3979279212653637,0.0001111111111111111,67.83000000000001,"[65.4%, 64.0%, 75.6%, 67.5%, 73.1%, 71.5%, 73.1%, 71.4%, 63.5%, 53.2%]",,,,
9,parallel,29,29,0.1,1.295743773255167,1.4459798596799374,0.0001111111111111111,67.58000000000001,"[65.4%, 64.0%, 75.6%, 67.5%, 73.1%, 71.5%, 73.1%, 71.4%, 63.5%, 50.7%]",,,,
9,parallel,30,30,0.1,1.3116789301739464,1.3238851837813854,0.0001111111111111111,67.99,"[65.4%, 64.0%, 75.6%, 67.5%, 73.1%, 71.5%, 73.1%, 71.4%, 63.5%, 54.8%]",,,,
9,parallel,31,31,0.1,1.266664228861845,1.3853888921439648,0.0001111111111111111,67.97,"[65.4%, 64.0%, 75.6%, 67.5%, 73.1%, 71.5%, 73.1%, 71.4%, 63.5%, 54.6%]",,,,
9,parallel,32,32,0.1,1.2277040006239204,1.3224980663508177,0.0001111111111111111,68.03999999999999,"[65.4%, 64.0%, 75.6%, 67.5%, 73.1%, 71.5%, 73.1%, 71.4%, 63.5%, 55.3%]",,,,
9,parallel,33,33,0.1,1.2322899948192547,1.3249361924827099,0.0001111111111111111,68.19,"[65.4%, 64.0%, 75.6%, 67.5%, 73.1%, 71.5%, 73.1%, 71.4%, 63.5%, 56.8%]",,,,
9,parallel,34,34,0.1,1.213232778295686,1.3657611887902021,0.0001111111111111111,67.97,"[65.4%, 64.0%, 75.6%, 67.5%, 73.1%, 71.5%, 73.1%, 71.4%, 63.5%, 54.6%]",,,,
9,parallel,35,35,0.1,1.177374221856081,1.3521464206278324,0.0001111111111111111,68.01,"[65.4%, 64.0%, 75.6%, 67.5%, 73.1%, 71.5%, 73.1%, 71.4%, 63.5%, 55.0%]",,,,
9,parallel,36,36,0.1,1.1591698067097724,1.3002271838486195,0.0001111111111111111,68.18,"[65.4%, 64.0%, 75.6%, 67.5%, 73.1%, 71.5%, 73.1%, 71.4%, 63.5%, 56.7%]",,,,
9,parallel,37,37,0.1,1.140116404883469,1.2543501257896423,0.0001111111111111111,68.16,"[65.4%, 64.0%, 75.6%, 67.5%, 73.1%, 71.5%, 73.1%, 71.4%, 63.5%, 56.5%]",,,,
9,parallel,38,38,0.1,1.1348748682420464,1.2677246555685997,0.0001111111111111111,68.13000000000001,"[65.4%, 64.0%, 75.6%, 67.5%, 73.1%, 71.5%, 73.1%, 71.4%, 63.5%, 56.2%]",,,,
9,parallel,39,39,0.1,1.1051113477236107,1.235290814191103,0.0001111111111111111,68.42,"[65.4%, 64.0%, 75.6%, 67.5%, 73.1%, 71.5%, 73.1%, 71.4%, 63.5%, 59.1%]",,,,
9,parallel,40,40,0.1,1.1013399868071834,1.2159415148198605,0.0001111111111111111,68.59,"[65.4%, 64.0%, 75.6%, 67.5%, 73.1%, 71.5%, 73.1%, 71.4%, 63.5%, 60.8%]",,,,
9,parallel,41,41,0.1,1.0713201678251918,1.2685363478958607,0.0001111111111111111,68.22,"[65.4%, 64.0%, 75.6%, 67.5%, 73.1%, 71.5%, 73.1%, 71.4%, 63.5%, 57.1%]",,,,
9,parallel,42,42,0.1,1.0586573760720748,1.2207375764846802,0.0001111111111111111,68.3,"[65.4%, 64.0%, 75.6%, 67.5%, 73.1%, 71.5%, 73.1%, 71.4%, 63.5%, 57.9%]",,,,
9,parallel,43,43,0.1,1.0394206333763991,1.1721132211387157,0.0001111111111111111,68.55,"[65.4%, 64.0%, 75.6%, 67.5%, 73.1%, 71.5%, 73.1%, 71.4%, 63.5%, 60.4%]",,,,
9,parallel,44,44,0.1,1.004863133913354,1.2813966535031796,0.0001111111111111111,68.34,"[65.4%, 64.0%, 75.6%, 67.5%, 73.1%, 71.5%, 73.1%, 71.4%, 63.5%, 58.3%]",,,,
9,parallel,45,45,0.1,1.0382387819169443,1.2604080233722925,0.0001111111111111111,68.27000000000001,"[65.4%, 64.0%, 75.6%, 67.5%, 73.1%, 71.5%, 73.1%, 71.4%, 63.5%, 57.6%]",,,,
9,parallel,46,46,0.1,1.0086775210839283,1.1975602246820927,0.0001111111111111111,68.59,"[65.4%, 64.0%, 75.6%, 67.5%, 73.1%, 71.5%, 73.1%, 71.4%, 63.5%, 60.8%]",,,,
9,parallel,47,47,0.1,1.0027591133419471,1.200014416128397,0.0001111111111111111,68.48,"[65.4%, 64.0%, 75.6%, 67.5%, 73.1%, 71.5%, 73.1%, 71.4%, 63.5%, 59.7%]",,,,
9,parallel,48,48,0.1,1.0121324937554854,1.1610651947557926,0.0001111111111111111,68.69,"[65.4%, 64.0%, 75.6%, 67.5%, 73.1%, 71.5%, 73.1%, 71.4%, 63.5%, 61.8%]",,,,
9,parallel,49,49,0.1,0.9739784975595112,1.1301588155329227,0.0001111111111111111,68.84,"[65.4%, 64.0%, 75.6%, 67.5%, 73.1%, 71.5%, 73.1%, 71.4%, 63.5%, 63.3%]",,,,
9,parallel,50,50,0.1,0.9685812434063682,1.1912673022598028,0.0001111111111111111,68.58000000000001,"[65.4%, 64.0%, 75.6%, 67.5%, 73.1%, 71.5%, 73.1%, 71.4%, 63.5%, 60.7%]",,,,
9,parallel,51,51,0.1,0.9431517908844766,1.1485688351094723,0.0001111111111111111,68.62,"[65.4%, 64.0%, 75.6%, 67.5%, 73.1%, 71.5%, 73.1%, 71.4%, 63.5%, 61.1%]",,,,
9,parallel,52,52,0.1,0.94140209201016,1.1550701037049294,0.0001111111111111111,68.64,"[65.4%, 64.0%, 75.6%, 67.5%, 73.1%, 71.5%, 73.1%, 71.4%, 63.5%, 61.3%]",,,,
9,parallel,53,53,0.1,0.9523491738717768,1.1041754223406315,0.0001111111111111111,68.75,"[65.4%, 64.0%, 75.6%, 67.5%, 73.1%, 71.5%, 73.1%, 71.4%, 63.5%, 62.4%]",,,,
9,parallel,54,54,0.1,0.9354258624813224,1.0697944350540638,0.0001111111111111111,68.96000000000001,"[65.4%, 64.0%, 75.6%, 67.5%, 73.1%, 71.5%, 73.1%, 71.4%, 63.5%, 64.5%]",,,,
9,parallel,55,55,0.1,0.905608252633976,1.1043945159763098,0.0001111111111111111,68.97,"[65.4%, 64.0%, 75.6%, 67.5%, 73.1%, 71.5%, 73.1%, 71.4%, 63.5%, 64.6%]",,,,
9,weights,1,56,0.1,0.8959763600856443,1.0993494614958763,0.0001111111111111111,68.8,"[65.4%, 64.0%, 75.6%, 67.5%, 73.1%, 71.5%, 73.1%, 71.4%, 63.5%, 62.9%]",,,,
9,weights,2,57,0.1,0.8866841883599004,1.065977320075035,0.0001111111111111111,68.98,"[65.4%, 64.0%, 75.6%, 67.5%, 73.1%, 71.5%, 73.1%, 71.4%, 63.5%, 64.7%]",,,,
9,weights,3,58,0.1,0.8943148564688767,1.130021147429943,0.0001111111111111111,68.74,"[65.4%, 64.0%, 75.6%, 67.5%, 73.1%, 71.5%, 73.1%, 71.4%, 63.5%, 62.3%]",,,,
9,weights,4,59,0.1,0.8735242772705948,1.0687880143523216,0.0001111111111111111,69.03,"[65.4%, 64.0%, 75.6%, 67.5%, 73.1%, 71.5%, 73.1%, 71.4%, 63.5%, 65.2%]",,,,
9,weights,5,60,0.1,0.8437041142318822,1.1020979396998882,0.0001111111111111111,68.89,"[65.4%, 64.0%, 75.6%, 67.5%, 73.1%, 71.5%, 73.1%, 71.4%, 63.5%, 63.8%]",,,,
9,weights,6,61,0.1,0.8517466579811482,1.0675764419138432,0.0001111111111111111,68.92,"[65.4%, 64.0%, 75.6%, 67.5%, 73.1%, 71.5%, 73.1%, 71.4%, 63.5%, 64.1%]",,,,
9,weights,7,62,0.1,0.8666111360999602,1.052252532914281,0.0001111111111111111,68.98,"[65.4%, 64.0%, 75.6%, 67.5%, 73.1%, 71.5%, 73.1%, 71.4%, 63.5%, 64.7%]",,,,
9,weights,8,63,0.1,0.8273394586919229,1.1116224229335785,0.0001111111111111111,68.86,"[65.4%, 64.0%, 75.6%, 67.5%, 73.1%, 71.5%, 73.1%, 71.4%, 63.5%, 63.5%]",,,,
9,weights,9,64,0.1,0.8309445366074767,0.9833239577710629,0.0001111111111111111,69.19,"[65.4%, 64.0%, 75.6%, 67.5%, 73.1%, 71.5%, 73.1%, 71.4%, 63.5%, 66.8%]",,,,
9,weights,10,65,0.1,0.8131240323374543,1.0455966889858246,0.0001111111111111111,69.03,"[65.4%, 64.0%, 75.6%, 67.5%, 73.1%, 71.5%, 73.1%, 71.4%, 63.5%, 65.2%]",,,,
9,weights,11,66,0.1,0.811005568957027,1.10671397857368,0.0001111111111111111,68.75,"[65.4%, 64.0%, 75.6%, 67.5%, 73.1%, 71.5%, 73.1%, 71.4%, 63.5%, 62.4%]",,,,
9,weights,12,67,0.1,0.8128157401386695,1.0708220154047012,0.0001111111111111111,69.03,"[65.4%, 64.0%, 75.6%, 67.5%, 73.1%, 71.5%, 73.1%, 71.4%, 63.5%, 65.2%]",,,,
9,weights,13,68,0.1,0.7978834272185459,1.0736624915152788,0.0001111111111111111,68.98,"[65.4%, 64.0%, 75.6%, 67.5%, 73.1%, 71.5%, 73.1%, 71.4%, 63.5%, 64.7%]",,,,
9,weights,14,69,0.1,0.8154053654097304,1.0538850724697113,0.0001111111111111111,69.13000000000001,"[65.4%, 64.0%, 75.6%, 67.5%, 73.1%, 71.5%, 73.1%, 71.4%, 63.5%, 66.2%]",,,,
9,weights,15,70,0.1,0.7696856716765633,1.0167913027107716,0.0001111111111111111,69.16,"[65.4%, 64.0%, 75.6%, 67.5%, 73.1%, 71.5%, 73.1%, 71.4%, 63.5%, 66.5%]",,,,
9,weights,16,71,0.1,0.7640048257912262,1.0363154243677855,0.0001111111111111111,69.18,"[65.4%, 64.0%, 75.6%, 67.5%, 73.1%, 71.5%, 73.1%, 71.4%, 63.5%, 66.7%]",,,,
9,weights,17,72,0.1,0.7538904291165026,1.0299151465296745,0.0001111111111111111,69.18,"[65.4%, 64.0%, 75.6%, 67.5%, 73.1%, 71.5%, 73.1%, 71.4%, 63.5%, 66.7%]",,,,
9,weights,18,73,0.1,0.7529020026514802,1.0699791125953197,0.0001111111111111111,69.15,"[65.4%, 64.0%, 75.6%, 67.5%, 73.1%, 71.5%, 73.1%, 71.4%, 63.5%, 66.4%]",,,,
9,weights,19,74,0.1,0.7506854575646075,1.0217136144638062,0.0001111111111111111,69.2,"[65.4%, 64.0%, 75.6%, 67.5%, 73.1%, 71.5%, 73.1%, 71.4%, 63.5%, 66.9%]",,,,
9,weights,20,75,0.1,0.7466175669356238,1.0769319329410791,0.0001111111111111111,68.97,"[65.4%, 64.0%, 75.6%, 67.5%, 73.1%, 71.5%, 73.1%, 71.4%, 63.5%, 64.6%]",,,,
9,weights,21,76,0.1,0.7520923731447775,1.0385363847017288,0.0001111111111111111,69.18,"[65.4%, 64.0%, 75.6%, 67.5%, 73.1%, 71.5%, 73.1%, 71.4%, 63.5%, 66.7%]",,,,
9,weights,22,77,0.1,0.7467336149155339,1.0366091132164001,0.0001111111111111111,69.17,"[65.4%, 64.0%, 75.6%, 67.5%, 73.1%, 71.5%, 73.1%, 71.4%, 63.5%, 66.6%]",,,,
9,weights,23,78,0.1,0.7143307241457927,0.9944204296916723,0.0001111111111111111,69.27000000000001,"[65.4%, 64.0%, 75.6%, 67.5%, 73.1%, 71.5%, 73.1%, 71.4%, 63.5%, 67.6%]",,,,
9,weights,24,79,0.1,0.7056744291058069,0.9778698552399874,0.0001111111111111111,69.28,"[65.4%, 64.0%, 75.6%, 67.5%, 73.1%, 71.5%, 73.1%, 71.4%, 63.5%, 67.7%]",,,,
9,weights,25,80,0.1,0.7269616259049766,1.0618180111050606,0.0001111111111111111,69.12,"[65.4%, 64.0%, 75.6%, 67.5%, 73.1%, 71.5%, 73.1%, 71.4%, 63.5%, 66.1%]",48.78,"[23.7%, 40.7%, 72.4%, 62.0%, 61.6%, 56.2%, 63.7%, 53.5%, 24.1%, 29.9%]",53.53000000000001,"[53.4%, 46.2%, 67.4%, 67.5%, 61.6%, 52.6%, 59.0%, 53.5%, 40.5%, 33.6%]"
