task_idx,phase,epoch_in_phase,global_epoch,kappa,train_loss,val_loss,lr,til_avg,til_per_task,cil_stand_avg,cil_stand_per_task,cil_znorm_avg,cil_znorm_per_task
0,parallel,1,1,0.5,2.5382204749916175,2.191437676548958,0.001,16.3,[16.3%],,,,
0,parallel,2,2,0.5,2.113976093787181,1.9749918803572655,0.001,29.9,[29.9%],,,,
0,parallel,3,3,0.5,1.9042724702931657,1.8061643987894058,0.001,37.2,[37.2%],,,,
0,parallel,4,4,0.5,1.7451266216326364,1.6258164122700691,0.001,45.2,[45.2%],,,,
0,parallel,5,5,0.4899375100144209,1.628006649922721,1.5115192979574203,0.001,48.8,[48.8%],,,,
0,parallel,6,6,0.4743000416599904,1.5302347563490082,1.4606908671557903,0.001,48.3,[48.3%],,,,
0,parallel,7,7,0.45898257330556,1.41909202895587,1.5214874222874641,0.001,48.1,[48.1%],,,,
0,parallel,8,8,0.44398510495112964,1.3427515814575968,1.3202347047626972,0.001,55.1,[55.1%],,,,
0,parallel,9,9,0.42930763659669924,1.2926776288430901,1.315093319863081,0.001,54.7,[54.7%],,,,
0,parallel,10,10,0.4149501682422688,1.2403830048404163,1.2616548277437687,0.001,56.8,[56.8%],,,,
0,parallel,11,11,0.4009126998878385,1.188434059106851,1.1402392070740461,0.001,61.2,[61.2%],,,,
0,parallel,12,12,0.3871952315334082,1.1121366024017334,1.2123595112934709,0.001,60.0,[60.0%],,,,
0,parallel,13,13,0.3737977631789777,1.1096115572543084,1.2040590904653072,0.001,57.9,[57.9%],,,,
0,parallel,14,14,0.36072029482454737,1.0182946618599227,1.2157272482290864,0.001,58.7,[58.7%],,,,
0,parallel,15,15,0.34796282647011695,1.0382291033298154,1.0002239719033241,0.001,66.3,[66.3%],,,,
0,parallel,16,16,0.33552535811568657,1.0488550202755988,1.0326913017779589,0.001,65.9,[65.9%],,,,
0,parallel,17,17,0.32340788976125623,0.9882483233379412,0.9949563890695572,0.001,65.0,[65.0%],,,,
0,parallel,18,18,0.3116104214068258,0.9367117323452914,1.128067098557949,0.001,62.8,[62.8%],,,,
0,parallel,19,19,0.3001329530523955,0.9330554649799685,1.1459982879459858,0.001,62.2,[62.2%],,,,
0,parallel,20,20,0.2889754846979651,0.9373350188701968,1.0384769700467587,0.001,64.0,[64.0%],,,,
0,parallel,21,21,0.2781380163435347,0.9276052720939056,0.9969510566443205,0.001,66.1,[66.1%],,,,
0,parallel,22,22,0.2676205479891044,0.9007025745850575,0.9142589792609215,0.001,69.2,[69.2%],,,,
0,parallel,23,23,0.257423079634674,0.9654040253615077,1.0300504583865404,0.001,66.9,[66.9%],,,,
0,parallel,24,24,0.24754561128024358,0.9036042237583595,1.1506396811455488,0.001,61.7,[61.7%],,,,
0,parallel,25,25,0.2379881429258132,0.8877692313133916,1.1232212483882904,0.001,62.3,[62.3%],,,,
0,parallel,26,26,0.2287506745713828,0.8877021519443656,0.9675517473369837,0.001,67.7,[67.7%],,,,
0,parallel,27,27,0.21983320621695243,0.8631584523599359,0.9784120544791222,0.0003333333333333333,66.5,[66.5%],,,,
0,parallel,28,28,0.21123573786252203,0.7618476620203332,0.9150603972375393,0.0003333333333333333,70.1,[70.1%],,,,
0,parallel,29,29,0.20295826950809165,0.8165716196917281,0.9381125047802925,0.0003333333333333333,69.7,[69.7%],,,,
0,parallel,30,30,0.1950008011536613,0.808326428072362,0.909258633852005,0.0003333333333333333,71.2,[71.2%],,,,
0,parallel,31,31,0.1873633327992309,0.8513026290302035,0.943569228053093,0.0003333333333333333,69.8,[69.8%],,,,
0,parallel,32,32,0.18004586444480053,0.8425149691255787,0.9687128998339176,0.0003333333333333333,68.9,[68.9%],,,,
0,parallel,33,33,0.17304839609037015,0.8331970497022702,0.9392804950475693,0.0003333333333333333,70.0,[70.0%],,,,
0,parallel,34,34,0.16637092773593976,0.9657797722876826,1.0236112251877785,0.0003333333333333333,68.1,[68.1%],,,,
0,parallel,35,35,0.16001345938150938,0.9319349897058704,1.0859640389680862,0.0001111111111111111,65.8,[65.8%],,,,
0,parallel,36,36,0.153975991027079,1.0021377635907522,1.192085325717926,0.0001111111111111111,61.5,[61.5%],,,,
0,parallel,37,37,0.14825852267264863,1.0540142278128033,1.2613795176148415,0.0001111111111111111,59.9,[59.9%],,,,
0,parallel,38,38,0.14286105431821824,1.0486563119707228,1.207232754677534,0.0001111111111111111,62.2,[62.2%],,,,
0,parallel,39,39,0.13778358596378787,1.3821170330047607,1.338926762342453,0.0001111111111111111,58.8,[58.8%],,,,
0,parallel,40,40,0.13302611760935748,1.248703217204613,1.292453184723854,0.0001111111111111111,59.3,[59.3%],,,,
0,parallel,41,41,0.12858864925492708,1.2686684116532532,1.3117163255810738,0.0001111111111111111,59.7,[59.7%],,,,
0,parallel,42,42,0.12447118090049673,1.3722918395754657,1.4500339068472385,0.0001111111111111111,54.0,[54.0%],,,,
0,parallel,43,43,0.12067371254606635,1.3826716127274912,1.4292391017079353,0.0001111111111111111,54.4,[54.4%],,,,
0,parallel,44,44,0.11719624419163596,1.301857451849346,1.3476834744215012,0.0001111111111111111,58.7,[58.7%],,,,
0,parallel,45,45,0.11403877583720558,1.3426860374740408,1.371583767235279,0.0001111111111111111,58.4,[58.4%],,,,
0,parallel,46,46,0.11120130748277521,1.3656855127479457,1.396415688097477,0.0001111111111111111,59.1,[59.1%],,,,
0,parallel,47,47,0.10868383912834481,1.5397215040424201,1.6072296276688576,0.0001111111111111111,49.0,[49.0%],,,,
0,parallel,48,48,0.10648637077391443,1.5311037347286562,1.5095991380512714,0.0001111111111111111,52.3,[52.3%],,,,
0,parallel,49,49,0.10460890241948406,1.4781366299979295,1.4761470295488834,0.0001111111111111111,53.5,[53.5%],,,,
0,parallel,50,50,0.10305143406505368,1.4354463528983201,1.4614967368543148,0.0001111111111111111,54.7,[54.7%],,,,
0,parallel,51,51,0.1018139657106233,1.3807069455521017,1.4156332351267338,0.0001111111111111111,55.3,[55.3%],,,,
0,parallel,52,52,0.10089649735619292,1.4630147822295563,1.4188015349209309,0.0001111111111111111,57.1,[57.1%],,,,
0,parallel,53,53,0.10029902900176255,1.382064107098157,1.3703889325261116,0.0001111111111111111,58.1,[58.1%],,,,
0,parallel,54,54,0.10002156064733217,1.330888154385965,1.3513920679688454,0.0001111111111111111,57.8,[57.8%],,,,
0,parallel,55,55,0.1,1.2959932760347295,1.3022325709462166,0.0001111111111111111,59.9,[59.9%],,,,
0,weights,1,56,0.1,1.2504332329653487,1.298246268182993,0.0001111111111111111,59.5,[59.5%],,,,
0,weights,2,57,0.1,1.235208338574518,1.306635856628418,0.0001111111111111111,59.3,[59.3%],,,,
0,weights,3,58,0.1,1.2303242668320862,1.239547785371542,0.0001111111111111111,61.5,[61.5%],,,,
0,weights,4,59,0.1,1.2131926613517954,1.2462723664939404,0.0001111111111111111,62.0,[62.0%],,,,
0,weights,5,60,0.1,1.1935085465636435,1.2197858951985836,0.0001111111111111111,60.6,[60.6%],,,,
0,weights,6,61,0.1,1.1610483844068986,1.2085460759699345,0.0001111111111111111,62.0,[62.0%],,,,
0,weights,7,62,0.1,1.1615667705294452,1.1869098357856274,0.0001111111111111111,63.8,[63.8%],,,,
0,weights,8,63,0.1,1.1479848306390303,1.1752467211335897,0.0001111111111111111,61.5,[61.5%],,,,
0,weights,9,64,0.1,1.1289530283288112,1.1982530616223812,0.0001111111111111111,61.8,[61.8%],,,,
0,weights,10,65,0.1,1.1071100770672666,1.1794594824314117,0.0001111111111111111,62.2,[62.2%],,,,
0,weights,11,66,0.1,1.1137661149230185,1.1654128320515156,0.0001111111111111111,63.2,[63.2%],,,,
0,weights,12,67,0.1,1.0933844394321683,1.1391445565968752,0.0001111111111111111,63.1,[63.1%],,,,
0,weights,13,68,0.1,1.0834382591368277,1.1501270812004805,0.0001111111111111111,62.3,[62.3%],,,,
0,weights,14,69,0.1,1.0734564631800108,1.1243338026106358,0.0001111111111111111,62.9,[62.9%],,,,
0,weights,15,70,0.1,1.0512868535669544,1.1131052449345589,0.0001111111111111111,62.8,[62.8%],,,,
0,weights,16,71,0.1,1.0469460359102563,1.1126919873058796,0.0001111111111111111,63.3,[63.3%],,,,
0,weights,17,72,0.1,1.0407387584070615,1.0870688073337078,0.0001111111111111111,64.5,[64.5%],,,,
0,weights,18,73,0.1,1.0382643123216266,1.075438316911459,0.0001111111111111111,64.8,[64.8%],,,,
0,weights,19,74,0.1,1.0253232830687413,1.0901629012078047,0.0001111111111111111,63.3,[63.3%],,,,
0,weights,20,75,0.1,1.0200310824792596,1.0909500196576118,0.0001111111111111111,63.8,[63.8%],,,,
0,weights,21,76,0.1,0.9999447200871721,1.088542241603136,0.0001111111111111111,62.7,[62.7%],,,,
0,weights,22,77,0.1,1.0037611843664436,1.0745323654264212,0.0001111111111111111,63.3,[63.3%],,,,
0,weights,23,78,0.1,0.9785180197486395,1.071993712335825,0.0001111111111111111,64.3,[64.3%],,,,
0,weights,24,79,0.1,0.9825836872752709,1.0671971458941698,0.0001111111111111111,63.4,[63.4%],,,,
0,weights,25,80,0.1,0.9936841620674616,1.0541339814662933,0.0001111111111111111,63.7,[63.7%],63.7,[63.7%],63.7,[63.7%]
1,parallel,1,1,0.5,2.925966090793851,2.3407343178987503,0.0001111111111111111,36.85,"[63.7%, 10.0%]",,,,
1,parallel,2,2,0.5,2.2799549615835843,2.1171857193112373,0.0001111111111111111,41.400000000000006,"[63.7%, 19.1%]",,,,
1,parallel,3,3,0.5,2.082626289959195,2.126967780292034,0.0001111111111111111,41.3,"[63.7%, 18.9%]",,,,
1,parallel,4,4,0.5,2.0009993661808063,1.9545798897743225,0.0001111111111111111,43.85,"[63.7%, 24.0%]",,,,
1,parallel,5,5,0.4899375100144209,1.9233501681798622,1.870901457965374,0.0001111111111111111,46.400000000000006,"[63.7%, 29.1%]",,,,
1,parallel,6,6,0.4743000416599904,1.8007297621497624,1.7712006866931915,0.0001111111111111111,49.400000000000006,"[63.7%, 35.1%]",,,,
1,parallel,7,7,0.45898257330556,1.7112184974211682,1.682201437652111,0.0001111111111111111,52.95,"[63.7%, 42.2%]",,,,
1,parallel,8,8,0.44398510495112964,1.6034273935269705,1.5649994052946568,0.0001111111111111111,54.3,"[63.7%, 44.9%]",,,,
1,parallel,9,9,0.42930763659669924,1.526170798494846,1.541608516126871,0.0001111111111111111,54.95,"[63.7%, 46.2%]",,,,
1,parallel,10,10,0.4149501682422688,1.449507465845422,1.454682819545269,0.0001111111111111111,56.75,"[63.7%, 49.8%]",,,,
1,parallel,11,11,0.4009126998878385,1.369649761839758,1.3646900467574596,0.0001111111111111111,58.2,"[63.7%, 52.7%]",,,,
1,parallel,12,12,0.3871952315334082,1.3060767409167713,1.281337957829237,0.0001111111111111111,59.5,"[63.7%, 55.3%]",,,,
1,parallel,13,13,0.3737977631789777,1.2861155633684955,1.2366399429738522,0.0001111111111111111,59.85,"[63.7%, 56.0%]",,,,
1,parallel,14,14,0.36072029482454737,1.2050468770763543,1.2229813747107983,0.0001111111111111111,60.650000000000006,"[63.7%, 57.6%]",,,,
1,parallel,15,15,0.34796282647011695,1.148641876782043,1.2573980577290058,0.0001111111111111111,59.95,"[63.7%, 56.2%]",,,,
1,parallel,16,16,0.33552535811568657,1.1102759906008273,1.1822915151715279,0.0001111111111111111,61.7,"[63.7%, 59.7%]",,,,
1,parallel,17,17,0.32340788976125623,1.088079822968833,1.1569093763828278,0.0001111111111111111,61.55,"[63.7%, 59.4%]",,,,
1,parallel,18,18,0.3116104214068258,1.068753983401045,1.17572633177042,0.0001111111111111111,61.45,"[63.7%, 59.2%]",,,,
1,parallel,19,19,0.3001329530523955,1.0489432796647278,1.151692345738411,0.0001111111111111111,62.85,"[63.7%, 62.0%]",,,,
1,parallel,20,20,0.2889754846979651,1.03591911174074,1.2118397876620293,0.0001111111111111111,62.150000000000006,"[63.7%, 60.6%]",,,,
1,parallel,21,21,0.2781380163435347,1.051298431203335,1.1710141822695732,0.0001111111111111111,63.1,"[63.7%, 62.5%]",,,,
1,parallel,22,22,0.2676205479891044,0.9887603808052933,1.1643631123006344,0.0001111111111111111,62.900000000000006,"[63.7%, 62.1%]",,,,
1,parallel,23,23,0.257423079634674,0.9977934066253372,1.1304186694324017,0.0001111111111111111,62.85,"[63.7%, 62.0%]",,,,
1,parallel,24,24,0.24754561128024358,1.005736849730528,1.2245796360075474,0.0001111111111111111,61.7,"[63.7%, 59.7%]",,,,
1,parallel,25,25,0.2379881429258132,0.9870202933685689,1.114715863019228,0.0001111111111111111,63.400000000000006,"[63.7%, 63.1%]",,,,
1,parallel,26,26,0.2287506745713828,0.9908001045637493,1.171008300036192,0.0001111111111111111,62.0,"[63.7%, 60.3%]",,,,
1,parallel,27,27,0.21983320621695243,0.9641963703722893,1.1394810751080513,0.0001111111111111111,62.6,"[63.7%, 61.5%]",,,,
1,parallel,28,28,0.21123573786252203,1.0087544050397752,1.1279822252690792,0.0001111111111111111,63.5,"[63.7%, 63.3%]",,,,
1,parallel,29,29,0.20295826950809165,1.0067176705674281,1.2163457795977592,0.0001111111111111111,60.900000000000006,"[63.7%, 58.1%]",,,,
1,parallel,30,30,0.1950008011536613,0.9977123941047282,1.1289345435798168,0.0001111111111111111,62.75,"[63.7%, 61.8%]",,,,
1,parallel,31,31,0.1873633327992309,1.0046939548057845,1.1676131375133991,0.0001111111111111111,61.6,"[63.7%, 59.5%]",,,,
1,parallel,32,32,0.18004586444480053,0.9605627806880807,1.1412449888885021,0.0001111111111111111,62.2,"[63.7%, 60.7%]",,,,
1,parallel,33,33,0.17304839609037015,0.963106532640095,1.0795730613172054,0.0001111111111111111,63.8,"[63.7%, 63.9%]",,,,
1,parallel,34,34,0.16637092773593976,1.0072594115251228,1.083315908908844,0.0001111111111111111,63.55,"[63.7%, 63.4%]",,,,
1,parallel,35,35,0.16001345938150938,0.9596697401396835,1.1147446855902672,0.0001111111111111111,63.6,"[63.7%, 63.5%]",,,,
1,parallel,36,36,0.153975991027079,1.07507323313363,1.1686324179172516,0.0001111111111111111,62.2,"[63.7%, 60.7%]",,,,
1,parallel,37,37,0.14825852267264863,1.032999895041502,1.2251716516911983,0.0001111111111111111,60.75,"[63.7%, 57.8%]",,,,
1,parallel,38,38,0.14286105431821824,0.9783354854281945,1.1596730090677738,0.0001111111111111111,62.45,"[63.7%, 61.2%]",,,,
1,parallel,39,39,0.13778358596378787,1.2086562763286541,1.2569167613983154,0.0001111111111111111,59.95,"[63.7%, 56.2%]",,,,
1,parallel,40,40,0.13302611760935748,1.1108386116691782,1.1461252495646477,0.0001111111111111111,62.0,"[63.7%, 60.3%]",,,,
1,parallel,41,41,0.12858864925492708,1.0867702806297737,1.1755054630339146,0.0001111111111111111,61.5,"[63.7%, 59.3%]",,,,
1,parallel,42,42,0.12447118090049673,1.191146640837947,1.3249836303293705,0.0001111111111111111,59.400000000000006,"[63.7%, 55.1%]",,,,
1,parallel,43,43,0.12067371254606635,1.126854039445708,1.1621241383254528,0.0001111111111111111,63.400000000000006,"[63.7%, 63.1%]",,,,
1,parallel,44,44,0.11719624419163596,1.0863936965978598,1.1547144204378128,0.0001111111111111111,62.650000000000006,"[63.7%, 61.6%]",,,,
1,parallel,45,45,0.11403877583720558,1.118953807444512,1.1047428660094738,0.0001111111111111111,62.85,"[63.7%, 62.0%]",,,,
1,parallel,46,46,0.11120130748277521,1.0499950828431528,1.1400880217552185,0.0001111111111111111,62.400000000000006,"[63.7%, 61.1%]",,,,
1,parallel,47,47,0.10868383912834481,1.1687538842611676,1.3087337650358677,0.0001111111111111111,60.0,"[63.7%, 56.3%]",,,,
1,parallel,48,48,0.10648637077391443,1.1322859963284264,1.2646863125264645,0.0001111111111111111,60.2,"[63.7%, 56.7%]",,,,
1,parallel,49,49,0.10460890241948406,1.111097756820389,1.1693676114082336,0.0001111111111111111,62.45,"[63.7%, 61.2%]",,,,
1,parallel,50,50,0.10305143406505368,1.0586931705474854,1.1727288216352463,0.0001111111111111111,62.05,"[63.7%, 60.4%]",,,,
1,parallel,51,51,0.1018139657106233,1.0228377112859413,1.103596992790699,0.0001111111111111111,63.0,"[63.7%, 62.3%]",,,,
1,parallel,52,52,0.10089649735619292,1.0745021059543272,1.1646022237837315,0.0001111111111111111,62.05,"[63.7%, 60.4%]",,,,
1,parallel,53,53,0.10029902900176255,1.0126221074333674,1.1288824491202831,0.0001111111111111111,63.400000000000006,"[63.7%, 63.1%]",,,,
1,parallel,54,54,0.10002156064733217,0.9768717764299127,1.1078667752444744,0.0001111111111111111,63.2,"[63.7%, 62.7%]",,,,
1,parallel,55,55,0.1,0.9543176006667221,1.1598639450967312,0.0001111111111111111,62.0,"[63.7%, 60.3%]",,,,
1,weights,1,56,0.1,0.9431652117379105,1.064552366733551,0.0001111111111111111,64.05000000000001,"[63.7%, 64.4%]",,,,
1,weights,2,57,0.1,0.9149411833738978,1.107577171176672,0.0001111111111111111,63.05,"[63.7%, 62.4%]",,,,
1,weights,3,58,0.1,0.9316299829301955,1.1258408799767494,0.0001111111111111111,62.75,"[63.7%, 61.8%]",,,,
1,weights,4,59,0.1,0.916683974145334,1.0618086718022823,0.0001111111111111111,64.75,"[63.7%, 65.8%]",,,,
1,weights,5,60,0.1,0.8828444156465651,1.0893925875425339,0.0001111111111111111,63.7,"[63.7%, 63.7%]",,,,
1,weights,6,61,0.1,0.870125732844389,1.0512802563607693,0.0001111111111111111,64.75,"[63.7%, 65.8%]",,,,
1,weights,7,62,0.1,0.8538391371316547,1.0435515642166138,0.0001111111111111111,64.80000000000001,"[63.7%, 65.9%]",,,,
1,weights,8,63,0.1,0.8430616983884498,0.9931193441152573,0.0001111111111111111,64.9,"[63.7%, 66.1%]",,,,
1,weights,9,64,0.1,0.8253031146677234,1.0334213711321354,0.0001111111111111111,65.05000000000001,"[63.7%, 66.4%]",,,,
1,weights,10,65,0.1,0.8146401888962034,1.0403731390833855,0.0001111111111111111,64.85,"[63.7%, 66.0%]",,,,
1,weights,11,66,0.1,0.8174320157570175,1.015314307063818,0.0001111111111111111,65.35,"[63.7%, 67.0%]",,,,
1,weights,12,67,0.1,0.7855250703383095,1.022218942642212,0.0001111111111111111,64.65,"[63.7%, 65.6%]",,,,
1,weights,13,68,0.1,0.8091119976737832,1.0514742583036423,0.0001111111111111111,63.8,"[63.7%, 63.9%]",,,,
1,weights,14,69,0.1,0.7871480599234376,1.0136927776038647,0.0001111111111111111,65.0,"[63.7%, 66.3%]",,,,
1,weights,15,70,0.1,0.7638557760775844,1.0339530520141125,0.0001111111111111111,65.1,"[63.7%, 66.5%]",,,,
1,weights,16,71,0.1,0.7823970891252349,1.030092764645815,0.0001111111111111111,64.6,"[63.7%, 65.5%]",,,,
1,weights,17,72,0.1,0.761376916607724,1.0018094442784786,0.0001111111111111111,65.15,"[63.7%, 66.6%]",,,,
1,weights,18,73,0.1,0.7388986247249797,1.0012923628091812,0.0001111111111111111,65.0,"[63.7%, 66.3%]",,,,
1,weights,19,74,0.1,0.721526759712002,0.9818068705499172,0.0001111111111111111,65.55000000000001,"[63.7%, 67.4%]",,,,
1,weights,20,75,0.1,0.734555107128771,0.989452239125967,0.0001111111111111111,65.85,"[63.7%, 68.0%]",,,,
1,weights,21,76,0.1,0.7338797472700288,1.0037578083574772,0.0001111111111111111,65.45,"[63.7%, 67.2%]",,,,
1,weights,22,77,0.1,0.7038672313660006,0.982743639498949,0.0001111111111111111,66.0,"[63.7%, 68.3%]",,,,
1,weights,23,78,0.1,0.7162993916227848,1.0405614078044891,0.0001111111111111111,65.25,"[63.7%, 66.8%]",,,,
1,weights,24,79,0.1,0.7243250698982915,1.091609612107277,0.0001111111111111111,64.4,"[63.7%, 65.1%]",,,,
1,weights,25,80,0.1,0.704017207215104,1.048073649406433,0.0001111111111111111,65.05000000000001,"[63.7%, 66.4%]",51.0,"[35.6%, 66.4%]",57.650000000000006,"[48.9%, 66.4%]"
2,parallel,1,1,0.5,3.4420758229267747,2.3454806059598923,0.0001111111111111111,46.70000000000001,"[63.7%, 66.4%, 10.0%]",,,,
2,parallel,2,2,0.5,2.335716504084913,2.29803429543972,0.0001111111111111111,46.76666666666667,"[63.7%, 66.4%, 10.2%]",,,,
2,parallel,3,3,0.5,2.1438020452668396,2.0453968569636345,0.0001111111111111111,52.1,"[63.7%, 66.4%, 26.2%]",,,,
2,parallel,4,4,0.5,1.9023293302028994,1.799471814185381,0.0001111111111111111,55.400000000000006,"[63.7%, 66.4%, 36.1%]",,,,
2,parallel,5,5,0.4899375100144209,1.7346695850167093,1.6265523470938206,0.0001111111111111111,57.966666666666676,"[63.7%, 66.4%, 43.8%]",,,,
2,parallel,6,6,0.4743000416599904,1.607364167141009,1.465030461549759,0.0001111111111111111,60.53333333333334,"[63.7%, 66.4%, 51.5%]",,,,
2,parallel,7,7,0.45898257330556,1.445594167407555,1.3501510471105576,0.0001111111111111111,62.00000000000001,"[63.7%, 66.4%, 55.9%]",,,,
2,parallel,8,8,0.44398510495112964,1.3170441087288192,1.2502786815166473,0.0001111111111111111,63.23333333333334,"[63.7%, 66.4%, 59.6%]",,,,
2,parallel,9,9,0.42930763659669924,1.171627861035021,1.2429782822728157,0.0001111111111111111,63.00000000000001,"[63.7%, 66.4%, 58.9%]",,,,
2,parallel,10,10,0.4149501682422688,1.115353922300701,1.0063603073358536,0.0001111111111111111,66.16666666666667,"[63.7%, 66.4%, 68.4%]",,,,
2,parallel,11,11,0.4009126998878385,1.0288534873648534,0.9987194500863552,0.0001111111111111111,66.16666666666667,"[63.7%, 66.4%, 68.4%]",,,,
2,parallel,12,12,0.3871952315334082,0.9476573097554943,0.9532401338219643,0.0001111111111111111,66.7,"[63.7%, 66.4%, 70.0%]",,,,
2,parallel,13,13,0.3737977631789777,0.9174142012113258,0.8931477963924408,0.0001111111111111111,67.06666666666668,"[63.7%, 66.4%, 71.1%]",,,,
2,parallel,14,14,0.36072029482454737,0.8702483758141722,0.9502762909978628,0.0001111111111111111,66.26666666666667,"[63.7%, 66.4%, 68.7%]",,,,
2,parallel,15,15,0.34796282647011695,0.8221190171905711,0.9309439603239298,0.0001111111111111111,66.93333333333334,"[63.7%, 66.4%, 70.7%]",,,,
2,parallel,16,16,0.33552535811568657,0.7979556359822237,0.8574884608387947,0.0001111111111111111,67.86666666666667,"[63.7%, 66.4%, 73.5%]",,,,
2,parallel,17,17,0.32340788976125623,0.7790488774263407,0.8476327173411846,0.0001111111111111111,67.53333333333335,"[63.7%, 66.4%, 72.5%]",,,,
2,parallel,18,18,0.3116104214068258,0.7650694345371633,0.8801033087074757,0.0001111111111111111,66.83333333333334,"[63.7%, 66.4%, 70.4%]",,,,
2,parallel,19,19,0.3001329530523955,0.7185339222225962,0.87007916579023,0.0001111111111111111,67.56666666666668,"[63.7%, 66.4%, 72.6%]",,,,
2,parallel,20,20,0.2889754846979651,0.6949748630765118,0.8133758706972003,0.0001111111111111111,68.16666666666667,"[63.7%, 66.4%, 74.4%]",,,,
2,parallel,21,21,0.2781380163435347,0.6865502871290038,0.8766933530569077,0.0001111111111111111,66.7,"[63.7%, 66.4%, 70.0%]",,,,
2,parallel,22,22,0.2676205479891044,0.6694788864896267,0.9192486386746168,0.0001111111111111111,67.03333333333335,"[63.7%, 66.4%, 71.0%]",,,,
2,parallel,23,23,0.257423079634674,0.67434643491914,0.8246121164411306,0.0001111111111111111,68.03333333333335,"[63.7%, 66.4%, 74.0%]",,,,
2,parallel,24,24,0.24754561128024358,0.6885801817797408,0.76941236294806,0.0001111111111111111,68.2,"[63.7%, 66.4%, 74.5%]",,,,
2,parallel,25,25,0.2379881429258132,0.6677974500233614,0.8359624072909355,0.0001111111111111111,67.46666666666668,"[63.7%, 66.4%, 72.3%]",,,,
2,parallel,26,26,0.2287506745713828,0.7349681782571575,0.8333418443799019,0.0001111111111111111,67.76666666666667,"[63.7%, 66.4%, 73.2%]",,,,
2,parallel,27,27,0.21983320621695243,0.6652147322893143,0.7438513729721308,0.0001111111111111111,68.13333333333334,"[63.7%, 66.4%, 74.3%]",,,,
2,parallel,28,28,0.21123573786252203,0.738717870244497,0.7931633070111275,0.0001111111111111111,68.43333333333334,"[63.7%, 66.4%, 75.2%]",,,,
2,parallel,29,29,0.20295826950809165,0.7343007284629194,0.856055648997426,0.0001111111111111111,67.73333333333333,"[63.7%, 66.4%, 73.1%]",,,,
2,parallel,30,30,0.1950008011536613,0.704673720311515,0.7868722323328257,0.0001111111111111111,68.50000000000001,"[63.7%, 66.4%, 75.4%]",,,,
2,parallel,31,31,0.1873633327992309,0.7637126864511755,0.8483295198529959,0.0001111111111111111,67.30000000000001,"[63.7%, 66.4%, 71.8%]",,,,
2,parallel,32,32,0.18004586444480053,0.7268193167976186,0.862676402553916,0.0001111111111111111,67.56666666666668,"[63.7%, 66.4%, 72.6%]",,,,
2,parallel,33,33,0.17304839609037015,0.7120741632165788,0.7535470481961966,0.0001111111111111111,68.60000000000001,"[63.7%, 66.4%, 75.7%]",,,,
2,parallel,34,34,0.16637092773593976,0.8198418428626242,0.8388771712779999,0.0001111111111111111,67.83333333333334,"[63.7%, 66.4%, 73.4%]",,,,
2,parallel,35,35,0.16001345938150938,0.7610969558546815,0.8366977721452713,0.0001111111111111111,67.76666666666667,"[63.7%, 66.4%, 73.2%]",,,,
2,parallel,36,36,0.153975991027079,0.8095962744724902,0.8628920055925846,0.0001111111111111111,67.36666666666667,"[63.7%, 66.4%, 72.0%]",,,,
2,parallel,37,37,0.14825852267264863,0.8306219872040085,0.842293867841363,0.0001111111111111111,67.93333333333334,"[63.7%, 66.4%, 73.7%]",,,,
2,parallel,38,38,0.14286105431821824,0.745431657833389,0.8870079144835472,0.0001111111111111111,67.23333333333333,"[63.7%, 66.4%, 71.6%]",,,,
2,parallel,39,39,0.13778358596378787,0.8417297699783421,0.9149130098521709,0.0001111111111111111,67.2,"[63.7%, 66.4%, 71.5%]",,,,
2,parallel,40,40,0.13302611760935748,0.7871644368654565,0.893605949357152,0.0001111111111111111,67.26666666666667,"[63.7%, 66.4%, 71.7%]",,,,
2,parallel,41,41,0.12858864925492708,0.8266681447813783,0.9755622502416372,0.0001111111111111111,66.53333333333335,"[63.7%, 66.4%, 69.5%]",,,,
2,parallel,42,42,0.12447118090049673,0.8883460941193979,1.0357908122241497,0.0001111111111111111,65.56666666666668,"[63.7%, 66.4%, 66.6%]",,,,
2,parallel,43,43,0.12067371254606635,0.806466467772858,0.9313294626772404,0.0001111111111111111,66.60000000000001,"[63.7%, 66.4%, 69.7%]",,,,
2,parallel,44,44,0.11719624419163596,0.7730594937559925,0.9371353574097157,0.0001111111111111111,67.13333333333334,"[63.7%, 66.4%, 71.3%]",,,,
2,parallel,45,45,0.11403877583720558,0.8556555720824229,0.8743952214717865,0.0001111111111111111,67.60000000000001,"[63.7%, 66.4%, 72.7%]",,,,
2,parallel,46,46,0.11120130748277521,0.785004250610931,0.8486554436385632,0.0001111111111111111,67.73333333333333,"[63.7%, 66.4%, 73.1%]",,,,
2,parallel,47,47,0.10868383912834481,0.9310233947596972,0.9527880661189556,0.0001111111111111111,66.63333333333334,"[63.7%, 66.4%, 69.8%]",,,,
2,parallel,48,48,0.10648637077391443,0.8651011027867281,0.8981144521385431,0.0001111111111111111,66.9,"[63.7%, 66.4%, 70.6%]",,,,
2,parallel,49,49,0.10460890241948406,0.8278733752196348,0.8220065534114838,0.0001111111111111111,67.50000000000001,"[63.7%, 66.4%, 72.4%]",,,,
2,parallel,50,50,0.10305143406505368,0.7667290575896637,0.85762644931674,0.0001111111111111111,67.10000000000001,"[63.7%, 66.4%, 71.2%]",,,,
2,parallel,51,51,0.1018139657106233,0.7414368372174758,0.8478208286687732,0.0001111111111111111,67.7,"[63.7%, 66.4%, 73.0%]",,,,
2,parallel,52,52,0.10089649735619292,0.8315464235559294,0.926796518266201,0.0001111111111111111,66.4,"[63.7%, 66.4%, 69.1%]",,,,
2,parallel,53,53,0.10029902900176255,0.7617373119426679,0.8573163263499737,0.0001111111111111111,67.16666666666667,"[63.7%, 66.4%, 71.4%]",,,,
2,parallel,54,54,0.10002156064733217,0.7124976289423206,0.8516947496682405,0.0001111111111111111,67.33333333333334,"[63.7%, 66.4%, 71.9%]",,,,
2,parallel,55,55,0.1,0.7105583571180513,0.7916639931499958,0.0001111111111111111,67.96666666666668,"[63.7%, 66.4%, 73.8%]",,,,
2,weights,1,56,0.1,0.704250846859775,0.7689068671315908,0.0001111111111111111,68.00000000000001,"[63.7%, 66.4%, 73.9%]",,,,
2,weights,2,57,0.1,0.6590512775922124,0.8015827871859074,0.0001111111111111111,68.06666666666668,"[63.7%, 66.4%, 74.1%]",,,,
2,weights,3,58,0.1,0.6528598009785519,0.806501092389226,0.0001111111111111111,67.73333333333333,"[63.7%, 66.4%, 73.1%]",,,,
2,weights,4,59,0.1,0.6381022122841847,0.8480065185576677,0.0001111111111111111,67.86666666666667,"[63.7%, 66.4%, 73.5%]",,,,
2,weights,5,60,0.1,0.6172305598289152,0.82220752350986,0.0001111111111111111,67.53333333333335,"[63.7%, 66.4%, 72.5%]",,,,
2,weights,6,61,0.1,0.6281187779541257,0.7759059425443411,0.0001111111111111111,68.36666666666667,"[63.7%, 66.4%, 75.0%]",,,,
2,weights,7,62,0.1,0.6050393513486355,0.8087815064936876,0.0001111111111111111,67.7,"[63.7%, 66.4%, 73.0%]",,,,
2,weights,8,63,0.1,0.5935382744933986,0.75807667337358,0.0001111111111111111,68.30000000000001,"[63.7%, 66.4%, 74.8%]",,,,
2,weights,9,64,0.1,0.5871329816836345,0.7931637680158019,0.0001111111111111111,68.26666666666667,"[63.7%, 66.4%, 74.7%]",,,,
2,weights,10,65,0.1,0.5787503270408775,0.8363010403700173,0.0001111111111111111,67.56666666666668,"[63.7%, 66.4%, 72.6%]",,,,
2,weights,11,66,0.1,0.5746646919582463,0.7430553454905748,0.0001111111111111111,68.83333333333334,"[63.7%, 66.4%, 76.4%]",,,,
2,weights,12,67,0.1,0.5543797900782356,0.7781624104827642,0.0001111111111111111,68.23333333333333,"[63.7%, 66.4%, 74.6%]",,,,
2,weights,13,68,0.1,0.5710341700270206,0.7275550393387675,0.0001111111111111111,68.63333333333334,"[63.7%, 66.4%, 75.8%]",,,,
2,weights,14,69,0.1,0.5450401287290114,0.746648384258151,0.0001111111111111111,68.76666666666667,"[63.7%, 66.4%, 76.2%]",,,,
2,weights,15,70,0.1,0.535131379018856,0.7354990318417549,0.0001111111111111111,68.83333333333334,"[63.7%, 66.4%, 76.4%]",,,,
2,weights,16,71,0.1,0.5177277568020399,0.7665792535990477,0.0001111111111111111,69.06666666666668,"[63.7%, 66.4%, 77.1%]",,,,
2,weights,17,72,0.1,0.5244662776778016,0.7476932387799025,0.0001111111111111111,68.56666666666668,"[63.7%, 66.4%, 75.6%]",,,,
2,weights,18,73,0.1,0.5148418198657941,0.7408840823918581,0.0001111111111111111,68.93333333333334,"[63.7%, 66.4%, 76.7%]",,,,
2,weights,19,74,0.1,0.5195265114307404,0.7788284253329039,0.0001111111111111111,68.36666666666667,"[63.7%, 66.4%, 75.0%]",,,,
2,weights,20,75,0.1,0.4965911899940877,0.7576681226491928,0.0001111111111111111,68.36666666666667,"[63.7%, 66.4%, 75.0%]",,,,
2,weights,21,76,0.1,0.4643143857770328,0.7190754059702158,0.0001111111111111111,69.06666666666668,"[63.7%, 66.4%, 77.1%]",,,,
2,weights,22,77,0.1,0.4880146101305756,0.7078950088471174,0.0001111111111111111,69.23333333333333,"[63.7%, 66.4%, 77.6%]",,,,
2,weights,23,78,0.1,0.485515820074685,0.7385200448334217,0.0001111111111111111,68.76666666666667,"[63.7%, 66.4%, 76.2%]",,,,
2,weights,24,79,0.1,0.4929252000926416,0.7699105199426413,0.0001111111111111111,68.73333333333333,"[63.7%, 66.4%, 76.1%]",,,,
2,weights,25,80,0.1,0.49852083095266847,0.6986657064408064,0.0001111111111111111,69.56666666666668,"[63.7%, 66.4%, 78.6%]",57.96666666666667,"[28.9%, 66.4%, 78.6%]",64.63333333333334,"[48.9%, 66.4%, 78.6%]"
3,parallel,1,1,0.5,3.915855724600297,2.364497482776642,0.0001111111111111111,54.675000000000004,"[63.7%, 66.4%, 78.6%, 10.0%]",,,,
3,parallel,2,2,0.5,2.351017221619811,2.3330064564943314,0.0001111111111111111,54.675000000000004,"[63.7%, 66.4%, 78.6%, 10.0%]",,,,
3,parallel,3,3,0.5,2.3269889897938016,2.306552678346634,0.0001111111111111111,54.7,"[63.7%, 66.4%, 78.6%, 10.1%]",,,,
3,parallel,4,4,0.5,2.158486022224909,2.0519692674279213,0.0001111111111111111,57.85,"[63.7%, 66.4%, 78.6%, 22.7%]",,,,
3,parallel,5,5,0.4899375100144209,1.922699065148076,1.8974510952830315,0.0001111111111111111,60.175000000000004,"[63.7%, 66.4%, 78.6%, 32.0%]",,,,
3,parallel,6,6,0.4743000416599904,1.7163248771353612,1.7059748992323875,0.0001111111111111111,61.875,"[63.7%, 66.4%, 78.6%, 38.8%]",,,,
3,parallel,7,7,0.45898257330556,1.601998136013369,1.6030732952058315,0.0001111111111111111,62.875,"[63.7%, 66.4%, 78.6%, 42.8%]",,,,
3,parallel,8,8,0.44398510495112964,1.5093569770643982,1.7160477191209793,0.0001111111111111111,62.10000000000001,"[63.7%, 66.4%, 78.6%, 39.7%]",,,,
3,parallel,9,9,0.42930763659669924,1.467876604086236,1.4153010081499815,0.0001111111111111111,65.35000000000001,"[63.7%, 66.4%, 78.6%, 52.7%]",,,,
3,parallel,10,10,0.4149501682422688,1.3720298975328855,1.378153681755066,0.0001111111111111111,65.55000000000001,"[63.7%, 66.4%, 78.6%, 53.5%]",,,,
3,parallel,11,11,0.4009126998878385,1.2831697637521768,1.3958963118493557,0.0001111111111111111,65.375,"[63.7%, 66.4%, 78.6%, 52.8%]",,,,
3,parallel,12,12,0.3871952315334082,1.212584977663016,1.3597913794219494,0.0001111111111111111,65.575,"[63.7%, 66.4%, 78.6%, 53.6%]",,,,
3,parallel,13,13,0.3737977631789777,1.1926326019854485,1.2924845293164253,0.0001111111111111111,66.30000000000001,"[63.7%, 66.4%, 78.6%, 56.5%]",,,,
3,parallel,14,14,0.36072029482454737,1.134441549264932,1.2050028778612614,0.0001111111111111111,67.25,"[63.7%, 66.4%, 78.6%, 60.3%]",,,,
3,parallel,15,15,0.34796282647011695,1.096828908859929,1.1532806009054184,0.0001111111111111111,67.72500000000001,"[63.7%, 66.4%, 78.6%, 62.2%]",,,,
3,parallel,16,16,0.33552535811568657,1.0778027606915823,1.1430544517934322,0.0001111111111111111,68.0,"[63.7%, 66.4%, 78.6%, 63.3%]",,,,
3,parallel,17,17,0.32340788976125623,1.0509565917751458,1.2291239090263844,0.0001111111111111111,67.05000000000001,"[63.7%, 66.4%, 78.6%, 59.5%]",,,,
3,parallel,18,18,0.3116104214068258,1.0247598192359828,1.1807185523211956,0.0001111111111111111,67.17500000000001,"[63.7%, 66.4%, 78.6%, 60.0%]",,,,
3,parallel,19,19,0.3001329530523955,0.9411956324607511,1.150316797196865,0.0001111111111111111,68.025,"[63.7%, 66.4%, 78.6%, 63.4%]",,,,
3,parallel,20,20,0.2889754846979651,0.9538513972789426,1.1308808289468288,0.0001111111111111111,68.15,"[63.7%, 66.4%, 78.6%, 63.9%]",,,,
3,parallel,21,21,0.2781380163435347,0.9152543801295606,1.006581388413906,0.0001111111111111111,69.025,"[63.7%, 66.4%, 78.6%, 67.4%]",,,,
3,parallel,22,22,0.2676205479891044,0.9022703468799591,1.0759104695171118,0.0001111111111111111,68.85000000000001,"[63.7%, 66.4%, 78.6%, 66.7%]",,,,
3,parallel,23,23,0.257423079634674,0.9366749019562444,0.9981207139790058,0.0001111111111111111,69.025,"[63.7%, 66.4%, 78.6%, 67.4%]",,,,
3,parallel,24,24,0.24754561128024358,0.9013490940951094,1.0523725654929876,0.0001111111111111111,68.80000000000001,"[63.7%, 66.4%, 78.6%, 66.5%]",,,,
3,parallel,25,25,0.2379881429258132,0.902157684670219,1.0197762846946716,0.0001111111111111111,68.9,"[63.7%, 66.4%, 78.6%, 66.9%]",,,,
3,parallel,26,26,0.2287506745713828,0.9362969111792648,1.2272532526403666,0.0001111111111111111,67.15,"[63.7%, 66.4%, 78.6%, 59.9%]",,,,
3,parallel,27,27,0.21983320621695243,0.9061970099618163,1.0188020057976246,0.0001111111111111111,68.875,"[63.7%, 66.4%, 78.6%, 66.8%]",,,,
3,parallel,28,28,0.21123573786252203,0.9389071223102038,1.0264975540339947,0.0001111111111111111,69.05000000000001,"[63.7%, 66.4%, 78.6%, 67.5%]",,,,
3,parallel,29,29,0.20295826950809165,0.9541591715209091,1.2613405585289001,0.0001111111111111111,66.7,"[63.7%, 66.4%, 78.6%, 58.1%]",,,,
3,parallel,30,30,0.1950008011536613,0.9700661935383761,1.1246465109288692,0.0001111111111111111,67.67500000000001,"[63.7%, 66.4%, 78.6%, 62.0%]",,,,
3,parallel,31,31,0.1873633327992309,0.9986657575715946,1.1867968253791332,0.0001111111111111111,67.4,"[63.7%, 66.4%, 78.6%, 60.9%]",,,,
3,parallel,32,32,0.18004586444480053,0.9945630929138087,1.059124305844307,0.0001111111111111111,68.35000000000001,"[63.7%, 66.4%, 78.6%, 64.7%]",,,,
3,parallel,33,33,0.17304839609037015,0.945873927466477,1.0524436570703983,0.0001111111111111111,68.65,"[63.7%, 66.4%, 78.6%, 65.9%]",,,,
3,parallel,34,34,0.16637092773593976,1.0493935150436209,1.0885891802608967,0.0001111111111111111,68.375,"[63.7%, 66.4%, 78.6%, 64.8%]",,,,
3,parallel,35,35,0.16001345938150938,0.9650053193297567,1.039021611213684,0.0001111111111111111,69.125,"[63.7%, 66.4%, 78.6%, 67.8%]",,,,
3,parallel,36,36,0.153975991027079,1.030571620675582,1.1135096792131662,0.0001111111111111111,68.10000000000001,"[63.7%, 66.4%, 78.6%, 63.7%]",,,,
3,parallel,37,37,0.14825852267264863,0.9758071748516227,1.157834429293871,0.0001111111111111111,67.775,"[63.7%, 66.4%, 78.6%, 62.4%]",,,,
3,parallel,38,38,0.14286105431821824,0.9758507035955598,1.0747527051717043,0.0001111111111111111,68.9,"[63.7%, 66.4%, 78.6%, 66.9%]",,,,
3,parallel,39,39,0.13778358596378787,1.1040286504769627,1.1293642576783895,0.0001111111111111111,67.92500000000001,"[63.7%, 66.4%, 78.6%, 63.0%]",,,,
3,parallel,40,40,0.13302611760935748,0.9869805612141573,1.1232657432556152,0.0001111111111111111,68.275,"[63.7%, 66.4%, 78.6%, 64.4%]",,,,
3,parallel,41,41,0.12858864925492708,1.018900701894036,1.1332687251269817,0.0001111111111111111,68.05000000000001,"[63.7%, 66.4%, 78.6%, 63.5%]",,,,
3,parallel,42,42,0.12447118090049673,1.1535658708101586,1.2219902127981186,0.0001111111111111111,67.35000000000001,"[63.7%, 66.4%, 78.6%, 60.7%]",,,,
3,parallel,43,43,0.12067371254606635,1.1119049945964088,1.1901132930070162,0.0001111111111111111,67.7,"[63.7%, 66.4%, 78.6%, 62.1%]",,,,
3,parallel,44,44,0.11719624419163596,1.049266798586785,1.1303147226572037,0.0001111111111111111,67.85000000000001,"[63.7%, 66.4%, 78.6%, 62.7%]",,,,
3,parallel,45,45,0.11403877583720558,1.078508709050432,1.1686650551855564,0.0001111111111111111,67.65,"[63.7%, 66.4%, 78.6%, 61.9%]",,,,
3,parallel,46,46,0.11120130748277521,1.0191109067277064,1.0592129454016685,0.0001111111111111111,69.075,"[63.7%, 66.4%, 78.6%, 67.6%]",,,,
3,parallel,47,47,0.10868383912834481,1.1480778176573259,1.2455916423350573,0.0001111111111111111,67.325,"[63.7%, 66.4%, 78.6%, 60.6%]",,,,
3,parallel,48,48,0.10648637077391443,1.1257377945924107,1.1977579817175865,0.0001111111111111111,67.15,"[63.7%, 66.4%, 78.6%, 59.9%]",,,,
3,parallel,49,49,0.10460890241948406,1.0597348235830475,1.1196547262370586,0.0001111111111111111,68.0,"[63.7%, 66.4%, 78.6%, 63.3%]",,,,
3,parallel,50,50,0.10305143406505368,0.9985270281381244,1.177071949467063,0.0001111111111111111,67.75,"[63.7%, 66.4%, 78.6%, 62.3%]",,,,
3,parallel,51,51,0.1018139657106233,0.9708483332320105,1.0583608224987984,0.0001111111111111111,68.75,"[63.7%, 66.4%, 78.6%, 66.3%]",,,,
3,parallel,52,52,0.10089649735619292,1.0524607353572604,1.1300389356911182,0.0001111111111111111,68.22500000000001,"[63.7%, 66.4%, 78.6%, 64.2%]",,,,
3,parallel,53,53,0.10029902900176255,0.9717817698852925,1.0711177103221416,0.0001111111111111111,68.575,"[63.7%, 66.4%, 78.6%, 65.6%]",,,,
3,parallel,54,54,0.10002156064733217,0.9492390857467169,1.091163044795394,0.0001111111111111111,68.22500000000001,"[63.7%, 66.4%, 78.6%, 64.2%]",,,,
3,parallel,55,55,0.1,0.9315933781334117,1.0641620941460133,0.0001111111111111111,68.67500000000001,"[63.7%, 66.4%, 78.6%, 66.0%]",,,,
3,weights,1,56,0.1,0.8871583991412875,1.0649919472634792,0.0001111111111111111,68.42500000000001,"[63.7%, 66.4%, 78.6%, 65.0%]",,,,
3,weights,2,57,0.1,0.8635575801511354,1.0594418682157993,0.0001111111111111111,68.55000000000001,"[63.7%, 66.4%, 78.6%, 65.5%]",,,,
3,weights,3,58,0.1,0.8835176983966103,1.0194521825760603,0.0001111111111111111,68.92500000000001,"[63.7%, 66.4%, 78.6%, 67.0%]",,,,
3,weights,4,59,0.1,0.8566469931149785,1.0538828037679195,0.0001111111111111111,68.45,"[63.7%, 66.4%, 78.6%, 65.1%]",,,,
3,weights,5,60,0.1,0.8520417303978642,0.99179657548666,0.0001111111111111111,69.2,"[63.7%, 66.4%, 78.6%, 68.1%]",,,,
3,weights,6,61,0.1,0.8216177553315706,1.0473120883107185,0.0001111111111111111,68.575,"[63.7%, 66.4%, 78.6%, 65.6%]",,,,
3,weights,7,62,0.1,0.8252816449237775,0.998875942081213,0.0001111111111111111,69.325,"[63.7%, 66.4%, 78.6%, 68.6%]",,,,
3,weights,8,63,0.1,0.8151226534119135,1.000614169985056,0.0001111111111111111,68.95,"[63.7%, 66.4%, 78.6%, 67.1%]",,,,
3,weights,9,64,0.1,0.798847107193138,0.9767819028347731,0.0001111111111111111,69.45,"[63.7%, 66.4%, 78.6%, 69.1%]",,,,
3,weights,10,65,0.1,0.7832196430314945,0.9334116782993078,0.0001111111111111111,69.65,"[63.7%, 66.4%, 78.6%, 69.9%]",,,,
3,weights,11,66,0.1,0.766789418987081,1.0231668017804623,0.0001111111111111111,68.4,"[63.7%, 66.4%, 78.6%, 64.9%]",,,,
3,weights,12,67,0.1,0.7662885347499123,0.9659157209098339,0.0001111111111111111,69.2,"[63.7%, 66.4%, 78.6%, 68.1%]",,,,
3,weights,13,68,0.1,0.7487030674385119,0.9575771223753691,0.0001111111111111111,69.5,"[63.7%, 66.4%, 78.6%, 69.3%]",,,,
3,weights,14,69,0.1,0.7488789000088656,0.9594609513878822,0.0001111111111111111,69.025,"[63.7%, 66.4%, 78.6%, 67.4%]",,,,
3,weights,15,70,0.1,0.7432733434665052,0.9545707404613495,0.0001111111111111111,69.5,"[63.7%, 66.4%, 78.6%, 69.3%]",,,,
3,weights,16,71,0.1,0.7178341595432426,0.93589311465621,0.0001111111111111111,69.80000000000001,"[63.7%, 66.4%, 78.6%, 70.5%]",,,,
3,weights,17,72,0.1,0.7389375182646739,0.9615776557475328,0.0001111111111111111,69.72500000000001,"[63.7%, 66.4%, 78.6%, 70.2%]",,,,
3,weights,18,73,0.1,0.6948404149918617,0.9570317193865776,0.0001111111111111111,69.47500000000001,"[63.7%, 66.4%, 78.6%, 69.2%]",,,,
3,weights,19,74,0.1,0.6932065701937373,0.9704107204452157,0.0001111111111111111,69.30000000000001,"[63.7%, 66.4%, 78.6%, 68.5%]",,,,
3,weights,20,75,0.1,0.6924138850049127,0.9412406086921692,0.0001111111111111111,69.35000000000001,"[63.7%, 66.4%, 78.6%, 68.7%]",,,,
3,weights,21,76,0.1,0.6931866260269021,0.9746340773999691,0.0001111111111111111,69.17500000000001,"[63.7%, 66.4%, 78.6%, 68.0%]",,,,
3,weights,22,77,0.1,0.6897623093822335,0.9696781579405069,0.0001111111111111111,69.22500000000001,"[63.7%, 66.4%, 78.6%, 68.2%]",,,,
3,weights,23,78,0.1,0.6749957743324811,0.9409824199974537,0.0001111111111111111,69.65,"[63.7%, 66.4%, 78.6%, 69.9%]",,,,
3,weights,24,79,0.1,0.659122040000143,0.9233293533325195,0.0001111111111111111,69.575,"[63.7%, 66.4%, 78.6%, 69.6%]",,,,
3,weights,25,80,0.1,0.6595148278188102,0.9397716112434864,0.0001111111111111111,69.72500000000001,"[63.7%, 66.4%, 78.6%, 70.2%]",54.825,"[24.5%, 59.4%, 78.6%, 56.8%]",60.925,"[48.9%, 59.4%, 78.6%, 56.8%]"
4,parallel,1,1,0.5,4.923257619519777,2.3798781484365463,0.0001111111111111111,57.78000000000001,"[63.7%, 66.4%, 78.6%, 70.2%, 10.0%]",,,,
4,parallel,2,2,0.5,2.348912057997305,2.3206958174705505,0.0001111111111111111,57.78000000000001,"[63.7%, 66.4%, 78.6%, 70.2%, 10.0%]",,,,
4,parallel,3,3,0.5,2.1948848585539227,2.1169707849621773,0.0001111111111111111,59.42,"[63.7%, 66.4%, 78.6%, 70.2%, 18.2%]",,,,
4,parallel,4,4,0.5,1.9638411908210078,1.8140064589679241,0.0001111111111111111,62.70000000000001,"[63.7%, 66.4%, 78.6%, 70.2%, 34.6%]",,,,
4,parallel,5,5,0.4899375100144209,1.7655266613899907,1.60830719769001,0.0001111111111111111,64.44000000000001,"[63.7%, 66.4%, 78.6%, 70.2%, 43.3%]",,,,
4,parallel,6,6,0.4743000416599904,1.587943525253972,1.4542951695621014,0.0001111111111111111,65.56,"[63.7%, 66.4%, 78.6%, 70.2%, 48.9%]",,,,
4,parallel,7,7,0.45898257330556,1.4092260991470724,1.308870229870081,0.0001111111111111111,66.94000000000001,"[63.7%, 66.4%, 78.6%, 70.2%, 55.8%]",,,,
4,parallel,8,8,0.44398510495112964,1.2842299726944935,1.289985854178667,0.0001111111111111111,66.84,"[63.7%, 66.4%, 78.6%, 70.2%, 55.3%]",,,,
4,parallel,9,9,0.42930763659669924,1.1712755470336238,1.204451447352767,0.0001111111111111111,67.60000000000001,"[63.7%, 66.4%, 78.6%, 70.2%, 59.1%]",,,,
4,parallel,10,10,0.4149501682422688,1.0625342515450489,1.1349951587617397,0.0001111111111111111,68.08000000000001,"[63.7%, 66.4%, 78.6%, 70.2%, 61.5%]",,,,
4,parallel,11,11,0.4009126998878385,1.0155648362787464,1.0678279362618923,0.0001111111111111111,68.56,"[63.7%, 66.4%, 78.6%, 70.2%, 63.9%]",,,,
4,parallel,12,12,0.3871952315334082,0.9278198820126208,1.066722228191793,0.0001111111111111111,68.86000000000001,"[63.7%, 66.4%, 78.6%, 70.2%, 65.4%]",,,,
4,parallel,13,13,0.3737977631789777,0.9093860938579221,0.9695632457733154,0.0001111111111111111,69.12,"[63.7%, 66.4%, 78.6%, 70.2%, 66.7%]",,,,
4,parallel,14,14,0.36072029482454737,0.8236162639871428,1.0091493660584092,0.0001111111111111111,69.02000000000001,"[63.7%, 66.4%, 78.6%, 70.2%, 66.2%]",,,,
4,parallel,15,15,0.34796282647011695,0.8587982707385775,0.949096692726016,0.0001111111111111111,69.5,"[63.7%, 66.4%, 78.6%, 70.2%, 68.6%]",,,,
4,parallel,16,16,0.33552535811568657,0.806640200977084,1.0328670293092728,0.0001111111111111111,68.92,"[63.7%, 66.4%, 78.6%, 70.2%, 65.7%]",,,,
4,parallel,17,17,0.32340788976125623,0.778368972524812,0.9332054043188691,0.0001111111111111111,69.62,"[63.7%, 66.4%, 78.6%, 70.2%, 69.2%]",,,,
4,parallel,18,18,0.3116104214068258,0.7739448645446874,1.0236775139346719,0.0001111111111111111,69.02000000000001,"[63.7%, 66.4%, 78.6%, 70.2%, 66.2%]",,,,
4,parallel,19,19,0.3001329530523955,0.7566988358769235,0.8880485463887453,0.0001111111111111111,69.82000000000001,"[63.7%, 66.4%, 78.6%, 70.2%, 70.2%]",,,,
4,parallel,20,20,0.2889754846979651,0.7891158314445351,0.8808552380651236,0.0001111111111111111,69.78,"[63.7%, 66.4%, 78.6%, 70.2%, 70.0%]",,,,
4,parallel,21,21,0.2781380163435347,0.7256049551541293,0.9452527426183224,0.0001111111111111111,69.6,"[63.7%, 66.4%, 78.6%, 70.2%, 69.1%]",,,,
4,parallel,22,22,0.2676205479891044,0.732494943504092,0.8794315923005342,0.0001111111111111111,69.92,"[63.7%, 66.4%, 78.6%, 70.2%, 70.7%]",,,,
4,parallel,23,23,0.257423079634674,0.7526463315456728,0.868746105581522,0.0001111111111111111,69.84,"[63.7%, 66.4%, 78.6%, 70.2%, 70.3%]",,,,
4,parallel,24,24,0.24754561128024358,0.7604517380270777,0.8636236935853958,0.0001111111111111111,70.28,"[63.7%, 66.4%, 78.6%, 70.2%, 72.5%]",,,,
4,parallel,25,25,0.2379881429258132,0.7269392918936813,0.8518805764615536,0.0001111111111111111,70.42,"[63.7%, 66.4%, 78.6%, 70.2%, 73.2%]",,,,
4,parallel,26,26,0.2287506745713828,0.7614379449735714,0.8949654707685113,0.0001111111111111111,69.96000000000001,"[63.7%, 66.4%, 78.6%, 70.2%, 70.9%]",,,,
4,parallel,27,27,0.21983320621695243,0.7568223167069351,0.8773990012705326,0.0001111111111111111,69.86000000000001,"[63.7%, 66.4%, 78.6%, 70.2%, 70.4%]",,,,
4,parallel,28,28,0.21123573786252203,0.7604762093175815,0.8458129446953535,0.0001111111111111111,70.36000000000001,"[63.7%, 66.4%, 78.6%, 70.2%, 72.9%]",,,,
4,parallel,29,29,0.20295826950809165,0.8445958200889297,0.9815175831317902,0.0001111111111111111,69.46000000000001,"[63.7%, 66.4%, 78.6%, 70.2%, 68.4%]",,,,
4,parallel,30,30,0.1950008011536613,0.7896744465526147,0.8591850809752941,0.0001111111111111111,70.38000000000001,"[63.7%, 66.4%, 78.6%, 70.2%, 73.0%]",,,,
4,parallel,31,31,0.1873633327992309,0.7721670884874803,0.9857527147978544,0.0001111111111111111,69.26000000000002,"[63.7%, 66.4%, 78.6%, 70.2%, 67.4%]",,,,
4,parallel,32,32,0.18004586444480053,0.7685439971428883,0.8722607139497995,0.0001111111111111111,70.28,"[63.7%, 66.4%, 78.6%, 70.2%, 72.5%]",,,,
4,parallel,33,33,0.17304839609037015,0.7739651259742205,0.9522211803123355,0.0001111111111111111,69.56000000000002,"[63.7%, 66.4%, 78.6%, 70.2%, 68.9%]",,,,
4,parallel,34,34,0.16637092773593976,0.877936723111551,0.8850566782057285,0.0001111111111111111,70.04,"[63.7%, 66.4%, 78.6%, 70.2%, 71.3%]",,,,
4,parallel,35,35,0.16001345938150938,0.7943445964704586,0.885144516825676,0.0001111111111111111,69.84,"[63.7%, 66.4%, 78.6%, 70.2%, 70.3%]",,,,
4,parallel,36,36,0.153975991027079,0.9360177079333535,0.9336994402110577,0.0001111111111111111,69.88000000000001,"[63.7%, 66.4%, 78.6%, 70.2%, 70.5%]",,,,
4,parallel,37,37,0.14825852267264863,0.8576402996159807,1.0455144215375185,0.0001111111111111111,68.9,"[63.7%, 66.4%, 78.6%, 70.2%, 65.6%]",,,,
4,parallel,38,38,0.14286105431821824,0.8373452628715129,0.9371648505330086,0.0001111111111111111,69.6,"[63.7%, 66.4%, 78.6%, 70.2%, 69.1%]",,,,
4,parallel,39,39,0.13778358596378787,0.9288349302509163,1.1089020352810621,0.0001111111111111111,68.36,"[63.7%, 66.4%, 78.6%, 70.2%, 62.9%]",,,,
4,parallel,40,40,0.13302611760935748,0.8546416257755666,0.9928221069276333,0.0001111111111111111,69.2,"[63.7%, 66.4%, 78.6%, 70.2%, 67.1%]",,,,
4,parallel,41,41,0.12858864925492708,0.8780273806445206,0.949806522578001,0.0001111111111111111,69.34,"[63.7%, 66.4%, 78.6%, 70.2%, 67.8%]",,,,
4,parallel,42,42,0.12447118090049673,0.9494987348966961,1.031996063888073,0.0001111111111111111,68.74000000000001,"[63.7%, 66.4%, 78.6%, 70.2%, 64.8%]",,,,
4,parallel,43,43,0.12067371254606635,0.9231082148189786,1.0450848527252674,0.0001111111111111111,68.94000000000001,"[63.7%, 66.4%, 78.6%, 70.2%, 65.8%]",,,,
4,parallel,44,44,0.11719624419163596,0.8609904148910619,1.0048976298421621,0.0001111111111111111,69.02000000000001,"[63.7%, 66.4%, 78.6%, 70.2%, 66.2%]",,,,
4,parallel,45,45,0.11403877583720558,0.9322383743298205,1.0051569808274508,0.0001111111111111111,69.24000000000001,"[63.7%, 66.4%, 78.6%, 70.2%, 67.3%]",,,,
4,parallel,46,46,0.11120130748277521,0.8912745495385761,1.0705922786146402,0.0001111111111111111,68.64000000000001,"[63.7%, 66.4%, 78.6%, 70.2%, 64.3%]",,,,
4,parallel,47,47,0.10868383912834481,1.1249882156335855,1.1122008170932531,0.0001111111111111111,68.30000000000001,"[63.7%, 66.4%, 78.6%, 70.2%, 62.6%]",,,,
4,parallel,48,48,0.10648637077391443,1.0105098802832109,1.0844047777354717,0.0001111111111111111,68.56,"[63.7%, 66.4%, 78.6%, 70.2%, 63.9%]",,,,
4,parallel,49,49,0.10460890241948406,0.9799647399141819,1.0292887762188911,0.0001111111111111111,68.8,"[63.7%, 66.4%, 78.6%, 70.2%, 65.1%]",,,,
4,parallel,50,50,0.10305143406505368,0.9014150024969366,0.9617837108671665,0.0001111111111111111,69.34,"[63.7%, 66.4%, 78.6%, 70.2%, 67.8%]",,,,
4,parallel,51,51,0.1018139657106233,0.882051057453397,1.0035542659461498,0.0001111111111111111,69.12,"[63.7%, 66.4%, 78.6%, 70.2%, 66.7%]",,,,
4,parallel,52,52,0.10089649735619292,0.9583173748813097,1.0075075943022966,0.0001111111111111111,68.78,"[63.7%, 66.4%, 78.6%, 70.2%, 65.0%]",,,,
4,parallel,53,53,0.10029902900176255,0.8929603001739406,0.9834647141396999,0.0001111111111111111,69.08000000000001,"[63.7%, 66.4%, 78.6%, 70.2%, 66.5%]",,,,
4,parallel,54,54,0.10002156064733217,0.8533905367308026,1.0188766811043024,0.0001111111111111111,69.0,"[63.7%, 66.4%, 78.6%, 70.2%, 66.1%]",,,,
4,parallel,55,55,0.1,0.7971915149990516,1.0199071038514376,0.0001111111111111111,68.92,"[63.7%, 66.4%, 78.6%, 70.2%, 65.7%]",,,,
4,weights,1,56,0.1,0.8033592270899422,0.9617035258561373,0.0001111111111111111,69.12,"[63.7%, 66.4%, 78.6%, 70.2%, 66.7%]",,,,
4,weights,2,57,0.1,0.7744731476789788,0.8783986736088991,0.0001111111111111111,69.94000000000001,"[63.7%, 66.4%, 78.6%, 70.2%, 70.8%]",,,,
4,weights,3,58,0.1,0.7516317273242564,0.9039821196347475,0.0001111111111111111,69.8,"[63.7%, 66.4%, 78.6%, 70.2%, 70.1%]",,,,
4,weights,4,59,0.1,0.7387526763390891,0.9047605525702238,0.0001111111111111111,69.7,"[63.7%, 66.4%, 78.6%, 70.2%, 69.6%]",,,,
4,weights,5,60,0.1,0.7133927884735639,0.8868502415716648,0.0001111111111111111,69.9,"[63.7%, 66.4%, 78.6%, 70.2%, 70.6%]",,,,
4,weights,6,61,0.1,0.7226579147803632,0.9453070405870676,0.0001111111111111111,69.46000000000001,"[63.7%, 66.4%, 78.6%, 70.2%, 68.4%]",,,,
4,weights,7,62,0.1,0.6722801661566843,0.9296753462404013,0.0001111111111111111,69.36000000000001,"[63.7%, 66.4%, 78.6%, 70.2%, 67.9%]",,,,
4,weights,8,63,0.1,0.696273864447316,0.8619148563593626,0.0001111111111111111,70.02000000000001,"[63.7%, 66.4%, 78.6%, 70.2%, 71.2%]",,,,
4,weights,9,64,0.1,0.6898198240919958,0.8642612230032682,0.0001111111111111111,70.34,"[63.7%, 66.4%, 78.6%, 70.2%, 72.8%]",,,,
4,weights,10,65,0.1,0.6766775778577298,0.9366651950404048,0.0001111111111111111,69.38000000000001,"[63.7%, 66.4%, 78.6%, 70.2%, 68.0%]",,,,
4,weights,11,66,0.1,0.683364905134032,0.8924427088350058,0.0001111111111111111,69.78,"[63.7%, 66.4%, 78.6%, 70.2%, 70.0%]",,,,
4,weights,12,67,0.1,0.6490096291409263,0.8917056433856487,0.0001111111111111111,69.66000000000001,"[63.7%, 66.4%, 78.6%, 70.2%, 69.4%]",,,,
4,weights,13,68,0.1,0.6505893853646291,0.8554833047091961,0.0001111111111111111,69.96000000000001,"[63.7%, 66.4%, 78.6%, 70.2%, 70.9%]",,,,
4,weights,14,69,0.1,0.6262608604340614,0.8818304073065519,0.0001111111111111111,69.64000000000001,"[63.7%, 66.4%, 78.6%, 70.2%, 69.3%]",,,,
4,weights,15,70,0.1,0.621609779852855,0.8803280014544725,0.0001111111111111111,69.72,"[63.7%, 66.4%, 78.6%, 70.2%, 69.7%]",,,,
4,weights,16,71,0.1,0.6212925477118432,0.8467656588181853,0.0001111111111111111,70.18,"[63.7%, 66.4%, 78.6%, 70.2%, 72.0%]",,,,
4,weights,17,72,0.1,0.5971007860159572,0.8752945940941572,0.0001111111111111111,69.88000000000001,"[63.7%, 66.4%, 78.6%, 70.2%, 70.5%]",,,,
4,weights,18,73,0.1,0.5920858686860604,0.8381025865674019,0.0001111111111111111,70.24000000000001,"[63.7%, 66.4%, 78.6%, 70.2%, 72.3%]",,,,
4,weights,19,74,0.1,0.5855383026071742,0.8227884415537119,0.0001111111111111111,70.34,"[63.7%, 66.4%, 78.6%, 70.2%, 72.8%]",,,,
4,weights,20,75,0.1,0.5999629576749439,0.7638992620632052,0.0001111111111111111,70.64000000000001,"[63.7%, 66.4%, 78.6%, 70.2%, 74.3%]",,,,
4,weights,21,76,0.1,0.5703430302158187,0.8283974695950747,0.0001111111111111111,69.96000000000001,"[63.7%, 66.4%, 78.6%, 70.2%, 70.9%]",,,,
4,weights,22,77,0.1,0.5658630177944521,0.8522434551268816,0.0001111111111111111,69.94000000000001,"[63.7%, 66.4%, 78.6%, 70.2%, 70.8%]",,,,
4,weights,23,78,0.1,0.578570894802673,0.8151600826531649,0.0001111111111111111,70.08000000000001,"[63.7%, 66.4%, 78.6%, 70.2%, 71.5%]",,,,
4,weights,24,79,0.1,0.5616509027873413,0.8561562206596136,0.0001111111111111111,69.96000000000001,"[63.7%, 66.4%, 78.6%, 70.2%, 70.9%]",,,,
4,weights,25,80,0.1,0.5719107495078558,0.7939879763871431,0.0001111111111111111,70.54,"[63.7%, 66.4%, 78.6%, 70.2%, 73.8%]",55.9,"[20.0%, 59.4%, 78.6%, 56.8%, 64.7%]",60.96,"[48.9%, 59.4%, 78.6%, 56.8%, 61.1%]"
5,parallel,1,1,0.5,6.914540812939028,2.4972516000270844,0.0001111111111111111,60.45000000000001,"[63.7%, 66.4%, 78.6%, 70.2%, 73.8%, 10.0%]",,,,
5,parallel,2,2,0.5,2.375207297409637,2.3443899750709534,0.0001111111111111111,61.28333333333334,"[63.7%, 66.4%, 78.6%, 70.2%, 73.8%, 15.0%]",,,,
5,parallel,3,3,0.5,2.330900780762298,2.3238261938095093,0.0001111111111111111,60.55000000000001,"[63.7%, 66.4%, 78.6%, 70.2%, 73.8%, 10.6%]",,,,
5,parallel,4,4,0.5,2.260082782069339,2.0706361904740334,0.0001111111111111111,61.6,"[63.7%, 66.4%, 78.6%, 70.2%, 73.8%, 16.9%]",,,,
5,parallel,5,5,0.4899375100144209,1.8925110373315932,1.688670814037323,0.0001111111111111111,64.63333333333334,"[63.7%, 66.4%, 78.6%, 70.2%, 73.8%, 35.1%]",,,,
5,parallel,6,6,0.4743000416599904,1.6373538065560256,1.4979326464235783,0.0001111111111111111,66.10000000000001,"[63.7%, 66.4%, 78.6%, 70.2%, 73.8%, 43.9%]",,,,
5,parallel,7,7,0.45898257330556,1.4529662011544915,1.3988959044218063,0.0001111111111111111,66.63333333333334,"[63.7%, 66.4%, 78.6%, 70.2%, 73.8%, 47.1%]",,,,
5,parallel,8,8,0.44398510495112964,1.291199279736869,1.2485657334327698,0.0001111111111111111,67.68333333333334,"[63.7%, 66.4%, 78.6%, 70.2%, 73.8%, 53.4%]",,,,
5,parallel,9,9,0.42930763659669924,1.1534622183328942,1.2532483711838722,0.0001111111111111111,67.83333333333334,"[63.7%, 66.4%, 78.6%, 70.2%, 73.8%, 54.3%]",,,,
5,parallel,10,10,0.4149501682422688,1.0797060388552993,1.1779064424335957,0.0001111111111111111,68.73333333333333,"[63.7%, 66.4%, 78.6%, 70.2%, 73.8%, 59.7%]",,,,
5,parallel,11,11,0.4009126998878385,1.0207570180108276,1.1274214340373874,0.0001111111111111111,68.50000000000001,"[63.7%, 66.4%, 78.6%, 70.2%, 73.8%, 58.3%]",,,,
5,parallel,12,12,0.3871952315334082,0.9223437867587125,1.0770740434527397,0.0001111111111111111,69.26666666666667,"[63.7%, 66.4%, 78.6%, 70.2%, 73.8%, 62.9%]",,,,
5,parallel,13,13,0.3737977631789777,0.9053359031677246,1.1088037993758917,0.0001111111111111111,68.85000000000001,"[63.7%, 66.4%, 78.6%, 70.2%, 73.8%, 60.4%]",,,,
5,parallel,14,14,0.36072029482454737,0.8711226318455949,1.0047639086842537,0.0001111111111111111,69.56666666666668,"[63.7%, 66.4%, 78.6%, 70.2%, 73.8%, 64.7%]",,,,
5,parallel,15,15,0.34796282647011695,0.8528719136986551,1.0716791907325387,0.0001111111111111111,69.26666666666667,"[63.7%, 66.4%, 78.6%, 70.2%, 73.8%, 62.9%]",,,,
5,parallel,16,16,0.33552535811568657,0.8020815396610694,0.9371885284781456,0.0001111111111111111,69.78333333333335,"[63.7%, 66.4%, 78.6%, 70.2%, 73.8%, 66.0%]",,,,
5,parallel,17,17,0.32340788976125623,0.7930962586704688,0.8882097955793142,0.0001111111111111111,70.35000000000001,"[63.7%, 66.4%, 78.6%, 70.2%, 73.8%, 69.4%]",,,,
5,parallel,18,18,0.3116104214068258,0.7769977778573579,0.9359856834635139,0.0001111111111111111,70.21666666666668,"[63.7%, 66.4%, 78.6%, 70.2%, 73.8%, 68.6%]",,,,
5,parallel,19,19,0.3001329530523955,0.7485708277436751,0.9044106174260378,0.0001111111111111111,69.88333333333334,"[63.7%, 66.4%, 78.6%, 70.2%, 73.8%, 66.6%]",,,,
5,parallel,20,20,0.2889754846979651,0.7281636701354498,0.8043282451108098,0.0001111111111111111,71.03333333333335,"[63.7%, 66.4%, 78.6%, 70.2%, 73.8%, 73.5%]",,,,
5,parallel,21,21,0.2781380163435347,0.726957255526434,0.8882540371268988,0.0001111111111111111,70.25000000000001,"[63.7%, 66.4%, 78.6%, 70.2%, 73.8%, 68.8%]",,,,
5,parallel,22,22,0.2676205479891044,0.7150797202617307,0.8989453017711639,0.0001111111111111111,70.36666666666667,"[63.7%, 66.4%, 78.6%, 70.2%, 73.8%, 69.5%]",,,,
5,parallel,23,23,0.257423079634674,0.7318561526038979,0.9020019010640681,0.0001111111111111111,70.2,"[63.7%, 66.4%, 78.6%, 70.2%, 73.8%, 68.5%]",,,,
5,parallel,24,24,0.24754561128024358,0.7108374464360974,0.8866815101355314,0.0001111111111111111,70.66666666666667,"[63.7%, 66.4%, 78.6%, 70.2%, 73.8%, 71.3%]",,,,
5,parallel,25,25,0.2379881429258132,0.7241320745854438,0.8224100358784199,0.0001111111111111111,70.78333333333335,"[63.7%, 66.4%, 78.6%, 70.2%, 73.8%, 72.0%]",,,,
5,parallel,26,26,0.2287506745713828,0.7702543358259564,0.8831043299287558,0.0001111111111111111,70.28333333333335,"[63.7%, 66.4%, 78.6%, 70.2%, 73.8%, 69.0%]",,,,
5,parallel,27,27,0.21983320621695243,0.7032663237444962,0.8901322861202061,0.0001111111111111111,70.31666666666668,"[63.7%, 66.4%, 78.6%, 70.2%, 73.8%, 69.2%]",,,,
5,parallel,28,28,0.21123573786252203,0.7429841383348538,0.8933833800256252,0.0001111111111111111,70.36666666666667,"[63.7%, 66.4%, 78.6%, 70.2%, 73.8%, 69.5%]",,,,
5,parallel,29,29,0.20295826950809165,0.7790419006649452,0.8939341986551881,0.0001111111111111111,70.36666666666667,"[63.7%, 66.4%, 78.6%, 70.2%, 73.8%, 69.5%]",,,,
5,parallel,30,30,0.1950008011536613,0.7628156248527237,0.8490435350686312,0.0001111111111111111,70.55000000000001,"[63.7%, 66.4%, 78.6%, 70.2%, 73.8%, 70.6%]",,,,
5,parallel,31,31,0.1873633327992309,0.7763165503363066,0.9563526902347803,0.0001111111111111111,69.96666666666668,"[63.7%, 66.4%, 78.6%, 70.2%, 73.8%, 67.1%]",,,,
5,parallel,32,32,0.18004586444480053,0.7230454577675348,0.872376499697566,0.0001111111111111111,70.41666666666667,"[63.7%, 66.4%, 78.6%, 70.2%, 73.8%, 69.8%]",,,,
5,parallel,33,33,0.17304839609037015,0.7215019087248211,0.8087021205574274,0.0001111111111111111,70.91666666666667,"[63.7%, 66.4%, 78.6%, 70.2%, 73.8%, 72.8%]",,,,
5,parallel,34,34,0.16637092773593976,0.8772770754898651,0.9422597801312804,0.0001111111111111111,70.18333333333334,"[63.7%, 66.4%, 78.6%, 70.2%, 73.8%, 68.4%]",,,,
5,parallel,35,35,0.16001345938150938,0.8197268096706535,0.9094102997332811,0.0001111111111111111,70.21666666666668,"[63.7%, 66.4%, 78.6%, 70.2%, 73.8%, 68.6%]",,,,
5,parallel,36,36,0.153975991027079,0.9714542053922822,0.9448290653526783,0.0001111111111111111,69.85000000000001,"[63.7%, 66.4%, 78.6%, 70.2%, 73.8%, 66.4%]",,,,
5,parallel,37,37,0.14825852267264863,0.8880313499064385,0.9819015860557556,0.0001111111111111111,69.96666666666668,"[63.7%, 66.4%, 78.6%, 70.2%, 73.8%, 67.1%]",,,,
5,parallel,38,38,0.14286105431821824,0.8682362384433988,0.924211548641324,0.0001111111111111111,70.08333333333334,"[63.7%, 66.4%, 78.6%, 70.2%, 73.8%, 67.8%]",,,,
5,parallel,39,39,0.13778358596378787,1.0057590219038952,0.9337886590510607,0.0001111111111111111,70.06666666666668,"[63.7%, 66.4%, 78.6%, 70.2%, 73.8%, 67.7%]",,,,
5,parallel,40,40,0.13302611760935748,0.8641848715045785,0.8680748753249645,0.0001111111111111111,70.31666666666668,"[63.7%, 66.4%, 78.6%, 70.2%, 73.8%, 69.2%]",,,,
5,parallel,41,41,0.12858864925492708,0.8938144551047796,0.9004719965159893,0.0001111111111111111,70.10000000000001,"[63.7%, 66.4%, 78.6%, 70.2%, 73.8%, 67.9%]",,,,
5,parallel,42,42,0.12447118090049673,0.9668552475639537,0.9992162510752678,0.0001111111111111111,69.48333333333333,"[63.7%, 66.4%, 78.6%, 70.2%, 73.8%, 64.2%]",,,,
5,parallel,43,43,0.12067371254606635,0.9071784917312332,0.9322857223451138,0.0001111111111111111,70.11666666666667,"[63.7%, 66.4%, 78.6%, 70.2%, 73.8%, 68.0%]",,,,
5,parallel,44,44,0.11719624419163596,0.8647925766962993,0.9055716712027788,0.0001111111111111111,70.23333333333333,"[63.7%, 66.4%, 78.6%, 70.2%, 73.8%, 68.7%]",,,,
5,parallel,45,45,0.11403877583720558,0.9073425440848628,1.005216596648097,0.0001111111111111111,69.73333333333333,"[63.7%, 66.4%, 78.6%, 70.2%, 73.8%, 65.7%]",,,,
5,parallel,46,46,0.11120130748277521,0.885169765617274,0.901033490896225,0.0001111111111111111,70.30000000000001,"[63.7%, 66.4%, 78.6%, 70.2%, 73.8%, 69.1%]",,,,
5,parallel,47,47,0.10868383912834481,1.0555599256406856,1.0847787335515022,0.0001111111111111111,69.36666666666667,"[63.7%, 66.4%, 78.6%, 70.2%, 73.8%, 63.5%]",,,,
5,parallel,48,48,0.10648637077391443,0.9651722493050974,0.9924099799245596,0.0001111111111111111,69.81666666666668,"[63.7%, 66.4%, 78.6%, 70.2%, 73.8%, 66.2%]",,,,
5,parallel,49,49,0.10460890241948406,0.9051918832561637,1.0928450729697943,0.0001111111111111111,69.15,"[63.7%, 66.4%, 78.6%, 70.2%, 73.8%, 62.2%]",,,,
5,parallel,50,50,0.10305143406505368,0.864627467680581,0.9163103457540274,0.0001111111111111111,70.30000000000001,"[63.7%, 66.4%, 78.6%, 70.2%, 73.8%, 69.1%]",,,,
5,parallel,51,51,0.1018139657106233,0.8382194027116027,0.9262073505669832,0.0001111111111111111,70.23333333333333,"[63.7%, 66.4%, 78.6%, 70.2%, 73.8%, 68.7%]",,,,
5,parallel,52,52,0.10089649735619292,0.9227918476998052,0.9569283276796341,0.0001111111111111111,69.95,"[63.7%, 66.4%, 78.6%, 70.2%, 73.8%, 67.0%]",,,,
5,parallel,53,53,0.10029902900176255,0.8393251745006706,0.9237452857196331,0.0001111111111111111,70.10000000000001,"[63.7%, 66.4%, 78.6%, 70.2%, 73.8%, 67.9%]",,,,
5,parallel,54,54,0.10002156064733217,0.8193507496314713,0.9870919715613127,0.0001111111111111111,69.71666666666668,"[63.7%, 66.4%, 78.6%, 70.2%, 73.8%, 65.6%]",,,,
5,parallel,55,55,0.1,0.793031580840485,0.987884433940053,0.0001111111111111111,69.80000000000001,"[63.7%, 66.4%, 78.6%, 70.2%, 73.8%, 66.1%]",,,,
5,weights,1,56,0.1,0.7716044451616988,0.9224634300917387,0.0001111111111111111,70.23333333333333,"[63.7%, 66.4%, 78.6%, 70.2%, 73.8%, 68.7%]",,,,
5,weights,2,57,0.1,0.7377321052400372,0.8954217601567507,0.0001111111111111111,70.38333333333334,"[63.7%, 66.4%, 78.6%, 70.2%, 73.8%, 69.6%]",,,,
5,weights,3,58,0.1,0.7401432270490671,0.9047939646989107,0.0001111111111111111,70.36666666666667,"[63.7%, 66.4%, 78.6%, 70.2%, 73.8%, 69.5%]",,,,
5,weights,4,59,0.1,0.7007398439359062,0.8626093734055758,0.0001111111111111111,70.61666666666667,"[63.7%, 66.4%, 78.6%, 70.2%, 73.8%, 71.0%]",,,,
5,weights,5,60,0.1,0.7047088085850582,0.8992354422807693,0.0001111111111111111,70.31666666666668,"[63.7%, 66.4%, 78.6%, 70.2%, 73.8%, 69.2%]",,,,
5,weights,6,61,0.1,0.6928193527686445,0.8027532296255231,0.0001111111111111111,70.73333333333333,"[63.7%, 66.4%, 78.6%, 70.2%, 73.8%, 71.7%]",,,,
5,weights,7,62,0.1,0.655048543139349,0.8042465448379517,0.0001111111111111111,70.85000000000001,"[63.7%, 66.4%, 78.6%, 70.2%, 73.8%, 72.4%]",,,,
5,weights,8,63,0.1,0.647370951085151,0.9316086806356907,0.0001111111111111111,70.41666666666667,"[63.7%, 66.4%, 78.6%, 70.2%, 73.8%, 69.8%]",,,,
5,weights,9,64,0.1,0.6572188546385946,0.8051706328988075,0.0001111111111111111,70.91666666666667,"[63.7%, 66.4%, 78.6%, 70.2%, 73.8%, 72.8%]",,,,
5,weights,10,65,0.1,0.636868990297559,0.8290579188615084,0.0001111111111111111,70.9,"[63.7%, 66.4%, 78.6%, 70.2%, 73.8%, 72.7%]",,,,
5,weights,11,66,0.1,0.6345848950404155,0.8450018167495728,0.0001111111111111111,70.68333333333334,"[63.7%, 66.4%, 78.6%, 70.2%, 73.8%, 71.4%]",,,,
5,weights,12,67,0.1,0.6219146489342556,0.8264261372387409,0.0001111111111111111,70.85000000000001,"[63.7%, 66.4%, 78.6%, 70.2%, 73.8%, 72.4%]",,,,
5,weights,13,68,0.1,0.6524451948419402,0.792054133489728,0.0001111111111111111,71.00000000000001,"[63.7%, 66.4%, 78.6%, 70.2%, 73.8%, 73.3%]",,,,
5,weights,14,69,0.1,0.6188741213158716,0.8414292186498642,0.0001111111111111111,70.61666666666667,"[63.7%, 66.4%, 78.6%, 70.2%, 73.8%, 71.0%]",,,,
5,weights,15,70,0.1,0.6163851094396808,0.8412595838308334,0.0001111111111111111,70.65,"[63.7%, 66.4%, 78.6%, 70.2%, 73.8%, 71.2%]",,,,
5,weights,16,71,0.1,0.6180177787436715,0.7834727242588997,0.0001111111111111111,70.91666666666667,"[63.7%, 66.4%, 78.6%, 70.2%, 73.8%, 72.8%]",,,,
5,weights,17,72,0.1,0.5908788065367108,0.8351511247456074,0.0001111111111111111,70.7,"[63.7%, 66.4%, 78.6%, 70.2%, 73.8%, 71.5%]",,,,
5,weights,18,73,0.1,0.5932275294503079,0.7592175453901291,0.0001111111111111111,71.05000000000001,"[63.7%, 66.4%, 78.6%, 70.2%, 73.8%, 73.6%]",,,,
5,weights,19,74,0.1,0.5943643809119358,0.782817255705595,0.0001111111111111111,71.03333333333335,"[63.7%, 66.4%, 78.6%, 70.2%, 73.8%, 73.5%]",,,,
5,weights,20,75,0.1,0.5695592210262637,0.7366209365427494,0.0001111111111111111,71.23333333333333,"[63.7%, 66.4%, 78.6%, 70.2%, 73.8%, 74.7%]",,,,
5,weights,21,76,0.1,0.5665439476695242,0.7633744310587645,0.0001111111111111111,70.93333333333334,"[63.7%, 66.4%, 78.6%, 70.2%, 73.8%, 72.9%]",,,,
5,weights,22,77,0.1,0.5779653776295578,0.7703525479882956,0.0001111111111111111,71.01666666666667,"[63.7%, 66.4%, 78.6%, 70.2%, 73.8%, 73.4%]",,,,
5,weights,23,78,0.1,0.5563362338874913,0.7693098438903689,0.0001111111111111111,70.86666666666667,"[63.7%, 66.4%, 78.6%, 70.2%, 73.8%, 72.5%]",,,,
5,weights,24,79,0.1,0.5743017796474167,0.7302019987255335,0.0001111111111111111,71.11666666666667,"[63.7%, 66.4%, 78.6%, 70.2%, 73.8%, 74.0%]",,,,
5,weights,25,80,0.1,0.5398078685319876,0.7737287459895015,0.0001111111111111111,71.31666666666668,"[63.7%, 66.4%, 78.6%, 70.2%, 73.8%, 75.2%]",56.48333333333333,"[20.0%, 54.4%, 78.6%, 56.8%, 64.7%, 64.4%]",64.14999999999999,"[48.9%, 59.4%, 78.6%, 66.9%, 61.1%, 70.0%]"
6,parallel,1,1,0.4,9.09752966482428,4.65950071811676,0.0001111111111111111,61.12857142857143,"[63.7%, 66.4%, 78.6%, 70.2%, 73.8%, 75.2%, 0.0%]",,,,
6,parallel,2,2,0.4,3.191485441183742,2.4125770330429077,0.0001111111111111111,62.557142857142864,"[63.7%, 66.4%, 78.6%, 70.2%, 73.8%, 75.2%, 10.0%]",,,,
6,parallel,3,3,0.4,2.3588169948964177,2.323146268725395,0.0001111111111111111,62.557142857142864,"[63.7%, 66.4%, 78.6%, 70.2%, 73.8%, 75.2%, 10.0%]",,,,
6,parallel,4,4,0.4,2.237734910808032,2.06958419829607,0.0001111111111111111,63.82857142857143,"[63.7%, 66.4%, 78.6%, 70.2%, 73.8%, 75.2%, 18.9%]",,,,
6,parallel,5,5,0.3924531325108157,1.9299501044840752,1.8287604078650475,0.0001111111111111111,65.52857142857144,"[63.7%, 66.4%, 78.6%, 70.2%, 73.8%, 75.2%, 30.8%]",,,,
6,parallel,6,6,0.3807250312449929,1.7220181211640564,1.6912194229662418,0.0001111111111111111,66.77142857142857,"[63.7%, 66.4%, 78.6%, 70.2%, 73.8%, 75.2%, 39.5%]",,,,
6,parallel,7,7,0.36923692997917,1.5422036874143383,1.4544712901115417,0.0001111111111111111,68.05714285714286,"[63.7%, 66.4%, 78.6%, 70.2%, 73.8%, 75.2%, 48.5%]",,,,
6,parallel,8,8,0.35798882871334725,1.3333937533294098,1.4754742123186588,0.0001111111111111111,68.28571428571429,"[63.7%, 66.4%, 78.6%, 70.2%, 73.8%, 75.2%, 50.1%]",,,,
6,parallel,9,9,0.3469807274475245,1.1781350706197038,1.2972548548132181,0.0001111111111111111,69.2,"[63.7%, 66.4%, 78.6%, 70.2%, 73.8%, 75.2%, 56.5%]",,,,
6,parallel,10,10,0.33621262618170167,1.0718684347370002,1.0697494465857744,0.0001111111111111111,69.62857142857143,"[63.7%, 66.4%, 78.6%, 70.2%, 73.8%, 75.2%, 59.5%]",,,,
6,parallel,11,11,0.32568452491587896,1.0189520377147048,1.0605791211128235,0.0001111111111111111,69.82857142857144,"[63.7%, 66.4%, 78.6%, 70.2%, 73.8%, 75.2%, 60.9%]",,,,
6,parallel,12,12,0.31539642365005616,0.9857455839084673,0.9764033742249012,0.0001111111111111111,70.32857142857144,"[63.7%, 66.4%, 78.6%, 70.2%, 73.8%, 75.2%, 64.4%]",,,,
6,parallel,13,13,0.3053483223842333,0.9416978427126438,0.9723233301192522,0.0001111111111111111,70.34285714285714,"[63.7%, 66.4%, 78.6%, 70.2%, 73.8%, 75.2%, 64.5%]",,,,
6,parallel,14,14,0.2955402211184105,0.8961597183082677,0.9443003535270691,0.0001111111111111111,70.57142857142857,"[63.7%, 66.4%, 78.6%, 70.2%, 73.8%, 75.2%, 66.1%]",,,,
6,parallel,15,15,0.28597211985258775,0.8753939761391168,1.204991141334176,0.0001111111111111111,69.72857142857143,"[63.7%, 66.4%, 78.6%, 70.2%, 73.8%, 75.2%, 60.2%]",,,,
6,parallel,16,16,0.27664401858676496,0.8551411145850073,0.9260101914405823,0.0001111111111111111,70.85714285714286,"[63.7%, 66.4%, 78.6%, 70.2%, 73.8%, 75.2%, 68.1%]",,,,
6,parallel,17,17,0.2675559173209422,0.8358957201619691,0.9419636782258749,0.0001111111111111111,70.51428571428572,"[63.7%, 66.4%, 78.6%, 70.2%, 73.8%, 75.2%, 65.7%]",,,,
6,parallel,18,18,0.2587078160551194,0.825323371193077,0.8715499043464661,0.0001111111111111111,71.05714285714286,"[63.7%, 66.4%, 78.6%, 70.2%, 73.8%, 75.2%, 69.5%]",,,,
6,parallel,19,19,0.2500997147892966,0.7660582359833054,0.872322041541338,0.0001111111111111111,71.15714285714286,"[63.7%, 66.4%, 78.6%, 70.2%, 73.8%, 75.2%, 70.2%]",,,,
6,parallel,20,20,0.24173161352347383,0.8162393034258976,0.9603355247527361,0.0001111111111111111,70.67142857142858,"[63.7%, 66.4%, 78.6%, 70.2%, 73.8%, 75.2%, 66.8%]",,,,
6,parallel,21,21,0.23360351225765102,0.7978869789763342,0.8996257847175002,0.0001111111111111111,71.02857142857144,"[63.7%, 66.4%, 78.6%, 70.2%, 73.8%, 75.2%, 69.3%]",,,,
6,parallel,22,22,0.2257154109918283,0.7725745431984528,0.8568634791299701,0.0001111111111111111,71.25714285714287,"[63.7%, 66.4%, 78.6%, 70.2%, 73.8%, 75.2%, 70.9%]",,,,
6,parallel,23,23,0.2180673097260055,0.776037381042408,0.9199044452980161,0.0001111111111111111,70.9,"[63.7%, 66.4%, 78.6%, 70.2%, 73.8%, 75.2%, 68.4%]",,,,
6,parallel,24,24,0.2106592084601827,0.7739013463635988,0.8262627618387341,0.0001111111111111111,71.37142857142858,"[63.7%, 66.4%, 78.6%, 70.2%, 73.8%, 75.2%, 71.7%]",,,,
6,parallel,25,25,0.20349110719435992,0.7139335267151459,0.8901894139125943,0.0001111111111111111,71.14285714285714,"[63.7%, 66.4%, 78.6%, 70.2%, 73.8%, 75.2%, 70.1%]",,,,
6,parallel,26,26,0.1965630059285371,0.7580707231654397,0.8537717070430517,0.0001111111111111111,71.3,"[63.7%, 66.4%, 78.6%, 70.2%, 73.8%, 75.2%, 71.2%]",,,,
6,parallel,27,27,0.18987490466271434,0.7315448963943916,0.8148639043793082,0.0001111111111111111,71.35714285714286,"[63.7%, 66.4%, 78.6%, 70.2%, 73.8%, 75.2%, 71.6%]",,,,
6,parallel,28,28,0.18342680339689152,0.7422973034502585,0.9500630209222436,0.0001111111111111111,70.92857142857143,"[63.7%, 66.4%, 78.6%, 70.2%, 73.8%, 75.2%, 68.6%]",,,,
6,parallel,29,29,0.17721870213106874,0.7181092621404913,0.9118356518447399,0.0001111111111111111,70.9857142857143,"[63.7%, 66.4%, 78.6%, 70.2%, 73.8%, 75.2%, 69.0%]",,,,
6,parallel,30,30,0.17125060086524596,0.7290600798552549,0.8921340759843588,0.0001111111111111111,71.02857142857144,"[63.7%, 66.4%, 78.6%, 70.2%, 73.8%, 75.2%, 69.3%]",,,,
6,parallel,31,31,0.16552249959942317,0.7143705215635179,0.8856265973299742,0.0001111111111111111,71.01428571428572,"[63.7%, 66.4%, 78.6%, 70.2%, 73.8%, 75.2%, 69.2%]",,,,
6,parallel,32,32,0.1600343983336004,0.7254971099805229,0.8588923495262861,0.0001111111111111111,71.28571428571429,"[63.7%, 66.4%, 78.6%, 70.2%, 73.8%, 75.2%, 71.1%]",,,,
6,parallel,33,33,0.1547862970677776,0.8881778038000758,0.9252886399626732,0.0001111111111111111,70.9857142857143,"[63.7%, 66.4%, 78.6%, 70.2%, 73.8%, 75.2%, 69.0%]",,,,
6,parallel,34,34,0.1497781958019548,0.7663334581670882,0.8627023110166192,0.0001111111111111111,71.2,"[63.7%, 66.4%, 78.6%, 70.2%, 73.8%, 75.2%, 70.5%]",,,,
6,parallel,35,35,0.14501009453613203,0.7795168229296238,0.8205804601311684,0.0001111111111111111,71.45714285714287,"[63.7%, 66.4%, 78.6%, 70.2%, 73.8%, 75.2%, 72.3%]",,,,
6,parallel,36,36,0.14048199327030927,0.78094686209401,1.001039370894432,0.0001111111111111111,70.65714285714286,"[63.7%, 66.4%, 78.6%, 70.2%, 73.8%, 75.2%, 66.7%]",,,,
6,parallel,37,37,0.13619389200448648,0.7753351455247854,0.8483139798045158,0.0001111111111111111,71.21428571428571,"[63.7%, 66.4%, 78.6%, 70.2%, 73.8%, 75.2%, 70.6%]",,,,
6,parallel,38,38,0.1321457907386637,0.7476660092420215,0.8774164440110326,0.0001111111111111111,71.12857142857143,"[63.7%, 66.4%, 78.6%, 70.2%, 73.8%, 75.2%, 70.0%]",,,,
6,parallel,39,39,0.1283376894728409,0.7309802200975297,0.9051541485823691,0.0001111111111111111,71.21428571428571,"[63.7%, 66.4%, 78.6%, 70.2%, 73.8%, 75.2%, 70.6%]",,,,
6,parallel,40,40,0.12476958820701811,0.8338929165767718,1.0167429260909557,0.0001111111111111111,70.31428571428572,"[63.7%, 66.4%, 78.6%, 70.2%, 73.8%, 75.2%, 64.3%]",,,,
6,parallel,41,41,0.12144148694119532,0.856058258799058,0.9752070549875498,0.0001111111111111111,70.87142857142858,"[63.7%, 66.4%, 78.6%, 70.2%, 73.8%, 75.2%, 68.2%]",,,,
6,parallel,42,42,0.11835338567537255,0.7976749124406259,0.9308813400566578,0.0001111111111111111,70.97142857142858,"[63.7%, 66.4%, 78.6%, 70.2%, 73.8%, 75.2%, 68.9%]",,,,
6,parallel,43,43,0.11550528440954977,0.8395092238353777,0.9255154570564628,0.0001111111111111111,71.10000000000001,"[63.7%, 66.4%, 78.6%, 70.2%, 73.8%, 75.2%, 69.8%]",,,,
6,parallel,44,44,0.11289718314372697,0.7793998137305055,0.8792156977578998,0.0001111111111111111,71.22857142857143,"[63.7%, 66.4%, 78.6%, 70.2%, 73.8%, 75.2%, 70.7%]",,,,
6,parallel,45,45,0.1105290818779042,0.7408093979841546,0.9228815641254187,0.0001111111111111111,71.07142857142857,"[63.7%, 66.4%, 78.6%, 70.2%, 73.8%, 75.2%, 69.6%]",,,,
6,parallel,46,46,0.10840098061208141,0.9135696408869345,0.9770036526024342,0.0001111111111111111,70.55714285714286,"[63.7%, 66.4%, 78.6%, 70.2%, 73.8%, 75.2%, 66.0%]",,,,
6,parallel,47,47,0.10651287934625861,0.8444030058534839,0.9130480010062456,0.0001111111111111111,70.9,"[63.7%, 66.4%, 78.6%, 70.2%, 73.8%, 75.2%, 68.4%]",,,,
6,parallel,48,48,0.10486477808043583,0.8005000503757332,0.9943264154717326,0.0001111111111111111,70.67142857142858,"[63.7%, 66.4%, 78.6%, 70.2%, 73.8%, 75.2%, 66.8%]",,,,
6,parallel,49,49,0.10345667681461305,0.7799689984774287,0.9381215469911695,0.0001111111111111111,70.91428571428573,"[63.7%, 66.4%, 78.6%, 70.2%, 73.8%, 75.2%, 68.5%]",,,,
6,parallel,50,50,0.10228857554879027,0.7673488059375859,0.8704690369777381,0.0001111111111111111,71.22857142857143,"[63.7%, 66.4%, 78.6%, 70.2%, 73.8%, 75.2%, 70.7%]",,,,
6,parallel,51,51,0.10136047428296747,0.7895373932168454,0.9090894404798746,0.0001111111111111111,70.95714285714287,"[63.7%, 66.4%, 78.6%, 70.2%, 73.8%, 75.2%, 68.8%]",,,,
6,parallel,52,52,0.1006723730171447,0.7590386520458173,0.860104264691472,0.0001111111111111111,71.11428571428573,"[63.7%, 66.4%, 78.6%, 70.2%, 73.8%, 75.2%, 69.9%]",,,,
6,parallel,53,53,0.10022427175132191,0.7376538413234904,0.8992237718775868,0.0001111111111111111,71.02857142857144,"[63.7%, 66.4%, 78.6%, 70.2%, 73.8%, 75.2%, 69.3%]",,,,
6,parallel,54,54,0.10001617048549913,0.723247885326796,0.9416848826222122,0.0001111111111111111,70.91428571428573,"[63.7%, 66.4%, 78.6%, 70.2%, 73.8%, 75.2%, 68.5%]",,,,
6,parallel,55,55,0.1,0.6987237190898461,0.8447389677166939,0.0001111111111111111,71.31428571428572,"[63.7%, 66.4%, 78.6%, 70.2%, 73.8%, 75.2%, 71.3%]",,,,
6,weights,1,56,0.1,0.6834612028508247,0.7944262572564185,0.0001111111111111111,71.52857142857144,"[63.7%, 66.4%, 78.6%, 70.2%, 73.8%, 75.2%, 72.8%]",,,,
6,weights,2,57,0.1,0.6664730683912204,0.8014263501390815,0.0001111111111111111,71.54285714285716,"[63.7%, 66.4%, 78.6%, 70.2%, 73.8%, 75.2%, 72.9%]",,,,
6,weights,3,58,0.1,0.652477745013901,0.8224554806947708,0.0001111111111111111,71.45714285714287,"[63.7%, 66.4%, 78.6%, 70.2%, 73.8%, 75.2%, 72.3%]",,,,
6,weights,4,59,0.1,0.6557088856455646,0.7824100190773606,0.0001111111111111111,71.60000000000001,"[63.7%, 66.4%, 78.6%, 70.2%, 73.8%, 75.2%, 73.3%]",,,,
6,weights,5,60,0.1,0.6352243272564079,0.83934994507581,0.0001111111111111111,71.25714285714287,"[63.7%, 66.4%, 78.6%, 70.2%, 73.8%, 75.2%, 70.9%]",,,,
6,weights,6,61,0.1,0.5955327126798751,0.8262432524934411,0.0001111111111111111,71.41428571428573,"[63.7%, 66.4%, 78.6%, 70.2%, 73.8%, 75.2%, 72.0%]",,,,
6,weights,7,62,0.1,0.576800903564767,0.8363047474995255,0.0001111111111111111,71.31428571428572,"[63.7%, 66.4%, 78.6%, 70.2%, 73.8%, 75.2%, 71.3%]",,,,
6,weights,8,63,0.1,0.5980848598329327,0.7960250796750188,0.0001111111111111111,71.5,"[63.7%, 66.4%, 78.6%, 70.2%, 73.8%, 75.2%, 72.6%]",,,,
6,weights,9,64,0.1,0.6086079399042492,0.7770702391862869,0.0001111111111111111,71.62857142857143,"[63.7%, 66.4%, 78.6%, 70.2%, 73.8%, 75.2%, 73.5%]",,,,
6,weights,10,65,0.1,0.5794701372520833,0.7528537781909108,0.0001111111111111111,71.78571428571429,"[63.7%, 66.4%, 78.6%, 70.2%, 73.8%, 75.2%, 74.6%]",,,,
6,weights,11,66,0.1,0.5650130532964875,0.7998870457522571,0.0001111111111111111,71.47142857142858,"[63.7%, 66.4%, 78.6%, 70.2%, 73.8%, 75.2%, 72.4%]",,,,
6,weights,12,67,0.1,0.5710103704205042,0.7633011476136744,0.0001111111111111111,71.65714285714286,"[63.7%, 66.4%, 78.6%, 70.2%, 73.8%, 75.2%, 73.7%]",,,,
6,weights,13,68,0.1,0.5619586238378211,0.7772540273144841,0.0001111111111111111,71.58571428571429,"[63.7%, 66.4%, 78.6%, 70.2%, 73.8%, 75.2%, 73.2%]",,,,
6,weights,14,69,0.1,0.5643528605563731,0.822678663302213,0.0001111111111111111,71.42857142857143,"[63.7%, 66.4%, 78.6%, 70.2%, 73.8%, 75.2%, 72.1%]",,,,
6,weights,15,70,0.1,0.5513658669741848,0.7384879318997264,0.0001111111111111111,71.8,"[63.7%, 66.4%, 78.6%, 70.2%, 73.8%, 75.2%, 74.7%]",,,,
6,weights,16,71,0.1,0.5420434324047233,0.7534479517489672,0.0001111111111111111,71.85714285714286,"[63.7%, 66.4%, 78.6%, 70.2%, 73.8%, 75.2%, 75.1%]",,,,
6,weights,17,72,0.1,0.5457832270030734,0.7482744548469782,0.0001111111111111111,71.64285714285714,"[63.7%, 66.4%, 78.6%, 70.2%, 73.8%, 75.2%, 73.6%]",,,,
6,weights,18,73,0.1,0.5299431032772306,0.7938361102715135,0.0001111111111111111,71.64285714285714,"[63.7%, 66.4%, 78.6%, 70.2%, 73.8%, 75.2%, 73.6%]",,,,
6,weights,19,74,0.1,0.5246124931528598,0.7719326689839363,0.0001111111111111111,71.87142857142858,"[63.7%, 66.4%, 78.6%, 70.2%, 73.8%, 75.2%, 75.2%]",,,,
6,weights,20,75,0.1,0.5065012619465212,0.729618574026972,0.0001111111111111111,72.04285714285716,"[63.7%, 66.4%, 78.6%, 70.2%, 73.8%, 75.2%, 76.4%]",,,,
6,weights,21,76,0.1,0.50039126827747,0.7532544294372201,0.0001111111111111111,71.74285714285715,"[63.7%, 66.4%, 78.6%, 70.2%, 73.8%, 75.2%, 74.3%]",,,,
6,weights,22,77,0.1,0.5088351383993898,0.7487572906538844,0.0001111111111111111,71.81428571428572,"[63.7%, 66.4%, 78.6%, 70.2%, 73.8%, 75.2%, 74.8%]",,,,
6,weights,23,78,0.1,0.4905821847010262,0.7263394463807344,0.0001111111111111111,71.84285714285714,"[63.7%, 66.4%, 78.6%, 70.2%, 73.8%, 75.2%, 75.0%]",,,,
6,weights,24,79,0.1,0.49561767525310757,0.8036351436749101,0.0001111111111111111,71.64285714285714,"[63.7%, 66.4%, 78.6%, 70.2%, 73.8%, 75.2%, 73.6%]",,,,
6,weights,25,80,0.1,0.48599584193169315,0.7456632191315293,0.0001111111111111111,71.85714285714286,"[63.7%, 66.4%, 78.6%, 70.2%, 73.8%, 75.2%, 75.1%]",57.34285714285714,"[15.1%, 54.4%, 78.6%, 56.8%, 64.7%, 64.4%, 67.4%]",65.32857142857142,"[48.9%, 54.4%, 78.6%, 66.9%, 61.1%, 72.3%, 75.1%]"
7,parallel,1,1,0.3,9.352703305739391,5.495933681726456,0.0001111111111111111,62.875,"[63.7%, 66.4%, 78.6%, 70.2%, 73.8%, 75.2%, 75.1%, 0.0%]",,,,
7,parallel,2,2,0.3,4.374860920483553,3.3544593900442123,0.0001111111111111111,64.125,"[63.7%, 66.4%, 78.6%, 70.2%, 73.8%, 75.2%, 75.1%, 10.0%]",,,,
7,parallel,3,3,0.3,2.69808813288242,2.402250900864601,0.0001111111111111111,64.125,"[63.7%, 66.4%, 78.6%, 70.2%, 73.8%, 75.2%, 75.1%, 10.0%]",,,,
7,parallel,4,4,0.3,2.3659987117670758,2.3377624303102493,0.0001111111111111111,64.1125,"[63.7%, 66.4%, 78.6%, 70.2%, 73.8%, 75.2%, 75.1%, 9.9%]",,,,
7,parallel,5,5,0.2949687550072104,2.341335251361509,2.330829933285713,0.0001111111111111111,64.125,"[63.7%, 66.4%, 78.6%, 70.2%, 73.8%, 75.2%, 75.1%, 10.0%]",,,,
7,parallel,6,6,0.2871500208299952,2.3325484312033353,2.323436349630356,0.0001111111111111111,64.125,"[63.7%, 66.4%, 78.6%, 70.2%, 73.8%, 75.2%, 75.1%, 10.0%]",,,,
7,parallel,7,7,0.27949128665278,2.27400639087339,2.099493496119976,0.0001111111111111111,65.325,"[63.7%, 66.4%, 78.6%, 70.2%, 73.8%, 75.2%, 75.1%, 19.6%]",,,,
7,parallel,8,8,0.2719925524755648,1.9582350299328188,1.8491927459836006,0.0001111111111111111,66.875,"[63.7%, 66.4%, 78.6%, 70.2%, 73.8%, 75.2%, 75.1%, 32.0%]",,,,
7,parallel,9,9,0.2646538182983496,1.7684830200823047,1.6525324881076813,0.0001111111111111111,67.7625,"[63.7%, 66.4%, 78.6%, 70.2%, 73.8%, 75.2%, 75.1%, 39.1%]",,,,
7,parallel,10,10,0.2574750841211344,1.6167423649679256,1.63381876796484,0.0001111111111111111,67.8,"[63.7%, 66.4%, 78.6%, 70.2%, 73.8%, 75.2%, 75.1%, 39.4%]",,,,
7,parallel,11,11,0.25045634994391924,1.467715310145028,1.5071366019546986,0.0001111111111111111,68.65,"[63.7%, 66.4%, 78.6%, 70.2%, 73.8%, 75.2%, 75.1%, 46.2%]",,,,
7,parallel,12,12,0.24359761576670405,1.3973282756684702,1.4310155734419823,0.0001111111111111111,69.0875,"[63.7%, 66.4%, 78.6%, 70.2%, 73.8%, 75.2%, 75.1%, 49.7%]",,,,
7,parallel,13,13,0.23689888158948885,1.3545774809921844,1.3798882253468037,0.0001111111111111111,69.1,"[63.7%, 66.4%, 78.6%, 70.2%, 73.8%, 75.2%, 75.1%, 49.8%]",,,,
7,parallel,14,14,0.23036014741227365,1.2679551379590095,1.3134172707796097,0.0001111111111111111,69.4375,"[63.7%, 66.4%, 78.6%, 70.2%, 73.8%, 75.2%, 75.1%, 52.5%]",,,,
7,parallel,15,15,0.22398141323505846,1.1969939334483086,1.2343325819820166,0.0001111111111111111,70.0625,"[63.7%, 66.4%, 78.6%, 70.2%, 73.8%, 75.2%, 75.1%, 57.5%]",,,,
7,parallel,16,16,0.21776267905784327,1.1256749758237525,1.222136951982975,0.0001111111111111111,70.15,"[63.7%, 66.4%, 78.6%, 70.2%, 73.8%, 75.2%, 75.1%, 58.2%]",,,,
7,parallel,17,17,0.2117039448806281,1.0957446965990187,1.1582418493926525,0.0001111111111111111,70.5,"[63.7%, 66.4%, 78.6%, 70.2%, 73.8%, 75.2%, 75.1%, 61.0%]",,,,
7,parallel,18,18,0.2058052107034129,1.057784018637259,1.1718200333416462,0.0001111111111111111,70.225,"[63.7%, 66.4%, 78.6%, 70.2%, 73.8%, 75.2%, 75.1%, 58.8%]",,,,
7,parallel,19,19,0.20006647652619775,1.0643350813962236,1.0921420343220234,0.0001111111111111111,70.675,"[63.7%, 66.4%, 78.6%, 70.2%, 73.8%, 75.2%, 75.1%, 62.4%]",,,,
7,parallel,20,20,0.19448774234898253,1.0200915095172352,1.1010017693042755,0.0001111111111111111,70.925,"[63.7%, 66.4%, 78.6%, 70.2%, 73.8%, 75.2%, 75.1%, 64.4%]",,,,
7,parallel,21,21,0.18906900817176733,0.9816634670088563,0.997102802619338,0.0001111111111111111,71.275,"[63.7%, 66.4%, 78.6%, 70.2%, 73.8%, 75.2%, 75.1%, 67.2%]",,,,
7,parallel,22,22,0.1838102739945522,1.029896924012824,1.047895222902298,0.0001111111111111111,71.1625,"[63.7%, 66.4%, 78.6%, 70.2%, 73.8%, 75.2%, 75.1%, 66.3%]",,,,
7,parallel,23,23,0.17871153981733698,0.9785439613499219,1.0599936377257109,0.0001111111111111111,71.2125,"[63.7%, 66.4%, 78.6%, 70.2%, 73.8%, 75.2%, 75.1%, 66.7%]",,,,
7,parallel,24,24,0.1737728056401218,0.9532821774482727,1.0280361715704203,0.0001111111111111111,71.3625,"[63.7%, 66.4%, 78.6%, 70.2%, 73.8%, 75.2%, 75.1%, 67.9%]",,,,
7,parallel,25,25,0.1689940714629066,1.0523705369309535,1.0657688863575459,0.0001111111111111111,70.85,"[63.7%, 66.4%, 78.6%, 70.2%, 73.8%, 75.2%, 75.1%, 63.8%]",,,,
7,parallel,26,26,0.1643753372856914,0.9478829261622851,1.0502052027732134,0.0001111111111111111,71.05,"[63.7%, 66.4%, 78.6%, 70.2%, 73.8%, 75.2%, 75.1%, 65.4%]",,,,
7,parallel,27,27,0.15991660310847622,0.9293253550046607,0.9695877861231565,0.0001111111111111111,71.4125,"[63.7%, 66.4%, 78.6%, 70.2%, 73.8%, 75.2%, 75.1%, 68.3%]",,,,
7,parallel,28,28,0.155617868931261,1.0271133795569214,1.18763548694551,0.0001111111111111111,70.3875,"[63.7%, 66.4%, 78.6%, 70.2%, 73.8%, 75.2%, 75.1%, 60.1%]",,,,
7,parallel,29,29,0.1514791347540458,0.980657735957375,1.1111047081649303,0.0001111111111111111,70.575,"[63.7%, 66.4%, 78.6%, 70.2%, 73.8%, 75.2%, 75.1%, 61.6%]",,,,
7,parallel,30,30,0.14750040057683064,0.9351003864143468,1.0277177337557077,0.0001111111111111111,70.9,"[63.7%, 66.4%, 78.6%, 70.2%, 73.8%, 75.2%, 75.1%, 64.2%]",,,,
7,parallel,31,31,0.14368166639961544,0.8994988052150871,0.9811501447111368,0.0001111111111111111,71.2875,"[63.7%, 66.4%, 78.6%, 70.2%, 73.8%, 75.2%, 75.1%, 67.3%]",,,,
7,parallel,32,32,0.14002293222240025,0.9602568504176562,1.1367041543126106,0.0001111111111111111,70.7875,"[63.7%, 66.4%, 78.6%, 70.2%, 73.8%, 75.2%, 75.1%, 63.3%]",,,,
7,parallel,33,33,0.13652419804518506,0.9382011490532115,1.0173546355217695,0.0001111111111111111,71.2,"[63.7%, 66.4%, 78.6%, 70.2%, 73.8%, 75.2%, 75.1%, 66.6%]",,,,
7,parallel,34,34,0.13318546386796987,0.8813934141322027,1.0062558241188526,0.0001111111111111111,71.25,"[63.7%, 66.4%, 78.6%, 70.2%, 73.8%, 75.2%, 75.1%, 67.0%]",,,,
7,parallel,35,35,0.1300067296907547,0.924865380872654,1.053159922361374,0.0001111111111111111,70.9625,"[63.7%, 66.4%, 78.6%, 70.2%, 73.8%, 75.2%, 75.1%, 64.7%]",,,,
7,parallel,36,36,0.1269879955135395,0.8831466911714289,1.0063604190945625,0.0001111111111111111,71.1,"[63.7%, 66.4%, 78.6%, 70.2%, 73.8%, 75.2%, 75.1%, 65.8%]",,,,
7,parallel,37,37,0.12412926133632432,0.995587775978861,1.1028669886291027,0.0001111111111111111,70.8375,"[63.7%, 66.4%, 78.6%, 70.2%, 73.8%, 75.2%, 75.1%, 63.7%]",,,,
7,parallel,38,38,0.12143052715910913,0.950128233130974,1.0760416314005852,0.0001111111111111111,71.0625,"[63.7%, 66.4%, 78.6%, 70.2%, 73.8%, 75.2%, 75.1%, 65.5%]",,,,
7,parallel,39,39,0.11889179298189392,0.9122895092903813,1.0010507572442293,0.0001111111111111111,71.1,"[63.7%, 66.4%, 78.6%, 70.2%, 73.8%, 75.2%, 75.1%, 65.8%]",,,,
7,parallel,40,40,0.11651305880467874,0.9275779158254213,1.0201361496001482,0.0001111111111111111,71.2375,"[63.7%, 66.4%, 78.6%, 70.2%, 73.8%, 75.2%, 75.1%, 66.9%]",,,,
7,parallel,41,41,0.11429432462746354,0.9115807753574999,1.0006954781711102,0.0001111111111111111,71.1875,"[63.7%, 66.4%, 78.6%, 70.2%, 73.8%, 75.2%, 75.1%, 66.5%]",,,,
7,parallel,42,42,0.11223559045024836,0.8734066856058338,1.0176485450938344,0.0001111111111111111,71.225,"[63.7%, 66.4%, 78.6%, 70.2%, 73.8%, 75.2%, 75.1%, 66.8%]",,,,
7,parallel,43,43,0.11033685627303318,0.8569575683980049,1.0269884299486876,0.0001111111111111111,71.025,"[63.7%, 66.4%, 78.6%, 70.2%, 73.8%, 75.2%, 75.1%, 65.2%]",,,,
7,parallel,44,44,0.10859812209581798,1.0239914882032177,1.0907778982073069,0.0001111111111111111,70.8875,"[63.7%, 66.4%, 78.6%, 70.2%, 73.8%, 75.2%, 75.1%, 64.1%]",,,,
7,parallel,45,45,0.1070193879186028,0.9276550834691977,1.022905495017767,0.0001111111111111111,70.975,"[63.7%, 66.4%, 78.6%, 70.2%, 73.8%, 75.2%, 75.1%, 64.8%]",,,,
7,parallel,46,46,0.1056006537413876,0.8977711909933935,0.9753229301422834,0.0001111111111111111,71.2375,"[63.7%, 66.4%, 78.6%, 70.2%, 73.8%, 75.2%, 75.1%, 66.9%]",,,,
7,parallel,47,47,0.10434191956417241,0.8868331924269471,0.9735050741583109,0.0001111111111111111,71.3,"[63.7%, 66.4%, 78.6%, 70.2%, 73.8%, 75.2%, 75.1%, 67.4%]",,,,
7,parallel,48,48,0.10324318538695722,0.8746400777297684,1.005708783864975,0.0001111111111111111,71.2,"[63.7%, 66.4%, 78.6%, 70.2%, 73.8%, 75.2%, 75.1%, 66.6%]",,,,
7,parallel,49,49,0.10230445120974203,0.8290587463710881,0.9667898062616587,0.0001111111111111111,71.4625,"[63.7%, 66.4%, 78.6%, 70.2%, 73.8%, 75.2%, 75.1%, 68.7%]",,,,
7,parallel,50,50,0.10152571703252684,0.8814941871015332,1.0373905505985022,0.0001111111111111111,70.975,"[63.7%, 66.4%, 78.6%, 70.2%, 73.8%, 75.2%, 75.1%, 64.8%]",,,,
7,parallel,51,51,0.10090698285531166,0.8948687548878826,0.9557448588311672,0.0001111111111111111,71.4125,"[63.7%, 66.4%, 78.6%, 70.2%, 73.8%, 75.2%, 75.1%, 68.3%]",,,,
7,parallel,52,52,0.10044824867809646,0.8363079756875581,1.0063924919813871,0.0001111111111111111,71.25,"[63.7%, 66.4%, 78.6%, 70.2%, 73.8%, 75.2%, 75.1%, 67.0%]",,,,
7,parallel,53,53,0.10014951450088128,0.8012411503852168,0.9277116395533085,0.0001111111111111111,71.5375,"[63.7%, 66.4%, 78.6%, 70.2%, 73.8%, 75.2%, 75.1%, 69.3%]",,,,
7,parallel,54,54,0.10001078032366609,0.7773274869858464,0.9570394847542048,0.0001111111111111111,71.4375,"[63.7%, 66.4%, 78.6%, 70.2%, 73.8%, 75.2%, 75.1%, 68.5%]",,,,
7,parallel,55,55,0.1,0.776799933065342,0.9681048635393381,0.0001111111111111111,71.45,"[63.7%, 66.4%, 78.6%, 70.2%, 73.8%, 75.2%, 75.1%, 68.6%]",,,,
7,weights,1,56,0.1,0.7932844693902172,0.9145094212144613,0.0001111111111111111,71.5,"[63.7%, 66.4%, 78.6%, 70.2%, 73.8%, 75.2%, 75.1%, 69.0%]",,,,
7,weights,2,57,0.1,0.7726643726795535,0.9569722283631563,0.0001111111111111111,71.4,"[63.7%, 66.4%, 78.6%, 70.2%, 73.8%, 75.2%, 75.1%, 68.2%]",,,,
7,weights,3,58,0.1,0.7640599434888815,0.9112350810319185,0.0001111111111111111,71.5,"[63.7%, 66.4%, 78.6%, 70.2%, 73.8%, 75.2%, 75.1%, 69.0%]",,,,
7,weights,4,59,0.1,0.7284868616092054,0.9679935425519943,0.0001111111111111111,71.325,"[63.7%, 66.4%, 78.6%, 70.2%, 73.8%, 75.2%, 75.1%, 67.6%]",,,,
7,weights,5,60,0.1,0.7304671689679351,0.9329634848982096,0.0001111111111111111,71.5125,"[63.7%, 66.4%, 78.6%, 70.2%, 73.8%, 75.2%, 75.1%, 69.1%]",,,,
7,weights,6,61,0.1,0.7318900389761864,0.8963005039840937,0.0001111111111111111,71.7375,"[63.7%, 66.4%, 78.6%, 70.2%, 73.8%, 75.2%, 75.1%, 70.9%]",,,,
7,weights,7,62,0.1,0.7092598469196996,0.9444325938820839,0.0001111111111111111,71.4125,"[63.7%, 66.4%, 78.6%, 70.2%, 73.8%, 75.2%, 75.1%, 68.3%]",,,,
7,weights,8,63,0.1,0.7124677821050717,0.8861781116575003,0.0001111111111111111,71.675,"[63.7%, 66.4%, 78.6%, 70.2%, 73.8%, 75.2%, 75.1%, 70.4%]",,,,
7,weights,9,64,0.1,0.7108845491952533,0.9208748303353786,0.0001111111111111111,71.4875,"[63.7%, 66.4%, 78.6%, 70.2%, 73.8%, 75.2%, 75.1%, 68.9%]",,,,
7,weights,10,65,0.1,0.6784184461907495,0.9218102395534515,0.0001111111111111111,71.4875,"[63.7%, 66.4%, 78.6%, 70.2%, 73.8%, 75.2%, 75.1%, 68.9%]",,,,
7,weights,11,66,0.1,0.6998349609254282,0.906841954216361,0.0001111111111111111,71.5625,"[63.7%, 66.4%, 78.6%, 70.2%, 73.8%, 75.2%, 75.1%, 69.5%]",,,,
7,weights,12,67,0.1,0.6835795984238009,0.9077899120748043,0.0001111111111111111,71.575,"[63.7%, 66.4%, 78.6%, 70.2%, 73.8%, 75.2%, 75.1%, 69.6%]",,,,
7,weights,13,68,0.1,0.6751756060727035,0.9059137795120478,0.0001111111111111111,71.55,"[63.7%, 66.4%, 78.6%, 70.2%, 73.8%, 75.2%, 75.1%, 69.4%]",,,,
7,weights,14,69,0.1,0.6773452004299888,0.8800205737352371,0.0001111111111111111,71.7,"[63.7%, 66.4%, 78.6%, 70.2%, 73.8%, 75.2%, 75.1%, 70.6%]",,,,
7,weights,15,70,0.1,0.6572748207593266,0.9138012249022722,0.0001111111111111111,71.5375,"[63.7%, 66.4%, 78.6%, 70.2%, 73.8%, 75.2%, 75.1%, 69.3%]",,,,
7,weights,16,71,0.1,0.6673687979390349,0.9154589269310236,0.0001111111111111111,71.625,"[63.7%, 66.4%, 78.6%, 70.2%, 73.8%, 75.2%, 75.1%, 70.0%]",,,,
7,weights,17,72,0.1,0.6318200743651088,0.86911466345191,0.0001111111111111111,71.7625,"[63.7%, 66.4%, 78.6%, 70.2%, 73.8%, 75.2%, 75.1%, 71.1%]",,,,
7,weights,18,73,0.1,0.6383039408092257,0.8792858049273491,0.0001111111111111111,71.675,"[63.7%, 66.4%, 78.6%, 70.2%, 73.8%, 75.2%, 75.1%, 70.4%]",,,,
7,weights,19,74,0.1,0.6302666799931587,0.8742143213748932,0.0001111111111111111,71.675,"[63.7%, 66.4%, 78.6%, 70.2%, 73.8%, 75.2%, 75.1%, 70.4%]",,,,
7,weights,20,75,0.1,0.6202816382239137,0.8796822745352983,0.0001111111111111111,71.65,"[63.7%, 66.4%, 78.6%, 70.2%, 73.8%, 75.2%, 75.1%, 70.2%]",,,,
7,weights,21,76,0.1,0.6133206228289423,0.8724143784493208,0.0001111111111111111,71.7875,"[63.7%, 66.4%, 78.6%, 70.2%, 73.8%, 75.2%, 75.1%, 71.3%]",,,,
7,weights,22,77,0.1,0.6236242270922359,0.8550439476966858,0.0001111111111111111,71.8875,"[63.7%, 66.4%, 78.6%, 70.2%, 73.8%, 75.2%, 75.1%, 72.1%]",,,,
7,weights,23,78,0.1,0.6101925022239927,0.8768140766769648,0.0001111111111111111,71.6375,"[63.7%, 66.4%, 78.6%, 70.2%, 73.8%, 75.2%, 75.1%, 70.1%]",,,,
7,weights,24,79,0.1,0.6232421122774293,0.8660260606557131,0.0001111111111111111,71.7625,"[63.7%, 66.4%, 78.6%, 70.2%, 73.8%, 75.2%, 75.1%, 71.1%]",,,,
7,weights,25,80,0.1,0.6391203263892403,0.9102537352591753,0.0001111111111111111,71.575,"[63.7%, 66.4%, 78.6%, 70.2%, 73.8%, 75.2%, 75.1%, 69.6%]",54.725,"[10.3%, 54.4%, 78.6%, 56.8%, 64.7%, 64.4%, 62.2%, 46.4%]",63.7125,"[48.9%, 59.4%, 78.6%, 56.8%, 61.1%, 72.3%, 69.9%, 62.7%]"
8,parallel,1,1,0.2,8.171431076677539,5.242904365062714,0.0001111111111111111,63.62222222222223,"[63.7%, 66.4%, 78.6%, 70.2%, 73.8%, 75.2%, 75.1%, 69.6%, 0.0%]",,,,
8,parallel,2,2,0.2,4.389882929717438,3.5676879286766052,0.0001111111111111111,63.62222222222223,"[63.7%, 66.4%, 78.6%, 70.2%, 73.8%, 75.2%, 75.1%, 69.6%, 0.0%]",,,,
8,parallel,3,3,0.2,2.983141497720646,2.57125985622406,0.0001111111111111111,64.73333333333333,"[63.7%, 66.4%, 78.6%, 70.2%, 73.8%, 75.2%, 75.1%, 69.6%, 10.0%]",,,,
8,parallel,4,4,0.2,2.4492339393760583,2.3802593052387238,0.0001111111111111111,64.73333333333333,"[63.7%, 66.4%, 78.6%, 70.2%, 73.8%, 75.2%, 75.1%, 69.6%, 10.0%]",,,,
8,parallel,5,5,0.1974843775036052,2.360880863817432,2.342838779091835,0.0001111111111111111,64.73333333333333,"[63.7%, 66.4%, 78.6%, 70.2%, 73.8%, 75.2%, 75.1%, 69.6%, 10.0%]",,,,
8,parallel,6,6,0.1935750104149976,2.3526335758498953,2.348259687423706,0.0001111111111111111,64.73333333333333,"[63.7%, 66.4%, 78.6%, 70.2%, 73.8%, 75.2%, 75.1%, 69.6%, 10.0%]",,,,
8,parallel,7,7,0.18974564332639002,2.358162327657772,2.340406835079193,0.0001111111111111111,64.73333333333333,"[63.7%, 66.4%, 78.6%, 70.2%, 73.8%, 75.2%, 75.1%, 69.6%, 10.0%]",,,,
8,parallel,8,8,0.18599627623778242,2.3379189002362986,2.326934739947319,0.0001111111111111111,64.73333333333333,"[63.7%, 66.4%, 78.6%, 70.2%, 73.8%, 75.2%, 75.1%, 69.6%, 10.0%]",,,,
8,parallel,9,9,0.18232690914917482,2.3294532691376117,2.3224483132362366,0.0001111111111111111,64.73333333333333,"[63.7%, 66.4%, 78.6%, 70.2%, 73.8%, 75.2%, 75.1%, 69.6%, 10.0%]",,,,
8,parallel,10,10,0.17873754206056722,2.3204868624481976,2.2974958270788193,0.0001111111111111111,65.25555555555556,"[63.7%, 66.4%, 78.6%, 70.2%, 73.8%, 75.2%, 75.1%, 69.6%, 14.7%]",,,,
8,parallel,11,11,0.17522817497195964,2.2178448076489605,2.0594515055418015,0.0001111111111111111,66.33333333333333,"[63.7%, 66.4%, 78.6%, 70.2%, 73.8%, 75.2%, 75.1%, 69.6%, 24.4%]",,,,
8,parallel,12,12,0.17179880788335206,1.9731715947766848,1.8847252950072289,0.0001111111111111111,67.17777777777778,"[63.7%, 66.4%, 78.6%, 70.2%, 73.8%, 75.2%, 75.1%, 69.6%, 32.0%]",,,,
8,parallel,13,13,0.16844944079474444,1.8113820718813547,1.8755520023405552,0.0001111111111111111,67.16666666666667,"[63.7%, 66.4%, 78.6%, 70.2%, 73.8%, 75.2%, 75.1%, 69.6%, 31.9%]",,,,
8,parallel,14,14,0.16518007370613685,1.7202785075465334,1.636874120682478,0.0001111111111111111,68.21111111111111,"[63.7%, 66.4%, 78.6%, 70.2%, 73.8%, 75.2%, 75.1%, 69.6%, 41.3%]",,,,
8,parallel,15,15,0.16199070661752923,1.6426754782471475,1.5679383501410484,0.0001111111111111111,68.56666666666666,"[63.7%, 66.4%, 78.6%, 70.2%, 73.8%, 75.2%, 75.1%, 69.6%, 44.5%]",,,,
8,parallel,16,16,0.15888133952892164,1.5560289726981633,1.5211599133908749,0.0001111111111111111,68.48888888888888,"[63.7%, 66.4%, 78.6%, 70.2%, 73.8%, 75.2%, 75.1%, 69.6%, 43.8%]",,,,
8,parallel,17,17,0.15585197244031407,1.5801397335680225,1.5410691015422344,0.0001111111111111111,68.63333333333334,"[63.7%, 66.4%, 78.6%, 70.2%, 73.8%, 75.2%, 75.1%, 69.6%, 45.1%]",,,,
8,parallel,18,18,0.15290260535170647,1.517953789686855,1.445990964770317,0.0001111111111111111,69.15555555555555,"[63.7%, 66.4%, 78.6%, 70.2%, 73.8%, 75.2%, 75.1%, 69.6%, 49.8%]",,,,
8,parallel,19,19,0.1500332382630989,1.448353219635879,1.4741625506430864,0.0001111111111111111,69.01111111111112,"[63.7%, 66.4%, 78.6%, 70.2%, 73.8%, 75.2%, 75.1%, 69.6%, 48.5%]",,,,
8,parallel,20,20,0.14724387117449128,1.4130280327193345,1.4919286575168371,0.0001111111111111111,68.77777777777777,"[63.7%, 66.4%, 78.6%, 70.2%, 73.8%, 75.2%, 75.1%, 69.6%, 46.4%]",,,,
8,parallel,21,21,0.14453450408588367,1.3836852674242817,1.413898566737771,0.0001111111111111111,69.36666666666667,"[63.7%, 66.4%, 78.6%, 70.2%, 73.8%, 75.2%, 75.1%, 69.6%, 51.7%]",,,,
8,parallel,22,22,0.14190513699727608,1.3679420314257658,1.3774162102490664,0.0001111111111111111,69.31111111111112,"[63.7%, 66.4%, 78.6%, 70.2%, 73.8%, 75.2%, 75.1%, 69.6%, 51.2%]",,,,
8,parallel,23,23,0.1393557699086685,1.391294162484664,1.4056039061397314,0.0001111111111111111,69.11111111111111,"[63.7%, 66.4%, 78.6%, 70.2%, 73.8%, 75.2%, 75.1%, 69.6%, 49.4%]",,,,
8,parallel,24,24,0.1368864028200609,1.3196717621404914,1.3479880802333355,0.0001111111111111111,69.56666666666666,"[63.7%, 66.4%, 78.6%, 70.2%, 73.8%, 75.2%, 75.1%, 69.6%, 53.5%]",,,,
8,parallel,25,25,0.1344970357314533,1.295955816401711,1.3595819789916277,0.0001111111111111111,69.4,"[63.7%, 66.4%, 78.6%, 70.2%, 73.8%, 75.2%, 75.1%, 69.6%, 52.0%]",,,,
8,parallel,26,26,0.1321876686428457,1.2986170732522313,1.2864677160978317,0.0001111111111111111,69.83333333333333,"[63.7%, 66.4%, 78.6%, 70.2%, 73.8%, 75.2%, 75.1%, 69.6%, 55.9%]",,,,
8,parallel,27,27,0.1299583015542381,1.2477396070202695,1.305587973445654,0.0001111111111111111,69.63333333333334,"[63.7%, 66.4%, 78.6%, 70.2%, 73.8%, 75.2%, 75.1%, 69.6%, 54.1%]",,,,
8,parallel,28,28,0.12780893446563052,1.2188996770713902,1.2470268346369267,0.0001111111111111111,69.87777777777778,"[63.7%, 66.4%, 78.6%, 70.2%, 73.8%, 75.2%, 75.1%, 69.6%, 56.3%]",,,,
8,parallel,29,29,0.1257395673770229,1.1934677913219114,1.2129963710904121,0.0001111111111111111,70.04444444444444,"[63.7%, 66.4%, 78.6%, 70.2%, 73.8%, 75.2%, 75.1%, 69.6%, 57.8%]",,,,
8,parallel,30,30,0.12375020028841532,1.3318226684497882,1.3738852962851524,0.0001111111111111111,69.44444444444444,"[63.7%, 66.4%, 78.6%, 70.2%, 73.8%, 75.2%, 75.1%, 69.6%, 52.4%]",,,,
8,parallel,31,31,0.12184083319980774,1.2429764406590522,1.4002378713339567,0.0001111111111111111,69.34444444444445,"[63.7%, 66.4%, 78.6%, 70.2%, 73.8%, 75.2%, 75.1%, 69.6%, 51.5%]",,,,
8,parallel,32,32,0.12001146611120014,1.2085766384873209,1.3162875808775425,0.0001111111111111111,69.63333333333334,"[63.7%, 66.4%, 78.6%, 70.2%, 73.8%, 75.2%, 75.1%, 69.6%, 54.1%]",,,,
8,parallel,33,33,0.11826209902259253,1.1723462705370746,1.2803788632154465,0.0001111111111111111,69.96666666666667,"[63.7%, 66.4%, 78.6%, 70.2%, 73.8%, 75.2%, 75.1%, 69.6%, 57.1%]",,,,
8,parallel,34,34,0.11659273193398495,1.198507927641084,1.2418164480477571,0.0001111111111111111,70.1,"[63.7%, 66.4%, 78.6%, 70.2%, 73.8%, 75.2%, 75.1%, 69.6%, 58.3%]",,,,
8,parallel,35,35,0.11500336484537735,1.150813012183467,1.3483498506247997,0.0001111111111111111,69.56666666666666,"[63.7%, 66.4%, 78.6%, 70.2%, 73.8%, 75.2%, 75.1%, 69.6%, 53.5%]",,,,
8,parallel,36,36,0.11349399775676976,1.1137569893764545,1.2139181289821863,0.0001111111111111111,69.85555555555555,"[63.7%, 66.4%, 78.6%, 70.2%, 73.8%, 75.2%, 75.1%, 69.6%, 56.1%]",,,,
8,parallel,37,37,0.11206463066816216,1.111490946027297,1.2513205632567406,0.0001111111111111111,69.98888888888888,"[63.7%, 66.4%, 78.6%, 70.2%, 73.8%, 75.2%, 75.1%, 69.6%, 57.3%]",,,,
8,parallel,38,38,0.11071526357955457,1.0818598708019982,1.2035136725753546,0.0001111111111111111,70.11111111111111,"[63.7%, 66.4%, 78.6%, 70.2%, 73.8%, 75.2%, 75.1%, 69.6%, 58.4%]",,,,
8,parallel,39,39,0.10944589649094696,1.0518387269370164,1.1466891542077065,0.0001111111111111111,70.31111111111112,"[63.7%, 66.4%, 78.6%, 70.2%, 73.8%, 75.2%, 75.1%, 69.6%, 60.2%]",,,,
8,parallel,40,40,0.10825652940233937,1.311923143229907,1.2225024532526731,0.0001111111111111111,69.97777777777779,"[63.7%, 66.4%, 78.6%, 70.2%, 73.8%, 75.2%, 75.1%, 69.6%, 57.2%]",,,,
8,parallel,41,41,0.10714716231373178,1.137616835817506,1.2218100652098656,0.0001111111111111111,70.1,"[63.7%, 66.4%, 78.6%, 70.2%, 73.8%, 75.2%, 75.1%, 69.6%, 58.3%]",,,,
8,parallel,42,42,0.10611779522512418,1.1121491774728027,1.1594677083194256,0.0001111111111111111,70.37777777777778,"[63.7%, 66.4%, 78.6%, 70.2%, 73.8%, 75.2%, 75.1%, 69.6%, 60.8%]",,,,
8,parallel,43,43,0.10516842813651658,1.1057661749139618,1.2362512107938528,0.0001111111111111111,70.02222222222223,"[63.7%, 66.4%, 78.6%, 70.2%, 73.8%, 75.2%, 75.1%, 69.6%, 57.6%]",,,,
8,parallel,44,44,0.104299061047909,1.083276080179818,1.2482792343944311,0.0001111111111111111,69.96666666666667,"[63.7%, 66.4%, 78.6%, 70.2%, 73.8%, 75.2%, 75.1%, 69.6%, 57.1%]",,,,
8,parallel,45,45,0.1035096939593014,1.0742989084388637,1.137735215947032,0.0001111111111111111,70.44444444444444,"[63.7%, 66.4%, 78.6%, 70.2%, 73.8%, 75.2%, 75.1%, 69.6%, 61.4%]",,,,
8,parallel,46,46,0.1028003268706938,1.0359326140790046,1.1448699161410332,0.0001111111111111111,70.30000000000001,"[63.7%, 66.4%, 78.6%, 70.2%, 73.8%, 75.2%, 75.1%, 69.6%, 60.1%]",,,,
8,parallel,47,47,0.10217095978208621,1.0318969163713576,1.1279470529407263,0.0001111111111111111,70.37777777777778,"[63.7%, 66.4%, 78.6%, 70.2%, 73.8%, 75.2%, 75.1%, 69.6%, 60.8%]",,,,
8,parallel,48,48,0.10162159269347862,1.0086401203010655,1.1630175858736038,0.0001111111111111111,70.36666666666667,"[63.7%, 66.4%, 78.6%, 70.2%, 73.8%, 75.2%, 75.1%, 69.6%, 60.7%]",,,,
8,parallel,49,49,0.10115222560487103,1.1015705428545988,1.0977069400250912,0.0001111111111111111,70.41111111111111,"[63.7%, 66.4%, 78.6%, 70.2%, 73.8%, 75.2%, 75.1%, 69.6%, 61.1%]",,,,
8,parallel,50,50,0.10076285851626343,1.0164137761804122,1.1558237746357918,0.0001111111111111111,70.53333333333335,"[63.7%, 66.4%, 78.6%, 70.2%, 73.8%, 75.2%, 75.1%, 69.6%, 62.2%]",,,,
8,parallel,51,51,0.10045349142765583,1.0140030572686014,1.2008293382823467,0.0001111111111111111,70.25555555555556,"[63.7%, 66.4%, 78.6%, 70.2%, 73.8%, 75.2%, 75.1%, 69.6%, 59.7%]",,,,
8,parallel,52,52,0.10022412433904823,0.9805703381948834,1.1272098906338215,0.0001111111111111111,70.64444444444445,"[63.7%, 66.4%, 78.6%, 70.2%, 73.8%, 75.2%, 75.1%, 69.6%, 63.2%]",,,,
8,parallel,53,53,0.10007475725044064,0.9678548619716982,1.1171900629997253,0.0001111111111111111,70.5888888888889,"[63.7%, 66.4%, 78.6%, 70.2%, 73.8%, 75.2%, 75.1%, 69.6%, 62.7%]",,,,
8,parallel,54,54,0.10000539016183305,0.9552795698371115,1.102210570126772,0.0001111111111111111,70.65555555555555,"[63.7%, 66.4%, 78.6%, 70.2%, 73.8%, 75.2%, 75.1%, 69.6%, 63.3%]",,,,
8,parallel,55,55,0.1,0.9245785391783412,1.0889584757387638,0.0001111111111111111,70.7,"[63.7%, 66.4%, 78.6%, 70.2%, 73.8%, 75.2%, 75.1%, 69.6%, 63.7%]",,,,
8,weights,1,56,0.1,0.9342249790324441,1.0876882951706648,0.0001111111111111111,70.71111111111111,"[63.7%, 66.4%, 78.6%, 70.2%, 73.8%, 75.2%, 75.1%, 69.6%, 63.8%]",,,,
8,weights,2,57,0.1,0.914064079145842,1.1988041643053293,0.0001111111111111111,70.42222222222223,"[63.7%, 66.4%, 78.6%, 70.2%, 73.8%, 75.2%, 75.1%, 69.6%, 61.2%]",,,,
8,weights,3,58,0.1,0.9140156318869772,1.155899940058589,0.0001111111111111111,70.31111111111112,"[63.7%, 66.4%, 78.6%, 70.2%, 73.8%, 75.2%, 75.1%, 69.6%, 60.2%]",,,,
8,weights,4,59,0.1,0.8922870725016051,1.1015921048820019,0.0001111111111111111,70.47777777777779,"[63.7%, 66.4%, 78.6%, 70.2%, 73.8%, 75.2%, 75.1%, 69.6%, 61.7%]",,,,
8,weights,5,60,0.1,0.8816261148150963,1.0551357194781303,0.0001111111111111111,70.77777777777777,"[63.7%, 66.4%, 78.6%, 70.2%, 73.8%, 75.2%, 75.1%, 69.6%, 64.4%]",,,,
8,weights,6,61,0.1,0.913145315798023,1.0703246165066957,0.0001111111111111111,70.77777777777777,"[63.7%, 66.4%, 78.6%, 70.2%, 73.8%, 75.2%, 75.1%, 69.6%, 64.4%]",,,,
8,weights,7,62,0.1,0.8679324064073684,1.0932434368878603,0.0001111111111111111,70.62222222222222,"[63.7%, 66.4%, 78.6%, 70.2%, 73.8%, 75.2%, 75.1%, 69.6%, 63.0%]",,,,
8,weights,8,63,0.1,0.8554643898070613,1.0542113743722439,0.0001111111111111111,70.74444444444445,"[63.7%, 66.4%, 78.6%, 70.2%, 73.8%, 75.2%, 75.1%, 69.6%, 64.1%]",,,,
8,weights,9,64,0.1,0.8524339244335513,1.067768644541502,0.0001111111111111111,70.63333333333334,"[63.7%, 66.4%, 78.6%, 70.2%, 73.8%, 75.2%, 75.1%, 69.6%, 63.1%]",,,,
8,weights,10,65,0.1,0.8464813232421875,1.0199889093637466,0.0001111111111111111,70.95555555555556,"[63.7%, 66.4%, 78.6%, 70.2%, 73.8%, 75.2%, 75.1%, 69.6%, 66.0%]",,,,
8,weights,11,66,0.1,0.8441197525096845,1.085673961788416,0.0001111111111111111,70.75555555555556,"[63.7%, 66.4%, 78.6%, 70.2%, 73.8%, 75.2%, 75.1%, 69.6%, 64.2%]",,,,
8,weights,12,67,0.1,0.8436383816260326,0.9970925860106945,0.0001111111111111111,71.17777777777778,"[63.7%, 66.4%, 78.6%, 70.2%, 73.8%, 75.2%, 75.1%, 69.6%, 68.0%]",,,,
8,weights,13,68,0.1,0.8169843931741352,1.0470064021646976,0.0001111111111111111,70.97777777777779,"[63.7%, 66.4%, 78.6%, 70.2%, 73.8%, 75.2%, 75.1%, 69.6%, 66.2%]",,,,
8,weights,14,69,0.1,0.7995164243480827,1.059775235131383,0.0001111111111111111,70.80000000000001,"[63.7%, 66.4%, 78.6%, 70.2%, 73.8%, 75.2%, 75.1%, 69.6%, 64.6%]",,,,
8,weights,15,70,0.1,0.8014228464681891,1.0770243555307388,0.0001111111111111111,70.85555555555555,"[63.7%, 66.4%, 78.6%, 70.2%, 73.8%, 75.2%, 75.1%, 69.6%, 65.1%]",,,,
8,weights,16,71,0.1,0.7838811466965494,1.0546616688370705,0.0001111111111111111,70.83333333333333,"[63.7%, 66.4%, 78.6%, 70.2%, 73.8%, 75.2%, 75.1%, 69.6%, 64.9%]",,,,
8,weights,17,72,0.1,0.8150268498855301,1.0420396849513054,0.0001111111111111111,70.72222222222223,"[63.7%, 66.4%, 78.6%, 70.2%, 73.8%, 75.2%, 75.1%, 69.6%, 63.9%]",,,,
8,weights,18,73,0.1,0.8058516775505452,1.0115189775824547,0.0001111111111111111,71.13333333333334,"[63.7%, 66.4%, 78.6%, 70.2%, 73.8%, 75.2%, 75.1%, 69.6%, 67.6%]",,,,
8,weights,19,74,0.1,0.7839908328237413,1.0775087885558605,0.0001111111111111111,70.75555555555556,"[63.7%, 66.4%, 78.6%, 70.2%, 73.8%, 75.2%, 75.1%, 69.6%, 64.2%]",,,,
8,weights,20,75,0.1,0.7993811346307585,1.0349890384823084,0.0001111111111111111,71.05555555555556,"[63.7%, 66.4%, 78.6%, 70.2%, 73.8%, 75.2%, 75.1%, 69.6%, 66.9%]",,,,
8,weights,21,76,0.1,0.7495858073234558,1.0266316439956427,0.0001111111111111111,70.84444444444445,"[63.7%, 66.4%, 78.6%, 70.2%, 73.8%, 75.2%, 75.1%, 69.6%, 65.0%]",,,,
8,weights,22,77,0.1,0.746667872501325,1.0190884303301573,0.0001111111111111111,71.05555555555556,"[63.7%, 66.4%, 78.6%, 70.2%, 73.8%, 75.2%, 75.1%, 69.6%, 66.9%]",,,,
8,weights,23,78,0.1,0.7514255088341387,1.0418436098843813,0.0001111111111111111,70.96666666666667,"[63.7%, 66.4%, 78.6%, 70.2%, 73.8%, 75.2%, 75.1%, 69.6%, 66.1%]",,,,
8,weights,24,79,0.1,0.7591753202148631,1.0025413781404495,0.0001111111111111111,71.1888888888889,"[63.7%, 66.4%, 78.6%, 70.2%, 73.8%, 75.2%, 75.1%, 69.6%, 68.1%]",,,,
8,weights,25,80,0.1,0.7586080714871611,1.030078485608101,0.0001111111111111111,71.0,"[63.7%, 66.4%, 78.6%, 70.2%, 73.8%, 75.2%, 75.1%, 69.6%, 66.4%]",53.6,"[10.3%, 54.4%, 78.6%, 56.8%, 64.7%, 64.4%, 62.2%, 46.4%, 44.6%]",63.84444444444445,"[48.9%, 54.4%, 78.6%, 66.9%, 61.1%, 72.3%, 69.9%, 65.5%, 57.0%]"
9,parallel,1,1,0.1,6.331194437002834,5.07241290807724,0.0001111111111111111,63.9,"[63.7%, 66.4%, 78.6%, 70.2%, 73.8%, 75.2%, 75.1%, 69.6%, 66.4%, 0.0%]",,,,
9,parallel,2,2,0.1,4.654440149476256,4.265338838100433,0.0001111111111111111,63.9,"[63.7%, 66.4%, 78.6%, 70.2%, 73.8%, 75.2%, 75.1%, 69.6%, 66.4%, 0.0%]",,,,
9,parallel,3,3,0.1,3.874081002006048,3.3637188524007797,0.0001111111111111111,63.9,"[63.7%, 66.4%, 78.6%, 70.2%, 73.8%, 75.2%, 75.1%, 69.6%, 66.4%, 0.0%]",,,,
9,parallel,4,4,0.1,2.885170915458776,2.5724213272333145,0.0001111111111111111,64.9,"[63.7%, 66.4%, 78.6%, 70.2%, 73.8%, 75.2%, 75.1%, 69.6%, 66.4%, 10.0%]",,,,
9,parallel,5,5,0.1,2.4712041661709168,2.404529094696045,0.0001111111111111111,64.9,"[63.7%, 66.4%, 78.6%, 70.2%, 73.8%, 75.2%, 75.1%, 69.6%, 66.4%, 10.0%]",,,,
9,parallel,6,6,0.1,2.3798146881634676,2.362864226102829,0.0001111111111111111,64.9,"[63.7%, 66.4%, 78.6%, 70.2%, 73.8%, 75.2%, 75.1%, 69.6%, 66.4%, 10.0%]",,,,
9,parallel,7,7,0.1,2.3509680228897287,2.338182747364044,0.0001111111111111111,64.9,"[63.7%, 66.4%, 78.6%, 70.2%, 73.8%, 75.2%, 75.1%, 69.6%, 66.4%, 10.0%]",,,,
9,parallel,8,8,0.1,2.335991144180298,2.3299404829740524,0.0001111111111111111,64.9,"[63.7%, 66.4%, 78.6%, 70.2%, 73.8%, 75.2%, 75.1%, 69.6%, 66.4%, 10.0%]",,,,
9,parallel,9,9,0.1,2.328703756573834,2.323794260621071,0.0001111111111111111,64.9,"[63.7%, 66.4%, 78.6%, 70.2%, 73.8%, 75.2%, 75.1%, 69.6%, 66.4%, 10.0%]",,,,
9,parallel,10,10,0.1,2.325912210005748,2.31846684217453,0.0001111111111111111,64.9,"[63.7%, 66.4%, 78.6%, 70.2%, 73.8%, 75.2%, 75.1%, 69.6%, 66.4%, 10.0%]",,,,
9,parallel,11,11,0.1,2.310697247710409,2.2802065908908844,0.0001111111111111111,65.31,"[63.7%, 66.4%, 78.6%, 70.2%, 73.8%, 75.2%, 75.1%, 69.6%, 66.4%, 14.1%]",,,,
9,parallel,12,12,0.1,2.1806572585166255,2.092518776655197,0.0001111111111111111,66.37,"[63.7%, 66.4%, 78.6%, 70.2%, 73.8%, 75.2%, 75.1%, 69.6%, 66.4%, 24.7%]",,,,
9,parallel,13,13,0.1,1.9958367619333388,2.0057189390063286,0.0001111111111111111,66.59,"[63.7%, 66.4%, 78.6%, 70.2%, 73.8%, 75.2%, 75.1%, 69.6%, 66.4%, 26.9%]",,,,
9,parallel,14,14,0.1,1.8716927676261226,1.8444358855485916,0.0001111111111111111,66.95,"[63.7%, 66.4%, 78.6%, 70.2%, 73.8%, 75.2%, 75.1%, 69.6%, 66.4%, 30.5%]",,,,
9,parallel,15,15,0.1,1.7786701344236542,1.7506166994571686,0.0001111111111111111,67.12,"[63.7%, 66.4%, 78.6%, 70.2%, 73.8%, 75.2%, 75.1%, 69.6%, 66.4%, 32.2%]",,,,
9,parallel,16,16,0.1,1.7316755765601048,1.6738683059811592,0.0001111111111111111,67.62,"[63.7%, 66.4%, 78.6%, 70.2%, 73.8%, 75.2%, 75.1%, 69.6%, 66.4%, 37.2%]",,,,
9,parallel,17,17,0.1,1.6549154037161717,1.6530912891030312,0.0001111111111111111,67.56,"[63.7%, 66.4%, 78.6%, 70.2%, 73.8%, 75.2%, 75.1%, 69.6%, 66.4%, 36.6%]",,,,
9,parallel,18,18,0.1,1.5980236002161532,1.5517657548189163,0.0001111111111111111,68.46000000000001,"[63.7%, 66.4%, 78.6%, 70.2%, 73.8%, 75.2%, 75.1%, 69.6%, 66.4%, 45.6%]",,,,
9,parallel,19,19,0.1,1.5603752679462675,1.4847718179225922,0.0001111111111111111,68.77000000000001,"[63.7%, 66.4%, 78.6%, 70.2%, 73.8%, 75.2%, 75.1%, 69.6%, 66.4%, 48.7%]",,,,
9,parallel,20,20,0.1,1.471121323259571,1.472840316593647,0.0001111111111111111,69.06,"[63.7%, 66.4%, 78.6%, 70.2%, 73.8%, 75.2%, 75.1%, 69.6%, 66.4%, 51.6%]",,,,
9,parallel,21,21,0.1,1.4093270105651663,1.4505072571337223,0.0001111111111111111,68.84,"[63.7%, 66.4%, 78.6%, 70.2%, 73.8%, 75.2%, 75.1%, 69.6%, 66.4%, 49.4%]",,,,
9,parallel,22,22,0.1,1.3514395137376423,1.4237308204174042,0.0001111111111111111,69.06,"[63.7%, 66.4%, 78.6%, 70.2%, 73.8%, 75.2%, 75.1%, 69.6%, 66.4%, 51.6%]",,,,
9,parallel,23,23,0.1,1.3321102435075785,1.3029620759189129,0.0001111111111111111,69.5,"[63.7%, 66.4%, 78.6%, 70.2%, 73.8%, 75.2%, 75.1%, 69.6%, 66.4%, 56.0%]",,,,
9,parallel,24,24,0.1,1.256795407850531,1.3270321488380432,0.0001111111111111111,69.22,"[63.7%, 66.4%, 78.6%, 70.2%, 73.8%, 75.2%, 75.1%, 69.6%, 66.4%, 53.2%]",,,,
9,parallel,25,25,0.1,1.2558725302732443,1.2580467723309994,0.0001111111111111111,69.78999999999999,"[63.7%, 66.4%, 78.6%, 70.2%, 73.8%, 75.2%, 75.1%, 69.6%, 66.4%, 58.9%]",,,,
9,parallel,26,26,0.1,1.2109610611879373,1.2317679822444916,0.0001111111111111111,69.78,"[63.7%, 66.4%, 78.6%, 70.2%, 73.8%, 75.2%, 75.1%, 69.6%, 66.4%, 58.8%]",,,,
9,parallel,27,27,0.1,1.168823341780071,1.193588275462389,0.0001111111111111111,69.87,"[63.7%, 66.4%, 78.6%, 70.2%, 73.8%, 75.2%, 75.1%, 69.6%, 66.4%, 59.7%]",,,,
9,parallel,28,28,0.1,1.1512650228753876,1.2196902260184288,0.0001111111111111111,69.82000000000001,"[63.7%, 66.4%, 78.6%, 70.2%, 73.8%, 75.2%, 75.1%, 69.6%, 66.4%, 59.2%]",,,,
9,parallel,29,29,0.1,1.1270774980134601,1.1612218730151653,0.0001111111111111111,70.16,"[63.7%, 66.4%, 78.6%, 70.2%, 73.8%, 75.2%, 75.1%, 69.6%, 66.4%, 62.6%]",,,,
9,parallel,30,30,0.1,1.08893492101114,1.1890251711010933,0.0001111111111111111,69.96000000000001,"[63.7%, 66.4%, 78.6%, 70.2%, 73.8%, 75.2%, 75.1%, 69.6%, 66.4%, 60.6%]",,,,
9,parallel,31,31,0.1,1.100995088679881,1.142693854868412,0.0001111111111111111,70.01,"[63.7%, 66.4%, 78.6%, 70.2%, 73.8%, 75.2%, 75.1%, 69.6%, 66.4%, 61.1%]",,,,
9,parallel,32,32,0.1,1.0338045833986016,1.1621461994946003,0.0001111111111111111,70.07000000000001,"[63.7%, 66.4%, 78.6%, 70.2%, 73.8%, 75.2%, 75.1%, 69.6%, 66.4%, 61.7%]",,,,
9,parallel,33,33,0.1,1.0136271866062019,1.132403690367937,0.0001111111111111111,70.08,"[63.7%, 66.4%, 78.6%, 70.2%, 73.8%, 75.2%, 75.1%, 69.6%, 66.4%, 61.8%]",,,,
9,parallel,34,34,0.1,1.0059151498577263,1.0882683470845222,0.0001111111111111111,70.32000000000001,"[63.7%, 66.4%, 78.6%, 70.2%, 73.8%, 75.2%, 75.1%, 69.6%, 66.4%, 64.2%]",,,,
9,parallel,35,35,0.1,0.9887148760542085,1.1121857278048992,0.0001111111111111111,70.31,"[63.7%, 66.4%, 78.6%, 70.2%, 73.8%, 75.2%, 75.1%, 69.6%, 66.4%, 64.1%]",,,,
9,parallel,36,36,0.1,0.9762105111834369,1.0769315715879202,0.0001111111111111111,70.25,"[63.7%, 66.4%, 78.6%, 70.2%, 73.8%, 75.2%, 75.1%, 69.6%, 66.4%, 63.5%]",,,,
9,parallel,37,37,0.1,0.9511054233659672,1.0321286767721176,0.0001111111111111111,70.42999999999999,"[63.7%, 66.4%, 78.6%, 70.2%, 73.8%, 75.2%, 75.1%, 69.6%, 66.4%, 65.3%]",,,,
9,parallel,38,38,0.1,0.9152153413507003,1.0182458087801933,0.0001111111111111111,70.64,"[63.7%, 66.4%, 78.6%, 70.2%, 73.8%, 75.2%, 75.1%, 69.6%, 66.4%, 67.4%]",,,,
9,parallel,39,39,0.1,0.9075641002081618,1.0974344238638878,0.0001111111111111111,70.4,"[63.7%, 66.4%, 78.6%, 70.2%, 73.8%, 75.2%, 75.1%, 69.6%, 66.4%, 65.0%]",,,,
9,parallel,40,40,0.1,0.9372876890097992,1.0101260729134083,0.0001111111111111111,70.42,"[63.7%, 66.4%, 78.6%, 70.2%, 73.8%, 75.2%, 75.1%, 69.6%, 66.4%, 65.2%]",,,,
9,parallel,41,41,0.1,0.9056884744499303,1.0702903252094984,0.0001111111111111111,70.37,"[63.7%, 66.4%, 78.6%, 70.2%, 73.8%, 75.2%, 75.1%, 69.6%, 66.4%, 64.7%]",,,,
9,parallel,42,42,0.1,0.8804364747638944,0.9620335660874844,0.0001111111111111111,70.78,"[63.7%, 66.4%, 78.6%, 70.2%, 73.8%, 75.2%, 75.1%, 69.6%, 66.4%, 68.8%]",,,,
9,parallel,43,43,0.1,0.8719479456732545,0.9925639536231756,0.0001111111111111111,70.72999999999999,"[63.7%, 66.4%, 78.6%, 70.2%, 73.8%, 75.2%, 75.1%, 69.6%, 66.4%, 68.3%]",,,,
9,parallel,44,44,0.1,0.8531225504754465,0.9442158993333578,0.0001111111111111111,70.87,"[63.7%, 66.4%, 78.6%, 70.2%, 73.8%, 75.2%, 75.1%, 69.6%, 66.4%, 69.7%]",,,,
9,parallel,45,45,0.1,0.8729549193684059,0.9828185401856899,0.0001111111111111111,70.85,"[63.7%, 66.4%, 78.6%, 70.2%, 73.8%, 75.2%, 75.1%, 69.6%, 66.4%, 69.5%]",,,,
9,parallel,46,46,0.1,0.8448396536368358,0.9365634545683861,0.0001111111111111111,70.82000000000001,"[63.7%, 66.4%, 78.6%, 70.2%, 73.8%, 75.2%, 75.1%, 69.6%, 66.4%, 69.2%]",,,,
9,parallel,47,47,0.1,0.8145496369917181,0.8941395990550518,0.0001111111111111111,71.07000000000001,"[63.7%, 66.4%, 78.6%, 70.2%, 73.8%, 75.2%, 75.1%, 69.6%, 66.4%, 71.7%]",,,,
9,parallel,48,48,0.1,0.7925009885920754,0.9190019071102142,0.0001111111111111111,70.88,"[63.7%, 66.4%, 78.6%, 70.2%, 73.8%, 75.2%, 75.1%, 69.6%, 66.4%, 69.8%]",,,,
9,parallel,49,49,0.1,0.808464302292353,0.9101919680833817,0.0001111111111111111,70.99,"[63.7%, 66.4%, 78.6%, 70.2%, 73.8%, 75.2%, 75.1%, 69.6%, 66.4%, 70.9%]",,,,
9,parallel,50,50,0.1,0.7961156937894942,0.9068675320595503,0.0001111111111111111,70.91,"[63.7%, 66.4%, 78.6%, 70.2%, 73.8%, 75.2%, 75.1%, 69.6%, 66.4%, 70.1%]",,,,
9,parallel,51,51,0.1,0.7905255465567866,0.896887268871069,0.0001111111111111111,70.88,"[63.7%, 66.4%, 78.6%, 70.2%, 73.8%, 75.2%, 75.1%, 69.6%, 66.4%, 69.8%]",,,,
9,parallel,52,52,0.1,0.7681018248011794,0.918386921286583,0.0001111111111111111,70.97999999999999,"[63.7%, 66.4%, 78.6%, 70.2%, 73.8%, 75.2%, 75.1%, 69.6%, 66.4%, 70.8%]",,,,
9,parallel,53,53,0.1,0.7500585336473924,0.8650385960936546,0.0001111111111111111,71.02000000000001,"[63.7%, 66.4%, 78.6%, 70.2%, 73.8%, 75.2%, 75.1%, 69.6%, 66.4%, 71.2%]",,,,
9,parallel,54,54,0.1,0.7753268382217311,0.8757084086537361,0.0001111111111111111,70.99,"[63.7%, 66.4%, 78.6%, 70.2%, 73.8%, 75.2%, 75.1%, 69.6%, 66.4%, 70.9%]",,,,
9,parallel,55,55,0.1,0.7663673630243615,0.83839619345963,0.0001111111111111111,71.06,"[63.7%, 66.4%, 78.6%, 70.2%, 73.8%, 75.2%, 75.1%, 69.6%, 66.4%, 71.6%]",,,,
9,weights,1,56,0.1,0.7177207341677025,0.9070629309862852,0.0001111111111111111,70.83,"[63.7%, 66.4%, 78.6%, 70.2%, 73.8%, 75.2%, 75.1%, 69.6%, 66.4%, 69.3%]",,,,
9,weights,2,57,0.1,0.7351732461512843,0.8661489840596914,0.0001111111111111111,71.06,"[63.7%, 66.4%, 78.6%, 70.2%, 73.8%, 75.2%, 75.1%, 69.6%, 66.4%, 71.6%]",,,,
9,weights,3,58,0.1,0.7014632785244833,0.8740487415343523,0.0001111111111111111,70.96000000000001,"[63.7%, 66.4%, 78.6%, 70.2%, 73.8%, 75.2%, 75.1%, 69.6%, 66.4%, 70.6%]",,,,
9,weights,4,59,0.1,0.7027162732202795,0.8558329045772552,0.0001111111111111111,71.06,"[63.7%, 66.4%, 78.6%, 70.2%, 73.8%, 75.2%, 75.1%, 69.6%, 66.4%, 71.6%]",,,,
9,weights,5,60,0.1,0.6968707185757311,0.8981847874820232,0.0001111111111111111,70.97999999999999,"[63.7%, 66.4%, 78.6%, 70.2%, 73.8%, 75.2%, 75.1%, 69.6%, 66.4%, 70.8%]",,,,
9,weights,6,61,0.1,0.6799367400287073,0.851094288751483,0.0001111111111111111,71.11,"[63.7%, 66.4%, 78.6%, 70.2%, 73.8%, 75.2%, 75.1%, 69.6%, 66.4%, 72.1%]",,,,
9,weights,7,62,0.1,0.6753528453881228,0.8307621702551842,0.0001111111111111111,71.07000000000001,"[63.7%, 66.4%, 78.6%, 70.2%, 73.8%, 75.2%, 75.1%, 69.6%, 66.4%, 71.7%]",,,,
9,weights,8,63,0.1,0.6676155170307884,0.871358385309577,0.0001111111111111111,70.97,"[63.7%, 66.4%, 78.6%, 70.2%, 73.8%, 75.2%, 75.1%, 69.6%, 66.4%, 70.7%]",,,,
9,weights,9,64,0.1,0.6764179947255533,0.8435316439718008,0.0001111111111111111,71.09,"[63.7%, 66.4%, 78.6%, 70.2%, 73.8%, 75.2%, 75.1%, 69.6%, 66.4%, 71.9%]",,,,
9,weights,10,65,0.1,0.66844909685322,0.8280138429254293,0.0001111111111111111,71.14,"[63.7%, 66.4%, 78.6%, 70.2%, 73.8%, 75.2%, 75.1%, 69.6%, 66.4%, 72.4%]",,,,
9,weights,11,66,0.1,0.6580604601509964,0.8235419411212206,0.0001111111111111111,71.22,"[63.7%, 66.4%, 78.6%, 70.2%, 73.8%, 75.2%, 75.1%, 69.6%, 66.4%, 73.2%]",,,,
9,weights,12,67,0.1,0.6386598152450368,0.8395461132749915,0.0001111111111111111,71.2,"[63.7%, 66.4%, 78.6%, 70.2%, 73.8%, 75.2%, 75.1%, 69.6%, 66.4%, 73.0%]",,,,
9,weights,13,68,0.1,0.6481342934354951,0.8516583796590567,0.0001111111111111111,71.1,"[63.7%, 66.4%, 78.6%, 70.2%, 73.8%, 75.2%, 75.1%, 69.6%, 66.4%, 72.0%]",,,,
9,weights,14,69,0.1,0.6582657370386245,0.9235809743404388,0.0001111111111111111,70.86,"[63.7%, 66.4%, 78.6%, 70.2%, 73.8%, 75.2%, 75.1%, 69.6%, 66.4%, 69.6%]",,,,
9,weights,15,70,0.1,0.6276302786567544,0.7964309267699718,0.0001111111111111111,71.31,"[63.7%, 66.4%, 78.6%, 70.2%, 73.8%, 75.2%, 75.1%, 69.6%, 66.4%, 74.1%]",,,,
9,weights,16,71,0.1,0.6311453448820717,0.7895532697439194,0.0001111111111111111,71.38,"[63.7%, 66.4%, 78.6%, 70.2%, 73.8%, 75.2%, 75.1%, 69.6%, 66.4%, 74.8%]",,,,
9,weights,17,72,0.1,0.6093383272991905,0.8349588084965944,0.0001111111111111111,71.25,"[63.7%, 66.4%, 78.6%, 70.2%, 73.8%, 75.2%, 75.1%, 69.6%, 66.4%, 73.5%]",,,,
9,weights,18,73,0.1,0.6363273225253141,0.8496235646307468,0.0001111111111111111,71.13,"[63.7%, 66.4%, 78.6%, 70.2%, 73.8%, 75.2%, 75.1%, 69.6%, 66.4%, 72.3%]",,,,
9,weights,19,74,0.1,0.5928169364416147,0.8645445182919502,0.0001111111111111111,71.22999999999999,"[63.7%, 66.4%, 78.6%, 70.2%, 73.8%, 75.2%, 75.1%, 69.6%, 66.4%, 73.3%]",,,,
9,weights,20,75,0.1,0.645819746995274,0.8148377388715744,0.0001111111111111111,71.22999999999999,"[63.7%, 66.4%, 78.6%, 70.2%, 73.8%, 75.2%, 75.1%, 69.6%, 66.4%, 73.3%]",,,,
9,weights,21,76,0.1,0.6140275846553754,0.7933792565017939,0.0001111111111111111,71.26,"[63.7%, 66.4%, 78.6%, 70.2%, 73.8%, 75.2%, 75.1%, 69.6%, 66.4%, 73.6%]",,,,
9,weights,22,77,0.1,0.5996530818033822,0.8057443406432867,0.0001111111111111111,71.28999999999999,"[63.7%, 66.4%, 78.6%, 70.2%, 73.8%, 75.2%, 75.1%, 69.6%, 66.4%, 73.9%]",,,,
9,weights,23,78,0.1,0.5998520119280755,0.9051062278449535,0.0001111111111111111,71.07000000000001,"[63.7%, 66.4%, 78.6%, 70.2%, 73.8%, 75.2%, 75.1%, 69.6%, 66.4%, 71.7%]",,,,
9,weights,24,79,0.1,0.5965205959126919,0.8115722015500069,0.0001111111111111111,71.27000000000001,"[63.7%, 66.4%, 78.6%, 70.2%, 73.8%, 75.2%, 75.1%, 69.6%, 66.4%, 73.7%]",,,,
9,weights,25,80,0.1,0.5811833875088752,0.8198487497866154,0.0001111111111111111,71.28,"[63.7%, 66.4%, 78.6%, 70.2%, 73.8%, 75.2%, 75.1%, 69.6%, 66.4%, 73.8%]",51.15,"[10.3%, 54.4%, 78.6%, 48.3%, 64.7%, 64.4%, 62.2%, 46.4%, 33.4%, 48.8%]",60.629999999999995,"[48.9%, 59.4%, 78.6%, 66.9%, 61.1%, 64.0%, 66.1%, 62.7%, 49.8%, 48.8%]"
