task_idx,phase,epoch_in_phase,global_epoch,kappa,train_loss,val_loss,lr,til_avg,til_per_task,cil_stand_avg,cil_stand_per_task,cil_znorm_avg,cil_znorm_per_task
0,parallel,1,1,0.5,2.5593758202806303,2.221019856631756,0.001,20.3,[20.3%],,,,
0,parallel,2,2,0.5,2.158399868615066,1.969619520008564,0.001,35.1,[35.1%],,,,
0,parallel,3,3,0.5,1.9228021676027323,1.9088330287486315,0.001,35.2,[35.2%],,,,
0,parallel,4,4,0.5,1.7536430102360399,1.655260805040598,0.001,42.2,[42.2%],,,,
0,parallel,5,5,0.4899375100144209,1.6103258630897426,1.6107850968837738,0.001,46.1,[46.1%],,,,
0,parallel,6,6,0.4743000416599904,1.5348407995851734,1.557002805173397,0.001,45.9,[45.9%],,,,
0,parallel,7,7,0.45898257330556,1.377639660352393,1.3568355925381184,0.001,53.4,[53.4%],,,,
0,parallel,8,8,0.44398510495112964,1.3194246805166896,1.352368749678135,0.001,55.4,[55.4%],,,,
0,parallel,9,9,0.42930763659669924,1.2377828329424314,1.3244399894028902,0.001,56.0,[56.0%],,,,
0,parallel,10,10,0.4149501682422688,1.1795040421848055,1.2978380098938942,0.001,55.1,[55.1%],,,,
0,parallel,11,11,0.4009126998878385,1.1264460396163072,1.1811111010611057,0.001,58.0,[58.0%],,,,
0,parallel,12,12,0.3871952315334082,1.057327777147293,1.2176399175077677,0.001,59.7,[59.7%],,,,
0,parallel,13,13,0.3737977631789777,1.0266448817675626,1.1683215647935867,0.001,60.7,[60.7%],,,,
0,parallel,14,14,0.36072029482454737,0.9965338043019741,1.2367528332397342,0.001,58.0,[58.0%],,,,
0,parallel,15,15,0.34796282647011695,0.9446178161645238,1.0248700305819511,0.001,64.8,[64.8%],,,,
0,parallel,16,16,0.33552535811568657,0.9071580480925644,1.1512939408421516,0.001,62.0,[62.0%],,,,
0,parallel,17,17,0.32340788976125623,0.9246419754963887,1.0109526421874762,0.001,65.3,[65.3%],,,,
0,parallel,18,18,0.3116104214068258,0.8854386074633538,1.0359290521591902,0.001,64.2,[64.2%],,,,
0,parallel,19,19,0.3001329530523955,0.8692411516286149,0.9891649223864079,0.001,65.6,[65.6%],,,,
0,parallel,20,20,0.2889754846979651,0.8922351711913,0.9759249743074179,0.001,66.9,[66.9%],,,,
0,parallel,21,21,0.2781380163435347,0.8666565614410594,1.0188113674521446,0.001,64.0,[64.0%],,,,
0,parallel,22,22,0.2676205479891044,0.8147390167924422,1.0236387848854065,0.001,65.3,[65.3%],,,,
0,parallel,23,23,0.257423079634674,0.8354083586342728,0.9811045899987221,0.001,67.4,[67.4%],,,,
0,parallel,24,24,0.24754561128024358,0.8930543329142318,1.150088220834732,0.001,61.9,[61.9%],,,,
0,parallel,25,25,0.2379881429258132,0.8120473751538917,0.9529550708830357,0.001,68.4,[68.4%],,,,
0,parallel,26,26,0.2287506745713828,0.8551470407202274,1.0516456793993711,0.001,66.0,[66.0%],,,,
0,parallel,27,27,0.21983320621695243,0.8475357995757574,0.9889707155525684,0.001,65.8,[65.8%],,,,
0,parallel,28,28,0.21123573786252203,0.8458456510229956,1.0593324266374111,0.001,63.6,[63.6%],,,,
0,parallel,29,29,0.20295826950809165,0.8500374310378787,1.0892032869160175,0.001,64.1,[64.1%],,,,
0,parallel,30,30,0.1950008011536613,0.8678577014162571,0.9666985496878624,0.0003333333333333333,68.9,[68.9%],,,,
0,parallel,31,31,0.1873633327992309,0.7716474257692506,0.9903338328003883,0.0003333333333333333,68.6,[68.6%],,,,
0,parallel,32,32,0.18004586444480053,0.7653644709270212,0.953166875988245,0.0003333333333333333,69.7,[69.7%],,,,
0,parallel,33,33,0.17304839609037015,0.7507780767694304,0.9625206049531698,0.0003333333333333333,69.0,[69.0%],,,,
0,parallel,34,34,0.16637092773593976,0.9163379880446422,0.9983527995646,0.0003333333333333333,68.4,[68.4%],,,,
0,parallel,35,35,0.16001345938150938,0.8575889860527425,1.0167013481259346,0.0001111111111111111,66.0,[66.0%],,,,
0,parallel,36,36,0.153975991027079,0.99672638087333,1.1242572851479053,0.0001111111111111111,63.2,[63.2%],,,,
0,parallel,37,37,0.14825852267264863,1.0065490150753456,1.1355513744056225,0.0001111111111111111,63.6,[63.6%],,,,
0,parallel,38,38,0.14286105431821824,0.9846049720727945,1.1293186843395233,0.0001111111111111111,63.8,[63.8%],,,,
0,parallel,39,39,0.13778358596378787,1.1709591504893726,1.2105840183794498,0.0001111111111111111,61.4,[61.4%],,,,
0,parallel,40,40,0.13302611760935748,1.1003817236876186,1.1753975227475166,0.0001111111111111111,62.3,[62.3%],,,,
0,parallel,41,41,0.12858864925492708,1.1716233122197888,1.2386239171028137,0.0001111111111111111,60.8,[60.8%],,,,
0,parallel,42,42,0.12447118090049673,1.4119302004198484,1.5250621736049652,0.0001111111111111111,50.1,[50.1%],,,,
0,parallel,43,43,0.12067371254606635,1.4164863764485227,1.439755916595459,0.0001111111111111111,53.1,[53.1%],,,,
0,parallel,44,44,0.11719624419163596,1.3272614901578879,1.354250781238079,0.0001111111111111111,58.2,[58.2%],,,,
0,parallel,45,45,0.11403877583720558,1.417531612553174,1.373161468654871,0.0001111111111111111,56.1,[56.1%],,,,
0,parallel,46,46,0.11120130748277521,1.3760992892180817,1.3895456120371819,0.0001111111111111111,57.1,[57.1%],,,,
0,parallel,47,47,0.10868383912834481,1.5364302758929096,1.5945999883115292,0.0001111111111111111,49.0,[49.0%],,,,
0,parallel,48,48,0.10648637077391443,1.5060185586349875,1.5113601759076118,0.0001111111111111111,51.6,[51.6%],,,,
0,parallel,49,49,0.10460890241948406,1.47018702648863,1.469041369855404,0.0001111111111111111,51.7,[51.7%],,,,
0,parallel,50,50,0.10305143406505368,1.4176159855685657,1.4492647908627987,0.0001111111111111111,52.9,[52.9%],,,,
0,parallel,51,51,0.1018139657106233,1.3888495903980882,1.401567842811346,0.0001111111111111111,53.0,[53.0%],,,,
0,parallel,52,52,0.10089649735619292,1.382818324656426,1.44213492795825,0.0001111111111111111,52.7,[52.7%],,,,
0,parallel,53,53,0.10029902900176255,1.3456116612953475,1.4099494740366936,0.0001111111111111111,53.1,[53.1%],,,,
0,parallel,54,54,0.10002156064733217,1.2898457948165605,1.3632607758045197,0.0001111111111111111,54.5,[54.5%],,,,
0,parallel,55,55,0.1,1.2662238606923744,1.3397057577967644,0.0001111111111111111,55.6,[55.6%],,,,
0,weights,1,56,0.1,1.2392867169802702,1.3207669220864773,0.0001111111111111111,56.5,[56.5%],,,,
0,weights,2,57,0.1,1.214693338056154,1.3141660876572132,0.0001111111111111111,56.5,[56.5%],,,,
0,weights,3,58,0.1,1.197732069069826,1.3145620673894882,0.0001111111111111111,57.1,[57.1%],,,,
0,weights,4,59,0.1,1.1858932413632357,1.320451509207487,0.0001111111111111111,55.9,[55.9%],,,,
0,weights,5,60,0.1,1.1745054752011843,1.272911224514246,0.0001111111111111111,58.3,[58.3%],,,,
0,weights,6,61,0.1,1.1590182675590999,1.2769073210656643,0.0001111111111111111,57.5,[57.5%],,,,
0,weights,7,62,0.1,1.1451322406153135,1.2451332211494446,0.0001111111111111111,58.9,[58.9%],,,,
0,weights,8,63,0.1,1.1203330626970605,1.2381643652915955,0.0001111111111111111,57.0,[57.0%],,,,
0,weights,9,64,0.1,1.1175355692453022,1.2716208100318909,0.0001111111111111111,58.4,[58.4%],,,,
0,weights,10,65,0.1,1.0701405111747453,1.2377877570688725,0.0001111111111111111,59.3,[59.3%],,,,
0,weights,11,66,0.1,1.085814478276651,1.2396606840193272,0.0001111111111111111,59.2,[59.2%],,,,
0,weights,12,67,0.1,1.0679222496250007,1.2366003915667534,0.0001111111111111111,59.3,[59.3%],,,,
0,weights,13,68,0.1,1.0730397505096243,1.2194294035434723,0.0001111111111111111,59.7,[59.7%],,,,
0,weights,14,69,0.1,1.0532375589201721,1.1977930888533592,0.0001111111111111111,60.3,[60.3%],,,,
0,weights,15,70,0.1,1.0646791194058671,1.2007008083164692,0.0001111111111111111,60.5,[60.5%],,,,
0,weights,16,71,0.1,1.040896630739864,1.1968870349228382,0.0001111111111111111,60.0,[60.0%],,,,
0,weights,17,72,0.1,1.031141200397588,1.190692488104105,0.0001111111111111111,61.4,[61.4%],,,,
0,weights,18,73,0.1,1.0060455014434042,1.1704625189304352,0.0001111111111111111,61.6,[61.6%],,,,
0,weights,19,74,0.1,1.0002513324158102,1.180541843175888,0.0001111111111111111,61.1,[61.1%],,,,
0,weights,20,75,0.1,1.0049300420133374,1.1875962764024734,0.0001111111111111111,61.3,[61.3%],,,,
0,weights,21,76,0.1,0.9899484613273717,1.1650251671671867,0.0001111111111111111,62.2,[62.2%],,,,
0,weights,22,77,0.1,0.990578570697881,1.1695218458771706,0.0001111111111111111,61.3,[61.3%],,,,
0,weights,23,78,0.1,0.9801894335807124,1.165915060788393,0.0001111111111111111,61.7,[61.7%],,,,
0,weights,24,79,0.1,0.9654242517072943,1.1298614479601383,0.0001111111111111111,62.6,[62.6%],,,,
0,weights,25,80,0.1,0.9808491143999221,1.1522179879248142,0.0001111111111111111,61.2,[61.2%],61.2,[61.2%],61.2,[61.2%]
1,parallel,1,1,0.5,2.923606241805644,2.337728828191757,0.0001111111111111111,35.6,"[61.2%, 10.0%]",,,,
1,parallel,2,2,0.5,2.3369110626510428,2.3167992904782295,0.0001111111111111111,35.6,"[61.2%, 10.0%]",,,,
1,parallel,3,3,0.5,2.1986178084264827,2.125672113150358,0.0001111111111111111,40.1,"[61.2%, 19.0%]",,,,
1,parallel,4,4,0.5,2.0812723802614816,2.01104174554348,0.0001111111111111111,41.3,"[61.2%, 21.4%]",,,,
1,parallel,5,5,0.4899375100144209,1.994540335256842,1.9714289605617523,0.0001111111111111111,42.150000000000006,"[61.2%, 23.1%]",,,,
1,parallel,6,6,0.4743000416599904,1.9352779207350332,1.8436303958296776,0.0001111111111111111,46.95,"[61.2%, 32.7%]",,,,
1,parallel,7,7,0.45898257330556,1.8230476515202583,1.7603914812207222,0.0001111111111111111,49.45,"[61.2%, 37.7%]",,,,
1,parallel,8,8,0.44398510495112964,1.7198442447034619,1.7055488042533398,0.0001111111111111111,49.400000000000006,"[61.2%, 37.6%]",,,,
1,parallel,9,9,0.42930763659669924,1.6148953437805176,1.5675911605358124,0.0001111111111111111,53.55,"[61.2%, 45.9%]",,,,
1,parallel,10,10,0.4149501682422688,1.5718611931499047,1.5535994097590446,0.0001111111111111111,53.75,"[61.2%, 46.3%]",,,,
1,parallel,11,11,0.4009126998878385,1.4779284800155252,1.401814293116331,0.0001111111111111111,56.6,"[61.2%, 52.0%]",,,,
1,parallel,12,12,0.3871952315334082,1.4372734163380876,1.4418958090245724,0.0001111111111111111,54.75,"[61.2%, 48.3%]",,,,
1,parallel,13,13,0.3737977631789777,1.396554972552046,1.4511864259839058,0.0001111111111111111,54.85,"[61.2%, 48.5%]",,,,
1,parallel,14,14,0.36072029482454737,1.3376612527460991,1.3300306908786297,0.0001111111111111111,57.7,"[61.2%, 54.2%]",,,,
1,parallel,15,15,0.34796282647011695,1.3031625581693045,1.299939375370741,0.0001111111111111111,57.650000000000006,"[61.2%, 54.1%]",,,,
1,parallel,16,16,0.33552535811568657,1.2456211719331862,1.336953490972519,0.0001111111111111111,56.25,"[61.2%, 51.3%]",,,,
1,parallel,17,17,0.32340788976125623,1.231608341766309,1.241501446813345,0.0001111111111111111,58.7,"[61.2%, 56.2%]",,,,
1,parallel,18,18,0.3116104214068258,1.182438076296939,1.2565625496208668,0.0001111111111111111,58.3,"[61.2%, 55.4%]",,,,
1,parallel,19,19,0.3001329530523955,1.1802191900301584,1.2053570225834846,0.0001111111111111111,59.55,"[61.2%, 57.9%]",,,,
1,parallel,20,20,0.2889754846979651,1.1314187396930744,1.278957013040781,0.0001111111111111111,59.6,"[61.2%, 58.0%]",,,,
1,parallel,21,21,0.2781380163435347,1.0961820354944543,1.1841703280806541,0.0001111111111111111,60.650000000000006,"[61.2%, 60.1%]",,,,
1,parallel,22,22,0.2676205479891044,1.077082024344915,1.2407977171242237,0.0001111111111111111,59.5,"[61.2%, 57.8%]",,,,
1,parallel,23,23,0.257423079634674,1.154462594774705,1.2192687168717384,0.0001111111111111111,59.5,"[61.2%, 57.8%]",,,,
1,parallel,24,24,0.24754561128024358,1.0634018801435638,1.2342378571629524,0.0001111111111111111,60.35,"[61.2%, 59.5%]",,,,
1,parallel,25,25,0.2379881429258132,1.0591904543623138,1.2616284489631653,0.0001111111111111111,58.650000000000006,"[61.2%, 56.1%]",,,,
1,parallel,26,26,0.2287506745713828,1.1011927965321118,1.2626715674996376,0.0001111111111111111,58.25,"[61.2%, 55.3%]",,,,
1,parallel,27,27,0.21983320621695243,1.0189857226383836,1.0530205145478249,0.0001111111111111111,62.75,"[61.2%, 64.3%]",,,,
1,parallel,28,28,0.21123573786252203,1.0796991790397257,1.1286730282008648,0.0001111111111111111,61.6,"[61.2%, 62.0%]",,,,
1,parallel,29,29,0.20295826950809165,1.047664468046985,1.1372686587274075,0.0001111111111111111,61.7,"[61.2%, 62.2%]",,,,
1,parallel,30,30,0.1950008011536613,1.029789206347888,1.1232128255069256,0.0001111111111111111,61.85,"[61.2%, 62.5%]",,,,
1,parallel,31,31,0.1873633327992309,1.0686419176149973,1.1926687732338905,0.0001111111111111111,60.7,"[61.2%, 60.2%]",,,,
1,parallel,32,32,0.18004586444480053,1.0044430305686178,1.0712159015238285,0.0001111111111111111,63.0,"[61.2%, 64.8%]",,,,
1,parallel,33,33,0.17304839609037015,1.0356806275210804,1.098629742860794,0.0001111111111111111,62.2,"[61.2%, 63.2%]",,,,
1,parallel,34,34,0.16637092773593976,1.0610353441178044,1.1166921183466911,0.0001111111111111111,61.150000000000006,"[61.2%, 61.1%]",,,,
1,parallel,35,35,0.16001345938150938,1.047232284576078,1.198432195931673,0.0001111111111111111,60.150000000000006,"[61.2%, 59.1%]",,,,
1,parallel,36,36,0.153975991027079,1.1598259685914727,1.2169396206736565,0.0001111111111111111,59.8,"[61.2%, 58.4%]",,,,
1,parallel,37,37,0.14825852267264863,1.0662963526158393,1.1812406852841377,0.0001111111111111111,60.45,"[61.2%, 59.7%]",,,,
1,parallel,38,38,0.14286105431821824,1.0722638881659206,1.2275639437139034,0.0001111111111111111,59.45,"[61.2%, 57.7%]",,,,
1,parallel,39,39,0.13778358596378787,1.1366051752356034,1.2006438449025154,0.0001111111111111111,60.150000000000006,"[61.2%, 59.1%]",,,,
1,parallel,40,40,0.13302611760935748,1.0628512667704233,1.116995021700859,0.0001111111111111111,61.400000000000006,"[61.2%, 61.6%]",,,,
1,parallel,41,41,0.12858864925492708,1.0747886699966238,1.2212418727576733,0.0001111111111111111,59.6,"[61.2%, 58.0%]",,,,
1,parallel,42,42,0.12447118090049673,1.1372888993613328,1.252605527639389,0.0001111111111111111,60.400000000000006,"[61.2%, 59.6%]",,,,
1,parallel,43,43,0.12067371254606635,1.1365538624268543,1.3050392270088196,0.0001111111111111111,58.5,"[61.2%, 55.8%]",,,,
1,parallel,44,44,0.11719624419163596,1.061898189254954,1.2065241448581219,0.0001111111111111111,60.1,"[61.2%, 59.0%]",,,,
1,parallel,45,45,0.11403877583720558,1.0676573726195324,1.1427937410771847,0.0001111111111111111,62.0,"[61.2%, 62.8%]",,,,
1,parallel,46,46,0.11120130748277521,1.0368772352798075,1.1206597201526165,0.0001111111111111111,62.400000000000006,"[61.2%, 63.6%]",,,,
1,parallel,47,47,0.10868383912834481,1.2100954591473447,1.2890593633055687,0.0001111111111111111,59.25,"[61.2%, 57.3%]",,,,
1,parallel,48,48,0.10648637077391443,1.143244544162026,1.2612449526786804,0.0001111111111111111,58.8,"[61.2%, 56.4%]",,,,
1,parallel,49,49,0.10460890241948406,1.0993670225143433,1.1843917965888977,0.0001111111111111111,60.150000000000006,"[61.2%, 59.1%]",,,,
1,parallel,50,50,0.10305143406505368,1.0502156917052934,1.1969884745776653,0.0001111111111111111,60.05,"[61.2%, 58.9%]",,,,
1,parallel,51,51,0.1018139657106233,1.0319174377224114,1.1283376216888428,0.0001111111111111111,61.85,"[61.2%, 62.5%]",,,,
1,parallel,52,52,0.10089649735619292,1.1070108526869664,1.1669560223817825,0.0001111111111111111,61.8,"[61.2%, 62.4%]",,,,
1,parallel,53,53,0.10029902900176255,1.0111003012596806,1.1060906276106834,0.0001111111111111111,61.55,"[61.2%, 61.9%]",,,,
1,parallel,54,54,0.10002156064733217,0.994374208057983,1.0641584247350693,0.0001111111111111111,63.25,"[61.2%, 65.3%]",,,,
1,parallel,55,55,0.1,0.9972978143752376,1.0798843875527382,0.0001111111111111111,62.150000000000006,"[61.2%, 63.1%]",,,,
1,weights,1,56,0.1,0.9713519268398043,1.059103175997734,0.0001111111111111111,63.2,"[61.2%, 65.2%]",,,,
1,weights,2,57,0.1,0.9481938971748834,1.0757747143507004,0.0001111111111111111,62.400000000000006,"[61.2%, 63.6%]",,,,
1,weights,3,58,0.1,0.9302155865898615,1.119036566466093,0.0001111111111111111,62.25,"[61.2%, 63.3%]",,,,
1,weights,4,59,0.1,0.9018961500517929,1.0535419397056103,0.0001111111111111111,62.75,"[61.2%, 64.3%]",,,,
1,weights,5,60,0.1,0.9029172515567345,1.0734082646667957,0.0001111111111111111,62.45,"[61.2%, 63.7%]",,,,
1,weights,6,61,0.1,0.8805534915079044,1.0555484220385551,0.0001111111111111111,62.25,"[61.2%, 63.3%]",,,,
1,weights,7,62,0.1,0.8517845770980739,1.0699042938649654,0.0001111111111111111,63.4,"[61.2%, 65.6%]",,,,
1,weights,8,63,0.1,0.8621903967253769,1.025554858148098,0.0001111111111111111,63.1,"[61.2%, 65.0%]",,,,
1,weights,9,64,0.1,0.8033158405672146,1.0644520483911037,0.0001111111111111111,63.0,"[61.2%, 64.8%]",,,,
1,weights,10,65,0.1,0.8293036697786066,1.0470261424779892,0.0001111111111111111,63.35,"[61.2%, 65.5%]",,,,
1,weights,11,66,0.1,0.8165992958636223,1.0443815812468529,0.0001111111111111111,63.4,"[61.2%, 65.6%]",,,,
1,weights,12,67,0.1,0.8277703878245776,1.0383303351700306,0.0001111111111111111,63.5,"[61.2%, 65.8%]",,,,
1,weights,13,68,0.1,0.8216760826261738,0.9930372722446918,0.0001111111111111111,63.75,"[61.2%, 66.3%]",,,,
1,weights,14,69,0.1,0.7812794235688222,0.9517289157956839,0.0001111111111111111,64.75,"[61.2%, 68.3%]",,,,
1,weights,15,70,0.1,0.7911508222924003,0.994571091607213,0.0001111111111111111,64.35,"[61.2%, 67.5%]",,,,
1,weights,16,71,0.1,0.7795075630839867,0.9812660720199347,0.0001111111111111111,64.0,"[61.2%, 66.8%]",,,,
1,weights,17,72,0.1,0.7608591231364238,0.9164213575422764,0.0001111111111111111,65.30000000000001,"[61.2%, 69.4%]",,,,
1,weights,18,73,0.1,0.7463481252706503,0.9541406482458115,0.0001111111111111111,64.45,"[61.2%, 67.7%]",,,,
1,weights,19,74,0.1,0.7365086448343494,0.9442282319068909,0.0001111111111111111,65.45,"[61.2%, 69.7%]",,,,
1,weights,20,75,0.1,0.7401043568985372,0.9516692832112312,0.0001111111111111111,64.2,"[61.2%, 67.2%]",,,,
1,weights,21,76,0.1,0.7208097324341158,0.9744976367801428,0.0001111111111111111,64.35,"[61.2%, 67.5%]",,,,
1,weights,22,77,0.1,0.7489764592315578,0.9271467737853527,0.0001111111111111111,64.1,"[61.2%, 67.0%]",,,,
1,weights,23,78,0.1,0.7362541099892387,0.9331094305962324,0.0001111111111111111,64.5,"[61.2%, 67.8%]",,,,
1,weights,24,79,0.1,0.7334238498271266,0.9761723447591066,0.0001111111111111111,63.550000000000004,"[61.2%, 65.9%]",,,,
1,weights,25,80,0.1,0.7010248348682742,0.9536239355802536,0.0001111111111111111,64.45,"[61.2%, 67.7%]",54.55,"[41.4%, 67.7%]",58.3,"[51.1%, 65.5%]"
2,parallel,1,1,0.5,3.3390310444409335,2.361664868891239,0.0001111111111111111,46.300000000000004,"[61.2%, 67.7%, 10.0%]",,,,
2,parallel,2,2,0.5,2.333564797534218,2.309878759086132,0.0001111111111111111,47.900000000000006,"[61.2%, 67.7%, 14.8%]",,,,
2,parallel,3,3,0.5,2.1245400407646278,1.9520938396453857,0.0001111111111111111,51.46666666666667,"[61.2%, 67.7%, 25.5%]",,,,
2,parallel,4,4,0.5,1.8830568805525574,1.8600564897060394,0.0001111111111111111,54.23333333333333,"[61.2%, 67.7%, 33.8%]",,,,
2,parallel,5,5,0.4899375100144209,1.7405826969991756,1.6297715157270432,0.0001111111111111111,58.56666666666666,"[61.2%, 67.7%, 46.8%]",,,,
2,parallel,6,6,0.4743000416599904,1.5823264725600616,1.539944414049387,0.0001111111111111111,59.06666666666666,"[61.2%, 67.7%, 48.3%]",,,,
2,parallel,7,7,0.45898257330556,1.4145278945753845,1.2889928966760635,0.0001111111111111111,62.93333333333334,"[61.2%, 67.7%, 59.9%]",,,,
2,parallel,8,8,0.44398510495112964,1.2814111634145808,1.1906149797141552,0.0001111111111111111,63.300000000000004,"[61.2%, 67.7%, 61.0%]",,,,
2,parallel,9,9,0.42930763659669924,1.1361801624298096,1.1320888847112656,0.0001111111111111111,63.800000000000004,"[61.2%, 67.7%, 62.5%]",,,,
2,parallel,10,10,0.4149501682422688,1.0281277676171894,1.1116480864584446,0.0001111111111111111,64.03333333333335,"[61.2%, 67.7%, 63.2%]",,,,
2,parallel,11,11,0.4009126998878385,0.9790432339982141,1.1483168676495552,0.0001111111111111111,63.20000000000001,"[61.2%, 67.7%, 60.7%]",,,,
2,parallel,12,12,0.3871952315334082,0.9021966329103783,1.061506550759077,0.0001111111111111111,64.7,"[61.2%, 67.7%, 65.2%]",,,,
2,parallel,13,13,0.3737977631789777,0.8766199569158917,1.007863825187087,0.0001111111111111111,64.73333333333333,"[61.2%, 67.7%, 65.3%]",,,,
2,parallel,14,14,0.36072029482454737,0.8112034194077118,0.889843076467514,0.0001111111111111111,66.66666666666667,"[61.2%, 67.7%, 71.1%]",,,,
2,parallel,15,15,0.34796282647011695,0.7899938527541824,0.9322876334190369,0.0001111111111111111,66.13333333333334,"[61.2%, 67.7%, 69.5%]",,,,
2,parallel,16,16,0.33552535811568657,0.7849477974674369,0.8620606688782573,0.0001111111111111111,66.96666666666667,"[61.2%, 67.7%, 72.0%]",,,,
2,parallel,17,17,0.32340788976125623,0.7612168328671516,0.8460847195237875,0.0001111111111111111,66.66666666666667,"[61.2%, 67.7%, 71.1%]",,,,
2,parallel,18,18,0.3116104214068258,0.7219158494019811,0.8259167578071356,0.0001111111111111111,66.96666666666667,"[61.2%, 67.7%, 72.0%]",,,,
2,parallel,19,19,0.3001329530523955,0.7001333085796501,0.9092200621962547,0.0001111111111111111,66.53333333333335,"[61.2%, 67.7%, 70.7%]",,,,
2,parallel,20,20,0.2889754846979651,0.7028627180600469,0.8721562754362822,0.0001111111111111111,66.73333333333333,"[61.2%, 67.7%, 71.3%]",,,,
2,parallel,21,21,0.2781380163435347,0.7089763819416867,0.9172596074640751,0.0001111111111111111,66.03333333333335,"[61.2%, 67.7%, 69.2%]",,,,
2,parallel,22,22,0.2676205479891044,0.6907296701322628,0.827853774651885,0.0001111111111111111,67.26666666666667,"[61.2%, 67.7%, 72.9%]",,,,
2,parallel,23,23,0.257423079634674,0.6907665137248703,0.8480738028883934,0.0001111111111111111,67.03333333333335,"[61.2%, 67.7%, 72.2%]",,,,
2,parallel,24,24,0.24754561128024358,0.6735302998295313,0.7819081265479326,0.0001111111111111111,67.93333333333334,"[61.2%, 67.7%, 74.9%]",,,,
2,parallel,25,25,0.2379881429258132,0.6793470797659475,0.9231112487614155,0.0001111111111111111,66.23333333333333,"[61.2%, 67.7%, 69.8%]",,,,
2,parallel,26,26,0.2287506745713828,0.7136535335190689,0.808152231387794,0.0001111111111111111,67.7,"[61.2%, 67.7%, 74.2%]",,,,
2,parallel,27,27,0.21983320621695243,0.6992867822888531,0.8252346450462937,0.0001111111111111111,67.76666666666667,"[61.2%, 67.7%, 74.4%]",,,,
2,parallel,28,28,0.21123573786252203,0.7249418414091762,0.8147548958659172,0.0001111111111111111,67.73333333333333,"[61.2%, 67.7%, 74.3%]",,,,
2,parallel,29,29,0.20295826950809165,0.7440106204793423,0.8394419830292463,0.0001111111111111111,67.2,"[61.2%, 67.7%, 72.7%]",,,,
2,parallel,30,30,0.1950008011536613,0.7191167783133591,0.7880355715751648,0.0001111111111111111,67.53333333333335,"[61.2%, 67.7%, 73.7%]",,,,
2,parallel,31,31,0.1873633327992309,0.7662677402737774,0.8504297602921724,0.0001111111111111111,66.8,"[61.2%, 67.7%, 71.5%]",,,,
2,parallel,32,32,0.18004586444480053,0.7489301075663748,0.7998607950285077,0.0001111111111111111,68.06666666666666,"[61.2%, 67.7%, 75.3%]",,,,
2,parallel,33,33,0.17304839609037015,0.7389304777489433,0.9006268531084061,0.0001111111111111111,66.43333333333334,"[61.2%, 67.7%, 70.4%]",,,,
2,parallel,34,34,0.16637092773593976,0.9121859647050689,0.9119939263910055,0.0001111111111111111,66.63333333333334,"[61.2%, 67.7%, 71.0%]",,,,
2,parallel,35,35,0.16001345938150938,0.791258721034738,0.8170433565974236,0.0001111111111111111,67.53333333333335,"[61.2%, 67.7%, 73.7%]",,,,
2,parallel,36,36,0.153975991027079,0.8124303734755214,0.9486786052584648,0.0001111111111111111,66.3,"[61.2%, 67.7%, 70.0%]",,,,
2,parallel,37,37,0.14825852267264863,0.8053805201868468,0.9415415115654469,0.0001111111111111111,65.96666666666667,"[61.2%, 67.7%, 69.0%]",,,,
2,parallel,38,38,0.14286105431821824,0.7449895318927644,0.8691430315375328,0.0001111111111111111,66.7,"[61.2%, 67.7%, 71.2%]",,,,
2,parallel,39,39,0.13778358596378787,0.8973904836781418,0.8942962046712637,0.0001111111111111111,66.93333333333334,"[61.2%, 67.7%, 71.9%]",,,,
2,parallel,40,40,0.13302611760935748,0.821235183673569,0.9231489133089781,0.0001111111111111111,66.23333333333333,"[61.2%, 67.7%, 69.8%]",,,,
2,parallel,41,41,0.12858864925492708,0.8655204697500302,0.8860746789723635,0.0001111111111111111,66.83333333333333,"[61.2%, 67.7%, 71.6%]",,,,
2,parallel,42,42,0.12447118090049673,0.8577222676971291,0.915308590978384,0.0001111111111111111,66.2,"[61.2%, 67.7%, 69.7%]",,,,
2,parallel,43,43,0.12067371254606635,0.8470567351655115,0.9361483529210091,0.0001111111111111111,65.93333333333334,"[61.2%, 67.7%, 68.9%]",,,,
2,parallel,44,44,0.11719624419163596,0.8306809467605397,0.9276200029999018,0.0001111111111111111,65.63333333333334,"[61.2%, 67.7%, 68.0%]",,,,
2,parallel,45,45,0.11403877583720558,0.8705149164682702,0.9408795908093452,0.0001111111111111111,66.06666666666666,"[61.2%, 67.7%, 69.3%]",,,,
2,parallel,46,46,0.11120130748277521,0.8227143393287176,0.8544391747564077,0.0001111111111111111,67.46666666666667,"[61.2%, 67.7%, 73.5%]",,,,
2,parallel,47,47,0.10868383912834481,1.011462416075453,1.0602132640779018,0.0001111111111111111,64.60000000000001,"[61.2%, 67.7%, 64.9%]",,,,
2,parallel,48,48,0.10648637077391443,0.9013510512400277,0.9511589854955673,0.0001111111111111111,66.83333333333333,"[61.2%, 67.7%, 71.6%]",,,,
2,parallel,49,49,0.10460890241948406,0.8601962727836415,0.908701678737998,0.0001111111111111111,66.53333333333335,"[61.2%, 67.7%, 70.7%]",,,,
2,parallel,50,50,0.10305143406505368,0.8469935248169718,0.9108530376106501,0.0001111111111111111,66.60000000000001,"[61.2%, 67.7%, 70.9%]",,,,
2,parallel,51,51,0.1018139657106233,0.7914945754823806,0.8661644663661718,0.0001111111111111111,67.13333333333334,"[61.2%, 67.7%, 72.5%]",,,,
2,parallel,52,52,0.10089649735619292,0.8727306482158129,0.8851539110764861,0.0001111111111111111,66.83333333333333,"[61.2%, 67.7%, 71.6%]",,,,
2,parallel,53,53,0.10029902900176255,0.785933150143563,0.8688252381980419,0.0001111111111111111,66.93333333333334,"[61.2%, 67.7%, 71.9%]",,,,
2,parallel,54,54,0.10002156064733217,0.7686244275750993,0.8621523566544056,0.0001111111111111111,66.8,"[61.2%, 67.7%, 71.5%]",,,,
2,parallel,55,55,0.1,0.7399178309531151,0.8104301542043686,0.0001111111111111111,67.83333333333333,"[61.2%, 67.7%, 74.6%]",,,,
2,weights,1,56,0.1,0.703675577534905,0.8662279658019543,0.0001111111111111111,67.2,"[61.2%, 67.7%, 72.7%]",,,,
2,weights,2,57,0.1,0.6752879159359992,0.7689235284924507,0.0001111111111111111,68.10000000000001,"[61.2%, 67.7%, 75.4%]",,,,
2,weights,3,58,0.1,0.6650764180135124,0.803166626021266,0.0001111111111111111,67.83333333333333,"[61.2%, 67.7%, 74.6%]",,,,
2,weights,4,59,0.1,0.6465126366554936,0.8008447401225567,0.0001111111111111111,68.0,"[61.2%, 67.7%, 75.1%]",,,,
2,weights,5,60,0.1,0.6308017456078832,0.7872351175174117,0.0001111111111111111,67.43333333333334,"[61.2%, 67.7%, 73.4%]",,,,
2,weights,6,61,0.1,0.6264844674475586,0.8092696033418179,0.0001111111111111111,67.60000000000001,"[61.2%, 67.7%, 73.9%]",,,,
2,weights,7,62,0.1,0.6326287049281446,0.8090796172618866,0.0001111111111111111,67.76666666666667,"[61.2%, 67.7%, 74.4%]",,,,
2,weights,8,63,0.1,0.5996354384512841,0.795781459659338,0.0001111111111111111,67.53333333333335,"[61.2%, 67.7%, 73.7%]",,,,
2,weights,9,64,0.1,0.6107759607743614,0.7869901843369007,0.0001111111111111111,67.7,"[61.2%, 67.7%, 74.2%]",,,,
2,weights,10,65,0.1,0.6105432121814052,0.7760680224746466,0.0001111111111111111,68.06666666666666,"[61.2%, 67.7%, 75.3%]",,,,
2,weights,11,66,0.1,0.5817279272441622,0.8130367547273636,0.0001111111111111111,67.76666666666667,"[61.2%, 67.7%, 74.4%]",,,,
2,weights,12,67,0.1,0.5990569218050076,0.8234213646501303,0.0001111111111111111,67.46666666666667,"[61.2%, 67.7%, 73.5%]",,,,
2,weights,13,68,0.1,0.5726044166691696,0.7545202821493149,0.0001111111111111111,68.23333333333333,"[61.2%, 67.7%, 75.8%]",,,,
2,weights,14,69,0.1,0.5735662356962131,0.7775082234293222,0.0001111111111111111,68.03333333333335,"[61.2%, 67.7%, 75.2%]",,,,
2,weights,15,70,0.1,0.5677919391589829,0.7765298746526241,0.0001111111111111111,68.26666666666667,"[61.2%, 67.7%, 75.9%]",,,,
2,weights,16,71,0.1,0.5396206665642654,0.7747752871364355,0.0001111111111111111,68.16666666666667,"[61.2%, 67.7%, 75.6%]",,,,
2,weights,17,72,0.1,0.53806104463867,0.8140728939324617,0.0001111111111111111,67.43333333333334,"[61.2%, 67.7%, 73.4%]",,,,
2,weights,18,73,0.1,0.5694936796834197,0.7185589224100113,0.0001111111111111111,68.36666666666667,"[61.2%, 67.7%, 76.2%]",,,,
2,weights,19,74,0.1,0.5273262488691113,0.7429216420277953,0.0001111111111111111,68.43333333333334,"[61.2%, 67.7%, 76.4%]",,,,
2,weights,20,75,0.1,0.5227861974058272,0.739198001101613,0.0001111111111111111,68.06666666666666,"[61.2%, 67.7%, 75.3%]",,,,
2,weights,21,76,0.1,0.5098666378968879,0.7267519338056445,0.0001111111111111111,68.63333333333334,"[61.2%, 67.7%, 77.0%]",,,,
2,weights,22,77,0.1,0.5172015628482722,0.7277614707127213,0.0001111111111111111,68.60000000000001,"[61.2%, 67.7%, 76.9%]",,,,
2,weights,23,78,0.1,0.5029000671981256,0.7746853623539209,0.0001111111111111111,68.16666666666667,"[61.2%, 67.7%, 75.6%]",,,,
2,weights,24,79,0.1,0.4984373884110511,0.7780785290524364,0.0001111111111111111,68.33333333333333,"[61.2%, 67.7%, 76.1%]",,,,
2,weights,25,80,0.1,0.48316906769818896,0.7546991189010441,0.0001111111111111111,68.36666666666667,"[61.2%, 67.7%, 76.2%]",56.9,"[29.0%, 65.5%, 76.2%]",64.26666666666667,"[51.1%, 65.5%, 76.2%]"
3,parallel,1,1,0.5,4.0562810596031476,2.3831444680690765,0.0001111111111111111,53.775000000000006,"[61.2%, 67.7%, 76.2%, 10.0%]",,,,
3,parallel,2,2,0.5,2.35152656820756,2.325010359287262,0.0001111111111111111,53.775000000000006,"[61.2%, 67.7%, 76.2%, 10.0%]",,,,
3,parallel,3,3,0.5,2.328117865550367,2.313302680850029,0.0001111111111111111,54.47500000000001,"[61.2%, 67.7%, 76.2%, 12.8%]",,,,
3,parallel,4,4,0.5,2.165001123766356,1.9735457599163055,0.0001111111111111111,58.050000000000004,"[61.2%, 67.7%, 76.2%, 27.1%]",,,,
3,parallel,5,5,0.4899375100144209,1.8815690475174143,1.84098831564188,0.0001111111111111111,59.2,"[61.2%, 67.7%, 76.2%, 31.7%]",,,,
3,parallel,6,6,0.4743000416599904,1.7274256129808063,1.664806254208088,0.0001111111111111111,61.60000000000001,"[61.2%, 67.7%, 76.2%, 41.3%]",,,,
3,parallel,7,7,0.45898257330556,1.6249811588963377,1.5749971382319927,0.0001111111111111111,62.25000000000001,"[61.2%, 67.7%, 76.2%, 43.9%]",,,,
3,parallel,8,8,0.44398510495112964,1.5371456357497204,1.4856761246919632,0.0001111111111111111,63.25000000000001,"[61.2%, 67.7%, 76.2%, 47.9%]",,,,
3,parallel,9,9,0.42930763659669924,1.4628474018241786,1.393275048583746,0.0001111111111111111,64.25,"[61.2%, 67.7%, 76.2%, 51.9%]",,,,
3,parallel,10,10,0.4149501682422688,1.39428515373906,1.3428054880350828,0.0001111111111111111,64.95,"[61.2%, 67.7%, 76.2%, 54.7%]",,,,
3,parallel,11,11,0.4009126998878385,1.3199151950546457,1.3712982758879662,0.0001111111111111111,64.55000000000001,"[61.2%, 67.7%, 76.2%, 53.1%]",,,,
3,parallel,12,12,0.3871952315334082,1.2746055941038494,1.2596929334104061,0.0001111111111111111,65.47500000000001,"[61.2%, 67.7%, 76.2%, 56.8%]",,,,
3,parallel,13,13,0.3737977631789777,1.2001862873004963,1.1844281069934368,0.0001111111111111111,66.575,"[61.2%, 67.7%, 76.2%, 61.2%]",,,,
3,parallel,14,14,0.36072029482454737,1.1512262466587597,1.3231079652905464,0.0001111111111111111,64.575,"[61.2%, 67.7%, 76.2%, 53.2%]",,,,
3,parallel,15,15,0.34796282647011695,1.1165446344810197,1.1671697339043021,0.0001111111111111111,66.95,"[61.2%, 67.7%, 76.2%, 62.7%]",,,,
3,parallel,16,16,0.33552535811568657,1.102829180940797,1.1761346999555826,0.0001111111111111111,66.2,"[61.2%, 67.7%, 76.2%, 59.7%]",,,,
3,parallel,17,17,0.32340788976125623,1.0704145295710503,1.1650088839232922,0.0001111111111111111,66.4,"[61.2%, 67.7%, 76.2%, 60.5%]",,,,
3,parallel,18,18,0.3116104214068258,1.0572188979462733,1.105870682746172,0.0001111111111111111,67.0,"[61.2%, 67.7%, 76.2%, 62.9%]",,,,
3,parallel,19,19,0.3001329530523955,1.0222292844253251,1.1927491407841444,0.0001111111111111111,66.525,"[61.2%, 67.7%, 76.2%, 61.0%]",,,,
3,parallel,20,20,0.2889754846979651,1.0226248238660112,1.0866171177476645,0.0001111111111111111,67.30000000000001,"[61.2%, 67.7%, 76.2%, 64.1%]",,,,
3,parallel,21,21,0.2781380163435347,0.9835508450677123,1.043715551495552,0.0001111111111111111,67.65,"[61.2%, 67.7%, 76.2%, 65.5%]",,,,
3,parallel,22,22,0.2676205479891044,0.9898647190649298,1.0684786066412926,0.0001111111111111111,67.5,"[61.2%, 67.7%, 76.2%, 64.9%]",,,,
3,parallel,23,23,0.257423079634674,0.9666474861434743,1.092079620808363,0.0001111111111111111,67.375,"[61.2%, 67.7%, 76.2%, 64.4%]",,,,
3,parallel,24,24,0.24754561128024358,0.9595972812628444,1.072297379374504,0.0001111111111111111,67.42500000000001,"[61.2%, 67.7%, 76.2%, 64.6%]",,,,
3,parallel,25,25,0.2379881429258132,0.9629643634904789,1.0695757754147053,0.0001111111111111111,66.85000000000001,"[61.2%, 67.7%, 76.2%, 62.3%]",,,,
3,parallel,26,26,0.2287506745713828,0.985616965384423,1.1007620934396982,0.0001111111111111111,67.22500000000001,"[61.2%, 67.7%, 76.2%, 63.8%]",,,,
3,parallel,27,27,0.21983320621695243,0.9342025812668137,1.1161090023815632,0.0001111111111111111,67.47500000000001,"[61.2%, 67.7%, 76.2%, 64.8%]",,,,
3,parallel,28,28,0.21123573786252203,0.9780965832215321,1.0848239362239838,0.0001111111111111111,67.375,"[61.2%, 67.7%, 76.2%, 64.4%]",,,,
3,parallel,29,29,0.20295826950809165,0.9830813309814357,1.1865906156599522,0.0001111111111111111,66.7,"[61.2%, 67.7%, 76.2%, 61.7%]",,,,
3,parallel,30,30,0.1950008011536613,1.007088874714284,1.1226144190877676,0.0001111111111111111,67.05000000000001,"[61.2%, 67.7%, 76.2%, 63.1%]",,,,
3,parallel,31,31,0.1873633327992309,0.9948138398460195,1.302622228860855,0.0001111111111111111,65.55000000000001,"[61.2%, 67.7%, 76.2%, 57.1%]",,,,
3,parallel,32,32,0.18004586444480053,0.9831207673760909,1.054122269153595,0.0001111111111111111,68.17500000000001,"[61.2%, 67.7%, 76.2%, 67.6%]",,,,
3,parallel,33,33,0.17304839609037015,0.9394371999969965,1.0687760021537542,0.0001111111111111111,67.875,"[61.2%, 67.7%, 76.2%, 66.4%]",,,,
3,parallel,34,34,0.16637092773593976,1.0446172582952282,1.0757511332631111,0.0001111111111111111,67.7,"[61.2%, 67.7%, 76.2%, 65.7%]",,,,
3,parallel,35,35,0.16001345938150938,0.9629495351374904,1.114302970468998,0.0001111111111111111,67.05000000000001,"[61.2%, 67.7%, 76.2%, 63.1%]",,,,
3,parallel,36,36,0.153975991027079,1.0381222887884212,1.1016687098890543,0.0001111111111111111,67.45,"[61.2%, 67.7%, 76.2%, 64.7%]",,,,
3,parallel,37,37,0.14825852267264863,1.0194085055514226,1.0832554772496223,0.0001111111111111111,67.9,"[61.2%, 67.7%, 76.2%, 66.5%]",,,,
3,parallel,38,38,0.14286105431821824,0.9860444883757,1.071360845118761,0.0001111111111111111,67.65,"[61.2%, 67.7%, 76.2%, 65.5%]",,,,
3,parallel,39,39,0.13778358596378787,1.162803724596772,1.1374854780733585,0.0001111111111111111,67.47500000000001,"[61.2%, 67.7%, 76.2%, 64.8%]",,,,
3,parallel,40,40,0.13302611760935748,1.0612877380998829,1.1309786811470985,0.0001111111111111111,66.95,"[61.2%, 67.7%, 76.2%, 62.7%]",,,,
3,parallel,41,41,0.12858864925492708,1.0203364446193357,1.130534265190363,0.0001111111111111111,67.55000000000001,"[61.2%, 67.7%, 76.2%, 65.1%]",,,,
3,parallel,42,42,0.12447118090049673,1.155087584181677,1.2529011219739914,0.0001111111111111111,65.875,"[61.2%, 67.7%, 76.2%, 58.4%]",,,,
3,parallel,43,43,0.12067371254606635,1.0786759483663342,1.1631873454898596,0.0001111111111111111,67.15,"[61.2%, 67.7%, 76.2%, 63.5%]",,,,
3,parallel,44,44,0.11719624419163596,1.0750821987284889,1.1819038167595863,0.0001111111111111111,66.67500000000001,"[61.2%, 67.7%, 76.2%, 61.6%]",,,,
3,parallel,45,45,0.11403877583720558,1.118505146684526,1.1300021782517433,0.0001111111111111111,67.35000000000001,"[61.2%, 67.7%, 76.2%, 64.3%]",,,,
3,parallel,46,46,0.11120130748277521,1.0354872119577625,1.209590481594205,0.0001111111111111111,66.35000000000001,"[61.2%, 67.7%, 76.2%, 60.3%]",,,,
3,parallel,47,47,0.10868383912834481,1.1631765501408637,1.237453917041421,0.0001111111111111111,66.35000000000001,"[61.2%, 67.7%, 76.2%, 60.3%]",,,,
3,parallel,48,48,0.10648637077391443,1.128224465665938,1.1589689068496227,0.0001111111111111111,66.72500000000001,"[61.2%, 67.7%, 76.2%, 61.8%]",,,,
3,parallel,49,49,0.10460890241948406,1.0768356051626085,1.1669126003980637,0.0001111111111111111,66.625,"[61.2%, 67.7%, 76.2%, 61.4%]",,,,
3,parallel,50,50,0.10305143406505368,1.0369580554056772,1.123352587223053,0.0001111111111111111,67.4,"[61.2%, 67.7%, 76.2%, 64.5%]",,,,
3,parallel,51,51,0.1018139657106233,1.001895828337609,1.1012465674430132,0.0001111111111111111,67.47500000000001,"[61.2%, 67.7%, 76.2%, 64.8%]",,,,
3,parallel,52,52,0.10089649735619292,1.0665040242521069,1.1581656094640493,0.0001111111111111111,66.97500000000001,"[61.2%, 67.7%, 76.2%, 62.8%]",,,,
3,parallel,53,53,0.10029902900176255,1.0011295012280912,1.082009581848979,0.0001111111111111111,67.7,"[61.2%, 67.7%, 76.2%, 65.7%]",,,,
3,parallel,54,54,0.10002156064733217,0.9694378715527209,1.0676535218954086,0.0001111111111111111,67.85000000000001,"[61.2%, 67.7%, 76.2%, 66.3%]",,,,
3,parallel,55,55,0.1,0.9234610675256464,1.0871012173593044,0.0001111111111111111,67.72500000000001,"[61.2%, 67.7%, 76.2%, 65.8%]",,,,
3,weights,1,56,0.1,0.915930558609057,1.0356964990496635,0.0001111111111111111,68.22500000000001,"[61.2%, 67.7%, 76.2%, 67.8%]",,,,
3,weights,2,57,0.1,0.9001340277587311,1.0237887799739838,0.0001111111111111111,67.97500000000001,"[61.2%, 67.7%, 76.2%, 66.8%]",,,,
3,weights,3,58,0.1,0.8606182212316538,1.0445360392332077,0.0001111111111111111,68.15,"[61.2%, 67.7%, 76.2%, 67.5%]",,,,
3,weights,4,59,0.1,0.8566685892358611,1.0236866809427738,0.0001111111111111111,67.875,"[61.2%, 67.7%, 76.2%, 66.4%]",,,,
3,weights,5,60,0.1,0.84206492161449,1.0022136121988297,0.0001111111111111111,67.92500000000001,"[61.2%, 67.7%, 76.2%, 66.6%]",,,,
3,weights,6,61,0.1,0.8343789343592487,1.063762042671442,0.0001111111111111111,68.025,"[61.2%, 67.7%, 76.2%, 67.0%]",,,,
3,weights,7,62,0.1,0.8060220698767071,1.050455018877983,0.0001111111111111111,68.025,"[61.2%, 67.7%, 76.2%, 67.0%]",,,,
3,weights,8,63,0.1,0.8115087453323074,1.0614400580525398,0.0001111111111111111,67.92500000000001,"[61.2%, 67.7%, 76.2%, 66.6%]",,,,
3,weights,9,64,0.1,0.7840323749976822,1.0348197147250175,0.0001111111111111111,67.92500000000001,"[61.2%, 67.7%, 76.2%, 66.6%]",,,,
3,weights,10,65,0.1,0.7870421454876284,0.9836976807564497,0.0001111111111111111,68.325,"[61.2%, 67.7%, 76.2%, 68.2%]",,,,
3,weights,11,66,0.1,0.7880237872087503,0.9811047241091728,0.0001111111111111111,68.75,"[61.2%, 67.7%, 76.2%, 69.9%]",,,,
3,weights,12,67,0.1,0.7648953482320037,0.9966072626411915,0.0001111111111111111,68.7,"[61.2%, 67.7%, 76.2%, 69.7%]",,,,
3,weights,13,68,0.1,0.7665376297280758,0.9936603605747223,0.0001111111111111111,68.325,"[61.2%, 67.7%, 76.2%, 68.2%]",,,,
3,weights,14,69,0.1,0.7333283986471877,1.0326204467564821,0.0001111111111111111,68.075,"[61.2%, 67.7%, 76.2%, 67.2%]",,,,
3,weights,15,70,0.1,0.7548901035061365,0.9830905254930258,0.0001111111111111111,68.42500000000001,"[61.2%, 67.7%, 76.2%, 68.6%]",,,,
3,weights,16,71,0.1,0.7455624043941498,0.9794270284473896,0.0001111111111111111,68.22500000000001,"[61.2%, 67.7%, 76.2%, 67.8%]",,,,
3,weights,17,72,0.1,0.7290494238274007,0.9755057524889708,0.0001111111111111111,68.72500000000001,"[61.2%, 67.7%, 76.2%, 69.8%]",,,,
3,weights,18,73,0.1,0.7160882964918885,0.973992021754384,0.0001111111111111111,68.825,"[61.2%, 67.7%, 76.2%, 70.2%]",,,,
3,weights,19,74,0.1,0.6882048366190512,1.0250421520322561,0.0001111111111111111,68.625,"[61.2%, 67.7%, 76.2%, 69.4%]",,,,
3,weights,20,75,0.1,0.7061557351033899,0.9578758589923382,0.0001111111111111111,68.325,"[61.2%, 67.7%, 76.2%, 68.2%]",,,,
3,weights,21,76,0.1,0.6957241225091717,0.9521416891366243,0.0001111111111111111,68.625,"[61.2%, 67.7%, 76.2%, 69.4%]",,,,
3,weights,22,77,0.1,0.6754219034050084,1.0405987706035376,0.0001111111111111111,68.025,"[61.2%, 67.7%, 76.2%, 67.0%]",,,,
3,weights,23,78,0.1,0.6656548886359492,0.9638096336275339,0.0001111111111111111,68.60000000000001,"[61.2%, 67.7%, 76.2%, 69.3%]",,,,
3,weights,24,79,0.1,0.678352499687219,0.9923554174602032,0.0001111111111111111,68.7,"[61.2%, 67.7%, 76.2%, 69.7%]",,,,
3,weights,25,80,0.1,0.6807662010947361,0.9337024372071028,0.0001111111111111111,68.67500000000001,"[61.2%, 67.7%, 76.2%, 69.6%]",56.675,"[24.7%, 60.5%, 76.2%, 65.3%]",65.6,"[51.1%, 65.5%, 76.2%, 69.6%]"
4,parallel,1,1,0.5,4.835593821127204,2.410649448633194,0.0001111111111111111,56.94000000000001,"[61.2%, 67.7%, 76.2%, 69.6%, 10.0%]",,,,
4,parallel,2,2,0.5,2.3537172184714787,2.338979199528694,0.0001111111111111111,56.94000000000001,"[61.2%, 67.7%, 76.2%, 69.6%, 10.0%]",,,,
4,parallel,3,3,0.5,2.3038013313390033,2.2290405109524727,0.0001111111111111111,57.16000000000001,"[61.2%, 67.7%, 76.2%, 69.6%, 11.1%]",,,,
4,parallel,4,4,0.5,2.01612387276903,1.832493469119072,0.0001111111111111111,60.480000000000004,"[61.2%, 67.7%, 76.2%, 69.6%, 27.7%]",,,,
4,parallel,5,5,0.4899375100144209,1.77400427981268,1.7124320268630981,0.0001111111111111111,63.38000000000001,"[61.2%, 67.7%, 76.2%, 69.6%, 42.2%]",,,,
4,parallel,6,6,0.4743000416599904,1.6249117941796025,1.5982933305203915,0.0001111111111111111,63.90000000000001,"[61.2%, 67.7%, 76.2%, 69.6%, 44.8%]",,,,
4,parallel,7,7,0.45898257330556,1.465166419367247,1.6226407997310162,0.0001111111111111111,64.32000000000001,"[61.2%, 67.7%, 76.2%, 69.6%, 46.9%]",,,,
4,parallel,8,8,0.44398510495112964,1.420755372771734,1.5244500152766705,0.0001111111111111111,64.06000000000002,"[61.2%, 67.7%, 76.2%, 69.6%, 45.6%]",,,,
4,parallel,9,9,0.42930763659669924,1.32326339769967,1.4560166094452143,0.0001111111111111111,65.12,"[61.2%, 67.7%, 76.2%, 69.6%, 50.9%]",,,,
4,parallel,10,10,0.4149501682422688,1.191755672798881,1.2728229444473982,0.0001111111111111111,66.54,"[61.2%, 67.7%, 76.2%, 69.6%, 58.0%]",,,,
4,parallel,11,11,0.4009126998878385,1.1132832501508012,1.1688096784055233,0.0001111111111111111,67.20000000000002,"[61.2%, 67.7%, 76.2%, 69.6%, 61.3%]",,,,
4,parallel,12,12,0.3871952315334082,1.0563844608355173,1.1824599206447601,0.0001111111111111111,67.06000000000002,"[61.2%, 67.7%, 76.2%, 69.6%, 60.6%]",,,,
4,parallel,13,13,0.3737977631789777,0.9806167060815836,1.1143437344580889,0.0001111111111111111,67.72,"[61.2%, 67.7%, 76.2%, 69.6%, 63.9%]",,,,
4,parallel,14,14,0.36072029482454737,0.9398485708840286,1.041600113734603,0.0001111111111111111,68.34,"[61.2%, 67.7%, 76.2%, 69.6%, 67.0%]",,,,
4,parallel,15,15,0.34796282647011695,0.9190509862537626,1.0075816996395588,0.0001111111111111111,68.50000000000001,"[61.2%, 67.7%, 76.2%, 69.6%, 67.8%]",,,,
4,parallel,16,16,0.33552535811568657,0.8588367938240872,0.9700376335531473,0.0001111111111111111,68.42,"[61.2%, 67.7%, 76.2%, 69.6%, 67.4%]",,,,
4,parallel,17,17,0.32340788976125623,0.8407414034952091,1.032830860465765,0.0001111111111111111,68.10000000000001,"[61.2%, 67.7%, 76.2%, 69.6%, 65.8%]",,,,
4,parallel,18,18,0.3116104214068258,0.8422236227536504,1.11003777384758,0.0001111111111111111,67.84,"[61.2%, 67.7%, 76.2%, 69.6%, 64.5%]",,,,
4,parallel,19,19,0.3001329530523955,0.7710470881643174,0.9009680040180683,0.0001111111111111111,69.02000000000001,"[61.2%, 67.7%, 76.2%, 69.6%, 70.4%]",,,,
4,parallel,20,20,0.2889754846979651,0.8179922571665124,0.9607433024793863,0.0001111111111111111,68.82000000000001,"[61.2%, 67.7%, 76.2%, 69.6%, 69.4%]",,,,
4,parallel,21,21,0.2781380163435347,0.7833817488030542,0.9739747606217861,0.0001111111111111111,68.94000000000001,"[61.2%, 67.7%, 76.2%, 69.6%, 70.0%]",,,,
4,parallel,22,22,0.2676205479891044,0.7850723372230047,0.9454673789441586,0.0001111111111111111,68.76000000000002,"[61.2%, 67.7%, 76.2%, 69.6%, 69.1%]",,,,
4,parallel,23,23,0.257423079634674,0.7656856616841087,0.9382156673818827,0.0001111111111111111,68.9,"[61.2%, 67.7%, 76.2%, 69.6%, 69.8%]",,,,
4,parallel,24,24,0.24754561128024358,0.7600500862809676,1.003650514408946,0.0001111111111111111,68.42,"[61.2%, 67.7%, 76.2%, 69.6%, 67.4%]",,,,
4,parallel,25,25,0.2379881429258132,0.7685103092012526,0.9776843748986721,0.0001111111111111111,68.50000000000001,"[61.2%, 67.7%, 76.2%, 69.6%, 67.8%]",,,,
4,parallel,26,26,0.2287506745713828,0.822014656247972,0.9769178684800863,0.0001111111111111111,68.76000000000002,"[61.2%, 67.7%, 76.2%, 69.6%, 69.1%]",,,,
4,parallel,27,27,0.21983320621695243,0.7683018634590921,1.0160554721951485,0.0001111111111111111,68.28,"[61.2%, 67.7%, 76.2%, 69.6%, 66.7%]",,,,
4,parallel,28,28,0.21123573786252203,0.8371178522894654,0.9744904860854149,0.0001111111111111111,68.46000000000001,"[61.2%, 67.7%, 76.2%, 69.6%, 67.6%]",,,,
4,parallel,29,29,0.20295826950809165,0.8317796957643726,1.003910105675459,0.0001111111111111111,68.18,"[61.2%, 67.7%, 76.2%, 69.6%, 66.2%]",,,,
4,parallel,30,30,0.1950008011536613,0.8618177914921241,1.0279491730034351,0.0001111111111111111,68.26000000000002,"[61.2%, 67.7%, 76.2%, 69.6%, 66.6%]",,,,
4,parallel,31,31,0.1873633327992309,0.873258624650255,1.1239163372665644,0.0001111111111111111,67.58000000000001,"[61.2%, 67.7%, 76.2%, 69.6%, 63.2%]",,,,
4,parallel,32,32,0.18004586444480053,0.86966292843034,1.0231547243893147,0.0001111111111111111,68.34,"[61.2%, 67.7%, 76.2%, 69.6%, 67.0%]",,,,
4,parallel,33,33,0.17304839609037015,0.8466112183619149,0.94042316544801,0.0001111111111111111,69.02000000000001,"[61.2%, 67.7%, 76.2%, 69.6%, 70.4%]",,,,
4,parallel,34,34,0.16637092773593976,0.9578207731246948,0.996176702901721,0.0001111111111111111,68.68,"[61.2%, 67.7%, 76.2%, 69.6%, 68.7%]",,,,
4,parallel,35,35,0.16001345938150938,0.8833991870095458,1.1411614026874304,0.0001111111111111111,67.62,"[61.2%, 67.7%, 76.2%, 69.6%, 63.4%]",,,,
4,parallel,36,36,0.153975991027079,0.9625216571590568,1.0466595776379108,0.0001111111111111111,68.20000000000002,"[61.2%, 67.7%, 76.2%, 69.6%, 66.3%]",,,,
4,parallel,37,37,0.14825852267264863,0.9266198564179337,1.1664583384990692,0.0001111111111111111,67.46000000000001,"[61.2%, 67.7%, 76.2%, 69.6%, 62.6%]",,,,
4,parallel,38,38,0.14286105431821824,0.8886772778969777,1.0567803103476763,0.0001111111111111111,67.98,"[61.2%, 67.7%, 76.2%, 69.6%, 65.2%]",,,,
4,parallel,39,39,0.13778358596378787,0.9841195601451246,1.108188521116972,0.0001111111111111111,67.94000000000001,"[61.2%, 67.7%, 76.2%, 69.6%, 65.0%]",,,,
4,parallel,40,40,0.13302611760935748,0.9053864999662472,1.0233393386006355,0.0001111111111111111,68.42,"[61.2%, 67.7%, 76.2%, 69.6%, 67.4%]",,,,
4,parallel,41,41,0.12858864925492708,0.9345033244241642,1.0313522852957249,0.0001111111111111111,68.4,"[61.2%, 67.7%, 76.2%, 69.6%, 67.3%]",,,,
4,parallel,42,42,0.12447118090049673,1.064608109902732,1.2865479104220867,0.0001111111111111111,66.12,"[61.2%, 67.7%, 76.2%, 69.6%, 55.9%]",,,,
4,parallel,43,43,0.12067371254606635,1.003201130070264,1.065809117630124,0.0001111111111111111,68.12,"[61.2%, 67.7%, 76.2%, 69.6%, 65.9%]",,,,
4,parallel,44,44,0.11719624419163596,0.9664557229114484,1.0593297705054283,0.0001111111111111111,68.18,"[61.2%, 67.7%, 76.2%, 69.6%, 66.2%]",,,,
4,parallel,45,45,0.11403877583720558,0.9731987065906766,1.0275393519550562,0.0001111111111111111,68.20000000000002,"[61.2%, 67.7%, 76.2%, 69.6%, 66.3%]",,,,
4,parallel,46,46,0.11120130748277521,0.9350433032723922,1.083885358646512,0.0001111111111111111,68.00000000000001,"[61.2%, 67.7%, 76.2%, 69.6%, 65.3%]",,,,
4,parallel,47,47,0.10868383912834481,1.217682213722905,1.2231189161539078,0.0001111111111111111,66.86000000000001,"[61.2%, 67.7%, 76.2%, 69.6%, 59.6%]",,,,
4,parallel,48,48,0.10648637077391443,1.0997138792955423,1.1286934055387974,0.0001111111111111111,67.24000000000001,"[61.2%, 67.7%, 76.2%, 69.6%, 61.5%]",,,,
4,parallel,49,49,0.10460890241948406,1.0211249295669267,1.1659498922526836,0.0001111111111111111,66.98,"[61.2%, 67.7%, 76.2%, 69.6%, 60.2%]",,,,
4,parallel,50,50,0.10305143406505368,0.9420897145814533,1.0783228389918804,0.0001111111111111111,67.86000000000001,"[61.2%, 67.7%, 76.2%, 69.6%, 64.6%]",,,,
4,parallel,51,51,0.1018139657106233,0.9490334052073804,1.0995672438293695,0.0001111111111111111,67.66000000000001,"[61.2%, 67.7%, 76.2%, 69.6%, 63.6%]",,,,
4,parallel,52,52,0.10089649735619292,0.9885721817801271,1.0625621005892754,0.0001111111111111111,67.94000000000001,"[61.2%, 67.7%, 76.2%, 69.6%, 65.0%]",,,,
4,parallel,53,53,0.10029902900176255,0.9154377474060541,1.083558702841401,0.0001111111111111111,68.00000000000001,"[61.2%, 67.7%, 76.2%, 69.6%, 65.3%]",,,,
4,parallel,54,54,0.10002156064733217,0.8986512890344933,1.0456494949758053,0.0001111111111111111,68.22,"[61.2%, 67.7%, 76.2%, 69.6%, 66.4%]",,,,
4,parallel,55,55,0.1,0.8604409936108167,1.0392125956714153,0.0001111111111111111,67.58000000000001,"[61.2%, 67.7%, 76.2%, 69.6%, 63.2%]",,,,
4,weights,1,56,0.1,0.8417531297176699,1.1244738698005676,0.0001111111111111111,67.20000000000002,"[61.2%, 67.7%, 76.2%, 69.6%, 61.3%]",,,,
4,weights,2,57,0.1,0.8646101400822024,1.0733504183590412,0.0001111111111111111,67.78,"[61.2%, 67.7%, 76.2%, 69.6%, 64.2%]",,,,
4,weights,3,58,0.1,0.8005401635471778,0.96455242857337,0.0001111111111111111,68.66000000000001,"[61.2%, 67.7%, 76.2%, 69.6%, 68.6%]",,,,
4,weights,4,59,0.1,0.7870131912110727,1.0073392856866121,0.0001111111111111111,68.22,"[61.2%, 67.7%, 76.2%, 69.6%, 66.4%]",,,,
4,weights,5,60,0.1,0.7539692008042638,0.9797108247876167,0.0001111111111111111,68.68,"[61.2%, 67.7%, 76.2%, 69.6%, 68.7%]",,,,
4,weights,6,61,0.1,0.7319437597371354,0.940384816378355,0.0001111111111111111,68.42,"[61.2%, 67.7%, 76.2%, 69.6%, 67.4%]",,,,
4,weights,7,62,0.1,0.727857705535768,0.9737177658826113,0.0001111111111111111,68.50000000000001,"[61.2%, 67.7%, 76.2%, 69.6%, 67.8%]",,,,
4,weights,8,63,0.1,0.7387530267993107,0.949165515601635,0.0001111111111111111,68.68,"[61.2%, 67.7%, 76.2%, 69.6%, 68.7%]",,,,
4,weights,9,64,0.1,0.7469002012210556,0.9228862300515175,0.0001111111111111111,68.9,"[61.2%, 67.7%, 76.2%, 69.6%, 69.8%]",,,,
4,weights,10,65,0.1,0.6939808875322342,0.9775580763816833,0.0001111111111111111,68.58000000000001,"[61.2%, 67.7%, 76.2%, 69.6%, 68.2%]",,,,
4,weights,11,66,0.1,0.7011682870267313,0.9066768642514944,0.0001111111111111111,69.06000000000002,"[61.2%, 67.7%, 76.2%, 69.6%, 70.6%]",,,,
4,weights,12,67,0.1,0.689206072046787,0.924893805757165,0.0001111111111111111,69.06000000000002,"[61.2%, 67.7%, 76.2%, 69.6%, 70.6%]",,,,
4,weights,13,68,0.1,0.6879455224622654,0.9204956013709307,0.0001111111111111111,68.82000000000001,"[61.2%, 67.7%, 76.2%, 69.6%, 69.4%]",,,,
4,weights,14,69,0.1,0.669189665136458,1.0271880514919758,0.0001111111111111111,68.26000000000002,"[61.2%, 67.7%, 76.2%, 69.6%, 66.6%]",,,,
4,weights,15,70,0.1,0.6764271583738206,0.894688805565238,0.0001111111111111111,68.78,"[61.2%, 67.7%, 76.2%, 69.6%, 69.2%]",,,,
4,weights,16,71,0.1,0.658085695173167,0.8937454596161842,0.0001111111111111111,68.70000000000002,"[61.2%, 67.7%, 76.2%, 69.6%, 68.8%]",,,,
4,weights,17,72,0.1,0.639979855923713,0.8669960461556911,0.0001111111111111111,69.08000000000001,"[61.2%, 67.7%, 76.2%, 69.6%, 70.7%]",,,,
4,weights,18,73,0.1,0.6281448580041716,0.9544654842466116,0.0001111111111111111,68.84,"[61.2%, 67.7%, 76.2%, 69.6%, 69.5%]",,,,
4,weights,19,74,0.1,0.6305224812483485,0.9048916827887297,0.0001111111111111111,69.10000000000001,"[61.2%, 67.7%, 76.2%, 69.6%, 70.8%]",,,,
4,weights,20,75,0.1,0.6159105874315093,0.9189150985330343,0.0001111111111111111,69.00000000000001,"[61.2%, 67.7%, 76.2%, 69.6%, 70.3%]",,,,
4,weights,21,76,0.1,0.6472970145412639,0.9293676232919097,0.0001111111111111111,68.82000000000001,"[61.2%, 67.7%, 76.2%, 69.6%, 69.4%]",,,,
4,weights,22,77,0.1,0.614921927829332,0.962941175326705,0.0001111111111111111,68.68,"[61.2%, 67.7%, 76.2%, 69.6%, 68.7%]",,,,
4,weights,23,78,0.1,0.6094022910051708,0.9309485983103514,0.0001111111111111111,68.82000000000001,"[61.2%, 67.7%, 76.2%, 69.6%, 69.4%]",,,,
4,weights,24,79,0.1,0.6172954270356819,0.9137648567557335,0.0001111111111111111,68.94000000000001,"[61.2%, 67.7%, 76.2%, 69.6%, 70.0%]",,,,
4,weights,25,80,0.1,0.6014025316962713,0.9174524694681168,0.0001111111111111111,68.88000000000001,"[61.2%, 67.7%, 76.2%, 69.6%, 69.7%]",57.2,"[20.7%, 56.8%, 76.2%, 65.3%, 67.0%]",65.02,"[51.1%, 65.5%, 76.2%, 69.6%, 62.7%]"
5,parallel,1,1,0.5,6.459640086451663,2.50869083404541,0.0001111111111111111,59.20000000000001,"[61.2%, 67.7%, 76.2%, 69.6%, 69.7%, 10.8%]",,,,
5,parallel,2,2,0.5,2.369761545446855,2.3354935199022293,0.0001111111111111111,59.06666666666667,"[61.2%, 67.7%, 76.2%, 69.6%, 69.7%, 10.0%]",,,,
5,parallel,3,3,0.5,2.3213474569441397,2.3110240921378136,0.0001111111111111111,59.06666666666667,"[61.2%, 67.7%, 76.2%, 69.6%, 69.7%, 10.0%]",,,,
5,parallel,4,4,0.5,2.078757071796852,1.8040706999599934,0.0001111111111111111,61.95000000000001,"[61.2%, 67.7%, 76.2%, 69.6%, 69.7%, 27.3%]",,,,
5,parallel,5,5,0.4899375100144209,1.7059905649740486,1.5846613124012947,0.0001111111111111111,63.50000000000001,"[61.2%, 67.7%, 76.2%, 69.6%, 69.7%, 36.6%]",,,,
5,parallel,6,6,0.4743000416599904,1.5415573904785929,1.492573892697692,0.0001111111111111111,64.35000000000001,"[61.2%, 67.7%, 76.2%, 69.6%, 69.7%, 41.7%]",,,,
5,parallel,7,7,0.45898257330556,1.3590806767910342,1.3035585954785347,0.0001111111111111111,65.75000000000001,"[61.2%, 67.7%, 76.2%, 69.6%, 69.7%, 50.1%]",,,,
5,parallel,8,8,0.44398510495112964,1.2354522264456447,1.327848745509982,0.0001111111111111111,65.98333333333333,"[61.2%, 67.7%, 76.2%, 69.6%, 69.7%, 51.5%]",,,,
5,parallel,9,9,0.42930763659669924,1.1605227310446244,1.1202232204377651,0.0001111111111111111,67.41666666666667,"[61.2%, 67.7%, 76.2%, 69.6%, 69.7%, 60.1%]",,,,
5,parallel,10,10,0.4149501682422688,1.0307337573811979,1.2243998879566789,0.0001111111111111111,66.8,"[61.2%, 67.7%, 76.2%, 69.6%, 69.7%, 56.4%]",,,,
5,parallel,11,11,0.4009126998878385,0.9827396862114532,1.0718148974701762,0.0001111111111111111,67.55,"[61.2%, 67.7%, 76.2%, 69.6%, 69.7%, 60.9%]",,,,
5,parallel,12,12,0.3871952315334082,0.9643629917615577,1.0781094506382942,0.0001111111111111111,67.56666666666668,"[61.2%, 67.7%, 76.2%, 69.6%, 69.7%, 61.0%]",,,,
5,parallel,13,13,0.3737977631789777,0.9133499702320823,1.169918017461896,0.0001111111111111111,67.11666666666667,"[61.2%, 67.7%, 76.2%, 69.6%, 69.7%, 58.3%]",,,,
5,parallel,14,14,0.36072029482454737,0.8594866394996643,0.9671125784516335,0.0001111111111111111,68.46666666666668,"[61.2%, 67.7%, 76.2%, 69.6%, 69.7%, 66.4%]",,,,
5,parallel,15,15,0.34796282647011695,0.8233082090752034,0.9861978199332952,0.0001111111111111111,68.46666666666668,"[61.2%, 67.7%, 76.2%, 69.6%, 69.7%, 66.4%]",,,,
5,parallel,16,16,0.33552535811568657,0.8150462847721728,0.8992302427068353,0.0001111111111111111,68.71666666666668,"[61.2%, 67.7%, 76.2%, 69.6%, 69.7%, 67.9%]",,,,
5,parallel,17,17,0.32340788976125623,0.7883523219748388,0.874171637929976,0.0001111111111111111,68.9,"[61.2%, 67.7%, 76.2%, 69.6%, 69.7%, 69.0%]",,,,
5,parallel,18,18,0.3116104214068258,0.7719168836557413,0.8759691845625639,0.0001111111111111111,68.75,"[61.2%, 67.7%, 76.2%, 69.6%, 69.7%, 68.1%]",,,,
5,parallel,19,19,0.3001329530523955,0.7541962696027152,0.9652330758981407,0.0001111111111111111,68.46666666666668,"[61.2%, 67.7%, 76.2%, 69.6%, 69.7%, 66.4%]",,,,
5,parallel,20,20,0.2889754846979651,0.7463538541069513,0.8823223197832704,0.0001111111111111111,68.88333333333334,"[61.2%, 67.7%, 76.2%, 69.6%, 69.7%, 68.9%]",,,,
5,parallel,21,21,0.2781380163435347,0.7531205728838716,0.8887322247028351,0.0001111111111111111,69.13333333333334,"[61.2%, 67.7%, 76.2%, 69.6%, 69.7%, 70.4%]",,,,
5,parallel,22,22,0.2676205479891044,0.7272083283979681,0.9004511255770922,0.0001111111111111111,69.05000000000001,"[61.2%, 67.7%, 76.2%, 69.6%, 69.7%, 69.9%]",,,,
5,parallel,23,23,0.257423079634674,0.7631034930295582,0.8929308224469423,0.0001111111111111111,68.96666666666668,"[61.2%, 67.7%, 76.2%, 69.6%, 69.7%, 69.4%]",,,,
5,parallel,24,24,0.24754561128024358,0.7277111082891875,0.8688734145835042,0.0001111111111111111,69.11666666666667,"[61.2%, 67.7%, 76.2%, 69.6%, 69.7%, 70.3%]",,,,
5,parallel,25,25,0.2379881429258132,0.7236636128229431,0.8755511399358511,0.0001111111111111111,69.11666666666667,"[61.2%, 67.7%, 76.2%, 69.6%, 69.7%, 70.3%]",,,,
5,parallel,26,26,0.2287506745713828,0.7264512196371827,0.9997637420892715,0.0001111111111111111,68.11666666666667,"[61.2%, 67.7%, 76.2%, 69.6%, 69.7%, 64.3%]",,,,
5,parallel,27,27,0.21983320621695243,0.6909730807889866,0.9245606614276767,0.0001111111111111111,69.05000000000001,"[61.2%, 67.7%, 76.2%, 69.6%, 69.7%, 69.9%]",,,,
5,parallel,28,28,0.21123573786252203,0.7532615208927589,0.8527310099452734,0.0001111111111111111,69.23333333333333,"[61.2%, 67.7%, 76.2%, 69.6%, 69.7%, 71.0%]",,,,
5,parallel,29,29,0.20295826950809165,0.7565936106669752,0.9794937511906028,0.0001111111111111111,68.31666666666668,"[61.2%, 67.7%, 76.2%, 69.6%, 69.7%, 65.5%]",,,,
5,parallel,30,30,0.1950008011536613,0.7430300557915168,0.8916423693299294,0.0001111111111111111,69.03333333333335,"[61.2%, 67.7%, 76.2%, 69.6%, 69.7%, 69.8%]",,,,
5,parallel,31,31,0.1873633327992309,0.7809062090855611,0.9933325191959739,0.0001111111111111111,68.53333333333335,"[61.2%, 67.7%, 76.2%, 69.6%, 69.7%, 66.8%]",,,,
5,parallel,32,32,0.18004586444480053,0.7689059557794016,0.871384097263217,0.0001111111111111111,69.11666666666667,"[61.2%, 67.7%, 76.2%, 69.6%, 69.7%, 70.3%]",,,,
5,parallel,33,33,0.17304839609037015,0.7488663758658156,0.8827395336702466,0.0001111111111111111,68.71666666666668,"[61.2%, 67.7%, 76.2%, 69.6%, 69.7%, 67.9%]",,,,
5,parallel,34,34,0.16637092773593976,0.8905956315088875,1.0131252892315388,0.0001111111111111111,68.18333333333334,"[61.2%, 67.7%, 76.2%, 69.6%, 69.7%, 64.7%]",,,,
5,parallel,35,35,0.16001345938150938,0.8086558859559554,0.9520701430737972,0.0001111111111111111,68.56666666666668,"[61.2%, 67.7%, 76.2%, 69.6%, 69.7%, 67.0%]",,,,
5,parallel,36,36,0.153975991027079,0.9367801765852337,0.9584492556750774,0.0001111111111111111,68.5,"[61.2%, 67.7%, 76.2%, 69.6%, 69.7%, 66.6%]",,,,
5,parallel,37,37,0.14825852267264863,0.846203365657903,0.9629293251782656,0.0001111111111111111,68.55000000000001,"[61.2%, 67.7%, 76.2%, 69.6%, 69.7%, 66.9%]",,,,
5,parallel,38,38,0.14286105431821824,0.8037603754031507,0.9348254539072514,0.0001111111111111111,68.51666666666667,"[61.2%, 67.7%, 76.2%, 69.6%, 69.7%, 66.7%]",,,,
5,parallel,39,39,0.13778358596378787,0.8970698457729968,0.9259655699133873,0.0001111111111111111,68.88333333333334,"[61.2%, 67.7%, 76.2%, 69.6%, 69.7%, 68.9%]",,,,
5,parallel,40,40,0.13302611760935748,0.8118717810021171,0.8706194125115871,0.0001111111111111111,69.10000000000001,"[61.2%, 67.7%, 76.2%, 69.6%, 69.7%, 70.2%]",,,,
5,parallel,41,41,0.12858864925492708,0.8515638746792757,0.9373683156445622,0.0001111111111111111,68.61666666666667,"[61.2%, 67.7%, 76.2%, 69.6%, 69.7%, 67.3%]",,,,
5,parallel,42,42,0.12447118090049673,0.953458000210267,1.0778153277933598,0.0001111111111111111,68.05,"[61.2%, 67.7%, 76.2%, 69.6%, 69.7%, 63.9%]",,,,
5,parallel,43,43,0.12067371254606635,0.9318583645398104,0.9488425403833389,0.0001111111111111111,68.51666666666667,"[61.2%, 67.7%, 76.2%, 69.6%, 69.7%, 66.7%]",,,,
5,parallel,44,44,0.11719624419163596,0.8626188401934467,0.9834982622414827,0.0001111111111111111,68.46666666666668,"[61.2%, 67.7%, 76.2%, 69.6%, 69.7%, 66.4%]",,,,
5,parallel,45,45,0.11403877583720558,0.9011298931097682,0.9883971661329269,0.0001111111111111111,68.45,"[61.2%, 67.7%, 76.2%, 69.6%, 69.7%, 66.3%]",,,,
5,parallel,46,46,0.11120130748277521,0.851939515222477,0.953805960714817,0.0001111111111111111,68.61666666666667,"[61.2%, 67.7%, 76.2%, 69.6%, 69.7%, 67.3%]",,,,
5,parallel,47,47,0.10868383912834481,1.1141157670866084,1.0862007457762957,0.0001111111111111111,67.78333333333335,"[61.2%, 67.7%, 76.2%, 69.6%, 69.7%, 62.3%]",,,,
5,parallel,48,48,0.10648637077391443,1.0072860966754864,1.0040485337376595,0.0001111111111111111,68.31666666666668,"[61.2%, 67.7%, 76.2%, 69.6%, 69.7%, 65.5%]",,,,
5,parallel,49,49,0.10460890241948406,0.9273864076107363,0.9991766083985567,0.0001111111111111111,68.48333333333333,"[61.2%, 67.7%, 76.2%, 69.6%, 69.7%, 66.5%]",,,,
5,parallel,50,50,0.10305143406505368,0.878268296960034,1.0140785779803991,0.0001111111111111111,68.11666666666667,"[61.2%, 67.7%, 76.2%, 69.6%, 69.7%, 64.3%]",,,,
5,parallel,51,51,0.1018139657106233,0.8572520877741561,0.9883008413016796,0.0001111111111111111,68.36666666666667,"[61.2%, 67.7%, 76.2%, 69.6%, 69.7%, 65.8%]",,,,
5,parallel,52,52,0.10089649735619292,0.9388205778749683,1.0112245045602322,0.0001111111111111111,67.75000000000001,"[61.2%, 67.7%, 76.2%, 69.6%, 69.7%, 62.1%]",,,,
5,parallel,53,53,0.10029902900176255,0.8768863044207609,0.9919178290292621,0.0001111111111111111,68.11666666666667,"[61.2%, 67.7%, 76.2%, 69.6%, 69.7%, 64.3%]",,,,
5,parallel,54,54,0.10002156064733217,0.852660748023021,0.9500178825110197,0.0001111111111111111,68.41666666666667,"[61.2%, 67.7%, 76.2%, 69.6%, 69.7%, 66.1%]",,,,
5,parallel,55,55,0.1,0.8011292520957657,0.9141224734485149,0.0001111111111111111,68.56666666666668,"[61.2%, 67.7%, 76.2%, 69.6%, 69.7%, 67.0%]",,,,
5,weights,1,56,0.1,0.7823550938805447,0.9264953453093767,0.0001111111111111111,68.80000000000001,"[61.2%, 67.7%, 76.2%, 69.6%, 69.7%, 68.4%]",,,,
5,weights,2,57,0.1,0.778651700744146,0.896493449807167,0.0001111111111111111,68.78333333333335,"[61.2%, 67.7%, 76.2%, 69.6%, 69.7%, 68.3%]",,,,
5,weights,3,58,0.1,0.7400144625313675,0.8785787485539913,0.0001111111111111111,69.01666666666667,"[61.2%, 67.7%, 76.2%, 69.6%, 69.7%, 69.7%]",,,,
5,weights,4,59,0.1,0.7315235269975059,0.9249892318621278,0.0001111111111111111,68.76666666666667,"[61.2%, 67.7%, 76.2%, 69.6%, 69.7%, 68.2%]",,,,
5,weights,5,60,0.1,0.7265669356418561,0.8744107177481055,0.0001111111111111111,69.11666666666667,"[61.2%, 67.7%, 76.2%, 69.6%, 69.7%, 70.3%]",,,,
5,weights,6,61,0.1,0.7140742461138134,0.82957196328789,0.0001111111111111111,69.23333333333333,"[61.2%, 67.7%, 76.2%, 69.6%, 69.7%, 71.0%]",,,,
5,weights,7,62,0.1,0.6975939745389963,0.8778123073279858,0.0001111111111111111,68.91666666666667,"[61.2%, 67.7%, 76.2%, 69.6%, 69.7%, 69.1%]",,,,
5,weights,8,63,0.1,0.7167235522330562,0.8459887597709894,0.0001111111111111111,69.16666666666667,"[61.2%, 67.7%, 76.2%, 69.6%, 69.7%, 70.6%]",,,,
5,weights,9,64,0.1,0.6651858408239824,0.8146460130810738,0.0001111111111111111,69.25,"[61.2%, 67.7%, 76.2%, 69.6%, 69.7%, 71.1%]",,,,
5,weights,10,65,0.1,0.6600853076464013,0.8086923025548458,0.0001111111111111111,69.36666666666667,"[61.2%, 67.7%, 76.2%, 69.6%, 69.7%, 71.8%]",,,,
5,weights,11,66,0.1,0.63812762121611,0.8435453055426478,0.0001111111111111111,69.11666666666667,"[61.2%, 67.7%, 76.2%, 69.6%, 69.7%, 70.3%]",,,,
5,weights,12,67,0.1,0.6402681411444386,0.798307241871953,0.0001111111111111111,69.58333333333333,"[61.2%, 67.7%, 76.2%, 69.6%, 69.7%, 73.1%]",,,,
5,weights,13,68,0.1,0.6308411642720427,0.8782939780503511,0.0001111111111111111,69.13333333333334,"[61.2%, 67.7%, 76.2%, 69.6%, 69.7%, 70.4%]",,,,
5,weights,14,69,0.1,0.6398490678660477,0.8255667770281434,0.0001111111111111111,69.38333333333334,"[61.2%, 67.7%, 76.2%, 69.6%, 69.7%, 71.9%]",,,,
5,weights,15,70,0.1,0.6235080153881749,0.8000506889075041,0.0001111111111111111,69.58333333333333,"[61.2%, 67.7%, 76.2%, 69.6%, 69.7%, 73.1%]",,,,
5,weights,16,71,0.1,0.6217870086054259,0.8389551006257534,0.0001111111111111111,69.16666666666667,"[61.2%, 67.7%, 76.2%, 69.6%, 69.7%, 70.6%]",,,,
5,weights,17,72,0.1,0.5793065974795366,0.7806481858715415,0.0001111111111111111,69.45,"[61.2%, 67.7%, 76.2%, 69.6%, 69.7%, 72.3%]",,,,
5,weights,18,73,0.1,0.5843350962747501,0.8047536034137011,0.0001111111111111111,69.41666666666667,"[61.2%, 67.7%, 76.2%, 69.6%, 69.7%, 72.1%]",,,,
5,weights,19,74,0.1,0.5920643040651008,0.823102094233036,0.0001111111111111111,69.25,"[61.2%, 67.7%, 76.2%, 69.6%, 69.7%, 71.1%]",,,,
5,weights,20,75,0.1,0.576158955127378,0.7731853574514389,0.0001111111111111111,69.43333333333334,"[61.2%, 67.7%, 76.2%, 69.6%, 69.7%, 72.2%]",,,,
5,weights,21,76,0.1,0.5790223237834399,0.7987508759833872,0.0001111111111111111,69.45,"[61.2%, 67.7%, 76.2%, 69.6%, 69.7%, 72.3%]",,,,
5,weights,22,77,0.1,0.5868837539153763,0.795908777974546,0.0001111111111111111,69.30000000000001,"[61.2%, 67.7%, 76.2%, 69.6%, 69.7%, 71.4%]",,,,
5,weights,23,78,0.1,0.5736260806457906,0.855958485044539,0.0001111111111111111,69.28333333333335,"[61.2%, 67.7%, 76.2%, 69.6%, 69.7%, 71.3%]",,,,
5,weights,24,79,0.1,0.5603306421750709,0.7977191214449704,0.0001111111111111111,69.35000000000001,"[61.2%, 67.7%, 76.2%, 69.6%, 69.7%, 71.7%]",,,,
5,weights,25,80,0.1,0.5510749009591115,0.7933781733736396,0.0001111111111111111,69.30000000000001,"[61.2%, 67.7%, 76.2%, 69.6%, 69.7%, 71.4%]",56.46666666666667,"[20.7%, 56.8%, 76.2%, 61.9%, 67.0%, 56.2%]",63.54999999999999,"[51.1%, 65.5%, 76.2%, 69.6%, 62.7%, 56.2%]"
6,parallel,1,1,0.4,8.484294915501076,4.38012570142746,0.0001111111111111111,59.40000000000001,"[61.2%, 67.7%, 76.2%, 69.6%, 69.7%, 71.4%, 0.0%]",,,,
6,parallel,2,2,0.4,2.9985623933091947,2.3688644766807556,0.0001111111111111111,60.828571428571436,"[61.2%, 67.7%, 76.2%, 69.6%, 69.7%, 71.4%, 10.0%]",,,,
6,parallel,3,3,0.4,2.3446413806722135,2.3266441076993942,0.0001111111111111111,60.814285714285724,"[61.2%, 67.7%, 76.2%, 69.6%, 69.7%, 71.4%, 9.9%]",,,,
6,parallel,4,4,0.4,2.3226651209819167,2.3123689740896225,0.0001111111111111111,61.22857142857144,"[61.2%, 67.7%, 76.2%, 69.6%, 69.7%, 71.4%, 12.8%]",,,,
6,parallel,5,5,0.3924531325108157,2.2311157923710496,2.0429940968751907,0.0001111111111111111,62.28571428571429,"[61.2%, 67.7%, 76.2%, 69.6%, 69.7%, 71.4%, 20.2%]",,,,
6,parallel,6,6,0.3807250312449929,1.911309020428718,1.835078552365303,0.0001111111111111111,63.94285714285716,"[61.2%, 67.7%, 76.2%, 69.6%, 69.7%, 71.4%, 31.8%]",,,,
6,parallel,7,7,0.36923692997917,1.6352259524260895,1.4713643081486225,0.0001111111111111111,65.97142857142858,"[61.2%, 67.7%, 76.2%, 69.6%, 69.7%, 71.4%, 46.0%]",,,,
6,parallel,8,8,0.35798882871334725,1.3532905759690683,1.2406210750341415,0.0001111111111111111,67.30000000000001,"[61.2%, 67.7%, 76.2%, 69.6%, 69.7%, 71.4%, 55.3%]",,,,
6,parallel,9,9,0.3469807274475245,1.177563800087458,1.167076276615262,0.0001111111111111111,67.60000000000001,"[61.2%, 67.7%, 76.2%, 69.6%, 69.7%, 71.4%, 57.4%]",,,,
6,parallel,10,10,0.33621262618170167,1.0571169936204259,1.1462750881910324,0.0001111111111111111,67.60000000000001,"[61.2%, 67.7%, 76.2%, 69.6%, 69.7%, 71.4%, 57.4%]",,,,
6,parallel,11,11,0.32568452491587896,1.0152633469316024,1.0977359358221292,0.0001111111111111111,67.97142857142858,"[61.2%, 67.7%, 76.2%, 69.6%, 69.7%, 71.4%, 60.0%]",,,,
6,parallel,12,12,0.31539642365005616,0.9639681140078774,1.0629071909934282,0.0001111111111111111,68.31428571428572,"[61.2%, 67.7%, 76.2%, 69.6%, 69.7%, 71.4%, 62.4%]",,,,
6,parallel,13,13,0.3053483223842333,0.9312829269638544,0.9630202930420637,0.0001111111111111111,69.05714285714286,"[61.2%, 67.7%, 76.2%, 69.6%, 69.7%, 71.4%, 67.6%]",,,,
6,parallel,14,14,0.2955402211184105,0.9208197948298876,1.0576663687825203,0.0001111111111111111,68.11428571428573,"[61.2%, 67.7%, 76.2%, 69.6%, 69.7%, 71.4%, 61.0%]",,,,
6,parallel,15,15,0.28597211985258775,0.8832803353478637,0.9841228183358908,0.0001111111111111111,68.75714285714287,"[61.2%, 67.7%, 76.2%, 69.6%, 69.7%, 71.4%, 65.5%]",,,,
6,parallel,16,16,0.27664401858676496,0.8491501687448236,1.03038898576051,0.0001111111111111111,68.12857142857145,"[61.2%, 67.7%, 76.2%, 69.6%, 69.7%, 71.4%, 61.1%]",,,,
6,parallel,17,17,0.2675559173209422,0.8324635421173482,0.9038085481151938,0.0001111111111111111,69.31428571428572,"[61.2%, 67.7%, 76.2%, 69.6%, 69.7%, 71.4%, 69.4%]",,,,
6,parallel,18,18,0.2587078160551194,0.7912014530429358,0.8886772263795137,0.0001111111111111111,69.38571428571429,"[61.2%, 67.7%, 76.2%, 69.6%, 69.7%, 71.4%, 69.9%]",,,,
6,parallel,19,19,0.2500997147892966,0.767643184601506,0.9215188920497894,0.0001111111111111111,69.10000000000001,"[61.2%, 67.7%, 76.2%, 69.6%, 69.7%, 71.4%, 67.9%]",,,,
6,parallel,20,20,0.24173161352347383,0.7632703656637216,1.049941936507821,0.0001111111111111111,68.51428571428572,"[61.2%, 67.7%, 76.2%, 69.6%, 69.7%, 71.4%, 63.8%]",,,,
6,parallel,21,21,0.23360351225765102,0.7504685302323932,0.9373281607404351,0.0001111111111111111,69.02857142857144,"[61.2%, 67.7%, 76.2%, 69.6%, 69.7%, 71.4%, 67.4%]",,,,
6,parallel,22,22,0.2257154109918283,0.7361814568314371,0.974381348118186,0.0001111111111111111,68.77142857142859,"[61.2%, 67.7%, 76.2%, 69.6%, 69.7%, 71.4%, 65.6%]",,,,
6,parallel,23,23,0.2180673097260055,0.7392766788790498,1.0065590422600508,0.0001111111111111111,68.72857142857144,"[61.2%, 67.7%, 76.2%, 69.6%, 69.7%, 71.4%, 65.3%]",,,,
6,parallel,24,24,0.2106592084601827,0.7423166029060944,0.8346380311995745,0.0001111111111111111,69.57142857142858,"[61.2%, 67.7%, 76.2%, 69.6%, 69.7%, 71.4%, 71.2%]",,,,
6,parallel,25,25,0.20349110719435992,0.6820675708070586,0.8440787764266133,0.0001111111111111111,69.50000000000001,"[61.2%, 67.7%, 76.2%, 69.6%, 69.7%, 71.4%, 70.7%]",,,,
6,parallel,26,26,0.1965630059285371,0.7668843646592731,0.944002429023385,0.0001111111111111111,69.11428571428573,"[61.2%, 67.7%, 76.2%, 69.6%, 69.7%, 71.4%, 68.0%]",,,,
6,parallel,27,27,0.18987490466271434,0.7221369411371932,0.8610989721491933,0.0001111111111111111,69.64285714285715,"[61.2%, 67.7%, 76.2%, 69.6%, 69.7%, 71.4%, 71.7%]",,,,
6,parallel,28,28,0.18342680339689152,0.7498342319379879,0.9632280874066055,0.0001111111111111111,69.25714285714287,"[61.2%, 67.7%, 76.2%, 69.6%, 69.7%, 71.4%, 69.0%]",,,,
6,parallel,29,29,0.17721870213106874,0.7078198405760753,0.8464798778295517,0.0001111111111111111,69.6857142857143,"[61.2%, 67.7%, 76.2%, 69.6%, 69.7%, 71.4%, 72.0%]",,,,
6,parallel,30,30,0.17125060086524596,0.7830512199220778,0.9253616500645876,0.0001111111111111111,69.15714285714287,"[61.2%, 67.7%, 76.2%, 69.6%, 69.7%, 71.4%, 68.3%]",,,,
6,parallel,31,31,0.16552249959942317,0.7670402040209952,0.8666947335004807,0.0001111111111111111,69.64285714285715,"[61.2%, 67.7%, 76.2%, 69.6%, 69.7%, 71.4%, 71.7%]",,,,
6,parallel,32,32,0.1600343983336004,0.7441763315774217,0.9293700726702809,0.0001111111111111111,69.14285714285715,"[61.2%, 67.7%, 76.2%, 69.6%, 69.7%, 71.4%, 68.2%]",,,,
6,parallel,33,33,0.1547862970677776,0.767830785316757,0.9188706697896123,0.0001111111111111111,69.1857142857143,"[61.2%, 67.7%, 76.2%, 69.6%, 69.7%, 71.4%, 68.5%]",,,,
6,parallel,34,34,0.1497781958019548,0.7498023981534983,0.8726927796378732,0.0001111111111111111,69.50000000000001,"[61.2%, 67.7%, 76.2%, 69.6%, 69.7%, 71.4%, 70.7%]",,,,
6,parallel,35,35,0.14501009453613203,0.7448202922374387,0.9532399484887719,0.0001111111111111111,69.22857142857144,"[61.2%, 67.7%, 76.2%, 69.6%, 69.7%, 71.4%, 68.8%]",,,,
6,parallel,36,36,0.14048199327030927,0.7679004442842701,0.9733093846589327,0.0001111111111111111,68.9,"[61.2%, 67.7%, 76.2%, 69.6%, 69.7%, 71.4%, 66.5%]",,,,
6,parallel,37,37,0.13619389200448648,0.7760062051724784,0.8602420650422573,0.0001111111111111111,69.54285714285716,"[61.2%, 67.7%, 76.2%, 69.6%, 69.7%, 71.4%, 71.0%]",,,,
6,parallel,38,38,0.1321457907386637,0.7357542560070376,0.9191453158855438,0.0001111111111111111,69.15714285714287,"[61.2%, 67.7%, 76.2%, 69.6%, 69.7%, 71.4%, 68.3%]",,,,
6,parallel,39,39,0.1283376894728409,0.7474435741388346,0.9116185121238232,0.0001111111111111111,69.14285714285715,"[61.2%, 67.7%, 76.2%, 69.6%, 69.7%, 71.4%, 68.2%]",,,,
6,parallel,40,40,0.12476958820701811,0.8229040786435332,0.9740610085427761,0.0001111111111111111,68.95714285714287,"[61.2%, 67.7%, 76.2%, 69.6%, 69.7%, 71.4%, 66.9%]",,,,
6,parallel,41,41,0.12144148694119532,0.8354564505287364,0.9192780610173941,0.0001111111111111111,69.01428571428572,"[61.2%, 67.7%, 76.2%, 69.6%, 69.7%, 71.4%, 67.3%]",,,,
6,parallel,42,42,0.11835338567537255,0.756937918029254,0.946503427810967,0.0001111111111111111,69.0857142857143,"[61.2%, 67.7%, 76.2%, 69.6%, 69.7%, 71.4%, 67.8%]",,,,
6,parallel,43,43,0.11550528440954977,0.8009405898142464,0.8922414164990187,0.0001111111111111111,69.38571428571429,"[61.2%, 67.7%, 76.2%, 69.6%, 69.7%, 71.4%, 69.9%]",,,,
6,parallel,44,44,0.11289718314372697,0.7605436938472941,0.931796089746058,0.0001111111111111111,69.31428571428572,"[61.2%, 67.7%, 76.2%, 69.6%, 69.7%, 71.4%, 69.4%]",,,,
6,parallel,45,45,0.1105290818779042,0.7345690002924279,0.9020931273698807,0.0001111111111111111,69.44285714285715,"[61.2%, 67.7%, 76.2%, 69.6%, 69.7%, 71.4%, 70.3%]",,,,
6,parallel,46,46,0.10840098061208141,0.8844717967359326,0.9563022563233972,0.0001111111111111111,69.05714285714286,"[61.2%, 67.7%, 76.2%, 69.6%, 69.7%, 71.4%, 67.6%]",,,,
6,parallel,47,47,0.10651287934625861,0.7991378993927678,0.8867818275466561,0.0001111111111111111,69.4,"[61.2%, 67.7%, 76.2%, 69.6%, 69.7%, 71.4%, 70.0%]",,,,
6,parallel,48,48,0.10486477808043583,0.7991569841964336,0.9142864542081952,0.0001111111111111111,69.12857142857145,"[61.2%, 67.7%, 76.2%, 69.6%, 69.7%, 71.4%, 68.1%]",,,,
6,parallel,49,49,0.10345667681461305,0.7648600596415845,0.8912835419178009,0.0001111111111111111,69.17142857142858,"[61.2%, 67.7%, 76.2%, 69.6%, 69.7%, 71.4%, 68.4%]",,,,
6,parallel,50,50,0.10228857554879027,0.7462876974781857,0.8401564285159111,0.0001111111111111111,69.44285714285715,"[61.2%, 67.7%, 76.2%, 69.6%, 69.7%, 71.4%, 70.3%]",,,,
6,parallel,51,51,0.10136047428296747,0.7734202738804153,0.9892604378983378,0.0001111111111111111,69.12857142857145,"[61.2%, 67.7%, 76.2%, 69.6%, 69.7%, 71.4%, 68.1%]",,,,
6,parallel,52,52,0.1006723730171447,0.7490707337856293,0.8603751361370087,0.0001111111111111111,69.42857142857143,"[61.2%, 67.7%, 76.2%, 69.6%, 69.7%, 71.4%, 70.2%]",,,,
6,parallel,53,53,0.10022427175132191,0.7263921408713618,0.8630601288750768,0.0001111111111111111,69.38571428571429,"[61.2%, 67.7%, 76.2%, 69.6%, 69.7%, 71.4%, 69.9%]",,,,
6,parallel,54,54,0.10001617048549913,0.7233399556407446,0.8587087392807007,0.0001111111111111111,69.64285714285715,"[61.2%, 67.7%, 76.2%, 69.6%, 69.7%, 71.4%, 71.7%]",,,,
6,parallel,55,55,0.1,0.6902318461031853,0.8228252809494734,0.0001111111111111111,69.71428571428572,"[61.2%, 67.7%, 76.2%, 69.6%, 69.7%, 71.4%, 72.2%]",,,,
6,weights,1,56,0.1,0.6590370041660115,0.8128111632540822,0.0001111111111111111,69.85714285714286,"[61.2%, 67.7%, 76.2%, 69.6%, 69.7%, 71.4%, 73.2%]",,,,
6,weights,2,57,0.1,0.6488664780236497,0.8060303926467896,0.0001111111111111111,69.75714285714287,"[61.2%, 67.7%, 76.2%, 69.6%, 69.7%, 71.4%, 72.5%]",,,,
6,weights,3,58,0.1,0.6324830711642399,0.8458105893805623,0.0001111111111111111,69.65714285714287,"[61.2%, 67.7%, 76.2%, 69.6%, 69.7%, 71.4%, 71.8%]",,,,
6,weights,4,59,0.1,0.606638951769358,0.873666868545115,0.0001111111111111111,69.51428571428572,"[61.2%, 67.7%, 76.2%, 69.6%, 69.7%, 71.4%, 70.8%]",,,,
6,weights,5,60,0.1,0.6162339230126972,0.8320135343819857,0.0001111111111111111,69.6857142857143,"[61.2%, 67.7%, 76.2%, 69.6%, 69.7%, 71.4%, 72.0%]",,,,
6,weights,6,61,0.1,0.6142150182512742,0.839288953691721,0.0001111111111111111,69.80000000000001,"[61.2%, 67.7%, 76.2%, 69.6%, 69.7%, 71.4%, 72.8%]",,,,
6,weights,7,62,0.1,0.6043930728978748,0.8140398915857077,0.0001111111111111111,69.75714285714287,"[61.2%, 67.7%, 76.2%, 69.6%, 69.7%, 71.4%, 72.5%]",,,,
6,weights,8,63,0.1,0.6174274513238593,0.8474397864192724,0.0001111111111111111,69.67142857142858,"[61.2%, 67.7%, 76.2%, 69.6%, 69.7%, 71.4%, 71.9%]",,,,
6,weights,9,64,0.1,0.581629433209383,0.7869012327864766,0.0001111111111111111,69.82857142857144,"[61.2%, 67.7%, 76.2%, 69.6%, 69.7%, 71.4%, 73.0%]",,,,
6,weights,10,65,0.1,0.5894912394541728,0.7870481479912996,0.0001111111111111111,70.12857142857145,"[61.2%, 67.7%, 76.2%, 69.6%, 69.7%, 71.4%, 75.1%]",,,,
6,weights,11,66,0.1,0.573317096580433,0.7824377901852131,0.0001111111111111111,69.95714285714287,"[61.2%, 67.7%, 76.2%, 69.6%, 69.7%, 71.4%, 73.9%]",,,,
6,weights,12,67,0.1,0.5643434584895267,0.7555624265223742,0.0001111111111111111,70.05714285714286,"[61.2%, 67.7%, 76.2%, 69.6%, 69.7%, 71.4%, 74.6%]",,,,
6,weights,13,68,0.1,0.5281531248666063,0.7768063582479954,0.0001111111111111111,69.9857142857143,"[61.2%, 67.7%, 76.2%, 69.6%, 69.7%, 71.4%, 74.1%]",,,,
6,weights,14,69,0.1,0.5543347582032409,0.8246565358713269,0.0001111111111111111,70.00000000000001,"[61.2%, 67.7%, 76.2%, 69.6%, 69.7%, 71.4%, 74.2%]",,,,
6,weights,15,70,0.1,0.5474517783032188,0.806905553676188,0.0001111111111111111,70.04285714285716,"[61.2%, 67.7%, 76.2%, 69.6%, 69.7%, 71.4%, 74.5%]",,,,
6,weights,16,71,0.1,0.5324714576141744,0.8010552739724517,0.0001111111111111111,69.92857142857143,"[61.2%, 67.7%, 76.2%, 69.6%, 69.7%, 71.4%, 73.7%]",,,,
6,weights,17,72,0.1,0.5457034771200977,0.7489906111732125,0.0001111111111111111,70.10000000000001,"[61.2%, 67.7%, 76.2%, 69.6%, 69.7%, 71.4%, 74.9%]",,,,
6,weights,18,73,0.1,0.5100132125087932,0.7970726527273655,0.0001111111111111111,70.07142857142858,"[61.2%, 67.7%, 76.2%, 69.6%, 69.7%, 71.4%, 74.7%]",,,,
6,weights,19,74,0.1,0.5220642395411865,0.7602540077641606,0.0001111111111111111,70.0857142857143,"[61.2%, 67.7%, 76.2%, 69.6%, 69.7%, 71.4%, 74.8%]",,,,
6,weights,20,75,0.1,0.5474928798554819,0.7617054032161832,0.0001111111111111111,70.10000000000001,"[61.2%, 67.7%, 76.2%, 69.6%, 69.7%, 71.4%, 74.9%]",,,,
6,weights,21,76,0.1,0.4977030648460871,0.7594309858977795,0.0001111111111111111,70.20000000000002,"[61.2%, 67.7%, 76.2%, 69.6%, 69.7%, 71.4%, 75.6%]",,,,
6,weights,22,77,0.1,0.4925759344161311,0.8209173968061805,0.0001111111111111111,70.02857142857144,"[61.2%, 67.7%, 76.2%, 69.6%, 69.7%, 71.4%, 74.4%]",,,,
6,weights,23,78,0.1,0.48920926281922983,0.7558856271207333,0.0001111111111111111,70.31428571428572,"[61.2%, 67.7%, 76.2%, 69.6%, 69.7%, 71.4%, 76.4%]",,,,
6,weights,24,79,0.1,0.4876204153782205,0.7992523415014148,0.0001111111111111111,70.02857142857144,"[61.2%, 67.7%, 76.2%, 69.6%, 69.7%, 71.4%, 74.4%]",,,,
6,weights,25,80,0.1,0.4910197525839262,0.7559271370992064,0.0001111111111111111,70.21428571428572,"[61.2%, 67.7%, 76.2%, 69.6%, 69.7%, 71.4%, 75.7%]",56.47142857142857,"[15.7%, 48.1%, 76.2%, 61.9%, 67.0%, 56.2%, 70.2%]",63.31428571428571,"[51.1%, 60.5%, 72.1%, 69.6%, 59.6%, 60.1%, 70.2%]"
7,parallel,1,1,0.3,8.293815944768205,4.932572960853577,0.0001111111111111111,61.43750000000001,"[61.2%, 67.7%, 76.2%, 69.6%, 69.7%, 71.4%, 75.7%, 0.0%]",,,,
7,parallel,2,2,0.3,3.7341263233860835,2.642093911767006,0.0001111111111111111,62.68750000000001,"[61.2%, 67.7%, 76.2%, 69.6%, 69.7%, 71.4%, 75.7%, 10.0%]",,,,
7,parallel,3,3,0.3,2.4195146771925913,2.35104900598526,0.0001111111111111111,62.68750000000001,"[61.2%, 67.7%, 76.2%, 69.6%, 69.7%, 71.4%, 75.7%, 10.0%]",,,,
7,parallel,4,4,0.3,2.3395423979698857,2.327592819929123,0.0001111111111111111,62.68750000000001,"[61.2%, 67.7%, 76.2%, 69.6%, 69.7%, 71.4%, 75.7%, 10.0%]",,,,
7,parallel,5,5,0.2949687550072104,2.3260500099085553,2.326341062784195,0.0001111111111111111,62.68750000000001,"[61.2%, 67.7%, 76.2%, 69.6%, 69.7%, 71.4%, 75.7%, 10.0%]",,,,
7,parallel,6,6,0.2871500208299952,2.31365215627453,2.2862643599510193,0.0001111111111111111,63.712500000000006,"[61.2%, 67.7%, 76.2%, 69.6%, 69.7%, 71.4%, 75.7%, 18.2%]",,,,
7,parallel,7,7,0.27949128665278,2.029895046089269,1.9132117703557014,0.0001111111111111111,64.3375,"[61.2%, 67.7%, 76.2%, 69.6%, 69.7%, 71.4%, 75.7%, 23.2%]",,,,
7,parallel,8,8,0.2719925524755648,1.8402045059807692,1.762946605682373,0.0001111111111111111,65.4,"[61.2%, 67.7%, 76.2%, 69.6%, 69.7%, 71.4%, 75.7%, 31.7%]",,,,
7,parallel,9,9,0.2646538182983496,1.6838401722002634,1.6227592695504427,0.0001111111111111111,66.35000000000001,"[61.2%, 67.7%, 76.2%, 69.6%, 69.7%, 71.4%, 75.7%, 39.3%]",,,,
7,parallel,10,10,0.2574750841211344,1.5680592588231534,1.600218204781413,0.0001111111111111111,66.22500000000001,"[61.2%, 67.7%, 76.2%, 69.6%, 69.7%, 71.4%, 75.7%, 38.3%]",,,,
7,parallel,11,11,0.25045634994391924,1.4303791175914715,1.4659645482897758,0.0001111111111111111,67.41250000000001,"[61.2%, 67.7%, 76.2%, 69.6%, 69.7%, 71.4%, 75.7%, 47.8%]",,,,
7,parallel,12,12,0.24359761576670405,1.3818756945525543,1.3677352592349052,0.0001111111111111111,68.03750000000001,"[61.2%, 67.7%, 76.2%, 69.6%, 69.7%, 71.4%, 75.7%, 52.8%]",,,,
7,parallel,13,13,0.23689888158948885,1.2847468490842022,1.289816178381443,0.0001111111111111111,68.41250000000001,"[61.2%, 67.7%, 76.2%, 69.6%, 69.7%, 71.4%, 75.7%, 55.8%]",,,,
7,parallel,14,14,0.23036014741227365,1.2360066379172892,1.2732543088495731,0.0001111111111111111,68.4375,"[61.2%, 67.7%, 76.2%, 69.6%, 69.7%, 71.4%, 75.7%, 56.0%]",,,,
7,parallel,15,15,0.22398141323505846,1.1246062886865833,1.2743060439825058,0.0001111111111111111,68.275,"[61.2%, 67.7%, 76.2%, 69.6%, 69.7%, 71.4%, 75.7%, 54.7%]",,,,
7,parallel,16,16,0.21776267905784327,1.1084788788723041,1.19203538633883,0.0001111111111111111,68.75,"[61.2%, 67.7%, 76.2%, 69.6%, 69.7%, 71.4%, 75.7%, 58.5%]",,,,
7,parallel,17,17,0.2117039448806281,1.0643111346643181,1.1282441820949316,0.0001111111111111111,69.10000000000001,"[61.2%, 67.7%, 76.2%, 69.6%, 69.7%, 71.4%, 75.7%, 61.3%]",,,,
7,parallel,18,18,0.2058052107034129,1.016494644593589,1.0916003733873367,0.0001111111111111111,69.10000000000001,"[61.2%, 67.7%, 76.2%, 69.6%, 69.7%, 71.4%, 75.7%, 61.3%]",,,,
7,parallel,19,19,0.20006647652619775,1.0350512356697759,1.1812263689935207,0.0001111111111111111,68.875,"[61.2%, 67.7%, 76.2%, 69.6%, 69.7%, 71.4%, 75.7%, 59.5%]",,,,
7,parallel,20,20,0.19448774234898253,1.0027935354015496,1.15663449652493,0.0001111111111111111,68.85000000000001,"[61.2%, 67.7%, 76.2%, 69.6%, 69.7%, 71.4%, 75.7%, 59.3%]",,,,
7,parallel,21,21,0.18906900817176733,0.9390609105931053,1.2334471885114908,0.0001111111111111111,68.78750000000001,"[61.2%, 67.7%, 76.2%, 69.6%, 69.7%, 71.4%, 75.7%, 58.8%]",,,,
7,parallel,22,22,0.1838102739945522,1.0771985310542433,1.0234845709055662,0.0001111111111111111,69.4625,"[61.2%, 67.7%, 76.2%, 69.6%, 69.7%, 71.4%, 75.7%, 64.2%]",,,,
7,parallel,23,23,0.17871153981733698,0.9471347769604453,1.0543506145477295,0.0001111111111111111,69.47500000000001,"[61.2%, 67.7%, 76.2%, 69.6%, 69.7%, 71.4%, 75.7%, 64.3%]",,,,
7,parallel,24,24,0.1737728056401218,0.9103417554988137,0.9540994949638844,0.0001111111111111111,69.95,"[61.2%, 67.7%, 76.2%, 69.6%, 69.7%, 71.4%, 75.7%, 68.1%]",,,,
7,parallel,25,25,0.1689940714629066,0.9968240743950952,1.0985773149877787,0.0001111111111111111,69.325,"[61.2%, 67.7%, 76.2%, 69.6%, 69.7%, 71.4%, 75.7%, 63.1%]",,,,
7,parallel,26,26,0.1643753372856914,0.9155391213260119,1.1542251706123352,0.0001111111111111111,69.22500000000001,"[61.2%, 67.7%, 76.2%, 69.6%, 69.7%, 71.4%, 75.7%, 62.3%]",,,,
7,parallel,27,27,0.15991660310847622,0.9023561651193643,1.0160362385213375,0.0001111111111111111,69.60000000000001,"[61.2%, 67.7%, 76.2%, 69.6%, 69.7%, 71.4%, 75.7%, 65.3%]",,,,
7,parallel,28,28,0.155617868931261,0.9919136226931705,1.10713966563344,0.0001111111111111111,69.3125,"[61.2%, 67.7%, 76.2%, 69.6%, 69.7%, 71.4%, 75.7%, 63.0%]",,,,
7,parallel,29,29,0.1514791347540458,0.9337550643124158,1.069058770313859,0.0001111111111111111,69.48750000000001,"[61.2%, 67.7%, 76.2%, 69.6%, 69.7%, 71.4%, 75.7%, 64.4%]",,,,
7,parallel,30,30,0.14750040057683064,0.906487842526617,1.0604489985853434,0.0001111111111111111,69.53750000000001,"[61.2%, 67.7%, 76.2%, 69.6%, 69.7%, 71.4%, 75.7%, 64.8%]",,,,
7,parallel,31,31,0.14368166639961544,0.8747069963926002,0.9770913757383823,0.0001111111111111111,69.7625,"[61.2%, 67.7%, 76.2%, 69.6%, 69.7%, 71.4%, 75.7%, 66.6%]",,,,
7,parallel,32,32,0.14002293222240025,0.9627974765210212,1.179501673206687,0.0001111111111111111,69.11250000000001,"[61.2%, 67.7%, 76.2%, 69.6%, 69.7%, 71.4%, 75.7%, 61.4%]",,,,
7,parallel,33,33,0.13652419804518506,0.934203746952588,1.0019894372671843,0.0001111111111111111,69.80000000000001,"[61.2%, 67.7%, 76.2%, 69.6%, 69.7%, 71.4%, 75.7%, 66.9%]",,,,
7,parallel,34,34,0.13318546386796987,0.8844992141180401,1.0047033950686455,0.0001111111111111111,69.65,"[61.2%, 67.7%, 76.2%, 69.6%, 69.7%, 71.4%, 75.7%, 65.7%]",,,,
7,parallel,35,35,0.1300067296907547,0.8810180742529374,1.0187951400876045,0.0001111111111111111,69.8375,"[61.2%, 67.7%, 76.2%, 69.6%, 69.7%, 71.4%, 75.7%, 67.2%]",,,,
7,parallel,36,36,0.1269879955135395,0.8369456567341769,0.9694449808448553,0.0001111111111111111,69.8875,"[61.2%, 67.7%, 76.2%, 69.6%, 69.7%, 71.4%, 75.7%, 67.6%]",,,,
7,parallel,37,37,0.12412926133632432,0.9463604839542245,1.0085186213254929,0.0001111111111111111,69.75,"[61.2%, 67.7%, 76.2%, 69.6%, 69.7%, 71.4%, 75.7%, 66.5%]",,,,
7,parallel,38,38,0.12143052715910913,0.9134029489529284,1.0283952001482248,0.0001111111111111111,69.8125,"[61.2%, 67.7%, 76.2%, 69.6%, 69.7%, 71.4%, 75.7%, 67.0%]",,,,
7,parallel,39,39,0.11889179298189392,0.9019358633439752,1.0224570725113153,0.0001111111111111111,69.61250000000001,"[61.2%, 67.7%, 76.2%, 69.6%, 69.7%, 71.4%, 75.7%, 65.4%]",,,,
7,parallel,40,40,0.11651305880467874,0.9390669759315781,1.0955652762204409,0.0001111111111111111,69.275,"[61.2%, 67.7%, 76.2%, 69.6%, 69.7%, 71.4%, 75.7%, 62.7%]",,,,
7,parallel,41,41,0.11429432462746354,0.8792045916183086,0.9986756797879934,0.0001111111111111111,69.78750000000001,"[61.2%, 67.7%, 76.2%, 69.6%, 69.7%, 71.4%, 75.7%, 66.8%]",,,,
7,parallel,42,42,0.11223559045024836,0.8635974773500539,1.0197001434862614,0.0001111111111111111,69.875,"[61.2%, 67.7%, 76.2%, 69.6%, 69.7%, 71.4%, 75.7%, 67.5%]",,,,
7,parallel,43,43,0.11033685627303318,0.8574135265772855,0.9862105874344707,0.0001111111111111111,69.9625,"[61.2%, 67.7%, 76.2%, 69.6%, 69.7%, 71.4%, 75.7%, 68.2%]",,,,
7,parallel,44,44,0.10859812209581798,1.0215805044657067,1.0795970931649208,0.0001111111111111111,69.4,"[61.2%, 67.7%, 76.2%, 69.6%, 69.7%, 71.4%, 75.7%, 63.7%]",,,,
7,parallel,45,45,0.1070193879186028,0.937164661250537,1.05299087241292,0.0001111111111111111,69.67500000000001,"[61.2%, 67.7%, 76.2%, 69.6%, 69.7%, 71.4%, 75.7%, 65.9%]",,,,
7,parallel,46,46,0.1056006537413876,0.9059971374801442,0.9855367187410593,0.0001111111111111111,69.98750000000001,"[61.2%, 67.7%, 76.2%, 69.6%, 69.7%, 71.4%, 75.7%, 68.4%]",,,,
7,parallel,47,47,0.10434191956417241,0.8696194343929049,1.026082405820489,0.0001111111111111111,69.72500000000001,"[61.2%, 67.7%, 76.2%, 69.6%, 69.7%, 71.4%, 75.7%, 66.3%]",,,,
7,parallel,48,48,0.10324318538695722,0.8597741164738619,1.0779845351353288,0.0001111111111111111,69.6875,"[61.2%, 67.7%, 76.2%, 69.6%, 69.7%, 71.4%, 75.7%, 66.0%]",,,,
7,parallel,49,49,0.10230445120974203,0.82924322538738,0.957357008010149,0.0001111111111111111,70.025,"[61.2%, 67.7%, 76.2%, 69.6%, 69.7%, 71.4%, 75.7%, 68.7%]",,,,
7,parallel,50,50,0.10152571703252684,0.8582725815380676,1.0248425286263227,0.0001111111111111111,69.72500000000001,"[61.2%, 67.7%, 76.2%, 69.6%, 69.7%, 71.4%, 75.7%, 66.3%]",,,,
7,parallel,51,51,0.10090698285531166,0.8638338009013405,0.9553669225424528,0.0001111111111111111,70.1375,"[61.2%, 67.7%, 76.2%, 69.6%, 69.7%, 71.4%, 75.7%, 69.6%]",,,,
7,parallel,52,52,0.10044824867809646,0.8365844601317297,0.9519793316721916,0.0001111111111111111,70.05000000000001,"[61.2%, 67.7%, 76.2%, 69.6%, 69.7%, 71.4%, 75.7%, 68.9%]",,,,
7,parallel,53,53,0.10014951450088128,0.8076349904265585,0.9587586671113968,0.0001111111111111111,69.98750000000001,"[61.2%, 67.7%, 76.2%, 69.6%, 69.7%, 71.4%, 75.7%, 68.4%]",,,,
7,parallel,54,54,0.10001078032366609,0.8098202174222922,0.9432736169546843,0.0001111111111111111,70.2125,"[61.2%, 67.7%, 76.2%, 69.6%, 69.7%, 71.4%, 75.7%, 70.2%]",,,,
7,parallel,55,55,0.1,0.7816157959684541,0.9422147534787655,0.0001111111111111111,70.16250000000001,"[61.2%, 67.7%, 76.2%, 69.6%, 69.7%, 71.4%, 75.7%, 69.8%]",,,,
7,weights,1,56,0.1,0.7629538578323171,0.9509247718378901,0.0001111111111111111,70.075,"[61.2%, 67.7%, 76.2%, 69.6%, 69.7%, 71.4%, 75.7%, 69.1%]",,,,
7,weights,2,57,0.1,0.7555449076845676,0.9510280946269631,0.0001111111111111111,70.28750000000001,"[61.2%, 67.7%, 76.2%, 69.6%, 69.7%, 71.4%, 75.7%, 70.8%]",,,,
7,weights,3,58,0.1,0.7833736818048018,0.9510633535683155,0.0001111111111111111,70.2125,"[61.2%, 67.7%, 76.2%, 69.6%, 69.7%, 71.4%, 75.7%, 70.2%]",,,,
7,weights,4,59,0.1,0.7500835924963408,0.9325706008821726,0.0001111111111111111,70.2125,"[61.2%, 67.7%, 76.2%, 69.6%, 69.7%, 71.4%, 75.7%, 70.2%]",,,,
7,weights,5,60,0.1,0.7310315864750102,0.8895394410938025,0.0001111111111111111,70.5,"[61.2%, 67.7%, 76.2%, 69.6%, 69.7%, 71.4%, 75.7%, 72.5%]",,,,
7,weights,6,61,0.1,0.7289970162548597,0.9409665334969759,0.0001111111111111111,70.3375,"[61.2%, 67.7%, 76.2%, 69.6%, 69.7%, 71.4%, 75.7%, 71.2%]",,,,
7,weights,7,62,0.1,0.7131821003895772,0.9035303564742208,0.0001111111111111111,70.375,"[61.2%, 67.7%, 76.2%, 69.6%, 69.7%, 71.4%, 75.7%, 71.5%]",,,,
7,weights,8,63,0.1,0.6994549281234983,0.9012988805770874,0.0001111111111111111,70.4,"[61.2%, 67.7%, 76.2%, 69.6%, 69.7%, 71.4%, 75.7%, 71.7%]",,,,
7,weights,9,64,0.1,0.699391278662259,0.9701547706499696,0.0001111111111111111,70.23750000000001,"[61.2%, 67.7%, 76.2%, 69.6%, 69.7%, 71.4%, 75.7%, 70.4%]",,,,
7,weights,10,65,0.1,0.6895731902575191,0.8836537506431341,0.0001111111111111111,70.45,"[61.2%, 67.7%, 76.2%, 69.6%, 69.7%, 71.4%, 75.7%, 72.1%]",,,,
7,weights,11,66,0.1,0.6777091788340218,0.9338428350165486,0.0001111111111111111,70.36250000000001,"[61.2%, 67.7%, 76.2%, 69.6%, 69.7%, 71.4%, 75.7%, 71.4%]",,,,
7,weights,12,67,0.1,0.677152550673183,0.8443531058728695,0.0001111111111111111,70.67500000000001,"[61.2%, 67.7%, 76.2%, 69.6%, 69.7%, 71.4%, 75.7%, 73.9%]",,,,
7,weights,13,68,0.1,0.6556004817727246,0.9095013495534658,0.0001111111111111111,70.30000000000001,"[61.2%, 67.7%, 76.2%, 69.6%, 69.7%, 71.4%, 75.7%, 70.9%]",,,,
7,weights,14,69,0.1,0.6796494586558282,0.9240246322005987,0.0001111111111111111,70.28750000000001,"[61.2%, 67.7%, 76.2%, 69.6%, 69.7%, 71.4%, 75.7%, 70.8%]",,,,
7,weights,15,70,0.1,0.6327106073687349,0.8577218865975738,0.0001111111111111111,70.60000000000001,"[61.2%, 67.7%, 76.2%, 69.6%, 69.7%, 71.4%, 75.7%, 73.3%]",,,,
7,weights,16,71,0.1,0.6490191228782074,0.8809071714058518,0.0001111111111111111,70.5,"[61.2%, 67.7%, 76.2%, 69.6%, 69.7%, 71.4%, 75.7%, 72.5%]",,,,
7,weights,17,72,0.1,0.6446975541265705,0.8564890120178461,0.0001111111111111111,70.7125,"[61.2%, 67.7%, 76.2%, 69.6%, 69.7%, 71.4%, 75.7%, 74.2%]",,,,
7,weights,18,73,0.1,0.6282396022277542,0.9402706893160939,0.0001111111111111111,70.28750000000001,"[61.2%, 67.7%, 76.2%, 69.6%, 69.7%, 71.4%, 75.7%, 70.8%]",,,,
7,weights,19,74,0.1,0.6426938368549829,0.8959952648729086,0.0001111111111111111,70.48750000000001,"[61.2%, 67.7%, 76.2%, 69.6%, 69.7%, 71.4%, 75.7%, 72.4%]",,,,
7,weights,20,75,0.1,0.6279331068449383,0.8559850519523025,0.0001111111111111111,70.4375,"[61.2%, 67.7%, 76.2%, 69.6%, 69.7%, 71.4%, 75.7%, 72.0%]",,,,
7,weights,21,76,0.1,0.6225215189064606,0.8424714878201485,0.0001111111111111111,70.60000000000001,"[61.2%, 67.7%, 76.2%, 69.6%, 69.7%, 71.4%, 75.7%, 73.3%]",,,,
7,weights,22,77,0.1,0.6174611087086834,0.8947860542684793,0.0001111111111111111,70.36250000000001,"[61.2%, 67.7%, 76.2%, 69.6%, 69.7%, 71.4%, 75.7%, 71.4%]",,,,
7,weights,23,78,0.1,0.6123387583448917,0.9053960256278515,0.0001111111111111111,70.48750000000001,"[61.2%, 67.7%, 76.2%, 69.6%, 69.7%, 71.4%, 75.7%, 72.4%]",,,,
7,weights,24,79,0.1,0.593834955292412,0.8505273154005408,0.0001111111111111111,70.5625,"[61.2%, 67.7%, 76.2%, 69.6%, 69.7%, 71.4%, 75.7%, 73.0%]",,,,
7,weights,25,80,0.1,0.6107626161243342,0.8272031247615814,0.0001111111111111111,70.85000000000001,"[61.2%, 67.7%, 76.2%, 69.6%, 69.7%, 71.4%, 75.7%, 75.3%]",55.925,"[15.7%, 48.1%, 76.2%, 61.9%, 67.0%, 56.2%, 70.2%, 52.1%]",63.975,"[51.1%, 65.5%, 72.1%, 69.6%, 59.6%, 60.1%, 70.2%, 63.6%]"
8,parallel,1,1,0.2,7.055066356176062,4.941416561603546,0.0001111111111111111,62.97777777777779,"[61.2%, 67.7%, 76.2%, 69.6%, 69.7%, 71.4%, 75.7%, 75.3%, 0.0%]",,,,
8,parallel,2,2,0.2,4.166214574741412,3.2883871495723724,0.0001111111111111111,64.0888888888889,"[61.2%, 67.7%, 76.2%, 69.6%, 69.7%, 71.4%, 75.7%, 75.3%, 10.0%]",,,,
8,parallel,3,3,0.2,2.6713529266888583,2.400473043322563,0.0001111111111111111,64.0888888888889,"[61.2%, 67.7%, 76.2%, 69.6%, 69.7%, 71.4%, 75.7%, 75.3%, 10.0%]",,,,
8,parallel,4,4,0.2,2.362685496294046,2.344294622540474,0.0001111111111111111,64.0888888888889,"[61.2%, 67.7%, 76.2%, 69.6%, 69.7%, 71.4%, 75.7%, 75.3%, 10.0%]",,,,
8,parallel,5,5,0.1974843775036052,2.3365981488288203,2.33030241727829,0.0001111111111111111,64.0888888888889,"[61.2%, 67.7%, 76.2%, 69.6%, 69.7%, 71.4%, 75.7%, 75.3%, 10.0%]",,,,
8,parallel,6,6,0.1935750104149976,2.3339463215840013,2.3324942886829376,0.0001111111111111111,64.0888888888889,"[61.2%, 67.7%, 76.2%, 69.6%, 69.7%, 71.4%, 75.7%, 75.3%, 10.0%]",,,,
8,parallel,7,7,0.18974564332639002,2.300715048101884,2.213145136833191,0.0001111111111111111,64.95555555555556,"[61.2%, 67.7%, 76.2%, 69.6%, 69.7%, 71.4%, 75.7%, 75.3%, 17.8%]",,,,
8,parallel,8,8,0.18599627623778242,2.0844290663924396,1.9613294675946236,0.0001111111111111111,65.77777777777779,"[61.2%, 67.7%, 76.2%, 69.6%, 69.7%, 71.4%, 75.7%, 75.3%, 25.2%]",,,,
8,parallel,9,9,0.18232690914917482,1.9091881785211684,1.8140037581324577,0.0001111111111111111,66.80000000000001,"[61.2%, 67.7%, 76.2%, 69.6%, 69.7%, 71.4%, 75.7%, 75.3%, 34.4%]",,,,
8,parallel,10,10,0.17873754206056722,1.7426013056235978,1.7059018574655056,0.0001111111111111111,66.94444444444446,"[61.2%, 67.7%, 76.2%, 69.6%, 69.7%, 71.4%, 75.7%, 75.3%, 35.7%]",,,,
8,parallel,11,11,0.17522817497195964,1.6431606525107274,1.6934064850211143,0.0001111111111111111,67.15555555555557,"[61.2%, 67.7%, 76.2%, 69.6%, 69.7%, 71.4%, 75.7%, 75.3%, 37.6%]",,,,
8,parallel,12,12,0.17179880788335206,1.5838463110259817,1.5302551575005054,0.0001111111111111111,68.02222222222223,"[61.2%, 67.7%, 76.2%, 69.6%, 69.7%, 71.4%, 75.7%, 75.3%, 45.4%]",,,,
8,parallel,13,13,0.16844944079474444,1.516140881972977,1.4715673513710499,0.0001111111111111111,68.26666666666668,"[61.2%, 67.7%, 76.2%, 69.6%, 69.7%, 71.4%, 75.7%, 75.3%, 47.6%]",,,,
8,parallel,14,14,0.16518007370613685,1.483375837531271,1.4632327146828175,0.0001111111111111111,68.28888888888889,"[61.2%, 67.7%, 76.2%, 69.6%, 69.7%, 71.4%, 75.7%, 75.3%, 47.8%]",,,,
8,parallel,15,15,0.16199070661752923,1.4174483139303666,1.3562565222382545,0.0001111111111111111,68.63333333333334,"[61.2%, 67.7%, 76.2%, 69.6%, 69.7%, 71.4%, 75.7%, 75.3%, 50.9%]",,,,
8,parallel,16,16,0.15888133952892164,1.3968799853626686,1.36814808472991,0.0001111111111111111,68.53333333333335,"[61.2%, 67.7%, 76.2%, 69.6%, 69.7%, 71.4%, 75.7%, 75.3%, 50.0%]",,,,
8,parallel,17,17,0.15585197244031407,1.3836410030533997,1.441007163375616,0.0001111111111111111,68.71111111111112,"[61.2%, 67.7%, 76.2%, 69.6%, 69.7%, 71.4%, 75.7%, 75.3%, 51.6%]",,,,
8,parallel,18,18,0.15290260535170647,1.3333492407315894,1.316698119044304,0.0001111111111111111,69.13333333333334,"[61.2%, 67.7%, 76.2%, 69.6%, 69.7%, 71.4%, 75.7%, 75.3%, 55.4%]",,,,
8,parallel,19,19,0.1500332382630989,1.2694643154928955,1.4312504716217518,0.0001111111111111111,68.43333333333334,"[61.2%, 67.7%, 76.2%, 69.6%, 69.7%, 71.4%, 75.7%, 75.3%, 49.1%]",,,,
8,parallel,20,20,0.14724387117449128,1.2435283049752441,1.317152988165617,0.0001111111111111111,69.1888888888889,"[61.2%, 67.7%, 76.2%, 69.6%, 69.7%, 71.4%, 75.7%, 75.3%, 55.9%]",,,,
8,parallel,21,21,0.14453450408588367,1.2088754146913938,1.267202191054821,0.0001111111111111111,69.24444444444445,"[61.2%, 67.7%, 76.2%, 69.6%, 69.7%, 71.4%, 75.7%, 75.3%, 56.4%]",,,,
8,parallel,22,22,0.14190513699727608,1.1729091021079052,1.2737571224570274,0.0001111111111111111,69.24444444444445,"[61.2%, 67.7%, 76.2%, 69.6%, 69.7%, 71.4%, 75.7%, 75.3%, 56.4%]",,,,
8,parallel,23,23,0.1393557699086685,1.2425434483757503,1.2925059758126736,0.0001111111111111111,69.30000000000001,"[61.2%, 67.7%, 76.2%, 69.6%, 69.7%, 71.4%, 75.7%, 75.3%, 56.9%]",,,,
8,parallel,24,24,0.1368864028200609,1.2292040216771862,1.261059494689107,0.0001111111111111111,69.27777777777779,"[61.2%, 67.7%, 76.2%, 69.6%, 69.7%, 71.4%, 75.7%, 75.3%, 56.7%]",,,,
8,parallel,25,25,0.1344970357314533,1.1565402927277963,1.144640440121293,0.0001111111111111111,69.64444444444445,"[61.2%, 67.7%, 76.2%, 69.6%, 69.7%, 71.4%, 75.7%, 75.3%, 60.0%]",,,,
8,parallel,26,26,0.1321876686428457,1.1597284237040748,1.2134674433618784,0.0001111111111111111,69.62222222222222,"[61.2%, 67.7%, 76.2%, 69.6%, 69.7%, 71.4%, 75.7%, 75.3%, 59.8%]",,,,
8,parallel,27,27,0.1299583015542381,1.0986302955241143,1.1726372372359037,0.0001111111111111111,69.73333333333333,"[61.2%, 67.7%, 76.2%, 69.6%, 69.7%, 71.4%, 75.7%, 75.3%, 60.8%]",,,,
8,parallel,28,28,0.12780893446563052,1.06354144479655,1.1607773415744305,0.0001111111111111111,69.75555555555556,"[61.2%, 67.7%, 76.2%, 69.6%, 69.7%, 71.4%, 75.7%, 75.3%, 61.0%]",,,,
8,parallel,29,29,0.1257395673770229,1.040233375150946,1.1519843768328428,0.0001111111111111111,69.80000000000001,"[61.2%, 67.7%, 76.2%, 69.6%, 69.7%, 71.4%, 75.7%, 75.3%, 61.4%]",,,,
8,parallel,30,30,0.12375020028841532,1.2661552157583116,1.3038069065660238,0.0001111111111111111,69.16666666666669,"[61.2%, 67.7%, 76.2%, 69.6%, 69.7%, 71.4%, 75.7%, 75.3%, 55.7%]",,,,
8,parallel,31,31,0.12184083319980774,1.1136156350751467,1.1267304047942162,0.0001111111111111111,69.85555555555555,"[61.2%, 67.7%, 76.2%, 69.6%, 69.7%, 71.4%, 75.7%, 75.3%, 61.9%]",,,,
8,parallel,32,32,0.12001146611120014,1.071495277972161,1.2721139015629888,0.0001111111111111111,69.50000000000001,"[61.2%, 67.7%, 76.2%, 69.6%, 69.7%, 71.4%, 75.7%, 75.3%, 58.7%]",,,,
8,parallel,33,33,0.11826209902259253,1.0893864035606384,1.144737744703889,0.0001111111111111111,69.7,"[61.2%, 67.7%, 76.2%, 69.6%, 69.7%, 71.4%, 75.7%, 75.3%, 60.5%]",,,,
8,parallel,34,34,0.11659273193398495,1.084952192970469,1.2617398528382182,0.0001111111111111111,69.31111111111112,"[61.2%, 67.7%, 76.2%, 69.6%, 69.7%, 71.4%, 75.7%, 75.3%, 57.0%]",,,,
8,parallel,35,35,0.11500336484537735,1.0475046415872211,1.1036289036273956,0.0001111111111111111,69.78888888888889,"[61.2%, 67.7%, 76.2%, 69.6%, 69.7%, 71.4%, 75.7%, 75.3%, 61.3%]",,,,
8,parallel,36,36,0.11349399775676976,1.0252974644491943,1.1451698392629623,0.0001111111111111111,69.71111111111112,"[61.2%, 67.7%, 76.2%, 69.6%, 69.7%, 71.4%, 75.7%, 75.3%, 60.6%]",,,,
8,parallel,37,37,0.11206463066816216,1.0377530640439143,1.1257345508784056,0.0001111111111111111,69.83333333333334,"[61.2%, 67.7%, 76.2%, 69.6%, 69.7%, 71.4%, 75.7%, 75.3%, 61.7%]",,,,
8,parallel,38,38,0.11071526357955457,0.9991878844514678,1.0549932662397623,0.0001111111111111111,70.12222222222222,"[61.2%, 67.7%, 76.2%, 69.6%, 69.7%, 71.4%, 75.7%, 75.3%, 64.3%]",,,,
8,parallel,39,39,0.10944589649094696,0.9773893612849561,1.0201464500278234,0.0001111111111111111,70.32222222222224,"[61.2%, 67.7%, 76.2%, 69.6%, 69.7%, 71.4%, 75.7%, 75.3%, 66.1%]",,,,
8,parallel,40,40,0.10825652940233937,1.1646912263918527,1.1196423266083002,0.0001111111111111111,70.00000000000001,"[61.2%, 67.7%, 76.2%, 69.6%, 69.7%, 71.4%, 75.7%, 75.3%, 63.2%]",,,,
8,parallel,41,41,0.10714716231373178,1.0502279770525196,1.1670827642083168,0.0001111111111111111,69.67777777777778,"[61.2%, 67.7%, 76.2%, 69.6%, 69.7%, 71.4%, 75.7%, 75.3%, 60.3%]",,,,
8,parallel,42,42,0.10611779522512418,1.0015156800988354,1.148925743997097,0.0001111111111111111,69.8777777777778,"[61.2%, 67.7%, 76.2%, 69.6%, 69.7%, 71.4%, 75.7%, 75.3%, 62.1%]",,,,
8,parallel,43,43,0.10516842813651658,0.9971735107747814,1.0487187262624502,0.0001111111111111111,70.22222222222223,"[61.2%, 67.7%, 76.2%, 69.6%, 69.7%, 71.4%, 75.7%, 75.3%, 65.2%]",,,,
8,parallel,44,44,0.104299061047909,0.993043077897422,1.1544041838496923,0.0001111111111111111,69.85555555555555,"[61.2%, 67.7%, 76.2%, 69.6%, 69.7%, 71.4%, 75.7%, 75.3%, 61.9%]",,,,
8,parallel,45,45,0.1035096939593014,0.9493791936319086,1.0554983168840408,0.0001111111111111111,70.16666666666669,"[61.2%, 67.7%, 76.2%, 69.6%, 69.7%, 71.4%, 75.7%, 75.3%, 64.7%]",,,,
8,parallel,46,46,0.1028003268706938,0.9524301622487321,1.0361072178930044,0.0001111111111111111,70.17777777777778,"[61.2%, 67.7%, 76.2%, 69.6%, 69.7%, 71.4%, 75.7%, 75.3%, 64.8%]",,,,
8,parallel,47,47,0.10217095978208621,0.910246102115776,1.0105797741562128,0.0001111111111111111,70.1888888888889,"[61.2%, 67.7%, 76.2%, 69.6%, 69.7%, 71.4%, 75.7%, 75.3%, 64.9%]",,,,
8,parallel,48,48,0.10162159269347862,0.9134373446054096,1.054572081193328,0.0001111111111111111,70.06666666666666,"[61.2%, 67.7%, 76.2%, 69.6%, 69.7%, 71.4%, 75.7%, 75.3%, 63.8%]",,,,
8,parallel,49,49,0.10115222560487103,1.0205826880056648,1.0308325551450253,0.0001111111111111111,70.24444444444445,"[61.2%, 67.7%, 76.2%, 69.6%, 69.7%, 71.4%, 75.7%, 75.3%, 65.4%]",,,,
8,parallel,50,50,0.10076285851626343,0.9379823072047173,1.056577768176794,0.0001111111111111111,70.23333333333333,"[61.2%, 67.7%, 76.2%, 69.6%, 69.7%, 71.4%, 75.7%, 75.3%, 65.3%]",,,,
8,parallel,51,51,0.10045349142765583,0.9226715957062154,1.029413677752018,0.0001111111111111111,70.27777777777779,"[61.2%, 67.7%, 76.2%, 69.6%, 69.7%, 71.4%, 75.7%, 75.3%, 65.7%]",,,,
8,parallel,52,52,0.10022412433904823,0.894940158988856,1.0307924402877688,0.0001111111111111111,70.4,"[61.2%, 67.7%, 76.2%, 69.6%, 69.7%, 71.4%, 75.7%, 75.3%, 66.8%]",,,,
8,parallel,53,53,0.10007475725044064,0.9149237923984286,1.0247712973505259,0.0001111111111111111,70.11111111111113,"[61.2%, 67.7%, 76.2%, 69.6%, 69.7%, 71.4%, 75.7%, 75.3%, 64.2%]",,,,
8,parallel,54,54,0.10000539016183305,0.8697996452639375,0.9746526256203651,0.0001111111111111111,70.41111111111111,"[61.2%, 67.7%, 76.2%, 69.6%, 69.7%, 71.4%, 75.7%, 75.3%, 66.9%]",,,,
8,parallel,55,55,0.1,0.8496106440507913,1.0285096215084195,0.0001111111111111111,70.25555555555556,"[61.2%, 67.7%, 76.2%, 69.6%, 69.7%, 71.4%, 75.7%, 75.3%, 65.5%]",,,,
8,weights,1,56,0.1,0.8667562935925737,1.0676117222756147,0.0001111111111111111,70.16666666666669,"[61.2%, 67.7%, 76.2%, 69.6%, 69.7%, 71.4%, 75.7%, 75.3%, 64.7%]",,,,
8,weights,2,57,0.1,0.8299042205267315,0.9988998472690582,0.0001111111111111111,70.27777777777779,"[61.2%, 67.7%, 76.2%, 69.6%, 69.7%, 71.4%, 75.7%, 75.3%, 65.7%]",,,,
8,weights,3,58,0.1,0.8056904594354992,0.9677908439189196,0.0001111111111111111,70.50000000000001,"[61.2%, 67.7%, 76.2%, 69.6%, 69.7%, 71.4%, 75.7%, 75.3%, 67.7%]",,,,
8,weights,4,59,0.1,0.8248450586312934,0.9633010365068913,0.0001111111111111111,70.56666666666666,"[61.2%, 67.7%, 76.2%, 69.6%, 69.7%, 71.4%, 75.7%, 75.3%, 68.3%]",,,,
8,weights,5,60,0.1,0.8160053553837764,0.9826054330915213,0.0001111111111111111,70.47777777777779,"[61.2%, 67.7%, 76.2%, 69.6%, 69.7%, 71.4%, 75.7%, 75.3%, 67.5%]",,,,
8,weights,6,61,0.1,0.7911395941731296,0.9913041843101382,0.0001111111111111111,70.52222222222223,"[61.2%, 67.7%, 76.2%, 69.6%, 69.7%, 71.4%, 75.7%, 75.3%, 67.9%]",,,,
8,weights,7,62,0.1,0.7820326372792449,0.9781636251136661,0.0001111111111111111,70.44444444444446,"[61.2%, 67.7%, 76.2%, 69.6%, 69.7%, 71.4%, 75.7%, 75.3%, 67.2%]",,,,
8,weights,8,63,0.1,0.7925095248825943,0.9935390818864107,0.0001111111111111111,70.52222222222223,"[61.2%, 67.7%, 76.2%, 69.6%, 69.7%, 71.4%, 75.7%, 75.3%, 67.9%]",,,,
8,weights,9,64,0.1,0.7951683424696138,0.9965069005265832,0.0001111111111111111,70.32222222222224,"[61.2%, 67.7%, 76.2%, 69.6%, 69.7%, 71.4%, 75.7%, 75.3%, 66.1%]",,,,
8,weights,10,65,0.1,0.7815059570572044,0.9206979125738144,0.0001111111111111111,70.71111111111112,"[61.2%, 67.7%, 76.2%, 69.6%, 69.7%, 71.4%, 75.7%, 75.3%, 69.6%]",,,,
8,weights,11,66,0.1,0.8039852143088474,0.939212603494525,0.0001111111111111111,70.57777777777778,"[61.2%, 67.7%, 76.2%, 69.6%, 69.7%, 71.4%, 75.7%, 75.3%, 68.4%]",,,,
8,weights,12,67,0.1,0.7364750330961203,0.9672676688060164,0.0001111111111111111,70.53333333333335,"[61.2%, 67.7%, 76.2%, 69.6%, 69.7%, 71.4%, 75.7%, 75.3%, 68.0%]",,,,
8,weights,13,68,0.1,0.7534828646273553,0.9576643519103527,0.0001111111111111111,70.53333333333335,"[61.2%, 67.7%, 76.2%, 69.6%, 69.7%, 71.4%, 75.7%, 75.3%, 68.0%]",,,,
8,weights,14,69,0.1,0.7419609729247757,0.9662571307271719,0.0001111111111111111,70.45555555555556,"[61.2%, 67.7%, 76.2%, 69.6%, 69.7%, 71.4%, 75.7%, 75.3%, 67.3%]",,,,
8,weights,15,70,0.1,0.7621044290216663,0.9787524957209826,0.0001111111111111111,70.47777777777779,"[61.2%, 67.7%, 76.2%, 69.6%, 69.7%, 71.4%, 75.7%, 75.3%, 67.5%]",,,,
8,weights,16,71,0.1,0.7292934912669508,0.9440378118306398,0.0001111111111111111,70.56666666666666,"[61.2%, 67.7%, 76.2%, 69.6%, 69.7%, 71.4%, 75.7%, 75.3%, 68.3%]",,,,
8,weights,17,72,0.1,0.718474599756772,0.962674580514431,0.0001111111111111111,70.45555555555556,"[61.2%, 67.7%, 76.2%, 69.6%, 69.7%, 71.4%, 75.7%, 75.3%, 67.3%]",,,,
8,weights,18,73,0.1,0.7102909812444373,0.8872810509055853,0.0001111111111111111,70.9,"[61.2%, 67.7%, 76.2%, 69.6%, 69.7%, 71.4%, 75.7%, 75.3%, 71.3%]",,,,
8,weights,19,74,0.1,0.6857095690844934,0.9851372800767422,0.0001111111111111111,70.5888888888889,"[61.2%, 67.7%, 76.2%, 69.6%, 69.7%, 71.4%, 75.7%, 75.3%, 68.5%]",,,,
8,weights,20,75,0.1,0.6917975948581213,0.8899067267775536,0.0001111111111111111,70.73333333333333,"[61.2%, 67.7%, 76.2%, 69.6%, 69.7%, 71.4%, 75.7%, 75.3%, 69.8%]",,,,
8,weights,21,76,0.1,0.6963902089414717,0.9060993902385235,0.0001111111111111111,70.7,"[61.2%, 67.7%, 76.2%, 69.6%, 69.7%, 71.4%, 75.7%, 75.3%, 69.5%]",,,,
8,weights,22,77,0.1,0.6845915242086483,0.895080616697669,0.0001111111111111111,70.82222222222224,"[61.2%, 67.7%, 76.2%, 69.6%, 69.7%, 71.4%, 75.7%, 75.3%, 70.6%]",,,,
8,weights,23,78,0.1,0.6897509762003452,0.9370646886527538,0.0001111111111111111,70.71111111111112,"[61.2%, 67.7%, 76.2%, 69.6%, 69.7%, 71.4%, 75.7%, 75.3%, 69.6%]",,,,
8,weights,24,79,0.1,0.680806644732439,0.9122862629592419,0.0001111111111111111,70.75555555555556,"[61.2%, 67.7%, 76.2%, 69.6%, 69.7%, 71.4%, 75.7%, 75.3%, 70.0%]",,,,
8,weights,25,80,0.1,0.6578848252568064,0.8843014966696501,0.0001111111111111111,70.92222222222223,"[61.2%, 67.7%, 76.2%, 69.6%, 69.7%, 71.4%, 75.7%, 75.3%, 71.5%]",56.27777777777778,"[15.7%, 48.1%, 76.2%, 61.9%, 67.0%, 56.2%, 70.2%, 52.1%, 59.1%]",63.86666666666666,"[51.1%, 65.5%, 72.1%, 69.6%, 62.7%, 56.2%, 70.2%, 63.6%, 63.8%]"
9,parallel,1,1,0.1,5.8678027527241765,4.808716654777527,0.0001111111111111111,63.830000000000005,"[61.2%, 67.7%, 76.2%, 69.6%, 69.7%, 71.4%, 75.7%, 75.3%, 71.5%, 0.0%]",,,,
9,parallel,2,2,0.1,4.4050545903700815,3.969332978129387,0.0001111111111111111,63.830000000000005,"[61.2%, 67.7%, 76.2%, 69.6%, 69.7%, 71.4%, 75.7%, 75.3%, 71.5%, 0.0%]",,,,
9,parallel,3,3,0.1,3.2890434416034555,2.6469538658857346,0.0001111111111111111,64.83000000000001,"[61.2%, 67.7%, 76.2%, 69.6%, 69.7%, 71.4%, 75.7%, 75.3%, 71.5%, 10.0%]",,,,
9,parallel,4,4,0.1,2.475755115098591,2.392660468816757,0.0001111111111111111,64.82000000000001,"[61.2%, 67.7%, 76.2%, 69.6%, 69.7%, 71.4%, 75.7%, 75.3%, 71.5%, 9.9%]",,,,
9,parallel,5,5,0.1,2.3701642012294335,2.3514340221881866,0.0001111111111111111,64.92,"[61.2%, 67.7%, 76.2%, 69.6%, 69.7%, 71.4%, 75.7%, 75.3%, 71.5%, 10.9%]",,,,
9,parallel,6,6,0.1,2.345748656912695,2.333555370569229,0.0001111111111111111,64.83000000000001,"[61.2%, 67.7%, 76.2%, 69.6%, 69.7%, 71.4%, 75.7%, 75.3%, 71.5%, 10.0%]",,,,
9,parallel,7,7,0.1,2.3326739600942106,2.3318913727998734,0.0001111111111111111,64.83000000000001,"[61.2%, 67.7%, 76.2%, 69.6%, 69.7%, 71.4%, 75.7%, 75.3%, 71.5%, 10.0%]",,,,
9,parallel,8,8,0.1,2.3266335650335384,2.3204615861177444,0.0001111111111111111,64.83000000000001,"[61.2%, 67.7%, 76.2%, 69.6%, 69.7%, 71.4%, 75.7%, 75.3%, 71.5%, 10.0%]",,,,
9,parallel,9,9,0.1,2.2462027857575237,2.146774545311928,0.0001111111111111111,65.62,"[61.2%, 67.7%, 76.2%, 69.6%, 69.7%, 71.4%, 75.7%, 75.3%, 71.5%, 17.9%]",,,,
9,parallel,10,10,0.1,2.093979074985166,2.0527244731783867,0.0001111111111111111,66.14000000000001,"[61.2%, 67.7%, 76.2%, 69.6%, 69.7%, 71.4%, 75.7%, 75.3%, 71.5%, 23.1%]",,,,
9,parallel,11,11,0.1,1.9847119020510324,2.0370227992534637,0.0001111111111111111,66.11,"[61.2%, 67.7%, 76.2%, 69.6%, 69.7%, 71.4%, 75.7%, 75.3%, 71.5%, 22.8%]",,,,
9,parallel,12,12,0.1,1.928683283962781,2.013545833528042,0.0001111111111111111,66.45000000000002,"[61.2%, 67.7%, 76.2%, 69.6%, 69.7%, 71.4%, 75.7%, 75.3%, 71.5%, 26.2%]",,,,
9,parallel,13,13,0.1,1.8805551181865643,1.8115489669144154,0.0001111111111111111,67.16,"[61.2%, 67.7%, 76.2%, 69.6%, 69.7%, 71.4%, 75.7%, 75.3%, 71.5%, 33.3%]",,,,
9,parallel,14,14,0.1,1.7779747806017911,1.7057737670838833,0.0001111111111111111,67.69000000000001,"[61.2%, 67.7%, 76.2%, 69.6%, 69.7%, 71.4%, 75.7%, 75.3%, 71.5%, 38.6%]",,,,
9,parallel,15,15,0.1,1.6923764778088919,1.6825978606939316,0.0001111111111111111,67.75000000000001,"[61.2%, 67.7%, 76.2%, 69.6%, 69.7%, 71.4%, 75.7%, 75.3%, 71.5%, 39.2%]",,,,
9,parallel,16,16,0.1,1.639075612720055,1.6331672593951225,0.0001111111111111111,67.75000000000001,"[61.2%, 67.7%, 76.2%, 69.6%, 69.7%, 71.4%, 75.7%, 75.3%, 71.5%, 39.2%]",,,,
9,parallel,17,17,0.1,1.5838894708247124,1.6101726815104485,0.0001111111111111111,68.06,"[61.2%, 67.7%, 76.2%, 69.6%, 69.7%, 71.4%, 75.7%, 75.3%, 71.5%, 42.3%]",,,,
9,parallel,18,18,0.1,1.5509212877176985,1.5082443356513977,0.0001111111111111111,68.56,"[61.2%, 67.7%, 76.2%, 69.6%, 69.7%, 71.4%, 75.7%, 75.3%, 71.5%, 47.3%]",,,,
9,parallel,19,19,0.1,1.5334951922863345,1.4991447888314724,0.0001111111111111111,68.59,"[61.2%, 67.7%, 76.2%, 69.6%, 69.7%, 71.4%, 75.7%, 75.3%, 71.5%, 47.6%]",,,,
9,parallel,20,20,0.1,1.466944106017487,1.4372853599488735,0.0001111111111111111,68.86,"[61.2%, 67.7%, 76.2%, 69.6%, 69.7%, 71.4%, 75.7%, 75.3%, 71.5%, 50.3%]",,,,
9,parallel,21,21,0.1,1.445083429541769,1.4371456615626812,0.0001111111111111111,68.76,"[61.2%, 67.7%, 76.2%, 69.6%, 69.7%, 71.4%, 75.7%, 75.3%, 71.5%, 49.3%]",,,,
9,parallel,22,22,0.1,1.398942097832885,1.4566447529941797,0.0001111111111111111,68.83000000000001,"[61.2%, 67.7%, 76.2%, 69.6%, 69.7%, 71.4%, 75.7%, 75.3%, 71.5%, 50.0%]",,,,
9,parallel,23,23,0.1,1.3564148975324026,1.3570750318467617,0.0001111111111111111,69.16,"[61.2%, 67.7%, 76.2%, 69.6%, 69.7%, 71.4%, 75.7%, 75.3%, 71.5%, 53.3%]",,,,
9,parallel,24,24,0.1,1.3541353563719158,1.350802969187498,0.0001111111111111111,69.17,"[61.2%, 67.7%, 76.2%, 69.6%, 69.7%, 71.4%, 75.7%, 75.3%, 71.5%, 53.4%]",,,,
9,parallel,25,25,0.1,1.3049393560312972,1.3170227818191051,0.0001111111111111111,69.33000000000001,"[61.2%, 67.7%, 76.2%, 69.6%, 69.7%, 71.4%, 75.7%, 75.3%, 71.5%, 55.0%]",,,,
9,parallel,26,26,0.1,1.274238326127016,1.324237011373043,0.0001111111111111111,69.29,"[61.2%, 67.7%, 76.2%, 69.6%, 69.7%, 71.4%, 75.7%, 75.3%, 71.5%, 54.6%]",,,,
9,parallel,27,27,0.1,1.2435074539124211,1.2747152037918568,0.0001111111111111111,69.56,"[61.2%, 67.7%, 76.2%, 69.6%, 69.7%, 71.4%, 75.7%, 75.3%, 71.5%, 57.3%]",,,,
9,parallel,28,28,0.1,1.197076007535186,1.2764141783118248,0.0001111111111111111,69.60000000000001,"[61.2%, 67.7%, 76.2%, 69.6%, 69.7%, 71.4%, 75.7%, 75.3%, 71.5%, 57.7%]",,,,
9,parallel,29,29,0.1,1.16000171100037,1.2371718063950539,0.0001111111111111111,69.76,"[61.2%, 67.7%, 76.2%, 69.6%, 69.7%, 71.4%, 75.7%, 75.3%, 71.5%, 59.3%]",,,,
9,parallel,30,30,0.1,1.1459745130961454,1.2088797055184841,0.0001111111111111111,69.79,"[61.2%, 67.7%, 76.2%, 69.6%, 69.7%, 71.4%, 75.7%, 75.3%, 71.5%, 59.6%]",,,,
9,parallel,31,31,0.1,1.139858451825154,1.1714667677879333,0.0001111111111111111,70.00000000000001,"[61.2%, 67.7%, 76.2%, 69.6%, 69.7%, 71.4%, 75.7%, 75.3%, 71.5%, 61.7%]",,,,
9,parallel,32,32,0.1,1.1221406075018872,1.186592485755682,0.0001111111111111111,69.96000000000001,"[61.2%, 67.7%, 76.2%, 69.6%, 69.7%, 71.4%, 75.7%, 75.3%, 71.5%, 61.3%]",,,,
9,parallel,33,33,0.1,1.105621112298362,1.1859716288745403,0.0001111111111111111,69.91,"[61.2%, 67.7%, 76.2%, 69.6%, 69.7%, 71.4%, 75.7%, 75.3%, 71.5%, 60.8%]",,,,
9,parallel,34,34,0.1,1.0769510955750188,1.1625127531588078,0.0001111111111111111,69.85000000000001,"[61.2%, 67.7%, 76.2%, 69.6%, 69.7%, 71.4%, 75.7%, 75.3%, 71.5%, 60.2%]",,,,
9,parallel,35,35,0.1,1.0867326395421089,1.1643080823123455,0.0001111111111111111,69.96000000000001,"[61.2%, 67.7%, 76.2%, 69.6%, 69.7%, 71.4%, 75.7%, 75.3%, 71.5%, 61.3%]",,,,
9,parallel,36,36,0.1,1.0566764609723152,1.1341690123081207,0.0001111111111111111,70.13000000000001,"[61.2%, 67.7%, 76.2%, 69.6%, 69.7%, 71.4%, 75.7%, 75.3%, 71.5%, 63.0%]",,,,
9,parallel,37,37,0.1,1.0478730767588071,1.1616841442883015,0.0001111111111111111,70.02000000000001,"[61.2%, 67.7%, 76.2%, 69.6%, 69.7%, 71.4%, 75.7%, 75.3%, 71.5%, 61.9%]",,,,
9,parallel,38,38,0.1,1.04210079697114,1.1480828411877155,0.0001111111111111111,70.10000000000001,"[61.2%, 67.7%, 76.2%, 69.6%, 69.7%, 71.4%, 75.7%, 75.3%, 71.5%, 62.7%]",,,,
9,parallel,39,39,0.1,0.9929340594931494,1.1028530560433865,0.0001111111111111111,70.13000000000001,"[61.2%, 67.7%, 76.2%, 69.6%, 69.7%, 71.4%, 75.7%, 75.3%, 71.5%, 63.0%]",,,,
9,parallel,40,40,0.1,0.9810175835331784,1.1123094260692596,0.0001111111111111111,70.18,"[61.2%, 67.7%, 76.2%, 69.6%, 69.7%, 71.4%, 75.7%, 75.3%, 71.5%, 63.5%]",,,,
9,parallel,41,41,0.1,0.9753123823600479,1.074070978909731,0.0001111111111111111,70.43,"[61.2%, 67.7%, 76.2%, 69.6%, 69.7%, 71.4%, 75.7%, 75.3%, 71.5%, 66.0%]",,,,
9,parallel,42,42,0.1,0.9577544097658954,1.053798045963049,0.0001111111111111111,70.36,"[61.2%, 67.7%, 76.2%, 69.6%, 69.7%, 71.4%, 75.7%, 75.3%, 71.5%, 65.3%]",,,,
9,parallel,43,43,0.1,0.9423284983333153,1.067490965127945,0.0001111111111111111,70.44000000000001,"[61.2%, 67.7%, 76.2%, 69.6%, 69.7%, 71.4%, 75.7%, 75.3%, 71.5%, 66.1%]",,,,
9,parallel,44,44,0.1,0.9359038743791701,1.1314604133367538,0.0001111111111111111,70.09,"[61.2%, 67.7%, 76.2%, 69.6%, 69.7%, 71.4%, 75.7%, 75.3%, 71.5%, 62.6%]",,,,
9,parallel,45,45,0.1,0.936136236673669,1.0746125057339668,0.0001111111111111111,70.38000000000001,"[61.2%, 67.7%, 76.2%, 69.6%, 69.7%, 71.4%, 75.7%, 75.3%, 71.5%, 65.5%]",,,,
9,parallel,46,46,0.1,0.9164154544661317,1.0418721251189709,0.0001111111111111111,70.49000000000001,"[61.2%, 67.7%, 76.2%, 69.6%, 69.7%, 71.4%, 75.7%, 75.3%, 71.5%, 66.6%]",,,,
9,parallel,47,47,0.1,0.900524524948265,1.0009468011558056,0.0001111111111111111,70.65,"[61.2%, 67.7%, 76.2%, 69.6%, 69.7%, 71.4%, 75.7%, 75.3%, 71.5%, 68.2%]",,,,
9,parallel,48,48,0.1,0.876745009724098,1.0345733873546124,0.0001111111111111111,70.51,"[61.2%, 67.7%, 76.2%, 69.6%, 69.7%, 71.4%, 75.7%, 75.3%, 71.5%, 66.8%]",,,,
9,parallel,49,49,0.1,0.864805450167837,1.0952024925500154,0.0001111111111111111,70.31,"[61.2%, 67.7%, 76.2%, 69.6%, 69.7%, 71.4%, 75.7%, 75.3%, 71.5%, 64.8%]",,,,
9,parallel,50,50,0.1,0.8539155069031293,1.061869390308857,0.0001111111111111111,70.52000000000001,"[61.2%, 67.7%, 76.2%, 69.6%, 69.7%, 71.4%, 75.7%, 75.3%, 71.5%, 66.9%]",,,,
9,parallel,51,51,0.1,0.8605027968370462,1.0101509876549244,0.0001111111111111111,70.57000000000001,"[61.2%, 67.7%, 76.2%, 69.6%, 69.7%, 71.4%, 75.7%, 75.3%, 71.5%, 67.4%]",,,,
9,parallel,52,52,0.1,0.8542677835573124,0.9943928606808186,0.0001111111111111111,70.69000000000001,"[61.2%, 67.7%, 76.2%, 69.6%, 69.7%, 71.4%, 75.7%, 75.3%, 71.5%, 68.6%]",,,,
9,parallel,53,53,0.1,0.8425460223910175,1.0748620592057705,0.0001111111111111111,70.44000000000001,"[61.2%, 67.7%, 76.2%, 69.6%, 69.7%, 71.4%, 75.7%, 75.3%, 71.5%, 66.1%]",,,,
9,parallel,54,54,0.1,0.834512247314936,0.9637269210070372,0.0001111111111111111,70.74000000000001,"[61.2%, 67.7%, 76.2%, 69.6%, 69.7%, 71.4%, 75.7%, 75.3%, 71.5%, 69.1%]",,,,
9,parallel,55,55,0.1,0.8312301933765411,1.034660568460822,0.0001111111111111111,70.55000000000001,"[61.2%, 67.7%, 76.2%, 69.6%, 69.7%, 71.4%, 75.7%, 75.3%, 71.5%, 67.2%]",,,,
9,weights,1,56,0.1,0.8050361275672913,1.0052097365260124,0.0001111111111111111,70.56,"[61.2%, 67.7%, 76.2%, 69.6%, 69.7%, 71.4%, 75.7%, 75.3%, 71.5%, 67.3%]",,,,
9,weights,2,57,0.1,0.8071254091926768,0.9495844617486,0.0001111111111111111,70.70000000000002,"[61.2%, 67.7%, 76.2%, 69.6%, 69.7%, 71.4%, 75.7%, 75.3%, 71.5%, 68.7%]",,,,
9,weights,3,58,0.1,0.7915502929989295,0.9555066395550966,0.0001111111111111111,70.59,"[61.2%, 67.7%, 76.2%, 69.6%, 69.7%, 71.4%, 75.7%, 75.3%, 71.5%, 67.6%]",,,,
9,weights,4,59,0.1,0.7853940597063378,0.9623597450554371,0.0001111111111111111,70.79,"[61.2%, 67.7%, 76.2%, 69.6%, 69.7%, 71.4%, 75.7%, 75.3%, 71.5%, 69.6%]",,,,
9,weights,5,60,0.1,0.7891316753399523,0.9337009526789188,0.0001111111111111111,70.72,"[61.2%, 67.7%, 76.2%, 69.6%, 69.7%, 71.4%, 75.7%, 75.3%, 71.5%, 68.9%]",,,,
9,weights,6,61,0.1,0.7993888507915449,0.9665028378367424,0.0001111111111111111,70.68,"[61.2%, 67.7%, 76.2%, 69.6%, 69.7%, 71.4%, 75.7%, 75.3%, 71.5%, 68.5%]",,,,
9,weights,7,62,0.1,0.78589960140518,0.887101361528039,0.0001111111111111111,71.02000000000001,"[61.2%, 67.7%, 76.2%, 69.6%, 69.7%, 71.4%, 75.7%, 75.3%, 71.5%, 71.9%]",,,,
9,weights,8,63,0.1,0.7566839290570609,0.9302345663309097,0.0001111111111111111,70.79,"[61.2%, 67.7%, 76.2%, 69.6%, 69.7%, 71.4%, 75.7%, 75.3%, 71.5%, 69.6%]",,,,
9,weights,9,64,0.1,0.7595271603970588,0.8800095580518246,0.0001111111111111111,70.94000000000001,"[61.2%, 67.7%, 76.2%, 69.6%, 69.7%, 71.4%, 75.7%, 75.3%, 71.5%, 71.1%]",,,,
9,weights,10,65,0.1,0.764522979531107,1.0471649393439293,0.0001111111111111111,70.31,"[61.2%, 67.7%, 76.2%, 69.6%, 69.7%, 71.4%, 75.7%, 75.3%, 71.5%, 64.8%]",,,,
9,weights,11,66,0.1,0.7517791367784331,0.9081744905561209,0.0001111111111111111,70.94000000000001,"[61.2%, 67.7%, 76.2%, 69.6%, 69.7%, 71.4%, 75.7%, 75.3%, 71.5%, 71.1%]",,,,
9,weights,12,67,0.1,0.7404575393169741,0.9103206973522902,0.0001111111111111111,70.86,"[61.2%, 67.7%, 76.2%, 69.6%, 69.7%, 71.4%, 75.7%, 75.3%, 71.5%, 70.3%]",,,,
9,weights,13,68,0.1,0.7288130442552929,0.9650591798126698,0.0001111111111111111,70.72,"[61.2%, 67.7%, 76.2%, 69.6%, 69.7%, 71.4%, 75.7%, 75.3%, 71.5%, 68.9%]",,,,
9,weights,14,69,0.1,0.7235622994507416,0.92217324860394,0.0001111111111111111,70.96000000000001,"[61.2%, 67.7%, 76.2%, 69.6%, 69.7%, 71.4%, 75.7%, 75.3%, 71.5%, 71.3%]",,,,
9,weights,15,70,0.1,0.7027451309222209,0.9252629950642586,0.0001111111111111111,70.87,"[61.2%, 67.7%, 76.2%, 69.6%, 69.7%, 71.4%, 75.7%, 75.3%, 71.5%, 70.4%]",,,,
9,weights,16,71,0.1,0.69256207988232,0.924394465982914,0.0001111111111111111,70.87,"[61.2%, 67.7%, 76.2%, 69.6%, 69.7%, 71.4%, 75.7%, 75.3%, 71.5%, 70.4%]",,,,
9,weights,17,72,0.1,0.701518102159983,0.8862115703523159,0.0001111111111111111,70.91,"[61.2%, 67.7%, 76.2%, 69.6%, 69.7%, 71.4%, 75.7%, 75.3%, 71.5%, 70.8%]",,,,
9,weights,18,73,0.1,0.6808330680750594,0.9045501444488764,0.0001111111111111111,70.99000000000001,"[61.2%, 67.7%, 76.2%, 69.6%, 69.7%, 71.4%, 75.7%, 75.3%, 71.5%, 71.6%]",,,,
9,weights,19,74,0.1,0.709372118681292,0.8996515348553658,0.0001111111111111111,70.89000000000001,"[61.2%, 67.7%, 76.2%, 69.6%, 69.7%, 71.4%, 75.7%, 75.3%, 71.5%, 70.6%]",,,,
9,weights,20,75,0.1,0.6879175486443918,0.906560618430376,0.0001111111111111111,70.9,"[61.2%, 67.7%, 76.2%, 69.6%, 69.7%, 71.4%, 75.7%, 75.3%, 71.5%, 70.7%]",,,,
9,weights,21,76,0.1,0.6663097248801703,0.9081713557243347,0.0001111111111111111,70.82000000000001,"[61.2%, 67.7%, 76.2%, 69.6%, 69.7%, 71.4%, 75.7%, 75.3%, 71.5%, 69.9%]",,,,
9,weights,22,77,0.1,0.6565966715541067,0.873634297400713,0.0001111111111111111,71.00000000000001,"[61.2%, 67.7%, 76.2%, 69.6%, 69.7%, 71.4%, 75.7%, 75.3%, 71.5%, 71.7%]",,,,
9,weights,23,78,0.1,0.6648957872692542,0.920196445658803,0.0001111111111111111,70.82000000000001,"[61.2%, 67.7%, 76.2%, 69.6%, 69.7%, 71.4%, 75.7%, 75.3%, 71.5%, 69.9%]",,,,
9,weights,24,79,0.1,0.6664965805373614,0.8470211960375309,0.0001111111111111111,71.13000000000001,"[61.2%, 67.7%, 76.2%, 69.6%, 69.7%, 71.4%, 75.7%, 75.3%, 71.5%, 73.0%]",,,,
9,weights,25,80,0.1,0.6489086652858348,0.8596459198743105,0.0001111111111111111,71.09,"[61.2%, 67.7%, 76.2%, 69.6%, 69.7%, 71.4%, 75.7%, 75.3%, 71.5%, 72.6%]",55.04,"[15.7%, 48.1%, 76.2%, 57.5%, 67.0%, 51.0%, 70.2%, 52.1%, 56.2%, 56.4%]",62.239999999999995,"[51.1%, 65.5%, 72.1%, 66.2%, 59.6%, 56.2%, 70.2%, 63.6%, 59.1%, 58.8%]"
