task_idx,phase,epoch_in_phase,global_epoch,kappa,train_loss,val_loss,lr,til_avg,til_per_task,cil_stand_avg,cil_stand_per_task,cil_znorm_avg,cil_znorm_per_task
0,parallel,1,1,0.5,3.1768324527011553,2.976768523454666,0.001,9.0,[9.0%],,,,
0,parallel,2,2,0.5,2.882937039539313,2.7668041959404945,0.001,15.3,[15.3%],,,,
0,parallel,3,3,0.5,2.7359425383768263,2.6185782104730606,0.001,21.4,[21.4%],,,,
0,parallel,4,4,0.5,2.6199234321618534,2.5321411564946175,0.001,24.1,[24.1%],,,,
0,parallel,5,5,0.486861292547365,2.52936470128928,2.4409344419837,0.001,28.6,[28.6%],,,,
0,parallel,6,6,0.4712862607002313,2.4430966027982675,2.326600305736065,0.001,31.0,[31.0%],,,,
0,parallel,7,7,0.45603122885309755,2.3600644138967914,2.278154566884041,0.001,32.4,[32.4%],,,,
0,parallel,8,8,0.4410961970059637,2.2919508902130614,2.219855561852455,0.001,34.6,[34.6%],,,,
0,parallel,9,9,0.42648116515883006,2.2315486532867332,2.1544474586844444,0.001,37.2,[37.2%],,,,
0,parallel,10,10,0.4121861333116963,2.1681869341309663,2.100238785147667,0.001,37.2,[37.2%],,,,
0,parallel,11,11,0.3982111014645625,2.1170950490198317,2.0312743708491325,0.001,38.3,[38.3%],,,,
0,parallel,12,12,0.3845560696174287,2.0560973723223257,2.0760958567261696,0.001,38.6,[38.6%],,,,
0,parallel,13,13,0.3712210377702949,2.018594775989557,1.9786011576652527,0.001,41.8,[41.8%],,,,
0,parallel,14,14,0.3582060059231612,1.9828189656992627,2.0663385912775993,0.001,36.9,[36.9%],,,,
0,parallel,15,15,0.3455109740760275,1.9357624441195445,1.9051214382052422,0.001,43.5,[43.5%],,,,
0,parallel,16,16,0.33313594222889364,1.9076743422040514,1.9261138513684273,0.001,43.2,[43.2%],,,,
0,parallel,17,17,0.3210809103817599,1.8856885448382918,1.9163877665996552,0.001,41.7,[41.7%],,,,
0,parallel,18,18,0.30934587853462614,1.8422373533248901,1.8337217345833778,0.001,46.9,[46.9%],,,,
0,parallel,19,19,0.29793084668749237,1.814002748507603,1.7948115170001984,0.001,46.6,[46.6%],,,,
0,parallel,20,20,0.2868358148403586,1.7848433977479388,1.7860559895634651,0.001,46.6,[46.6%],,,,
0,parallel,21,21,0.2760607829932249,1.7908748950168585,1.7934057712554932,0.001,48.8,[48.8%],,,,
0,parallel,22,22,0.2656057511460911,1.775011480993526,1.7724811770021915,0.001,47.3,[47.3%],,,,
0,parallel,23,23,0.25547071929895737,1.7496966761388597,1.8088536337018013,0.001,46.2,[46.2%],,,,
0,parallel,24,24,0.24565568745182362,1.7608351935246946,1.8806978911161423,0.001,45.0,[45.0%],,,,
0,parallel,25,25,0.23616065560468985,1.7299416801732057,1.72813830524683,0.001,49.0,[49.0%],,,,
0,parallel,26,26,0.22698562375755615,1.7745007633403609,1.7259543240070343,0.001,48.5,[48.5%],,,,
0,parallel,27,27,0.21813059191042236,1.7442967246292502,1.79220462590456,0.001,47.3,[47.3%],,,,
0,parallel,28,28,0.2095955600632886,1.7276131309521425,1.7392889335751534,0.001,49.9,[49.9%],,,,
0,parallel,29,29,0.20138052821615482,1.7232350141379484,1.7719026915729046,0.001,49.6,[49.6%],,,,
0,parallel,30,30,0.19348549636902107,1.713293939639049,1.8555654808878899,0.001,45.7,[45.7%],,,,
0,parallel,31,31,0.1859104645218873,1.7393761470818976,1.782880112528801,0.0003333333333333333,47.4,[47.4%],,,,
0,parallel,32,32,0.17865543267475353,1.669603077469358,1.726479321718216,0.0003333333333333333,50.6,[50.6%],,,,
0,parallel,33,33,0.17172040082761977,1.6915721346618264,1.8384866267442703,0.0003333333333333333,47.3,[47.3%],,,,
0,parallel,34,34,0.16510536898048606,1.715351067530881,1.7995529994368553,0.0003333333333333333,47.7,[47.7%],,,,
0,parallel,35,35,0.1588103371333523,1.7306074853156024,1.822474479675293,0.0003333333333333333,48.5,[48.5%],,,,
0,parallel,36,36,0.15283530528621853,1.7476315612246276,1.805566854774952,0.0001111111111111111,47.5,[47.5%],,,,
0,parallel,37,37,0.14718027343908474,1.766045720713913,1.8417735397815704,0.0001111111111111111,46.0,[46.0%],,,,
0,parallel,38,38,0.141845241591951,1.8191933533188644,1.8731311559677124,0.0001111111111111111,46.2,[46.2%],,,,
0,parallel,39,39,0.13683020974481724,2.135541486891971,2.0927762538194656,0.0001111111111111111,40.2,[40.2%],,,,
0,parallel,40,40,0.1321351778976835,2.076561534480684,2.1133790463209152,0.0001111111111111111,40.1,[40.1%],,,,
0,parallel,41,41,0.12776014605054972,2.070244049570363,2.101877488195896,0.0001111111111111111,39.8,[39.8%],,,,
0,parallel,42,42,0.12370511420341597,2.113849963352179,2.1421472877264023,0.0001111111111111111,39.1,[39.1%],,,,
0,parallel,43,43,0.1199700823562822,2.1302037861696475,2.136958174407482,0.0001111111111111111,39.9,[39.9%],,,,
0,parallel,44,44,0.11655505050914845,2.155399682415519,2.201802484691143,0.0001111111111111111,37.9,[37.9%],,,,
0,parallel,45,45,0.11346001866201469,2.1414987517010635,2.1352544054389,0.0001111111111111111,39.2,[39.2%],,,,
0,parallel,46,46,0.11068498681488094,2.156868154076254,2.2041344344615936,0.0001111111111111111,38.2,[38.2%],,,,
0,parallel,47,47,0.10822995496774718,2.2486718809528714,2.224567487835884,0.0001111111111111111,37.1,[37.1%],,,,
0,parallel,48,48,0.10609492312061342,2.232744387000989,2.186976484954357,0.0001111111111111111,38.7,[38.7%],,,,
0,parallel,49,49,0.10427989127347966,2.234890235457451,2.1823185980319977,0.0001111111111111111,37.3,[37.3%],,,,
0,parallel,50,50,0.1027848594263459,2.2112737111984546,2.2003136426210403,0.0001111111111111111,38.1,[38.1%],,,,
0,parallel,51,51,0.10160982757921214,2.1768172235245915,2.162040427327156,0.0001111111111111111,37.7,[37.7%],,,,
0,parallel,52,52,0.10075479573207838,2.2113318473670134,2.1759058013558388,0.0001111111111111111,38.2,[38.2%],,,,
0,parallel,53,53,0.10021976388494463,2.160865981108064,2.1427063047885895,0.0001111111111111111,38.2,[38.2%],,,,
0,parallel,54,54,0.10000473203781086,2.1313903468429665,2.117821417748928,0.0001111111111111111,39.0,[39.0%],,,,
0,parallel,55,55,0.1,2.113487429679579,2.100323013961315,0.0001111111111111111,39.1,[39.1%],,,,
0,weights,1,56,0.1,2.0928648801366236,2.096734754741192,0.0001111111111111111,39.5,[39.5%],,,,
0,weights,2,57,0.1,2.0717741524337963,2.061902694404125,0.0001111111111111111,40.4,[40.4%],,,,
0,weights,3,58,0.1,2.056502201754576,2.055065266788006,0.0001111111111111111,41.3,[41.3%],,,,
0,weights,4,59,0.1,2.0383206423680496,2.046082265675068,0.0001111111111111111,40.6,[40.6%],,,,
0,weights,5,60,0.1,2.0264032441339674,2.0181490927934647,0.0001111111111111111,42.3,[42.3%],,,,
0,weights,6,61,0.1,2.0186362828418707,2.0276672542095184,0.0001111111111111111,41.4,[41.4%],,,,
0,weights,7,62,0.1,1.996910965366728,2.009838029742241,0.0001111111111111111,41.8,[41.8%],,,,
0,weights,8,63,0.1,1.9925919634521387,2.0234922766685486,0.0001111111111111111,40.6,[40.6%],,,,
0,weights,9,64,0.1,1.9711280840976981,1.9963437095284462,0.0001111111111111111,41.6,[41.6%],,,,
0,weights,10,65,0.1,1.973178862006801,1.9792840406298637,0.0001111111111111111,42.3,[42.3%],,,,
0,weights,11,66,0.1,1.965401925099124,1.9723271802067757,0.0001111111111111111,42.7,[42.7%],,,,
0,weights,12,67,0.1,1.9574637534512076,1.9749224111437798,0.0001111111111111111,42.5,[42.5%],,,,
0,weights,13,68,0.1,1.9378235734951723,1.9632059633731842,0.0001111111111111111,42.4,[42.4%],,,,
0,weights,14,69,0.1,1.9425535551301993,1.9664335325360298,0.0001111111111111111,41.8,[41.8%],,,,
0,weights,15,70,0.1,1.9286538780115212,1.9523781165480614,0.0001111111111111111,43.3,[43.3%],,,,
0,weights,16,71,0.1,1.9213804530489975,1.9605321362614632,0.0001111111111111111,42.3,[42.3%],,,,
0,weights,17,72,0.1,1.9181130038704841,1.9594573080539703,0.0001111111111111111,42.2,[42.2%],,,,
0,weights,18,73,0.1,1.904747349441431,1.944683238863945,0.0001111111111111111,42.5,[42.5%],,,,
0,weights,19,74,0.1,1.9045493853319981,1.9233609735965729,0.0001111111111111111,44.4,[44.4%],,,,
0,weights,20,75,0.1,1.89625330335775,1.9301554635167122,0.0001111111111111111,42.5,[42.5%],,,,
0,weights,21,76,0.1,1.8967926145359209,1.9421436488628387,0.0001111111111111111,42.9,[42.9%],,,,
0,weights,22,77,0.1,1.8704071394197501,1.9123153239488602,0.0001111111111111111,43.8,[43.8%],,,,
0,weights,23,78,0.1,1.8693920753564044,1.9361105784773827,0.0001111111111111111,42.9,[42.9%],,,,
0,weights,24,79,0.1,1.854962022441208,1.9371016696095467,0.0001111111111111111,41.6,[41.6%],,,,
0,weights,25,80,0.1,1.8548340812610213,1.93365016579628,0.0001111111111111111,42.0,[42.0%],42.0,[42.0%],42.0,[42.0%]
1,parallel,1,1,0.5,3.3950747319847157,3.0488167107105255,0.0001111111111111111,23.5,"[42.0%, 5.0%]",,,,
1,parallel,2,2,0.5,2.98695660548605,2.8805207014083862,0.0001111111111111111,25.75,"[42.0%, 9.5%]",,,,
1,parallel,3,3,0.5,2.8328637940109154,2.72901514172554,0.0001111111111111111,28.35,"[42.0%, 14.7%]",,,,
1,parallel,4,4,0.5,2.7057783451809247,2.6146561950445175,0.0001111111111111111,29.45,"[42.0%, 16.9%]",,,,
1,parallel,5,5,0.486861292547365,2.6301181802324427,2.5247638672590256,0.0001111111111111111,30.25,"[42.0%, 18.5%]",,,,
1,parallel,6,6,0.4712862607002313,2.540486487613362,2.454283155500889,0.0001111111111111111,32.65,"[42.0%, 23.3%]",,,,
1,parallel,7,7,0.45603122885309755,2.4548311142405126,2.3743394538760185,0.0001111111111111111,34.8,"[42.0%, 27.6%]",,,,
1,parallel,8,8,0.4410961970059637,2.3758917978614758,2.42403407394886,0.0001111111111111111,32.75,"[42.0%, 23.5%]",,,,
1,parallel,9,9,0.42648116515883006,2.2927669104497146,2.2220782414078712,0.0001111111111111111,35.2,"[42.0%, 28.4%]",,,,
1,parallel,10,10,0.4121861333116963,2.249656779750897,2.16575837880373,0.0001111111111111111,36.6,"[42.0%, 31.2%]",,,,
1,parallel,11,11,0.3982111014645625,2.1691323564310743,2.1855183988809586,0.0001111111111111111,36.1,"[42.0%, 30.2%]",,,,
1,parallel,12,12,0.3845560696174287,2.1580443237997162,2.073461152613163,0.0001111111111111111,38.5,"[42.0%, 35.0%]",,,,
1,parallel,13,13,0.3712210377702949,2.0701679522824135,2.0495292097330093,0.0001111111111111111,38.45,"[42.0%, 34.9%]",,,,
1,parallel,14,14,0.3582060059231612,2.035160729080249,2.071626130491495,0.0001111111111111111,38.25,"[42.0%, 34.5%]",,,,
1,parallel,15,15,0.3455109740760275,1.9867809023826746,2.0312670841813087,0.0001111111111111111,39.0,"[42.0%, 36.0%]",,,,
1,parallel,16,16,0.33313594222889364,1.9727196313772992,1.9774229414761066,0.0001111111111111111,40.2,"[42.0%, 38.4%]",,,,
1,parallel,17,17,0.3210809103817599,1.9478807608792736,1.9194501414895058,0.0001111111111111111,40.35,"[42.0%, 38.7%]",,,,
1,parallel,18,18,0.30934587853462614,1.9120325882723377,1.9306918904185295,0.0001111111111111111,40.55,"[42.0%, 39.1%]",,,,
1,parallel,19,19,0.29793084668749237,1.8643033861354659,1.9336475655436516,0.0001111111111111111,39.8,"[42.0%, 37.6%]",,,,
1,parallel,20,20,0.2868358148403586,1.8670027210454272,1.864020437002182,0.0001111111111111111,41.2,"[42.0%, 40.4%]",,,,
1,parallel,21,21,0.2760607829932249,1.8665981042157314,1.8541149459779263,0.0001111111111111111,41.15,"[42.0%, 40.3%]",,,,
1,parallel,22,22,0.2656057511460911,1.8392381918658116,1.9534427747130394,0.0001111111111111111,39.35,"[42.0%, 36.7%]",,,,
1,parallel,23,23,0.25547071929895737,1.8263870265073836,1.866130530834198,0.0001111111111111111,42.05,"[42.0%, 42.1%]",,,,
1,parallel,24,24,0.24565568745182362,1.8152676828347953,1.9144461676478386,0.0001111111111111111,40.65,"[42.0%, 39.3%]",,,,
1,parallel,25,25,0.23616065560468985,1.787482583598726,1.7749684378504753,0.0001111111111111111,43.25,"[42.0%, 44.5%]",,,,
1,parallel,26,26,0.22698562375755615,1.8168033429771473,1.83573904260993,0.0001111111111111111,41.4,"[42.0%, 40.8%]",,,,
1,parallel,27,27,0.21813059191042236,1.7783392728513974,1.8141472712159157,0.0001111111111111111,43.05,"[42.0%, 44.1%]",,,,
1,parallel,28,28,0.2095955600632886,1.7783188675619235,1.8218932673335075,0.0001111111111111111,42.1,"[42.0%, 42.2%]",,,,
1,parallel,29,29,0.20138052821615482,1.8052086420119948,1.8048508130013943,0.0001111111111111111,42.2,"[42.0%, 42.4%]",,,,
1,parallel,30,30,0.19348549636902107,1.7831133330703541,1.920409668236971,0.0001111111111111111,40.45,"[42.0%, 38.9%]",,,,
1,parallel,31,31,0.1859104645218873,1.8049197250111089,1.9715258404612541,0.0001111111111111111,40.2,"[42.0%, 38.4%]",,,,
1,parallel,32,32,0.17865543267475353,1.7955156488783042,1.8594732284545898,0.0001111111111111111,41.9,"[42.0%, 41.8%]",,,,
1,parallel,33,33,0.17172040082761977,1.764711491621224,2.0289294496178627,0.0001111111111111111,38.95,"[42.0%, 35.9%]",,,,
1,parallel,34,34,0.16510536898048606,1.8028629866375285,1.813752919435501,0.0001111111111111111,42.3,"[42.0%, 42.6%]",,,,
1,parallel,35,35,0.1588103371333523,1.7607344798981004,1.8309805393218994,0.0001111111111111111,42.7,"[42.0%, 43.4%]",,,,
1,parallel,36,36,0.15283530528621853,1.8299650568870982,1.804063193500042,0.0001111111111111111,43.15,"[42.0%, 44.3%]",,,,
1,parallel,37,37,0.14718027343908474,1.789313563875332,1.8755916729569435,0.0001111111111111111,41.7,"[42.0%, 41.4%]",,,,
1,parallel,38,38,0.141845241591951,1.7783889056770665,1.8294021412730217,0.0001111111111111111,42.1,"[42.0%, 42.2%]",,,,
1,parallel,39,39,0.13683020974481724,1.8397422588554917,1.898470677435398,0.0001111111111111111,40.65,"[42.0%, 39.3%]",,,,
1,parallel,40,40,0.1321351778976835,1.866579458212397,2.0658849105238914,0.0001111111111111111,38.5,"[42.0%, 35.0%]",,,,
1,parallel,41,41,0.12776014605054972,1.8458557850236346,1.9244690276682377,0.0001111111111111111,41.1,"[42.0%, 40.2%]",,,,
1,parallel,42,42,0.12370511420341597,1.921059710204981,1.9806041195988655,0.0001111111111111111,39.8,"[42.0%, 37.6%]",,,,
1,parallel,43,43,0.1199700823562822,1.9271515395231307,1.8878813087940216,0.0001111111111111111,41.95,"[42.0%, 41.9%]",,,,
1,parallel,44,44,0.11655505050914845,1.9307660722428825,1.9615882560610771,0.0001111111111111111,41.05,"[42.0%, 40.1%]",,,,
1,parallel,45,45,0.11346001866201469,1.8842178613516936,1.8565595671534538,0.0001111111111111111,42.4,"[42.0%, 42.8%]",,,,
1,parallel,46,46,0.11068498681488094,1.8819404430450148,1.879959486424923,0.0001111111111111111,41.15,"[42.0%, 40.3%]",,,,
1,parallel,47,47,0.10822995496774718,2.0662746642045913,2.075279124081135,0.0001111111111111111,39.0,"[42.0%, 36.0%]",,,,
1,parallel,48,48,0.10609492312061342,1.9608728650269236,1.965263769030571,0.0001111111111111111,41.2,"[42.0%, 40.4%]",,,,
1,parallel,49,49,0.10427989127347966,1.933892512777049,1.9433690905570984,0.0001111111111111111,41.35,"[42.0%, 40.7%]",,,,
1,parallel,50,50,0.1027848594263459,1.8779555923619848,1.9210730008780956,0.0001111111111111111,40.5,"[42.0%, 39.0%]",,,,
1,parallel,51,51,0.10160982757921214,1.827670604560026,1.8576365932822227,0.0001111111111111111,42.25,"[42.0%, 42.5%]",,,,
1,parallel,52,52,0.10075479573207838,1.9928485231035074,1.971659578382969,0.0001111111111111111,40.2,"[42.0%, 38.4%]",,,,
1,parallel,53,53,0.10021976388494463,1.8757610738657082,1.9028536826372147,0.0001111111111111111,41.05,"[42.0%, 40.1%]",,,,
1,parallel,54,54,0.10000473203781086,1.8310775718871195,1.8569980449974537,0.0001111111111111111,42.25,"[42.0%, 42.5%]",,,,
1,parallel,55,55,0.1,1.804206548982365,1.850941564887762,0.0001111111111111111,41.75,"[42.0%, 41.5%]",,,,
1,weights,1,56,0.1,1.7811796217207696,1.8081130534410477,0.0001111111111111111,43.3,"[42.0%, 44.6%]",,,,
1,weights,2,57,0.1,1.7612261878457038,1.8585171774029732,0.0001111111111111111,41.9,"[42.0%, 41.8%]",,,,
1,weights,3,58,0.1,1.7417705119795102,1.8144464939832687,0.0001111111111111111,42.25,"[42.0%, 42.5%]",,,,
1,weights,4,59,0.1,1.7318227078504622,1.7966366484761238,0.0001111111111111111,42.95,"[42.0%, 43.9%]",,,,
1,weights,5,60,0.1,1.6926828326693006,1.790714554488659,0.0001111111111111111,43.2,"[42.0%, 44.4%]",,,,
1,weights,6,61,0.1,1.6968677408376318,1.780071135610342,0.0001111111111111111,42.85,"[42.0%, 43.7%]",,,,
1,weights,7,62,0.1,1.6810890003374428,1.7698375806212425,0.0001111111111111111,42.8,"[42.0%, 43.6%]",,,,
1,weights,8,63,0.1,1.6800894987810948,1.8137308321893215,0.0001111111111111111,42.85,"[42.0%, 43.7%]",,,,
1,weights,9,64,0.1,1.661995905220129,1.8350463211536407,0.0001111111111111111,42.55,"[42.0%, 43.1%]",,,,
1,weights,10,65,0.1,1.656569429263947,1.8633811809122562,0.0001111111111111111,40.9,"[42.0%, 39.8%]",,,,
1,weights,11,66,0.1,1.628654755604495,1.7556555718183517,0.0001111111111111111,44.5,"[42.0%, 47.0%]",,,,
1,weights,12,67,0.1,1.6315737833642656,1.8818236142396927,0.0001111111111111111,41.35,"[42.0%, 40.7%]",,,,
1,weights,13,68,0.1,1.6180642205438796,1.801110703498125,0.0001111111111111111,42.95,"[42.0%, 43.9%]",,,,
1,weights,14,69,0.1,1.60616529063814,1.699410319328308,0.0001111111111111111,44.8,"[42.0%, 47.6%]",,,,
1,weights,15,70,0.1,1.5960848604797557,1.7941810004413128,0.0001111111111111111,42.85,"[42.0%, 43.7%]",,,,
1,weights,16,71,0.1,1.602154302748905,1.736760027706623,0.0001111111111111111,43.6,"[42.0%, 45.2%]",,,,
1,weights,17,72,0.1,1.5723663978515916,1.7543337419629097,0.0001111111111111111,43.3,"[42.0%, 44.6%]",,,,
1,weights,18,73,0.1,1.571229488986313,1.7123389765620232,0.0001111111111111111,44.3,"[42.0%, 46.6%]",,,,
1,weights,19,74,0.1,1.538940860966968,1.8021863587200642,0.0001111111111111111,43.0,"[42.0%, 44.0%]",,,,
1,weights,20,75,0.1,1.5505807255483737,1.7792775481939316,0.0001111111111111111,43.7,"[42.0%, 45.4%]",,,,
1,weights,21,76,0.1,1.5549677223156972,1.7451051101088524,0.0001111111111111111,44.1,"[42.0%, 46.2%]",,,,
1,weights,22,77,0.1,1.523033632594309,1.7359556518495083,0.0001111111111111111,43.7,"[42.0%, 45.4%]",,,,
1,weights,23,78,0.1,1.5304354186270648,1.6824386939406395,0.0001111111111111111,45.25,"[42.0%, 48.5%]",,,,
1,weights,24,79,0.1,1.5205620451337973,1.8198522217571735,0.0001111111111111111,41.8,"[42.0%, 41.6%]",,,,
1,weights,25,80,0.1,1.545273129347783,1.7045568339526653,0.0001111111111111111,44.35,"[42.0%, 46.7%]",31.55,"[16.4%, 46.7%]",38.15,"[35.0%, 41.3%]"
2,parallel,1,1,0.5,3.6120015921866058,3.0303904563188553,0.0001111111111111111,31.233333333333334,"[42.0%, 46.7%, 5.0%]",,,,
2,parallel,2,2,0.5,3.028828768213843,2.9858226031064987,0.0001111111111111111,31.233333333333334,"[42.0%, 46.7%, 5.0%]",,,,
2,parallel,3,3,0.5,2.8745352690386925,2.8222071677446365,0.0001111111111111111,32.96666666666667,"[42.0%, 46.7%, 10.2%]",,,,
2,parallel,4,4,0.5,2.677108889172791,2.5375131219625473,0.0001111111111111111,35.76666666666667,"[42.0%, 46.7%, 18.6%]",,,,
2,parallel,5,5,0.486861292547365,2.5688076080030697,2.5436224788427353,0.0001111111111111111,36.166666666666664,"[42.0%, 46.7%, 19.8%]",,,,
2,parallel,6,6,0.4712862607002313,2.4134387529579695,2.3039397820830345,0.0001111111111111111,38.26666666666667,"[42.0%, 46.7%, 26.1%]",,,,
2,parallel,7,7,0.45603122885309755,2.316251877007211,2.167712464928627,0.0001111111111111111,39.76666666666667,"[42.0%, 46.7%, 30.6%]",,,,
2,parallel,8,8,0.4410961970059637,2.191197714228539,2.137145347893238,0.0001111111111111111,41.13333333333333,"[42.0%, 46.7%, 34.7%]",,,,
2,parallel,9,9,0.42648116515883006,2.124880013192535,2.0171082466840744,0.0001111111111111111,42.56666666666667,"[42.0%, 46.7%, 39.0%]",,,,
2,parallel,10,10,0.4121861333116963,2.0329210264667585,1.99002755433321,0.0001111111111111111,42.06666666666667,"[42.0%, 46.7%, 37.5%]",,,,
2,parallel,11,11,0.3982111014645625,1.9551150669717485,1.8934188410639763,0.0001111111111111111,43.26666666666667,"[42.0%, 46.7%, 41.1%]",,,,
2,parallel,12,12,0.3845560696174287,1.8849686460130533,1.8322040848433971,0.0001111111111111111,43.93333333333334,"[42.0%, 46.7%, 43.1%]",,,,
2,parallel,13,13,0.3712210377702949,1.8161464739756978,1.8432146310806274,0.0001111111111111111,42.86666666666667,"[42.0%, 46.7%, 39.9%]",,,,
2,parallel,14,14,0.3582060059231612,1.7916647545091666,1.8471355848014355,0.0001111111111111111,43.53333333333333,"[42.0%, 46.7%, 41.9%]",,,,
2,parallel,15,15,0.3455109740760275,1.7475143405282574,1.7182378321886063,0.0001111111111111111,45.43333333333334,"[42.0%, 46.7%, 47.6%]",,,,
2,parallel,16,16,0.33313594222889364,1.7185691739343534,1.7112954072654247,0.0001111111111111111,44.6,"[42.0%, 46.7%, 45.1%]",,,,
2,parallel,17,17,0.3210809103817599,1.6921777307607566,1.7841429524123669,0.0001111111111111111,44.46666666666667,"[42.0%, 46.7%, 44.7%]",,,,
2,parallel,18,18,0.30934587853462614,1.704185306646262,1.6897435411810875,0.0001111111111111111,44.166666666666664,"[42.0%, 46.7%, 43.8%]",,,,
2,parallel,19,19,0.29793084668749237,1.636538141092677,1.6849063448607922,0.0001111111111111111,45.03333333333333,"[42.0%, 46.7%, 46.4%]",,,,
2,parallel,20,20,0.2868358148403586,1.6414837138667988,1.6537372209131718,0.0001111111111111111,45.13333333333333,"[42.0%, 46.7%, 46.7%]",,,,
2,parallel,21,21,0.2760607829932249,1.6386021299726645,1.6138464212417603,0.0001111111111111111,45.96666666666667,"[42.0%, 46.7%, 49.2%]",,,,
2,parallel,22,22,0.2656057511460911,1.638484020142039,1.8216751888394356,0.0001111111111111111,43.86666666666667,"[42.0%, 46.7%, 42.9%]",,,,
2,parallel,23,23,0.25547071929895737,1.6224692110802716,1.7034061048179865,0.0001111111111111111,44.96666666666667,"[42.0%, 46.7%, 46.2%]",,,,
2,parallel,24,24,0.24565568745182362,1.6429376898297838,1.6134371757507324,0.0001111111111111111,45.93333333333334,"[42.0%, 46.7%, 49.1%]",,,,
2,parallel,25,25,0.23616065560468985,1.5884502746496991,1.667971160262823,0.0001111111111111111,45.43333333333334,"[42.0%, 46.7%, 47.6%]",,,,
2,parallel,26,26,0.22698562375755615,1.5956338606062968,1.6310070902109146,0.0001111111111111111,46.0,"[42.0%, 46.7%, 49.3%]",,,,
2,parallel,27,27,0.21813059191042236,1.592405572818343,1.7138347327709198,0.0001111111111111111,45.0,"[42.0%, 46.7%, 46.3%]",,,,
2,parallel,28,28,0.2095955600632886,1.6190060688431855,1.6233613789081573,0.0001111111111111111,46.4,"[42.0%, 46.7%, 50.5%]",,,,
2,parallel,29,29,0.20138052821615482,1.6517383566327914,1.706527952104807,0.0001111111111111111,45.699999999999996,"[42.0%, 46.7%, 48.4%]",,,,
2,parallel,30,30,0.19348549636902107,1.6437571747287822,1.6656884737312794,0.0001111111111111111,45.76666666666667,"[42.0%, 46.7%, 48.6%]",,,,
2,parallel,31,31,0.1859104645218873,1.6310879865269752,1.6597037985920906,0.0001111111111111111,46.1,"[42.0%, 46.7%, 49.6%]",,,,
2,parallel,32,32,0.17865543267475353,1.648576962720057,1.6712616495788097,0.0001111111111111111,45.666666666666664,"[42.0%, 46.7%, 48.3%]",,,,
2,parallel,33,33,0.17172040082761977,1.6573957220004623,1.6956954635679722,0.0001111111111111111,45.333333333333336,"[42.0%, 46.7%, 47.3%]",,,,
2,parallel,34,34,0.16510536898048606,1.657079515943102,1.6084245257079601,0.0001111111111111111,46.6,"[42.0%, 46.7%, 51.1%]",,,,
2,parallel,35,35,0.1588103371333523,1.68604960639006,1.7207083702087402,0.0001111111111111111,45.4,"[42.0%, 46.7%, 47.5%]",,,,
2,parallel,36,36,0.15283530528621853,1.7525383590892623,1.6372126452624798,0.0001111111111111111,46.5,"[42.0%, 46.7%, 50.8%]",,,,
2,parallel,37,37,0.14718027343908474,1.7277313470840454,1.723229467868805,0.0001111111111111111,44.800000000000004,"[42.0%, 46.7%, 45.7%]",,,,
2,parallel,38,38,0.141845241591951,1.6794389364825693,1.7293797172605991,0.0001111111111111111,45.199999999999996,"[42.0%, 46.7%, 46.9%]",,,,
2,parallel,39,39,0.13683020974481724,1.8982777625891813,1.750515192747116,0.0001111111111111111,45.0,"[42.0%, 46.7%, 46.3%]",,,,
2,parallel,40,40,0.1321351778976835,1.8136648319329425,1.7585396841168404,0.0001111111111111111,44.9,"[42.0%, 46.7%, 46.0%]",,,,
2,parallel,41,41,0.12776014605054972,1.7654856488962842,1.7722608260810375,0.0001111111111111111,44.800000000000004,"[42.0%, 46.7%, 45.7%]",,,,
2,parallel,42,42,0.12370511420341597,1.8639070091733507,1.814577765762806,0.0001111111111111111,43.96666666666667,"[42.0%, 46.7%, 43.2%]",,,,
2,parallel,43,43,0.1199700823562822,1.8514789092312953,1.8415763229131699,0.0001111111111111111,44.5,"[42.0%, 46.7%, 44.8%]",,,,
2,parallel,44,44,0.11655505050914845,1.8374775321620285,1.8522696606814861,0.0001111111111111111,43.800000000000004,"[42.0%, 46.7%, 42.7%]",,,,
2,parallel,45,45,0.11346001866201469,1.8202504208133479,1.7584495581686497,0.0001111111111111111,44.699999999999996,"[42.0%, 46.7%, 45.4%]",,,,
2,parallel,46,46,0.11068498681488094,1.7954198319441195,1.7775580435991287,0.0001111111111111111,44.56666666666666,"[42.0%, 46.7%, 45.0%]",,,,
2,parallel,47,47,0.10822995496774718,1.9330065705973631,1.875464677810669,0.0001111111111111111,43.166666666666664,"[42.0%, 46.7%, 40.8%]",,,,
2,parallel,48,48,0.10609492312061342,1.8497654222379065,1.8123994767665863,0.0001111111111111111,44.0,"[42.0%, 46.7%, 43.3%]",,,,
2,parallel,49,49,0.10427989127347966,1.8127363639272702,1.7617711648344994,0.0001111111111111111,44.9,"[42.0%, 46.7%, 46.0%]",,,,
2,parallel,50,50,0.1027848594263459,1.7849023364911414,1.7614350244402885,0.0001111111111111111,44.833333333333336,"[42.0%, 46.7%, 45.8%]",,,,
2,parallel,51,51,0.10160982757921214,1.715120998157817,1.818393036723137,0.0001111111111111111,43.96666666666667,"[42.0%, 46.7%, 43.2%]",,,,
2,parallel,52,52,0.10075479573207838,1.8611941390736089,1.8067881986498833,0.0001111111111111111,44.800000000000004,"[42.0%, 46.7%, 45.7%]",,,,
2,parallel,53,53,0.10021976388494463,1.779431469880851,1.7431099973618984,0.0001111111111111111,44.666666666666664,"[42.0%, 46.7%, 45.3%]",,,,
2,parallel,54,54,0.10000473203781086,1.7329359783488474,1.7516762800514698,0.0001111111111111111,45.199999999999996,"[42.0%, 46.7%, 46.9%]",,,,
2,parallel,55,55,0.1,1.6916401758315458,1.6698291189968586,0.0001111111111111111,45.666666666666664,"[42.0%, 46.7%, 48.3%]",,,,
2,weights,1,56,0.1,1.665182885850311,1.697907917201519,0.0001111111111111111,45.36666666666667,"[42.0%, 46.7%, 47.4%]",,,,
2,weights,2,57,0.1,1.6512925002225645,1.6861590929329395,0.0001111111111111111,45.800000000000004,"[42.0%, 46.7%, 48.7%]",,,,
2,weights,3,58,0.1,1.628507797885093,1.630154550075531,0.0001111111111111111,46.300000000000004,"[42.0%, 46.7%, 50.2%]",,,,
2,weights,4,59,0.1,1.6166199795000114,1.6740939542651176,0.0001111111111111111,45.333333333333336,"[42.0%, 46.7%, 47.3%]",,,,
2,weights,5,60,0.1,1.6123130503733447,1.6388621106743813,0.0001111111111111111,45.800000000000004,"[42.0%, 46.7%, 48.7%]",,,,
2,weights,6,61,0.1,1.5860425492001187,1.5898144245147705,0.0001111111111111111,46.333333333333336,"[42.0%, 46.7%, 50.3%]",,,,
2,weights,7,62,0.1,1.6015233143120056,1.5710184425115585,0.0001111111111111111,47.06666666666666,"[42.0%, 46.7%, 52.5%]",,,,
2,weights,8,63,0.1,1.5788271609385303,1.5956996902823448,0.0001111111111111111,46.63333333333333,"[42.0%, 46.7%, 51.2%]",,,,
2,weights,9,64,0.1,1.5477470410097935,1.6007942520081997,0.0001111111111111111,46.46666666666667,"[42.0%, 46.7%, 50.7%]",,,,
2,weights,10,65,0.1,1.5277354831148864,1.6214714013040066,0.0001111111111111111,46.300000000000004,"[42.0%, 46.7%, 50.2%]",,,,
2,weights,11,66,0.1,1.5033119112063364,1.5665883719921112,0.0001111111111111111,46.63333333333333,"[42.0%, 46.7%, 51.2%]",,,,
2,weights,12,67,0.1,1.5390701612849145,1.6623487696051598,0.0001111111111111111,46.0,"[42.0%, 46.7%, 49.3%]",,,,
2,weights,13,68,0.1,1.5114178376592649,1.5788522623479366,0.0001111111111111111,46.56666666666666,"[42.0%, 46.7%, 51.0%]",,,,
2,weights,14,69,0.1,1.4870590305632088,1.5816773995757103,0.0001111111111111111,46.4,"[42.0%, 46.7%, 50.5%]",,,,
2,weights,15,70,0.1,1.5017560583770655,1.5843207761645317,0.0001111111111111111,46.800000000000004,"[42.0%, 46.7%, 51.7%]",,,,
2,weights,16,71,0.1,1.5098947795333377,1.6037395186722279,0.0001111111111111111,46.46666666666667,"[42.0%, 46.7%, 50.7%]",,,,
2,weights,17,72,0.1,1.4758704236358593,1.5494803860783577,0.0001111111111111111,47.06666666666666,"[42.0%, 46.7%, 52.5%]",,,,
2,weights,18,73,0.1,1.4468410926260007,1.531610768288374,0.0001111111111111111,47.23333333333333,"[42.0%, 46.7%, 53.0%]",,,,
2,weights,19,74,0.1,1.45309000865669,1.546406526118517,0.0001111111111111111,46.73333333333333,"[42.0%, 46.7%, 51.5%]",,,,
2,weights,20,75,0.1,1.4385044445657427,1.5936946496367455,0.0001111111111111111,46.63333333333333,"[42.0%, 46.7%, 51.2%]",,,,
2,weights,21,76,0.1,1.4501061636930819,1.5551151297986507,0.0001111111111111111,47.03333333333333,"[42.0%, 46.7%, 52.4%]",,,,
2,weights,22,77,0.1,1.416488673276962,1.5023325309157372,0.0001111111111111111,47.333333333333336,"[42.0%, 46.7%, 53.3%]",,,,
2,weights,23,78,0.1,1.435915020620747,1.5169588178396225,0.0001111111111111111,47.4,"[42.0%, 46.7%, 53.5%]",,,,
2,weights,24,79,0.1,1.4116907184291039,1.551528848707676,0.0001111111111111111,46.46666666666667,"[42.0%, 46.7%, 50.7%]",,,,
2,weights,25,80,0.1,1.422432408590985,1.5578060112893581,0.0001111111111111111,46.4,"[42.0%, 46.7%, 50.5%]",35.266666666666666,"[13.3%, 42.0%, 50.5%]",38.36666666666667,"[30.4%, 39.3%, 45.4%]"
3,parallel,1,1,0.5,4.181497125868585,3.0439132302999496,0.0001111111111111111,36.05,"[42.0%, 46.7%, 50.5%, 5.0%]",,,,
3,parallel,2,2,0.5,3.0312722503759297,3.0071290135383606,0.0001111111111111111,36.175,"[42.0%, 46.7%, 50.5%, 5.5%]",,,,
3,parallel,3,3,0.5,2.970290343472912,2.9180712550878525,0.0001111111111111111,36.8,"[42.0%, 46.7%, 50.5%, 8.0%]",,,,
3,parallel,4,4,0.5,2.8677959153606634,2.8362900018692017,0.0001111111111111111,38.375,"[42.0%, 46.7%, 50.5%, 14.3%]",,,,
3,parallel,5,5,0.486861292547365,2.7868259408671383,2.619478240609169,0.0001111111111111111,39.824999999999996,"[42.0%, 46.7%, 50.5%, 20.1%]",,,,
3,parallel,6,6,0.4712862607002313,2.6237953347005663,2.5330754294991493,0.0001111111111111111,40.574999999999996,"[42.0%, 46.7%, 50.5%, 23.1%]",,,,
3,parallel,7,7,0.45603122885309755,2.4677925307279938,2.465026780962944,0.0001111111111111111,40.824999999999996,"[42.0%, 46.7%, 50.5%, 24.1%]",,,,
3,parallel,8,8,0.4410961970059637,2.3668559736506953,2.338705338537693,0.0001111111111111111,41.849999999999994,"[42.0%, 46.7%, 50.5%, 28.2%]",,,,
3,parallel,9,9,0.42648116515883006,2.2806856829649322,2.1374015286564827,0.0001111111111111111,43.775,"[42.0%, 46.7%, 50.5%, 35.9%]",,,,
3,parallel,10,10,0.4121861333116963,2.1757310234057674,2.182016998529434,0.0001111111111111111,43.125,"[42.0%, 46.7%, 50.5%, 33.3%]",,,,
3,parallel,11,11,0.3982111014645625,2.10371034616118,2.104684356600046,0.0001111111111111111,43.875,"[42.0%, 46.7%, 50.5%, 36.3%]",,,,
3,parallel,12,12,0.3845560696174287,2.0476562232728215,1.9969800636172295,0.0001111111111111111,45.05,"[42.0%, 46.7%, 50.5%, 41.0%]",,,,
3,parallel,13,13,0.3712210377702949,1.9937856895908428,1.9444268941879272,0.0001111111111111111,45.125,"[42.0%, 46.7%, 50.5%, 41.3%]",,,,
3,parallel,14,14,0.3582060059231612,1.916999527603198,1.9793503433465958,0.0001111111111111111,45.074999999999996,"[42.0%, 46.7%, 50.5%, 41.1%]",,,,
3,parallel,15,15,0.3455109740760275,1.8899742577485978,1.970473662018776,0.0001111111111111111,45.074999999999996,"[42.0%, 46.7%, 50.5%, 41.1%]",,,,
3,parallel,16,16,0.33313594222889364,1.872272964495762,2.035981796681881,0.0001111111111111111,44.849999999999994,"[42.0%, 46.7%, 50.5%, 40.2%]",,,,
3,parallel,17,17,0.3210809103817599,1.8246372437021534,1.964478924870491,0.0001111111111111111,45.05,"[42.0%, 46.7%, 50.5%, 41.0%]",,,,
3,parallel,18,18,0.30934587853462614,1.7922264322353776,1.7943980284035206,0.0001111111111111111,46.625,"[42.0%, 46.7%, 50.5%, 47.3%]",,,,
3,parallel,19,19,0.29793084668749237,1.7561621347050758,1.8050717934966087,0.0001111111111111111,46.625,"[42.0%, 46.7%, 50.5%, 47.3%]",,,,
3,parallel,20,20,0.2868358148403586,1.746005087901073,1.7206906788051128,0.0001111111111111111,47.3,"[42.0%, 46.7%, 50.5%, 50.0%]",,,,
3,parallel,21,21,0.2760607829932249,1.7394432406516591,1.768776249140501,0.0001111111111111111,46.849999999999994,"[42.0%, 46.7%, 50.5%, 48.2%]",,,,
3,parallel,22,22,0.2656057511460911,1.710942123346268,1.7330500297248363,0.0001111111111111111,47.05,"[42.0%, 46.7%, 50.5%, 49.0%]",,,,
3,parallel,23,23,0.25547071929895737,1.7183332914000105,1.7091842256486416,0.0001111111111111111,47.25,"[42.0%, 46.7%, 50.5%, 49.8%]",,,,
3,parallel,24,24,0.24565568745182362,1.692941942032735,1.7281599380075932,0.0001111111111111111,47.224999999999994,"[42.0%, 46.7%, 50.5%, 49.7%]",,,,
3,parallel,25,25,0.23616065560468985,1.661136911173535,1.8634340055286884,0.0001111111111111111,45.9,"[42.0%, 46.7%, 50.5%, 44.4%]",,,,
3,parallel,26,26,0.22698562375755615,1.6592386649672393,1.822846207767725,0.0001111111111111111,46.699999999999996,"[42.0%, 46.7%, 50.5%, 47.6%]",,,,
3,parallel,27,27,0.21813059191042236,1.6805234038905732,1.7888313420116901,0.0001111111111111111,46.324999999999996,"[42.0%, 46.7%, 50.5%, 46.1%]",,,,
3,parallel,28,28,0.2095955600632886,1.6656083878438184,1.719843465834856,0.0001111111111111111,46.925,"[42.0%, 46.7%, 50.5%, 48.5%]",,,,
3,parallel,29,29,0.20138052821615482,1.6575273358897797,1.7081909626722336,0.0001111111111111111,47.175,"[42.0%, 46.7%, 50.5%, 49.5%]",,,,
3,parallel,30,30,0.19348549636902107,1.6849133702600079,1.614846583455801,0.0001111111111111111,47.875,"[42.0%, 46.7%, 50.5%, 52.3%]",,,,
3,parallel,31,31,0.1859104645218873,1.7014852504062046,1.7557781524956226,0.0001111111111111111,46.925,"[42.0%, 46.7%, 50.5%, 48.5%]",,,,
3,parallel,32,32,0.17865543267475353,1.670797676037831,1.6639758720993996,0.0001111111111111111,47.599999999999994,"[42.0%, 46.7%, 50.5%, 51.2%]",,,,
3,parallel,33,33,0.17172040082761977,1.7088893469731519,1.7556115984916687,0.0001111111111111111,46.75,"[42.0%, 46.7%, 50.5%, 47.8%]",,,,
3,parallel,34,34,0.16510536898048606,1.7175957063201126,1.7245539650321007,0.0001111111111111111,47.375,"[42.0%, 46.7%, 50.5%, 50.3%]",,,,
3,parallel,35,35,0.1588103371333523,1.7325075280134845,1.7396669834852219,0.0001111111111111111,46.724999999999994,"[42.0%, 46.7%, 50.5%, 47.7%]",,,,
3,parallel,36,36,0.15283530528621853,1.7648801818774764,1.8298994190990925,0.0001111111111111111,46.349999999999994,"[42.0%, 46.7%, 50.5%, 46.2%]",,,,
3,parallel,37,37,0.14718027343908474,1.7586444510016472,2.015969794243574,0.0001111111111111111,44.5,"[42.0%, 46.7%, 50.5%, 38.8%]",,,,
3,parallel,38,38,0.141845241591951,1.731615498567083,1.7912957221269608,0.0001111111111111111,46.75,"[42.0%, 46.7%, 50.5%, 47.8%]",,,,
3,parallel,39,39,0.13683020974481724,1.8887918481401578,1.877775650471449,0.0001111111111111111,46.275,"[42.0%, 46.7%, 50.5%, 45.9%]",,,,
3,parallel,40,40,0.1321351778976835,1.846466270222026,1.8879707343876362,0.0001111111111111111,46.099999999999994,"[42.0%, 46.7%, 50.5%, 45.2%]",,,,
3,parallel,41,41,0.12776014605054972,1.8067406833551491,1.8148414865136147,0.0001111111111111111,46.824999999999996,"[42.0%, 46.7%, 50.5%, 48.1%]",,,,
3,parallel,42,42,0.12370511420341597,1.864865681927675,1.8484170958399773,0.0001111111111111111,46.199999999999996,"[42.0%, 46.7%, 50.5%, 45.6%]",,,,
3,parallel,43,43,0.1199700823562822,1.8394953878062545,1.8573764860630035,0.0001111111111111111,46.449999999999996,"[42.0%, 46.7%, 50.5%, 46.6%]",,,,
3,parallel,44,44,0.11655505050914845,1.8291726438862503,1.8121264390647411,0.0001111111111111111,46.25,"[42.0%, 46.7%, 50.5%, 45.8%]",,,,
3,parallel,45,45,0.11346001866201469,1.8154493350132255,1.8361714035272598,0.0001111111111111111,46.525,"[42.0%, 46.7%, 50.5%, 46.9%]",,,,
3,parallel,46,46,0.11068498681488094,1.7869533239656192,1.8763076700270176,0.0001111111111111111,46.074999999999996,"[42.0%, 46.7%, 50.5%, 45.1%]",,,,
3,parallel,47,47,0.10822995496774718,1.9099197471217744,2.0133810080587864,0.0001111111111111111,44.9,"[42.0%, 46.7%, 50.5%, 40.4%]",,,,
3,parallel,48,48,0.10609492312061342,1.8536748559611618,1.8562304191291332,0.0001111111111111111,46.625,"[42.0%, 46.7%, 50.5%, 47.3%]",,,,
3,parallel,49,49,0.10427989127347966,1.8215316814981448,1.7789203561842442,0.0001111111111111111,47.199999999999996,"[42.0%, 46.7%, 50.5%, 49.6%]",,,,
3,parallel,50,50,0.1027848594263459,1.811266725230369,1.8015953414142132,0.0001111111111111111,46.75,"[42.0%, 46.7%, 50.5%, 47.8%]",,,,
3,parallel,51,51,0.10160982757921214,1.7610646752035541,1.7535457126796246,0.0001111111111111111,47.05,"[42.0%, 46.7%, 50.5%, 49.0%]",,,,
3,parallel,52,52,0.10075479573207838,1.8582585472969493,1.8346545919775963,0.0001111111111111111,46.199999999999996,"[42.0%, 46.7%, 50.5%, 45.6%]",,,,
3,parallel,53,53,0.10021976388494463,1.7828987647014058,1.8359639011323452,0.0001111111111111111,45.925,"[42.0%, 46.7%, 50.5%, 44.5%]",,,,
3,parallel,54,54,0.10000473203781086,1.7259257940729713,1.7172866463661194,0.0001111111111111111,46.974999999999994,"[42.0%, 46.7%, 50.5%, 48.7%]",,,,
3,parallel,55,55,0.1,1.702459837980331,1.782376479357481,0.0001111111111111111,46.724999999999994,"[42.0%, 46.7%, 50.5%, 47.7%]",,,,
3,weights,1,56,0.1,1.6917861487455428,1.7825826294720173,0.0001111111111111111,46.824999999999996,"[42.0%, 46.7%, 50.5%, 48.1%]",,,,
3,weights,2,57,0.1,1.6696202155131443,1.7054201737046242,0.0001111111111111111,47.449999999999996,"[42.0%, 46.7%, 50.5%, 50.6%]",,,,
3,weights,3,58,0.1,1.653090472433977,1.7266173288226128,0.0001111111111111111,47.5,"[42.0%, 46.7%, 50.5%, 50.8%]",,,,
3,weights,4,59,0.1,1.6329698881525903,1.7293367087841034,0.0001111111111111111,47.15,"[42.0%, 46.7%, 50.5%, 49.4%]",,,,
3,weights,5,60,0.1,1.626920996198229,1.7134682051837444,0.0001111111111111111,47.125,"[42.0%, 46.7%, 50.5%, 49.3%]",,,,
3,weights,6,61,0.1,1.6127813576133387,1.6500981040298939,0.0001111111111111111,47.974999999999994,"[42.0%, 46.7%, 50.5%, 52.7%]",,,,
3,weights,7,62,0.1,1.5941041692806657,1.7081902623176575,0.0001111111111111111,47.55,"[42.0%, 46.7%, 50.5%, 51.0%]",,,,
3,weights,8,63,0.1,1.5737816216839347,1.7391169480979443,0.0001111111111111111,46.925,"[42.0%, 46.7%, 50.5%, 48.5%]",,,,
3,weights,9,64,0.1,1.5703018827802817,1.726044587790966,0.0001111111111111111,47.574999999999996,"[42.0%, 46.7%, 50.5%, 51.1%]",,,,
3,weights,10,65,0.1,1.550365653007653,1.7248450741171837,0.0001111111111111111,47.349999999999994,"[42.0%, 46.7%, 50.5%, 50.2%]",,,,
3,weights,11,66,0.1,1.5520735569060988,1.7825605645775795,0.0001111111111111111,46.849999999999994,"[42.0%, 46.7%, 50.5%, 48.2%]",,,,
3,weights,12,67,0.1,1.5251852896562808,1.665220532566309,0.0001111111111111111,47.574999999999996,"[42.0%, 46.7%, 50.5%, 51.1%]",,,,
3,weights,13,68,0.1,1.530527049568808,1.6953144185245037,0.0001111111111111111,47.474999999999994,"[42.0%, 46.7%, 50.5%, 50.7%]",,,,
3,weights,14,69,0.1,1.536469794382715,1.6471611075103283,0.0001111111111111111,48.025,"[42.0%, 46.7%, 50.5%, 52.9%]",,,,
3,weights,15,70,0.1,1.496749369202146,1.6476352736353874,0.0001111111111111111,47.925,"[42.0%, 46.7%, 50.5%, 52.5%]",,,,
3,weights,16,71,0.1,1.4914634599807157,1.6568743512034416,0.0001111111111111111,47.75,"[42.0%, 46.7%, 50.5%, 51.8%]",,,,
3,weights,17,72,0.1,1.4852087406595802,1.6418537460267544,0.0001111111111111111,47.775,"[42.0%, 46.7%, 50.5%, 51.9%]",,,,
3,weights,18,73,0.1,1.4823171682418532,1.6791449040174484,0.0001111111111111111,47.699999999999996,"[42.0%, 46.7%, 50.5%, 51.6%]",,,,
3,weights,19,74,0.1,1.4534980385166825,1.6520143896341324,0.0001111111111111111,47.849999999999994,"[42.0%, 46.7%, 50.5%, 52.2%]",,,,
3,weights,20,75,0.1,1.457419078061535,1.660467192530632,0.0001111111111111111,47.824999999999996,"[42.0%, 46.7%, 50.5%, 52.1%]",,,,
3,weights,21,76,0.1,1.4715797764480494,1.5734983421862125,0.0001111111111111111,48.074999999999996,"[42.0%, 46.7%, 50.5%, 53.1%]",,,,
3,weights,22,77,0.1,1.4340795324106885,1.6419473178684711,0.0001111111111111111,47.75,"[42.0%, 46.7%, 50.5%, 51.8%]",,,,
3,weights,23,78,0.1,1.4376273060300548,1.677836038172245,0.0001111111111111111,47.4,"[42.0%, 46.7%, 50.5%, 50.4%]",,,,
3,weights,24,79,0.1,1.4449546944563556,1.6692750453948975,0.0001111111111111111,47.55,"[42.0%, 46.7%, 50.5%, 51.0%]",,,,
3,weights,25,80,0.1,1.4235793959562946,1.627756703644991,0.0001111111111111111,48.099999999999994,"[42.0%, 46.7%, 50.5%, 53.2%]",38.175,"[13.3%, 39.2%, 50.5%, 49.7%]",41.375,"[30.4%, 36.5%, 45.4%, 53.2%]"
4,parallel,1,1,0.5,4.375671623618739,3.0555249452590942,0.0001111111111111111,39.48,"[42.0%, 46.7%, 50.5%, 53.2%, 5.0%]",,,,
4,parallel,2,2,0.5,3.037772757232569,3.017881378531456,0.0001111111111111111,39.61999999999999,"[42.0%, 46.7%, 50.5%, 53.2%, 5.7%]",,,,
4,parallel,3,3,0.5,2.961211180231374,2.808860272169113,0.0001111111111111111,40.86,"[42.0%, 46.7%, 50.5%, 53.2%, 11.9%]",,,,
4,parallel,4,4,0.5,2.803790390111838,2.7171198427677155,0.0001111111111111111,41.059999999999995,"[42.0%, 46.7%, 50.5%, 53.2%, 12.9%]",,,,
4,parallel,5,5,0.486861292547365,2.6297886219753583,2.469918042421341,0.0001111111111111111,43.239999999999995,"[42.0%, 46.7%, 50.5%, 53.2%, 23.8%]",,,,
4,parallel,6,6,0.4712862607002313,2.4076437008608678,2.285135619342327,0.0001111111111111111,44.459999999999994,"[42.0%, 46.7%, 50.5%, 53.2%, 29.9%]",,,,
4,parallel,7,7,0.45603122885309755,2.2369871139526367,2.1401036456227303,0.0001111111111111111,45.54,"[42.0%, 46.7%, 50.5%, 53.2%, 35.3%]",,,,
4,parallel,8,8,0.4410961970059637,2.093509311888628,2.024029493331909,0.0001111111111111111,45.86,"[42.0%, 46.7%, 50.5%, 53.2%, 36.9%]",,,,
4,parallel,9,9,0.42648116515883006,2.017427742860879,1.9540647640824318,0.0001111111111111111,46.379999999999995,"[42.0%, 46.7%, 50.5%, 53.2%, 39.5%]",,,,
4,parallel,10,10,0.4121861333116963,1.9367690929182015,1.8787763714790344,0.0001111111111111111,46.98,"[42.0%, 46.7%, 50.5%, 53.2%, 42.5%]",,,,
4,parallel,11,11,0.3982111014645625,1.8611975877907625,1.7948606386780739,0.0001111111111111111,47.36,"[42.0%, 46.7%, 50.5%, 53.2%, 44.4%]",,,,
4,parallel,12,12,0.3845560696174287,1.777704251040319,1.7786715477705002,0.0001111111111111111,47.58,"[42.0%, 46.7%, 50.5%, 53.2%, 45.5%]",,,,
4,parallel,13,13,0.3712210377702949,1.7350716431429432,1.7688054218888283,0.0001111111111111111,47.89999999999999,"[42.0%, 46.7%, 50.5%, 53.2%, 47.1%]",,,,
4,parallel,14,14,0.3582060059231612,1.6999763948902202,1.690748117864132,0.0001111111111111111,48.21999999999999,"[42.0%, 46.7%, 50.5%, 53.2%, 48.7%]",,,,
4,parallel,15,15,0.3455109740760275,1.630368484812937,1.660531211644411,0.0001111111111111111,48.31999999999999,"[42.0%, 46.7%, 50.5%, 53.2%, 49.2%]",,,,
4,parallel,16,16,0.33313594222889364,1.6260867361809797,1.7722423374652863,0.0001111111111111111,47.66,"[42.0%, 46.7%, 50.5%, 53.2%, 45.9%]",,,,
4,parallel,17,17,0.3210809103817599,1.595111720880885,1.7690736800432205,0.0001111111111111111,47.99999999999999,"[42.0%, 46.7%, 50.5%, 53.2%, 47.6%]",,,,
4,parallel,18,18,0.30934587853462614,1.6090014140317395,1.7794626280665398,0.0001111111111111111,47.64,"[42.0%, 46.7%, 50.5%, 53.2%, 45.8%]",,,,
4,parallel,19,19,0.29793084668749237,1.5537080263635914,1.6278285756707191,0.0001111111111111111,48.61999999999999,"[42.0%, 46.7%, 50.5%, 53.2%, 50.7%]",,,,
4,parallel,20,20,0.2868358148403586,1.5403415670820102,1.5762599036097527,0.0001111111111111111,48.919999999999995,"[42.0%, 46.7%, 50.5%, 53.2%, 52.2%]",,,,
4,parallel,21,21,0.2760607829932249,1.5295415099259395,1.6273616626858711,0.0001111111111111111,48.959999999999994,"[42.0%, 46.7%, 50.5%, 53.2%, 52.4%]",,,,
4,parallel,22,22,0.2656057511460911,1.5120386705277071,1.67007402703166,0.0001111111111111111,48.199999999999996,"[42.0%, 46.7%, 50.5%, 53.2%, 48.6%]",,,,
4,parallel,23,23,0.25547071929895737,1.5087527947820676,1.580251395702362,0.0001111111111111111,48.76,"[42.0%, 46.7%, 50.5%, 53.2%, 51.4%]",,,,
4,parallel,24,24,0.24565568745182362,1.4885551397967491,1.6906015574932098,0.0001111111111111111,48.36,"[42.0%, 46.7%, 50.5%, 53.2%, 49.4%]",,,,
4,parallel,25,25,0.23616065560468985,1.4791569011226582,1.5791327022016048,0.0001111111111111111,49.059999999999995,"[42.0%, 46.7%, 50.5%, 53.2%, 52.9%]",,,,
4,parallel,26,26,0.22698562375755615,1.4991168573403815,1.5534854754805565,0.0001111111111111111,49.14,"[42.0%, 46.7%, 50.5%, 53.2%, 53.3%]",,,,
4,parallel,27,27,0.21813059191042236,1.492323795701288,1.6697023697197437,0.0001111111111111111,48.44,"[42.0%, 46.7%, 50.5%, 53.2%, 49.8%]",,,,
4,parallel,28,28,0.2095955600632886,1.488164121178305,1.5203370228409767,0.0001111111111111111,48.879999999999995,"[42.0%, 46.7%, 50.5%, 53.2%, 52.0%]",,,,
4,parallel,29,29,0.20138052821615482,1.5372638212647407,1.5766282863914967,0.0001111111111111111,48.76,"[42.0%, 46.7%, 50.5%, 53.2%, 51.4%]",,,,
4,parallel,30,30,0.19348549636902107,1.498026938954736,1.6149689257144928,0.0001111111111111111,48.959999999999994,"[42.0%, 46.7%, 50.5%, 53.2%, 52.4%]",,,,
4,parallel,31,31,0.1859104645218873,1.493399874419923,1.6285699158906937,0.0001111111111111111,48.599999999999994,"[42.0%, 46.7%, 50.5%, 53.2%, 50.6%]",,,,
4,parallel,32,32,0.17865543267475353,1.512073489511089,1.5592145323753357,0.0001111111111111111,48.66,"[42.0%, 46.7%, 50.5%, 53.2%, 50.9%]",,,,
4,parallel,33,33,0.17172040082761977,1.5302718885385307,1.6974060162901878,0.0001111111111111111,48.48,"[42.0%, 46.7%, 50.5%, 53.2%, 50.0%]",,,,
4,parallel,34,34,0.16510536898048606,1.5505720604756834,1.637111697345972,0.0001111111111111111,48.71999999999999,"[42.0%, 46.7%, 50.5%, 53.2%, 51.2%]",,,,
4,parallel,35,35,0.1588103371333523,1.5424650892330583,1.7251312769949436,0.0001111111111111111,48.11999999999999,"[42.0%, 46.7%, 50.5%, 53.2%, 48.2%]",,,,
4,parallel,36,36,0.15283530528621853,1.5947991343820171,1.5976231545209885,0.0001111111111111111,48.66,"[42.0%, 46.7%, 50.5%, 53.2%, 50.9%]",,,,
4,parallel,37,37,0.14718027343908474,1.5969799772189681,1.6654385291039944,0.0001111111111111111,48.67999999999999,"[42.0%, 46.7%, 50.5%, 53.2%, 51.0%]",,,,
4,parallel,38,38,0.141845241591951,1.5639042527812301,1.8210516385734081,0.0001111111111111111,47.71999999999999,"[42.0%, 46.7%, 50.5%, 53.2%, 46.2%]",,,,
4,parallel,39,39,0.13683020974481724,1.7422182218284363,1.688870519399643,0.0001111111111111111,48.04,"[42.0%, 46.7%, 50.5%, 53.2%, 47.8%]",,,,
4,parallel,40,40,0.1321351778976835,1.6750357523085966,1.7757951617240906,0.0001111111111111111,47.48,"[42.0%, 46.7%, 50.5%, 53.2%, 45.0%]",,,,
4,parallel,41,41,0.12776014605054972,1.6635228638436383,1.670949213206768,0.0001111111111111111,48.21999999999999,"[42.0%, 46.7%, 50.5%, 53.2%, 48.7%]",,,,
4,parallel,42,42,0.12370511420341597,1.7888484517480159,1.8913192376494408,0.0001111111111111111,47.08,"[42.0%, 46.7%, 50.5%, 53.2%, 43.0%]",,,,
4,parallel,43,43,0.1199700823562822,1.7752027800128718,1.8097244501113892,0.0001111111111111111,47.699999999999996,"[42.0%, 46.7%, 50.5%, 53.2%, 46.1%]",,,,
4,parallel,44,44,0.11655505050914845,1.750592958395648,1.796016938984394,0.0001111111111111111,48.059999999999995,"[42.0%, 46.7%, 50.5%, 53.2%, 47.9%]",,,,
4,parallel,45,45,0.11346001866201469,1.7210207372714,1.755209606140852,0.0001111111111111111,47.71999999999999,"[42.0%, 46.7%, 50.5%, 53.2%, 46.2%]",,,,
4,parallel,46,46,0.11068498681488094,1.712096779209793,1.8505427651107311,0.0001111111111111111,47.379999999999995,"[42.0%, 46.7%, 50.5%, 53.2%, 44.5%]",,,,
4,parallel,47,47,0.10822995496774718,1.834303294017816,1.798716515302658,0.0001111111111111111,47.39999999999999,"[42.0%, 46.7%, 50.5%, 53.2%, 44.6%]",,,,
4,parallel,48,48,0.10609492312061342,1.7641220867254173,1.7881273850798607,0.0001111111111111111,47.599999999999994,"[42.0%, 46.7%, 50.5%, 53.2%, 45.6%]",,,,
4,parallel,49,49,0.10427989127347966,1.761759511984078,1.7830788642168045,0.0001111111111111111,48.08,"[42.0%, 46.7%, 50.5%, 53.2%, 48.0%]",,,,
4,parallel,50,50,0.1027848594263459,1.6936823456150711,1.791365660727024,0.0001111111111111111,47.86,"[42.0%, 46.7%, 50.5%, 53.2%, 46.9%]",,,,
4,parallel,51,51,0.10160982757921214,1.6616734645928546,1.7219985872507095,0.0001111111111111111,47.839999999999996,"[42.0%, 46.7%, 50.5%, 53.2%, 46.8%]",,,,
4,parallel,52,52,0.10075479573207838,1.7930757111045206,1.749395914375782,0.0001111111111111111,47.919999999999995,"[42.0%, 46.7%, 50.5%, 53.2%, 47.2%]",,,,
4,parallel,53,53,0.10021976388494463,1.68065185987266,1.7244164608418941,0.0001111111111111111,48.199999999999996,"[42.0%, 46.7%, 50.5%, 53.2%, 48.6%]",,,,
4,parallel,54,54,0.10000473203781086,1.63307458124343,1.8090478219091892,0.0001111111111111111,47.94,"[42.0%, 46.7%, 50.5%, 53.2%, 47.3%]",,,,
4,parallel,55,55,0.1,1.6180787640772047,1.6765732020139694,0.0001111111111111111,48.44,"[42.0%, 46.7%, 50.5%, 53.2%, 49.8%]",,,,
4,weights,1,56,0.1,1.612169904314029,1.6945370063185692,0.0001111111111111111,47.99999999999999,"[42.0%, 46.7%, 50.5%, 53.2%, 47.6%]",,,,
4,weights,2,57,0.1,1.5651905718882373,1.6951077431440353,0.0001111111111111111,48.44,"[42.0%, 46.7%, 50.5%, 53.2%, 49.8%]",,,,
4,weights,3,58,0.1,1.5571326541293198,1.6550876647233963,0.0001111111111111111,48.39999999999999,"[42.0%, 46.7%, 50.5%, 53.2%, 49.6%]",,,,
4,weights,4,59,0.1,1.541958301689974,1.6255981996655464,0.0001111111111111111,48.67999999999999,"[42.0%, 46.7%, 50.5%, 53.2%, 51.0%]",,,,
4,weights,5,60,0.1,1.5194230466891245,1.7049908488988876,0.0001111111111111111,48.08,"[42.0%, 46.7%, 50.5%, 53.2%, 48.0%]",,,,
4,weights,6,61,0.1,1.5189795615566763,1.6933566108345985,0.0001111111111111111,48.58,"[42.0%, 46.7%, 50.5%, 53.2%, 50.5%]",,,,
4,weights,7,62,0.1,1.495250560675457,1.675015352666378,0.0001111111111111111,48.64,"[42.0%, 46.7%, 50.5%, 53.2%, 50.8%]",,,,
4,weights,8,63,0.1,1.4864481687545776,1.650821015238762,0.0001111111111111111,48.519999999999996,"[42.0%, 46.7%, 50.5%, 53.2%, 50.2%]",,,,
4,weights,9,64,0.1,1.4670824609744322,1.6376976668834686,0.0001111111111111111,48.64,"[42.0%, 46.7%, 50.5%, 53.2%, 50.8%]",,,,
4,weights,10,65,0.1,1.4550903534433643,1.5949020199477673,0.0001111111111111111,48.98,"[42.0%, 46.7%, 50.5%, 53.2%, 52.5%]",,,,
4,weights,11,66,0.1,1.4378040846745679,1.602487176656723,0.0001111111111111111,48.66,"[42.0%, 46.7%, 50.5%, 53.2%, 50.9%]",,,,
4,weights,12,67,0.1,1.4488286334238234,1.5905842147767544,0.0001111111111111111,49.21999999999999,"[42.0%, 46.7%, 50.5%, 53.2%, 53.7%]",,,,
4,weights,13,68,0.1,1.4342058198467182,1.5883352234959602,0.0001111111111111111,48.8,"[42.0%, 46.7%, 50.5%, 53.2%, 51.6%]",,,,
4,weights,14,69,0.1,1.4390662726323316,1.5511063300073147,0.0001111111111111111,48.98,"[42.0%, 46.7%, 50.5%, 53.2%, 52.5%]",,,,
4,weights,15,70,0.1,1.403574020619605,1.546416737139225,0.0001111111111111111,48.98,"[42.0%, 46.7%, 50.5%, 53.2%, 52.5%]",,,,
4,weights,16,71,0.1,1.3932148742068344,1.6052909642457962,0.0001111111111111111,49.019999999999996,"[42.0%, 46.7%, 50.5%, 53.2%, 52.7%]",,,,
4,weights,17,72,0.1,1.399001260851599,1.6083224304020405,0.0001111111111111111,48.86,"[42.0%, 46.7%, 50.5%, 53.2%, 51.9%]",,,,
4,weights,18,73,0.1,1.3913695090895246,1.6077915653586388,0.0001111111111111111,48.779999999999994,"[42.0%, 46.7%, 50.5%, 53.2%, 51.5%]",,,,
4,weights,19,74,0.1,1.3883998766066923,1.5767427533864975,0.0001111111111111111,48.81999999999999,"[42.0%, 46.7%, 50.5%, 53.2%, 51.7%]",,,,
4,weights,20,75,0.1,1.375249879375385,1.5580464228987694,0.0001111111111111111,48.959999999999994,"[42.0%, 46.7%, 50.5%, 53.2%, 52.4%]",,,,
4,weights,21,76,0.1,1.3698937232327308,1.5729102306067944,0.0001111111111111111,48.8,"[42.0%, 46.7%, 50.5%, 53.2%, 51.6%]",,,,
4,weights,22,77,0.1,1.3483900006409664,1.5694782100617886,0.0001111111111111111,49.099999999999994,"[42.0%, 46.7%, 50.5%, 53.2%, 53.1%]",,,,
4,weights,23,78,0.1,1.3544762996351642,1.5617691688239574,0.0001111111111111111,48.81999999999999,"[42.0%, 46.7%, 50.5%, 53.2%, 51.7%]",,,,
4,weights,24,79,0.1,1.3371712094659258,1.5831088908016682,0.0001111111111111111,49.08,"[42.0%, 46.7%, 50.5%, 53.2%, 53.0%]",,,,
4,weights,25,80,0.1,1.3317541218107674,1.5219000056385994,0.0001111111111111111,49.059999999999995,"[42.0%, 46.7%, 50.5%, 53.2%, 52.9%]",33.22,"[13.3%, 24.1%, 35.3%, 43.0%, 50.4%]",38.480000000000004,"[30.4%, 36.5%, 35.4%, 53.2%, 36.9%]"
5,parallel,1,1,0.5,5.214574072771011,3.0341140776872635,0.0001111111111111111,41.71666666666666,"[42.0%, 46.7%, 50.5%, 53.2%, 52.9%, 5.0%]",,,,
5,parallel,2,2,0.5,3.037325310858951,3.0202643126249313,0.0001111111111111111,42.24999999999999,"[42.0%, 46.7%, 50.5%, 53.2%, 52.9%, 8.2%]",,,,
5,parallel,3,3,0.5,3.010175214451589,2.8994974195957184,0.0001111111111111111,42.416666666666664,"[42.0%, 46.7%, 50.5%, 53.2%, 52.9%, 9.2%]",,,,
5,parallel,4,4,0.5,2.8208582021628215,2.784090831875801,0.0001111111111111111,42.79999999999999,"[42.0%, 46.7%, 50.5%, 53.2%, 52.9%, 11.5%]",,,,
5,parallel,5,5,0.486861292547365,2.558308322718189,2.519243650138378,0.0001111111111111111,44.54999999999999,"[42.0%, 46.7%, 50.5%, 53.2%, 52.9%, 22.0%]",,,,
5,parallel,6,6,0.4712862607002313,2.3654794320938692,2.28840658813715,0.0001111111111111111,45.76666666666666,"[42.0%, 46.7%, 50.5%, 53.2%, 52.9%, 29.3%]",,,,
5,parallel,7,7,0.45603122885309755,2.1925580045979496,2.0839414969086647,0.0001111111111111111,46.68333333333333,"[42.0%, 46.7%, 50.5%, 53.2%, 52.9%, 34.8%]",,,,
5,parallel,8,8,0.4410961970059637,2.024688420781664,1.9140643700957298,0.0001111111111111111,47.43333333333333,"[42.0%, 46.7%, 50.5%, 53.2%, 52.9%, 39.3%]",,,,
5,parallel,9,9,0.42648116515883006,1.936819418220763,1.8718450218439102,0.0001111111111111111,47.78333333333333,"[42.0%, 46.7%, 50.5%, 53.2%, 52.9%, 41.4%]",,,,
5,parallel,10,10,0.4121861333116963,1.839420017163465,1.8645898588001728,0.0001111111111111111,48.06666666666666,"[42.0%, 46.7%, 50.5%, 53.2%, 52.9%, 43.1%]",,,,
5,parallel,11,11,0.3982111014645625,1.7741441240735873,1.763009238988161,0.0001111111111111111,48.166666666666664,"[42.0%, 46.7%, 50.5%, 53.2%, 52.9%, 43.7%]",,,,
5,parallel,12,12,0.3845560696174287,1.6937455318535968,1.7329169660806656,0.0001111111111111111,48.93333333333333,"[42.0%, 46.7%, 50.5%, 53.2%, 52.9%, 48.3%]",,,,
5,parallel,13,13,0.3712210377702949,1.6471285113863126,1.6152747757732868,0.0001111111111111111,49.349999999999994,"[42.0%, 46.7%, 50.5%, 53.2%, 52.9%, 50.8%]",,,,
5,parallel,14,14,0.3582060059231612,1.5709160163903693,1.5915375351905823,0.0001111111111111111,49.29999999999999,"[42.0%, 46.7%, 50.5%, 53.2%, 52.9%, 50.5%]",,,,
5,parallel,15,15,0.3455109740760275,1.550142154192469,1.595078557729721,0.0001111111111111111,49.29999999999999,"[42.0%, 46.7%, 50.5%, 53.2%, 52.9%, 50.5%]",,,,
5,parallel,16,16,0.33313594222889364,1.5133658507067687,1.4951346591114998,0.0001111111111111111,49.73333333333333,"[42.0%, 46.7%, 50.5%, 53.2%, 52.9%, 53.1%]",,,,
5,parallel,17,17,0.3210809103817599,1.4853277836635614,1.510364592075348,0.0001111111111111111,49.79999999999999,"[42.0%, 46.7%, 50.5%, 53.2%, 52.9%, 53.5%]",,,,
5,parallel,18,18,0.30934587853462614,1.4685061084237068,1.4660768248140812,0.0001111111111111111,50.03333333333333,"[42.0%, 46.7%, 50.5%, 53.2%, 52.9%, 54.9%]",,,,
5,parallel,19,19,0.29793084668749237,1.4397015112220861,1.4908291846513748,0.0001111111111111111,49.68333333333333,"[42.0%, 46.7%, 50.5%, 53.2%, 52.9%, 52.8%]",,,,
5,parallel,20,20,0.2868358148403586,1.4350291095721495,1.5388282537460327,0.0001111111111111111,49.9,"[42.0%, 46.7%, 50.5%, 53.2%, 52.9%, 54.1%]",,,,
5,parallel,21,21,0.2760607829932249,1.4132089295964332,1.4423174299299717,0.0001111111111111111,50.199999999999996,"[42.0%, 46.7%, 50.5%, 53.2%, 52.9%, 55.9%]",,,,
5,parallel,22,22,0.2656057511460911,1.4243764941859398,1.5517470426857471,0.0001111111111111111,49.633333333333326,"[42.0%, 46.7%, 50.5%, 53.2%, 52.9%, 52.5%]",,,,
5,parallel,23,23,0.25547071929895737,1.4093349238110195,1.4500209726393223,0.0001111111111111111,50.083333333333336,"[42.0%, 46.7%, 50.5%, 53.2%, 52.9%, 55.2%]",,,,
5,parallel,24,24,0.24565568745182362,1.4297067367347183,1.519387137144804,0.0001111111111111111,49.96666666666666,"[42.0%, 46.7%, 50.5%, 53.2%, 52.9%, 54.5%]",,,,
5,parallel,25,25,0.23616065560468985,1.3852495786490713,1.5292870998382568,0.0001111111111111111,49.883333333333326,"[42.0%, 46.7%, 50.5%, 53.2%, 52.9%, 54.0%]",,,,
5,parallel,26,26,0.22698562375755615,1.4055655260754238,1.3831303305923939,0.0001111111111111111,50.31666666666666,"[42.0%, 46.7%, 50.5%, 53.2%, 52.9%, 56.6%]",,,,
5,parallel,27,27,0.21813059191042236,1.4187091467486825,1.4791848361492157,0.0001111111111111111,49.949999999999996,"[42.0%, 46.7%, 50.5%, 53.2%, 52.9%, 54.4%]",,,,
5,parallel,28,28,0.2095955600632886,1.413276890660547,1.4922877326607704,0.0001111111111111111,50.03333333333333,"[42.0%, 46.7%, 50.5%, 53.2%, 52.9%, 54.9%]",,,,
5,parallel,29,29,0.20138052821615482,1.4241204360488113,1.6086118631064892,0.0001111111111111111,49.349999999999994,"[42.0%, 46.7%, 50.5%, 53.2%, 52.9%, 50.8%]",,,,
5,parallel,30,30,0.19348549636902107,1.4231488909691004,1.4983794577419758,0.0001111111111111111,49.98333333333333,"[42.0%, 46.7%, 50.5%, 53.2%, 52.9%, 54.6%]",,,,
5,parallel,31,31,0.1859104645218873,1.4409389647708577,1.6131235286593437,0.0001111111111111111,49.333333333333336,"[42.0%, 46.7%, 50.5%, 53.2%, 52.9%, 50.7%]",,,,
5,parallel,32,32,0.17865543267475353,1.4413268923000166,1.686064638197422,0.0001111111111111111,49.083333333333336,"[42.0%, 46.7%, 50.5%, 53.2%, 52.9%, 49.2%]",,,,
5,parallel,33,33,0.17172040082761977,1.4511317819546743,1.6667300537228584,0.0001111111111111111,49.23333333333333,"[42.0%, 46.7%, 50.5%, 53.2%, 52.9%, 50.1%]",,,,
5,parallel,34,34,0.16510536898048606,1.476907641265043,1.5055315271019936,0.0001111111111111111,50.099999999999994,"[42.0%, 46.7%, 50.5%, 53.2%, 52.9%, 55.3%]",,,,
5,parallel,35,35,0.1588103371333523,1.4853271876171137,1.5114996768534184,0.0001111111111111111,49.86666666666667,"[42.0%, 46.7%, 50.5%, 53.2%, 52.9%, 53.9%]",,,,
5,parallel,36,36,0.15283530528621853,1.5412852300959787,1.5575986728072166,0.0001111111111111111,49.883333333333326,"[42.0%, 46.7%, 50.5%, 53.2%, 52.9%, 54.0%]",,,,
5,parallel,37,37,0.14718027343908474,1.536775715032201,1.5892935693264008,0.0001111111111111111,49.93333333333333,"[42.0%, 46.7%, 50.5%, 53.2%, 52.9%, 54.3%]",,,,
5,parallel,38,38,0.141845241591951,1.530811704647769,1.5694089233875275,0.0001111111111111111,49.54999999999999,"[42.0%, 46.7%, 50.5%, 53.2%, 52.9%, 52.0%]",,,,
5,parallel,39,39,0.13683020974481724,1.6037041419630598,1.6195689290761948,0.0001111111111111111,49.25,"[42.0%, 46.7%, 50.5%, 53.2%, 52.9%, 50.2%]",,,,
5,parallel,40,40,0.1321351778976835,1.5665190371738118,1.629541341215372,0.0001111111111111111,49.5,"[42.0%, 46.7%, 50.5%, 53.2%, 52.9%, 51.7%]",,,,
5,parallel,41,41,0.12776014605054972,1.553094589786165,1.6431310698390007,0.0001111111111111111,49.383333333333326,"[42.0%, 46.7%, 50.5%, 53.2%, 52.9%, 51.0%]",,,,
5,parallel,42,42,0.12370511420341597,1.607420933474401,1.6595287919044495,0.0001111111111111111,49.199999999999996,"[42.0%, 46.7%, 50.5%, 53.2%, 52.9%, 49.9%]",,,,
5,parallel,43,43,0.1199700823562822,1.5852718960707355,1.6778018698096275,0.0001111111111111111,49.04999999999999,"[42.0%, 46.7%, 50.5%, 53.2%, 52.9%, 49.0%]",,,,
5,parallel,44,44,0.11655505050914845,1.5948334021173465,1.6918945088982582,0.0001111111111111111,48.9,"[42.0%, 46.7%, 50.5%, 53.2%, 52.9%, 48.1%]",,,,
5,parallel,45,45,0.11346001866201469,1.5838290217575755,1.6640516370534897,0.0001111111111111111,49.18333333333333,"[42.0%, 46.7%, 50.5%, 53.2%, 52.9%, 49.8%]",,,,
5,parallel,46,46,0.11068498681488094,1.5618616152720846,1.5990751534700394,0.0001111111111111111,49.54999999999999,"[42.0%, 46.7%, 50.5%, 53.2%, 52.9%, 52.0%]",,,,
5,parallel,47,47,0.10822995496774718,1.6269453247641301,1.66424148529768,0.0001111111111111111,48.833333333333336,"[42.0%, 46.7%, 50.5%, 53.2%, 52.9%, 47.7%]",,,,
5,parallel,48,48,0.10609492312061342,1.599249735759322,1.6317992731928825,0.0001111111111111111,49.133333333333326,"[42.0%, 46.7%, 50.5%, 53.2%, 52.9%, 49.5%]",,,,
5,parallel,49,49,0.10427989127347966,1.5682077483766397,1.5876657664775848,0.0001111111111111111,49.65,"[42.0%, 46.7%, 50.5%, 53.2%, 52.9%, 52.6%]",,,,
5,parallel,50,50,0.1027848594263459,1.5434562909375331,1.651772003620863,0.0001111111111111111,49.43333333333333,"[42.0%, 46.7%, 50.5%, 53.2%, 52.9%, 51.3%]",,,,
5,parallel,51,51,0.10160982757921214,1.5214930909454443,1.71201828494668,0.0001111111111111111,48.98333333333333,"[42.0%, 46.7%, 50.5%, 53.2%, 52.9%, 48.6%]",,,,
5,parallel,52,52,0.10075479573207838,1.5946308237731837,1.593306839466095,0.0001111111111111111,49.56666666666666,"[42.0%, 46.7%, 50.5%, 53.2%, 52.9%, 52.1%]",,,,
5,parallel,53,53,0.10021976388494463,1.5236946458269836,1.5475662760436535,0.0001111111111111111,49.9,"[42.0%, 46.7%, 50.5%, 53.2%, 52.9%, 54.1%]",,,,
5,parallel,54,54,0.10000473203781086,1.4866956692592355,1.5556989833712578,0.0001111111111111111,49.65,"[42.0%, 46.7%, 50.5%, 53.2%, 52.9%, 52.6%]",,,,
5,parallel,55,55,0.1,1.4691391925143589,1.5608084090054035,0.0001111111111111111,49.61666666666667,"[42.0%, 46.7%, 50.5%, 53.2%, 52.9%, 52.4%]",,,,
5,weights,1,56,0.1,1.4487185417466861,1.548526108264923,0.0001111111111111111,49.56666666666666,"[42.0%, 46.7%, 50.5%, 53.2%, 52.9%, 52.1%]",,,,
5,weights,2,57,0.1,1.449503314722875,1.5805532969534397,0.0001111111111111111,49.56666666666666,"[42.0%, 46.7%, 50.5%, 53.2%, 52.9%, 52.1%]",,,,
5,weights,3,58,0.1,1.4229241617166313,1.4968462213873863,0.0001111111111111111,49.916666666666664,"[42.0%, 46.7%, 50.5%, 53.2%, 52.9%, 54.2%]",,,,
5,weights,4,59,0.1,1.4122090521891406,1.5542152784764767,0.0001111111111111111,49.61666666666667,"[42.0%, 46.7%, 50.5%, 53.2%, 52.9%, 52.4%]",,,,
5,weights,5,60,0.1,1.3944042594569503,1.540763545781374,0.0001111111111111111,49.79999999999999,"[42.0%, 46.7%, 50.5%, 53.2%, 52.9%, 53.5%]",,,,
5,weights,6,61,0.1,1.387974061404064,1.5100847482681274,0.0001111111111111111,49.599999999999994,"[42.0%, 46.7%, 50.5%, 53.2%, 52.9%, 52.3%]",,,,
5,weights,7,62,0.1,1.3740457402672737,1.598617970943451,0.0001111111111111111,49.4,"[42.0%, 46.7%, 50.5%, 53.2%, 52.9%, 51.1%]",,,,
5,weights,8,63,0.1,1.3572992059835203,1.4671595320105553,0.0001111111111111111,50.099999999999994,"[42.0%, 46.7%, 50.5%, 53.2%, 52.9%, 55.3%]",,,,
5,weights,9,64,0.1,1.3526835266951542,1.5059271603822708,0.0001111111111111111,49.86666666666667,"[42.0%, 46.7%, 50.5%, 53.2%, 52.9%, 53.9%]",,,,
5,weights,10,65,0.1,1.3431421290537355,1.5308427512645721,0.0001111111111111111,49.78333333333333,"[42.0%, 46.7%, 50.5%, 53.2%, 52.9%, 53.4%]",,,,
5,weights,11,66,0.1,1.330170188739801,1.518469411879778,0.0001111111111111111,50.0,"[42.0%, 46.7%, 50.5%, 53.2%, 52.9%, 54.7%]",,,,
5,weights,12,67,0.1,1.3142437297067824,1.4918171279132366,0.0001111111111111111,50.0,"[42.0%, 46.7%, 50.5%, 53.2%, 52.9%, 54.7%]",,,,
5,weights,13,68,0.1,1.3210986636246844,1.4553886763751507,0.0001111111111111111,50.03333333333333,"[42.0%, 46.7%, 50.5%, 53.2%, 52.9%, 54.9%]",,,,
5,weights,14,69,0.1,1.2913883624562792,1.4841738045215607,0.0001111111111111111,49.9,"[42.0%, 46.7%, 50.5%, 53.2%, 52.9%, 54.1%]",,,,
5,weights,15,70,0.1,1.288561280365962,1.4229895733296871,0.0001111111111111111,50.06666666666666,"[42.0%, 46.7%, 50.5%, 53.2%, 52.9%, 55.1%]",,,,
5,weights,16,71,0.1,1.278621892640545,1.468347579240799,0.0001111111111111111,50.11666666666667,"[42.0%, 46.7%, 50.5%, 53.2%, 52.9%, 55.4%]",,,,
5,weights,17,72,0.1,1.274105141496962,1.5055594854056835,0.0001111111111111111,50.04999999999999,"[42.0%, 46.7%, 50.5%, 53.2%, 52.9%, 55.0%]",,,,
5,weights,18,73,0.1,1.2748482785407145,1.4258366264402866,0.0001111111111111111,50.21666666666666,"[42.0%, 46.7%, 50.5%, 53.2%, 52.9%, 56.0%]",,,,
5,weights,19,74,0.1,1.2520708487292005,1.4301986284554005,0.0001111111111111111,50.46666666666666,"[42.0%, 46.7%, 50.5%, 53.2%, 52.9%, 57.5%]",,,,
5,weights,20,75,0.1,1.2599236710815673,1.5167206786572933,0.0001111111111111111,50.04999999999999,"[42.0%, 46.7%, 50.5%, 53.2%, 52.9%, 55.0%]",,,,
5,weights,21,76,0.1,1.2492376508986114,1.4802621267735958,0.0001111111111111111,50.166666666666664,"[42.0%, 46.7%, 50.5%, 53.2%, 52.9%, 55.7%]",,,,
5,weights,22,77,0.1,1.2435497436553808,1.4379441440105438,0.0001111111111111111,50.333333333333336,"[42.0%, 46.7%, 50.5%, 53.2%, 52.9%, 56.7%]",,,,
5,weights,23,78,0.1,1.2341870973064641,1.5017083883285522,0.0001111111111111111,50.0,"[42.0%, 46.7%, 50.5%, 53.2%, 52.9%, 54.7%]",,,,
5,weights,24,79,0.1,1.2182580418647475,1.496425550431013,0.0001111111111111111,49.916666666666664,"[42.0%, 46.7%, 50.5%, 53.2%, 52.9%, 54.2%]",,,,
5,weights,25,80,0.1,1.2345221946193914,1.4798756577074528,0.0001111111111111111,50.11666666666667,"[42.0%, 46.7%, 50.5%, 53.2%, 52.9%, 55.4%]",35.51666666666667,"[8.9%, 24.1%, 35.3%, 43.0%, 48.1%, 53.7%]",41.1,"[28.5%, 36.5%, 35.4%, 53.2%, 39.3%, 53.7%]"
6,parallel,1,1,0.4,7.306557817823568,3.361943155527115,0.0001111111111111111,43.67142857142857,"[42.0%, 46.7%, 50.5%, 53.2%, 52.9%, 55.4%, 5.0%]",,,,
6,parallel,2,2,0.4,3.098335487827374,3.0291231870651245,0.0001111111111111111,43.67142857142857,"[42.0%, 46.7%, 50.5%, 53.2%, 52.9%, 55.4%, 5.0%]",,,,
6,parallel,3,3,0.4,3.02822986074314,3.022000953555107,0.0001111111111111111,43.67142857142857,"[42.0%, 46.7%, 50.5%, 53.2%, 52.9%, 55.4%, 5.0%]",,,,
6,parallel,4,4,0.4,3.0203687096856964,3.009016916155815,0.0001111111111111111,43.67142857142857,"[42.0%, 46.7%, 50.5%, 53.2%, 52.9%, 55.4%, 5.0%]",,,,
6,parallel,5,5,0.3901459694105238,3.0204787041730943,3.006396621465683,0.0001111111111111111,43.67142857142857,"[42.0%, 46.7%, 50.5%, 53.2%, 52.9%, 55.4%, 5.0%]",,,,
6,parallel,6,6,0.3784646955251735,3.013297803842338,2.9883683770895004,0.0001111111111111111,44.199999999999996,"[42.0%, 46.7%, 50.5%, 53.2%, 52.9%, 55.4%, 8.7%]",,,,
6,parallel,7,7,0.36702342163982316,2.896615992685792,2.8273228108882904,0.0001111111111111111,44.57142857142857,"[42.0%, 46.7%, 50.5%, 53.2%, 52.9%, 55.4%, 11.3%]",,,,
6,parallel,8,8,0.35582214775447285,2.7023116874087387,2.576732836663723,0.0001111111111111111,45.4,"[42.0%, 46.7%, 50.5%, 53.2%, 52.9%, 55.4%, 17.1%]",,,,
6,parallel,9,9,0.34486087386912256,2.5061418007893166,2.4423767775297165,0.0001111111111111111,45.957142857142856,"[42.0%, 46.7%, 50.5%, 53.2%, 52.9%, 55.4%, 21.0%]",,,,
6,parallel,10,10,0.3341395999837722,2.361371050974366,2.3974319100379944,0.0001111111111111111,46.57142857142857,"[42.0%, 46.7%, 50.5%, 53.2%, 52.9%, 55.4%, 25.3%]",,,,
6,parallel,11,11,0.3236583260984219,2.260297773749965,2.250613398849964,0.0001111111111111111,47.114285714285714,"[42.0%, 46.7%, 50.5%, 53.2%, 52.9%, 55.4%, 29.1%]",,,,
6,parallel,12,12,0.3134170522130716,2.1680484129365083,2.1785589158535004,0.0001111111111111111,47.68571428571429,"[42.0%, 46.7%, 50.5%, 53.2%, 52.9%, 55.4%, 33.1%]",,,,
6,parallel,13,13,0.3034157783277212,2.0990665718248693,2.4202909246087074,0.0001111111111111111,46.957142857142856,"[42.0%, 46.7%, 50.5%, 53.2%, 52.9%, 55.4%, 28.0%]",,,,
6,parallel,14,14,0.29365450444237096,2.0626808837720545,2.1975259855389595,0.0001111111111111111,47.87142857142857,"[42.0%, 46.7%, 50.5%, 53.2%, 52.9%, 55.4%, 34.4%]",,,,
6,parallel,15,15,0.28413323055702067,2.0018202461254826,2.0627605989575386,0.0001111111111111111,48.385714285714286,"[42.0%, 46.7%, 50.5%, 53.2%, 52.9%, 55.4%, 38.0%]",,,,
6,parallel,16,16,0.2748519566716703,1.988645151162603,1.9942391365766525,0.0001111111111111111,48.714285714285715,"[42.0%, 46.7%, 50.5%, 53.2%, 52.9%, 55.4%, 40.3%]",,,,
6,parallel,17,17,0.26581068278632,1.9247684053554657,2.042888157069683,0.0001111111111111111,48.442857142857136,"[42.0%, 46.7%, 50.5%, 53.2%, 52.9%, 55.4%, 38.4%]",,,,
6,parallel,18,18,0.2570094089009696,1.9181225223905722,1.925612822175026,0.0001111111111111111,49.028571428571425,"[42.0%, 46.7%, 50.5%, 53.2%, 52.9%, 55.4%, 42.5%]",,,,
6,parallel,19,19,0.24844813501561933,1.8888049960895708,1.9586490094661713,0.0001111111111111111,48.68571428571429,"[42.0%, 46.7%, 50.5%, 53.2%, 52.9%, 55.4%, 40.1%]",,,,
6,parallel,20,20,0.240126861130269,1.8853344818589035,1.9838297441601753,0.0001111111111111111,48.72857142857142,"[42.0%, 46.7%, 50.5%, 53.2%, 52.9%, 55.4%, 40.4%]",,,,
6,parallel,21,21,0.23204558724491867,1.8605907031684925,1.9727741330862045,0.0001111111111111111,48.542857142857144,"[42.0%, 46.7%, 50.5%, 53.2%, 52.9%, 55.4%, 39.1%]",,,,
6,parallel,22,22,0.22420431335956834,1.839864636682401,1.9498575702309608,0.0001111111111111111,48.885714285714286,"[42.0%, 46.7%, 50.5%, 53.2%, 52.9%, 55.4%, 41.5%]",,,,
6,parallel,23,23,0.21660303947421805,1.8315512177291189,1.9707363992929459,0.0001111111111111111,48.8,"[42.0%, 46.7%, 50.5%, 53.2%, 52.9%, 55.4%, 40.9%]",,,,
6,parallel,24,24,0.20924176558886773,1.8259804795502097,1.8880056738853455,0.0001111111111111111,49.01428571428571,"[42.0%, 46.7%, 50.5%, 53.2%, 52.9%, 55.4%, 42.4%]",,,,
6,parallel,25,25,0.2021204917035174,1.8131457043301529,2.0346814543008804,0.0001111111111111111,48.57142857142857,"[42.0%, 46.7%, 50.5%, 53.2%, 52.9%, 55.4%, 39.3%]",,,,
6,parallel,26,26,0.1952392178181671,1.8129346613671369,1.9524578005075455,0.0001111111111111111,48.957142857142856,"[42.0%, 46.7%, 50.5%, 53.2%, 52.9%, 55.4%, 42.0%]",,,,
6,parallel,27,27,0.18859794393281676,1.7858509447923891,2.0094894990324974,0.0001111111111111111,48.67142857142857,"[42.0%, 46.7%, 50.5%, 53.2%, 52.9%, 55.4%, 40.0%]",,,,
6,parallel,28,28,0.18219667004746645,1.8286109502148475,1.8571193218231201,0.0001111111111111111,49.25714285714286,"[42.0%, 46.7%, 50.5%, 53.2%, 52.9%, 55.4%, 44.1%]",,,,
6,parallel,29,29,0.17603539616211614,1.8020871968785668,1.878975436091423,0.0001111111111111111,49.199999999999996,"[42.0%, 46.7%, 50.5%, 53.2%, 52.9%, 55.4%, 43.7%]",,,,
6,parallel,30,30,0.1701141222767658,1.8123398791452883,1.9392087757587433,0.0001111111111111111,48.971428571428575,"[42.0%, 46.7%, 50.5%, 53.2%, 52.9%, 55.4%, 42.1%]",,,,
6,parallel,31,31,0.16443284839141548,1.8109579959492774,1.927106261253357,0.0001111111111111111,49.0,"[42.0%, 46.7%, 50.5%, 53.2%, 52.9%, 55.4%, 42.3%]",,,,
6,parallel,32,32,0.15899157450606516,1.8122457091216069,1.9444957748055458,0.0001111111111111111,48.91428571428571,"[42.0%, 46.7%, 50.5%, 53.2%, 52.9%, 55.4%, 41.7%]",,,,
6,parallel,33,33,0.15379030062071483,1.8336384440683255,1.8797660022974014,0.0001111111111111111,49.15714285714285,"[42.0%, 46.7%, 50.5%, 53.2%, 52.9%, 55.4%, 43.4%]",,,,
6,parallel,34,34,0.14882902673536452,1.8218828644722131,1.9030087627470493,0.0001111111111111111,49.285714285714285,"[42.0%, 46.7%, 50.5%, 53.2%, 52.9%, 55.4%, 44.3%]",,,,
6,parallel,35,35,0.1441077528500142,1.8161860264030991,1.930507656186819,0.0001111111111111111,49.08571428571428,"[42.0%, 46.7%, 50.5%, 53.2%, 52.9%, 55.4%, 42.9%]",,,,
6,parallel,36,36,0.1396264789646639,1.877000782140501,1.9745177626609802,0.0001111111111111111,48.642857142857146,"[42.0%, 46.7%, 50.5%, 53.2%, 52.9%, 55.4%, 39.8%]",,,,
6,parallel,37,37,0.13538520507931356,1.8680931405656656,1.934421956539154,0.0001111111111111111,49.07142857142857,"[42.0%, 46.7%, 50.5%, 53.2%, 52.9%, 55.4%, 42.8%]",,,,
6,parallel,38,38,0.13138393119396324,1.910154502103283,2.0108759701251984,0.0001111111111111111,48.55714285714286,"[42.0%, 46.7%, 50.5%, 53.2%, 52.9%, 55.4%, 39.2%]",,,,
6,parallel,39,39,0.12762265730861294,1.8509122452158837,1.9901722967624664,0.0001111111111111111,48.68571428571429,"[42.0%, 46.7%, 50.5%, 53.2%, 52.9%, 55.4%, 40.1%]",,,,
6,parallel,40,40,0.12410138342326263,1.9212932237394296,2.0181830152869225,0.0001111111111111111,48.67142857142857,"[42.0%, 46.7%, 50.5%, 53.2%, 52.9%, 55.4%, 40.0%]",,,,
6,parallel,41,41,0.1208201095379123,1.9063597332899738,2.0330570191144943,0.0001111111111111111,48.442857142857136,"[42.0%, 46.7%, 50.5%, 53.2%, 52.9%, 55.4%, 38.4%]",,,,
6,parallel,42,42,0.11777883565256198,1.8729799249369627,2.005572997033596,0.0001111111111111111,48.55714285714286,"[42.0%, 46.7%, 50.5%, 53.2%, 52.9%, 55.4%, 39.2%]",,,,
6,parallel,43,43,0.11497756176721166,1.8917868099394877,1.9843715280294418,0.0001111111111111111,48.81428571428571,"[42.0%, 46.7%, 50.5%, 53.2%, 52.9%, 55.4%, 41.0%]",,,,
6,parallel,44,44,0.11241628788186134,1.8672301579432882,2.064859040081501,0.0001111111111111111,48.41428571428571,"[42.0%, 46.7%, 50.5%, 53.2%, 52.9%, 55.4%, 38.2%]",,,,
6,parallel,45,45,0.11009501399651102,1.8357160584941792,2.0162605717778206,0.0001111111111111111,48.72857142857142,"[42.0%, 46.7%, 50.5%, 53.2%, 52.9%, 55.4%, 40.4%]",,,,
6,parallel,46,46,0.1080137401111607,1.9447911415889765,2.0327050760388374,0.0001111111111111111,48.614285714285714,"[42.0%, 46.7%, 50.5%, 53.2%, 52.9%, 55.4%, 39.6%]",,,,
6,parallel,47,47,0.10617246622581039,1.8694347021686044,2.071545012295246,0.0001111111111111111,48.142857142857146,"[42.0%, 46.7%, 50.5%, 53.2%, 52.9%, 55.4%, 36.3%]",,,,
6,parallel,48,48,0.10457119234046007,1.8860390778559788,1.992042139172554,0.0001111111111111111,48.6,"[42.0%, 46.7%, 50.5%, 53.2%, 52.9%, 55.4%, 39.5%]",,,,
6,parallel,49,49,0.10320991845510975,1.8463733887216847,1.9997568987309933,0.0001111111111111111,48.614285714285714,"[42.0%, 46.7%, 50.5%, 53.2%, 52.9%, 55.4%, 39.6%]",,,,
6,parallel,50,50,0.10208864456975943,1.8390495131729514,1.9696143940091133,0.0001111111111111111,48.8,"[42.0%, 46.7%, 50.5%, 53.2%, 52.9%, 55.4%, 40.9%]",,,,
6,parallel,51,51,0.1012073706844091,1.9222480005519405,2.0075781419873238,0.0001111111111111111,48.8,"[42.0%, 46.7%, 50.5%, 53.2%, 52.9%, 55.4%, 40.9%]",,,,
6,parallel,52,52,0.10056609679905879,1.8928190978469364,1.976037371903658,0.0001111111111111111,48.68571428571429,"[42.0%, 46.7%, 50.5%, 53.2%, 52.9%, 55.4%, 40.1%]",,,,
6,parallel,53,53,0.10016482291370847,1.8423149866662967,1.9587397053837776,0.0001111111111111111,48.65714285714285,"[42.0%, 46.7%, 50.5%, 53.2%, 52.9%, 55.4%, 39.9%]",,,,
6,parallel,54,54,0.10000354902835816,1.7976958326473358,1.9909816533327103,0.0001111111111111111,48.72857142857142,"[42.0%, 46.7%, 50.5%, 53.2%, 52.9%, 55.4%, 40.4%]",,,,
6,parallel,55,55,0.1,1.7925730594404183,1.9475408867001534,0.0001111111111111111,48.971428571428575,"[42.0%, 46.7%, 50.5%, 53.2%, 52.9%, 55.4%, 42.1%]",,,,
6,weights,1,56,0.1,1.7687467792231566,1.9248395822942257,0.0001111111111111111,48.971428571428575,"[42.0%, 46.7%, 50.5%, 53.2%, 52.9%, 55.4%, 42.1%]",,,,
6,weights,2,57,0.1,1.7595120152090764,1.9901713281869888,0.0001111111111111111,48.957142857142856,"[42.0%, 46.7%, 50.5%, 53.2%, 52.9%, 55.4%, 42.0%]",,,,
6,weights,3,58,0.1,1.753581686384359,1.9709760770201683,0.0001111111111111111,48.74285714285714,"[42.0%, 46.7%, 50.5%, 53.2%, 52.9%, 55.4%, 40.5%]",,,,
6,weights,4,59,0.1,1.7288987234139899,1.9114640727639198,0.0001111111111111111,49.114285714285714,"[42.0%, 46.7%, 50.5%, 53.2%, 52.9%, 55.4%, 43.1%]",,,,
6,weights,5,60,0.1,1.7092533719008136,1.9361723065376282,0.0001111111111111111,48.942857142857136,"[42.0%, 46.7%, 50.5%, 53.2%, 52.9%, 55.4%, 41.9%]",,,,
6,weights,6,61,0.1,1.7094879583188682,1.880152277648449,0.0001111111111111111,49.142857142857146,"[42.0%, 46.7%, 50.5%, 53.2%, 52.9%, 55.4%, 43.3%]",,,,
6,weights,7,62,0.1,1.6960668928304297,1.9564883559942245,0.0001111111111111111,48.82857142857143,"[42.0%, 46.7%, 50.5%, 53.2%, 52.9%, 55.4%, 41.1%]",,,,
6,weights,8,63,0.1,1.7013328219674955,1.9011970981955528,0.0001111111111111111,49.0,"[42.0%, 46.7%, 50.5%, 53.2%, 52.9%, 55.4%, 42.3%]",,,,
6,weights,9,64,0.1,1.6805174449446854,1.911115251481533,0.0001111111111111111,49.08571428571428,"[42.0%, 46.7%, 50.5%, 53.2%, 52.9%, 55.4%, 42.9%]",,,,
6,weights,10,65,0.1,1.680877933836287,1.8849989175796509,0.0001111111111111111,48.957142857142856,"[42.0%, 46.7%, 50.5%, 53.2%, 52.9%, 55.4%, 42.0%]",,,,
6,weights,11,66,0.1,1.656199664067311,1.8452373184263706,0.0001111111111111111,49.24285714285714,"[42.0%, 46.7%, 50.5%, 53.2%, 52.9%, 55.4%, 44.0%]",,,,
6,weights,12,67,0.1,1.6471905321072622,1.8352796137332916,0.0001111111111111111,49.285714285714285,"[42.0%, 46.7%, 50.5%, 53.2%, 52.9%, 55.4%, 44.3%]",,,,
6,weights,13,68,0.1,1.6461355959533885,1.868541345000267,0.0001111111111111111,49.31428571428571,"[42.0%, 46.7%, 50.5%, 53.2%, 52.9%, 55.4%, 44.5%]",,,,
6,weights,14,69,0.1,1.6291863758852527,1.887895829975605,0.0001111111111111111,48.957142857142856,"[42.0%, 46.7%, 50.5%, 53.2%, 52.9%, 55.4%, 42.0%]",,,,
6,weights,15,70,0.1,1.624580557938594,1.8978139907121658,0.0001111111111111111,49.114285714285714,"[42.0%, 46.7%, 50.5%, 53.2%, 52.9%, 55.4%, 43.1%]",,,,
6,weights,16,71,0.1,1.6278745702877166,1.8718812838196754,0.0001111111111111111,49.22857142857142,"[42.0%, 46.7%, 50.5%, 53.2%, 52.9%, 55.4%, 43.9%]",,,,
6,weights,17,72,0.1,1.6222490269667025,1.8536154553294182,0.0001111111111111111,49.128571428571426,"[42.0%, 46.7%, 50.5%, 53.2%, 52.9%, 55.4%, 43.2%]",,,,
6,weights,18,73,0.1,1.6040069502630052,1.851872529834509,0.0001111111111111111,49.08571428571428,"[42.0%, 46.7%, 50.5%, 53.2%, 52.9%, 55.4%, 42.9%]",,,,
6,weights,19,74,0.1,1.5959514090969305,1.852092020213604,0.0001111111111111111,49.41428571428571,"[42.0%, 46.7%, 50.5%, 53.2%, 52.9%, 55.4%, 45.2%]",,,,
6,weights,20,75,0.1,1.563475668050681,1.9259608834981918,0.0001111111111111111,48.98571428571428,"[42.0%, 46.7%, 50.5%, 53.2%, 52.9%, 55.4%, 42.2%]",,,,
6,weights,21,76,0.1,1.5978580515855436,1.8544097393751144,0.0001111111111111111,49.028571428571425,"[42.0%, 46.7%, 50.5%, 53.2%, 52.9%, 55.4%, 42.5%]",,,,
6,weights,22,77,0.1,1.568487876539777,1.8294801637530327,0.0001111111111111111,49.37142857142857,"[42.0%, 46.7%, 50.5%, 53.2%, 52.9%, 55.4%, 44.9%]",,,,
6,weights,23,78,0.1,1.5664021748646049,1.8415720462799072,0.0001111111111111111,49.37142857142857,"[42.0%, 46.7%, 50.5%, 53.2%, 52.9%, 55.4%, 44.9%]",,,,
6,weights,24,79,0.1,1.5536773356662434,1.8472419455647469,0.0001111111111111111,49.22857142857142,"[42.0%, 46.7%, 50.5%, 53.2%, 52.9%, 55.4%, 43.9%]",,,,
6,weights,25,80,0.1,1.5420224651409562,1.846040166914463,0.0001111111111111111,49.42857142857143,"[42.0%, 46.7%, 50.5%, 53.2%, 52.9%, 55.4%, 45.3%]",34.471428571428575,"[8.9%, 24.1%, 35.3%, 43.0%, 48.1%, 53.7%, 28.2%]",39.58571428571429,"[28.5%, 36.5%, 41.2%, 45.8%, 39.3%, 53.7%, 32.1%]"
7,parallel,1,1,0.3,7.724732406579765,3.2502572536468506,0.0001111111111111111,43.875,"[42.0%, 46.7%, 50.5%, 53.2%, 52.9%, 55.4%, 45.3%, 5.0%]",,,,
7,parallel,2,2,0.3,3.0957936025728845,3.043459177017212,0.0001111111111111111,43.875,"[42.0%, 46.7%, 50.5%, 53.2%, 52.9%, 55.4%, 45.3%, 5.0%]",,,,
7,parallel,3,3,0.3,3.0309641361236572,3.017880991101265,0.0001111111111111111,43.875,"[42.0%, 46.7%, 50.5%, 53.2%, 52.9%, 55.4%, 45.3%, 5.0%]",,,,
7,parallel,4,4,0.3,3.020842020678672,3.0172815024852753,0.0001111111111111111,43.875,"[42.0%, 46.7%, 50.5%, 53.2%, 52.9%, 55.4%, 45.3%, 5.0%]",,,,
7,parallel,5,5,0.2934306462736825,3.017620253714786,3.0051348209381104,0.0001111111111111111,43.875,"[42.0%, 46.7%, 50.5%, 53.2%, 52.9%, 55.4%, 45.3%, 5.0%]",,,,
7,parallel,6,6,0.28564313035011557,3.009942789745938,3.0139257609844208,0.0001111111111111111,44.0,"[42.0%, 46.7%, 50.5%, 53.2%, 52.9%, 55.4%, 45.3%, 6.0%]",,,,
7,parallel,7,7,0.27801561442654876,2.9442949613947778,3.05088809132576,0.0001111111111111111,43.9875,"[42.0%, 46.7%, 50.5%, 53.2%, 52.9%, 55.4%, 45.3%, 5.9%]",,,,
7,parallel,8,8,0.27054809850298184,2.8107786421563214,2.748314268887043,0.0001111111111111111,44.5875,"[42.0%, 46.7%, 50.5%, 53.2%, 52.9%, 55.4%, 45.3%, 10.7%]",,,,
7,parallel,9,9,0.26324058257941496,2.711121144568085,2.8742010295391083,0.0001111111111111111,44.8,"[42.0%, 46.7%, 50.5%, 53.2%, 52.9%, 55.4%, 45.3%, 12.4%]",,,,
7,parallel,10,10,0.2560930666558481,2.6132326687976812,2.6488191559910774,0.0001111111111111111,45.65,"[42.0%, 46.7%, 50.5%, 53.2%, 52.9%, 55.4%, 45.3%, 19.2%]",,,,
7,parallel,11,11,0.24910555073228122,2.478273291496714,2.4926560446619987,0.0001111111111111111,46.05,"[42.0%, 46.7%, 50.5%, 53.2%, 52.9%, 55.4%, 45.3%, 22.4%]",,,,
7,parallel,12,12,0.24227803480871435,2.3430430767642463,2.2158699221909046,0.0001111111111111111,47.275,"[42.0%, 46.7%, 50.5%, 53.2%, 52.9%, 55.4%, 45.3%, 32.2%]",,,,
7,parallel,13,13,0.23561051888514745,2.241234762653424,2.176629204303026,0.0001111111111111111,47.4625,"[42.0%, 46.7%, 50.5%, 53.2%, 52.9%, 55.4%, 45.3%, 33.7%]",,,,
7,parallel,14,14,0.22910300296158062,2.1733752451125223,2.2631411217153072,0.0001111111111111111,47.175,"[42.0%, 46.7%, 50.5%, 53.2%, 52.9%, 55.4%, 45.3%, 31.4%]",,,,
7,parallel,15,15,0.22275548703801373,2.1084480703256694,2.0668369717895985,0.0001111111111111111,47.8625,"[42.0%, 46.7%, 50.5%, 53.2%, 52.9%, 55.4%, 45.3%, 36.9%]",,,,
7,parallel,16,16,0.2165679711144468,2.0748558203885508,1.9791388884186745,0.0001111111111111111,48.0375,"[42.0%, 46.7%, 50.5%, 53.2%, 52.9%, 55.4%, 45.3%, 38.3%]",,,,
7,parallel,17,17,0.21054045519087994,2.0359235895667105,2.118523370474577,0.0001111111111111111,47.8625,"[42.0%, 46.7%, 50.5%, 53.2%, 52.9%, 55.4%, 45.3%, 36.9%]",,,,
7,parallel,18,18,0.20467293926731306,1.9622168715592403,1.9025749079883099,0.0001111111111111111,48.45,"[42.0%, 46.7%, 50.5%, 53.2%, 52.9%, 55.4%, 45.3%, 41.6%]",,,,
7,parallel,19,19,0.19896542334374617,1.9296918196283328,2.0099090300500393,0.0001111111111111111,47.95,"[42.0%, 46.7%, 50.5%, 53.2%, 52.9%, 55.4%, 45.3%, 37.6%]",,,,
7,parallel,20,20,0.19341790742017928,1.9099409344849314,1.8693870455026627,0.0001111111111111111,48.425,"[42.0%, 46.7%, 50.5%, 53.2%, 52.9%, 55.4%, 45.3%, 41.4%]",,,,
7,parallel,21,21,0.18803039149661244,1.8517620859632067,1.9017743580043316,0.0001111111111111111,48.7625,"[42.0%, 46.7%, 50.5%, 53.2%, 52.9%, 55.4%, 45.3%, 44.1%]",,,,
7,parallel,22,22,0.18280287557304553,1.8805668589415823,1.894919902086258,0.0001111111111111111,48.6625,"[42.0%, 46.7%, 50.5%, 53.2%, 52.9%, 55.4%, 45.3%, 43.3%]",,,,
7,parallel,23,23,0.17773535964947867,1.8244087658110697,2.0455215387046337,0.0001111111111111111,47.9625,"[42.0%, 46.7%, 50.5%, 53.2%, 52.9%, 55.4%, 45.3%, 37.7%]",,,,
7,parallel,24,24,0.1728278437259118,1.8147176830631913,1.865715205669403,0.0001111111111111111,48.6375,"[42.0%, 46.7%, 50.5%, 53.2%, 52.9%, 55.4%, 45.3%, 43.1%]",,,,
7,parallel,25,25,0.16808032780234491,1.8070978328680536,1.8533618710935116,0.0001111111111111111,48.65,"[42.0%, 46.7%, 50.5%, 53.2%, 52.9%, 55.4%, 45.3%, 43.2%]",,,,
7,parallel,26,26,0.16349281187877807,1.790270856231641,2.1202086843550205,0.0001111111111111111,47.8625,"[42.0%, 46.7%, 50.5%, 53.2%, 52.9%, 55.4%, 45.3%, 36.9%]",,,,
7,parallel,27,27,0.15906529595521118,1.761212772624508,1.9177123457193375,0.0001111111111111111,48.35,"[42.0%, 46.7%, 50.5%, 53.2%, 52.9%, 55.4%, 45.3%, 40.8%]",,,,
7,parallel,28,28,0.1547977800316443,1.8357505327577044,1.9282084666192532,0.0001111111111111111,48.2,"[42.0%, 46.7%, 50.5%, 53.2%, 52.9%, 55.4%, 45.3%, 39.6%]",,,,
7,parallel,29,29,0.1506902641080774,1.7420413084090896,1.7399133779108524,0.0001111111111111111,49.1875,"[42.0%, 46.7%, 50.5%, 53.2%, 52.9%, 55.4%, 45.3%, 47.5%]",,,,
7,parallel,30,30,0.14674274818451052,1.7455158484209874,1.8258467726409435,0.0001111111111111111,48.75,"[42.0%, 46.7%, 50.5%, 53.2%, 52.9%, 55.4%, 45.3%, 44.0%]",,,,
7,parallel,31,31,0.14295523226094364,1.7119922501266382,1.950110837817192,0.0001111111111111111,48.3375,"[42.0%, 46.7%, 50.5%, 53.2%, 52.9%, 55.4%, 45.3%, 40.7%]",,,,
7,parallel,32,32,0.13932771633737678,1.7668832259572995,1.8124201446771622,0.0001111111111111111,48.8625,"[42.0%, 46.7%, 50.5%, 53.2%, 52.9%, 55.4%, 45.3%, 44.9%]",,,,
7,parallel,33,33,0.1358602004138099,1.7460321704293513,1.8245481364428997,0.0001111111111111111,48.7875,"[42.0%, 46.7%, 50.5%, 53.2%, 52.9%, 55.4%, 45.3%, 44.3%]",,,,
7,parallel,34,34,0.13255268449024302,1.7848269521810447,1.8114070929586887,0.0001111111111111111,48.9875,"[42.0%, 46.7%, 50.5%, 53.2%, 52.9%, 55.4%, 45.3%, 45.9%]",,,,
7,parallel,35,35,0.12940516856667614,1.7473356655448864,1.8483786769211292,0.0001111111111111111,48.6625,"[42.0%, 46.7%, 50.5%, 53.2%, 52.9%, 55.4%, 45.3%, 43.3%]",,,,
7,parallel,36,36,0.12641765264310925,1.7205938882888503,1.7817109562456608,0.0001111111111111111,49.025,"[42.0%, 46.7%, 50.5%, 53.2%, 52.9%, 55.4%, 45.3%, 46.2%]",,,,
7,parallel,37,37,0.12359013671954237,1.9067839452415516,1.8725960403680801,0.0001111111111111111,48.7375,"[42.0%, 46.7%, 50.5%, 53.2%, 52.9%, 55.4%, 45.3%, 43.9%]",,,,
7,parallel,38,38,0.12092262079597549,1.819281628936719,1.877202033996582,0.0001111111111111111,48.6375,"[42.0%, 46.7%, 50.5%, 53.2%, 52.9%, 55.4%, 45.3%, 43.1%]",,,,
7,parallel,39,39,0.11841510487240861,1.7631838526695398,1.8290471732616425,0.0001111111111111111,48.8625,"[42.0%, 46.7%, 50.5%, 53.2%, 52.9%, 55.4%, 45.3%, 44.9%]",,,,
7,parallel,40,40,0.11606758894884175,1.7957136813242724,1.830102439969778,0.0001111111111111111,48.65,"[42.0%, 46.7%, 50.5%, 53.2%, 52.9%, 55.4%, 45.3%, 43.2%]",,,,
7,parallel,41,41,0.11388007302527486,1.74089138067452,1.8263425678014755,0.0001111111111111111,48.9875,"[42.0%, 46.7%, 50.5%, 53.2%, 52.9%, 55.4%, 45.3%, 45.9%]",,,,
7,parallel,42,42,0.11185255710170798,1.7444597148591545,1.8125505186617374,0.0001111111111111111,48.9375,"[42.0%, 46.7%, 50.5%, 53.2%, 52.9%, 55.4%, 45.3%, 45.5%]",,,,
7,parallel,43,43,0.1099850411781411,1.7072633466902811,1.732306532561779,0.0001111111111111111,49.225,"[42.0%, 46.7%, 50.5%, 53.2%, 52.9%, 55.4%, 45.3%, 47.8%]",,,,
7,parallel,44,44,0.10827752525457422,1.8422186070946371,1.8567592948675156,0.0001111111111111111,48.7875,"[42.0%, 46.7%, 50.5%, 53.2%, 52.9%, 55.4%, 45.3%, 44.3%]",,,,
7,parallel,45,45,0.10673000933100735,1.7662792023579785,1.8916797749698162,0.0001111111111111111,48.9,"[42.0%, 46.7%, 50.5%, 53.2%, 52.9%, 55.4%, 45.3%, 45.2%]",,,,
7,parallel,46,46,0.10534249340744048,1.7179679946534951,1.7850554585456848,0.0001111111111111111,49.075,"[42.0%, 46.7%, 50.5%, 53.2%, 52.9%, 55.4%, 45.3%, 46.6%]",,,,
7,parallel,47,47,0.10411497748387359,1.7146359697269027,1.7916638478636742,0.0001111111111111111,48.9375,"[42.0%, 46.7%, 50.5%, 53.2%, 52.9%, 55.4%, 45.3%, 45.5%]",,,,
7,parallel,48,48,0.10304746156030671,1.6794647737673134,1.7373977303504944,0.0001111111111111111,49.225,"[42.0%, 46.7%, 50.5%, 53.2%, 52.9%, 55.4%, 45.3%, 47.8%]",,,,
7,parallel,49,49,0.10213994563673984,1.6498609067528112,1.718308225274086,0.0001111111111111111,49.15,"[42.0%, 46.7%, 50.5%, 53.2%, 52.9%, 55.4%, 45.3%, 47.2%]",,,,
7,parallel,50,50,0.10139242971317296,1.6789366781331931,1.7741646952927113,0.0001111111111111111,48.9625,"[42.0%, 46.7%, 50.5%, 53.2%, 52.9%, 55.4%, 45.3%, 45.7%]",,,,
7,parallel,51,51,0.10080491378960607,1.6698943930826369,1.7496457807719707,0.0001111111111111111,49.225,"[42.0%, 46.7%, 50.5%, 53.2%, 52.9%, 55.4%, 45.3%, 47.8%]",,,,
7,parallel,52,52,0.10037739786603919,1.6329336029708765,1.7525574564933777,0.0001111111111111111,49.1,"[42.0%, 46.7%, 50.5%, 53.2%, 52.9%, 55.4%, 45.3%, 46.8%]",,,,
7,parallel,53,53,0.10010988194247232,1.6322913382463395,1.6940861493349075,0.0001111111111111111,49.1875,"[42.0%, 46.7%, 50.5%, 53.2%, 52.9%, 55.4%, 45.3%, 47.5%]",,,,
7,parallel,54,54,0.10000236601890544,1.5815208717516274,1.7148551158607006,0.0001111111111111111,49.225,"[42.0%, 46.7%, 50.5%, 53.2%, 52.9%, 55.4%, 45.3%, 47.8%]",,,,
7,parallel,55,55,0.1,1.569193701835195,1.768111951649189,0.0001111111111111111,49.125,"[42.0%, 46.7%, 50.5%, 53.2%, 52.9%, 55.4%, 45.3%, 47.0%]",,,,
7,weights,1,56,0.1,1.5539952896203204,1.7039161399006844,0.0001111111111111111,49.3625,"[42.0%, 46.7%, 50.5%, 53.2%, 52.9%, 55.4%, 45.3%, 48.9%]",,,,
7,weights,2,57,0.1,1.527328802521821,1.752623274922371,0.0001111111111111111,49.2,"[42.0%, 46.7%, 50.5%, 53.2%, 52.9%, 55.4%, 45.3%, 47.6%]",,,,
7,weights,3,58,0.1,1.515887731959106,1.708862155675888,0.0001111111111111111,49.45,"[42.0%, 46.7%, 50.5%, 53.2%, 52.9%, 55.4%, 45.3%, 49.6%]",,,,
7,weights,4,59,0.1,1.50763342334966,1.7341502346098423,0.0001111111111111111,49.325,"[42.0%, 46.7%, 50.5%, 53.2%, 52.9%, 55.4%, 45.3%, 48.6%]",,,,
7,weights,5,60,0.1,1.4911180620740174,1.7197527177631855,0.0001111111111111111,49.2125,"[42.0%, 46.7%, 50.5%, 53.2%, 52.9%, 55.4%, 45.3%, 47.7%]",,,,
7,weights,6,61,0.1,1.4936355268879302,1.6900811940431595,0.0001111111111111111,49.4875,"[42.0%, 46.7%, 50.5%, 53.2%, 52.9%, 55.4%, 45.3%, 49.9%]",,,,
7,weights,7,62,0.1,1.4911728345664443,1.634767398238182,0.0001111111111111111,49.6625,"[42.0%, 46.7%, 50.5%, 53.2%, 52.9%, 55.4%, 45.3%, 51.3%]",,,,
7,weights,8,63,0.1,1.4735204566056561,1.7258182354271412,0.0001111111111111111,49.35,"[42.0%, 46.7%, 50.5%, 53.2%, 52.9%, 55.4%, 45.3%, 48.8%]",,,,
7,weights,9,64,0.1,1.4498566134720092,1.6470240615308285,0.0001111111111111111,49.6,"[42.0%, 46.7%, 50.5%, 53.2%, 52.9%, 55.4%, 45.3%, 50.8%]",,,,
7,weights,10,65,0.1,1.4388104692386214,1.6200745031237602,0.0001111111111111111,49.575,"[42.0%, 46.7%, 50.5%, 53.2%, 52.9%, 55.4%, 45.3%, 50.6%]",,,,
7,weights,11,66,0.1,1.438544572538631,1.6721638962626457,0.0001111111111111111,49.5125,"[42.0%, 46.7%, 50.5%, 53.2%, 52.9%, 55.4%, 45.3%, 50.1%]",,,,
7,weights,12,67,0.1,1.4339502396856902,1.548308901488781,0.0001111111111111111,49.8,"[42.0%, 46.7%, 50.5%, 53.2%, 52.9%, 55.4%, 45.3%, 52.4%]",,,,
7,weights,13,68,0.1,1.4106520771220992,1.6724843978881836,0.0001111111111111111,49.5625,"[42.0%, 46.7%, 50.5%, 53.2%, 52.9%, 55.4%, 45.3%, 50.5%]",,,,
7,weights,14,69,0.1,1.3997387210274959,1.614701308310032,0.0001111111111111111,49.5375,"[42.0%, 46.7%, 50.5%, 53.2%, 52.9%, 55.4%, 45.3%, 50.3%]",,,,
7,weights,15,70,0.1,1.4109953197704,1.586497474461794,0.0001111111111111111,49.9375,"[42.0%, 46.7%, 50.5%, 53.2%, 52.9%, 55.4%, 45.3%, 53.5%]",,,,
7,weights,16,71,0.1,1.4005714237310325,1.623650062829256,0.0001111111111111111,49.7625,"[42.0%, 46.7%, 50.5%, 53.2%, 52.9%, 55.4%, 45.3%, 52.1%]",,,,
7,weights,17,72,0.1,1.3989874003039804,1.5321270413696766,0.0001111111111111111,49.9875,"[42.0%, 46.7%, 50.5%, 53.2%, 52.9%, 55.4%, 45.3%, 53.9%]",,,,
7,weights,18,73,0.1,1.3786757971830428,1.5318166874349117,0.0001111111111111111,50.0625,"[42.0%, 46.7%, 50.5%, 53.2%, 52.9%, 55.4%, 45.3%, 54.5%]",,,,
7,weights,19,74,0.1,1.3604717744383843,1.5281577967107296,0.0001111111111111111,50.0375,"[42.0%, 46.7%, 50.5%, 53.2%, 52.9%, 55.4%, 45.3%, 54.3%]",,,,
7,weights,20,75,0.1,1.3540128716237985,1.629276517778635,0.0001111111111111111,49.65,"[42.0%, 46.7%, 50.5%, 53.2%, 52.9%, 55.4%, 45.3%, 51.2%]",,,,
7,weights,21,76,0.1,1.3535383905574774,1.5962892435491085,0.0001111111111111111,49.85,"[42.0%, 46.7%, 50.5%, 53.2%, 52.9%, 55.4%, 45.3%, 52.8%]",,,,
7,weights,22,77,0.1,1.3527772100108444,1.5625551491975784,0.0001111111111111111,49.8875,"[42.0%, 46.7%, 50.5%, 53.2%, 52.9%, 55.4%, 45.3%, 53.1%]",,,,
7,weights,23,78,0.1,1.3280797467869558,1.5308109559118748,0.0001111111111111111,50.175,"[42.0%, 46.7%, 50.5%, 53.2%, 52.9%, 55.4%, 45.3%, 55.4%]",,,,
7,weights,24,79,0.1,1.3369699891205806,1.5000875666737556,0.0001111111111111111,50.25,"[42.0%, 46.7%, 50.5%, 53.2%, 52.9%, 55.4%, 45.3%, 56.0%]",,,,
7,weights,25,80,0.1,1.3285798662027735,1.5377504751086235,0.0001111111111111111,50.35,"[42.0%, 46.7%, 50.5%, 53.2%, 52.9%, 55.4%, 45.3%, 56.8%]",35.8875,"[4.4%, 24.1%, 32.5%, 43.0%, 48.1%, 53.7%, 28.2%, 53.1%]",39.8625,"[30.4%, 36.5%, 35.4%, 39.6%, 39.3%, 53.7%, 32.1%, 51.9%]"
8,parallel,1,1,0.2,8.235377800692419,3.6990420669317245,0.0001111111111111111,44.75555555555556,"[42.0%, 46.7%, 50.5%, 53.2%, 52.9%, 55.4%, 45.3%, 56.8%, 0.0%]",,,,
8,parallel,2,2,0.2,3.183845204152879,3.0586705952882767,0.0001111111111111111,45.31111111111111,"[42.0%, 46.7%, 50.5%, 53.2%, 52.9%, 55.4%, 45.3%, 56.8%, 5.0%]",,,,
8,parallel,3,3,0.2,3.040760819319707,3.0238814502954483,0.0001111111111111111,45.31111111111111,"[42.0%, 46.7%, 50.5%, 53.2%, 52.9%, 55.4%, 45.3%, 56.8%, 5.0%]",,,,
8,parallel,4,4,0.2,3.025127406332903,3.0152356773614883,0.0001111111111111111,45.31111111111111,"[42.0%, 46.7%, 50.5%, 53.2%, 52.9%, 55.4%, 45.3%, 56.8%, 5.0%]",,,,
8,parallel,5,5,0.19671532313684126,3.0176163706809853,3.017597109079361,0.0001111111111111111,45.31111111111111,"[42.0%, 46.7%, 50.5%, 53.2%, 52.9%, 55.4%, 45.3%, 56.8%, 5.0%]",,,,
8,parallel,6,6,0.19282156517505783,3.0192931700663963,3.012137457728386,0.0001111111111111111,45.31111111111111,"[42.0%, 46.7%, 50.5%, 53.2%, 52.9%, 55.4%, 45.3%, 56.8%, 5.0%]",,,,
8,parallel,7,7,0.18900780721327437,3.021372713101138,3.016228348016739,0.0001111111111111111,45.31111111111111,"[42.0%, 46.7%, 50.5%, 53.2%, 52.9%, 55.4%, 45.3%, 56.8%, 5.0%]",,,,
8,parallel,8,8,0.18527404925149094,2.934630545840901,2.9949318021535873,0.0001111111111111111,45.577777777777776,"[42.0%, 46.7%, 50.5%, 53.2%, 52.9%, 55.4%, 45.3%, 56.8%, 7.4%]",,,,
8,parallel,9,9,0.18162029128970753,2.6956454598979587,2.7624207139015198,0.0001111111111111111,46.26666666666667,"[42.0%, 46.7%, 50.5%, 53.2%, 52.9%, 55.4%, 45.3%, 56.8%, 13.6%]",,,,
8,parallel,10,10,0.17804653332792408,2.5419432251316727,2.4810790345072746,0.0001111111111111111,47.08888888888889,"[42.0%, 46.7%, 50.5%, 53.2%, 52.9%, 55.4%, 45.3%, 56.8%, 21.0%]",,,,
8,parallel,11,11,0.1745527753661406,2.397736809056276,2.3761873692274094,0.0001111111111111111,47.400000000000006,"[42.0%, 46.7%, 50.5%, 53.2%, 52.9%, 55.4%, 45.3%, 56.8%, 23.8%]",,,,
8,parallel,12,12,0.17113901740435716,2.329952053203704,2.4473733976483345,0.0001111111111111111,47.18888888888889,"[42.0%, 46.7%, 50.5%, 53.2%, 52.9%, 55.4%, 45.3%, 56.8%, 21.9%]",,,,
8,parallel,13,13,0.16780525944257374,2.2310266676981736,2.148186095058918,0.0001111111111111111,48.211111111111116,"[42.0%, 46.7%, 50.5%, 53.2%, 52.9%, 55.4%, 45.3%, 56.8%, 31.1%]",,,,
8,parallel,14,14,0.1645515014807903,2.1925094818613333,2.4785119630396366,0.0001111111111111111,47.388888888888886,"[42.0%, 46.7%, 50.5%, 53.2%, 52.9%, 55.4%, 45.3%, 56.8%, 23.7%]",,,,
8,parallel,15,15,0.16137774351900688,2.1291650875358825,2.2109185084700584,0.0001111111111111111,48.22222222222222,"[42.0%, 46.7%, 50.5%, 53.2%, 52.9%, 55.4%, 45.3%, 56.8%, 31.2%]",,,,
8,parallel,16,16,0.15828398555722342,2.069461792897267,2.10207836329937,0.0001111111111111111,48.27777777777778,"[42.0%, 46.7%, 50.5%, 53.2%, 52.9%, 55.4%, 45.3%, 56.8%, 31.7%]",,,,
8,parallel,17,17,0.15527022759543999,2.0835595115734513,2.0336552187800407,0.0001111111111111111,48.666666666666664,"[42.0%, 46.7%, 50.5%, 53.2%, 52.9%, 55.4%, 45.3%, 56.8%, 35.2%]",,,,
8,parallel,18,18,0.15233646963365655,2.0390055377012604,2.0436739958822727,0.0001111111111111111,48.72222222222222,"[42.0%, 46.7%, 50.5%, 53.2%, 52.9%, 55.4%, 45.3%, 56.8%, 35.7%]",,,,
8,parallel,19,19,0.1494827116718731,2.0144682257038773,2.0142065547406673,0.0001111111111111111,48.65555555555556,"[42.0%, 46.7%, 50.5%, 53.2%, 52.9%, 55.4%, 45.3%, 56.8%, 35.1%]",,,,
8,parallel,20,20,0.14670895371008966,2.002246811131763,1.9303752705454826,0.0001111111111111111,49.05555555555556,"[42.0%, 46.7%, 50.5%, 53.2%, 52.9%, 55.4%, 45.3%, 56.8%, 38.7%]",,,,
8,parallel,21,21,0.14401519574830624,1.973041319543389,1.996649630367756,0.0001111111111111111,48.74444444444444,"[42.0%, 46.7%, 50.5%, 53.2%, 52.9%, 55.4%, 45.3%, 56.8%, 35.9%]",,,,
8,parallel,22,22,0.14140143778652278,1.9253178348966464,1.8933868631720543,0.0001111111111111111,49.077777777777776,"[42.0%, 46.7%, 50.5%, 53.2%, 52.9%, 55.4%, 45.3%, 56.8%, 38.9%]",,,,
8,parallel,23,23,0.13886767982473935,2.0310321112347256,2.0111854523420334,0.0001111111111111111,48.78888888888889,"[42.0%, 46.7%, 50.5%, 53.2%, 52.9%, 55.4%, 45.3%, 56.8%, 36.3%]",,,,
8,parallel,24,24,0.13641392186295592,1.9509027239623342,2.1011324375867844,0.0001111111111111111,48.488888888888894,"[42.0%, 46.7%, 50.5%, 53.2%, 52.9%, 55.4%, 45.3%, 56.8%, 33.6%]",,,,
8,parallel,25,25,0.13404016390117246,1.9096444063125901,2.0704507045447826,0.0001111111111111111,48.7,"[42.0%, 46.7%, 50.5%, 53.2%, 52.9%, 55.4%, 45.3%, 56.8%, 35.5%]",,,,
8,parallel,26,26,0.13174640593938905,1.915751319022695,1.96858561784029,0.0001111111111111111,48.988888888888894,"[42.0%, 46.7%, 50.5%, 53.2%, 52.9%, 55.4%, 45.3%, 56.8%, 38.1%]",,,,
8,parallel,27,27,0.1295326479776056,1.8733877983822185,1.999431163072586,0.0001111111111111111,49.12222222222223,"[42.0%, 46.7%, 50.5%, 53.2%, 52.9%, 55.4%, 45.3%, 56.8%, 39.3%]",,,,
8,parallel,28,28,0.12739889001582216,1.8661283292588156,1.8905389085412025,0.0001111111111111111,49.36666666666667,"[42.0%, 46.7%, 50.5%, 53.2%, 52.9%, 55.4%, 45.3%, 56.8%, 41.5%]",,,,
8,parallel,29,29,0.12534513205403872,1.8265465148694955,1.898719683289528,0.0001111111111111111,49.18888888888889,"[42.0%, 46.7%, 50.5%, 53.2%, 52.9%, 55.4%, 45.3%, 56.8%, 39.9%]",,,,
8,parallel,30,30,0.12337137409225526,1.93476009292967,1.8713398166000843,0.0001111111111111111,49.333333333333336,"[42.0%, 46.7%, 50.5%, 53.2%, 52.9%, 55.4%, 45.3%, 56.8%, 41.2%]",,,,
8,parallel,31,31,0.12147761613047184,1.8308599268554882,1.9005329981446266,0.0001111111111111111,49.211111111111116,"[42.0%, 46.7%, 50.5%, 53.2%, 52.9%, 55.4%, 45.3%, 56.8%, 40.1%]",,,,
8,parallel,32,32,0.1196638581686884,1.8277881806063805,1.954731959849596,0.0001111111111111111,49.12222222222223,"[42.0%, 46.7%, 50.5%, 53.2%, 52.9%, 55.4%, 45.3%, 56.8%, 39.3%]",,,,
8,parallel,33,33,0.11793010020690495,1.816101246578678,1.979695174843073,0.0001111111111111111,49.06666666666667,"[42.0%, 46.7%, 50.5%, 53.2%, 52.9%, 55.4%, 45.3%, 56.8%, 38.8%]",,,,
8,parallel,34,34,0.11627634224512151,1.842436249089089,1.7979331873357296,0.0001111111111111111,49.388888888888886,"[42.0%, 46.7%, 50.5%, 53.2%, 52.9%, 55.4%, 45.3%, 56.8%, 41.7%]",,,,
8,parallel,35,35,0.11470258428333807,1.792311668395996,1.8292655609548092,0.0001111111111111111,49.51111111111111,"[42.0%, 46.7%, 50.5%, 53.2%, 52.9%, 55.4%, 45.3%, 56.8%, 42.8%]",,,,
8,parallel,36,36,0.11320882632155463,1.7673383252635884,1.7814334332942963,0.0001111111111111111,49.666666666666664,"[42.0%, 46.7%, 50.5%, 53.2%, 52.9%, 55.4%, 45.3%, 56.8%, 44.2%]",,,,
8,parallel,37,37,0.1117950683597712,1.7635445313848508,1.901477713137865,0.0001111111111111111,49.077777777777776,"[42.0%, 46.7%, 50.5%, 53.2%, 52.9%, 55.4%, 45.3%, 56.8%, 38.9%]",,,,
8,parallel,38,38,0.11046131039798775,1.7497254594875749,1.9123211205005646,0.0001111111111111111,49.22222222222222,"[42.0%, 46.7%, 50.5%, 53.2%, 52.9%, 55.4%, 45.3%, 56.8%, 40.2%]",,,,
8,parallel,39,39,0.10920755243620431,1.858032281991023,1.9319468438625336,0.0001111111111111111,48.91111111111111,"[42.0%, 46.7%, 50.5%, 53.2%, 52.9%, 55.4%, 45.3%, 56.8%, 37.4%]",,,,
8,parallel,40,40,0.10803379447442088,1.836479621328366,1.7817266955971718,0.0001111111111111111,49.5,"[42.0%, 46.7%, 50.5%, 53.2%, 52.9%, 55.4%, 45.3%, 56.8%, 42.7%]",,,,
8,parallel,41,41,0.10694003651263743,1.7815574392391618,1.7119716592133045,0.0001111111111111111,49.82222222222222,"[42.0%, 46.7%, 50.5%, 53.2%, 52.9%, 55.4%, 45.3%, 56.8%, 45.6%]",,,,
8,parallel,42,42,0.105926278550854,1.7608169651335213,1.949881423264742,0.0001111111111111111,49.36666666666667,"[42.0%, 46.7%, 50.5%, 53.2%, 52.9%, 55.4%, 45.3%, 56.8%, 41.5%]",,,,
8,parallel,43,43,0.10499252058907056,1.7664675841665571,1.905139997601509,0.0001111111111111111,49.36666666666667,"[42.0%, 46.7%, 50.5%, 53.2%, 52.9%, 55.4%, 45.3%, 56.8%, 41.5%]",,,,
8,parallel,44,44,0.10413876262728712,1.7410670989637922,1.8486648127436638,0.0001111111111111111,49.25555555555556,"[42.0%, 46.7%, 50.5%, 53.2%, 52.9%, 55.4%, 45.3%, 56.8%, 40.5%]",,,,
8,parallel,45,45,0.10336500466550368,1.7385754615637907,1.7517008408904076,0.0001111111111111111,50.05555555555556,"[42.0%, 46.7%, 50.5%, 53.2%, 52.9%, 55.4%, 45.3%, 56.8%, 47.7%]",,,,
8,parallel,46,46,0.10267124670372024,1.7187229774560138,1.8095295801758766,0.0001111111111111111,49.44444444444444,"[42.0%, 46.7%, 50.5%, 53.2%, 52.9%, 55.4%, 45.3%, 56.8%, 42.2%]",,,,
8,parallel,47,47,0.1020574887419368,1.705113799708664,1.7944512143731117,0.0001111111111111111,49.82222222222222,"[42.0%, 46.7%, 50.5%, 53.2%, 52.9%, 55.4%, 45.3%, 56.8%, 45.6%]",,,,
8,parallel,48,48,0.10152373078015337,1.7692959581970409,1.8761516325175762,0.0001111111111111111,49.5,"[42.0%, 46.7%, 50.5%, 53.2%, 52.9%, 55.4%, 45.3%, 56.8%, 42.7%]",,,,
8,parallel,49,49,0.10106997281836992,1.7428270024099168,1.7124762684106827,0.0001111111111111111,49.955555555555556,"[42.0%, 46.7%, 50.5%, 53.2%, 52.9%, 55.4%, 45.3%, 56.8%, 46.8%]",,,,
8,parallel,50,50,0.10069621485658647,1.702760091253147,1.6927278377115726,0.0001111111111111111,50.144444444444446,"[42.0%, 46.7%, 50.5%, 53.2%, 52.9%, 55.4%, 45.3%, 56.8%, 48.5%]",,,,
8,parallel,51,51,0.10040245689480304,1.703724118554668,1.719567071646452,0.0001111111111111111,49.75555555555556,"[42.0%, 46.7%, 50.5%, 53.2%, 52.9%, 55.4%, 45.3%, 56.8%, 45.0%]",,,,
8,parallel,52,52,0.1001886989330196,1.6622055480434637,1.7227190025150776,0.0001111111111111111,49.87777777777778,"[42.0%, 46.7%, 50.5%, 53.2%, 52.9%, 55.4%, 45.3%, 56.8%, 46.1%]",,,,
8,parallel,53,53,0.10005494097123616,1.675692868080868,1.7823803834617138,0.0001111111111111111,49.87777777777778,"[42.0%, 46.7%, 50.5%, 53.2%, 52.9%, 55.4%, 45.3%, 56.8%, 46.1%]",,,,
8,parallel,54,54,0.10000118300945272,1.6475664005158053,1.7519244030117989,0.0001111111111111111,49.82222222222222,"[42.0%, 46.7%, 50.5%, 53.2%, 52.9%, 55.4%, 45.3%, 56.8%, 45.6%]",,,,
8,parallel,55,55,0.1,1.6309960116246702,1.6055654622614384,0.0001111111111111111,50.26666666666667,"[42.0%, 46.7%, 50.5%, 53.2%, 52.9%, 55.4%, 45.3%, 56.8%, 49.6%]",,,,
8,weights,1,56,0.1,1.6249630641026103,1.6244458816945553,0.0001111111111111111,50.2,"[42.0%, 46.7%, 50.5%, 53.2%, 52.9%, 55.4%, 45.3%, 56.8%, 49.0%]",,,,
8,weights,2,57,0.1,1.6209238046293806,1.661648128181696,0.0001111111111111111,50.12222222222223,"[42.0%, 46.7%, 50.5%, 53.2%, 52.9%, 55.4%, 45.3%, 56.8%, 48.3%]",,,,
8,weights,3,58,0.1,1.6045806931841904,1.6717525944113731,0.0001111111111111111,50.04444444444445,"[42.0%, 46.7%, 50.5%, 53.2%, 52.9%, 55.4%, 45.3%, 56.8%, 47.6%]",,,,
8,weights,4,59,0.1,1.5924330638472441,1.63962821662426,0.0001111111111111111,50.31111111111111,"[42.0%, 46.7%, 50.5%, 53.2%, 52.9%, 55.4%, 45.3%, 56.8%, 50.0%]",,,,
8,weights,5,60,0.1,1.5629802296875388,1.7394498437643051,0.0001111111111111111,50.0,"[42.0%, 46.7%, 50.5%, 53.2%, 52.9%, 55.4%, 45.3%, 56.8%, 47.2%]",,,,
8,weights,6,61,0.1,1.5590215499993343,1.7427603788673878,0.0001111111111111111,50.13333333333333,"[42.0%, 46.7%, 50.5%, 53.2%, 52.9%, 55.4%, 45.3%, 56.8%, 48.4%]",,,,
8,weights,7,62,0.1,1.5758039393242758,1.6134899258613586,0.0001111111111111111,50.077777777777776,"[42.0%, 46.7%, 50.5%, 53.2%, 52.9%, 55.4%, 45.3%, 56.8%, 47.9%]",,,,
8,weights,8,63,0.1,1.5614634964876115,1.6940326988697052,0.0001111111111111111,50.24444444444444,"[42.0%, 46.7%, 50.5%, 53.2%, 52.9%, 55.4%, 45.3%, 56.8%, 49.4%]",,,,
8,weights,9,64,0.1,1.5374885091356412,1.7576724775135517,0.0001111111111111111,49.955555555555556,"[42.0%, 46.7%, 50.5%, 53.2%, 52.9%, 55.4%, 45.3%, 56.8%, 46.8%]",,,,
8,weights,10,65,0.1,1.544968909518734,1.5938845239579678,0.0001111111111111111,50.233333333333334,"[42.0%, 46.7%, 50.5%, 53.2%, 52.9%, 55.4%, 45.3%, 56.8%, 49.3%]",,,,
8,weights,11,66,0.1,1.5352766582161,1.6720274984836578,0.0001111111111111111,49.988888888888894,"[42.0%, 46.7%, 50.5%, 53.2%, 52.9%, 55.4%, 45.3%, 56.8%, 47.1%]",,,,
8,weights,12,67,0.1,1.5121699806990896,1.555369183421135,0.0001111111111111111,50.577777777777776,"[42.0%, 46.7%, 50.5%, 53.2%, 52.9%, 55.4%, 45.3%, 56.8%, 52.4%]",,,,
8,weights,13,68,0.1,1.5040811133232845,1.8275198303163052,0.0001111111111111111,49.93333333333334,"[42.0%, 46.7%, 50.5%, 53.2%, 52.9%, 55.4%, 45.3%, 56.8%, 46.6%]",,,,
8,weights,14,69,0.1,1.505073479026746,1.5881202407181263,0.0001111111111111111,50.211111111111116,"[42.0%, 46.7%, 50.5%, 53.2%, 52.9%, 55.4%, 45.3%, 56.8%, 49.1%]",,,,
8,weights,15,70,0.1,1.506363123085848,1.5820135585963726,0.0001111111111111111,50.47777777777778,"[42.0%, 46.7%, 50.5%, 53.2%, 52.9%, 55.4%, 45.3%, 56.8%, 51.5%]",,,,
8,weights,16,71,0.1,1.5026523322816108,1.6496605388820171,0.0001111111111111111,50.32222222222222,"[42.0%, 46.7%, 50.5%, 53.2%, 52.9%, 55.4%, 45.3%, 56.8%, 50.1%]",,,,
8,weights,17,72,0.1,1.4924577345513994,1.6356863640248775,0.0001111111111111111,50.32222222222222,"[42.0%, 46.7%, 50.5%, 53.2%, 52.9%, 55.4%, 45.3%, 56.8%, 50.1%]",,,,
8,weights,18,73,0.1,1.4792364881296827,1.6290905214846134,0.0001111111111111111,50.31111111111111,"[42.0%, 46.7%, 50.5%, 53.2%, 52.9%, 55.4%, 45.3%, 56.8%, 50.0%]",,,,
8,weights,19,74,0.1,1.474480765640356,1.5454702079296112,0.0001111111111111111,50.47777777777778,"[42.0%, 46.7%, 50.5%, 53.2%, 52.9%, 55.4%, 45.3%, 56.8%, 51.5%]",,,,
8,weights,20,75,0.1,1.4718287188536043,1.539657760411501,0.0001111111111111111,50.577777777777776,"[42.0%, 46.7%, 50.5%, 53.2%, 52.9%, 55.4%, 45.3%, 56.8%, 52.4%]",,,,
8,weights,21,76,0.1,1.4615117159618694,1.5425921343266964,0.0001111111111111111,50.55555555555556,"[42.0%, 46.7%, 50.5%, 53.2%, 52.9%, 55.4%, 45.3%, 56.8%, 52.2%]",,,,
8,weights,22,77,0.1,1.4554386009835893,1.5485613122582436,0.0001111111111111111,50.63333333333333,"[42.0%, 46.7%, 50.5%, 53.2%, 52.9%, 55.4%, 45.3%, 56.8%, 52.9%]",,,,
8,weights,23,78,0.1,1.4629652317921826,1.5976775847375393,0.0001111111111111111,50.34444444444445,"[42.0%, 46.7%, 50.5%, 53.2%, 52.9%, 55.4%, 45.3%, 56.8%, 50.3%]",,,,
8,weights,24,79,0.1,1.456840822651128,1.6452313885092735,0.0001111111111111111,50.41111111111111,"[42.0%, 46.7%, 50.5%, 53.2%, 52.9%, 55.4%, 45.3%, 56.8%, 50.9%]",,,,
8,weights,25,80,0.1,1.439277472769379,1.548435028642416,0.0001111111111111111,50.63333333333333,"[42.0%, 46.7%, 50.5%, 53.2%, 52.9%, 55.4%, 45.3%, 56.8%, 52.9%]",36.05555555555556,"[4.4%, 24.1%, 32.5%, 43.0%, 48.1%, 53.7%, 28.2%, 53.1%, 37.4%]",40.47777777777779,"[30.4%, 36.5%, 41.2%, 39.9%, 39.3%, 53.7%, 32.1%, 45.1%, 46.1%]"
9,parallel,1,1,0.1,7.222780236772671,4.295272916555405,0.0001111111111111111,45.57,"[42.0%, 46.7%, 50.5%, 53.2%, 52.9%, 55.4%, 45.3%, 56.8%, 52.9%, 0.0%]",,,,
9,parallel,2,2,0.1,3.334870329328403,3.086950033903122,0.0001111111111111111,46.07,"[42.0%, 46.7%, 50.5%, 53.2%, 52.9%, 55.4%, 45.3%, 56.8%, 52.9%, 5.0%]",,,,
9,parallel,3,3,0.1,3.0564348910264907,3.0353078693151474,0.0001111111111111111,46.07,"[42.0%, 46.7%, 50.5%, 53.2%, 52.9%, 55.4%, 45.3%, 56.8%, 52.9%, 5.0%]",,,,
9,parallel,4,4,0.1,3.029720098349699,3.020609885454178,0.0001111111111111111,46.07,"[42.0%, 46.7%, 50.5%, 53.2%, 52.9%, 55.4%, 45.3%, 56.8%, 52.9%, 5.0%]",,,,
9,parallel,5,5,0.1,3.0207881426355643,3.0124033093452454,0.0001111111111111111,46.07,"[42.0%, 46.7%, 50.5%, 53.2%, 52.9%, 55.4%, 45.3%, 56.8%, 52.9%, 5.0%]",,,,
9,parallel,6,6,0.1,2.929539531659169,2.760922387242317,0.0001111111111111111,46.459999999999994,"[42.0%, 46.7%, 50.5%, 53.2%, 52.9%, 55.4%, 45.3%, 56.8%, 52.9%, 8.9%]",,,,
9,parallel,7,7,0.1,2.698045221863279,2.6356582194566727,0.0001111111111111111,46.85,"[42.0%, 46.7%, 50.5%, 53.2%, 52.9%, 55.4%, 45.3%, 56.8%, 52.9%, 12.8%]",,,,
9,parallel,8,8,0.1,2.598272161119303,2.5873990580439568,0.0001111111111111111,46.87,"[42.0%, 46.7%, 50.5%, 53.2%, 52.9%, 55.4%, 45.3%, 56.8%, 52.9%, 13.0%]",,,,
9,parallel,9,9,0.1,2.546553683129086,2.633283406496048,0.0001111111111111111,46.730000000000004,"[42.0%, 46.7%, 50.5%, 53.2%, 52.9%, 55.4%, 45.3%, 56.8%, 52.9%, 11.6%]",,,,
9,parallel,10,10,0.1,2.475385558073688,2.4909116625785828,0.0001111111111111111,47.11,"[42.0%, 46.7%, 50.5%, 53.2%, 52.9%, 55.4%, 45.3%, 56.8%, 52.9%, 15.4%]",,,,
9,parallel,11,11,0.1,2.4246896269974436,2.6136371418833733,0.0001111111111111111,47.13,"[42.0%, 46.7%, 50.5%, 53.2%, 52.9%, 55.4%, 45.3%, 56.8%, 52.9%, 15.6%]",,,,
9,parallel,12,12,0.1,2.3834129048001236,2.433411553502083,0.0001111111111111111,47.41,"[42.0%, 46.7%, 50.5%, 53.2%, 52.9%, 55.4%, 45.3%, 56.8%, 52.9%, 18.4%]",,,,
9,parallel,13,13,0.1,2.3645357417452866,2.4285013005137444,0.0001111111111111111,47.67,"[42.0%, 46.7%, 50.5%, 53.2%, 52.9%, 55.4%, 45.3%, 56.8%, 52.9%, 21.0%]",,,,
9,parallel,14,14,0.1,2.3082030943244884,2.351260483264923,0.0001111111111111111,47.86,"[42.0%, 46.7%, 50.5%, 53.2%, 52.9%, 55.4%, 45.3%, 56.8%, 52.9%, 22.9%]",,,,
9,parallel,15,15,0.1,2.301246466910004,2.420440509915352,0.0001111111111111111,47.480000000000004,"[42.0%, 46.7%, 50.5%, 53.2%, 52.9%, 55.4%, 45.3%, 56.8%, 52.9%, 19.1%]",,,,
9,parallel,16,16,0.1,2.2835919720352074,2.3929539173841476,0.0001111111111111111,47.839999999999996,"[42.0%, 46.7%, 50.5%, 53.2%, 52.9%, 55.4%, 45.3%, 56.8%, 52.9%, 22.7%]",,,,
9,parallel,17,17,0.1,2.259569469530871,2.2747294157743454,0.0001111111111111111,47.989999999999995,"[42.0%, 46.7%, 50.5%, 53.2%, 52.9%, 55.4%, 45.3%, 56.8%, 52.9%, 24.2%]",,,,
9,parallel,18,18,0.1,2.2436646124359907,2.211374893784523,0.0001111111111111111,48.2,"[42.0%, 46.7%, 50.5%, 53.2%, 52.9%, 55.4%, 45.3%, 56.8%, 52.9%, 26.3%]",,,,
9,parallel,19,19,0.1,2.224104544159713,2.2237961143255234,0.0001111111111111111,48.209999999999994,"[42.0%, 46.7%, 50.5%, 53.2%, 52.9%, 55.4%, 45.3%, 56.8%, 52.9%, 26.4%]",,,,
9,parallel,20,20,0.1,2.1999351796071243,2.261253260076046,0.0001111111111111111,48.07,"[42.0%, 46.7%, 50.5%, 53.2%, 52.9%, 55.4%, 45.3%, 56.8%, 52.9%, 25.0%]",,,,
9,parallel,21,21,0.1,2.1550151565272335,2.2674930319190025,0.0001111111111111111,48.07,"[42.0%, 46.7%, 50.5%, 53.2%, 52.9%, 55.4%, 45.3%, 56.8%, 52.9%, 25.0%]",,,,
9,parallel,22,22,0.1,2.1503130182339127,2.171587996184826,0.0001111111111111111,48.42,"[42.0%, 46.7%, 50.5%, 53.2%, 52.9%, 55.4%, 45.3%, 56.8%, 52.9%, 28.5%]",,,,
9,parallel,23,23,0.1,2.1296884163170104,2.153429925441742,0.0001111111111111111,48.41,"[42.0%, 46.7%, 50.5%, 53.2%, 52.9%, 55.4%, 45.3%, 56.8%, 52.9%, 28.4%]",,,,
9,parallel,24,24,0.1,2.1268567082228933,2.299355998635292,0.0001111111111111111,47.83,"[42.0%, 46.7%, 50.5%, 53.2%, 52.9%, 55.4%, 45.3%, 56.8%, 52.9%, 22.6%]",,,,
9,parallel,25,25,0.1,2.121863541329742,2.0986345037817955,0.0001111111111111111,48.4,"[42.0%, 46.7%, 50.5%, 53.2%, 52.9%, 55.4%, 45.3%, 56.8%, 52.9%, 28.3%]",,,,
9,parallel,26,26,0.1,2.0951026829944293,2.113969847559929,0.0001111111111111111,48.67,"[42.0%, 46.7%, 50.5%, 53.2%, 52.9%, 55.4%, 45.3%, 56.8%, 52.9%, 31.0%]",,,,
9,parallel,27,27,0.1,2.0723566021888877,2.071548856794834,0.0001111111111111111,48.64,"[42.0%, 46.7%, 50.5%, 53.2%, 52.9%, 55.4%, 45.3%, 56.8%, 52.9%, 30.7%]",,,,
9,parallel,28,28,0.1,2.062975522059544,2.0622326880693436,0.0001111111111111111,48.69,"[42.0%, 46.7%, 50.5%, 53.2%, 52.9%, 55.4%, 45.3%, 56.8%, 52.9%, 31.2%]",,,,
9,parallel,29,29,0.1,2.049954872222463,2.0331201776862144,0.0001111111111111111,48.55,"[42.0%, 46.7%, 50.5%, 53.2%, 52.9%, 55.4%, 45.3%, 56.8%, 52.9%, 29.8%]",,,,
9,parallel,30,30,0.1,2.029868578455251,2.0291050150990486,0.0001111111111111111,48.709999999999994,"[42.0%, 46.7%, 50.5%, 53.2%, 52.9%, 55.4%, 45.3%, 56.8%, 52.9%, 31.4%]",,,,
9,parallel,31,31,0.1,2.021423762770975,2.07599825412035,0.0001111111111111111,48.63,"[42.0%, 46.7%, 50.5%, 53.2%, 52.9%, 55.4%, 45.3%, 56.8%, 52.9%, 30.6%]",,,,
9,parallel,32,32,0.1,2.0002246480079213,2.1134106814861298,0.0001111111111111111,48.33,"[42.0%, 46.7%, 50.5%, 53.2%, 52.9%, 55.4%, 45.3%, 56.8%, 52.9%, 27.6%]",,,,
9,parallel,33,33,0.1,1.995001660790413,1.9861543029546738,0.0001111111111111111,48.93,"[42.0%, 46.7%, 50.5%, 53.2%, 52.9%, 55.4%, 45.3%, 56.8%, 52.9%, 33.6%]",,,,
9,parallel,34,34,0.1,1.9820622350000272,2.00759918987751,0.0001111111111111111,48.92,"[42.0%, 46.7%, 50.5%, 53.2%, 52.9%, 55.4%, 45.3%, 56.8%, 52.9%, 33.5%]",,,,
9,parallel,35,35,0.1,1.9714388756235695,2.0170596167445183,0.0001111111111111111,48.95,"[42.0%, 46.7%, 50.5%, 53.2%, 52.9%, 55.4%, 45.3%, 56.8%, 52.9%, 33.8%]",,,,
9,parallel,36,36,0.1,1.9555793598199347,1.9721863344311714,0.0001111111111111111,49.08,"[42.0%, 46.7%, 50.5%, 53.2%, 52.9%, 55.4%, 45.3%, 56.8%, 52.9%, 35.1%]",,,,
9,parallel,37,37,0.1,1.954158315992659,2.0564510449767113,0.0001111111111111111,48.9,"[42.0%, 46.7%, 50.5%, 53.2%, 52.9%, 55.4%, 45.3%, 56.8%, 52.9%, 33.3%]",,,,
9,parallel,38,38,0.1,1.9252739537293744,2.0154391527175903,0.0001111111111111111,48.8,"[42.0%, 46.7%, 50.5%, 53.2%, 52.9%, 55.4%, 45.3%, 56.8%, 52.9%, 32.3%]",,,,
9,parallel,39,39,0.1,1.9132012052900473,2.033355303108692,0.0001111111111111111,48.89,"[42.0%, 46.7%, 50.5%, 53.2%, 52.9%, 55.4%, 45.3%, 56.8%, 52.9%, 33.2%]",,,,
9,parallel,40,40,0.1,1.931683911639414,1.9526809677481651,0.0001111111111111111,49.15,"[42.0%, 46.7%, 50.5%, 53.2%, 52.9%, 55.4%, 45.3%, 56.8%, 52.9%, 35.8%]",,,,
9,parallel,41,41,0.1,1.898968392876303,2.014512050896883,0.0001111111111111111,48.94,"[42.0%, 46.7%, 50.5%, 53.2%, 52.9%, 55.4%, 45.3%, 56.8%, 52.9%, 33.7%]",,,,
9,parallel,42,42,0.1,1.8963218494585365,2.183359421789646,0.0001111111111111111,48.730000000000004,"[42.0%, 46.7%, 50.5%, 53.2%, 52.9%, 55.4%, 45.3%, 56.8%, 52.9%, 31.6%]",,,,
9,parallel,43,43,0.1,1.8862127657908543,1.9730001538991928,0.0001111111111111111,49.059999999999995,"[42.0%, 46.7%, 50.5%, 53.2%, 52.9%, 55.4%, 45.3%, 56.8%, 52.9%, 34.9%]",,,,
9,parallel,44,44,0.1,1.8653330461234803,1.9725014120340347,0.0001111111111111111,49.22,"[42.0%, 46.7%, 50.5%, 53.2%, 52.9%, 55.4%, 45.3%, 56.8%, 52.9%, 36.5%]",,,,
9,parallel,45,45,0.1,1.864068635709726,1.961225040256977,0.0001111111111111111,49.089999999999996,"[42.0%, 46.7%, 50.5%, 53.2%, 52.9%, 55.4%, 45.3%, 56.8%, 52.9%, 35.2%]",,,,
9,parallel,46,46,0.1,1.8539944036751037,1.994054839015007,0.0001111111111111111,48.989999999999995,"[42.0%, 46.7%, 50.5%, 53.2%, 52.9%, 55.4%, 45.3%, 56.8%, 52.9%, 34.2%]",,,,
9,parallel,47,47,0.1,1.8419135421704336,2.0493623204529285,0.0001111111111111111,48.85,"[42.0%, 46.7%, 50.5%, 53.2%, 52.9%, 55.4%, 45.3%, 56.8%, 52.9%, 32.8%]",,,,
9,parallel,48,48,0.1,1.8198638030677845,2.0361096635460854,0.0001111111111111111,49.03,"[42.0%, 46.7%, 50.5%, 53.2%, 52.9%, 55.4%, 45.3%, 56.8%, 52.9%, 34.6%]",,,,
9,parallel,49,49,0.1,1.824247398194234,1.932858306914568,0.0001111111111111111,49.29,"[42.0%, 46.7%, 50.5%, 53.2%, 52.9%, 55.4%, 45.3%, 56.8%, 52.9%, 37.2%]",,,,
9,parallel,50,50,0.1,1.8237764615162162,1.9548660293221474,0.0001111111111111111,49.18,"[42.0%, 46.7%, 50.5%, 53.2%, 52.9%, 55.4%, 45.3%, 56.8%, 52.9%, 36.1%]",,,,
9,parallel,51,51,0.1,1.814233744979664,2.0512986965477467,0.0001111111111111111,48.989999999999995,"[42.0%, 46.7%, 50.5%, 53.2%, 52.9%, 55.4%, 45.3%, 56.8%, 52.9%, 34.2%]",,,,
9,parallel,52,52,0.1,1.8012751090298793,1.9826165400445461,0.0001111111111111111,49.230000000000004,"[42.0%, 46.7%, 50.5%, 53.2%, 52.9%, 55.4%, 45.3%, 56.8%, 52.9%, 36.6%]",,,,
9,parallel,53,53,0.1,1.7844392387730301,1.871082954108715,0.0001111111111111111,49.480000000000004,"[42.0%, 46.7%, 50.5%, 53.2%, 52.9%, 55.4%, 45.3%, 56.8%, 52.9%, 39.1%]",,,,
9,parallel,54,54,0.1,1.7987955307504933,1.814401276409626,0.0001111111111111111,49.7,"[42.0%, 46.7%, 50.5%, 53.2%, 52.9%, 55.4%, 45.3%, 56.8%, 52.9%, 41.3%]",,,,
9,parallel,55,55,0.1,1.7897272747793016,2.0147754475474358,0.0001111111111111111,49.18,"[42.0%, 46.7%, 50.5%, 53.2%, 52.9%, 55.4%, 45.3%, 56.8%, 52.9%, 36.1%]",,,,
9,weights,1,56,0.1,1.7647662064072434,1.9069911763072014,0.0001111111111111111,49.44,"[42.0%, 46.7%, 50.5%, 53.2%, 52.9%, 55.4%, 45.3%, 56.8%, 52.9%, 38.7%]",,,,
9,weights,2,57,0.1,1.765471086380588,1.881580375134945,0.0001111111111111111,49.55,"[42.0%, 46.7%, 50.5%, 53.2%, 52.9%, 55.4%, 45.3%, 56.8%, 52.9%, 39.8%]",,,,
9,weights,3,58,0.1,1.7487276412878827,1.8753122463822365,0.0001111111111111111,49.53,"[42.0%, 46.7%, 50.5%, 53.2%, 52.9%, 55.4%, 45.3%, 56.8%, 52.9%, 39.6%]",,,,
9,weights,4,59,0.1,1.7607808151062887,1.881110567599535,0.0001111111111111111,49.480000000000004,"[42.0%, 46.7%, 50.5%, 53.2%, 52.9%, 55.4%, 45.3%, 56.8%, 52.9%, 39.1%]",,,,
9,weights,5,60,0.1,1.7458515038156206,1.8404855877161026,0.0001111111111111111,49.57,"[42.0%, 46.7%, 50.5%, 53.2%, 52.9%, 55.4%, 45.3%, 56.8%, 52.9%, 40.0%]",,,,
9,weights,6,61,0.1,1.719255467888656,2.0737567469477654,0.0001111111111111111,49.089999999999996,"[42.0%, 46.7%, 50.5%, 53.2%, 52.9%, 55.4%, 45.3%, 56.8%, 52.9%, 35.2%]",,,,
9,weights,7,62,0.1,1.7370116224714145,1.811366230249405,0.0001111111111111111,49.64,"[42.0%, 46.7%, 50.5%, 53.2%, 52.9%, 55.4%, 45.3%, 56.8%, 52.9%, 40.7%]",,,,
9,weights,8,63,0.1,1.7183274433111688,1.7790864370763302,0.0001111111111111111,49.76,"[42.0%, 46.7%, 50.5%, 53.2%, 52.9%, 55.4%, 45.3%, 56.8%, 52.9%, 41.9%]",,,,
9,weights,9,64,0.1,1.718621034531077,1.8499393686652184,0.0001111111111111111,49.63,"[42.0%, 46.7%, 50.5%, 53.2%, 52.9%, 55.4%, 45.3%, 56.8%, 52.9%, 40.6%]",,,,
9,weights,10,65,0.1,1.7115923675002567,1.835958793759346,0.0001111111111111111,49.64,"[42.0%, 46.7%, 50.5%, 53.2%, 52.9%, 55.4%, 45.3%, 56.8%, 52.9%, 40.7%]",,,,
9,weights,11,66,0.1,1.693677708601496,2.0196573212742805,0.0001111111111111111,49.209999999999994,"[42.0%, 46.7%, 50.5%, 53.2%, 52.9%, 55.4%, 45.3%, 56.8%, 52.9%, 36.4%]",,,,
9,weights,12,67,0.1,1.6896139125155796,1.789184469729662,0.0001111111111111111,49.7,"[42.0%, 46.7%, 50.5%, 53.2%, 52.9%, 55.4%, 45.3%, 56.8%, 52.9%, 41.3%]",,,,
9,weights,13,68,0.1,1.6914133926865402,1.9532702676951885,0.0001111111111111111,49.36,"[42.0%, 46.7%, 50.5%, 53.2%, 52.9%, 55.4%, 45.3%, 56.8%, 52.9%, 37.9%]",,,,
9,weights,14,69,0.1,1.6681718234043972,2.017569847404957,0.0001111111111111111,49.17,"[42.0%, 46.7%, 50.5%, 53.2%, 52.9%, 55.4%, 45.3%, 56.8%, 52.9%, 36.0%]",,,,
9,weights,15,70,0.1,1.6808606279883416,1.8638885654509068,0.0001111111111111111,49.6,"[42.0%, 46.7%, 50.5%, 53.2%, 52.9%, 55.4%, 45.3%, 56.8%, 52.9%, 40.3%]",,,,
9,weights,16,71,0.1,1.657898196748867,1.7968619875609875,0.0001111111111111111,49.9,"[42.0%, 46.7%, 50.5%, 53.2%, 52.9%, 55.4%, 45.3%, 56.8%, 52.9%, 43.3%]",,,,
9,weights,17,72,0.1,1.6590910405869697,1.8489652201533318,0.0001111111111111111,49.51,"[42.0%, 46.7%, 50.5%, 53.2%, 52.9%, 55.4%, 45.3%, 56.8%, 52.9%, 39.4%]",,,,
9,weights,18,73,0.1,1.6570657476498063,1.9237921424210072,0.0001111111111111111,49.42,"[42.0%, 46.7%, 50.5%, 53.2%, 52.9%, 55.4%, 45.3%, 56.8%, 52.9%, 38.5%]",,,,
9,weights,19,74,0.1,1.6559164341847608,1.8594907373189926,0.0001111111111111111,49.75,"[42.0%, 46.7%, 50.5%, 53.2%, 52.9%, 55.4%, 45.3%, 56.8%, 52.9%, 41.8%]",,,,
9,weights,20,75,0.1,1.6435814731439966,1.8383988924324512,0.0001111111111111111,49.75,"[42.0%, 46.7%, 50.5%, 53.2%, 52.9%, 55.4%, 45.3%, 56.8%, 52.9%, 41.8%]",,,,
9,weights,21,76,0.1,1.6455973341206835,1.7569027356803417,0.0001111111111111111,49.83,"[42.0%, 46.7%, 50.5%, 53.2%, 52.9%, 55.4%, 45.3%, 56.8%, 52.9%, 42.6%]",,,,
9,weights,22,77,0.1,1.6325915087560179,1.7605702430009842,0.0001111111111111111,49.959999999999994,"[42.0%, 46.7%, 50.5%, 53.2%, 52.9%, 55.4%, 45.3%, 56.8%, 52.9%, 43.9%]",,,,
9,weights,23,78,0.1,1.6295074087798975,1.7628639414906502,0.0001111111111111111,49.94,"[42.0%, 46.7%, 50.5%, 53.2%, 52.9%, 55.4%, 45.3%, 56.8%, 52.9%, 43.7%]",,,,
9,weights,24,79,0.1,1.6326968882493913,1.7773992531001568,0.0001111111111111111,49.76,"[42.0%, 46.7%, 50.5%, 53.2%, 52.9%, 55.4%, 45.3%, 56.8%, 52.9%, 41.9%]",,,,
9,weights,25,80,0.1,1.6144404137969777,1.7283994853496552,0.0001111111111111111,49.989999999999995,"[42.0%, 46.7%, 50.5%, 53.2%, 52.9%, 55.4%, 45.3%, 56.8%, 52.9%, 44.2%]",33.269999999999996,"[4.4%, 24.1%, 32.5%, 43.0%, 48.1%, 53.7%, 28.2%, 53.1%, 37.4%, 8.2%]",38.760000000000005,"[30.4%, 38.5%, 35.8%, 43.4%, 36.9%, 53.7%, 28.2%, 53.1%, 46.1%, 21.5%]"
