task_idx,phase,epoch_in_phase,global_epoch,kappa,train_loss,val_loss,lr,til_avg,til_per_task,cil_stand_avg,cil_stand_per_task,cil_znorm_avg,cil_znorm_per_task
0,parallel,1,1,0.5,3.1793581346038042,2.972918227314949,0.001,9.9,[9.9%],,,,
0,parallel,2,2,0.5,2.8567551199797614,2.7240458950400352,0.001,17.6,[17.6%],,,,
0,parallel,3,3,0.5,2.6845424387865005,2.6231786906719208,0.001,19.8,[19.8%],,,,
0,parallel,4,4,0.5,2.597787061314674,2.457065112888813,0.001,24.6,[24.6%],,,,
0,parallel,5,5,0.486861292547365,2.5000032482633165,2.4807217493653297,0.001,26.1,[26.1%],,,,
0,parallel,6,6,0.4712862607002313,2.449420259257031,2.490475356578827,0.001,23.0,[23.0%],,,,
0,parallel,7,7,0.45603122885309755,2.375218748287031,2.273149900138378,0.001,31.3,[31.3%],,,,
0,parallel,8,8,0.4410961970059637,2.3077707882899388,2.1974505186080933,0.001,34.4,[34.4%],,,,
0,parallel,9,9,0.42648116515883006,2.2419805223015463,2.2360141426324844,0.001,32.9,[32.9%],,,,
0,parallel,10,10,0.4121861333116963,2.1720086708190336,2.0582997798919678,0.001,38.9,[38.9%],,,,
0,parallel,11,11,0.3982111014645625,2.105067553034254,2.0731518119573593,0.001,37.3,[37.3%],,,,
0,parallel,12,12,0.3845560696174287,2.0711869403814815,2.0766441971063614,0.001,37.6,[37.6%],,,,
0,parallel,13,13,0.3712210377702949,2.0193534884483193,2.0105300545692444,0.001,38.6,[38.6%],,,,
0,parallel,14,14,0.3582060059231612,1.978950435188925,1.936289019882679,0.001,41.1,[41.1%],,,,
0,parallel,15,15,0.3455109740760275,1.9290771560304483,1.8806716948747635,0.001,43.8,[43.8%],,,,
0,parallel,16,16,0.33313594222889364,1.8982279452548665,1.8210957050323486,0.001,46.6,[46.6%],,,,
0,parallel,17,17,0.3210809103817599,1.8668476586129255,1.8562385514378548,0.001,43.5,[43.5%],,,,
0,parallel,18,18,0.30934587853462614,1.85259227540083,1.8204499408602715,0.001,44.7,[44.7%],,,,
0,parallel,19,19,0.29793084668749237,1.8215549918496685,1.8455348908901215,0.001,44.0,[44.0%],,,,
0,parallel,20,20,0.2868358148403586,1.8127889124451169,1.7720817103981972,0.001,45.4,[45.4%],,,,
0,parallel,21,21,0.2760607829932249,1.7819291383597502,1.8714439272880554,0.001,42.5,[42.5%],,,,
0,parallel,22,22,0.2656057511460911,1.7612771539931085,1.747459553182125,0.001,46.5,[46.5%],,,,
0,parallel,23,23,0.25547071929895737,1.755974451447748,1.744434393942356,0.001,46.7,[46.7%],,,,
0,parallel,24,24,0.24565568745182362,1.7428629162964548,1.747306291013956,0.001,49.0,[49.0%],,,,
0,parallel,25,25,0.23616065560468985,1.7374751583026473,1.7364035695791245,0.001,48.1,[48.1%],,,,
0,parallel,26,26,0.22698562375755615,1.7265464879904584,1.7018586173653603,0.001,49.5,[49.5%],,,,
0,parallel,27,27,0.21813059191042236,1.7197907441740583,1.7702093236148357,0.001,45.3,[45.3%],,,,
0,parallel,28,28,0.2095955600632886,1.7132048052587328,1.690274439752102,0.001,49.4,[49.4%],,,,
0,parallel,29,29,0.20138052821615482,1.717102548119369,1.8124764487147331,0.001,46.2,[46.2%],,,,
0,parallel,30,30,0.19348549636902107,1.7329411590175263,1.789290890097618,0.001,46.5,[46.5%],,,,
0,parallel,31,31,0.1859104645218873,1.7286740746467737,1.7702408358454704,0.001,48.7,[48.7%],,,,
0,parallel,32,32,0.17865543267475353,1.722349823660152,1.7602700740098953,0.001,47.2,[47.2%],,,,
0,parallel,33,33,0.17172040082761977,1.7259765741931405,1.8162674717605114,0.0003333333333333333,45.9,[45.9%],,,,
0,parallel,34,34,0.16510536898048606,1.6694725455751844,1.708459123969078,0.0003333333333333333,48.7,[48.7%],,,,
0,parallel,35,35,0.1588103371333523,1.6966566963560263,1.687361165881157,0.0003333333333333333,50.4,[50.4%],,,,
0,parallel,36,36,0.15283530528621853,1.7866170535421675,1.8006284981966019,0.0003333333333333333,47.4,[47.4%],,,,
0,parallel,37,37,0.14718027343908474,1.8106555308505987,1.8172203823924065,0.0003333333333333333,45.7,[45.7%],,,,
0,parallel,38,38,0.141845241591951,1.8098660988412845,1.8323943093419075,0.0003333333333333333,46.6,[46.6%],,,,
0,parallel,39,39,0.13683020974481724,1.9940263253108712,1.9491233006119728,0.0003333333333333333,42.8,[42.8%],,,,
0,parallel,40,40,0.1321351778976835,1.9540883932903315,1.9892908036708832,0.0001111111111111111,42.4,[42.4%],,,,
0,parallel,41,41,0.12776014605054972,1.9364630690046176,1.9477878287434578,0.0001111111111111111,43.9,[43.9%],,,,
0,parallel,42,42,0.12370511420341597,2.0561779130036664,2.0627231523394585,0.0001111111111111111,39.9,[39.9%],,,,
0,parallel,43,43,0.1199700823562822,2.081894288397139,2.055111803114414,0.0001111111111111111,41.5,[41.5%],,,,
0,parallel,44,44,0.11655505050914845,2.094633809320486,2.083267457783222,0.0001111111111111111,40.7,[40.7%],,,,
0,parallel,45,45,0.11346001866201469,2.0824969877862625,2.01189087331295,0.0001111111111111111,43.1,[43.1%],,,,
0,parallel,46,46,0.11068498681488094,2.05882008971682,2.0116968154907227,0.0001111111111111111,42.1,[42.1%],,,,
0,parallel,47,47,0.10822995496774718,2.156843988758743,2.128190480172634,0.0001111111111111111,38.1,[38.1%],,,,
0,parallel,48,48,0.10609492312061342,2.1518356359688338,2.0774123445153236,0.0001111111111111111,39.9,[39.9%],,,,
0,parallel,49,49,0.10427989127347966,2.1444681093191647,2.0784086287021637,0.0001111111111111111,39.6,[39.6%],,,,
0,parallel,50,50,0.1027848594263459,2.122912155594795,2.0736189410090446,0.0001111111111111111,40.0,[40.0%],,,,
0,parallel,51,51,0.10160982757921214,2.093768122849191,2.0348447114229202,0.0001111111111111111,40.3,[40.3%],,,,
0,parallel,52,52,0.10075479573207838,2.239108568543841,2.1194367706775665,0.0001111111111111111,39.6,[39.6%],,,,
0,parallel,53,53,0.10021976388494463,2.1290492927952176,2.084339030086994,0.0001111111111111111,40.7,[40.7%],,,,
0,parallel,54,54,0.10000473203781086,2.100996372046744,2.0573121681809425,0.0001111111111111111,41.5,[41.5%],,,,
0,parallel,55,55,0.1,2.079717498676033,2.036536142230034,0.0001111111111111111,42.6,[42.6%],,,,
0,weights,1,56,0.1,2.059946515757567,2.025299496948719,0.0001111111111111111,41.3,[41.3%],,,,
0,weights,2,57,0.1,2.0309748664783065,1.999218389391899,0.0001111111111111111,43.3,[43.3%],,,,
0,weights,3,58,0.1,2.0149776814090217,1.9948274418711662,0.0001111111111111111,42.5,[42.5%],,,,
0,weights,4,59,0.1,2.0138615187565994,1.9948802143335342,0.0001111111111111111,42.9,[42.9%],,,,
0,weights,5,60,0.1,2.0024193183631653,1.9689187780022621,0.0001111111111111111,42.3,[42.3%],,,,
0,weights,6,61,0.1,1.9858466174192488,1.9591614305973053,0.0001111111111111111,43.6,[43.6%],,,,
0,weights,7,62,0.1,1.9713646963143805,1.9571272134780884,0.0001111111111111111,42.3,[42.3%],,,,
0,weights,8,63,0.1,1.954068899154663,1.9330465570092201,0.0001111111111111111,43.6,[43.6%],,,,
0,weights,9,64,0.1,1.9411422917797307,1.9396750554442406,0.0001111111111111111,43.9,[43.9%],,,,
0,weights,10,65,0.1,1.938526341110278,1.9360768273472786,0.0001111111111111111,44.0,[44.0%],,,,
0,weights,11,66,0.1,1.9336098774223571,1.9194192960858345,0.0001111111111111111,44.5,[44.5%],,,,
0,weights,12,67,0.1,1.9195452381850808,1.9040959253907204,0.0001111111111111111,44.6,[44.6%],,,,
0,weights,13,68,0.1,1.9207244860898158,1.9118389636278152,0.0001111111111111111,43.6,[43.6%],,,,
0,weights,14,69,0.1,1.910125357330225,1.9044805467128754,0.0001111111111111111,44.1,[44.1%],,,,
0,weights,15,70,0.1,1.9084483218041195,1.8991899490356445,0.0001111111111111111,44.7,[44.7%],,,,
0,weights,16,71,0.1,1.880606648268973,1.9040436819195747,0.0001111111111111111,43.1,[43.1%],,,,
0,weights,17,72,0.1,1.8864199659626955,1.8836729377508163,0.0001111111111111111,45.6,[45.6%],,,,
0,weights,18,73,0.1,1.8789827922347244,1.8787235617637634,0.0001111111111111111,45.8,[45.8%],,,,
0,weights,19,74,0.1,1.8572654382438416,1.8902474269270897,0.0001111111111111111,44.3,[44.3%],,,,
0,weights,20,75,0.1,1.8633967410227297,1.8610727936029434,0.0001111111111111111,45.5,[45.5%],,,,
0,weights,21,76,0.1,1.856282976782246,1.862147904932499,0.0001111111111111111,44.8,[44.8%],,,,
0,weights,22,77,0.1,1.8500114375618613,1.8548388928174973,0.0001111111111111111,46.7,[46.7%],,,,
0,weights,23,78,0.1,1.8517497254025406,1.864096648991108,0.0001111111111111111,45.3,[45.3%],,,,
0,weights,24,79,0.1,1.83689710592768,1.8452186211943626,0.0001111111111111111,45.6,[45.6%],,,,
0,weights,25,80,0.1,1.840114253341772,1.8569534942507744,0.0001111111111111111,46.0,[46.0%],46.0,[46.0%],46.0,[46.0%]
1,parallel,1,1,0.5,3.3983597102438567,3.022224262356758,0.0001111111111111111,25.55,"[46.0%, 5.1%]",,,,
1,parallel,2,2,0.5,3.024966062254207,2.9739754050970078,0.0001111111111111111,27.85,"[46.0%, 9.7%]",,,,
1,parallel,3,3,0.5,2.823583610498222,2.6725384667515755,0.0001111111111111111,30.05,"[46.0%, 14.1%]",,,,
1,parallel,4,4,0.5,2.665907550009952,2.533694937825203,0.0001111111111111111,33.25,"[46.0%, 20.5%]",,,,
1,parallel,5,5,0.486861292547365,2.5653706356218664,2.482196591794491,0.0001111111111111111,31.9,"[46.0%, 17.8%]",,,,
1,parallel,6,6,0.4712862607002313,2.515997525233372,2.4725800156593323,0.0001111111111111111,33.75,"[46.0%, 21.5%]",,,,
1,parallel,7,7,0.45603122885309755,2.459433740870968,2.3998825699090958,0.0001111111111111111,35.0,"[46.0%, 24.0%]",,,,
1,parallel,8,8,0.4410961970059637,2.3851649093020493,2.384947322309017,0.0001111111111111111,35.35,"[46.0%, 24.7%]",,,,
1,parallel,9,9,0.42648116515883006,2.3646897024409785,2.420153647661209,0.0001111111111111111,35.0,"[46.0%, 24.0%]",,,,
1,parallel,10,10,0.4121861333116963,2.2952768749492183,2.2700023129582405,0.0001111111111111111,37.55,"[46.0%, 29.1%]",,,,
1,parallel,11,11,0.3982111014645625,2.2752607293949008,2.2929719164967537,0.0001111111111111111,35.65,"[46.0%, 25.3%]",,,,
1,parallel,12,12,0.3845560696174287,2.224598503416511,2.241845615208149,0.0001111111111111111,37.9,"[46.0%, 29.8%]",,,,
1,parallel,13,13,0.3712210377702949,2.1675974305268304,2.196321204304695,0.0001111111111111111,38.1,"[46.0%, 30.2%]",,,,
1,parallel,14,14,0.3582060059231612,2.1438737682476163,2.0700510442256927,0.0001111111111111111,40.65,"[46.0%, 35.3%]",,,,
1,parallel,15,15,0.3455109740760275,2.094835779469484,2.0820760279893875,0.0001111111111111111,41.0,"[46.0%, 36.0%]",,,,
1,parallel,16,16,0.33313594222889364,2.065424492404719,2.0953754782676697,0.0001111111111111111,39.5,"[46.0%, 33.0%]",,,,
1,parallel,17,17,0.3210809103817599,2.0274186620287074,2.0280774608254433,0.0001111111111111111,41.45,"[46.0%, 36.9%]",,,,
1,parallel,18,18,0.30934587853462614,1.9920688184203617,2.0166209414601326,0.0001111111111111111,40.35,"[46.0%, 34.7%]",,,,
1,parallel,19,19,0.29793084668749237,1.9522448269424924,2.0271830335259438,0.0001111111111111111,40.75,"[46.0%, 35.5%]",,,,
1,parallel,20,20,0.2868358148403586,1.9771547575665127,1.9622617848217487,0.0001111111111111111,41.65,"[46.0%, 37.3%]",,,,
1,parallel,21,21,0.2760607829932249,1.949912002891492,2.0786887630820274,0.0001111111111111111,39.85,"[46.0%, 33.7%]",,,,
1,parallel,22,22,0.2656057511460911,1.917541170575816,1.9030942842364311,0.0001111111111111111,42.1,"[46.0%, 38.2%]",,,,
1,parallel,23,23,0.25547071929895737,1.9021668487293706,2.0336938090622425,0.0001111111111111111,40.45,"[46.0%, 34.9%]",,,,
1,parallel,24,24,0.24565568745182362,1.914441924945564,2.0101267099380493,0.0001111111111111111,41.4,"[46.0%, 36.8%]",,,,
1,parallel,25,25,0.23616065560468985,1.8780604304781385,2.0062427073717117,0.0001111111111111111,40.8,"[46.0%, 35.6%]",,,,
1,parallel,26,26,0.22698562375755615,1.8600416616269737,1.8661526553332806,0.0001111111111111111,42.15,"[46.0%, 38.3%]",,,,
1,parallel,27,27,0.21813059191042236,1.886001748643863,1.8762238249182701,0.0001111111111111111,43.65,"[46.0%, 41.3%]",,,,
1,parallel,28,28,0.2095955600632886,1.9229382694147195,2.0525222420692444,0.0001111111111111111,39.8,"[46.0%, 33.6%]",,,,
1,parallel,29,29,0.20138052821615482,1.8768030921365046,1.9610119685530663,0.0001111111111111111,41.8,"[46.0%, 37.6%]",,,,
1,parallel,30,30,0.19348549636902107,1.8636481435435592,1.9221456795930862,0.0001111111111111111,42.85,"[46.0%, 39.7%]",,,,
1,parallel,31,31,0.1859104645218873,1.8751398772950385,1.9301846995949745,0.0001111111111111111,42.1,"[46.0%, 38.2%]",,,,
1,parallel,32,32,0.17865543267475353,1.8866469905634595,1.938216108828783,0.0001111111111111111,42.15,"[46.0%, 38.3%]",,,,
1,parallel,33,33,0.17172040082761977,1.858878188072496,2.1094143465161324,0.0001111111111111111,39.75,"[46.0%, 33.5%]",,,,
1,parallel,34,34,0.16510536898048606,1.8684268521655136,1.9153364151716232,0.0001111111111111111,41.4,"[46.0%, 36.8%]",,,,
1,parallel,35,35,0.1588103371333523,1.951187642516604,2.013296887278557,0.0001111111111111111,41.3,"[46.0%, 36.6%]",,,,
1,parallel,36,36,0.15283530528621853,1.9853360303647958,2.0592419505119324,0.0001111111111111111,40.2,"[46.0%, 34.4%]",,,,
1,parallel,37,37,0.14718027343908474,1.933849165394048,1.9372195079922676,0.0001111111111111111,42.5,"[46.0%, 39.0%]",,,,
1,parallel,38,38,0.141845241591951,1.8931547608345178,1.8950124382972717,0.0001111111111111111,43.2,"[46.0%, 40.4%]",,,,
1,parallel,39,39,0.13683020974481724,2.080606287452066,2.0751775577664375,0.0001111111111111111,40.85,"[46.0%, 35.7%]",,,,
1,parallel,40,40,0.1321351778976835,1.9633161163633797,1.9071279168128967,0.0001111111111111111,42.9,"[46.0%, 39.8%]",,,,
1,parallel,41,41,0.12776014605054972,1.9462008407920788,1.9790892079472542,0.0001111111111111111,41.65,"[46.0%, 37.3%]",,,,
1,parallel,42,42,0.12370511420341597,2.0102245306513113,1.9734799563884735,0.0001111111111111111,42.7,"[46.0%, 39.4%]",,,,
1,parallel,43,43,0.1199700823562822,1.966395733462777,1.9761502146720886,0.0001111111111111111,42.0,"[46.0%, 38.0%]",,,,
1,parallel,44,44,0.11655505050914845,1.955805684350858,1.996975414454937,0.0001111111111111111,41.5,"[46.0%, 37.0%]",,,,
1,parallel,45,45,0.11346001866201469,1.926765466191966,1.901882752776146,0.0001111111111111111,42.55,"[46.0%, 39.1%]",,,,
1,parallel,46,46,0.11068498681488094,1.9309396083187904,1.9423159882426262,0.0001111111111111111,42.85,"[46.0%, 39.7%]",,,,
1,parallel,47,47,0.10822995496774718,1.992270705046927,2.002551883459091,0.0001111111111111111,41.65,"[46.0%, 37.3%]",,,,
1,parallel,48,48,0.10609492312061342,1.9581255760921794,2.0003640800714493,0.0001111111111111111,41.45,"[46.0%, 36.9%]",,,,
1,parallel,49,49,0.10427989127347966,1.9312381569746953,1.9435443878173828,0.0001111111111111111,42.35,"[46.0%, 38.7%]",,,,
1,parallel,50,50,0.1027848594263459,1.9012665589144275,1.8937201499938965,0.0001111111111111111,42.45,"[46.0%, 38.9%]",,,,
1,parallel,51,51,0.10160982757921214,1.8775518229053278,1.9270320683717728,0.0001111111111111111,42.0,"[46.0%, 38.0%]",,,,
1,parallel,52,52,0.10075479573207838,1.9636123734674635,1.9831352904438972,0.0001111111111111111,41.25,"[46.0%, 36.5%]",,,,
1,parallel,53,53,0.10021976388494463,1.8685298216570714,1.9659145139157772,0.0001111111111111111,41.75,"[46.0%, 37.5%]",,,,
1,parallel,54,54,0.10000473203781086,1.838605382639891,2.0329232290387154,0.0001111111111111111,41.2,"[46.0%, 36.4%]",,,,
1,parallel,55,55,0.1,1.8250614495793724,2.026049129664898,0.0001111111111111111,41.1,"[46.0%, 36.2%]",,,,
1,weights,1,56,0.1,1.7902667704661182,1.8575342074036598,0.0001111111111111111,43.9,"[46.0%, 41.8%]",,,,
1,weights,2,57,0.1,1.7990115569655303,2.012159585952759,0.0001111111111111111,42.3,"[46.0%, 38.6%]",,,,
1,weights,3,58,0.1,1.7606720719367834,1.8064112067222595,0.0001111111111111111,44.4,"[46.0%, 42.8%]",,,,
1,weights,4,59,0.1,1.7447715458596589,1.8708305023610592,0.0001111111111111111,43.0,"[46.0%, 40.0%]",,,,
1,weights,5,60,0.1,1.7356341910210384,1.8783800415694714,0.0001111111111111111,43.25,"[46.0%, 40.5%]",,,,
1,weights,6,61,0.1,1.7230578744487397,1.9328769519925117,0.0001111111111111111,42.1,"[46.0%, 38.2%]",,,,
1,weights,7,62,0.1,1.706536233045493,1.8187877535820007,0.0001111111111111111,43.65,"[46.0%, 41.3%]",,,,
1,weights,8,63,0.1,1.7112874961962365,1.8251861073076725,0.0001111111111111111,43.7,"[46.0%, 41.4%]",,,,
1,weights,9,64,0.1,1.684216046029595,1.7954717464745045,0.0001111111111111111,44.6,"[46.0%, 43.2%]",,,,
1,weights,10,65,0.1,1.6678164832910913,1.808810867369175,0.0001111111111111111,44.2,"[46.0%, 42.4%]",,,,
1,weights,11,66,0.1,1.6555817909301467,1.812121670693159,0.0001111111111111111,44.25,"[46.0%, 42.5%]",,,,
1,weights,12,67,0.1,1.648573117650998,1.7273368388414383,0.0001111111111111111,45.95,"[46.0%, 45.9%]",,,,
1,weights,13,68,0.1,1.6492338818349657,1.7099518664181232,0.0001111111111111111,46.3,"[46.0%, 46.6%]",,,,
1,weights,14,69,0.1,1.6283287090860354,1.7860581129789352,0.0001111111111111111,43.95,"[46.0%, 41.9%]",,,,
1,weights,15,70,0.1,1.6178224732162088,1.7571825049817562,0.0001111111111111111,45.15,"[46.0%, 44.3%]",,,,
1,weights,16,71,0.1,1.6031153384287646,1.7527006939053535,0.0001111111111111111,44.2,"[46.0%, 42.4%]",,,,
1,weights,17,72,0.1,1.6046569985189256,1.7704563327133656,0.0001111111111111111,43.9,"[46.0%, 41.8%]",,,,
1,weights,18,73,0.1,1.578326701358625,1.7265521995723248,0.0001111111111111111,44.8,"[46.0%, 43.6%]",,,,
1,weights,19,74,0.1,1.5777003028590209,1.7496600523591042,0.0001111111111111111,44.5,"[46.0%, 43.0%]",,,,
1,weights,20,75,0.1,1.5831302746086364,1.7652783766388893,0.0001111111111111111,44.85,"[46.0%, 43.7%]",,,,
1,weights,21,76,0.1,1.5650667073620352,1.824732307344675,0.0001111111111111111,43.7,"[46.0%, 41.4%]",,,,
1,weights,22,77,0.1,1.564825509763827,1.729326531291008,0.0001111111111111111,45.9,"[46.0%, 45.8%]",,,,
1,weights,23,78,0.1,1.5363257569112596,1.717051524668932,0.0001111111111111111,45.6,"[46.0%, 45.2%]",,,,
1,weights,24,79,0.1,1.54330289819438,1.6710501834750175,0.0001111111111111111,46.3,"[46.0%, 46.6%]",,,,
1,weights,25,80,0.1,1.548106682528356,1.7462032288312912,0.0001111111111111111,44.7,"[46.0%, 43.4%]",38.45,"[33.5%, 43.4%]",40.650000000000006,"[42.2%, 39.1%]"
2,parallel,1,1,0.5,3.7452367916228666,3.037431478500366,0.0001111111111111111,31.46666666666667,"[46.0%, 43.4%, 5.0%]",,,,
2,parallel,2,2,0.5,3.036261379339133,3.045341283082962,0.0001111111111111111,31.46666666666667,"[46.0%, 43.4%, 5.0%]",,,,
2,parallel,3,3,0.5,2.9213416090436803,2.7319178730249405,0.0001111111111111111,34.03333333333334,"[46.0%, 43.4%, 12.7%]",,,,
2,parallel,4,4,0.5,2.6912767613769337,2.5988413989543915,0.0001111111111111111,34.86666666666667,"[46.0%, 43.4%, 15.2%]",,,,
2,parallel,5,5,0.486861292547365,2.5936282227753074,2.457715794444084,0.0001111111111111111,36.6,"[46.0%, 43.4%, 20.4%]",,,,
2,parallel,6,6,0.4712862607002313,2.4745465570194707,2.355295315384865,0.0001111111111111111,38.166666666666664,"[46.0%, 43.4%, 25.1%]",,,,
2,parallel,7,7,0.45603122885309755,2.3709068328711638,2.3005387857556343,0.0001111111111111111,39.4,"[46.0%, 43.4%, 28.8%]",,,,
2,parallel,8,8,0.4410961970059637,2.2849235937094234,2.2951731607317924,0.0001111111111111111,38.93333333333334,"[46.0%, 43.4%, 27.4%]",,,,
2,parallel,9,9,0.42648116515883006,2.214517335982839,2.2009077817201614,0.0001111111111111111,39.53333333333334,"[46.0%, 43.4%, 29.2%]",,,,
2,parallel,10,10,0.4121861333116963,2.1478707425913233,2.051629960536957,0.0001111111111111111,41.86666666666667,"[46.0%, 43.4%, 36.2%]",,,,
2,parallel,11,11,0.3982111014645625,2.0691806017213565,1.9944539219141006,0.0001111111111111111,42.9,"[46.0%, 43.4%, 39.3%]",,,,
2,parallel,12,12,0.3845560696174287,1.9899265470018812,1.8988836109638214,0.0001111111111111111,43.166666666666664,"[46.0%, 43.4%, 40.1%]",,,,
2,parallel,13,13,0.3712210377702949,1.9338108194861443,1.9215728864073753,0.0001111111111111111,43.26666666666667,"[46.0%, 43.4%, 40.4%]",,,,
2,parallel,14,14,0.3582060059231612,1.8776563390804704,1.8961170986294746,0.0001111111111111111,43.4,"[46.0%, 43.4%, 40.8%]",,,,
2,parallel,15,15,0.3455109740760275,1.8026548494958574,1.8138261884450912,0.0001111111111111111,44.06666666666666,"[46.0%, 43.4%, 42.8%]",,,,
2,parallel,16,16,0.33313594222889364,1.8009601899772694,1.8151965998113155,0.0001111111111111111,44.366666666666674,"[46.0%, 43.4%, 43.7%]",,,,
2,parallel,17,17,0.3210809103817599,1.7864537375747778,1.7660974264144897,0.0001111111111111111,44.6,"[46.0%, 43.4%, 44.4%]",,,,
2,parallel,18,18,0.30934587853462614,1.7488403236790069,1.6862609535455704,0.0001111111111111111,45.866666666666674,"[46.0%, 43.4%, 48.2%]",,,,
2,parallel,19,19,0.29793084668749237,1.7006340042041366,1.6908379904925823,0.0001111111111111111,46.03333333333334,"[46.0%, 43.4%, 48.7%]",,,,
2,parallel,20,20,0.2868358148403586,1.7062555141509719,1.6822906322777271,0.0001111111111111111,45.666666666666664,"[46.0%, 43.4%, 47.6%]",,,,
2,parallel,21,21,0.2760607829932249,1.6886989318641128,1.724026944488287,0.0001111111111111111,45.20000000000001,"[46.0%, 43.4%, 46.2%]",,,,
2,parallel,22,22,0.2656057511460911,1.6880124215107815,1.8462651409208775,0.0001111111111111111,44.70000000000001,"[46.0%, 43.4%, 44.7%]",,,,
2,parallel,23,23,0.25547071929895737,1.6571559268198195,1.6048808358609676,0.0001111111111111111,46.96666666666667,"[46.0%, 43.4%, 51.5%]",,,,
2,parallel,24,24,0.24565568745182362,1.6671641837259767,1.637741431593895,0.0001111111111111111,46.46666666666667,"[46.0%, 43.4%, 50.0%]",,,,
2,parallel,25,25,0.23616065560468985,1.6185823003197932,1.7288175225257874,0.0001111111111111111,45.666666666666664,"[46.0%, 43.4%, 47.6%]",,,,
2,parallel,26,26,0.22698562375755615,1.6830070664168923,1.6198192797601223,0.0001111111111111111,46.166666666666664,"[46.0%, 43.4%, 49.1%]",,,,
2,parallel,27,27,0.21813059191042236,1.6799142504953275,1.7454836070537567,0.0001111111111111111,44.666666666666664,"[46.0%, 43.4%, 44.6%]",,,,
2,parallel,28,28,0.2095955600632886,1.6806988632603057,1.6745300218462944,0.0001111111111111111,45.833333333333336,"[46.0%, 43.4%, 48.1%]",,,,
2,parallel,29,29,0.20138052821615482,1.7102430071800379,1.6758679039776325,0.0001111111111111111,45.96666666666667,"[46.0%, 43.4%, 48.5%]",,,,
2,parallel,30,30,0.19348549636902107,1.649292550269206,1.6433277800679207,0.0001111111111111111,45.93333333333334,"[46.0%, 43.4%, 48.4%]",,,,
2,parallel,31,31,0.1859104645218873,1.72807095308972,1.7472475282847881,0.0001111111111111111,44.43333333333334,"[46.0%, 43.4%, 43.9%]",,,,
2,parallel,32,32,0.17865543267475353,1.6909508469757761,1.6978453546762466,0.0001111111111111111,46.0,"[46.0%, 43.4%, 48.6%]",,,,
2,parallel,33,33,0.17172040082761977,1.7059933638117115,1.7360027134418488,0.0001111111111111111,44.833333333333336,"[46.0%, 43.4%, 45.1%]",,,,
2,parallel,34,34,0.16510536898048606,1.7193858167927736,1.6251527033746243,0.0001111111111111111,46.6,"[46.0%, 43.4%, 50.4%]",,,,
2,parallel,35,35,0.1588103371333523,1.7481609112138201,1.744503904134035,0.0001111111111111111,45.300000000000004,"[46.0%, 43.4%, 46.5%]",,,,
2,parallel,36,36,0.15283530528621853,1.8503868913954231,1.7871196381747723,0.0001111111111111111,44.666666666666664,"[46.0%, 43.4%, 44.6%]",,,,
2,parallel,37,37,0.14718027343908474,1.7905195176981057,1.7086691744625568,0.0001111111111111111,45.70000000000001,"[46.0%, 43.4%, 47.7%]",,,,
2,parallel,38,38,0.141845241591951,1.7740725582572305,1.6695039719343185,0.0001111111111111111,45.833333333333336,"[46.0%, 43.4%, 48.1%]",,,,
2,parallel,39,39,0.13683020974481724,1.8924324717491297,1.7867253720760345,0.0001111111111111111,44.866666666666674,"[46.0%, 43.4%, 45.2%]",,,,
2,parallel,40,40,0.1321351778976835,1.8468806067849421,1.7713156193494797,0.0001111111111111111,45.1,"[46.0%, 43.4%, 45.9%]",,,,
2,parallel,41,41,0.12776014605054972,1.8144904040986565,1.73342727124691,0.0001111111111111111,45.23333333333333,"[46.0%, 43.4%, 46.3%]",,,,
2,parallel,42,42,0.12370511420341597,1.8990716152130418,1.8473150357604027,0.0001111111111111111,44.06666666666666,"[46.0%, 43.4%, 42.8%]",,,,
2,parallel,43,43,0.1199700823562822,1.8575605283117598,1.854458075016737,0.0001111111111111111,43.73333333333333,"[46.0%, 43.4%, 41.8%]",,,,
2,parallel,44,44,0.11655505050914845,1.8728761316105058,1.7901068776845932,0.0001111111111111111,44.366666666666674,"[46.0%, 43.4%, 43.7%]",,,,
2,parallel,45,45,0.11346001866201469,1.8489713942169383,1.7872343696653843,0.0001111111111111111,44.26666666666667,"[46.0%, 43.4%, 43.4%]",,,,
2,parallel,46,46,0.11068498681488094,1.8339223922437924,1.8762458860874176,0.0001111111111111111,42.93333333333334,"[46.0%, 43.4%, 39.4%]",,,,
2,parallel,47,47,0.10822995496774718,2.024522267329465,1.8705266937613487,0.0001111111111111111,44.166666666666664,"[46.0%, 43.4%, 43.1%]",,,,
2,parallel,48,48,0.10609492312061342,1.931862440078881,1.9128605127334595,0.0001111111111111111,43.96666666666667,"[46.0%, 43.4%, 42.5%]",,,,
2,parallel,49,49,0.10427989127347966,1.8901683486950625,1.8354691565036774,0.0001111111111111111,44.70000000000001,"[46.0%, 43.4%, 44.7%]",,,,
2,parallel,50,50,0.1027848594263459,1.8578215761549155,1.8052683398127556,0.0001111111111111111,44.93333333333334,"[46.0%, 43.4%, 45.4%]",,,,
2,parallel,51,51,0.10160982757921214,1.7988334218407893,1.7831952199339867,0.0001111111111111111,45.56666666666666,"[46.0%, 43.4%, 47.3%]",,,,
2,parallel,52,52,0.10075479573207838,1.8911206570400554,1.8651969507336617,0.0001111111111111111,44.06666666666666,"[46.0%, 43.4%, 42.8%]",,,,
2,parallel,53,53,0.10021976388494463,1.8143433871542571,1.7787763811647892,0.0001111111111111111,45.03333333333334,"[46.0%, 43.4%, 45.7%]",,,,
2,parallel,54,54,0.10000473203781086,1.7828965232630445,1.7854533791542053,0.0001111111111111111,44.46666666666667,"[46.0%, 43.4%, 44.0%]",,,,
2,parallel,55,55,0.1,1.7718916706218841,1.7423435784876347,0.0001111111111111111,45.833333333333336,"[46.0%, 43.4%, 48.1%]",,,,
2,weights,1,56,0.1,1.7226689514840485,1.735804907977581,0.0001111111111111111,45.366666666666674,"[46.0%, 43.4%, 46.7%]",,,,
2,weights,2,57,0.1,1.6923001025133073,1.713948518037796,0.0001111111111111111,45.866666666666674,"[46.0%, 43.4%, 48.2%]",,,,
2,weights,3,58,0.1,1.68331693767742,1.6961431242525578,0.0001111111111111111,45.23333333333333,"[46.0%, 43.4%, 46.3%]",,,,
2,weights,4,59,0.1,1.6988566635520594,1.6868417598307133,0.0001111111111111111,46.06666666666666,"[46.0%, 43.4%, 48.8%]",,,,
2,weights,5,60,0.1,1.648051783537409,1.658008649945259,0.0001111111111111111,45.9,"[46.0%, 43.4%, 48.3%]",,,,
2,weights,6,61,0.1,1.6448944161652,1.6753115504980087,0.0001111111111111111,45.4,"[46.0%, 43.4%, 46.8%]",,,,
2,weights,7,62,0.1,1.6178222932633322,1.6468214057385921,0.0001111111111111111,45.96666666666667,"[46.0%, 43.4%, 48.5%]",,,,
2,weights,8,63,0.1,1.6151665601001424,1.627266138792038,0.0001111111111111111,46.63333333333333,"[46.0%, 43.4%, 50.5%]",,,,
2,weights,9,64,0.1,1.6117574993971806,1.705016277730465,0.0001111111111111111,45.5,"[46.0%, 43.4%, 47.1%]",,,,
2,weights,10,65,0.1,1.5764716848446305,1.6341674774885178,0.0001111111111111111,46.20000000000001,"[46.0%, 43.4%, 49.2%]",,,,
2,weights,11,66,0.1,1.5926449473496456,1.679886993020773,0.0001111111111111111,45.166666666666664,"[46.0%, 43.4%, 46.1%]",,,,
2,weights,12,67,0.1,1.563072606256813,1.633287027478218,0.0001111111111111111,46.300000000000004,"[46.0%, 43.4%, 49.5%]",,,,
2,weights,13,68,0.1,1.5620580949601095,1.6606072671711445,0.0001111111111111111,46.1,"[46.0%, 43.4%, 48.9%]",,,,
2,weights,14,69,0.1,1.5403917724159872,1.6422785073518753,0.0001111111111111111,46.23333333333333,"[46.0%, 43.4%, 49.3%]",,,,
2,weights,15,70,0.1,1.5548860556001116,1.646113969385624,0.0001111111111111111,46.20000000000001,"[46.0%, 43.4%, 49.2%]",,,,
2,weights,16,71,0.1,1.5252845218986462,1.5568531304597855,0.0001111111111111111,47.13333333333333,"[46.0%, 43.4%, 52.0%]",,,,
2,weights,17,72,0.1,1.528240700436246,1.5633436851203442,0.0001111111111111111,46.73333333333333,"[46.0%, 43.4%, 50.8%]",,,,
2,weights,18,73,0.1,1.5120552193586994,1.6162628531455994,0.0001111111111111111,46.43333333333334,"[46.0%, 43.4%, 49.9%]",,,,
2,weights,19,74,0.1,1.4922543688184897,1.5418641194701195,0.0001111111111111111,47.13333333333333,"[46.0%, 43.4%, 52.0%]",,,,
2,weights,20,75,0.1,1.498230584108146,1.5683184042572975,0.0001111111111111111,47.06666666666666,"[46.0%, 43.4%, 51.8%]",,,,
2,weights,21,76,0.1,1.4843405029576295,1.5609051510691643,0.0001111111111111111,46.5,"[46.0%, 43.4%, 50.1%]",,,,
2,weights,22,77,0.1,1.466812439784882,1.5396384745836258,0.0001111111111111111,47.366666666666674,"[46.0%, 43.4%, 52.7%]",,,,
2,weights,23,78,0.1,1.4819318914109734,1.572418387979269,0.0001111111111111111,46.166666666666664,"[46.0%, 43.4%, 49.1%]",,,,
2,weights,24,79,0.1,1.4718834495848152,1.5619440004229546,0.0001111111111111111,46.800000000000004,"[46.0%, 43.4%, 51.0%]",,,,
2,weights,25,80,0.1,1.4699973429843878,1.5053741447627544,0.0001111111111111111,47.06666666666666,"[46.0%, 43.4%, 51.8%]",34.63333333333333,"[19.9%, 32.2%, 51.8%]",40.6,"[36.7%, 37.2%, 47.9%]"
3,parallel,1,1,0.5,3.9972142231692174,3.0358089059591293,0.0001111111111111111,36.55,"[46.0%, 43.4%, 51.8%, 5.0%]",,,,
3,parallel,2,2,0.5,3.0247607398185,2.957161173224449,0.0001111111111111111,37.525,"[46.0%, 43.4%, 51.8%, 8.9%]",,,,
3,parallel,3,3,0.5,2.900881407367196,2.7734829038381577,0.0001111111111111111,38.599999999999994,"[46.0%, 43.4%, 51.8%, 13.2%]",,,,
3,parallel,4,4,0.5,2.7703039904308926,2.725705936551094,0.0001111111111111111,39.25,"[46.0%, 43.4%, 51.8%, 15.8%]",,,,
3,parallel,5,5,0.486861292547365,2.671907766609435,2.5325129851698875,0.0001111111111111111,40.599999999999994,"[46.0%, 43.4%, 51.8%, 21.2%]",,,,
3,parallel,6,6,0.4712862607002313,2.516144082804394,2.399635836482048,0.0001111111111111111,42.074999999999996,"[46.0%, 43.4%, 51.8%, 27.1%]",,,,
3,parallel,7,7,0.45603122885309755,2.4063323075604286,2.426703441888094,0.0001111111111111111,41.724999999999994,"[46.0%, 43.4%, 51.8%, 25.7%]",,,,
3,parallel,8,8,0.4410961970059637,2.317326712760196,2.569587677717209,0.0001111111111111111,40.9,"[46.0%, 43.4%, 51.8%, 22.4%]",,,,
3,parallel,9,9,0.42648116515883006,2.2616192846541194,2.2629708647727966,0.0001111111111111111,43.349999999999994,"[46.0%, 43.4%, 51.8%, 32.2%]",,,,
3,parallel,10,10,0.4121861333116963,2.1754771076190242,2.122536264359951,0.0001111111111111111,44.525,"[46.0%, 43.4%, 51.8%, 36.9%]",,,,
3,parallel,11,11,0.3982111014645625,2.1236720343304287,2.0256762132048607,0.0001111111111111111,45.275,"[46.0%, 43.4%, 51.8%, 39.9%]",,,,
3,parallel,12,12,0.3845560696174287,2.046167892255601,2.0222863741219044,0.0001111111111111111,45.15,"[46.0%, 43.4%, 51.8%, 39.4%]",,,,
3,parallel,13,13,0.3712210377702949,1.9810209691904153,2.0727970637381077,0.0001111111111111111,45.099999999999994,"[46.0%, 43.4%, 51.8%, 39.2%]",,,,
3,parallel,14,14,0.3582060059231612,1.957579147284198,1.9715107381343842,0.0001111111111111111,45.949999999999996,"[46.0%, 43.4%, 51.8%, 42.6%]",,,,
3,parallel,15,15,0.3455109740760275,1.8884991711112344,1.9744722694158554,0.0001111111111111111,45.775,"[46.0%, 43.4%, 51.8%, 41.9%]",,,,
3,parallel,16,16,0.33313594222889364,1.8522346057709616,1.8865684047341347,0.0001111111111111111,46.074999999999996,"[46.0%, 43.4%, 51.8%, 43.1%]",,,,
3,parallel,17,17,0.3210809103817599,1.8315610020024002,1.8974324390292168,0.0001111111111111111,46.3,"[46.0%, 43.4%, 51.8%, 44.0%]",,,,
3,parallel,18,18,0.30934587853462614,1.788780099267413,1.7760920859873295,0.0001111111111111111,47.099999999999994,"[46.0%, 43.4%, 51.8%, 47.2%]",,,,
3,parallel,19,19,0.29793084668749237,1.774970634727721,1.7700391821563244,0.0001111111111111111,47.324999999999996,"[46.0%, 43.4%, 51.8%, 48.1%]",,,,
3,parallel,20,20,0.2868358148403586,1.741808187430072,1.820968370884657,0.0001111111111111111,46.974999999999994,"[46.0%, 43.4%, 51.8%, 46.7%]",,,,
3,parallel,21,21,0.2760607829932249,1.7284626345725576,1.8438360132277012,0.0001111111111111111,46.599999999999994,"[46.0%, 43.4%, 51.8%, 45.2%]",,,,
3,parallel,22,22,0.2656057511460911,1.697413561450448,1.8310399428009987,0.0001111111111111111,47.05,"[46.0%, 43.4%, 51.8%, 47.0%]",,,,
3,parallel,23,23,0.25547071929895737,1.6945115722668398,1.909999743103981,0.0001111111111111111,46.05,"[46.0%, 43.4%, 51.8%, 43.0%]",,,,
3,parallel,24,24,0.24565568745182362,1.6964506601831715,1.698719035834074,0.0001111111111111111,47.625,"[46.0%, 43.4%, 51.8%, 49.3%]",,,,
3,parallel,25,25,0.23616065560468985,1.6893124975216616,1.8402856513857841,0.0001111111111111111,46.949999999999996,"[46.0%, 43.4%, 51.8%, 46.6%]",,,,
3,parallel,26,26,0.22698562375755615,1.6849577958416786,1.8420442268252373,0.0001111111111111111,46.8,"[46.0%, 43.4%, 51.8%, 46.0%]",,,,
3,parallel,27,27,0.21813059191042236,1.7019014965956378,1.784922007471323,0.0001111111111111111,47.275,"[46.0%, 43.4%, 51.8%, 47.9%]",,,,
3,parallel,28,28,0.2095955600632886,1.6881211403828518,1.7464176043868065,0.0001111111111111111,47.224999999999994,"[46.0%, 43.4%, 51.8%, 47.7%]",,,,
3,parallel,29,29,0.20138052821615482,1.6695659388402464,1.6948353163897991,0.0001111111111111111,47.8,"[46.0%, 43.4%, 51.8%, 50.0%]",,,,
3,parallel,30,30,0.19348549636902107,1.6682831785481447,1.7252103574573994,0.0001111111111111111,47.75,"[46.0%, 43.4%, 51.8%, 49.8%]",,,,
3,parallel,31,31,0.1859104645218873,1.7103464717318297,1.8092597015202045,0.0001111111111111111,47.175,"[46.0%, 43.4%, 51.8%, 47.5%]",,,,
3,parallel,32,32,0.17865543267475353,1.7036215370627725,1.7470398396253586,0.0001111111111111111,47.474999999999994,"[46.0%, 43.4%, 51.8%, 48.7%]",,,,
3,parallel,33,33,0.17172040082761977,1.7146461374440771,1.7546979263424873,0.0001111111111111111,47.199999999999996,"[46.0%, 43.4%, 51.8%, 47.6%]",,,,
3,parallel,34,34,0.16510536898048606,1.7292048505916717,1.7251900024712086,0.0001111111111111111,47.574999999999996,"[46.0%, 43.4%, 51.8%, 49.1%]",,,,
3,parallel,35,35,0.1588103371333523,1.7486483982414196,1.847803883254528,0.0001111111111111111,46.75,"[46.0%, 43.4%, 51.8%, 45.8%]",,,,
3,parallel,36,36,0.15283530528621853,1.7726024176664412,1.7240921705961227,0.0001111111111111111,47.65,"[46.0%, 43.4%, 51.8%, 49.4%]",,,,
3,parallel,37,37,0.14718027343908474,1.7282525612290498,1.7396445497870445,0.0001111111111111111,47.675,"[46.0%, 43.4%, 51.8%, 49.5%]",,,,
3,parallel,38,38,0.141845241591951,1.715324044986895,1.835428413003683,0.0001111111111111111,46.5,"[46.0%, 43.4%, 51.8%, 44.8%]",,,,
3,parallel,39,39,0.13683020974481724,1.7679022148156622,1.8573386669158936,0.0001111111111111111,46.625,"[46.0%, 43.4%, 51.8%, 45.3%]",,,,
3,parallel,40,40,0.1321351778976835,1.7724710664931376,1.8498112335801125,0.0001111111111111111,46.974999999999994,"[46.0%, 43.4%, 51.8%, 46.7%]",,,,
3,parallel,41,41,0.12776014605054972,1.7571656544497058,1.7862612195312977,0.0001111111111111111,47.25,"[46.0%, 43.4%, 51.8%, 47.8%]",,,,
3,parallel,42,42,0.12370511420341597,1.8180914289632422,1.9546742513775826,0.0001111111111111111,45.949999999999996,"[46.0%, 43.4%, 51.8%, 42.6%]",,,,
3,parallel,43,43,0.1199700823562822,1.793666691537116,1.8356651365756989,0.0001111111111111111,46.974999999999994,"[46.0%, 43.4%, 51.8%, 46.7%]",,,,
3,parallel,44,44,0.11655505050914845,1.7926580860356616,1.8473977819085121,0.0001111111111111111,46.75,"[46.0%, 43.4%, 51.8%, 45.8%]",,,,
3,parallel,45,45,0.11346001866201469,1.7737133654819173,1.7810683399438858,0.0001111111111111111,47.425,"[46.0%, 43.4%, 51.8%, 48.5%]",,,,
3,parallel,46,46,0.11068498681488094,1.7976408612196613,1.850908987224102,0.0001111111111111111,46.875,"[46.0%, 43.4%, 51.8%, 46.3%]",,,,
3,parallel,47,47,0.10822995496774718,1.8595119206009396,1.8219565078616142,0.0001111111111111111,46.55,"[46.0%, 43.4%, 51.8%, 45.0%]",,,,
3,parallel,48,48,0.10609492312061342,1.80308402647638,1.8242057263851166,0.0001111111111111111,47.5,"[46.0%, 43.4%, 51.8%, 48.8%]",,,,
3,parallel,49,49,0.10427989127347966,1.791312205563685,1.7621716894209385,0.0001111111111111111,47.775,"[46.0%, 43.4%, 51.8%, 49.9%]",,,,
3,parallel,50,50,0.1027848594263459,1.7724937071466143,1.8099737949669361,0.0001111111111111111,47.4,"[46.0%, 43.4%, 51.8%, 48.4%]",,,,
3,parallel,51,51,0.10160982757921214,1.7227083042169073,1.737058438360691,0.0001111111111111111,47.849999999999994,"[46.0%, 43.4%, 51.8%, 50.2%]",,,,
3,parallel,52,52,0.10075479573207838,1.855319577417556,1.7894741147756577,0.0001111111111111111,47.275,"[46.0%, 43.4%, 51.8%, 47.9%]",,,,
3,parallel,53,53,0.10021976388494463,1.7458912688455763,1.839173510670662,0.0001111111111111111,47.125,"[46.0%, 43.4%, 51.8%, 47.3%]",,,,
3,parallel,54,54,0.10000473203781086,1.7297028842245696,1.6880634166300297,0.0001111111111111111,48.025,"[46.0%, 43.4%, 51.8%, 50.9%]",,,,
3,parallel,55,55,0.1,1.6950697169941702,1.672037746757269,0.0001111111111111111,48.3,"[46.0%, 43.4%, 51.8%, 52.0%]",,,,
3,weights,1,56,0.1,1.6740766323296128,1.718514546751976,0.0001111111111111111,47.699999999999996,"[46.0%, 43.4%, 51.8%, 49.6%]",,,,
3,weights,2,57,0.1,1.6426894862181063,1.666044495999813,0.0001111111111111111,48.074999999999996,"[46.0%, 43.4%, 51.8%, 51.1%]",,,,
3,weights,3,58,0.1,1.6395856240752396,1.6935267373919487,0.0001111111111111111,47.925,"[46.0%, 43.4%, 51.8%, 50.5%]",,,,
3,weights,4,59,0.1,1.6108349660399612,1.6420935615897179,0.0001111111111111111,48.525,"[46.0%, 43.4%, 51.8%, 52.9%]",,,,
3,weights,5,60,0.1,1.60912565972395,1.684046931564808,0.0001111111111111111,47.949999999999996,"[46.0%, 43.4%, 51.8%, 50.6%]",,,,
3,weights,6,61,0.1,1.5861901697839142,1.6755256243050098,0.0001111111111111111,47.849999999999994,"[46.0%, 43.4%, 51.8%, 50.2%]",,,,
3,weights,7,62,0.1,1.5747675538822343,1.6837278343737125,0.0001111111111111111,47.974999999999994,"[46.0%, 43.4%, 51.8%, 50.7%]",,,,
3,weights,8,63,0.1,1.5592984948188635,1.6161580570042133,0.0001111111111111111,48.4,"[46.0%, 43.4%, 51.8%, 52.4%]",,,,
3,weights,9,64,0.1,1.5465210061164418,1.633844081312418,0.0001111111111111111,48.05,"[46.0%, 43.4%, 51.8%, 51.0%]",,,,
3,weights,10,65,0.1,1.5379394027078228,1.6125250458717346,0.0001111111111111111,48.775,"[46.0%, 43.4%, 51.8%, 53.9%]",,,,
3,weights,11,66,0.1,1.526772656258504,1.6718732006847858,0.0001111111111111111,48.05,"[46.0%, 43.4%, 51.8%, 51.0%]",,,,
3,weights,12,67,0.1,1.5240314166257336,1.6911005526781082,0.0001111111111111111,47.9,"[46.0%, 43.4%, 51.8%, 50.4%]",,,,
3,weights,13,68,0.1,1.5184319862134896,1.5858683995902538,0.0001111111111111111,48.525,"[46.0%, 43.4%, 51.8%, 52.9%]",,,,
3,weights,14,69,0.1,1.5100341739168592,1.6655746325850487,0.0001111111111111111,47.599999999999994,"[46.0%, 43.4%, 51.8%, 49.2%]",,,,
3,weights,15,70,0.1,1.4949844620030397,1.5546770803630352,0.0001111111111111111,48.625,"[46.0%, 43.4%, 51.8%, 53.3%]",,,,
3,weights,16,71,0.1,1.4876115390449574,1.5824616327881813,0.0001111111111111111,48.9,"[46.0%, 43.4%, 51.8%, 54.4%]",,,,
3,weights,17,72,0.1,1.475552482969442,1.6243224889039993,0.0001111111111111111,48.5,"[46.0%, 43.4%, 51.8%, 52.8%]",,,,
3,weights,18,73,0.1,1.4513593031342622,1.5514168925583363,0.0001111111111111111,48.824999999999996,"[46.0%, 43.4%, 51.8%, 54.1%]",,,,
3,weights,19,74,0.1,1.4528483714267706,1.7012548334896564,0.0001111111111111111,47.824999999999996,"[46.0%, 43.4%, 51.8%, 50.1%]",,,,
3,weights,20,75,0.1,1.442990621184088,1.7150979898869991,0.0001111111111111111,47.525,"[46.0%, 43.4%, 51.8%, 48.9%]",,,,
3,weights,21,76,0.1,1.4504765606230232,1.6936393417418003,0.0001111111111111111,47.599999999999994,"[46.0%, 43.4%, 51.8%, 49.2%]",,,,
3,weights,22,77,0.1,1.4425781855157986,1.556249726563692,0.0001111111111111111,48.525,"[46.0%, 43.4%, 51.8%, 52.9%]",,,,
3,weights,23,78,0.1,1.416899444950614,1.5258012302219868,0.0001111111111111111,48.849999999999994,"[46.0%, 43.4%, 51.8%, 54.2%]",,,,
3,weights,24,79,0.1,1.4178060065409182,1.5600336454808712,0.0001111111111111111,48.875,"[46.0%, 43.4%, 51.8%, 54.3%]",,,,
3,weights,25,80,0.1,1.398244954977825,1.5108006298542023,0.0001111111111111111,49.025,"[46.0%, 43.4%, 51.8%, 54.9%]",35.6,"[19.9%, 25.8%, 41.8%, 54.9%]",42.975,"[36.7%, 40.5%, 41.6%, 53.1%]"
4,parallel,1,1,0.5,4.540063648466852,3.0452475547790527,0.0001111111111111111,40.22,"[46.0%, 43.4%, 51.8%, 54.9%, 5.0%]",,,,
4,parallel,2,2,0.5,3.032236689974548,3.004208490252495,0.0001111111111111111,40.68,"[46.0%, 43.4%, 51.8%, 54.9%, 7.3%]",,,,
4,parallel,3,3,0.5,2.8710633068327693,2.778761073946953,0.0001111111111111111,41.62,"[46.0%, 43.4%, 51.8%, 54.9%, 12.0%]",,,,
4,parallel,4,4,0.5,2.608439898035329,2.513808697462082,0.0001111111111111111,43.44,"[46.0%, 43.4%, 51.8%, 54.9%, 21.1%]",,,,
4,parallel,5,5,0.486861292547365,2.4817921082684946,2.4990445226430893,0.0001111111111111111,43.3,"[46.0%, 43.4%, 51.8%, 54.9%, 20.4%]",,,,
4,parallel,6,6,0.4712862607002313,2.3107768790737078,2.249376453459263,0.0001111111111111111,45.08,"[46.0%, 43.4%, 51.8%, 54.9%, 29.3%]",,,,
4,parallel,7,7,0.45603122885309755,2.1834267089321355,2.164900064468384,0.0001111111111111111,45.339999999999996,"[46.0%, 43.4%, 51.8%, 54.9%, 30.6%]",,,,
4,parallel,8,8,0.4410961970059637,2.080402080420476,2.0442484319210052,0.0001111111111111111,46.67999999999999,"[46.0%, 43.4%, 51.8%, 54.9%, 37.3%]",,,,
4,parallel,9,9,0.42648116515883006,1.9955650735053287,1.9875919967889786,0.0001111111111111111,47.5,"[46.0%, 43.4%, 51.8%, 54.9%, 41.4%]",,,,
4,parallel,10,10,0.4121861333116963,1.9225784342759733,1.843084640800953,0.0001111111111111111,48.32,"[46.0%, 43.4%, 51.8%, 54.9%, 45.5%]",,,,
4,parallel,11,11,0.3982111014645625,1.851725435560676,1.8248943760991096,0.0001111111111111111,47.96,"[46.0%, 43.4%, 51.8%, 54.9%, 43.7%]",,,,
4,parallel,12,12,0.3845560696174287,1.7886637532786958,1.8218230605125427,0.0001111111111111111,48.279999999999994,"[46.0%, 43.4%, 51.8%, 54.9%, 45.3%]",,,,
4,parallel,13,13,0.3712210377702949,1.746637496978614,1.7784113585948944,0.0001111111111111111,48.54,"[46.0%, 43.4%, 51.8%, 54.9%, 46.6%]",,,,
4,parallel,14,14,0.3582060059231612,1.6963187122041252,1.7472722977399826,0.0001111111111111111,48.8,"[46.0%, 43.4%, 51.8%, 54.9%, 47.9%]",,,,
4,parallel,15,15,0.3455109740760275,1.6735459930577856,1.744583785533905,0.0001111111111111111,48.8,"[46.0%, 43.4%, 51.8%, 54.9%, 47.9%]",,,,
4,parallel,16,16,0.33313594222889364,1.6279448210054142,1.6856360882520676,0.0001111111111111111,48.9,"[46.0%, 43.4%, 51.8%, 54.9%, 48.4%]",,,,
4,parallel,17,17,0.3210809103817599,1.5995220196474889,1.7153939381241798,0.0001111111111111111,48.82,"[46.0%, 43.4%, 51.8%, 54.9%, 48.0%]",,,,
4,parallel,18,18,0.30934587853462614,1.5856598137290614,1.653956227004528,0.0001111111111111111,48.660000000000004,"[46.0%, 43.4%, 51.8%, 54.9%, 47.2%]",,,,
4,parallel,19,19,0.29793084668749237,1.5674301059382736,1.5981329381465912,0.0001111111111111111,49.58,"[46.0%, 43.4%, 51.8%, 54.9%, 51.8%]",,,,
4,parallel,20,20,0.2868358148403586,1.5547006676910788,1.6714695952832699,0.0001111111111111111,49.279999999999994,"[46.0%, 43.4%, 51.8%, 54.9%, 50.3%]",,,,
4,parallel,21,21,0.2760607829932249,1.5109088398089074,1.6637757644057274,0.0001111111111111111,49.1,"[46.0%, 43.4%, 51.8%, 54.9%, 49.4%]",,,,
4,parallel,22,22,0.2656057511460911,1.5202095258008144,1.6101503670215607,0.0001111111111111111,49.64,"[46.0%, 43.4%, 51.8%, 54.9%, 52.1%]",,,,
4,parallel,23,23,0.25547071929895737,1.5132353571569843,1.628486480563879,0.0001111111111111111,49.46,"[46.0%, 43.4%, 51.8%, 54.9%, 51.2%]",,,,
4,parallel,24,24,0.24565568745182362,1.508480926987472,1.6174730584025383,0.0001111111111111111,49.44,"[46.0%, 43.4%, 51.8%, 54.9%, 51.1%]",,,,
4,parallel,25,25,0.23616065560468985,1.4719835626091926,1.6494169160723686,0.0001111111111111111,49.1,"[46.0%, 43.4%, 51.8%, 54.9%, 49.4%]",,,,
4,parallel,26,26,0.22698562375755615,1.5226333095769213,1.660404372960329,0.0001111111111111111,49.06,"[46.0%, 43.4%, 51.8%, 54.9%, 49.2%]",,,,
4,parallel,27,27,0.21813059191042236,1.5384953280163418,1.6724893525242805,0.0001111111111111111,49.239999999999995,"[46.0%, 43.4%, 51.8%, 54.9%, 50.1%]",,,,
4,parallel,28,28,0.2095955600632886,1.5177022499643313,1.6964815631508827,0.0001111111111111111,49.22,"[46.0%, 43.4%, 51.8%, 54.9%, 50.0%]",,,,
4,parallel,29,29,0.20138052821615482,1.5205580147967976,1.7136682458221912,0.0001111111111111111,48.6,"[46.0%, 43.4%, 51.8%, 54.9%, 46.9%]",,,,
4,parallel,30,30,0.19348549636902107,1.5422464893881682,1.665268074721098,0.0001111111111111111,48.9,"[46.0%, 43.4%, 51.8%, 54.9%, 48.4%]",,,,
4,parallel,31,31,0.1859104645218873,1.5867374102780774,1.6842371374368668,0.0001111111111111111,49.1,"[46.0%, 43.4%, 51.8%, 54.9%, 49.4%]",,,,
4,parallel,32,32,0.17865543267475353,1.6039563273168673,1.6762347370386124,0.0001111111111111111,49.32,"[46.0%, 43.4%, 51.8%, 54.9%, 50.5%]",,,,
4,parallel,33,33,0.17172040082761977,1.5767664582866012,1.7471222504973412,0.0001111111111111111,48.519999999999996,"[46.0%, 43.4%, 51.8%, 54.9%, 46.5%]",,,,
4,parallel,34,34,0.16510536898048606,1.5885111936338387,1.6975255534052849,0.0001111111111111111,48.879999999999995,"[46.0%, 43.4%, 51.8%, 54.9%, 48.3%]",,,,
4,parallel,35,35,0.1588103371333523,1.5927807548243529,1.6378121078014374,0.0001111111111111111,49.260000000000005,"[46.0%, 43.4%, 51.8%, 54.9%, 50.2%]",,,,
4,parallel,36,36,0.15283530528621853,1.6241317425563837,1.7345221862196922,0.0001111111111111111,49.019999999999996,"[46.0%, 43.4%, 51.8%, 54.9%, 49.0%]",,,,
4,parallel,37,37,0.14718027343908474,1.626062714370193,1.7122992612421513,0.0001111111111111111,48.98,"[46.0%, 43.4%, 51.8%, 54.9%, 48.8%]",,,,
4,parallel,38,38,0.141845241591951,1.6146288988696542,1.7069105096161366,0.0001111111111111111,49.019999999999996,"[46.0%, 43.4%, 51.8%, 54.9%, 49.0%]",,,,
4,parallel,39,39,0.13683020974481724,1.7665460990492705,1.8261107318103313,0.0001111111111111111,48.44,"[46.0%, 43.4%, 51.8%, 54.9%, 46.1%]",,,,
4,parallel,40,40,0.1321351778976835,1.697216238945153,1.787022352218628,0.0001111111111111111,48.660000000000004,"[46.0%, 43.4%, 51.8%, 54.9%, 47.2%]",,,,
4,parallel,41,41,0.12776014605054972,1.6790719252483102,1.733208678662777,0.0001111111111111111,48.8,"[46.0%, 43.4%, 51.8%, 54.9%, 47.9%]",,,,
4,parallel,42,42,0.12370511420341597,1.7147277388603064,1.8055833615362644,0.0001111111111111111,48.42,"[46.0%, 43.4%, 51.8%, 54.9%, 46.0%]",,,,
4,parallel,43,43,0.1199700823562822,1.710955164235109,1.8488107845187187,0.0001111111111111111,48.0,"[46.0%, 43.4%, 51.8%, 54.9%, 43.9%]",,,,
4,parallel,44,44,0.11655505050914845,1.7130292175681727,1.8496284931898117,0.0001111111111111111,48.2,"[46.0%, 43.4%, 51.8%, 54.9%, 44.9%]",,,,
4,parallel,45,45,0.11346001866201469,1.705494756151916,1.8009441308677197,0.0001111111111111111,48.44,"[46.0%, 43.4%, 51.8%, 54.9%, 46.1%]",,,,
4,parallel,46,46,0.11068498681488094,1.6885482794160296,1.8510286062955856,0.0001111111111111111,48.32,"[46.0%, 43.4%, 51.8%, 54.9%, 45.5%]",,,,
4,parallel,47,47,0.10822995496774718,1.7494810872776494,1.8249138966202736,0.0001111111111111111,48.160000000000004,"[46.0%, 43.4%, 51.8%, 54.9%, 44.7%]",,,,
4,parallel,48,48,0.10609492312061342,1.7271568304414202,1.7530722916126251,0.0001111111111111111,48.62,"[46.0%, 43.4%, 51.8%, 54.9%, 47.0%]",,,,
4,parallel,49,49,0.10427989127347966,1.6824158961605873,1.7548999413847923,0.0001111111111111111,48.8,"[46.0%, 43.4%, 51.8%, 54.9%, 47.9%]",,,,
4,parallel,50,50,0.1027848594263459,1.651474605700013,1.7549468502402306,0.0001111111111111111,48.739999999999995,"[46.0%, 43.4%, 51.8%, 54.9%, 47.6%]",,,,
4,parallel,51,51,0.10160982757921214,1.6530123394765672,1.7094596028327942,0.0001111111111111111,48.94,"[46.0%, 43.4%, 51.8%, 54.9%, 48.6%]",,,,
4,parallel,52,52,0.10075479573207838,1.7471279839801181,1.7441994324326515,0.0001111111111111111,48.779999999999994,"[46.0%, 43.4%, 51.8%, 54.9%, 47.8%]",,,,
4,parallel,53,53,0.10021976388494463,1.6613641635627503,1.8533937335014343,0.0001111111111111111,48.48,"[46.0%, 43.4%, 51.8%, 54.9%, 46.3%]",,,,
4,parallel,54,54,0.10000473203781086,1.6291364636390833,1.7892955876886845,0.0001111111111111111,48.32,"[46.0%, 43.4%, 51.8%, 54.9%, 45.5%]",,,,
4,parallel,55,55,0.1,1.5977169616966491,1.6933073475956917,0.0001111111111111111,49.04,"[46.0%, 43.4%, 51.8%, 54.9%, 49.1%]",,,,
4,weights,1,56,0.1,1.5746573589409991,1.6660079397261143,0.0001111111111111111,49.56,"[46.0%, 43.4%, 51.8%, 54.9%, 51.7%]",,,,
4,weights,2,57,0.1,1.5478199416664755,1.696379654109478,0.0001111111111111111,49.46,"[46.0%, 43.4%, 51.8%, 54.9%, 51.2%]",,,,
4,weights,3,58,0.1,1.5449627372109966,1.668619617819786,0.0001111111111111111,49.339999999999996,"[46.0%, 43.4%, 51.8%, 54.9%, 50.6%]",,,,
4,weights,4,59,0.1,1.5131424133944664,1.6394325643777847,0.0001111111111111111,49.739999999999995,"[46.0%, 43.4%, 51.8%, 54.9%, 52.6%]",,,,
4,weights,5,60,0.1,1.5223273365360916,1.6653103567659855,0.0001111111111111111,49.260000000000005,"[46.0%, 43.4%, 51.8%, 54.9%, 50.2%]",,,,
4,weights,6,61,0.1,1.4784893116373925,1.6567420028150082,0.0001111111111111111,49.339999999999996,"[46.0%, 43.4%, 51.8%, 54.9%, 50.6%]",,,,
4,weights,7,62,0.1,1.4566395723136367,1.702704757452011,0.0001111111111111111,49.32,"[46.0%, 43.4%, 51.8%, 54.9%, 50.5%]",,,,
4,weights,8,63,0.1,1.4616085374431245,1.5826046839356422,0.0001111111111111111,49.94,"[46.0%, 43.4%, 51.8%, 54.9%, 53.6%]",,,,
4,weights,9,64,0.1,1.4619420941468257,1.6208699904382229,0.0001111111111111111,49.379999999999995,"[46.0%, 43.4%, 51.8%, 54.9%, 50.8%]",,,,
4,weights,10,65,0.1,1.4455254503116486,1.6218927465379238,0.0001111111111111111,49.6,"[46.0%, 43.4%, 51.8%, 54.9%, 51.9%]",,,,
4,weights,11,66,0.1,1.4231613229034812,1.6274906769394875,0.0001111111111111111,49.519999999999996,"[46.0%, 43.4%, 51.8%, 54.9%, 51.5%]",,,,
4,weights,12,67,0.1,1.4290651857473289,1.6286779306828976,0.0001111111111111111,49.5,"[46.0%, 43.4%, 51.8%, 54.9%, 51.4%]",,,,
4,weights,13,68,0.1,1.4132656679031954,1.5622677616775036,0.0001111111111111111,49.82,"[46.0%, 43.4%, 51.8%, 54.9%, 53.0%]",,,,
4,weights,14,69,0.1,1.4160128300357018,1.628399532288313,0.0001111111111111111,49.339999999999996,"[46.0%, 43.4%, 51.8%, 54.9%, 50.6%]",,,,
4,weights,15,70,0.1,1.3975120676550896,1.6695287004113197,0.0001111111111111111,49.260000000000005,"[46.0%, 43.4%, 51.8%, 54.9%, 50.2%]",,,,
4,weights,16,71,0.1,1.3904309485368669,1.6541683748364449,0.0001111111111111111,49.4,"[46.0%, 43.4%, 51.8%, 54.9%, 50.9%]",,,,
4,weights,17,72,0.1,1.3807379550235286,1.6055214777588844,0.0001111111111111111,49.72,"[46.0%, 43.4%, 51.8%, 54.9%, 52.5%]",,,,
4,weights,18,73,0.1,1.3665482390458417,1.6133951842784882,0.0001111111111111111,49.8,"[46.0%, 43.4%, 51.8%, 54.9%, 52.9%]",,,,
4,weights,19,74,0.1,1.3615534229643027,1.5519705154001713,0.0001111111111111111,50.08,"[46.0%, 43.4%, 51.8%, 54.9%, 54.3%]",,,,
4,weights,20,75,0.1,1.3538875986056722,1.6255523152649403,0.0001111111111111111,49.42,"[46.0%, 43.4%, 51.8%, 54.9%, 51.0%]",,,,
4,weights,21,76,0.1,1.3507048928054275,1.5349456146359444,0.0001111111111111111,50.06,"[46.0%, 43.4%, 51.8%, 54.9%, 54.2%]",,,,
4,weights,22,77,0.1,1.3401804509436248,1.5657569579780102,0.0001111111111111111,50.0,"[46.0%, 43.4%, 51.8%, 54.9%, 53.9%]",,,,
4,weights,23,78,0.1,1.3495004184686454,1.6226039752364159,0.0001111111111111111,49.8,"[46.0%, 43.4%, 51.8%, 54.9%, 52.9%]",,,,
4,weights,24,79,0.1,1.3282304432741396,1.5761713795363903,0.0001111111111111111,49.760000000000005,"[46.0%, 43.4%, 51.8%, 54.9%, 52.7%]",,,,
4,weights,25,80,0.1,1.316188027144997,1.554004393517971,0.0001111111111111111,50.279999999999994,"[46.0%, 43.4%, 51.8%, 54.9%, 55.3%]",34.059999999999995,"[9.7%, 19.6%, 32.8%, 53.1%, 55.1%]",40.7,"[36.7%, 37.1%, 26.1%, 53.1%, 50.5%]"
5,parallel,1,1,0.5,5.421015955080652,3.0469820946455,0.0001111111111111111,42.73333333333333,"[46.0%, 43.4%, 51.8%, 54.9%, 55.3%, 5.0%]",,,,
5,parallel,2,2,0.5,3.028773734523992,2.9650566279888153,0.0001111111111111111,43.31666666666666,"[46.0%, 43.4%, 51.8%, 54.9%, 55.3%, 8.5%]",,,,
5,parallel,3,3,0.5,2.858694421257942,2.8938840478658676,0.0001111111111111111,43.43333333333333,"[46.0%, 43.4%, 51.8%, 54.9%, 55.3%, 9.2%]",,,,
5,parallel,4,4,0.5,2.6281816291201645,2.580695927143097,0.0001111111111111111,45.25,"[46.0%, 43.4%, 51.8%, 54.9%, 55.3%, 20.1%]",,,,
5,parallel,5,5,0.486861292547365,2.378582693209314,2.269412763416767,0.0001111111111111111,46.46666666666666,"[46.0%, 43.4%, 51.8%, 54.9%, 55.3%, 27.4%]",,,,
5,parallel,6,6,0.4712862607002313,2.1980092358437315,2.1488624587655067,0.0001111111111111111,47.666666666666664,"[46.0%, 43.4%, 51.8%, 54.9%, 55.3%, 34.6%]",,,,
5,parallel,7,7,0.45603122885309755,2.073265340677492,1.9734082892537117,0.0001111111111111111,48.29999999999999,"[46.0%, 43.4%, 51.8%, 54.9%, 55.3%, 38.4%]",,,,
5,parallel,8,8,0.4410961970059637,1.9556633704786848,2.0728826001286507,0.0001111111111111111,47.93333333333333,"[46.0%, 43.4%, 51.8%, 54.9%, 55.3%, 36.2%]",,,,
5,parallel,9,9,0.42648116515883006,1.8904547091502293,1.8502975553274155,0.0001111111111111111,49.166666666666664,"[46.0%, 43.4%, 51.8%, 54.9%, 55.3%, 43.6%]",,,,
5,parallel,10,10,0.4121861333116963,1.785491334404915,1.8047339841723442,0.0001111111111111111,49.133333333333326,"[46.0%, 43.4%, 51.8%, 54.9%, 55.3%, 43.4%]",,,,
5,parallel,11,11,0.3982111014645625,1.7421244937143507,1.7694668248295784,0.0001111111111111111,49.4,"[46.0%, 43.4%, 51.8%, 54.9%, 55.3%, 45.0%]",,,,
5,parallel,12,12,0.3845560696174287,1.6345775932263418,1.7318222522735596,0.0001111111111111111,49.78333333333333,"[46.0%, 43.4%, 51.8%, 54.9%, 55.3%, 47.3%]",,,,
5,parallel,13,13,0.3712210377702949,1.5951210746339932,1.672326561063528,0.0001111111111111111,50.25,"[46.0%, 43.4%, 51.8%, 54.9%, 55.3%, 50.1%]",,,,
5,parallel,14,14,0.3582060059231612,1.5698333128242736,1.6649720929563046,0.0001111111111111111,49.93333333333333,"[46.0%, 43.4%, 51.8%, 54.9%, 55.3%, 48.2%]",,,,
5,parallel,15,15,0.3455109740760275,1.5247068640532766,1.6270257458090782,0.0001111111111111111,50.31666666666666,"[46.0%, 43.4%, 51.8%, 54.9%, 55.3%, 50.5%]",,,,
5,parallel,16,16,0.33313594222889364,1.50903538154189,1.5977539345622063,0.0001111111111111111,50.166666666666664,"[46.0%, 43.4%, 51.8%, 54.9%, 55.3%, 49.6%]",,,,
5,parallel,17,17,0.3210809103817599,1.477237769752551,1.6365490294992924,0.0001111111111111111,50.199999999999996,"[46.0%, 43.4%, 51.8%, 54.9%, 55.3%, 49.8%]",,,,
5,parallel,18,18,0.30934587853462614,1.4797983913664605,1.6532350704073906,0.0001111111111111111,50.31666666666666,"[46.0%, 43.4%, 51.8%, 54.9%, 55.3%, 50.5%]",,,,
5,parallel,19,19,0.29793084668749237,1.4449345632723183,1.5862951651215553,0.0001111111111111111,50.51666666666666,"[46.0%, 43.4%, 51.8%, 54.9%, 55.3%, 51.7%]",,,,
5,parallel,20,20,0.2868358148403586,1.4228303591916516,1.4584282077848911,0.0001111111111111111,51.166666666666664,"[46.0%, 43.4%, 51.8%, 54.9%, 55.3%, 55.6%]",,,,
5,parallel,21,21,0.2760607829932249,1.3993341934149433,1.5094404183328152,0.0001111111111111111,51.03333333333333,"[46.0%, 43.4%, 51.8%, 54.9%, 55.3%, 54.8%]",,,,
5,parallel,22,22,0.2656057511460911,1.4029493088934832,1.503136783838272,0.0001111111111111111,50.86666666666667,"[46.0%, 43.4%, 51.8%, 54.9%, 55.3%, 53.8%]",,,,
5,parallel,23,23,0.25547071929895737,1.4014685738618207,1.479265060275793,0.0001111111111111111,51.0,"[46.0%, 43.4%, 51.8%, 54.9%, 55.3%, 54.6%]",,,,
5,parallel,24,24,0.24565568745182362,1.4171445620287755,1.464198388159275,0.0001111111111111111,50.849999999999994,"[46.0%, 43.4%, 51.8%, 54.9%, 55.3%, 53.7%]",,,,
5,parallel,25,25,0.23616065560468985,1.423003925639353,1.5323908030986786,0.0001111111111111111,50.699999999999996,"[46.0%, 43.4%, 51.8%, 54.9%, 55.3%, 52.8%]",,,,
5,parallel,26,26,0.22698562375755615,1.3934887305946106,1.4604784473776817,0.0001111111111111111,51.26666666666666,"[46.0%, 43.4%, 51.8%, 54.9%, 55.3%, 56.2%]",,,,
5,parallel,27,27,0.21813059191042236,1.416884606051597,1.5221366845071316,0.0001111111111111111,51.166666666666664,"[46.0%, 43.4%, 51.8%, 54.9%, 55.3%, 55.6%]",,,,
5,parallel,28,28,0.2095955600632886,1.3850350615325246,1.6242640018463135,0.0001111111111111111,50.76666666666666,"[46.0%, 43.4%, 51.8%, 54.9%, 55.3%, 53.2%]",,,,
5,parallel,29,29,0.20138052821615482,1.4062874818303783,1.4738068506121635,0.0001111111111111111,50.96666666666666,"[46.0%, 43.4%, 51.8%, 54.9%, 55.3%, 54.4%]",,,,
5,parallel,30,30,0.19348549636902107,1.4028027372755063,1.5110207051038742,0.0001111111111111111,50.96666666666666,"[46.0%, 43.4%, 51.8%, 54.9%, 55.3%, 54.4%]",,,,
5,parallel,31,31,0.1859104645218873,1.4297835424447516,1.4778793640434742,0.0001111111111111111,50.96666666666666,"[46.0%, 43.4%, 51.8%, 54.9%, 55.3%, 54.4%]",,,,
5,parallel,32,32,0.17865543267475353,1.4632086461516702,1.5937100499868393,0.0001111111111111111,50.333333333333336,"[46.0%, 43.4%, 51.8%, 54.9%, 55.3%, 50.6%]",,,,
5,parallel,33,33,0.17172040082761977,1.4369617594275506,1.5620504394173622,0.0001111111111111111,50.53333333333333,"[46.0%, 43.4%, 51.8%, 54.9%, 55.3%, 51.8%]",,,,
5,parallel,34,34,0.16510536898048606,1.4571306454907558,1.557602658867836,0.0001111111111111111,50.333333333333336,"[46.0%, 43.4%, 51.8%, 54.9%, 55.3%, 50.6%]",,,,
5,parallel,35,35,0.1588103371333523,1.486435116476314,1.6448485776782036,0.0001111111111111111,50.21666666666666,"[46.0%, 43.4%, 51.8%, 54.9%, 55.3%, 49.9%]",,,,
5,parallel,36,36,0.15283530528621853,1.524736439346508,1.5705789104104042,0.0001111111111111111,50.68333333333333,"[46.0%, 43.4%, 51.8%, 54.9%, 55.3%, 52.7%]",,,,
5,parallel,37,37,0.14718027343908474,1.514787989816848,1.5944845043122768,0.0001111111111111111,50.56666666666666,"[46.0%, 43.4%, 51.8%, 54.9%, 55.3%, 52.0%]",,,,
5,parallel,38,38,0.141845241591951,1.514111576566271,1.4996595904231071,0.0001111111111111111,51.03333333333333,"[46.0%, 43.4%, 51.8%, 54.9%, 55.3%, 54.8%]",,,,
5,parallel,39,39,0.13683020974481724,1.5562172376426162,1.5241079814732075,0.0001111111111111111,50.849999999999994,"[46.0%, 43.4%, 51.8%, 54.9%, 55.3%, 53.7%]",,,,
5,parallel,40,40,0.1321351778976835,1.568056616054219,1.5560426861047745,0.0001111111111111111,50.599999999999994,"[46.0%, 43.4%, 51.8%, 54.9%, 55.3%, 52.2%]",,,,
5,parallel,41,41,0.12776014605054972,1.5577352456985765,1.5576689466834068,0.0001111111111111111,50.61666666666667,"[46.0%, 43.4%, 51.8%, 54.9%, 55.3%, 52.3%]",,,,
5,parallel,42,42,0.12370511420341597,1.6337868400440094,1.6727784015238285,0.0001111111111111111,50.18333333333333,"[46.0%, 43.4%, 51.8%, 54.9%, 55.3%, 49.7%]",,,,
5,parallel,43,43,0.1199700823562822,1.5627152638830197,1.5685807690024376,0.0001111111111111111,50.416666666666664,"[46.0%, 43.4%, 51.8%, 54.9%, 55.3%, 51.1%]",,,,
5,parallel,44,44,0.11655505050914845,1.566461457568369,1.6033112667500973,0.0001111111111111111,50.666666666666664,"[46.0%, 43.4%, 51.8%, 54.9%, 55.3%, 52.6%]",,,,
5,parallel,45,45,0.11346001866201469,1.5448242501848062,1.6113948300480843,0.0001111111111111111,50.633333333333326,"[46.0%, 43.4%, 51.8%, 54.9%, 55.3%, 52.4%]",,,,
5,parallel,46,46,0.11068498681488094,1.5311722299855226,1.5509330034255981,0.0001111111111111111,50.76666666666666,"[46.0%, 43.4%, 51.8%, 54.9%, 55.3%, 53.2%]",,,,
5,parallel,47,47,0.10822995496774718,1.6653413696653525,1.7535989098250866,0.0001111111111111111,49.68333333333333,"[46.0%, 43.4%, 51.8%, 54.9%, 55.3%, 46.7%]",,,,
5,parallel,48,48,0.10609492312061342,1.6179407121269567,1.591018557548523,0.0001111111111111111,50.4,"[46.0%, 43.4%, 51.8%, 54.9%, 55.3%, 51.0%]",,,,
5,parallel,49,49,0.10427989127347966,1.5884517044018789,1.5566525310277939,0.0001111111111111111,50.65,"[46.0%, 43.4%, 51.8%, 54.9%, 55.3%, 52.5%]",,,,
5,parallel,50,50,0.1027848594263459,1.5641105919127252,1.6693525910377502,0.0001111111111111111,50.166666666666664,"[46.0%, 43.4%, 51.8%, 54.9%, 55.3%, 49.6%]",,,,
5,parallel,51,51,0.10160982757921214,1.5228013020412179,1.6180294938385487,0.0001111111111111111,50.349999999999994,"[46.0%, 43.4%, 51.8%, 54.9%, 55.3%, 50.7%]",,,,
5,parallel,52,52,0.10075479573207838,1.6462147311799844,1.6649106815457344,0.0001111111111111111,50.083333333333336,"[46.0%, 43.4%, 51.8%, 54.9%, 55.3%, 49.1%]",,,,
5,parallel,53,53,0.10021976388494463,1.537418883317595,1.5676365233957767,0.0001111111111111111,50.883333333333326,"[46.0%, 43.4%, 51.8%, 54.9%, 55.3%, 53.9%]",,,,
5,parallel,54,54,0.10000473203781086,1.5011381586645818,1.5509912893176079,0.0001111111111111111,50.75,"[46.0%, 43.4%, 51.8%, 54.9%, 55.3%, 53.1%]",,,,
5,parallel,55,55,0.1,1.4663494984815075,1.625069435685873,0.0001111111111111111,50.43333333333333,"[46.0%, 43.4%, 51.8%, 54.9%, 55.3%, 51.2%]",,,,
5,weights,1,56,0.1,1.4642487847880952,1.4945905357599258,0.0001111111111111111,51.199999999999996,"[46.0%, 43.4%, 51.8%, 54.9%, 55.3%, 55.8%]",,,,
5,weights,2,57,0.1,1.4444479858799346,1.4880749620497227,0.0001111111111111111,51.03333333333333,"[46.0%, 43.4%, 51.8%, 54.9%, 55.3%, 54.8%]",,,,
5,weights,3,58,0.1,1.4297339050633133,1.4811346344649792,0.0001111111111111111,50.86666666666667,"[46.0%, 43.4%, 51.8%, 54.9%, 55.3%, 53.8%]",,,,
5,weights,4,59,0.1,1.4066284781049012,1.4798589311540127,0.0001111111111111111,51.04999999999999,"[46.0%, 43.4%, 51.8%, 54.9%, 55.3%, 54.9%]",,,,
5,weights,5,60,0.1,1.3974269753808428,1.4534221813082695,0.0001111111111111111,51.449999999999996,"[46.0%, 43.4%, 51.8%, 54.9%, 55.3%, 57.3%]",,,,
5,weights,6,61,0.1,1.3790129654726404,1.4688584245741367,0.0001111111111111111,51.199999999999996,"[46.0%, 43.4%, 51.8%, 54.9%, 55.3%, 55.8%]",,,,
5,weights,7,62,0.1,1.3741582586507128,1.6784318313002586,0.0001111111111111111,50.29999999999999,"[46.0%, 43.4%, 51.8%, 54.9%, 55.3%, 50.4%]",,,,
5,weights,8,63,0.1,1.3701356326698497,1.4848498590290546,0.0001111111111111111,51.01666666666666,"[46.0%, 43.4%, 51.8%, 54.9%, 55.3%, 54.7%]",,,,
5,weights,9,64,0.1,1.332385579112229,1.5080645978450775,0.0001111111111111111,51.04999999999999,"[46.0%, 43.4%, 51.8%, 54.9%, 55.3%, 54.9%]",,,,
5,weights,10,65,0.1,1.332461302447471,1.4285170547664165,0.0001111111111111111,51.449999999999996,"[46.0%, 43.4%, 51.8%, 54.9%, 55.3%, 57.3%]",,,,
5,weights,11,66,0.1,1.3340591590875273,1.6059157215058804,0.0001111111111111111,50.633333333333326,"[46.0%, 43.4%, 51.8%, 54.9%, 55.3%, 52.4%]",,,,
5,weights,12,67,0.1,1.3319407591394559,1.513158030807972,0.0001111111111111111,50.9,"[46.0%, 43.4%, 51.8%, 54.9%, 55.3%, 54.0%]",,,,
5,weights,13,68,0.1,1.3167729734615157,1.4385746717453003,0.0001111111111111111,51.383333333333326,"[46.0%, 43.4%, 51.8%, 54.9%, 55.3%, 56.9%]",,,,
5,weights,14,69,0.1,1.3051623113595756,1.4188154488801956,0.0001111111111111111,51.46666666666666,"[46.0%, 43.4%, 51.8%, 54.9%, 55.3%, 57.4%]",,,,
5,weights,15,70,0.1,1.296214038019727,1.4981634765863419,0.0001111111111111111,51.166666666666664,"[46.0%, 43.4%, 51.8%, 54.9%, 55.3%, 55.6%]",,,,
5,weights,16,71,0.1,1.2861147310323775,1.4152066707611084,0.0001111111111111111,51.51666666666666,"[46.0%, 43.4%, 51.8%, 54.9%, 55.3%, 57.7%]",,,,
5,weights,17,72,0.1,1.2664360988671612,1.4777813218533993,0.0001111111111111111,51.06666666666666,"[46.0%, 43.4%, 51.8%, 54.9%, 55.3%, 55.0%]",,,,
5,weights,18,73,0.1,1.2772010037094166,1.4654485024511814,0.0001111111111111111,51.133333333333326,"[46.0%, 43.4%, 51.8%, 54.9%, 55.3%, 55.4%]",,,,
5,weights,19,74,0.1,1.2670944655776784,1.4393651746213436,0.0001111111111111111,51.53333333333333,"[46.0%, 43.4%, 51.8%, 54.9%, 55.3%, 57.8%]",,,,
5,weights,20,75,0.1,1.2491284521522037,1.5012724623084068,0.0001111111111111111,51.083333333333336,"[46.0%, 43.4%, 51.8%, 54.9%, 55.3%, 55.1%]",,,,
5,weights,21,76,0.1,1.2402452268418234,1.485754832625389,0.0001111111111111111,51.333333333333336,"[46.0%, 43.4%, 51.8%, 54.9%, 55.3%, 56.6%]",,,,
5,weights,22,77,0.1,1.2379917931404842,1.3958081752061844,0.0001111111111111111,51.54999999999999,"[46.0%, 43.4%, 51.8%, 54.9%, 55.3%, 57.9%]",,,,
5,weights,23,78,0.1,1.2413256642924753,1.4179998449981213,0.0001111111111111111,51.75,"[46.0%, 43.4%, 51.8%, 54.9%, 55.3%, 59.1%]",,,,
5,weights,24,79,0.1,1.2234032742536751,1.5001938790082932,0.0001111111111111111,51.11666666666667,"[46.0%, 43.4%, 51.8%, 54.9%, 55.3%, 55.3%]",,,,
5,weights,25,80,0.1,1.2160898674825193,1.4282755479216576,0.0001111111111111111,51.48333333333333,"[46.0%, 43.4%, 51.8%, 54.9%, 55.3%, 57.5%]",36.93333333333334,"[9.7%, 19.6%, 28.9%, 53.1%, 55.1%, 55.2%]",42.65,"[36.7%, 34.3%, 26.1%, 53.1%, 50.5%, 55.2%]"
6,parallel,1,1,0.4,7.0994954564768795,3.1689478754997253,0.0001111111111111111,44.84285714285714,"[46.0%, 43.4%, 51.8%, 54.9%, 55.3%, 57.5%, 5.0%]",,,,
6,parallel,2,2,0.4,3.0617954928404205,3.037561923265457,0.0001111111111111111,44.84285714285714,"[46.0%, 43.4%, 51.8%, 54.9%, 55.3%, 57.5%, 5.0%]",,,,
6,parallel,3,3,0.4,3.0303504299965636,3.0302347987890244,0.0001111111111111111,44.84285714285714,"[46.0%, 43.4%, 51.8%, 54.9%, 55.3%, 57.5%, 5.0%]",,,,
6,parallel,4,4,0.4,3.0162831780257497,2.989270895719528,0.0001111111111111111,45.04285714285714,"[46.0%, 43.4%, 51.8%, 54.9%, 55.3%, 57.5%, 6.4%]",,,,
6,parallel,5,5,0.3901459694105238,2.8857045932939855,2.791617766022682,0.0001111111111111111,46.185714285714276,"[46.0%, 43.4%, 51.8%, 54.9%, 55.3%, 57.5%, 14.4%]",,,,
6,parallel,6,6,0.3784646955251735,2.755122582623913,2.710955023765564,0.0001111111111111111,46.271428571428565,"[46.0%, 43.4%, 51.8%, 54.9%, 55.3%, 57.5%, 15.0%]",,,,
6,parallel,7,7,0.36702342163982316,2.5833714129818475,2.4265291169285774,0.0001111111111111111,47.642857142857146,"[46.0%, 43.4%, 51.8%, 54.9%, 55.3%, 57.5%, 24.6%]",,,,
6,parallel,8,8,0.35582214775447285,2.3934116727986914,2.3605180829763412,0.0001111111111111111,47.714285714285715,"[46.0%, 43.4%, 51.8%, 54.9%, 55.3%, 57.5%, 25.1%]",,,,
6,parallel,9,9,0.34486087386912256,2.2690800041150134,2.259998358786106,0.0001111111111111111,48.457142857142856,"[46.0%, 43.4%, 51.8%, 54.9%, 55.3%, 57.5%, 30.3%]",,,,
6,parallel,10,10,0.3341395999837722,2.217396556951438,2.344763472676277,0.0001111111111111111,48.5,"[46.0%, 43.4%, 51.8%, 54.9%, 55.3%, 57.5%, 30.6%]",,,,
6,parallel,11,11,0.3236583260984219,2.143772405423936,2.150913842022419,0.0001111111111111111,48.82857142857142,"[46.0%, 43.4%, 51.8%, 54.9%, 55.3%, 57.5%, 32.9%]",,,,
6,parallel,12,12,0.3134170522130716,2.0858116195460035,2.1269536167383194,0.0001111111111111111,48.97142857142857,"[46.0%, 43.4%, 51.8%, 54.9%, 55.3%, 57.5%, 33.9%]",,,,
6,parallel,13,13,0.3034157783277212,2.0518918690408112,2.037781797349453,0.0001111111111111111,49.42857142857143,"[46.0%, 43.4%, 51.8%, 54.9%, 55.3%, 57.5%, 37.1%]",,,,
6,parallel,14,14,0.29365450444237096,2.0217195870770013,2.082097552716732,0.0001111111111111111,49.41428571428571,"[46.0%, 43.4%, 51.8%, 54.9%, 55.3%, 57.5%, 37.0%]",,,,
6,parallel,15,15,0.28413323055702067,1.9871195099156373,2.027163691818714,0.0001111111111111111,49.34285714285714,"[46.0%, 43.4%, 51.8%, 54.9%, 55.3%, 57.5%, 36.5%]",,,,
6,parallel,16,16,0.2748519566716703,1.9701470015155282,2.0323365554213524,0.0001111111111111111,49.34285714285714,"[46.0%, 43.4%, 51.8%, 54.9%, 55.3%, 57.5%, 36.5%]",,,,
6,parallel,17,17,0.26581068278632,1.9108924129206664,2.065134383738041,0.0001111111111111111,49.39999999999999,"[46.0%, 43.4%, 51.8%, 54.9%, 55.3%, 57.5%, 36.9%]",,,,
6,parallel,18,18,0.2570094089009696,1.9077502732064313,2.0226327255368233,0.0001111111111111111,49.37142857142857,"[46.0%, 43.4%, 51.8%, 54.9%, 55.3%, 57.5%, 36.7%]",,,,
6,parallel,19,19,0.24844813501561933,1.8839268707166053,1.9949552565813065,0.0001111111111111111,49.6,"[46.0%, 43.4%, 51.8%, 54.9%, 55.3%, 57.5%, 38.3%]",,,,
6,parallel,20,20,0.240126861130269,1.9050423688949294,2.0144839584827423,0.0001111111111111111,49.685714285714276,"[46.0%, 43.4%, 51.8%, 54.9%, 55.3%, 57.5%, 38.9%]",,,,
6,parallel,21,21,0.23204558724491867,1.880512196546907,1.9265303537249565,0.0001111111111111111,50.0,"[46.0%, 43.4%, 51.8%, 54.9%, 55.3%, 57.5%, 41.1%]",,,,
6,parallel,22,22,0.22420431335956834,1.850554946881191,1.9199283644557,0.0001111111111111111,49.92857142857143,"[46.0%, 43.4%, 51.8%, 54.9%, 55.3%, 57.5%, 40.6%]",,,,
6,parallel,23,23,0.21660303947421805,1.8424439210041312,2.0908185988664627,0.0001111111111111111,49.37142857142857,"[46.0%, 43.4%, 51.8%, 54.9%, 55.3%, 57.5%, 36.7%]",,,,
6,parallel,24,24,0.20924176558886773,1.8263521156493265,1.8779513910412788,0.0001111111111111111,50.17142857142857,"[46.0%, 43.4%, 51.8%, 54.9%, 55.3%, 57.5%, 42.3%]",,,,
6,parallel,25,25,0.2021204917035174,1.8211530819060697,1.911916308104992,0.0001111111111111111,49.942857142857136,"[46.0%, 43.4%, 51.8%, 54.9%, 55.3%, 57.5%, 40.7%]",,,,
6,parallel,26,26,0.1952392178181671,1.8272578534047315,1.9478577226400375,0.0001111111111111111,49.771428571428565,"[46.0%, 43.4%, 51.8%, 54.9%, 55.3%, 57.5%, 39.5%]",,,,
6,parallel,27,27,0.18859794393281676,1.8023942891199878,1.976250633597374,0.0001111111111111111,49.857142857142854,"[46.0%, 43.4%, 51.8%, 54.9%, 55.3%, 57.5%, 40.1%]",,,,
6,parallel,28,28,0.18219667004746645,1.8229024455805494,1.918840628117323,0.0001111111111111111,49.957142857142856,"[46.0%, 43.4%, 51.8%, 54.9%, 55.3%, 57.5%, 40.8%]",,,,
6,parallel,29,29,0.17603539616211614,1.8024663704975394,1.9136112555861473,0.0001111111111111111,50.15714285714285,"[46.0%, 43.4%, 51.8%, 54.9%, 55.3%, 57.5%, 42.2%]",,,,
6,parallel,30,30,0.1701141222767658,1.8366229784716466,1.9415338933467865,0.0001111111111111111,49.957142857142856,"[46.0%, 43.4%, 51.8%, 54.9%, 55.3%, 57.5%, 40.8%]",,,,
6,parallel,31,31,0.16443284839141548,1.8107069935768274,1.8620599806308746,0.0001111111111111111,50.07142857142857,"[46.0%, 43.4%, 51.8%, 54.9%, 55.3%, 57.5%, 41.6%]",,,,
6,parallel,32,32,0.15899157450606516,1.8139777388542322,1.9778233170509338,0.0001111111111111111,49.74285714285714,"[46.0%, 43.4%, 51.8%, 54.9%, 55.3%, 57.5%, 39.3%]",,,,
6,parallel,33,33,0.15379030062071483,1.8540039548448697,1.9382652416825294,0.0001111111111111111,49.942857142857136,"[46.0%, 43.4%, 51.8%, 54.9%, 55.3%, 57.5%, 40.7%]",,,,
6,parallel,34,34,0.14882902673536452,1.8319310109326794,1.8762810342013836,0.0001111111111111111,49.91428571428571,"[46.0%, 43.4%, 51.8%, 54.9%, 55.3%, 57.5%, 40.5%]",,,,
6,parallel,35,35,0.1441077528500142,1.849152501221675,1.8740218058228493,0.0001111111111111111,50.37142857142857,"[46.0%, 43.4%, 51.8%, 54.9%, 55.3%, 57.5%, 43.7%]",,,,
6,parallel,36,36,0.1396264789646639,1.8231620629122303,1.8618074357509613,0.0001111111111111111,50.39999999999999,"[46.0%, 43.4%, 51.8%, 54.9%, 55.3%, 57.5%, 43.9%]",,,,
6,parallel,37,37,0.13538520507931356,1.857896308990041,1.9342766404151917,0.0001111111111111111,50.08571428571428,"[46.0%, 43.4%, 51.8%, 54.9%, 55.3%, 57.5%, 41.7%]",,,,
6,parallel,38,38,0.13138393119396324,1.897298695934806,1.9505826756358147,0.0001111111111111111,49.885714285714286,"[46.0%, 43.4%, 51.8%, 54.9%, 55.3%, 57.5%, 40.3%]",,,,
6,parallel,39,39,0.12762265730861294,1.8775691462170547,1.9321980252861977,0.0001111111111111111,49.942857142857136,"[46.0%, 43.4%, 51.8%, 54.9%, 55.3%, 57.5%, 40.7%]",,,,
6,parallel,40,40,0.12410138342326263,1.9179035432779106,1.9460916370153427,0.0001111111111111111,49.957142857142856,"[46.0%, 43.4%, 51.8%, 54.9%, 55.3%, 57.5%, 40.8%]",,,,
6,parallel,41,41,0.1208201095379123,1.926111209924054,1.967128925025463,0.0001111111111111111,49.8,"[46.0%, 43.4%, 51.8%, 54.9%, 55.3%, 57.5%, 39.7%]",,,,
6,parallel,42,42,0.11777883565256198,1.8695172595370346,1.9166020043194294,0.0001111111111111111,50.17142857142857,"[46.0%, 43.4%, 51.8%, 54.9%, 55.3%, 57.5%, 42.3%]",,,,
6,parallel,43,43,0.11497756176721166,1.913900052665905,1.974011242389679,0.0001111111111111111,50.0,"[46.0%, 43.4%, 51.8%, 54.9%, 55.3%, 57.5%, 41.1%]",,,,
6,parallel,44,44,0.11241628788186134,1.8809385557842861,1.9197269529104233,0.0001111111111111111,50.0,"[46.0%, 43.4%, 51.8%, 54.9%, 55.3%, 57.5%, 41.1%]",,,,
6,parallel,45,45,0.11009501399651102,1.872263105052292,1.8969168066978455,0.0001111111111111111,50.128571428571426,"[46.0%, 43.4%, 51.8%, 54.9%, 55.3%, 57.5%, 42.0%]",,,,
6,parallel,46,46,0.1080137401111607,1.9703200220302413,1.9608905501663685,0.0001111111111111111,49.67142857142857,"[46.0%, 43.4%, 51.8%, 54.9%, 55.3%, 57.5%, 38.8%]",,,,
6,parallel,47,47,0.10617246622581039,1.920911108612255,2.042158253490925,0.0001111111111111111,49.457142857142856,"[46.0%, 43.4%, 51.8%, 54.9%, 55.3%, 57.5%, 37.3%]",,,,
6,parallel,48,48,0.10457119234046007,1.9230941465705822,1.9418887794017792,0.0001111111111111111,49.81428571428571,"[46.0%, 43.4%, 51.8%, 54.9%, 55.3%, 57.5%, 39.8%]",,,,
6,parallel,49,49,0.10320991845510975,1.878861065882786,2.0027374923229218,0.0001111111111111111,49.74285714285714,"[46.0%, 43.4%, 51.8%, 54.9%, 55.3%, 57.5%, 39.3%]",,,,
6,parallel,50,50,0.10208864456975943,1.8634443184372727,1.9306441769003868,0.0001111111111111111,49.92857142857143,"[46.0%, 43.4%, 51.8%, 54.9%, 55.3%, 57.5%, 40.6%]",,,,
6,parallel,51,51,0.1012073706844091,1.9430636478837129,2.055857799947262,0.0001111111111111111,49.51428571428571,"[46.0%, 43.4%, 51.8%, 54.9%, 55.3%, 57.5%, 37.7%]",,,,
6,parallel,52,52,0.10056609679905879,1.89875380020992,2.024133764207363,0.0001111111111111111,49.51428571428571,"[46.0%, 43.4%, 51.8%, 54.9%, 55.3%, 57.5%, 37.7%]",,,,
6,parallel,53,53,0.10016482291370847,1.8596112811641328,1.9371736869215965,0.0001111111111111111,49.92857142857143,"[46.0%, 43.4%, 51.8%, 54.9%, 55.3%, 57.5%, 40.6%]",,,,
6,parallel,54,54,0.10000354902835816,1.8362543332348964,1.8910671770572662,0.0001111111111111111,50.08571428571428,"[46.0%, 43.4%, 51.8%, 54.9%, 55.3%, 57.5%, 41.7%]",,,,
6,parallel,55,55,0.1,1.8004794348577025,1.8752815052866936,0.0001111111111111111,50.199999999999996,"[46.0%, 43.4%, 51.8%, 54.9%, 55.3%, 57.5%, 42.5%]",,,,
6,weights,1,56,0.1,1.7903615129981072,1.9325662553310394,0.0001111111111111111,50.0,"[46.0%, 43.4%, 51.8%, 54.9%, 55.3%, 57.5%, 41.1%]",,,,
6,weights,2,57,0.1,1.7830098776301002,1.9186218306422234,0.0001111111111111111,50.1,"[46.0%, 43.4%, 51.8%, 54.9%, 55.3%, 57.5%, 41.8%]",,,,
6,weights,3,58,0.1,1.7684341942428783,1.8649333268404007,0.0001111111111111111,50.199999999999996,"[46.0%, 43.4%, 51.8%, 54.9%, 55.3%, 57.5%, 42.5%]",,,,
6,weights,4,59,0.1,1.7502285720436437,1.8681021183729172,0.0001111111111111111,50.17142857142857,"[46.0%, 43.4%, 51.8%, 54.9%, 55.3%, 57.5%, 42.3%]",,,,
6,weights,5,60,0.1,1.7444736274184696,1.896952047944069,0.0001111111111111111,50.185714285714276,"[46.0%, 43.4%, 51.8%, 54.9%, 55.3%, 57.5%, 42.4%]",,,,
6,weights,6,61,0.1,1.7272008338551612,1.8976905047893524,0.0001111111111111111,50.11428571428571,"[46.0%, 43.4%, 51.8%, 54.9%, 55.3%, 57.5%, 41.9%]",,,,
6,weights,7,62,0.1,1.718422311886101,1.8413496240973473,0.0001111111111111111,50.32857142857142,"[46.0%, 43.4%, 51.8%, 54.9%, 55.3%, 57.5%, 43.4%]",,,,
6,weights,8,63,0.1,1.7071130465550028,1.8483370654284954,0.0001111111111111111,50.357142857142854,"[46.0%, 43.4%, 51.8%, 54.9%, 55.3%, 57.5%, 43.6%]",,,,
6,weights,9,64,0.1,1.7090099207155265,1.8127238750457764,0.0001111111111111111,50.34285714285714,"[46.0%, 43.4%, 51.8%, 54.9%, 55.3%, 57.5%, 43.5%]",,,,
6,weights,10,65,0.1,1.690044860930959,1.8986220173537731,0.0001111111111111111,50.128571428571426,"[46.0%, 43.4%, 51.8%, 54.9%, 55.3%, 57.5%, 42.0%]",,,,
6,weights,11,66,0.1,1.6859739578453599,1.8422447368502617,0.0001111111111111111,50.3,"[46.0%, 43.4%, 51.8%, 54.9%, 55.3%, 57.5%, 43.2%]",,,,
6,weights,12,67,0.1,1.6703650928606653,1.8828887417912483,0.0001111111111111111,50.357142857142854,"[46.0%, 43.4%, 51.8%, 54.9%, 55.3%, 57.5%, 43.6%]",,,,
6,weights,13,68,0.1,1.6502643626206999,1.8359875455498695,0.0001111111111111111,50.457142857142856,"[46.0%, 43.4%, 51.8%, 54.9%, 55.3%, 57.5%, 44.3%]",,,,
6,weights,14,69,0.1,1.6616434314448363,1.816331509500742,0.0001111111111111111,50.457142857142856,"[46.0%, 43.4%, 51.8%, 54.9%, 55.3%, 57.5%, 44.3%]",,,,
6,weights,15,70,0.1,1.6397394541722194,1.809151291847229,0.0001111111111111111,50.457142857142856,"[46.0%, 43.4%, 51.8%, 54.9%, 55.3%, 57.5%, 44.3%]",,,,
6,weights,16,71,0.1,1.6442082072519193,1.8099548444151878,0.0001111111111111111,50.714285714285715,"[46.0%, 43.4%, 51.8%, 54.9%, 55.3%, 57.5%, 46.1%]",,,,
6,weights,17,72,0.1,1.6457428544949575,1.803973987698555,0.0001111111111111111,50.48571428571428,"[46.0%, 43.4%, 51.8%, 54.9%, 55.3%, 57.5%, 44.5%]",,,,
6,weights,18,73,0.1,1.6277462244033813,1.7678571157157421,0.0001111111111111111,50.65714285714285,"[46.0%, 43.4%, 51.8%, 54.9%, 55.3%, 57.5%, 45.7%]",,,,
6,weights,19,74,0.1,1.6101078075967776,1.8070309050381184,0.0001111111111111111,50.39999999999999,"[46.0%, 43.4%, 51.8%, 54.9%, 55.3%, 57.5%, 43.9%]",,,,
6,weights,20,75,0.1,1.6090681021380577,1.8707063794136047,0.0001111111111111111,50.22857142857142,"[46.0%, 43.4%, 51.8%, 54.9%, 55.3%, 57.5%, 42.7%]",,,,
6,weights,21,76,0.1,1.6140266110183328,1.746912855654955,0.0001111111111111111,50.75714285714285,"[46.0%, 43.4%, 51.8%, 54.9%, 55.3%, 57.5%, 46.4%]",,,,
6,weights,22,77,0.1,1.6053513971863278,1.7826237119734287,0.0001111111111111111,50.48571428571428,"[46.0%, 43.4%, 51.8%, 54.9%, 55.3%, 57.5%, 44.5%]",,,,
6,weights,23,78,0.1,1.5835416119569425,1.7877685353159904,0.0001111111111111111,50.48571428571428,"[46.0%, 43.4%, 51.8%, 54.9%, 55.3%, 57.5%, 44.5%]",,,,
6,weights,24,79,0.1,1.5797714162024723,1.8922981023788452,0.0001111111111111111,50.199999999999996,"[46.0%, 43.4%, 51.8%, 54.9%, 55.3%, 57.5%, 42.5%]",,,,
6,weights,25,80,0.1,1.5798896497981563,1.7448885031044483,0.0001111111111111111,50.67142857142857,"[46.0%, 43.4%, 51.8%, 54.9%, 55.3%, 57.5%, 45.8%]",34.800000000000004,"[9.7%, 19.6%, 28.9%, 53.1%, 55.1%, 55.2%, 22.0%]",39.17142857142857,"[27.0%, 34.3%, 29.6%, 49.8%, 50.5%, 52.5%, 30.5%]"
7,parallel,1,1,0.3,7.1670523251697515,3.4548690915107727,0.0001111111111111111,44.9375,"[46.0%, 43.4%, 51.8%, 54.9%, 55.3%, 57.5%, 45.8%, 4.8%]",,,,
7,parallel,2,2,0.3,3.143452885803903,3.049872472882271,0.0001111111111111111,44.9625,"[46.0%, 43.4%, 51.8%, 54.9%, 55.3%, 57.5%, 45.8%, 5.0%]",,,,
7,parallel,3,3,0.3,3.0357101920304026,3.0296973288059235,0.0001111111111111111,44.9625,"[46.0%, 43.4%, 51.8%, 54.9%, 55.3%, 57.5%, 45.8%, 5.0%]",,,,
7,parallel,4,4,0.3,3.0221894850396804,3.0196230560541153,0.0001111111111111111,44.9625,"[46.0%, 43.4%, 51.8%, 54.9%, 55.3%, 57.5%, 45.8%, 5.0%]",,,,
7,parallel,5,5,0.2934306462736825,3.0197257676701637,3.025697037577629,0.0001111111111111111,44.9625,"[46.0%, 43.4%, 51.8%, 54.9%, 55.3%, 57.5%, 45.8%, 5.0%]",,,,
7,parallel,6,6,0.28564313035011557,3.0152370048936006,3.007337346673012,0.0001111111111111111,45.0625,"[46.0%, 43.4%, 51.8%, 54.9%, 55.3%, 57.5%, 45.8%, 5.8%]",,,,
7,parallel,7,7,0.27801561442654876,2.9494933398665895,2.8320536613464355,0.0001111111111111111,45.775,"[46.0%, 43.4%, 51.8%, 54.9%, 55.3%, 57.5%, 45.8%, 11.5%]",,,,
7,parallel,8,8,0.27054809850298184,2.814485665339573,2.6969439536333084,0.0001111111111111111,46.2125,"[46.0%, 43.4%, 51.8%, 54.9%, 55.3%, 57.5%, 45.8%, 15.0%]",,,,
7,parallel,9,9,0.26324058257941496,2.677338914506754,2.617500938475132,0.0001111111111111111,46.4625,"[46.0%, 43.4%, 51.8%, 54.9%, 55.3%, 57.5%, 45.8%, 17.0%]",,,,
7,parallel,10,10,0.2560930666558481,2.56875411416315,2.5225542411208153,0.0001111111111111111,46.75,"[46.0%, 43.4%, 51.8%, 54.9%, 55.3%, 57.5%, 45.8%, 19.3%]",,,,
7,parallel,11,11,0.24910555073228122,2.483258411383173,2.7199482917785645,0.0001111111111111111,46.5625,"[46.0%, 43.4%, 51.8%, 54.9%, 55.3%, 57.5%, 45.8%, 17.8%]",,,,
7,parallel,12,12,0.24227803480871435,2.412138659483308,2.4331506565213203,0.0001111111111111111,47.4,"[46.0%, 43.4%, 51.8%, 54.9%, 55.3%, 57.5%, 45.8%, 24.5%]",,,,
7,parallel,13,13,0.23561051888514745,2.3472597963491064,2.2634811103343964,0.0001111111111111111,48.1,"[46.0%, 43.4%, 51.8%, 54.9%, 55.3%, 57.5%, 45.8%, 30.1%]",,,,
7,parallel,14,14,0.22910300296158062,2.3055404675234654,2.255009848624468,0.0001111111111111111,47.975,"[46.0%, 43.4%, 51.8%, 54.9%, 55.3%, 57.5%, 45.8%, 29.1%]",,,,
7,parallel,15,15,0.22275548703801373,2.2096294650606287,2.1516412422060966,0.0001111111111111111,48.475,"[46.0%, 43.4%, 51.8%, 54.9%, 55.3%, 57.5%, 45.8%, 33.1%]",,,,
7,parallel,16,16,0.2165679711144468,2.1374482751651933,2.280969224870205,0.0001111111111111111,48.15,"[46.0%, 43.4%, 51.8%, 54.9%, 55.3%, 57.5%, 45.8%, 30.5%]",,,,
7,parallel,17,17,0.21054045519087994,2.1173703306040186,2.0953316390514374,0.0001111111111111111,48.6625,"[46.0%, 43.4%, 51.8%, 54.9%, 55.3%, 57.5%, 45.8%, 34.6%]",,,,
7,parallel,18,18,0.20467293926731306,2.045334031627436,2.078015025705099,0.0001111111111111111,48.975,"[46.0%, 43.4%, 51.8%, 54.9%, 55.3%, 57.5%, 45.8%, 37.1%]",,,,
7,parallel,19,19,0.19896542334374617,2.091861811413127,2.0920852795243263,0.0001111111111111111,49.1125,"[46.0%, 43.4%, 51.8%, 54.9%, 55.3%, 57.5%, 45.8%, 38.2%]",,,,
7,parallel,20,20,0.19341790742017928,2.0340895424982546,2.0214996859431267,0.0001111111111111111,48.975,"[46.0%, 43.4%, 51.8%, 54.9%, 55.3%, 57.5%, 45.8%, 37.1%]",,,,
7,parallel,21,21,0.18803039149661244,1.9658277201804386,1.936669621616602,0.0001111111111111111,49.4125,"[46.0%, 43.4%, 51.8%, 54.9%, 55.3%, 57.5%, 45.8%, 40.6%]",,,,
7,parallel,22,22,0.18280287557304553,1.9951616115630812,1.9191108494997025,0.0001111111111111111,49.475,"[46.0%, 43.4%, 51.8%, 54.9%, 55.3%, 57.5%, 45.8%, 41.1%]",,,,
7,parallel,23,23,0.17773535964947867,1.9066181516951057,1.8846135586500168,0.0001111111111111111,49.8125,"[46.0%, 43.4%, 51.8%, 54.9%, 55.3%, 57.5%, 45.8%, 43.8%]",,,,
7,parallel,24,24,0.1728278437259118,1.8937235448011167,1.9092849045991898,0.0001111111111111111,49.574999999999996,"[46.0%, 43.4%, 51.8%, 54.9%, 55.3%, 57.5%, 45.8%, 41.9%]",,,,
7,parallel,25,25,0.16808032780234491,1.9506626440461274,1.991852693259716,0.0001111111111111111,49.4875,"[46.0%, 43.4%, 51.8%, 54.9%, 55.3%, 57.5%, 45.8%, 41.2%]",,,,
7,parallel,26,26,0.16349281187877807,1.9040008920013525,2.009258668869734,0.0001111111111111111,49.4125,"[46.0%, 43.4%, 51.8%, 54.9%, 55.3%, 57.5%, 45.8%, 40.6%]",,,,
7,parallel,27,27,0.15906529595521118,1.8804001534820363,1.9097721129655838,0.0001111111111111111,49.762499999999996,"[46.0%, 43.4%, 51.8%, 54.9%, 55.3%, 57.5%, 45.8%, 43.4%]",,,,
7,parallel,28,28,0.1547977800316443,1.8889854698424127,1.8447518646717072,0.0001111111111111111,49.8,"[46.0%, 43.4%, 51.8%, 54.9%, 55.3%, 57.5%, 45.8%, 43.7%]",,,,
7,parallel,29,29,0.1506902641080774,1.8642923748417266,1.836947649717331,0.0001111111111111111,50.15,"[46.0%, 43.4%, 51.8%, 54.9%, 55.3%, 57.5%, 45.8%, 46.5%]",,,,
7,parallel,30,30,0.14674274818451052,1.8327951560354536,1.844409130513668,0.0001111111111111111,49.775,"[46.0%, 43.4%, 51.8%, 54.9%, 55.3%, 57.5%, 45.8%, 43.5%]",,,,
7,parallel,31,31,0.14295523226094364,1.8031045046581584,1.8444365002214909,0.0001111111111111111,49.9125,"[46.0%, 43.4%, 51.8%, 54.9%, 55.3%, 57.5%, 45.8%, 44.6%]",,,,
7,parallel,32,32,0.13932771633737678,1.8598907016644812,1.9786635152995586,0.0001111111111111111,49.6625,"[46.0%, 43.4%, 51.8%, 54.9%, 55.3%, 57.5%, 45.8%, 42.6%]",,,,
7,parallel,33,33,0.1358602004138099,1.8470206260681152,2.0133484564721584,0.0001111111111111111,49.4,"[46.0%, 43.4%, 51.8%, 54.9%, 55.3%, 57.5%, 45.8%, 40.5%]",,,,
7,parallel,34,34,0.13255268449024302,1.8517345106525787,1.8139844834804535,0.0001111111111111111,50.074999999999996,"[46.0%, 43.4%, 51.8%, 54.9%, 55.3%, 57.5%, 45.8%, 45.9%]",,,,
7,parallel,35,35,0.12940516856667614,1.8223112305258489,1.8882107734680176,0.0001111111111111111,49.8625,"[46.0%, 43.4%, 51.8%, 54.9%, 55.3%, 57.5%, 45.8%, 44.2%]",,,,
7,parallel,36,36,0.12641765264310925,1.7733697025639237,1.8900832496583462,0.0001111111111111111,49.824999999999996,"[46.0%, 43.4%, 51.8%, 54.9%, 55.3%, 57.5%, 45.8%, 43.9%]",,,,
7,parallel,37,37,0.12359013671954237,1.8460087958414844,1.8276889100670815,0.0001111111111111111,50.025,"[46.0%, 43.4%, 51.8%, 54.9%, 55.3%, 57.5%, 45.8%, 45.5%]",,,,
7,parallel,38,38,0.12092262079597549,1.818585753440857,1.8548344373703003,0.0001111111111111111,49.975,"[46.0%, 43.4%, 51.8%, 54.9%, 55.3%, 57.5%, 45.8%, 45.1%]",,,,
7,parallel,39,39,0.11841510487240861,1.7895488784571363,1.855869721621275,0.0001111111111111111,50.012499999999996,"[46.0%, 43.4%, 51.8%, 54.9%, 55.3%, 57.5%, 45.8%, 45.4%]",,,,
7,parallel,40,40,0.11606758894884175,1.8522966105467196,1.8956436030566692,0.0001111111111111111,49.725,"[46.0%, 43.4%, 51.8%, 54.9%, 55.3%, 57.5%, 45.8%, 43.1%]",,,,
7,parallel,41,41,0.11388007302527486,1.8141946807788436,1.8707582764327526,0.0001111111111111111,50.125,"[46.0%, 43.4%, 51.8%, 54.9%, 55.3%, 57.5%, 45.8%, 46.3%]",,,,
7,parallel,42,42,0.11185255710170798,1.8071615528908505,1.8099622912704945,0.0001111111111111111,50.074999999999996,"[46.0%, 43.4%, 51.8%, 54.9%, 55.3%, 57.5%, 45.8%, 45.9%]",,,,
7,parallel,43,43,0.1099850411781411,1.7618406578234047,1.8313832618296146,0.0001111111111111111,50.1125,"[46.0%, 43.4%, 51.8%, 54.9%, 55.3%, 57.5%, 45.8%, 46.2%]",,,,
7,parallel,44,44,0.10827752525457422,2.1479890255411718,2.0934018343687057,0.0001111111111111111,49.074999999999996,"[46.0%, 43.4%, 51.8%, 54.9%, 55.3%, 57.5%, 45.8%, 37.9%]",,,,
7,parallel,45,45,0.10673000933100735,1.9518940547469315,2.062385395169258,0.0001111111111111111,49.05,"[46.0%, 43.4%, 51.8%, 54.9%, 55.3%, 57.5%, 45.8%, 37.7%]",,,,
7,parallel,46,46,0.10534249340744048,1.8698007384682918,2.0528569892048836,0.0001111111111111111,49.2875,"[46.0%, 43.4%, 51.8%, 54.9%, 55.3%, 57.5%, 45.8%, 39.6%]",,,,
7,parallel,47,47,0.10411497748387359,1.8575117398219503,1.9612467736005783,0.0001111111111111111,49.4,"[46.0%, 43.4%, 51.8%, 54.9%, 55.3%, 57.5%, 45.8%, 40.5%]",,,,
7,parallel,48,48,0.10304746156030671,1.8117729964529632,1.8992288559675217,0.0001111111111111111,49.8625,"[46.0%, 43.4%, 51.8%, 54.9%, 55.3%, 57.5%, 45.8%, 44.2%]",,,,
7,parallel,49,49,0.10213994563673984,1.775951126578507,1.8457133919000626,0.0001111111111111111,49.949999999999996,"[46.0%, 43.4%, 51.8%, 54.9%, 55.3%, 57.5%, 45.8%, 44.9%]",,,,
7,parallel,50,50,0.10139242971317296,1.8283819408173774,2.0304817520081997,0.0001111111111111111,49.4375,"[46.0%, 43.4%, 51.8%, 54.9%, 55.3%, 57.5%, 45.8%, 40.8%]",,,,
7,parallel,51,51,0.10080491378960607,1.8081811438700197,1.9595474228262901,0.0001111111111111111,49.387499999999996,"[46.0%, 43.4%, 51.8%, 54.9%, 55.3%, 57.5%, 45.8%, 40.4%]",,,,
7,parallel,52,52,0.10037739786603919,1.771523871998878,1.8629965223371983,0.0001111111111111111,49.975,"[46.0%, 43.4%, 51.8%, 54.9%, 55.3%, 57.5%, 45.8%, 45.1%]",,,,
7,parallel,53,53,0.10010988194247232,1.7364158858159544,1.8358112312853336,0.0001111111111111111,49.975,"[46.0%, 43.4%, 51.8%, 54.9%, 55.3%, 57.5%, 45.8%, 45.1%]",,,,
7,parallel,54,54,0.10000236601890544,1.6966682983811494,1.8058732151985168,0.0001111111111111111,50.125,"[46.0%, 43.4%, 51.8%, 54.9%, 55.3%, 57.5%, 45.8%, 46.3%]",,,,
7,parallel,55,55,0.1,1.6866342634152456,1.875626988708973,0.0001111111111111111,49.949999999999996,"[46.0%, 43.4%, 51.8%, 54.9%, 55.3%, 57.5%, 45.8%, 44.9%]",,,,
7,weights,1,56,0.1,1.6784972597838967,1.865047138184309,0.0001111111111111111,50.0625,"[46.0%, 43.4%, 51.8%, 54.9%, 55.3%, 57.5%, 45.8%, 45.8%]",,,,
7,weights,2,57,0.1,1.6648693965498809,1.7522406466305256,0.0001111111111111111,50.324999999999996,"[46.0%, 43.4%, 51.8%, 54.9%, 55.3%, 57.5%, 45.8%, 47.9%]",,,,
7,weights,3,58,0.1,1.6501506331619944,1.797385435551405,0.0001111111111111111,50.125,"[46.0%, 43.4%, 51.8%, 54.9%, 55.3%, 57.5%, 45.8%, 46.3%]",,,,
7,weights,4,59,0.1,1.6222339709093616,1.7731925658881664,0.0001111111111111111,50.2125,"[46.0%, 43.4%, 51.8%, 54.9%, 55.3%, 57.5%, 45.8%, 47.0%]",,,,
7,weights,5,60,0.1,1.621331070638766,1.7347367443144321,0.0001111111111111111,50.3375,"[46.0%, 43.4%, 51.8%, 54.9%, 55.3%, 57.5%, 45.8%, 48.0%]",,,,
7,weights,6,61,0.1,1.6109434054915313,1.7327644005417824,0.0001111111111111111,50.512499999999996,"[46.0%, 43.4%, 51.8%, 54.9%, 55.3%, 57.5%, 45.8%, 49.4%]",,,,
7,weights,7,62,0.1,1.6097321791254031,1.7950318939983845,0.0001111111111111111,50.074999999999996,"[46.0%, 43.4%, 51.8%, 54.9%, 55.3%, 57.5%, 45.8%, 45.9%]",,,,
7,weights,8,63,0.1,1.5698246507887628,1.672053012996912,0.0001111111111111111,50.5875,"[46.0%, 43.4%, 51.8%, 54.9%, 55.3%, 57.5%, 45.8%, 50.0%]",,,,
7,weights,9,64,0.1,1.5575336005277693,1.739447794854641,0.0001111111111111111,50.275,"[46.0%, 43.4%, 51.8%, 54.9%, 55.3%, 57.5%, 45.8%, 47.5%]",,,,
7,weights,10,65,0.1,1.573149303721774,1.6664593666791916,0.0001111111111111111,50.55,"[46.0%, 43.4%, 51.8%, 54.9%, 55.3%, 57.5%, 45.8%, 49.7%]",,,,
7,weights,11,66,0.1,1.546208896454732,1.7770738676190376,0.0001111111111111111,50.175,"[46.0%, 43.4%, 51.8%, 54.9%, 55.3%, 57.5%, 45.8%, 46.7%]",,,,
7,weights,12,67,0.1,1.5397231206772433,1.7942229397594929,0.0001111111111111111,50.199999999999996,"[46.0%, 43.4%, 51.8%, 54.9%, 55.3%, 57.5%, 45.8%, 46.9%]",,,,
7,weights,13,68,0.1,1.5374061696848291,1.6969857513904572,0.0001111111111111111,50.512499999999996,"[46.0%, 43.4%, 51.8%, 54.9%, 55.3%, 57.5%, 45.8%, 49.4%]",,,,
7,weights,14,69,0.1,1.5187881319386185,1.727271769195795,0.0001111111111111111,50.5875,"[46.0%, 43.4%, 51.8%, 54.9%, 55.3%, 57.5%, 45.8%, 50.0%]",,,,
7,weights,15,70,0.1,1.5084264149331743,1.6190780065953732,0.0001111111111111111,51.05,"[46.0%, 43.4%, 51.8%, 54.9%, 55.3%, 57.5%, 45.8%, 53.7%]",,,,
7,weights,16,71,0.1,1.514325850328822,1.7293295785784721,0.0001111111111111111,50.35,"[46.0%, 43.4%, 51.8%, 54.9%, 55.3%, 57.5%, 45.8%, 48.1%]",,,,
7,weights,17,72,0.1,1.506547798017028,1.6410648003220558,0.0001111111111111111,50.6875,"[46.0%, 43.4%, 51.8%, 54.9%, 55.3%, 57.5%, 45.8%, 50.8%]",,,,
7,weights,18,73,0.1,1.48177667332303,1.6371136382222176,0.0001111111111111111,50.675,"[46.0%, 43.4%, 51.8%, 54.9%, 55.3%, 57.5%, 45.8%, 50.7%]",,,,
7,weights,19,74,0.1,1.4821022099750056,1.7762028686702251,0.0001111111111111111,50.2375,"[46.0%, 43.4%, 51.8%, 54.9%, 55.3%, 57.5%, 45.8%, 47.2%]",,,,
7,weights,20,75,0.1,1.4704346041770497,1.8727993071079254,0.0001111111111111111,49.9625,"[46.0%, 43.4%, 51.8%, 54.9%, 55.3%, 57.5%, 45.8%, 45.0%]",,,,
7,weights,21,76,0.1,1.457296732125009,1.7267632521688938,0.0001111111111111111,50.387499999999996,"[46.0%, 43.4%, 51.8%, 54.9%, 55.3%, 57.5%, 45.8%, 48.4%]",,,,
7,weights,22,77,0.1,1.4576147692218708,1.7067404128611088,0.0001111111111111111,50.512499999999996,"[46.0%, 43.4%, 51.8%, 54.9%, 55.3%, 57.5%, 45.8%, 49.4%]",,,,
7,weights,23,78,0.1,1.448628995069273,1.6129437685012817,0.0001111111111111111,50.8375,"[46.0%, 43.4%, 51.8%, 54.9%, 55.3%, 57.5%, 45.8%, 52.0%]",,,,
7,weights,24,79,0.1,1.4491153439139104,1.7946190126240253,0.0001111111111111111,50.2375,"[46.0%, 43.4%, 51.8%, 54.9%, 55.3%, 57.5%, 45.8%, 47.2%]",,,,
7,weights,25,80,0.1,1.4475320615586202,1.6425036638975143,0.0001111111111111111,50.699999999999996,"[46.0%, 43.4%, 51.8%, 54.9%, 55.3%, 57.5%, 45.8%, 50.9%]",34.4625,"[4.8%, 19.6%, 28.9%, 53.1%, 55.1%, 55.2%, 22.0%, 37.0%]",39.349999999999994,"[30.2%, 34.3%, 29.6%, 47.8%, 47.4%, 52.5%, 30.5%, 42.5%]"
8,parallel,1,1,0.2,9.841061142599507,3.93522946536541,0.0001111111111111111,45.06666666666666,"[46.0%, 43.4%, 51.8%, 54.9%, 55.3%, 57.5%, 45.8%, 50.9%, 0.0%]",,,,
8,parallel,2,2,0.2,3.1882938852735387,3.0427471697330475,0.0001111111111111111,45.62222222222222,"[46.0%, 43.4%, 51.8%, 54.9%, 55.3%, 57.5%, 45.8%, 50.9%, 5.0%]",,,,
8,parallel,3,3,0.2,3.0328986538443594,3.0196747481822968,0.0001111111111111111,45.62222222222222,"[46.0%, 43.4%, 51.8%, 54.9%, 55.3%, 57.5%, 45.8%, 50.9%, 5.0%]",,,,
8,parallel,4,4,0.2,3.023331383990634,3.013638198375702,0.0001111111111111111,45.58888888888888,"[46.0%, 43.4%, 51.8%, 54.9%, 55.3%, 57.5%, 45.8%, 50.9%, 4.7%]",,,,
8,parallel,5,5,0.19671532313684126,3.01997770321597,3.0073798149824142,0.0001111111111111111,45.62222222222222,"[46.0%, 43.4%, 51.8%, 54.9%, 55.3%, 57.5%, 45.8%, 50.9%, 5.0%]",,,,
8,parallel,6,6,0.19282156517505783,3.0200471650263307,3.0206764489412308,0.0001111111111111111,45.68888888888889,"[46.0%, 43.4%, 51.8%, 54.9%, 55.3%, 57.5%, 45.8%, 50.9%, 5.6%]",,,,
8,parallel,7,7,0.18900780721327437,3.01344858005548,2.9820401072502136,0.0001111111111111111,45.888888888888886,"[46.0%, 43.4%, 51.8%, 54.9%, 55.3%, 57.5%, 45.8%, 50.9%, 7.4%]",,,,
8,parallel,8,8,0.18527404925149094,2.9147956416865064,2.7464478611946106,0.0001111111111111111,45.98888888888889,"[46.0%, 43.4%, 51.8%, 54.9%, 55.3%, 57.5%, 45.8%, 50.9%, 8.3%]",,,,
8,parallel,9,9,0.18162029128970753,2.7324475437212903,2.6338727697730064,0.0001111111111111111,46.74444444444444,"[46.0%, 43.4%, 51.8%, 54.9%, 55.3%, 57.5%, 45.8%, 50.9%, 15.1%]",,,,
8,parallel,10,10,0.17804653332792408,2.5510731350844074,2.540126159787178,0.0001111111111111111,47.044444444444444,"[46.0%, 43.4%, 51.8%, 54.9%, 55.3%, 57.5%, 45.8%, 50.9%, 17.8%]",,,,
8,parallel,11,11,0.1745527753661406,2.421200305792936,2.3255406990647316,0.0001111111111111111,47.46666666666667,"[46.0%, 43.4%, 51.8%, 54.9%, 55.3%, 57.5%, 45.8%, 50.9%, 21.6%]",,,,
8,parallel,12,12,0.17113901740435716,2.3738861190285654,2.291733957827091,0.0001111111111111111,47.722222222222214,"[46.0%, 43.4%, 51.8%, 54.9%, 55.3%, 57.5%, 45.8%, 50.9%, 23.9%]",,,,
8,parallel,13,13,0.16780525944257374,2.295117036552186,2.1816119328141212,0.0001111111111111111,48.14444444444444,"[46.0%, 43.4%, 51.8%, 54.9%, 55.3%, 57.5%, 45.8%, 50.9%, 27.7%]",,,,
8,parallel,14,14,0.1645515014807903,2.233598205693968,2.23756817728281,0.0001111111111111111,48.3,"[46.0%, 43.4%, 51.8%, 54.9%, 55.3%, 57.5%, 45.8%, 50.9%, 29.1%]",,,,
8,parallel,15,15,0.16137774351900688,2.175199747844866,2.164493001997471,0.0001111111111111111,48.4,"[46.0%, 43.4%, 51.8%, 54.9%, 55.3%, 57.5%, 45.8%, 50.9%, 30.0%]",,,,
8,parallel,16,16,0.15828398555722342,2.137021659286159,2.1126287542283535,0.0001111111111111111,48.477777777777774,"[46.0%, 43.4%, 51.8%, 54.9%, 55.3%, 57.5%, 45.8%, 50.9%, 30.7%]",,,,
8,parallel,17,17,0.15527022759543999,2.134112566899342,2.276619017124176,0.0001111111111111111,48.16666666666666,"[46.0%, 43.4%, 51.8%, 54.9%, 55.3%, 57.5%, 45.8%, 50.9%, 27.9%]",,,,
8,parallel,18,18,0.15233646963365655,2.099283317092118,2.052567422389984,0.0001111111111111111,48.73333333333333,"[46.0%, 43.4%, 51.8%, 54.9%, 55.3%, 57.5%, 45.8%, 50.9%, 33.0%]",,,,
8,parallel,19,19,0.1494827116718731,2.0512635852121246,2.064550619572401,0.0001111111111111111,48.68888888888889,"[46.0%, 43.4%, 51.8%, 54.9%, 55.3%, 57.5%, 45.8%, 50.9%, 32.6%]",,,,
8,parallel,20,20,0.14670895371008966,2.065780403507743,1.9938329085707664,0.0001111111111111111,49.03333333333333,"[46.0%, 43.4%, 51.8%, 54.9%, 55.3%, 57.5%, 45.8%, 50.9%, 35.7%]",,,,
8,parallel,21,21,0.14401519574830624,2.0143617558631166,1.9175063222646713,0.0001111111111111111,49.16666666666666,"[46.0%, 43.4%, 51.8%, 54.9%, 55.3%, 57.5%, 45.8%, 50.9%, 36.9%]",,,,
8,parallel,22,22,0.14140143778652278,1.9874150866915465,1.9702928513288498,0.0001111111111111111,49.14444444444444,"[46.0%, 43.4%, 51.8%, 54.9%, 55.3%, 57.5%, 45.8%, 50.9%, 36.7%]",,,,
8,parallel,23,23,0.13886767982473935,2.1271605757391376,2.0266951583325863,0.0001111111111111111,49.02222222222222,"[46.0%, 43.4%, 51.8%, 54.9%, 55.3%, 57.5%, 45.8%, 50.9%, 35.6%]",,,,
8,parallel,24,24,0.13641392186295592,1.999414390819088,2.025238685309887,0.0001111111111111111,49.077777777777776,"[46.0%, 43.4%, 51.8%, 54.9%, 55.3%, 57.5%, 45.8%, 50.9%, 36.1%]",,,,
8,parallel,25,25,0.13404016390117246,1.9543789480901828,2.006099984049797,0.0001111111111111111,48.83333333333333,"[46.0%, 43.4%, 51.8%, 54.9%, 55.3%, 57.5%, 45.8%, 50.9%, 33.9%]",,,,
8,parallel,26,26,0.13174640593938905,1.9785694210392655,1.9070044197142124,0.0001111111111111111,49.288888888888884,"[46.0%, 43.4%, 51.8%, 54.9%, 55.3%, 57.5%, 45.8%, 50.9%, 38.0%]",,,,
8,parallel,27,27,0.1295326479776056,1.93176288209903,1.8986289575695992,0.0001111111111111111,49.25555555555555,"[46.0%, 43.4%, 51.8%, 54.9%, 55.3%, 57.5%, 45.8%, 50.9%, 37.7%]",,,,
8,parallel,28,28,0.12739889001582216,1.9216481948354442,1.8812720440328121,0.0001111111111111111,49.3111111111111,"[46.0%, 43.4%, 51.8%, 54.9%, 55.3%, 57.5%, 45.8%, 50.9%, 38.2%]",,,,
8,parallel,29,29,0.12534513205403872,1.898314263410629,1.8431421183049679,0.0001111111111111111,49.53333333333333,"[46.0%, 43.4%, 51.8%, 54.9%, 55.3%, 57.5%, 45.8%, 50.9%, 40.2%]",,,,
8,parallel,30,30,0.12337137409225526,2.0614532247470443,1.950816623866558,0.0001111111111111111,49.14444444444444,"[46.0%, 43.4%, 51.8%, 54.9%, 55.3%, 57.5%, 45.8%, 50.9%, 36.7%]",,,,
8,parallel,31,31,0.12147761613047184,1.9325279984504553,2.021274469792843,0.0001111111111111111,49.37777777777777,"[46.0%, 43.4%, 51.8%, 54.9%, 55.3%, 57.5%, 45.8%, 50.9%, 38.8%]",,,,
8,parallel,32,32,0.1196638581686884,1.8980361382672741,1.8237250931560993,0.0001111111111111111,49.61111111111111,"[46.0%, 43.4%, 51.8%, 54.9%, 55.3%, 57.5%, 45.8%, 50.9%, 40.9%]",,,,
8,parallel,33,33,0.11793010020690495,1.8703439653299416,1.940196756273508,0.0001111111111111111,49.27777777777777,"[46.0%, 43.4%, 51.8%, 54.9%, 55.3%, 57.5%, 45.8%, 50.9%, 37.9%]",,,,
8,parallel,34,34,0.11627634224512151,1.8915422501837371,1.9227556586265564,0.0001111111111111111,49.388888888888886,"[46.0%, 43.4%, 51.8%, 54.9%, 55.3%, 57.5%, 45.8%, 50.9%, 38.9%]",,,,
8,parallel,35,35,0.11470258428333807,1.857226839490757,1.8327824138104916,0.0001111111111111111,49.56666666666666,"[46.0%, 43.4%, 51.8%, 54.9%, 55.3%, 57.5%, 45.8%, 50.9%, 40.5%]",,,,
8,parallel,36,36,0.11320882632155463,1.8387055898168285,1.8736538253724575,0.0001111111111111111,49.61111111111111,"[46.0%, 43.4%, 51.8%, 54.9%, 55.3%, 57.5%, 45.8%, 50.9%, 40.9%]",,,,
8,parallel,37,37,0.1117950683597712,1.813402200200755,1.8250807225704193,0.0001111111111111111,49.788888888888884,"[46.0%, 43.4%, 51.8%, 54.9%, 55.3%, 57.5%, 45.8%, 50.9%, 42.5%]",,,,
8,parallel,38,38,0.11046131039798775,1.7909822661405916,1.8172870315611362,0.0001111111111111111,49.84444444444444,"[46.0%, 43.4%, 51.8%, 54.9%, 55.3%, 57.5%, 45.8%, 50.9%, 43.0%]",,,,
8,parallel,39,39,0.10920755243620431,1.9392098924916261,1.9540106877684593,0.0001111111111111111,49.15555555555555,"[46.0%, 43.4%, 51.8%, 54.9%, 55.3%, 57.5%, 45.8%, 50.9%, 36.8%]",,,,
8,parallel,40,40,0.10803379447442088,1.8818101958864053,1.8050463646650314,0.0001111111111111111,49.84444444444444,"[46.0%, 43.4%, 51.8%, 54.9%, 55.3%, 57.5%, 45.8%, 50.9%, 43.0%]",,,,
8,parallel,41,41,0.10694003651263743,1.8316732888009137,1.8200587518513203,0.0001111111111111111,49.64444444444444,"[46.0%, 43.4%, 51.8%, 54.9%, 55.3%, 57.5%, 45.8%, 50.9%, 41.2%]",,,,
8,parallel,42,42,0.105926278550854,1.8019360357029424,1.7691521048545837,0.0001111111111111111,50.099999999999994,"[46.0%, 43.4%, 51.8%, 54.9%, 55.3%, 57.5%, 45.8%, 50.9%, 45.3%]",,,,
8,parallel,43,43,0.10499252058907056,1.786823432156994,1.7419080957770348,0.0001111111111111111,49.93333333333333,"[46.0%, 43.4%, 51.8%, 54.9%, 55.3%, 57.5%, 45.8%, 50.9%, 43.8%]",,,,
8,parallel,44,44,0.10413876262728712,1.7594165331239153,1.721877008676529,0.0001111111111111111,50.15555555555555,"[46.0%, 43.4%, 51.8%, 54.9%, 55.3%, 57.5%, 45.8%, 50.9%, 45.8%]",,,,
8,parallel,45,45,0.10336500466550368,1.750301676950637,1.7540282234549522,0.0001111111111111111,49.93333333333333,"[46.0%, 43.4%, 51.8%, 54.9%, 55.3%, 57.5%, 45.8%, 50.9%, 43.8%]",,,,
8,parallel,46,46,0.10267124670372024,1.7353549717338221,1.757077630609274,0.0001111111111111111,49.93333333333333,"[46.0%, 43.4%, 51.8%, 54.9%, 55.3%, 57.5%, 45.8%, 50.9%, 43.8%]",,,,
8,parallel,47,47,0.1020574887419368,1.712929475838971,1.7443523108959198,0.0001111111111111111,49.92222222222222,"[46.0%, 43.4%, 51.8%, 54.9%, 55.3%, 57.5%, 45.8%, 50.9%, 43.7%]",,,,
8,parallel,48,48,0.10152373078015337,1.7559750262339404,1.902230143547058,0.0001111111111111111,49.74444444444444,"[46.0%, 43.4%, 51.8%, 54.9%, 55.3%, 57.5%, 45.8%, 50.9%, 42.1%]",,,,
8,parallel,49,49,0.10106997281836992,1.778835462157134,1.7247537821531296,0.0001111111111111111,50.05555555555555,"[46.0%, 43.4%, 51.8%, 54.9%, 55.3%, 57.5%, 45.8%, 50.9%, 44.9%]",,,,
8,parallel,50,50,0.10069621485658647,1.729969553886705,1.7651354931294918,0.0001111111111111111,50.02222222222222,"[46.0%, 43.4%, 51.8%, 54.9%, 55.3%, 57.5%, 45.8%, 50.9%, 44.6%]",,,,
8,parallel,51,51,0.10040245689480304,1.70322135451493,1.7100509516894817,0.0001111111111111111,50.15555555555555,"[46.0%, 43.4%, 51.8%, 54.9%, 55.3%, 57.5%, 45.8%, 50.9%, 45.8%]",,,,
8,parallel,52,52,0.1001886989330196,1.6942558075971663,1.7280214838683605,0.0001111111111111111,50.08888888888888,"[46.0%, 43.4%, 51.8%, 54.9%, 55.3%, 57.5%, 45.8%, 50.9%, 45.2%]",,,,
8,parallel,53,53,0.10005494097123616,1.677503748304525,1.6250443160533905,0.0001111111111111111,50.42222222222222,"[46.0%, 43.4%, 51.8%, 54.9%, 55.3%, 57.5%, 45.8%, 50.9%, 48.2%]",,,,
8,parallel,54,54,0.10000118300945272,1.6577641751356185,1.6646302305161953,0.0001111111111111111,50.41111111111111,"[46.0%, 43.4%, 51.8%, 54.9%, 55.3%, 57.5%, 45.8%, 50.9%, 48.1%]",,,,
8,parallel,55,55,0.1,1.62986753131174,1.6366347670555115,0.0001111111111111111,50.53333333333333,"[46.0%, 43.4%, 51.8%, 54.9%, 55.3%, 57.5%, 45.8%, 50.9%, 49.2%]",,,,
8,weights,1,56,0.1,1.6276593785377065,1.646386343985796,0.0001111111111111111,50.45555555555555,"[46.0%, 43.4%, 51.8%, 54.9%, 55.3%, 57.5%, 45.8%, 50.9%, 48.5%]",,,,
8,weights,2,57,0.1,1.6199547234614184,1.67912183329463,0.0001111111111111111,50.33333333333333,"[46.0%, 43.4%, 51.8%, 54.9%, 55.3%, 57.5%, 45.8%, 50.9%, 47.4%]",,,,
8,weights,3,58,0.1,1.6042563292630918,1.6271600313484669,0.0001111111111111111,50.4,"[46.0%, 43.4%, 51.8%, 54.9%, 55.3%, 57.5%, 45.8%, 50.9%, 48.0%]",,,,
8,weights,4,59,0.1,1.6038843112386716,1.630720429122448,0.0001111111111111111,50.544444444444444,"[46.0%, 43.4%, 51.8%, 54.9%, 55.3%, 57.5%, 45.8%, 50.9%, 49.3%]",,,,
8,weights,5,60,0.1,1.5825827334337175,1.5743266679346561,0.0001111111111111111,50.8111111111111,"[46.0%, 43.4%, 51.8%, 54.9%, 55.3%, 57.5%, 45.8%, 50.9%, 51.7%]",,,,
8,weights,6,61,0.1,1.5745557379570736,1.6367671303451061,0.0001111111111111111,50.58888888888888,"[46.0%, 43.4%, 51.8%, 54.9%, 55.3%, 57.5%, 45.8%, 50.9%, 49.7%]",,,,
8,weights,7,62,0.1,1.5589676396861958,1.6908239722251892,0.0001111111111111111,50.32222222222222,"[46.0%, 43.4%, 51.8%, 54.9%, 55.3%, 57.5%, 45.8%, 50.9%, 47.3%]",,,,
8,weights,8,63,0.1,1.5616394562326419,1.5456117521971464,0.0001111111111111111,50.75555555555555,"[46.0%, 43.4%, 51.8%, 54.9%, 55.3%, 57.5%, 45.8%, 50.9%, 51.2%]",,,,
8,weights,9,64,0.1,1.54973313686954,1.5327324084937572,0.0001111111111111111,50.73333333333333,"[46.0%, 43.4%, 51.8%, 54.9%, 55.3%, 57.5%, 45.8%, 50.9%, 51.0%]",,,,
8,weights,10,65,0.1,1.5483113299509523,1.5679622776806355,0.0001111111111111111,50.577777777777776,"[46.0%, 43.4%, 51.8%, 54.9%, 55.3%, 57.5%, 45.8%, 50.9%, 49.6%]",,,,
8,weights,11,66,0.1,1.5273491394747594,1.7443625889718533,0.0001111111111111111,50.37777777777777,"[46.0%, 43.4%, 51.8%, 54.9%, 55.3%, 57.5%, 45.8%, 50.9%, 47.8%]",,,,
8,weights,12,67,0.1,1.5254025520033139,1.6611436940729618,0.0001111111111111111,50.55555555555555,"[46.0%, 43.4%, 51.8%, 54.9%, 55.3%, 57.5%, 45.8%, 50.9%, 49.4%]",,,,
8,weights,13,68,0.1,1.5291528329727755,1.5745568983256817,0.0001111111111111111,50.722222222222214,"[46.0%, 43.4%, 51.8%, 54.9%, 55.3%, 57.5%, 45.8%, 50.9%, 50.9%]",,,,
8,weights,14,69,0.1,1.5064784918621088,1.53231954947114,0.0001111111111111111,50.82222222222222,"[46.0%, 43.4%, 51.8%, 54.9%, 55.3%, 57.5%, 45.8%, 50.9%, 51.8%]",,,,
8,weights,15,70,0.1,1.5069372198384279,1.6572138145565987,0.0001111111111111111,50.64444444444444,"[46.0%, 43.4%, 51.8%, 54.9%, 55.3%, 57.5%, 45.8%, 50.9%, 50.2%]",,,,
8,weights,16,71,0.1,1.5007112398269071,1.5157152898609638,0.0001111111111111111,50.888888888888886,"[46.0%, 43.4%, 51.8%, 54.9%, 55.3%, 57.5%, 45.8%, 50.9%, 52.4%]",,,,
8,weights,17,72,0.1,1.5070868267375193,1.6090126745402813,0.0001111111111111111,50.61111111111111,"[46.0%, 43.4%, 51.8%, 54.9%, 55.3%, 57.5%, 45.8%, 50.9%, 49.9%]",,,,
8,weights,18,73,0.1,1.4877272077426789,1.5331460982561111,0.0001111111111111111,50.86666666666666,"[46.0%, 43.4%, 51.8%, 54.9%, 55.3%, 57.5%, 45.8%, 50.9%, 52.2%]",,,,
8,weights,19,74,0.1,1.4773345669363713,1.5481978952884674,0.0001111111111111111,50.77777777777777,"[46.0%, 43.4%, 51.8%, 54.9%, 55.3%, 57.5%, 45.8%, 50.9%, 51.4%]",,,,
8,weights,20,75,0.1,1.4737968596683186,1.5769412592053413,0.0001111111111111111,50.74444444444444,"[46.0%, 43.4%, 51.8%, 54.9%, 55.3%, 57.5%, 45.8%, 50.9%, 51.1%]",,,,
8,weights,21,76,0.1,1.4707829990204733,1.518674336373806,0.0001111111111111111,50.95555555555555,"[46.0%, 43.4%, 51.8%, 54.9%, 55.3%, 57.5%, 45.8%, 50.9%, 53.0%]",,,,
8,weights,22,77,0.1,1.4510657016638737,1.5512564219534397,0.0001111111111111111,50.788888888888884,"[46.0%, 43.4%, 51.8%, 54.9%, 55.3%, 57.5%, 45.8%, 50.9%, 51.5%]",,,,
8,weights,23,78,0.1,1.433324218935268,1.5098871886730194,0.0001111111111111111,50.99999999999999,"[46.0%, 43.4%, 51.8%, 54.9%, 55.3%, 57.5%, 45.8%, 50.9%, 53.4%]",,,,
8,weights,24,79,0.1,1.444549410965792,1.4926832355558872,0.0001111111111111111,50.91111111111111,"[46.0%, 43.4%, 51.8%, 54.9%, 55.3%, 57.5%, 45.8%, 50.9%, 52.6%]",,,,
8,weights,25,80,0.1,1.4402001541890916,1.4853376597166061,0.0001111111111111111,51.14444444444444,"[46.0%, 43.4%, 51.8%, 54.9%, 55.3%, 57.5%, 45.8%, 50.9%, 54.7%]",35.4,"[4.8%, 19.6%, 28.9%, 53.1%, 55.1%, 55.2%, 19.2%, 37.0%, 45.7%]",40.599999999999994,"[30.2%, 39.1%, 29.6%, 47.8%, 46.7%, 52.5%, 27.7%, 42.5%, 49.3%]"
9,parallel,1,1,0.1,7.501952660311559,4.266151770949364,0.0001111111111111111,46.029999999999994,"[46.0%, 43.4%, 51.8%, 54.9%, 55.3%, 57.5%, 45.8%, 50.9%, 54.7%, 0.0%]",,,,
9,parallel,2,2,0.1,3.4151706786672023,3.1028202176094055,0.0001111111111111111,46.529999999999994,"[46.0%, 43.4%, 51.8%, 54.9%, 55.3%, 57.5%, 45.8%, 50.9%, 54.7%, 5.0%]",,,,
9,parallel,3,3,0.1,3.065849448465238,3.044668734073639,0.0001111111111111111,46.529999999999994,"[46.0%, 43.4%, 51.8%, 54.9%, 55.3%, 57.5%, 45.8%, 50.9%, 54.7%, 5.0%]",,,,
9,parallel,4,4,0.1,3.0323698049897603,3.0208857357501984,0.0001111111111111111,46.529999999999994,"[46.0%, 43.4%, 51.8%, 54.9%, 55.3%, 57.5%, 45.8%, 50.9%, 54.7%, 5.0%]",,,,
9,parallel,5,5,0.1,3.0217545245103774,3.0222031623125076,0.0001111111111111111,46.529999999999994,"[46.0%, 43.4%, 51.8%, 54.9%, 55.3%, 57.5%, 45.8%, 50.9%, 54.7%, 5.0%]",,,,
9,parallel,6,6,0.1,3.016367924441198,3.011338174343109,0.0001111111111111111,46.74999999999999,"[46.0%, 43.4%, 51.8%, 54.9%, 55.3%, 57.5%, 45.8%, 50.9%, 54.7%, 7.2%]",,,,
9,parallel,7,7,0.1,2.8826499714213574,2.699157491326332,0.0001111111111111111,47.08,"[46.0%, 43.4%, 51.8%, 54.9%, 55.3%, 57.5%, 45.8%, 50.9%, 54.7%, 10.5%]",,,,
9,parallel,8,8,0.1,2.7079730079432203,2.60168893635273,0.0001111111111111111,47.33,"[46.0%, 43.4%, 51.8%, 54.9%, 55.3%, 57.5%, 45.8%, 50.9%, 54.7%, 13.0%]",,,,
9,parallel,9,9,0.1,2.6287885061494864,2.5389389619231224,0.0001111111111111111,47.269999999999996,"[46.0%, 43.4%, 51.8%, 54.9%, 55.3%, 57.5%, 45.8%, 50.9%, 54.7%, 12.4%]",,,,
9,parallel,10,10,0.1,2.592429691059574,2.5148827731609344,0.0001111111111111111,47.41,"[46.0%, 43.4%, 51.8%, 54.9%, 55.3%, 57.5%, 45.8%, 50.9%, 54.7%, 13.8%]",,,,
9,parallel,11,11,0.1,2.564415904367046,2.487095922231674,0.0001111111111111111,47.709999999999994,"[46.0%, 43.4%, 51.8%, 54.9%, 55.3%, 57.5%, 45.8%, 50.9%, 54.7%, 16.8%]",,,,
9,parallel,12,12,0.1,2.5384207622260804,2.4783945456147194,0.0001111111111111111,47.599999999999994,"[46.0%, 43.4%, 51.8%, 54.9%, 55.3%, 57.5%, 45.8%, 50.9%, 54.7%, 15.7%]",,,,
9,parallel,13,13,0.1,2.5045681759050695,2.4589421302080154,0.0001111111111111111,47.54,"[46.0%, 43.4%, 51.8%, 54.9%, 55.3%, 57.5%, 45.8%, 50.9%, 54.7%, 15.1%]",,,,
9,parallel,14,14,0.1,2.47296587676759,2.4458850771188736,0.0001111111111111111,47.69,"[46.0%, 43.4%, 51.8%, 54.9%, 55.3%, 57.5%, 45.8%, 50.9%, 54.7%, 16.6%]",,,,
9,parallel,15,15,0.1,2.4207684097775988,2.3883304819464684,0.0001111111111111111,47.86,"[46.0%, 43.4%, 51.8%, 54.9%, 55.3%, 57.5%, 45.8%, 50.9%, 54.7%, 18.3%]",,,,
9,parallel,16,16,0.1,2.3590640885055443,2.329142704606056,0.0001111111111111111,47.989999999999995,"[46.0%, 43.4%, 51.8%, 54.9%, 55.3%, 57.5%, 45.8%, 50.9%, 54.7%, 19.6%]",,,,
9,parallel,17,17,0.1,2.3296963227022984,2.3628408163785934,0.0001111111111111111,47.959999999999994,"[46.0%, 43.4%, 51.8%, 54.9%, 55.3%, 57.5%, 45.8%, 50.9%, 54.7%, 19.3%]",,,,
9,parallel,18,18,0.1,2.291810684143358,2.244073584675789,0.0001111111111111111,48.31999999999999,"[46.0%, 43.4%, 51.8%, 54.9%, 55.3%, 57.5%, 45.8%, 50.9%, 54.7%, 22.9%]",,,,
9,parallel,19,19,0.1,2.2699675484068074,2.3578295782208443,0.0001111111111111111,48.16,"[46.0%, 43.4%, 51.8%, 54.9%, 55.3%, 57.5%, 45.8%, 50.9%, 54.7%, 21.3%]",,,,
9,parallel,20,20,0.1,2.2472160917938133,2.2481756061315536,0.0001111111111111111,48.48,"[46.0%, 43.4%, 51.8%, 54.9%, 55.3%, 57.5%, 45.8%, 50.9%, 54.7%, 24.5%]",,,,
9,parallel,21,21,0.1,2.220601763694909,2.3190258145332336,0.0001111111111111111,48.279999999999994,"[46.0%, 43.4%, 51.8%, 54.9%, 55.3%, 57.5%, 45.8%, 50.9%, 54.7%, 22.5%]",,,,
9,parallel,22,22,0.1,2.195316663213596,2.2617686688899994,0.0001111111111111111,48.419999999999995,"[46.0%, 43.4%, 51.8%, 54.9%, 55.3%, 57.5%, 45.8%, 50.9%, 54.7%, 23.9%]",,,,
9,parallel,23,23,0.1,2.192874101316853,2.168177902698517,0.0001111111111111111,48.669999999999995,"[46.0%, 43.4%, 51.8%, 54.9%, 55.3%, 57.5%, 45.8%, 50.9%, 54.7%, 26.4%]",,,,
9,parallel,24,24,0.1,2.1627704436611976,2.2121652588248253,0.0001111111111111111,48.51,"[46.0%, 43.4%, 51.8%, 54.9%, 55.3%, 57.5%, 45.8%, 50.9%, 54.7%, 24.8%]",,,,
9,parallel,25,25,0.1,2.143968526724797,2.0618909522891045,0.0001111111111111111,49.089999999999996,"[46.0%, 43.4%, 51.8%, 54.9%, 55.3%, 57.5%, 45.8%, 50.9%, 54.7%, 30.6%]",,,,
9,parallel,26,26,0.1,2.119070887565613,2.0734104961156845,0.0001111111111111111,48.91,"[46.0%, 43.4%, 51.8%, 54.9%, 55.3%, 57.5%, 45.8%, 50.9%, 54.7%, 28.8%]",,,,
9,parallel,27,27,0.1,2.1074508352644123,2.102606974542141,0.0001111111111111111,48.99999999999999,"[46.0%, 43.4%, 51.8%, 54.9%, 55.3%, 57.5%, 45.8%, 50.9%, 54.7%, 29.7%]",,,,
9,parallel,28,28,0.1,2.0983030363252966,2.0500624775886536,0.0001111111111111111,48.94,"[46.0%, 43.4%, 51.8%, 54.9%, 55.3%, 57.5%, 45.8%, 50.9%, 54.7%, 29.1%]",,,,
9,parallel,29,29,0.1,2.0745862790733387,2.1232248097658157,0.0001111111111111111,49.029999999999994,"[46.0%, 43.4%, 51.8%, 54.9%, 55.3%, 57.5%, 45.8%, 50.9%, 54.7%, 30.0%]",,,,
9,parallel,30,30,0.1,2.0465627567023987,2.078202672302723,0.0001111111111111111,49.05,"[46.0%, 43.4%, 51.8%, 54.9%, 55.3%, 57.5%, 45.8%, 50.9%, 54.7%, 30.2%]",,,,
9,parallel,31,31,0.1,2.051136618207215,2.185080371797085,0.0001111111111111111,48.86,"[46.0%, 43.4%, 51.8%, 54.9%, 55.3%, 57.5%, 45.8%, 50.9%, 54.7%, 28.3%]",,,,
9,parallel,32,32,0.1,2.029370631381964,2.0897629782557487,0.0001111111111111111,48.91,"[46.0%, 43.4%, 51.8%, 54.9%, 55.3%, 57.5%, 45.8%, 50.9%, 54.7%, 28.8%]",,,,
9,parallel,33,33,0.1,1.9997867360995834,1.9792201519012451,0.0001111111111111111,49.3,"[46.0%, 43.4%, 51.8%, 54.9%, 55.3%, 57.5%, 45.8%, 50.9%, 54.7%, 32.7%]",,,,
9,parallel,34,34,0.1,1.9876617891773296,2.0215022042393684,0.0001111111111111111,49.199999999999996,"[46.0%, 43.4%, 51.8%, 54.9%, 55.3%, 57.5%, 45.8%, 50.9%, 54.7%, 31.7%]",,,,
9,parallel,35,35,0.1,1.9888878088847848,1.9589799866080284,0.0001111111111111111,49.56999999999999,"[46.0%, 43.4%, 51.8%, 54.9%, 55.3%, 57.5%, 45.8%, 50.9%, 54.7%, 35.4%]",,,,
9,parallel,36,36,0.1,1.9821564999355632,1.9928208701312542,0.0001111111111111111,49.379999999999995,"[46.0%, 43.4%, 51.8%, 54.9%, 55.3%, 57.5%, 45.8%, 50.9%, 54.7%, 33.5%]",,,,
9,parallel,37,37,0.1,1.962534723767809,1.9315050691366196,0.0001111111111111111,49.56999999999999,"[46.0%, 43.4%, 51.8%, 54.9%, 55.3%, 57.5%, 45.8%, 50.9%, 54.7%, 35.4%]",,,,
9,parallel,38,38,0.1,1.9468906988763506,1.9975194782018661,0.0001111111111111111,49.339999999999996,"[46.0%, 43.4%, 51.8%, 54.9%, 55.3%, 57.5%, 45.8%, 50.9%, 54.7%, 33.1%]",,,,
9,parallel,39,39,0.1,1.9258338714101513,1.9567257836461067,0.0001111111111111111,49.489999999999995,"[46.0%, 43.4%, 51.8%, 54.9%, 55.3%, 57.5%, 45.8%, 50.9%, 54.7%, 34.6%]",,,,
9,parallel,40,40,0.1,1.9328711344178315,2.0538734272122383,0.0001111111111111111,49.11999999999999,"[46.0%, 43.4%, 51.8%, 54.9%, 55.3%, 57.5%, 45.8%, 50.9%, 54.7%, 30.9%]",,,,
9,parallel,41,41,0.1,1.9288372454369904,2.029825836420059,0.0001111111111111111,49.24999999999999,"[46.0%, 43.4%, 51.8%, 54.9%, 55.3%, 57.5%, 45.8%, 50.9%, 54.7%, 32.2%]",,,,
9,parallel,42,42,0.1,1.8948090296642037,1.9107341691851616,0.0001111111111111111,49.589999999999996,"[46.0%, 43.4%, 51.8%, 54.9%, 55.3%, 57.5%, 45.8%, 50.9%, 54.7%, 35.6%]",,,,
9,parallel,43,43,0.1,1.8977692165192526,1.9019425585865974,0.0001111111111111111,49.769999999999996,"[46.0%, 43.4%, 51.8%, 54.9%, 55.3%, 57.5%, 45.8%, 50.9%, 54.7%, 37.4%]",,,,
9,parallel,44,44,0.1,1.8798398189483934,1.9746707081794739,0.0001111111111111111,49.61,"[46.0%, 43.4%, 51.8%, 54.9%, 55.3%, 57.5%, 45.8%, 50.9%, 54.7%, 35.8%]",,,,
9,parallel,45,45,0.1,1.8729503405321934,1.8693696781992912,0.0001111111111111111,49.89999999999999,"[46.0%, 43.4%, 51.8%, 54.9%, 55.3%, 57.5%, 45.8%, 50.9%, 54.7%, 38.7%]",,,,
9,parallel,46,46,0.1,1.858047309954455,1.8888165950775146,0.0001111111111111111,50.05,"[46.0%, 43.4%, 51.8%, 54.9%, 55.3%, 57.5%, 45.8%, 50.9%, 54.7%, 40.2%]",,,,
9,parallel,47,47,0.1,1.8539024910349755,1.9778719544410706,0.0001111111111111111,49.64,"[46.0%, 43.4%, 51.8%, 54.9%, 55.3%, 57.5%, 45.8%, 50.9%, 54.7%, 36.1%]",,,,
9,parallel,48,48,0.1,1.8487173364420606,1.8236029669642448,0.0001111111111111111,49.98,"[46.0%, 43.4%, 51.8%, 54.9%, 55.3%, 57.5%, 45.8%, 50.9%, 54.7%, 39.5%]",,,,
9,parallel,49,49,0.1,1.8429148941283013,1.880070060491562,0.0001111111111111111,49.779999999999994,"[46.0%, 43.4%, 51.8%, 54.9%, 55.3%, 57.5%, 45.8%, 50.9%, 54.7%, 37.5%]",,,,
9,parallel,50,50,0.1,1.8388985980088544,1.9678147360682487,0.0001111111111111111,49.69,"[46.0%, 43.4%, 51.8%, 54.9%, 55.3%, 57.5%, 45.8%, 50.9%, 54.7%, 36.6%]",,,,
9,parallel,51,51,0.1,1.817757918576526,2.037314310669899,0.0001111111111111111,49.61,"[46.0%, 43.4%, 51.8%, 54.9%, 55.3%, 57.5%, 45.8%, 50.9%, 54.7%, 35.8%]",,,,
9,parallel,52,52,0.1,1.810702399843058,1.8160005658864975,0.0001111111111111111,49.96999999999999,"[46.0%, 43.4%, 51.8%, 54.9%, 55.3%, 57.5%, 45.8%, 50.9%, 54.7%, 39.4%]",,,,
9,parallel,53,53,0.1,1.7982823134987218,1.9160929173231125,0.0001111111111111111,49.86999999999999,"[46.0%, 43.4%, 51.8%, 54.9%, 55.3%, 57.5%, 45.8%, 50.9%, 54.7%, 38.4%]",,,,
9,parallel,54,54,0.1,1.7864893728001103,1.8211499899625778,0.0001111111111111111,50.099999999999994,"[46.0%, 43.4%, 51.8%, 54.9%, 55.3%, 57.5%, 45.8%, 50.9%, 54.7%, 40.7%]",,,,
9,parallel,55,55,0.1,1.7774220963192593,1.7874336242675781,0.0001111111111111111,50.33,"[46.0%, 43.4%, 51.8%, 54.9%, 55.3%, 57.5%, 45.8%, 50.9%, 54.7%, 43.0%]",,,,
9,weights,1,56,0.1,1.7813285209570722,1.7650324665009975,0.0001111111111111111,50.19,"[46.0%, 43.4%, 51.8%, 54.9%, 55.3%, 57.5%, 45.8%, 50.9%, 54.7%, 41.6%]",,,,
9,weights,2,57,0.1,1.773823567256806,1.7815305776894093,0.0001111111111111111,50.36,"[46.0%, 43.4%, 51.8%, 54.9%, 55.3%, 57.5%, 45.8%, 50.9%, 54.7%, 43.3%]",,,,
9,weights,3,58,0.1,1.7517058955635993,1.8436477780342102,0.0001111111111111111,49.99999999999999,"[46.0%, 43.4%, 51.8%, 54.9%, 55.3%, 57.5%, 45.8%, 50.9%, 54.7%, 39.7%]",,,,
9,weights,4,59,0.1,1.746762925652182,1.764371544122696,0.0001111111111111111,50.33,"[46.0%, 43.4%, 51.8%, 54.9%, 55.3%, 57.5%, 45.8%, 50.9%, 54.7%, 43.0%]",,,,
9,weights,5,60,0.1,1.7377532310546584,1.7858605682849884,0.0001111111111111111,50.129999999999995,"[46.0%, 43.4%, 51.8%, 54.9%, 55.3%, 57.5%, 45.8%, 50.9%, 54.7%, 41.0%]",,,,
9,weights,6,61,0.1,1.7349096772017751,1.776434376835823,0.0001111111111111111,50.24999999999999,"[46.0%, 43.4%, 51.8%, 54.9%, 55.3%, 57.5%, 45.8%, 50.9%, 54.7%, 42.2%]",,,,
9,weights,7,62,0.1,1.7374574659736293,1.792027723044157,0.0001111111111111111,50.19,"[46.0%, 43.4%, 51.8%, 54.9%, 55.3%, 57.5%, 45.8%, 50.9%, 54.7%, 41.6%]",,,,
9,weights,8,63,0.1,1.72130804304864,1.8206896893680096,0.0001111111111111111,50.099999999999994,"[46.0%, 43.4%, 51.8%, 54.9%, 55.3%, 57.5%, 45.8%, 50.9%, 54.7%, 40.7%]",,,,
9,weights,9,64,0.1,1.7089010818748718,1.7249121591448784,0.0001111111111111111,50.379999999999995,"[46.0%, 43.4%, 51.8%, 54.9%, 55.3%, 57.5%, 45.8%, 50.9%, 54.7%, 43.5%]",,,,
9,weights,10,65,0.1,1.7104441701986228,1.7577815502882004,0.0001111111111111111,50.23,"[46.0%, 43.4%, 51.8%, 54.9%, 55.3%, 57.5%, 45.8%, 50.9%, 54.7%, 42.0%]",,,,
9,weights,11,66,0.1,1.6896666037808559,1.767712615430355,0.0001111111111111111,50.339999999999996,"[46.0%, 43.4%, 51.8%, 54.9%, 55.3%, 57.5%, 45.8%, 50.9%, 54.7%, 43.1%]",,,,
9,weights,12,67,0.1,1.698832331189684,1.7895937114953995,0.0001111111111111111,50.309999999999995,"[46.0%, 43.4%, 51.8%, 54.9%, 55.3%, 57.5%, 45.8%, 50.9%, 54.7%, 42.8%]",,,,
9,weights,13,68,0.1,1.6865842600536953,1.9110414907336235,0.0001111111111111111,49.919999999999995,"[46.0%, 43.4%, 51.8%, 54.9%, 55.3%, 57.5%, 45.8%, 50.9%, 54.7%, 38.9%]",,,,
9,weights,14,69,0.1,1.6627031321738177,1.7654634155333042,0.0001111111111111111,50.46999999999999,"[46.0%, 43.4%, 51.8%, 54.9%, 55.3%, 57.5%, 45.8%, 50.9%, 54.7%, 44.4%]",,,,
9,weights,15,70,0.1,1.6642442668319508,1.8479183204472065,0.0001111111111111111,49.949999999999996,"[46.0%, 43.4%, 51.8%, 54.9%, 55.3%, 57.5%, 45.8%, 50.9%, 54.7%, 39.2%]",,,,
9,weights,16,71,0.1,1.6726557980677126,1.8012197725474834,0.0001111111111111111,50.11,"[46.0%, 43.4%, 51.8%, 54.9%, 55.3%, 57.5%, 45.8%, 50.9%, 54.7%, 40.8%]",,,,
9,weights,17,72,0.1,1.664868590178763,1.7390879839658737,0.0001111111111111111,50.559999999999995,"[46.0%, 43.4%, 51.8%, 54.9%, 55.3%, 57.5%, 45.8%, 50.9%, 54.7%, 45.3%]",,,,
9,weights,18,73,0.1,1.6590856959106057,1.7987977676093578,0.0001111111111111111,50.29,"[46.0%, 43.4%, 51.8%, 54.9%, 55.3%, 57.5%, 45.8%, 50.9%, 54.7%, 42.6%]",,,,
9,weights,19,74,0.1,1.641047640970558,1.695119984447956,0.0001111111111111111,50.589999999999996,"[46.0%, 43.4%, 51.8%, 54.9%, 55.3%, 57.5%, 45.8%, 50.9%, 54.7%, 45.6%]",,,,
9,weights,20,75,0.1,1.631833970167075,1.7760543450713158,0.0001111111111111111,50.3,"[46.0%, 43.4%, 51.8%, 54.9%, 55.3%, 57.5%, 45.8%, 50.9%, 54.7%, 42.7%]",,,,
9,weights,21,76,0.1,1.6403018896746788,1.6948837414383888,0.0001111111111111111,50.699999999999996,"[46.0%, 43.4%, 51.8%, 54.9%, 55.3%, 57.5%, 45.8%, 50.9%, 54.7%, 46.7%]",,,,
9,weights,22,77,0.1,1.6177205189018493,1.6989026069641113,0.0001111111111111111,50.629999999999995,"[46.0%, 43.4%, 51.8%, 54.9%, 55.3%, 57.5%, 45.8%, 50.9%, 54.7%, 46.0%]",,,,
9,weights,23,78,0.1,1.628220698636049,1.820203248411417,0.0001111111111111111,50.209999999999994,"[46.0%, 43.4%, 51.8%, 54.9%, 55.3%, 57.5%, 45.8%, 50.9%, 54.7%, 41.8%]",,,,
9,weights,24,79,0.1,1.61921899182022,1.7006676569581032,0.0001111111111111111,50.669999999999995,"[46.0%, 43.4%, 51.8%, 54.9%, 55.3%, 57.5%, 45.8%, 50.9%, 54.7%, 46.4%]",,,,
9,weights,25,80,0.1,1.620987063000916,1.7021849378943443,0.0001111111111111111,50.699999999999996,"[46.0%, 43.4%, 51.8%, 54.9%, 55.3%, 57.5%, 45.8%, 50.9%, 54.7%, 46.7%]",33.4,"[4.8%, 19.6%, 28.9%, 51.0%, 55.1%, 55.2%, 19.2%, 37.0%, 45.7%, 17.5%]",37.65,"[30.2%, 34.3%, 26.1%, 45.7%, 46.7%, 48.9%, 25.8%, 42.5%, 49.3%, 27.0%]"
