task_idx,phase,epoch_in_phase,global_epoch,kappa,train_loss,val_loss,lr,til_avg,til_per_task,cil_stand_avg,cil_stand_per_task,cil_znorm_avg,cil_znorm_per_task
0,parallel,1,1,0.5,3.1702799690756827,2.9489074796438217,0.001,8.4,[8.4%],,,,
0,parallel,2,2,0.5,2.8486929456139825,2.79025299847126,0.001,14.1,[14.1%],,,,
0,parallel,3,3,0.5,2.697438575659588,2.5919435396790504,0.001,21.8,[21.8%],,,,
0,parallel,4,4,0.5,2.6109223259482413,2.4992610439658165,0.001,23.2,[23.2%],,,,
0,parallel,5,5,0.486861292547365,2.503801976039911,2.4218823090195656,0.001,27.2,[27.2%],,,,
0,parallel,6,6,0.4712862607002313,2.4431700235719136,2.392552874982357,0.001,28.1,[28.1%],,,,
0,parallel,7,7,0.45603122885309755,2.3717653789338033,2.2568089067935944,0.001,32.8,[32.8%],,,,
0,parallel,8,8,0.4410961970059637,2.30815519269105,2.215970553457737,0.001,34.6,[34.6%],,,,
0,parallel,9,9,0.42648116515883006,2.2442790975995885,2.149627886712551,0.001,36.6,[36.6%],,,,
0,parallel,10,10,0.4121861333116963,2.18602126646953,2.1169559359550476,0.001,36.3,[36.3%],,,,
0,parallel,11,11,0.3982111014645625,2.1330370136127352,2.0102426633238792,0.001,39.9,[39.9%],,,,
0,parallel,12,12,0.3845560696174287,2.086092099262651,2.011912651360035,0.001,40.6,[40.6%],,,,
0,parallel,13,13,0.3712210377702949,2.0316533958835965,1.9671167880296707,0.001,42.1,[42.1%],,,,
0,parallel,14,14,0.3582060059231612,1.9916397211657968,1.9795401208102703,0.001,40.4,[40.4%],,,,
0,parallel,15,15,0.3455109740760275,1.9458417565959274,1.8380888029932976,0.001,46.2,[46.2%],,,,
0,parallel,16,16,0.33313594222889364,1.9061048942007077,1.8623387813568115,0.001,42.3,[42.3%],,,,
0,parallel,17,17,0.3210809103817599,1.862634328520222,1.832573127001524,0.001,44.0,[44.0%],,,,
0,parallel,18,18,0.30934587853462614,1.8412240698079394,1.8040604442358017,0.001,45.9,[45.9%],,,,
0,parallel,19,19,0.29793084668749237,1.8096105528485245,1.8589046001434326,0.001,43.9,[43.9%],,,,
0,parallel,20,20,0.2868358148403586,1.815923406819629,1.803328763693571,0.001,46.7,[46.7%],,,,
0,parallel,21,21,0.2760607829932249,1.7903605608423805,1.7288636267185211,0.001,47.9,[47.9%],,,,
0,parallel,22,22,0.2656057511460911,1.7622750944392696,1.7749371007084846,0.001,46.8,[46.8%],,,,
0,parallel,23,23,0.25547071929895737,1.7459455682973193,1.7602339386940002,0.001,47.5,[47.5%],,,,
0,parallel,24,24,0.24565568745182362,1.7492236620301653,1.7320787347853184,0.001,48.2,[48.2%],,,,
0,parallel,25,25,0.23616065560468985,1.7351117794680748,1.7532878406345844,0.001,48.9,[48.9%],,,,
0,parallel,26,26,0.22698562375755615,1.7373507577142897,1.72517866268754,0.001,49.4,[49.4%],,,,
0,parallel,27,27,0.21813059191042236,1.7656381312449267,1.7390053197741508,0.001,47.8,[47.8%],,,,
0,parallel,28,28,0.2095955600632886,1.7512747527687413,1.7469708658754826,0.001,46.6,[46.6%],,,,
0,parallel,29,29,0.20138052821615482,1.7220634890210098,1.8071605488657951,0.001,48.4,[48.4%],,,,
0,parallel,30,30,0.19348549636902107,1.7324268711600335,1.687525361776352,0.001,48.1,[48.1%],,,,
0,parallel,31,31,0.1859104645218873,1.7275953604157563,1.810039922595024,0.001,45.3,[45.3%],,,,
0,parallel,32,32,0.17865543267475353,1.7310028395075707,1.7656104490160942,0.001,47.5,[47.5%],,,,
0,parallel,33,33,0.17172040082761977,1.7349237575652494,1.8073350191116333,0.001,46.2,[46.2%],,,,
0,parallel,34,34,0.16510536898048606,1.7239225358720038,1.7029685825109482,0.001,47.9,[47.9%],,,,
0,parallel,35,35,0.1588103371333523,1.7273682241986512,1.7745961025357246,0.0003333333333333333,46.6,[46.6%],,,,
0,parallel,36,36,0.15283530528621853,1.7344103041727832,1.748642235994339,0.0003333333333333333,49.4,[49.4%],,,,
0,parallel,37,37,0.14718027343908474,1.7233846650761404,1.7658167630434036,0.0003333333333333333,47.8,[47.8%],,,,
0,parallel,38,38,0.141845241591951,1.7187790240451788,1.7663284614682198,0.0003333333333333333,48.9,[48.9%],,,,
0,parallel,39,39,0.13683020974481724,1.8592822240416411,1.849977497011423,0.0003333333333333333,46.0,[46.0%],,,,
0,parallel,40,40,0.1321351778976835,1.8618397036935115,1.9101063534617424,0.0001111111111111111,43.4,[43.4%],,,,
0,parallel,41,41,0.12776014605054972,1.8715419943924922,1.9094518795609474,0.0001111111111111111,44.5,[44.5%],,,,
0,parallel,42,42,0.12370511420341597,2.000339678897979,2.0498075634241104,0.0001111111111111111,40.3,[40.3%],,,,
0,parallel,43,43,0.1199700823562822,2.06779366389961,2.0508327335119247,0.0001111111111111111,41.5,[41.5%],,,,
0,parallel,44,44,0.11655505050914845,2.0797562242313554,2.075861379504204,0.0001111111111111111,39.2,[39.2%],,,,
0,parallel,45,45,0.11346001866201469,2.0638392973857322,2.0229161456227303,0.0001111111111111111,41.4,[41.4%],,,,
0,parallel,46,46,0.11068498681488094,2.124081310952545,2.0598988011479378,0.0001111111111111111,41.0,[41.0%],,,,
0,parallel,47,47,0.10822995496774718,2.3394597548588068,2.313475765287876,0.0001111111111111111,33.8,[33.8%],,,,
0,parallel,48,48,0.10609492312061342,2.3172511249590833,2.2321962639689445,0.0001111111111111111,35.9,[35.9%],,,,
0,parallel,49,49,0.10427989127347966,2.268831205975478,2.1833483055233955,0.0001111111111111111,38.0,[38.0%],,,,
0,parallel,50,50,0.1027848594263459,2.220857335503694,2.1568410471081734,0.0001111111111111111,38.7,[38.7%],,,,
0,parallel,51,51,0.10160982757921214,2.173259534653585,2.115325376391411,0.0001111111111111111,38.7,[38.7%],,,,
0,parallel,52,52,0.10075479573207838,2.2421833937335167,2.1549477130174637,0.0001111111111111111,39.9,[39.9%],,,,
0,parallel,53,53,0.10021976388494463,2.1749839729564204,2.0980193242430687,0.0001111111111111111,40.1,[40.1%],,,,
0,parallel,54,54,0.10000473203781086,2.1335405718748737,2.0839539393782616,0.0001111111111111111,40.3,[40.3%],,,,
0,parallel,55,55,0.1,2.1015272877018925,2.04020057618618,0.0001111111111111111,41.1,[41.1%],,,,
0,weights,1,56,0.1,2.082596145617734,2.0395680144429207,0.0001111111111111111,40.8,[40.8%],,,,
0,weights,2,57,0.1,2.0556184136943454,2.0196332782506943,0.0001111111111111111,42.5,[42.5%],,,,
0,weights,3,58,0.1,2.0452918315389352,2.0005790516734123,0.0001111111111111111,42.7,[42.7%],,,,
0,weights,4,59,0.1,2.0223023109375293,2.019574910402298,0.0001111111111111111,40.6,[40.6%],,,,
0,weights,5,60,0.1,2.0108766373555373,1.984344020485878,0.0001111111111111111,43.0,[43.0%],,,,
0,weights,6,61,0.1,1.9986144767445364,1.9793805107474327,0.0001111111111111111,41.2,[41.2%],,,,
0,weights,7,62,0.1,1.9916704672916679,1.9636980891227722,0.0001111111111111111,42.7,[42.7%],,,,
0,weights,8,63,0.1,1.9780646213300668,1.9318896010518074,0.0001111111111111111,44.9,[44.9%],,,,
0,weights,9,64,0.1,1.9671369312675135,1.9316747933626175,0.0001111111111111111,43.5,[43.5%],,,,
0,weights,10,65,0.1,1.9571096570628463,1.9265138357877731,0.0001111111111111111,43.7,[43.7%],,,,
0,weights,11,66,0.1,1.9470628720180245,1.9214980006217957,0.0001111111111111111,43.9,[43.9%],,,,
0,weights,12,67,0.1,1.9406951969596231,1.9213188737630844,0.0001111111111111111,42.6,[42.6%],,,,
0,weights,13,68,0.1,1.9397924136204325,1.873816579580307,0.0001111111111111111,45.4,[45.4%],,,,
0,weights,14,69,0.1,1.9378193791504879,1.896311178803444,0.0001111111111111111,43.8,[43.8%],,,,
0,weights,15,70,0.1,1.9240656081278613,1.887861780822277,0.0001111111111111111,43.7,[43.7%],,,,
0,weights,16,71,0.1,1.9105312748319785,1.9069188088178635,0.0001111111111111111,41.9,[41.9%],,,,
0,weights,17,72,0.1,1.8999266115723141,1.8989293947815895,0.0001111111111111111,43.4,[43.4%],,,,
0,weights,18,73,0.1,1.8841493721980198,1.8585176914930344,0.0001111111111111111,45.9,[45.9%],,,,
0,weights,19,74,0.1,1.8886988383189889,1.868369609117508,0.0001111111111111111,44.3,[44.3%],,,,
0,weights,20,75,0.1,1.872713379039886,1.879854992032051,0.0001111111111111111,44.1,[44.1%],,,,
0,weights,21,76,0.1,1.8729430292821994,1.8514766991138458,0.0001111111111111111,45.6,[45.6%],,,,
0,weights,22,77,0.1,1.8733449384665033,1.8495023995637894,0.0001111111111111111,45.0,[45.0%],,,,
0,weights,23,78,0.1,1.8602650514833488,1.8495786413550377,0.0001111111111111111,45.4,[45.4%],,,,
0,weights,24,79,0.1,1.854578930101577,1.8326609879732132,0.0001111111111111111,45.3,[45.3%],,,,
0,weights,25,80,0.1,1.8635555953736518,1.8200879096984863,0.0001111111111111111,46.8,[46.8%],46.8,[46.8%],46.8,[46.8%]
1,parallel,1,1,0.5,3.4330661570190624,3.0205727219581604,0.0001111111111111111,26.75,"[46.8%, 6.7%]",,,,
1,parallel,2,2,0.5,2.9956657522043604,2.955263189971447,0.0001111111111111111,27.5,"[46.8%, 8.2%]",,,,
1,parallel,3,3,0.5,2.8575373895608696,2.703247144818306,0.0001111111111111111,31.9,"[46.8%, 17.0%]",,,,
1,parallel,4,4,0.5,2.6846407279846773,2.5999420806765556,0.0001111111111111111,31.9,"[46.8%, 17.0%]",,,,
1,parallel,5,5,0.486861292547365,2.598276911267809,2.4377579987049103,0.0001111111111111111,35.2,"[46.8%, 23.6%]",,,,
1,parallel,6,6,0.4712862607002313,2.5026934237996485,2.384638227522373,0.0001111111111111111,36.3,"[46.8%, 25.8%]",,,,
1,parallel,7,7,0.45603122885309755,2.423093846649121,2.289037086069584,0.0001111111111111111,37.0,"[46.8%, 27.2%]",,,,
1,parallel,8,8,0.4410961970059637,2.353283157773838,2.297066457569599,0.0001111111111111111,36.65,"[46.8%, 26.5%]",,,,
1,parallel,9,9,0.42648116515883006,2.2763039716489755,2.325878292322159,0.0001111111111111111,35.849999999999994,"[46.8%, 24.9%]",,,,
1,parallel,10,10,0.4121861333116963,2.2316706340024424,2.1675994843244553,0.0001111111111111111,38.849999999999994,"[46.8%, 30.9%]",,,,
1,parallel,11,11,0.3982111014645625,2.1655331607077533,2.187234915792942,0.0001111111111111111,39.15,"[46.8%, 31.5%]",,,,
1,parallel,12,12,0.3845560696174287,2.1265740561637148,2.121556669473648,0.0001111111111111111,39.05,"[46.8%, 31.3%]",,,,
1,parallel,13,13,0.3712210377702949,2.0587343873491712,2.139763019979,0.0001111111111111111,40.349999999999994,"[46.8%, 33.9%]",,,,
1,parallel,14,14,0.3582060059231612,2.0313935454484002,2.061406444758177,0.0001111111111111111,40.7,"[46.8%, 34.6%]",,,,
1,parallel,15,15,0.3455109740760275,1.9974739786925588,1.9487249329686165,0.0001111111111111111,41.4,"[46.8%, 36.0%]",,,,
1,parallel,16,16,0.33313594222889364,1.9570213579068518,1.962577372789383,0.0001111111111111111,42.599999999999994,"[46.8%, 38.4%]",,,,
1,parallel,17,17,0.3210809103817599,1.903828487274753,1.8832600340247154,0.0001111111111111111,43.3,"[46.8%, 39.8%]",,,,
1,parallel,18,18,0.30934587853462614,1.8850996805604097,1.8053137212991714,0.0001111111111111111,44.65,"[46.8%, 42.5%]",,,,
1,parallel,19,19,0.29793084668749237,1.8494278298821418,1.8550874069333076,0.0001111111111111111,44.3,"[46.8%, 41.8%]",,,,
1,parallel,20,20,0.2868358148403586,1.835680140051872,1.8842975348234177,0.0001111111111111111,42.849999999999994,"[46.8%, 38.9%]",,,,
1,parallel,21,21,0.2760607829932249,1.824064752858156,1.8496266640722752,0.0001111111111111111,44.05,"[46.8%, 41.3%]",,,,
1,parallel,22,22,0.2656057511460911,1.8121912600887808,1.8520117178559303,0.0001111111111111111,44.55,"[46.8%, 42.3%]",,,,
1,parallel,23,23,0.25547071929895737,1.794010034791983,1.8509028814733028,0.0001111111111111111,45.15,"[46.8%, 43.5%]",,,,
1,parallel,24,24,0.24565568745182362,1.8249953043688634,1.833289660513401,0.0001111111111111111,45.4,"[46.8%, 44.0%]",,,,
1,parallel,25,25,0.23616065560468985,1.7676805629851713,1.84816125780344,0.0001111111111111111,43.4,"[46.8%, 40.0%]",,,,
1,parallel,26,26,0.22698562375755615,1.7998877976350725,1.829489566385746,0.0001111111111111111,43.7,"[46.8%, 40.6%]",,,,
1,parallel,27,27,0.21813059191042236,1.7801174373383735,1.8345705792307854,0.0001111111111111111,44.599999999999994,"[46.8%, 42.4%]",,,,
1,parallel,28,28,0.2095955600632886,1.7667511648433223,1.8054403960704803,0.0001111111111111111,44.599999999999994,"[46.8%, 42.4%]",,,,
1,parallel,29,29,0.20138052821615482,1.8169662732227592,1.9154909998178482,0.0001111111111111111,43.45,"[46.8%, 40.1%]",,,,
1,parallel,30,30,0.19348549636902107,1.7632321506548838,1.7633509784936905,0.0001111111111111111,45.75,"[46.8%, 44.7%]",,,,
1,parallel,31,31,0.1859104645218873,1.7716133199679625,1.882832109928131,0.0001111111111111111,42.9,"[46.8%, 39.0%]",,,,
1,parallel,32,32,0.17865543267475353,1.7632662361594522,1.7357237115502357,0.0001111111111111111,46.2,"[46.8%, 45.6%]",,,,
1,parallel,33,33,0.17172040082761977,1.7646777470400379,1.8152384273707867,0.0001111111111111111,44.45,"[46.8%, 42.1%]",,,,
1,parallel,34,34,0.16510536898048606,1.7843070242814958,1.8087728954851627,0.0001111111111111111,45.349999999999994,"[46.8%, 43.9%]",,,,
1,parallel,35,35,0.1588103371333523,1.7846023816211967,1.796726681292057,0.0001111111111111111,45.099999999999994,"[46.8%, 43.4%]",,,,
1,parallel,36,36,0.15283530528621853,1.8716317825256639,1.8079120814800262,0.0001111111111111111,45.4,"[46.8%, 44.0%]",,,,
1,parallel,37,37,0.14718027343908474,1.8215938320585117,1.9864222221076488,0.0001111111111111111,42.25,"[46.8%, 37.7%]",,,,
1,parallel,38,38,0.141845241591951,1.8130585015959042,1.8074759393930435,0.0001111111111111111,45.15,"[46.8%, 43.5%]",,,,
1,parallel,39,39,0.13683020974481724,1.9312084222295482,1.8525642603635788,0.0001111111111111111,44.55,"[46.8%, 42.3%]",,,,
1,parallel,40,40,0.1321351778976835,1.9203789120267152,1.9408485144376755,0.0001111111111111111,42.55,"[46.8%, 38.3%]",,,,
1,parallel,41,41,0.12776014605054972,1.8599597215652466,1.9242136180400848,0.0001111111111111111,43.95,"[46.8%, 41.1%]",,,,
1,parallel,42,42,0.12370511420341597,1.8969892513979771,1.8943876028060913,0.0001111111111111111,43.45,"[46.8%, 40.1%]",,,,
1,parallel,43,43,0.1199700823562822,1.878111308547342,1.842632096260786,0.0001111111111111111,44.599999999999994,"[46.8%, 42.4%]",,,,
1,parallel,44,44,0.11655505050914845,1.8817279164198857,1.9200121462345123,0.0001111111111111111,43.65,"[46.8%, 40.5%]",,,,
1,parallel,45,45,0.11346001866201469,1.838794882130471,1.841195236891508,0.0001111111111111111,45.55,"[46.8%, 44.3%]",,,,
1,parallel,46,46,0.11068498681488094,1.8406620541955256,1.8806638792157173,0.0001111111111111111,43.349999999999994,"[46.8%, 39.9%]",,,,
1,parallel,47,47,0.10822995496774718,1.9960485636049015,1.904993824660778,0.0001111111111111111,43.95,"[46.8%, 41.1%]",,,,
1,parallel,48,48,0.10609492312061342,1.9057814178952746,1.9577338993549347,0.0001111111111111111,42.95,"[46.8%, 39.1%]",,,,
1,parallel,49,49,0.10427989127347966,1.8882487769339495,1.89277870580554,0.0001111111111111111,43.65,"[46.8%, 40.5%]",,,,
1,parallel,50,50,0.1027848594263459,1.8393900812051858,1.8344913013279438,0.0001111111111111111,44.95,"[46.8%, 43.1%]",,,,
1,parallel,51,51,0.10160982757921214,1.819952453017994,1.8553713113069534,0.0001111111111111111,44.0,"[46.8%, 41.2%]",,,,
1,parallel,52,52,0.10075479573207838,1.9208766381452038,1.8574942722916603,0.0001111111111111111,43.65,"[46.8%, 40.5%]",,,,
1,parallel,53,53,0.10021976388494463,1.8294123342842052,1.8783099316060543,0.0001111111111111111,43.8,"[46.8%, 40.8%]",,,,
1,parallel,54,54,0.10000473203781086,1.7797376509684666,1.7943762093782425,0.0001111111111111111,44.599999999999994,"[46.8%, 42.4%]",,,,
1,parallel,55,55,0.1,1.7526450324210392,1.8041073083877563,0.0001111111111111111,45.099999999999994,"[46.8%, 43.4%]",,,,
1,weights,1,56,0.1,1.7360950867841198,1.7597477957606316,0.0001111111111111111,45.95,"[46.8%, 45.1%]",,,,
1,weights,2,57,0.1,1.7105341686564646,1.749029204249382,0.0001111111111111111,45.4,"[46.8%, 44.0%]",,,,
1,weights,3,58,0.1,1.7052289558823701,1.7589453607797623,0.0001111111111111111,44.95,"[46.8%, 43.1%]",,,,
1,weights,4,59,0.1,1.6798895460784815,1.7458419911563396,0.0001111111111111111,45.45,"[46.8%, 44.1%]",,,,
1,weights,5,60,0.1,1.6681612654096762,1.7007543481886387,0.0001111111111111111,46.9,"[46.8%, 47.0%]",,,,
1,weights,6,61,0.1,1.6451681943456078,1.7057904154062271,0.0001111111111111111,46.05,"[46.8%, 45.3%]",,,,
1,weights,7,62,0.1,1.6375149086022833,1.6472077891230583,0.0001111111111111111,48.099999999999994,"[46.8%, 49.4%]",,,,
1,weights,8,63,0.1,1.6103227351121843,1.660742174834013,0.0001111111111111111,46.849999999999994,"[46.8%, 46.9%]",,,,
1,weights,9,64,0.1,1.6179398472901363,1.7363204210996628,0.0001111111111111111,45.55,"[46.8%, 44.3%]",,,,
1,weights,10,65,0.1,1.610150521727884,1.6580202467739582,0.0001111111111111111,46.65,"[46.8%, 46.5%]",,,,
1,weights,11,66,0.1,1.5949209017358768,1.7625655606389046,0.0001111111111111111,45.45,"[46.8%, 44.1%]",,,,
1,weights,12,67,0.1,1.5759017027107773,1.6279737576842308,0.0001111111111111111,47.9,"[46.8%, 49.0%]",,,,
1,weights,13,68,0.1,1.5716319395478364,1.6709677465260029,0.0001111111111111111,46.849999999999994,"[46.8%, 46.9%]",,,,
1,weights,14,69,0.1,1.548535512511138,1.7414571344852448,0.0001111111111111111,46.2,"[46.8%, 45.6%]",,,,
1,weights,15,70,0.1,1.5488358652515777,1.6242745742201805,0.0001111111111111111,48.5,"[46.8%, 50.2%]",,,,
1,weights,16,71,0.1,1.5340227329047622,1.6388833969831467,0.0001111111111111111,47.9,"[46.8%, 49.0%]",,,,
1,weights,17,72,0.1,1.5295169414228695,1.6240658909082413,0.0001111111111111111,47.7,"[46.8%, 48.6%]",,,,
1,weights,18,73,0.1,1.5049969648859303,1.722430594265461,0.0001111111111111111,46.5,"[46.8%, 46.2%]",,,,
1,weights,19,74,0.1,1.5154346113751649,1.624365545809269,0.0001111111111111111,47.599999999999994,"[46.8%, 48.4%]",,,,
1,weights,20,75,0.1,1.5007055246146621,1.691456913948059,0.0001111111111111111,46.2,"[46.8%, 45.6%]",,,,
1,weights,21,76,0.1,1.4927247679157623,1.6797597296535969,0.0001111111111111111,47.2,"[46.8%, 47.6%]",,,,
1,weights,22,77,0.1,1.4900958424161195,1.6026283875107765,0.0001111111111111111,48.15,"[46.8%, 49.5%]",,,,
1,weights,23,78,0.1,1.4884587738923967,1.6316413544118404,0.0001111111111111111,47.55,"[46.8%, 48.3%]",,,,
1,weights,24,79,0.1,1.4833608493683443,1.602808628231287,0.0001111111111111111,47.7,"[46.8%, 48.6%]",,,,
1,weights,25,80,0.1,1.4740912754824207,1.6701702438294888,0.0001111111111111111,46.45,"[46.8%, 46.1%]",31.450000000000003,"[16.8%, 46.1%]",37.45,"[34.2%, 40.7%]"
2,parallel,1,1,0.5,3.697858257658163,3.0497395247220993,0.0001111111111111111,32.63333333333333,"[46.8%, 46.1%, 5.0%]",,,,
2,parallel,2,2,0.5,3.0337352813429135,3.0011372417211533,0.0001111111111111111,33.233333333333334,"[46.8%, 46.1%, 6.8%]",,,,
2,parallel,3,3,0.5,2.838839161927533,2.667675107717514,0.0001111111111111111,35.4,"[46.8%, 46.1%, 13.3%]",,,,
2,parallel,4,4,0.5,2.612243990989248,2.5755736604332924,0.0001111111111111111,36.800000000000004,"[46.8%, 46.1%, 17.5%]",,,,
2,parallel,5,5,0.486861292547365,2.495056781039876,2.4429109394550323,0.0001111111111111111,38.86666666666667,"[46.8%, 46.1%, 23.7%]",,,,
2,parallel,6,6,0.4712862607002313,2.3665121672259772,2.357493467628956,0.0001111111111111111,38.833333333333336,"[46.8%, 46.1%, 23.6%]",,,,
2,parallel,7,7,0.45603122885309755,2.2756767204612682,2.265012487769127,0.0001111111111111111,39.56666666666667,"[46.8%, 46.1%, 25.8%]",,,,
2,parallel,8,8,0.4410961970059637,2.2173369067489723,2.1106116995215416,0.0001111111111111111,42.800000000000004,"[46.8%, 46.1%, 35.5%]",,,,
2,parallel,9,9,0.42648116515883006,2.1083346749566925,2.05657771974802,0.0001111111111111111,42.13333333333333,"[46.8%, 46.1%, 33.5%]",,,,
2,parallel,10,10,0.4121861333116963,2.047212827737164,1.9468998312950134,0.0001111111111111111,44.06666666666666,"[46.8%, 46.1%, 39.3%]",,,,
2,parallel,11,11,0.3982111014645625,1.9813465684842153,1.9905405268073082,0.0001111111111111111,43.20000000000001,"[46.8%, 46.1%, 36.7%]",,,,
2,parallel,12,12,0.3845560696174287,1.9248096069712548,1.810608297586441,0.0001111111111111111,45.6,"[46.8%, 46.1%, 43.9%]",,,,
2,parallel,13,13,0.3712210377702949,1.8521093616060391,1.7750925198197365,0.0001111111111111111,45.93333333333334,"[46.8%, 46.1%, 44.9%]",,,,
2,parallel,14,14,0.3582060059231612,1.846367921039557,1.7118488661944866,0.0001111111111111111,46.63333333333333,"[46.8%, 46.1%, 47.0%]",,,,
2,parallel,15,15,0.3455109740760275,1.772882084178317,1.7664996609091759,0.0001111111111111111,45.03333333333334,"[46.8%, 46.1%, 42.2%]",,,,
2,parallel,16,16,0.33313594222889364,1.755492166349083,1.7027347013354301,0.0001111111111111111,46.6,"[46.8%, 46.1%, 46.9%]",,,,
2,parallel,17,17,0.3210809103817599,1.7244688712867202,1.6639528088271618,0.0001111111111111111,46.866666666666674,"[46.8%, 46.1%, 47.7%]",,,,
2,parallel,18,18,0.30934587853462614,1.7279912438362268,1.6816896349191666,0.0001111111111111111,46.9,"[46.8%, 46.1%, 47.8%]",,,,
2,parallel,19,19,0.29793084668749237,1.6796492148356832,1.7876053731888533,0.0001111111111111111,46.0,"[46.8%, 46.1%, 45.1%]",,,,
2,parallel,20,20,0.2868358148403586,1.659650436632193,1.6520261354744434,0.0001111111111111111,47.13333333333333,"[46.8%, 46.1%, 48.5%]",,,,
2,parallel,21,21,0.2760607829932249,1.6348003422378734,1.6140808686614037,0.0001111111111111111,47.5,"[46.8%, 46.1%, 49.6%]",,,,
2,parallel,22,22,0.2656057511460911,1.6246259827522715,1.5894070863723755,0.0001111111111111111,48.13333333333333,"[46.8%, 46.1%, 51.5%]",,,,
2,parallel,23,23,0.25547071929895737,1.6365450673801885,1.612101223319769,0.0001111111111111111,48.1,"[46.8%, 46.1%, 51.4%]",,,,
2,parallel,24,24,0.24565568745182362,1.6484303706011194,1.6196194402873516,0.0001111111111111111,47.833333333333336,"[46.8%, 46.1%, 50.6%]",,,,
2,parallel,25,25,0.23616065560468985,1.636561463592918,1.6415777802467346,0.0001111111111111111,47.96666666666667,"[46.8%, 46.1%, 51.0%]",,,,
2,parallel,26,26,0.22698562375755615,1.6540046991056698,1.7229878213256598,0.0001111111111111111,46.93333333333334,"[46.8%, 46.1%, 47.9%]",,,,
2,parallel,27,27,0.21813059191042236,1.6653747399141834,1.6593322977423668,0.0001111111111111111,47.5,"[46.8%, 46.1%, 49.6%]",,,,
2,parallel,28,28,0.2095955600632886,1.6436807919459737,1.5854116342961788,0.0001111111111111111,48.23333333333333,"[46.8%, 46.1%, 51.8%]",,,,
2,parallel,29,29,0.20138052821615482,1.6454242353986024,1.706517145037651,0.0001111111111111111,46.300000000000004,"[46.8%, 46.1%, 46.0%]",,,,
2,parallel,30,30,0.19348549636902107,1.6366416177931864,1.645627036690712,0.0001111111111111111,47.73333333333333,"[46.8%, 46.1%, 50.3%]",,,,
2,parallel,31,31,0.1859104645218873,1.6669228076934814,1.712123978883028,0.0001111111111111111,46.76666666666667,"[46.8%, 46.1%, 47.4%]",,,,
2,parallel,32,32,0.17865543267475353,1.6808063809279423,1.615696955472231,0.0001111111111111111,48.63333333333333,"[46.8%, 46.1%, 53.0%]",,,,
2,parallel,33,33,0.17172040082761977,1.711753506569346,1.7515796013176441,0.0001111111111111111,47.03333333333334,"[46.8%, 46.1%, 48.2%]",,,,
2,parallel,34,34,0.16510536898048606,1.6939934955281057,1.6408517211675644,0.0001111111111111111,47.666666666666664,"[46.8%, 46.1%, 50.1%]",,,,
2,parallel,35,35,0.1588103371333523,1.7018190888082905,1.6626533456146717,0.0001111111111111111,47.300000000000004,"[46.8%, 46.1%, 49.0%]",,,,
2,parallel,36,36,0.15283530528621853,1.7517969646271627,1.68687754124403,0.0001111111111111111,46.866666666666674,"[46.8%, 46.1%, 47.7%]",,,,
2,parallel,37,37,0.14718027343908474,1.737011569320776,1.7079300358891487,0.0001111111111111111,47.20000000000001,"[46.8%, 46.1%, 48.7%]",,,,
2,parallel,38,38,0.141845241591951,1.7103983824420128,1.7211615480482578,0.0001111111111111111,46.833333333333336,"[46.8%, 46.1%, 47.6%]",,,,
2,parallel,39,39,0.13683020974481724,1.914823303556746,1.793161503970623,0.0001111111111111111,46.366666666666674,"[46.8%, 46.1%, 46.2%]",,,,
2,parallel,40,40,0.1321351778976835,1.8423549916334212,1.8070916719734669,0.0001111111111111111,46.366666666666674,"[46.8%, 46.1%, 46.2%]",,,,
2,parallel,41,41,0.12776014605054972,1.8336869394703277,1.7914597541093826,0.0001111111111111111,45.800000000000004,"[46.8%, 46.1%, 44.5%]",,,,
2,parallel,42,42,0.12370511420341597,1.9195942028312927,1.8407548181712627,0.0001111111111111111,45.56666666666666,"[46.8%, 46.1%, 43.8%]",,,,
2,parallel,43,43,0.1199700823562822,1.867614440857225,1.8319118656218052,0.0001111111111111111,45.833333333333336,"[46.8%, 46.1%, 44.6%]",,,,
2,parallel,44,44,0.11655505050914845,1.8793107293973303,1.886505849659443,0.0001111111111111111,44.9,"[46.8%, 46.1%, 41.8%]",,,,
2,parallel,45,45,0.11346001866201469,1.860461983711097,1.7662820406258106,0.0001111111111111111,46.20000000000001,"[46.8%, 46.1%, 45.7%]",,,,
2,parallel,46,46,0.11068498681488094,1.8192146705214385,1.8856411501765251,0.0001111111111111111,45.53333333333334,"[46.8%, 46.1%, 43.7%]",,,,
2,parallel,47,47,0.10822995496774718,1.9988033027405951,1.9914601370692253,0.0001111111111111111,44.366666666666674,"[46.8%, 46.1%, 40.2%]",,,,
2,parallel,48,48,0.10609492312061342,1.9350914545119948,1.906891256570816,0.0001111111111111111,44.300000000000004,"[46.8%, 46.1%, 40.0%]",,,,
2,parallel,49,49,0.10427989127347966,1.9256250660890226,1.8506645560264587,0.0001111111111111111,44.9,"[46.8%, 46.1%, 41.8%]",,,,
2,parallel,50,50,0.1027848594263459,1.8871100617062515,1.8896813690662384,0.0001111111111111111,44.73333333333333,"[46.8%, 46.1%, 41.3%]",,,,
2,parallel,51,51,0.10160982757921214,1.8326935707383853,1.7788846120238304,0.0001111111111111111,45.866666666666674,"[46.8%, 46.1%, 44.7%]",,,,
2,parallel,52,52,0.10075479573207838,1.8659202771581662,1.833003357052803,0.0001111111111111111,45.1,"[46.8%, 46.1%, 42.4%]",,,,
2,parallel,53,53,0.10021976388494463,1.7945190561804802,1.806527566164732,0.0001111111111111111,46.0,"[46.8%, 46.1%, 45.1%]",,,,
2,parallel,54,54,0.10000473203781086,1.7795954768065434,1.8089779540896416,0.0001111111111111111,45.333333333333336,"[46.8%, 46.1%, 43.1%]",,,,
2,parallel,55,55,0.1,1.7398979124749543,1.7240792028605938,0.0001111111111111111,46.26666666666667,"[46.8%, 46.1%, 45.9%]",,,,
2,weights,1,56,0.1,1.7205064289129464,1.749418668448925,0.0001111111111111111,46.5,"[46.8%, 46.1%, 46.6%]",,,,
2,weights,2,57,0.1,1.704978042347416,1.744629517197609,0.0001111111111111111,46.76666666666667,"[46.8%, 46.1%, 47.4%]",,,,
2,weights,3,58,0.1,1.6892995226914715,1.7534481808543205,0.0001111111111111111,46.20000000000001,"[46.8%, 46.1%, 45.7%]",,,,
2,weights,4,59,0.1,1.6555697082713912,1.7930355723947287,0.0001111111111111111,45.73333333333333,"[46.8%, 46.1%, 44.3%]",,,,
2,weights,5,60,0.1,1.6370831378705941,1.647054061293602,0.0001111111111111111,47.20000000000001,"[46.8%, 46.1%, 48.7%]",,,,
2,weights,6,61,0.1,1.6232284102470251,1.641975972801447,0.0001111111111111111,46.93333333333334,"[46.8%, 46.1%, 47.9%]",,,,
2,weights,7,62,0.1,1.640478623141149,1.6253468059003353,0.0001111111111111111,47.43333333333334,"[46.8%, 46.1%, 49.4%]",,,,
2,weights,8,63,0.1,1.6019625086693248,1.6108656413853168,0.0001111111111111111,47.73333333333333,"[46.8%, 46.1%, 50.3%]",,,,
2,weights,9,64,0.1,1.5856961300418635,1.6363240256905556,0.0001111111111111111,48.03333333333334,"[46.8%, 46.1%, 51.2%]",,,,
2,weights,10,65,0.1,1.5644636799575418,1.6432946436107159,0.0001111111111111111,47.46666666666667,"[46.8%, 46.1%, 49.5%]",,,,
2,weights,11,66,0.1,1.566837978211178,1.6393316835165024,0.0001111111111111111,47.93333333333334,"[46.8%, 46.1%, 50.9%]",,,,
2,weights,12,67,0.1,1.5577524498010138,1.5619799122214317,0.0001111111111111111,47.93333333333334,"[46.8%, 46.1%, 50.9%]",,,,
2,weights,13,68,0.1,1.5370654573865756,1.5773707889020443,0.0001111111111111111,48.166666666666664,"[46.8%, 46.1%, 51.6%]",,,,
2,weights,14,69,0.1,1.5212100455715398,1.6252830922603607,0.0001111111111111111,47.4,"[46.8%, 46.1%, 49.3%]",,,,
2,weights,15,70,0.1,1.5277273108245462,1.614997934550047,0.0001111111111111111,47.366666666666674,"[46.8%, 46.1%, 49.2%]",,,,
2,weights,16,71,0.1,1.5227874714857454,1.575062956660986,0.0001111111111111111,47.9,"[46.8%, 46.1%, 50.8%]",,,,
2,weights,17,72,0.1,1.4976248528547347,1.615573063492775,0.0001111111111111111,47.63333333333333,"[46.8%, 46.1%, 50.0%]",,,,
2,weights,18,73,0.1,1.4893423687120912,1.5475316792726517,0.0001111111111111111,48.300000000000004,"[46.8%, 46.1%, 52.0%]",,,,
2,weights,19,74,0.1,1.4979618248666169,1.6329117342829704,0.0001111111111111111,47.43333333333334,"[46.8%, 46.1%, 49.4%]",,,,
2,weights,20,75,0.1,1.5031061309158422,1.5473568364977837,0.0001111111111111111,47.800000000000004,"[46.8%, 46.1%, 50.5%]",,,,
2,weights,21,76,0.1,1.4514079929157426,1.5284697264432907,0.0001111111111111111,48.76666666666667,"[46.8%, 46.1%, 53.4%]",,,,
2,weights,22,77,0.1,1.4769131256516572,1.5301503166556358,0.0001111111111111111,48.166666666666664,"[46.8%, 46.1%, 51.6%]",,,,
2,weights,23,78,0.1,1.4320726554105236,1.564878437668085,0.0001111111111111111,47.9,"[46.8%, 46.1%, 50.8%]",,,,
2,weights,24,79,0.1,1.4429897996270733,1.652279805392027,0.0001111111111111111,47.03333333333334,"[46.8%, 46.1%, 48.2%]",,,,
2,weights,25,80,0.1,1.4233699748470525,1.5336140021681786,0.0001111111111111111,48.9,"[46.8%, 46.1%, 53.8%]",37.5,"[16.8%, 41.9%, 53.8%]",41.56666666666667,"[34.2%, 38.6%, 51.9%]"
3,parallel,1,1,0.5,4.046756882576426,3.035108357667923,0.0001111111111111111,37.925,"[46.8%, 46.1%, 53.8%, 5.0%]",,,,
3,parallel,2,2,0.5,3.031386413391988,2.9643537402153015,0.0001111111111111111,38.9,"[46.8%, 46.1%, 53.8%, 8.9%]",,,,
3,parallel,3,3,0.5,2.894245077849953,2.8604705780744553,0.0001111111111111111,39.775,"[46.8%, 46.1%, 53.8%, 12.4%]",,,,
3,parallel,4,4,0.5,2.738174052754785,2.725499242544174,0.0001111111111111111,40.699999999999996,"[46.8%, 46.1%, 53.8%, 16.1%]",,,,
3,parallel,5,5,0.486861292547365,2.588442603493952,2.5635995641350746,0.0001111111111111111,42.25,"[46.8%, 46.1%, 53.8%, 22.3%]",,,,
3,parallel,6,6,0.4712862607002313,2.437501617298005,2.4714955911040306,0.0001111111111111111,43.3,"[46.8%, 46.1%, 53.8%, 26.5%]",,,,
3,parallel,7,7,0.45603122885309755,2.312835614392712,2.4340993613004684,0.0001111111111111111,43.4,"[46.8%, 46.1%, 53.8%, 26.9%]",,,,
3,parallel,8,8,0.4410961970059637,2.243334518876045,2.169967770576477,0.0001111111111111111,45.025,"[46.8%, 46.1%, 53.8%, 33.4%]",,,,
3,parallel,9,9,0.42648116515883006,2.171168790501394,2.0907239988446236,0.0001111111111111111,45.849999999999994,"[46.8%, 46.1%, 53.8%, 36.7%]",,,,
3,parallel,10,10,0.4121861333116963,2.1022412533972674,2.050824373960495,0.0001111111111111111,46.275,"[46.8%, 46.1%, 53.8%, 38.4%]",,,,
3,parallel,11,11,0.3982111014645625,2.0225376300751026,2.009395033121109,0.0001111111111111111,46.55,"[46.8%, 46.1%, 53.8%, 39.5%]",,,,
3,parallel,12,12,0.3845560696174287,1.9614193196509295,2.0157736018300056,0.0001111111111111111,46.55,"[46.8%, 46.1%, 53.8%, 39.5%]",,,,
3,parallel,13,13,0.3712210377702949,1.8955147281573836,1.9145769067108631,0.0001111111111111111,47.15,"[46.8%, 46.1%, 53.8%, 41.9%]",,,,
3,parallel,14,14,0.3582060059231612,1.879989748547791,1.919983085244894,0.0001111111111111111,47.025,"[46.8%, 46.1%, 53.8%, 41.4%]",,,,
3,parallel,15,15,0.3455109740760275,1.8116168429137796,1.7834029793739319,0.0001111111111111111,48.375,"[46.8%, 46.1%, 53.8%, 46.8%]",,,,
3,parallel,16,16,0.33313594222889364,1.7714282760194913,1.8139626309275627,0.0001111111111111111,48.175,"[46.8%, 46.1%, 53.8%, 46.0%]",,,,
3,parallel,17,17,0.3210809103817599,1.751652272643557,1.7622476853430271,0.0001111111111111111,48.599999999999994,"[46.8%, 46.1%, 53.8%, 47.7%]",,,,
3,parallel,18,18,0.30934587853462614,1.7133292339409991,1.7395122721791267,0.0001111111111111111,48.75,"[46.8%, 46.1%, 53.8%, 48.3%]",,,,
3,parallel,19,19,0.29793084668749237,1.7084496977982249,1.8129949048161507,0.0001111111111111111,48.75,"[46.8%, 46.1%, 53.8%, 48.3%]",,,,
3,parallel,20,20,0.2868358148403586,1.693192158535028,1.7311916463077068,0.0001111111111111111,49.05,"[46.8%, 46.1%, 53.8%, 49.5%]",,,,
3,parallel,21,21,0.2760607829932249,1.674760978692656,1.7555175349116325,0.0001111111111111111,48.824999999999996,"[46.8%, 46.1%, 53.8%, 48.6%]",,,,
3,parallel,22,22,0.2656057511460911,1.6687802531916625,1.7165703251957893,0.0001111111111111111,49.224999999999994,"[46.8%, 46.1%, 53.8%, 50.2%]",,,,
3,parallel,23,23,0.25547071929895737,1.6655807358444117,1.7273597903549671,0.0001111111111111111,49.199999999999996,"[46.8%, 46.1%, 53.8%, 50.1%]",,,,
3,parallel,24,24,0.24565568745182362,1.6370165993453591,1.7806681208312511,0.0001111111111111111,48.099999999999994,"[46.8%, 46.1%, 53.8%, 45.7%]",,,,
3,parallel,25,25,0.23616065560468985,1.6263543306642276,1.7402301542460918,0.0001111111111111111,48.599999999999994,"[46.8%, 46.1%, 53.8%, 47.7%]",,,,
3,parallel,26,26,0.22698562375755615,1.62034282562839,1.63661627471447,0.0001111111111111111,49.3,"[46.8%, 46.1%, 53.8%, 50.5%]",,,,
3,parallel,27,27,0.21813059191042236,1.6227343143171566,2.088609080761671,0.0001111111111111111,46.875,"[46.8%, 46.1%, 53.8%, 40.8%]",,,,
3,parallel,28,28,0.2095955600632886,1.6549315179229542,1.664380505681038,0.0001111111111111111,49.625,"[46.8%, 46.1%, 53.8%, 51.8%]",,,,
3,parallel,29,29,0.20138052821615482,1.6284381751042263,1.7927336171269417,0.0001111111111111111,48.375,"[46.8%, 46.1%, 53.8%, 46.8%]",,,,
3,parallel,30,30,0.19348549636902107,1.6454925119497215,1.7632647007703781,0.0001111111111111111,48.525,"[46.8%, 46.1%, 53.8%, 47.4%]",,,,
3,parallel,31,31,0.1859104645218873,1.6568906603345446,1.680767748504877,0.0001111111111111111,49.175,"[46.8%, 46.1%, 53.8%, 50.0%]",,,,
3,parallel,32,32,0.17865543267475353,1.6572778111050843,1.6611629649996758,0.0001111111111111111,49.574999999999996,"[46.8%, 46.1%, 53.8%, 51.6%]",,,,
3,parallel,33,33,0.17172040082761977,1.6714062538875896,1.6944734826683998,0.0001111111111111111,48.925,"[46.8%, 46.1%, 53.8%, 49.0%]",,,,
3,parallel,34,34,0.16510536898048606,1.7100406794031715,1.72929772362113,0.0001111111111111111,48.824999999999996,"[46.8%, 46.1%, 53.8%, 48.6%]",,,,
3,parallel,35,35,0.1588103371333523,1.6910475910089577,1.6994683295488358,0.0001111111111111111,49.025,"[46.8%, 46.1%, 53.8%, 49.4%]",,,,
3,parallel,36,36,0.15283530528621853,1.6916794253003067,1.73234061896801,0.0001111111111111111,48.55,"[46.8%, 46.1%, 53.8%, 47.5%]",,,,
3,parallel,37,37,0.14718027343908474,1.700150681149428,1.7631156370043755,0.0001111111111111111,48.574999999999996,"[46.8%, 46.1%, 53.8%, 47.6%]",,,,
3,parallel,38,38,0.141845241591951,1.6799546108124361,1.7080371528863907,0.0001111111111111111,49.349999999999994,"[46.8%, 46.1%, 53.8%, 50.7%]",,,,
3,parallel,39,39,0.13683020974481724,1.7888918613931934,1.7467785887420177,0.0001111111111111111,48.474999999999994,"[46.8%, 46.1%, 53.8%, 47.2%]",,,,
3,parallel,40,40,0.1321351778976835,1.7666476843463388,1.7938956916332245,0.0001111111111111111,48.675,"[46.8%, 46.1%, 53.8%, 48.0%]",,,,
3,parallel,41,41,0.12776014605054972,1.7582470292498351,1.73963762819767,0.0001111111111111111,49.025,"[46.8%, 46.1%, 53.8%, 49.4%]",,,,
3,parallel,42,42,0.12370511420341597,1.8409377746521287,1.7563341222703457,0.0001111111111111111,48.599999999999994,"[46.8%, 46.1%, 53.8%, 47.7%]",,,,
3,parallel,43,43,0.1199700823562822,1.820213040728478,1.782323557883501,0.0001111111111111111,48.724999999999994,"[46.8%, 46.1%, 53.8%, 48.2%]",,,,
3,parallel,44,44,0.11655505050914845,1.8335505913776957,1.8863078616559505,0.0001111111111111111,47.525,"[46.8%, 46.1%, 53.8%, 43.4%]",,,,
3,parallel,45,45,0.11346001866201469,1.8049406686406226,1.8006546385586262,0.0001111111111111111,48.224999999999994,"[46.8%, 46.1%, 53.8%, 46.2%]",,,,
3,parallel,46,46,0.11068498681488094,1.756656537390059,1.7508412413299084,0.0001111111111111111,49.025,"[46.8%, 46.1%, 53.8%, 49.4%]",,,,
3,parallel,47,47,0.10822995496774718,1.8996404485338052,1.8660969026386738,0.0001111111111111111,48.099999999999994,"[46.8%, 46.1%, 53.8%, 45.7%]",,,,
3,parallel,48,48,0.10609492312061342,1.8413911161908678,1.8928877785801888,0.0001111111111111111,47.449999999999996,"[46.8%, 46.1%, 53.8%, 43.1%]",,,,
3,parallel,49,49,0.10427989127347966,1.8313288271047508,1.75255536288023,0.0001111111111111111,49.05,"[46.8%, 46.1%, 53.8%, 49.5%]",,,,
3,parallel,50,50,0.1027848594263459,1.7903784596995942,1.8152174800634384,0.0001111111111111111,48.324999999999996,"[46.8%, 46.1%, 53.8%, 46.6%]",,,,
3,parallel,51,51,0.10160982757921214,1.7483735084533691,1.8361767679452896,0.0001111111111111111,48.199999999999996,"[46.8%, 46.1%, 53.8%, 46.1%]",,,,
3,parallel,52,52,0.10075479573207838,1.7875601060830864,1.76873729377985,0.0001111111111111111,48.949999999999996,"[46.8%, 46.1%, 53.8%, 49.1%]",,,,
3,parallel,53,53,0.10021976388494463,1.7338349500279517,1.7610389366745949,0.0001111111111111111,48.599999999999994,"[46.8%, 46.1%, 53.8%, 47.7%]",,,,
3,parallel,54,54,0.10000473203781086,1.7021783294191786,1.7001155652105808,0.0001111111111111111,49.074999999999996,"[46.8%, 46.1%, 53.8%, 49.6%]",,,,
3,parallel,55,55,0.1,1.6687935135167116,1.732594609260559,0.0001111111111111111,49.175,"[46.8%, 46.1%, 53.8%, 50.0%]",,,,
3,weights,1,56,0.1,1.656122969214324,1.6988616064190865,0.0001111111111111111,49.099999999999994,"[46.8%, 46.1%, 53.8%, 49.7%]",,,,
3,weights,2,57,0.1,1.6285098791122437,1.6338410452008247,0.0001111111111111111,49.675,"[46.8%, 46.1%, 53.8%, 52.0%]",,,,
3,weights,3,58,0.1,1.622099162666661,1.7464026883244514,0.0001111111111111111,48.9,"[46.8%, 46.1%, 53.8%, 48.9%]",,,,
3,weights,4,59,0.1,1.5990227324188135,1.6668155044317245,0.0001111111111111111,49.25,"[46.8%, 46.1%, 53.8%, 50.3%]",,,,
3,weights,5,60,0.1,1.5863955385366064,1.6222906149923801,0.0001111111111111111,49.724999999999994,"[46.8%, 46.1%, 53.8%, 52.2%]",,,,
3,weights,6,61,0.1,1.5715856134511863,1.5955598652362823,0.0001111111111111111,50.199999999999996,"[46.8%, 46.1%, 53.8%, 54.1%]",,,,
3,weights,7,62,0.1,1.5669989358088015,1.6964661702513695,0.0001111111111111111,49.099999999999994,"[46.8%, 46.1%, 53.8%, 49.7%]",,,,
3,weights,8,63,0.1,1.5422034438248653,1.633456353098154,0.0001111111111111111,49.875,"[46.8%, 46.1%, 53.8%, 52.8%]",,,,
3,weights,9,64,0.1,1.5336195374750028,1.6199324540793896,0.0001111111111111111,49.875,"[46.8%, 46.1%, 53.8%, 52.8%]",,,,
3,weights,10,65,0.1,1.5253499279356306,1.5697780586779118,0.0001111111111111111,50.199999999999996,"[46.8%, 46.1%, 53.8%, 54.1%]",,,,
3,weights,11,66,0.1,1.5124417968616364,1.5733506232500076,0.0001111111111111111,50.599999999999994,"[46.8%, 46.1%, 53.8%, 55.7%]",,,,
3,weights,12,67,0.1,1.494851485179488,1.5576956570148468,0.0001111111111111111,50.3,"[46.8%, 46.1%, 53.8%, 54.5%]",,,,
3,weights,13,68,0.1,1.4870429122523896,1.5778452530503273,0.0001111111111111111,50.4,"[46.8%, 46.1%, 53.8%, 54.9%]",,,,
3,weights,14,69,0.1,1.4637767144828846,1.7691107839345932,0.0001111111111111111,48.775,"[46.8%, 46.1%, 53.8%, 48.4%]",,,,
3,weights,15,70,0.1,1.489988528998794,1.5953666269779205,0.0001111111111111111,49.9,"[46.8%, 46.1%, 53.8%, 52.9%]",,,,
3,weights,16,71,0.1,1.4655459595334,1.5985082015395164,0.0001111111111111111,49.775,"[46.8%, 46.1%, 53.8%, 52.4%]",,,,
3,weights,17,72,0.1,1.4679043672646686,1.5965658985078335,0.0001111111111111111,50.05,"[46.8%, 46.1%, 53.8%, 53.5%]",,,,
3,weights,18,73,0.1,1.4423208259473181,1.5525164306163788,0.0001111111111111111,50.474999999999994,"[46.8%, 46.1%, 53.8%, 55.2%]",,,,
3,weights,19,74,0.1,1.4265778899952104,1.5419774614274502,0.0001111111111111111,50.949999999999996,"[46.8%, 46.1%, 53.8%, 57.1%]",,,,
3,weights,20,75,0.1,1.431813495174335,1.582996852695942,0.0001111111111111111,50.324999999999996,"[46.8%, 46.1%, 53.8%, 54.6%]",,,,
3,weights,21,76,0.1,1.4131043431865182,1.575733706355095,0.0001111111111111111,50.324999999999996,"[46.8%, 46.1%, 53.8%, 54.6%]",,,,
3,weights,22,77,0.1,1.4187855120677098,1.5297663323581219,0.0001111111111111111,50.724999999999994,"[46.8%, 46.1%, 53.8%, 56.2%]",,,,
3,weights,23,78,0.1,1.4217448435771238,1.6086325608193874,0.0001111111111111111,50.25,"[46.8%, 46.1%, 53.8%, 54.3%]",,,,
3,weights,24,79,0.1,1.3946891920581745,1.6085125803947449,0.0001111111111111111,50.349999999999994,"[46.8%, 46.1%, 53.8%, 54.7%]",,,,
3,weights,25,80,0.1,1.3917360450052152,1.5703440830111504,0.0001111111111111111,50.55,"[46.8%, 46.1%, 53.8%, 55.5%]",37.625,"[13.5%, 37.4%, 44.1%, 55.5%]",44.4,"[34.2%, 41.8%, 48.2%, 53.4%]"
4,parallel,1,1,0.5,4.488067879039011,3.03536856174469,0.0001111111111111111,41.44,"[46.8%, 46.1%, 53.8%, 55.5%, 5.0%]",,,,
4,parallel,2,2,0.5,3.020222019997372,2.9463929384946823,0.0001111111111111111,42.16,"[46.8%, 46.1%, 53.8%, 55.5%, 8.6%]",,,,
4,parallel,3,3,0.5,2.7690031741075454,2.6536844074726105,0.0001111111111111111,44.0,"[46.8%, 46.1%, 53.8%, 55.5%, 17.8%]",,,,
4,parallel,4,4,0.5,2.5510641981841653,2.4945220947265625,0.0001111111111111111,45.17999999999999,"[46.8%, 46.1%, 53.8%, 55.5%, 23.7%]",,,,
4,parallel,5,5,0.486861292547365,2.379960129974754,2.3504220992326736,0.0001111111111111111,45.94,"[46.8%, 46.1%, 53.8%, 55.5%, 27.5%]",,,,
4,parallel,6,6,0.4712862607002313,2.215447587572086,2.085904337465763,0.0001111111111111111,47.7,"[46.8%, 46.1%, 53.8%, 55.5%, 36.3%]",,,,
4,parallel,7,7,0.45603122885309755,2.097670367568921,2.0090885758399963,0.0001111111111111111,47.9,"[46.8%, 46.1%, 53.8%, 55.5%, 37.3%]",,,,
4,parallel,8,8,0.4410961970059637,1.9956945590912156,1.9224095419049263,0.0001111111111111111,48.519999999999996,"[46.8%, 46.1%, 53.8%, 55.5%, 40.4%]",,,,
4,parallel,9,9,0.42648116515883006,1.9234263342656908,1.8819619044661522,0.0001111111111111111,48.66,"[46.8%, 46.1%, 53.8%, 55.5%, 41.1%]",,,,
4,parallel,10,10,0.4121861333116963,1.8511789308232107,1.766916424036026,0.0001111111111111111,49.779999999999994,"[46.8%, 46.1%, 53.8%, 55.5%, 46.7%]",,,,
4,parallel,11,11,0.3982111014645625,1.7908534221588426,1.7225034087896347,0.0001111111111111111,50.08,"[46.8%, 46.1%, 53.8%, 55.5%, 48.2%]",,,,
4,parallel,12,12,0.3845560696174287,1.71442807404099,1.7387317344546318,0.0001111111111111111,49.76,"[46.8%, 46.1%, 53.8%, 55.5%, 46.6%]",,,,
4,parallel,13,13,0.3712210377702949,1.6918725185333543,1.7867632284760475,0.0001111111111111111,49.559999999999995,"[46.8%, 46.1%, 53.8%, 55.5%, 45.6%]",,,,
4,parallel,14,14,0.3582060059231612,1.6461711636014804,1.6530346423387527,0.0001111111111111111,50.76,"[46.8%, 46.1%, 53.8%, 55.5%, 51.6%]",,,,
4,parallel,15,15,0.3455109740760275,1.6025978144566724,1.7203328683972359,0.0001111111111111111,50.44,"[46.8%, 46.1%, 53.8%, 55.5%, 50.0%]",,,,
4,parallel,16,16,0.33313594222889364,1.594425279623384,1.5947276875376701,0.0001111111111111111,50.58,"[46.8%, 46.1%, 53.8%, 55.5%, 50.7%]",,,,
4,parallel,17,17,0.3210809103817599,1.5614781706196488,1.5304486192762852,0.0001111111111111111,51.12,"[46.8%, 46.1%, 53.8%, 55.5%, 53.4%]",,,,
4,parallel,18,18,0.30934587853462614,1.5335285564896408,1.6051080152392387,0.0001111111111111111,50.82,"[46.8%, 46.1%, 53.8%, 55.5%, 51.9%]",,,,
4,parallel,19,19,0.29793084668749237,1.5012639237057632,1.5441358722746372,0.0001111111111111111,51.16,"[46.8%, 46.1%, 53.8%, 55.5%, 53.6%]",,,,
4,parallel,20,20,0.2868358148403586,1.4832490777513783,1.5459779538214207,0.0001111111111111111,51.14,"[46.8%, 46.1%, 53.8%, 55.5%, 53.5%]",,,,
4,parallel,21,21,0.2760607829932249,1.4906362765913557,1.6876787282526493,0.0001111111111111111,50.48,"[46.8%, 46.1%, 53.8%, 55.5%, 50.2%]",,,,
4,parallel,22,22,0.2656057511460911,1.5112772747209877,1.6574639827013016,0.0001111111111111111,50.58,"[46.8%, 46.1%, 53.8%, 55.5%, 50.7%]",,,,
4,parallel,23,23,0.25547071929895737,1.4850335926007314,1.5950345396995544,0.0001111111111111111,50.82,"[46.8%, 46.1%, 53.8%, 55.5%, 51.9%]",,,,
4,parallel,24,24,0.24565568745182362,1.4856131304601194,1.5429006479680538,0.0001111111111111111,51.0,"[46.8%, 46.1%, 53.8%, 55.5%, 52.8%]",,,,
4,parallel,25,25,0.23616065560468985,1.488296984107631,1.5907401740550995,0.0001111111111111111,50.66,"[46.8%, 46.1%, 53.8%, 55.5%, 51.1%]",,,,
4,parallel,26,26,0.22698562375755615,1.5007839734387245,1.5538569763302803,0.0001111111111111111,50.98,"[46.8%, 46.1%, 53.8%, 55.5%, 52.7%]",,,,
4,parallel,27,27,0.21813059191042236,1.51220679738719,1.6804517470300198,0.0001111111111111111,50.48,"[46.8%, 46.1%, 53.8%, 55.5%, 50.2%]",,,,
4,parallel,28,28,0.2095955600632886,1.5063898768394617,1.5630494430661201,0.0001111111111111111,51.17999999999999,"[46.8%, 46.1%, 53.8%, 55.5%, 53.7%]",,,,
4,parallel,29,29,0.20138052821615482,1.5261738733121544,1.5870826914906502,0.0001111111111111111,50.779999999999994,"[46.8%, 46.1%, 53.8%, 55.5%, 51.7%]",,,,
4,parallel,30,30,0.19348549636902107,1.5186563479672572,1.6205208152532578,0.0001111111111111111,50.559999999999995,"[46.8%, 46.1%, 53.8%, 55.5%, 50.6%]",,,,
4,parallel,31,31,0.1859104645218873,1.5619712445386655,1.689766801893711,0.0001111111111111111,50.62,"[46.8%, 46.1%, 53.8%, 55.5%, 50.9%]",,,,
4,parallel,32,32,0.17865543267475353,1.6036186878848229,1.5958069302141666,0.0001111111111111111,51.16,"[46.8%, 46.1%, 53.8%, 55.5%, 53.6%]",,,,
4,parallel,33,33,0.17172040082761977,1.5717640887400148,1.8269741460680962,0.0001111111111111111,49.559999999999995,"[46.8%, 46.1%, 53.8%, 55.5%, 45.6%]",,,,
4,parallel,34,34,0.16510536898048606,1.5773168172046637,1.619143858551979,0.0001111111111111111,51.12,"[46.8%, 46.1%, 53.8%, 55.5%, 53.4%]",,,,
4,parallel,35,35,0.1588103371333523,1.6056057548826668,1.6307387724518776,0.0001111111111111111,50.54,"[46.8%, 46.1%, 53.8%, 55.5%, 50.5%]",,,,
4,parallel,36,36,0.15283530528621853,1.6773972237945363,1.7310741022229195,0.0001111111111111111,50.0,"[46.8%, 46.1%, 53.8%, 55.5%, 47.8%]",,,,
4,parallel,37,37,0.14718027343908474,1.6180180971789513,1.6911661438643932,0.0001111111111111111,50.36,"[46.8%, 46.1%, 53.8%, 55.5%, 49.6%]",,,,
4,parallel,38,38,0.141845241591951,1.6002738863039927,1.6587151661515236,0.0001111111111111111,50.72,"[46.8%, 46.1%, 53.8%, 55.5%, 51.4%]",,,,
4,parallel,39,39,0.13683020974481724,1.663362905478022,1.6842172481119633,0.0001111111111111111,50.339999999999996,"[46.8%, 46.1%, 53.8%, 55.5%, 49.5%]",,,,
4,parallel,40,40,0.1321351778976835,1.6511099460018668,1.713945910334587,0.0001111111111111111,50.17999999999999,"[46.8%, 46.1%, 53.8%, 55.5%, 48.7%]",,,,
4,parallel,41,41,0.12776014605054972,1.6613863129524669,1.6671562194824219,0.0001111111111111111,50.92,"[46.8%, 46.1%, 53.8%, 55.5%, 52.4%]",,,,
4,parallel,42,42,0.12370511420341597,1.7494533221433117,1.8460374549031258,0.0001111111111111111,49.14,"[46.8%, 46.1%, 53.8%, 55.5%, 43.5%]",,,,
4,parallel,43,43,0.1199700823562822,1.725906435091784,1.8180340752005577,0.0001111111111111111,49.519999999999996,"[46.8%, 46.1%, 53.8%, 55.5%, 45.4%]",,,,
4,parallel,44,44,0.11655505050914845,1.7466336830406433,1.745654471218586,0.0001111111111111111,50.04,"[46.8%, 46.1%, 53.8%, 55.5%, 48.0%]",,,,
4,parallel,45,45,0.11346001866201469,1.6744114137758874,1.7071627378463745,0.0001111111111111111,50.58,"[46.8%, 46.1%, 53.8%, 55.5%, 50.7%]",,,,
4,parallel,46,46,0.11068498681488094,1.6569729732100371,1.6994193941354752,0.0001111111111111111,50.67999999999999,"[46.8%, 46.1%, 53.8%, 55.5%, 51.2%]",,,,
4,parallel,47,47,0.10822995496774718,1.8544691239192987,1.8605055212974548,0.0001111111111111111,49.339999999999996,"[46.8%, 46.1%, 53.8%, 55.5%, 44.5%]",,,,
4,parallel,48,48,0.10609492312061342,1.7659241781113253,1.7599954679608345,0.0001111111111111111,49.86,"[46.8%, 46.1%, 53.8%, 55.5%, 47.1%]",,,,
4,parallel,49,49,0.10427989127347966,1.750655985182258,1.823996938765049,0.0001111111111111111,49.739999999999995,"[46.8%, 46.1%, 53.8%, 55.5%, 46.5%]",,,,
4,parallel,50,50,0.1027848594263459,1.7026187059985605,1.7644676938652992,0.0001111111111111111,49.879999999999995,"[46.8%, 46.1%, 53.8%, 55.5%, 47.2%]",,,,
4,parallel,51,51,0.10160982757921214,1.6481655881663038,1.7371805012226105,0.0001111111111111111,50.239999999999995,"[46.8%, 46.1%, 53.8%, 55.5%, 49.0%]",,,,
4,parallel,52,52,0.10075479573207838,1.787588630512262,1.7543097622692585,0.0001111111111111111,50.1,"[46.8%, 46.1%, 53.8%, 55.5%, 48.3%]",,,,
4,parallel,53,53,0.10021976388494463,1.659514992100418,1.7679531499743462,0.0001111111111111111,49.92,"[46.8%, 46.1%, 53.8%, 55.5%, 47.4%]",,,,
4,parallel,54,54,0.10000473203781086,1.6276197805526151,1.737886592745781,0.0001111111111111111,50.12,"[46.8%, 46.1%, 53.8%, 55.5%, 48.4%]",,,,
4,parallel,55,55,0.1,1.591770544932906,1.7310709357261658,0.0001111111111111111,50.019999999999996,"[46.8%, 46.1%, 53.8%, 55.5%, 47.9%]",,,,
4,weights,1,56,0.1,1.5732690483141856,1.652787197381258,0.0001111111111111111,50.64,"[46.8%, 46.1%, 53.8%, 55.5%, 51.0%]",,,,
4,weights,2,57,0.1,1.5608867832050202,1.717799387872219,0.0001111111111111111,50.22,"[46.8%, 46.1%, 53.8%, 55.5%, 48.9%]",,,,
4,weights,3,58,0.1,1.5429205818540732,1.644780870527029,0.0001111111111111111,50.66,"[46.8%, 46.1%, 53.8%, 55.5%, 51.1%]",,,,
4,weights,4,59,0.1,1.513425761727011,1.6362349055707455,0.0001111111111111111,50.739999999999995,"[46.8%, 46.1%, 53.8%, 55.5%, 51.5%]",,,,
4,weights,5,60,0.1,1.5009730143152225,1.6615425497293472,0.0001111111111111111,50.5,"[46.8%, 46.1%, 53.8%, 55.5%, 50.3%]",,,,
4,weights,6,61,0.1,1.4973979451853758,1.6328162774443626,0.0001111111111111111,50.58,"[46.8%, 46.1%, 53.8%, 55.5%, 50.7%]",,,,
4,weights,7,62,0.1,1.479218812505151,1.6119900085031986,0.0001111111111111111,50.879999999999995,"[46.8%, 46.1%, 53.8%, 55.5%, 52.2%]",,,,
4,weights,8,63,0.1,1.456793147287551,1.6832106374204159,0.0001111111111111111,50.7,"[46.8%, 46.1%, 53.8%, 55.5%, 51.3%]",,,,
4,weights,9,64,0.1,1.4646806246156145,1.6281285136938095,0.0001111111111111111,50.559999999999995,"[46.8%, 46.1%, 53.8%, 55.5%, 50.6%]",,,,
4,weights,10,65,0.1,1.4540139125410918,1.6254094801843166,0.0001111111111111111,51.0,"[46.8%, 46.1%, 53.8%, 55.5%, 52.8%]",,,,
4,weights,11,66,0.1,1.4069343501595175,1.6550393365323544,0.0001111111111111111,50.739999999999995,"[46.8%, 46.1%, 53.8%, 55.5%, 51.5%]",,,,
4,weights,12,67,0.1,1.4203812886195577,1.5884746424853802,0.0001111111111111111,51.14,"[46.8%, 46.1%, 53.8%, 55.5%, 53.5%]",,,,
4,weights,13,68,0.1,1.4115971038295965,1.5847572796046734,0.0001111111111111111,51.12,"[46.8%, 46.1%, 53.8%, 55.5%, 53.4%]",,,,
4,weights,14,69,0.1,1.4015420386745672,1.64802897721529,0.0001111111111111111,50.6,"[46.8%, 46.1%, 53.8%, 55.5%, 50.8%]",,,,
4,weights,15,70,0.1,1.4030080498403805,1.569182526320219,0.0001111111111111111,51.16,"[46.8%, 46.1%, 53.8%, 55.5%, 53.6%]",,,,
4,weights,16,71,0.1,1.3779249931596647,1.5567377656698227,0.0001111111111111111,50.839999999999996,"[46.8%, 46.1%, 53.8%, 55.5%, 52.0%]",,,,
4,weights,17,72,0.1,1.3695569061169959,1.5897896476089954,0.0001111111111111111,50.94,"[46.8%, 46.1%, 53.8%, 55.5%, 52.5%]",,,,
4,weights,18,73,0.1,1.375995430976722,1.5750280544161797,0.0001111111111111111,51.0,"[46.8%, 46.1%, 53.8%, 55.5%, 52.8%]",,,,
4,weights,19,74,0.1,1.3587849664080673,1.5931891426444054,0.0001111111111111111,51.4,"[46.8%, 46.1%, 53.8%, 55.5%, 54.8%]",,,,
4,weights,20,75,0.1,1.3432270838956164,1.625010795891285,0.0001111111111111111,50.8,"[46.8%, 46.1%, 53.8%, 55.5%, 51.8%]",,,,
4,weights,21,76,0.1,1.35454721549514,1.5689533799886703,0.0001111111111111111,51.019999999999996,"[46.8%, 46.1%, 53.8%, 55.5%, 52.9%]",,,,
4,weights,22,77,0.1,1.3219833062712554,1.5923085510730743,0.0001111111111111111,51.21999999999999,"[46.8%, 46.1%, 53.8%, 55.5%, 53.9%]",,,,
4,weights,23,78,0.1,1.3310112751972902,1.5609542019665241,0.0001111111111111111,51.260000000000005,"[46.8%, 46.1%, 53.8%, 55.5%, 54.1%]",,,,
4,weights,24,79,0.1,1.3222069216381973,1.5339499190449715,0.0001111111111111111,51.16,"[46.8%, 46.1%, 53.8%, 55.5%, 53.6%]",,,,
4,weights,25,80,0.1,1.3048257155782859,1.5257559530436993,0.0001111111111111111,51.14,"[46.8%, 46.1%, 53.8%, 55.5%, 53.5%]",33.46,"[9.3%, 26.7%, 30.0%, 52.1%, 49.2%]",39.480000000000004,"[34.2%, 40.0%, 32.1%, 51.3%, 39.8%]"
5,parallel,1,1,0.5,5.284619387547681,3.03923736512661,0.0001111111111111111,43.449999999999996,"[46.8%, 46.1%, 53.8%, 55.5%, 53.5%, 5.0%]",,,,
5,parallel,2,2,0.5,3.001000161383562,2.8274677991867065,0.0001111111111111111,44.13333333333333,"[46.8%, 46.1%, 53.8%, 55.5%, 53.5%, 9.1%]",,,,
5,parallel,3,3,0.5,2.7661416834327066,2.6286288648843765,0.0001111111111111111,45.0,"[46.8%, 46.1%, 53.8%, 55.5%, 53.5%, 14.3%]",,,,
5,parallel,4,4,0.5,2.5434990688494055,2.51239063590765,0.0001111111111111111,46.166666666666664,"[46.8%, 46.1%, 53.8%, 55.5%, 53.5%, 21.3%]",,,,
5,parallel,5,5,0.486861292547365,2.3283685195218227,2.1981244012713432,0.0001111111111111111,48.01666666666666,"[46.8%, 46.1%, 53.8%, 55.5%, 53.5%, 32.4%]",,,,
5,parallel,6,6,0.4712862607002313,2.135017784537783,2.1384806409478188,0.0001111111111111111,48.166666666666664,"[46.8%, 46.1%, 53.8%, 55.5%, 53.5%, 33.3%]",,,,
5,parallel,7,7,0.45603122885309755,1.9671413177137922,1.9269872307777405,0.0001111111111111111,49.199999999999996,"[46.8%, 46.1%, 53.8%, 55.5%, 53.5%, 39.5%]",,,,
5,parallel,8,8,0.4410961970059637,1.8778890257428407,1.8301881477236748,0.0001111111111111111,49.833333333333336,"[46.8%, 46.1%, 53.8%, 55.5%, 53.5%, 43.3%]",,,,
5,parallel,9,9,0.42648116515883006,1.805337422972272,1.7898539528250694,0.0001111111111111111,50.15,"[46.8%, 46.1%, 53.8%, 55.5%, 53.5%, 45.2%]",,,,
5,parallel,10,10,0.4121861333116963,1.7468462969846785,1.679634541273117,0.0001111111111111111,50.78333333333333,"[46.8%, 46.1%, 53.8%, 55.5%, 53.5%, 49.0%]",,,,
5,parallel,11,11,0.3982111014645625,1.6671553402189996,1.6385444961488247,0.0001111111111111111,50.71666666666667,"[46.8%, 46.1%, 53.8%, 55.5%, 53.5%, 48.6%]",,,,
5,parallel,12,12,0.3845560696174287,1.615627730727955,1.5402867570519447,0.0001111111111111111,51.23333333333333,"[46.8%, 46.1%, 53.8%, 55.5%, 53.5%, 51.7%]",,,,
5,parallel,13,13,0.3712210377702949,1.5766364715661212,1.54294041544199,0.0001111111111111111,51.28333333333333,"[46.8%, 46.1%, 53.8%, 55.5%, 53.5%, 52.0%]",,,,
5,parallel,14,14,0.3582060059231612,1.5239381782568184,1.6265101432800293,0.0001111111111111111,51.26666666666666,"[46.8%, 46.1%, 53.8%, 55.5%, 53.5%, 51.9%]",,,,
5,parallel,15,15,0.3455109740760275,1.4689007481192327,1.4928124845027924,0.0001111111111111111,51.666666666666664,"[46.8%, 46.1%, 53.8%, 55.5%, 53.5%, 54.3%]",,,,
5,parallel,16,16,0.33313594222889364,1.4681443120263944,1.5659956596791744,0.0001111111111111111,51.333333333333336,"[46.8%, 46.1%, 53.8%, 55.5%, 53.5%, 52.3%]",,,,
5,parallel,17,17,0.3210809103817599,1.441418623848326,1.4824042953550816,0.0001111111111111111,51.76666666666666,"[46.8%, 46.1%, 53.8%, 55.5%, 53.5%, 54.9%]",,,,
5,parallel,18,18,0.30934587853462614,1.420831952505051,1.4370052218437195,0.0001111111111111111,52.050000000000004,"[46.8%, 46.1%, 53.8%, 55.5%, 53.5%, 56.6%]",,,,
5,parallel,19,19,0.29793084668749237,1.389963857687203,1.5400959849357605,0.0001111111111111111,51.583333333333336,"[46.8%, 46.1%, 53.8%, 55.5%, 53.5%, 53.8%]",,,,
5,parallel,20,20,0.2868358148403586,1.4052919210142392,1.429907575249672,0.0001111111111111111,51.9,"[46.8%, 46.1%, 53.8%, 55.5%, 53.5%, 55.7%]",,,,
5,parallel,21,21,0.2760607829932249,1.3783731323898218,1.4926738664507866,0.0001111111111111111,51.88333333333333,"[46.8%, 46.1%, 53.8%, 55.5%, 53.5%, 55.6%]",,,,
5,parallel,22,22,0.2656057511460911,1.3701453364578782,1.4668962396681309,0.0001111111111111111,51.75,"[46.8%, 46.1%, 53.8%, 55.5%, 53.5%, 54.8%]",,,,
5,parallel,23,23,0.25547071929895737,1.381672383873326,1.4374257624149323,0.0001111111111111111,52.0,"[46.8%, 46.1%, 53.8%, 55.5%, 53.5%, 56.3%]",,,,
5,parallel,24,24,0.24565568745182362,1.3779245812422152,1.5262222662568092,0.0001111111111111111,51.71666666666667,"[46.8%, 46.1%, 53.8%, 55.5%, 53.5%, 54.6%]",,,,
5,parallel,25,25,0.23616065560468985,1.3883228586737517,1.4093576222658157,0.0001111111111111111,52.25,"[46.8%, 46.1%, 53.8%, 55.5%, 53.5%, 57.8%]",,,,
5,parallel,26,26,0.22698562375755615,1.3611107069975252,1.4854247942566872,0.0001111111111111111,51.78333333333333,"[46.8%, 46.1%, 53.8%, 55.5%, 53.5%, 55.0%]",,,,
5,parallel,27,27,0.21813059191042236,1.3952622170660907,1.457628559321165,0.0001111111111111111,52.199999999999996,"[46.8%, 46.1%, 53.8%, 55.5%, 53.5%, 57.5%]",,,,
5,parallel,28,28,0.2095955600632886,1.389145670043435,1.4800270199775696,0.0001111111111111111,51.71666666666667,"[46.8%, 46.1%, 53.8%, 55.5%, 53.5%, 54.6%]",,,,
5,parallel,29,29,0.20138052821615482,1.37270613422819,1.4934710711240768,0.0001111111111111111,51.61666666666667,"[46.8%, 46.1%, 53.8%, 55.5%, 53.5%, 54.0%]",,,,
5,parallel,30,30,0.19348549636902107,1.4071124966736812,1.4728832766413689,0.0001111111111111111,51.75,"[46.8%, 46.1%, 53.8%, 55.5%, 53.5%, 54.8%]",,,,
5,parallel,31,31,0.1859104645218873,1.4453498550281403,1.7021254114806652,0.0001111111111111111,50.849999999999994,"[46.8%, 46.1%, 53.8%, 55.5%, 53.5%, 49.4%]",,,,
5,parallel,32,32,0.17865543267475353,1.4440261262237646,1.5579613521695137,0.0001111111111111111,51.28333333333333,"[46.8%, 46.1%, 53.8%, 55.5%, 53.5%, 52.0%]",,,,
5,parallel,33,33,0.17172040082761977,1.448950911783109,1.5870689377188683,0.0001111111111111111,51.5,"[46.8%, 46.1%, 53.8%, 55.5%, 53.5%, 53.3%]",,,,
5,parallel,34,34,0.16510536898048606,1.4435871915452798,1.5598310232162476,0.0001111111111111111,51.23333333333333,"[46.8%, 46.1%, 53.8%, 55.5%, 53.5%, 51.7%]",,,,
5,parallel,35,35,0.1588103371333523,1.4575710254869643,1.5494881235063076,0.0001111111111111111,51.550000000000004,"[46.8%, 46.1%, 53.8%, 55.5%, 53.5%, 53.6%]",,,,
5,parallel,36,36,0.15283530528621853,1.5255538475741246,1.4528248682618141,0.0001111111111111111,52.15,"[46.8%, 46.1%, 53.8%, 55.5%, 53.5%, 57.2%]",,,,
5,parallel,37,37,0.14718027343908474,1.479958855422439,1.5039862468838692,0.0001111111111111111,51.71666666666667,"[46.8%, 46.1%, 53.8%, 55.5%, 53.5%, 54.6%]",,,,
5,parallel,38,38,0.141845241591951,1.497760951139365,1.4468059353530407,0.0001111111111111111,51.76666666666666,"[46.8%, 46.1%, 53.8%, 55.5%, 53.5%, 54.9%]",,,,
5,parallel,39,39,0.13683020974481724,1.5512911878573667,1.5565452612936497,0.0001111111111111111,51.583333333333336,"[46.8%, 46.1%, 53.8%, 55.5%, 53.5%, 53.8%]",,,,
5,parallel,40,40,0.1321351778976835,1.5327409042674265,1.6997212059795856,0.0001111111111111111,50.76666666666666,"[46.8%, 46.1%, 53.8%, 55.5%, 53.5%, 48.9%]",,,,
5,parallel,41,41,0.12776014605054972,1.5296678611427357,1.4984151422977448,0.0001111111111111111,51.699999999999996,"[46.8%, 46.1%, 53.8%, 55.5%, 53.5%, 54.5%]",,,,
5,parallel,42,42,0.12370511420341597,1.5747576914015848,1.5694147646427155,0.0001111111111111111,51.51666666666666,"[46.8%, 46.1%, 53.8%, 55.5%, 53.5%, 53.4%]",,,,
5,parallel,43,43,0.1199700823562822,1.5529153643140368,1.5621823146939278,0.0001111111111111111,51.23333333333333,"[46.8%, 46.1%, 53.8%, 55.5%, 53.5%, 51.7%]",,,,
5,parallel,44,44,0.11655505050914845,1.5781386278237506,1.6467868387699127,0.0001111111111111111,51.21666666666667,"[46.8%, 46.1%, 53.8%, 55.5%, 53.5%, 51.6%]",,,,
5,parallel,45,45,0.11346001866201469,1.5672799834779874,1.5691097266972065,0.0001111111111111111,51.46666666666667,"[46.8%, 46.1%, 53.8%, 55.5%, 53.5%, 53.1%]",,,,
5,parallel,46,46,0.11068498681488094,1.5445993561653575,1.5505200922489166,0.0001111111111111111,51.63333333333333,"[46.8%, 46.1%, 53.8%, 55.5%, 53.5%, 54.1%]",,,,
5,parallel,47,47,0.10822995496774718,1.7024667255438057,1.6788595542311668,0.0001111111111111111,50.71666666666667,"[46.8%, 46.1%, 53.8%, 55.5%, 53.5%, 48.6%]",,,,
5,parallel,48,48,0.10609492312061342,1.6232574919986118,1.5702839754521847,0.0001111111111111111,51.46666666666667,"[46.8%, 46.1%, 53.8%, 55.5%, 53.5%, 53.1%]",,,,
5,parallel,49,49,0.10427989127347966,1.608176874507005,1.621990043669939,0.0001111111111111111,51.25,"[46.8%, 46.1%, 53.8%, 55.5%, 53.5%, 51.8%]",,,,
5,parallel,50,50,0.1027848594263459,1.566852973524932,1.6072728782892227,0.0001111111111111111,51.333333333333336,"[46.8%, 46.1%, 53.8%, 55.5%, 53.5%, 52.3%]",,,,
5,parallel,51,51,0.10160982757921214,1.5509754305432557,1.4942342191934586,0.0001111111111111111,52.0,"[46.8%, 46.1%, 53.8%, 55.5%, 53.5%, 56.3%]",,,,
5,parallel,52,52,0.10075479573207838,1.6003337809993963,1.5396063141524792,0.0001111111111111111,51.63333333333333,"[46.8%, 46.1%, 53.8%, 55.5%, 53.5%, 54.1%]",,,,
5,parallel,53,53,0.10021976388494463,1.5357951525669948,1.5455955378711224,0.0001111111111111111,51.78333333333333,"[46.8%, 46.1%, 53.8%, 55.5%, 53.5%, 55.0%]",,,,
5,parallel,54,54,0.10000473203781086,1.4974458673197752,1.564403373748064,0.0001111111111111111,51.099999999999994,"[46.8%, 46.1%, 53.8%, 55.5%, 53.5%, 50.9%]",,,,
5,parallel,55,55,0.1,1.4830596181237774,1.5085821598768234,0.0001111111111111111,51.583333333333336,"[46.8%, 46.1%, 53.8%, 55.5%, 53.5%, 53.8%]",,,,
5,weights,1,56,0.1,1.4566224236397227,1.5598889589309692,0.0001111111111111111,51.53333333333333,"[46.8%, 46.1%, 53.8%, 55.5%, 53.5%, 53.5%]",,,,
5,weights,2,57,0.1,1.4345011893351367,1.4945504628121853,0.0001111111111111111,51.78333333333333,"[46.8%, 46.1%, 53.8%, 55.5%, 53.5%, 55.0%]",,,,
5,weights,3,58,0.1,1.4272530257322227,1.4903021641075611,0.0001111111111111111,51.849999999999994,"[46.8%, 46.1%, 53.8%, 55.5%, 53.5%, 55.4%]",,,,
5,weights,4,59,0.1,1.4194782941964021,1.56711845099926,0.0001111111111111111,51.38333333333333,"[46.8%, 46.1%, 53.8%, 55.5%, 53.5%, 52.6%]",,,,
5,weights,5,60,0.1,1.3915266702129583,1.5493217557668686,0.0001111111111111111,51.449999999999996,"[46.8%, 46.1%, 53.8%, 55.5%, 53.5%, 53.0%]",,,,
5,weights,6,61,0.1,1.3790592296867614,1.5583389438688755,0.0001111111111111111,51.48333333333333,"[46.8%, 46.1%, 53.8%, 55.5%, 53.5%, 53.2%]",,,,
5,weights,7,62,0.1,1.3783024910149302,1.42675906047225,0.0001111111111111111,52.01666666666666,"[46.8%, 46.1%, 53.8%, 55.5%, 53.5%, 56.4%]",,,,
5,weights,8,63,0.1,1.3531527701456836,1.5732031799852848,0.0001111111111111111,51.51666666666666,"[46.8%, 46.1%, 53.8%, 55.5%, 53.5%, 53.4%]",,,,
5,weights,9,64,0.1,1.3416689949430478,1.4762140810489655,0.0001111111111111111,51.76666666666666,"[46.8%, 46.1%, 53.8%, 55.5%, 53.5%, 54.9%]",,,,
5,weights,10,65,0.1,1.3247485229164173,1.4417354613542557,0.0001111111111111111,51.9,"[46.8%, 46.1%, 53.8%, 55.5%, 53.5%, 55.7%]",,,,
5,weights,11,66,0.1,1.3285751604730156,1.4363541714847088,0.0001111111111111111,52.03333333333333,"[46.8%, 46.1%, 53.8%, 55.5%, 53.5%, 56.5%]",,,,
5,weights,12,67,0.1,1.3057791051591279,1.4476200304925442,0.0001111111111111111,52.099999999999994,"[46.8%, 46.1%, 53.8%, 55.5%, 53.5%, 56.9%]",,,,
5,weights,13,68,0.1,1.3029751587825216,1.4294908754527569,0.0001111111111111111,52.01666666666666,"[46.8%, 46.1%, 53.8%, 55.5%, 53.5%, 56.4%]",,,,
5,weights,14,69,0.1,1.2918117972695904,1.4755889773368835,0.0001111111111111111,52.050000000000004,"[46.8%, 46.1%, 53.8%, 55.5%, 53.5%, 56.6%]",,,,
5,weights,15,70,0.1,1.288863894286429,1.4387302063405514,0.0001111111111111111,52.15,"[46.8%, 46.1%, 53.8%, 55.5%, 53.5%, 57.2%]",,,,
5,weights,16,71,0.1,1.2877748999626013,1.4871533922851086,0.0001111111111111111,51.949999999999996,"[46.8%, 46.1%, 53.8%, 55.5%, 53.5%, 56.0%]",,,,
5,weights,17,72,0.1,1.2858869949723506,1.4070601165294647,0.0001111111111111111,52.01666666666666,"[46.8%, 46.1%, 53.8%, 55.5%, 53.5%, 56.4%]",,,,
5,weights,18,73,0.1,1.267503135523219,1.4128458872437477,0.0001111111111111111,52.300000000000004,"[46.8%, 46.1%, 53.8%, 55.5%, 53.5%, 58.1%]",,,,
5,weights,19,74,0.1,1.2509712592052047,1.4349151067435741,0.0001111111111111111,52.06666666666666,"[46.8%, 46.1%, 53.8%, 55.5%, 53.5%, 56.7%]",,,,
5,weights,20,75,0.1,1.2513909966323027,1.4689958170056343,0.0001111111111111111,51.9,"[46.8%, 46.1%, 53.8%, 55.5%, 53.5%, 55.7%]",,,,
5,weights,21,76,0.1,1.2559738853934463,1.4700460992753506,0.0001111111111111111,51.98333333333333,"[46.8%, 46.1%, 53.8%, 55.5%, 53.5%, 56.2%]",,,,
5,weights,22,77,0.1,1.2333210630781333,1.513828732073307,0.0001111111111111111,51.75,"[46.8%, 46.1%, 53.8%, 55.5%, 53.5%, 54.8%]",,,,
5,weights,23,78,0.1,1.2360691583839951,1.4028611928224564,0.0001111111111111111,52.26666666666666,"[46.8%, 46.1%, 53.8%, 55.5%, 53.5%, 57.9%]",,,,
5,weights,24,79,0.1,1.2296992073393171,1.3776763528585434,0.0001111111111111111,52.31666666666666,"[46.8%, 46.1%, 53.8%, 55.5%, 53.5%, 58.2%]",,,,
5,weights,25,80,0.1,1.2082787228238052,1.3930012546479702,0.0001111111111111111,52.21666666666667,"[46.8%, 46.1%, 53.8%, 55.5%, 53.5%, 57.6%]",36.550000000000004,"[9.3%, 26.7%, 30.0%, 52.1%, 49.2%, 52.0%]",42.28333333333333,"[34.2%, 41.8%, 32.1%, 51.3%, 39.8%, 54.5%]"
6,parallel,1,1,0.4,6.924175042255669,3.267220199108124,0.0001111111111111111,45.471428571428575,"[46.8%, 46.1%, 53.8%, 55.5%, 53.5%, 57.6%, 5.0%]",,,,
6,parallel,2,2,0.4,3.079533277803166,3.029905393719673,0.0001111111111111111,45.471428571428575,"[46.8%, 46.1%, 53.8%, 55.5%, 53.5%, 57.6%, 5.0%]",,,,
6,parallel,3,3,0.4,3.0277203101261407,3.0137960761785507,0.0001111111111111111,45.471428571428575,"[46.8%, 46.1%, 53.8%, 55.5%, 53.5%, 57.6%, 5.0%]",,,,
6,parallel,4,4,0.4,3.0153150315497332,2.9728661626577377,0.0001111111111111111,45.714285714285715,"[46.8%, 46.1%, 53.8%, 55.5%, 53.5%, 57.6%, 6.7%]",,,,
6,parallel,5,5,0.3901459694105238,2.8893653830145576,2.7490395978093147,0.0001111111111111111,46.75714285714286,"[46.8%, 46.1%, 53.8%, 55.5%, 53.5%, 57.6%, 14.0%]",,,,
6,parallel,6,6,0.3784646955251735,2.7226111114404765,2.6474638655781746,0.0001111111111111111,47.042857142857144,"[46.8%, 46.1%, 53.8%, 55.5%, 53.5%, 57.6%, 16.0%]",,,,
6,parallel,7,7,0.36702342163982316,2.6385226857130695,2.5493769869208336,0.0001111111111111111,47.357142857142854,"[46.8%, 46.1%, 53.8%, 55.5%, 53.5%, 57.6%, 18.2%]",,,,
6,parallel,8,8,0.35582214775447285,2.517946340475872,2.554639048874378,0.0001111111111111111,47.214285714285715,"[46.8%, 46.1%, 53.8%, 55.5%, 53.5%, 57.6%, 17.2%]",,,,
6,parallel,9,9,0.34486087386912256,2.402642828643702,2.353102944791317,0.0001111111111111111,48.58571428571429,"[46.8%, 46.1%, 53.8%, 55.5%, 53.5%, 57.6%, 26.8%]",,,,
6,parallel,10,10,0.3341395999837722,2.2927681693605555,2.4089490547776222,0.0001111111111111111,48.557142857142864,"[46.8%, 46.1%, 53.8%, 55.5%, 53.5%, 57.6%, 26.6%]",,,,
6,parallel,11,11,0.3236583260984219,2.2046088762344067,2.1720690205693245,0.0001111111111111111,49.471428571428575,"[46.8%, 46.1%, 53.8%, 55.5%, 53.5%, 57.6%, 33.0%]",,,,
6,parallel,12,12,0.3134170522130716,2.1303121952494237,2.236156191676855,0.0001111111111111111,49.34285714285715,"[46.8%, 46.1%, 53.8%, 55.5%, 53.5%, 57.6%, 32.1%]",,,,
6,parallel,13,13,0.3034157783277212,2.0742880683036367,2.0705009773373604,0.0001111111111111111,49.98571428571429,"[46.8%, 46.1%, 53.8%, 55.5%, 53.5%, 57.6%, 36.6%]",,,,
6,parallel,14,14,0.29365450444237096,2.016943659752038,2.1206525713205338,0.0001111111111111111,49.91428571428572,"[46.8%, 46.1%, 53.8%, 55.5%, 53.5%, 57.6%, 36.1%]",,,,
6,parallel,15,15,0.28413323055702067,1.982800377402336,2.077360011637211,0.0001111111111111111,49.971428571428575,"[46.8%, 46.1%, 53.8%, 55.5%, 53.5%, 57.6%, 36.5%]",,,,
6,parallel,16,16,0.2748519566716703,1.9363404322581685,1.9393213912844658,0.0001111111111111111,50.785714285714285,"[46.8%, 46.1%, 53.8%, 55.5%, 53.5%, 57.6%, 42.2%]",,,,
6,parallel,17,17,0.26581068278632,1.9154638317739887,1.943660445511341,0.0001111111111111111,50.9,"[46.8%, 46.1%, 53.8%, 55.5%, 53.5%, 57.6%, 43.0%]",,,,
6,parallel,18,18,0.2570094089009696,1.9037520710829716,1.9915914237499237,0.0001111111111111111,50.471428571428575,"[46.8%, 46.1%, 53.8%, 55.5%, 53.5%, 57.6%, 40.0%]",,,,
6,parallel,19,19,0.24844813501561933,1.8653954677521043,1.9538040086627007,0.0001111111111111111,50.300000000000004,"[46.8%, 46.1%, 53.8%, 55.5%, 53.5%, 57.6%, 38.8%]",,,,
6,parallel,20,20,0.240126861130269,1.8499605458253507,1.8722506687045097,0.0001111111111111111,50.98571428571429,"[46.8%, 46.1%, 53.8%, 55.5%, 53.5%, 57.6%, 43.6%]",,,,
6,parallel,21,21,0.23204558724491867,1.841775908591641,1.8716921135783195,0.0001111111111111111,51.0,"[46.8%, 46.1%, 53.8%, 55.5%, 53.5%, 57.6%, 43.7%]",,,,
6,parallel,22,22,0.22420431335956834,1.8244380578873263,1.882504664361477,0.0001111111111111111,50.871428571428574,"[46.8%, 46.1%, 53.8%, 55.5%, 53.5%, 57.6%, 42.8%]",,,,
6,parallel,23,23,0.21660303947421805,1.8224547068784192,1.9117477759718895,0.0001111111111111111,50.971428571428575,"[46.8%, 46.1%, 53.8%, 55.5%, 53.5%, 57.6%, 43.5%]",,,,
6,parallel,24,24,0.20924176558886773,1.8076069643543025,1.8697742372751236,0.0001111111111111111,50.82857142857143,"[46.8%, 46.1%, 53.8%, 55.5%, 53.5%, 57.6%, 42.5%]",,,,
6,parallel,25,25,0.2021204917035174,1.8093570212649692,1.9236211068928242,0.0001111111111111111,50.75714285714286,"[46.8%, 46.1%, 53.8%, 55.5%, 53.5%, 57.6%, 42.0%]",,,,
6,parallel,26,26,0.1952392178181671,1.8275976165844376,2.135475367307663,0.0001111111111111111,50.18571428571429,"[46.8%, 46.1%, 53.8%, 55.5%, 53.5%, 57.6%, 38.0%]",,,,
6,parallel,27,27,0.18859794393281676,1.7987778794233966,1.9169187992811203,0.0001111111111111111,50.800000000000004,"[46.8%, 46.1%, 53.8%, 55.5%, 53.5%, 57.6%, 42.3%]",,,,
6,parallel,28,28,0.18219667004746645,1.8178461774898942,1.9072786532342434,0.0001111111111111111,50.77142857142858,"[46.8%, 46.1%, 53.8%, 55.5%, 53.5%, 57.6%, 42.1%]",,,,
6,parallel,29,29,0.17603539616211614,1.7936808258105235,1.8824941962957382,0.0001111111111111111,50.857142857142854,"[46.8%, 46.1%, 53.8%, 55.5%, 53.5%, 57.6%, 42.7%]",,,,
6,parallel,30,30,0.1701141222767658,1.8180893538104501,1.973805908113718,0.0001111111111111111,50.58571428571429,"[46.8%, 46.1%, 53.8%, 55.5%, 53.5%, 57.6%, 40.8%]",,,,
6,parallel,31,31,0.16443284839141548,1.810369854520081,1.8692777082324028,0.0001111111111111111,50.957142857142856,"[46.8%, 46.1%, 53.8%, 55.5%, 53.5%, 57.6%, 43.4%]",,,,
6,parallel,32,32,0.15899157450606516,1.8048260249909323,1.9108084738254547,0.0001111111111111111,50.871428571428574,"[46.8%, 46.1%, 53.8%, 55.5%, 53.5%, 57.6%, 42.8%]",,,,
6,parallel,33,33,0.15379030062071483,1.867042388126349,1.924160823225975,0.0001111111111111111,50.81428571428571,"[46.8%, 46.1%, 53.8%, 55.5%, 53.5%, 57.6%, 42.4%]",,,,
6,parallel,34,34,0.14882902673536452,1.8405560125970537,1.960544429719448,0.0001111111111111111,50.74285714285714,"[46.8%, 46.1%, 53.8%, 55.5%, 53.5%, 57.6%, 41.9%]",,,,
6,parallel,35,35,0.1441077528500142,1.8343829113966341,1.879658319056034,0.0001111111111111111,51.01428571428572,"[46.8%, 46.1%, 53.8%, 55.5%, 53.5%, 57.6%, 43.8%]",,,,
6,parallel,36,36,0.1396264789646639,1.8498696096383842,2.011255480349064,0.0001111111111111111,50.300000000000004,"[46.8%, 46.1%, 53.8%, 55.5%, 53.5%, 57.6%, 38.8%]",,,,
6,parallel,37,37,0.13538520507931356,1.8542185513077267,1.8741247169673443,0.0001111111111111111,50.82857142857143,"[46.8%, 46.1%, 53.8%, 55.5%, 53.5%, 57.6%, 42.5%]",,,,
6,parallel,38,38,0.13138393119396324,1.8948571332700692,2.032278999686241,0.0001111111111111111,50.32857142857143,"[46.8%, 46.1%, 53.8%, 55.5%, 53.5%, 57.6%, 39.0%]",,,,
6,parallel,39,39,0.12762265730861294,1.8645523961182613,1.9156794026494026,0.0001111111111111111,50.871428571428574,"[46.8%, 46.1%, 53.8%, 55.5%, 53.5%, 57.6%, 42.8%]",,,,
6,parallel,40,40,0.12410138342326263,1.9067556334149307,1.9858124628663063,0.0001111111111111111,50.58571428571429,"[46.8%, 46.1%, 53.8%, 55.5%, 53.5%, 57.6%, 40.8%]",,,,
6,parallel,41,41,0.1208201095379123,1.904040616029387,1.917277179658413,0.0001111111111111111,50.82857142857143,"[46.8%, 46.1%, 53.8%, 55.5%, 53.5%, 57.6%, 42.5%]",,,,
6,parallel,42,42,0.11777883565256198,1.8588937581724423,1.9856318272650242,0.0001111111111111111,50.44285714285714,"[46.8%, 46.1%, 53.8%, 55.5%, 53.5%, 57.6%, 39.8%]",,,,
6,parallel,43,43,0.11497756176721166,1.9395409883207577,1.913734532892704,0.0001111111111111111,51.01428571428572,"[46.8%, 46.1%, 53.8%, 55.5%, 53.5%, 57.6%, 43.8%]",,,,
6,parallel,44,44,0.11241628788186134,1.887791600956279,1.9661383479833603,0.0001111111111111111,50.51428571428572,"[46.8%, 46.1%, 53.8%, 55.5%, 53.5%, 57.6%, 40.3%]",,,,
6,parallel,45,45,0.11009501399651102,1.8694678028677678,1.9113241359591484,0.0001111111111111111,50.74285714285714,"[46.8%, 46.1%, 53.8%, 55.5%, 53.5%, 57.6%, 41.9%]",,,,
6,parallel,46,46,0.1080137401111607,2.138933338936727,2.021563343703747,0.0001111111111111111,50.27142857142858,"[46.8%, 46.1%, 53.8%, 55.5%, 53.5%, 57.6%, 38.6%]",,,,
6,parallel,47,47,0.10617246622581039,2.001215143568197,2.066960074007511,0.0001111111111111111,49.92857142857143,"[46.8%, 46.1%, 53.8%, 55.5%, 53.5%, 57.6%, 36.2%]",,,,
6,parallel,48,48,0.10457119234046007,1.9490773822091947,2.0044411942362785,0.0001111111111111111,50.300000000000004,"[46.8%, 46.1%, 53.8%, 55.5%, 53.5%, 57.6%, 38.8%]",,,,
6,parallel,49,49,0.10320991845510975,1.939996736064838,1.9910512417554855,0.0001111111111111111,50.44285714285714,"[46.8%, 46.1%, 53.8%, 55.5%, 53.5%, 57.6%, 39.8%]",,,,
6,parallel,50,50,0.10208864456975943,1.897439006027902,1.9363842532038689,0.0001111111111111111,50.68571428571429,"[46.8%, 46.1%, 53.8%, 55.5%, 53.5%, 57.6%, 41.5%]",,,,
6,parallel,51,51,0.1012073706844091,2.0048774245438303,2.0051233172416687,0.0001111111111111111,50.24285714285714,"[46.8%, 46.1%, 53.8%, 55.5%, 53.5%, 57.6%, 38.4%]",,,,
6,parallel,52,52,0.10056609679905879,1.9248501988732891,1.9479031190276146,0.0001111111111111111,50.885714285714286,"[46.8%, 46.1%, 53.8%, 55.5%, 53.5%, 57.6%, 42.9%]",,,,
6,parallel,53,53,0.10016482291370847,1.88523231190481,1.9177664369344711,0.0001111111111111111,50.91428571428572,"[46.8%, 46.1%, 53.8%, 55.5%, 53.5%, 57.6%, 43.1%]",,,,
6,parallel,54,54,0.10000354902835816,1.8870727962749019,1.9359462261199951,0.0001111111111111111,50.971428571428575,"[46.8%, 46.1%, 53.8%, 55.5%, 53.5%, 57.6%, 43.5%]",,,,
6,parallel,55,55,0.1,1.8472525086372522,1.8993920013308525,0.0001111111111111111,51.057142857142864,"[46.8%, 46.1%, 53.8%, 55.5%, 53.5%, 57.6%, 44.1%]",,,,
6,weights,1,56,0.1,1.828690528110334,1.874260313808918,0.0001111111111111111,50.82857142857143,"[46.8%, 46.1%, 53.8%, 55.5%, 53.5%, 57.6%, 42.5%]",,,,
6,weights,2,57,0.1,1.7999130252060618,1.9271833822131157,0.0001111111111111111,50.82857142857143,"[46.8%, 46.1%, 53.8%, 55.5%, 53.5%, 57.6%, 42.5%]",,,,
6,weights,3,58,0.1,1.7923973085014684,1.8984764218330383,0.0001111111111111111,50.857142857142854,"[46.8%, 46.1%, 53.8%, 55.5%, 53.5%, 57.6%, 42.7%]",,,,
6,weights,4,59,0.1,1.7758645085012836,1.9254223182797432,0.0001111111111111111,50.82857142857143,"[46.8%, 46.1%, 53.8%, 55.5%, 53.5%, 57.6%, 42.5%]",,,,
6,weights,5,60,0.1,1.7651558780366448,1.9837176501750946,0.0001111111111111111,50.65714285714286,"[46.8%, 46.1%, 53.8%, 55.5%, 53.5%, 57.6%, 41.3%]",,,,
6,weights,6,61,0.1,1.7551650674479782,1.867836020886898,0.0001111111111111111,51.0,"[46.8%, 46.1%, 53.8%, 55.5%, 53.5%, 57.6%, 43.7%]",,,,
6,weights,7,62,0.1,1.7445070318355682,1.873224165290594,0.0001111111111111111,51.08571428571429,"[46.8%, 46.1%, 53.8%, 55.5%, 53.5%, 57.6%, 44.3%]",,,,
6,weights,8,63,0.1,1.7321198677561085,1.8671233430504799,0.0001111111111111111,51.114285714285714,"[46.8%, 46.1%, 53.8%, 55.5%, 53.5%, 57.6%, 44.5%]",,,,
6,weights,9,64,0.1,1.7253746697857122,1.8645107932388783,0.0001111111111111111,51.01428571428572,"[46.8%, 46.1%, 53.8%, 55.5%, 53.5%, 57.6%, 43.8%]",,,,
6,weights,10,65,0.1,1.7051178558616882,1.861321434378624,0.0001111111111111111,51.01428571428572,"[46.8%, 46.1%, 53.8%, 55.5%, 53.5%, 57.6%, 43.8%]",,,,
6,weights,11,66,0.1,1.7024556497100052,1.8583700843155384,0.0001111111111111111,51.042857142857144,"[46.8%, 46.1%, 53.8%, 55.5%, 53.5%, 57.6%, 44.0%]",,,,
6,weights,12,67,0.1,1.6887808172566117,1.8521400317549706,0.0001111111111111111,51.12857142857143,"[46.8%, 46.1%, 53.8%, 55.5%, 53.5%, 57.6%, 44.6%]",,,,
6,weights,13,68,0.1,1.68026721705297,1.829724594950676,0.0001111111111111111,51.214285714285715,"[46.8%, 46.1%, 53.8%, 55.5%, 53.5%, 57.6%, 45.2%]",,,,
6,weights,14,69,0.1,1.6834254781152034,1.8225011080503464,0.0001111111111111111,51.142857142857146,"[46.8%, 46.1%, 53.8%, 55.5%, 53.5%, 57.6%, 44.7%]",,,,
6,weights,15,70,0.1,1.6599747155122697,1.8801590651273727,0.0001111111111111111,51.12857142857143,"[46.8%, 46.1%, 53.8%, 55.5%, 53.5%, 57.6%, 44.6%]",,,,
6,weights,16,71,0.1,1.6617186016337886,1.8000156804919243,0.0001111111111111111,51.357142857142854,"[46.8%, 46.1%, 53.8%, 55.5%, 53.5%, 57.6%, 46.2%]",,,,
6,weights,17,72,0.1,1.666339288851258,1.885602593421936,0.0001111111111111111,50.885714285714286,"[46.8%, 46.1%, 53.8%, 55.5%, 53.5%, 57.6%, 42.9%]",,,,
6,weights,18,73,0.1,1.641392641766056,1.8519949875772,0.0001111111111111111,51.042857142857144,"[46.8%, 46.1%, 53.8%, 55.5%, 53.5%, 57.6%, 44.0%]",,,,
6,weights,19,74,0.1,1.6258026680369286,1.8212642595171928,0.0001111111111111111,51.24285714285714,"[46.8%, 46.1%, 53.8%, 55.5%, 53.5%, 57.6%, 45.4%]",,,,
6,weights,20,75,0.1,1.6365092924446056,1.8327328450977802,0.0001111111111111111,51.41428571428572,"[46.8%, 46.1%, 53.8%, 55.5%, 53.5%, 57.6%, 46.6%]",,,,
6,weights,21,76,0.1,1.6128248044639637,1.9157534688711166,0.0001111111111111111,51.15714285714286,"[46.8%, 46.1%, 53.8%, 55.5%, 53.5%, 57.6%, 44.8%]",,,,
6,weights,22,77,0.1,1.6143863854134919,1.8025978356599808,0.0001111111111111111,51.357142857142854,"[46.8%, 46.1%, 53.8%, 55.5%, 53.5%, 57.6%, 46.2%]",,,,
6,weights,23,78,0.1,1.5978527638562925,1.7651825957000256,0.0001111111111111111,51.557142857142864,"[46.8%, 46.1%, 53.8%, 55.5%, 53.5%, 57.6%, 47.6%]",,,,
6,weights,24,79,0.1,1.6135448164241328,1.8689523600041866,0.0001111111111111111,51.07142857142857,"[46.8%, 46.1%, 53.8%, 55.5%, 53.5%, 57.6%, 44.2%]",,,,
6,weights,25,80,0.1,1.5961798702835277,1.8009470626711845,0.0001111111111111111,51.42857142857143,"[46.8%, 46.1%, 53.8%, 55.5%, 53.5%, 57.6%, 46.7%]",35.05714285714286,"[9.3%, 26.7%, 30.0%, 52.1%, 49.2%, 52.0%, 26.1%]",42.28571428571429,"[31.2%, 44.0%, 32.1%, 51.3%, 44.6%, 54.5%, 38.3%]"
7,parallel,1,1,0.3,6.554715496719263,3.234265699982643,0.0001111111111111111,45.625,"[46.8%, 46.1%, 53.8%, 55.5%, 53.5%, 57.6%, 46.7%, 5.0%]",,,,
7,parallel,2,2,0.3,3.0824950242498117,3.038387894630432,0.0001111111111111111,45.625,"[46.8%, 46.1%, 53.8%, 55.5%, 53.5%, 57.6%, 46.7%, 5.0%]",,,,
7,parallel,3,3,0.3,3.0288575819343517,3.018996000289917,0.0001111111111111111,45.625,"[46.8%, 46.1%, 53.8%, 55.5%, 53.5%, 57.6%, 46.7%, 5.0%]",,,,
7,parallel,4,4,0.3,3.021458443562696,3.0172517597675323,0.0001111111111111111,45.625,"[46.8%, 46.1%, 53.8%, 55.5%, 53.5%, 57.6%, 46.7%, 5.0%]",,,,
7,parallel,5,5,0.2934306462736825,3.016272273033288,3.0047404766082764,0.0001111111111111111,45.625,"[46.8%, 46.1%, 53.8%, 55.5%, 53.5%, 57.6%, 46.7%, 5.0%]",,,,
7,parallel,6,6,0.28564313035011557,2.908524470724118,2.8441535979509354,0.0001111111111111111,45.9625,"[46.8%, 46.1%, 53.8%, 55.5%, 53.5%, 57.6%, 46.7%, 7.7%]",,,,
7,parallel,7,7,0.27801561442654876,2.737718096204624,2.8554586619138718,0.0001111111111111111,46.225,"[46.8%, 46.1%, 53.8%, 55.5%, 53.5%, 57.6%, 46.7%, 9.8%]",,,,
7,parallel,8,8,0.27054809850298184,2.6985703516917625,2.74437715113163,0.0001111111111111111,46.55,"[46.8%, 46.1%, 53.8%, 55.5%, 53.5%, 57.6%, 46.7%, 12.4%]",,,,
7,parallel,9,9,0.26324058257941496,2.622469636285381,2.5656865388154984,0.0001111111111111111,47.4125,"[46.8%, 46.1%, 53.8%, 55.5%, 53.5%, 57.6%, 46.7%, 19.3%]",,,,
7,parallel,10,10,0.2560930666558481,2.4929360432229983,2.434009052813053,0.0001111111111111111,47.925,"[46.8%, 46.1%, 53.8%, 55.5%, 53.5%, 57.6%, 46.7%, 23.4%]",,,,
7,parallel,11,11,0.24910555073228122,2.3743603730657297,2.27966096252203,0.0001111111111111111,48.8,"[46.8%, 46.1%, 53.8%, 55.5%, 53.5%, 57.6%, 46.7%, 30.4%]",,,,
7,parallel,12,12,0.24227803480871435,2.2638913241161664,2.1819947473704815,0.0001111111111111111,48.8125,"[46.8%, 46.1%, 53.8%, 55.5%, 53.5%, 57.6%, 46.7%, 30.5%]",,,,
7,parallel,13,13,0.23561051888514745,2.1679001363219728,2.107258316129446,0.0001111111111111111,49.4,"[46.8%, 46.1%, 53.8%, 55.5%, 53.5%, 57.6%, 46.7%, 35.2%]",,,,
7,parallel,14,14,0.22910300296158062,2.1721050762067176,2.129868984222412,0.0001111111111111111,49.35,"[46.8%, 46.1%, 53.8%, 55.5%, 53.5%, 57.6%, 46.7%, 34.8%]",,,,
7,parallel,15,15,0.22275548703801373,2.0904347296733006,2.1395472288131714,0.0001111111111111111,49.125,"[46.8%, 46.1%, 53.8%, 55.5%, 53.5%, 57.6%, 46.7%, 33.0%]",,,,
7,parallel,16,16,0.2165679711144468,2.047981581110863,2.0867370180785656,0.0001111111111111111,49.5625,"[46.8%, 46.1%, 53.8%, 55.5%, 53.5%, 57.6%, 46.7%, 36.5%]",,,,
7,parallel,17,17,0.21054045519087994,1.9721161696561582,1.9147742055356503,0.0001111111111111111,50.2,"[46.8%, 46.1%, 53.8%, 55.5%, 53.5%, 57.6%, 46.7%, 41.6%]",,,,
7,parallel,18,18,0.20467293926731306,1.9227892304681669,1.9464151225984097,0.0001111111111111111,50.2375,"[46.8%, 46.1%, 53.8%, 55.5%, 53.5%, 57.6%, 46.7%, 41.9%]",,,,
7,parallel,19,19,0.19896542334374617,1.924710380803248,1.9458340257406235,0.0001111111111111111,49.9,"[46.8%, 46.1%, 53.8%, 55.5%, 53.5%, 57.6%, 46.7%, 39.2%]",,,,
7,parallel,20,20,0.19341790742017928,1.868500987435602,1.8647505789995193,0.0001111111111111111,50.3125,"[46.8%, 46.1%, 53.8%, 55.5%, 53.5%, 57.6%, 46.7%, 42.5%]",,,,
7,parallel,21,21,0.18803039149661244,1.8336876410587577,1.8488930314779282,0.0001111111111111111,50.375,"[46.8%, 46.1%, 53.8%, 55.5%, 53.5%, 57.6%, 46.7%, 43.0%]",,,,
7,parallel,22,22,0.18280287557304553,1.8588490880978334,1.8004304692149162,0.0001111111111111111,50.4375,"[46.8%, 46.1%, 53.8%, 55.5%, 53.5%, 57.6%, 46.7%, 43.5%]",,,,
7,parallel,23,23,0.17773535964947867,1.8364689236233949,1.9052615389227867,0.0001111111111111111,50.1875,"[46.8%, 46.1%, 53.8%, 55.5%, 53.5%, 57.6%, 46.7%, 41.5%]",,,,
7,parallel,24,24,0.1728278437259118,1.78889780439389,1.763411931693554,0.0001111111111111111,50.6625,"[46.8%, 46.1%, 53.8%, 55.5%, 53.5%, 57.6%, 46.7%, 45.3%]",,,,
7,parallel,25,25,0.16808032780234491,1.8453017837682348,1.8293706253170967,0.0001111111111111111,50.4,"[46.8%, 46.1%, 53.8%, 55.5%, 53.5%, 57.6%, 46.7%, 43.2%]",,,,
7,parallel,26,26,0.16349281187877807,1.8140188766892549,1.8419402055442333,0.0001111111111111111,50.475,"[46.8%, 46.1%, 53.8%, 55.5%, 53.5%, 57.6%, 46.7%, 43.8%]",,,,
7,parallel,27,27,0.15906529595521118,1.7623561210693068,1.784300722181797,0.0001111111111111111,50.6625,"[46.8%, 46.1%, 53.8%, 55.5%, 53.5%, 57.6%, 46.7%, 45.3%]",,,,
7,parallel,28,28,0.1547977800316443,1.7889565130707565,1.889434564858675,0.0001111111111111111,50.4625,"[46.8%, 46.1%, 53.8%, 55.5%, 53.5%, 57.6%, 46.7%, 43.7%]",,,,
7,parallel,29,29,0.1506902641080774,1.7595837275693371,1.767506841570139,0.0001111111111111111,50.8375,"[46.8%, 46.1%, 53.8%, 55.5%, 53.5%, 57.6%, 46.7%, 46.7%]",,,,
7,parallel,30,30,0.14674274818451052,1.777761314325272,1.752675462514162,0.0001111111111111111,50.8,"[46.8%, 46.1%, 53.8%, 55.5%, 53.5%, 57.6%, 46.7%, 46.4%]",,,,
7,parallel,31,31,0.14295523226094364,1.743570927601711,1.7433512695133686,0.0001111111111111111,51.15,"[46.8%, 46.1%, 53.8%, 55.5%, 53.5%, 57.6%, 46.7%, 49.2%]",,,,
7,parallel,32,32,0.13932771633737678,1.8012601425693293,1.8135400153696537,0.0001111111111111111,50.7375,"[46.8%, 46.1%, 53.8%, 55.5%, 53.5%, 57.6%, 46.7%, 45.9%]",,,,
7,parallel,33,33,0.1358602004138099,1.780517919807677,1.7820760682225227,0.0001111111111111111,50.7875,"[46.8%, 46.1%, 53.8%, 55.5%, 53.5%, 57.6%, 46.7%, 46.3%]",,,,
7,parallel,34,34,0.13255268449024302,1.7644582986831665,1.9132611751556396,0.0001111111111111111,50.2375,"[46.8%, 46.1%, 53.8%, 55.5%, 53.5%, 57.6%, 46.7%, 41.9%]",,,,
7,parallel,35,35,0.12940516856667614,1.7348258297914152,1.6936596781015396,0.0001111111111111111,51.1125,"[46.8%, 46.1%, 53.8%, 55.5%, 53.5%, 57.6%, 46.7%, 48.9%]",,,,
7,parallel,36,36,0.12641765264310925,1.7220072450151869,1.7351082786917686,0.0001111111111111111,50.8875,"[46.8%, 46.1%, 53.8%, 55.5%, 53.5%, 57.6%, 46.7%, 47.1%]",,,,
7,parallel,37,37,0.12359013671954237,1.8003725291817052,1.8244950361549854,0.0001111111111111111,50.65,"[46.8%, 46.1%, 53.8%, 55.5%, 53.5%, 57.6%, 46.7%, 45.2%]",,,,
7,parallel,38,38,0.12092262079597549,1.7627888151035187,1.7280467748641968,0.0001111111111111111,51.0375,"[46.8%, 46.1%, 53.8%, 55.5%, 53.5%, 57.6%, 46.7%, 48.3%]",,,,
7,parallel,39,39,0.11841510487240861,1.7325630317068403,1.7561150453984737,0.0001111111111111111,50.9,"[46.8%, 46.1%, 53.8%, 55.5%, 53.5%, 57.6%, 46.7%, 47.2%]",,,,
7,parallel,40,40,0.11606758894884175,1.7768990545515801,1.8508059121668339,0.0001111111111111111,50.4375,"[46.8%, 46.1%, 53.8%, 55.5%, 53.5%, 57.6%, 46.7%, 43.5%]",,,,
7,parallel,41,41,0.11388007302527486,1.7415168384078201,1.8356148973107338,0.0001111111111111111,50.8125,"[46.8%, 46.1%, 53.8%, 55.5%, 53.5%, 57.6%, 46.7%, 46.5%]",,,,
7,parallel,42,42,0.11185255710170798,1.7344094902087168,1.7993363551795483,0.0001111111111111111,50.7875,"[46.8%, 46.1%, 53.8%, 55.5%, 53.5%, 57.6%, 46.7%, 46.3%]",,,,
7,parallel,43,43,0.1099850411781411,1.6973757781800192,1.801839705556631,0.0001111111111111111,50.9875,"[46.8%, 46.1%, 53.8%, 55.5%, 53.5%, 57.6%, 46.7%, 47.9%]",,,,
7,parallel,44,44,0.10827752525457422,1.8862011911003453,1.8218503445386887,0.0001111111111111111,50.5125,"[46.8%, 46.1%, 53.8%, 55.5%, 53.5%, 57.6%, 46.7%, 44.1%]",,,,
7,parallel,45,45,0.10673000933100735,1.7931728340258264,1.7641062624752522,0.0001111111111111111,51.1375,"[46.8%, 46.1%, 53.8%, 55.5%, 53.5%, 57.6%, 46.7%, 49.1%]",,,,
7,parallel,46,46,0.10534249340744048,1.7681988690309465,1.7441787905991077,0.0001111111111111111,50.9125,"[46.8%, 46.1%, 53.8%, 55.5%, 53.5%, 57.6%, 46.7%, 47.3%]",,,,
7,parallel,47,47,0.10411497748387359,1.7415569101928905,1.8870398588478565,0.0001111111111111111,50.3125,"[46.8%, 46.1%, 53.8%, 55.5%, 53.5%, 57.6%, 46.7%, 42.5%]",,,,
7,parallel,48,48,0.10304746156030671,1.7015519984968148,1.756102416664362,0.0001111111111111111,50.9125,"[46.8%, 46.1%, 53.8%, 55.5%, 53.5%, 57.6%, 46.7%, 47.3%]",,,,
7,parallel,49,49,0.10213994563673984,1.6752116619401676,1.7635033652186394,0.0001111111111111111,50.8625,"[46.8%, 46.1%, 53.8%, 55.5%, 53.5%, 57.6%, 46.7%, 46.9%]",,,,
7,parallel,50,50,0.10139242971317296,1.7789295896603043,1.8592198677361012,0.0001111111111111111,50.6125,"[46.8%, 46.1%, 53.8%, 55.5%, 53.5%, 57.6%, 46.7%, 44.9%]",,,,
7,parallel,51,51,0.10080491378960607,1.7562357582104433,1.7659544721245766,0.0001111111111111111,51.05,"[46.8%, 46.1%, 53.8%, 55.5%, 53.5%, 57.6%, 46.7%, 48.4%]",,,,
7,parallel,52,52,0.10037739786603919,1.6945966801066308,1.7548958323895931,0.0001111111111111111,51.0375,"[46.8%, 46.1%, 53.8%, 55.5%, 53.5%, 57.6%, 46.7%, 48.3%]",,,,
7,parallel,53,53,0.10010988194247232,1.6742019539426087,1.7142620123922825,0.0001111111111111111,50.9125,"[46.8%, 46.1%, 53.8%, 55.5%, 53.5%, 57.6%, 46.7%, 47.3%]",,,,
7,parallel,54,54,0.10000236601890544,1.6477691702022674,1.744067296385765,0.0001111111111111111,50.9875,"[46.8%, 46.1%, 53.8%, 55.5%, 53.5%, 57.6%, 46.7%, 47.9%]",,,,
7,parallel,55,55,0.1,1.6268042295601717,1.7447971105575562,0.0001111111111111111,50.9,"[46.8%, 46.1%, 53.8%, 55.5%, 53.5%, 57.6%, 46.7%, 47.2%]",,,,
7,weights,1,56,0.1,1.6069189758057807,1.7233635038137436,0.0001111111111111111,50.9375,"[46.8%, 46.1%, 53.8%, 55.5%, 53.5%, 57.6%, 46.7%, 47.5%]",,,,
7,weights,2,57,0.1,1.5883719989448597,1.6410762965679169,0.0001111111111111111,51.2125,"[46.8%, 46.1%, 53.8%, 55.5%, 53.5%, 57.6%, 46.7%, 49.7%]",,,,
7,weights,3,58,0.1,1.5722275114363167,1.719370597973466,0.0001111111111111111,51.0375,"[46.8%, 46.1%, 53.8%, 55.5%, 53.5%, 57.6%, 46.7%, 48.3%]",,,,
7,weights,4,59,0.1,1.5578957955548718,1.708502871915698,0.0001111111111111111,51.0625,"[46.8%, 46.1%, 53.8%, 55.5%, 53.5%, 57.6%, 46.7%, 48.5%]",,,,
7,weights,5,60,0.1,1.5546297935923195,1.6999067477881908,0.0001111111111111111,51.0125,"[46.8%, 46.1%, 53.8%, 55.5%, 53.5%, 57.6%, 46.7%, 48.1%]",,,,
7,weights,6,61,0.1,1.5281958223148515,1.6689057499170303,0.0001111111111111111,51.2125,"[46.8%, 46.1%, 53.8%, 55.5%, 53.5%, 57.6%, 46.7%, 49.7%]",,,,
7,weights,7,62,0.1,1.5190872925861625,1.5976244360208511,0.0001111111111111111,51.4875,"[46.8%, 46.1%, 53.8%, 55.5%, 53.5%, 57.6%, 46.7%, 51.9%]",,,,
7,weights,8,63,0.1,1.4984312292876516,1.636394839733839,0.0001111111111111111,51.3375,"[46.8%, 46.1%, 53.8%, 55.5%, 53.5%, 57.6%, 46.7%, 50.7%]",,,,
7,weights,9,64,0.1,1.490949240459758,1.625348623842001,0.0001111111111111111,51.2125,"[46.8%, 46.1%, 53.8%, 55.5%, 53.5%, 57.6%, 46.7%, 49.7%]",,,,
7,weights,10,65,0.1,1.4768265614843672,1.6956337355077267,0.0001111111111111111,51.125,"[46.8%, 46.1%, 53.8%, 55.5%, 53.5%, 57.6%, 46.7%, 49.0%]",,,,
7,weights,11,66,0.1,1.496168723151942,1.6708788555115461,0.0001111111111111111,51.25,"[46.8%, 46.1%, 53.8%, 55.5%, 53.5%, 57.6%, 46.7%, 50.0%]",,,,
7,weights,12,67,0.1,1.46158766746521,1.63889841735363,0.0001111111111111111,51.225,"[46.8%, 46.1%, 53.8%, 55.5%, 53.5%, 57.6%, 46.7%, 49.8%]",,,,
7,weights,13,68,0.1,1.467995599576622,1.5923644360154867,0.0001111111111111111,51.3625,"[46.8%, 46.1%, 53.8%, 55.5%, 53.5%, 57.6%, 46.7%, 50.9%]",,,,
7,weights,14,69,0.1,1.451749797839268,1.714836847037077,0.0001111111111111111,51.0375,"[46.8%, 46.1%, 53.8%, 55.5%, 53.5%, 57.6%, 46.7%, 48.3%]",,,,
7,weights,15,70,0.1,1.4473350883289506,1.608959212899208,0.0001111111111111111,51.3625,"[46.8%, 46.1%, 53.8%, 55.5%, 53.5%, 57.6%, 46.7%, 50.9%]",,,,
7,weights,16,71,0.1,1.4281383452901415,1.6973992064595222,0.0001111111111111111,51.2375,"[46.8%, 46.1%, 53.8%, 55.5%, 53.5%, 57.6%, 46.7%, 49.9%]",,,,
7,weights,17,72,0.1,1.4183218896768655,1.5693950168788433,0.0001111111111111111,51.6125,"[46.8%, 46.1%, 53.8%, 55.5%, 53.5%, 57.6%, 46.7%, 52.9%]",,,,
7,weights,18,73,0.1,1.4185144012900675,1.7245703395456076,0.0001111111111111111,51.05,"[46.8%, 46.1%, 53.8%, 55.5%, 53.5%, 57.6%, 46.7%, 48.4%]",,,,
7,weights,19,74,0.1,1.4101165487508105,1.6387748308479786,0.0001111111111111111,51.3125,"[46.8%, 46.1%, 53.8%, 55.5%, 53.5%, 57.6%, 46.7%, 50.5%]",,,,
7,weights,20,75,0.1,1.4098927230591987,1.644098524004221,0.0001111111111111111,51.1375,"[46.8%, 46.1%, 53.8%, 55.5%, 53.5%, 57.6%, 46.7%, 49.1%]",,,,
7,weights,21,76,0.1,1.4109636947607538,1.5801395811140537,0.0001111111111111111,51.5625,"[46.8%, 46.1%, 53.8%, 55.5%, 53.5%, 57.6%, 46.7%, 52.5%]",,,,
7,weights,22,77,0.1,1.3900393786703704,1.6054518911987543,0.0001111111111111111,51.4625,"[46.8%, 46.1%, 53.8%, 55.5%, 53.5%, 57.6%, 46.7%, 51.7%]",,,,
7,weights,23,78,0.1,1.3918215602066866,1.6050139777362347,0.0001111111111111111,51.3625,"[46.8%, 46.1%, 53.8%, 55.5%, 53.5%, 57.6%, 46.7%, 50.9%]",,,,
7,weights,24,79,0.1,1.3805058123959097,1.7368171103298664,0.0001111111111111111,51.1125,"[46.8%, 46.1%, 53.8%, 55.5%, 53.5%, 57.6%, 46.7%, 48.9%]",,,,
7,weights,25,80,0.1,1.37903470256526,1.5401499941945076,0.0001111111111111111,51.7,"[46.8%, 46.1%, 53.8%, 55.5%, 53.5%, 57.6%, 46.7%, 53.6%]",35.825,"[4.5%, 26.7%, 30.0%, 52.1%, 49.2%, 52.0%, 26.1%, 46.0%]",42.862500000000004,"[31.2%, 44.0%, 36.6%, 51.3%, 44.6%, 54.5%, 38.3%, 42.4%]"
8,parallel,1,1,0.2,8.264123971295206,3.80975741147995,0.0001111111111111111,45.955555555555556,"[46.8%, 46.1%, 53.8%, 55.5%, 53.5%, 57.6%, 46.7%, 53.6%, 0.0%]",,,,
8,parallel,2,2,0.2,3.2069578854141723,3.0479782074689865,0.0001111111111111111,46.51111111111111,"[46.8%, 46.1%, 53.8%, 55.5%, 53.5%, 57.6%, 46.7%, 53.6%, 5.0%]",,,,
8,parallel,3,3,0.2,3.0343142801029668,3.021955206990242,0.0001111111111111111,46.51111111111111,"[46.8%, 46.1%, 53.8%, 55.5%, 53.5%, 57.6%, 46.7%, 53.6%, 5.0%]",,,,
8,parallel,4,4,0.2,3.021680025538062,3.0157523453235626,0.0001111111111111111,46.51111111111111,"[46.8%, 46.1%, 53.8%, 55.5%, 53.5%, 57.6%, 46.7%, 53.6%, 5.0%]",,,,
8,parallel,5,5,0.19671532313684126,3.018214493040826,3.016444504261017,0.0001111111111111111,46.51111111111111,"[46.8%, 46.1%, 53.8%, 55.5%, 53.5%, 57.6%, 46.7%, 53.6%, 5.0%]",,,,
8,parallel,6,6,0.19282156517505783,3.016929114700123,3.0223504304885864,0.0001111111111111111,46.51111111111111,"[46.8%, 46.1%, 53.8%, 55.5%, 53.5%, 57.6%, 46.7%, 53.6%, 5.0%]",,,,
8,parallel,7,7,0.18900780721327437,2.980278047027102,2.911612033843994,0.0001111111111111111,46.922222222222224,"[46.8%, 46.1%, 53.8%, 55.5%, 53.5%, 57.6%, 46.7%, 53.6%, 8.7%]",,,,
8,parallel,8,8,0.18527404925149094,2.8109421395951775,2.6948813050985336,0.0001111111111111111,47.31111111111111,"[46.8%, 46.1%, 53.8%, 55.5%, 53.5%, 57.6%, 46.7%, 53.6%, 12.2%]",,,,
8,parallel,9,9,0.18162029128970753,2.677554792659298,2.725123144686222,0.0001111111111111111,47.455555555555556,"[46.8%, 46.1%, 53.8%, 55.5%, 53.5%, 57.6%, 46.7%, 53.6%, 13.5%]",,,,
8,parallel,10,10,0.17804653332792408,2.5651467742433973,2.6085489988327026,0.0001111111111111111,47.76666666666667,"[46.8%, 46.1%, 53.8%, 55.5%, 53.5%, 57.6%, 46.7%, 53.6%, 16.3%]",,,,
8,parallel,11,11,0.1745527753661406,2.4732505364023196,2.5146226435899734,0.0001111111111111111,48.13333333333334,"[46.8%, 46.1%, 53.8%, 55.5%, 53.5%, 57.6%, 46.7%, 53.6%, 19.6%]",,,,
8,parallel,12,12,0.17113901740435716,2.4100283801935283,2.351423092186451,0.0001111111111111111,48.67777777777778,"[46.8%, 46.1%, 53.8%, 55.5%, 53.5%, 57.6%, 46.7%, 53.6%, 24.5%]",,,,
8,parallel,13,13,0.16780525944257374,2.2892451954495376,2.305806316435337,0.0001111111111111111,48.922222222222224,"[46.8%, 46.1%, 53.8%, 55.5%, 53.5%, 57.6%, 46.7%, 53.6%, 26.7%]",,,,
8,parallel,14,14,0.1645515014807903,2.2202968179799947,2.347949266433716,0.0001111111111111111,49.08888888888889,"[46.8%, 46.1%, 53.8%, 55.5%, 53.5%, 57.6%, 46.7%, 53.6%, 28.2%]",,,,
8,parallel,15,15,0.16137774351900688,2.1624487759960687,2.230827182531357,0.0001111111111111111,49.1888888888889,"[46.8%, 46.1%, 53.8%, 55.5%, 53.5%, 57.6%, 46.7%, 53.6%, 29.1%]",,,,
8,parallel,16,16,0.15828398555722342,2.1178262871541795,2.2304828986525536,0.0001111111111111111,49.12222222222223,"[46.8%, 46.1%, 53.8%, 55.5%, 53.5%, 57.6%, 46.7%, 53.6%, 28.5%]",,,,
8,parallel,17,17,0.15527022759543999,2.1407059727201037,2.1573729291558266,0.0001111111111111111,49.36666666666667,"[46.8%, 46.1%, 53.8%, 55.5%, 53.5%, 57.6%, 46.7%, 53.6%, 30.7%]",,,,
8,parallel,18,18,0.15233646963365655,2.103301884262425,2.1717245541512966,0.0001111111111111111,49.63333333333334,"[46.8%, 46.1%, 53.8%, 55.5%, 53.5%, 57.6%, 46.7%, 53.6%, 33.1%]",,,,
8,parallel,19,19,0.1494827116718731,2.057817850143287,1.9936659298837185,0.0001111111111111111,49.85555555555556,"[46.8%, 46.1%, 53.8%, 55.5%, 53.5%, 57.6%, 46.7%, 53.6%, 35.1%]",,,,
8,parallel,20,20,0.14670895371008966,2.0414597198462032,2.0321435406804085,0.0001111111111111111,49.733333333333334,"[46.8%, 46.1%, 53.8%, 55.5%, 53.5%, 57.6%, 46.7%, 53.6%, 34.0%]",,,,
8,parallel,21,21,0.14401519574830624,2.010980608356986,2.0069557949900627,0.0001111111111111111,49.800000000000004,"[46.8%, 46.1%, 53.8%, 55.5%, 53.5%, 57.6%, 46.7%, 53.6%, 34.6%]",,,,
8,parallel,22,22,0.14140143778652278,1.9691208312465887,1.9104852676391602,0.0001111111111111111,50.26666666666667,"[46.8%, 46.1%, 53.8%, 55.5%, 53.5%, 57.6%, 46.7%, 53.6%, 38.8%]",,,,
8,parallel,23,23,0.13886767982473935,2.072621082044711,2.0804128274321556,0.0001111111111111111,49.67777777777778,"[46.8%, 46.1%, 53.8%, 55.5%, 53.5%, 57.6%, 46.7%, 53.6%, 33.5%]",,,,
8,parallel,24,24,0.13641392186295592,2.000002488209184,1.979082465171814,0.0001111111111111111,49.91111111111112,"[46.8%, 46.1%, 53.8%, 55.5%, 53.5%, 57.6%, 46.7%, 53.6%, 35.6%]",,,,
8,parallel,25,25,0.13404016390117246,1.9534331757551546,1.9112652763724327,0.0001111111111111111,50.2,"[46.8%, 46.1%, 53.8%, 55.5%, 53.5%, 57.6%, 46.7%, 53.6%, 38.2%]",,,,
8,parallel,26,26,0.13174640593938905,1.943776100304476,2.034126181155443,0.0001111111111111111,50.0,"[46.8%, 46.1%, 53.8%, 55.5%, 53.5%, 57.6%, 46.7%, 53.6%, 36.4%]",,,,
8,parallel,27,27,0.1295326479776056,1.9046530025020527,1.946535188704729,0.0001111111111111111,50.08888888888889,"[46.8%, 46.1%, 53.8%, 55.5%, 53.5%, 57.6%, 46.7%, 53.6%, 37.2%]",,,,
8,parallel,28,28,0.12739889001582216,1.8743309853183237,1.9228133335709572,0.0001111111111111111,50.25555555555556,"[46.8%, 46.1%, 53.8%, 55.5%, 53.5%, 57.6%, 46.7%, 53.6%, 38.7%]",,,,
8,parallel,29,29,0.12534513205403872,1.874622129330969,1.9816171638667583,0.0001111111111111111,50.03333333333333,"[46.8%, 46.1%, 53.8%, 55.5%, 53.5%, 57.6%, 46.7%, 53.6%, 36.7%]",,,,
8,parallel,30,30,0.12337137409225526,2.0559681502117475,2.0594107024371624,0.0001111111111111111,49.87777777777778,"[46.8%, 46.1%, 53.8%, 55.5%, 53.5%, 57.6%, 46.7%, 53.6%, 35.3%]",,,,
8,parallel,31,31,0.12147761613047184,1.9185202744356387,2.069199439138174,0.0001111111111111111,49.955555555555556,"[46.8%, 46.1%, 53.8%, 55.5%, 53.5%, 57.6%, 46.7%, 53.6%, 36.0%]",,,,
8,parallel,32,32,0.1196638581686884,1.8958474913979793,1.9156615063548088,0.0001111111111111111,50.28888888888889,"[46.8%, 46.1%, 53.8%, 55.5%, 53.5%, 57.6%, 46.7%, 53.6%, 39.0%]",,,,
8,parallel,33,33,0.11793010020690495,1.8454247454928745,1.8414297550916672,0.0001111111111111111,50.57777777777778,"[46.8%, 46.1%, 53.8%, 55.5%, 53.5%, 57.6%, 46.7%, 53.6%, 41.6%]",,,,
8,parallel,34,34,0.11627634224512151,1.886087754729447,1.8769143298268318,0.0001111111111111111,50.37777777777778,"[46.8%, 46.1%, 53.8%, 55.5%, 53.5%, 57.6%, 46.7%, 53.6%, 39.8%]",,,,
8,parallel,35,35,0.11470258428333807,1.8478183450212904,1.8487101383507252,0.0001111111111111111,50.46666666666667,"[46.8%, 46.1%, 53.8%, 55.5%, 53.5%, 57.6%, 46.7%, 53.6%, 40.6%]",,,,
8,parallel,36,36,0.11320882632155463,1.8175864196886682,1.8759316615760326,0.0001111111111111111,50.47777777777778,"[46.8%, 46.1%, 53.8%, 55.5%, 53.5%, 57.6%, 46.7%, 53.6%, 40.7%]",,,,
8,parallel,37,37,0.1117950683597712,1.8232424972922938,1.9049443118274212,0.0001111111111111111,50.43333333333334,"[46.8%, 46.1%, 53.8%, 55.5%, 53.5%, 57.6%, 46.7%, 53.6%, 40.3%]",,,,
8,parallel,38,38,0.11046131039798775,1.7919228395838647,1.850035808980465,0.0001111111111111111,50.46666666666667,"[46.8%, 46.1%, 53.8%, 55.5%, 53.5%, 57.6%, 46.7%, 53.6%, 40.6%]",,,,
8,parallel,39,39,0.10920755243620431,1.8721860897768834,1.9105030745267868,0.0001111111111111111,50.46666666666667,"[46.8%, 46.1%, 53.8%, 55.5%, 53.5%, 57.6%, 46.7%, 53.6%, 40.6%]",,,,
8,parallel,40,40,0.10803379447442088,1.8732053284432477,1.796525675803423,0.0001111111111111111,50.800000000000004,"[46.8%, 46.1%, 53.8%, 55.5%, 53.5%, 57.6%, 46.7%, 53.6%, 43.6%]",,,,
8,parallel,41,41,0.10694003651263743,1.8183694333787177,1.9930575489997864,0.0001111111111111111,50.2,"[46.8%, 46.1%, 53.8%, 55.5%, 53.5%, 57.6%, 46.7%, 53.6%, 38.2%]",,,,
8,parallel,42,42,0.105926278550854,1.79703709653988,1.9478727169334888,0.0001111111111111111,50.34444444444445,"[46.8%, 46.1%, 53.8%, 55.5%, 53.5%, 57.6%, 46.7%, 53.6%, 39.5%]",,,,
8,parallel,43,43,0.10499252058907056,1.7999537272058475,1.7609652876853943,0.0001111111111111111,50.922222222222224,"[46.8%, 46.1%, 53.8%, 55.5%, 53.5%, 57.6%, 46.7%, 53.6%, 44.7%]",,,,
8,parallel,44,44,0.10413876262728712,1.7707256557075841,1.7657576613128185,0.0001111111111111111,50.93333333333334,"[46.8%, 46.1%, 53.8%, 55.5%, 53.5%, 57.6%, 46.7%, 53.6%, 44.8%]",,,,
8,parallel,45,45,0.10336500466550368,1.745135114451123,1.811156339943409,0.0001111111111111111,50.72222222222222,"[46.8%, 46.1%, 53.8%, 55.5%, 53.5%, 57.6%, 46.7%, 53.6%, 42.9%]",,,,
8,parallel,46,46,0.10267124670372024,1.7332339021051006,1.814932219684124,0.0001111111111111111,50.800000000000004,"[46.8%, 46.1%, 53.8%, 55.5%, 53.5%, 57.6%, 46.7%, 53.6%, 43.6%]",,,,
8,parallel,47,47,0.1020574887419368,1.7329470101435474,1.720608465373516,0.0001111111111111111,51.04444444444445,"[46.8%, 46.1%, 53.8%, 55.5%, 53.5%, 57.6%, 46.7%, 53.6%, 45.8%]",,,,
8,parallel,48,48,0.10152373078015337,1.8220635561426735,1.8993938267230988,0.0001111111111111111,50.400000000000006,"[46.8%, 46.1%, 53.8%, 55.5%, 53.5%, 57.6%, 46.7%, 53.6%, 40.0%]",,,,
8,parallel,49,49,0.10106997281836992,1.7897794671878693,1.7142582088708878,0.0001111111111111111,51.1,"[46.8%, 46.1%, 53.8%, 55.5%, 53.5%, 57.6%, 46.7%, 53.6%, 46.3%]",,,,
8,parallel,50,50,0.10069621485658647,1.7430123812074114,1.8242458999156952,0.0001111111111111111,50.81111111111111,"[46.8%, 46.1%, 53.8%, 55.5%, 53.5%, 57.6%, 46.7%, 53.6%, 43.7%]",,,,
8,parallel,51,51,0.10040245689480304,1.7106948863169191,1.7353923954069614,0.0001111111111111111,50.922222222222224,"[46.8%, 46.1%, 53.8%, 55.5%, 53.5%, 57.6%, 46.7%, 53.6%, 44.7%]",,,,
8,parallel,52,52,0.1001886989330196,1.694990690346736,1.8143905773758888,0.0001111111111111111,50.87777777777778,"[46.8%, 46.1%, 53.8%, 55.5%, 53.5%, 57.6%, 46.7%, 53.6%, 44.3%]",,,,
8,parallel,53,53,0.10005494097123616,1.671285548787208,1.745872851461172,0.0001111111111111111,51.22222222222222,"[46.8%, 46.1%, 53.8%, 55.5%, 53.5%, 57.6%, 46.7%, 53.6%, 47.4%]",,,,
8,parallel,54,54,0.10000118300945272,1.6617703339096848,1.7486900761723518,0.0001111111111111111,51.06666666666667,"[46.8%, 46.1%, 53.8%, 55.5%, 53.5%, 57.6%, 46.7%, 53.6%, 46.0%]",,,,
8,parallel,55,55,0.1,1.6380179497846372,1.7108758203685284,0.0001111111111111111,51.12222222222223,"[46.8%, 46.1%, 53.8%, 55.5%, 53.5%, 57.6%, 46.7%, 53.6%, 46.5%]",,,,
8,weights,1,56,0.1,1.6461675410058088,1.6727268025279045,0.0001111111111111111,51.27777777777778,"[46.8%, 46.1%, 53.8%, 55.5%, 53.5%, 57.6%, 46.7%, 53.6%, 47.9%]",,,,
8,weights,2,57,0.1,1.6311092361523087,1.8599771708250046,0.0001111111111111111,50.888888888888886,"[46.8%, 46.1%, 53.8%, 55.5%, 53.5%, 57.6%, 46.7%, 53.6%, 44.4%]",,,,
8,weights,3,58,0.1,1.6089594493246382,1.6302036456763744,0.0001111111111111111,51.55555555555556,"[46.8%, 46.1%, 53.8%, 55.5%, 53.5%, 57.6%, 46.7%, 53.6%, 50.4%]",,,,
8,weights,4,59,0.1,1.600895647790022,1.679287526756525,0.0001111111111111111,51.27777777777778,"[46.8%, 46.1%, 53.8%, 55.5%, 53.5%, 57.6%, 46.7%, 53.6%, 47.9%]",,,,
8,weights,5,60,0.1,1.5972142303065888,1.6696193777024746,0.0001111111111111111,51.333333333333336,"[46.8%, 46.1%, 53.8%, 55.5%, 53.5%, 57.6%, 46.7%, 53.6%, 48.4%]",,,,
8,weights,6,61,0.1,1.5813988067541913,1.6131117567420006,0.0001111111111111111,51.422222222222224,"[46.8%, 46.1%, 53.8%, 55.5%, 53.5%, 57.6%, 46.7%, 53.6%, 49.2%]",,,,
8,weights,7,62,0.1,1.5760459087456866,1.6649689301848412,0.0001111111111111111,51.400000000000006,"[46.8%, 46.1%, 53.8%, 55.5%, 53.5%, 57.6%, 46.7%, 53.6%, 49.0%]",,,,
8,weights,8,63,0.1,1.5711950952080405,1.7200244218111038,0.0001111111111111111,51.111111111111114,"[46.8%, 46.1%, 53.8%, 55.5%, 53.5%, 57.6%, 46.7%, 53.6%, 46.4%]",,,,
8,weights,9,64,0.1,1.5718538427049187,1.7334122993052006,0.0001111111111111111,51.1888888888889,"[46.8%, 46.1%, 53.8%, 55.5%, 53.5%, 57.6%, 46.7%, 53.6%, 47.1%]",,,,
8,weights,10,65,0.1,1.5524502149812736,1.6651086993515491,0.0001111111111111111,51.300000000000004,"[46.8%, 46.1%, 53.8%, 55.5%, 53.5%, 57.6%, 46.7%, 53.6%, 48.1%]",,,,
8,weights,11,66,0.1,1.5439349709043078,1.6458155661821365,0.0001111111111111111,51.34444444444445,"[46.8%, 46.1%, 53.8%, 55.5%, 53.5%, 57.6%, 46.7%, 53.6%, 48.5%]",,,,
8,weights,12,67,0.1,1.525404172338498,1.6678425818681717,0.0001111111111111111,51.422222222222224,"[46.8%, 46.1%, 53.8%, 55.5%, 53.5%, 57.6%, 46.7%, 53.6%, 49.2%]",,,,
8,weights,13,68,0.1,1.5288349162241457,1.6552000269293785,0.0001111111111111111,51.422222222222224,"[46.8%, 46.1%, 53.8%, 55.5%, 53.5%, 57.6%, 46.7%, 53.6%, 49.2%]",,,,
8,weights,14,69,0.1,1.521002455122152,1.6102400608360767,0.0001111111111111111,51.5,"[46.8%, 46.1%, 53.8%, 55.5%, 53.5%, 57.6%, 46.7%, 53.6%, 49.9%]",,,,
8,weights,15,70,0.1,1.5329160713086463,1.6316405199468136,0.0001111111111111111,51.2,"[46.8%, 46.1%, 53.8%, 55.5%, 53.5%, 57.6%, 46.7%, 53.6%, 47.2%]",,,,
8,weights,16,71,0.1,1.5136399079280294,1.5957320630550385,0.0001111111111111111,51.644444444444446,"[46.8%, 46.1%, 53.8%, 55.5%, 53.5%, 57.6%, 46.7%, 53.6%, 51.2%]",,,,
8,weights,17,72,0.1,1.5151305259413022,1.66936507076025,0.0001111111111111111,51.43333333333334,"[46.8%, 46.1%, 53.8%, 55.5%, 53.5%, 57.6%, 46.7%, 53.6%, 49.3%]",,,,
8,weights,18,73,0.1,1.5027447779467151,1.5525346025824547,0.0001111111111111111,51.65555555555556,"[46.8%, 46.1%, 53.8%, 55.5%, 53.5%, 57.6%, 46.7%, 53.6%, 51.3%]",,,,
8,weights,19,74,0.1,1.4948782024869494,1.6425114423036575,0.0001111111111111111,51.31111111111111,"[46.8%, 46.1%, 53.8%, 55.5%, 53.5%, 57.6%, 46.7%, 53.6%, 48.2%]",,,,
8,weights,20,75,0.1,1.4899401330644158,1.6707041822373867,0.0001111111111111111,51.522222222222226,"[46.8%, 46.1%, 53.8%, 55.5%, 53.5%, 57.6%, 46.7%, 53.6%, 50.1%]",,,,
8,weights,21,76,0.1,1.4981926641646464,1.5783711522817612,0.0001111111111111111,51.666666666666664,"[46.8%, 46.1%, 53.8%, 55.5%, 53.5%, 57.6%, 46.7%, 53.6%, 51.4%]",,,,
8,weights,22,77,0.1,1.471712186837652,1.55529323220253,0.0001111111111111111,51.58888888888889,"[46.8%, 46.1%, 53.8%, 55.5%, 53.5%, 57.6%, 46.7%, 53.6%, 50.7%]",,,,
8,weights,23,78,0.1,1.4664487512248336,1.54059237241745,0.0001111111111111111,51.72222222222222,"[46.8%, 46.1%, 53.8%, 55.5%, 53.5%, 57.6%, 46.7%, 53.6%, 51.9%]",,,,
8,weights,24,79,0.1,1.4733959641426233,1.6678423844277859,0.0001111111111111111,51.51111111111111,"[46.8%, 46.1%, 53.8%, 55.5%, 53.5%, 57.6%, 46.7%, 53.6%, 50.0%]",,,,
8,weights,25,80,0.1,1.4566616450145746,1.712672546505928,0.0001111111111111111,51.34444444444445,"[46.8%, 46.1%, 53.8%, 55.5%, 53.5%, 57.6%, 46.7%, 53.6%, 48.5%]",35.67777777777778,"[4.5%, 26.7%, 30.0%, 48.8%, 49.2%, 52.0%, 26.1%, 46.0%, 37.8%]",40.766666666666666,"[31.2%, 44.0%, 32.1%, 48.0%, 40.7%, 51.3%, 34.3%, 42.4%, 42.9%]"
9,parallel,1,1,0.1,6.545077527404591,4.503067851066589,0.0001111111111111111,46.21,"[46.8%, 46.1%, 53.8%, 55.5%, 53.5%, 57.6%, 46.7%, 53.6%, 48.5%, 0.0%]",,,,
9,parallel,2,2,0.1,3.5417021915411495,3.118340387940407,0.0001111111111111111,46.71,"[46.8%, 46.1%, 53.8%, 55.5%, 53.5%, 57.6%, 46.7%, 53.6%, 48.5%, 5.0%]",,,,
9,parallel,3,3,0.1,3.068120224460675,3.036584198474884,0.0001111111111111111,46.71,"[46.8%, 46.1%, 53.8%, 55.5%, 53.5%, 57.6%, 46.7%, 53.6%, 48.5%, 5.0%]",,,,
9,parallel,4,4,0.1,3.0328218557272746,3.023279309272766,0.0001111111111111111,46.71,"[46.8%, 46.1%, 53.8%, 55.5%, 53.5%, 57.6%, 46.7%, 53.6%, 48.5%, 5.0%]",,,,
9,parallel,5,5,0.1,3.022140618342503,3.0160050988197327,0.0001111111111111111,46.71,"[46.8%, 46.1%, 53.8%, 55.5%, 53.5%, 57.6%, 46.7%, 53.6%, 48.5%, 5.0%]",,,,
9,parallel,6,6,0.1,3.01485515096385,3.009718805551529,0.0001111111111111111,46.71,"[46.8%, 46.1%, 53.8%, 55.5%, 53.5%, 57.6%, 46.7%, 53.6%, 48.5%, 5.0%]",,,,
9,parallel,7,7,0.1,2.8360798753750553,2.7255667969584465,0.0001111111111111111,47.21,"[46.8%, 46.1%, 53.8%, 55.5%, 53.5%, 57.6%, 46.7%, 53.6%, 48.5%, 10.0%]",,,,
9,parallel,8,8,0.1,2.6641749196751103,2.6484090834856033,0.0001111111111111111,47.290000000000006,"[46.8%, 46.1%, 53.8%, 55.5%, 53.5%, 57.6%, 46.7%, 53.6%, 48.5%, 10.8%]",,,,
9,parallel,9,9,0.1,2.5975348478669575,2.5683383345603943,0.0001111111111111111,47.440000000000005,"[46.8%, 46.1%, 53.8%, 55.5%, 53.5%, 57.6%, 46.7%, 53.6%, 48.5%, 12.3%]",,,,
9,parallel,10,10,0.1,2.5468085389228383,2.557184673845768,0.0001111111111111111,47.370000000000005,"[46.8%, 46.1%, 53.8%, 55.5%, 53.5%, 57.6%, 46.7%, 53.6%, 48.5%, 11.6%]",,,,
9,parallel,11,11,0.1,2.502973005270502,2.4997191727161407,0.0001111111111111111,47.61,"[46.8%, 46.1%, 53.8%, 55.5%, 53.5%, 57.6%, 46.7%, 53.6%, 48.5%, 14.0%]",,,,
9,parallel,12,12,0.1,2.457893743636502,2.6356917321681976,0.0001111111111111111,47.7,"[46.8%, 46.1%, 53.8%, 55.5%, 53.5%, 57.6%, 46.7%, 53.6%, 48.5%, 14.9%]",,,,
9,parallel,13,13,0.1,2.41127085533871,2.664663828909397,0.0001111111111111111,47.6,"[46.8%, 46.1%, 53.8%, 55.5%, 53.5%, 57.6%, 46.7%, 53.6%, 48.5%, 13.9%]",,,,
9,parallel,14,14,0.1,2.3711626803039745,2.419239990413189,0.0001111111111111111,48.18,"[46.8%, 46.1%, 53.8%, 55.5%, 53.5%, 57.6%, 46.7%, 53.6%, 48.5%, 19.7%]",,,,
9,parallel,15,15,0.1,2.3330082938929273,2.348365418612957,0.0001111111111111111,48.42,"[46.8%, 46.1%, 53.8%, 55.5%, 53.5%, 57.6%, 46.7%, 53.6%, 48.5%, 22.1%]",,,,
9,parallel,16,16,0.1,2.2839692474170854,2.490192510187626,0.0001111111111111111,48.24,"[46.8%, 46.1%, 53.8%, 55.5%, 53.5%, 57.6%, 46.7%, 53.6%, 48.5%, 20.3%]",,,,
9,parallel,17,17,0.1,2.2471555319561323,2.4509896636009216,0.0001111111111111111,48.21,"[46.8%, 46.1%, 53.8%, 55.5%, 53.5%, 57.6%, 46.7%, 53.6%, 48.5%, 20.0%]",,,,
9,parallel,18,18,0.1,2.2250872258168117,2.3116469383239746,0.0001111111111111111,48.6,"[46.8%, 46.1%, 53.8%, 55.5%, 53.5%, 57.6%, 46.7%, 53.6%, 48.5%, 23.9%]",,,,
9,parallel,19,19,0.1,2.1959898183300237,2.231224447488785,0.0001111111111111111,48.730000000000004,"[46.8%, 46.1%, 53.8%, 55.5%, 53.5%, 57.6%, 46.7%, 53.6%, 48.5%, 25.2%]",,,,
9,parallel,20,20,0.1,2.171183770629251,2.2986734583973885,0.0001111111111111111,48.59,"[46.8%, 46.1%, 53.8%, 55.5%, 53.5%, 57.6%, 46.7%, 53.6%, 48.5%, 23.8%]",,,,
9,parallel,21,21,0.1,2.1466764469814907,2.1743912026286125,0.0001111111111111111,49.09,"[46.8%, 46.1%, 53.8%, 55.5%, 53.5%, 57.6%, 46.7%, 53.6%, 48.5%, 28.8%]",,,,
9,parallel,22,22,0.1,2.122531533241272,2.30343534052372,0.0001111111111111111,48.470000000000006,"[46.8%, 46.1%, 53.8%, 55.5%, 53.5%, 57.6%, 46.7%, 53.6%, 48.5%, 22.6%]",,,,
9,parallel,23,23,0.1,2.1209082444002676,2.2143872752785683,0.0001111111111111111,48.910000000000004,"[46.8%, 46.1%, 53.8%, 55.5%, 53.5%, 57.6%, 46.7%, 53.6%, 48.5%, 27.0%]",,,,
9,parallel,24,24,0.1,2.0962869285777876,2.1115744560956955,0.0001111111111111111,49.18,"[46.8%, 46.1%, 53.8%, 55.5%, 53.5%, 57.6%, 46.7%, 53.6%, 48.5%, 29.7%]",,,,
9,parallel,25,25,0.1,2.055558221355365,2.14178204536438,0.0001111111111111111,49.27,"[46.8%, 46.1%, 53.8%, 55.5%, 53.5%, 57.6%, 46.7%, 53.6%, 48.5%, 30.6%]",,,,
9,parallel,26,26,0.1,2.0678484811904325,2.178725928068161,0.0001111111111111111,49.18,"[46.8%, 46.1%, 53.8%, 55.5%, 53.5%, 57.6%, 46.7%, 53.6%, 48.5%, 29.7%]",,,,
9,parallel,27,27,0.1,2.0479880685259584,2.124273456633091,0.0001111111111111111,49.34,"[46.8%, 46.1%, 53.8%, 55.5%, 53.5%, 57.6%, 46.7%, 53.6%, 48.5%, 31.3%]",,,,
9,parallel,28,28,0.1,2.0227911700109007,2.03991512209177,0.0001111111111111111,49.510000000000005,"[46.8%, 46.1%, 53.8%, 55.5%, 53.5%, 57.6%, 46.7%, 53.6%, 48.5%, 33.0%]",,,,
9,parallel,29,29,0.1,2.0254349260573177,2.049257680773735,0.0001111111111111111,49.410000000000004,"[46.8%, 46.1%, 53.8%, 55.5%, 53.5%, 57.6%, 46.7%, 53.6%, 48.5%, 32.0%]",,,,
9,parallel,30,30,0.1,1.9950108945749367,2.1255455017089844,0.0001111111111111111,49.24,"[46.8%, 46.1%, 53.8%, 55.5%, 53.5%, 57.6%, 46.7%, 53.6%, 48.5%, 30.3%]",,,,
9,parallel,31,31,0.1,1.99040942435052,2.2677011862397194,0.0001111111111111111,49.220000000000006,"[46.8%, 46.1%, 53.8%, 55.5%, 53.5%, 57.6%, 46.7%, 53.6%, 48.5%, 30.1%]",,,,
9,parallel,32,32,0.1,1.9841706532581596,2.0857664197683334,0.0001111111111111111,49.33,"[46.8%, 46.1%, 53.8%, 55.5%, 53.5%, 57.6%, 46.7%, 53.6%, 48.5%, 31.2%]",,,,
9,parallel,33,33,0.1,1.9644880575738894,2.0609463825821877,0.0001111111111111111,49.49,"[46.8%, 46.1%, 53.8%, 55.5%, 53.5%, 57.6%, 46.7%, 53.6%, 48.5%, 32.8%]",,,,
9,parallel,34,34,0.1,1.9509217799848813,2.053612597286701,0.0001111111111111111,49.35,"[46.8%, 46.1%, 53.8%, 55.5%, 53.5%, 57.6%, 46.7%, 53.6%, 48.5%, 31.4%]",,,,
9,parallel,35,35,0.1,1.9407380508009795,2.111170619726181,0.0001111111111111111,49.18,"[46.8%, 46.1%, 53.8%, 55.5%, 53.5%, 57.6%, 46.7%, 53.6%, 48.5%, 29.7%]",,,,
9,parallel,36,36,0.1,1.9419037756646516,2.04589531570673,0.0001111111111111111,49.58,"[46.8%, 46.1%, 53.8%, 55.5%, 53.5%, 57.6%, 46.7%, 53.6%, 48.5%, 33.7%]",,,,
9,parallel,37,37,0.1,1.9103981264077934,2.1113764345645905,0.0001111111111111111,49.480000000000004,"[46.8%, 46.1%, 53.8%, 55.5%, 53.5%, 57.6%, 46.7%, 53.6%, 48.5%, 32.7%]",,,,
9,parallel,38,38,0.1,1.929730036456114,2.1724045239388943,0.0001111111111111111,49.220000000000006,"[46.8%, 46.1%, 53.8%, 55.5%, 53.5%, 57.6%, 46.7%, 53.6%, 48.5%, 30.1%]",,,,
9,parallel,39,39,0.1,1.9035315832514672,2.0088498666882515,0.0001111111111111111,49.61,"[46.8%, 46.1%, 53.8%, 55.5%, 53.5%, 57.6%, 46.7%, 53.6%, 48.5%, 34.0%]",,,,
9,parallel,40,40,0.1,1.9025335038543507,2.0354012846946716,0.0001111111111111111,49.78,"[46.8%, 46.1%, 53.8%, 55.5%, 53.5%, 57.6%, 46.7%, 53.6%, 48.5%, 35.7%]",,,,
9,parallel,41,41,0.1,1.891763551979308,2.0007740184664726,0.0001111111111111111,49.7,"[46.8%, 46.1%, 53.8%, 55.5%, 53.5%, 57.6%, 46.7%, 53.6%, 48.5%, 34.9%]",,,,
9,parallel,42,42,0.1,1.8712119927072222,1.8960462287068367,0.0001111111111111111,50.06,"[46.8%, 46.1%, 53.8%, 55.5%, 53.5%, 57.6%, 46.7%, 53.6%, 48.5%, 38.5%]",,,,
9,parallel,43,43,0.1,1.869460012502731,2.023934829980135,0.0001111111111111111,49.6,"[46.8%, 46.1%, 53.8%, 55.5%, 53.5%, 57.6%, 46.7%, 53.6%, 48.5%, 33.9%]",,,,
9,parallel,44,44,0.1,1.8632561363232363,1.974816657602787,0.0001111111111111111,49.64,"[46.8%, 46.1%, 53.8%, 55.5%, 53.5%, 57.6%, 46.7%, 53.6%, 48.5%, 34.3%]",,,,
9,parallel,45,45,0.1,1.8589591243464476,1.9395796060562134,0.0001111111111111111,49.970000000000006,"[46.8%, 46.1%, 53.8%, 55.5%, 53.5%, 57.6%, 46.7%, 53.6%, 48.5%, 37.6%]",,,,
9,parallel,46,46,0.1,1.8488044807106068,2.0102480575442314,0.0001111111111111111,49.67,"[46.8%, 46.1%, 53.8%, 55.5%, 53.5%, 57.6%, 46.7%, 53.6%, 48.5%, 34.6%]",,,,
9,parallel,47,47,0.1,1.831744164418263,2.002067666500807,0.0001111111111111111,49.56,"[46.8%, 46.1%, 53.8%, 55.5%, 53.5%, 57.6%, 46.7%, 53.6%, 48.5%, 33.5%]",,,,
9,parallel,48,48,0.1,1.8256300072761098,1.9011603519320488,0.0001111111111111111,50.160000000000004,"[46.8%, 46.1%, 53.8%, 55.5%, 53.5%, 57.6%, 46.7%, 53.6%, 48.5%, 39.5%]",,,,
9,parallel,49,49,0.1,1.8128377176394128,1.9822290316224098,0.0001111111111111111,49.720000000000006,"[46.8%, 46.1%, 53.8%, 55.5%, 53.5%, 57.6%, 46.7%, 53.6%, 48.5%, 35.1%]",,,,
9,parallel,50,50,0.1,1.814788270148502,1.812809407711029,0.0001111111111111111,50.260000000000005,"[46.8%, 46.1%, 53.8%, 55.5%, 53.5%, 57.6%, 46.7%, 53.6%, 48.5%, 40.5%]",,,,
9,parallel,51,51,0.1,1.8112280976240802,1.9473062828183174,0.0001111111111111111,50.07000000000001,"[46.8%, 46.1%, 53.8%, 55.5%, 53.5%, 57.6%, 46.7%, 53.6%, 48.5%, 38.6%]",,,,
9,parallel,52,52,0.1,1.7931813517953181,1.8775239549577236,0.0001111111111111111,50.08,"[46.8%, 46.1%, 53.8%, 55.5%, 53.5%, 57.6%, 46.7%, 53.6%, 48.5%, 38.7%]",,,,
9,parallel,53,53,0.1,1.7945914040705202,1.883911833167076,0.0001111111111111111,50.1,"[46.8%, 46.1%, 53.8%, 55.5%, 53.5%, 57.6%, 46.7%, 53.6%, 48.5%, 38.9%]",,,,
9,parallel,54,54,0.1,1.7940990575559579,1.8528980128467083,0.0001111111111111111,50.3,"[46.8%, 46.1%, 53.8%, 55.5%, 53.5%, 57.6%, 46.7%, 53.6%, 48.5%, 40.9%]",,,,
9,parallel,55,55,0.1,1.7849670390414585,1.7816625982522964,0.0001111111111111111,50.470000000000006,"[46.8%, 46.1%, 53.8%, 55.5%, 53.5%, 57.6%, 46.7%, 53.6%, 48.5%, 42.6%]",,,,
9,weights,1,56,0.1,1.760857830381697,1.8949572518467903,0.0001111111111111111,50.120000000000005,"[46.8%, 46.1%, 53.8%, 55.5%, 53.5%, 57.6%, 46.7%, 53.6%, 48.5%, 39.1%]",,,,
9,weights,2,57,0.1,1.7517908568594867,1.8383377753198147,0.0001111111111111111,50.32000000000001,"[46.8%, 46.1%, 53.8%, 55.5%, 53.5%, 57.6%, 46.7%, 53.6%, 48.5%, 41.1%]",,,,
9,weights,3,58,0.1,1.7531491783773823,1.9243657104671001,0.0001111111111111111,49.96,"[46.8%, 46.1%, 53.8%, 55.5%, 53.5%, 57.6%, 46.7%, 53.6%, 48.5%, 37.5%]",,,,
9,weights,4,59,0.1,1.7490541319938222,1.77626084536314,0.0001111111111111111,50.45,"[46.8%, 46.1%, 53.8%, 55.5%, 53.5%, 57.6%, 46.7%, 53.6%, 48.5%, 42.4%]",,,,
9,weights,5,60,0.1,1.7515165221159625,1.8560514077544212,0.0001111111111111111,50.17,"[46.8%, 46.1%, 53.8%, 55.5%, 53.5%, 57.6%, 46.7%, 53.6%, 48.5%, 39.6%]",,,,
9,weights,6,61,0.1,1.7437598614176368,1.7360020466148853,0.0001111111111111111,50.7,"[46.8%, 46.1%, 53.8%, 55.5%, 53.5%, 57.6%, 46.7%, 53.6%, 48.5%, 44.9%]",,,,
9,weights,7,62,0.1,1.733324441180867,1.763970524072647,0.0001111111111111111,50.5,"[46.8%, 46.1%, 53.8%, 55.5%, 53.5%, 57.6%, 46.7%, 53.6%, 48.5%, 42.9%]",,,,
9,weights,8,63,0.1,1.7233335630149598,1.7752850726246834,0.0001111111111111111,50.440000000000005,"[46.8%, 46.1%, 53.8%, 55.5%, 53.5%, 57.6%, 46.7%, 53.6%, 48.5%, 42.3%]",,,,
9,weights,9,64,0.1,1.7121080152548043,1.9744033701717854,0.0001111111111111111,49.75,"[46.8%, 46.1%, 53.8%, 55.5%, 53.5%, 57.6%, 46.7%, 53.6%, 48.5%, 35.4%]",,,,
9,weights,10,65,0.1,1.7136432380433295,1.9476750567555428,0.0001111111111111111,50.07000000000001,"[46.8%, 46.1%, 53.8%, 55.5%, 53.5%, 57.6%, 46.7%, 53.6%, 48.5%, 38.6%]",,,,
9,weights,11,66,0.1,1.7341477263505292,1.789391927421093,0.0001111111111111111,50.49,"[46.8%, 46.1%, 53.8%, 55.5%, 53.5%, 57.6%, 46.7%, 53.6%, 48.5%, 42.8%]",,,,
9,weights,12,67,0.1,1.6941829775549044,1.7213238663971424,0.0001111111111111111,50.58,"[46.8%, 46.1%, 53.8%, 55.5%, 53.5%, 57.6%, 46.7%, 53.6%, 48.5%, 43.7%]",,,,
9,weights,13,68,0.1,1.6951651421322185,1.8071361407637596,0.0001111111111111111,50.39,"[46.8%, 46.1%, 53.8%, 55.5%, 53.5%, 57.6%, 46.7%, 53.6%, 48.5%, 41.8%]",,,,
9,weights,14,69,0.1,1.685725442163504,1.8387100733816624,0.0001111111111111111,50.2,"[46.8%, 46.1%, 53.8%, 55.5%, 53.5%, 57.6%, 46.7%, 53.6%, 48.5%, 39.9%]",,,,
9,weights,15,70,0.1,1.6828861388431233,1.7528341338038445,0.0001111111111111111,50.61,"[46.8%, 46.1%, 53.8%, 55.5%, 53.5%, 57.6%, 46.7%, 53.6%, 48.5%, 44.0%]",,,,
9,weights,16,71,0.1,1.68266037619038,1.8014325350522995,0.0001111111111111111,50.4,"[46.8%, 46.1%, 53.8%, 55.5%, 53.5%, 57.6%, 46.7%, 53.6%, 48.5%, 41.9%]",,,,
9,weights,17,72,0.1,1.6510363802029069,1.8065620884299278,0.0001111111111111111,50.370000000000005,"[46.8%, 46.1%, 53.8%, 55.5%, 53.5%, 57.6%, 46.7%, 53.6%, 48.5%, 41.6%]",,,,
9,weights,18,73,0.1,1.6740719581105907,1.738108642399311,0.0001111111111111111,50.33,"[46.8%, 46.1%, 53.8%, 55.5%, 53.5%, 57.6%, 46.7%, 53.6%, 48.5%, 41.2%]",,,,
9,weights,19,74,0.1,1.6617733361614737,1.7882167734205723,0.0001111111111111111,50.53,"[46.8%, 46.1%, 53.8%, 55.5%, 53.5%, 57.6%, 46.7%, 53.6%, 48.5%, 43.2%]",,,,
9,weights,20,75,0.1,1.6725065108317478,1.745801903307438,0.0001111111111111111,50.53,"[46.8%, 46.1%, 53.8%, 55.5%, 53.5%, 57.6%, 46.7%, 53.6%, 48.5%, 43.2%]",,,,
9,weights,21,76,0.1,1.6580228691647767,1.8239660635590553,0.0001111111111111111,50.18,"[46.8%, 46.1%, 53.8%, 55.5%, 53.5%, 57.6%, 46.7%, 53.6%, 48.5%, 39.7%]",,,,
9,weights,22,77,0.1,1.6466213145833106,1.8146735839545727,0.0001111111111111111,50.27,"[46.8%, 46.1%, 53.8%, 55.5%, 53.5%, 57.6%, 46.7%, 53.6%, 48.5%, 40.6%]",,,,
9,weights,23,78,0.1,1.652292660087537,1.7430422864854336,0.0001111111111111111,50.59,"[46.8%, 46.1%, 53.8%, 55.5%, 53.5%, 57.6%, 46.7%, 53.6%, 48.5%, 43.8%]",,,,
9,weights,24,79,0.1,1.6252032488015047,1.7585008069872856,0.0001111111111111111,50.5,"[46.8%, 46.1%, 53.8%, 55.5%, 53.5%, 57.6%, 46.7%, 53.6%, 48.5%, 42.9%]",,,,
9,weights,25,80,0.1,1.6326310376452793,1.7219729721546173,0.0001111111111111111,50.540000000000006,"[46.8%, 46.1%, 53.8%, 55.5%, 53.5%, 57.6%, 46.7%, 53.6%, 48.5%, 43.3%]",33.269999999999996,"[4.5%, 26.7%, 30.0%, 48.8%, 49.2%, 52.0%, 26.1%, 46.0%, 37.8%, 11.6%]",38.79,"[31.2%, 41.1%, 28.5%, 48.0%, 40.7%, 51.3%, 35.6%, 42.4%, 42.9%, 26.2%]"
