task_idx,phase,epoch_in_phase,global_epoch,kappa,train_loss,val_loss,lr,til_avg,til_per_task,cil_stand_avg,cil_stand_per_task,cil_znorm_avg,cil_znorm_per_task
0,parallel,1,1,0.5,2.723855713,2.313512951,0.001,12,[12.0%],,,,
0,parallel,2,2,0.5,2.275145452,2.245765179,0.001,16.6,[16.6%],,,,
0,parallel,3,3,0.5,2.156197601,2.077210322,0.001,24.2,[24.2%],,,,
0,parallel,4,4,0.5,2.015885423,1.976684004,0.001,28,[28.0%],,,,
0,parallel,5,5,0.488916167,1.93549772,1.870563865,0.001,33,[33.0%],,,,
0,parallel,6,6,0.471691496,1.883160434,1.870809816,0.001,31.2,[31.2%],,,,
0,parallel,7,7,0.454819304,1.847086676,1.788611881,0.001,33.6,[33.6%],,,,
0,parallel,8,8,0.438299593,1.771919899,1.823958755,0.001,35.6,[35.6%],,,,
0,parallel,9,9,0.422132362,1.751972377,1.664658681,0.001,40.8,[40.8%],,,,
0,parallel,10,10,0.40631761,1.706540159,1.682303883,0.001,40.8,[40.8%],,,,
0,parallel,11,11,0.390855339,1.632315051,1.575365424,0.001,44.6,[44.6%],,,,
0,parallel,12,12,0.375745548,1.596836765,1.575976014,0.001,43.6,[43.6%],,,,
0,parallel,13,13,0.360988236,1.600146369,1.505265638,0.001,48,[48.0%],,,,
0,parallel,14,14,0.346583405,1.525928971,1.469589233,0.001,47.6,[47.6%],,,,
0,parallel,15,15,0.332531053,1.517199999,1.480530687,0.001,48,[48.0%],,,,
0,parallel,16,16,0.318831182,1.475497898,1.475915566,0.001,48.2,[48.2%],,,,
0,parallel,17,17,0.305483791,1.472853848,1.461324908,0.001,47,[47.0%],,,,
0,parallel,18,18,0.292488879,1.434760098,1.420650922,0.001,51.4,[51.4%],,,,
0,parallel,19,19,0.279846448,1.460310933,1.466118559,0.001,51.4,[51.4%],,,,
0,parallel,20,20,0.267556496,1.404076617,1.480544984,0.001,46.8,[46.8%],,,,
0,parallel,21,21,0.255619025,1.425362226,1.435339376,0.001,48.8,[48.8%],,,,
0,parallel,22,22,0.244034034,1.384494993,1.372692257,0.001,52,[52.0%],,,,
0,parallel,23,23,0.232801522,1.377031885,1.443609722,0.001,48.6,[48.6%],,,,
0,parallel,24,24,0.221921491,1.375783342,1.350453407,0.001,51.6,[51.6%],,,,
0,parallel,25,25,0.211393939,1.379405136,1.366163582,0.001,50.2,[50.2%],,,,
0,parallel,26,26,0.201218868,1.403300068,1.536294892,0.001,49.6,[49.6%],,,,
0,parallel,27,27,0.191396277,1.369049205,1.416186191,0.001,52.8,[52.8%],,,,
0,parallel,28,28,0.181926165,1.420918868,1.373062506,0.001,52.4,[52.4%],,,,
0,parallel,29,29,0.172808534,1.388823378,1.454608425,0.000333333,49,[49.0%],,,,
0,parallel,30,30,0.164043382,1.366070612,1.361861296,0.000333333,53.8,[53.8%],,,,
0,parallel,31,31,0.155630711,1.378740582,1.38739296,0.000333333,51.8,[51.8%],,,,
0,parallel,32,32,0.14757052,1.418239563,1.438868776,0.000333333,49.4,[49.4%],,,,
0,parallel,33,33,0.139862808,1.438021186,1.42641712,0.000333333,51.2,[51.2%],,,,
0,parallel,34,34,0.132507577,1.438866941,1.417813122,0.000111111,53.4,[53.4%],,,,
0,parallel,35,35,0.125504826,1.437541747,1.428005479,0.000111111,52.6,[52.6%],,,,
0,parallel,36,36,0.118854554,1.558636364,1.508909911,0.000111111,50,[50.0%],,,,
0,parallel,37,37,0.112556763,1.594873021,1.539019428,0.000111111,49.2,[49.2%],,,,
0,parallel,38,38,0.106611451,1.703174128,1.649505034,0.000111111,46.6,[46.6%],,,,
0,parallel,39,39,0.10101862,1.750777845,1.747266427,0.000111111,43.8,[43.8%],,,,
0,parallel,40,40,0.095778269,1.728661788,1.699132569,0.000111111,45.4,[45.4%],,,,
0,parallel,41,41,0.090890397,1.960267637,1.980230138,0.000111111,36.6,[36.6%],,,,
0,parallel,42,42,0.086355006,1.910693055,1.916831732,0.000111111,39.6,[39.6%],,,,
0,parallel,43,43,0.082172094,2.005387434,1.984110847,0.000111111,37,[37.0%],,,,
0,parallel,44,44,0.078341663,1.955053799,1.946507543,0.000111111,36.2,[36.2%],,,,
0,parallel,45,45,0.074863712,2.117721043,2.053703487,0.000111111,33.2,[33.2%],,,,
0,parallel,46,46,0.07173824,2.089186899,2.111988008,0.000111111,32.4,[32.4%],,,,
0,parallel,47,47,0.068965249,2.15750509,2.117820382,0.000111111,32.4,[32.4%],,,,
0,parallel,48,48,0.066544737,2.109026284,2.096897408,0.000111111,34.2,[34.2%],,,,
0,parallel,49,49,0.064476706,2.103379871,2.074887618,0.000111111,33,[33.0%],,,,
0,parallel,50,50,0.062761155,2.084851324,2.068319723,0.000111111,33.8,[33.8%],,,,
0,parallel,51,51,0.061398083,2.287485053,2.18872647,0.000111111,26,[26.0%],,,,
0,parallel,52,52,0.060387492,2.176435241,2.122374699,0.000111111,28.8,[28.8%],,,,
0,parallel,53,53,0.05972938,2.120425977,2.08197327,0.000111111,29.2,[29.2%],,,,
0,parallel,54,54,0.059423749,2.082977725,2.0451978,0.000111111,29.6,[29.6%],,,,
0,parallel,55,55,0.0594,2.055787361,2.033534676,0.000111111,32.2,[32.2%],,,,
0,weights,1,56,0.0594,2.021356634,2.006946564,0.000111111,31.8,[31.8%],,,,
0,weights,2,57,0.0594,2.009741234,1.984545991,0.000111111,32.6,[32.6%],,,,
0,weights,3,58,0.0594,1.996303543,1.968443871,0.000111111,33.2,[33.2%],,,,
0,weights,4,59,0.0594,1.978997111,1.950303435,0.000111111,35.2,[35.2%],,,,
0,weights,5,60,0.0594,1.968257435,1.939297646,0.000111111,35.4,[35.4%],,,,
0,weights,6,61,0.0594,1.96127768,1.926343128,0.000111111,35.4,[35.4%],,,,
0,weights,7,62,0.0594,1.946939818,1.918366462,0.000111111,36.4,[36.4%],,,,
0,weights,8,63,0.0594,1.940311355,1.914576009,0.000111111,36.6,[36.6%],,,,
0,weights,9,64,0.0594,1.933965645,1.912591308,0.000111111,34.6,[34.6%],,,,
0,weights,10,65,0.0594,1.915035651,1.901784524,0.000111111,36.4,[36.4%],,,,
0,weights,11,66,0.0594,1.912848462,1.878285572,0.000111111,38.6,[38.6%],,,,
0,weights,12,67,0.0594,1.920719937,1.886107326,0.000111111,38,[38.0%],,,,
0,weights,13,68,0.0594,1.895629555,1.871028394,0.000111111,37.2,[37.2%],,,,
0,weights,14,69,0.0594,1.897846694,1.872565582,0.000111111,37.8,[37.8%],,,,
0,weights,15,70,0.0594,1.875453436,1.855455101,0.000111111,38,[38.0%],,,,
0,weights,16,71,0.0594,1.883320698,1.858639523,0.000111111,36.8,[36.8%],,,,
0,weights,17,72,0.0594,1.877660293,1.867927209,0.000111111,36.4,[36.4%],,,,
0,weights,18,73,0.0594,1.864279501,1.864915118,0.000111111,38.2,[38.2%],,,,
0,weights,19,74,0.0594,1.847403049,1.843346268,0.000111111,37.8,[37.8%],,,,
0,weights,20,75,0.0594,1.845143143,1.842386097,0.000111111,38.4,[38.4%],,,,
0,weights,21,76,0.0594,1.838751542,1.836372763,0.000111111,39.6,[39.6%],,,,
0,weights,22,77,0.0594,1.845025292,1.833964229,0.000111111,38,[38.0%],,,,
0,weights,23,78,0.0594,1.827880745,1.820206434,0.000111111,38.6,[38.6%],,,,
0,weights,24,79,0.0594,1.823174211,1.818755418,0.000111111,38.4,[38.4%],,,,
0,weights,25,80,0.0594,1.80912233,1.814008728,0.000111111,40,[40.0%],40,[40.0%],43.3,[43.3%]
1,parallel,1,1,0.5,3.191465505,2.333941072,0.000111111,25.2,"[40.0%, 10.4%]",,,,
1,parallel,2,2,0.5,2.31733059,2.268602788,0.000111111,29.9,"[40.0%, 19.8%]",,,,
1,parallel,3,3,0.5,2.227751337,2.125480264,0.000111111,31.6,"[40.0%, 23.2%]",,,,
1,parallel,4,4,0.5,2.114964429,2.018241674,0.000111111,35.1,"[40.0%, 30.2%]",,,,
1,parallel,5,5,0.488889952,2.036667747,1.943715736,0.000111111,35.5,"[40.0%, 31.0%]",,,,
1,parallel,6,6,0.471624541,1.958543619,1.816914693,0.000111111,39,"[40.0%, 38.0%]",,,,
1,parallel,7,7,0.454712443,1.871627372,1.807071999,0.000111111,38.5,"[40.0%, 37.0%]",,,,
1,parallel,8,8,0.43815366,1.794637015,1.72312361,0.000111111,41.6,"[40.0%, 43.2%]",,,,
1,parallel,9,9,0.42194819,1.767843345,1.682633713,0.000111111,40.3,"[40.0%, 40.6%]",,,,
1,parallel,10,10,0.406096033,1.693428107,1.722848132,0.000111111,40.6,"[40.0%, 41.2%]",,,,
1,parallel,11,11,0.39059719,1.664225835,1.639432609,0.000111111,42,"[40.0%, 44.0%]",,,,
1,parallel,12,12,0.375451661,1.59708486,1.638105214,0.000111111,41.4,"[40.0%, 42.8%]",,,,
1,parallel,13,13,0.360659446,1.576897709,1.548780382,0.000111111,43.7,"[40.0%, 47.4%]",,,,
1,parallel,14,14,0.346220544,1.526497654,1.514596052,0.000111111,44.1,"[40.0%, 48.2%]",,,,
1,parallel,15,15,0.332134957,1.505398945,1.570911437,0.000111111,42.1,"[40.0%, 44.2%]",,,,
1,parallel,16,16,0.318402682,1.503302493,1.473742753,0.000111111,45.9,"[40.0%, 51.8%]",,,,
1,parallel,17,17,0.305023722,1.500483243,1.479129642,0.000111111,44.5,"[40.0%, 49.0%]",,,,
1,parallel,18,18,0.291998075,1.459718131,1.411445871,0.000111111,46.5,"[40.0%, 53.0%]",,,,
1,parallel,19,19,0.279325742,1.41885435,1.374746419,0.000111111,47.2,"[40.0%, 54.4%]",,,,
1,parallel,20,20,0.267006722,1.39663728,1.360561118,0.000111111,47.6,"[40.0%, 55.2%]",,,,
1,parallel,21,21,0.255041016,1.395676791,1.449472584,0.000111111,45.2,"[40.0%, 50.4%]",,,,
1,parallel,22,22,0.243428624,1.407999437,1.413353443,0.000111111,44.8,"[40.0%, 49.6%]",,,,
1,parallel,23,23,0.232169546,1.378141264,1.366308823,0.000111111,46.3,"[40.0%, 52.6%]",,,,
1,parallel,24,24,0.221263781,1.373088782,1.41000098,0.000111111,45.7,"[40.0%, 51.4%]",,,,
1,parallel,25,25,0.21071133,1.375373857,1.358382434,0.000111111,48.1,"[40.0%, 56.2%]",,,,
1,parallel,26,26,0.200512192,1.371667938,1.362384245,0.000111111,47.1,"[40.0%, 54.2%]",,,,
1,parallel,27,27,0.190666368,1.338636441,1.475835621,0.000111111,44.4,"[40.0%, 48.8%]",,,,
1,parallel,28,28,0.181173858,1.386188822,1.383834384,0.000111111,47.1,"[40.0%, 54.2%]",,,,
1,parallel,29,29,0.172034662,1.353512806,1.434954882,0.000111111,45.7,"[40.0%, 51.4%]",,,,
1,parallel,30,30,0.163248779,1.383970893,1.481034264,0.000111111,44.7,"[40.0%, 49.4%]",,,,
1,parallel,31,31,0.15481621,1.404589347,1.367594376,0.000111111,47.8,"[40.0%, 55.6%]",,,,
1,parallel,32,32,0.146736955,1.423684457,1.451588087,0.000111111,46.2,"[40.0%, 52.4%]",,,,
1,parallel,33,33,0.139011013,1.466815052,1.461670041,0.000111111,44.8,"[40.0%, 49.6%]",,,,
1,parallel,34,34,0.131638385,1.49195651,1.390854597,0.000111111,47.2,"[40.0%, 54.4%]",,,,
1,parallel,35,35,0.124619071,1.511352596,1.486950964,0.000111111,45.8,"[40.0%, 51.6%]",,,,
1,parallel,36,36,0.117953071,1.49177018,1.530980259,0.000111111,44,"[40.0%, 48.0%]",,,,
1,parallel,37,37,0.111640384,1.526643184,1.400916278,0.000111111,47.5,"[40.0%, 55.0%]",,,,
1,parallel,38,38,0.10568101,1.520545062,1.413004234,0.000111111,47.3,"[40.0%, 54.6%]",,,,
1,parallel,39,39,0.100074951,1.545243206,1.487266332,0.000111111,45.4,"[40.0%, 50.8%]",,,,
1,parallel,40,40,0.094822205,1.527329854,1.51596611,0.000111111,44.6,"[40.0%, 49.2%]",,,,
1,parallel,41,41,0.089922773,1.728935073,1.557600453,0.000111111,45.1,"[40.0%, 50.2%]",,,,
1,parallel,42,42,0.085376654,1.665789725,1.576182723,0.000111111,43.7,"[40.0%, 47.4%]",,,,
1,parallel,43,43,0.08118385,1.606005383,1.521343619,0.000111111,45.2,"[40.0%, 50.4%]",,,,
1,parallel,44,44,0.077344358,1.786003575,1.75298138,0.000111111,40.5,"[40.0%, 41.0%]",,,,
1,parallel,45,45,0.073858181,1.713459006,1.710777402,0.000111111,41.2,"[40.0%, 42.4%]",,,,
1,parallel,46,46,0.070725317,1.653134154,1.609731898,0.000111111,43.1,"[40.0%, 46.2%]",,,,
1,parallel,47,47,0.067945767,1.717702766,1.606797814,0.000111111,43.8,"[40.0%, 47.6%]",,,,
1,parallel,48,48,0.065519531,1.690970172,1.611363992,0.000111111,43.3,"[40.0%, 46.6%]",,,,
1,parallel,49,49,0.063446608,1.652339167,1.596703947,0.000111111,43.6,"[40.0%, 47.2%]",,,,
1,parallel,50,50,0.061726999,1.806352241,1.715560839,0.000111111,41.6,"[40.0%, 43.2%]",,,,
1,parallel,51,51,0.060360704,1.737715013,1.666611224,0.000111111,42.8,"[40.0%, 45.6%]",,,,
1,parallel,52,52,0.059347722,1.672615394,1.592514604,0.000111111,43.6,"[40.0%, 47.2%]",,,,
1,parallel,53,53,0.058688054,1.640717076,1.59912087,0.000111111,42.9,"[40.0%, 45.8%]",,,,
1,parallel,54,54,0.0583817,1.704582821,1.585130811,0.000111111,44.3,"[40.0%, 48.6%]",,,,
1,parallel,55,55,0.058357895,1.638700644,1.565253034,0.000111111,43.6,"[40.0%, 47.2%]",,,,
1,weights,1,56,0.058357895,1.607487529,1.560491726,0.000111111,43.6,"[40.0%, 47.2%]",,,,
1,weights,2,57,0.058357895,1.575742135,1.508369908,0.000111111,46.2,"[40.0%, 52.4%]",,,,
1,weights,3,58,0.058357895,1.577567991,1.516463459,0.000111111,44.6,"[40.0%, 49.2%]",,,,
1,weights,4,59,0.058357895,1.547810748,1.497048587,0.000111111,45.6,"[40.0%, 51.2%]",,,,
1,weights,5,60,0.058357895,1.542767561,1.489371076,0.000111111,44.7,"[40.0%, 49.4%]",,,,
1,weights,6,61,0.058357895,1.526055946,1.469283164,0.000111111,45.7,"[40.0%, 51.4%]",,,,
1,weights,7,62,0.058357895,1.506371116,1.525231406,0.000111111,45.2,"[40.0%, 50.4%]",,,,
1,weights,8,63,0.058357895,1.492989296,1.46420563,0.000111111,46.2,"[40.0%, 52.4%]",,,,
1,weights,9,64,0.058357895,1.479847867,1.506472334,0.000111111,44.9,"[40.0%, 49.8%]",,,,
1,weights,10,65,0.058357895,1.480963558,1.457100675,0.000111111,45.7,"[40.0%, 51.4%]",,,,
1,weights,11,66,0.058357895,1.453198564,1.479545295,0.000111111,45.6,"[40.0%, 51.2%]",,,,
1,weights,12,67,0.058357895,1.45535645,1.442200541,0.000111111,45.8,"[40.0%, 51.6%]",,,,
1,weights,13,68,0.058357895,1.44106221,1.438489124,0.000111111,46.3,"[40.0%, 52.6%]",,,,
1,weights,14,69,0.058357895,1.454441175,1.474451706,0.000111111,44.7,"[40.0%, 49.4%]",,,,
1,weights,15,70,0.058357895,1.446733013,1.454969034,0.000111111,45.8,"[40.0%, 51.6%]",,,,
1,weights,16,71,0.058357895,1.412144712,1.416463606,0.000111111,45.2,"[40.0%, 50.4%]",,,,
1,weights,17,72,0.058357895,1.421912257,1.430097774,0.000111111,46.6,"[40.0%, 53.2%]",,,,
1,weights,18,73,0.058357895,1.399013863,1.414700806,0.000111111,45.9,"[40.0%, 51.8%]",,,,
1,weights,19,74,0.058357895,1.384317295,1.416481726,0.000111111,46.5,"[40.0%, 53.0%]",,,,
1,weights,20,75,0.058357895,1.383114495,1.418859899,0.000111111,46.2,"[40.0%, 52.4%]",,,,
1,weights,21,76,0.058357895,1.387226054,1.457925528,0.000111111,45.6,"[40.0%, 51.2%]",,,,
1,weights,22,77,0.058357895,1.385098657,1.425778136,0.000111111,45.4,"[40.0%, 50.8%]",,,,
1,weights,23,78,0.058357895,1.384642266,1.371089317,0.000111111,46.3,"[40.0%, 52.6%]",,,,
1,weights,24,79,0.058357895,1.3582363,1.361790799,0.000111111,47,"[40.0%, 54.0%]",,,,
1,weights,25,80,0.058357895,1.354399637,1.425498538,0.000111111,45.6,"[40.0%, 51.2%]",30.3,"[9.4%, 51.2%]",46.15,"[42.6%, 49.7%]"
2,parallel,1,1,0.5,3.916446613,2.34480384,0.000111111,33.73333333,"[40.0%, 51.2%, 10.0%]",,,,
2,parallel,2,2,0.5,2.33105176,2.316962451,0.000111111,33.73333333,"[40.0%, 51.2%, 10.0%]",,,,
2,parallel,3,3,0.5,2.306895851,2.266532183,0.000111111,35.46666667,"[40.0%, 51.2%, 15.2%]",,,,
2,parallel,4,4,0.5,2.192987904,2.125240326,0.000111111,37.13333333,"[40.0%, 51.2%, 20.2%]",,,,
2,parallel,5,5,0.488863736,2.082780272,2.055911183,0.000111111,37.26666667,"[40.0%, 51.2%, 20.6%]",,,,
2,parallel,6,6,0.471557586,1.997589004,1.970545918,0.000111111,39.46666667,"[40.0%, 51.2%, 27.2%]",,,,
2,parallel,7,7,0.454605582,1.972586377,1.903514296,0.000111111,40.26666667,"[40.0%, 51.2%, 29.6%]",,,,
2,parallel,8,8,0.438007726,1.92007306,1.952938557,0.000111111,39.6,"[40.0%, 51.2%, 27.6%]",,,,
2,parallel,9,9,0.421764017,1.884931572,1.822185427,0.000111111,42.4,"[40.0%, 51.2%, 36.0%]",,,,
2,parallel,10,10,0.405874456,1.799649083,1.833742216,0.000111111,41.8,"[40.0%, 51.2%, 34.2%]",,,,
2,parallel,11,11,0.390339042,1.780046499,1.821177647,0.000111111,41.53333333,"[40.0%, 51.2%, 33.4%]",,,,
2,parallel,12,12,0.375157775,1.740137259,1.772716105,0.000111111,42.86666667,"[40.0%, 51.2%, 37.4%]",,,,
2,parallel,13,13,0.360330656,1.690324924,1.732850611,0.000111111,42.46666667,"[40.0%, 51.2%, 36.2%]",,,,
2,parallel,14,14,0.345857684,1.665152673,1.670602009,0.000111111,42.8,"[40.0%, 51.2%, 37.2%]",,,,
2,parallel,15,15,0.33173886,1.653429907,1.755638845,0.000111111,42.73333333,"[40.0%, 51.2%, 37.0%]",,,,
2,parallel,16,16,0.317974183,1.598989552,1.629665263,0.000111111,43.8,"[40.0%, 51.2%, 40.2%]",,,,
2,parallel,17,17,0.304563653,1.578640259,1.772115663,0.000111111,43.86666667,"[40.0%, 51.2%, 40.4%]",,,,
2,parallel,18,18,0.29150727,1.557838274,1.633738481,0.000111111,44.4,"[40.0%, 51.2%, 42.0%]",,,,
2,parallel,19,19,0.278805035,1.564039224,1.671720333,0.000111111,44.33333333,"[40.0%, 51.2%, 41.8%]",,,,
2,parallel,20,20,0.266456948,1.521599098,1.611755103,0.000111111,44.86666667,"[40.0%, 51.2%, 43.4%]",,,,
2,parallel,21,21,0.254463007,1.471663723,1.652028956,0.000111111,43.73333333,"[40.0%, 51.2%, 40.0%]",,,,
2,parallel,22,22,0.242823214,1.473531486,1.610024251,0.000111111,45,"[40.0%, 51.2%, 43.8%]",,,,
2,parallel,23,23,0.231537569,1.500250751,1.537034057,0.000111111,46.66666667,"[40.0%, 51.2%, 48.8%]",,,,
2,parallel,24,24,0.220606071,1.455963129,1.614274167,0.000111111,44.4,"[40.0%, 51.2%, 42.0%]",,,,
2,parallel,25,25,0.21002872,1.493019978,1.706562355,0.000111111,43.6,"[40.0%, 51.2%, 39.6%]",,,,
2,parallel,26,26,0.199805516,1.469239896,1.575075574,0.000111111,44.4,"[40.0%, 51.2%, 42.0%]",,,,
2,parallel,27,27,0.18993646,1.438802454,1.519832134,0.000111111,45.73333333,"[40.0%, 51.2%, 46.0%]",,,,
2,parallel,28,28,0.180421551,1.497615617,1.58065661,0.000111111,45,"[40.0%, 51.2%, 43.8%]",,,,
2,parallel,29,29,0.17126079,1.476274425,1.642605916,0.000111111,43.53333333,"[40.0%, 51.2%, 39.4%]",,,,
2,parallel,30,30,0.162454176,1.523690821,1.541870169,0.000111111,45.2,"[40.0%, 51.2%, 44.4%]",,,,
2,parallel,31,31,0.154001709,1.515484289,1.550051451,0.000111111,45.06666667,"[40.0%, 51.2%, 44.0%]",,,,
2,parallel,32,32,0.14590339,1.480810485,1.527090766,0.000111111,45.66666667,"[40.0%, 51.2%, 45.8%]",,,,
2,parallel,33,33,0.138159218,1.52383772,1.56444864,0.000111111,45.26666667,"[40.0%, 51.2%, 44.6%]",,,,
2,parallel,34,34,0.130769194,1.502441812,1.645424865,0.000111111,44.06666667,"[40.0%, 51.2%, 41.0%]",,,,
2,parallel,35,35,0.123733317,1.592648304,1.614458062,0.000111111,45.2,"[40.0%, 51.2%, 44.4%]",,,,
2,parallel,36,36,0.117051587,1.558665101,1.713147081,0.000111111,43.53333333,"[40.0%, 51.2%, 39.4%]",,,,
2,parallel,37,37,0.110724004,1.55739834,1.607830659,0.000111111,45,"[40.0%, 51.2%, 43.8%]",,,,
2,parallel,38,38,0.104750569,1.624408966,1.672620654,0.000111111,43.53333333,"[40.0%, 51.2%, 39.4%]",,,,
2,parallel,39,39,0.099131282,1.597160293,1.608235076,0.000111111,44.46666667,"[40.0%, 51.2%, 42.2%]",,,,
2,parallel,40,40,0.093866141,1.570728924,1.617181852,0.000111111,44.2,"[40.0%, 51.2%, 41.4%]",,,,
2,parallel,41,41,0.088955149,1.704838715,1.671737805,0.000111111,43.33333333,"[40.0%, 51.2%, 38.8%]",,,,
2,parallel,42,42,0.084398303,1.651033702,1.674451806,0.000111111,43.6,"[40.0%, 51.2%, 39.6%]",,,,
2,parallel,43,43,0.080195605,1.626027664,1.648929313,0.000111111,44,"[40.0%, 51.2%, 40.8%]",,,,
2,parallel,44,44,0.076347054,1.759142396,1.74199228,0.000111111,43.53333333,"[40.0%, 51.2%, 39.4%]",,,,
2,parallel,45,45,0.07285265,1.690398262,1.73527953,0.000111111,42.66666667,"[40.0%, 51.2%, 36.8%]",,,,
2,parallel,46,46,0.069712394,1.688947577,1.759266712,0.000111111,42.06666667,"[40.0%, 51.2%, 35.0%]",,,,
2,parallel,47,47,0.066926286,1.692249808,1.673256025,0.000111111,44.2,"[40.0%, 51.2%, 41.4%]",,,,
2,parallel,48,48,0.064494324,1.679198745,1.691203505,0.000111111,43.8,"[40.0%, 51.2%, 40.2%]",,,,
2,parallel,49,49,0.06241651,1.831923364,2.011525735,0.000111111,38.93333333,"[40.0%, 51.2%, 25.6%]",,,,
2,parallel,50,50,0.060692844,1.888302026,1.813024722,0.000111111,41.86666667,"[40.0%, 51.2%, 34.4%]",,,,
2,parallel,51,51,0.059323324,1.833142685,1.826779455,0.000111111,40.86666667,"[40.0%, 51.2%, 31.4%]",,,,
2,parallel,52,52,0.058307953,1.811646781,1.787189275,0.000111111,41.86666667,"[40.0%, 51.2%, 34.4%]",,,,
2,parallel,53,53,0.057646728,1.766739042,1.76650022,0.000111111,42.66666667,"[40.0%, 51.2%, 36.8%]",,,,
2,parallel,54,54,0.057339651,1.724796927,1.713313527,0.000111111,43.2,"[40.0%, 51.2%, 38.4%]",,,,
2,parallel,55,55,0.057315789,1.700758945,1.691174433,0.000111111,43.46666667,"[40.0%, 51.2%, 39.2%]",,,,
2,weights,1,56,0.057315789,1.691478465,1.77151452,0.000111111,41.73333333,"[40.0%, 51.2%, 34.0%]",,,,
2,weights,2,57,0.057315789,1.679017583,1.787462592,0.000111111,42,"[40.0%, 51.2%, 34.8%]",,,,
2,weights,3,58,0.057315789,1.646552501,1.657050185,0.000111111,43.4,"[40.0%, 51.2%, 39.0%]",,,,
2,weights,4,59,0.057315789,1.649694425,1.667050481,0.000111111,43.06666667,"[40.0%, 51.2%, 38.0%]",,,,
2,weights,5,60,0.057315789,1.625509208,1.63924849,0.000111111,43.4,"[40.0%, 51.2%, 39.0%]",,,,
2,weights,6,61,0.057315789,1.609001962,1.612900794,0.000111111,43.26666667,"[40.0%, 51.2%, 38.6%]",,,,
2,weights,7,62,0.057315789,1.597798136,1.606929958,0.000111111,44.26666667,"[40.0%, 51.2%, 41.6%]",,,,
2,weights,8,63,0.057315789,1.584315419,1.60925746,0.000111111,44.2,"[40.0%, 51.2%, 41.4%]",,,,
2,weights,9,64,0.057315789,1.571579994,1.60362456,0.000111111,43.93333333,"[40.0%, 51.2%, 40.6%]",,,,
2,weights,10,65,0.057315789,1.576806578,1.590318263,0.000111111,43.4,"[40.0%, 51.2%, 39.0%]",,,,
2,weights,11,66,0.057315789,1.560908381,1.684699476,0.000111111,43.4,"[40.0%, 51.2%, 39.0%]",,,,
2,weights,12,67,0.057315789,1.551927911,1.626838043,0.000111111,43.66666667,"[40.0%, 51.2%, 39.8%]",,,,
2,weights,13,68,0.057315789,1.529048844,1.612588122,0.000111111,44.53333333,"[40.0%, 51.2%, 42.4%]",,,,
2,weights,14,69,0.057315789,1.532652538,1.584427539,0.000111111,44.26666667,"[40.0%, 51.2%, 41.6%]",,,,
2,weights,15,70,0.057315789,1.54042103,1.739630975,0.000111111,42.53333333,"[40.0%, 51.2%, 36.4%]",,,,
2,weights,16,71,0.057315789,1.549500763,1.620330825,0.000111111,43.66666667,"[40.0%, 51.2%, 39.8%]",,,,
2,weights,17,72,0.057315789,1.518717638,1.629868776,0.000111111,43.86666667,"[40.0%, 51.2%, 40.4%]",,,,
2,weights,18,73,0.057315789,1.50905866,1.59241803,0.000111111,44.93333333,"[40.0%, 51.2%, 43.6%]",,,,
2,weights,19,74,0.057315789,1.527547171,1.557102606,0.000111111,44.46666667,"[40.0%, 51.2%, 42.2%]",,,,
2,weights,20,75,0.057315789,1.50868563,1.545669585,0.000111111,45.26666667,"[40.0%, 51.2%, 44.6%]",,,,
2,weights,21,76,0.057315789,1.485438895,1.550280385,0.000111111,44.66666667,"[40.0%, 51.2%, 42.8%]",,,,
2,weights,22,77,0.057315789,1.495379999,1.554128915,0.000111111,45.33333333,"[40.0%, 51.2%, 44.8%]",,,,
2,weights,23,78,0.057315789,1.478502375,1.548926845,0.000111111,44.8,"[40.0%, 51.2%, 43.2%]",,,,
2,weights,24,79,0.057315789,1.492331586,1.572830103,0.000111111,44.86666667,"[40.0%, 51.2%, 43.4%]",,,,
2,weights,25,80,0.057315789,1.480871377,1.554725476,0.000111111,45.4,"[40.0%, 51.2%, 45.0%]",29.6,"[9.4%, 51.2%, 28.2%]",39.3,"[43%, 44%, 31.4%]"
3,parallel,1,1,0.5,4.646642105,2.380346119,0.000111111,36.55,"[40.0%, 51.2%, 45.0%, 10.0%]",,,,
3,parallel,2,2,0.5,2.341687936,2.320800126,0.000111111,36.65,"[40.0%, 51.2%, 45.0%, 10.4%]",,,,
3,parallel,3,3,0.5,2.320517706,2.299546123,0.000111111,37.55,"[40.0%, 51.2%, 45.0%, 14.0%]",,,,
3,parallel,4,4,0.5,2.274240977,2.233669251,0.000111111,38.05,"[40.0%, 51.2%, 45.0%, 16.0%]",,,,
3,parallel,5,5,0.488837521,2.171886224,2.038156927,0.000111111,38.95,"[40.0%, 51.2%, 45.0%, 19.6%]",,,,
3,parallel,6,6,0.47149063,2.042984671,1.924440444,0.000111111,39.95,"[40.0%, 51.2%, 45.0%, 23.6%]",,,,
3,parallel,7,7,0.454498721,1.99920029,1.952283546,0.000111111,40.65,"[40.0%, 51.2%, 45.0%, 26.4%]",,,,
3,parallel,8,8,0.437861792,1.921340645,2.075002432,0.000111111,39.8,"[40.0%, 51.2%, 45.0%, 23.0%]",,,,
3,parallel,9,9,0.421579845,1.915579597,1.84026131,0.000111111,42.45,"[40.0%, 51.2%, 45.0%, 33.6%]",,,,
3,parallel,10,10,0.405652879,1.843206469,1.754640296,0.000111111,42.15,"[40.0%, 51.2%, 45.0%, 32.4%]",,,,
3,parallel,11,11,0.390080893,1.802990533,1.705345482,0.000111111,42.7,"[40.0%, 51.2%, 45.0%, 34.6%]",,,,
3,parallel,12,12,0.374863889,1.77953619,1.668749869,0.000111111,43.35,"[40.0%, 51.2%, 45.0%, 37.2%]",,,,
3,parallel,13,13,0.360001866,1.709592807,1.598126829,0.000111111,44.25,"[40.0%, 51.2%, 45.0%, 40.8%]",,,,
3,parallel,14,14,0.345494824,1.695060167,1.686423585,0.000111111,43.6,"[40.0%, 51.2%, 45.0%, 38.2%]",,,,
3,parallel,15,15,0.331342763,1.679144453,1.607950211,0.000111111,43.8,"[40.0%, 51.2%, 45.0%, 39.0%]",,,,
3,parallel,16,16,0.317545683,1.60358393,1.606685996,0.000111111,43.9,"[40.0%, 51.2%, 45.0%, 39.4%]",,,,
3,parallel,17,17,0.304103584,1.625708973,1.666419089,0.000111111,43.7,"[40.0%, 51.2%, 45.0%, 38.6%]",,,,
3,parallel,18,18,0.291016466,1.594184009,1.557357937,0.000111111,45,"[40.0%, 51.2%, 45.0%, 43.8%]",,,,
3,parallel,19,19,0.278284329,1.583102528,1.690625563,0.000111111,44,"[40.0%, 51.2%, 45.0%, 39.8%]",,,,
3,parallel,20,20,0.265907173,1.585023765,1.579271242,0.000111111,44.25,"[40.0%, 51.2%, 45.0%, 40.8%]",,,,
3,parallel,21,21,0.253884998,1.542829317,1.558525771,0.000111111,44.15,"[40.0%, 51.2%, 45.0%, 40.4%]",,,,
3,parallel,22,22,0.242217805,1.551072444,1.515861899,0.000111111,44.9,"[40.0%, 51.2%, 45.0%, 43.4%]",,,,
3,parallel,23,23,0.230905592,1.559520688,1.508530766,0.000111111,44.9,"[40.0%, 51.2%, 45.0%, 43.4%]",,,,
3,parallel,24,24,0.21994836,1.519523836,1.488503024,0.000111111,44.75,"[40.0%, 51.2%, 45.0%, 42.8%]",,,,
3,parallel,25,25,0.20934611,1.545355077,1.513209134,0.000111111,45.05,"[40.0%, 51.2%, 45.0%, 44.0%]",,,,
3,parallel,26,26,0.19909884,1.537499055,1.511018761,0.000111111,45.25,"[40.0%, 51.2%, 45.0%, 44.8%]",,,,
3,parallel,27,27,0.189206552,1.497511489,1.514520824,0.000111111,44.85,"[40.0%, 51.2%, 45.0%, 43.2%]",,,,
3,parallel,28,28,0.179669245,1.582506337,1.459844336,0.000111111,45.65,"[40.0%, 51.2%, 45.0%, 46.4%]",,,,
3,parallel,29,29,0.170486918,1.612235361,1.576572061,0.000111111,44.6,"[40.0%, 51.2%, 45.0%, 42.2%]",,,,
3,parallel,30,30,0.161659573,1.591779167,1.488226756,0.000111111,45.85,"[40.0%, 51.2%, 45.0%, 47.2%]",,,,
3,parallel,31,31,0.153187209,1.598182867,1.573564172,0.000111111,45,"[40.0%, 51.2%, 45.0%, 43.8%]",,,,
3,parallel,32,32,0.145069826,1.60232569,1.503357798,0.000111111,45.4,"[40.0%, 51.2%, 45.0%, 45.4%]",,,,
3,parallel,33,33,0.137307423,1.747629736,1.857631654,0.000111111,42.5,"[40.0%, 51.2%, 45.0%, 33.8%]",,,,
3,parallel,34,34,0.129900002,1.670552901,1.644901752,0.000111111,43.75,"[40.0%, 51.2%, 45.0%, 38.8%]",,,,
3,parallel,35,35,0.122847562,1.661962035,1.606743902,0.000111111,44.6,"[40.0%, 51.2%, 45.0%, 42.2%]",,,,
3,parallel,36,36,0.116150103,1.664909129,1.579361334,0.000111111,44.8,"[40.0%, 51.2%, 45.0%, 43.0%]",,,,
3,parallel,37,37,0.109807625,1.653659805,1.613687009,0.000111111,44.65,"[40.0%, 51.2%, 45.0%, 42.4%]",,,,
3,parallel,38,38,0.103820129,1.924261286,1.674819157,0.000111111,44.15,"[40.0%, 51.2%, 45.0%, 40.4%]",,,,
3,parallel,39,39,0.098187613,1.72604157,1.668165237,0.000111111,44.65,"[40.0%, 51.2%, 45.0%, 42.4%]",,,,
3,parallel,40,40,0.092910078,1.793925978,1.856228992,0.000111111,42.5,"[40.0%, 51.2%, 45.0%, 33.8%]",,,,
3,parallel,41,41,0.087987524,1.757327437,1.69900918,0.000111111,43.3,"[40.0%, 51.2%, 45.0%, 37.0%]",,,,
3,parallel,42,42,0.083419952,1.74475439,1.648939535,0.000111111,43.65,"[40.0%, 51.2%, 45.0%, 38.4%]",,,,
3,parallel,43,43,0.07920736,1.701141152,1.702606864,0.000111111,43.75,"[40.0%, 51.2%, 45.0%, 38.8%]",,,,
3,parallel,44,44,0.075349749,1.945068011,1.72701475,0.000111111,43.85,"[40.0%, 51.2%, 45.0%, 39.2%]",,,,
3,parallel,45,45,0.07184712,1.796368585,1.78177312,0.000111111,42.8,"[40.0%, 51.2%, 45.0%, 35.0%]",,,,
3,parallel,46,46,0.068699471,1.939214311,1.807419166,0.000111111,43.4,"[40.0%, 51.2%, 45.0%, 37.4%]",,,,
3,parallel,47,47,0.065906804,1.842314871,1.807855278,0.000111111,42.6,"[40.0%, 51.2%, 45.0%, 34.2%]",,,,
3,parallel,48,48,0.063469118,1.828676752,1.788360029,0.000111111,42.95,"[40.0%, 51.2%, 45.0%, 35.6%]",,,,
3,parallel,49,49,0.061386412,2.00615917,1.933643892,0.000111111,41.6,"[40.0%, 51.2%, 45.0%, 30.2%]",,,,
3,parallel,50,50,0.059658688,1.969516267,1.923818573,0.000111111,42.25,"[40.0%, 51.2%, 45.0%, 32.8%]",,,,
3,parallel,51,51,0.058285945,1.945658651,1.961793765,0.000111111,41.95,"[40.0%, 51.2%, 45.0%, 31.6%]",,,,
3,parallel,52,52,0.057268183,1.903690583,1.854290903,0.000111111,42.55,"[40.0%, 51.2%, 45.0%, 34.0%]",,,,
3,parallel,53,53,0.056605402,1.874260389,1.85247311,0.000111111,42.45,"[40.0%, 51.2%, 45.0%, 33.6%]",,,,
3,parallel,54,54,0.056297602,1.863183126,1.80121915,0.000111111,42.95,"[40.0%, 51.2%, 45.0%, 35.6%]",,,,
3,parallel,55,55,0.056273684,1.832929337,1.832988828,0.000111111,42.85,"[40.0%, 51.2%, 45.0%, 35.2%]",,,,
3,weights,1,56,0.056273684,1.815252416,1.755281031,0.000111111,42.75,"[40.0%, 51.2%, 45.0%, 34.8%]",,,,
3,weights,2,57,0.056273684,1.776467304,1.775227398,0.000111111,42.75,"[40.0%, 51.2%, 45.0%, 34.8%]",,,,
3,weights,3,58,0.056273684,1.756199316,1.771393389,0.000111111,43,"[40.0%, 51.2%, 45.0%, 35.8%]",,,,
3,weights,4,59,0.056273684,1.755472908,1.793186516,0.000111111,43.05,"[40.0%, 51.2%, 45.0%, 36.0%]",,,,
3,weights,5,60,0.056273684,1.719421506,1.763586476,0.000111111,42.6,"[40.0%, 51.2%, 45.0%, 34.2%]",,,,
3,weights,6,61,0.056273684,1.717358002,1.678062767,0.000111111,43.75,"[40.0%, 51.2%, 45.0%, 38.8%]",,,,
3,weights,7,62,0.056273684,1.713389893,1.75507693,0.000111111,42.6,"[40.0%, 51.2%, 45.0%, 34.2%]",,,,
3,weights,8,63,0.056273684,1.710300652,1.651661962,0.000111111,43.75,"[40.0%, 51.2%, 45.0%, 38.8%]",,,,
3,weights,9,64,0.056273684,1.681300215,1.63176094,0.000111111,44.15,"[40.0%, 51.2%, 45.0%, 40.4%]",,,,
3,weights,10,65,0.056273684,1.666954514,1.68857874,0.000111111,43.25,"[40.0%, 51.2%, 45.0%, 36.8%]",,,,
3,weights,11,66,0.056273684,1.686230459,1.712658629,0.000111111,43,"[40.0%, 51.2%, 45.0%, 35.8%]",,,,
3,weights,12,67,0.056273684,1.651124406,1.737422928,0.000111111,43.2,"[40.0%, 51.2%, 45.0%, 36.6%]",,,,
3,weights,13,68,0.056273684,1.635111751,1.661497071,0.000111111,43.2,"[40.0%, 51.2%, 45.0%, 36.6%]",,,,
3,weights,14,69,0.056273684,1.643102819,1.630713359,0.000111111,44,"[40.0%, 51.2%, 45.0%, 39.8%]",,,,
3,weights,15,70,0.056273684,1.641045711,1.652678058,0.000111111,44.15,"[40.0%, 51.2%, 45.0%, 40.4%]",,,,
3,weights,16,71,0.056273684,1.630834661,1.611103088,0.000111111,43.5,"[40.0%, 51.2%, 45.0%, 37.8%]",,,,
3,weights,17,72,0.056273684,1.619285793,1.61139974,0.000111111,43.75,"[40.0%, 51.2%, 45.0%, 38.8%]",,,,
3,weights,18,73,0.056273684,1.578957796,1.642841816,0.000111111,43.6,"[40.0%, 51.2%, 45.0%, 38.2%]",,,,
3,weights,19,74,0.056273684,1.596798692,1.610912025,0.000111111,44.5,"[40.0%, 51.2%, 45.0%, 41.8%]",,,,
3,weights,20,75,0.056273684,1.573500724,1.60388881,0.000111111,43.95,"[40.0%, 51.2%, 45.0%, 39.6%]",,,,
3,weights,21,76,0.056273684,1.580203936,1.593060941,0.000111111,44.2,"[40.0%, 51.2%, 45.0%, 40.6%]",,,,
3,weights,22,77,0.056273684,1.562443754,1.587576374,0.000111111,44.2,"[40.0%, 51.2%, 45.0%, 40.6%]",,,,
3,weights,23,78,0.056273684,1.572317729,1.599679127,0.000111111,43.95,"[40.0%, 51.2%, 45.0%, 39.6%]",,,,
3,weights,24,79,0.056273684,1.557403445,1.600440428,0.000111111,43.9,"[40.0%, 51.2%, 45.0%, 39.4%]",,,,
3,weights,25,80,0.056273684,1.569055598,1.606905773,0.000111111,44.05,"[40.0%, 51.2%, 45.0%, 40.0%]",28.6,"[9.4%, 51.2%, 28.2%, 25.6%]",35.95,"[32.8%, 36.6%, 31.2%, 42.6%]"
4,parallel,1,1,0.5,5.247039605,2.422976494,0.000111111,37.24,"[40.0%, 51.2%, 45.0%, 40.0%, 10.0%]",,,,
4,parallel,2,2,0.5,2.356962228,2.338188916,0.000111111,37.32,"[40.0%, 51.2%, 45.0%, 40.0%, 10.4%]",,,,
4,parallel,3,3,0.5,2.328324737,2.309344649,0.000111111,37.28,"[40.0%, 51.2%, 45.0%, 40.0%, 10.2%]",,,,
4,parallel,4,4,0.5,2.309658413,2.26903528,0.000111111,38.64,"[40.0%, 51.2%, 45.0%, 40.0%, 17.0%]",,,,
4,parallel,5,5,0.488811306,2.270077871,2.158446193,0.000111111,39.08,"[40.0%, 51.2%, 45.0%, 40.0%, 19.2%]",,,,
4,parallel,6,6,0.471423675,2.138938355,2.047009721,0.000111111,38.68,"[40.0%, 51.2%, 45.0%, 40.0%, 17.2%]",,,,
4,parallel,7,7,0.45439186,2.002864883,1.815180436,0.000111111,42.56,"[40.0%, 51.2%, 45.0%, 40.0%, 36.6%]",,,,
4,parallel,8,8,0.437715859,1.913961613,1.755994767,0.000111111,42.48,"[40.0%, 51.2%, 45.0%, 40.0%, 36.2%]",,,,
4,parallel,9,9,0.421395673,1.834988466,1.673925176,0.000111111,42.84,"[40.0%, 51.2%, 45.0%, 40.0%, 38.0%]",,,,
4,parallel,10,10,0.405431302,1.762831281,1.614554256,0.000111111,43.08,"[40.0%, 51.2%, 45.0%, 40.0%, 39.2%]",,,,
4,parallel,11,11,0.389822745,1.687595235,1.695229083,0.000111111,42.6,"[40.0%, 51.2%, 45.0%, 40.0%, 36.8%]",,,,
4,parallel,12,12,0.374570003,1.624995606,1.58115425,0.000111111,43.84,"[40.0%, 51.2%, 45.0%, 40.0%, 43.0%]",,,,
4,parallel,13,13,0.359673076,1.545205183,1.608777672,0.000111111,43.12,"[40.0%, 51.2%, 45.0%, 40.0%, 39.4%]",,,,
4,parallel,14,14,0.345131964,1.518380782,1.577063814,0.000111111,43.72,"[40.0%, 51.2%, 45.0%, 40.0%, 42.4%]",,,,
4,parallel,15,15,0.330946666,1.471259428,1.377929464,0.000111111,45.24,"[40.0%, 51.2%, 45.0%, 40.0%, 50.0%]",,,,
4,parallel,16,16,0.317117183,1.450384467,1.364862941,0.000111111,45.68,"[40.0%, 51.2%, 45.0%, 40.0%, 52.2%]",,,,
4,parallel,17,17,0.303643515,1.452458003,1.405513152,0.000111111,46.08,"[40.0%, 51.2%, 45.0%, 40.0%, 54.2%]",,,,
4,parallel,18,18,0.290525661,1.380282526,1.498895548,0.000111111,44.64,"[40.0%, 51.2%, 45.0%, 40.0%, 47.0%]",,,,
4,parallel,19,19,0.277763623,1.363084445,1.289054446,0.000111111,46.32,"[40.0%, 51.2%, 45.0%, 40.0%, 55.4%]",,,,
4,parallel,20,20,0.265357399,1.343505079,1.285730049,0.000111111,46.08,"[40.0%, 51.2%, 45.0%, 40.0%, 54.2%]",,,,
4,parallel,21,21,0.25330699,1.332076456,1.419708036,0.000111111,45.16,"[40.0%, 51.2%, 45.0%, 40.0%, 49.6%]",,,,
4,parallel,22,22,0.241612395,1.332297995,1.307574004,0.000111111,46,"[40.0%, 51.2%, 45.0%, 40.0%, 53.8%]",,,,
4,parallel,23,23,0.230273615,1.280061254,1.41076427,0.000111111,45.4,"[40.0%, 51.2%, 45.0%, 40.0%, 50.8%]",,,,
4,parallel,24,24,0.21929065,1.322565925,1.259052828,0.000111111,46.4,"[40.0%, 51.2%, 45.0%, 40.0%, 55.8%]",,,,
4,parallel,25,25,0.2086635,1.279653668,1.326988965,0.000111111,45.96,"[40.0%, 51.2%, 45.0%, 40.0%, 53.6%]",,,,
4,parallel,26,26,0.198392165,1.318618845,1.345953107,0.000111111,45.8,"[40.0%, 51.2%, 45.0%, 40.0%, 52.8%]",,,,
4,parallel,27,27,0.188476644,1.273585769,1.329521134,0.000111111,45.92,"[40.0%, 51.2%, 45.0%, 40.0%, 53.4%]",,,,
4,parallel,28,28,0.178916938,1.33188352,1.250675395,0.000111111,46.88,"[40.0%, 51.2%, 45.0%, 40.0%, 58.2%]",,,,
4,parallel,29,29,0.169713046,1.350968402,1.480723508,0.000111111,45.2,"[40.0%, 51.2%, 45.0%, 40.0%, 49.8%]",,,,
4,parallel,30,30,0.16086497,1.319097914,1.247804038,0.000111111,46.72,"[40.0%, 51.2%, 45.0%, 40.0%, 57.4%]",,,,
4,parallel,31,31,0.152372708,1.361747208,1.308296628,0.000111111,46.16,"[40.0%, 51.2%, 45.0%, 40.0%, 54.6%]",,,,
4,parallel,32,32,0.144236261,1.345944881,1.284393393,0.000111111,46.92,"[40.0%, 51.2%, 45.0%, 40.0%, 58.4%]",,,,
4,parallel,33,33,0.136455628,1.435284156,1.360512435,0.000111111,45.72,"[40.0%, 51.2%, 45.0%, 40.0%, 52.4%]",,,,
4,parallel,34,34,0.129030811,1.408090843,1.327716738,0.000111111,46.32,"[40.0%, 51.2%, 45.0%, 40.0%, 55.4%]",,,,
4,parallel,35,35,0.121961808,1.452612405,1.467102528,0.000111111,45.04,"[40.0%, 51.2%, 45.0%, 40.0%, 49.0%]",,,,
4,parallel,36,36,0.11524862,1.415687949,1.398648225,0.000111111,45.8,"[40.0%, 51.2%, 45.0%, 40.0%, 52.8%]",,,,
4,parallel,37,37,0.108891246,1.563517608,1.635377295,0.000111111,43.92,"[40.0%, 51.2%, 45.0%, 40.0%, 43.4%]",,,,
4,parallel,38,38,0.102889688,1.540624193,1.426578254,0.000111111,45.8,"[40.0%, 51.2%, 45.0%, 40.0%, 52.8%]",,,,
4,parallel,39,39,0.097243944,1.657351794,1.469467923,0.000111111,45.2,"[40.0%, 51.2%, 45.0%, 40.0%, 49.8%]",,,,
4,parallel,40,40,0.091954014,1.679000761,1.685892254,0.000111111,43.48,"[40.0%, 51.2%, 45.0%, 40.0%, 41.2%]",,,,
4,parallel,41,41,0.0870199,1.577228119,1.587735333,0.000111111,44.6,"[40.0%, 51.2%, 45.0%, 40.0%, 46.8%]",,,,
4,parallel,42,42,0.0824416,1.633455906,1.54194288,0.000111111,44.52,"[40.0%, 51.2%, 45.0%, 40.0%, 46.4%]",,,,
4,parallel,43,43,0.078219115,1.589972624,1.568526551,0.000111111,44.36,"[40.0%, 51.2%, 45.0%, 40.0%, 45.6%]",,,,
4,parallel,44,44,0.074352445,1.909844515,1.769680619,0.000111111,43.16,"[40.0%, 51.2%, 45.0%, 40.0%, 39.6%]",,,,
4,parallel,45,45,0.070841589,1.682552996,1.549463913,0.000111111,45.28,"[40.0%, 51.2%, 45.0%, 40.0%, 50.2%]",,,,
4,parallel,46,46,0.067686549,1.746964666,1.66944468,0.000111111,44.16,"[40.0%, 51.2%, 45.0%, 40.0%, 44.6%]",,,,
4,parallel,47,47,0.064887322,1.684725789,1.702965721,0.000111111,43.6,"[40.0%, 51.2%, 45.0%, 40.0%, 41.8%]",,,,
4,parallel,48,48,0.062443911,1.870574787,2.023899242,0.000111111,40.88,"[40.0%, 51.2%, 45.0%, 40.0%, 28.2%]",,,,
4,parallel,49,49,0.060356315,1.926396409,1.78724587,0.000111111,43.48,"[40.0%, 51.2%, 45.0%, 40.0%, 41.2%]",,,,
4,parallel,50,50,0.058624533,1.774795285,1.739253446,0.000111111,43.6,"[40.0%, 51.2%, 45.0%, 40.0%, 41.8%]",,,,
4,parallel,51,51,0.057248566,1.80119181,1.751365691,0.000111111,43,"[40.0%, 51.2%, 45.0%, 40.0%, 38.8%]",,,,
4,parallel,52,52,0.056228413,1.756540812,1.686989024,0.000111111,43.76,"[40.0%, 51.2%, 45.0%, 40.0%, 42.6%]",,,,
4,parallel,53,53,0.055564076,1.708349471,1.810360335,0.000111111,42.92,"[40.0%, 51.2%, 45.0%, 40.0%, 38.4%]",,,,
4,parallel,54,54,0.055255553,1.670285528,1.632753626,0.000111111,43.8,"[40.0%, 51.2%, 45.0%, 40.0%, 42.8%]",,,,
4,parallel,55,55,0.055231579,1.624297724,1.731936872,0.000111111,43.44,"[40.0%, 51.2%, 45.0%, 40.0%, 41.0%]",,,,
4,weights,1,56,0.055231579,1.632267406,1.563666165,0.000111111,44.2,"[40.0%, 51.2%, 45.0%, 40.0%, 44.8%]",,,,
4,weights,2,57,0.055231579,1.588638924,1.580975957,0.000111111,44.48,"[40.0%, 51.2%, 45.0%, 40.0%, 46.2%]",,,,
4,weights,3,58,0.055231579,1.578924457,1.543234497,0.000111111,44.36,"[40.0%, 51.2%, 45.0%, 40.0%, 45.6%]",,,,
4,weights,4,59,0.055231579,1.570329654,1.622974157,0.000111111,44.68,"[40.0%, 51.2%, 45.0%, 40.0%, 47.2%]",,,,
4,weights,5,60,0.055231579,1.554609133,1.530844033,0.000111111,44.56,"[40.0%, 51.2%, 45.0%, 40.0%, 46.6%]",,,,
4,weights,6,61,0.055231579,1.512336367,1.536573328,0.000111111,44.92,"[40.0%, 51.2%, 45.0%, 40.0%, 48.4%]",,,,
4,weights,7,62,0.055231579,1.509334766,1.539659813,0.000111111,44.6,"[40.0%, 51.2%, 45.0%, 40.0%, 46.8%]",,,,
4,weights,8,63,0.055231579,1.522948887,1.491396636,0.000111111,45.24,"[40.0%, 51.2%, 45.0%, 40.0%, 50.0%]",,,,
4,weights,9,64,0.055231579,1.501708927,1.620739698,0.000111111,44.4,"[40.0%, 51.2%, 45.0%, 40.0%, 45.8%]",,,,
4,weights,10,65,0.055231579,1.47474012,1.488584548,0.000111111,45.84,"[40.0%, 51.2%, 45.0%, 40.0%, 53.0%]",,,,
4,weights,11,66,0.055231579,1.45442803,1.467263296,0.000111111,45.28,"[40.0%, 51.2%, 45.0%, 40.0%, 50.2%]",,,,
4,weights,12,67,0.055231579,1.449443349,1.491059564,0.000111111,45.12,"[40.0%, 51.2%, 45.0%, 40.0%, 49.4%]",,,,
4,weights,13,68,0.055231579,1.441003114,1.450190715,0.000111111,45.48,"[40.0%, 51.2%, 45.0%, 40.0%, 51.2%]",,,,
4,weights,14,69,0.055231579,1.445802965,1.576478384,0.000111111,44.84,"[40.0%, 51.2%, 45.0%, 40.0%, 48.0%]",,,,
4,weights,15,70,0.055231579,1.430843503,1.389710791,0.000111111,45.88,"[40.0%, 51.2%, 45.0%, 40.0%, 53.2%]",,,,
4,weights,16,71,0.055231579,1.424026925,1.429267853,0.000111111,45.84,"[40.0%, 51.2%, 45.0%, 40.0%, 53.0%]",,,,
4,weights,17,72,0.055231579,1.426685389,1.55940593,0.000111111,44.88,"[40.0%, 51.2%, 45.0%, 40.0%, 48.2%]",,,,
4,weights,18,73,0.055231579,1.416226574,1.518314138,0.000111111,45.2,"[40.0%, 51.2%, 45.0%, 40.0%, 49.8%]",,,,
4,weights,19,74,0.055231579,1.424774096,1.410551608,0.000111111,45.84,"[40.0%, 51.2%, 45.0%, 40.0%, 53.0%]",,,,
4,weights,20,75,0.055231579,1.385455148,1.404030249,0.000111111,45.72,"[40.0%, 51.2%, 45.0%, 40.0%, 52.4%]",,,,
4,weights,21,76,0.055231579,1.395856975,1.442293391,0.000111111,45.52,"[40.0%, 51.2%, 45.0%, 40.0%, 51.4%]",,,,
4,weights,22,77,0.055231579,1.381893651,1.404566817,0.000111111,45.88,"[40.0%, 51.2%, 45.0%, 40.0%, 53.2%]",,,,
4,weights,23,78,0.055231579,1.371053448,1.469755322,0.000111111,46.08,"[40.0%, 51.2%, 45.0%, 40.0%, 54.2%]",,,,
4,weights,24,79,0.055231579,1.357955281,1.429089926,0.000111111,45.24,"[40.0%, 51.2%, 45.0%, 40.0%, 50.0%]",,,,
4,weights,25,80,0.055231579,1.362482806,1.430746809,0.000111111,45.92,"[40.0%, 51.2%, 45.0%, 40.0%, 53.4%]",29.68,"[9.4%, 46.8%, 28.2%, 19.8%, 44.2%]",35.26,"[28.7%, 36%, 32%, 33.6%, 47.4%]"
5,parallel,1,1,0.5,6.00907674,2.497505724,0.000111111,39.93333333,"[40.0%, 51.2%, 45.0%, 40.0%, 53.4%, 10.0%]",,,,
5,parallel,2,2,0.5,2.367212993,2.32199645,0.000111111,40.3,"[40.0%, 51.2%, 45.0%, 40.0%, 53.4%, 12.2%]",,,,
5,parallel,3,3,0.5,2.316688613,2.290308803,0.000111111,40.86666667,"[40.0%, 51.2%, 45.0%, 40.0%, 53.4%, 15.6%]",,,,
5,parallel,4,4,0.5,2.285472897,2.266000882,0.000111111,40.36666667,"[40.0%, 51.2%, 45.0%, 40.0%, 53.4%, 12.6%]",,,,
5,parallel,5,5,0.48878509,2.187408646,2.117958158,0.000111111,41.93333333,"[40.0%, 51.2%, 45.0%, 40.0%, 53.4%, 22.0%]",,,,
5,parallel,6,6,0.47135672,2.112113683,2.111791924,0.000111111,41.93333333,"[40.0%, 51.2%, 45.0%, 40.0%, 53.4%, 22.0%]",,,,
5,parallel,7,7,0.454284999,2.028193409,2.005542472,0.000111111,42.6,"[40.0%, 51.2%, 45.0%, 40.0%, 53.4%, 26.0%]",,,,
5,parallel,8,8,0.437569925,1.960924852,1.814660341,0.000111111,44.23333333,"[40.0%, 51.2%, 45.0%, 40.0%, 53.4%, 35.8%]",,,,
5,parallel,9,9,0.421211501,1.869781369,1.771857396,0.000111111,44.86666667,"[40.0%, 51.2%, 45.0%, 40.0%, 53.4%, 39.6%]",,,,
5,parallel,10,10,0.405209724,1.804182751,1.739402324,0.000111111,45.2,"[40.0%, 51.2%, 45.0%, 40.0%, 53.4%, 41.6%]",,,,
5,parallel,11,11,0.389564596,1.697636825,1.642755963,0.000111111,45.23333333,"[40.0%, 51.2%, 45.0%, 40.0%, 53.4%, 41.8%]",,,,
5,parallel,12,12,0.374276117,1.642776808,1.705946252,0.000111111,44.93333333,"[40.0%, 51.2%, 45.0%, 40.0%, 53.4%, 40.0%]",,,,
5,parallel,13,13,0.359344286,1.600351756,1.560127139,0.000111111,46.23333333,"[40.0%, 51.2%, 45.0%, 40.0%, 53.4%, 47.8%]",,,,
5,parallel,14,14,0.344769103,1.550231298,1.463258103,0.000111111,46.63333333,"[40.0%, 51.2%, 45.0%, 40.0%, 53.4%, 50.2%]",,,,
5,parallel,15,15,0.330550569,1.545593182,1.552323982,0.000111111,45.83333333,"[40.0%, 51.2%, 45.0%, 40.0%, 53.4%, 45.4%]",,,,
5,parallel,16,16,0.316688683,1.531473041,1.464271009,0.000111111,46.53333333,"[40.0%, 51.2%, 45.0%, 40.0%, 53.4%, 49.6%]",,,,
5,parallel,17,17,0.303183446,1.483122365,1.502214253,0.000111111,46.2,"[40.0%, 51.2%, 45.0%, 40.0%, 53.4%, 47.6%]",,,,
5,parallel,18,18,0.290034857,1.462260729,1.49686867,0.000111111,46.26666667,"[40.0%, 51.2%, 45.0%, 40.0%, 53.4%, 48.0%]",,,,
5,parallel,19,19,0.277242917,1.453387288,1.465481326,0.000111111,47,"[40.0%, 51.2%, 45.0%, 40.0%, 53.4%, 52.4%]",,,,
5,parallel,20,20,0.264807624,1.428771336,1.443103626,0.000111111,46.9,"[40.0%, 51.2%, 45.0%, 40.0%, 53.4%, 51.8%]",,,,
5,parallel,21,21,0.252728981,1.397873441,1.452027559,0.000111111,46.76666667,"[40.0%, 51.2%, 45.0%, 40.0%, 53.4%, 51.0%]",,,,
5,parallel,22,22,0.241006985,1.436394174,1.489227362,0.000111111,46.26666667,"[40.0%, 51.2%, 45.0%, 40.0%, 53.4%, 48.0%]",,,,
5,parallel,23,23,0.229641639,1.435741342,1.632532999,0.000111111,45.53333333,"[40.0%, 51.2%, 45.0%, 40.0%, 53.4%, 43.6%]",,,,
5,parallel,24,24,0.21863294,1.444835295,1.497372292,0.000111111,46.13333333,"[40.0%, 51.2%, 45.0%, 40.0%, 53.4%, 47.2%]",,,,
5,parallel,25,25,0.20798089,1.424693464,1.39407625,0.000111111,46.83333333,"[40.0%, 51.2%, 45.0%, 40.0%, 53.4%, 51.4%]",,,,
5,parallel,26,26,0.197685489,1.482844422,1.459975392,0.000111111,46.43333333,"[40.0%, 51.2%, 45.0%, 40.0%, 53.4%, 49.0%]",,,,
5,parallel,27,27,0.187746736,1.435241179,1.499157928,0.000111111,46.1,"[40.0%, 51.2%, 45.0%, 40.0%, 53.4%, 47.0%]",,,,
5,parallel,28,28,0.178164631,1.470335644,1.466365874,0.000111111,46.66666667,"[40.0%, 51.2%, 45.0%, 40.0%, 53.4%, 50.4%]",,,,
5,parallel,29,29,0.168939174,1.436044744,1.439796954,0.000111111,46.76666667,"[40.0%, 51.2%, 45.0%, 40.0%, 53.4%, 51.0%]",,,,
5,parallel,30,30,0.160070367,1.433744097,1.38345556,0.000111111,47.2,"[40.0%, 51.2%, 45.0%, 40.0%, 53.4%, 53.6%]",,,,
5,parallel,31,31,0.151558207,1.640879824,1.428939976,0.000111111,46.6,"[40.0%, 51.2%, 45.0%, 40.0%, 53.4%, 50.0%]",,,,
5,parallel,32,32,0.143402696,1.545143452,1.459539369,0.000111111,46.76666667,"[40.0%, 51.2%, 45.0%, 40.0%, 53.4%, 51.0%]",,,,
5,parallel,33,33,0.135603833,1.557263649,1.435540572,0.000111111,46.66666667,"[40.0%, 51.2%, 45.0%, 40.0%, 53.4%, 50.4%]",,,,
5,parallel,34,34,0.128161619,1.526491061,1.426998757,0.000111111,46.83333333,"[40.0%, 51.2%, 45.0%, 40.0%, 53.4%, 51.4%]",,,,
5,parallel,35,35,0.121076053,1.713217067,1.592182174,0.000111111,46.1,"[40.0%, 51.2%, 45.0%, 40.0%, 53.4%, 47.0%]",,,,
5,parallel,36,36,0.114347136,1.612699174,1.616211385,0.000111111,45.5,"[40.0%, 51.2%, 45.0%, 40.0%, 53.4%, 43.4%]",,,,
5,parallel,37,37,0.107974867,1.709745537,1.653471142,0.000111111,45.66666667,"[40.0%, 51.2%, 45.0%, 40.0%, 53.4%, 44.4%]",,,,
5,parallel,38,38,0.101959247,1.661864791,1.62768656,0.000111111,46,"[40.0%, 51.2%, 45.0%, 40.0%, 53.4%, 46.4%]",,,,
5,parallel,39,39,0.096300275,1.635186312,1.659375027,0.000111111,45.5,"[40.0%, 51.2%, 45.0%, 40.0%, 53.4%, 43.4%]",,,,
5,parallel,40,40,0.090997951,1.912825728,1.765814438,0.000111111,44.8,"[40.0%, 51.2%, 45.0%, 40.0%, 53.4%, 39.2%]",,,,
5,parallel,41,41,0.086052276,1.770022505,1.740507603,0.000111111,44.83333333,"[40.0%, 51.2%, 45.0%, 40.0%, 53.4%, 39.4%]",,,,
5,parallel,42,42,0.081463249,1.762738723,1.754986644,0.000111111,45.16666667,"[40.0%, 51.2%, 45.0%, 40.0%, 53.4%, 41.4%]",,,,
5,parallel,43,43,0.07723087,1.88005276,1.859900489,0.000111111,44.46666667,"[40.0%, 51.2%, 45.0%, 40.0%, 53.4%, 37.2%]",,,,
5,parallel,44,44,0.07335514,1.893142183,1.768216208,0.000111111,44.76666667,"[40.0%, 51.2%, 45.0%, 40.0%, 53.4%, 39.0%]",,,,
5,parallel,45,45,0.069836059,1.849433958,1.829148471,0.000111111,44.33333333,"[40.0%, 51.2%, 45.0%, 40.0%, 53.4%, 36.4%]",,,,
5,parallel,46,46,0.066673626,1.812021177,1.755385682,0.000111111,45.33333333,"[40.0%, 51.2%, 45.0%, 40.0%, 53.4%, 42.4%]",,,,
5,parallel,47,47,0.063867841,1.817536692,1.719349414,0.000111111,45.7,"[40.0%, 51.2%, 45.0%, 40.0%, 53.4%, 44.6%]",,,,
5,parallel,48,48,0.061418705,2.031230275,1.922548249,0.000111111,44.2,"[40.0%, 51.2%, 45.0%, 40.0%, 53.4%, 35.6%]",,,,
5,parallel,49,49,0.059326217,1.961864855,1.967082053,0.000111111,43.56666667,"[40.0%, 51.2%, 45.0%, 40.0%, 53.4%, 31.8%]",,,,
5,parallel,50,50,0.057590377,1.95337417,1.831666186,0.000111111,44.36666667,"[40.0%, 51.2%, 45.0%, 40.0%, 53.4%, 36.6%]",,,,
5,parallel,51,51,0.056211186,1.886513644,1.802967921,0.000111111,44.6,"[40.0%, 51.2%, 45.0%, 40.0%, 53.4%, 38.0%]",,,,
5,parallel,52,52,0.055188644,1.804018357,1.776408032,0.000111111,44.56666667,"[40.0%, 51.2%, 45.0%, 40.0%, 53.4%, 37.8%]",,,,
5,parallel,53,53,0.054522749,1.934950853,1.893771708,0.000111111,43.96666667,"[40.0%, 51.2%, 45.0%, 40.0%, 53.4%, 34.2%]",,,,
5,parallel,54,54,0.054213504,1.891105457,1.829760425,0.000111111,44.36666667,"[40.0%, 51.2%, 45.0%, 40.0%, 53.4%, 36.6%]",,,,
5,parallel,55,55,0.054189474,1.820541921,1.779732198,0.000111111,44.83333333,"[40.0%, 51.2%, 45.0%, 40.0%, 53.4%, 39.4%]",,,,
5,weights,1,56,0.054189474,1.803219232,1.756367803,0.000111111,44.83333333,"[40.0%, 51.2%, 45.0%, 40.0%, 53.4%, 39.4%]",,,,
5,weights,2,57,0.054189474,1.76125432,1.720511876,0.000111111,44.86666667,"[40.0%, 51.2%, 45.0%, 40.0%, 53.4%, 39.6%]",,,,
5,weights,3,58,0.054189474,1.763868471,1.786298364,0.000111111,44.4,"[40.0%, 51.2%, 45.0%, 40.0%, 53.4%, 36.8%]",,,,
5,weights,4,59,0.054189474,1.73503744,1.739782147,0.000111111,44.83333333,"[40.0%, 51.2%, 45.0%, 40.0%, 53.4%, 39.4%]",,,,
5,weights,5,60,0.054189474,1.733212756,1.683352694,0.000111111,45.2,"[40.0%, 51.2%, 45.0%, 40.0%, 53.4%, 41.6%]",,,,
5,weights,6,61,0.054189474,1.721205828,1.738562614,0.000111111,44.96666667,"[40.0%, 51.2%, 45.0%, 40.0%, 53.4%, 40.2%]",,,,
5,weights,7,62,0.054189474,1.703632071,1.634887457,0.000111111,45.83333333,"[40.0%, 51.2%, 45.0%, 40.0%, 53.4%, 45.4%]",,,,
5,weights,8,63,0.054189474,1.675141276,1.637910344,0.000111111,45.33333333,"[40.0%, 51.2%, 45.0%, 40.0%, 53.4%, 42.4%]",,,,
5,weights,9,64,0.054189474,1.671531905,1.640664861,0.000111111,45.56666667,"[40.0%, 51.2%, 45.0%, 40.0%, 53.4%, 43.8%]",,,,
5,weights,10,65,0.054189474,1.681561459,1.691639021,0.000111111,45.33333333,"[40.0%, 51.2%, 45.0%, 40.0%, 53.4%, 42.4%]",,,,
5,weights,11,66,0.054189474,1.670305652,1.608367011,0.000111111,45.46666667,"[40.0%, 51.2%, 45.0%, 40.0%, 53.4%, 43.2%]",,,,
5,weights,12,67,0.054189474,1.656544055,1.697527416,0.000111111,45.16666667,"[40.0%, 51.2%, 45.0%, 40.0%, 53.4%, 41.4%]",,,,
5,weights,13,68,0.054189474,1.651842941,1.664041542,0.000111111,45.46666667,"[40.0%, 51.2%, 45.0%, 40.0%, 53.4%, 43.2%]",,,,
5,weights,14,69,0.054189474,1.63582234,1.597185954,0.000111111,46.03333333,"[40.0%, 51.2%, 45.0%, 40.0%, 53.4%, 46.6%]",,,,
5,weights,15,70,0.054189474,1.621076083,1.625888228,0.000111111,45.53333333,"[40.0%, 51.2%, 45.0%, 40.0%, 53.4%, 43.6%]",,,,
5,weights,16,71,0.054189474,1.609890137,1.586682588,0.000111111,45.7,"[40.0%, 51.2%, 45.0%, 40.0%, 53.4%, 44.6%]",,,,
5,weights,17,72,0.054189474,1.59726533,1.596558809,0.000111111,45.6,"[40.0%, 51.2%, 45.0%, 40.0%, 53.4%, 44.0%]",,,,
5,weights,18,73,0.054189474,1.601141127,1.605205759,0.000111111,45.66666667,"[40.0%, 51.2%, 45.0%, 40.0%, 53.4%, 44.4%]",,,,
5,weights,19,74,0.054189474,1.597825837,1.596750885,0.000111111,46.23333333,"[40.0%, 51.2%, 45.0%, 40.0%, 53.4%, 47.8%]",,,,
5,weights,20,75,0.054189474,1.597148432,1.563604191,0.000111111,45.83333333,"[40.0%, 51.2%, 45.0%, 40.0%, 53.4%, 45.4%]",,,,
5,weights,21,76,0.054189474,1.583845745,1.603984058,0.000111111,45.7,"[40.0%, 51.2%, 45.0%, 40.0%, 53.4%, 44.6%]",,,,
5,weights,22,77,0.054189474,1.57804695,1.635769278,0.000111111,45.3,"[40.0%, 51.2%, 45.0%, 40.0%, 53.4%, 42.2%]",,,,
5,weights,23,78,0.054189474,1.579026086,1.596065536,0.000111111,45.6,"[40.0%, 51.2%, 45.0%, 40.0%, 53.4%, 44.0%]",,,,
5,weights,24,79,0.054189474,1.561248349,1.533577234,0.000111111,46.33333333,"[40.0%, 51.2%, 45.0%, 40.0%, 53.4%, 48.4%]",,,,
5,weights,25,80,0.054189474,1.57181553,1.534625322,0.000111111,46.16666667,"[40.0%, 51.2%, 45.0%, 40.0%, 53.4%, 47.4%]",31.33333333,"[9.4%, 46.8%, 28.2%, 19.8%, 44.2%, 39.6%]",35.73333333,"[29.2%, 44.2%, 31.7%, 20.7%, 47.6%, 42.9%]"
6,parallel,1,1,0.5,6.794896799,2.67239821,0.000111111,41.05714286,"[40.0%, 51.2%, 45.0%, 40.0%, 53.4%, 47.4%, 10.4%]",,,,
6,parallel,2,2,0.5,2.39001581,2.325484812,0.000111111,41.71428571,"[40.0%, 51.2%, 45.0%, 40.0%, 53.4%, 47.4%, 15.0%]",,,,
6,parallel,3,3,0.5,2.321323573,2.296877086,0.000111111,41.45714286,"[40.0%, 51.2%, 45.0%, 40.0%, 53.4%, 47.4%, 13.2%]",,,,
6,parallel,4,4,0.5,2.298086996,2.285436839,0.000111111,41.51428571,"[40.0%, 51.2%, 45.0%, 40.0%, 53.4%, 47.4%, 13.6%]",,,,
6,parallel,5,5,0.488758875,2.229560593,2.164007321,0.000111111,42.57142857,"[40.0%, 51.2%, 45.0%, 40.0%, 53.4%, 47.4%, 21.0%]",,,,
6,parallel,6,6,0.471289765,2.155202347,2.065250516,0.000111111,42.77142857,"[40.0%, 51.2%, 45.0%, 40.0%, 53.4%, 47.4%, 22.4%]",,,,
6,parallel,7,7,0.454178137,2.066537539,1.984527498,0.000111111,43.57142857,"[40.0%, 51.2%, 45.0%, 40.0%, 53.4%, 47.4%, 28.0%]",,,,
6,parallel,8,8,0.437423992,2.009227169,1.957487479,0.000111111,43.94285714,"[40.0%, 51.2%, 45.0%, 40.0%, 53.4%, 47.4%, 30.6%]",,,,
6,parallel,9,9,0.421027328,1.95905506,1.889069185,0.000111111,44.82857143,"[40.0%, 51.2%, 45.0%, 40.0%, 53.4%, 47.4%, 36.8%]",,,,
6,parallel,10,10,0.404988147,1.863042528,1.807802841,0.000111111,44.91428571,"[40.0%, 51.2%, 45.0%, 40.0%, 53.4%, 47.4%, 37.4%]",,,,
6,parallel,11,11,0.389306448,1.796773328,1.850804299,0.000111111,43.94285714,"[40.0%, 51.2%, 45.0%, 40.0%, 53.4%, 47.4%, 30.6%]",,,,
6,parallel,12,12,0.373982231,1.792046213,1.68781586,0.000111111,45.45714286,"[40.0%, 51.2%, 45.0%, 40.0%, 53.4%, 47.4%, 41.2%]",,,,
6,parallel,13,13,0.359015496,1.717040029,1.722865492,0.000111111,45.05714286,"[40.0%, 51.2%, 45.0%, 40.0%, 53.4%, 47.4%, 38.4%]",,,,
6,parallel,14,14,0.344406243,1.681174259,1.700467706,0.000111111,45.51428571,"[40.0%, 51.2%, 45.0%, 40.0%, 53.4%, 47.4%, 41.6%]",,,,
6,parallel,15,15,0.330154472,1.621116184,1.566187084,0.000111111,46.48571429,"[40.0%, 51.2%, 45.0%, 40.0%, 53.4%, 47.4%, 48.4%]",,,,
6,parallel,16,16,0.316260184,1.609111492,1.535335049,0.000111111,46.54285714,"[40.0%, 51.2%, 45.0%, 40.0%, 53.4%, 47.4%, 48.8%]",,,,
6,parallel,17,17,0.302723377,1.585779653,1.452376954,0.000111111,46.74285714,"[40.0%, 51.2%, 45.0%, 40.0%, 53.4%, 47.4%, 50.2%]",,,,
6,parallel,18,18,0.289544053,1.561962663,1.485967137,0.000111111,46.65714286,"[40.0%, 51.2%, 45.0%, 40.0%, 53.4%, 47.4%, 49.6%]",,,,
6,parallel,19,19,0.27672221,1.552178689,1.471237615,0.000111111,46.97142857,"[40.0%, 51.2%, 45.0%, 40.0%, 53.4%, 47.4%, 51.8%]",,,,
6,parallel,20,20,0.26425785,1.504271684,1.60481137,0.000111111,45.65714286,"[40.0%, 51.2%, 45.0%, 40.0%, 53.4%, 47.4%, 42.6%]",,,,
6,parallel,21,21,0.252150972,1.515975312,1.467367887,0.000111111,46.51428571,"[40.0%, 51.2%, 45.0%, 40.0%, 53.4%, 47.4%, 48.6%]",,,,
6,parallel,22,22,0.240401576,1.497999237,1.66942849,0.000111111,45.48571429,"[40.0%, 51.2%, 45.0%, 40.0%, 53.4%, 47.4%, 41.4%]",,,,
6,parallel,23,23,0.229009662,1.489455858,1.606195062,0.000111111,46.11428571,"[40.0%, 51.2%, 45.0%, 40.0%, 53.4%, 47.4%, 45.8%]",,,,
6,parallel,24,24,0.21797523,1.472591833,1.508486047,0.000111111,46.42857143,"[40.0%, 51.2%, 45.0%, 40.0%, 53.4%, 47.4%, 48.0%]",,,,
6,parallel,25,25,0.20729828,1.461579222,1.4240219,0.000111111,46.97142857,"[40.0%, 51.2%, 45.0%, 40.0%, 53.4%, 47.4%, 51.8%]",,,,
6,parallel,26,26,0.196978813,1.489611921,1.499245629,0.000111111,46.31428571,"[40.0%, 51.2%, 45.0%, 40.0%, 53.4%, 47.4%, 47.2%]",,,,
6,parallel,27,27,0.187016827,1.512402145,1.522623509,0.000111111,46.37142857,"[40.0%, 51.2%, 45.0%, 40.0%, 53.4%, 47.4%, 47.6%]",,,,
6,parallel,28,28,0.177412324,1.479731462,1.430615038,0.000111111,46.62857143,"[40.0%, 51.2%, 45.0%, 40.0%, 53.4%, 47.4%, 49.4%]",,,,
6,parallel,29,29,0.168165303,1.50438164,1.464334488,0.000111111,46.82857143,"[40.0%, 51.2%, 45.0%, 40.0%, 53.4%, 47.4%, 50.8%]",,,,
6,parallel,30,30,0.159275763,1.474813522,1.459990948,0.000111111,46.42857143,"[40.0%, 51.2%, 45.0%, 40.0%, 53.4%, 47.4%, 48.0%]",,,,
6,parallel,31,31,0.150743706,1.53036022,1.489514008,0.000111111,46.48571429,"[40.0%, 51.2%, 45.0%, 40.0%, 53.4%, 47.4%, 48.4%]",,,,
6,parallel,32,32,0.142569131,1.519180506,1.548747212,0.000111111,46.4,"[40.0%, 51.2%, 45.0%, 40.0%, 53.4%, 47.4%, 47.8%]",,,,
6,parallel,33,33,0.134752038,1.572089257,1.471179187,0.000111111,46.85714286,"[40.0%, 51.2%, 45.0%, 40.0%, 53.4%, 47.4%, 51.0%]",,,,
6,parallel,34,34,0.127292428,1.539632355,1.503120854,0.000111111,46.6,"[40.0%, 51.2%, 45.0%, 40.0%, 53.4%, 47.4%, 49.2%]",,,,
6,parallel,35,35,0.120190299,1.643148959,1.559852958,0.000111111,46.2,"[40.0%, 51.2%, 45.0%, 40.0%, 53.4%, 47.4%, 46.4%]",,,,
6,parallel,36,36,0.113445653,1.610366761,1.646015435,0.000111111,45.91428571,"[40.0%, 51.2%, 45.0%, 40.0%, 53.4%, 47.4%, 44.4%]",,,,
6,parallel,37,37,0.107058488,1.694284682,1.590014815,0.000111111,46.28571429,"[40.0%, 51.2%, 45.0%, 40.0%, 53.4%, 47.4%, 47.0%]",,,,
6,parallel,38,38,0.101028806,1.672308092,1.640353397,0.000111111,46.2,"[40.0%, 51.2%, 45.0%, 40.0%, 53.4%, 47.4%, 46.4%]",,,,
6,parallel,39,39,0.095356605,1.665800789,1.641563356,0.000111111,45.77142857,"[40.0%, 51.2%, 45.0%, 40.0%, 53.4%, 47.4%, 43.4%]",,,,
6,parallel,40,40,0.090041887,1.776478464,1.617983252,0.000111111,46.31428571,"[40.0%, 51.2%, 45.0%, 40.0%, 53.4%, 47.4%, 47.2%]",,,,
6,parallel,41,41,0.085084651,1.746115457,1.788222402,0.000111111,45.05714286,"[40.0%, 51.2%, 45.0%, 40.0%, 53.4%, 47.4%, 38.4%]",,,,
6,parallel,42,42,0.080484897,1.730901948,1.72611621,0.000111111,45.48571429,"[40.0%, 51.2%, 45.0%, 40.0%, 53.4%, 47.4%, 41.4%]",,,,
6,parallel,43,43,0.076242626,1.835412576,1.878408626,0.000111111,44.28571429,"[40.0%, 51.2%, 45.0%, 40.0%, 53.4%, 47.4%, 33.0%]",,,,
6,parallel,44,44,0.072357836,1.818745319,1.7263605,0.000111111,45.57142857,"[40.0%, 51.2%, 45.0%, 40.0%, 53.4%, 47.4%, 42.0%]",,,,
6,parallel,45,45,0.068830528,1.842769787,1.791850209,0.000111111,45.22857143,"[40.0%, 51.2%, 45.0%, 40.0%, 53.4%, 47.4%, 39.6%]",,,,
6,parallel,46,46,0.065660703,1.802385778,1.77989623,0.000111111,44.94285714,"[40.0%, 51.2%, 45.0%, 40.0%, 53.4%, 47.4%, 37.6%]",,,,
6,parallel,47,47,0.062848359,1.77702791,1.748799339,0.000111111,45.45714286,"[40.0%, 51.2%, 45.0%, 40.0%, 53.4%, 47.4%, 41.2%]",,,,
6,parallel,48,48,0.060393498,1.927230293,1.877044335,0.000111111,44.68571429,"[40.0%, 51.2%, 45.0%, 40.0%, 53.4%, 47.4%, 35.8%]",,,,
6,parallel,49,49,0.058296119,1.851370274,1.851369634,0.000111111,45.02857143,"[40.0%, 51.2%, 45.0%, 40.0%, 53.4%, 47.4%, 38.2%]",,,,
6,parallel,50,50,0.056556222,1.858043408,1.830550656,0.000111111,45,"[40.0%, 51.2%, 45.0%, 40.0%, 53.4%, 47.4%, 38.0%]",,,,
6,parallel,51,51,0.055173807,1.815144479,1.781274408,0.000111111,45.2,"[40.0%, 51.2%, 45.0%, 40.0%, 53.4%, 47.4%, 39.4%]",,,,
6,parallel,52,52,0.054148874,1.933107341,1.884157792,0.000111111,44.45714286,"[40.0%, 51.2%, 45.0%, 40.0%, 53.4%, 47.4%, 34.2%]",,,,
6,parallel,53,53,0.053481423,1.819916014,1.737077743,0.000111111,45.6,"[40.0%, 51.2%, 45.0%, 40.0%, 53.4%, 47.4%, 42.2%]",,,,
6,parallel,54,54,0.053171455,1.82337326,1.890292689,0.000111111,44.2,"[40.0%, 51.2%, 45.0%, 40.0%, 53.4%, 47.4%, 32.4%]",,,,
6,parallel,55,55,0.053147368,1.787539419,1.74356629,0.000111111,45.25714286,"[40.0%, 51.2%, 45.0%, 40.0%, 53.4%, 47.4%, 39.8%]",,,,
6,weights,1,56,0.053147368,1.74746665,1.748045012,0.000111111,45.02857143,"[40.0%, 51.2%, 45.0%, 40.0%, 53.4%, 47.4%, 38.2%]",,,,
6,weights,2,57,0.053147368,1.732673645,1.653139457,0.000111111,45.45714286,"[40.0%, 51.2%, 45.0%, 40.0%, 53.4%, 47.4%, 41.2%]",,,,
6,weights,3,58,0.053147368,1.740741656,1.723720163,0.000111111,45.05714286,"[40.0%, 51.2%, 45.0%, 40.0%, 53.4%, 47.4%, 38.4%]",,,,
6,weights,4,59,0.053147368,1.68709131,1.65246363,0.000111111,45.91428571,"[40.0%, 51.2%, 45.0%, 40.0%, 53.4%, 47.4%, 44.4%]",,,,
6,weights,5,60,0.053147368,1.68482125,1.743536174,0.000111111,45.22857143,"[40.0%, 51.2%, 45.0%, 40.0%, 53.4%, 47.4%, 39.6%]",,,,
6,weights,6,61,0.053147368,1.681820655,1.719968751,0.000111111,45.05714286,"[40.0%, 51.2%, 45.0%, 40.0%, 53.4%, 47.4%, 38.4%]",,,,
6,weights,7,62,0.053147368,1.668041021,1.667812943,0.000111111,45.37142857,"[40.0%, 51.2%, 45.0%, 40.0%, 53.4%, 47.4%, 40.6%]",,,,
6,weights,8,63,0.053147368,1.660570213,1.632426307,0.000111111,45.97142857,"[40.0%, 51.2%, 45.0%, 40.0%, 53.4%, 47.4%, 44.8%]",,,,
6,weights,9,64,0.053147368,1.649937744,1.592626914,0.000111111,46.05714286,"[40.0%, 51.2%, 45.0%, 40.0%, 53.4%, 47.4%, 45.4%]",,,,
6,weights,10,65,0.053147368,1.640347512,1.631201223,0.000111111,45.74285714,"[40.0%, 51.2%, 45.0%, 40.0%, 53.4%, 47.4%, 43.2%]",,,,
6,weights,11,66,0.053147368,1.62093134,1.741822273,0.000111111,45.02857143,"[40.0%, 51.2%, 45.0%, 40.0%, 53.4%, 47.4%, 38.2%]",,,,
6,weights,12,67,0.053147368,1.604659612,1.613772631,0.000111111,45.68571429,"[40.0%, 51.2%, 45.0%, 40.0%, 53.4%, 47.4%, 42.8%]",,,,
6,weights,13,68,0.053147368,1.619796011,1.622330859,0.000111111,45.77142857,"[40.0%, 51.2%, 45.0%, 40.0%, 53.4%, 47.4%, 43.4%]",,,,
6,weights,14,69,0.053147368,1.592860748,1.608695596,0.000111111,45.68571429,"[40.0%, 51.2%, 45.0%, 40.0%, 53.4%, 47.4%, 42.8%]",,,,
6,weights,15,70,0.053147368,1.584732967,1.772349671,0.000111111,44.91428571,"[40.0%, 51.2%, 45.0%, 40.0%, 53.4%, 47.4%, 37.4%]",,,,
6,weights,16,71,0.053147368,1.587647255,1.588682175,0.000111111,45.97142857,"[40.0%, 51.2%, 45.0%, 40.0%, 53.4%, 47.4%, 44.8%]",,,,
6,weights,17,72,0.053147368,1.562433668,1.635749683,0.000111111,45.51428571,"[40.0%, 51.2%, 45.0%, 40.0%, 53.4%, 47.4%, 41.6%]",,,,
6,weights,18,73,0.053147368,1.565377985,1.562606677,0.000111111,46.37142857,"[40.0%, 51.2%, 45.0%, 40.0%, 53.4%, 47.4%, 47.6%]",,,,
6,weights,19,74,0.053147368,1.560227646,1.675756216,0.000111111,45.6,"[40.0%, 51.2%, 45.0%, 40.0%, 53.4%, 47.4%, 42.2%]",,,,
6,weights,20,75,0.053147368,1.556258212,1.559855863,0.000111111,46.17142857,"[40.0%, 51.2%, 45.0%, 40.0%, 53.4%, 47.4%, 46.2%]",,,,
6,weights,21,76,0.053147368,1.539641166,1.552645832,0.000111111,46.22857143,"[40.0%, 51.2%, 45.0%, 40.0%, 53.4%, 47.4%, 46.6%]",,,,
6,weights,22,77,0.053147368,1.538896642,1.545413911,0.000111111,46.22857143,"[40.0%, 51.2%, 45.0%, 40.0%, 53.4%, 47.4%, 46.6%]",,,,
6,weights,23,78,0.053147368,1.536199979,1.621889874,0.000111111,45.71428571,"[40.0%, 51.2%, 45.0%, 40.0%, 53.4%, 47.4%, 43.0%]",,,,
6,weights,24,79,0.053147368,1.552887087,1.674393371,0.000111111,45.62857143,"[40.0%, 51.2%, 45.0%, 40.0%, 53.4%, 47.4%, 42.4%]",,,,
6,weights,25,80,0.053147368,1.521686835,1.527740613,0.000111111,46.42857143,"[40.0%, 51.2%, 45.0%, 40.0%, 53.4%, 47.4%, 48.0%]",31.31428571,"[9.4%, 46.8%, 28.2%, 19.8%, 44.2%, 22.8%, 48.0%]",35.7,"[28.4%, 36.1%, 31.3%, 30.7%, 47.3%, 25.5%, 49.6%]"
7,parallel,1,1,0.5,8.136473348,2.894627661,0.000111111,41.875,"[40.0%, 51.2%, 45.0%, 40.0%, 53.4%, 47.4%, 48.0%, 10.0%]",,,,
7,parallel,2,2,0.5,2.439449772,2.340205103,0.000111111,41.875,"[40.0%, 51.2%, 45.0%, 40.0%, 53.4%, 47.4%, 48.0%, 10.0%]",,,,
7,parallel,3,3,0.5,2.33132662,2.313183129,0.000111111,42.05,"[40.0%, 51.2%, 45.0%, 40.0%, 53.4%, 47.4%, 48.0%, 11.4%]",,,,
7,parallel,4,4,0.5,2.317816798,2.302716047,0.000111111,41.875,"[40.0%, 51.2%, 45.0%, 40.0%, 53.4%, 47.4%, 48.0%, 10.0%]",,,,
7,parallel,5,5,0.488732659,2.31227477,2.300546527,0.000111111,42.425,"[40.0%, 51.2%, 45.0%, 40.0%, 53.4%, 47.4%, 48.0%, 14.4%]",,,,
7,parallel,6,6,0.47122281,2.303826546,2.278718978,0.000111111,42.675,"[40.0%, 51.2%, 45.0%, 40.0%, 53.4%, 47.4%, 48.0%, 16.4%]",,,,
7,parallel,7,7,0.454071276,2.290947383,2.258535177,0.000111111,43.175,"[40.0%, 51.2%, 45.0%, 40.0%, 53.4%, 47.4%, 48.0%, 20.4%]",,,,
7,parallel,8,8,0.437278058,2.232227721,2.185862184,0.000111111,43.25,"[40.0%, 51.2%, 45.0%, 40.0%, 53.4%, 47.4%, 48.0%, 21.0%]",,,,
7,parallel,9,9,0.420843156,2.141612175,2.032080144,0.000111111,44.175,"[40.0%, 51.2%, 45.0%, 40.0%, 53.4%, 47.4%, 48.0%, 28.4%]",,,,
7,parallel,10,10,0.40476657,1.969461028,1.889232263,0.000111111,44.7,"[40.0%, 51.2%, 45.0%, 40.0%, 53.4%, 47.4%, 48.0%, 32.6%]",,,,
7,parallel,11,11,0.389048299,1.834367954,1.797224469,0.000111111,45.3,"[40.0%, 51.2%, 45.0%, 40.0%, 53.4%, 47.4%, 48.0%, 37.4%]",,,,
7,parallel,12,12,0.373688345,1.749522137,1.774658091,0.000111111,45.3,"[40.0%, 51.2%, 45.0%, 40.0%, 53.4%, 47.4%, 48.0%, 37.4%]",,,,
7,parallel,13,13,0.358686706,1.659987705,1.651056409,0.000111111,45.5,"[40.0%, 51.2%, 45.0%, 40.0%, 53.4%, 47.4%, 48.0%, 39.0%]",,,,
7,parallel,14,14,0.344043383,1.606290199,1.715042144,0.000111111,45.775,"[40.0%, 51.2%, 45.0%, 40.0%, 53.4%, 47.4%, 48.0%, 41.2%]",,,,
7,parallel,15,15,0.329758375,1.529326721,1.531513102,0.000111111,46.875,"[40.0%, 51.2%, 45.0%, 40.0%, 53.4%, 47.4%, 48.0%, 50.0%]",,,,
7,parallel,16,16,0.315831684,1.468656513,1.610383704,0.000111111,46.575,"[40.0%, 51.2%, 45.0%, 40.0%, 53.4%, 47.4%, 48.0%, 47.6%]",,,,
7,parallel,17,17,0.302263308,1.433701853,1.521628246,0.000111111,46.9,"[40.0%, 51.2%, 45.0%, 40.0%, 53.4%, 47.4%, 48.0%, 50.2%]",,,,
7,parallel,18,18,0.289053248,1.403423468,1.600614741,0.000111111,46.8,"[40.0%, 51.2%, 45.0%, 40.0%, 53.4%, 47.4%, 48.0%, 49.4%]",,,,
7,parallel,19,19,0.276201504,1.384344619,1.388974465,0.000111111,47.45,"[40.0%, 51.2%, 45.0%, 40.0%, 53.4%, 47.4%, 48.0%, 54.6%]",,,,
7,parallel,20,20,0.263708076,1.34279474,1.41002667,0.000111111,47.425,"[40.0%, 51.2%, 45.0%, 40.0%, 53.4%, 47.4%, 48.0%, 54.4%]",,,,
7,parallel,21,21,0.251572963,1.289807535,1.389529556,0.000111111,47.85,"[40.0%, 51.2%, 45.0%, 40.0%, 53.4%, 47.4%, 48.0%, 57.8%]",,,,
7,parallel,22,22,0.239796166,1.301560555,1.35206189,0.000111111,47.65,"[40.0%, 51.2%, 45.0%, 40.0%, 53.4%, 47.4%, 48.0%, 56.2%]",,,,
7,parallel,23,23,0.228377685,1.284201138,1.471296765,0.000111111,46.775,"[40.0%, 51.2%, 45.0%, 40.0%, 53.4%, 47.4%, 48.0%, 49.2%]",,,,
7,parallel,24,24,0.21731752,1.283646064,1.378301613,0.000111111,47.275,"[40.0%, 51.2%, 45.0%, 40.0%, 53.4%, 47.4%, 48.0%, 53.2%]",,,,
7,parallel,25,25,0.206615671,1.269935959,1.305964738,0.000111111,47.8,"[40.0%, 51.2%, 45.0%, 40.0%, 53.4%, 47.4%, 48.0%, 57.4%]",,,,
7,parallel,26,26,0.196272137,1.332324357,1.29946018,0.000111111,47.95,"[40.0%, 51.2%, 45.0%, 40.0%, 53.4%, 47.4%, 48.0%, 58.6%]",,,,
7,parallel,27,27,0.186286919,1.282390512,1.370942973,0.000111111,47.475,"[40.0%, 51.2%, 45.0%, 40.0%, 53.4%, 47.4%, 48.0%, 54.8%]",,,,
7,parallel,28,28,0.176660017,1.273418581,1.27779527,0.000111111,48.025,"[40.0%, 51.2%, 45.0%, 40.0%, 53.4%, 47.4%, 48.0%, 59.2%]",,,,
7,parallel,29,29,0.167391431,1.326164102,1.412963152,0.000111111,47.4,"[40.0%, 51.2%, 45.0%, 40.0%, 53.4%, 47.4%, 48.0%, 54.2%]",,,,
7,parallel,30,30,0.15848116,1.276335939,1.313811019,0.000111111,47.75,"[40.0%, 51.2%, 45.0%, 40.0%, 53.4%, 47.4%, 48.0%, 57.0%]",,,,
7,parallel,31,31,0.149929206,1.320038835,1.365551196,0.000111111,47.375,"[40.0%, 51.2%, 45.0%, 40.0%, 53.4%, 47.4%, 48.0%, 54.0%]",,,,
7,parallel,32,32,0.141735567,1.308156922,1.34020333,0.000111111,47.775,"[40.0%, 51.2%, 45.0%, 40.0%, 53.4%, 47.4%, 48.0%, 57.2%]",,,,
7,parallel,33,33,0.133900244,1.431778582,1.323623016,0.000111111,47.925,"[40.0%, 51.2%, 45.0%, 40.0%, 53.4%, 47.4%, 48.0%, 58.4%]",,,,
7,parallel,34,34,0.126423236,1.349669005,1.374498989,0.000111111,47.8,"[40.0%, 51.2%, 45.0%, 40.0%, 53.4%, 47.4%, 48.0%, 57.4%]",,,,
7,parallel,35,35,0.119304545,1.426779184,1.387565732,0.000111111,47.5,"[40.0%, 51.2%, 45.0%, 40.0%, 53.4%, 47.4%, 48.0%, 55.0%]",,,,
7,parallel,36,36,0.112544169,1.450410511,1.392206647,0.000111111,47.9,"[40.0%, 51.2%, 45.0%, 40.0%, 53.4%, 47.4%, 48.0%, 58.2%]",,,,
7,parallel,37,37,0.106142109,1.460810821,1.421584494,0.000111111,47.425,"[40.0%, 51.2%, 45.0%, 40.0%, 53.4%, 47.4%, 48.0%, 54.4%]",,,,
7,parallel,38,38,0.100098365,1.493598662,1.473799624,0.000111111,47.175,"[40.0%, 51.2%, 45.0%, 40.0%, 53.4%, 47.4%, 48.0%, 52.4%]",,,,
7,parallel,39,39,0.094412936,1.43578979,1.411548711,0.000111111,47.45,"[40.0%, 51.2%, 45.0%, 40.0%, 53.4%, 47.4%, 48.0%, 54.6%]",,,,
7,parallel,40,40,0.089085824,1.547060027,1.475344226,0.000111111,47.1,"[40.0%, 51.2%, 45.0%, 40.0%, 53.4%, 47.4%, 48.0%, 51.8%]",,,,
7,parallel,41,41,0.084117027,1.496845882,1.486464672,0.000111111,47.025,"[40.0%, 51.2%, 45.0%, 40.0%, 53.4%, 47.4%, 48.0%, 51.2%]",,,,
7,parallel,42,42,0.079506546,1.518571958,1.47401952,0.000111111,47.275,"[40.0%, 51.2%, 45.0%, 40.0%, 53.4%, 47.4%, 48.0%, 53.2%]",,,,
7,parallel,43,43,0.075254381,1.686790244,1.574167013,0.000111111,46.575,"[40.0%, 51.2%, 45.0%, 40.0%, 53.4%, 47.4%, 48.0%, 47.6%]",,,,
7,parallel,44,44,0.071360531,1.622654227,1.642948717,0.000111111,46.55,"[40.0%, 51.2%, 45.0%, 40.0%, 53.4%, 47.4%, 48.0%, 47.4%]",,,,
7,parallel,45,45,0.067824998,1.637497226,1.736359581,0.000111111,45.6,"[40.0%, 51.2%, 45.0%, 40.0%, 53.4%, 47.4%, 48.0%, 39.8%]",,,,
7,parallel,46,46,0.06464778,1.584348147,1.581768304,0.000111111,46.65,"[40.0%, 51.2%, 45.0%, 40.0%, 53.4%, 47.4%, 48.0%, 48.2%]",,,,
7,parallel,47,47,0.061828878,1.724506911,1.933924928,0.000111111,44.975,"[40.0%, 51.2%, 45.0%, 40.0%, 53.4%, 47.4%, 48.0%, 34.8%]",,,,
7,parallel,48,48,0.059368291,1.69310094,1.615513533,0.000111111,46.5,"[40.0%, 51.2%, 45.0%, 40.0%, 53.4%, 47.4%, 48.0%, 47.0%]",,,,
7,parallel,49,49,0.057266021,1.667295056,1.648225173,0.000111111,46.45,"[40.0%, 51.2%, 45.0%, 40.0%, 53.4%, 47.4%, 48.0%, 46.6%]",,,,
7,parallel,50,50,0.055522066,1.629649571,1.658265069,0.000111111,46.175,"[40.0%, 51.2%, 45.0%, 40.0%, 53.4%, 47.4%, 48.0%, 44.4%]",,,,
7,parallel,51,51,0.054136427,1.711297262,1.683602922,0.000111111,46.4,"[40.0%, 51.2%, 45.0%, 40.0%, 53.4%, 47.4%, 48.0%, 46.2%]",,,,
7,parallel,52,52,0.053109104,1.640166026,1.684694976,0.000111111,46.225,"[40.0%, 51.2%, 45.0%, 40.0%, 53.4%, 47.4%, 48.0%, 44.8%]",,,,
7,parallel,53,53,0.052440097,1.604698915,1.597935535,0.000111111,46.775,"[40.0%, 51.2%, 45.0%, 40.0%, 53.4%, 47.4%, 48.0%, 49.2%]",,,,
7,parallel,54,54,0.052129405,1.56041772,1.60233514,0.000111111,46.625,"[40.0%, 51.2%, 45.0%, 40.0%, 53.4%, 47.4%, 48.0%, 48.0%]",,,,
7,parallel,55,55,0.052105263,1.544344025,1.645007558,0.000111111,46.05,"[40.0%, 51.2%, 45.0%, 40.0%, 53.4%, 47.4%, 48.0%, 43.4%]",,,,
7,weights,1,56,0.052105263,1.517141321,1.637191199,0.000111111,46.325,"[40.0%, 51.2%, 45.0%, 40.0%, 53.4%, 47.4%, 48.0%, 45.6%]",,,,
7,weights,2,57,0.052105263,1.542249388,1.55772084,0.000111111,46.625,"[40.0%, 51.2%, 45.0%, 40.0%, 53.4%, 47.4%, 48.0%, 48.0%]",,,,
7,weights,3,58,0.052105263,1.476591659,1.528403036,0.000111111,46.825,"[40.0%, 51.2%, 45.0%, 40.0%, 53.4%, 47.4%, 48.0%, 49.6%]",,,,
7,weights,4,59,0.052105263,1.466467064,1.521310657,0.000111111,46.85,"[40.0%, 51.2%, 45.0%, 40.0%, 53.4%, 47.4%, 48.0%, 49.8%]",,,,
7,weights,5,60,0.052105263,1.460469332,1.550054044,0.000111111,46.3,"[40.0%, 51.2%, 45.0%, 40.0%, 53.4%, 47.4%, 48.0%, 45.4%]",,,,
7,weights,6,61,0.052105263,1.460414381,1.504660845,0.000111111,46.8,"[40.0%, 51.2%, 45.0%, 40.0%, 53.4%, 47.4%, 48.0%, 49.4%]",,,,
7,weights,7,62,0.052105263,1.434558698,1.463588811,0.000111111,47.1,"[40.0%, 51.2%, 45.0%, 40.0%, 53.4%, 47.4%, 48.0%, 51.8%]",,,,
7,weights,8,63,0.052105263,1.41950425,1.443981737,0.000111111,47.025,"[40.0%, 51.2%, 45.0%, 40.0%, 53.4%, 47.4%, 48.0%, 51.2%]",,,,
7,weights,9,64,0.052105263,1.41816465,1.46079386,0.000111111,47.025,"[40.0%, 51.2%, 45.0%, 40.0%, 53.4%, 47.4%, 48.0%, 51.2%]",,,,
7,weights,10,65,0.052105263,1.40167818,1.451016262,0.000111111,47.2,"[40.0%, 51.2%, 45.0%, 40.0%, 53.4%, 47.4%, 48.0%, 52.6%]",,,,
7,weights,11,66,0.052105263,1.402859765,1.378907926,0.000111111,47.65,"[40.0%, 51.2%, 45.0%, 40.0%, 53.4%, 47.4%, 48.0%, 56.2%]",,,,
7,weights,12,67,0.052105263,1.38909601,1.493539952,0.000111111,46.925,"[40.0%, 51.2%, 45.0%, 40.0%, 53.4%, 47.4%, 48.0%, 50.4%]",,,,
7,weights,13,68,0.052105263,1.391062067,1.410895079,0.000111111,47.225,"[40.0%, 51.2%, 45.0%, 40.0%, 53.4%, 47.4%, 48.0%, 52.8%]",,,,
7,weights,14,69,0.052105263,1.369593694,1.489081763,0.000111111,47.05,"[40.0%, 51.2%, 45.0%, 40.0%, 53.4%, 47.4%, 48.0%, 51.4%]",,,,
7,weights,15,70,0.052105263,1.358329227,1.421527766,0.000111111,47.525,"[40.0%, 51.2%, 45.0%, 40.0%, 53.4%, 47.4%, 48.0%, 55.2%]",,,,
7,weights,16,71,0.052105263,1.372320893,1.396705836,0.000111111,47.575,"[40.0%, 51.2%, 45.0%, 40.0%, 53.4%, 47.4%, 48.0%, 55.6%]",,,,
7,weights,17,72,0.052105263,1.363037162,1.41835998,0.000111111,47.325,"[40.0%, 51.2%, 45.0%, 40.0%, 53.4%, 47.4%, 48.0%, 53.6%]",,,,
7,weights,18,73,0.052105263,1.326795527,1.517132811,0.000111111,46.725,"[40.0%, 51.2%, 45.0%, 40.0%, 53.4%, 47.4%, 48.0%, 48.8%]",,,,
7,weights,19,74,0.052105263,1.349144068,1.444003917,0.000111111,47.025,"[40.0%, 51.2%, 45.0%, 40.0%, 53.4%, 47.4%, 48.0%, 51.2%]",,,,
7,weights,20,75,0.052105263,1.341366717,1.418041363,0.000111111,47.175,"[40.0%, 51.2%, 45.0%, 40.0%, 53.4%, 47.4%, 48.0%, 52.4%]",,,,
7,weights,21,76,0.052105263,1.344757453,1.413307346,0.000111111,47.2,"[40.0%, 51.2%, 45.0%, 40.0%, 53.4%, 47.4%, 48.0%, 52.6%]",,,,
7,weights,22,77,0.052105263,1.319906431,1.407400645,0.000111111,47.325,"[40.0%, 51.2%, 45.0%, 40.0%, 53.4%, 47.4%, 48.0%, 53.6%]",,,,
7,weights,23,78,0.052105263,1.304596631,1.353631213,0.000111111,47.625,"[40.0%, 51.2%, 45.0%, 40.0%, 53.4%, 47.4%, 48.0%, 56.0%]",,,,
7,weights,24,79,0.052105263,1.313474015,1.350493528,0.000111111,47.4,"[40.0%, 51.2%, 45.0%, 40.0%, 53.4%, 47.4%, 48.0%, 54.2%]",,,,
7,weights,25,80,0.052105263,1.298321102,1.38030234,0.000111111,47.425,"[40.0%, 51.2%, 45.0%, 40.0%, 53.4%, 47.4%, 48.0%, 54.4%]",32.725,"[9.4%, 46.8%, 28.2%, 19.8%, 44.2%, 22.8%, 41.8%, 48.8%]",33.375,"[28.8%, 36%, 31.1%, 25.1%, 47.6%, 26.1%, 43.3%, 29.7%]"
8,parallel,1,1,0.5,9.024125528,3.111862659,0.000111111,43.26666667,"[40.0%, 51.2%, 45.0%, 40.0%, 53.4%, 47.4%, 48.0%, 54.4%, 10.0%]",,,,
8,parallel,2,2,0.5,2.480543239,2.341128975,0.000111111,43.26666667,"[40.0%, 51.2%, 45.0%, 40.0%, 53.4%, 47.4%, 48.0%, 54.4%, 10.0%]",,,,
8,parallel,3,3,0.5,2.332082598,2.326955497,0.000111111,43.26666667,"[40.0%, 51.2%, 45.0%, 40.0%, 53.4%, 47.4%, 48.0%, 54.4%, 10.0%]",,,,
8,parallel,4,4,0.5,2.319150656,2.309488714,0.000111111,43.26666667,"[40.0%, 51.2%, 45.0%, 40.0%, 53.4%, 47.4%, 48.0%, 54.4%, 10.0%]",,,,
8,parallel,5,5,0.488706444,2.311441246,2.296237022,0.000111111,43.86666667,"[40.0%, 51.2%, 45.0%, 40.0%, 53.4%, 47.4%, 48.0%, 54.4%, 15.4%]",,,,
8,parallel,6,6,0.471155855,2.282126321,2.238133281,0.000111111,43.57777778,"[40.0%, 51.2%, 45.0%, 40.0%, 53.4%, 47.4%, 48.0%, 54.4%, 12.8%]",,,,
8,parallel,7,7,0.453964415,2.202540992,2.093118668,0.000111111,45.06666667,"[40.0%, 51.2%, 45.0%, 40.0%, 53.4%, 47.4%, 48.0%, 54.4%, 26.2%]",,,,
8,parallel,8,8,0.437132125,2.063068883,1.981111616,0.000111111,45.6,"[40.0%, 51.2%, 45.0%, 40.0%, 53.4%, 47.4%, 48.0%, 54.4%, 31.0%]",,,,
8,parallel,9,9,0.420658984,1.926790948,1.876687258,0.000111111,46.02222222,"[40.0%, 51.2%, 45.0%, 40.0%, 53.4%, 47.4%, 48.0%, 54.4%, 34.8%]",,,,
8,parallel,10,10,0.404544993,1.822875811,1.798950016,0.000111111,46.22222222,"[40.0%, 51.2%, 45.0%, 40.0%, 53.4%, 47.4%, 48.0%, 54.4%, 36.6%]",,,,
8,parallel,11,11,0.388790151,1.714940657,1.605229869,0.000111111,47.24444444,"[40.0%, 51.2%, 45.0%, 40.0%, 53.4%, 47.4%, 48.0%, 54.4%, 45.8%]",,,,
8,parallel,12,12,0.373394459,1.645531129,1.56631884,0.000111111,47.13333333,"[40.0%, 51.2%, 45.0%, 40.0%, 53.4%, 47.4%, 48.0%, 54.4%, 44.8%]",,,,
8,parallel,13,13,0.358357916,1.594856507,1.467511967,0.000111111,47.73333333,"[40.0%, 51.2%, 45.0%, 40.0%, 53.4%, 47.4%, 48.0%, 54.4%, 50.2%]",,,,
8,parallel,14,14,0.343680522,1.537389624,1.532906279,0.000111111,47.53333333,"[40.0%, 51.2%, 45.0%, 40.0%, 53.4%, 47.4%, 48.0%, 54.4%, 48.4%]",,,,
8,parallel,15,15,0.329362279,1.473845874,1.393163174,0.000111111,47.91111111,"[40.0%, 51.2%, 45.0%, 40.0%, 53.4%, 47.4%, 48.0%, 54.4%, 51.8%]",,,,
8,parallel,16,16,0.315403184,1.437536919,1.429048501,0.000111111,48.02222222,"[40.0%, 51.2%, 45.0%, 40.0%, 53.4%, 47.4%, 48.0%, 54.4%, 52.8%]",,,,
8,parallel,17,17,0.301803239,1.375356039,1.34288495,0.000111111,48.22222222,"[40.0%, 51.2%, 45.0%, 40.0%, 53.4%, 47.4%, 48.0%, 54.4%, 54.6%]",,,,
8,parallel,18,18,0.288562444,1.383551391,1.401914582,0.000111111,48.11111111,"[40.0%, 51.2%, 45.0%, 40.0%, 53.4%, 47.4%, 48.0%, 54.4%, 53.6%]",,,,
8,parallel,19,19,0.275680798,1.366129505,1.37003208,0.000111111,48.08888889,"[40.0%, 51.2%, 45.0%, 40.0%, 53.4%, 47.4%, 48.0%, 54.4%, 53.4%]",,,,
8,parallel,20,20,0.263158301,1.336045594,1.314323694,0.000111111,48.48888889,"[40.0%, 51.2%, 45.0%, 40.0%, 53.4%, 47.4%, 48.0%, 54.4%, 57.0%]",,,,
8,parallel,21,21,0.250994954,1.31516642,1.328557588,0.000111111,48.24444444,"[40.0%, 51.2%, 45.0%, 40.0%, 53.4%, 47.4%, 48.0%, 54.4%, 54.8%]",,,,
8,parallel,22,22,0.239190757,1.334278291,1.323687986,0.000111111,48.33333333,"[40.0%, 51.2%, 45.0%, 40.0%, 53.4%, 47.4%, 48.0%, 54.4%, 55.6%]",,,,
8,parallel,23,23,0.227745709,1.285559701,1.276975423,0.000111111,48.68888889,"[40.0%, 51.2%, 45.0%, 40.0%, 53.4%, 47.4%, 48.0%, 54.4%, 58.8%]",,,,
8,parallel,24,24,0.21665981,1.291811008,1.322369732,0.000111111,48.46666667,"[40.0%, 51.2%, 45.0%, 40.0%, 53.4%, 47.4%, 48.0%, 54.4%, 56.8%]",,,,
8,parallel,25,25,0.205933061,1.298671001,1.349729128,0.000111111,48.22222222,"[40.0%, 51.2%, 45.0%, 40.0%, 53.4%, 47.4%, 48.0%, 54.4%, 54.6%]",,,,
8,parallel,26,26,0.195565461,1.291691303,1.318367243,0.000111111,48.28888889,"[40.0%, 51.2%, 45.0%, 40.0%, 53.4%, 47.4%, 48.0%, 54.4%, 55.2%]",,,,
8,parallel,27,27,0.185557011,1.291312177,1.272139743,0.000111111,48.71111111,"[40.0%, 51.2%, 45.0%, 40.0%, 53.4%, 47.4%, 48.0%, 54.4%, 59.0%]",,,,
8,parallel,28,28,0.17590771,1.293317354,1.268826537,0.000111111,48.75555556,"[40.0%, 51.2%, 45.0%, 40.0%, 53.4%, 47.4%, 48.0%, 54.4%, 59.4%]",,,,
8,parallel,29,29,0.166617559,1.306302222,1.328545727,0.000111111,48.28888889,"[40.0%, 51.2%, 45.0%, 40.0%, 53.4%, 47.4%, 48.0%, 54.4%, 55.2%]",,,,
8,parallel,30,30,0.157686557,1.293167586,1.242660508,0.000111111,48.57777778,"[40.0%, 51.2%, 45.0%, 40.0%, 53.4%, 47.4%, 48.0%, 54.4%, 57.8%]",,,,
8,parallel,31,31,0.149114705,1.285366763,1.267250702,0.000111111,48.57777778,"[40.0%, 51.2%, 45.0%, 40.0%, 53.4%, 47.4%, 48.0%, 54.4%, 57.8%]",,,,
8,parallel,32,32,0.140902002,1.306344687,1.316922151,0.000111111,48.31111111,"[40.0%, 51.2%, 45.0%, 40.0%, 53.4%, 47.4%, 48.0%, 54.4%, 55.4%]",,,,
8,parallel,33,33,0.133048449,1.340265064,1.373221129,0.000111111,47.93333333,"[40.0%, 51.2%, 45.0%, 40.0%, 53.4%, 47.4%, 48.0%, 54.4%, 52.0%]",,,,
8,parallel,34,34,0.125554045,1.323356736,1.270832352,0.000111111,48.84444444,"[40.0%, 51.2%, 45.0%, 40.0%, 53.4%, 47.4%, 48.0%, 54.4%, 60.2%]",,,,
8,parallel,35,35,0.11841879,1.426258953,1.34350843,0.000111111,48.13333333,"[40.0%, 51.2%, 45.0%, 40.0%, 53.4%, 47.4%, 48.0%, 54.4%, 53.8%]",,,,
8,parallel,36,36,0.111642685,1.411425275,1.297008492,0.000111111,48.55555556,"[40.0%, 51.2%, 45.0%, 40.0%, 53.4%, 47.4%, 48.0%, 54.4%, 57.6%]",,,,
8,parallel,37,37,0.10522573,1.540956973,1.408523694,0.000111111,48.24444444,"[40.0%, 51.2%, 45.0%, 40.0%, 53.4%, 47.4%, 48.0%, 54.4%, 54.8%]",,,,
8,parallel,38,38,0.099167924,1.482570885,1.477195531,0.000111111,48.02222222,"[40.0%, 51.2%, 45.0%, 40.0%, 53.4%, 47.4%, 48.0%, 54.4%, 52.8%]",,,,
8,parallel,39,39,0.093469267,1.54068563,1.580157802,0.000111111,47.55555556,"[40.0%, 51.2%, 45.0%, 40.0%, 53.4%, 47.4%, 48.0%, 54.4%, 48.6%]",,,,
8,parallel,40,40,0.08812976,1.49743755,1.457517222,0.000111111,48.08888889,"[40.0%, 51.2%, 45.0%, 40.0%, 53.4%, 47.4%, 48.0%, 54.4%, 53.4%]",,,,
8,parallel,41,41,0.083149403,1.51912182,1.499205023,0.000111111,47.82222222,"[40.0%, 51.2%, 45.0%, 40.0%, 53.4%, 47.4%, 48.0%, 54.4%, 51.0%]",,,,
8,parallel,42,42,0.078528195,1.51831387,1.527286693,0.000111111,47.68888889,"[40.0%, 51.2%, 45.0%, 40.0%, 53.4%, 47.4%, 48.0%, 54.4%, 49.8%]",,,,
8,parallel,43,43,0.074266136,1.68431405,1.546083167,0.000111111,47.46666667,"[40.0%, 51.2%, 45.0%, 40.0%, 53.4%, 47.4%, 48.0%, 54.4%, 47.8%]",,,,
8,parallel,44,44,0.070363227,1.595976946,1.575750142,0.000111111,47.57777778,"[40.0%, 51.2%, 45.0%, 40.0%, 53.4%, 47.4%, 48.0%, 54.4%, 48.8%]",,,,
8,parallel,45,45,0.066819467,1.618555365,1.558353066,0.000111111,47.82222222,"[40.0%, 51.2%, 45.0%, 40.0%, 53.4%, 47.4%, 48.0%, 54.4%, 51.0%]",,,,
8,parallel,46,46,0.063634857,1.618822231,1.583291635,0.000111111,47.77777778,"[40.0%, 51.2%, 45.0%, 40.0%, 53.4%, 47.4%, 48.0%, 54.4%, 50.6%]",,,,
8,parallel,47,47,0.060809396,1.799867788,1.737234131,0.000111111,46.95555556,"[40.0%, 51.2%, 45.0%, 40.0%, 53.4%, 47.4%, 48.0%, 54.4%, 43.2%]",,,,
8,parallel,48,48,0.058343085,1.746223576,1.74005118,0.000111111,47.04444444,"[40.0%, 51.2%, 45.0%, 40.0%, 53.4%, 47.4%, 48.0%, 54.4%, 44.0%]",,,,
8,parallel,49,49,0.056235923,1.696441302,1.628378227,0.000111111,47.53333333,"[40.0%, 51.2%, 45.0%, 40.0%, 53.4%, 47.4%, 48.0%, 54.4%, 48.4%]",,,,
8,parallel,50,50,0.054487911,1.729775445,1.835566968,0.000111111,46.64444444,"[40.0%, 51.2%, 45.0%, 40.0%, 53.4%, 47.4%, 48.0%, 54.4%, 40.4%]",,,,
8,parallel,51,51,0.053099048,1.770640833,1.716050595,0.000111111,46.82222222,"[40.0%, 51.2%, 45.0%, 40.0%, 53.4%, 47.4%, 48.0%, 54.4%, 42.0%]",,,,
8,parallel,52,52,0.052069335,1.696550879,1.657285154,0.000111111,47.28888889,"[40.0%, 51.2%, 45.0%, 40.0%, 53.4%, 47.4%, 48.0%, 54.4%, 46.2%]",,,,
8,parallel,53,53,0.051398771,1.648311383,1.587020412,0.000111111,47.28888889,"[40.0%, 51.2%, 45.0%, 40.0%, 53.4%, 47.4%, 48.0%, 54.4%, 46.2%]",,,,
8,parallel,54,54,0.051087356,1.598980572,1.535357013,0.000111111,47.62222222,"[40.0%, 51.2%, 45.0%, 40.0%, 53.4%, 47.4%, 48.0%, 54.4%, 49.2%]",,,,
8,parallel,55,55,0.051063158,1.583416466,1.549838856,0.000111111,47.66666667,"[40.0%, 51.2%, 45.0%, 40.0%, 53.4%, 47.4%, 48.0%, 54.4%, 49.6%]",,,,
8,weights,1,56,0.051063158,1.55916877,1.519105166,0.000111111,47.75555556,"[40.0%, 51.2%, 45.0%, 40.0%, 53.4%, 47.4%, 48.0%, 54.4%, 50.4%]",,,,
8,weights,2,57,0.051063158,1.540371715,1.501872569,0.000111111,47.84444444,"[40.0%, 51.2%, 45.0%, 40.0%, 53.4%, 47.4%, 48.0%, 54.4%, 51.2%]",,,,
8,weights,3,58,0.051063158,1.524661841,1.508188829,0.000111111,47.73333333,"[40.0%, 51.2%, 45.0%, 40.0%, 53.4%, 47.4%, 48.0%, 54.4%, 50.2%]",,,,
8,weights,4,59,0.051063158,1.486633924,1.466435522,0.000111111,47.75555556,"[40.0%, 51.2%, 45.0%, 40.0%, 53.4%, 47.4%, 48.0%, 54.4%, 50.4%]",,,,
8,weights,5,60,0.051063158,1.4820839,1.451655224,0.000111111,47.88888889,"[40.0%, 51.2%, 45.0%, 40.0%, 53.4%, 47.4%, 48.0%, 54.4%, 51.6%]",,,,
8,weights,6,61,0.051063158,1.471677919,1.449343845,0.000111111,47.66666667,"[40.0%, 51.2%, 45.0%, 40.0%, 53.4%, 47.4%, 48.0%, 54.4%, 49.6%]",,,,
8,weights,7,62,0.051063158,1.474835011,1.431232616,0.000111111,47.95555556,"[40.0%, 51.2%, 45.0%, 40.0%, 53.4%, 47.4%, 48.0%, 54.4%, 52.2%]",,,,
8,weights,8,63,0.051063158,1.4579854,1.453286558,0.000111111,47.93333333,"[40.0%, 51.2%, 45.0%, 40.0%, 53.4%, 47.4%, 48.0%, 54.4%, 52.0%]",,,,
8,weights,9,64,0.051063158,1.441873967,1.389916897,0.000111111,48.02222222,"[40.0%, 51.2%, 45.0%, 40.0%, 53.4%, 47.4%, 48.0%, 54.4%, 52.8%]",,,,
8,weights,10,65,0.051063158,1.427981434,1.37672101,0.000111111,48,"[40.0%, 51.2%, 45.0%, 40.0%, 53.4%, 47.4%, 48.0%, 54.4%, 52.6%]",,,,
8,weights,11,66,0.051063158,1.421151101,1.383541822,0.000111111,48.31111111,"[40.0%, 51.2%, 45.0%, 40.0%, 53.4%, 47.4%, 48.0%, 54.4%, 55.4%]",,,,
8,weights,12,67,0.051063158,1.422443319,1.413891733,0.000111111,47.77777778,"[40.0%, 51.2%, 45.0%, 40.0%, 53.4%, 47.4%, 48.0%, 54.4%, 50.6%]",,,,
8,weights,13,68,0.051063158,1.388617633,1.392782778,0.000111111,47.86666667,"[40.0%, 51.2%, 45.0%, 40.0%, 53.4%, 47.4%, 48.0%, 54.4%, 51.4%]",,,,
8,weights,14,69,0.051063158,1.376444199,1.356766939,0.000111111,48.42222222,"[40.0%, 51.2%, 45.0%, 40.0%, 53.4%, 47.4%, 48.0%, 54.4%, 56.4%]",,,,
8,weights,15,70,0.051063158,1.371384002,1.402972758,0.000111111,47.86666667,"[40.0%, 51.2%, 45.0%, 40.0%, 53.4%, 47.4%, 48.0%, 54.4%, 51.4%]",,,,
8,weights,16,71,0.051063158,1.376951074,1.345181383,0.000111111,48.2,"[40.0%, 51.2%, 45.0%, 40.0%, 53.4%, 47.4%, 48.0%, 54.4%, 54.4%]",,,,
8,weights,17,72,0.051063158,1.366997091,1.370606944,0.000111111,48.2,"[40.0%, 51.2%, 45.0%, 40.0%, 53.4%, 47.4%, 48.0%, 54.4%, 54.4%]",,,,
8,weights,18,73,0.051063158,1.345717115,1.374469668,0.000111111,48.15555556,"[40.0%, 51.2%, 45.0%, 40.0%, 53.4%, 47.4%, 48.0%, 54.4%, 54.0%]",,,,
8,weights,19,74,0.051063158,1.347486252,1.375402734,0.000111111,48.02222222,"[40.0%, 51.2%, 45.0%, 40.0%, 53.4%, 47.4%, 48.0%, 54.4%, 52.8%]",,,,
8,weights,20,75,0.051063158,1.345156796,1.363490731,0.000111111,48.04444444,"[40.0%, 51.2%, 45.0%, 40.0%, 53.4%, 47.4%, 48.0%, 54.4%, 53.0%]",,,,
8,weights,21,76,0.051063158,1.335399733,1.312848426,0.000111111,48.33333333,"[40.0%, 51.2%, 45.0%, 40.0%, 53.4%, 47.4%, 48.0%, 54.4%, 55.6%]",,,,
8,weights,22,77,0.051063158,1.326405856,1.344382837,0.000111111,48.13333333,"[40.0%, 51.2%, 45.0%, 40.0%, 53.4%, 47.4%, 48.0%, 54.4%, 53.8%]",,,,
8,weights,23,78,0.051063158,1.322495153,1.30549074,0.000111111,48.42222222,"[40.0%, 51.2%, 45.0%, 40.0%, 53.4%, 47.4%, 48.0%, 54.4%, 56.4%]",,,,
8,weights,24,79,0.051063158,1.323856151,1.317934364,0.000111111,48.42222222,"[40.0%, 51.2%, 45.0%, 40.0%, 53.4%, 47.4%, 48.0%, 54.4%, 56.4%]",,,,
8,weights,25,80,0.051063158,1.302779561,1.324417494,0.000111111,48.48888889,"[40.0%, 51.2%, 45.0%, 40.0%, 53.4%, 47.4%, 48.0%, 54.4%, 57.0%]",29.48888889,"[0.0%, 40.4%, 28.2%, 8.2%, 33.0%, 22.8%, 34.4%, 48.8%, 49.6%]",38.9,"[29%, 43.2%, 34.7%, 30.3%, 47.4%, 33%, 49.9%, 28.5%, 53.2%]"
9,parallel,1,1,0.5,10.97622236,3.482866764,0.000111111,44.54,"[40.0%, 51.2%, 45.0%, 40.0%, 53.4%, 47.4%, 48.0%, 54.4%, 57.0%, 9.0%]",,,,
9,parallel,2,2,0.5,2.540858486,2.352581471,0.000111111,44.64,"[40.0%, 51.2%, 45.0%, 40.0%, 53.4%, 47.4%, 48.0%, 54.4%, 57.0%, 10.0%]",,,,
9,parallel,3,3,0.5,2.339361112,2.325775355,0.000111111,44.64,"[40.0%, 51.2%, 45.0%, 40.0%, 53.4%, 47.4%, 48.0%, 54.4%, 57.0%, 10.0%]",,,,
9,parallel,4,4,0.5,2.330029961,2.328653753,0.000111111,44.64,"[40.0%, 51.2%, 45.0%, 40.0%, 53.4%, 47.4%, 48.0%, 54.4%, 57.0%, 10.0%]",,,,
9,parallel,5,5,0.488680228,2.32761725,2.316895127,0.000111111,45,"[40.0%, 51.2%, 45.0%, 40.0%, 53.4%, 47.4%, 48.0%, 54.4%, 57.0%, 13.6%]",,,,
9,parallel,6,6,0.471088899,2.318299013,2.303380042,0.000111111,44.98,"[40.0%, 51.2%, 45.0%, 40.0%, 53.4%, 47.4%, 48.0%, 54.4%, 57.0%, 13.4%]",,,,
9,parallel,7,7,0.453857554,2.29173768,2.239820153,0.000111111,45.42,"[40.0%, 51.2%, 45.0%, 40.0%, 53.4%, 47.4%, 48.0%, 54.4%, 57.0%, 17.8%]",,,,
9,parallel,8,8,0.436986191,2.248057661,2.133190066,0.000111111,45.82,"[40.0%, 51.2%, 45.0%, 40.0%, 53.4%, 47.4%, 48.0%, 54.4%, 57.0%, 21.8%]",,,,
9,parallel,9,9,0.420474812,2.151524085,2.104349971,0.000111111,46.18,"[40.0%, 51.2%, 45.0%, 40.0%, 53.4%, 47.4%, 48.0%, 54.4%, 57.0%, 25.4%]",,,,
9,parallel,10,10,0.404323416,1.988652039,1.75570105,0.000111111,47.36,"[40.0%, 51.2%, 45.0%, 40.0%, 53.4%, 47.4%, 48.0%, 54.4%, 57.0%, 37.2%]",,,,
9,parallel,11,11,0.388532002,1.782931421,1.649435833,0.000111111,47.68,"[40.0%, 51.2%, 45.0%, 40.0%, 53.4%, 47.4%, 48.0%, 54.4%, 57.0%, 40.4%]",,,,
9,parallel,12,12,0.373100573,1.689373534,1.558199063,0.000111111,48.32,"[40.0%, 51.2%, 45.0%, 40.0%, 53.4%, 47.4%, 48.0%, 54.4%, 57.0%, 46.8%]",,,,
9,parallel,13,13,0.358029126,1.609191108,1.4233163,0.000111111,48.78,"[40.0%, 51.2%, 45.0%, 40.0%, 53.4%, 47.4%, 48.0%, 54.4%, 57.0%, 51.4%]",,,,
9,parallel,14,14,0.343317662,1.483818314,1.375135094,0.000111111,48.96,"[40.0%, 51.2%, 45.0%, 40.0%, 53.4%, 47.4%, 48.0%, 54.4%, 57.0%, 53.2%]",,,,
9,parallel,15,15,0.328966182,1.425045305,1.3200268,0.000111111,49.16,"[40.0%, 51.2%, 45.0%, 40.0%, 53.4%, 47.4%, 48.0%, 54.4%, 57.0%, 55.2%]",,,,
9,parallel,16,16,0.314974684,1.308029171,1.266643494,0.000111111,49.34,"[40.0%, 51.2%, 45.0%, 40.0%, 53.4%, 47.4%, 48.0%, 54.4%, 57.0%, 57.0%]",,,,
9,parallel,17,17,0.30134317,1.329195629,1.356383756,0.000111111,48.9,"[40.0%, 51.2%, 45.0%, 40.0%, 53.4%, 47.4%, 48.0%, 54.4%, 57.0%, 52.6%]",,,,
9,parallel,18,18,0.288071639,1.270325864,1.311384417,0.000111111,49.14,"[40.0%, 51.2%, 45.0%, 40.0%, 53.4%, 47.4%, 48.0%, 54.4%, 57.0%, 55.0%]",,,,
9,parallel,19,19,0.275160092,1.231528481,1.283137061,0.000111111,49.26,"[40.0%, 51.2%, 45.0%, 40.0%, 53.4%, 47.4%, 48.0%, 54.4%, 57.0%, 56.2%]",,,,
9,parallel,20,20,0.262608527,1.246945841,1.302383527,0.000111111,49.4,"[40.0%, 51.2%, 45.0%, 40.0%, 53.4%, 47.4%, 48.0%, 54.4%, 57.0%, 57.6%]",,,,
9,parallel,21,21,0.250416945,1.189536359,1.148168825,0.000111111,49.68,"[40.0%, 51.2%, 45.0%, 40.0%, 53.4%, 47.4%, 48.0%, 54.4%, 57.0%, 60.4%]",,,,
9,parallel,22,22,0.238585347,1.176866585,1.17005913,0.000111111,49.9,"[40.0%, 51.2%, 45.0%, 40.0%, 53.4%, 47.4%, 48.0%, 54.4%, 57.0%, 62.6%]",,,,
9,parallel,23,23,0.227113732,1.179643927,1.208652571,0.000111111,49.6,"[40.0%, 51.2%, 45.0%, 40.0%, 53.4%, 47.4%, 48.0%, 54.4%, 57.0%, 59.6%]",,,,
9,parallel,24,24,0.2160021,1.187658579,1.175741747,0.000111111,49.62,"[40.0%, 51.2%, 45.0%, 40.0%, 53.4%, 47.4%, 48.0%, 54.4%, 57.0%, 59.8%]",,,,
9,parallel,25,25,0.205250451,1.187384789,1.161489047,0.000111111,49.84,"[40.0%, 51.2%, 45.0%, 40.0%, 53.4%, 47.4%, 48.0%, 54.4%, 57.0%, 62.0%]",,,,
9,parallel,26,26,0.194858785,1.217478822,1.229581177,0.000111111,49.52,"[40.0%, 51.2%, 45.0%, 40.0%, 53.4%, 47.4%, 48.0%, 54.4%, 57.0%, 58.8%]",,,,
9,parallel,27,27,0.184827103,1.200063927,1.178644739,0.000111111,49.58,"[40.0%, 51.2%, 45.0%, 40.0%, 53.4%, 47.4%, 48.0%, 54.4%, 57.0%, 59.4%]",,,,
9,parallel,28,28,0.175155403,1.159187229,1.188045807,0.000111111,49.7,"[40.0%, 51.2%, 45.0%, 40.0%, 53.4%, 47.4%, 48.0%, 54.4%, 57.0%, 60.6%]",,,,
9,parallel,29,29,0.165843687,1.172248534,1.173904479,0.000111111,49.54,"[40.0%, 51.2%, 45.0%, 40.0%, 53.4%, 47.4%, 48.0%, 54.4%, 57.0%, 59.0%]",,,,
9,parallel,30,30,0.156891954,1.157902509,1.183799036,0.000111111,49.78,"[40.0%, 51.2%, 45.0%, 40.0%, 53.4%, 47.4%, 48.0%, 54.4%, 57.0%, 61.4%]",,,,
9,parallel,31,31,0.148300204,1.251567274,1.275508441,0.000111111,49.58,"[40.0%, 51.2%, 45.0%, 40.0%, 53.4%, 47.4%, 48.0%, 54.4%, 57.0%, 59.4%]",,,,
9,parallel,32,32,0.140068437,1.250094522,1.225612476,0.000111111,49.5,"[40.0%, 51.2%, 45.0%, 40.0%, 53.4%, 47.4%, 48.0%, 54.4%, 57.0%, 58.6%]",,,,
9,parallel,33,33,0.132196654,1.258569859,1.322314322,0.000111111,49.26,"[40.0%, 51.2%, 45.0%, 40.0%, 53.4%, 47.4%, 48.0%, 54.4%, 57.0%, 56.2%]",,,,
9,parallel,34,34,0.124684853,1.266186233,1.262343742,0.000111111,49.64,"[40.0%, 51.2%, 45.0%, 40.0%, 53.4%, 47.4%, 48.0%, 54.4%, 57.0%, 60.0%]",,,,
9,parallel,35,35,0.117533036,1.26166668,1.27965986,0.000111111,49.28,"[40.0%, 51.2%, 45.0%, 40.0%, 53.4%, 47.4%, 48.0%, 54.4%, 57.0%, 56.4%]",,,,
9,parallel,36,36,0.110741202,1.284941665,1.324403875,0.000111111,49.24,"[40.0%, 51.2%, 45.0%, 40.0%, 53.4%, 47.4%, 48.0%, 54.4%, 57.0%, 56.0%]",,,,
9,parallel,37,37,0.104309351,1.360487758,1.267827429,0.000111111,49.52,"[40.0%, 51.2%, 45.0%, 40.0%, 53.4%, 47.4%, 48.0%, 54.4%, 57.0%, 58.8%]",,,,
9,parallel,38,38,0.098237483,1.326859882,1.31771259,0.000111111,49.12,"[40.0%, 51.2%, 45.0%, 40.0%, 53.4%, 47.4%, 48.0%, 54.4%, 57.0%, 54.8%]",,,,
9,parallel,39,39,0.092525598,1.383934637,1.355167434,0.000111111,49.2,"[40.0%, 51.2%, 45.0%, 40.0%, 53.4%, 47.4%, 48.0%, 54.4%, 57.0%, 55.6%]",,,,
9,parallel,40,40,0.087173697,1.329113742,1.320439793,0.000111111,49.16,"[40.0%, 51.2%, 45.0%, 40.0%, 53.4%, 47.4%, 48.0%, 54.4%, 57.0%, 55.2%]",,,,
9,parallel,41,41,0.082181778,1.411809944,1.318257809,0.000111111,49.38,"[40.0%, 51.2%, 45.0%, 40.0%, 53.4%, 47.4%, 48.0%, 54.4%, 57.0%, 57.4%]",,,,
9,parallel,42,42,0.077549843,1.45423954,1.469500214,0.000111111,48.92,"[40.0%, 51.2%, 45.0%, 40.0%, 53.4%, 47.4%, 48.0%, 54.4%, 57.0%, 52.8%]",,,,
9,parallel,43,43,0.073277891,1.451070451,1.377849862,0.000111111,49,"[40.0%, 51.2%, 45.0%, 40.0%, 53.4%, 47.4%, 48.0%, 54.4%, 57.0%, 53.6%]",,,,
9,parallel,44,44,0.069365922,1.497429353,1.434733622,0.000111111,49.04,"[40.0%, 51.2%, 45.0%, 40.0%, 53.4%, 47.4%, 48.0%, 54.4%, 57.0%, 54.0%]",,,,
9,parallel,45,45,0.065813937,1.46976632,1.394147128,0.000111111,49.08,"[40.0%, 51.2%, 45.0%, 40.0%, 53.4%, 47.4%, 48.0%, 54.4%, 57.0%, 54.4%]",,,,
9,parallel,46,46,0.062621934,1.437483792,1.368853346,0.000111111,49.18,"[40.0%, 51.2%, 45.0%, 40.0%, 53.4%, 47.4%, 48.0%, 54.4%, 57.0%, 55.4%]",,,,
9,parallel,47,47,0.059789915,1.908148637,1.607737675,0.000111111,48.28,"[40.0%, 51.2%, 45.0%, 40.0%, 53.4%, 47.4%, 48.0%, 54.4%, 57.0%, 46.4%]",,,,
9,parallel,48,48,0.057317878,1.648091695,1.581888169,0.000111111,48.42,"[40.0%, 51.2%, 45.0%, 40.0%, 53.4%, 47.4%, 48.0%, 54.4%, 57.0%, 47.8%]",,,,
9,parallel,49,49,0.055205825,1.581595572,1.490305275,0.000111111,48.74,"[40.0%, 51.2%, 45.0%, 40.0%, 53.4%, 47.4%, 48.0%, 54.4%, 57.0%, 51.0%]",,,,
9,parallel,50,50,0.053453755,1.746754154,1.567640483,0.000111111,48.32,"[40.0%, 51.2%, 45.0%, 40.0%, 53.4%, 47.4%, 48.0%, 54.4%, 57.0%, 46.8%]",,,,
9,parallel,51,51,0.052061669,1.59479429,1.489957169,0.000111111,48.7,"[40.0%, 51.2%, 45.0%, 40.0%, 53.4%, 47.4%, 48.0%, 54.4%, 57.0%, 50.6%]",,,,
9,parallel,52,52,0.051029565,1.51982332,1.49439688,0.000111111,48.46,"[40.0%, 51.2%, 45.0%, 40.0%, 53.4%, 47.4%, 48.0%, 54.4%, 57.0%, 48.2%]",,,,
9,parallel,53,53,0.050357445,1.62592533,1.484937191,0.000111111,48.68,"[40.0%, 51.2%, 45.0%, 40.0%, 53.4%, 47.4%, 48.0%, 54.4%, 57.0%, 50.4%]",,,,
9,parallel,54,54,0.050045307,1.498542315,1.512924716,0.000111111,48.38,"[40.0%, 51.2%, 45.0%, 40.0%, 53.4%, 47.4%, 48.0%, 54.4%, 57.0%, 47.4%]",,,,
9,parallel,55,55,0.050021053,1.465404717,1.424389392,0.000111111,48.86,"[40.0%, 51.2%, 45.0%, 40.0%, 53.4%, 47.4%, 48.0%, 54.4%, 57.0%, 52.2%]",,,,
9,weights,1,56,0.050021053,1.467893145,1.41269806,0.000111111,48.86,"[40.0%, 51.2%, 45.0%, 40.0%, 53.4%, 47.4%, 48.0%, 54.4%, 57.0%, 52.2%]",,,,
9,weights,2,57,0.050021053,1.434566968,1.444078818,0.000111111,48.68,"[40.0%, 51.2%, 45.0%, 40.0%, 53.4%, 47.4%, 48.0%, 54.4%, 57.0%, 50.4%]",,,,
9,weights,3,58,0.050021053,1.427206403,1.390447013,0.000111111,48.86,"[40.0%, 51.2%, 45.0%, 40.0%, 53.4%, 47.4%, 48.0%, 54.4%, 57.0%, 52.2%]",,,,
9,weights,4,59,0.050021053,1.412695385,1.437062144,0.000111111,49.02,"[40.0%, 51.2%, 45.0%, 40.0%, 53.4%, 47.4%, 48.0%, 54.4%, 57.0%, 53.8%]",,,,
9,weights,5,60,0.050021053,1.407792888,1.385315605,0.000111111,48.88,"[40.0%, 51.2%, 45.0%, 40.0%, 53.4%, 47.4%, 48.0%, 54.4%, 57.0%, 52.4%]",,,,
9,weights,6,61,0.050021053,1.360962572,1.365991354,0.000111111,49.04,"[40.0%, 51.2%, 45.0%, 40.0%, 53.4%, 47.4%, 48.0%, 54.4%, 57.0%, 54.0%]",,,,
9,weights,7,62,0.050021053,1.356062426,1.36177513,0.000111111,49.2,"[40.0%, 51.2%, 45.0%, 40.0%, 53.4%, 47.4%, 48.0%, 54.4%, 57.0%, 55.6%]",,,,
9,weights,8,63,0.050021053,1.358696412,1.351424851,0.000111111,49.24,"[40.0%, 51.2%, 45.0%, 40.0%, 53.4%, 47.4%, 48.0%, 54.4%, 57.0%, 56.0%]",,,,
9,weights,9,64,0.050021053,1.331344669,1.325267136,0.000111111,49.24,"[40.0%, 51.2%, 45.0%, 40.0%, 53.4%, 47.4%, 48.0%, 54.4%, 57.0%, 56.0%]",,,,
9,weights,10,65,0.050021053,1.321634721,1.270237654,0.000111111,49.32,"[40.0%, 51.2%, 45.0%, 40.0%, 53.4%, 47.4%, 48.0%, 54.4%, 57.0%, 56.8%]",,,,
9,weights,11,66,0.050021053,1.307030676,1.288186707,0.000111111,49.52,"[40.0%, 51.2%, 45.0%, 40.0%, 53.4%, 47.4%, 48.0%, 54.4%, 57.0%, 58.8%]",,,,
9,weights,12,67,0.050021053,1.316492897,1.301123276,0.000111111,49.38,"[40.0%, 51.2%, 45.0%, 40.0%, 53.4%, 47.4%, 48.0%, 54.4%, 57.0%, 57.4%]",,,,
9,weights,13,68,0.050021053,1.305990387,1.297274187,0.000111111,49.3,"[40.0%, 51.2%, 45.0%, 40.0%, 53.4%, 47.4%, 48.0%, 54.4%, 57.0%, 56.6%]",,,,
9,weights,14,69,0.050021053,1.294884038,1.299891107,0.000111111,49.24,"[40.0%, 51.2%, 45.0%, 40.0%, 53.4%, 47.4%, 48.0%, 54.4%, 57.0%, 56.0%]",,,,
9,weights,15,70,0.050021053,1.291128718,1.307786956,0.000111111,49.16,"[40.0%, 51.2%, 45.0%, 40.0%, 53.4%, 47.4%, 48.0%, 54.4%, 57.0%, 55.2%]",,,,
9,weights,16,71,0.050021053,1.274229549,1.256594144,0.000111111,49.4,"[40.0%, 51.2%, 45.0%, 40.0%, 53.4%, 47.4%, 48.0%, 54.4%, 57.0%, 57.6%]",,,,
9,weights,17,72,0.050021053,1.289874934,1.298087731,0.000111111,49.4,"[40.0%, 51.2%, 45.0%, 40.0%, 53.4%, 47.4%, 48.0%, 54.4%, 57.0%, 57.6%]",,,,
9,weights,18,73,0.050021053,1.290062502,1.226883173,0.000111111,49.6,"[40.0%, 51.2%, 45.0%, 40.0%, 53.4%, 47.4%, 48.0%, 54.4%, 57.0%, 59.6%]",,,,
9,weights,19,74,0.050021053,1.254432363,1.292344444,0.000111111,49.12,"[40.0%, 51.2%, 45.0%, 40.0%, 53.4%, 47.4%, 48.0%, 54.4%, 57.0%, 54.8%]",,,,
9,weights,20,75,0.050021053,1.246729398,1.269849151,0.000111111,49.46,"[40.0%, 51.2%, 45.0%, 40.0%, 53.4%, 47.4%, 48.0%, 54.4%, 57.0%, 58.2%]",,,,
9,weights,21,76,0.050021053,1.237510682,1.232322499,0.000111111,49.48,"[40.0%, 51.2%, 45.0%, 40.0%, 53.4%, 47.4%, 48.0%, 54.4%, 57.0%, 58.4%]",,,,
9,weights,22,77,0.050021053,1.246074867,1.265277803,0.000111111,49.42,"[40.0%, 51.2%, 45.0%, 40.0%, 53.4%, 47.4%, 48.0%, 54.4%, 57.0%, 57.8%]",,,,
9,weights,23,78,0.050021053,1.259854357,1.249027051,0.000111111,49.44,"[40.0%, 51.2%, 45.0%, 40.0%, 53.4%, 47.4%, 48.0%, 54.4%, 57.0%, 58.0%]",,,,
9,weights,24,79,0.050021053,1.229990254,1.285003379,0.000111111,49.16,"[40.0%, 51.2%, 45.0%, 40.0%, 53.4%, 47.4%, 48.0%, 54.4%, 57.0%, 55.2%]",,,,
9,weights,25,80,0.050021053,1.228546345,1.249448925,0.000111111,49.24,"[40.0%, 51.2%, 45.0%, 40.0%, 53.4%, 47.4%, 48.0%, 54.4%, 57.0%, 56.0%]",29.12,"[0.0%, 40.4%, 28.2%, 8.2%, 33.0%, 16.4%, 34.4%, 42.6%, 49.6%, 38.4%]",37.04,"[24.2%, 43.5%, 34.7%, 31.1%, 47.1%, 29%, 51.6%, 29.4%, 45.1%, 34.1%]"
10,parallel,1,1,0.5,12.75802544,4.716831028,0.000111111,44.65454545,"[40.4%, 51.2%, 44.6%, 40.0%, 53.2%, 46.6%, 48.2%, 53.8%, 56.8%, 56.4%, 0.0%]",,,,
10,parallel,2,2,0.5,2.803401597,2.360278636,0.000111111,45.49090909,"[40.4%, 51.4%, 44.4%, 40.0%, 53.2%, 46.8%, 48.0%, 53.8%, 56.4%, 56.0%, 10.0%]",,,,
10,parallel,3,3,0.5,2.343955746,2.342256278,0.000111111,45.47272727,"[40.4%, 51.4%, 44.6%, 40.0%, 53.2%, 46.4%, 48.0%, 53.8%, 56.4%, 56.0%, 10.0%]",,,,
10,parallel,4,4,0.5,2.328627958,2.317220122,0.000111111,45.65454545,"[40.4%, 51.4%, 44.6%, 40.2%, 53.2%, 46.2%, 48.0%, 53.8%, 56.4%, 56.0%, 12.0%]",,,,
10,parallel,5,5,0.488654013,2.330592427,2.324185044,0.000111111,45.63636364,"[40.6%, 51.4%, 44.4%, 40.2%, 53.2%, 46.2%, 47.8%, 53.8%, 56.4%, 56.0%, 12.0%]",,,,
10,parallel,6,6,0.471021944,2.339873438,2.323013693,0.000111111,45.81818182,"[40.4%, 51.4%, 44.4%, 40.2%, 53.2%, 46.2%, 47.8%, 53.6%, 56.4%, 56.0%, 14.4%]",,,,
10,parallel,7,7,0.453750693,2.339536884,2.325376213,0.000111111,45.74545455,"[40.4%, 51.4%, 44.4%, 40.2%, 53.2%, 46.2%, 47.8%, 53.6%, 56.4%, 56.0%, 13.6%]",,,,
10,parallel,8,8,0.436840258,2.3092875,2.255645663,0.000111111,46.12727273,"[40.4%, 51.4%, 44.4%, 40.2%, 53.2%, 46.2%, 47.8%, 53.6%, 56.4%, 56.0%, 17.8%]",,,,
10,parallel,9,9,0.42029064,2.122629664,1.92212607,0.000111111,47.36363636,"[40.4%, 51.4%, 44.4%, 40.2%, 53.2%, 46.2%, 47.8%, 53.6%, 56.4%, 56.0%, 31.4%]",,,,
10,parallel,10,10,0.404101838,1.859764992,1.670579284,0.000111111,48.01818182,"[40.4%, 51.4%, 44.4%, 40.2%, 53.2%, 46.2%, 47.8%, 53.6%, 56.4%, 56.0%, 38.6%]",,,,
10,parallel,11,11,0.388273854,1.728179835,1.5873992,0.000111111,48.47272727,"[40.4%, 51.4%, 44.4%, 40.2%, 53.2%, 46.2%, 47.8%, 53.6%, 56.4%, 56.0%, 43.6%]",,,,
10,parallel,12,12,0.372806686,1.637824596,1.514154643,0.000111111,48.78181818,"[40.4%, 51.4%, 44.4%, 40.2%, 53.2%, 46.2%, 47.8%, 53.6%, 56.4%, 56.0%, 47.0%]",,,,
10,parallel,13,13,0.357700336,1.535460922,1.558896519,0.000111111,48.67272727,"[40.4%, 51.4%, 44.4%, 40.2%, 53.2%, 46.2%, 47.8%, 53.6%, 56.4%, 56.0%, 45.8%]",,,,
10,parallel,14,14,0.342954802,1.434544517,1.42683205,0.000111111,49.03636364,"[40.4%, 51.4%, 44.4%, 40.2%, 53.2%, 46.2%, 47.8%, 53.6%, 56.4%, 56.0%, 49.8%]",,,,
10,parallel,15,15,0.328570085,1.369372542,1.390991151,0.000111111,49.36363636,"[40.4%, 51.4%, 44.4%, 40.2%, 53.2%, 46.2%, 47.8%, 53.6%, 56.4%, 56.0%, 53.4%]",,,,
10,parallel,16,16,0.314546185,1.313023975,1.275353074,0.000111111,49.50909091,"[40.4%, 51.4%, 44.4%, 40.2%, 53.2%, 46.2%, 47.8%, 53.6%, 56.4%, 56.0%, 55.0%]",,,,
10,parallel,17,17,0.300883101,1.292016576,1.298086077,0.000111111,49.8,"[40.4%, 51.4%, 44.4%, 40.2%, 53.2%, 46.2%, 47.8%, 53.6%, 56.4%, 56.0%, 58.2%]",,,,
10,parallel,18,18,0.287580835,1.263255719,1.127830751,0.000111111,50.10909091,"[40.4%, 51.4%, 44.4%, 40.2%, 53.2%, 46.2%, 47.8%, 53.6%, 56.4%, 56.0%, 61.6%]",,,,
10,parallel,19,19,0.274639385,1.258166264,1.42476467,0.000111111,49.07272727,"[40.4%, 51.4%, 44.4%, 40.2%, 53.2%, 46.2%, 47.8%, 53.6%, 56.4%, 56.0%, 50.2%]",,,,
10,parallel,20,20,0.262058752,1.213687212,1.181607559,0.000111111,50.25454545,"[40.4%, 51.4%, 44.4%, 40.2%, 53.2%, 46.2%, 47.8%, 53.6%, 56.4%, 56.0%, 63.2%]",,,,
10,parallel,21,21,0.249838936,1.241772867,1.097611696,0.000111111,50.23636364,"[40.4%, 51.4%, 44.4%, 40.2%, 53.2%, 46.2%, 47.8%, 53.6%, 56.4%, 56.0%, 63.0%]",,,,
10,parallel,22,22,0.237979937,1.179382567,1.173109934,0.000111111,50,"[40.4%, 51.4%, 44.4%, 40.2%, 53.2%, 46.2%, 47.8%, 53.6%, 56.4%, 56.0%, 60.4%]",,,,
10,parallel,23,23,0.226481755,1.158346233,1.143029042,0.000111111,50.25454545,"[40.4%, 51.4%, 44.4%, 40.2%, 53.2%, 46.2%, 47.8%, 53.6%, 56.4%, 56.0%, 63.2%]",,,,
10,parallel,24,24,0.21534439,1.160650124,1.130532186,0.000111111,50.23636364,"[40.4%, 51.4%, 44.4%, 40.2%, 53.2%, 46.2%, 47.8%, 53.6%, 56.4%, 56.0%, 63.0%]",,,,
10,parallel,25,25,0.204567841,1.165232244,1.225759536,0.000111111,49.90909091,"[40.4%, 51.4%, 44.4%, 40.2%, 53.2%, 46.2%, 47.8%, 53.6%, 56.4%, 56.0%, 59.4%]",,,,
10,parallel,26,26,0.194152109,1.174805914,1.079734325,0.000111111,50.45454545,"[40.4%, 51.4%, 44.4%, 40.2%, 53.2%, 46.2%, 47.8%, 53.6%, 56.4%, 56.0%, 65.4%]",,,,
10,parallel,27,27,0.184097194,1.184302462,1.295927327,0.000111111,49.65454545,"[40.4%, 51.4%, 44.4%, 40.2%, 53.2%, 46.2%, 47.8%, 53.6%, 56.4%, 56.0%, 56.6%]",,,,
10,parallel,28,28,0.174403096,1.173712554,1.306084968,0.000111111,49.70909091,"[40.4%, 51.4%, 44.4%, 40.2%, 53.2%, 46.2%, 47.8%, 53.6%, 56.4%, 56.0%, 57.2%]",,,,
10,parallel,29,29,0.165069815,1.186812061,1.32456696,0.000111111,49.54545455,"[40.4%, 51.4%, 44.4%, 40.2%, 53.2%, 46.2%, 47.8%, 53.6%, 56.4%, 56.0%, 55.4%]",,,,
10,parallel,30,30,0.156097351,1.267620834,1.300337046,0.000111111,49.58181818,"[40.4%, 51.4%, 44.4%, 40.2%, 53.2%, 46.2%, 47.8%, 53.6%, 56.4%, 56.0%, 55.8%]",,,,
10,parallel,31,31,0.147485703,1.204374303,1.33890143,0.000111111,49.58181818,"[40.4%, 51.4%, 44.4%, 40.2%, 53.2%, 46.2%, 47.8%, 53.6%, 56.4%, 56.0%, 55.8%]",,,,
10,parallel,32,32,0.139234872,1.251083277,1.186243922,0.000111111,49.90909091,"[40.4%, 51.4%, 44.4%, 40.2%, 53.2%, 46.2%, 47.8%, 53.6%, 56.4%, 56.0%, 59.4%]",,,,
10,parallel,33,33,0.131344859,1.260580281,1.220512368,0.000111111,49.72727273,"[40.4%, 51.4%, 44.4%, 40.2%, 53.2%, 46.2%, 47.8%, 53.6%, 56.4%, 56.0%, 57.4%]",,,,
10,parallel,34,34,0.123815662,1.349153556,1.279916614,0.000111111,49.58181818,"[40.4%, 51.4%, 44.4%, 40.2%, 53.2%, 46.2%, 47.8%, 53.6%, 56.4%, 56.0%, 55.8%]",,,,
10,parallel,35,35,0.116647281,1.299475809,1.211319983,0.000111111,49.89090909,"[40.4%, 51.4%, 44.4%, 40.2%, 53.2%, 46.2%, 47.8%, 53.6%, 56.4%, 56.0%, 59.2%]",,,,
10,parallel,36,36,0.109839718,1.300424795,1.224348009,0.000111111,49.76363636,"[40.4%, 51.4%, 44.4%, 40.2%, 53.2%, 46.2%, 47.8%, 53.6%, 56.4%, 56.0%, 57.8%]",,,,
10,parallel,37,37,0.103392972,1.448416305,1.306634143,0.000111111,49.67272727,"[40.4%, 51.4%, 44.4%, 40.2%, 53.2%, 46.2%, 47.8%, 53.6%, 56.4%, 56.0%, 56.8%]",,,,
10,parallel,38,38,0.097307042,1.384943116,1.296024479,0.000111111,49.61818182,"[40.4%, 51.4%, 44.4%, 40.2%, 53.2%, 46.2%, 47.8%, 53.6%, 56.4%, 56.0%, 56.2%]",,,,
10,parallel,39,39,0.091581929,1.461207649,1.318443865,0.000111111,49.41818182,"[40.4%, 51.4%, 44.4%, 40.2%, 53.2%, 46.2%, 47.8%, 53.6%, 56.4%, 56.0%, 54.0%]",,,,
10,parallel,40,40,0.086217633,1.394038309,1.2917969,0.000111111,49.54545455,"[40.4%, 51.4%, 44.4%, 40.2%, 53.2%, 46.2%, 47.8%, 53.6%, 56.4%, 56.0%, 55.4%]",,,,
10,parallel,41,41,0.081214154,1.434538957,1.304123402,0.000111111,49.58181818,"[40.4%, 51.4%, 44.4%, 40.2%, 53.2%, 46.2%, 47.8%, 53.6%, 56.4%, 56.0%, 55.8%]",,,,
10,parallel,42,42,0.076571492,1.47088521,1.464954294,0.000111111,49.12727273,"[40.4%, 51.4%, 44.4%, 40.2%, 53.2%, 46.2%, 47.8%, 53.6%, 56.4%, 56.0%, 50.8%]",,,,
10,parallel,43,43,0.072289646,1.505637312,1.335313901,0.000111111,49.45454545,"[40.4%, 51.4%, 44.4%, 40.2%, 53.2%, 46.2%, 47.8%, 53.6%, 56.4%, 56.0%, 54.4%]",,,,
10,parallel,44,44,0.068368618,1.472067558,1.367133148,0.000111111,49.34545455,"[40.4%, 51.4%, 44.4%, 40.2%, 53.2%, 46.2%, 47.8%, 53.6%, 56.4%, 56.0%, 53.2%]",,,,
10,parallel,45,45,0.064808406,1.462836712,1.398611508,0.000111111,49.30909091,"[40.4%, 51.4%, 44.4%, 40.2%, 53.2%, 46.2%, 47.8%, 53.6%, 56.4%, 56.0%, 52.8%]",,,,
10,parallel,46,46,0.061609011,1.666082888,1.545563474,0.000111111,48.8,"[40.4%, 51.4%, 44.4%, 40.2%, 53.2%, 46.2%, 47.8%, 53.6%, 56.4%, 56.0%, 47.2%]",,,,
10,parallel,47,47,0.058770433,1.572161907,1.46779041,0.000111111,49.21818182,"[40.4%, 51.4%, 44.4%, 40.2%, 53.2%, 46.2%, 47.8%, 53.6%, 56.4%, 56.0%, 51.8%]",,,,
10,parallel,48,48,0.056292672,1.552423441,1.443890646,0.000111111,49.36363636,"[40.4%, 51.4%, 44.4%, 40.2%, 53.2%, 46.2%, 47.8%, 53.6%, 56.4%, 56.0%, 53.4%]",,,,
10,parallel,49,49,0.054175727,1.645461478,1.526039243,0.000111111,49.05454545,"[40.4%, 51.4%, 44.4%, 40.2%, 53.2%, 46.2%, 47.8%, 53.6%, 56.4%, 56.0%, 50.0%]",,,,
10,parallel,50,50,0.0524196,1.542628653,1.501622677,0.000111111,48.78181818,"[40.4%, 51.4%, 44.4%, 40.2%, 53.2%, 46.2%, 47.8%, 53.6%, 56.4%, 56.0%, 47.0%]",,,,
10,parallel,51,51,0.051024289,1.506147884,1.442768767,0.000111111,49.09090909,"[40.4%, 51.4%, 44.4%, 40.2%, 53.2%, 46.2%, 47.8%, 53.6%, 56.4%, 56.0%, 50.4%]",,,,
10,parallel,52,52,0.049989795,1.545735386,1.416592821,0.000111111,49.16363636,"[40.4%, 51.4%, 44.4%, 40.2%, 53.2%, 46.2%, 47.8%, 53.6%, 56.4%, 56.0%, 51.2%]",,,,
10,parallel,53,53,0.049316118,1.481748561,1.388694465,0.000111111,49.41818182,"[40.4%, 51.4%, 44.4%, 40.2%, 53.2%, 46.2%, 47.8%, 53.6%, 56.4%, 56.0%, 54.0%]",,,,
10,parallel,54,54,0.049003258,1.463364351,1.395048276,0.000111111,49.30909091,"[40.4%, 51.4%, 44.4%, 40.2%, 53.2%, 46.2%, 47.8%, 53.6%, 56.4%, 56.0%, 52.8%]",,,,
10,parallel,55,55,0.048978947,1.443749091,1.479719892,0.000111111,48.90909091,"[40.4%, 51.4%, 44.4%, 40.2%, 53.2%, 46.2%, 47.8%, 53.6%, 56.4%, 56.0%, 48.4%]",,,,
10,weights,1,56,0.048978947,1.419137599,1.343809322,0.000111111,49.36363636,"[40.4%, 51.4%, 44.4%, 40.2%, 53.2%, 46.2%, 47.8%, 53.6%, 56.4%, 56.0%, 53.4%]",,,,
10,weights,2,57,0.048978947,1.405536895,1.356380388,0.000111111,49.38181818,"[40.4%, 51.4%, 44.4%, 40.2%, 53.2%, 46.2%, 47.8%, 53.6%, 56.4%, 56.0%, 53.6%]",,,,
10,weights,3,58,0.048978947,1.386950235,1.395985529,0.000111111,49.12727273,"[40.4%, 51.4%, 44.4%, 40.2%, 53.2%, 46.2%, 47.8%, 53.6%, 56.4%, 56.0%, 50.8%]",,,,
10,weights,4,59,0.048978947,1.381163304,1.351760596,0.000111111,49.30909091,"[40.4%, 51.4%, 44.4%, 40.2%, 53.2%, 46.2%, 47.8%, 53.6%, 56.4%, 56.0%, 52.8%]",,,,
10,weights,5,60,0.048978947,1.365723851,1.325110674,0.000111111,49.43636364,"[40.4%, 51.4%, 44.4%, 40.2%, 53.2%, 46.2%, 47.8%, 53.6%, 56.4%, 56.0%, 54.2%]",,,,
10,weights,6,61,0.048978947,1.338035719,1.28004849,0.000111111,49.58181818,"[40.4%, 51.4%, 44.4%, 40.2%, 53.2%, 46.2%, 47.8%, 53.6%, 56.4%, 56.0%, 55.8%]",,,,
10,weights,7,62,0.048978947,1.349303828,1.502421819,0.000111111,48.89090909,"[40.4%, 51.4%, 44.4%, 40.2%, 53.2%, 46.2%, 47.8%, 53.6%, 56.4%, 56.0%, 48.2%]",,,,
10,weights,8,63,0.048978947,1.335258851,1.304742657,0.000111111,49.43636364,"[40.4%, 51.4%, 44.4%, 40.2%, 53.2%, 46.2%, 47.8%, 53.6%, 56.4%, 56.0%, 54.2%]",,,,
10,weights,9,64,0.048978947,1.307017491,1.270752586,0.000111111,49.69090909,"[40.4%, 51.4%, 44.4%, 40.2%, 53.2%, 46.2%, 47.8%, 53.6%, 56.4%, 56.0%, 57.0%]",,,,
10,weights,10,65,0.048978947,1.300245548,1.290585846,0.000111111,49.67272727,"[40.4%, 51.4%, 44.4%, 40.2%, 53.2%, 46.2%, 47.8%, 53.6%, 56.4%, 56.0%, 56.8%]",,,,
10,weights,11,66,0.048978947,1.3312872,1.343570344,0.000111111,49.30909091,"[40.4%, 51.4%, 44.4%, 40.2%, 53.2%, 46.2%, 47.8%, 53.6%, 56.4%, 56.0%, 52.8%]",,,,
10,weights,12,67,0.048978947,1.310761835,1.256206393,0.000111111,49.67272727,"[40.4%, 51.4%, 44.4%, 40.2%, 53.2%, 46.2%, 47.8%, 53.6%, 56.4%, 56.0%, 56.8%]",,,,
10,weights,13,68,0.048978947,1.300883178,1.3277677,0.000111111,49.41818182,"[40.4%, 51.4%, 44.4%, 40.2%, 53.2%, 46.2%, 47.8%, 53.6%, 56.4%, 56.0%, 54.0%]",,,,
10,weights,14,69,0.048978947,1.283091173,1.309052803,0.000111111,49.41818182,"[40.4%, 51.4%, 44.4%, 40.2%, 53.2%, 46.2%, 47.8%, 53.6%, 56.4%, 56.0%, 54.0%]",,,,
10,weights,15,70,0.048978947,1.275016395,1.295379944,0.000111111,49.6,"[40.4%, 51.4%, 44.4%, 40.2%, 53.2%, 46.2%, 47.8%, 53.6%, 56.4%, 56.0%, 56.0%]",,,,
10,weights,16,71,0.048978947,1.276129575,1.274552457,0.000111111,49.65454545,"[40.4%, 51.4%, 44.4%, 40.2%, 53.2%, 46.2%, 47.8%, 53.6%, 56.4%, 56.0%, 56.6%]",,,,
10,weights,17,72,0.048978947,1.286459589,1.259535164,0.000111111,49.61818182,"[40.4%, 51.4%, 44.4%, 40.2%, 53.2%, 46.2%, 47.8%, 53.6%, 56.4%, 56.0%, 56.2%]",,,,
10,weights,18,73,0.048978947,1.283925873,1.281188592,0.000111111,49.54545455,"[40.4%, 51.4%, 44.4%, 40.2%, 53.2%, 46.2%, 47.8%, 53.6%, 56.4%, 56.0%, 55.4%]",,,,
10,weights,19,74,0.048978947,1.281198316,1.273874328,0.000111111,49.8,"[40.4%, 51.4%, 44.4%, 40.2%, 53.2%, 46.2%, 47.8%, 53.6%, 56.4%, 56.0%, 58.2%]",,,,
10,weights,20,75,0.048978947,1.256508677,1.339180633,0.000111111,49.36363636,"[40.4%, 51.4%, 44.4%, 40.2%, 53.2%, 46.2%, 47.8%, 53.6%, 56.4%, 56.0%, 53.4%]",,,,
10,weights,21,76,0.048978947,1.247824439,1.232779138,0.000111111,50,"[40.4%, 51.4%, 44.4%, 40.2%, 53.2%, 46.2%, 47.8%, 53.6%, 56.4%, 56.0%, 60.4%]",,,,
10,weights,22,77,0.048978947,1.254519316,1.223015845,0.000111111,49.81818182,"[40.4%, 51.4%, 44.4%, 40.2%, 53.2%, 46.2%, 47.8%, 53.6%, 56.4%, 56.0%, 58.4%]",,,,
10,weights,23,78,0.048978947,1.246774732,1.296703979,0.000111111,49.61818182,"[40.4%, 51.4%, 44.4%, 40.2%, 53.2%, 46.2%, 47.8%, 53.6%, 56.4%, 56.0%, 56.2%]",,,,
10,weights,24,79,0.048978947,1.242581141,1.234552309,0.000111111,49.61818182,"[40.4%, 51.4%, 44.4%, 40.2%, 53.2%, 46.2%, 47.8%, 53.6%, 56.4%, 56.0%, 56.2%]",,,,
10,weights,25,80,0.048978947,1.244703449,1.244651981,0.000111111,49.8,"[40.4%, 51.4%, 44.4%, 40.2%, 53.2%, 46.2%, 47.8%, 53.6%, 56.4%, 56.0%, 58.2%]",30.14545455,"[0.0%, 40.4%, 28.0%, 8.4%, 32.8%, 15.8%, 34.4%, 41.6%, 49.2%, 38.4%, 42.6%]",37.60909091,"[33.4%, 36.3%, 31%, 24.6%, 47.5%, 28.3%, 44.2%, 29.6%, 52%, 41.8%, 45.9%]"
11,parallel,1,1,0.45,13.26772984,5.387953579,0.000111111,45.63333333,"[39.2%, 51.2%, 46.0%, 39.6%, 52.8%, 46.6%, 47.6%, 53.0%, 56.8%, 56.8%, 58.0%, 0.0%]",,,,
11,parallel,2,2,0.45,3.059960746,2.395873368,0.000111111,46.11666667,"[38.6%, 51.2%, 44.6%, 39.2%, 52.2%, 46.6%, 47.6%, 53.4%, 55.4%, 56.8%, 57.8%, 10.0%]",,,,
11,parallel,3,3,0.45,2.360555628,2.335072219,0.000111111,46.1,"[38.6%, 51.0%, 44.2%, 39.2%, 52.2%, 46.6%, 47.6%, 53.6%, 55.6%, 56.8%, 58.0%, 9.8%]",,,,
11,parallel,4,4,0.45,2.33100624,2.319977224,0.000111111,46.11666667,"[38.6%, 51.0%, 44.4%, 39.0%, 52.2%, 46.6%, 47.6%, 53.6%, 55.6%, 56.8%, 57.8%, 10.2%]",,,,
11,parallel,5,5,0.439885609,2.35938141,2.346951634,0.000111111,46.25,"[38.2%, 51.0%, 44.6%, 39.2%, 52.0%, 46.4%, 47.6%, 53.6%, 55.6%, 56.6%, 57.8%, 12.4%]",,,,
11,parallel,6,6,0.424167484,2.400301164,2.355717927,0.000111111,46.03333333,"[38.2%, 51.0%, 45.0%, 39.0%, 52.0%, 46.2%, 47.6%, 53.6%, 55.2%, 56.4%, 57.8%, 10.4%]",,,,
11,parallel,7,7,0.40877101,2.38138016,2.349056721,0.000111111,46,"[38.2%, 51.0%, 45.2%, 39.0%, 52.0%, 46.2%, 47.6%, 53.6%, 55.0%, 56.4%, 57.8%, 10.0%]",,,,
11,parallel,8,8,0.393696186,2.336066964,2.301310182,0.000111111,46.61666667,"[38.2%, 51.0%, 45.2%, 39.0%, 52.0%, 46.2%, 47.6%, 53.6%, 55.0%, 56.4%, 57.8%, 17.4%]",,,,
11,parallel,9,9,0.378943013,2.25427088,2.157815307,0.000111111,46.86666667,"[38.2%, 51.0%, 45.2%, 39.0%, 52.0%, 46.2%, 47.6%, 53.6%, 55.0%, 56.4%, 57.8%, 20.4%]",,,,
11,parallel,10,10,0.36451149,2.021822686,2.106314823,0.000111111,47.1,"[38.2%, 51.0%, 45.2%, 39.0%, 52.0%, 46.2%, 47.6%, 53.6%, 55.0%, 56.4%, 57.8%, 23.2%]",,,,
11,parallel,11,11,0.350401618,1.743298795,1.664064899,0.000111111,48.56666667,"[38.2%, 51.0%, 45.2%, 39.0%, 52.0%, 46.2%, 47.6%, 53.6%, 55.0%, 56.4%, 57.8%, 40.8%]",,,,
11,parallel,12,12,0.336613396,1.600963757,1.607265815,0.000111111,48.5,"[38.2%, 51.0%, 45.2%, 39.0%, 52.0%, 46.2%, 47.6%, 53.6%, 55.0%, 56.4%, 57.8%, 40.0%]",,,,
11,parallel,13,13,0.323146825,1.512592857,1.486080796,0.000111111,48.93333333,"[38.2%, 51.0%, 45.2%, 39.0%, 52.0%, 46.2%, 47.6%, 53.6%, 55.0%, 56.4%, 57.8%, 45.2%]",,,,
11,parallel,14,14,0.310001905,1.438786084,1.355962232,0.000111111,49.5,"[38.2%, 51.0%, 45.2%, 39.0%, 52.0%, 46.2%, 47.6%, 53.6%, 55.0%, 56.4%, 57.8%, 52.0%]",,,,
11,parallel,15,15,0.297178635,1.366242652,1.337197043,0.000111111,49.56666667,"[38.2%, 51.0%, 45.2%, 39.0%, 52.0%, 46.2%, 47.6%, 53.6%, 55.0%, 56.4%, 57.8%, 52.8%]",,,,
11,parallel,16,16,0.284677015,1.329168415,1.337699682,0.000111111,49.61666667,"[38.2%, 51.0%, 45.2%, 39.0%, 52.0%, 46.2%, 47.6%, 53.6%, 55.0%, 56.4%, 57.8%, 53.4%]",,,,
11,parallel,17,17,0.272497046,1.314428455,1.347046919,0.000111111,49.85,"[38.2%, 51.0%, 45.2%, 39.0%, 52.0%, 46.2%, 47.6%, 53.6%, 55.0%, 56.4%, 57.8%, 56.2%]",,,,
11,parallel,18,18,0.260638728,1.287092301,1.331163518,0.000111111,49.78333333,"[38.2%, 51.0%, 45.2%, 39.0%, 52.0%, 46.2%, 47.6%, 53.6%, 55.0%, 56.4%, 57.8%, 55.4%]",,,,
11,parallel,19,19,0.24910206,1.303003156,1.315199375,0.000111111,49.55,"[38.2%, 51.0%, 45.2%, 39.0%, 52.0%, 46.2%, 47.6%, 53.6%, 55.0%, 56.4%, 57.8%, 52.6%]",,,,
11,parallel,20,20,0.237887042,1.214293614,1.322273508,0.000111111,49.55,"[38.2%, 51.0%, 45.2%, 39.0%, 52.0%, 46.2%, 47.6%, 53.6%, 55.0%, 56.4%, 57.8%, 52.6%]",,,,
11,parallel,21,21,0.226993676,1.228937855,1.249576949,0.000111111,50.11666667,"[38.2%, 51.0%, 45.2%, 39.0%, 52.0%, 46.2%, 47.6%, 53.6%, 55.0%, 56.4%, 57.8%, 59.4%]",,,,
11,parallel,22,22,0.216421959,1.173893078,1.284902297,0.000111111,49.98333333,"[38.2%, 51.0%, 45.2%, 39.0%, 52.0%, 46.2%, 47.6%, 53.6%, 55.0%, 56.4%, 57.8%, 57.8%]",,,,
11,parallel,23,23,0.206171893,1.17904508,1.233358808,0.000111111,49.81666667,"[38.2%, 51.0%, 45.2%, 39.0%, 52.0%, 46.2%, 47.6%, 53.6%, 55.0%, 56.4%, 57.8%, 55.8%]",,,,
11,parallel,24,24,0.196243478,1.165863655,1.229968093,0.000111111,50.06666667,"[38.2%, 51.0%, 45.2%, 39.0%, 52.0%, 46.2%, 47.6%, 53.6%, 55.0%, 56.4%, 57.8%, 58.8%]",,,,
11,parallel,25,25,0.186636713,1.153754738,1.33651343,0.000111111,49.8,"[38.2%, 51.0%, 45.2%, 39.0%, 52.0%, 46.2%, 47.6%, 53.6%, 55.0%, 56.4%, 57.8%, 55.6%]",,,,
11,parallel,26,26,0.177351599,1.152454521,1.20611459,0.000111111,50.25,"[38.2%, 51.0%, 45.2%, 39.0%, 52.0%, 46.2%, 47.6%, 53.6%, 55.0%, 56.4%, 57.8%, 61.0%]",,,,
11,parallel,27,27,0.168388135,1.17454848,1.232495993,0.000111111,50.13333333,"[38.2%, 51.0%, 45.2%, 39.0%, 52.0%, 46.2%, 47.6%, 53.6%, 55.0%, 56.4%, 57.8%, 59.6%]",,,,
11,parallel,28,28,0.159746322,1.196066134,1.138044678,0.000111111,50.35,"[38.2%, 51.0%, 45.2%, 39.0%, 52.0%, 46.2%, 47.6%, 53.6%, 55.0%, 56.4%, 57.8%, 62.2%]",,,,
11,parallel,29,29,0.15142616,1.257671341,1.307652406,0.000111111,49.73333333,"[38.2%, 51.0%, 45.2%, 39.0%, 52.0%, 46.2%, 47.6%, 53.6%, 55.0%, 56.4%, 57.8%, 54.8%]",,,,
11,parallel,30,30,0.143427647,1.208915404,1.188369587,0.000111111,50.2,"[38.2%, 51.0%, 45.2%, 39.0%, 52.0%, 46.2%, 47.6%, 53.6%, 55.0%, 56.4%, 57.8%, 60.4%]",,,,
11,parallel,31,31,0.135750786,1.266857292,1.236670487,0.000111111,49.91666667,"[38.2%, 51.0%, 45.2%, 39.0%, 52.0%, 46.2%, 47.6%, 53.6%, 55.0%, 56.4%, 57.8%, 57.0%]",,,,
11,parallel,32,32,0.128395575,1.269904082,1.290907025,0.000111111,49.86666667,"[38.2%, 51.0%, 45.2%, 39.0%, 52.0%, 46.2%, 47.6%, 53.6%, 55.0%, 56.4%, 57.8%, 56.4%]",,,,
11,parallel,33,33,0.121362014,1.264402771,1.2374136,0.000111111,50.1,"[38.2%, 51.0%, 45.2%, 39.0%, 52.0%, 46.2%, 47.6%, 53.6%, 55.0%, 56.4%, 57.8%, 59.2%]",,,,
11,parallel,34,34,0.114650104,1.267930032,1.269030862,0.000111111,49.93333333,"[38.2%, 51.0%, 45.2%, 39.0%, 52.0%, 46.2%, 47.6%, 53.6%, 55.0%, 56.4%, 57.8%, 57.2%]",,,,
11,parallel,35,35,0.108259845,1.309394251,1.435439996,0.000111111,49.23333333,"[38.2%, 51.0%, 45.2%, 39.0%, 52.0%, 46.2%, 47.6%, 53.6%, 55.0%, 56.4%, 57.8%, 48.8%]",,,,
11,parallel,36,36,0.102191236,1.279931114,1.413602144,0.000111111,49.26666667,"[38.2%, 51.0%, 45.2%, 39.0%, 52.0%, 46.2%, 47.6%, 53.6%, 55.0%, 56.4%, 57.8%, 49.2%]",,,,
11,parallel,37,37,0.096444277,1.356478356,1.323659331,0.000111111,49.78333333,"[38.2%, 51.0%, 45.2%, 39.0%, 52.0%, 46.2%, 47.6%, 53.6%, 55.0%, 56.4%, 57.8%, 55.4%]",,,,
11,parallel,38,38,0.091018969,1.42334634,1.533266254,0.000111111,49.23333333,"[38.2%, 51.0%, 45.2%, 39.0%, 52.0%, 46.2%, 47.6%, 53.6%, 55.0%, 56.4%, 57.8%, 48.8%]",,,,
11,parallel,39,39,0.085915312,1.418913885,1.560022309,0.000111111,49.06666667,"[38.2%, 51.0%, 45.2%, 39.0%, 52.0%, 46.2%, 47.6%, 53.6%, 55.0%, 56.4%, 57.8%, 46.8%]",,,,
11,parallel,40,40,0.081133305,1.379172342,1.443350777,0.000111111,49.31666667,"[38.2%, 51.0%, 45.2%, 39.0%, 52.0%, 46.2%, 47.6%, 53.6%, 55.0%, 56.4%, 57.8%, 49.8%]",,,,
11,parallel,41,41,0.076672949,1.723552895,1.641354054,0.000111111,48.65,"[38.2%, 51.0%, 45.2%, 39.0%, 52.0%, 46.2%, 47.6%, 53.6%, 55.0%, 56.4%, 57.8%, 41.8%]",,,,
11,parallel,42,42,0.072534243,1.531219175,1.539073281,0.000111111,48.93333333,"[38.2%, 51.0%, 45.2%, 39.0%, 52.0%, 46.2%, 47.6%, 53.6%, 55.0%, 56.4%, 57.8%, 45.2%]",,,,
11,parallel,43,43,0.068717187,1.522200491,1.528811604,0.000111111,48.98333333,"[38.2%, 51.0%, 45.2%, 39.0%, 52.0%, 46.2%, 47.6%, 53.6%, 55.0%, 56.4%, 57.8%, 45.8%]",,,,
11,parallel,44,44,0.065221783,1.484643675,1.573859408,0.000111111,48.91666667,"[38.2%, 51.0%, 45.2%, 39.0%, 52.0%, 46.2%, 47.6%, 53.6%, 55.0%, 56.4%, 57.8%, 45.0%]",,,,
11,parallel,45,45,0.062048028,1.819425791,1.947323307,0.000111111,48.01666667,"[38.2%, 51.0%, 45.2%, 39.0%, 52.0%, 46.2%, 47.6%, 53.6%, 55.0%, 56.4%, 57.8%, 34.2%]",,,,
11,parallel,46,46,0.059195925,1.726139933,1.601477414,0.000111111,48.7,"[38.2%, 51.0%, 45.2%, 39.0%, 52.0%, 46.2%, 47.6%, 53.6%, 55.0%, 56.4%, 57.8%, 42.4%]",,,,
11,parallel,47,47,0.056665472,1.684564625,1.664716557,0.000111111,48.61666667,"[38.2%, 51.0%, 45.2%, 39.0%, 52.0%, 46.2%, 47.6%, 53.6%, 55.0%, 56.4%, 57.8%, 41.4%]",,,,
11,parallel,48,48,0.054456669,1.692995391,1.67571646,0.000111111,48.66666667,"[38.2%, 51.0%, 45.2%, 39.0%, 52.0%, 46.2%, 47.6%, 53.6%, 55.0%, 56.4%, 57.8%, 42.0%]",,,,
11,parallel,49,49,0.052569517,1.654922134,1.567249089,0.000111111,49.03333333,"[38.2%, 51.0%, 45.2%, 39.0%, 52.0%, 46.2%, 47.6%, 53.6%, 55.0%, 56.4%, 57.8%, 46.4%]",,,,
11,parallel,50,50,0.051004015,1.563764747,1.549760476,0.000111111,49,"[38.2%, 51.0%, 45.2%, 39.0%, 52.0%, 46.2%, 47.6%, 53.6%, 55.0%, 56.4%, 57.8%, 46.0%]",,,,
11,parallel,51,51,0.049760164,1.55566263,1.56904614,0.000111111,48.98333333,"[38.2%, 51.0%, 45.2%, 39.0%, 52.0%, 46.2%, 47.6%, 53.6%, 55.0%, 56.4%, 57.8%, 45.8%]",,,,
11,parallel,52,52,0.048837964,1.523403193,1.545277834,0.000111111,48.98333333,"[38.2%, 51.0%, 45.2%, 39.0%, 52.0%, 46.2%, 47.6%, 53.6%, 55.0%, 56.4%, 57.8%, 45.8%]",,,,
11,parallel,53,53,0.048237413,1.535235126,1.447909132,0.000111111,49.26666667,"[38.2%, 51.0%, 45.2%, 39.0%, 52.0%, 46.2%, 47.6%, 53.6%, 55.0%, 56.4%, 57.8%, 49.2%]",,,,
11,parallel,54,54,0.047958514,1.481587078,1.491918519,0.000111111,49,"[38.2%, 51.0%, 45.2%, 39.0%, 52.0%, 46.2%, 47.6%, 53.6%, 55.0%, 56.4%, 57.8%, 46.0%]",,,,
11,parallel,55,55,0.047936842,1.456536872,1.469164774,0.000111111,49.16666667,"[38.2%, 51.0%, 45.2%, 39.0%, 52.0%, 46.2%, 47.6%, 53.6%, 55.0%, 56.4%, 57.8%, 48.0%]",,,,
11,weights,1,56,0.047936842,1.438025292,1.500246517,0.000111111,48.95,"[38.2%, 51.0%, 45.2%, 39.0%, 52.0%, 46.2%, 47.6%, 53.6%, 55.0%, 56.4%, 57.8%, 45.4%]",,,,
11,weights,2,57,0.047936842,1.426145104,1.409037739,0.000111111,49.35,"[38.2%, 51.0%, 45.2%, 39.0%, 52.0%, 46.2%, 47.6%, 53.6%, 55.0%, 56.4%, 57.8%, 50.2%]",,,,
11,weights,3,58,0.047936842,1.419994645,1.433260426,0.000111111,49.16666667,"[38.2%, 51.0%, 45.2%, 39.0%, 52.0%, 46.2%, 47.6%, 53.6%, 55.0%, 56.4%, 57.8%, 48.0%]",,,,
11,weights,4,59,0.047936842,1.430505069,1.376821667,0.000111111,49.33333333,"[38.2%, 51.0%, 45.2%, 39.0%, 52.0%, 46.2%, 47.6%, 53.6%, 55.0%, 56.4%, 57.8%, 50.0%]",,,,
11,weights,5,60,0.047936842,1.380881945,1.383090869,0.000111111,49.35,"[38.2%, 51.0%, 45.2%, 39.0%, 52.0%, 46.2%, 47.6%, 53.6%, 55.0%, 56.4%, 57.8%, 50.2%]",,,,
11,weights,6,61,0.047936842,1.374435319,1.419874124,0.000111111,49.38333333,"[38.2%, 51.0%, 45.2%, 39.0%, 52.0%, 46.2%, 47.6%, 53.6%, 55.0%, 56.4%, 57.8%, 50.6%]",,,,
11,weights,7,62,0.047936842,1.383025806,1.418545023,0.000111111,49.4,"[38.2%, 51.0%, 45.2%, 39.0%, 52.0%, 46.2%, 47.6%, 53.6%, 55.0%, 56.4%, 57.8%, 50.8%]",,,,
11,weights,8,63,0.047936842,1.366595366,1.395088948,0.000111111,49.43333333,"[38.2%, 51.0%, 45.2%, 39.0%, 52.0%, 46.2%, 47.6%, 53.6%, 55.0%, 56.4%, 57.8%, 51.2%]",,,,
11,weights,9,64,0.047936842,1.368483571,1.407315299,0.000111111,49.2,"[38.2%, 51.0%, 45.2%, 39.0%, 52.0%, 46.2%, 47.6%, 53.6%, 55.0%, 56.4%, 57.8%, 48.4%]",,,,
11,weights,10,65,0.047936842,1.335114299,1.387046628,0.000111111,49.61666667,"[38.2%, 51.0%, 45.2%, 39.0%, 52.0%, 46.2%, 47.6%, 53.6%, 55.0%, 56.4%, 57.8%, 53.4%]",,,,
11,weights,11,66,0.047936842,1.323709043,1.356350556,0.000111111,49.41666667,"[38.2%, 51.0%, 45.2%, 39.0%, 52.0%, 46.2%, 47.6%, 53.6%, 55.0%, 56.4%, 57.8%, 51.0%]",,,,
11,weights,12,67,0.047936842,1.323054558,1.36650531,0.000111111,49.58333333,"[38.2%, 51.0%, 45.2%, 39.0%, 52.0%, 46.2%, 47.6%, 53.6%, 55.0%, 56.4%, 57.8%, 53.0%]",,,,
11,weights,13,68,0.047936842,1.315740895,1.288748816,0.000111111,49.66666667,"[38.2%, 51.0%, 45.2%, 39.0%, 52.0%, 46.2%, 47.6%, 53.6%, 55.0%, 56.4%, 57.8%, 54.0%]",,,,
11,weights,14,69,0.047936842,1.330784036,1.294526048,0.000111111,49.58333333,"[38.2%, 51.0%, 45.2%, 39.0%, 52.0%, 46.2%, 47.6%, 53.6%, 55.0%, 56.4%, 57.8%, 53.0%]",,,,
11,weights,15,70,0.047936842,1.309258395,1.268014714,0.000111111,49.68333333,"[38.2%, 51.0%, 45.2%, 39.0%, 52.0%, 46.2%, 47.6%, 53.6%, 55.0%, 56.4%, 57.8%, 54.2%]",,,,
11,weights,16,71,0.047936842,1.30072222,1.300211743,0.000111111,49.75,"[38.2%, 51.0%, 45.2%, 39.0%, 52.0%, 46.2%, 47.6%, 53.6%, 55.0%, 56.4%, 57.8%, 55.0%]",,,,
11,weights,17,72,0.047936842,1.285358768,1.349682473,0.000111111,49.53333333,"[38.2%, 51.0%, 45.2%, 39.0%, 52.0%, 46.2%, 47.6%, 53.6%, 55.0%, 56.4%, 57.8%, 52.4%]",,,,
11,weights,18,73,0.047936842,1.271946053,1.288602814,0.000111111,49.86666667,"[38.2%, 51.0%, 45.2%, 39.0%, 52.0%, 46.2%, 47.6%, 53.6%, 55.0%, 56.4%, 57.8%, 56.4%]",,,,
11,weights,19,74,0.047936842,1.289243552,1.280760229,0.000111111,49.88333333,"[38.2%, 51.0%, 45.2%, 39.0%, 52.0%, 46.2%, 47.6%, 53.6%, 55.0%, 56.4%, 57.8%, 56.6%]",,,,
11,weights,20,75,0.047936842,1.266202275,1.261290096,0.000111111,49.83333333,"[38.2%, 51.0%, 45.2%, 39.0%, 52.0%, 46.2%, 47.6%, 53.6%, 55.0%, 56.4%, 57.8%, 56.0%]",,,,
11,weights,21,76,0.047936842,1.264076769,1.289709896,0.000111111,49.41666667,"[38.2%, 51.0%, 45.2%, 39.0%, 52.0%, 46.2%, 47.6%, 53.6%, 55.0%, 56.4%, 57.8%, 51.0%]",,,,
11,weights,22,77,0.047936842,1.247531485,1.271200851,0.000111111,49.71666667,"[38.2%, 51.0%, 45.2%, 39.0%, 52.0%, 46.2%, 47.6%, 53.6%, 55.0%, 56.4%, 57.8%, 54.6%]",,,,
11,weights,23,78,0.047936842,1.253659539,1.288297884,0.000111111,49.78333333,"[38.2%, 51.0%, 45.2%, 39.0%, 52.0%, 46.2%, 47.6%, 53.6%, 55.0%, 56.4%, 57.8%, 55.4%]",,,,
11,weights,24,79,0.047936842,1.250270176,1.247199878,0.000111111,49.8,"[38.2%, 51.0%, 45.2%, 39.0%, 52.0%, 46.2%, 47.6%, 53.6%, 55.0%, 56.4%, 57.8%, 55.6%]",,,,
11,weights,25,80,0.047936842,1.242375432,1.238786526,0.000111111,49.93333333,"[38.2%, 51.0%, 45.2%, 39.0%, 52.0%, 46.2%, 47.6%, 53.6%, 55.0%, 56.4%, 57.8%, 57.2%]",27.63333333,"[0.0%, 40.2%, 28.6%, 7.6%, 32.6%, 15.8%, 34.2%, 36.6%, 45.6%, 39.2%, 42.6%, 8.6%]",35.55,"[32.3%, 42.6%, 34.6%, 29.7%, 42.1%, 17.4%, 44.5%, 28.9%, 43.9%, 26.4%, 45.5%, 38.1%]"
12,parallel,1,1,0.4,15.45690532,7.663431883,0.000111111,46.29230769,"[37.6%, 51.4%, 45.2%, 39.8%, 52.4%, 46.4%, 47.8%, 54.0%, 56.0%, 56.2%, 57.8%, 57.2%, 0.0%]",,,,
12,parallel,2,2,0.4,4.25886395,2.487158567,0.000111111,47,"[37.6%, 51.2%, 44.8%, 40.0%, 52.0%, 46.2%, 47.8%, 53.6%, 55.8%, 56.4%, 57.8%, 57.8%, 10.0%]",,,,
12,parallel,3,3,0.4,2.393109542,2.356825292,0.000111111,47.01538462,"[37.8%, 51.2%, 44.8%, 40.0%, 51.8%, 46.0%, 47.8%, 53.8%, 55.8%, 56.4%, 57.8%, 58.0%, 10.0%]",,,,
12,parallel,4,4,0.4,2.344301474,2.332563579,0.000111111,47.01538462,"[37.8%, 51.2%, 44.8%, 40.0%, 51.8%, 46.0%, 47.6%, 53.8%, 55.8%, 56.4%, 57.8%, 58.0%, 10.2%]",,,,
12,parallel,5,5,0.391117205,2.342619621,2.339895964,0.000111111,47.01538462,"[37.6%, 51.2%, 44.6%, 39.8%, 51.8%, 46.0%, 47.6%, 53.8%, 55.8%, 56.4%, 57.8%, 58.0%, 10.8%]",,,,
12,parallel,6,6,0.377313024,2.403715393,2.36745435,0.000111111,46.98461538,"[37.8%, 51.4%, 44.6%, 39.8%, 51.8%, 46.0%, 47.6%, 53.8%, 55.8%, 56.4%, 57.8%, 57.8%, 10.2%]",,,,
12,parallel,7,7,0.363791327,2.395535904,2.343496382,0.000111111,46.96923077,"[37.6%, 51.4%, 44.6%, 39.8%, 51.8%, 46.0%, 47.6%, 53.8%, 55.8%, 56.4%, 57.8%, 58.0%, 10.0%]",,,,
12,parallel,8,8,0.350552114,2.34378053,2.32709834,0.000111111,47.30769231,"[37.6%, 51.4%, 44.6%, 39.8%, 51.8%, 46.0%, 47.6%, 53.8%, 55.8%, 56.4%, 57.8%, 58.0%, 14.4%]",,,,
12,parallel,9,9,0.337595386,2.326019652,2.29094997,0.000111111,47.58461538,"[37.6%, 51.4%, 44.6%, 39.8%, 51.8%, 46.0%, 47.6%, 53.8%, 55.8%, 56.4%, 57.8%, 58.0%, 18.0%]",,,,
12,parallel,10,10,0.324921142,2.248779852,2.164986521,0.000111111,47.50769231,"[37.6%, 51.4%, 44.6%, 39.8%, 51.8%, 46.0%, 47.6%, 53.8%, 55.8%, 56.4%, 57.8%, 58.0%, 17.0%]",,,,
12,parallel,11,11,0.312529382,2.136966168,2.01012902,0.000111111,48.30769231,"[37.6%, 51.4%, 44.6%, 39.8%, 51.8%, 46.0%, 47.6%, 53.8%, 55.8%, 56.4%, 57.8%, 58.0%, 27.4%]",,,,
12,parallel,12,12,0.300420106,2.014289163,1.820288524,0.000111111,48.92307692,"[37.6%, 51.4%, 44.6%, 39.8%, 51.8%, 46.0%, 47.6%, 53.8%, 55.8%, 56.4%, 57.8%, 58.0%, 35.4%]",,,,
12,parallel,13,13,0.288593315,1.877407232,1.733856201,0.000111111,49.13846154,"[37.6%, 51.4%, 44.6%, 39.8%, 51.8%, 46.0%, 47.6%, 53.8%, 55.8%, 56.4%, 57.8%, 58.0%, 38.2%]",,,,
12,parallel,14,14,0.277049008,1.756807262,1.629087351,0.000111111,49.46153846,"[37.6%, 51.4%, 44.6%, 39.8%, 51.8%, 46.0%, 47.6%, 53.8%, 55.8%, 56.4%, 57.8%, 58.0%, 42.4%]",,,,
12,parallel,15,15,0.265787185,1.651185279,1.499833092,0.000111111,50.12307692,"[37.6%, 51.4%, 44.6%, 39.8%, 51.8%, 46.0%, 47.6%, 53.8%, 55.8%, 56.4%, 57.8%, 58.0%, 51.0%]",,,,
12,parallel,16,16,0.254807846,1.601325879,1.56760817,0.000111111,49.55384615,"[37.6%, 51.4%, 44.6%, 39.8%, 51.8%, 46.0%, 47.6%, 53.8%, 55.8%, 56.4%, 57.8%, 58.0%, 43.6%]",,,,
12,parallel,17,17,0.244110991,1.568757407,1.44613602,0.000111111,50.06153846,"[37.6%, 51.4%, 44.6%, 39.8%, 51.8%, 46.0%, 47.6%, 53.8%, 55.8%, 56.4%, 57.8%, 58.0%, 50.2%]",,,,
12,parallel,18,18,0.233696621,1.542613011,1.395983525,0.000111111,50.32307692,"[37.6%, 51.4%, 44.6%, 39.8%, 51.8%, 46.0%, 47.6%, 53.8%, 55.8%, 56.4%, 57.8%, 58.0%, 53.6%]",,,,
12,parallel,19,19,0.223564734,1.480645539,1.348726191,0.000111111,50.44615385,"[37.6%, 51.4%, 44.6%, 39.8%, 51.8%, 46.0%, 47.6%, 53.8%, 55.8%, 56.4%, 57.8%, 58.0%, 55.2%]",,,,
12,parallel,20,20,0.213715332,1.433293613,1.407153822,0.000111111,50.21538462,"[37.6%, 51.4%, 44.6%, 39.8%, 51.8%, 46.0%, 47.6%, 53.8%, 55.8%, 56.4%, 57.8%, 58.0%, 52.2%]",,,,
12,parallel,21,21,0.204148415,1.41225749,1.371254131,0.000111111,50.4,"[37.6%, 51.4%, 44.6%, 39.8%, 51.8%, 46.0%, 47.6%, 53.8%, 55.8%, 56.4%, 57.8%, 58.0%, 54.6%]",,,,
12,parallel,22,22,0.194863981,1.505862571,1.381940864,0.000111111,50.38461538,"[37.6%, 51.4%, 44.6%, 39.8%, 51.8%, 46.0%, 47.6%, 53.8%, 55.8%, 56.4%, 57.8%, 58.0%, 54.4%]",,,,
12,parallel,23,23,0.185862032,1.419912806,1.342692859,0.000111111,50.66153846,"[37.6%, 51.4%, 44.6%, 39.8%, 51.8%, 46.0%, 47.6%, 53.8%, 55.8%, 56.4%, 57.8%, 58.0%, 58.0%]",,,,
12,parallel,24,24,0.177142567,1.380015403,1.344896667,0.000111111,50.4,"[37.6%, 51.4%, 44.6%, 39.8%, 51.8%, 46.0%, 47.6%, 53.8%, 55.8%, 56.4%, 57.8%, 58.0%, 54.6%]",,,,
12,parallel,25,25,0.168705586,1.374847417,1.427594773,0.000111111,50.23076923,"[37.6%, 51.4%, 44.6%, 39.8%, 51.8%, 46.0%, 47.6%, 53.8%, 55.8%, 56.4%, 57.8%, 58.0%, 52.4%]",,,,
12,parallel,26,26,0.160551089,1.369152738,1.287866324,0.000111111,50.6,"[37.6%, 51.4%, 44.6%, 39.8%, 51.8%, 46.0%, 47.6%, 53.8%, 55.8%, 56.4%, 57.8%, 58.0%, 57.2%]",,,,
12,parallel,27,27,0.152679076,1.36513119,1.367016941,0.000111111,50.16923077,"[37.6%, 51.4%, 44.6%, 39.8%, 51.8%, 46.0%, 47.6%, 53.8%, 55.8%, 56.4%, 57.8%, 58.0%, 51.6%]",,,,
12,parallel,28,28,0.145089548,1.394791938,1.357521586,0.000111111,50.43076923,"[37.6%, 51.4%, 44.6%, 39.8%, 51.8%, 46.0%, 47.6%, 53.8%, 55.8%, 56.4%, 57.8%, 58.0%, 55.0%]",,,,
12,parallel,29,29,0.137782504,1.453551635,1.348502912,0.000111111,50.35384615,"[37.6%, 51.4%, 44.6%, 39.8%, 51.8%, 46.0%, 47.6%, 53.8%, 55.8%, 56.4%, 57.8%, 58.0%, 54.0%]",,,,
12,parallel,30,30,0.130757944,1.365053548,1.370429181,0.000111111,50.27692308,"[37.6%, 51.4%, 44.6%, 39.8%, 51.8%, 46.0%, 47.6%, 53.8%, 55.8%, 56.4%, 57.8%, 58.0%, 53.0%]",,,,
12,parallel,31,31,0.124015868,1.437667611,1.366172679,0.000111111,50.50769231,"[37.6%, 51.4%, 44.6%, 39.8%, 51.8%, 46.0%, 47.6%, 53.8%, 55.8%, 56.4%, 57.8%, 58.0%, 56.0%]",,,,
12,parallel,32,32,0.117556277,1.405756875,1.33964204,0.000111111,50.50769231,"[37.6%, 51.4%, 44.6%, 39.8%, 51.8%, 46.0%, 47.6%, 53.8%, 55.8%, 56.4%, 57.8%, 58.0%, 56.0%]",,,,
12,parallel,33,33,0.11137917,1.413012023,1.356005646,0.000111111,50.36923077,"[37.6%, 51.4%, 44.6%, 39.8%, 51.8%, 46.0%, 47.6%, 53.8%, 55.8%, 56.4%, 57.8%, 58.0%, 54.2%]",,,,
12,parallel,34,34,0.105484547,1.514552528,1.359783143,0.000111111,50.46153846,"[37.6%, 51.4%, 44.6%, 39.8%, 51.8%, 46.0%, 47.6%, 53.8%, 55.8%, 56.4%, 57.8%, 58.0%, 55.4%]",,,,
12,parallel,35,35,0.099872408,1.489933059,1.366721645,0.000111111,50.46153846,"[37.6%, 51.4%, 44.6%, 39.8%, 51.8%, 46.0%, 47.6%, 53.8%, 55.8%, 56.4%, 57.8%, 58.0%, 55.4%]",,,,
12,parallel,36,36,0.094542753,1.41594842,1.344752565,0.000111111,50.36923077,"[37.6%, 51.4%, 44.6%, 39.8%, 51.8%, 46.0%, 47.6%, 53.8%, 55.8%, 56.4%, 57.8%, 58.0%, 54.2%]",,,,
12,parallel,37,37,0.089495583,1.582631015,1.519045405,0.000111111,50.06153846,"[37.6%, 51.4%, 44.6%, 39.8%, 51.8%, 46.0%, 47.6%, 53.8%, 55.8%, 56.4%, 57.8%, 58.0%, 50.2%]",,,,
12,parallel,38,38,0.084730897,1.547985566,1.426567137,0.000111111,50.10769231,"[37.6%, 51.4%, 44.6%, 39.8%, 51.8%, 46.0%, 47.6%, 53.8%, 55.8%, 56.4%, 57.8%, 58.0%, 50.8%]",,,,
12,parallel,39,39,0.080248695,1.497546585,1.423098892,0.000111111,50.09230769,"[37.6%, 51.4%, 44.6%, 39.8%, 51.8%, 46.0%, 47.6%, 53.8%, 55.8%, 56.4%, 57.8%, 58.0%, 50.6%]",,,,
12,parallel,40,40,0.076048977,1.559228995,1.540920854,0.000111111,49.84615385,"[37.6%, 51.4%, 44.6%, 39.8%, 51.8%, 46.0%, 47.6%, 53.8%, 55.8%, 56.4%, 57.8%, 58.0%, 47.4%]",,,,
12,parallel,41,41,0.072131743,1.535079615,1.520777591,0.000111111,49.84615385,"[37.6%, 51.4%, 44.6%, 39.8%, 51.8%, 46.0%, 47.6%, 53.8%, 55.8%, 56.4%, 57.8%, 58.0%, 47.4%]",,,,
12,parallel,42,42,0.068496994,1.556625452,1.449235722,0.000111111,50.09230769,"[37.6%, 51.4%, 44.6%, 39.8%, 51.8%, 46.0%, 47.6%, 53.8%, 55.8%, 56.4%, 57.8%, 58.0%, 50.6%]",,,,
12,parallel,43,43,0.065144729,1.531403415,1.474146999,0.000111111,50,"[37.6%, 51.4%, 44.6%, 39.8%, 51.8%, 46.0%, 47.6%, 53.8%, 55.8%, 56.4%, 57.8%, 58.0%, 49.4%]",,,,
12,parallel,44,44,0.062074948,1.63448148,1.696491554,0.000111111,49.23076923,"[37.6%, 51.4%, 44.6%, 39.8%, 51.8%, 46.0%, 47.6%, 53.8%, 55.8%, 56.4%, 57.8%, 58.0%, 39.4%]",,,,
12,parallel,45,45,0.059287651,1.626668758,1.495788373,0.000111111,50.01538462,"[37.6%, 51.4%, 44.6%, 39.8%, 51.8%, 46.0%, 47.6%, 53.8%, 55.8%, 56.4%, 57.8%, 58.0%, 49.6%]",,,,
12,parallel,46,46,0.056782838,1.625933566,1.481169693,0.000111111,50.03076923,"[37.6%, 51.4%, 44.6%, 39.8%, 51.8%, 46.0%, 47.6%, 53.8%, 55.8%, 56.4%, 57.8%, 58.0%, 49.8%]",,,,
12,parallel,47,47,0.05456051,1.715301298,1.728268713,0.000111111,49.41538462,"[37.6%, 51.4%, 44.6%, 39.8%, 51.8%, 46.0%, 47.6%, 53.8%, 55.8%, 56.4%, 57.8%, 58.0%, 41.8%]",,,,
12,parallel,48,48,0.052620666,1.636170992,1.573064119,0.000111111,49.78461538,"[37.6%, 51.4%, 44.6%, 39.8%, 51.8%, 46.0%, 47.6%, 53.8%, 55.8%, 56.4%, 57.8%, 58.0%, 46.6%]",,,,
12,parallel,49,49,0.050963306,1.555638908,1.499067165,0.000111111,49.98461538,"[37.6%, 51.4%, 44.6%, 39.8%, 51.8%, 46.0%, 47.6%, 53.8%, 55.8%, 56.4%, 57.8%, 58.0%, 49.2%]",,,,
12,parallel,50,50,0.04958843,1.595872892,1.487503394,0.000111111,49.90769231,"[37.6%, 51.4%, 44.6%, 39.8%, 51.8%, 46.0%, 47.6%, 53.8%, 55.8%, 56.4%, 57.8%, 58.0%, 48.2%]",,,,
12,parallel,51,51,0.048496039,1.567542017,1.480811834,0.000111111,49.98461538,"[37.6%, 51.4%, 44.6%, 39.8%, 51.8%, 46.0%, 47.6%, 53.8%, 55.8%, 56.4%, 57.8%, 58.0%, 49.2%]",,,,
12,parallel,52,52,0.047686132,1.530698751,1.587084636,0.000111111,49.81538462,"[37.6%, 51.4%, 44.6%, 39.8%, 51.8%, 46.0%, 47.6%, 53.8%, 55.8%, 56.4%, 57.8%, 58.0%, 47.0%]",,,,
12,parallel,53,53,0.047158709,1.494841628,1.474934049,0.000111111,49.86153846,"[37.6%, 51.4%, 44.6%, 39.8%, 51.8%, 46.0%, 47.6%, 53.8%, 55.8%, 56.4%, 57.8%, 58.0%, 47.6%]",,,,
12,parallel,54,54,0.04691377,1.470556262,1.493405454,0.000111111,50.10769231,"[37.6%, 51.4%, 44.6%, 39.8%, 51.8%, 46.0%, 47.6%, 53.8%, 55.8%, 56.4%, 57.8%, 58.0%, 50.8%]",,,,
12,parallel,55,55,0.046894737,1.469748601,1.45213031,0.000111111,49.90769231,"[37.6%, 51.4%, 44.6%, 39.8%, 51.8%, 46.0%, 47.6%, 53.8%, 55.8%, 56.4%, 57.8%, 58.0%, 48.2%]",,,,
12,weights,1,56,0.046894737,1.451359587,1.496147789,0.000111111,49.96923077,"[37.6%, 51.4%, 44.6%, 39.8%, 51.8%, 46.0%, 47.6%, 53.8%, 55.8%, 56.4%, 57.8%, 58.0%, 49.0%]",,,,
12,weights,2,57,0.046894737,1.440979448,1.387725249,0.000111111,50.16923077,"[37.6%, 51.4%, 44.6%, 39.8%, 51.8%, 46.0%, 47.6%, 53.8%, 55.8%, 56.4%, 57.8%, 58.0%, 51.6%]",,,,
12,weights,3,58,0.046894737,1.428901778,1.484049566,0.000111111,49.87692308,"[37.6%, 51.4%, 44.6%, 39.8%, 51.8%, 46.0%, 47.6%, 53.8%, 55.8%, 56.4%, 57.8%, 58.0%, 47.8%]",,,,
12,weights,4,59,0.046894737,1.415555877,1.418121614,0.000111111,50.01538462,"[37.6%, 51.4%, 44.6%, 39.8%, 51.8%, 46.0%, 47.6%, 53.8%, 55.8%, 56.4%, 57.8%, 58.0%, 49.6%]",,,,
12,weights,5,60,0.046894737,1.393904704,1.37935771,0.000111111,50.26153846,"[37.6%, 51.4%, 44.6%, 39.8%, 51.8%, 46.0%, 47.6%, 53.8%, 55.8%, 56.4%, 57.8%, 58.0%, 52.8%]",,,,
12,weights,6,61,0.046894737,1.406268351,1.421936385,0.000111111,50.09230769,"[37.6%, 51.4%, 44.6%, 39.8%, 51.8%, 46.0%, 47.6%, 53.8%, 55.8%, 56.4%, 57.8%, 58.0%, 50.6%]",,,,
12,weights,7,62,0.046894737,1.39286406,1.411118858,0.000111111,50.10769231,"[37.6%, 51.4%, 44.6%, 39.8%, 51.8%, 46.0%, 47.6%, 53.8%, 55.8%, 56.4%, 57.8%, 58.0%, 50.8%]",,,,
12,weights,8,63,0.046894737,1.37188978,1.348231293,0.000111111,50.2,"[37.6%, 51.4%, 44.6%, 39.8%, 51.8%, 46.0%, 47.6%, 53.8%, 55.8%, 56.4%, 57.8%, 58.0%, 52.0%]",,,,
12,weights,9,64,0.046894737,1.372439277,1.403231591,0.000111111,50.06153846,"[37.6%, 51.4%, 44.6%, 39.8%, 51.8%, 46.0%, 47.6%, 53.8%, 55.8%, 56.4%, 57.8%, 58.0%, 50.2%]",,,,
12,weights,10,65,0.046894737,1.378248919,1.416420147,0.000111111,50.01538462,"[37.6%, 51.4%, 44.6%, 39.8%, 51.8%, 46.0%, 47.6%, 53.8%, 55.8%, 56.4%, 57.8%, 58.0%, 49.6%]",,,,
12,weights,11,66,0.046894737,1.355375115,1.426636964,0.000111111,50.07692308,"[37.6%, 51.4%, 44.6%, 39.8%, 51.8%, 46.0%, 47.6%, 53.8%, 55.8%, 56.4%, 57.8%, 58.0%, 50.4%]",,,,
12,weights,12,67,0.046894737,1.369230614,1.394900888,0.000111111,50,"[37.6%, 51.4%, 44.6%, 39.8%, 51.8%, 46.0%, 47.6%, 53.8%, 55.8%, 56.4%, 57.8%, 58.0%, 49.4%]",,,,
12,weights,13,68,0.046894737,1.353783633,1.396069586,0.000111111,50.03076923,"[37.6%, 51.4%, 44.6%, 39.8%, 51.8%, 46.0%, 47.6%, 53.8%, 55.8%, 56.4%, 57.8%, 58.0%, 49.8%]",,,,
12,weights,14,69,0.046894737,1.330449196,1.420878343,0.000111111,50.01538462,"[37.6%, 51.4%, 44.6%, 39.8%, 51.8%, 46.0%, 47.6%, 53.8%, 55.8%, 56.4%, 57.8%, 58.0%, 49.6%]",,,,
12,weights,15,70,0.046894737,1.331990145,1.336721793,0.000111111,50.15384615,"[37.6%, 51.4%, 44.6%, 39.8%, 51.8%, 46.0%, 47.6%, 53.8%, 55.8%, 56.4%, 57.8%, 58.0%, 51.4%]",,,,
12,weights,16,71,0.046894737,1.331718394,1.399973258,0.000111111,50.10769231,"[37.6%, 51.4%, 44.6%, 39.8%, 51.8%, 46.0%, 47.6%, 53.8%, 55.8%, 56.4%, 57.8%, 58.0%, 50.8%]",,,,
12,weights,17,72,0.046894737,1.33011808,1.454894677,0.000111111,50.10769231,"[37.6%, 51.4%, 44.6%, 39.8%, 51.8%, 46.0%, 47.6%, 53.8%, 55.8%, 56.4%, 57.8%, 58.0%, 50.8%]",,,,
12,weights,18,73,0.046894737,1.327145587,1.364158116,0.000111111,50.26153846,"[37.6%, 51.4%, 44.6%, 39.8%, 51.8%, 46.0%, 47.6%, 53.8%, 55.8%, 56.4%, 57.8%, 58.0%, 52.8%]",,,,
12,weights,19,74,0.046894737,1.306614425,1.336614423,0.000111111,50.27692308,"[37.6%, 51.4%, 44.6%, 39.8%, 51.8%, 46.0%, 47.6%, 53.8%, 55.8%, 56.4%, 57.8%, 58.0%, 53.0%]",,,,
12,weights,20,75,0.046894737,1.298113407,1.410709068,0.000111111,50.36923077,"[37.6%, 51.4%, 44.6%, 39.8%, 51.8%, 46.0%, 47.6%, 53.8%, 55.8%, 56.4%, 57.8%, 58.0%, 54.2%]",,,,
12,weights,21,76,0.046894737,1.326287891,1.409821339,0.000111111,50.26153846,"[37.6%, 51.4%, 44.6%, 39.8%, 51.8%, 46.0%, 47.6%, 53.8%, 55.8%, 56.4%, 57.8%, 58.0%, 52.8%]",,,,
12,weights,22,77,0.046894737,1.293644552,1.386552982,0.000111111,50.16923077,"[37.6%, 51.4%, 44.6%, 39.8%, 51.8%, 46.0%, 47.6%, 53.8%, 55.8%, 56.4%, 57.8%, 58.0%, 51.6%]",,,,
12,weights,23,78,0.046894737,1.310496219,1.411502846,0.000111111,50.16923077,"[37.6%, 51.4%, 44.6%, 39.8%, 51.8%, 46.0%, 47.6%, 53.8%, 55.8%, 56.4%, 57.8%, 58.0%, 51.6%]",,,,
12,weights,24,79,0.046894737,1.286502416,1.353862129,0.000111111,50.41538462,"[37.6%, 51.4%, 44.6%, 39.8%, 51.8%, 46.0%, 47.6%, 53.8%, 55.8%, 56.4%, 57.8%, 58.0%, 54.8%]",,,,
12,weights,25,80,0.046894737,1.29907562,1.303158849,0.000111111,50.49230769,"[37.6%, 51.4%, 44.6%, 39.8%, 51.8%, 46.0%, 47.6%, 53.8%, 55.8%, 56.4%, 57.8%, 58.0%, 55.8%]",25.13846154,"[0.0%, 40.6%, 28.2%, 0.0%, 32.4%, 15.8%, 34.4%, 36.8%, 46.2%, 39.4%, 42.8%, 0.0%, 10.2%]",36.37692308,"[29.4%, 35.9%, 31.4%, 24.5%, 40.7%, 17.9%, 50.5%, 28.6%, 44.1%, 26.4%, 46.5%, 44.2%, 52.4%]"
13,parallel,1,1,0.35,19.61837204,11.20787251,0.000111111,46.94285714,"[37.4%, 51.0%, 45.2%, 39.4%, 52.0%, 46.8%, 48.0%, 53.8%, 55.4%, 56.4%, 57.8%, 58.0%, 56.0%, 0.0%]",,,,
13,parallel,2,2,0.35,6.488126839,2.678710163,0.000111111,47.65714286,"[37.6%, 51.0%, 45.2%, 39.8%, 52.2%, 46.4%, 48.0%, 53.8%, 55.4%, 55.8%, 57.8%, 58.0%, 56.4%, 9.8%]",,,,
13,parallel,3,3,0.35,2.419225605,2.350655824,0.000111111,47.64285714,"[37.8%, 50.8%, 45.0%, 39.6%, 52.2%, 46.4%, 48.2%, 53.8%, 55.6%, 55.8%, 57.8%, 58.0%, 56.2%, 9.8%]",,,,
13,parallel,4,4,0.35,2.340626653,2.329446614,0.000111111,47.65714286,"[37.6%, 50.8%, 45.0%, 39.6%, 52.2%, 46.6%, 48.2%, 53.8%, 55.6%, 55.8%, 57.8%, 58.0%, 56.2%, 10.0%]",,,,
13,parallel,5,5,0.3423488,2.355957143,2.354210496,0.000111111,47.82857143,"[37.8%, 51.0%, 45.0%, 39.8%, 52.2%, 46.6%, 48.2%, 53.8%, 55.6%, 55.8%, 57.6%, 58.0%, 56.2%, 12.0%]",,,,
13,parallel,6,6,0.330458563,2.404606786,2.363322645,0.000111111,47.65714286,"[37.6%, 51.0%, 44.8%, 39.8%, 52.2%, 46.6%, 48.2%, 53.8%, 55.6%, 55.8%, 57.6%, 58.0%, 56.2%, 10.0%]",,,,
13,parallel,7,7,0.318811644,2.370412048,2.333296269,0.000111111,47.52857143,"[37.6%, 50.8%, 44.8%, 39.8%, 52.2%, 46.6%, 48.2%, 53.8%, 55.6%, 55.8%, 57.6%, 58.0%, 56.2%, 8.4%]",,,,
13,parallel,8,8,0.307408043,2.34347922,2.343642652,0.000111111,47.64285714,"[37.6%, 50.8%, 44.8%, 39.8%, 52.2%, 46.6%, 48.2%, 53.8%, 55.6%, 55.8%, 57.6%, 58.0%, 56.2%, 10.0%]",,,,
13,parallel,9,9,0.296247759,2.335935215,2.321282923,0.000111111,47.82857143,"[37.6%, 50.8%, 44.8%, 39.8%, 52.2%, 46.6%, 48.2%, 53.8%, 55.6%, 55.8%, 57.6%, 58.0%, 56.2%, 12.6%]",,,,
13,parallel,10,10,0.285330794,2.338287728,2.318980336,0.000111111,47.78571429,"[37.6%, 50.8%, 44.8%, 39.8%, 52.2%, 46.6%, 48.2%, 53.8%, 55.6%, 55.8%, 57.6%, 58.0%, 56.2%, 12.0%]",,,,
13,parallel,11,11,0.274657146,2.295736222,2.238216728,0.000111111,48.27142857,"[37.6%, 50.8%, 44.8%, 39.8%, 52.2%, 46.6%, 48.2%, 53.8%, 55.6%, 55.8%, 57.6%, 58.0%, 56.2%, 18.8%]",,,,
13,parallel,12,12,0.264226816,2.164300564,2.059827968,0.000111111,48.9,"[37.6%, 50.8%, 44.8%, 39.8%, 52.2%, 46.6%, 48.2%, 53.8%, 55.6%, 55.8%, 57.6%, 58.0%, 56.2%, 27.6%]",,,,
13,parallel,13,13,0.254039804,2.012414991,2.032162443,0.000111111,48.9,"[37.6%, 50.8%, 44.8%, 39.8%, 52.2%, 46.6%, 48.2%, 53.8%, 55.6%, 55.8%, 57.6%, 58.0%, 56.2%, 27.6%]",,,,
13,parallel,14,14,0.24409611,1.952468317,1.907606408,0.000111111,49.24285714,"[37.6%, 50.8%, 44.8%, 39.8%, 52.2%, 46.6%, 48.2%, 53.8%, 55.6%, 55.8%, 57.6%, 58.0%, 56.2%, 32.4%]",,,,
13,parallel,15,15,0.234395734,1.914636144,1.892304271,0.000111111,49.32857143,"[37.6%, 50.8%, 44.8%, 39.8%, 52.2%, 46.6%, 48.2%, 53.8%, 55.6%, 55.8%, 57.6%, 58.0%, 56.2%, 33.6%]",,,,
13,parallel,16,16,0.224938676,1.90575533,1.905734755,0.000111111,49.2,"[37.6%, 50.8%, 44.8%, 39.8%, 52.2%, 46.6%, 48.2%, 53.8%, 55.6%, 55.8%, 57.6%, 58.0%, 56.2%, 31.8%]",,,,
13,parallel,17,17,0.215724936,1.852723119,1.877234727,0.000111111,49.1,"[37.6%, 50.8%, 44.8%, 39.8%, 52.2%, 46.6%, 48.2%, 53.8%, 55.6%, 55.8%, 57.6%, 58.0%, 56.2%, 30.4%]",,,,
13,parallel,18,18,0.206754514,1.821420725,1.799842581,0.000111111,49.38571429,"[37.6%, 50.8%, 44.8%, 39.8%, 52.2%, 46.6%, 48.2%, 53.8%, 55.6%, 55.8%, 57.6%, 58.0%, 56.2%, 34.4%]",,,,
13,parallel,19,19,0.198027409,1.794215652,1.78695333,0.000111111,49.44285714,"[37.6%, 50.8%, 44.8%, 39.8%, 52.2%, 46.6%, 48.2%, 53.8%, 55.6%, 55.8%, 57.6%, 58.0%, 56.2%, 35.2%]",,,,
13,parallel,20,20,0.189543622,1.792265106,1.739480719,0.000111111,49.57142857,"[37.6%, 50.8%, 44.8%, 39.8%, 52.2%, 46.6%, 48.2%, 53.8%, 55.6%, 55.8%, 57.6%, 58.0%, 56.2%, 37.0%]",,,,
13,parallel,21,21,0.181303154,1.775245335,1.768317744,0.000111111,49.71428571,"[37.6%, 50.8%, 44.8%, 39.8%, 52.2%, 46.6%, 48.2%, 53.8%, 55.6%, 55.8%, 57.6%, 58.0%, 56.2%, 39.0%]",,,,
13,parallel,22,22,0.173306003,1.732253615,1.717126057,0.000111111,49.77142857,"[37.6%, 50.8%, 44.8%, 39.8%, 52.2%, 46.6%, 48.2%, 53.8%, 55.6%, 55.8%, 57.6%, 58.0%, 56.2%, 39.8%]",,,,
13,parallel,23,23,0.16555217,1.72071451,1.745704569,0.000111111,49.58571429,"[37.6%, 50.8%, 44.8%, 39.8%, 52.2%, 46.6%, 48.2%, 53.8%, 55.6%, 55.8%, 57.6%, 58.0%, 56.2%, 37.2%]",,,,
13,parallel,24,24,0.158041655,1.724046331,1.662621714,0.000111111,49.97142857,"[37.6%, 50.8%, 44.8%, 39.8%, 52.2%, 46.6%, 48.2%, 53.8%, 55.6%, 55.8%, 57.6%, 58.0%, 56.2%, 42.6%]",,,,
13,parallel,25,25,0.150774458,1.737759738,1.697510034,0.000111111,49.87142857,"[37.6%, 50.8%, 44.8%, 39.8%, 52.2%, 46.6%, 48.2%, 53.8%, 55.6%, 55.8%, 57.6%, 58.0%, 56.2%, 41.2%]",,,,
13,parallel,26,26,0.143750579,1.675353471,1.673776388,0.000111111,49.81428571,"[37.6%, 50.8%, 44.8%, 39.8%, 52.2%, 46.6%, 48.2%, 53.8%, 55.6%, 55.8%, 57.6%, 58.0%, 56.2%, 40.4%]",,,,
13,parallel,27,27,0.136970017,1.673774218,1.675582424,0.000111111,49.97142857,"[37.6%, 50.8%, 44.8%, 39.8%, 52.2%, 46.6%, 48.2%, 53.8%, 55.6%, 55.8%, 57.6%, 58.0%, 56.2%, 42.6%]",,,,
13,parallel,28,28,0.130432774,1.670899945,1.684458181,0.000111111,49.87142857,"[37.6%, 50.8%, 44.8%, 39.8%, 52.2%, 46.6%, 48.2%, 53.8%, 55.6%, 55.8%, 57.6%, 58.0%, 56.2%, 41.2%]",,,,
13,parallel,29,29,0.124138848,1.687248616,1.711798929,0.000111111,49.88571429,"[37.6%, 50.8%, 44.8%, 39.8%, 52.2%, 46.6%, 48.2%, 53.8%, 55.6%, 55.8%, 57.6%, 58.0%, 56.2%, 41.4%]",,,,
13,parallel,30,30,0.118088241,1.688404949,1.645245634,0.000111111,49.94285714,"[37.6%, 50.8%, 44.8%, 39.8%, 52.2%, 46.6%, 48.2%, 53.8%, 55.6%, 55.8%, 57.6%, 58.0%, 56.2%, 42.2%]",,,,
13,parallel,31,31,0.112280951,1.661124057,1.671642654,0.000111111,49.85714286,"[37.6%, 50.8%, 44.8%, 39.8%, 52.2%, 46.6%, 48.2%, 53.8%, 55.6%, 55.8%, 57.6%, 58.0%, 56.2%, 41.0%]",,,,
13,parallel,32,32,0.106716979,1.757525363,1.670811802,0.000111111,49.9,"[37.6%, 50.8%, 44.8%, 39.8%, 52.2%, 46.6%, 48.2%, 53.8%, 55.6%, 55.8%, 57.6%, 58.0%, 56.2%, 41.6%]",,,,
13,parallel,33,33,0.101396325,1.702269197,1.670053281,0.000111111,49.85714286,"[37.6%, 50.8%, 44.8%, 39.8%, 52.2%, 46.6%, 48.2%, 53.8%, 55.6%, 55.8%, 57.6%, 58.0%, 56.2%, 41.0%]",,,,
13,parallel,34,34,0.096318989,1.667207363,1.697314091,0.000111111,49.71428571,"[37.6%, 50.8%, 44.8%, 39.8%, 52.2%, 46.6%, 48.2%, 53.8%, 55.6%, 55.8%, 57.6%, 58.0%, 56.2%, 39.0%]",,,,
13,parallel,35,35,0.091484971,1.736408723,1.749762192,0.000111111,49.75714286,"[37.6%, 50.8%, 44.8%, 39.8%, 52.2%, 46.6%, 48.2%, 53.8%, 55.6%, 55.8%, 57.6%, 58.0%, 56.2%, 39.6%]",,,,
13,parallel,36,36,0.086894271,1.690016715,1.706031621,0.000111111,49.81428571,"[37.6%, 50.8%, 44.8%, 39.8%, 52.2%, 46.6%, 48.2%, 53.8%, 55.6%, 55.8%, 57.6%, 58.0%, 56.2%, 40.4%]",,,,
13,parallel,37,37,0.082546888,1.713675086,1.643291973,0.000111111,49.98571429,"[37.6%, 50.8%, 44.8%, 39.8%, 52.2%, 46.6%, 48.2%, 53.8%, 55.6%, 55.8%, 57.6%, 58.0%, 56.2%, 42.8%]",,,,
13,parallel,38,38,0.078442824,1.686646164,1.642511606,0.000111111,49.91428571,"[37.6%, 50.8%, 44.8%, 39.8%, 52.2%, 46.6%, 48.2%, 53.8%, 55.6%, 55.8%, 57.6%, 58.0%, 56.2%, 41.8%]",,,,
13,parallel,39,39,0.074582077,1.830515026,1.731684715,0.000111111,49.65714286,"[37.6%, 50.8%, 44.8%, 39.8%, 52.2%, 46.6%, 48.2%, 53.8%, 55.6%, 55.8%, 57.6%, 58.0%, 56.2%, 38.2%]",,,,
13,parallel,40,40,0.070964648,1.743772981,1.70189441,0.000111111,49.68571429,"[37.6%, 50.8%, 44.8%, 39.8%, 52.2%, 46.6%, 48.2%, 53.8%, 55.6%, 55.8%, 57.6%, 58.0%, 56.2%, 38.6%]",,,,
13,parallel,41,41,0.067590538,1.826475705,1.772490546,0.000111111,49.72857143,"[37.6%, 50.8%, 44.8%, 39.8%, 52.2%, 46.6%, 48.2%, 53.8%, 55.6%, 55.8%, 57.6%, 58.0%, 56.2%, 39.2%]",,,,
13,parallel,42,42,0.064459745,1.802692185,1.773542032,0.000111111,49.57142857,"[37.6%, 50.8%, 44.8%, 39.8%, 52.2%, 46.6%, 48.2%, 53.8%, 55.6%, 55.8%, 57.6%, 58.0%, 56.2%, 37.0%]",,,,
13,parallel,43,43,0.06157227,1.899319496,1.882161632,0.000111111,49.31428571,"[37.6%, 50.8%, 44.8%, 39.8%, 52.2%, 46.6%, 48.2%, 53.8%, 55.6%, 55.8%, 57.6%, 58.0%, 56.2%, 33.4%]",,,,
13,parallel,44,44,0.058928113,1.791899402,1.739462256,0.000111111,49.78571429,"[37.6%, 50.8%, 44.8%, 39.8%, 52.2%, 46.6%, 48.2%, 53.8%, 55.6%, 55.8%, 57.6%, 58.0%, 56.2%, 40.0%]",,,,
13,parallel,45,45,0.056527273,1.787723925,1.754557684,0.000111111,49.75714286,"[37.6%, 50.8%, 44.8%, 39.8%, 52.2%, 46.6%, 48.2%, 53.8%, 55.6%, 55.8%, 57.6%, 58.0%, 56.2%, 39.6%]",,,,
13,parallel,46,46,0.054369752,1.801748722,1.765460581,0.000111111,49.62857143,"[37.6%, 50.8%, 44.8%, 39.8%, 52.2%, 46.6%, 48.2%, 53.8%, 55.6%, 55.8%, 57.6%, 58.0%, 56.2%, 37.8%]",,,,
13,parallel,47,47,0.052455549,1.78330167,1.731955245,0.000111111,49.72857143,"[37.6%, 50.8%, 44.8%, 39.8%, 52.2%, 46.6%, 48.2%, 53.8%, 55.6%, 55.8%, 57.6%, 58.0%, 56.2%, 39.2%]",,,,
13,parallel,48,48,0.050784663,1.741714073,1.737938032,0.000111111,49.68571429,"[37.6%, 50.8%, 44.8%, 39.8%, 52.2%, 46.6%, 48.2%, 53.8%, 55.6%, 55.8%, 57.6%, 58.0%, 56.2%, 38.6%]",,,,
13,parallel,49,49,0.049357095,1.94688491,1.806682214,0.000111111,49.68571429,"[37.6%, 50.8%, 44.8%, 39.8%, 52.2%, 46.6%, 48.2%, 53.8%, 55.6%, 55.8%, 57.6%, 58.0%, 56.2%, 38.6%]",,,,
13,parallel,50,50,0.048172846,1.769186082,1.770750426,0.000111111,49.72857143,"[37.6%, 50.8%, 44.8%, 39.8%, 52.2%, 46.6%, 48.2%, 53.8%, 55.6%, 55.8%, 57.6%, 58.0%, 56.2%, 39.2%]",,,,
13,parallel,51,51,0.047231914,1.718089546,1.775959685,0.000111111,49.74285714,"[37.6%, 50.8%, 44.8%, 39.8%, 52.2%, 46.6%, 48.2%, 53.8%, 55.6%, 55.8%, 57.6%, 58.0%, 56.2%, 39.4%]",,,,
13,parallel,52,52,0.0465343,1.98912382,1.964994818,0.000111111,49,"[37.6%, 50.8%, 44.8%, 39.8%, 52.2%, 46.6%, 48.2%, 53.8%, 55.6%, 55.8%, 57.6%, 58.0%, 56.2%, 29.0%]",,,,
13,parallel,53,53,0.046080004,1.8901297,1.883393511,0.000111111,49.27142857,"[37.6%, 50.8%, 44.8%, 39.8%, 52.2%, 46.6%, 48.2%, 53.8%, 55.6%, 55.8%, 57.6%, 58.0%, 56.2%, 32.8%]",,,,
13,parallel,54,54,0.045869026,1.845515405,1.828291878,0.000111111,49.48571429,"[37.6%, 50.8%, 44.8%, 39.8%, 52.2%, 46.6%, 48.2%, 53.8%, 55.6%, 55.8%, 57.6%, 58.0%, 56.2%, 35.8%]",,,,
13,parallel,55,55,0.045852632,1.832900043,1.803132027,0.000111111,49.71428571,"[37.6%, 50.8%, 44.8%, 39.8%, 52.2%, 46.6%, 48.2%, 53.8%, 55.6%, 55.8%, 57.6%, 58.0%, 56.2%, 39.0%]",,,,
13,weights,1,56,0.045852632,1.785492885,1.791652367,0.000111111,49.61428571,"[37.6%, 50.8%, 44.8%, 39.8%, 52.2%, 46.6%, 48.2%, 53.8%, 55.6%, 55.8%, 57.6%, 58.0%, 56.2%, 37.6%]",,,,
13,weights,2,57,0.045852632,1.767080624,1.751372829,0.000111111,49.88571429,"[37.6%, 50.8%, 44.8%, 39.8%, 52.2%, 46.6%, 48.2%, 53.8%, 55.6%, 55.8%, 57.6%, 58.0%, 56.2%, 41.4%]",,,,
13,weights,3,58,0.045852632,1.750314924,1.78233964,0.000111111,49.54285714,"[37.6%, 50.8%, 44.8%, 39.8%, 52.2%, 46.6%, 48.2%, 53.8%, 55.6%, 55.8%, 57.6%, 58.0%, 56.2%, 36.6%]",,,,
13,weights,4,59,0.045852632,1.74141705,1.755763665,0.000111111,49.77142857,"[37.6%, 50.8%, 44.8%, 39.8%, 52.2%, 46.6%, 48.2%, 53.8%, 55.6%, 55.8%, 57.6%, 58.0%, 56.2%, 39.8%]",,,,
13,weights,5,60,0.045852632,1.734216953,1.713346064,0.000111111,49.95714286,"[37.6%, 50.8%, 44.8%, 39.8%, 52.2%, 46.6%, 48.2%, 53.8%, 55.6%, 55.8%, 57.6%, 58.0%, 56.2%, 42.4%]",,,,
13,weights,6,61,0.045852632,1.717301331,1.72021693,0.000111111,49.95714286,"[37.6%, 50.8%, 44.8%, 39.8%, 52.2%, 46.6%, 48.2%, 53.8%, 55.6%, 55.8%, 57.6%, 58.0%, 56.2%, 42.4%]",,,,
13,weights,7,62,0.045852632,1.731537608,1.759235725,0.000111111,49.78571429,"[37.6%, 50.8%, 44.8%, 39.8%, 52.2%, 46.6%, 48.2%, 53.8%, 55.6%, 55.8%, 57.6%, 58.0%, 56.2%, 40.0%]",,,,
13,weights,8,63,0.045852632,1.709621375,1.734973349,0.000111111,49.88571429,"[37.6%, 50.8%, 44.8%, 39.8%, 52.2%, 46.6%, 48.2%, 53.8%, 55.6%, 55.8%, 57.6%, 58.0%, 56.2%, 41.4%]",,,,
13,weights,9,64,0.045852632,1.702049145,1.712135881,0.000111111,49.92857143,"[37.6%, 50.8%, 44.8%, 39.8%, 52.2%, 46.6%, 48.2%, 53.8%, 55.6%, 55.8%, 57.6%, 58.0%, 56.2%, 42.0%]",,,,
13,weights,10,65,0.045852632,1.688213955,1.689170964,0.000111111,49.87142857,"[37.6%, 50.8%, 44.8%, 39.8%, 52.2%, 46.6%, 48.2%, 53.8%, 55.6%, 55.8%, 57.6%, 58.0%, 56.2%, 41.2%]",,,,
13,weights,11,66,0.045852632,1.699859127,1.700855851,0.000111111,49.87142857,"[37.6%, 50.8%, 44.8%, 39.8%, 52.2%, 46.6%, 48.2%, 53.8%, 55.6%, 55.8%, 57.6%, 58.0%, 56.2%, 41.2%]",,,,
13,weights,12,67,0.045852632,1.675170738,1.699368536,0.000111111,49.85714286,"[37.6%, 50.8%, 44.8%, 39.8%, 52.2%, 46.6%, 48.2%, 53.8%, 55.6%, 55.8%, 57.6%, 58.0%, 56.2%, 41.0%]",,,,
13,weights,13,68,0.045852632,1.690270487,1.712867171,0.000111111,49.92857143,"[37.6%, 50.8%, 44.8%, 39.8%, 52.2%, 46.6%, 48.2%, 53.8%, 55.6%, 55.8%, 57.6%, 58.0%, 56.2%, 42.0%]",,,,
13,weights,14,69,0.045852632,1.654278254,1.66508764,0.000111111,50,"[37.6%, 50.8%, 44.8%, 39.8%, 52.2%, 46.6%, 48.2%, 53.8%, 55.6%, 55.8%, 57.6%, 58.0%, 56.2%, 43.0%]",,,,
13,weights,15,70,0.045852632,1.662335616,1.68225053,0.000111111,49.9,"[37.6%, 50.8%, 44.8%, 39.8%, 52.2%, 46.6%, 48.2%, 53.8%, 55.6%, 55.8%, 57.6%, 58.0%, 56.2%, 41.6%]",,,,
13,weights,16,71,0.045852632,1.652251517,1.671706781,0.000111111,49.9,"[37.6%, 50.8%, 44.8%, 39.8%, 52.2%, 46.6%, 48.2%, 53.8%, 55.6%, 55.8%, 57.6%, 58.0%, 56.2%, 41.6%]",,,,
13,weights,17,72,0.045852632,1.657557308,1.686512589,0.000111111,49.82857143,"[37.6%, 50.8%, 44.8%, 39.8%, 52.2%, 46.6%, 48.2%, 53.8%, 55.6%, 55.8%, 57.6%, 58.0%, 56.2%, 40.6%]",,,,
13,weights,18,73,0.045852632,1.652195036,1.670029633,0.000111111,49.97142857,"[37.6%, 50.8%, 44.8%, 39.8%, 52.2%, 46.6%, 48.2%, 53.8%, 55.6%, 55.8%, 57.6%, 58.0%, 56.2%, 42.6%]",,,,
13,weights,19,74,0.045852632,1.648170332,1.665659077,0.000111111,50,"[37.6%, 50.8%, 44.8%, 39.8%, 52.2%, 46.6%, 48.2%, 53.8%, 55.6%, 55.8%, 57.6%, 58.0%, 56.2%, 43.0%]",,,,
13,weights,20,75,0.045852632,1.644739664,1.652766474,0.000111111,49.94285714,"[37.6%, 50.8%, 44.8%, 39.8%, 52.2%, 46.6%, 48.2%, 53.8%, 55.6%, 55.8%, 57.6%, 58.0%, 56.2%, 42.2%]",,,,
13,weights,21,76,0.045852632,1.634015655,1.629806988,0.000111111,50.07142857,"[37.6%, 50.8%, 44.8%, 39.8%, 52.2%, 46.6%, 48.2%, 53.8%, 55.6%, 55.8%, 57.6%, 58.0%, 56.2%, 44.0%]",,,,
13,weights,22,77,0.045852632,1.623406695,1.654519036,0.000111111,50.04285714,"[37.6%, 50.8%, 44.8%, 39.8%, 52.2%, 46.6%, 48.2%, 53.8%, 55.6%, 55.8%, 57.6%, 58.0%, 56.2%, 43.6%]",,,,
13,weights,23,78,0.045852632,1.635232645,1.677023903,0.000111111,49.97142857,"[37.6%, 50.8%, 44.8%, 39.8%, 52.2%, 46.6%, 48.2%, 53.8%, 55.6%, 55.8%, 57.6%, 58.0%, 56.2%, 42.6%]",,,,
13,weights,24,79,0.045852632,1.622903893,1.65015132,0.000111111,49.91428571,"[37.6%, 50.8%, 44.8%, 39.8%, 52.2%, 46.6%, 48.2%, 53.8%, 55.6%, 55.8%, 57.6%, 58.0%, 56.2%, 41.8%]",,,,
13,weights,25,80,0.045852632,1.617270148,1.663052216,0.000111111,50.05714286,"[37.6%, 50.8%, 44.8%, 39.8%, 52.2%, 46.6%, 48.2%, 53.8%, 55.6%, 55.8%, 57.6%, 58.0%, 56.2%, 43.8%]",22.9,"[0.0%, 40.6%, 28.6%, 0.0%, 32.4%, 15.8%, 35.0%, 36.8%, 39.6%, 39.2%, 42.4%, 0.0%, 10.2%, 0.0%]",35.35714286,"[34.4%, 43.7%, 35.5%, 18.7%, 46.7%, 26.3%, 36.1%, 29.1%, 44.9%, 26.4%, 45.6%, 38.2%, 49.3%, 21.4%]"
14,parallel,1,1,0.3,21.14126617,12.75668061,0.000111111,46.78666667,"[38.2%, 50.8%, 45.0%, 39.8%, 52.2%, 46.4%, 47.8%, 53.6%, 56.6%, 55.6%, 57.6%, 58.0%, 56.4%, 43.8%, 0.0%]",,,,
14,parallel,2,2,0.3,7.967569982,3.46309343,0.000111111,46.84,"[37.4%, 50.8%, 45.0%, 39.8%, 52.4%, 46.4%, 48.0%, 54.0%, 56.8%, 55.8%, 57.8%, 58.0%, 56.4%, 44.0%, 0.0%]",,,,
14,parallel,3,3,0.3,2.575877476,2.367785871,0.000111111,47.42666667,"[37.2%, 50.8%, 45.0%, 39.2%, 52.4%, 46.4%, 47.8%, 54.0%, 56.6%, 55.8%, 57.8%, 58.0%, 56.4%, 44.0%, 10.0%]",,,,
14,parallel,4,4,0.3,2.351300303,2.334996045,0.000111111,47.46666667,"[37.0%, 50.8%, 45.0%, 39.2%, 52.4%, 46.4%, 47.8%, 54.0%, 56.6%, 55.8%, 57.8%, 58.0%, 56.4%, 44.0%, 10.8%]",,,,
14,parallel,5,5,0.293580396,2.351073012,2.353759348,0.000111111,47.41333333,"[37.0%, 50.8%, 45.0%, 39.2%, 52.4%, 46.4%, 47.8%, 54.0%, 56.6%, 55.8%, 57.8%, 58.0%, 56.4%, 44.0%, 10.0%]",,,,
14,parallel,6,6,0.283604103,2.41572464,2.374607682,0.000111111,47.37333333,"[36.6%, 50.8%, 45.0%, 39.0%, 52.4%, 46.4%, 47.8%, 54.0%, 56.6%, 55.8%, 57.8%, 58.0%, 56.4%, 44.0%, 10.0%]",,,,
14,parallel,7,7,0.273831961,2.399781091,2.353937566,0.000111111,47.37333333,"[36.6%, 50.8%, 45.0%, 39.0%, 52.4%, 46.4%, 47.8%, 54.0%, 56.6%, 55.8%, 57.8%, 58.0%, 56.4%, 44.0%, 10.0%]",,,,
14,parallel,8,8,0.264263971,2.359732649,2.337943107,0.000111111,47.52,"[36.6%, 50.8%, 45.0%, 39.0%, 52.4%, 46.4%, 47.8%, 54.0%, 56.6%, 55.8%, 57.8%, 58.0%, 56.4%, 44.0%, 12.2%]",,,,
14,parallel,9,9,0.254900132,2.341074449,2.339107901,0.000111111,47.37333333,"[36.6%, 50.8%, 45.0%, 39.0%, 52.4%, 46.4%, 47.8%, 54.0%, 56.6%, 55.8%, 57.8%, 58.0%, 56.4%, 44.0%, 10.0%]",,,,
14,parallel,10,10,0.245740445,2.339268543,2.325499833,0.000111111,47.42666667,"[36.6%, 50.8%, 45.0%, 39.0%, 52.4%, 46.4%, 47.8%, 54.0%, 56.6%, 55.8%, 57.8%, 58.0%, 56.4%, 44.0%, 10.8%]",,,,
14,parallel,11,11,0.23678491,2.338349644,2.317837149,0.000111111,47.6,"[36.6%, 50.8%, 45.0%, 39.0%, 52.4%, 46.4%, 47.8%, 54.0%, 56.6%, 55.8%, 57.8%, 58.0%, 56.4%, 44.0%, 13.4%]",,,,
14,parallel,12,12,0.228033526,2.286655474,2.213199198,0.000111111,48.01333333,"[36.6%, 50.8%, 45.0%, 39.0%, 52.4%, 46.4%, 47.8%, 54.0%, 56.6%, 55.8%, 57.8%, 58.0%, 56.4%, 44.0%, 19.6%]",,,,
14,parallel,13,13,0.219486294,2.150542833,2.113867879,0.000111111,48.08,"[36.6%, 50.8%, 45.0%, 39.0%, 52.4%, 46.4%, 47.8%, 54.0%, 56.6%, 55.8%, 57.8%, 58.0%, 56.4%, 44.0%, 20.6%]",,,,
14,parallel,14,14,0.211143213,2.014873992,1.911382407,0.000111111,48.64,"[36.6%, 50.8%, 45.0%, 39.0%, 52.4%, 46.4%, 47.8%, 54.0%, 56.6%, 55.8%, 57.8%, 58.0%, 56.4%, 44.0%, 29.0%]",,,,
14,parallel,15,15,0.203004284,1.901410593,1.812926523,0.000111111,49.2,"[36.6%, 50.8%, 45.0%, 39.0%, 52.4%, 46.4%, 47.8%, 54.0%, 56.6%, 55.8%, 57.8%, 58.0%, 56.4%, 44.0%, 37.4%]",,,,
14,parallel,16,16,0.195069507,1.798609725,1.669568658,0.000111111,49.54666667,"[36.6%, 50.8%, 45.0%, 39.0%, 52.4%, 46.4%, 47.8%, 54.0%, 56.6%, 55.8%, 57.8%, 58.0%, 56.4%, 44.0%, 42.6%]",,,,
14,parallel,17,17,0.187338881,1.806489842,1.638535395,0.000111111,49.58666667,"[36.6%, 50.8%, 45.0%, 39.0%, 52.4%, 46.4%, 47.8%, 54.0%, 56.6%, 55.8%, 57.8%, 58.0%, 56.4%, 44.0%, 43.2%]",,,,
14,parallel,18,18,0.179812406,1.696618696,1.638415404,0.000111111,49.52,"[36.6%, 50.8%, 45.0%, 39.0%, 52.4%, 46.4%, 47.8%, 54.0%, 56.6%, 55.8%, 57.8%, 58.0%, 56.4%, 44.0%, 42.2%]",,,,
14,parallel,19,19,0.172490084,1.661070889,1.657224864,0.000111111,49.81333333,"[36.6%, 50.8%, 45.0%, 39.0%, 52.4%, 46.4%, 47.8%, 54.0%, 56.6%, 55.8%, 57.8%, 58.0%, 56.4%, 44.0%, 46.6%]",,,,
14,parallel,20,20,0.165371913,1.627046686,1.546416204,0.000111111,49.85333333,"[36.6%, 50.8%, 45.0%, 39.0%, 52.4%, 46.4%, 47.8%, 54.0%, 56.6%, 55.8%, 57.8%, 58.0%, 56.4%, 44.0%, 47.2%]",,,,
14,parallel,21,21,0.158457893,1.568791709,1.80809157,0.000111111,49.64,"[36.6%, 50.8%, 45.0%, 39.0%, 52.4%, 46.4%, 47.8%, 54.0%, 56.6%, 55.8%, 57.8%, 58.0%, 56.4%, 44.0%, 44.0%]",,,,
14,parallel,22,22,0.151748025,1.590524074,1.505060472,0.000111111,49.77333333,"[36.6%, 50.8%, 45.0%, 39.0%, 52.4%, 46.4%, 47.8%, 54.0%, 56.6%, 55.8%, 57.8%, 58.0%, 56.4%, 44.0%, 46.0%]",,,,
14,parallel,23,23,0.145242308,1.514266562,1.56712427,0.000111111,50,"[36.6%, 50.8%, 45.0%, 39.0%, 52.4%, 46.4%, 47.8%, 54.0%, 56.6%, 55.8%, 57.8%, 58.0%, 56.4%, 44.0%, 49.4%]",,,,
14,parallel,24,24,0.138940744,1.538626582,1.550246019,0.000111111,49.97333333,"[36.6%, 50.8%, 45.0%, 39.0%, 52.4%, 46.4%, 47.8%, 54.0%, 56.6%, 55.8%, 57.8%, 58.0%, 56.4%, 44.0%, 49.0%]",,,,
14,parallel,25,25,0.13284333,1.473360478,1.431649886,0.000111111,50.16,"[36.6%, 50.8%, 45.0%, 39.0%, 52.4%, 46.4%, 47.8%, 54.0%, 56.6%, 55.8%, 57.8%, 58.0%, 56.4%, 44.0%, 51.8%]",,,,
14,parallel,26,26,0.126950069,1.537902927,1.576131269,0.000111111,49.85333333,"[36.6%, 50.8%, 45.0%, 39.0%, 52.4%, 46.4%, 47.8%, 54.0%, 56.6%, 55.8%, 57.8%, 58.0%, 56.4%, 44.0%, 47.2%]",,,,
14,parallel,27,27,0.121260958,1.536566313,1.407502532,0.000111111,50.26666667,"[36.6%, 50.8%, 45.0%, 39.0%, 52.4%, 46.4%, 47.8%, 54.0%, 56.6%, 55.8%, 57.8%, 58.0%, 56.4%, 44.0%, 53.4%]",,,,
14,parallel,28,28,0.115776,1.562295361,1.446578249,0.000111111,50.21333333,"[36.6%, 50.8%, 45.0%, 39.0%, 52.4%, 46.4%, 47.8%, 54.0%, 56.6%, 55.8%, 57.8%, 58.0%, 56.4%, 44.0%, 52.6%]",,,,
14,parallel,29,29,0.110495193,1.473833733,1.720290534,0.000111111,49.82666667,"[36.6%, 50.8%, 45.0%, 39.0%, 52.4%, 46.4%, 47.8%, 54.0%, 56.6%, 55.8%, 57.8%, 58.0%, 56.4%, 44.0%, 46.8%]",,,,
14,parallel,30,30,0.105418537,1.554529952,1.547783494,0.000111111,49.86666667,"[36.6%, 50.8%, 45.0%, 39.0%, 52.4%, 46.4%, 47.8%, 54.0%, 56.6%, 55.8%, 57.8%, 58.0%, 56.4%, 44.0%, 47.4%]",,,,
14,parallel,31,31,0.100546034,1.532964596,1.514235437,0.000111111,49.76,"[36.6%, 50.8%, 45.0%, 39.0%, 52.4%, 46.4%, 47.8%, 54.0%, 56.6%, 55.8%, 57.8%, 58.0%, 56.4%, 44.0%, 45.8%]",,,,
14,parallel,32,32,0.095877681,1.503595521,1.349600911,0.000111111,50.28,"[36.6%, 50.8%, 45.0%, 39.0%, 52.4%, 46.4%, 47.8%, 54.0%, 56.6%, 55.8%, 57.8%, 58.0%, 56.4%, 44.0%, 53.6%]",,,,
14,parallel,33,33,0.091413481,1.501788945,1.471779183,0.000111111,50.22666667,"[36.6%, 50.8%, 45.0%, 39.0%, 52.4%, 46.4%, 47.8%, 54.0%, 56.6%, 55.8%, 57.8%, 58.0%, 56.4%, 44.0%, 52.8%]",,,,
14,parallel,34,34,0.087153432,1.497238346,1.412496179,0.000111111,50.14666667,"[36.6%, 50.8%, 45.0%, 39.0%, 52.4%, 46.4%, 47.8%, 54.0%, 56.6%, 55.8%, 57.8%, 58.0%, 56.4%, 44.0%, 51.6%]",,,,
14,parallel,35,35,0.083097534,1.508040336,1.476473227,0.000111111,50.10666667,"[36.6%, 50.8%, 45.0%, 39.0%, 52.4%, 46.4%, 47.8%, 54.0%, 56.6%, 55.8%, 57.8%, 58.0%, 56.4%, 44.0%, 51.0%]",,,,
14,parallel,36,36,0.079245788,1.457410277,1.385092594,0.000111111,50.22666667,"[36.6%, 50.8%, 45.0%, 39.0%, 52.4%, 46.4%, 47.8%, 54.0%, 56.6%, 55.8%, 57.8%, 58.0%, 56.4%, 44.0%, 52.8%]",,,,
14,parallel,37,37,0.075598194,1.587010741,1.449052691,0.000111111,50.17333333,"[36.6%, 50.8%, 45.0%, 39.0%, 52.4%, 46.4%, 47.8%, 54.0%, 56.6%, 55.8%, 57.8%, 58.0%, 56.4%, 44.0%, 52.0%]",,,,
14,parallel,38,38,0.072154751,1.528286634,1.4815946,0.000111111,49.96,"[36.6%, 50.8%, 45.0%, 39.0%, 52.4%, 46.4%, 47.8%, 54.0%, 56.6%, 55.8%, 57.8%, 58.0%, 56.4%, 44.0%, 48.8%]",,,,
14,parallel,39,39,0.06891546,1.571733008,1.43198511,0.000111111,50.08,"[36.6%, 50.8%, 45.0%, 39.0%, 52.4%, 46.4%, 47.8%, 54.0%, 56.6%, 55.8%, 57.8%, 58.0%, 56.4%, 44.0%, 50.6%]",,,,
14,parallel,40,40,0.06588032,1.547601753,1.448592581,0.000111111,50.13333333,"[36.6%, 50.8%, 45.0%, 39.0%, 52.4%, 46.4%, 47.8%, 54.0%, 56.6%, 55.8%, 57.8%, 58.0%, 56.4%, 44.0%, 51.4%]",,,,
14,parallel,41,41,0.063049332,1.505058017,1.399047144,0.000111111,50.22666667,"[36.6%, 50.8%, 45.0%, 39.0%, 52.4%, 46.4%, 47.8%, 54.0%, 56.6%, 55.8%, 57.8%, 58.0%, 56.4%, 44.0%, 52.8%]",,,,
14,parallel,42,42,0.060422496,1.713170373,1.535048336,0.000111111,49.92,"[36.6%, 50.8%, 45.0%, 39.0%, 52.4%, 46.4%, 47.8%, 54.0%, 56.6%, 55.8%, 57.8%, 58.0%, 56.4%, 44.0%, 48.2%]",,,,
14,parallel,43,43,0.057999811,1.667908905,1.610168919,0.000111111,49.8,"[36.6%, 50.8%, 45.0%, 39.0%, 52.4%, 46.4%, 47.8%, 54.0%, 56.6%, 55.8%, 57.8%, 58.0%, 56.4%, 44.0%, 46.4%]",,,,
14,parallel,44,44,0.055781278,1.638503948,1.556422979,0.000111111,49.98666667,"[36.6%, 50.8%, 45.0%, 39.0%, 52.4%, 46.4%, 47.8%, 54.0%, 56.6%, 55.8%, 57.8%, 58.0%, 56.4%, 44.0%, 49.2%]",,,,
14,parallel,45,45,0.053766896,1.707723064,1.60556934,0.000111111,49.74666667,"[36.6%, 50.8%, 45.0%, 39.0%, 52.4%, 46.4%, 47.8%, 54.0%, 56.6%, 55.8%, 57.8%, 58.0%, 56.4%, 44.0%, 45.6%]",,,,
14,parallel,46,46,0.051956666,1.632391228,1.644817054,0.000111111,49.58666667,"[36.6%, 50.8%, 45.0%, 39.0%, 52.4%, 46.4%, 47.8%, 54.0%, 56.6%, 55.8%, 57.8%, 58.0%, 56.4%, 44.0%, 43.2%]",,,,
14,parallel,47,47,0.050350587,1.800337215,1.728048973,0.000111111,49.53333333,"[36.6%, 50.8%, 45.0%, 39.0%, 52.4%, 46.4%, 47.8%, 54.0%, 56.6%, 55.8%, 57.8%, 58.0%, 56.4%, 44.0%, 42.4%]",,,,
14,parallel,48,48,0.04894866,1.645584073,1.562972859,0.000111111,49.73333333,"[36.6%, 50.8%, 45.0%, 39.0%, 52.4%, 46.4%, 47.8%, 54.0%, 56.6%, 55.8%, 57.8%, 58.0%, 56.4%, 44.0%, 45.4%]",,,,
14,parallel,49,49,0.047750885,1.592248524,1.573034309,0.000111111,49.69333333,"[36.6%, 50.8%, 45.0%, 39.0%, 52.4%, 46.4%, 47.8%, 54.0%, 56.6%, 55.8%, 57.8%, 58.0%, 56.4%, 44.0%, 44.8%]",,,,
14,parallel,50,50,0.046757261,1.775257354,1.790826246,0.000111111,49.22666667,"[36.6%, 50.8%, 45.0%, 39.0%, 52.4%, 46.4%, 47.8%, 54.0%, 56.6%, 55.8%, 57.8%, 58.0%, 56.4%, 44.0%, 37.8%]",,,,
14,parallel,51,51,0.045967789,1.751160625,1.648663193,0.000111111,49.49333333,"[36.6%, 50.8%, 45.0%, 39.0%, 52.4%, 46.4%, 47.8%, 54.0%, 56.6%, 55.8%, 57.8%, 58.0%, 56.4%, 44.0%, 41.8%]",,,,
14,parallel,52,52,0.045382468,1.678801451,1.664702162,0.000111111,49.56,"[36.6%, 50.8%, 45.0%, 39.0%, 52.4%, 46.4%, 47.8%, 54.0%, 56.6%, 55.8%, 57.8%, 58.0%, 56.4%, 44.0%, 42.8%]",,,,
14,parallel,53,53,0.045001299,1.646702972,1.690271012,0.000111111,49.48,"[36.6%, 50.8%, 45.0%, 39.0%, 52.4%, 46.4%, 47.8%, 54.0%, 56.6%, 55.8%, 57.8%, 58.0%, 56.4%, 44.0%, 41.6%]",,,,
14,parallel,54,54,0.044824281,1.624236502,1.595484503,0.000111111,49.72,"[36.6%, 50.8%, 45.0%, 39.0%, 52.4%, 46.4%, 47.8%, 54.0%, 56.6%, 55.8%, 57.8%, 58.0%, 56.4%, 44.0%, 45.2%]",,,,
14,parallel,55,55,0.044810526,1.608050402,1.582443938,0.000111111,49.86666667,"[36.6%, 50.8%, 45.0%, 39.0%, 52.4%, 46.4%, 47.8%, 54.0%, 56.6%, 55.8%, 57.8%, 58.0%, 56.4%, 44.0%, 47.4%]",,,,
14,weights,1,56,0.044810526,1.593620174,1.555806257,0.000111111,49.92,"[36.6%, 50.8%, 45.0%, 39.0%, 52.4%, 46.4%, 47.8%, 54.0%, 56.6%, 55.8%, 57.8%, 58.0%, 56.4%, 44.0%, 48.2%]",,,,
14,weights,2,57,0.044810526,1.573746809,1.633258194,0.000111111,49.73333333,"[36.6%, 50.8%, 45.0%, 39.0%, 52.4%, 46.4%, 47.8%, 54.0%, 56.6%, 55.8%, 57.8%, 58.0%, 56.4%, 44.0%, 45.4%]",,,,
14,weights,3,58,0.044810526,1.578351843,1.578639723,0.000111111,49.85333333,"[36.6%, 50.8%, 45.0%, 39.0%, 52.4%, 46.4%, 47.8%, 54.0%, 56.6%, 55.8%, 57.8%, 58.0%, 56.4%, 44.0%, 47.2%]",,,,
14,weights,4,59,0.044810526,1.546287976,1.504933544,0.000111111,49.96,"[36.6%, 50.8%, 45.0%, 39.0%, 52.4%, 46.4%, 47.8%, 54.0%, 56.6%, 55.8%, 57.8%, 58.0%, 56.4%, 44.0%, 48.8%]",,,,
14,weights,5,60,0.044810526,1.535032452,1.550791897,0.000111111,49.92,"[36.6%, 50.8%, 45.0%, 39.0%, 52.4%, 46.4%, 47.8%, 54.0%, 56.6%, 55.8%, 57.8%, 58.0%, 56.4%, 44.0%, 48.2%]",,,,
14,weights,6,61,0.044810526,1.534664047,1.510142267,0.000111111,50.05333333,"[36.6%, 50.8%, 45.0%, 39.0%, 52.4%, 46.4%, 47.8%, 54.0%, 56.6%, 55.8%, 57.8%, 58.0%, 56.4%, 44.0%, 50.2%]",,,,
14,weights,7,62,0.044810526,1.532316054,1.560187109,0.000111111,49.90666667,"[36.6%, 50.8%, 45.0%, 39.0%, 52.4%, 46.4%, 47.8%, 54.0%, 56.6%, 55.8%, 57.8%, 58.0%, 56.4%, 44.0%, 48.0%]",,,,
14,weights,8,63,0.044810526,1.526059107,1.493611231,0.000111111,50.09333333,"[36.6%, 50.8%, 45.0%, 39.0%, 52.4%, 46.4%, 47.8%, 54.0%, 56.6%, 55.8%, 57.8%, 58.0%, 56.4%, 44.0%, 50.8%]",,,,
14,weights,9,64,0.044810526,1.491267514,1.503095634,0.000111111,50.06666667,"[36.6%, 50.8%, 45.0%, 39.0%, 52.4%, 46.4%, 47.8%, 54.0%, 56.6%, 55.8%, 57.8%, 58.0%, 56.4%, 44.0%, 50.4%]",,,,
14,weights,10,65,0.044810526,1.492410634,1.677034806,0.000111111,49.77333333,"[36.6%, 50.8%, 45.0%, 39.0%, 52.4%, 46.4%, 47.8%, 54.0%, 56.6%, 55.8%, 57.8%, 58.0%, 56.4%, 44.0%, 46.0%]",,,,
14,weights,11,66,0.044810526,1.475554427,1.471853599,0.000111111,50.08,"[36.6%, 50.8%, 45.0%, 39.0%, 52.4%, 46.4%, 47.8%, 54.0%, 56.6%, 55.8%, 57.8%, 58.0%, 56.4%, 44.0%, 50.6%]",,,,
14,weights,12,67,0.044810526,1.480302575,1.481260531,0.000111111,50.09333333,"[36.6%, 50.8%, 45.0%, 39.0%, 52.4%, 46.4%, 47.8%, 54.0%, 56.6%, 55.8%, 57.8%, 58.0%, 56.4%, 44.0%, 50.8%]",,,,
14,weights,13,68,0.044810526,1.472087724,1.572775189,0.000111111,49.92,"[36.6%, 50.8%, 45.0%, 39.0%, 52.4%, 46.4%, 47.8%, 54.0%, 56.6%, 55.8%, 57.8%, 58.0%, 56.4%, 44.0%, 48.2%]",,,,
14,weights,14,69,0.044810526,1.457888639,1.494177118,0.000111111,50,"[36.6%, 50.8%, 45.0%, 39.0%, 52.4%, 46.4%, 47.8%, 54.0%, 56.6%, 55.8%, 57.8%, 58.0%, 56.4%, 44.0%, 49.4%]",,,,
14,weights,15,70,0.044810526,1.443068068,1.461357847,0.000111111,50.17333333,"[36.6%, 50.8%, 45.0%, 39.0%, 52.4%, 46.4%, 47.8%, 54.0%, 56.6%, 55.8%, 57.8%, 58.0%, 56.4%, 44.0%, 52.0%]",,,,
14,weights,16,71,0.044810526,1.447796942,1.472764917,0.000111111,50.21333333,"[36.6%, 50.8%, 45.0%, 39.0%, 52.4%, 46.4%, 47.8%, 54.0%, 56.6%, 55.8%, 57.8%, 58.0%, 56.4%, 44.0%, 52.6%]",,,,
14,weights,17,72,0.044810526,1.4393207,1.524279825,0.000111111,49.86666667,"[36.6%, 50.8%, 45.0%, 39.0%, 52.4%, 46.4%, 47.8%, 54.0%, 56.6%, 55.8%, 57.8%, 58.0%, 56.4%, 44.0%, 47.4%]",,,,
14,weights,18,73,0.044810526,1.410124095,1.43505127,0.000111111,50.08,"[36.6%, 50.8%, 45.0%, 39.0%, 52.4%, 46.4%, 47.8%, 54.0%, 56.6%, 55.8%, 57.8%, 58.0%, 56.4%, 44.0%, 50.6%]",,,,
14,weights,19,74,0.044810526,1.437106919,1.489465229,0.000111111,50.18666667,"[36.6%, 50.8%, 45.0%, 39.0%, 52.4%, 46.4%, 47.8%, 54.0%, 56.6%, 55.8%, 57.8%, 58.0%, 56.4%, 44.0%, 52.2%]",,,,
14,weights,20,75,0.044810526,1.429532145,1.546557903,0.000111111,49.92,"[36.6%, 50.8%, 45.0%, 39.0%, 52.4%, 46.4%, 47.8%, 54.0%, 56.6%, 55.8%, 57.8%, 58.0%, 56.4%, 44.0%, 48.2%]",,,,
14,weights,21,76,0.044810526,1.414205989,1.464427523,0.000111111,50.06666667,"[36.6%, 50.8%, 45.0%, 39.0%, 52.4%, 46.4%, 47.8%, 54.0%, 56.6%, 55.8%, 57.8%, 58.0%, 56.4%, 44.0%, 50.4%]",,,,
14,weights,22,77,0.044810526,1.42684736,1.398076065,0.000111111,50.16,"[36.6%, 50.8%, 45.0%, 39.0%, 52.4%, 46.4%, 47.8%, 54.0%, 56.6%, 55.8%, 57.8%, 58.0%, 56.4%, 44.0%, 51.8%]",,,,
14,weights,23,78,0.044810526,1.416830739,1.448015682,0.000111111,50.06666667,"[36.6%, 50.8%, 45.0%, 39.0%, 52.4%, 46.4%, 47.8%, 54.0%, 56.6%, 55.8%, 57.8%, 58.0%, 56.4%, 44.0%, 50.4%]",,,,
14,weights,24,79,0.044810526,1.376770078,1.390251473,0.000111111,50.21333333,"[36.6%, 50.8%, 45.0%, 39.0%, 52.4%, 46.4%, 47.8%, 54.0%, 56.6%, 55.8%, 57.8%, 58.0%, 56.4%, 44.0%, 52.6%]",,,,
14,weights,25,80,0.044810526,1.400559111,1.420873046,0.000111111,50.21333333,"[36.6%, 50.8%, 45.0%, 39.0%, 52.4%, 46.4%, 47.8%, 54.0%, 56.6%, 55.8%, 57.8%, 58.0%, 56.4%, 44.0%, 52.6%]",20.82666667,"[0.0%, 40.6%, 28.6%, 0.0%, 32.6%, 15.8%, 27.0%, 34.2%, 40.0%, 32.0%, 42.4%, 0.0%, 10.2%, 0.0%, 9.0%]",36.03333333,"[29.6%, 43%, 31.6%, 24.6%, 47.6%, 25.6%, 38.1%, 28.6%, 52.6%, 25.9%, 45.8%, 44.7%, 48.9%, 11.9%, 41.9%]"
15,parallel,1,1,0.25,17.22435375,10.76599479,0.000111111,46.9625,"[36.6%, 50.8%, 45.8%, 39.4%, 52.2%, 46.4%, 47.8%, 54.0%, 55.2%, 56.0%, 57.6%, 58.0%, 55.8%, 43.2%, 52.6%, 0.0%]",,,,
15,parallel,2,2,0.25,7.402926705,4.15019694,0.000111111,46.925,"[36.6%, 50.8%, 45.8%, 39.2%, 52.2%, 46.2%, 47.8%, 54.0%, 54.4%, 56.2%, 57.6%, 58.2%, 56.0%, 43.2%, 52.6%, 0.0%]",,,,
15,parallel,3,3,0.25,2.893896308,2.446216106,0.000111111,47.5625,"[36.6%, 50.6%, 45.8%, 39.2%, 51.8%, 46.2%, 47.8%, 54.0%, 54.4%, 56.2%, 57.6%, 57.8%, 56.0%, 43.4%, 52.6%, 11.0%]",,,,
15,parallel,4,4,0.25,2.398298408,2.365179032,0.000111111,47.5,"[36.6%, 50.6%, 45.6%, 39.2%, 51.8%, 46.2%, 47.8%, 54.0%, 54.4%, 56.2%, 57.6%, 57.8%, 56.0%, 43.6%, 52.6%, 10.0%]",,,,
15,parallel,5,5,0.244811992,2.4381821,2.401678652,0.000111111,47.5125,"[36.6%, 50.6%, 45.6%, 39.2%, 51.8%, 46.2%, 47.8%, 54.0%, 54.4%, 56.2%, 57.6%, 57.8%, 56.0%, 43.8%, 52.6%, 10.0%]",,,,
15,parallel,6,6,0.236749643,2.454992961,2.383891195,0.000111111,47.4625,"[36.6%, 50.6%, 45.6%, 39.2%, 51.8%, 46.2%, 47.8%, 54.0%, 54.4%, 56.2%, 57.6%, 57.8%, 56.0%, 43.8%, 52.6%, 9.2%]",,,,
15,parallel,7,7,0.228852278,2.370543975,2.340600163,0.000111111,47.5625,"[36.6%, 50.6%, 45.6%, 39.2%, 51.8%, 46.2%, 47.8%, 54.0%, 54.4%, 56.2%, 57.6%, 57.8%, 56.0%, 43.8%, 52.6%, 10.8%]",,,,
15,parallel,8,8,0.221119899,2.338862425,2.331588507,0.000111111,47.5125,"[36.6%, 50.6%, 45.6%, 39.2%, 51.8%, 46.2%, 47.8%, 54.0%, 54.4%, 56.2%, 57.6%, 57.8%, 56.0%, 43.8%, 52.6%, 10.0%]",,,,
15,parallel,9,9,0.213552506,2.3564765,2.345508903,0.000111111,47.575,"[36.6%, 50.6%, 45.6%, 39.2%, 51.8%, 46.2%, 47.8%, 54.0%, 54.4%, 56.2%, 57.6%, 57.8%, 56.0%, 43.8%, 52.6%, 11.0%]",,,,
15,parallel,10,10,0.206150097,2.334266744,2.326324016,0.000111111,47.5125,"[36.6%, 50.6%, 45.6%, 39.2%, 51.8%, 46.2%, 47.8%, 54.0%, 54.4%, 56.2%, 57.6%, 57.8%, 56.0%, 43.8%, 52.6%, 10.0%]",,,,
15,parallel,11,11,0.198912674,2.347989291,2.310745269,0.000111111,47.6625,"[36.6%, 50.6%, 45.6%, 39.2%, 51.8%, 46.2%, 47.8%, 54.0%, 54.4%, 56.2%, 57.6%, 57.8%, 56.0%, 43.8%, 52.6%, 12.4%]",,,,
15,parallel,12,12,0.191840236,2.249798639,2.224285677,0.000111111,48,"[36.6%, 50.6%, 45.6%, 39.2%, 51.8%, 46.2%, 47.8%, 54.0%, 54.4%, 56.2%, 57.6%, 57.8%, 56.0%, 43.8%, 52.6%, 17.8%]",,,,
15,parallel,13,13,0.184932784,2.141883438,2.067386836,0.000111111,48.4125,"[36.6%, 50.6%, 45.6%, 39.2%, 51.8%, 46.2%, 47.8%, 54.0%, 54.4%, 56.2%, 57.6%, 57.8%, 56.0%, 43.8%, 52.6%, 24.4%]",,,,
15,parallel,14,14,0.178190316,2.070355891,1.954291627,0.000111111,48.55,"[36.6%, 50.6%, 45.6%, 39.2%, 51.8%, 46.2%, 47.8%, 54.0%, 54.4%, 56.2%, 57.6%, 57.8%, 56.0%, 43.8%, 52.6%, 26.6%]",,,,
15,parallel,15,15,0.171612834,2.01748919,2.079191282,0.000111111,48.4,"[36.6%, 50.6%, 45.6%, 39.2%, 51.8%, 46.2%, 47.8%, 54.0%, 54.4%, 56.2%, 57.6%, 57.8%, 56.0%, 43.8%, 52.6%, 24.2%]",,,,
15,parallel,16,16,0.165200337,1.927929785,1.843304023,0.000111111,49.025,"[36.6%, 50.6%, 45.6%, 39.2%, 51.8%, 46.2%, 47.8%, 54.0%, 54.4%, 56.2%, 57.6%, 57.8%, 56.0%, 43.8%, 52.6%, 34.2%]",,,,
15,parallel,17,17,0.158952826,1.84746788,1.835022479,0.000111111,48.7875,"[36.6%, 50.6%, 45.6%, 39.2%, 51.8%, 46.2%, 47.8%, 54.0%, 54.4%, 56.2%, 57.6%, 57.8%, 56.0%, 43.8%, 52.6%, 30.4%]",,,,
15,parallel,18,18,0.152870299,1.813514814,1.781494983,0.000111111,49.025,"[36.6%, 50.6%, 45.6%, 39.2%, 51.8%, 46.2%, 47.8%, 54.0%, 54.4%, 56.2%, 57.6%, 57.8%, 56.0%, 43.8%, 52.6%, 34.2%]",,,,
15,parallel,19,19,0.146952758,1.83651997,1.787886664,0.000111111,48.8875,"[36.6%, 50.6%, 45.6%, 39.2%, 51.8%, 46.2%, 47.8%, 54.0%, 54.4%, 56.2%, 57.6%, 57.8%, 56.0%, 43.8%, 52.6%, 32.0%]",,,,
15,parallel,20,20,0.141200203,1.74765191,1.689970523,0.000111111,49.1125,"[36.6%, 50.6%, 45.6%, 39.2%, 51.8%, 46.2%, 47.8%, 54.0%, 54.4%, 56.2%, 57.6%, 57.8%, 56.0%, 43.8%, 52.6%, 35.6%]",,,,
15,parallel,21,21,0.135612632,1.781487525,1.721933961,0.000111111,49.2,"[36.6%, 50.6%, 45.6%, 39.2%, 51.8%, 46.2%, 47.8%, 54.0%, 54.4%, 56.2%, 57.6%, 57.8%, 56.0%, 43.8%, 52.6%, 37.0%]",,,,
15,parallel,22,22,0.130190047,1.731795762,1.788537562,0.000111111,49.175,"[36.6%, 50.6%, 45.6%, 39.2%, 51.8%, 46.2%, 47.8%, 54.0%, 54.4%, 56.2%, 57.6%, 57.8%, 56.0%, 43.8%, 52.6%, 36.6%]",,,,
15,parallel,23,23,0.124932447,1.724273639,1.76726827,0.000111111,49.125,"[36.6%, 50.6%, 45.6%, 39.2%, 51.8%, 46.2%, 47.8%, 54.0%, 54.4%, 56.2%, 57.6%, 57.8%, 56.0%, 43.8%, 52.6%, 35.8%]",,,,
15,parallel,24,24,0.119839832,1.705534688,1.659347907,0.000111111,49.275,"[36.6%, 50.6%, 45.6%, 39.2%, 51.8%, 46.2%, 47.8%, 54.0%, 54.4%, 56.2%, 57.6%, 57.8%, 56.0%, 43.8%, 52.6%, 38.2%]",,,,
15,parallel,25,25,0.114912203,1.731121136,1.782175526,0.000111111,48.9875,"[36.6%, 50.6%, 45.6%, 39.2%, 51.8%, 46.2%, 47.8%, 54.0%, 54.4%, 56.2%, 57.6%, 57.8%, 56.0%, 43.8%, 52.6%, 33.6%]",,,,
15,parallel,26,26,0.110149558,1.679334739,1.758971125,0.000111111,49.0125,"[36.6%, 50.6%, 45.6%, 39.2%, 51.8%, 46.2%, 47.8%, 54.0%, 54.4%, 56.2%, 57.6%, 57.8%, 56.0%, 43.8%, 52.6%, 34.0%]",,,,
15,parallel,27,27,0.105551899,1.740817672,1.821099997,0.000111111,49.075,"[36.6%, 50.6%, 45.6%, 39.2%, 51.8%, 46.2%, 47.8%, 54.0%, 54.4%, 56.2%, 57.6%, 57.8%, 56.0%, 43.8%, 52.6%, 35.0%]",,,,
15,parallel,28,28,0.101119226,1.713139339,1.715092421,0.000111111,49.1875,"[36.6%, 50.6%, 45.6%, 39.2%, 51.8%, 46.2%, 47.8%, 54.0%, 54.4%, 56.2%, 57.6%, 57.8%, 56.0%, 43.8%, 52.6%, 36.8%]",,,,
15,parallel,29,29,0.096851537,1.695714676,1.732975431,0.000111111,49.3,"[36.6%, 50.6%, 45.6%, 39.2%, 51.8%, 46.2%, 47.8%, 54.0%, 54.4%, 56.2%, 57.6%, 57.8%, 56.0%, 43.8%, 52.6%, 38.6%]",,,,
15,parallel,30,30,0.092748834,1.733593121,1.644932181,0.000111111,49.5,"[36.6%, 50.6%, 45.6%, 39.2%, 51.8%, 46.2%, 47.8%, 54.0%, 54.4%, 56.2%, 57.6%, 57.8%, 56.0%, 43.8%, 52.6%, 41.8%]",,,,
15,parallel,31,31,0.088811116,1.702402848,1.649630018,0.000111111,49.5625,"[36.6%, 50.6%, 45.6%, 39.2%, 51.8%, 46.2%, 47.8%, 54.0%, 54.4%, 56.2%, 57.6%, 57.8%, 56.0%, 43.8%, 52.6%, 42.8%]",,,,
15,parallel,32,32,0.085038384,1.694207284,1.633917406,0.000111111,49.4625,"[36.6%, 50.6%, 45.6%, 39.2%, 51.8%, 46.2%, 47.8%, 54.0%, 54.4%, 56.2%, 57.6%, 57.8%, 56.0%, 43.8%, 52.6%, 41.2%]",,,,
15,parallel,33,33,0.081430636,1.672396064,1.625975952,0.000111111,49.4875,"[36.6%, 50.6%, 45.6%, 39.2%, 51.8%, 46.2%, 47.8%, 54.0%, 54.4%, 56.2%, 57.6%, 57.8%, 56.0%, 43.8%, 52.6%, 41.6%]",,,,
15,parallel,34,34,0.077987874,1.721224734,1.779185444,0.000111111,49.45,"[36.6%, 50.6%, 45.6%, 39.2%, 51.8%, 46.2%, 47.8%, 54.0%, 54.4%, 56.2%, 57.6%, 57.8%, 56.0%, 43.8%, 52.6%, 41.0%]",,,,
15,parallel,35,35,0.074710097,1.657070984,1.650787406,0.000111111,49.6,"[36.6%, 50.6%, 45.6%, 39.2%, 51.8%, 46.2%, 47.8%, 54.0%, 54.4%, 56.2%, 57.6%, 57.8%, 56.0%, 43.8%, 52.6%, 43.4%]",,,,
15,parallel,36,36,0.071597306,1.652180731,1.594378568,0.000111111,49.7375,"[36.6%, 50.6%, 45.6%, 39.2%, 51.8%, 46.2%, 47.8%, 54.0%, 54.4%, 56.2%, 57.6%, 57.8%, 56.0%, 43.8%, 52.6%, 45.6%]",,,,
15,parallel,37,37,0.068649499,1.757305114,1.679608956,0.000111111,49.4875,"[36.6%, 50.6%, 45.6%, 39.2%, 51.8%, 46.2%, 47.8%, 54.0%, 54.4%, 56.2%, 57.6%, 57.8%, 56.0%, 43.8%, 52.6%, 41.6%]",,,,
15,parallel,38,38,0.065866678,1.719753445,1.66644381,0.000111111,49.5,"[36.6%, 50.6%, 45.6%, 39.2%, 51.8%, 46.2%, 47.8%, 54.0%, 54.4%, 56.2%, 57.6%, 57.8%, 56.0%, 43.8%, 52.6%, 41.8%]",,,,
15,parallel,39,39,0.063248843,1.682863281,1.651860677,0.000111111,49.6375,"[36.6%, 50.6%, 45.6%, 39.2%, 51.8%, 46.2%, 47.8%, 54.0%, 54.4%, 56.2%, 57.6%, 57.8%, 56.0%, 43.8%, 52.6%, 44.0%]",,,,
15,parallel,40,40,0.060795992,1.837937483,1.770215183,0.000111111,49.2,"[36.6%, 50.6%, 45.6%, 39.2%, 51.8%, 46.2%, 47.8%, 54.0%, 54.4%, 56.2%, 57.6%, 57.8%, 56.0%, 43.8%, 52.6%, 37.0%]",,,,
15,parallel,41,41,0.058508127,1.8069833,1.738835216,0.000111111,49.3875,"[36.6%, 50.6%, 45.6%, 39.2%, 51.8%, 46.2%, 47.8%, 54.0%, 54.4%, 56.2%, 57.6%, 57.8%, 56.0%, 43.8%, 52.6%, 40.0%]",,,,
15,parallel,42,42,0.056385247,1.775033421,1.766396657,0.000111111,49.275,"[36.6%, 50.6%, 45.6%, 39.2%, 51.8%, 46.2%, 47.8%, 54.0%, 54.4%, 56.2%, 57.6%, 57.8%, 56.0%, 43.8%, 52.6%, 38.2%]",,,,
15,parallel,43,43,0.054427352,1.839424434,1.806150123,0.000111111,49.2875,"[36.6%, 50.6%, 45.6%, 39.2%, 51.8%, 46.2%, 47.8%, 54.0%, 54.4%, 56.2%, 57.6%, 57.8%, 56.0%, 43.8%, 52.6%, 38.4%]",,,,
15,parallel,44,44,0.052634443,1.772380504,1.719192967,0.000111111,49.325,"[36.6%, 50.6%, 45.6%, 39.2%, 51.8%, 46.2%, 47.8%, 54.0%, 54.4%, 56.2%, 57.6%, 57.8%, 56.0%, 43.8%, 52.6%, 39.0%]",,,,
15,parallel,45,45,0.051006518,1.726720578,1.797261477,0.000111111,49.1375,"[36.6%, 50.6%, 45.6%, 39.2%, 51.8%, 46.2%, 47.8%, 54.0%, 54.4%, 56.2%, 57.6%, 57.8%, 56.0%, 43.8%, 52.6%, 36.0%]",,,,
15,parallel,46,46,0.049543579,1.741073581,1.704043269,0.000111111,49.375,"[36.6%, 50.6%, 45.6%, 39.2%, 51.8%, 46.2%, 47.8%, 54.0%, 54.4%, 56.2%, 57.6%, 57.8%, 56.0%, 43.8%, 52.6%, 39.8%]",,,,
15,parallel,47,47,0.048245626,1.692075464,1.672864869,0.000111111,49.425,"[36.6%, 50.6%, 45.6%, 39.2%, 51.8%, 46.2%, 47.8%, 54.0%, 54.4%, 56.2%, 57.6%, 57.8%, 56.0%, 43.8%, 52.6%, 40.6%]",,,,
15,parallel,48,48,0.047112657,1.676568384,1.650846377,0.000111111,49.5,"[36.6%, 50.6%, 45.6%, 39.2%, 51.8%, 46.2%, 47.8%, 54.0%, 54.4%, 56.2%, 57.6%, 57.8%, 56.0%, 43.8%, 52.6%, 41.8%]",,,,
15,parallel,49,49,0.046144674,2.020249934,1.838786244,0.000111111,49,"[36.6%, 50.6%, 45.6%, 39.2%, 51.8%, 46.2%, 47.8%, 54.0%, 54.4%, 56.2%, 57.6%, 57.8%, 56.0%, 43.8%, 52.6%, 33.8%]",,,,
15,parallel,50,50,0.045341676,1.858659255,1.767023355,0.000111111,49.35,"[36.6%, 50.6%, 45.6%, 39.2%, 51.8%, 46.2%, 47.8%, 54.0%, 54.4%, 56.2%, 57.6%, 57.8%, 56.0%, 43.8%, 52.6%, 39.4%]",,,,
15,parallel,51,51,0.044703664,2.105019584,2.074758545,0.000111111,48.8875,"[36.6%, 50.6%, 45.6%, 39.2%, 51.8%, 46.2%, 47.8%, 54.0%, 54.4%, 56.2%, 57.6%, 57.8%, 56.0%, 43.8%, 52.6%, 32.0%]",,,,
15,parallel,52,52,0.044230636,1.901877367,1.85534659,0.000111111,49.2125,"[36.6%, 50.6%, 45.6%, 39.2%, 51.8%, 46.2%, 47.8%, 54.0%, 54.4%, 56.2%, 57.6%, 57.8%, 56.0%, 43.8%, 52.6%, 37.2%]",,,,
15,parallel,53,53,0.043922594,1.813326991,1.747055322,0.000111111,49.475,"[36.6%, 50.6%, 45.6%, 39.2%, 51.8%, 46.2%, 47.8%, 54.0%, 54.4%, 56.2%, 57.6%, 57.8%, 56.0%, 43.8%, 52.6%, 41.4%]",,,,
15,parallel,54,54,0.043779537,1.776494572,1.746698931,0.000111111,49.4125,"[36.6%, 50.6%, 45.6%, 39.2%, 51.8%, 46.2%, 47.8%, 54.0%, 54.4%, 56.2%, 57.6%, 57.8%, 56.0%, 43.8%, 52.6%, 40.4%]",,,,
15,parallel,55,55,0.043768421,1.731041785,1.791461408,0.000111111,49.2875,"[36.6%, 50.6%, 45.6%, 39.2%, 51.8%, 46.2%, 47.8%, 54.0%, 54.4%, 56.2%, 57.6%, 57.8%, 56.0%, 43.8%, 52.6%, 38.4%]",,,,
15,weights,1,56,0.043768421,1.717250634,1.739831857,0.000111111,49.4375,"[36.6%, 50.6%, 45.6%, 39.2%, 51.8%, 46.2%, 47.8%, 54.0%, 54.4%, 56.2%, 57.6%, 57.8%, 56.0%, 43.8%, 52.6%, 40.8%]",,,,
15,weights,2,57,0.043768421,1.697345426,1.686933458,0.000111111,49.5375,"[36.6%, 50.6%, 45.6%, 39.2%, 51.8%, 46.2%, 47.8%, 54.0%, 54.4%, 56.2%, 57.6%, 57.8%, 56.0%, 43.8%, 52.6%, 42.4%]",,,,
15,weights,3,58,0.043768421,1.678540735,1.664192855,0.000111111,49.5875,"[36.6%, 50.6%, 45.6%, 39.2%, 51.8%, 46.2%, 47.8%, 54.0%, 54.4%, 56.2%, 57.6%, 57.8%, 56.0%, 43.8%, 52.6%, 43.2%]",,,,
15,weights,4,59,0.043768421,1.655635054,1.78760393,0.000111111,49.2375,"[36.6%, 50.6%, 45.6%, 39.2%, 51.8%, 46.2%, 47.8%, 54.0%, 54.4%, 56.2%, 57.6%, 57.8%, 56.0%, 43.8%, 52.6%, 37.6%]",,,,
15,weights,5,60,0.043768421,1.67261463,1.717979133,0.000111111,49.35,"[36.6%, 50.6%, 45.6%, 39.2%, 51.8%, 46.2%, 47.8%, 54.0%, 54.4%, 56.2%, 57.6%, 57.8%, 56.0%, 43.8%, 52.6%, 39.4%]",,,,
15,weights,6,61,0.043768421,1.642713091,1.626138397,0.000111111,49.4875,"[36.6%, 50.6%, 45.6%, 39.2%, 51.8%, 46.2%, 47.8%, 54.0%, 54.4%, 56.2%, 57.6%, 57.8%, 56.0%, 43.8%, 52.6%, 41.6%]",,,,
15,weights,7,62,0.043768421,1.623927217,1.605259538,0.000111111,49.6125,"[36.6%, 50.6%, 45.6%, 39.2%, 51.8%, 46.2%, 47.8%, 54.0%, 54.4%, 56.2%, 57.6%, 57.8%, 56.0%, 43.8%, 52.6%, 43.6%]",,,,
15,weights,8,63,0.043768421,1.618596831,1.6179699,0.000111111,49.525,"[36.6%, 50.6%, 45.6%, 39.2%, 51.8%, 46.2%, 47.8%, 54.0%, 54.4%, 56.2%, 57.6%, 57.8%, 56.0%, 43.8%, 52.6%, 42.2%]",,,,
15,weights,9,64,0.043768421,1.619047169,1.595679954,0.000111111,49.6625,"[36.6%, 50.6%, 45.6%, 39.2%, 51.8%, 46.2%, 47.8%, 54.0%, 54.4%, 56.2%, 57.6%, 57.8%, 56.0%, 43.8%, 52.6%, 44.4%]",,,,
15,weights,10,65,0.043768421,1.615639747,1.597644217,0.000111111,49.7125,"[36.6%, 50.6%, 45.6%, 39.2%, 51.8%, 46.2%, 47.8%, 54.0%, 54.4%, 56.2%, 57.6%, 57.8%, 56.0%, 43.8%, 52.6%, 45.2%]",,,,
15,weights,11,66,0.043768421,1.57666365,1.676355898,0.000111111,49.3625,"[36.6%, 50.6%, 45.6%, 39.2%, 51.8%, 46.2%, 47.8%, 54.0%, 54.4%, 56.2%, 57.6%, 57.8%, 56.0%, 43.8%, 52.6%, 39.6%]",,,,
15,weights,12,67,0.043768421,1.581880609,1.591888815,0.000111111,49.5375,"[36.6%, 50.6%, 45.6%, 39.2%, 51.8%, 46.2%, 47.8%, 54.0%, 54.4%, 56.2%, 57.6%, 57.8%, 56.0%, 43.8%, 52.6%, 42.4%]",,,,
15,weights,13,68,0.043768421,1.578878635,1.656842455,0.000111111,49.425,"[36.6%, 50.6%, 45.6%, 39.2%, 51.8%, 46.2%, 47.8%, 54.0%, 54.4%, 56.2%, 57.6%, 57.8%, 56.0%, 43.8%, 52.6%, 40.6%]",,,,
15,weights,14,69,0.043768421,1.574244027,1.599279471,0.000111111,49.5125,"[36.6%, 50.6%, 45.6%, 39.2%, 51.8%, 46.2%, 47.8%, 54.0%, 54.4%, 56.2%, 57.6%, 57.8%, 56.0%, 43.8%, 52.6%, 42.0%]",,,,
15,weights,15,70,0.043768421,1.565920063,1.598134696,0.000111111,49.5,"[36.6%, 50.6%, 45.6%, 39.2%, 51.8%, 46.2%, 47.8%, 54.0%, 54.4%, 56.2%, 57.6%, 57.8%, 56.0%, 43.8%, 52.6%, 41.8%]",,,,
15,weights,16,71,0.043768421,1.557660346,1.544058524,0.000111111,49.6875,"[36.6%, 50.6%, 45.6%, 39.2%, 51.8%, 46.2%, 47.8%, 54.0%, 54.4%, 56.2%, 57.6%, 57.8%, 56.0%, 43.8%, 52.6%, 44.8%]",,,,
15,weights,17,72,0.043768421,1.546647014,1.543173879,0.000111111,49.65,"[36.6%, 50.6%, 45.6%, 39.2%, 51.8%, 46.2%, 47.8%, 54.0%, 54.4%, 56.2%, 57.6%, 57.8%, 56.0%, 43.8%, 52.6%, 44.2%]",,,,
15,weights,18,73,0.043768421,1.535475942,1.612896442,0.000111111,49.675,"[36.6%, 50.6%, 45.6%, 39.2%, 51.8%, 46.2%, 47.8%, 54.0%, 54.4%, 56.2%, 57.6%, 57.8%, 56.0%, 43.8%, 52.6%, 44.6%]",,,,
15,weights,19,74,0.043768421,1.545405806,1.604526348,0.000111111,49.55,"[36.6%, 50.6%, 45.6%, 39.2%, 51.8%, 46.2%, 47.8%, 54.0%, 54.4%, 56.2%, 57.6%, 57.8%, 56.0%, 43.8%, 52.6%, 42.6%]",,,,
15,weights,20,75,0.043768421,1.548362577,1.553483658,0.000111111,49.675,"[36.6%, 50.6%, 45.6%, 39.2%, 51.8%, 46.2%, 47.8%, 54.0%, 54.4%, 56.2%, 57.6%, 57.8%, 56.0%, 43.8%, 52.6%, 44.6%]",,,,
15,weights,21,76,0.043768421,1.545611226,1.605599709,0.000111111,49.5,"[36.6%, 50.6%, 45.6%, 39.2%, 51.8%, 46.2%, 47.8%, 54.0%, 54.4%, 56.2%, 57.6%, 57.8%, 56.0%, 43.8%, 52.6%, 41.8%]",,,,
15,weights,22,77,0.043768421,1.521576679,1.538923368,0.000111111,49.75,"[36.6%, 50.6%, 45.6%, 39.2%, 51.8%, 46.2%, 47.8%, 54.0%, 54.4%, 56.2%, 57.6%, 57.8%, 56.0%, 43.8%, 52.6%, 45.8%]",,,,
15,weights,23,78,0.043768421,1.533929426,1.551784605,0.000111111,49.5625,"[36.6%, 50.6%, 45.6%, 39.2%, 51.8%, 46.2%, 47.8%, 54.0%, 54.4%, 56.2%, 57.6%, 57.8%, 56.0%, 43.8%, 52.6%, 42.8%]",,,,
15,weights,24,79,0.043768421,1.526099999,1.523805536,0.000111111,49.6125,"[36.6%, 50.6%, 45.6%, 39.2%, 51.8%, 46.2%, 47.8%, 54.0%, 54.4%, 56.2%, 57.6%, 57.8%, 56.0%, 43.8%, 52.6%, 43.6%]",,,,
15,weights,25,80,0.043768421,1.501196007,1.511965372,0.000111111,49.7375,"[36.6%, 50.6%, 45.6%, 39.2%, 51.8%, 46.2%, 47.8%, 54.0%, 54.4%, 56.2%, 57.6%, 57.8%, 56.0%, 43.8%, 52.6%, 45.6%]",19.4625,"[0.0%, 40.6%, 28.2%, 0.0%, 32.6%, 15.8%, 27.0%, 34.2%, 39.0%, 32.4%, 42.4%, 0.0%, 10.2%, 0.0%, 9.0%, 0.0%]",32.925,"[32.4%, 36.3%, 31%, 20.3%, 46.4%, 16.9%, 42.5%, 28.6%, 34.7%, 26.4%, 45.7%, 39.1%, 48%, 13.1%, 34%, 30.3%]"
16,parallel,1,1,0.2,18.08009562,12.71804738,0.000111111,46.87058824,"[36.6%, 50.6%, 45.8%, 39.4%, 51.8%, 46.2%, 47.8%, 54.0%, 54.4%, 56.4%, 57.8%, 57.8%, 56.0%, 43.4%, 52.6%, 46.2%, 0.0%]",,,,
16,parallel,2,2,0.2,9.984372815,7.341005921,0.000111111,46.84705882,"[36.6%, 50.6%, 45.6%, 39.2%, 51.8%, 46.2%, 47.8%, 54.0%, 54.4%, 56.4%, 57.8%, 57.8%, 56.0%, 43.6%, 52.4%, 46.2%, 0.0%]",,,,
16,parallel,3,3,0.2,5.140227273,3.291485876,0.000111111,46.74117647,"[36.6%, 50.6%, 45.2%, 38.8%, 51.8%, 46.2%, 47.8%, 54.0%, 54.4%, 56.4%, 57.4%, 57.8%, 56.0%, 43.2%, 52.2%, 46.2%, 0.0%]",,,,
16,parallel,4,4,0.2,2.702126346,2.447061688,0.000111111,47.31764706,"[36.6%, 50.6%, 45.2%, 38.6%, 51.8%, 46.2%, 47.8%, 54.0%, 54.4%, 56.4%, 57.4%, 57.8%, 56.0%, 43.2%, 52.2%, 46.2%, 10.0%]",,,,
16,parallel,5,5,0.196043588,2.486566848,2.399084747,0.000111111,47.32941176,"[36.6%, 50.6%, 45.4%, 38.6%, 51.8%, 46.2%, 47.8%, 54.0%, 54.4%, 56.4%, 57.4%, 57.8%, 56.0%, 43.2%, 52.2%, 46.2%, 10.0%]",,,,
16,parallel,6,6,0.189895182,2.395277944,2.344911784,0.000111111,47.32941176,"[36.6%, 50.6%, 45.4%, 38.6%, 51.8%, 46.2%, 47.8%, 54.0%, 54.4%, 56.4%, 57.4%, 57.8%, 56.0%, 43.2%, 52.2%, 46.2%, 10.0%]",,,,
16,parallel,7,7,0.183872595,2.338585395,2.330264688,0.000111111,47.32941176,"[36.6%, 50.6%, 45.4%, 38.6%, 51.8%, 46.2%, 47.8%, 54.0%, 54.4%, 56.4%, 57.4%, 57.8%, 56.0%, 43.2%, 52.2%, 46.2%, 10.0%]",,,,
16,parallel,8,8,0.177975828,2.325670903,2.320301861,0.000111111,47.32941176,"[36.6%, 50.6%, 45.4%, 38.6%, 51.8%, 46.2%, 47.8%, 54.0%, 54.4%, 56.4%, 57.4%, 57.8%, 56.0%, 43.2%, 52.2%, 46.2%, 10.0%]",,,,
16,parallel,9,9,0.172204879,2.311219089,2.270721585,0.000111111,47.61176471,"[36.6%, 50.6%, 45.4%, 38.6%, 51.8%, 46.2%, 47.8%, 54.0%, 54.4%, 56.4%, 57.4%, 57.8%, 56.0%, 43.2%, 52.2%, 46.2%, 14.8%]",,,,
16,parallel,10,10,0.166559749,2.242230361,2.238657743,0.000111111,47.69411765,"[36.6%, 50.6%, 45.4%, 38.6%, 51.8%, 46.2%, 47.8%, 54.0%, 54.4%, 56.4%, 57.4%, 57.8%, 56.0%, 43.2%, 52.2%, 46.2%, 16.2%]",,,,
16,parallel,11,11,0.161040438,2.154239739,2.072754353,0.000111111,47.89411765,"[36.6%, 50.6%, 45.4%, 38.6%, 51.8%, 46.2%, 47.8%, 54.0%, 54.4%, 56.4%, 57.4%, 57.8%, 56.0%, 43.2%, 52.2%, 46.2%, 19.6%]",,,,
16,parallel,12,12,0.155646946,2.079244701,2.245362699,0.000111111,47.74117647,"[36.6%, 50.6%, 45.4%, 38.6%, 51.8%, 46.2%, 47.8%, 54.0%, 54.4%, 56.4%, 57.4%, 57.8%, 56.0%, 43.2%, 52.2%, 46.2%, 17.0%]",,,,
16,parallel,13,13,0.150379273,2.044280816,1.949816599,0.000111111,48.34117647,"[36.6%, 50.6%, 45.4%, 38.6%, 51.8%, 46.2%, 47.8%, 54.0%, 54.4%, 56.4%, 57.4%, 57.8%, 56.0%, 43.2%, 52.2%, 46.2%, 27.2%]",,,,
16,parallel,14,14,0.145237419,1.9934401,1.976760373,0.000111111,48.44705882,"[36.6%, 50.6%, 45.4%, 38.6%, 51.8%, 46.2%, 47.8%, 54.0%, 54.4%, 56.4%, 57.4%, 57.8%, 56.0%, 43.2%, 52.2%, 46.2%, 29.0%]",,,,
16,parallel,15,15,0.140221384,1.952275056,1.928082198,0.000111111,48.48235294,"[36.6%, 50.6%, 45.4%, 38.6%, 51.8%, 46.2%, 47.8%, 54.0%, 54.4%, 56.4%, 57.4%, 57.8%, 56.0%, 43.2%, 52.2%, 46.2%, 29.6%]",,,,
16,parallel,16,16,0.135331168,1.858023455,1.764488816,0.000111111,48.75294118,"[36.6%, 50.6%, 45.4%, 38.6%, 51.8%, 46.2%, 47.8%, 54.0%, 54.4%, 56.4%, 57.4%, 57.8%, 56.0%, 43.2%, 52.2%, 46.2%, 34.2%]",,,,
16,parallel,17,17,0.130566771,1.894506272,1.813559264,0.000111111,48.54117647,"[36.6%, 50.6%, 45.4%, 38.6%, 51.8%, 46.2%, 47.8%, 54.0%, 54.4%, 56.4%, 57.4%, 57.8%, 56.0%, 43.2%, 52.2%, 46.2%, 30.6%]",,,,
16,parallel,18,18,0.125928192,1.780407963,1.692566529,0.000111111,49.05882353,"[36.6%, 50.6%, 45.4%, 38.6%, 51.8%, 46.2%, 47.8%, 54.0%, 54.4%, 56.4%, 57.4%, 57.8%, 56.0%, 43.2%, 52.2%, 46.2%, 39.4%]",,,,
16,parallel,19,19,0.121415433,1.803690681,1.667865917,0.000111111,49.22352941,"[36.6%, 50.6%, 45.4%, 38.6%, 51.8%, 46.2%, 47.8%, 54.0%, 54.4%, 56.4%, 57.4%, 57.8%, 56.0%, 43.2%, 52.2%, 46.2%, 42.2%]",,,,
16,parallel,20,20,0.117028493,1.762752032,1.741427004,0.000111111,49,"[36.6%, 50.6%, 45.4%, 38.6%, 51.8%, 46.2%, 47.8%, 54.0%, 54.4%, 56.4%, 57.4%, 57.8%, 56.0%, 43.2%, 52.2%, 46.2%, 38.4%]",,,,
16,parallel,21,21,0.112767371,1.705644343,1.611965373,0.000111111,49.25882353,"[36.6%, 50.6%, 45.4%, 38.6%, 51.8%, 46.2%, 47.8%, 54.0%, 54.4%, 56.4%, 57.4%, 57.8%, 56.0%, 43.2%, 52.2%, 46.2%, 42.8%]",,,,
16,parallel,22,22,0.108632069,1.717082695,1.657695144,0.000111111,49.28235294,"[36.6%, 50.6%, 45.4%, 38.6%, 51.8%, 46.2%, 47.8%, 54.0%, 54.4%, 56.4%, 57.4%, 57.8%, 56.0%, 43.2%, 52.2%, 46.2%, 43.2%]",,,,
16,parallel,23,23,0.104622585,1.659277088,1.671303988,0.000111111,49.21176471,"[36.6%, 50.6%, 45.4%, 38.6%, 51.8%, 46.2%, 47.8%, 54.0%, 54.4%, 56.4%, 57.4%, 57.8%, 56.0%, 43.2%, 52.2%, 46.2%, 42.0%]",,,,
16,parallel,24,24,0.10073892,1.616837358,1.686405964,0.000111111,49.16470588,"[36.6%, 50.6%, 45.4%, 38.6%, 51.8%, 46.2%, 47.8%, 54.0%, 54.4%, 56.4%, 57.4%, 57.8%, 56.0%, 43.2%, 52.2%, 46.2%, 41.2%]",,,,
16,parallel,25,25,0.096981075,1.627293259,1.594559468,0.000111111,49.27058824,"[36.6%, 50.6%, 45.4%, 38.6%, 51.8%, 46.2%, 47.8%, 54.0%, 54.4%, 56.4%, 57.4%, 57.8%, 56.0%, 43.2%, 52.2%, 46.2%, 43.0%]",,,,
16,parallel,26,26,0.093349048,1.592525345,1.60376554,0.000111111,49.35294118,"[36.6%, 50.6%, 45.4%, 38.6%, 51.8%, 46.2%, 47.8%, 54.0%, 54.4%, 56.4%, 57.4%, 57.8%, 56.0%, 43.2%, 52.2%, 46.2%, 44.4%]",,,,
16,parallel,27,27,0.08984284,1.556639558,1.600231104,0.000111111,49.34117647,"[36.6%, 50.6%, 45.4%, 38.6%, 51.8%, 46.2%, 47.8%, 54.0%, 54.4%, 56.4%, 57.4%, 57.8%, 56.0%, 43.2%, 52.2%, 46.2%, 44.2%]",,,,
16,parallel,28,28,0.086462452,1.565343719,1.69797986,0.000111111,49.27058824,"[36.6%, 50.6%, 45.4%, 38.6%, 51.8%, 46.2%, 47.8%, 54.0%, 54.4%, 56.4%, 57.4%, 57.8%, 56.0%, 43.2%, 52.2%, 46.2%, 43.0%]",,,,
16,parallel,29,29,0.083207882,1.608696888,1.467012241,0.000111111,49.69411765,"[36.6%, 50.6%, 45.4%, 38.6%, 51.8%, 46.2%, 47.8%, 54.0%, 54.4%, 56.4%, 57.4%, 57.8%, 56.0%, 43.2%, 52.2%, 46.2%, 50.2%]",,,,
16,parallel,30,30,0.080079131,1.564286235,1.561125293,0.000111111,49.45882353,"[36.6%, 50.6%, 45.4%, 38.6%, 51.8%, 46.2%, 47.8%, 54.0%, 54.4%, 56.4%, 57.4%, 57.8%, 56.0%, 43.2%, 52.2%, 46.2%, 46.2%]",,,,
16,parallel,31,31,0.077076199,1.607468951,1.740286544,0.000111111,49.2,"[36.6%, 50.6%, 45.4%, 38.6%, 51.8%, 46.2%, 47.8%, 54.0%, 54.4%, 56.4%, 57.4%, 57.8%, 56.0%, 43.2%, 52.2%, 46.2%, 41.8%]",,,,
16,parallel,32,32,0.074199086,1.614920236,1.644069433,0.000111111,49.23529412,"[36.6%, 50.6%, 45.4%, 38.6%, 51.8%, 46.2%, 47.8%, 54.0%, 54.4%, 56.4%, 57.4%, 57.8%, 56.0%, 43.2%, 52.2%, 46.2%, 42.4%]",,,,
16,parallel,33,33,0.071447792,1.539201481,1.46390149,0.000111111,49.57647059,"[36.6%, 50.6%, 45.4%, 38.6%, 51.8%, 46.2%, 47.8%, 54.0%, 54.4%, 56.4%, 57.4%, 57.8%, 56.0%, 43.2%, 52.2%, 46.2%, 48.2%]",,,,
16,parallel,34,34,0.068822317,1.538540811,1.456357643,0.000111111,49.74117647,"[36.6%, 50.6%, 45.4%, 38.6%, 51.8%, 46.2%, 47.8%, 54.0%, 54.4%, 56.4%, 57.4%, 57.8%, 56.0%, 43.2%, 52.2%, 46.2%, 51.0%]",,,,
16,parallel,35,35,0.06632266,1.515565367,1.546576142,0.000111111,49.34117647,"[36.6%, 50.6%, 45.4%, 38.6%, 51.8%, 46.2%, 47.8%, 54.0%, 54.4%, 56.4%, 57.4%, 57.8%, 56.0%, 43.2%, 52.2%, 46.2%, 44.2%]",,,,
16,parallel,36,36,0.063948823,1.50936992,1.430660337,0.000111111,49.6,"[36.6%, 50.6%, 45.4%, 38.6%, 51.8%, 46.2%, 47.8%, 54.0%, 54.4%, 56.4%, 57.4%, 57.8%, 56.0%, 43.2%, 52.2%, 46.2%, 48.6%]",,,,
16,parallel,37,37,0.061700805,1.76213902,1.633738101,0.000111111,49.16470588,"[36.6%, 50.6%, 45.4%, 38.6%, 51.8%, 46.2%, 47.8%, 54.0%, 54.4%, 56.4%, 57.4%, 57.8%, 56.0%, 43.2%, 52.2%, 46.2%, 41.2%]",,,,
16,parallel,38,38,0.059578606,1.649808924,1.533789076,0.000111111,49.47058824,"[36.6%, 50.6%, 45.4%, 38.6%, 51.8%, 46.2%, 47.8%, 54.0%, 54.4%, 56.4%, 57.4%, 57.8%, 56.0%, 43.2%, 52.2%, 46.2%, 46.4%]",,,,
16,parallel,39,39,0.057582225,1.602547849,1.520684808,0.000111111,49.50588235,"[36.6%, 50.6%, 45.4%, 38.6%, 51.8%, 46.2%, 47.8%, 54.0%, 54.4%, 56.4%, 57.4%, 57.8%, 56.0%, 43.2%, 52.2%, 46.2%, 47.0%]",,,,
16,parallel,40,40,0.055711664,1.572620301,1.697269917,0.000111111,49.24705882,"[36.6%, 50.6%, 45.4%, 38.6%, 51.8%, 46.2%, 47.8%, 54.0%, 54.4%, 56.4%, 57.4%, 57.8%, 56.0%, 43.2%, 52.2%, 46.2%, 42.6%]",,,,
16,parallel,41,41,0.053966921,1.697432809,1.525779285,0.000111111,49.65882353,"[36.6%, 50.6%, 45.4%, 38.6%, 51.8%, 46.2%, 47.8%, 54.0%, 54.4%, 56.4%, 57.4%, 57.8%, 56.0%, 43.2%, 52.2%, 46.2%, 49.6%]",,,,
16,parallel,42,42,0.052347998,1.584980046,1.541988559,0.000111111,49.51764706,"[36.6%, 50.6%, 45.4%, 38.6%, 51.8%, 46.2%, 47.8%, 54.0%, 54.4%, 56.4%, 57.4%, 57.8%, 56.0%, 43.2%, 52.2%, 46.2%, 47.2%]",,,,
16,parallel,43,43,0.050854893,1.565652153,1.463730708,0.000111111,49.70588235,"[36.6%, 50.6%, 45.4%, 38.6%, 51.8%, 46.2%, 47.8%, 54.0%, 54.4%, 56.4%, 57.4%, 57.8%, 56.0%, 43.2%, 52.2%, 46.2%, 50.4%]",,,,
16,parallel,44,44,0.049487607,1.588660602,1.594157629,0.000111111,49.32941176,"[36.6%, 50.6%, 45.4%, 38.6%, 51.8%, 46.2%, 47.8%, 54.0%, 54.4%, 56.4%, 57.4%, 57.8%, 56.0%, 43.2%, 52.2%, 46.2%, 44.0%]",,,,
16,parallel,45,45,0.048246141,1.557997634,1.513450891,0.000111111,49.49411765,"[36.6%, 50.6%, 45.4%, 38.6%, 51.8%, 46.2%, 47.8%, 54.0%, 54.4%, 56.4%, 57.4%, 57.8%, 56.0%, 43.2%, 52.2%, 46.2%, 46.8%]",,,,
16,parallel,46,46,0.047130493,1.517425317,1.5528391,0.000111111,49.6,"[36.6%, 50.6%, 45.4%, 38.6%, 51.8%, 46.2%, 47.8%, 54.0%, 54.4%, 56.4%, 57.4%, 57.8%, 56.0%, 43.2%, 52.2%, 46.2%, 48.6%]",,,,
16,parallel,47,47,0.046140664,2.266286384,2.055862427,0.000111111,48.48235294,"[36.6%, 50.6%, 45.4%, 38.6%, 51.8%, 46.2%, 47.8%, 54.0%, 54.4%, 56.4%, 57.4%, 57.8%, 56.0%, 43.2%, 52.2%, 46.2%, 29.6%]",,,,
16,parallel,48,48,0.045276654,2.021540032,1.93691127,0.000111111,48.61176471,"[36.6%, 50.6%, 45.4%, 38.6%, 51.8%, 46.2%, 47.8%, 54.0%, 54.4%, 56.4%, 57.4%, 57.8%, 56.0%, 43.2%, 52.2%, 46.2%, 31.8%]",,,,
16,parallel,49,49,0.044538463,1.953166286,1.869866669,0.000111111,48.89411765,"[36.6%, 50.6%, 45.4%, 38.6%, 51.8%, 46.2%, 47.8%, 54.0%, 54.4%, 56.4%, 57.4%, 57.8%, 56.0%, 43.2%, 52.2%, 46.2%, 36.6%]",,,,
16,parallel,50,50,0.043926091,1.85267154,1.751753315,0.000111111,49.01176471,"[36.6%, 50.6%, 45.4%, 38.6%, 51.8%, 46.2%, 47.8%, 54.0%, 54.4%, 56.4%, 57.4%, 57.8%, 56.0%, 43.2%, 52.2%, 46.2%, 38.6%]",,,,
16,parallel,51,51,0.043439538,1.790230867,1.711482882,0.000111111,49.17647059,"[36.6%, 50.6%, 45.4%, 38.6%, 51.8%, 46.2%, 47.8%, 54.0%, 54.4%, 56.4%, 57.4%, 57.8%, 56.0%, 43.2%, 52.2%, 46.2%, 41.4%]",,,,
16,parallel,52,52,0.043078804,1.753590089,1.664009824,0.000111111,49.31764706,"[36.6%, 50.6%, 45.4%, 38.6%, 51.8%, 46.2%, 47.8%, 54.0%, 54.4%, 56.4%, 57.4%, 57.8%, 56.0%, 43.2%, 52.2%, 46.2%, 43.8%]",,,,
16,parallel,53,53,0.042843889,1.963838494,1.754454106,0.000111111,48.89411765,"[36.6%, 50.6%, 45.4%, 38.6%, 51.8%, 46.2%, 47.8%, 54.0%, 54.4%, 56.4%, 57.4%, 57.8%, 56.0%, 43.2%, 52.2%, 46.2%, 36.6%]",,,,
16,parallel,54,54,0.042734793,1.76505918,1.727755412,0.000111111,49.15294118,"[36.6%, 50.6%, 45.4%, 38.6%, 51.8%, 46.2%, 47.8%, 54.0%, 54.4%, 56.4%, 57.4%, 57.8%, 56.0%, 43.2%, 52.2%, 46.2%, 41.0%]",,,,
16,parallel,55,55,0.042726316,1.720286618,1.701835304,0.000111111,49.28235294,"[36.6%, 50.6%, 45.4%, 38.6%, 51.8%, 46.2%, 47.8%, 54.0%, 54.4%, 56.4%, 57.4%, 57.8%, 56.0%, 43.2%, 52.2%, 46.2%, 43.2%]",,,,
16,weights,1,56,0.042726316,1.683296359,1.666846305,0.000111111,49.15294118,"[36.6%, 50.6%, 45.4%, 38.6%, 51.8%, 46.2%, 47.8%, 54.0%, 54.4%, 56.4%, 57.4%, 57.8%, 56.0%, 43.2%, 52.2%, 46.2%, 41.0%]",,,,
16,weights,2,57,0.042726316,1.654360967,1.594104722,0.000111111,49.31764706,"[36.6%, 50.6%, 45.4%, 38.6%, 51.8%, 46.2%, 47.8%, 54.0%, 54.4%, 56.4%, 57.4%, 57.8%, 56.0%, 43.2%, 52.2%, 46.2%, 43.8%]",,,,
16,weights,3,58,0.042726316,1.61969777,1.568783298,0.000111111,49.43529412,"[36.6%, 50.6%, 45.4%, 38.6%, 51.8%, 46.2%, 47.8%, 54.0%, 54.4%, 56.4%, 57.4%, 57.8%, 56.0%, 43.2%, 52.2%, 46.2%, 45.8%]",,,,
16,weights,4,59,0.042726316,1.618610255,1.613276936,0.000111111,49.41176471,"[36.6%, 50.6%, 45.4%, 38.6%, 51.8%, 46.2%, 47.8%, 54.0%, 54.4%, 56.4%, 57.4%, 57.8%, 56.0%, 43.2%, 52.2%, 46.2%, 45.4%]",,,,
16,weights,5,60,0.042726316,1.605316216,1.500635311,0.000111111,49.45882353,"[36.6%, 50.6%, 45.4%, 38.6%, 51.8%, 46.2%, 47.8%, 54.0%, 54.4%, 56.4%, 57.4%, 57.8%, 56.0%, 43.2%, 52.2%, 46.2%, 46.2%]",,,,
16,weights,6,61,0.042726316,1.583848976,1.52703613,0.000111111,49.43529412,"[36.6%, 50.6%, 45.4%, 38.6%, 51.8%, 46.2%, 47.8%, 54.0%, 54.4%, 56.4%, 57.4%, 57.8%, 56.0%, 43.2%, 52.2%, 46.2%, 45.8%]",,,,
16,weights,7,62,0.042726316,1.592753827,1.549019806,0.000111111,49.45882353,"[36.6%, 50.6%, 45.4%, 38.6%, 51.8%, 46.2%, 47.8%, 54.0%, 54.4%, 56.4%, 57.4%, 57.8%, 56.0%, 43.2%, 52.2%, 46.2%, 46.2%]",,,,
16,weights,8,63,0.042726316,1.547684713,1.569694497,0.000111111,49.49411765,"[36.6%, 50.6%, 45.4%, 38.6%, 51.8%, 46.2%, 47.8%, 54.0%, 54.4%, 56.4%, 57.4%, 57.8%, 56.0%, 43.2%, 52.2%, 46.2%, 46.8%]",,,,
16,weights,9,64,0.042726316,1.57253941,1.500427127,0.000111111,49.64705882,"[36.6%, 50.6%, 45.4%, 38.6%, 51.8%, 46.2%, 47.8%, 54.0%, 54.4%, 56.4%, 57.4%, 57.8%, 56.0%, 43.2%, 52.2%, 46.2%, 49.4%]",,,,
16,weights,10,65,0.042726316,1.531433442,1.548302874,0.000111111,49.56470588,"[36.6%, 50.6%, 45.4%, 38.6%, 51.8%, 46.2%, 47.8%, 54.0%, 54.4%, 56.4%, 57.4%, 57.8%, 56.0%, 43.2%, 52.2%, 46.2%, 48.0%]",,,,
16,weights,11,66,0.042726316,1.516939649,1.473880105,0.000111111,49.75294118,"[36.6%, 50.6%, 45.4%, 38.6%, 51.8%, 46.2%, 47.8%, 54.0%, 54.4%, 56.4%, 57.4%, 57.8%, 56.0%, 43.2%, 52.2%, 46.2%, 51.2%]",,,,
16,weights,12,67,0.042726316,1.521261917,1.541724004,0.000111111,49.55294118,"[36.6%, 50.6%, 45.4%, 38.6%, 51.8%, 46.2%, 47.8%, 54.0%, 54.4%, 56.4%, 57.4%, 57.8%, 56.0%, 43.2%, 52.2%, 46.2%, 47.8%]",,,,
16,weights,13,68,0.042726316,1.513229692,1.540475152,0.000111111,49.47058824,"[36.6%, 50.6%, 45.4%, 38.6%, 51.8%, 46.2%, 47.8%, 54.0%, 54.4%, 56.4%, 57.4%, 57.8%, 56.0%, 43.2%, 52.2%, 46.2%, 46.4%]",,,,
16,weights,14,69,0.042726316,1.499548422,1.463164292,0.000111111,49.70588235,"[36.6%, 50.6%, 45.4%, 38.6%, 51.8%, 46.2%, 47.8%, 54.0%, 54.4%, 56.4%, 57.4%, 57.8%, 56.0%, 43.2%, 52.2%, 46.2%, 50.4%]",,,,
16,weights,15,70,0.042726316,1.490743144,1.46887169,0.000111111,49.63529412,"[36.6%, 50.6%, 45.4%, 38.6%, 51.8%, 46.2%, 47.8%, 54.0%, 54.4%, 56.4%, 57.4%, 57.8%, 56.0%, 43.2%, 52.2%, 46.2%, 49.2%]",,,,
16,weights,16,71,0.042726316,1.483756468,1.491771713,0.000111111,49.57647059,"[36.6%, 50.6%, 45.4%, 38.6%, 51.8%, 46.2%, 47.8%, 54.0%, 54.4%, 56.4%, 57.4%, 57.8%, 56.0%, 43.2%, 52.2%, 46.2%, 48.2%]",,,,
16,weights,17,72,0.042726316,1.468262369,1.427900806,0.000111111,49.67058824,"[36.6%, 50.6%, 45.4%, 38.6%, 51.8%, 46.2%, 47.8%, 54.0%, 54.4%, 56.4%, 57.4%, 57.8%, 56.0%, 43.2%, 52.2%, 46.2%, 49.8%]",,,,
16,weights,18,73,0.042726316,1.464690856,1.408743776,0.000111111,49.74117647,"[36.6%, 50.6%, 45.4%, 38.6%, 51.8%, 46.2%, 47.8%, 54.0%, 54.4%, 56.4%, 57.4%, 57.8%, 56.0%, 43.2%, 52.2%, 46.2%, 51.0%]",,,,
16,weights,19,74,0.042726316,1.45560805,1.557041921,0.000111111,49.50588235,"[36.6%, 50.6%, 45.4%, 38.6%, 51.8%, 46.2%, 47.8%, 54.0%, 54.4%, 56.4%, 57.4%, 57.8%, 56.0%, 43.2%, 52.2%, 46.2%, 47.0%]",,,,
16,weights,20,75,0.042726316,1.445089082,1.419395469,0.000111111,49.74117647,"[36.6%, 50.6%, 45.4%, 38.6%, 51.8%, 46.2%, 47.8%, 54.0%, 54.4%, 56.4%, 57.4%, 57.8%, 56.0%, 43.2%, 52.2%, 46.2%, 51.0%]",,,,
16,weights,21,76,0.042726316,1.448797679,1.446370088,0.000111111,49.67058824,"[36.6%, 50.6%, 45.4%, 38.6%, 51.8%, 46.2%, 47.8%, 54.0%, 54.4%, 56.4%, 57.4%, 57.8%, 56.0%, 43.2%, 52.2%, 46.2%, 49.8%]",,,,
16,weights,22,77,0.042726316,1.424282813,1.366749026,0.000111111,49.85882353,"[36.6%, 50.6%, 45.4%, 38.6%, 51.8%, 46.2%, 47.8%, 54.0%, 54.4%, 56.4%, 57.4%, 57.8%, 56.0%, 43.2%, 52.2%, 46.2%, 53.0%]",,,,
16,weights,23,78,0.042726316,1.448253312,1.388919279,0.000111111,49.88235294,"[36.6%, 50.6%, 45.4%, 38.6%, 51.8%, 46.2%, 47.8%, 54.0%, 54.4%, 56.4%, 57.4%, 57.8%, 56.0%, 43.2%, 52.2%, 46.2%, 53.4%]",,,,
16,weights,24,79,0.042726316,1.434081469,1.382691778,0.000111111,49.76470588,"[36.6%, 50.6%, 45.4%, 38.6%, 51.8%, 46.2%, 47.8%, 54.0%, 54.4%, 56.4%, 57.4%, 57.8%, 56.0%, 43.2%, 52.2%, 46.2%, 51.4%]",,,,
16,weights,25,80,0.042726316,1.429902979,1.374511674,0.000111111,49.70588235,"[36.6%, 50.6%, 45.4%, 38.6%, 51.8%, 46.2%, 47.8%, 54.0%, 54.4%, 56.4%, 57.4%, 57.8%, 56.0%, 43.2%, 52.2%, 46.2%, 50.4%]",18.34117647,"[0.0%, 40.6%, 28.6%, 0.0%, 32.6%, 15.8%, 27.0%, 34.2%, 39.0%, 32.6%, 42.2%, 0.0%, 10.2%, 0.0%, 9.0%, 0.0%, 0.0%]",31.53529412,"[33.6%, 35.7%, 31.6%, 20.9%, 46.9%, 16.9%, 36.8%, 28.5%, 34.9%, 25.6%, 45%, 38.9%, 45.3%, 3.3%, 25.3%, 30.7%, 36.6%]"
17,parallel,1,1,0.15,14.16023623,9.80964601,0.000111111,46.94444444,"[36.6%, 50.6%, 45.4%, 38.6%, 51.8%, 46.2%, 47.8%, 54.0%, 54.4%, 56.4%, 57.4%, 57.8%, 56.0%, 43.2%, 52.2%, 46.2%, 50.4%, 0.0%]",,,,
17,parallel,2,2,0.15,7.940164168,5.992615759,0.000111111,46.94444444,"[36.6%, 50.6%, 45.4%, 38.6%, 51.8%, 46.2%, 47.8%, 54.0%, 54.4%, 56.4%, 57.4%, 57.8%, 56.0%, 43.2%, 52.2%, 46.2%, 50.4%, 0.0%]",,,,
17,parallel,3,3,0.15,4.411219105,3.154819399,0.000111111,46.94444444,"[36.6%, 50.6%, 45.4%, 38.6%, 51.8%, 46.2%, 47.8%, 54.0%, 54.4%, 56.4%, 57.4%, 57.8%, 56.0%, 43.2%, 52.2%, 46.2%, 50.4%, 0.0%]",,,,
17,parallel,4,4,0.15,2.712777346,2.46204716,0.000111111,47.5,"[36.6%, 50.6%, 45.4%, 38.6%, 51.8%, 46.2%, 47.8%, 54.0%, 54.4%, 56.4%, 57.4%, 57.8%, 56.0%, 43.2%, 52.2%, 46.2%, 50.4%, 10.0%]",,,,
17,parallel,5,5,0.147275184,2.441034987,2.39103511,0.000111111,47.44444444,"[36.6%, 50.6%, 45.4%, 38.6%, 51.8%, 46.2%, 47.8%, 54.0%, 54.4%, 56.4%, 57.4%, 57.8%, 56.0%, 43.2%, 52.2%, 46.2%, 50.4%, 9.0%]",,,,
17,parallel,6,6,0.143040722,2.367581304,2.345613688,0.000111111,47.53333333,"[36.6%, 50.6%, 45.4%, 38.6%, 51.8%, 46.2%, 47.8%, 54.0%, 54.4%, 56.4%, 57.4%, 57.8%, 56.0%, 43.2%, 52.2%, 46.2%, 50.4%, 10.6%]",,,,
17,parallel,7,7,0.138892913,2.342822941,2.335467428,0.000111111,47.48888889,"[36.6%, 50.6%, 45.4%, 38.6%, 51.8%, 46.2%, 47.8%, 54.0%, 54.4%, 56.4%, 57.4%, 57.8%, 56.0%, 43.2%, 52.2%, 46.2%, 50.4%, 9.8%]",,,,
17,parallel,8,8,0.134831756,2.331472071,2.325067878,0.000111111,47.5,"[36.6%, 50.6%, 45.4%, 38.6%, 51.8%, 46.2%, 47.8%, 54.0%, 54.4%, 56.4%, 57.4%, 57.8%, 56.0%, 43.2%, 52.2%, 46.2%, 50.4%, 10.0%]",,,,
17,parallel,9,9,0.130857252,2.367074091,2.36827904,0.000111111,47.5,"[36.6%, 50.6%, 45.4%, 38.6%, 51.8%, 46.2%, 47.8%, 54.0%, 54.4%, 56.4%, 57.4%, 57.8%, 56.0%, 43.2%, 52.2%, 46.2%, 50.4%, 10.0%]",,,,
17,parallel,10,10,0.126969401,2.35388043,2.341158569,0.000111111,47.5,"[36.6%, 50.6%, 45.4%, 38.6%, 51.8%, 46.2%, 47.8%, 54.0%, 54.4%, 56.4%, 57.4%, 57.8%, 56.0%, 43.2%, 52.2%, 46.2%, 50.4%, 10.0%]",,,,
17,parallel,11,11,0.123168202,2.357856977,2.341634065,0.000111111,47.66666667,"[36.6%, 50.6%, 45.4%, 38.6%, 51.8%, 46.2%, 47.8%, 54.0%, 54.4%, 56.4%, 57.4%, 57.8%, 56.0%, 43.2%, 52.2%, 46.2%, 50.4%, 13.0%]",,,,
17,parallel,12,12,0.119453656,2.336058191,2.323678851,0.000111111,47.55555556,"[36.6%, 50.6%, 45.4%, 38.6%, 51.8%, 46.2%, 47.8%, 54.0%, 54.4%, 56.4%, 57.4%, 57.8%, 56.0%, 43.2%, 52.2%, 46.2%, 50.4%, 11.0%]",,,,
17,parallel,13,13,0.115825763,2.31870909,2.294787347,0.000111111,47.75555556,"[36.6%, 50.6%, 45.4%, 38.6%, 51.8%, 46.2%, 47.8%, 54.0%, 54.4%, 56.4%, 57.4%, 57.8%, 56.0%, 43.2%, 52.2%, 46.2%, 50.4%, 14.6%]",,,,
17,parallel,14,14,0.112284522,2.275077775,2.26583834,0.000111111,47.81111111,"[36.6%, 50.6%, 45.4%, 38.6%, 51.8%, 46.2%, 47.8%, 54.0%, 54.4%, 56.4%, 57.4%, 57.8%, 56.0%, 43.2%, 52.2%, 46.2%, 50.4%, 15.6%]",,,,
17,parallel,15,15,0.108829934,2.245319481,2.218946338,0.000111111,47.9,"[36.6%, 50.6%, 45.4%, 38.6%, 51.8%, 46.2%, 47.8%, 54.0%, 54.4%, 56.4%, 57.4%, 57.8%, 56.0%, 43.2%, 52.2%, 46.2%, 50.4%, 17.2%]",,,,
17,parallel,16,16,0.105461998,2.186765876,2.147360668,0.000111111,48.12222222,"[36.6%, 50.6%, 45.4%, 38.6%, 51.8%, 46.2%, 47.8%, 54.0%, 54.4%, 56.4%, 57.4%, 57.8%, 56.0%, 43.2%, 52.2%, 46.2%, 50.4%, 21.2%]",,,,
17,parallel,17,17,0.102180715,2.143432964,2.069102734,0.000111111,48.15555556,"[36.6%, 50.6%, 45.4%, 38.6%, 51.8%, 46.2%, 47.8%, 54.0%, 54.4%, 56.4%, 57.4%, 57.8%, 56.0%, 43.2%, 52.2%, 46.2%, 50.4%, 21.8%]",,,,
17,parallel,18,18,0.098986085,2.074166784,2.036493123,0.000111111,48.22222222,"[36.6%, 50.6%, 45.4%, 38.6%, 51.8%, 46.2%, 47.8%, 54.0%, 54.4%, 56.4%, 57.4%, 57.8%, 56.0%, 43.2%, 52.2%, 46.2%, 50.4%, 23.0%]",,,,
17,parallel,19,19,0.095878108,1.970150101,1.917118698,0.000111111,48.54444444,"[36.6%, 50.6%, 45.4%, 38.6%, 51.8%, 46.2%, 47.8%, 54.0%, 54.4%, 56.4%, 57.4%, 57.8%, 56.0%, 43.2%, 52.2%, 46.2%, 50.4%, 28.8%]",,,,
17,parallel,20,20,0.092856783,2.02929673,1.904070631,0.000111111,48.73333333,"[36.6%, 50.6%, 45.4%, 38.6%, 51.8%, 46.2%, 47.8%, 54.0%, 54.4%, 56.4%, 57.4%, 57.8%, 56.0%, 43.2%, 52.2%, 46.2%, 50.4%, 32.2%]",,,,
17,parallel,21,21,0.08992211,1.934460462,1.850805804,0.000111111,48.53333333,"[36.6%, 50.6%, 45.4%, 38.6%, 51.8%, 46.2%, 47.8%, 54.0%, 54.4%, 56.4%, 57.4%, 57.8%, 56.0%, 43.2%, 52.2%, 46.2%, 50.4%, 28.6%]",,,,
17,parallel,22,22,0.08707409,1.899087501,1.82922034,0.000111111,48.76666667,"[36.6%, 50.6%, 45.4%, 38.6%, 51.8%, 46.2%, 47.8%, 54.0%, 54.4%, 56.4%, 57.4%, 57.8%, 56.0%, 43.2%, 52.2%, 46.2%, 50.4%, 32.8%]",,,,
17,parallel,23,23,0.084312723,1.896409933,1.824716151,0.000111111,48.87777778,"[36.6%, 50.6%, 45.4%, 38.6%, 51.8%, 46.2%, 47.8%, 54.0%, 54.4%, 56.4%, 57.4%, 57.8%, 56.0%, 43.2%, 52.2%, 46.2%, 50.4%, 34.8%]",,,,
17,parallel,24,24,0.081638009,1.839224292,1.753270969,0.000111111,49.05555556,"[36.6%, 50.6%, 45.4%, 38.6%, 51.8%, 46.2%, 47.8%, 54.0%, 54.4%, 56.4%, 57.4%, 57.8%, 56.0%, 43.2%, 52.2%, 46.2%, 50.4%, 38.0%]",,,,
17,parallel,25,25,0.079049947,1.828343583,1.823915482,0.000111111,48.85555556,"[36.6%, 50.6%, 45.4%, 38.6%, 51.8%, 46.2%, 47.8%, 54.0%, 54.4%, 56.4%, 57.4%, 57.8%, 56.0%, 43.2%, 52.2%, 46.2%, 50.4%, 34.4%]",,,,
17,parallel,26,26,0.076548538,1.888298958,1.747602522,0.000111111,48.93333333,"[36.6%, 50.6%, 45.4%, 38.6%, 51.8%, 46.2%, 47.8%, 54.0%, 54.4%, 56.4%, 57.4%, 57.8%, 56.0%, 43.2%, 52.2%, 46.2%, 50.4%, 35.8%]",,,,
17,parallel,27,27,0.074133781,1.829518789,1.736664131,0.000111111,49.17777778,"[36.6%, 50.6%, 45.4%, 38.6%, 51.8%, 46.2%, 47.8%, 54.0%, 54.4%, 56.4%, 57.4%, 57.8%, 56.0%, 43.2%, 52.2%, 46.2%, 50.4%, 40.2%]",,,,
17,parallel,28,28,0.071805677,1.772846613,1.693362072,0.000111111,49.08888889,"[36.6%, 50.6%, 45.4%, 38.6%, 51.8%, 46.2%, 47.8%, 54.0%, 54.4%, 56.4%, 57.4%, 57.8%, 56.0%, 43.2%, 52.2%, 46.2%, 50.4%, 38.6%]",,,,
17,parallel,29,29,0.069564226,1.806089655,1.702903017,0.000111111,49.07777778,"[36.6%, 50.6%, 45.4%, 38.6%, 51.8%, 46.2%, 47.8%, 54.0%, 54.4%, 56.4%, 57.4%, 57.8%, 56.0%, 43.2%, 52.2%, 46.2%, 50.4%, 38.4%]",,,,
17,parallel,30,30,0.067409427,1.760681662,1.69754757,0.000111111,49.06666667,"[36.6%, 50.6%, 45.4%, 38.6%, 51.8%, 46.2%, 47.8%, 54.0%, 54.4%, 56.4%, 57.4%, 57.8%, 56.0%, 43.2%, 52.2%, 46.2%, 50.4%, 38.2%]",,,,
17,parallel,31,31,0.065341281,1.754589698,1.615233853,0.000111111,49.16666667,"[36.6%, 50.6%, 45.4%, 38.6%, 51.8%, 46.2%, 47.8%, 54.0%, 54.4%, 56.4%, 57.4%, 57.8%, 56.0%, 43.2%, 52.2%, 46.2%, 50.4%, 40.0%]",,,,
17,parallel,32,32,0.063359788,1.708280378,1.597615734,0.000111111,49.22222222,"[36.6%, 50.6%, 45.4%, 38.6%, 51.8%, 46.2%, 47.8%, 54.0%, 54.4%, 56.4%, 57.4%, 57.8%, 56.0%, 43.2%, 52.2%, 46.2%, 50.4%, 41.0%]",,,,
17,parallel,33,33,0.061464947,2.006320895,1.850194752,0.000111111,48.87777778,"[36.6%, 50.6%, 45.4%, 38.6%, 51.8%, 46.2%, 47.8%, 54.0%, 54.4%, 56.4%, 57.4%, 57.8%, 56.0%, 43.2%, 52.2%, 46.2%, 50.4%, 34.8%]",,,,
17,parallel,34,34,0.059656759,1.851660478,1.697835475,0.000111111,49.05555556,"[36.6%, 50.6%, 45.4%, 38.6%, 51.8%, 46.2%, 47.8%, 54.0%, 54.4%, 56.4%, 57.4%, 57.8%, 56.0%, 43.2%, 52.2%, 46.2%, 50.4%, 38.0%]",,,,
17,parallel,35,35,0.057935224,1.786585589,1.718538992,0.000111111,49.08888889,"[36.6%, 50.6%, 45.4%, 38.6%, 51.8%, 46.2%, 47.8%, 54.0%, 54.4%, 56.4%, 57.4%, 57.8%, 56.0%, 43.2%, 52.2%, 46.2%, 50.4%, 38.6%]",,,,
17,parallel,36,36,0.056300341,1.736716112,1.651431948,0.000111111,49.2,"[36.6%, 50.6%, 45.4%, 38.6%, 51.8%, 46.2%, 47.8%, 54.0%, 54.4%, 56.4%, 57.4%, 57.8%, 56.0%, 43.2%, 52.2%, 46.2%, 50.4%, 40.6%]",,,,
17,parallel,37,37,0.05475211,1.692765649,1.60995701,0.000111111,49.21111111,"[36.6%, 50.6%, 45.4%, 38.6%, 51.8%, 46.2%, 47.8%, 54.0%, 54.4%, 56.4%, 57.4%, 57.8%, 56.0%, 43.2%, 52.2%, 46.2%, 50.4%, 40.8%]",,,,
17,parallel,38,38,0.053290533,1.790577193,1.64421466,0.000111111,49.13333333,"[36.6%, 50.6%, 45.4%, 38.6%, 51.8%, 46.2%, 47.8%, 54.0%, 54.4%, 56.4%, 57.4%, 57.8%, 56.0%, 43.2%, 52.2%, 46.2%, 50.4%, 39.4%]",,,,
17,parallel,39,39,0.051915608,1.715147495,1.640809476,0.000111111,49.26666667,"[36.6%, 50.6%, 45.4%, 38.6%, 51.8%, 46.2%, 47.8%, 54.0%, 54.4%, 56.4%, 57.4%, 57.8%, 56.0%, 43.2%, 52.2%, 46.2%, 50.4%, 41.8%]",,,,
17,parallel,40,40,0.050627336,1.787410526,1.840314984,0.000111111,49.07777778,"[36.6%, 50.6%, 45.4%, 38.6%, 51.8%, 46.2%, 47.8%, 54.0%, 54.4%, 56.4%, 57.4%, 57.8%, 56.0%, 43.2%, 52.2%, 46.2%, 50.4%, 38.4%]",,,,
17,parallel,41,41,0.049425716,1.757421166,1.62302649,0.000111111,49.46666667,"[36.6%, 50.6%, 45.4%, 38.6%, 51.8%, 46.2%, 47.8%, 54.0%, 54.4%, 56.4%, 57.4%, 57.8%, 56.0%, 43.2%, 52.2%, 46.2%, 50.4%, 45.4%]",,,,
17,parallel,42,42,0.048310749,1.72970291,1.720602259,0.000111111,49.11111111,"[36.6%, 50.6%, 45.4%, 38.6%, 51.8%, 46.2%, 47.8%, 54.0%, 54.4%, 56.4%, 57.4%, 57.8%, 56.0%, 43.2%, 52.2%, 46.2%, 50.4%, 39.0%]",,,,
17,parallel,43,43,0.047282434,1.677921392,1.609329775,0.000111111,49.14444444,"[36.6%, 50.6%, 45.4%, 38.6%, 51.8%, 46.2%, 47.8%, 54.0%, 54.4%, 56.4%, 57.4%, 57.8%, 56.0%, 43.2%, 52.2%, 46.2%, 50.4%, 39.6%]",,,,
17,parallel,44,44,0.046340772,2.04733082,1.938949227,0.000111111,48.72222222,"[36.6%, 50.6%, 45.4%, 38.6%, 51.8%, 46.2%, 47.8%, 54.0%, 54.4%, 56.4%, 57.4%, 57.8%, 56.0%, 43.2%, 52.2%, 46.2%, 50.4%, 32.0%]",,,,
17,parallel,45,45,0.045485763,1.906371536,1.826744437,0.000111111,48.78888889,"[36.6%, 50.6%, 45.4%, 38.6%, 51.8%, 46.2%, 47.8%, 54.0%, 54.4%, 56.4%, 57.4%, 57.8%, 56.0%, 43.2%, 52.2%, 46.2%, 50.4%, 33.2%]",,,,
17,parallel,46,46,0.044717407,1.846983741,1.792394862,0.000111111,48.92222222,"[36.6%, 50.6%, 45.4%, 38.6%, 51.8%, 46.2%, 47.8%, 54.0%, 54.4%, 56.4%, 57.4%, 57.8%, 56.0%, 43.2%, 52.2%, 46.2%, 50.4%, 35.6%]",,,,
17,parallel,47,47,0.044035703,1.820979725,1.752827883,0.000111111,48.93333333,"[36.6%, 50.6%, 45.4%, 38.6%, 51.8%, 46.2%, 47.8%, 54.0%, 54.4%, 56.4%, 57.4%, 57.8%, 56.0%, 43.2%, 52.2%, 46.2%, 50.4%, 35.8%]",,,,
17,parallel,48,48,0.043440651,1.812365517,1.764894128,0.000111111,49.08888889,"[36.6%, 50.6%, 45.4%, 38.6%, 51.8%, 46.2%, 47.8%, 54.0%, 54.4%, 56.4%, 57.4%, 57.8%, 56.0%, 43.2%, 52.2%, 46.2%, 50.4%, 38.6%]",,,,
17,parallel,49,49,0.042932253,1.784105577,1.750578627,0.000111111,49.04444444,"[36.6%, 50.6%, 45.4%, 38.6%, 51.8%, 46.2%, 47.8%, 54.0%, 54.4%, 56.4%, 57.4%, 57.8%, 56.0%, 43.2%, 52.2%, 46.2%, 50.4%, 37.8%]",,,,
17,parallel,50,50,0.042510507,1.790356971,1.759125799,0.000111111,48.96666667,"[36.6%, 50.6%, 45.4%, 38.6%, 51.8%, 46.2%, 47.8%, 54.0%, 54.4%, 56.4%, 57.4%, 57.8%, 56.0%, 43.2%, 52.2%, 46.2%, 50.4%, 36.4%]",,,,
17,parallel,51,51,0.042175413,1.775308689,1.691843227,0.000111111,49.14444444,"[36.6%, 50.6%, 45.4%, 38.6%, 51.8%, 46.2%, 47.8%, 54.0%, 54.4%, 56.4%, 57.4%, 57.8%, 56.0%, 43.2%, 52.2%, 46.2%, 50.4%, 39.6%]",,,,
17,parallel,52,52,0.041926973,1.740180287,1.709636003,0.000111111,49.1,"[36.6%, 50.6%, 45.4%, 38.6%, 51.8%, 46.2%, 47.8%, 54.0%, 54.4%, 56.4%, 57.4%, 57.8%, 56.0%, 43.2%, 52.2%, 46.2%, 50.4%, 38.8%]",,,,
17,parallel,53,53,0.041765184,1.725559206,1.666197464,0.000111111,49.25555556,"[36.6%, 50.6%, 45.4%, 38.6%, 51.8%, 46.2%, 47.8%, 54.0%, 54.4%, 56.4%, 57.4%, 57.8%, 56.0%, 43.2%, 52.2%, 46.2%, 50.4%, 41.6%]",,,,
17,parallel,54,54,0.041690049,1.720275366,1.665688232,0.000111111,49.22222222,"[36.6%, 50.6%, 45.4%, 38.6%, 51.8%, 46.2%, 47.8%, 54.0%, 54.4%, 56.4%, 57.4%, 57.8%, 56.0%, 43.2%, 52.2%, 46.2%, 50.4%, 41.0%]",,,,
17,parallel,55,55,0.041684211,1.732077242,1.643059373,0.000111111,49.24444444,"[36.6%, 50.6%, 45.4%, 38.6%, 51.8%, 46.2%, 47.8%, 54.0%, 54.4%, 56.4%, 57.4%, 57.8%, 56.0%, 43.2%, 52.2%, 46.2%, 50.4%, 41.4%]",,,,
17,weights,1,56,0.041684211,1.707236245,1.671392828,0.000111111,49.11111111,"[36.6%, 50.6%, 45.4%, 38.6%, 51.8%, 46.2%, 47.8%, 54.0%, 54.4%, 56.4%, 57.4%, 57.8%, 56.0%, 43.2%, 52.2%, 46.2%, 50.4%, 39.0%]",,,,
17,weights,2,57,0.041684211,1.709065234,1.660091147,0.000111111,49.27777778,"[36.6%, 50.6%, 45.4%, 38.6%, 51.8%, 46.2%, 47.8%, 54.0%, 54.4%, 56.4%, 57.4%, 57.8%, 56.0%, 43.2%, 52.2%, 46.2%, 50.4%, 42.0%]",,,,
17,weights,3,58,0.041684211,1.688336866,1.639678806,0.000111111,49.18888889,"[36.6%, 50.6%, 45.4%, 38.6%, 51.8%, 46.2%, 47.8%, 54.0%, 54.4%, 56.4%, 57.4%, 57.8%, 56.0%, 43.2%, 52.2%, 46.2%, 50.4%, 40.4%]",,,,
17,weights,4,59,0.041684211,1.682177316,1.621405438,0.000111111,49.21111111,"[36.6%, 50.6%, 45.4%, 38.6%, 51.8%, 46.2%, 47.8%, 54.0%, 54.4%, 56.4%, 57.4%, 57.8%, 56.0%, 43.2%, 52.2%, 46.2%, 50.4%, 40.8%]",,,,
17,weights,5,60,0.041684211,1.686293638,1.652049512,0.000111111,49.23333333,"[36.6%, 50.6%, 45.4%, 38.6%, 51.8%, 46.2%, 47.8%, 54.0%, 54.4%, 56.4%, 57.4%, 57.8%, 56.0%, 43.2%, 52.2%, 46.2%, 50.4%, 41.2%]",,,,
17,weights,6,61,0.041684211,1.669899624,1.612466246,0.000111111,49.28888889,"[36.6%, 50.6%, 45.4%, 38.6%, 51.8%, 46.2%, 47.8%, 54.0%, 54.4%, 56.4%, 57.4%, 57.8%, 56.0%, 43.2%, 52.2%, 46.2%, 50.4%, 42.2%]",,,,
17,weights,7,62,0.041684211,1.671435308,1.643288359,0.000111111,49.31111111,"[36.6%, 50.6%, 45.4%, 38.6%, 51.8%, 46.2%, 47.8%, 54.0%, 54.4%, 56.4%, 57.4%, 57.8%, 56.0%, 43.2%, 52.2%, 46.2%, 50.4%, 42.6%]",,,,
17,weights,8,63,0.041684211,1.648562855,1.675251365,0.000111111,49.3,"[36.6%, 50.6%, 45.4%, 38.6%, 51.8%, 46.2%, 47.8%, 54.0%, 54.4%, 56.4%, 57.4%, 57.8%, 56.0%, 43.2%, 52.2%, 46.2%, 50.4%, 42.4%]",,,,
17,weights,9,64,0.041684211,1.654848698,1.642656088,0.000111111,49.28888889,"[36.6%, 50.6%, 45.4%, 38.6%, 51.8%, 46.2%, 47.8%, 54.0%, 54.4%, 56.4%, 57.4%, 57.8%, 56.0%, 43.2%, 52.2%, 46.2%, 50.4%, 42.2%]",,,,
17,weights,10,65,0.041684211,1.647952146,1.663078658,0.000111111,49.16666667,"[36.6%, 50.6%, 45.4%, 38.6%, 51.8%, 46.2%, 47.8%, 54.0%, 54.4%, 56.4%, 57.4%, 57.8%, 56.0%, 43.2%, 52.2%, 46.2%, 50.4%, 40.0%]",,,,
17,weights,11,66,0.041684211,1.643766323,1.644960731,0.000111111,49.3,"[36.6%, 50.6%, 45.4%, 38.6%, 51.8%, 46.2%, 47.8%, 54.0%, 54.4%, 56.4%, 57.4%, 57.8%, 56.0%, 43.2%, 52.2%, 46.2%, 50.4%, 42.4%]",,,,
17,weights,12,67,0.041684211,1.644887724,1.565104157,0.000111111,49.53333333,"[36.6%, 50.6%, 45.4%, 38.6%, 51.8%, 46.2%, 47.8%, 54.0%, 54.4%, 56.4%, 57.4%, 57.8%, 56.0%, 43.2%, 52.2%, 46.2%, 50.4%, 46.6%]",,,,
17,weights,13,68,0.041684211,1.628437536,1.591863871,0.000111111,49.36666667,"[36.6%, 50.6%, 45.4%, 38.6%, 51.8%, 46.2%, 47.8%, 54.0%, 54.4%, 56.4%, 57.4%, 57.8%, 56.0%, 43.2%, 52.2%, 46.2%, 50.4%, 43.6%]",,,,
17,weights,14,69,0.041684211,1.615323586,1.593142383,0.000111111,49.28888889,"[36.6%, 50.6%, 45.4%, 38.6%, 51.8%, 46.2%, 47.8%, 54.0%, 54.4%, 56.4%, 57.4%, 57.8%, 56.0%, 43.2%, 52.2%, 46.2%, 50.4%, 42.2%]",,,,
17,weights,15,70,0.041684211,1.631898595,1.564355671,0.000111111,49.38888889,"[36.6%, 50.6%, 45.4%, 38.6%, 51.8%, 46.2%, 47.8%, 54.0%, 54.4%, 56.4%, 57.4%, 57.8%, 56.0%, 43.2%, 52.2%, 46.2%, 50.4%, 44.0%]",,,,
17,weights,16,71,0.041684211,1.624714003,1.587125033,0.000111111,49.35555556,"[36.6%, 50.6%, 45.4%, 38.6%, 51.8%, 46.2%, 47.8%, 54.0%, 54.4%, 56.4%, 57.4%, 57.8%, 56.0%, 43.2%, 52.2%, 46.2%, 50.4%, 43.4%]",,,,
17,weights,17,72,0.041684211,1.630394041,1.656017311,0.000111111,49.23333333,"[36.6%, 50.6%, 45.4%, 38.6%, 51.8%, 46.2%, 47.8%, 54.0%, 54.4%, 56.4%, 57.4%, 57.8%, 56.0%, 43.2%, 52.2%, 46.2%, 50.4%, 41.2%]",,,,
17,weights,18,73,0.041684211,1.612790209,1.553352483,0.000111111,49.47777778,"[36.6%, 50.6%, 45.4%, 38.6%, 51.8%, 46.2%, 47.8%, 54.0%, 54.4%, 56.4%, 57.4%, 57.8%, 56.0%, 43.2%, 52.2%, 46.2%, 50.4%, 45.6%]",,,,
17,weights,19,74,0.041684211,1.607842497,1.562314719,0.000111111,49.31111111,"[36.6%, 50.6%, 45.4%, 38.6%, 51.8%, 46.2%, 47.8%, 54.0%, 54.4%, 56.4%, 57.4%, 57.8%, 56.0%, 43.2%, 52.2%, 46.2%, 50.4%, 42.6%]",,,,
17,weights,20,75,0.041684211,1.615739662,1.542585075,0.000111111,49.43333333,"[36.6%, 50.6%, 45.4%, 38.6%, 51.8%, 46.2%, 47.8%, 54.0%, 54.4%, 56.4%, 57.4%, 57.8%, 56.0%, 43.2%, 52.2%, 46.2%, 50.4%, 44.8%]",,,,
17,weights,21,76,0.041684211,1.608524108,1.554185838,0.000111111,49.47777778,"[36.6%, 50.6%, 45.4%, 38.6%, 51.8%, 46.2%, 47.8%, 54.0%, 54.4%, 56.4%, 57.4%, 57.8%, 56.0%, 43.2%, 52.2%, 46.2%, 50.4%, 45.6%]",,,,
17,weights,22,77,0.041684211,1.605266995,1.537085377,0.000111111,49.55555556,"[36.6%, 50.6%, 45.4%, 38.6%, 51.8%, 46.2%, 47.8%, 54.0%, 54.4%, 56.4%, 57.4%, 57.8%, 56.0%, 43.2%, 52.2%, 46.2%, 50.4%, 47.0%]",,,,
17,weights,23,78,0.041684211,1.612375214,1.519250423,0.000111111,49.43333333,"[36.6%, 50.6%, 45.4%, 38.6%, 51.8%, 46.2%, 47.8%, 54.0%, 54.4%, 56.4%, 57.4%, 57.8%, 56.0%, 43.2%, 52.2%, 46.2%, 50.4%, 44.8%]",,,,
17,weights,24,79,0.041684211,1.589090183,1.613057949,0.000111111,49.3,"[36.6%, 50.6%, 45.4%, 38.6%, 51.8%, 46.2%, 47.8%, 54.0%, 54.4%, 56.4%, 57.4%, 57.8%, 56.0%, 43.2%, 52.2%, 46.2%, 50.4%, 42.4%]",,,,
17,weights,25,80,0.041684211,1.581054018,1.552795775,0.000111111,49.5,"[36.6%, 50.6%, 45.4%, 38.6%, 51.8%, 46.2%, 47.8%, 54.0%, 54.4%, 56.4%, 57.4%, 57.8%, 56.0%, 43.2%, 52.2%, 46.2%, 50.4%, 46.0%]",17.32222222,"[0.0%, 40.6%, 28.6%, 0.0%, 32.6%, 15.8%, 27.0%, 34.2%, 39.0%, 32.6%, 42.2%, 0.0%, 10.2%, 0.0%, 9.0%, 0.0%, 0.0%, 0.0%]",30.37777778,"[28.8%, 44.3%, 31.8%, 24.8%, 46.9%, 17.3%, 23.3%, 29.1%, 42.6%, 26.5%, 44.8%, 21.2%, 41.1%, 12.9%, 25.1%, 30.1%, 35.9%, 21.2%]"
18,parallel,1,1,0.1,12.11754974,9.116898894,0.000111111,46.89473684,"[36.6%, 50.6%, 45.4%, 38.6%, 51.8%, 46.2%, 47.8%, 54.0%, 54.4%, 56.4%, 57.4%, 57.8%, 56.0%, 43.2%, 52.2%, 46.2%, 50.4%, 46.0%, 0.0%]",,,,
18,parallel,2,2,0.1,7.471083557,5.941334724,0.000111111,46.89473684,"[36.6%, 50.6%, 45.4%, 38.6%, 51.8%, 46.2%, 47.8%, 54.0%, 54.4%, 56.4%, 57.4%, 57.8%, 56.0%, 43.2%, 52.2%, 46.2%, 50.4%, 46.0%, 0.0%]",,,,
18,parallel,3,3,0.1,4.772819063,3.727255732,0.000111111,46.89473684,"[36.6%, 50.6%, 45.4%, 38.6%, 51.8%, 46.2%, 47.8%, 54.0%, 54.4%, 56.4%, 57.4%, 57.8%, 56.0%, 43.2%, 52.2%, 46.2%, 50.4%, 46.0%, 0.0%]",,,,
18,parallel,4,4,0.1,3.145830628,2.763433814,0.000111111,47.42105263,"[36.6%, 50.6%, 45.4%, 38.6%, 51.8%, 46.2%, 47.8%, 54.0%, 54.4%, 56.4%, 57.4%, 57.8%, 56.0%, 43.2%, 52.2%, 46.2%, 50.4%, 46.0%, 10.0%]",,,,
18,parallel,5,5,0.098506779,2.612502149,2.501300216,0.000111111,47.42105263,"[36.6%, 50.6%, 45.4%, 38.6%, 51.8%, 46.2%, 47.8%, 54.0%, 54.4%, 56.4%, 57.4%, 57.8%, 56.0%, 43.2%, 52.2%, 46.2%, 50.4%, 46.0%, 10.0%]",,,,
18,parallel,6,6,0.096186261,2.533885666,2.443890959,0.000111111,47.42105263,"[36.6%, 50.6%, 45.4%, 38.6%, 51.8%, 46.2%, 47.8%, 54.0%, 54.4%, 56.4%, 57.4%, 57.8%, 56.0%, 43.2%, 52.2%, 46.2%, 50.4%, 46.0%, 10.0%]",,,,
18,parallel,7,7,0.09391323,2.553084859,2.452677459,0.000111111,47.42105263,"[36.6%, 50.6%, 45.4%, 38.6%, 51.8%, 46.2%, 47.8%, 54.0%, 54.4%, 56.4%, 57.4%, 57.8%, 56.0%, 43.2%, 52.2%, 46.2%, 50.4%, 46.0%, 10.0%]",,,,
18,parallel,8,8,0.091687684,2.487921766,2.489838898,0.000111111,47.42105263,"[36.6%, 50.6%, 45.4%, 38.6%, 51.8%, 46.2%, 47.8%, 54.0%, 54.4%, 56.4%, 57.4%, 57.8%, 56.0%, 43.2%, 52.2%, 46.2%, 50.4%, 46.0%, 10.0%]",,,,
18,parallel,9,9,0.089509625,2.453712587,2.421091318,0.000111111,47.38947368,"[36.6%, 50.6%, 45.4%, 38.6%, 51.8%, 46.2%, 47.8%, 54.0%, 54.4%, 56.4%, 57.4%, 57.8%, 56.0%, 43.2%, 52.2%, 46.2%, 50.4%, 46.0%, 9.4%]",,,,
18,parallel,10,10,0.087379053,2.394232856,2.368645817,0.000111111,47.42105263,"[36.6%, 50.6%, 45.4%, 38.6%, 51.8%, 46.2%, 47.8%, 54.0%, 54.4%, 56.4%, 57.4%, 57.8%, 56.0%, 43.2%, 52.2%, 46.2%, 50.4%, 46.0%, 10.0%]",,,,
18,parallel,11,11,0.085295966,2.361424337,2.352693856,0.000111111,47.45263158,"[36.6%, 50.6%, 45.4%, 38.6%, 51.8%, 46.2%, 47.8%, 54.0%, 54.4%, 56.4%, 57.4%, 57.8%, 56.0%, 43.2%, 52.2%, 46.2%, 50.4%, 46.0%, 10.6%]",,,,
18,parallel,12,12,0.083260366,2.345081492,2.337388754,0.000111111,47.42105263,"[36.6%, 50.6%, 45.4%, 38.6%, 51.8%, 46.2%, 47.8%, 54.0%, 54.4%, 56.4%, 57.4%, 57.8%, 56.0%, 43.2%, 52.2%, 46.2%, 50.4%, 46.0%, 10.0%]",,,,
18,parallel,13,13,0.081272252,2.336744701,2.32880646,0.000111111,47.42105263,"[36.6%, 50.6%, 45.4%, 38.6%, 51.8%, 46.2%, 47.8%, 54.0%, 54.4%, 56.4%, 57.4%, 57.8%, 56.0%, 43.2%, 52.2%, 46.2%, 50.4%, 46.0%, 10.0%]",,,,
18,parallel,14,14,0.079331625,2.329401412,2.323004276,0.000111111,47.42105263,"[36.6%, 50.6%, 45.4%, 38.6%, 51.8%, 46.2%, 47.8%, 54.0%, 54.4%, 56.4%, 57.4%, 57.8%, 56.0%, 43.2%, 52.2%, 46.2%, 50.4%, 46.0%, 10.0%]",,,,
18,parallel,15,15,0.077438484,2.325299432,2.322006762,0.000111111,47.42105263,"[36.6%, 50.6%, 45.4%, 38.6%, 51.8%, 46.2%, 47.8%, 54.0%, 54.4%, 56.4%, 57.4%, 57.8%, 56.0%, 43.2%, 52.2%, 46.2%, 50.4%, 46.0%, 10.0%]",,,,
18,parallel,16,16,0.075592829,2.322624201,2.319188148,0.000111111,47.42105263,"[36.6%, 50.6%, 45.4%, 38.6%, 51.8%, 46.2%, 47.8%, 54.0%, 54.4%, 56.4%, 57.4%, 57.8%, 56.0%, 43.2%, 52.2%, 46.2%, 50.4%, 46.0%, 10.0%]",,,,
18,parallel,17,17,0.07379466,2.319837926,2.315878302,0.000111111,47.42105263,"[36.6%, 50.6%, 45.4%, 38.6%, 51.8%, 46.2%, 47.8%, 54.0%, 54.4%, 56.4%, 57.4%, 57.8%, 56.0%, 43.2%, 52.2%, 46.2%, 50.4%, 46.0%, 10.0%]",,,,
18,parallel,18,18,0.072043978,2.318960582,2.316490561,0.000111111,47.42105263,"[36.6%, 50.6%, 45.4%, 38.6%, 51.8%, 46.2%, 47.8%, 54.0%, 54.4%, 56.4%, 57.4%, 57.8%, 56.0%, 43.2%, 52.2%, 46.2%, 50.4%, 46.0%, 10.0%]",,,,
18,parallel,19,19,0.070340782,2.316884874,2.311469316,0.000111111,47.54736842,"[36.6%, 50.6%, 45.4%, 38.6%, 51.8%, 46.2%, 47.8%, 54.0%, 54.4%, 56.4%, 57.4%, 57.8%, 56.0%, 43.2%, 52.2%, 46.2%, 50.4%, 46.0%, 12.4%]",,,,
18,parallel,20,20,0.068685073,2.303337305,2.272435427,0.000111111,47.58947368,"[36.6%, 50.6%, 45.4%, 38.6%, 51.8%, 46.2%, 47.8%, 54.0%, 54.4%, 56.4%, 57.4%, 57.8%, 56.0%, 43.2%, 52.2%, 46.2%, 50.4%, 46.0%, 13.2%]",,,,
18,parallel,21,21,0.067076849,2.267803606,2.228273451,0.000111111,47.77894737,"[36.6%, 50.6%, 45.4%, 38.6%, 51.8%, 46.2%, 47.8%, 54.0%, 54.4%, 56.4%, 57.4%, 57.8%, 56.0%, 43.2%, 52.2%, 46.2%, 50.4%, 46.0%, 16.8%]",,,,
18,parallel,22,22,0.065516112,2.253080308,2.233393222,0.000111111,47.68421053,"[36.6%, 50.6%, 45.4%, 38.6%, 51.8%, 46.2%, 47.8%, 54.0%, 54.4%, 56.4%, 57.4%, 57.8%, 56.0%, 43.2%, 52.2%, 46.2%, 50.4%, 46.0%, 15.0%]",,,,
18,parallel,23,23,0.064002862,2.219606894,2.208091974,0.000111111,47.64210526,"[36.6%, 50.6%, 45.4%, 38.6%, 51.8%, 46.2%, 47.8%, 54.0%, 54.4%, 56.4%, 57.4%, 57.8%, 56.0%, 43.2%, 52.2%, 46.2%, 50.4%, 46.0%, 14.2%]",,,,
18,parallel,24,24,0.062537097,2.188443907,2.140075669,0.000111111,47.89473684,"[36.6%, 50.6%, 45.4%, 38.6%, 51.8%, 46.2%, 47.8%, 54.0%, 54.4%, 56.4%, 57.4%, 57.8%, 56.0%, 43.2%, 52.2%, 46.2%, 50.4%, 46.0%, 19.0%]",,,,
18,parallel,25,25,0.061118819,2.197976499,2.187477246,0.000111111,47.75789474,"[36.6%, 50.6%, 45.4%, 38.6%, 51.8%, 46.2%, 47.8%, 54.0%, 54.4%, 56.4%, 57.4%, 57.8%, 56.0%, 43.2%, 52.2%, 46.2%, 50.4%, 46.0%, 16.4%]",,,,
18,parallel,26,26,0.059748028,2.141359026,2.139488026,0.000111111,47.76842105,"[36.6%, 50.6%, 45.4%, 38.6%, 51.8%, 46.2%, 47.8%, 54.0%, 54.4%, 56.4%, 57.4%, 57.8%, 56.0%, 43.2%, 52.2%, 46.2%, 50.4%, 46.0%, 16.6%]",,,,
18,parallel,27,27,0.058424722,2.128463338,2.09698616,0.000111111,47.93684211,"[36.6%, 50.6%, 45.4%, 38.6%, 51.8%, 46.2%, 47.8%, 54.0%, 54.4%, 56.4%, 57.4%, 57.8%, 56.0%, 43.2%, 52.2%, 46.2%, 50.4%, 46.0%, 19.8%]",,,,
18,parallel,28,28,0.057148903,2.095944866,2.091515124,0.000111111,48,"[36.6%, 50.6%, 45.4%, 38.6%, 51.8%, 46.2%, 47.8%, 54.0%, 54.4%, 56.4%, 57.4%, 57.8%, 56.0%, 43.2%, 52.2%, 46.2%, 50.4%, 46.0%, 21.0%]",,,,
18,parallel,29,29,0.055920571,2.134513245,2.112091795,0.000111111,48,"[36.6%, 50.6%, 45.4%, 38.6%, 51.8%, 46.2%, 47.8%, 54.0%, 54.4%, 56.4%, 57.4%, 57.8%, 56.0%, 43.2%, 52.2%, 46.2%, 50.4%, 46.0%, 21.0%]",,,,
18,parallel,30,30,0.054739724,2.100493318,2.091044784,0.000111111,47.92631579,"[36.6%, 50.6%, 45.4%, 38.6%, 51.8%, 46.2%, 47.8%, 54.0%, 54.4%, 56.4%, 57.4%, 57.8%, 56.0%, 43.2%, 52.2%, 46.2%, 50.4%, 46.0%, 19.6%]",,,,
18,parallel,31,31,0.053606364,2.130184009,2.086183995,0.000111111,48.07368421,"[36.6%, 50.6%, 45.4%, 38.6%, 51.8%, 46.2%, 47.8%, 54.0%, 54.4%, 56.4%, 57.4%, 57.8%, 56.0%, 43.2%, 52.2%, 46.2%, 50.4%, 46.0%, 22.4%]",,,,
18,parallel,32,32,0.05252049,2.072466281,2.07735616,0.000111111,48.01052632,"[36.6%, 50.6%, 45.4%, 38.6%, 51.8%, 46.2%, 47.8%, 54.0%, 54.4%, 56.4%, 57.4%, 57.8%, 56.0%, 43.2%, 52.2%, 46.2%, 50.4%, 46.0%, 21.2%]",,,,
18,parallel,33,33,0.051482103,2.062601138,2.116033271,0.000111111,47.83157895,"[36.6%, 50.6%, 45.4%, 38.6%, 51.8%, 46.2%, 47.8%, 54.0%, 54.4%, 56.4%, 57.4%, 57.8%, 56.0%, 43.2%, 52.2%, 46.2%, 50.4%, 46.0%, 17.8%]",,,,
18,parallel,34,34,0.050491202,2.053642083,2.054640368,0.000111111,48.04210526,"[36.6%, 50.6%, 45.4%, 38.6%, 51.8%, 46.2%, 47.8%, 54.0%, 54.4%, 56.4%, 57.4%, 57.8%, 56.0%, 43.2%, 52.2%, 46.2%, 50.4%, 46.0%, 21.8%]",,,,
18,parallel,35,35,0.049547787,2.037706709,2.068219081,0.000111111,48.02105263,"[36.6%, 50.6%, 45.4%, 38.6%, 51.8%, 46.2%, 47.8%, 54.0%, 54.4%, 56.4%, 57.4%, 57.8%, 56.0%, 43.2%, 52.2%, 46.2%, 50.4%, 46.0%, 21.4%]",,,,
18,parallel,36,36,0.048651858,2.049210019,2.084622487,0.000111111,48.05263158,"[36.6%, 50.6%, 45.4%, 38.6%, 51.8%, 46.2%, 47.8%, 54.0%, 54.4%, 56.4%, 57.4%, 57.8%, 56.0%, 43.2%, 52.2%, 46.2%, 50.4%, 46.0%, 22.0%]",,,,
18,parallel,37,37,0.047803416,2.036474656,2.047823429,0.000111111,48.17894737,"[36.6%, 50.6%, 45.4%, 38.6%, 51.8%, 46.2%, 47.8%, 54.0%, 54.4%, 56.4%, 57.4%, 57.8%, 56.0%, 43.2%, 52.2%, 46.2%, 50.4%, 46.0%, 24.4%]",,,,
18,parallel,38,38,0.04700246,2.020742303,2.055320412,0.000111111,48.09473684,"[36.6%, 50.6%, 45.4%, 38.6%, 51.8%, 46.2%, 47.8%, 54.0%, 54.4%, 56.4%, 57.4%, 57.8%, 56.0%, 43.2%, 52.2%, 46.2%, 50.4%, 46.0%, 22.8%]",,,,
18,parallel,39,39,0.046248991,2.236306031,2.209286407,0.000111111,47.65263158,"[36.6%, 50.6%, 45.4%, 38.6%, 51.8%, 46.2%, 47.8%, 54.0%, 54.4%, 56.4%, 57.4%, 57.8%, 56.0%, 43.2%, 52.2%, 46.2%, 50.4%, 46.0%, 14.4%]",,,,
18,parallel,40,40,0.045543007,2.163850104,2.162515223,0.000111111,47.86315789,"[36.6%, 50.6%, 45.4%, 38.6%, 51.8%, 46.2%, 47.8%, 54.0%, 54.4%, 56.4%, 57.4%, 57.8%, 56.0%, 43.2%, 52.2%, 46.2%, 50.4%, 46.0%, 18.4%]",,,,
18,parallel,41,41,0.04488451,2.126931605,2.123331651,0.000111111,47.84210526,"[36.6%, 50.6%, 45.4%, 38.6%, 51.8%, 46.2%, 47.8%, 54.0%, 54.4%, 56.4%, 57.4%, 57.8%, 56.0%, 43.2%, 52.2%, 46.2%, 50.4%, 46.0%, 18.0%]",,,,
18,parallel,42,42,0.0442735,2.10165335,2.094656348,0.000111111,47.93684211,"[36.6%, 50.6%, 45.4%, 38.6%, 51.8%, 46.2%, 47.8%, 54.0%, 54.4%, 56.4%, 57.4%, 57.8%, 56.0%, 43.2%, 52.2%, 46.2%, 50.4%, 46.0%, 19.8%]",,,,
18,parallel,43,43,0.043709975,2.083396703,2.185856283,0.000111111,47.87368421,"[36.6%, 50.6%, 45.4%, 38.6%, 51.8%, 46.2%, 47.8%, 54.0%, 54.4%, 56.4%, 57.4%, 57.8%, 56.0%, 43.2%, 52.2%, 46.2%, 50.4%, 46.0%, 18.6%]",,,,
18,parallel,44,44,0.043193937,2.09314109,2.092884108,0.000111111,47.96842105,"[36.6%, 50.6%, 45.4%, 38.6%, 51.8%, 46.2%, 47.8%, 54.0%, 54.4%, 56.4%, 57.4%, 57.8%, 56.0%, 43.2%, 52.2%, 46.2%, 50.4%, 46.0%, 20.4%]",,,,
18,parallel,45,45,0.042725386,2.093693993,2.149530604,0.000111111,47.87368421,"[36.6%, 50.6%, 45.4%, 38.6%, 51.8%, 46.2%, 47.8%, 54.0%, 54.4%, 56.4%, 57.4%, 57.8%, 56.0%, 43.2%, 52.2%, 46.2%, 50.4%, 46.0%, 18.6%]",,,,
18,parallel,46,46,0.04230432,2.070452744,2.087037042,0.000111111,48.03157895,"[36.6%, 50.6%, 45.4%, 38.6%, 51.8%, 46.2%, 47.8%, 54.0%, 54.4%, 56.4%, 57.4%, 57.8%, 56.0%, 43.2%, 52.2%, 46.2%, 50.4%, 46.0%, 21.6%]",,,,
18,parallel,47,47,0.041930741,2.066269057,2.060365349,0.000111111,48.11578947,"[36.6%, 50.6%, 45.4%, 38.6%, 51.8%, 46.2%, 47.8%, 54.0%, 54.4%, 56.4%, 57.4%, 57.8%, 56.0%, 43.2%, 52.2%, 46.2%, 50.4%, 46.0%, 23.2%]",,,,
18,parallel,48,48,0.041604649,2.054855688,2.055768594,0.000111111,48.17894737,"[36.6%, 50.6%, 45.4%, 38.6%, 51.8%, 46.2%, 47.8%, 54.0%, 54.4%, 56.4%, 57.4%, 57.8%, 56.0%, 43.2%, 52.2%, 46.2%, 50.4%, 46.0%, 24.4%]",,,,
18,parallel,49,49,0.041326042,2.031903016,2.050265014,0.000111111,48.14736842,"[36.6%, 50.6%, 45.4%, 38.6%, 51.8%, 46.2%, 47.8%, 54.0%, 54.4%, 56.4%, 57.4%, 57.8%, 56.0%, 43.2%, 52.2%, 46.2%, 50.4%, 46.0%, 23.8%]",,,,
18,parallel,50,50,0.041094922,2.032183136,2.11390911,0.000111111,47.82105263,"[36.6%, 50.6%, 45.4%, 38.6%, 51.8%, 46.2%, 47.8%, 54.0%, 54.4%, 56.4%, 57.4%, 57.8%, 56.0%, 43.2%, 52.2%, 46.2%, 50.4%, 46.0%, 17.6%]",,,,
18,parallel,51,51,0.040911288,2.041352106,2.045706585,0.000111111,48.18947368,"[36.6%, 50.6%, 45.4%, 38.6%, 51.8%, 46.2%, 47.8%, 54.0%, 54.4%, 56.4%, 57.4%, 57.8%, 56.0%, 43.2%, 52.2%, 46.2%, 50.4%, 46.0%, 24.6%]",,,,
18,parallel,52,52,0.040775141,2.031265232,2.058111802,0.000111111,48.15789474,"[36.6%, 50.6%, 45.4%, 38.6%, 51.8%, 46.2%, 47.8%, 54.0%, 54.4%, 56.4%, 57.4%, 57.8%, 56.0%, 43.2%, 52.2%, 46.2%, 50.4%, 46.0%, 24.0%]",,,,
18,parallel,53,53,0.04068648,2.023074965,2.06028071,0.000111111,48.13684211,"[36.6%, 50.6%, 45.4%, 38.6%, 51.8%, 46.2%, 47.8%, 54.0%, 54.4%, 56.4%, 57.4%, 57.8%, 56.0%, 43.2%, 52.2%, 46.2%, 50.4%, 46.0%, 23.6%]",,,,
18,parallel,54,54,0.040645305,2.011610755,2.07587716,0.000111111,48.09473684,"[36.6%, 50.6%, 45.4%, 38.6%, 51.8%, 46.2%, 47.8%, 54.0%, 54.4%, 56.4%, 57.4%, 57.8%, 56.0%, 43.2%, 52.2%, 46.2%, 50.4%, 46.0%, 22.8%]",,,,
18,parallel,55,55,0.040642105,2.012389191,2.027990013,0.000111111,48.2,"[36.6%, 50.6%, 45.4%, 38.6%, 51.8%, 46.2%, 47.8%, 54.0%, 54.4%, 56.4%, 57.4%, 57.8%, 56.0%, 43.2%, 52.2%, 46.2%, 50.4%, 46.0%, 24.8%]",,,,
18,weights,1,56,0.040642105,1.994780227,2.021393448,0.000111111,48.18947368,"[36.6%, 50.6%, 45.4%, 38.6%, 51.8%, 46.2%, 47.8%, 54.0%, 54.4%, 56.4%, 57.4%, 57.8%, 56.0%, 43.2%, 52.2%, 46.2%, 50.4%, 46.0%, 24.6%]",,,,
18,weights,2,57,0.040642105,1.987363797,1.997807905,0.000111111,48.30526316,"[36.6%, 50.6%, 45.4%, 38.6%, 51.8%, 46.2%, 47.8%, 54.0%, 54.4%, 56.4%, 57.4%, 57.8%, 56.0%, 43.2%, 52.2%, 46.2%, 50.4%, 46.0%, 26.8%]",,,,
18,weights,3,58,0.040642105,2.000464666,2.013254732,0.000111111,48.23157895,"[36.6%, 50.6%, 45.4%, 38.6%, 51.8%, 46.2%, 47.8%, 54.0%, 54.4%, 56.4%, 57.4%, 57.8%, 56.0%, 43.2%, 52.2%, 46.2%, 50.4%, 46.0%, 25.4%]",,,,
18,weights,4,59,0.040642105,1.992402956,2.029836506,0.000111111,48.22105263,"[36.6%, 50.6%, 45.4%, 38.6%, 51.8%, 46.2%, 47.8%, 54.0%, 54.4%, 56.4%, 57.4%, 57.8%, 56.0%, 43.2%, 52.2%, 46.2%, 50.4%, 46.0%, 25.2%]",,,,
18,weights,5,60,0.040642105,1.984167819,1.994105399,0.000111111,48.29473684,"[36.6%, 50.6%, 45.4%, 38.6%, 51.8%, 46.2%, 47.8%, 54.0%, 54.4%, 56.4%, 57.4%, 57.8%, 56.0%, 43.2%, 52.2%, 46.2%, 50.4%, 46.0%, 26.6%]",,,,
18,weights,6,61,0.040642105,1.973715159,2.008541808,0.000111111,48.24210526,"[36.6%, 50.6%, 45.4%, 38.6%, 51.8%, 46.2%, 47.8%, 54.0%, 54.4%, 56.4%, 57.4%, 57.8%, 56.0%, 43.2%, 52.2%, 46.2%, 50.4%, 46.0%, 25.6%]",,,,
18,weights,7,62,0.040642105,1.970196864,1.969267637,0.000111111,48.37894737,"[36.6%, 50.6%, 45.4%, 38.6%, 51.8%, 46.2%, 47.8%, 54.0%, 54.4%, 56.4%, 57.4%, 57.8%, 56.0%, 43.2%, 52.2%, 46.2%, 50.4%, 46.0%, 28.2%]",,,,
18,weights,8,63,0.040642105,1.971513875,1.969219252,0.000111111,48.36842105,"[36.6%, 50.6%, 45.4%, 38.6%, 51.8%, 46.2%, 47.8%, 54.0%, 54.4%, 56.4%, 57.4%, 57.8%, 56.0%, 43.2%, 52.2%, 46.2%, 50.4%, 46.0%, 28.0%]",,,,
18,weights,9,64,0.040642105,1.962541843,1.959328443,0.000111111,48.43157895,"[36.6%, 50.6%, 45.4%, 38.6%, 51.8%, 46.2%, 47.8%, 54.0%, 54.4%, 56.4%, 57.4%, 57.8%, 56.0%, 43.2%, 52.2%, 46.2%, 50.4%, 46.0%, 29.2%]",,,,
18,weights,10,65,0.040642105,1.960001906,1.97556676,0.000111111,48.30526316,"[36.6%, 50.6%, 45.4%, 38.6%, 51.8%, 46.2%, 47.8%, 54.0%, 54.4%, 56.4%, 57.4%, 57.8%, 56.0%, 43.2%, 52.2%, 46.2%, 50.4%, 46.0%, 26.8%]",,,,
18,weights,11,66,0.040642105,1.988175587,1.975640953,0.000111111,48.33684211,"[36.6%, 50.6%, 45.4%, 38.6%, 51.8%, 46.2%, 47.8%, 54.0%, 54.4%, 56.4%, 57.4%, 57.8%, 56.0%, 43.2%, 52.2%, 46.2%, 50.4%, 46.0%, 27.4%]",,,,
18,weights,12,67,0.040642105,1.961297277,2.003528967,0.000111111,48.14736842,"[36.6%, 50.6%, 45.4%, 38.6%, 51.8%, 46.2%, 47.8%, 54.0%, 54.4%, 56.4%, 57.4%, 57.8%, 56.0%, 43.2%, 52.2%, 46.2%, 50.4%, 46.0%, 23.8%]",,,,
18,weights,13,68,0.040642105,1.937313892,1.96791546,0.000111111,48.31578947,"[36.6%, 50.6%, 45.4%, 38.6%, 51.8%, 46.2%, 47.8%, 54.0%, 54.4%, 56.4%, 57.4%, 57.8%, 56.0%, 43.2%, 52.2%, 46.2%, 50.4%, 46.0%, 27.0%]",,,,
18,weights,14,69,0.040642105,1.956147565,1.967301562,0.000111111,48.30526316,"[36.6%, 50.6%, 45.4%, 38.6%, 51.8%, 46.2%, 47.8%, 54.0%, 54.4%, 56.4%, 57.4%, 57.8%, 56.0%, 43.2%, 52.2%, 46.2%, 50.4%, 46.0%, 26.8%]",,,,
18,weights,15,70,0.040642105,1.952505385,1.953736186,0.000111111,48.37894737,"[36.6%, 50.6%, 45.4%, 38.6%, 51.8%, 46.2%, 47.8%, 54.0%, 54.4%, 56.4%, 57.4%, 57.8%, 56.0%, 43.2%, 52.2%, 46.2%, 50.4%, 46.0%, 28.2%]",,,,
18,weights,16,71,0.040642105,1.948924237,1.945300385,0.000111111,48.28421053,"[36.6%, 50.6%, 45.4%, 38.6%, 51.8%, 46.2%, 47.8%, 54.0%, 54.4%, 56.4%, 57.4%, 57.8%, 56.0%, 43.2%, 52.2%, 46.2%, 50.4%, 46.0%, 26.4%]",,,,
18,weights,17,72,0.040642105,1.937548619,1.949535131,0.000111111,48.36842105,"[36.6%, 50.6%, 45.4%, 38.6%, 51.8%, 46.2%, 47.8%, 54.0%, 54.4%, 56.4%, 57.4%, 57.8%, 56.0%, 43.2%, 52.2%, 46.2%, 50.4%, 46.0%, 28.0%]",,,,
18,weights,18,73,0.040642105,1.948516533,1.963403091,0.000111111,48.35789474,"[36.6%, 50.6%, 45.4%, 38.6%, 51.8%, 46.2%, 47.8%, 54.0%, 54.4%, 56.4%, 57.4%, 57.8%, 56.0%, 43.2%, 52.2%, 46.2%, 50.4%, 46.0%, 27.8%]",,,,
18,weights,19,74,0.040642105,1.935140217,1.939433232,0.000111111,48.42105263,"[36.6%, 50.6%, 45.4%, 38.6%, 51.8%, 46.2%, 47.8%, 54.0%, 54.4%, 56.4%, 57.4%, 57.8%, 56.0%, 43.2%, 52.2%, 46.2%, 50.4%, 46.0%, 29.0%]",,,,
18,weights,20,75,0.040642105,1.926010459,1.983691514,0.000111111,48.37894737,"[36.6%, 50.6%, 45.4%, 38.6%, 51.8%, 46.2%, 47.8%, 54.0%, 54.4%, 56.4%, 57.4%, 57.8%, 56.0%, 43.2%, 52.2%, 46.2%, 50.4%, 46.0%, 28.2%]",,,,
18,weights,21,76,0.040642105,1.927861138,1.965907827,0.000111111,48.31578947,"[36.6%, 50.6%, 45.4%, 38.6%, 51.8%, 46.2%, 47.8%, 54.0%, 54.4%, 56.4%, 57.4%, 57.8%, 56.0%, 43.2%, 52.2%, 46.2%, 50.4%, 46.0%, 27.0%]",,,,
18,weights,22,77,0.040642105,1.931141358,1.939448938,0.000111111,48.49473684,"[36.6%, 50.6%, 45.4%, 38.6%, 51.8%, 46.2%, 47.8%, 54.0%, 54.4%, 56.4%, 57.4%, 57.8%, 56.0%, 43.2%, 52.2%, 46.2%, 50.4%, 46.0%, 30.4%]",,,,
18,weights,23,78,0.040642105,1.925221034,1.954748422,0.000111111,48.24210526,"[36.6%, 50.6%, 45.4%, 38.6%, 51.8%, 46.2%, 47.8%, 54.0%, 54.4%, 56.4%, 57.4%, 57.8%, 56.0%, 43.2%, 52.2%, 46.2%, 50.4%, 46.0%, 25.6%]",,,,
18,weights,24,79,0.040642105,1.918248002,1.926965103,0.000111111,48.56842105,"[36.6%, 50.6%, 45.4%, 38.6%, 51.8%, 46.2%, 47.8%, 54.0%, 54.4%, 56.4%, 57.4%, 57.8%, 56.0%, 43.2%, 52.2%, 46.2%, 50.4%, 46.0%, 31.8%]",,,,
18,weights,25,80,0.040642105,1.931529723,1.937454149,0.000111111,48.44210526,"[36.6%, 50.6%, 45.4%, 38.6%, 51.8%, 46.2%, 47.8%, 54.0%, 54.4%, 56.4%, 57.4%, 57.8%, 56.0%, 43.2%, 52.2%, 46.2%, 50.4%, 46.0%, 29.4%]",16.41052632,"[0.0%, 40.6%, 28.6%, 0.0%, 32.6%, 15.8%, 27.0%, 34.2%, 39.0%, 32.6%, 42.2%, 0.0%, 10.2%, 0.0%, 9.0%, 0.0%, 0.0%, 0.0%, 0.0%]",29.63684211,"[23.4%, 43.7%, 35.8%, 25.2%, 39.6%, 17.6%, 36.7%, 28.6%, 34.6%, 26.1%, 44.7%, 20.9%, 34.8%, 3%, 41.5%, 30.6%, 36.1%, 20.7%, 18.1%]"
19,parallel,1,1,0.05,7.513121539,6.557688892,0.000111111,46.02,"[36.6%, 50.6%, 45.4%, 38.6%, 51.8%, 46.2%, 47.8%, 54.0%, 54.4%, 56.4%, 57.4%, 57.8%, 56.0%, 43.2%, 52.2%, 46.2%, 50.4%, 46.0%, 29.4%, 0.0%]",,,,
19,parallel,2,2,0.05,6.165699102,5.763610661,0.000111111,46.02,"[36.6%, 50.6%, 45.4%, 38.6%, 51.8%, 46.2%, 47.8%, 54.0%, 54.4%, 56.4%, 57.4%, 57.8%, 56.0%, 43.2%, 52.2%, 46.2%, 50.4%, 46.0%, 29.4%, 0.0%]",,,,
19,parallel,3,3,0.05,5.37400341,4.978956938,0.000111111,46.02,"[36.6%, 50.6%, 45.4%, 38.6%, 51.8%, 46.2%, 47.8%, 54.0%, 54.4%, 56.4%, 57.4%, 57.8%, 56.0%, 43.2%, 52.2%, 46.2%, 50.4%, 46.0%, 29.4%, 0.0%]",,,,
19,parallel,4,4,0.05,4.567151323,4.096511364,0.000111111,46.02,"[36.6%, 50.6%, 45.4%, 38.6%, 51.8%, 46.2%, 47.8%, 54.0%, 54.4%, 56.4%, 57.4%, 57.8%, 56.0%, 43.2%, 52.2%, 46.2%, 50.4%, 46.0%, 29.4%, 0.0%]",,,,
19,parallel,5,5,0.049738375,3.565756713,3.079503387,0.000111111,46.52,"[36.6%, 50.6%, 45.4%, 38.6%, 51.8%, 46.2%, 47.8%, 54.0%, 54.4%, 56.4%, 57.4%, 57.8%, 56.0%, 43.2%, 52.2%, 46.2%, 50.4%, 46.0%, 29.4%, 10.0%]",,,,
19,parallel,6,6,0.049331801,2.787530292,2.563557804,0.000111111,46.54,"[36.6%, 50.6%, 45.4%, 38.6%, 51.8%, 46.2%, 47.8%, 54.0%, 54.4%, 56.4%, 57.4%, 57.8%, 56.0%, 43.2%, 52.2%, 46.2%, 50.4%, 46.0%, 29.4%, 10.4%]",,,,
19,parallel,7,7,0.048933547,2.472036603,2.410040826,0.000111111,46.52,"[36.6%, 50.6%, 45.4%, 38.6%, 51.8%, 46.2%, 47.8%, 54.0%, 54.4%, 56.4%, 57.4%, 57.8%, 56.0%, 43.2%, 52.2%, 46.2%, 50.4%, 46.0%, 29.4%, 10.0%]",,,,
19,parallel,8,8,0.048543613,2.508122957,2.427191943,0.000111111,46.52,"[36.6%, 50.6%, 45.4%, 38.6%, 51.8%, 46.2%, 47.8%, 54.0%, 54.4%, 56.4%, 57.4%, 57.8%, 56.0%, 43.2%, 52.2%, 46.2%, 50.4%, 46.0%, 29.4%, 10.0%]",,,,
19,parallel,9,9,0.048161999,2.39328206,2.364358395,0.000111111,46.5,"[36.6%, 50.6%, 45.4%, 38.6%, 51.8%, 46.2%, 47.8%, 54.0%, 54.4%, 56.4%, 57.4%, 57.8%, 56.0%, 43.2%, 52.2%, 46.2%, 50.4%, 46.0%, 29.4%, 9.6%]",,,,
19,parallel,10,10,0.047788704,2.336380053,2.30533576,0.000111111,46.76,"[36.6%, 50.6%, 45.4%, 38.6%, 51.8%, 46.2%, 47.8%, 54.0%, 54.4%, 56.4%, 57.4%, 57.8%, 56.0%, 43.2%, 52.2%, 46.2%, 50.4%, 46.0%, 29.4%, 14.8%]",,,,
19,parallel,11,11,0.04742373,2.256933122,2.20917356,0.000111111,46.86,"[36.6%, 50.6%, 45.4%, 38.6%, 51.8%, 46.2%, 47.8%, 54.0%, 54.4%, 56.4%, 57.4%, 57.8%, 56.0%, 43.2%, 52.2%, 46.2%, 50.4%, 46.0%, 29.4%, 16.8%]",,,,
19,parallel,12,12,0.047067076,2.175227642,2.141829371,0.000111111,46.92,"[36.6%, 50.6%, 45.4%, 38.6%, 51.8%, 46.2%, 47.8%, 54.0%, 54.4%, 56.4%, 57.4%, 57.8%, 56.0%, 43.2%, 52.2%, 46.2%, 50.4%, 46.0%, 29.4%, 18.0%]",,,,
19,parallel,13,13,0.046718742,2.201451615,2.157211468,0.000111111,46.83,"[36.6%, 50.6%, 45.4%, 38.6%, 51.8%, 46.2%, 47.8%, 54.0%, 54.4%, 56.4%, 57.4%, 57.8%, 56.0%, 43.2%, 52.2%, 46.2%, 50.4%, 46.0%, 29.4%, 16.2%]",,,,
19,parallel,14,14,0.046378728,2.136465157,2.081883088,0.000111111,46.78,"[36.6%, 50.6%, 45.4%, 38.6%, 51.8%, 46.2%, 47.8%, 54.0%, 54.4%, 56.4%, 57.4%, 57.8%, 56.0%, 43.2%, 52.2%, 46.2%, 50.4%, 46.0%, 29.4%, 15.2%]",,,,
19,parallel,15,15,0.046047033,2.071655646,2.008992672,0.000111111,47.01,"[36.6%, 50.6%, 45.4%, 38.6%, 51.8%, 46.2%, 47.8%, 54.0%, 54.4%, 56.4%, 57.4%, 57.8%, 56.0%, 43.2%, 52.2%, 46.2%, 50.4%, 46.0%, 29.4%, 19.8%]",,,,
19,parallel,16,16,0.045723659,2.03370643,1.958544999,0.000111111,46.99,"[36.6%, 50.6%, 45.4%, 38.6%, 51.8%, 46.2%, 47.8%, 54.0%, 54.4%, 56.4%, 57.4%, 57.8%, 56.0%, 43.2%, 52.2%, 46.2%, 50.4%, 46.0%, 29.4%, 19.4%]",,,,
19,parallel,17,17,0.045408605,1.979295055,1.912488848,0.000111111,47.14,"[36.6%, 50.6%, 45.4%, 38.6%, 51.8%, 46.2%, 47.8%, 54.0%, 54.4%, 56.4%, 57.4%, 57.8%, 56.0%, 43.2%, 52.2%, 46.2%, 50.4%, 46.0%, 29.4%, 22.4%]",,,,
19,parallel,18,18,0.045101871,1.954338609,1.879586339,0.000111111,47.16,"[36.6%, 50.6%, 45.4%, 38.6%, 51.8%, 46.2%, 47.8%, 54.0%, 54.4%, 56.4%, 57.4%, 57.8%, 56.0%, 43.2%, 52.2%, 46.2%, 50.4%, 46.0%, 29.4%, 22.8%]",,,,
19,parallel,19,19,0.044803457,1.952230036,1.895594552,0.000111111,47.21,"[36.6%, 50.6%, 45.4%, 38.6%, 51.8%, 46.2%, 47.8%, 54.0%, 54.4%, 56.4%, 57.4%, 57.8%, 56.0%, 43.2%, 52.2%, 46.2%, 50.4%, 46.0%, 29.4%, 23.8%]",,,,
19,parallel,20,20,0.044513363,1.93935777,1.918166623,0.000111111,47.27,"[36.6%, 50.6%, 45.4%, 38.6%, 51.8%, 46.2%, 47.8%, 54.0%, 54.4%, 56.4%, 57.4%, 57.8%, 56.0%, 43.2%, 52.2%, 46.2%, 50.4%, 46.0%, 29.4%, 25.0%]",,,,
19,parallel,21,21,0.044231588,1.930413531,1.837419152,0.000111111,47.3,"[36.6%, 50.6%, 45.4%, 38.6%, 51.8%, 46.2%, 47.8%, 54.0%, 54.4%, 56.4%, 57.4%, 57.8%, 56.0%, 43.2%, 52.2%, 46.2%, 50.4%, 46.0%, 29.4%, 25.6%]",,,,
19,parallel,22,22,0.043958134,1.873328631,1.835561484,0.000111111,47.26,"[36.6%, 50.6%, 45.4%, 38.6%, 51.8%, 46.2%, 47.8%, 54.0%, 54.4%, 56.4%, 57.4%, 57.8%, 56.0%, 43.2%, 52.2%, 46.2%, 50.4%, 46.0%, 29.4%, 24.8%]",,,,
19,parallel,23,23,0.043693,1.868339904,1.792636171,0.000111111,47.35,"[36.6%, 50.6%, 45.4%, 38.6%, 51.8%, 46.2%, 47.8%, 54.0%, 54.4%, 56.4%, 57.4%, 57.8%, 56.0%, 43.2%, 52.2%, 46.2%, 50.4%, 46.0%, 29.4%, 26.6%]",,,,
19,parallel,24,24,0.043436186,1.856506838,1.788520172,0.000111111,47.36,"[36.6%, 50.6%, 45.4%, 38.6%, 51.8%, 46.2%, 47.8%, 54.0%, 54.4%, 56.4%, 57.4%, 57.8%, 56.0%, 43.2%, 52.2%, 46.2%, 50.4%, 46.0%, 29.4%, 26.8%]",,,,
19,parallel,25,25,0.043187692,1.826423325,1.761668608,0.000111111,47.49,"[36.6%, 50.6%, 45.4%, 38.6%, 51.8%, 46.2%, 47.8%, 54.0%, 54.4%, 56.4%, 57.4%, 57.8%, 56.0%, 43.2%, 52.2%, 46.2%, 50.4%, 46.0%, 29.4%, 29.4%]",,,,
19,parallel,26,26,0.042947518,1.8445312,1.781105593,0.000111111,47.59,"[36.6%, 50.6%, 45.4%, 38.6%, 51.8%, 46.2%, 47.8%, 54.0%, 54.4%, 56.4%, 57.4%, 57.8%, 56.0%, 43.2%, 52.2%, 46.2%, 50.4%, 46.0%, 29.4%, 31.4%]",,,,
19,parallel,27,27,0.042715663,1.823507007,1.74846822,0.000111111,47.56,"[36.6%, 50.6%, 45.4%, 38.6%, 51.8%, 46.2%, 47.8%, 54.0%, 54.4%, 56.4%, 57.4%, 57.8%, 56.0%, 43.2%, 52.2%, 46.2%, 50.4%, 46.0%, 29.4%, 30.8%]",,,,
19,parallel,28,28,0.042492129,1.811390662,1.742310628,0.000111111,47.79,"[36.6%, 50.6%, 45.4%, 38.6%, 51.8%, 46.2%, 47.8%, 54.0%, 54.4%, 56.4%, 57.4%, 57.8%, 56.0%, 43.2%, 52.2%, 46.2%, 50.4%, 46.0%, 29.4%, 35.4%]",,,,
19,parallel,29,29,0.042276915,1.786714423,1.718764216,0.000111111,47.7,"[36.6%, 50.6%, 45.4%, 38.6%, 51.8%, 46.2%, 47.8%, 54.0%, 54.4%, 56.4%, 57.4%, 57.8%, 56.0%, 43.2%, 52.2%, 46.2%, 50.4%, 46.0%, 29.4%, 33.6%]",,,,
19,parallel,30,30,0.042070021,1.767250978,1.687550887,0.000111111,47.91,"[36.6%, 50.6%, 45.4%, 38.6%, 51.8%, 46.2%, 47.8%, 54.0%, 54.4%, 56.4%, 57.4%, 57.8%, 56.0%, 43.2%, 52.2%, 46.2%, 50.4%, 46.0%, 29.4%, 37.8%]",,,,
19,parallel,31,31,0.041871447,1.765570239,1.676801622,0.000111111,47.8,"[36.6%, 50.6%, 45.4%, 38.6%, 51.8%, 46.2%, 47.8%, 54.0%, 54.4%, 56.4%, 57.4%, 57.8%, 56.0%, 43.2%, 52.2%, 46.2%, 50.4%, 46.0%, 29.4%, 35.6%]",,,,
19,parallel,32,32,0.041681192,1.762143257,1.660170957,0.000111111,47.76,"[36.6%, 50.6%, 45.4%, 38.6%, 51.8%, 46.2%, 47.8%, 54.0%, 54.4%, 56.4%, 57.4%, 57.8%, 56.0%, 43.2%, 52.2%, 46.2%, 50.4%, 46.0%, 29.4%, 34.8%]",,,,
19,parallel,33,33,0.041499258,1.738190154,1.683977917,0.000111111,47.8,"[36.6%, 50.6%, 45.4%, 38.6%, 51.8%, 46.2%, 47.8%, 54.0%, 54.4%, 56.4%, 57.4%, 57.8%, 56.0%, 43.2%, 52.2%, 46.2%, 50.4%, 46.0%, 29.4%, 35.6%]",,,,
19,parallel,34,34,0.041325644,1.710039083,1.641718507,0.000111111,47.98,"[36.6%, 50.6%, 45.4%, 38.6%, 51.8%, 46.2%, 47.8%, 54.0%, 54.4%, 56.4%, 57.4%, 57.8%, 56.0%, 43.2%, 52.2%, 46.2%, 50.4%, 46.0%, 29.4%, 39.2%]",,,,
19,parallel,35,35,0.04116035,1.700178155,1.681885719,0.000111111,47.9,"[36.6%, 50.6%, 45.4%, 38.6%, 51.8%, 46.2%, 47.8%, 54.0%, 54.4%, 56.4%, 57.4%, 57.8%, 56.0%, 43.2%, 52.2%, 46.2%, 50.4%, 46.0%, 29.4%, 37.6%]",,,,
19,parallel,36,36,0.041003376,1.724987345,1.630215466,0.000111111,47.79,"[36.6%, 50.6%, 45.4%, 38.6%, 51.8%, 46.2%, 47.8%, 54.0%, 54.4%, 56.4%, 57.4%, 57.8%, 56.0%, 43.2%, 52.2%, 46.2%, 50.4%, 46.0%, 29.4%, 35.4%]",,,,
19,parallel,37,37,0.040854722,1.708822335,1.629394755,0.000111111,47.83,"[36.6%, 50.6%, 45.4%, 38.6%, 51.8%, 46.2%, 47.8%, 54.0%, 54.4%, 56.4%, 57.4%, 57.8%, 56.0%, 43.2%, 52.2%, 46.2%, 50.4%, 46.0%, 29.4%, 36.2%]",,,,
19,parallel,38,38,0.040714387,1.685488817,1.632598937,0.000111111,47.88,"[36.6%, 50.6%, 45.4%, 38.6%, 51.8%, 46.2%, 47.8%, 54.0%, 54.4%, 56.4%, 57.4%, 57.8%, 56.0%, 43.2%, 52.2%, 46.2%, 50.4%, 46.0%, 29.4%, 37.2%]",,,,
19,parallel,39,39,0.040582373,1.668533992,1.591616675,0.000111111,48.05,"[36.6%, 50.6%, 45.4%, 38.6%, 51.8%, 46.2%, 47.8%, 54.0%, 54.4%, 56.4%, 57.4%, 57.8%, 56.0%, 43.2%, 52.2%, 46.2%, 50.4%, 46.0%, 29.4%, 40.6%]",,,,
19,parallel,40,40,0.040458679,1.664317338,1.612976417,0.000111111,48,"[36.6%, 50.6%, 45.4%, 38.6%, 51.8%, 46.2%, 47.8%, 54.0%, 54.4%, 56.4%, 57.4%, 57.8%, 56.0%, 43.2%, 52.2%, 46.2%, 50.4%, 46.0%, 29.4%, 39.6%]",,,,
19,parallel,41,41,0.040343305,1.656021129,1.566756293,0.000111111,47.9,"[36.6%, 50.6%, 45.4%, 38.6%, 51.8%, 46.2%, 47.8%, 54.0%, 54.4%, 56.4%, 57.4%, 57.8%, 56.0%, 43.2%, 52.2%, 46.2%, 50.4%, 46.0%, 29.4%, 37.6%]",,,,
19,parallel,42,42,0.040236251,1.654254693,1.580334261,0.000111111,47.98,"[36.6%, 50.6%, 45.4%, 38.6%, 51.8%, 46.2%, 47.8%, 54.0%, 54.4%, 56.4%, 57.4%, 57.8%, 56.0%, 43.2%, 52.2%, 46.2%, 50.4%, 46.0%, 29.4%, 39.2%]",,,,
19,parallel,43,43,0.040137517,1.643516657,1.562223613,0.000111111,48.07,"[36.6%, 50.6%, 45.4%, 38.6%, 51.8%, 46.2%, 47.8%, 54.0%, 54.4%, 56.4%, 57.4%, 57.8%, 56.0%, 43.2%, 52.2%, 46.2%, 50.4%, 46.0%, 29.4%, 41.0%]",,,,
19,parallel,44,44,0.040047102,1.629689683,1.559534356,0.000111111,48.12,"[36.6%, 50.6%, 45.4%, 38.6%, 51.8%, 46.2%, 47.8%, 54.0%, 54.4%, 56.4%, 57.4%, 57.8%, 56.0%, 43.2%, 52.2%, 46.2%, 50.4%, 46.0%, 29.4%, 42.0%]",,,,
19,parallel,45,45,0.039965008,1.61655981,1.548757225,0.000111111,47.95,"[36.6%, 50.6%, 45.4%, 38.6%, 51.8%, 46.2%, 47.8%, 54.0%, 54.4%, 56.4%, 57.4%, 57.8%, 56.0%, 43.2%, 52.2%, 46.2%, 50.4%, 46.0%, 29.4%, 38.6%]",,,,
19,parallel,46,46,0.039891234,1.606484418,1.544053167,0.000111111,47.91,"[36.6%, 50.6%, 45.4%, 38.6%, 51.8%, 46.2%, 47.8%, 54.0%, 54.4%, 56.4%, 57.4%, 57.8%, 56.0%, 43.2%, 52.2%, 46.2%, 50.4%, 46.0%, 29.4%, 37.8%]",,,,
19,parallel,47,47,0.03982578,1.617455555,1.539299056,0.000111111,48.1,"[36.6%, 50.6%, 45.4%, 38.6%, 51.8%, 46.2%, 47.8%, 54.0%, 54.4%, 56.4%, 57.4%, 57.8%, 56.0%, 43.2%, 52.2%, 46.2%, 50.4%, 46.0%, 29.4%, 41.6%]",,,,
19,parallel,48,48,0.039768646,1.589256335,1.508004516,0.000111111,48.14,"[36.6%, 50.6%, 45.4%, 38.6%, 51.8%, 46.2%, 47.8%, 54.0%, 54.4%, 56.4%, 57.4%, 57.8%, 56.0%, 43.2%, 52.2%, 46.2%, 50.4%, 46.0%, 29.4%, 42.4%]",,,,
19,parallel,49,49,0.039719831,1.590750368,1.524895415,0.000111111,48.06,"[36.6%, 50.6%, 45.4%, 38.6%, 51.8%, 46.2%, 47.8%, 54.0%, 54.4%, 56.4%, 57.4%, 57.8%, 56.0%, 43.2%, 52.2%, 46.2%, 50.4%, 46.0%, 29.4%, 40.8%]",,,,
19,parallel,50,50,0.039679337,1.573810894,1.523398936,0.000111111,48.08,"[36.6%, 50.6%, 45.4%, 38.6%, 51.8%, 46.2%, 47.8%, 54.0%, 54.4%, 56.4%, 57.4%, 57.8%, 56.0%, 43.2%, 52.2%, 46.2%, 50.4%, 46.0%, 29.4%, 41.2%]",,,,
19,parallel,51,51,0.039647163,1.572452931,1.494417593,0.000111111,48.17,"[36.6%, 50.6%, 45.4%, 38.6%, 51.8%, 46.2%, 47.8%, 54.0%, 54.4%, 56.4%, 57.4%, 57.8%, 56.0%, 43.2%, 52.2%, 46.2%, 50.4%, 46.0%, 29.4%, 43.0%]",,,,
19,parallel,52,52,0.039623309,1.561312897,1.482468456,0.000111111,48.18,"[36.6%, 50.6%, 45.4%, 38.6%, 51.8%, 46.2%, 47.8%, 54.0%, 54.4%, 56.4%, 57.4%, 57.8%, 56.0%, 43.2%, 52.2%, 46.2%, 50.4%, 46.0%, 29.4%, 43.2%]",,,,
19,parallel,53,53,0.039607775,1.556809338,1.503476143,0.000111111,47.97,"[36.6%, 50.6%, 45.4%, 38.6%, 51.8%, 46.2%, 47.8%, 54.0%, 54.4%, 56.4%, 57.4%, 57.8%, 56.0%, 43.2%, 52.2%, 46.2%, 50.4%, 46.0%, 29.4%, 39.0%]",,,,
19,parallel,54,54,0.039600561,1.536534158,1.500494048,0.000111111,48.22,"[36.6%, 50.6%, 45.4%, 38.6%, 51.8%, 46.2%, 47.8%, 54.0%, 54.4%, 56.4%, 57.4%, 57.8%, 56.0%, 43.2%, 52.2%, 46.2%, 50.4%, 46.0%, 29.4%, 44.0%]",,,,
19,parallel,55,55,0.0396,1.523242505,1.474970043,0.000111111,48.17,"[36.6%, 50.6%, 45.4%, 38.6%, 51.8%, 46.2%, 47.8%, 54.0%, 54.4%, 56.4%, 57.4%, 57.8%, 56.0%, 43.2%, 52.2%, 46.2%, 50.4%, 46.0%, 29.4%, 43.0%]",,,,
19,weights,1,56,0.0396,1.531204569,1.47746332,0.000111111,48.08,"[36.6%, 50.6%, 45.4%, 38.6%, 51.8%, 46.2%, 47.8%, 54.0%, 54.4%, 56.4%, 57.4%, 57.8%, 56.0%, 43.2%, 52.2%, 46.2%, 50.4%, 46.0%, 29.4%, 41.2%]",,,,
19,weights,2,57,0.0396,1.530922924,1.498891726,0.000111111,48.08,"[36.6%, 50.6%, 45.4%, 38.6%, 51.8%, 46.2%, 47.8%, 54.0%, 54.4%, 56.4%, 57.4%, 57.8%, 56.0%, 43.2%, 52.2%, 46.2%, 50.4%, 46.0%, 29.4%, 41.2%]",,,,
19,weights,3,58,0.0396,1.522387708,1.480496064,0.000111111,48.08,"[36.6%, 50.6%, 45.4%, 38.6%, 51.8%, 46.2%, 47.8%, 54.0%, 54.4%, 56.4%, 57.4%, 57.8%, 56.0%, 43.2%, 52.2%, 46.2%, 50.4%, 46.0%, 29.4%, 41.2%]",,,,
19,weights,4,59,0.0396,1.52238359,1.461191639,0.000111111,48.2,"[36.6%, 50.6%, 45.4%, 38.6%, 51.8%, 46.2%, 47.8%, 54.0%, 54.4%, 56.4%, 57.4%, 57.8%, 56.0%, 43.2%, 52.2%, 46.2%, 50.4%, 46.0%, 29.4%, 43.6%]",,,,
19,weights,5,60,0.0396,1.519247476,1.480278507,0.000111111,48.24,"[36.6%, 50.6%, 45.4%, 38.6%, 51.8%, 46.2%, 47.8%, 54.0%, 54.4%, 56.4%, 57.4%, 57.8%, 56.0%, 43.2%, 52.2%, 46.2%, 50.4%, 46.0%, 29.4%, 44.4%]",,,,
19,weights,6,61,0.0396,1.508737659,1.476110592,0.000111111,48.15,"[36.6%, 50.6%, 45.4%, 38.6%, 51.8%, 46.2%, 47.8%, 54.0%, 54.4%, 56.4%, 57.4%, 57.8%, 56.0%, 43.2%, 52.2%, 46.2%, 50.4%, 46.0%, 29.4%, 42.6%]",,,,
19,weights,7,62,0.0396,1.48756788,1.450741306,0.000111111,48.28,"[36.6%, 50.6%, 45.4%, 38.6%, 51.8%, 46.2%, 47.8%, 54.0%, 54.4%, 56.4%, 57.4%, 57.8%, 56.0%, 43.2%, 52.2%, 46.2%, 50.4%, 46.0%, 29.4%, 45.2%]",,,,
19,weights,8,63,0.0396,1.479586524,1.453681424,0.000111111,48.34,"[36.6%, 50.6%, 45.4%, 38.6%, 51.8%, 46.2%, 47.8%, 54.0%, 54.4%, 56.4%, 57.4%, 57.8%, 56.0%, 43.2%, 52.2%, 46.2%, 50.4%, 46.0%, 29.4%, 46.4%]",,,,
19,weights,9,64,0.0396,1.496053978,1.461503834,0.000111111,48.13,"[36.6%, 50.6%, 45.4%, 38.6%, 51.8%, 46.2%, 47.8%, 54.0%, 54.4%, 56.4%, 57.4%, 57.8%, 56.0%, 43.2%, 52.2%, 46.2%, 50.4%, 46.0%, 29.4%, 42.2%]",,,,
19,weights,10,65,0.0396,1.495526884,1.445850253,0.000111111,48.28,"[36.6%, 50.6%, 45.4%, 38.6%, 51.8%, 46.2%, 47.8%, 54.0%, 54.4%, 56.4%, 57.4%, 57.8%, 56.0%, 43.2%, 52.2%, 46.2%, 50.4%, 46.0%, 29.4%, 45.2%]",,,,
19,weights,11,66,0.0396,1.496696946,1.440891445,0.000111111,48.41,"[36.6%, 50.6%, 45.4%, 38.6%, 51.8%, 46.2%, 47.8%, 54.0%, 54.4%, 56.4%, 57.4%, 57.8%, 56.0%, 43.2%, 52.2%, 46.2%, 50.4%, 46.0%, 29.4%, 47.8%]",,,,
19,weights,12,67,0.0396,1.476518163,1.43884629,0.000111111,48.35,"[36.6%, 50.6%, 45.4%, 38.6%, 51.8%, 46.2%, 47.8%, 54.0%, 54.4%, 56.4%, 57.4%, 57.8%, 56.0%, 43.2%, 52.2%, 46.2%, 50.4%, 46.0%, 29.4%, 46.6%]",,,,
19,weights,13,68,0.0396,1.458413015,1.427996263,0.000111111,48.28,"[36.6%, 50.6%, 45.4%, 38.6%, 51.8%, 46.2%, 47.8%, 54.0%, 54.4%, 56.4%, 57.4%, 57.8%, 56.0%, 43.2%, 52.2%, 46.2%, 50.4%, 46.0%, 29.4%, 45.2%]",,,,
19,weights,14,69,0.0396,1.471435032,1.451137587,0.000111111,48.24,"[36.6%, 50.6%, 45.4%, 38.6%, 51.8%, 46.2%, 47.8%, 54.0%, 54.4%, 56.4%, 57.4%, 57.8%, 56.0%, 43.2%, 52.2%, 46.2%, 50.4%, 46.0%, 29.4%, 44.4%]",,,,
19,weights,15,70,0.0396,1.483069735,1.44933264,0.000111111,48.22,"[36.6%, 50.6%, 45.4%, 38.6%, 51.8%, 46.2%, 47.8%, 54.0%, 54.4%, 56.4%, 57.4%, 57.8%, 56.0%, 43.2%, 52.2%, 46.2%, 50.4%, 46.0%, 29.4%, 44.0%]",,,,
19,weights,16,71,0.0396,1.459974013,1.443858162,0.000111111,48.25,"[36.6%, 50.6%, 45.4%, 38.6%, 51.8%, 46.2%, 47.8%, 54.0%, 54.4%, 56.4%, 57.4%, 57.8%, 56.0%, 43.2%, 52.2%, 46.2%, 50.4%, 46.0%, 29.4%, 44.6%]",,,,
19,weights,17,72,0.0396,1.43567983,1.411442876,0.000111111,48.25,"[36.6%, 50.6%, 45.4%, 38.6%, 51.8%, 46.2%, 47.8%, 54.0%, 54.4%, 56.4%, 57.4%, 57.8%, 56.0%, 43.2%, 52.2%, 46.2%, 50.4%, 46.0%, 29.4%, 44.6%]",,,,
19,weights,18,73,0.0396,1.457535427,1.431303561,0.000111111,48.25,"[36.6%, 50.6%, 45.4%, 38.6%, 51.8%, 46.2%, 47.8%, 54.0%, 54.4%, 56.4%, 57.4%, 57.8%, 56.0%, 43.2%, 52.2%, 46.2%, 50.4%, 46.0%, 29.4%, 44.6%]",,,,
19,weights,19,74,0.0396,1.447657406,1.433441192,0.000111111,48.22,"[36.6%, 50.6%, 45.4%, 38.6%, 51.8%, 46.2%, 47.8%, 54.0%, 54.4%, 56.4%, 57.4%, 57.8%, 56.0%, 43.2%, 52.2%, 46.2%, 50.4%, 46.0%, 29.4%, 44.0%]",,,,
19,weights,20,75,0.0396,1.453564401,1.394355819,0.000111111,48.34,"[36.6%, 50.6%, 45.4%, 38.6%, 51.8%, 46.2%, 47.8%, 54.0%, 54.4%, 56.4%, 57.4%, 57.8%, 56.0%, 43.2%, 52.2%, 46.2%, 50.4%, 46.0%, 29.4%, 46.4%]",,,,
19,weights,21,76,0.0396,1.447305301,1.41312471,0.000111111,48.33,"[36.6%, 50.6%, 45.4%, 38.6%, 51.8%, 46.2%, 47.8%, 54.0%, 54.4%, 56.4%, 57.4%, 57.8%, 56.0%, 43.2%, 52.2%, 46.2%, 50.4%, 46.0%, 29.4%, 46.2%]",,,,
19,weights,22,77,0.0396,1.430160762,1.389523149,0.000111111,48.31,"[36.6%, 50.6%, 45.4%, 38.6%, 51.8%, 46.2%, 47.8%, 54.0%, 54.4%, 56.4%, 57.4%, 57.8%, 56.0%, 43.2%, 52.2%, 46.2%, 50.4%, 46.0%, 29.4%, 45.8%]",,,,
19,weights,23,78,0.0396,1.443357944,1.43925257,0.000111111,48.31,"[36.6%, 50.6%, 45.4%, 38.6%, 51.8%, 46.2%, 47.8%, 54.0%, 54.4%, 56.4%, 57.4%, 57.8%, 56.0%, 43.2%, 52.2%, 46.2%, 50.4%, 46.0%, 29.4%, 45.8%]",,,,
19,weights,24,79,0.0396,1.425560809,1.426145971,0.000111111,48.21,"[36.6%, 50.6%, 45.4%, 38.6%, 51.8%, 46.2%, 47.8%, 54.0%, 54.4%, 56.4%, 57.4%, 57.8%, 56.0%, 43.2%, 52.2%, 46.2%, 50.4%, 46.0%, 29.4%, 43.8%]",,,,
19,weights,25,80,0.0396,1.438915837,1.403400123,0.000111111,48.29,"[36.6%, 50.6%, 45.4%, 38.6%, 51.8%, 46.2%, 47.8%, 54.0%, 54.4%, 56.4%, 57.4%, 57.8%, 56.0%, 43.2%, 52.2%, 46.2%, 50.4%, 46.0%, 29.4%, 45.4%]",15.59,"[0.0%, 40.6%, 28.6%, 0.0%, 32.6%, 15.8%, 27.0%, 34.2%, 39.0%, 32.6%, 42.2%, 0.0%, 10.2%, 0.0%, 9.0%, 0.0%, 0.0%, 0.0%, 0.0%, 0.0%]",29.6,"[20.3%, 33.4%, 31.6%, 25.1%, 39.4%, 16.8%, 36.7%, 28.5%, 27.8%, 26.3%, 45%, 29.6%, 44.9%, 21.8%, 40.2%, 30.8%, 36.9%, 21%, 10.5%, 25.7%]"
