task_idx,phase,epoch_in_phase,global_epoch,kappa,train_loss,val_loss,lr,til_avg,til_per_task,cil_stand_avg,cil_stand_per_task,cil_znorm_avg,cil_znorm_per_task
0,parallel,1,1,0.5,2.697358687,2.327328682,0.001,10,[10.0%],,,,
0,parallel,2,2,0.5,2.287133567,2.243136898,0.001,22.8,[22.8%],,,,
0,parallel,3,3,0.5,2.179612128,2.150170758,0.001,20.8,[20.8%],,,,
0,parallel,4,4,0.5,2.053050002,1.971505791,0.001,31.2,[31.2%],,,,
0,parallel,5,5,0.488916167,1.984091425,1.902761132,0.001,31.2,[31.2%],,,,
0,parallel,6,6,0.471691496,1.933196044,1.892623991,0.001,31,[31.0%],,,,
0,parallel,7,7,0.454819304,1.900290885,1.846948758,0.001,32.6,[32.6%],,,,
0,parallel,8,8,0.438299593,1.852228823,1.909259267,0.001,32,[32.0%],,,,
0,parallel,9,9,0.422132362,1.821080799,1.826614521,0.001,34.4,[34.4%],,,,
0,parallel,10,10,0.40631761,1.815251761,1.816270903,0.001,34.4,[34.4%],,,,
0,parallel,11,11,0.390855339,1.793035823,1.825943992,0.001,34.4,[34.4%],,,,
0,parallel,12,12,0.375745548,1.76311462,1.77662915,0.001,35.4,[35.4%],,,,
0,parallel,13,13,0.360988236,1.71566367,1.721116796,0.001,38.4,[38.4%],,,,
0,parallel,14,14,0.346583405,1.700662915,1.714274921,0.001,38.4,[38.4%],,,,
0,parallel,15,15,0.332531053,1.672666305,1.616016969,0.001,44.6,[44.6%],,,,
0,parallel,16,16,0.318831182,1.665215528,1.674578369,0.001,43.4,[43.4%],,,,
0,parallel,17,17,0.305483791,1.625640214,1.619897619,0.001,43.2,[43.2%],,,,
0,parallel,18,18,0.292488879,1.60044483,1.597049102,0.001,46.6,[46.6%],,,,
0,parallel,19,19,0.279846448,1.571113002,1.583060697,0.001,43.6,[43.6%],,,,
0,parallel,20,20,0.267556496,1.546905773,1.657407552,0.001,41.8,[41.8%],,,,
0,parallel,21,21,0.255619025,1.511083992,1.495523252,0.001,45.6,[45.6%],,,,
0,parallel,22,22,0.244034034,1.529426305,1.560827956,0.001,48.2,[48.2%],,,,
0,parallel,23,23,0.232801522,1.519029577,1.531658281,0.001,47.6,[47.6%],,,,
0,parallel,24,24,0.221921491,1.471113317,1.498673804,0.001,47.2,[47.2%],,,,
0,parallel,25,25,0.211393939,1.489578087,1.544690907,0.001,45.6,[45.6%],,,,
0,parallel,26,26,0.201218868,1.479799565,1.523034535,0.000333333,46.8,[46.8%],,,,
0,parallel,27,27,0.191396277,1.410705514,1.458657801,0.000333333,50.4,[50.4%],,,,
0,parallel,28,28,0.181926165,1.432346957,1.490124449,0.000333333,49.6,[49.6%],,,,
0,parallel,29,29,0.172808534,1.438171873,1.50789617,0.000333333,46.8,[46.8%],,,,
0,parallel,30,30,0.164043382,1.501653534,1.526243366,0.000333333,48.8,[48.8%],,,,
0,parallel,31,31,0.155630711,1.532417534,1.545033559,0.000333333,46.6,[46.6%],,,,
0,parallel,32,32,0.14757052,1.53354439,1.505351186,0.000111111,49,[49.0%],,,,
0,parallel,33,33,0.139862808,1.57655784,1.645394646,0.000111111,44,[44.0%],,,,
0,parallel,34,34,0.132507577,1.642761688,1.662695386,0.000111111,45.4,[45.4%],,,,
0,parallel,35,35,0.125504826,1.672641434,1.648751661,0.000111111,46.6,[46.6%],,,,
0,parallel,36,36,0.118854554,1.834925894,1.726013504,0.000111111,45.8,[45.8%],,,,
0,parallel,37,37,0.112556763,1.810617563,1.751471162,0.000111111,47.4,[47.4%],,,,
0,parallel,38,38,0.106611451,1.965604565,1.896453217,0.000111111,39.4,[39.4%],,,,
0,parallel,39,39,0.10101862,1.935982427,1.912456632,0.000111111,38,[38.0%],,,,
0,parallel,40,40,0.095778269,1.915382354,1.863886416,0.000111111,40.8,[40.8%],,,,
0,parallel,41,41,0.090890397,2.023211881,1.95529969,0.000111111,37.6,[37.6%],,,,
0,parallel,42,42,0.086355006,1.999981548,1.92546761,0.000111111,39,[39.0%],,,,
0,parallel,43,43,0.082172094,2.00198303,1.931321308,0.000111111,38.6,[38.6%],,,,
0,parallel,44,44,0.078341663,2.029476525,1.976589665,0.000111111,37.2,[37.2%],,,,
0,parallel,45,45,0.074863712,2.185207875,2.049964085,0.000111111,34.2,[34.2%],,,,
0,parallel,46,46,0.07173824,2.104068782,2.046020329,0.000111111,33.2,[33.2%],,,,
0,parallel,47,47,0.068965249,2.0832343,2.027958542,0.000111111,36.4,[36.4%],,,,
0,parallel,48,48,0.066544737,2.090440408,2.019774541,0.000111111,35.4,[35.4%],,,,
0,parallel,49,49,0.064476706,2.072303869,2.020380154,0.000111111,34.4,[34.4%],,,,
0,parallel,50,50,0.062761155,2.057438279,2.019609496,0.000111111,34.6,[34.6%],,,,
0,parallel,51,51,0.061398083,2.339675577,2.201163143,0.000111111,25.8,[25.8%],,,,
0,parallel,52,52,0.060387492,2.166328961,2.122836024,0.000111111,29.4,[29.4%],,,,
0,parallel,53,53,0.05972938,2.103181507,2.079516426,0.000111111,30,[30.0%],,,,
0,parallel,54,54,0.059423749,2.06714561,2.048659712,0.000111111,31.2,[31.2%],,,,
0,parallel,55,55,0.0594,2.028707663,2.024647087,0.000111111,32,[32.0%],,,,
0,weights,1,56,0.0594,2.000292829,1.99393703,0.000111111,33.6,[33.6%],,,,
0,weights,2,57,0.0594,1.989480747,1.966977119,0.000111111,35.4,[35.4%],,,,
0,weights,3,58,0.0594,1.973395032,1.962066695,0.000111111,33.2,[33.2%],,,,
0,weights,4,59,0.0594,1.956826575,1.942234516,0.000111111,34.6,[34.6%],,,,
0,weights,5,60,0.0594,1.942198495,1.926975027,0.000111111,36.2,[36.2%],,,,
0,weights,6,61,0.0594,1.939760172,1.926981628,0.000111111,34.8,[34.8%],,,,
0,weights,7,62,0.0594,1.918290279,1.910003752,0.000111111,36.8,[36.8%],,,,
0,weights,8,63,0.0594,1.918013956,1.895888507,0.000111111,35.8,[35.8%],,,,
0,weights,9,64,0.0594,1.90102775,1.892275319,0.000111111,35,[35.0%],,,,
0,weights,10,65,0.0594,1.894528831,1.883464903,0.000111111,36.2,[36.2%],,,,
0,weights,11,66,0.0594,1.896299638,1.878921054,0.000111111,36.6,[36.6%],,,,
0,weights,12,67,0.0594,1.873290392,1.869449452,0.000111111,35.4,[35.4%],,,,
0,weights,13,68,0.0594,1.874304058,1.860754013,0.000111111,37,[37.0%],,,,
0,weights,14,69,0.0594,1.856725557,1.857666999,0.000111111,36.2,[36.2%],,,,
0,weights,15,70,0.0594,1.85907683,1.840157755,0.000111111,37.4,[37.4%],,,,
0,weights,16,71,0.0594,1.84755716,1.835706055,0.000111111,37.4,[37.4%],,,,
0,weights,17,72,0.0594,1.845102675,1.831640325,0.000111111,36.8,[36.8%],,,,
0,weights,18,73,0.0594,1.834099477,1.823053062,0.000111111,37.6,[37.6%],,,,
0,weights,19,74,0.0594,1.83601771,1.814305946,0.000111111,38.2,[38.2%],,,,
0,weights,20,75,0.0594,1.821058706,1.817479342,0.000111111,38,[38.0%],,,,
0,weights,21,76,0.0594,1.814971316,1.798039027,0.000111111,38.8,[38.8%],,,,
0,weights,22,77,0.0594,1.814509716,1.821093664,0.000111111,37.6,[37.6%],,,,
0,weights,23,78,0.0594,1.818708895,1.805185348,0.000111111,38,[38.0%],,,,
0,weights,24,79,0.0594,1.797192574,1.790263779,0.000111111,37.8,[37.8%],,,,
0,weights,25,80,0.0594,1.788859755,1.783797845,0.000111111,38.8,[38.8%],38.8,[38.8%],41.6,[41.6%]
1,parallel,1,1,0.5,3.142011498,2.339198083,0.000111111,26.4,"[38.8%, 14.0%]",,,,
1,parallel,2,2,0.5,2.301201751,2.260745496,0.000111111,26.4,"[38.8%, 14.0%]",,,,
1,parallel,3,3,0.5,2.20092344,2.08798331,0.000111111,31.1,"[38.8%, 23.4%]",,,,
1,parallel,4,4,0.5,2.103058992,2.050262585,0.000111111,33.2,"[38.8%, 27.6%]",,,,
1,parallel,5,5,0.488889952,2.045819971,1.937669471,0.000111111,35.4,"[38.8%, 32.0%]",,,,
1,parallel,6,6,0.471624541,1.960802641,1.909192875,0.000111111,36.2,"[38.8%, 33.6%]",,,,
1,parallel,7,7,0.454712443,1.903137669,1.764131576,0.000111111,39.8,"[38.8%, 40.8%]",,,,
1,parallel,8,8,0.43815366,1.812720961,1.69520098,0.000111111,40.7,"[38.8%, 42.6%]",,,,
1,parallel,9,9,0.42194819,1.743915411,1.652717277,0.000111111,41.9,"[38.8%, 45.0%]",,,,
1,parallel,10,10,0.406096033,1.694680059,1.608834311,0.000111111,42.8,"[38.8%, 46.8%]",,,,
1,parallel,11,11,0.39059719,1.659350984,1.57260336,0.000111111,44.4,"[38.8%, 50.0%]",,,,
1,parallel,12,12,0.375451661,1.608556707,1.605902366,0.000111111,42.5,"[38.8%, 46.2%]",,,,
1,parallel,13,13,0.360659446,1.599227904,1.530870043,0.000111111,43.7,"[38.8%, 48.6%]",,,,
1,parallel,14,14,0.346220544,1.534663105,1.43422047,0.000111111,45.6,"[38.8%, 52.4%]",,,,
1,parallel,15,15,0.332134957,1.508393478,1.47899434,0.000111111,44.3,"[38.8%, 49.8%]",,,,
1,parallel,16,16,0.318402682,1.529579833,1.437152386,0.000111111,45.3,"[38.8%, 51.8%]",,,,
1,parallel,17,17,0.305023722,1.481600592,1.458543301,0.000111111,44.5,"[38.8%, 50.2%]",,,,
1,parallel,18,18,0.291998075,1.470158171,1.37356776,0.000111111,47.6,"[38.8%, 56.4%]",,,,
1,parallel,19,19,0.279325742,1.466905541,1.474707052,0.000111111,44.8,"[38.8%, 50.8%]",,,,
1,parallel,20,20,0.267006722,1.443874754,1.444703385,0.000111111,44.7,"[38.8%, 50.6%]",,,,
1,parallel,21,21,0.255041016,1.446630019,1.345574535,0.000111111,46.4,"[38.8%, 54.0%]",,,,
1,parallel,22,22,0.243428624,1.422755546,1.408768184,0.000111111,45.6,"[38.8%, 52.4%]",,,,
1,parallel,23,23,0.232169546,1.411882915,1.365597293,0.000111111,46,"[38.8%, 53.2%]",,,,
1,parallel,24,24,0.221263781,1.393230868,1.38223663,0.000111111,45.5,"[38.8%, 52.2%]",,,,
1,parallel,25,25,0.21071133,1.40428502,1.417084217,0.000111111,44.9,"[38.8%, 51.0%]",,,,
1,parallel,26,26,0.200512192,1.386856004,1.40812277,0.000111111,45.3,"[38.8%, 51.8%]",,,,
1,parallel,27,27,0.190666368,1.373518932,1.501738876,0.000111111,43.2,"[38.8%, 47.6%]",,,,
1,parallel,28,28,0.181173858,1.405258352,1.339107484,0.000111111,46.5,"[38.8%, 54.2%]",,,,
1,parallel,29,29,0.172034662,1.388468602,1.350406297,0.000111111,46.5,"[38.8%, 54.2%]",,,,
1,parallel,30,30,0.163248779,1.390433763,1.45797573,0.000111111,44.6,"[38.8%, 50.4%]",,,,
1,parallel,31,31,0.15481621,1.425767103,1.375709213,0.000111111,47.2,"[38.8%, 55.6%]",,,,
1,parallel,32,32,0.146736955,1.412717563,1.445649251,0.000111111,46,"[38.8%, 53.2%]",,,,
1,parallel,33,33,0.139011013,1.472701334,1.465452135,0.000111111,44.6,"[38.8%, 50.4%]",,,,
1,parallel,34,34,0.131638385,1.465726246,1.410492852,0.000111111,45.9,"[38.8%, 53.0%]",,,,
1,parallel,35,35,0.124619071,1.463431882,1.421070136,0.000111111,45.7,"[38.8%, 52.6%]",,,,
1,parallel,36,36,0.117953071,1.462874231,1.489037193,0.000111111,44.3,"[38.8%, 49.8%]",,,,
1,parallel,37,37,0.111640384,1.473222392,1.367865443,0.000111111,47.2,"[38.8%, 55.6%]",,,,
1,parallel,38,38,0.10568101,1.514178804,1.445019335,0.000111111,46.3,"[38.8%, 53.8%]",,,,
1,parallel,39,39,0.100074951,1.523916773,1.420672864,0.000111111,46,"[38.8%, 53.2%]",,,,
1,parallel,40,40,0.094822205,1.477863191,1.462533012,0.000111111,44.4,"[38.8%, 50.0%]",,,,
1,parallel,41,41,0.089922773,1.602173321,1.498019561,0.000111111,44.4,"[38.8%, 50.0%]",,,,
1,parallel,42,42,0.085376654,1.592452808,1.486841381,0.000111111,44.6,"[38.8%, 50.4%]",,,,
1,parallel,43,43,0.08118385,1.535679959,1.513157569,0.000111111,43.4,"[38.8%, 48.0%]",,,,
1,parallel,44,44,0.077344358,1.697372335,1.696612567,0.000111111,41.3,"[38.8%, 43.8%]",,,,
1,parallel,45,45,0.073858181,1.707483599,1.628039896,0.000111111,44.3,"[38.8%, 49.8%]",,,,
1,parallel,46,46,0.070725317,1.664466236,1.60931614,0.000111111,42.6,"[38.8%, 46.4%]",,,,
1,parallel,47,47,0.067945767,1.713244634,1.597607225,0.000111111,43.6,"[38.8%, 48.4%]",,,,
1,parallel,48,48,0.065519531,1.640387505,1.56193018,0.000111111,43.9,"[38.8%, 49.0%]",,,,
1,parallel,49,49,0.063446608,1.600532763,1.612250686,0.000111111,42.2,"[38.8%, 45.6%]",,,,
1,parallel,50,50,0.061726999,1.845090176,1.738383055,0.000111111,40.4,"[38.8%, 42.0%]",,,,
1,parallel,51,51,0.060360704,1.769522646,1.687813655,0.000111111,40.8,"[38.8%, 42.8%]",,,,
1,parallel,52,52,0.059347722,1.710439119,1.679655582,0.000111111,40.5,"[38.8%, 42.2%]",,,,
1,parallel,53,53,0.058688054,1.683027218,1.645010442,0.000111111,42.8,"[38.8%, 46.8%]",,,,
1,parallel,54,54,0.0583817,1.682912658,1.614331692,0.000111111,44,"[38.8%, 49.2%]",,,,
1,parallel,55,55,0.058357895,1.649667198,1.55547832,0.000111111,44.4,"[38.8%, 50.0%]",,,,
1,weights,1,56,0.058357895,1.609408214,1.556823075,0.000111111,42.6,"[38.8%, 46.4%]",,,,
1,weights,2,57,0.058357895,1.582516543,1.520396635,0.000111111,43.9,"[38.8%, 49.0%]",,,,
1,weights,3,58,0.058357895,1.567880757,1.532782897,0.000111111,44,"[38.8%, 49.2%]",,,,
1,weights,4,59,0.058357895,1.559009892,1.519917026,0.000111111,43.5,"[38.8%, 48.2%]",,,,
1,weights,5,60,0.058357895,1.541102366,1.485297844,0.000111111,44.2,"[38.8%, 49.6%]",,,,
1,weights,6,61,0.058357895,1.501959279,1.454445906,0.000111111,45,"[38.8%, 51.2%]",,,,
1,weights,7,62,0.058357895,1.508133111,1.503845781,0.000111111,44.6,"[38.8%, 50.4%]",,,,
1,weights,8,63,0.058357895,1.487545638,1.489927217,0.000111111,44.4,"[38.8%, 50.0%]",,,,
1,weights,9,64,0.058357895,1.465196964,1.563376635,0.000111111,42.5,"[38.8%, 46.2%]",,,,
1,weights,10,65,0.058357895,1.471700516,1.45152349,0.000111111,43.8,"[38.8%, 48.8%]",,,,
1,weights,11,66,0.058357895,1.474053246,1.523441777,0.000111111,42.3,"[38.8%, 45.8%]",,,,
1,weights,12,67,0.058357895,1.457449625,1.498786718,0.000111111,43.8,"[38.8%, 48.8%]",,,,
1,weights,13,68,0.058357895,1.437314614,1.432258978,0.000111111,45.2,"[38.8%, 51.6%]",,,,
1,weights,14,69,0.058357895,1.436304661,1.506013304,0.000111111,43.6,"[38.8%, 48.4%]",,,,
1,weights,15,70,0.058357895,1.433310709,1.449383192,0.000111111,44.5,"[38.8%, 50.2%]",,,,
1,weights,16,71,0.058357895,1.420509658,1.425957277,0.000111111,45.6,"[38.8%, 52.4%]",,,,
1,weights,17,72,0.058357895,1.411558347,1.432969175,0.000111111,45.6,"[38.8%, 52.4%]",,,,
1,weights,18,73,0.058357895,1.381797606,1.413476974,0.000111111,45,"[38.8%, 51.2%]",,,,
1,weights,19,74,0.058357895,1.401510732,1.393956162,0.000111111,46,"[38.8%, 53.2%]",,,,
1,weights,20,75,0.058357895,1.379284486,1.410753526,0.000111111,45.1,"[38.8%, 51.4%]",,,,
1,weights,21,76,0.058357895,1.384468999,1.424817748,0.000111111,45.2,"[38.8%, 51.6%]",,,,
1,weights,22,77,0.058357895,1.379641101,1.422840089,0.000111111,45.1,"[38.8%, 51.4%]",,,,
1,weights,23,78,0.058357895,1.380422212,1.457502715,0.000111111,44.6,"[38.8%, 50.4%]",,,,
1,weights,24,79,0.058357895,1.366480234,1.375305019,0.000111111,45.5,"[38.8%, 52.2%]",,,,
1,weights,25,80,0.058357895,1.350132853,1.398985833,0.000111111,46.3,"[38.8%, 53.8%]",32.3,"[10.8%, 53.8%]",45.35,"[41.9%, 48.8%]"
2,parallel,1,1,0.5,3.655253751,2.350282699,0.000111111,34.2,"[38.8%, 53.8%, 10.0%]",,,,
2,parallel,2,2,0.5,2.340053914,2.330628723,0.000111111,34.2,"[38.8%, 53.8%, 10.0%]",,,,
2,parallel,3,3,0.5,2.300708508,2.222810268,0.000111111,36.8,"[38.8%, 53.8%, 17.8%]",,,,
2,parallel,4,4,0.5,2.151795867,2.089465737,0.000111111,37.46666667,"[38.8%, 53.8%, 19.8%]",,,,
2,parallel,5,5,0.488863736,2.052755735,1.966308787,0.000111111,39.93333333,"[38.8%, 53.8%, 27.2%]",,,,
2,parallel,6,6,0.471557586,1.99613468,1.932248585,0.000111111,39.86666667,"[38.8%, 53.8%, 27.0%]",,,,
2,parallel,7,7,0.454605582,1.930225433,1.870797798,0.000111111,41.53333333,"[38.8%, 53.8%, 32.0%]",,,,
2,parallel,8,8,0.438007726,1.854696102,1.84791097,0.000111111,42.33333333,"[38.8%, 53.8%, 34.4%]",,,,
2,parallel,9,9,0.421764017,1.822261044,1.88589564,0.000111111,40.13333333,"[38.8%, 53.8%, 27.8%]",,,,
2,parallel,10,10,0.405874456,1.785132413,1.737842262,0.000111111,42.53333333,"[38.8%, 53.8%, 35.0%]",,,,
2,parallel,11,11,0.390339042,1.706488934,1.733425498,0.000111111,43.13333333,"[38.8%, 53.8%, 36.8%]",,,,
2,parallel,12,12,0.375157775,1.662448024,1.671521179,0.000111111,43.86666667,"[38.8%, 53.8%, 39.0%]",,,,
2,parallel,13,13,0.360330656,1.600729757,1.64538116,0.000111111,43.86666667,"[38.8%, 53.8%, 39.0%]",,,,
2,parallel,14,14,0.345857684,1.58635418,1.685472816,0.000111111,44.33333333,"[38.8%, 53.8%, 40.4%]",,,,
2,parallel,15,15,0.33173886,1.550529011,1.692733139,0.000111111,44.46666667,"[38.8%, 53.8%, 40.8%]",,,,
2,parallel,16,16,0.317974183,1.557479549,1.598993741,0.000111111,45.26666667,"[38.8%, 53.8%, 43.2%]",,,,
2,parallel,17,17,0.304563653,1.523865031,1.74126108,0.000111111,43.93333333,"[38.8%, 53.8%, 39.2%]",,,,
2,parallel,18,18,0.29150727,1.524132511,1.617271796,0.000111111,44.26666667,"[38.8%, 53.8%, 40.2%]",,,,
2,parallel,19,19,0.278805035,1.530413616,1.683039904,0.000111111,43.26666667,"[38.8%, 53.8%, 37.2%]",,,,
2,parallel,20,20,0.266456948,1.518305863,1.542737417,0.000111111,45.46666667,"[38.8%, 53.8%, 43.8%]",,,,
2,parallel,21,21,0.254463007,1.481208907,1.712815426,0.000111111,43.66666667,"[38.8%, 53.8%, 38.4%]",,,,
2,parallel,22,22,0.242823214,1.472120496,1.538591161,0.000111111,45.73333333,"[38.8%, 53.8%, 44.6%]",,,,
2,parallel,23,23,0.231537569,1.48281368,1.526433729,0.000111111,46.46666667,"[38.8%, 53.8%, 46.8%]",,,,
2,parallel,24,24,0.220606071,1.453241754,1.589192547,0.000111111,45.86666667,"[38.8%, 53.8%, 45.0%]",,,,
2,parallel,25,25,0.21002872,1.467978809,1.522925191,0.000111111,46.86666667,"[38.8%, 53.8%, 48.0%]",,,,
2,parallel,26,26,0.199805516,1.475618138,1.593484506,0.000111111,45.86666667,"[38.8%, 53.8%, 45.0%]",,,,
2,parallel,27,27,0.18993646,1.449080179,1.531553589,0.000111111,46.26666667,"[38.8%, 53.8%, 46.2%]",,,,
2,parallel,28,28,0.180421551,1.471268136,1.507141892,0.000111111,46.86666667,"[38.8%, 53.8%, 48.0%]",,,,
2,parallel,29,29,0.17126079,1.499702411,1.54832574,0.000111111,45.86666667,"[38.8%, 53.8%, 45.0%]",,,,
2,parallel,30,30,0.162454176,1.50482068,1.581150681,0.000111111,46,"[38.8%, 53.8%, 45.4%]",,,,
2,parallel,31,31,0.154001709,1.480461575,1.537186943,0.000111111,46.73333333,"[38.8%, 53.8%, 47.6%]",,,,
2,parallel,32,32,0.14590339,1.493753823,1.645498179,0.000111111,45.4,"[38.8%, 53.8%, 43.6%]",,,,
2,parallel,33,33,0.138159218,1.513100396,1.538198777,0.000111111,46.53333333,"[38.8%, 53.8%, 47.0%]",,,,
2,parallel,34,34,0.130769194,1.501828901,1.570897736,0.000111111,44.86666667,"[38.8%, 53.8%, 42.0%]",,,,
2,parallel,35,35,0.123733317,1.591026092,1.648448661,0.000111111,44.73333333,"[38.8%, 53.8%, 41.6%]",,,,
2,parallel,36,36,0.117051587,1.578567061,1.595888466,0.000111111,45.06666667,"[38.8%, 53.8%, 42.6%]",,,,
2,parallel,37,37,0.110724004,1.523418858,1.567861713,0.000111111,45.73333333,"[38.8%, 53.8%, 44.6%]",,,,
2,parallel,38,38,0.104750569,1.695118916,1.643063545,0.000111111,45.06666667,"[38.8%, 53.8%, 42.6%]",,,,
2,parallel,39,39,0.099131282,1.614723373,1.611573689,0.000111111,44.86666667,"[38.8%, 53.8%, 42.0%]",,,,
2,parallel,40,40,0.093866141,1.588897494,1.649778143,0.000111111,45,"[38.8%, 53.8%, 42.4%]",,,,
2,parallel,41,41,0.088955149,1.691815716,1.685032502,0.000111111,44.2,"[38.8%, 53.8%, 40.0%]",,,,
2,parallel,42,42,0.084398303,1.624857275,1.682640009,0.000111111,43.86666667,"[38.8%, 53.8%, 39.0%]",,,,
2,parallel,43,43,0.080195605,1.626462155,1.63918677,0.000111111,44.73333333,"[38.8%, 53.8%, 41.6%]",,,,
2,parallel,44,44,0.076347054,1.720370352,1.69116725,0.000111111,43.66666667,"[38.8%, 53.8%, 38.4%]",,,,
2,parallel,45,45,0.07285265,1.699037801,1.68373888,0.000111111,44.4,"[38.8%, 53.8%, 40.6%]",,,,
2,parallel,46,46,0.069712394,1.696143081,1.711675659,0.000111111,43.73333333,"[38.8%, 53.8%, 38.6%]",,,,
2,parallel,47,47,0.066926286,1.695132923,1.685263716,0.000111111,44.53333333,"[38.8%, 53.8%, 41.0%]",,,,
2,parallel,48,48,0.064494324,1.65583006,1.665997766,0.000111111,44.06666667,"[38.8%, 53.8%, 39.6%]",,,,
2,parallel,49,49,0.06241651,1.758650013,1.81881167,0.000111111,42.93333333,"[38.8%, 53.8%, 36.2%]",,,,
2,parallel,50,50,0.060692844,1.74052749,1.751366585,0.000111111,43,"[38.8%, 53.8%, 36.4%]",,,,
2,parallel,51,51,0.059323324,1.677455846,1.780566171,0.000111111,42.53333333,"[38.8%, 53.8%, 35.0%]",,,,
2,parallel,52,52,0.058307953,1.693202028,1.722594574,0.000111111,43.8,"[38.8%, 53.8%, 38.8%]",,,,
2,parallel,53,53,0.057646728,1.652009893,1.674731925,0.000111111,44.46666667,"[38.8%, 53.8%, 40.8%]",,,,
2,parallel,54,54,0.057339651,1.650198902,1.70922786,0.000111111,43.46666667,"[38.8%, 53.8%, 37.8%]",,,,
2,parallel,55,55,0.057315789,1.628556273,1.668519057,0.000111111,43.33333333,"[38.8%, 53.8%, 37.4%]",,,,
2,weights,1,56,0.057315789,1.593982245,1.657669052,0.000111111,44.6,"[38.8%, 53.8%, 41.2%]",,,,
2,weights,2,57,0.057315789,1.585051211,1.62050698,0.000111111,44.93333333,"[38.8%, 53.8%, 42.2%]",,,,
2,weights,3,58,0.057315789,1.569290736,1.615397513,0.000111111,44.66666667,"[38.8%, 53.8%, 41.4%]",,,,
2,weights,4,59,0.057315789,1.543450764,1.613481373,0.000111111,45.53333333,"[38.8%, 53.8%, 44.0%]",,,,
2,weights,5,60,0.057315789,1.546526251,1.585376479,0.000111111,45.6,"[38.8%, 53.8%, 44.2%]",,,,
2,weights,6,61,0.057315789,1.53894433,1.593101099,0.000111111,44.6,"[38.8%, 53.8%, 41.2%]",,,,
2,weights,7,62,0.057315789,1.538560138,1.585613415,0.000111111,45.26666667,"[38.8%, 53.8%, 43.2%]",,,,
2,weights,8,63,0.057315789,1.517402997,1.563002273,0.000111111,45.8,"[38.8%, 53.8%, 44.8%]",,,,
2,weights,9,64,0.057315789,1.513298674,1.568442635,0.000111111,45.8,"[38.8%, 53.8%, 44.8%]",,,,
2,weights,10,65,0.057315789,1.493364823,1.623501591,0.000111111,45.73333333,"[38.8%, 53.8%, 44.6%]",,,,
2,weights,11,66,0.057315789,1.502940628,1.574526295,0.000111111,45.66666667,"[38.8%, 53.8%, 44.4%]",,,,
2,weights,12,67,0.057315789,1.476797105,1.605250873,0.000111111,45.13333333,"[38.8%, 53.8%, 42.8%]",,,,
2,weights,13,68,0.057315789,1.478208693,1.55905316,0.000111111,45.93333333,"[38.8%, 53.8%, 45.2%]",,,,
2,weights,14,69,0.057315789,1.497288085,1.552510604,0.000111111,45.46666667,"[38.8%, 53.8%, 43.8%]",,,,
2,weights,15,70,0.057315789,1.469498183,1.614776641,0.000111111,45.46666667,"[38.8%, 53.8%, 43.8%]",,,,
2,weights,16,71,0.057315789,1.469655794,1.611632995,0.000111111,45.66666667,"[38.8%, 53.8%, 44.4%]",,,,
2,weights,17,72,0.057315789,1.459099051,1.559792258,0.000111111,45.93333333,"[38.8%, 53.8%, 45.2%]",,,,
2,weights,18,73,0.057315789,1.462661038,1.653484032,0.000111111,46,"[38.8%, 53.8%, 45.4%]",,,,
2,weights,19,74,0.057315789,1.465808275,1.601861432,0.000111111,45.4,"[38.8%, 53.8%, 43.6%]",,,,
2,weights,20,75,0.057315789,1.441578133,1.541137375,0.000111111,45.73333333,"[38.8%, 53.8%, 44.6%]",,,,
2,weights,21,76,0.057315789,1.455677802,1.601093173,0.000111111,46.33333333,"[38.8%, 53.8%, 46.4%]",,,,
2,weights,22,77,0.057315789,1.453449578,1.548157334,0.000111111,46.4,"[38.8%, 53.8%, 46.6%]",,,,
2,weights,23,78,0.057315789,1.446273514,1.728176475,0.000111111,45.4,"[38.8%, 53.8%, 43.6%]",,,,
2,weights,24,79,0.057315789,1.468913385,1.538973853,0.000111111,46.66666667,"[38.8%, 53.8%, 47.4%]",,,,
2,weights,25,80,0.057315789,1.43751849,1.528991327,0.000111111,46.6,"[38.8%, 53.8%, 47.2%]",30.4,"[10.8%, 51.0%, 29.4%]",37.56666667,"[35%, 41.8%, 36.3%]"
3,parallel,1,1,0.5,4.332633535,2.376013428,0.000111111,37.45,"[38.8%, 53.8%, 47.2%, 10.0%]",,,,
3,parallel,2,2,0.5,2.32888162,2.287260383,0.000111111,38.35,"[38.8%, 53.8%, 47.2%, 13.6%]",,,,
3,parallel,3,3,0.5,2.235414605,2.15809384,0.000111111,39.75,"[38.8%, 53.8%, 47.2%, 19.2%]",,,,
3,parallel,4,4,0.5,2.096645898,1.977673367,0.000111111,40.6,"[38.8%, 53.8%, 47.2%, 22.6%]",,,,
3,parallel,5,5,0.488837521,2.010428162,1.929754898,0.000111111,41.7,"[38.8%, 53.8%, 47.2%, 27.0%]",,,,
3,parallel,6,6,0.47149063,1.9510066,1.894207299,0.000111111,41.9,"[38.8%, 53.8%, 47.2%, 27.8%]",,,,
3,parallel,7,7,0.454498721,1.908465105,1.927412823,0.000111111,41.45,"[38.8%, 53.8%, 47.2%, 26.0%]",,,,
3,parallel,8,8,0.437861792,1.867918591,1.843961924,0.000111111,42.95,"[38.8%, 53.8%, 47.2%, 32.0%]",,,,
3,parallel,9,9,0.421579845,1.805342742,1.821119577,0.000111111,43.05,"[38.8%, 53.8%, 47.2%, 32.4%]",,,,
3,parallel,10,10,0.405652879,1.806832433,1.798912898,0.000111111,43.1,"[38.8%, 53.8%, 47.2%, 32.6%]",,,,
3,parallel,11,11,0.390080893,1.819826431,1.812965006,0.000111111,42.75,"[38.8%, 53.8%, 47.2%, 31.2%]",,,,
3,parallel,12,12,0.374863889,1.74519921,1.651246145,0.000111111,43.95,"[38.8%, 53.8%, 47.2%, 36.0%]",,,,
3,parallel,13,13,0.360001866,1.713509379,1.735084042,0.000111111,43.95,"[38.8%, 53.8%, 47.2%, 36.0%]",,,,
3,parallel,14,14,0.345494824,1.677339534,1.629259482,0.000111111,44.85,"[38.8%, 53.8%, 47.2%, 39.6%]",,,,
3,parallel,15,15,0.331342763,1.648414532,1.57228604,0.000111111,45.8,"[38.8%, 53.8%, 47.2%, 43.4%]",,,,
3,parallel,16,16,0.317545683,1.631183707,1.598206252,0.000111111,44.9,"[38.8%, 53.8%, 47.2%, 39.8%]",,,,
3,parallel,17,17,0.304103584,1.630603559,1.580050796,0.000111111,45.05,"[38.8%, 53.8%, 47.2%, 40.4%]",,,,
3,parallel,18,18,0.291016466,1.601347546,1.558255218,0.000111111,45.8,"[38.8%, 53.8%, 47.2%, 43.4%]",,,,
3,parallel,19,19,0.278284329,1.551976797,1.589860693,0.000111111,45.05,"[38.8%, 53.8%, 47.2%, 40.4%]",,,,
3,parallel,20,20,0.265907173,1.565318864,1.498754472,0.000111111,46.05,"[38.8%, 53.8%, 47.2%, 44.4%]",,,,
3,parallel,21,21,0.253884998,1.553187689,1.47299578,0.000111111,46.05,"[38.8%, 53.8%, 47.2%, 44.4%]",,,,
3,parallel,22,22,0.242217805,1.587048935,1.515890777,0.000111111,46.45,"[38.8%, 53.8%, 47.2%, 46.0%]",,,,
3,parallel,23,23,0.230905592,1.57173092,1.444800943,0.000111111,46.4,"[38.8%, 53.8%, 47.2%, 45.8%]",,,,
3,parallel,24,24,0.21994836,1.525520248,1.493910186,0.000111111,46.3,"[38.8%, 53.8%, 47.2%, 45.4%]",,,,
3,parallel,25,25,0.20934611,1.527642654,1.455166608,0.000111111,46.3,"[38.8%, 53.8%, 47.2%, 45.4%]",,,,
3,parallel,26,26,0.19909884,1.576288691,1.520575486,0.000111111,45.85,"[38.8%, 53.8%, 47.2%, 43.6%]",,,,
3,parallel,27,27,0.189206552,1.534407611,1.504073337,0.000111111,46,"[38.8%, 53.8%, 47.2%, 44.2%]",,,,
3,parallel,28,28,0.179669245,1.585309175,1.490717337,0.000111111,45.55,"[38.8%, 53.8%, 47.2%, 42.4%]",,,,
3,parallel,29,29,0.170486918,1.549940954,1.492765471,0.000111111,45.95,"[38.8%, 53.8%, 47.2%, 44.0%]",,,,
3,parallel,30,30,0.161659573,1.514057167,1.502295323,0.000111111,45.85,"[38.8%, 53.8%, 47.2%, 43.6%]",,,,
3,parallel,31,31,0.153187209,1.59498067,1.603199974,0.000111111,45.15,"[38.8%, 53.8%, 47.2%, 40.8%]",,,,
3,parallel,32,32,0.145069826,1.567736347,1.543746009,0.000111111,45.45,"[38.8%, 53.8%, 47.2%, 42.0%]",,,,
3,parallel,33,33,0.137307423,1.588668911,1.557959646,0.000111111,45.6,"[38.8%, 53.8%, 47.2%, 42.6%]",,,,
3,parallel,34,34,0.129900002,1.603634146,1.571524397,0.000111111,45.95,"[38.8%, 53.8%, 47.2%, 44.0%]",,,,
3,parallel,35,35,0.122847562,1.663833312,1.576809958,0.000111111,46.1,"[38.8%, 53.8%, 47.2%, 44.6%]",,,,
3,parallel,36,36,0.116150103,1.634589503,1.572903156,0.000111111,45.8,"[38.8%, 53.8%, 47.2%, 43.4%]",,,,
3,parallel,37,37,0.109807625,1.601878792,1.686733067,0.000111111,44.7,"[38.8%, 53.8%, 47.2%, 39.0%]",,,,
3,parallel,38,38,0.103820129,1.800544704,1.599926993,0.000111111,45.2,"[38.8%, 53.8%, 47.2%, 41.0%]",,,,
3,parallel,39,39,0.098187613,1.733300337,1.667730555,0.000111111,44.55,"[38.8%, 53.8%, 47.2%, 38.4%]",,,,
3,parallel,40,40,0.092910078,1.854531454,1.818799227,0.000111111,44.2,"[38.8%, 53.8%, 47.2%, 37.0%]",,,,
3,parallel,41,41,0.087987524,1.802929946,1.746384427,0.000111111,43.7,"[38.8%, 53.8%, 47.2%, 35.0%]",,,,
3,parallel,42,42,0.083419952,1.797460093,1.724078044,0.000111111,44.7,"[38.8%, 53.8%, 47.2%, 39.0%]",,,,
3,parallel,43,43,0.07920736,1.779166889,1.779615894,0.000111111,44,"[38.8%, 53.8%, 47.2%, 36.2%]",,,,
3,parallel,44,44,0.075349749,1.94130614,1.772145018,0.000111111,44.7,"[38.8%, 53.8%, 47.2%, 39.0%]",,,,
3,parallel,45,45,0.07184712,1.843533463,1.780803874,0.000111111,44.45,"[38.8%, 53.8%, 47.2%, 38.0%]",,,,
3,parallel,46,46,0.068699471,1.874156953,1.834889919,0.000111111,43.65,"[38.8%, 53.8%, 47.2%, 34.8%]",,,,
3,parallel,47,47,0.065906804,1.8421929,1.768929943,0.000111111,43.5,"[38.8%, 53.8%, 47.2%, 34.2%]",,,,
3,parallel,48,48,0.063469118,1.815353569,1.737070501,0.000111111,44.3,"[38.8%, 53.8%, 47.2%, 37.4%]",,,,
3,parallel,49,49,0.061386412,2.055710602,2.001023233,0.000111111,41.5,"[38.8%, 53.8%, 47.2%, 26.2%]",,,,
3,parallel,50,50,0.059658688,1.998776665,1.91021584,0.000111111,42.9,"[38.8%, 53.8%, 47.2%, 31.8%]",,,,
3,parallel,51,51,0.058285945,1.9854188,1.934001699,0.000111111,43.55,"[38.8%, 53.8%, 47.2%, 34.4%]",,,,
3,parallel,52,52,0.057268183,1.942301915,1.883846909,0.000111111,42.4,"[38.8%, 53.8%, 47.2%, 29.8%]",,,,
3,parallel,53,53,0.056605402,1.914377947,1.889816925,0.000111111,43.15,"[38.8%, 53.8%, 47.2%, 32.8%]",,,,
3,parallel,54,54,0.056297602,1.912677341,1.893829361,0.000111111,42.75,"[38.8%, 53.8%, 47.2%, 31.2%]",,,,
3,parallel,55,55,0.056273684,1.877179606,1.807877064,0.000111111,43.75,"[38.8%, 53.8%, 47.2%, 35.2%]",,,,
3,weights,1,56,0.056273684,1.850710636,1.844627231,0.000111111,42.95,"[38.8%, 53.8%, 47.2%, 32.0%]",,,,
3,weights,2,57,0.056273684,1.831997672,1.809357017,0.000111111,43.1,"[38.8%, 53.8%, 47.2%, 32.6%]",,,,
3,weights,3,58,0.056273684,1.838659451,1.802303761,0.000111111,43.65,"[38.8%, 53.8%, 47.2%, 34.8%]",,,,
3,weights,4,59,0.056273684,1.829809175,1.778658584,0.000111111,43.4,"[38.8%, 53.8%, 47.2%, 33.8%]",,,,
3,weights,5,60,0.056273684,1.793808088,1.806640655,0.000111111,43.2,"[38.8%, 53.8%, 47.2%, 33.0%]",,,,
3,weights,6,61,0.056273684,1.79877087,1.720639363,0.000111111,43.9,"[38.8%, 53.8%, 47.2%, 35.8%]",,,,
3,weights,7,62,0.056273684,1.765491644,1.756434515,0.000111111,43.9,"[38.8%, 53.8%, 47.2%, 35.8%]",,,,
3,weights,8,63,0.056273684,1.756319752,1.705987394,0.000111111,44.6,"[38.8%, 53.8%, 47.2%, 38.6%]",,,,
3,weights,9,64,0.056273684,1.749108221,1.678315818,0.000111111,44.8,"[38.8%, 53.8%, 47.2%, 39.4%]",,,,
3,weights,10,65,0.056273684,1.736657973,1.719834134,0.000111111,43.95,"[38.8%, 53.8%, 47.2%, 36.0%]",,,,
3,weights,11,66,0.056273684,1.721987913,1.830089718,0.000111111,43.2,"[38.8%, 53.8%, 47.2%, 33.0%]",,,,
3,weights,12,67,0.056273684,1.715512303,1.705406696,0.000111111,43.6,"[38.8%, 53.8%, 47.2%, 34.6%]",,,,
3,weights,13,68,0.056273684,1.701362648,1.662466824,0.000111111,45,"[38.8%, 53.8%, 47.2%, 40.2%]",,,,
3,weights,14,69,0.056273684,1.701738133,1.638924941,0.000111111,44.8,"[38.8%, 53.8%, 47.2%, 39.4%]",,,,
3,weights,15,70,0.056273684,1.667499675,1.665992618,0.000111111,44.6,"[38.8%, 53.8%, 47.2%, 38.6%]",,,,
3,weights,16,71,0.056273684,1.678331626,1.680735886,0.000111111,44.55,"[38.8%, 53.8%, 47.2%, 38.4%]",,,,
3,weights,17,72,0.056273684,1.668575184,1.65647836,0.000111111,44.9,"[38.8%, 53.8%, 47.2%, 39.8%]",,,,
3,weights,18,73,0.056273684,1.681893782,1.621830627,0.000111111,44.9,"[38.8%, 53.8%, 47.2%, 39.8%]",,,,
3,weights,19,74,0.056273684,1.644002432,1.618842244,0.000111111,44.5,"[38.8%, 53.8%, 47.2%, 38.2%]",,,,
3,weights,20,75,0.056273684,1.644739107,1.65124625,0.000111111,44.3,"[38.8%, 53.8%, 47.2%, 37.4%]",,,,
3,weights,21,76,0.056273684,1.62302694,1.61292991,0.000111111,44.05,"[38.8%, 53.8%, 47.2%, 36.4%]",,,,
3,weights,22,77,0.056273684,1.633062201,1.649089485,0.000111111,44.65,"[38.8%, 53.8%, 47.2%, 38.8%]",,,,
3,weights,23,78,0.056273684,1.615413996,1.635111511,0.000111111,43.65,"[38.8%, 53.8%, 47.2%, 34.8%]",,,,
3,weights,24,79,0.056273684,1.620799045,1.58713156,0.000111111,44.65,"[38.8%, 53.8%, 47.2%, 38.8%]",,,,
3,weights,25,80,0.056273684,1.6145442,1.592230499,0.000111111,45.5,"[38.8%, 53.8%, 47.2%, 42.2%]",30.4,"[10.8%, 51.0%, 29.4%, 30.4%]",37.6,"[31%, 41.3%, 36.1%, 41.6%]"
4,parallel,1,1,0.5,5.094634273,2.415696979,0.000111111,38.4,"[38.8%, 53.8%, 47.2%, 42.2%, 10.0%]",,,,
4,parallel,2,2,0.5,2.359290733,2.343047142,0.000111111,38.4,"[38.8%, 53.8%, 47.2%, 42.2%, 10.0%]",,,,
4,parallel,3,3,0.5,2.331631763,2.323869437,0.000111111,38.4,"[38.8%, 53.8%, 47.2%, 42.2%, 10.0%]",,,,
4,parallel,4,4,0.5,2.314682619,2.273154736,0.000111111,40,"[38.8%, 53.8%, 47.2%, 42.2%, 18.0%]",,,,
4,parallel,5,5,0.488811306,2.254303751,2.074741453,0.000111111,40.64,"[38.8%, 53.8%, 47.2%, 42.2%, 21.2%]",,,,
4,parallel,6,6,0.471423675,2.131588948,1.97132419,0.000111111,41.88,"[38.8%, 53.8%, 47.2%, 42.2%, 27.4%]",,,,
4,parallel,7,7,0.45439186,2.032519301,1.962836474,0.000111111,41.36,"[38.8%, 53.8%, 47.2%, 42.2%, 24.8%]",,,,
4,parallel,8,8,0.437715859,1.943167065,1.82149373,0.000111111,43,"[38.8%, 53.8%, 47.2%, 42.2%, 33.0%]",,,,
4,parallel,9,9,0.421395673,1.841894806,1.674194112,0.000111111,43.92,"[38.8%, 53.8%, 47.2%, 42.2%, 37.6%]",,,,
4,parallel,10,10,0.405431302,1.753223908,1.645942256,0.000111111,44.4,"[38.8%, 53.8%, 47.2%, 42.2%, 40.0%]",,,,
4,parallel,11,11,0.389822745,1.697394306,1.61912588,0.000111111,43.88,"[38.8%, 53.8%, 47.2%, 42.2%, 37.4%]",,,,
4,parallel,12,12,0.374570003,1.614153157,1.526588455,0.000111111,45.24,"[38.8%, 53.8%, 47.2%, 42.2%, 44.2%]",,,,
4,parallel,13,13,0.359673076,1.588877912,1.499727219,0.000111111,46.28,"[38.8%, 53.8%, 47.2%, 42.2%, 49.4%]",,,,
4,parallel,14,14,0.345131964,1.51559154,1.540813416,0.000111111,45.56,"[38.8%, 53.8%, 47.2%, 42.2%, 45.8%]",,,,
4,parallel,15,15,0.330946666,1.499710287,1.511051957,0.000111111,45.72,"[38.8%, 53.8%, 47.2%, 42.2%, 46.6%]",,,,
4,parallel,16,16,0.317117183,1.4751376,1.430032052,0.000111111,46.12,"[38.8%, 53.8%, 47.2%, 42.2%, 48.6%]",,,,
4,parallel,17,17,0.303643515,1.437487017,1.347194836,0.000111111,46.56,"[38.8%, 53.8%, 47.2%, 42.2%, 50.8%]",,,,
4,parallel,18,18,0.290525661,1.377058959,1.366233841,0.000111111,46.44,"[38.8%, 53.8%, 47.2%, 42.2%, 50.2%]",,,,
4,parallel,19,19,0.277763623,1.358115771,1.56052918,0.000111111,45.6,"[38.8%, 53.8%, 47.2%, 42.2%, 46.0%]",,,,
4,parallel,20,20,0.265357399,1.387831523,1.45663961,0.000111111,46.08,"[38.8%, 53.8%, 47.2%, 42.2%, 48.4%]",,,,
4,parallel,21,21,0.25330699,1.334865069,1.279854171,0.000111111,47.52,"[38.8%, 53.8%, 47.2%, 42.2%, 55.6%]",,,,
4,parallel,22,22,0.241612395,1.364661854,1.392474972,0.000111111,46.68,"[38.8%, 53.8%, 47.2%, 42.2%, 51.4%]",,,,
4,parallel,23,23,0.230273615,1.365406189,1.305963323,0.000111111,47.4,"[38.8%, 53.8%, 47.2%, 42.2%, 55.0%]",,,,
4,parallel,24,24,0.21929065,1.286188249,1.305344038,0.000111111,47.2,"[38.8%, 53.8%, 47.2%, 42.2%, 54.0%]",,,,
4,parallel,25,25,0.2086635,1.392874976,1.37603195,0.000111111,46.8,"[38.8%, 53.8%, 47.2%, 42.2%, 52.0%]",,,,
4,parallel,26,26,0.198392165,1.383143906,1.319393449,0.000111111,47.2,"[38.8%, 53.8%, 47.2%, 42.2%, 54.0%]",,,,
4,parallel,27,27,0.188476644,1.34659874,1.589487121,0.000111111,45.32,"[38.8%, 53.8%, 47.2%, 42.2%, 44.6%]",,,,
4,parallel,28,28,0.178916938,1.444135895,1.331809849,0.000111111,46.84,"[38.8%, 53.8%, 47.2%, 42.2%, 52.2%]",,,,
4,parallel,29,29,0.169713046,1.402607186,1.330021992,0.000111111,47.4,"[38.8%, 53.8%, 47.2%, 42.2%, 55.0%]",,,,
4,parallel,30,30,0.16086497,1.393613446,1.331511326,0.000111111,47.4,"[38.8%, 53.8%, 47.2%, 42.2%, 55.0%]",,,,
4,parallel,31,31,0.152372708,1.412450262,1.37947759,0.000111111,47,"[38.8%, 53.8%, 47.2%, 42.2%, 53.0%]",,,,
4,parallel,32,32,0.144236261,1.447017958,1.450839311,0.000111111,46.24,"[38.8%, 53.8%, 47.2%, 42.2%, 49.2%]",,,,
4,parallel,33,33,0.136455628,1.467303576,1.381269515,0.000111111,46.44,"[38.8%, 53.8%, 47.2%, 42.2%, 50.2%]",,,,
4,parallel,34,34,0.129030811,1.413002337,1.551186115,0.000111111,45.2,"[38.8%, 53.8%, 47.2%, 42.2%, 44.0%]",,,,
4,parallel,35,35,0.121961808,1.504352838,1.388379507,0.000111111,46.6,"[38.8%, 53.8%, 47.2%, 42.2%, 51.0%]",,,,
4,parallel,36,36,0.11524862,1.487997573,1.515199423,0.000111111,46.16,"[38.8%, 53.8%, 47.2%, 42.2%, 48.8%]",,,,
4,parallel,37,37,0.108891246,1.580646089,1.506391086,0.000111111,46.04,"[38.8%, 53.8%, 47.2%, 42.2%, 48.2%]",,,,
4,parallel,38,38,0.102889688,1.510287395,1.590775475,0.000111111,45.84,"[38.8%, 53.8%, 47.2%, 42.2%, 47.2%]",,,,
4,parallel,39,39,0.097243944,1.57070772,1.515642397,0.000111111,46.2,"[38.8%, 53.8%, 47.2%, 42.2%, 49.0%]",,,,
4,parallel,40,40,0.091954014,1.653330308,1.606804349,0.000111111,45.4,"[38.8%, 53.8%, 47.2%, 42.2%, 45.0%]",,,,
4,parallel,41,41,0.0870199,1.618281769,1.549033158,0.000111111,46,"[38.8%, 53.8%, 47.2%, 42.2%, 48.0%]",,,,
4,parallel,42,42,0.0824416,1.642769881,1.730840534,0.000111111,44.36,"[38.8%, 53.8%, 47.2%, 42.2%, 39.8%]",,,,
4,parallel,43,43,0.078219115,1.599466476,1.649590977,0.000111111,45.32,"[38.8%, 53.8%, 47.2%, 42.2%, 44.6%]",,,,
4,parallel,44,44,0.074352445,1.789056597,1.694260813,0.000111111,44.8,"[38.8%, 53.8%, 47.2%, 42.2%, 42.0%]",,,,
4,parallel,45,45,0.070841589,1.664886257,1.589453325,0.000111111,45.48,"[38.8%, 53.8%, 47.2%, 42.2%, 45.4%]",,,,
4,parallel,46,46,0.067686549,1.748202072,1.689446062,0.000111111,45.28,"[38.8%, 53.8%, 47.2%, 42.2%, 44.4%]",,,,
4,parallel,47,47,0.064887322,1.686618944,1.601778373,0.000111111,45.36,"[38.8%, 53.8%, 47.2%, 42.2%, 44.8%]",,,,
4,parallel,48,48,0.062443911,1.836099026,2.045617789,0.000111111,41.8,"[38.8%, 53.8%, 47.2%, 42.2%, 27.0%]",,,,
4,parallel,49,49,0.060356315,1.91016,1.84630391,0.000111111,43.32,"[38.8%, 53.8%, 47.2%, 42.2%, 34.6%]",,,,
4,parallel,50,50,0.058624533,1.779597068,1.715753347,0.000111111,44.44,"[38.8%, 53.8%, 47.2%, 42.2%, 40.2%]",,,,
4,parallel,51,51,0.057248566,1.758307784,1.741283536,0.000111111,44.2,"[38.8%, 53.8%, 47.2%, 42.2%, 39.0%]",,,,
4,parallel,52,52,0.056228413,1.704274339,1.739159279,0.000111111,44.48,"[38.8%, 53.8%, 47.2%, 42.2%, 40.4%]",,,,
4,parallel,53,53,0.055564076,1.663364602,1.662787803,0.000111111,44.76,"[38.8%, 53.8%, 47.2%, 42.2%, 41.8%]",,,,
4,parallel,54,54,0.055255553,1.602538878,1.630544581,0.000111111,44.76,"[38.8%, 53.8%, 47.2%, 42.2%, 41.8%]",,,,
4,parallel,55,55,0.055231579,1.601152326,1.594929516,0.000111111,45.4,"[38.8%, 53.8%, 47.2%, 42.2%, 45.0%]",,,,
4,weights,1,56,0.055231579,1.57603463,1.597574316,0.000111111,45.2,"[38.8%, 53.8%, 47.2%, 42.2%, 44.0%]",,,,
4,weights,2,57,0.055231579,1.537990267,1.629168712,0.000111111,45.04,"[38.8%, 53.8%, 47.2%, 42.2%, 43.2%]",,,,
4,weights,3,58,0.055231579,1.538676752,1.640046768,0.000111111,45.36,"[38.8%, 53.8%, 47.2%, 42.2%, 44.8%]",,,,
4,weights,4,59,0.055231579,1.527719667,1.553576611,0.000111111,45.48,"[38.8%, 53.8%, 47.2%, 42.2%, 45.4%]",,,,
4,weights,5,60,0.055231579,1.505817818,1.55083546,0.000111111,45.52,"[38.8%, 53.8%, 47.2%, 42.2%, 45.6%]",,,,
4,weights,6,61,0.055231579,1.497983407,1.492086463,0.000111111,45.88,"[38.8%, 53.8%, 47.2%, 42.2%, 47.4%]",,,,
4,weights,7,62,0.055231579,1.491856089,1.58464551,0.000111111,45.24,"[38.8%, 53.8%, 47.2%, 42.2%, 44.2%]",,,,
4,weights,8,63,0.055231579,1.475067428,1.446104318,0.000111111,46.28,"[38.8%, 53.8%, 47.2%, 42.2%, 49.4%]",,,,
4,weights,9,64,0.055231579,1.462920124,1.495846756,0.000111111,45.24,"[38.8%, 53.8%, 47.2%, 42.2%, 44.2%]",,,,
4,weights,10,65,0.055231579,1.464109606,1.467338465,0.000111111,46.08,"[38.8%, 53.8%, 47.2%, 42.2%, 48.4%]",,,,
4,weights,11,66,0.055231579,1.438605915,1.427993193,0.000111111,46.08,"[38.8%, 53.8%, 47.2%, 42.2%, 48.4%]",,,,
4,weights,12,67,0.055231579,1.426470548,1.469440669,0.000111111,46.08,"[38.8%, 53.8%, 47.2%, 42.2%, 48.4%]",,,,
4,weights,13,68,0.055231579,1.432766299,1.413886711,0.000111111,46.2,"[38.8%, 53.8%, 47.2%, 42.2%, 49.0%]",,,,
4,weights,14,69,0.055231579,1.430307655,1.457040027,0.000111111,46,"[38.8%, 53.8%, 47.2%, 42.2%, 48.0%]",,,,
4,weights,15,70,0.055231579,1.394751319,1.383296415,0.000111111,46.64,"[38.8%, 53.8%, 47.2%, 42.2%, 51.2%]",,,,
4,weights,16,71,0.055231579,1.40127377,1.450713068,0.000111111,46.6,"[38.8%, 53.8%, 47.2%, 42.2%, 51.0%]",,,,
4,weights,17,72,0.055231579,1.40384128,1.492907904,0.000111111,46,"[38.8%, 53.8%, 47.2%, 42.2%, 48.0%]",,,,
4,weights,18,73,0.055231579,1.39668394,1.412444927,0.000111111,46.4,"[38.8%, 53.8%, 47.2%, 42.2%, 50.0%]",,,,
4,weights,19,74,0.055231579,1.390007366,1.425607383,0.000111111,46.28,"[38.8%, 53.8%, 47.2%, 42.2%, 49.4%]",,,,
4,weights,20,75,0.055231579,1.37444175,1.401578233,0.000111111,46.52,"[38.8%, 53.8%, 47.2%, 42.2%, 50.6%]",,,,
4,weights,21,76,0.055231579,1.371787984,1.437924214,0.000111111,46.48,"[38.8%, 53.8%, 47.2%, 42.2%, 50.4%]",,,,
4,weights,22,77,0.055231579,1.364984102,1.412819549,0.000111111,46.4,"[38.8%, 53.8%, 47.2%, 42.2%, 50.0%]",,,,
4,weights,23,78,0.055231579,1.377287063,1.374636032,0.000111111,47.28,"[38.8%, 53.8%, 47.2%, 42.2%, 54.4%]",,,,
4,weights,24,79,0.055231579,1.344240991,1.392104514,0.000111111,46.44,"[38.8%, 53.8%, 47.2%, 42.2%, 50.2%]",,,,
4,weights,25,80,0.055231579,1.366788258,1.379020579,0.000111111,46.56,"[38.8%, 53.8%, 47.2%, 42.2%, 50.8%]",28.76,"[10.8%, 38.8%, 29.4%, 14.0%, 50.8%]",34.02,"[13.4%, 49.4%, 36.4%, 36.2%, 34.6%]"
5,parallel,1,1,0.5,5.387835026,2.410564393,0.000111111,40.46666667,"[38.8%, 53.8%, 47.2%, 42.2%, 50.8%, 10.0%]",,,,
5,parallel,2,2,0.5,2.352031922,2.335521489,0.000111111,40.46666667,"[38.8%, 53.8%, 47.2%, 42.2%, 50.8%, 10.0%]",,,,
5,parallel,3,3,0.5,2.333409581,2.343745694,0.000111111,40.46666667,"[38.8%, 53.8%, 47.2%, 42.2%, 50.8%, 10.0%]",,,,
5,parallel,4,4,0.5,2.319245408,2.300948858,0.000111111,40.53333333,"[38.8%, 53.8%, 47.2%, 42.2%, 50.8%, 10.4%]",,,,
5,parallel,5,5,0.48878509,2.2143368,2.124074519,0.000111111,42.26666667,"[38.8%, 53.8%, 47.2%, 42.2%, 50.8%, 20.8%]",,,,
5,parallel,6,6,0.47135672,2.143475163,2.116953015,0.000111111,42.16666667,"[38.8%, 53.8%, 47.2%, 42.2%, 50.8%, 20.2%]",,,,
5,parallel,7,7,0.454284999,2.035026051,1.916214287,0.000111111,44.23333333,"[38.8%, 53.8%, 47.2%, 42.2%, 50.8%, 32.6%]",,,,
5,parallel,8,8,0.437569925,1.944232218,1.843885526,0.000111111,44.53333333,"[38.8%, 53.8%, 47.2%, 42.2%, 50.8%, 34.4%]",,,,
5,parallel,9,9,0.421211501,1.844792484,1.733311176,0.000111111,45.46666667,"[38.8%, 53.8%, 47.2%, 42.2%, 50.8%, 40.0%]",,,,
5,parallel,10,10,0.405209724,1.709567929,1.609813742,0.000111111,45.76666667,"[38.8%, 53.8%, 47.2%, 42.2%, 50.8%, 41.8%]",,,,
5,parallel,11,11,0.389564596,1.661549221,1.608231522,0.000111111,45.86666667,"[38.8%, 53.8%, 47.2%, 42.2%, 50.8%, 42.4%]",,,,
5,parallel,12,12,0.374276117,1.59473246,1.491525359,0.000111111,46.46666667,"[38.8%, 53.8%, 47.2%, 42.2%, 50.8%, 46.0%]",,,,
5,parallel,13,13,0.359344286,1.54282124,1.478414349,0.000111111,46.66666667,"[38.8%, 53.8%, 47.2%, 42.2%, 50.8%, 47.2%]",,,,
5,parallel,14,14,0.344769103,1.545437817,1.586355314,0.000111111,46.06666667,"[38.8%, 53.8%, 47.2%, 42.2%, 50.8%, 43.6%]",,,,
5,parallel,15,15,0.330550569,1.474320321,1.517806351,0.000111111,46.8,"[38.8%, 53.8%, 47.2%, 42.2%, 50.8%, 48.0%]",,,,
5,parallel,16,16,0.316688683,1.452638093,1.578564197,0.000111111,46.4,"[38.8%, 53.8%, 47.2%, 42.2%, 50.8%, 45.6%]",,,,
5,parallel,17,17,0.303183446,1.446026876,1.3883816,0.000111111,47.83333333,"[38.8%, 53.8%, 47.2%, 42.2%, 50.8%, 54.2%]",,,,
5,parallel,18,18,0.290034857,1.443536924,1.487599269,0.000111111,47,"[38.8%, 53.8%, 47.2%, 42.2%, 50.8%, 49.2%]",,,,
5,parallel,19,19,0.277242917,1.433608423,1.463481247,0.000111111,47.36666667,"[38.8%, 53.8%, 47.2%, 42.2%, 50.8%, 51.4%]",,,,
5,parallel,20,20,0.264807624,1.423016441,1.495574519,0.000111111,46.76666667,"[38.8%, 53.8%, 47.2%, 42.2%, 50.8%, 47.8%]",,,,
5,parallel,21,21,0.252728981,1.41644318,1.38878423,0.000111111,47.56666667,"[38.8%, 53.8%, 47.2%, 42.2%, 50.8%, 52.6%]",,,,
5,parallel,22,22,0.241006985,1.454029774,1.432938859,0.000111111,47.53333333,"[38.8%, 53.8%, 47.2%, 42.2%, 50.8%, 52.4%]",,,,
5,parallel,23,23,0.229641639,1.407600395,1.486170344,0.000111111,47.26666667,"[38.8%, 53.8%, 47.2%, 42.2%, 50.8%, 50.8%]",,,,
5,parallel,24,24,0.21863294,1.403873736,1.427747533,0.000111111,47.83333333,"[38.8%, 53.8%, 47.2%, 42.2%, 50.8%, 54.2%]",,,,
5,parallel,25,25,0.20798089,1.404787391,1.433106475,0.000111111,47.83333333,"[38.8%, 53.8%, 47.2%, 42.2%, 50.8%, 54.2%]",,,,
5,parallel,26,26,0.197685489,1.451925222,1.600786276,0.000111111,47.06666667,"[38.8%, 53.8%, 47.2%, 42.2%, 50.8%, 49.6%]",,,,
5,parallel,27,27,0.187746736,1.404502887,1.384542331,0.000111111,47.66666667,"[38.8%, 53.8%, 47.2%, 42.2%, 50.8%, 53.2%]",,,,
5,parallel,28,28,0.178164631,1.458514014,1.474035382,0.000111111,47.7,"[38.8%, 53.8%, 47.2%, 42.2%, 50.8%, 53.4%]",,,,
5,parallel,29,29,0.168939174,1.537347869,1.519411169,0.000111111,46.9,"[38.8%, 53.8%, 47.2%, 42.2%, 50.8%, 48.6%]",,,,
5,parallel,30,30,0.160070367,1.506308962,1.483019143,0.000111111,47.4,"[38.8%, 53.8%, 47.2%, 42.2%, 50.8%, 51.6%]",,,,
5,parallel,31,31,0.151558207,1.59618025,1.508267134,0.000111111,46.63333333,"[38.8%, 53.8%, 47.2%, 42.2%, 50.8%, 47.0%]",,,,
5,parallel,32,32,0.143402696,1.513924652,1.548374601,0.000111111,46.73333333,"[38.8%, 53.8%, 47.2%, 42.2%, 50.8%, 47.6%]",,,,
5,parallel,33,33,0.135603833,1.592903627,1.623806614,0.000111111,46.46666667,"[38.8%, 53.8%, 47.2%, 42.2%, 50.8%, 46.0%]",,,,
5,parallel,34,34,0.128161619,1.567523104,1.460645229,0.000111111,47.23333333,"[38.8%, 53.8%, 47.2%, 42.2%, 50.8%, 50.6%]",,,,
5,parallel,35,35,0.121076053,1.647944591,1.546935596,0.000111111,46.86666667,"[38.8%, 53.8%, 47.2%, 42.2%, 50.8%, 48.4%]",,,,
5,parallel,36,36,0.114347136,1.591489384,1.572989613,0.000111111,46.33333333,"[38.8%, 53.8%, 47.2%, 42.2%, 50.8%, 45.2%]",,,,
5,parallel,37,37,0.107974867,1.642294194,1.550694928,0.000111111,46.63333333,"[38.8%, 53.8%, 47.2%, 42.2%, 50.8%, 47.0%]",,,,
5,parallel,38,38,0.101959247,1.597293632,1.605590269,0.000111111,46.16666667,"[38.8%, 53.8%, 47.2%, 42.2%, 50.8%, 44.2%]",,,,
5,parallel,39,39,0.096300275,1.655092847,1.545173213,0.000111111,47,"[38.8%, 53.8%, 47.2%, 42.2%, 50.8%, 49.2%]",,,,
5,parallel,40,40,0.090997951,1.770628576,1.643718764,0.000111111,46.53333333,"[38.8%, 53.8%, 47.2%, 42.2%, 50.8%, 46.4%]",,,,
5,parallel,41,41,0.086052276,1.694155779,1.566391185,0.000111111,46.53333333,"[38.8%, 53.8%, 47.2%, 42.2%, 50.8%, 46.4%]",,,,
5,parallel,42,42,0.081463249,1.724214231,1.651901171,0.000111111,45.8,"[38.8%, 53.8%, 47.2%, 42.2%, 50.8%, 42.0%]",,,,
5,parallel,43,43,0.07723087,1.818042636,1.837540269,0.000111111,44.46666667,"[38.8%, 53.8%, 47.2%, 42.2%, 50.8%, 34.0%]",,,,
5,parallel,44,44,0.07335514,1.859973909,1.800808579,0.000111111,45.16666667,"[38.8%, 53.8%, 47.2%, 42.2%, 50.8%, 38.2%]",,,,
5,parallel,45,45,0.069836059,1.836936466,1.800998688,0.000111111,45.3,"[38.8%, 53.8%, 47.2%, 42.2%, 50.8%, 39.0%]",,,,
5,parallel,46,46,0.066673626,1.785414779,1.765900865,0.000111111,45.36666667,"[38.8%, 53.8%, 47.2%, 42.2%, 50.8%, 39.4%]",,,,
5,parallel,47,47,0.063867841,1.806535259,1.738887623,0.000111111,45.4,"[38.8%, 53.8%, 47.2%, 42.2%, 50.8%, 39.6%]",,,,
5,parallel,48,48,0.061418705,1.984022723,1.920483813,0.000111111,43.83333333,"[38.8%, 53.8%, 47.2%, 42.2%, 50.8%, 30.2%]",,,,
5,parallel,49,49,0.059326217,1.93554131,1.899739325,0.000111111,44.2,"[38.8%, 53.8%, 47.2%, 42.2%, 50.8%, 32.4%]",,,,
5,parallel,50,50,0.057590377,1.91841326,1.884253383,0.000111111,44.6,"[38.8%, 53.8%, 47.2%, 42.2%, 50.8%, 34.8%]",,,,
5,parallel,51,51,0.056211186,1.873718422,1.814863034,0.000111111,44.5,"[38.8%, 53.8%, 47.2%, 42.2%, 50.8%, 34.2%]",,,,
5,parallel,52,52,0.055188644,1.817925889,1.744654417,0.000111111,45.03333333,"[38.8%, 53.8%, 47.2%, 42.2%, 50.8%, 37.4%]",,,,
5,parallel,53,53,0.054522749,1.908174424,1.893732339,0.000111111,44.2,"[38.8%, 53.8%, 47.2%, 42.2%, 50.8%, 32.4%]",,,,
5,parallel,54,54,0.054213504,1.847123576,1.832861722,0.000111111,44.7,"[38.8%, 53.8%, 47.2%, 42.2%, 50.8%, 35.4%]",,,,
5,parallel,55,55,0.054189474,1.82873967,1.721298441,0.000111111,45.36666667,"[38.8%, 53.8%, 47.2%, 42.2%, 50.8%, 39.4%]",,,,
5,weights,1,56,0.054189474,1.772878934,1.715358749,0.000111111,45.4,"[38.8%, 53.8%, 47.2%, 42.2%, 50.8%, 39.6%]",,,,
5,weights,2,57,0.054189474,1.760546047,1.664138123,0.000111111,45.56666667,"[38.8%, 53.8%, 47.2%, 42.2%, 50.8%, 40.6%]",,,,
5,weights,3,58,0.054189474,1.723955225,1.705318779,0.000111111,45.43333333,"[38.8%, 53.8%, 47.2%, 42.2%, 50.8%, 39.8%]",,,,
5,weights,4,59,0.054189474,1.701671439,1.648042098,0.000111111,46.13333333,"[38.8%, 53.8%, 47.2%, 42.2%, 50.8%, 44.0%]",,,,
5,weights,5,60,0.054189474,1.706728547,1.686284639,0.000111111,45.73333333,"[38.8%, 53.8%, 47.2%, 42.2%, 50.8%, 41.6%]",,,,
5,weights,6,61,0.054189474,1.681404393,1.632018417,0.000111111,46.03333333,"[38.8%, 53.8%, 47.2%, 42.2%, 50.8%, 43.4%]",,,,
5,weights,7,62,0.054189474,1.665598875,1.621874973,0.000111111,46.1,"[38.8%, 53.8%, 47.2%, 42.2%, 50.8%, 43.8%]",,,,
5,weights,8,63,0.054189474,1.659790457,1.634260714,0.000111111,45.96666667,"[38.8%, 53.8%, 47.2%, 42.2%, 50.8%, 43.0%]",,,,
5,weights,9,64,0.054189474,1.626661809,1.634347841,0.000111111,45.76666667,"[38.8%, 53.8%, 47.2%, 42.2%, 50.8%, 41.8%]",,,,
5,weights,10,65,0.054189474,1.643712175,1.562810086,0.000111111,45.8,"[38.8%, 53.8%, 47.2%, 42.2%, 50.8%, 42.0%]",,,,
5,weights,11,66,0.054189474,1.631897759,1.56928774,0.000111111,45.93333333,"[38.8%, 53.8%, 47.2%, 42.2%, 50.8%, 42.8%]",,,,
5,weights,12,67,0.054189474,1.622999606,1.607881002,0.000111111,46.06666667,"[38.8%, 53.8%, 47.2%, 42.2%, 50.8%, 43.6%]",,,,
5,weights,13,68,0.054189474,1.60906029,1.579798535,0.000111111,46.5,"[38.8%, 53.8%, 47.2%, 42.2%, 50.8%, 46.2%]",,,,
5,weights,14,69,0.054189474,1.594870498,1.533333443,0.000111111,46.2,"[38.8%, 53.8%, 47.2%, 42.2%, 50.8%, 44.4%]",,,,
5,weights,15,70,0.054189474,1.595588455,1.54949443,0.000111111,46.53333333,"[38.8%, 53.8%, 47.2%, 42.2%, 50.8%, 46.4%]",,,,
5,weights,16,71,0.054189474,1.596624687,1.650899649,0.000111111,45.76666667,"[38.8%, 53.8%, 47.2%, 42.2%, 50.8%, 41.8%]",,,,
5,weights,17,72,0.054189474,1.547746133,1.532653764,0.000111111,46.66666667,"[38.8%, 53.8%, 47.2%, 42.2%, 50.8%, 47.2%]",,,,
5,weights,18,73,0.054189474,1.577689797,1.549636617,0.000111111,46.26666667,"[38.8%, 53.8%, 47.2%, 42.2%, 50.8%, 44.8%]",,,,
5,weights,19,74,0.054189474,1.569242751,1.577711254,0.000111111,46.53333333,"[38.8%, 53.8%, 47.2%, 42.2%, 50.8%, 46.4%]",,,,
5,weights,20,75,0.054189474,1.562554329,1.493646607,0.000111111,47.16666667,"[38.8%, 53.8%, 47.2%, 42.2%, 50.8%, 50.2%]",,,,
5,weights,21,76,0.054189474,1.544948696,1.539618887,0.000111111,46.83333333,"[38.8%, 53.8%, 47.2%, 42.2%, 50.8%, 48.2%]",,,,
5,weights,22,77,0.054189474,1.550852048,1.481677026,0.000111111,46.4,"[38.8%, 53.8%, 47.2%, 42.2%, 50.8%, 45.6%]",,,,
5,weights,23,78,0.054189474,1.546428842,1.541583233,0.000111111,46.46666667,"[38.8%, 53.8%, 47.2%, 42.2%, 50.8%, 46.0%]",,,,
5,weights,24,79,0.054189474,1.547599156,1.47431349,0.000111111,46.86666667,"[38.8%, 53.8%, 47.2%, 42.2%, 50.8%, 48.4%]",,,,
5,weights,25,80,0.054189474,1.552755487,1.53524743,0.000111111,46.8,"[38.8%, 53.8%, 47.2%, 42.2%, 50.8%, 48.0%]",18.53333333,"[10.8%, 25.4%, 29.4%, 14.0%, 23.0%, 8.6%]",32.6,"[24.6%, 42.6%, 36.3%, 32.5%, 29.3%, 29.7%]"
6,parallel,1,1,0.5,5.950288564,2.441915691,0.000111111,41.54285714,"[38.8%, 53.8%, 47.2%, 42.2%, 50.8%, 48.0%, 10.0%]",,,,
6,parallel,2,2,0.5,2.358035682,2.330052614,0.000111111,41.54285714,"[38.8%, 53.8%, 47.2%, 42.2%, 50.8%, 48.0%, 10.0%]",,,,
6,parallel,3,3,0.5,2.331640805,2.32655552,0.000111111,41.54285714,"[38.8%, 53.8%, 47.2%, 42.2%, 50.8%, 48.0%, 10.0%]",,,,
6,parallel,4,4,0.5,2.325219323,2.310481906,0.000111111,41.54285714,"[38.8%, 53.8%, 47.2%, 42.2%, 50.8%, 48.0%, 10.0%]",,,,
6,parallel,5,5,0.488758875,2.269585914,2.123449117,0.000111111,43.28571429,"[38.8%, 53.8%, 47.2%, 42.2%, 50.8%, 48.0%, 22.2%]",,,,
6,parallel,6,6,0.471289765,2.114524351,1.988527954,0.000111111,44.14285714,"[38.8%, 53.8%, 47.2%, 42.2%, 50.8%, 48.0%, 28.2%]",,,,
6,parallel,7,7,0.454178137,2.018391858,1.941097006,0.000111111,44.17142857,"[38.8%, 53.8%, 47.2%, 42.2%, 50.8%, 48.0%, 28.4%]",,,,
6,parallel,8,8,0.437423992,1.987440094,1.933404252,0.000111111,44.37142857,"[38.8%, 53.8%, 47.2%, 42.2%, 50.8%, 48.0%, 29.8%]",,,,
6,parallel,9,9,0.421027328,1.912147665,1.827421352,0.000111111,45.57142857,"[38.8%, 53.8%, 47.2%, 42.2%, 50.8%, 48.0%, 38.2%]",,,,
6,parallel,10,10,0.404988147,1.846992977,1.776197433,0.000111111,45.14285714,"[38.8%, 53.8%, 47.2%, 42.2%, 50.8%, 48.0%, 35.2%]",,,,
6,parallel,11,11,0.389306448,1.816608989,1.70261158,0.000111111,45.68571429,"[38.8%, 53.8%, 47.2%, 42.2%, 50.8%, 48.0%, 39.0%]",,,,
6,parallel,12,12,0.373982231,1.773563577,1.666327447,0.000111111,46.11428571,"[38.8%, 53.8%, 47.2%, 42.2%, 50.8%, 48.0%, 42.0%]",,,,
6,parallel,13,13,0.359015496,1.743921738,1.65116863,0.000111111,46.6,"[38.8%, 53.8%, 47.2%, 42.2%, 50.8%, 48.0%, 45.4%]",,,,
6,parallel,14,14,0.344406243,1.689800671,1.587402403,0.000111111,46.8,"[38.8%, 53.8%, 47.2%, 42.2%, 50.8%, 48.0%, 46.8%]",,,,
6,parallel,15,15,0.330154472,1.629704335,1.619031474,0.000111111,46.45714286,"[38.8%, 53.8%, 47.2%, 42.2%, 50.8%, 48.0%, 44.4%]",,,,
6,parallel,16,16,0.316260184,1.604643799,1.570586592,0.000111111,46.88571429,"[38.8%, 53.8%, 47.2%, 42.2%, 50.8%, 48.0%, 47.4%]",,,,
6,parallel,17,17,0.302723377,1.564454933,1.478142679,0.000111111,47.37142857,"[38.8%, 53.8%, 47.2%, 42.2%, 50.8%, 48.0%, 50.8%]",,,,
6,parallel,18,18,0.289544053,1.534840172,1.506429285,0.000111111,46.91428571,"[38.8%, 53.8%, 47.2%, 42.2%, 50.8%, 48.0%, 47.6%]",,,,
6,parallel,19,19,0.27672221,1.510560466,1.41679123,0.000111111,47.77142857,"[38.8%, 53.8%, 47.2%, 42.2%, 50.8%, 48.0%, 53.6%]",,,,
6,parallel,20,20,0.26425785,1.481488095,1.474941462,0.000111111,47.45714286,"[38.8%, 53.8%, 47.2%, 42.2%, 50.8%, 48.0%, 51.4%]",,,,
6,parallel,21,21,0.252150972,1.459819691,1.414032534,0.000111111,47.48571429,"[38.8%, 53.8%, 47.2%, 42.2%, 50.8%, 48.0%, 51.6%]",,,,
6,parallel,22,22,0.240401576,1.473731061,1.421680242,0.000111111,47.57142857,"[38.8%, 53.8%, 47.2%, 42.2%, 50.8%, 48.0%, 52.2%]",,,,
6,parallel,23,23,0.229009662,1.479121637,1.415053494,0.000111111,47.6,"[38.8%, 53.8%, 47.2%, 42.2%, 50.8%, 48.0%, 52.4%]",,,,
6,parallel,24,24,0.21797523,1.45201505,1.473061576,0.000111111,47.54285714,"[38.8%, 53.8%, 47.2%, 42.2%, 50.8%, 48.0%, 52.0%]",,,,
6,parallel,25,25,0.20729828,1.433140539,1.424528874,0.000111111,47.62857143,"[38.8%, 53.8%, 47.2%, 42.2%, 50.8%, 48.0%, 52.6%]",,,,
6,parallel,26,26,0.196978813,1.451398291,1.512360796,0.000111111,47,"[38.8%, 53.8%, 47.2%, 42.2%, 50.8%, 48.0%, 48.2%]",,,,
6,parallel,27,27,0.187016827,1.468183643,1.447352752,0.000111111,47.37142857,"[38.8%, 53.8%, 47.2%, 42.2%, 50.8%, 48.0%, 50.8%]",,,,
6,parallel,28,28,0.177412324,1.443407422,1.458297543,0.000111111,47.17142857,"[38.8%, 53.8%, 47.2%, 42.2%, 50.8%, 48.0%, 49.4%]",,,,
6,parallel,29,29,0.168165303,1.466117378,1.471167684,0.000111111,47.4,"[38.8%, 53.8%, 47.2%, 42.2%, 50.8%, 48.0%, 51.0%]",,,,
6,parallel,30,30,0.159275763,1.447995536,1.474109262,0.000111111,47.48571429,"[38.8%, 53.8%, 47.2%, 42.2%, 50.8%, 48.0%, 51.6%]",,,,
6,parallel,31,31,0.150743706,1.511667804,1.469186649,0.000111111,47.08571429,"[38.8%, 53.8%, 47.2%, 42.2%, 50.8%, 48.0%, 48.8%]",,,,
6,parallel,32,32,0.142569131,1.47669232,1.409027055,0.000111111,47.74285714,"[38.8%, 53.8%, 47.2%, 42.2%, 50.8%, 48.0%, 53.4%]",,,,
6,parallel,33,33,0.134752038,1.520531386,1.487371549,0.000111111,47.28571429,"[38.8%, 53.8%, 47.2%, 42.2%, 50.8%, 48.0%, 50.2%]",,,,
6,parallel,34,34,0.127292428,1.496572891,1.468145192,0.000111111,47.02857143,"[38.8%, 53.8%, 47.2%, 42.2%, 50.8%, 48.0%, 48.4%]",,,,
6,parallel,35,35,0.120190299,1.588968764,1.459028021,0.000111111,47,"[38.8%, 53.8%, 47.2%, 42.2%, 50.8%, 48.0%, 48.2%]",,,,
6,parallel,36,36,0.113445653,1.533568074,1.548971608,0.000111111,46.88571429,"[38.8%, 53.8%, 47.2%, 42.2%, 50.8%, 48.0%, 47.4%]",,,,
6,parallel,37,37,0.107058488,1.586687037,1.587498426,0.000111111,46.6,"[38.8%, 53.8%, 47.2%, 42.2%, 50.8%, 48.0%, 45.4%]",,,,
6,parallel,38,38,0.101028806,1.591205704,1.571646884,0.000111111,47.08571429,"[38.8%, 53.8%, 47.2%, 42.2%, 50.8%, 48.0%, 48.8%]",,,,
6,parallel,39,39,0.095356605,1.588375404,1.61773622,0.000111111,46.42857143,"[38.8%, 53.8%, 47.2%, 42.2%, 50.8%, 48.0%, 44.2%]",,,,
6,parallel,40,40,0.090041887,1.640580444,1.610998318,0.000111111,46.42857143,"[38.8%, 53.8%, 47.2%, 42.2%, 50.8%, 48.0%, 44.2%]",,,,
6,parallel,41,41,0.085084651,1.645552629,1.569813505,0.000111111,47.02857143,"[38.8%, 53.8%, 47.2%, 42.2%, 50.8%, 48.0%, 48.4%]",,,,
6,parallel,42,42,0.080484897,1.621422319,1.620923042,0.000111111,46.54285714,"[38.8%, 53.8%, 47.2%, 42.2%, 50.8%, 48.0%, 45.0%]",,,,
6,parallel,43,43,0.076242626,1.717691289,1.615291059,0.000111111,46.77142857,"[38.8%, 53.8%, 47.2%, 42.2%, 50.8%, 48.0%, 46.6%]",,,,
6,parallel,44,44,0.072357836,1.671261694,1.618835345,0.000111111,46.65714286,"[38.8%, 53.8%, 47.2%, 42.2%, 50.8%, 48.0%, 45.8%]",,,,
6,parallel,45,45,0.068830528,1.678951401,1.631435975,0.000111111,46.71428571,"[38.8%, 53.8%, 47.2%, 42.2%, 50.8%, 48.0%, 46.2%]",,,,
6,parallel,46,46,0.065660703,1.684161512,1.698979035,0.000111111,46.37142857,"[38.8%, 53.8%, 47.2%, 42.2%, 50.8%, 48.0%, 43.8%]",,,,
6,parallel,47,47,0.062848359,1.634633939,1.565080702,0.000111111,46.71428571,"[38.8%, 53.8%, 47.2%, 42.2%, 50.8%, 48.0%, 46.2%]",,,,
6,parallel,48,48,0.060393498,1.874863312,1.716019869,0.000111111,46.25714286,"[38.8%, 53.8%, 47.2%, 42.2%, 50.8%, 48.0%, 43.0%]",,,,
6,parallel,49,49,0.058296119,1.776698716,1.749648958,0.000111111,45.57142857,"[38.8%, 53.8%, 47.2%, 42.2%, 50.8%, 48.0%, 38.2%]",,,,
6,parallel,50,50,0.056556222,1.745612727,1.723624721,0.000111111,46.08571429,"[38.8%, 53.8%, 47.2%, 42.2%, 50.8%, 48.0%, 41.8%]",,,,
6,parallel,51,51,0.055173807,1.718170303,1.671885476,0.000111111,46.05714286,"[38.8%, 53.8%, 47.2%, 42.2%, 50.8%, 48.0%, 41.6%]",,,,
6,parallel,52,52,0.054148874,1.776155765,1.687999338,0.000111111,46.08571429,"[38.8%, 53.8%, 47.2%, 42.2%, 50.8%, 48.0%, 41.8%]",,,,
6,parallel,53,53,0.053481423,1.706560253,1.670792967,0.000111111,46.25714286,"[38.8%, 53.8%, 47.2%, 42.2%, 50.8%, 48.0%, 43.0%]",,,,
6,parallel,54,54,0.053171455,1.670489607,1.605616644,0.000111111,46.77142857,"[38.8%, 53.8%, 47.2%, 42.2%, 50.8%, 48.0%, 46.6%]",,,,
6,parallel,55,55,0.053147368,1.639176838,1.639718726,0.000111111,46.28571429,"[38.8%, 53.8%, 47.2%, 42.2%, 50.8%, 48.0%, 43.2%]",,,,
6,weights,1,56,0.053147368,1.615344067,1.654878318,0.000111111,46.17142857,"[38.8%, 53.8%, 47.2%, 42.2%, 50.8%, 48.0%, 42.4%]",,,,
6,weights,2,57,0.053147368,1.631173054,1.691204563,0.000111111,45.97142857,"[38.8%, 53.8%, 47.2%, 42.2%, 50.8%, 48.0%, 41.0%]",,,,
6,weights,3,58,0.053147368,1.618078816,1.646658242,0.000111111,46.42857143,"[38.8%, 53.8%, 47.2%, 42.2%, 50.8%, 48.0%, 44.2%]",,,,
6,weights,4,59,0.053147368,1.584571858,1.556443632,0.000111111,46.57142857,"[38.8%, 53.8%, 47.2%, 42.2%, 50.8%, 48.0%, 45.2%]",,,,
6,weights,5,60,0.053147368,1.565620348,1.53770338,0.000111111,46.74285714,"[38.8%, 53.8%, 47.2%, 42.2%, 50.8%, 48.0%, 46.4%]",,,,
6,weights,6,61,0.053147368,1.552168321,1.519928455,0.000111111,47.14285714,"[38.8%, 53.8%, 47.2%, 42.2%, 50.8%, 48.0%, 49.2%]",,,,
6,weights,7,62,0.053147368,1.521765193,1.597921312,0.000111111,46.28571429,"[38.8%, 53.8%, 47.2%, 42.2%, 50.8%, 48.0%, 43.2%]",,,,
6,weights,8,63,0.053147368,1.529685681,1.552568451,0.000111111,46.77142857,"[38.8%, 53.8%, 47.2%, 42.2%, 50.8%, 48.0%, 46.6%]",,,,
6,weights,9,64,0.053147368,1.548942887,1.468438938,0.000111111,47,"[38.8%, 53.8%, 47.2%, 42.2%, 50.8%, 48.0%, 48.2%]",,,,
6,weights,10,65,0.053147368,1.531758613,1.474844828,0.000111111,47.22857143,"[38.8%, 53.8%, 47.2%, 42.2%, 50.8%, 48.0%, 49.8%]",,,,
6,weights,11,66,0.053147368,1.51901651,1.52315253,0.000111111,46.85714286,"[38.8%, 53.8%, 47.2%, 42.2%, 50.8%, 48.0%, 47.2%]",,,,
6,weights,12,67,0.053147368,1.503810505,1.494019613,0.000111111,46.91428571,"[38.8%, 53.8%, 47.2%, 42.2%, 50.8%, 48.0%, 47.6%]",,,,
6,weights,13,68,0.053147368,1.506596453,1.505827069,0.000111111,47.14285714,"[38.8%, 53.8%, 47.2%, 42.2%, 50.8%, 48.0%, 49.2%]",,,,
6,weights,14,69,0.053147368,1.488471777,1.462667823,0.000111111,47.22857143,"[38.8%, 53.8%, 47.2%, 42.2%, 50.8%, 48.0%, 49.8%]",,,,
6,weights,15,70,0.053147368,1.46009277,1.559876561,0.000111111,46.74285714,"[38.8%, 53.8%, 47.2%, 42.2%, 50.8%, 48.0%, 46.4%]",,,,
6,weights,16,71,0.053147368,1.454598098,1.464908779,0.000111111,47.28571429,"[38.8%, 53.8%, 47.2%, 42.2%, 50.8%, 48.0%, 50.2%]",,,,
6,weights,17,72,0.053147368,1.452936289,1.538566589,0.000111111,46.91428571,"[38.8%, 53.8%, 47.2%, 42.2%, 50.8%, 48.0%, 47.6%]",,,,
6,weights,18,73,0.053147368,1.447826606,1.455419183,0.000111111,47.51428571,"[38.8%, 53.8%, 47.2%, 42.2%, 50.8%, 48.0%, 51.8%]",,,,
6,weights,19,74,0.053147368,1.460435688,1.413485616,0.000111111,47.42857143,"[38.8%, 53.8%, 47.2%, 42.2%, 50.8%, 48.0%, 51.2%]",,,,
6,weights,20,75,0.053147368,1.444677941,1.459083855,0.000111111,47.25714286,"[38.8%, 53.8%, 47.2%, 42.2%, 50.8%, 48.0%, 50.0%]",,,,
6,weights,21,76,0.053147368,1.417796058,1.434954315,0.000111111,47.37142857,"[38.8%, 53.8%, 47.2%, 42.2%, 50.8%, 48.0%, 50.8%]",,,,
6,weights,22,77,0.053147368,1.405720091,1.456129089,0.000111111,47.34285714,"[38.8%, 53.8%, 47.2%, 42.2%, 50.8%, 48.0%, 50.6%]",,,,
6,weights,23,78,0.053147368,1.42676224,1.487092137,0.000111111,47.05714286,"[38.8%, 53.8%, 47.2%, 42.2%, 50.8%, 48.0%, 48.6%]",,,,
6,weights,24,79,0.053147368,1.427549586,1.403031081,0.000111111,47.6,"[38.8%, 53.8%, 47.2%, 42.2%, 50.8%, 48.0%, 52.4%]",,,,
6,weights,25,80,0.053147368,1.418760224,1.454578802,0.000111111,47.28571429,"[38.8%, 53.8%, 47.2%, 42.2%, 50.8%, 48.0%, 50.2%]",15.88571429,"[10.8%, 25.4%, 29.4%, 14.0%, 23.0%, 8.6%, 0.0%]",33.35714286,"[29.5%, 42.4%, 36.2%, 32.9%, 29.8%, 9.2%, 53.7%]"
7,parallel,1,1,0.5,7.345906237,2.579056203,0.000111111,42.625,"[38.8%, 53.8%, 47.2%, 42.2%, 50.8%, 48.0%, 50.2%, 10.0%]",,,,
7,parallel,2,2,0.5,2.379671649,2.333943397,0.000111111,42.625,"[38.8%, 53.8%, 47.2%, 42.2%, 50.8%, 48.0%, 50.2%, 10.0%]",,,,
7,parallel,3,3,0.5,2.334852219,2.328162432,0.000111111,42.625,"[38.8%, 53.8%, 47.2%, 42.2%, 50.8%, 48.0%, 50.2%, 10.0%]",,,,
7,parallel,4,4,0.5,2.328479061,2.329536885,0.000111111,42.625,"[38.8%, 53.8%, 47.2%, 42.2%, 50.8%, 48.0%, 50.2%, 10.0%]",,,,
7,parallel,5,5,0.488732659,2.322971021,2.304063141,0.000111111,43.05,"[38.8%, 53.8%, 47.2%, 42.2%, 50.8%, 48.0%, 50.2%, 13.4%]",,,,
7,parallel,6,6,0.47122281,2.273033371,2.193457663,0.000111111,43.875,"[38.8%, 53.8%, 47.2%, 42.2%, 50.8%, 48.0%, 50.2%, 20.0%]",,,,
7,parallel,7,7,0.454071276,2.101726514,1.977688104,0.000111111,45.175,"[38.8%, 53.8%, 47.2%, 42.2%, 50.8%, 48.0%, 50.2%, 30.4%]",,,,
7,parallel,8,8,0.437278058,1.980481223,1.940660007,0.000111111,45.45,"[38.8%, 53.8%, 47.2%, 42.2%, 50.8%, 48.0%, 50.2%, 32.6%]",,,,
7,parallel,9,9,0.420843156,1.873717583,1.886557966,0.000111111,45.725,"[38.8%, 53.8%, 47.2%, 42.2%, 50.8%, 48.0%, 50.2%, 34.8%]",,,,
7,parallel,10,10,0.40476657,1.773847304,1.704663619,0.000111111,46.275,"[38.8%, 53.8%, 47.2%, 42.2%, 50.8%, 48.0%, 50.2%, 39.2%]",,,,
7,parallel,11,11,0.389048299,1.671371522,1.720751658,0.000111111,46.5,"[38.8%, 53.8%, 47.2%, 42.2%, 50.8%, 48.0%, 50.2%, 41.0%]",,,,
7,parallel,12,12,0.373688345,1.596025137,1.606676139,0.000111111,47.625,"[38.8%, 53.8%, 47.2%, 42.2%, 50.8%, 48.0%, 50.2%, 50.0%]",,,,
7,parallel,13,13,0.358686706,1.565225488,1.670747511,0.000111111,46.975,"[38.8%, 53.8%, 47.2%, 42.2%, 50.8%, 48.0%, 50.2%, 44.8%]",,,,
7,parallel,14,14,0.344043383,1.469593282,1.427604616,0.000111111,47.9,"[38.8%, 53.8%, 47.2%, 42.2%, 50.8%, 48.0%, 50.2%, 52.2%]",,,,
7,parallel,15,15,0.329758375,1.446298005,1.505195528,0.000111111,47.85,"[38.8%, 53.8%, 47.2%, 42.2%, 50.8%, 48.0%, 50.2%, 51.8%]",,,,
7,parallel,16,16,0.315831684,1.399897269,1.399760835,0.000111111,48.1,"[38.8%, 53.8%, 47.2%, 42.2%, 50.8%, 48.0%, 50.2%, 53.8%]",,,,
7,parallel,17,17,0.302263308,1.360275754,1.342263915,0.000111111,48.3,"[38.8%, 53.8%, 47.2%, 42.2%, 50.8%, 48.0%, 50.2%, 55.4%]",,,,
7,parallel,18,18,0.289053248,1.346180249,1.344086483,0.000111111,48.35,"[38.8%, 53.8%, 47.2%, 42.2%, 50.8%, 48.0%, 50.2%, 55.8%]",,,,
7,parallel,19,19,0.276201504,1.300723672,1.363981277,0.000111111,48.35,"[38.8%, 53.8%, 47.2%, 42.2%, 50.8%, 48.0%, 50.2%, 55.8%]",,,,
7,parallel,20,20,0.263708076,1.30891233,1.281694561,0.000111111,48.575,"[38.8%, 53.8%, 47.2%, 42.2%, 50.8%, 48.0%, 50.2%, 57.6%]",,,,
7,parallel,21,21,0.251572963,1.294223016,1.349619474,0.000111111,48.025,"[38.8%, 53.8%, 47.2%, 42.2%, 50.8%, 48.0%, 50.2%, 53.2%]",,,,
7,parallel,22,22,0.239796166,1.270747577,1.269474011,0.000111111,48.5,"[38.8%, 53.8%, 47.2%, 42.2%, 50.8%, 48.0%, 50.2%, 57.0%]",,,,
7,parallel,23,23,0.228377685,1.295691618,1.363725949,0.000111111,48.225,"[38.8%, 53.8%, 47.2%, 42.2%, 50.8%, 48.0%, 50.2%, 54.8%]",,,,
7,parallel,24,24,0.21731752,1.278363071,1.426696889,0.000111111,48.05,"[38.8%, 53.8%, 47.2%, 42.2%, 50.8%, 48.0%, 50.2%, 53.4%]",,,,
7,parallel,25,25,0.206615671,1.280845856,1.369259179,0.000111111,48.325,"[38.8%, 53.8%, 47.2%, 42.2%, 50.8%, 48.0%, 50.2%, 55.6%]",,,,
7,parallel,26,26,0.196272137,1.259549625,1.280897215,0.000111111,48.65,"[38.8%, 53.8%, 47.2%, 42.2%, 50.8%, 48.0%, 50.2%, 58.2%]",,,,
7,parallel,27,27,0.186286919,1.300487182,1.292317115,0.000111111,48.55,"[38.8%, 53.8%, 47.2%, 42.2%, 50.8%, 48.0%, 50.2%, 57.4%]",,,,
7,parallel,28,28,0.176660017,1.305202862,1.259218127,0.000111111,48.725,"[38.8%, 53.8%, 47.2%, 42.2%, 50.8%, 48.0%, 50.2%, 58.8%]",,,,
7,parallel,29,29,0.167391431,1.2836122,1.362091906,0.000111111,48.375,"[38.8%, 53.8%, 47.2%, 42.2%, 50.8%, 48.0%, 50.2%, 56.0%]",,,,
7,parallel,30,30,0.15848116,1.29351599,1.265204079,0.000111111,48.775,"[38.8%, 53.8%, 47.2%, 42.2%, 50.8%, 48.0%, 50.2%, 59.2%]",,,,
7,parallel,31,31,0.149929206,1.304734853,1.38620403,0.000111111,48.275,"[38.8%, 53.8%, 47.2%, 42.2%, 50.8%, 48.0%, 50.2%, 55.2%]",,,,
7,parallel,32,32,0.141735567,1.31752759,1.30346489,0.000111111,48.55,"[38.8%, 53.8%, 47.2%, 42.2%, 50.8%, 48.0%, 50.2%, 57.4%]",,,,
7,parallel,33,33,0.133900244,1.443470398,1.430352643,0.000111111,48.125,"[38.8%, 53.8%, 47.2%, 42.2%, 50.8%, 48.0%, 50.2%, 54.0%]",,,,
7,parallel,34,34,0.126423236,1.409457329,1.439195998,0.000111111,47.9,"[38.8%, 53.8%, 47.2%, 42.2%, 50.8%, 48.0%, 50.2%, 52.2%]",,,,
7,parallel,35,35,0.119304545,1.439561403,1.418722138,0.000111111,48.075,"[38.8%, 53.8%, 47.2%, 42.2%, 50.8%, 48.0%, 50.2%, 53.6%]",,,,
7,parallel,36,36,0.112544169,1.417026387,1.333529934,0.000111111,48.55,"[38.8%, 53.8%, 47.2%, 42.2%, 50.8%, 48.0%, 50.2%, 57.4%]",,,,
7,parallel,37,37,0.106142109,1.525724305,1.671152458,0.000111111,47.1,"[38.8%, 53.8%, 47.2%, 42.2%, 50.8%, 48.0%, 50.2%, 45.8%]",,,,
7,parallel,38,38,0.100098365,1.495135775,1.384438969,0.000111111,48.4,"[38.8%, 53.8%, 47.2%, 42.2%, 50.8%, 48.0%, 50.2%, 56.2%]",,,,
7,parallel,39,39,0.094412936,1.477739295,1.389449172,0.000111111,48.425,"[38.8%, 53.8%, 47.2%, 42.2%, 50.8%, 48.0%, 50.2%, 56.4%]",,,,
7,parallel,40,40,0.089085824,1.678038203,1.528602399,0.000111111,47.75,"[38.8%, 53.8%, 47.2%, 42.2%, 50.8%, 48.0%, 50.2%, 51.0%]",,,,
7,parallel,41,41,0.084117027,1.634320197,1.551122695,0.000111111,47.6,"[38.8%, 53.8%, 47.2%, 42.2%, 50.8%, 48.0%, 50.2%, 49.8%]",,,,
7,parallel,42,42,0.079506546,1.574531763,1.520021878,0.000111111,47.875,"[38.8%, 53.8%, 47.2%, 42.2%, 50.8%, 48.0%, 50.2%, 52.0%]",,,,
7,parallel,43,43,0.075254381,1.769543758,1.610463306,0.000111111,47.325,"[38.8%, 53.8%, 47.2%, 42.2%, 50.8%, 48.0%, 50.2%, 47.6%]",,,,
7,parallel,44,44,0.071360531,1.629439638,1.574946195,0.000111111,47.8,"[38.8%, 53.8%, 47.2%, 42.2%, 50.8%, 48.0%, 50.2%, 51.4%]",,,,
7,parallel,45,45,0.067824998,1.629029795,1.571272403,0.000111111,47.375,"[38.8%, 53.8%, 47.2%, 42.2%, 50.8%, 48.0%, 50.2%, 48.0%]",,,,
7,parallel,46,46,0.06464778,1.583770823,1.57116209,0.000111111,47.35,"[38.8%, 53.8%, 47.2%, 42.2%, 50.8%, 48.0%, 50.2%, 47.8%]",,,,
7,parallel,47,47,0.061828878,1.777967598,1.81417159,0.000111111,46.025,"[38.8%, 53.8%, 47.2%, 42.2%, 50.8%, 48.0%, 50.2%, 37.2%]",,,,
7,parallel,48,48,0.059368291,1.766764111,1.66309768,0.000111111,46.975,"[38.8%, 53.8%, 47.2%, 42.2%, 50.8%, 48.0%, 50.2%, 44.8%]",,,,
7,parallel,49,49,0.057266021,1.733362948,1.670599587,0.000111111,47.1,"[38.8%, 53.8%, 47.2%, 42.2%, 50.8%, 48.0%, 50.2%, 45.8%]",,,,
7,parallel,50,50,0.055522066,1.670496664,1.944473848,0.000111111,46.025,"[38.8%, 53.8%, 47.2%, 42.2%, 50.8%, 48.0%, 50.2%, 37.2%]",,,,
7,parallel,51,51,0.054136427,1.833794452,1.740696475,0.000111111,46.7,"[38.8%, 53.8%, 47.2%, 42.2%, 50.8%, 48.0%, 50.2%, 42.6%]",,,,
7,parallel,52,52,0.053109104,1.707143438,1.61565122,0.000111111,47.6,"[38.8%, 53.8%, 47.2%, 42.2%, 50.8%, 48.0%, 50.2%, 49.8%]",,,,
7,parallel,53,53,0.052440097,1.663199159,1.606550574,0.000111111,47.4,"[38.8%, 53.8%, 47.2%, 42.2%, 50.8%, 48.0%, 50.2%, 48.2%]",,,,
7,parallel,54,54,0.052129405,1.609264399,1.646817125,0.000111111,47.2,"[38.8%, 53.8%, 47.2%, 42.2%, 50.8%, 48.0%, 50.2%, 46.6%]",,,,
7,parallel,55,55,0.052105263,1.575043647,1.694525212,0.000111111,46.975,"[38.8%, 53.8%, 47.2%, 42.2%, 50.8%, 48.0%, 50.2%, 44.8%]",,,,
7,weights,1,56,0.052105263,1.538293199,1.627257138,0.000111111,47.275,"[38.8%, 53.8%, 47.2%, 42.2%, 50.8%, 48.0%, 50.2%, 47.2%]",,,,
7,weights,2,57,0.052105263,1.539158141,1.537243247,0.000111111,48.05,"[38.8%, 53.8%, 47.2%, 42.2%, 50.8%, 48.0%, 50.2%, 53.4%]",,,,
7,weights,3,58,0.052105263,1.524217304,1.667365849,0.000111111,47.2,"[38.8%, 53.8%, 47.2%, 42.2%, 50.8%, 48.0%, 50.2%, 46.6%]",,,,
7,weights,4,59,0.052105263,1.514736922,1.561492339,0.000111111,47.85,"[38.8%, 53.8%, 47.2%, 42.2%, 50.8%, 48.0%, 50.2%, 51.8%]",,,,
7,weights,5,60,0.052105263,1.498189789,1.515107177,0.000111111,47.5,"[38.8%, 53.8%, 47.2%, 42.2%, 50.8%, 48.0%, 50.2%, 49.0%]",,,,
7,weights,6,61,0.052105263,1.475006782,1.50154493,0.000111111,47.9,"[38.8%, 53.8%, 47.2%, 42.2%, 50.8%, 48.0%, 50.2%, 52.2%]",,,,
7,weights,7,62,0.052105263,1.463000074,1.608229302,0.000111111,47.325,"[38.8%, 53.8%, 47.2%, 42.2%, 50.8%, 48.0%, 50.2%, 47.6%]",,,,
7,weights,8,63,0.052105263,1.451643189,1.499194816,0.000111111,47.975,"[38.8%, 53.8%, 47.2%, 42.2%, 50.8%, 48.0%, 50.2%, 52.8%]",,,,
7,weights,9,64,0.052105263,1.437525084,1.503473617,0.000111111,47.875,"[38.8%, 53.8%, 47.2%, 42.2%, 50.8%, 48.0%, 50.2%, 52.0%]",,,,
7,weights,10,65,0.052105263,1.436036431,1.439142965,0.000111111,48.075,"[38.8%, 53.8%, 47.2%, 42.2%, 50.8%, 48.0%, 50.2%, 53.6%]",,,,
7,weights,11,66,0.052105263,1.426931347,1.437537223,0.000111111,47.775,"[38.8%, 53.8%, 47.2%, 42.2%, 50.8%, 48.0%, 50.2%, 51.2%]",,,,
7,weights,12,67,0.052105263,1.414715187,1.418259896,0.000111111,48.25,"[38.8%, 53.8%, 47.2%, 42.2%, 50.8%, 48.0%, 50.2%, 55.0%]",,,,
7,weights,13,68,0.052105263,1.423059412,1.4362593,0.000111111,48.075,"[38.8%, 53.8%, 47.2%, 42.2%, 50.8%, 48.0%, 50.2%, 53.6%]",,,,
7,weights,14,69,0.052105263,1.397804873,1.402745314,0.000111111,48.225,"[38.8%, 53.8%, 47.2%, 42.2%, 50.8%, 48.0%, 50.2%, 54.8%]",,,,
7,weights,15,70,0.052105263,1.396394143,1.514274471,0.000111111,47.7,"[38.8%, 53.8%, 47.2%, 42.2%, 50.8%, 48.0%, 50.2%, 50.6%]",,,,
7,weights,16,71,0.052105263,1.395843794,1.454417214,0.000111111,47.975,"[38.8%, 53.8%, 47.2%, 42.2%, 50.8%, 48.0%, 50.2%, 52.8%]",,,,
7,weights,17,72,0.052105263,1.397925496,1.401560687,0.000111111,48.1,"[38.8%, 53.8%, 47.2%, 42.2%, 50.8%, 48.0%, 50.2%, 53.8%]",,,,
7,weights,18,73,0.052105263,1.368447849,1.383132458,0.000111111,48.025,"[38.8%, 53.8%, 47.2%, 42.2%, 50.8%, 48.0%, 50.2%, 53.2%]",,,,
7,weights,19,74,0.052105263,1.355020614,1.474286944,0.000111111,47.9,"[38.8%, 53.8%, 47.2%, 42.2%, 50.8%, 48.0%, 50.2%, 52.2%]",,,,
7,weights,20,75,0.052105263,1.340198042,1.397781253,0.000111111,48.225,"[38.8%, 53.8%, 47.2%, 42.2%, 50.8%, 48.0%, 50.2%, 54.8%]",,,,
7,weights,21,76,0.052105263,1.339297544,1.402573965,0.000111111,48.175,"[38.8%, 53.8%, 47.2%, 42.2%, 50.8%, 48.0%, 50.2%, 54.4%]",,,,
7,weights,22,77,0.052105263,1.357369513,1.494789042,0.000111111,47.625,"[38.8%, 53.8%, 47.2%, 42.2%, 50.8%, 48.0%, 50.2%, 50.0%]",,,,
7,weights,23,78,0.052105263,1.361075588,1.468649745,0.000111111,48,"[38.8%, 53.8%, 47.2%, 42.2%, 50.8%, 48.0%, 50.2%, 53.0%]",,,,
7,weights,24,79,0.052105263,1.321434661,1.364321306,0.000111111,48.025,"[38.8%, 53.8%, 47.2%, 42.2%, 50.8%, 48.0%, 50.2%, 53.2%]",,,,
7,weights,25,80,0.052105263,1.32120295,1.436294101,0.000111111,48.05,"[38.8%, 53.8%, 47.2%, 42.2%, 50.8%, 48.0%, 50.2%, 53.4%]",15.05,"[10.8%, 25.4%, 29.4%, 14.0%, 23.0%, 8.6%, 0.0%, 9.2%]",32.25,"[24.9%, 42.3%, 36.8%, 25.3%, 30.4%, 9.4%, 53.5%, 36.6%]"
8,parallel,1,1,0.5,8.254129343,2.844816297,0.000111111,43.82222222,"[38.8%, 53.8%, 47.2%, 42.2%, 50.8%, 48.0%, 50.2%, 53.4%, 10.0%]",,,,
8,parallel,2,2,0.5,2.432837851,2.340104699,0.000111111,43.82222222,"[38.8%, 53.8%, 47.2%, 42.2%, 50.8%, 48.0%, 50.2%, 53.4%, 10.0%]",,,,
8,parallel,3,3,0.5,2.335173942,2.324470252,0.000111111,43.82222222,"[38.8%, 53.8%, 47.2%, 42.2%, 50.8%, 48.0%, 50.2%, 53.4%, 10.0%]",,,,
8,parallel,4,4,0.5,2.330408148,2.32084614,0.000111111,43.82222222,"[38.8%, 53.8%, 47.2%, 42.2%, 50.8%, 48.0%, 50.2%, 53.4%, 10.0%]",,,,
8,parallel,5,5,0.488706444,2.326367565,2.317613721,0.000111111,43.82222222,"[38.8%, 53.8%, 47.2%, 42.2%, 50.8%, 48.0%, 50.2%, 53.4%, 10.0%]",,,,
8,parallel,6,6,0.471155855,2.30648026,2.215493068,0.000111111,44.62222222,"[38.8%, 53.8%, 47.2%, 42.2%, 50.8%, 48.0%, 50.2%, 53.4%, 17.2%]",,,,
8,parallel,7,7,0.453964415,2.140669447,2.138650641,0.000111111,45.11111111,"[38.8%, 53.8%, 47.2%, 42.2%, 50.8%, 48.0%, 50.2%, 53.4%, 21.6%]",,,,
8,parallel,8,8,0.437132125,2.016913655,2.017892092,0.000111111,45.86666667,"[38.8%, 53.8%, 47.2%, 42.2%, 50.8%, 48.0%, 50.2%, 53.4%, 28.4%]",,,,
8,parallel,9,9,0.420658984,1.876264613,1.889639035,0.000111111,46.15555556,"[38.8%, 53.8%, 47.2%, 42.2%, 50.8%, 48.0%, 50.2%, 53.4%, 31.0%]",,,,
8,parallel,10,10,0.404544993,1.804978555,1.823179469,0.000111111,46.62222222,"[38.8%, 53.8%, 47.2%, 42.2%, 50.8%, 48.0%, 50.2%, 53.4%, 35.2%]",,,,
8,parallel,11,11,0.388790151,1.702125299,1.611492023,0.000111111,48.11111111,"[38.8%, 53.8%, 47.2%, 42.2%, 50.8%, 48.0%, 50.2%, 53.4%, 48.6%]",,,,
8,parallel,12,12,0.373394459,1.623589033,1.716990001,0.000111111,47.33333333,"[38.8%, 53.8%, 47.2%, 42.2%, 50.8%, 48.0%, 50.2%, 53.4%, 41.6%]",,,,
8,parallel,13,13,0.358357916,1.542473789,1.508436367,0.000111111,48.33333333,"[38.8%, 53.8%, 47.2%, 42.2%, 50.8%, 48.0%, 50.2%, 53.4%, 50.6%]",,,,
8,parallel,14,14,0.343680522,1.495147135,1.420396701,0.000111111,48.77777778,"[38.8%, 53.8%, 47.2%, 42.2%, 50.8%, 48.0%, 50.2%, 53.4%, 54.6%]",,,,
8,parallel,15,15,0.329362279,1.408745082,1.375691831,0.000111111,48.66666667,"[38.8%, 53.8%, 47.2%, 42.2%, 50.8%, 48.0%, 50.2%, 53.4%, 53.6%]",,,,
8,parallel,16,16,0.315403184,1.3958328,1.338795908,0.000111111,48.82222222,"[38.8%, 53.8%, 47.2%, 42.2%, 50.8%, 48.0%, 50.2%, 53.4%, 55.0%]",,,,
8,parallel,17,17,0.301803239,1.391053604,1.509542845,0.000111111,48.24444444,"[38.8%, 53.8%, 47.2%, 42.2%, 50.8%, 48.0%, 50.2%, 53.4%, 49.8%]",,,,
8,parallel,18,18,0.288562444,1.396019308,1.2839185,0.000111111,49.24444444,"[38.8%, 53.8%, 47.2%, 42.2%, 50.8%, 48.0%, 50.2%, 53.4%, 58.8%]",,,,
8,parallel,19,19,0.275680798,1.364969844,1.441360191,0.000111111,48.35555556,"[38.8%, 53.8%, 47.2%, 42.2%, 50.8%, 48.0%, 50.2%, 53.4%, 50.8%]",,,,
8,parallel,20,20,0.263158301,1.342473438,1.411173515,0.000111111,48.82222222,"[38.8%, 53.8%, 47.2%, 42.2%, 50.8%, 48.0%, 50.2%, 53.4%, 55.0%]",,,,
8,parallel,21,21,0.250994954,1.323922649,1.353745438,0.000111111,48.88888889,"[38.8%, 53.8%, 47.2%, 42.2%, 50.8%, 48.0%, 50.2%, 53.4%, 55.6%]",,,,
8,parallel,22,22,0.239190757,1.30222396,1.35546948,0.000111111,48.91111111,"[38.8%, 53.8%, 47.2%, 42.2%, 50.8%, 48.0%, 50.2%, 53.4%, 55.8%]",,,,
8,parallel,23,23,0.227745709,1.330742797,1.342305832,0.000111111,48.84444444,"[38.8%, 53.8%, 47.2%, 42.2%, 50.8%, 48.0%, 50.2%, 53.4%, 55.2%]",,,,
8,parallel,24,24,0.21665981,1.334285848,1.453367397,0.000111111,48.51111111,"[38.8%, 53.8%, 47.2%, 42.2%, 50.8%, 48.0%, 50.2%, 53.4%, 52.2%]",,,,
8,parallel,25,25,0.205933061,1.291513804,1.302290268,0.000111111,49.11111111,"[38.8%, 53.8%, 47.2%, 42.2%, 50.8%, 48.0%, 50.2%, 53.4%, 57.6%]",,,,
8,parallel,26,26,0.195565461,1.350126935,1.346205056,0.000111111,48.64444444,"[38.8%, 53.8%, 47.2%, 42.2%, 50.8%, 48.0%, 50.2%, 53.4%, 53.4%]",,,,
8,parallel,27,27,0.185557011,1.351851183,1.372339122,0.000111111,48.64444444,"[38.8%, 53.8%, 47.2%, 42.2%, 50.8%, 48.0%, 50.2%, 53.4%, 53.4%]",,,,
8,parallel,28,28,0.17590771,1.348739873,1.320717946,0.000111111,48.93333333,"[38.8%, 53.8%, 47.2%, 42.2%, 50.8%, 48.0%, 50.2%, 53.4%, 56.0%]",,,,
8,parallel,29,29,0.166617559,1.403436311,1.388391145,0.000111111,48.44444444,"[38.8%, 53.8%, 47.2%, 42.2%, 50.8%, 48.0%, 50.2%, 53.4%, 51.6%]",,,,
8,parallel,30,30,0.157686557,1.356875036,1.420920528,0.000111111,48.42222222,"[38.8%, 53.8%, 47.2%, 42.2%, 50.8%, 48.0%, 50.2%, 53.4%, 51.4%]",,,,
8,parallel,31,31,0.149114705,1.392443521,1.398571774,0.000111111,48.48888889,"[38.8%, 53.8%, 47.2%, 42.2%, 50.8%, 48.0%, 50.2%, 53.4%, 52.0%]",,,,
8,parallel,32,32,0.140902002,1.379590336,1.405247979,0.000111111,48.51111111,"[38.8%, 53.8%, 47.2%, 42.2%, 50.8%, 48.0%, 50.2%, 53.4%, 52.2%]",,,,
8,parallel,33,33,0.133048449,1.49897405,1.431430206,0.000111111,48.46666667,"[38.8%, 53.8%, 47.2%, 42.2%, 50.8%, 48.0%, 50.2%, 53.4%, 51.8%]",,,,
8,parallel,34,34,0.125554045,1.418826917,1.399266399,0.000111111,48.62222222,"[38.8%, 53.8%, 47.2%, 42.2%, 50.8%, 48.0%, 50.2%, 53.4%, 53.2%]",,,,
8,parallel,35,35,0.11841879,1.574004707,1.40481101,0.000111111,48.64444444,"[38.8%, 53.8%, 47.2%, 42.2%, 50.8%, 48.0%, 50.2%, 53.4%, 53.4%]",,,,
8,parallel,36,36,0.111642685,1.492228891,1.440438628,0.000111111,48.4,"[38.8%, 53.8%, 47.2%, 42.2%, 50.8%, 48.0%, 50.2%, 53.4%, 51.2%]",,,,
8,parallel,37,37,0.10522573,1.675052644,1.564762995,0.000111111,47.97777778,"[38.8%, 53.8%, 47.2%, 42.2%, 50.8%, 48.0%, 50.2%, 53.4%, 47.4%]",,,,
8,parallel,38,38,0.099167924,1.605910499,1.561415508,0.000111111,48.02222222,"[38.8%, 53.8%, 47.2%, 42.2%, 50.8%, 48.0%, 50.2%, 53.4%, 47.8%]",,,,
8,parallel,39,39,0.093469267,1.608900272,1.595479101,0.000111111,47.97777778,"[38.8%, 53.8%, 47.2%, 42.2%, 50.8%, 48.0%, 50.2%, 53.4%, 47.4%]",,,,
8,parallel,40,40,0.08812976,1.624394711,1.569898069,0.000111111,48.11111111,"[38.8%, 53.8%, 47.2%, 42.2%, 50.8%, 48.0%, 50.2%, 53.4%, 48.6%]",,,,
8,parallel,41,41,0.083149403,1.631633049,1.552149579,0.000111111,48.31111111,"[38.8%, 53.8%, 47.2%, 42.2%, 50.8%, 48.0%, 50.2%, 53.4%, 50.4%]",,,,
8,parallel,42,42,0.078528195,1.588428864,1.553267553,0.000111111,48.26666667,"[38.8%, 53.8%, 47.2%, 42.2%, 50.8%, 48.0%, 50.2%, 53.4%, 50.0%]",,,,
8,parallel,43,43,0.074266136,1.798347226,1.633672863,0.000111111,47.77777778,"[38.8%, 53.8%, 47.2%, 42.2%, 50.8%, 48.0%, 50.2%, 53.4%, 45.6%]",,,,
8,parallel,44,44,0.070363227,1.686573976,1.610715568,0.000111111,47.91111111,"[38.8%, 53.8%, 47.2%, 42.2%, 50.8%, 48.0%, 50.2%, 53.4%, 46.8%]",,,,
8,parallel,45,45,0.066819467,1.768654304,1.69953987,0.000111111,47.22222222,"[38.8%, 53.8%, 47.2%, 42.2%, 50.8%, 48.0%, 50.2%, 53.4%, 40.6%]",,,,
8,parallel,46,46,0.063634857,1.752847949,1.647165313,0.000111111,47.77777778,"[38.8%, 53.8%, 47.2%, 42.2%, 50.8%, 48.0%, 50.2%, 53.4%, 45.6%]",,,,
8,parallel,47,47,0.060809396,2.071590703,1.972059786,0.000111111,46.31111111,"[38.8%, 53.8%, 47.2%, 42.2%, 50.8%, 48.0%, 50.2%, 53.4%, 32.4%]",,,,
8,parallel,48,48,0.058343085,1.987685234,1.948341817,0.000111111,46.62222222,"[38.8%, 53.8%, 47.2%, 42.2%, 50.8%, 48.0%, 50.2%, 53.4%, 35.2%]",,,,
8,parallel,49,49,0.056235923,1.912737943,1.837003246,0.000111111,46.66666667,"[38.8%, 53.8%, 47.2%, 42.2%, 50.8%, 48.0%, 50.2%, 53.4%, 35.6%]",,,,
8,parallel,50,50,0.054487911,1.925306187,1.9237964,0.000111111,46.77777778,"[38.8%, 53.8%, 47.2%, 42.2%, 50.8%, 48.0%, 50.2%, 53.4%, 36.6%]",,,,
8,parallel,51,51,0.053099048,1.885410057,1.809890896,0.000111111,47.26666667,"[38.8%, 53.8%, 47.2%, 42.2%, 50.8%, 48.0%, 50.2%, 53.4%, 41.0%]",,,,
8,parallel,52,52,0.052069335,1.86924374,1.790627465,0.000111111,47.22222222,"[38.8%, 53.8%, 47.2%, 42.2%, 50.8%, 48.0%, 50.2%, 53.4%, 40.6%]",,,,
8,parallel,53,53,0.051398771,1.80179371,1.753518432,0.000111111,47.46666667,"[38.8%, 53.8%, 47.2%, 42.2%, 50.8%, 48.0%, 50.2%, 53.4%, 42.8%]",,,,
8,parallel,54,54,0.051087356,1.751663919,1.735001564,0.000111111,47.51111111,"[38.8%, 53.8%, 47.2%, 42.2%, 50.8%, 48.0%, 50.2%, 53.4%, 43.2%]",,,,
8,parallel,55,55,0.051063158,1.736282439,1.683842987,0.000111111,47.8,"[38.8%, 53.8%, 47.2%, 42.2%, 50.8%, 48.0%, 50.2%, 53.4%, 45.8%]",,,,
8,weights,1,56,0.051063158,1.709382566,1.659368619,0.000111111,47.53333333,"[38.8%, 53.8%, 47.2%, 42.2%, 50.8%, 48.0%, 50.2%, 53.4%, 43.4%]",,,,
8,weights,2,57,0.051063158,1.670007832,1.635023922,0.000111111,47.53333333,"[38.8%, 53.8%, 47.2%, 42.2%, 50.8%, 48.0%, 50.2%, 53.4%, 43.4%]",,,,
8,weights,3,58,0.051063158,1.666419831,1.661824301,0.000111111,47.57777778,"[38.8%, 53.8%, 47.2%, 42.2%, 50.8%, 48.0%, 50.2%, 53.4%, 43.8%]",,,,
8,weights,4,59,0.051063158,1.63982588,1.602328509,0.000111111,47.75555556,"[38.8%, 53.8%, 47.2%, 42.2%, 50.8%, 48.0%, 50.2%, 53.4%, 45.4%]",,,,
8,weights,5,60,0.051063158,1.62658809,1.580992728,0.000111111,48.13333333,"[38.8%, 53.8%, 47.2%, 42.2%, 50.8%, 48.0%, 50.2%, 53.4%, 48.8%]",,,,
8,weights,6,61,0.051063158,1.613031641,1.56726262,0.000111111,47.95555556,"[38.8%, 53.8%, 47.2%, 42.2%, 50.8%, 48.0%, 50.2%, 53.4%, 47.2%]",,,,
8,weights,7,62,0.051063158,1.59401124,1.578125164,0.000111111,47.88888889,"[38.8%, 53.8%, 47.2%, 42.2%, 50.8%, 48.0%, 50.2%, 53.4%, 46.6%]",,,,
8,weights,8,63,0.051063158,1.584826094,1.559923112,0.000111111,47.95555556,"[38.8%, 53.8%, 47.2%, 42.2%, 50.8%, 48.0%, 50.2%, 53.4%, 47.2%]",,,,
8,weights,9,64,0.051063158,1.57842021,1.622606218,0.000111111,47.66666667,"[38.8%, 53.8%, 47.2%, 42.2%, 50.8%, 48.0%, 50.2%, 53.4%, 44.6%]",,,,
8,weights,10,65,0.051063158,1.555422614,1.524565488,0.000111111,48.17777778,"[38.8%, 53.8%, 47.2%, 42.2%, 50.8%, 48.0%, 50.2%, 53.4%, 49.2%]",,,,
8,weights,11,66,0.051063158,1.556987225,1.568198368,0.000111111,48.11111111,"[38.8%, 53.8%, 47.2%, 42.2%, 50.8%, 48.0%, 50.2%, 53.4%, 48.6%]",,,,
8,weights,12,67,0.051063158,1.539891027,1.4928675,0.000111111,48.22222222,"[38.8%, 53.8%, 47.2%, 42.2%, 50.8%, 48.0%, 50.2%, 53.4%, 49.6%]",,,,
8,weights,13,68,0.051063158,1.528089564,1.543684959,0.000111111,47.86666667,"[38.8%, 53.8%, 47.2%, 42.2%, 50.8%, 48.0%, 50.2%, 53.4%, 46.4%]",,,,
8,weights,14,69,0.051063158,1.553986104,1.486734942,0.000111111,48.26666667,"[38.8%, 53.8%, 47.2%, 42.2%, 50.8%, 48.0%, 50.2%, 53.4%, 50.0%]",,,,
8,weights,15,70,0.051063158,1.518472818,1.481156692,0.000111111,48.26666667,"[38.8%, 53.8%, 47.2%, 42.2%, 50.8%, 48.0%, 50.2%, 53.4%, 50.0%]",,,,
8,weights,16,71,0.051063158,1.526631456,1.524281904,0.000111111,47.88888889,"[38.8%, 53.8%, 47.2%, 42.2%, 50.8%, 48.0%, 50.2%, 53.4%, 46.6%]",,,,
8,weights,17,72,0.051063158,1.515497165,1.501364827,0.000111111,48.24444444,"[38.8%, 53.8%, 47.2%, 42.2%, 50.8%, 48.0%, 50.2%, 53.4%, 49.8%]",,,,
8,weights,18,73,0.051063158,1.477394572,1.479049653,0.000111111,48.33333333,"[38.8%, 53.8%, 47.2%, 42.2%, 50.8%, 48.0%, 50.2%, 53.4%, 50.6%]",,,,
8,weights,19,74,0.051063158,1.463317252,1.488059863,0.000111111,48.15555556,"[38.8%, 53.8%, 47.2%, 42.2%, 50.8%, 48.0%, 50.2%, 53.4%, 49.0%]",,,,
8,weights,20,75,0.051063158,1.45329353,1.415642798,0.000111111,48.46666667,"[38.8%, 53.8%, 47.2%, 42.2%, 50.8%, 48.0%, 50.2%, 53.4%, 51.8%]",,,,
8,weights,21,76,0.051063158,1.444629902,1.43649894,0.000111111,48.42222222,"[38.8%, 53.8%, 47.2%, 42.2%, 50.8%, 48.0%, 50.2%, 53.4%, 51.4%]",,,,
8,weights,22,77,0.051063158,1.439455124,1.423618987,0.000111111,48.51111111,"[38.8%, 53.8%, 47.2%, 42.2%, 50.8%, 48.0%, 50.2%, 53.4%, 52.2%]",,,,
8,weights,23,78,0.051063158,1.435819555,1.428141363,0.000111111,48.73333333,"[38.8%, 53.8%, 47.2%, 42.2%, 50.8%, 48.0%, 50.2%, 53.4%, 54.2%]",,,,
8,weights,24,79,0.051063158,1.436831731,1.462482914,0.000111111,48.26666667,"[38.8%, 53.8%, 47.2%, 42.2%, 50.8%, 48.0%, 50.2%, 53.4%, 50.0%]",,,,
8,weights,25,80,0.051063158,1.434745967,1.394402459,0.000111111,48.73333333,"[38.8%, 53.8%, 47.2%, 42.2%, 50.8%, 48.0%, 50.2%, 53.4%, 54.2%]",13.37777778,"[10.8%, 25.4%, 29.4%, 14.0%, 23.0%, 8.6%, 0.0%, 9.2%, 0.0%]",35.45555556,"[26.7%, 42.3%, 36.6%, 24.5%, 35%, 14.8%, 45.4%, 37.3%, 57.2%]"
9,parallel,1,1,0.5,10.17231916,3.358253539,0.000111111,44.86,"[38.8%, 53.8%, 47.2%, 42.2%, 50.8%, 48.0%, 50.2%, 53.4%, 54.2%, 10.0%]",,,,
9,parallel,2,2,0.5,2.50268561,2.343753159,0.000111111,44.86,"[38.8%, 53.8%, 47.2%, 42.2%, 50.8%, 48.0%, 50.2%, 53.4%, 54.2%, 10.0%]",,,,
9,parallel,3,3,0.5,2.34071437,2.323788464,0.000111111,44.86,"[38.8%, 53.8%, 47.2%, 42.2%, 50.8%, 48.0%, 50.2%, 53.4%, 54.2%, 10.0%]",,,,
9,parallel,4,4,0.5,2.327006542,2.327381939,0.000111111,44.86,"[38.8%, 53.8%, 47.2%, 42.2%, 50.8%, 48.0%, 50.2%, 53.4%, 54.2%, 10.0%]",,,,
9,parallel,5,5,0.488680228,2.329120832,2.318143636,0.000111111,44.86,"[38.8%, 53.8%, 47.2%, 42.2%, 50.8%, 48.0%, 50.2%, 53.4%, 54.2%, 10.0%]",,,,
9,parallel,6,6,0.471088899,2.266325241,2.111347526,0.000111111,45.48,"[38.8%, 53.8%, 47.2%, 42.2%, 50.8%, 48.0%, 50.2%, 53.4%, 54.2%, 16.2%]",,,,
9,parallel,7,7,0.453857554,2.098674495,2.001150176,0.000111111,46.36,"[38.8%, 53.8%, 47.2%, 42.2%, 50.8%, 48.0%, 50.2%, 53.4%, 54.2%, 25.0%]",,,,
9,parallel,8,8,0.436986191,1.904087266,1.729696065,0.000111111,47.26,"[38.8%, 53.8%, 47.2%, 42.2%, 50.8%, 48.0%, 50.2%, 53.4%, 54.2%, 34.0%]",,,,
9,parallel,9,9,0.420474812,1.764402792,1.702063814,0.000111111,47.9,"[38.8%, 53.8%, 47.2%, 42.2%, 50.8%, 48.0%, 50.2%, 53.4%, 54.2%, 40.4%]",,,,
9,parallel,10,10,0.404323416,1.610356067,1.746688858,0.000111111,47.8,"[38.8%, 53.8%, 47.2%, 42.2%, 50.8%, 48.0%, 50.2%, 53.4%, 54.2%, 39.4%]",,,,
9,parallel,11,11,0.388532002,1.569611681,1.459598839,0.000111111,48.9,"[38.8%, 53.8%, 47.2%, 42.2%, 50.8%, 48.0%, 50.2%, 53.4%, 54.2%, 50.4%]",,,,
9,parallel,12,12,0.373100573,1.45192068,1.354337007,0.000111111,49.14,"[38.8%, 53.8%, 47.2%, 42.2%, 50.8%, 48.0%, 50.2%, 53.4%, 54.2%, 52.8%]",,,,
9,parallel,13,13,0.358029126,1.390773151,1.330088601,0.000111111,49.46,"[38.8%, 53.8%, 47.2%, 42.2%, 50.8%, 48.0%, 50.2%, 53.4%, 54.2%, 56.0%]",,,,
9,parallel,14,14,0.343317662,1.335864473,1.410505861,0.000111111,49.02,"[38.8%, 53.8%, 47.2%, 42.2%, 50.8%, 48.0%, 50.2%, 53.4%, 54.2%, 51.6%]",,,,
9,parallel,15,15,0.328966182,1.285914055,1.379068695,0.000111111,49.6,"[38.8%, 53.8%, 47.2%, 42.2%, 50.8%, 48.0%, 50.2%, 53.4%, 54.2%, 57.4%]",,,,
9,parallel,16,16,0.314974684,1.250904334,1.27983503,0.000111111,49.58,"[38.8%, 53.8%, 47.2%, 42.2%, 50.8%, 48.0%, 50.2%, 53.4%, 54.2%, 57.2%]",,,,
9,parallel,17,17,0.30134317,1.228404184,1.242361024,0.000111111,49.74,"[38.8%, 53.8%, 47.2%, 42.2%, 50.8%, 48.0%, 50.2%, 53.4%, 54.2%, 58.8%]",,,,
9,parallel,18,18,0.288071639,1.240161141,1.244625755,0.000111111,49.66,"[38.8%, 53.8%, 47.2%, 42.2%, 50.8%, 48.0%, 50.2%, 53.4%, 54.2%, 58.0%]",,,,
9,parallel,19,19,0.275160092,1.228488172,1.226161741,0.000111111,49.88,"[38.8%, 53.8%, 47.2%, 42.2%, 50.8%, 48.0%, 50.2%, 53.4%, 54.2%, 60.2%]",,,,
9,parallel,20,20,0.262608527,1.200653318,1.194734983,0.000111111,49.98,"[38.8%, 53.8%, 47.2%, 42.2%, 50.8%, 48.0%, 50.2%, 53.4%, 54.2%, 61.2%]",,,,
9,parallel,21,21,0.250416945,1.200663134,1.221227035,0.000111111,49.7,"[38.8%, 53.8%, 47.2%, 42.2%, 50.8%, 48.0%, 50.2%, 53.4%, 54.2%, 58.4%]",,,,
9,parallel,22,22,0.238585347,1.15308415,1.165650561,0.000111111,49.86,"[38.8%, 53.8%, 47.2%, 42.2%, 50.8%, 48.0%, 50.2%, 53.4%, 54.2%, 60.0%]",,,,
9,parallel,23,23,0.227113732,1.125939092,1.207876861,0.000111111,49.76,"[38.8%, 53.8%, 47.2%, 42.2%, 50.8%, 48.0%, 50.2%, 53.4%, 54.2%, 59.0%]",,,,
9,parallel,24,24,0.2160021,1.180746263,1.214153454,0.000111111,50.04,"[38.8%, 53.8%, 47.2%, 42.2%, 50.8%, 48.0%, 50.2%, 53.4%, 54.2%, 61.8%]",,,,
9,parallel,25,25,0.205250451,1.128705443,1.151550949,0.000111111,50.06,"[38.8%, 53.8%, 47.2%, 42.2%, 50.8%, 48.0%, 50.2%, 53.4%, 54.2%, 62.0%]",,,,
9,parallel,26,26,0.194858785,1.188234365,1.261870325,0.000111111,49.34,"[38.8%, 53.8%, 47.2%, 42.2%, 50.8%, 48.0%, 50.2%, 53.4%, 54.2%, 54.8%]",,,,
9,parallel,27,27,0.184827103,1.159684552,1.196920313,0.000111111,49.96,"[38.8%, 53.8%, 47.2%, 42.2%, 50.8%, 48.0%, 50.2%, 53.4%, 54.2%, 61.0%]",,,,
9,parallel,28,28,0.175155403,1.170061536,1.157082483,0.000111111,50,"[38.8%, 53.8%, 47.2%, 42.2%, 50.8%, 48.0%, 50.2%, 53.4%, 54.2%, 61.4%]",,,,
9,parallel,29,29,0.165843687,1.218591217,1.157603346,0.000111111,49.96,"[38.8%, 53.8%, 47.2%, 42.2%, 50.8%, 48.0%, 50.2%, 53.4%, 54.2%, 61.0%]",,,,
9,parallel,30,30,0.156891954,1.160314825,1.277263515,0.000111111,49.72,"[38.8%, 53.8%, 47.2%, 42.2%, 50.8%, 48.0%, 50.2%, 53.4%, 54.2%, 58.6%]",,,,
9,parallel,31,31,0.148300204,1.282737712,1.334808044,0.000111111,49.34,"[38.8%, 53.8%, 47.2%, 42.2%, 50.8%, 48.0%, 50.2%, 53.4%, 54.2%, 54.8%]",,,,
9,parallel,32,32,0.140068437,1.267083207,1.274653286,0.000111111,49.64,"[38.8%, 53.8%, 47.2%, 42.2%, 50.8%, 48.0%, 50.2%, 53.4%, 54.2%, 57.8%]",,,,
9,parallel,33,33,0.132196654,1.269499184,1.31718877,0.000111111,49.52,"[38.8%, 53.8%, 47.2%, 42.2%, 50.8%, 48.0%, 50.2%, 53.4%, 54.2%, 56.6%]",,,,
9,parallel,34,34,0.124684853,1.313090052,1.319341257,0.000111111,49.24,"[38.8%, 53.8%, 47.2%, 42.2%, 50.8%, 48.0%, 50.2%, 53.4%, 54.2%, 53.8%]",,,,
9,parallel,35,35,0.117533036,1.294452194,1.284708671,0.000111111,49.56,"[38.8%, 53.8%, 47.2%, 42.2%, 50.8%, 48.0%, 50.2%, 53.4%, 54.2%, 57.0%]",,,,
9,parallel,36,36,0.110741202,1.285998393,1.2325873,0.000111111,49.66,"[38.8%, 53.8%, 47.2%, 42.2%, 50.8%, 48.0%, 50.2%, 53.4%, 54.2%, 58.0%]",,,,
9,parallel,37,37,0.104309351,1.445917028,1.296237409,0.000111111,49.46,"[38.8%, 53.8%, 47.2%, 42.2%, 50.8%, 48.0%, 50.2%, 53.4%, 54.2%, 56.0%]",,,,
9,parallel,38,38,0.098237483,1.369960417,1.296819344,0.000111111,49.42,"[38.8%, 53.8%, 47.2%, 42.2%, 50.8%, 48.0%, 50.2%, 53.4%, 54.2%, 55.6%]",,,,
9,parallel,39,39,0.092525598,1.468895915,1.512617417,0.000111111,48.72,"[38.8%, 53.8%, 47.2%, 42.2%, 50.8%, 48.0%, 50.2%, 53.4%, 54.2%, 48.6%]",,,,
9,parallel,40,40,0.087173697,1.494041503,1.366570346,0.000111111,49.36,"[38.8%, 53.8%, 47.2%, 42.2%, 50.8%, 48.0%, 50.2%, 53.4%, 54.2%, 55.0%]",,,,
9,parallel,41,41,0.082181778,1.63631135,1.417167574,0.000111111,49.32,"[38.8%, 53.8%, 47.2%, 42.2%, 50.8%, 48.0%, 50.2%, 53.4%, 54.2%, 54.6%]",,,,
9,parallel,42,42,0.077549843,1.658738249,1.559492305,0.000111111,48.48,"[38.8%, 53.8%, 47.2%, 42.2%, 50.8%, 48.0%, 50.2%, 53.4%, 54.2%, 46.2%]",,,,
9,parallel,43,43,0.073277891,1.589606946,1.502499707,0.000111111,48.84,"[38.8%, 53.8%, 47.2%, 42.2%, 50.8%, 48.0%, 50.2%, 53.4%, 54.2%, 49.8%]",,,,
9,parallel,44,44,0.069365922,1.624944429,1.624668509,0.000111111,48.38,"[38.8%, 53.8%, 47.2%, 42.2%, 50.8%, 48.0%, 50.2%, 53.4%, 54.2%, 45.2%]",,,,
9,parallel,45,45,0.065813937,1.61530288,1.494975269,0.000111111,48.9,"[38.8%, 53.8%, 47.2%, 42.2%, 50.8%, 48.0%, 50.2%, 53.4%, 54.2%, 50.4%]",,,,
9,parallel,46,46,0.062621934,1.54550684,1.454733074,0.000111111,49.2,"[38.8%, 53.8%, 47.2%, 42.2%, 50.8%, 48.0%, 50.2%, 53.4%, 54.2%, 53.4%]",,,,
9,parallel,47,47,0.059789915,2.002707819,1.755258426,0.000111111,47.96,"[38.8%, 53.8%, 47.2%, 42.2%, 50.8%, 48.0%, 50.2%, 53.4%, 54.2%, 41.0%]",,,,
9,parallel,48,48,0.057317878,1.799855368,1.703674361,0.000111111,48.04,"[38.8%, 53.8%, 47.2%, 42.2%, 50.8%, 48.0%, 50.2%, 53.4%, 54.2%, 41.8%]",,,,
9,parallel,49,49,0.055205825,1.713844105,1.69468838,0.000111111,48.28,"[38.8%, 53.8%, 47.2%, 42.2%, 50.8%, 48.0%, 50.2%, 53.4%, 54.2%, 44.2%]",,,,
9,parallel,50,50,0.053453755,1.831484881,1.715543166,0.000111111,48.16,"[38.8%, 53.8%, 47.2%, 42.2%, 50.8%, 48.0%, 50.2%, 53.4%, 54.2%, 43.0%]",,,,
9,parallel,51,51,0.052061669,1.724231273,1.622132376,0.000111111,48.34,"[38.8%, 53.8%, 47.2%, 42.2%, 50.8%, 48.0%, 50.2%, 53.4%, 54.2%, 44.8%]",,,,
9,parallel,52,52,0.051029565,1.660002324,1.566200137,0.000111111,48.4,"[38.8%, 53.8%, 47.2%, 42.2%, 50.8%, 48.0%, 50.2%, 53.4%, 54.2%, 45.4%]",,,,
9,parallel,53,53,0.050357445,1.693287711,1.633974314,0.000111111,48.2,"[38.8%, 53.8%, 47.2%, 42.2%, 50.8%, 48.0%, 50.2%, 53.4%, 54.2%, 43.4%]",,,,
9,parallel,54,54,0.050045307,1.61873136,1.559091598,0.000111111,48.48,"[38.8%, 53.8%, 47.2%, 42.2%, 50.8%, 48.0%, 50.2%, 53.4%, 54.2%, 46.2%]",,,,
9,parallel,55,55,0.050021053,1.591929386,1.551864251,0.000111111,48.54,"[38.8%, 53.8%, 47.2%, 42.2%, 50.8%, 48.0%, 50.2%, 53.4%, 54.2%, 46.8%]",,,,
9,weights,1,56,0.050021053,1.560023753,1.50025484,0.000111111,48.44,"[38.8%, 53.8%, 47.2%, 42.2%, 50.8%, 48.0%, 50.2%, 53.4%, 54.2%, 45.8%]",,,,
9,weights,2,57,0.050021053,1.539834249,1.515463963,0.000111111,48.44,"[38.8%, 53.8%, 47.2%, 42.2%, 50.8%, 48.0%, 50.2%, 53.4%, 54.2%, 45.8%]",,,,
9,weights,3,58,0.050021053,1.518237355,1.561279818,0.000111111,48.7,"[38.8%, 53.8%, 47.2%, 42.2%, 50.8%, 48.0%, 50.2%, 53.4%, 54.2%, 48.4%]",,,,
9,weights,4,59,0.050021053,1.496667847,1.451022714,0.000111111,48.7,"[38.8%, 53.8%, 47.2%, 42.2%, 50.8%, 48.0%, 50.2%, 53.4%, 54.2%, 48.4%]",,,,
9,weights,5,60,0.050021053,1.451737942,1.407921433,0.000111111,49.1,"[38.8%, 53.8%, 47.2%, 42.2%, 50.8%, 48.0%, 50.2%, 53.4%, 54.2%, 52.4%]",,,,
9,weights,6,61,0.050021053,1.444998,1.436554685,0.000111111,48.64,"[38.8%, 53.8%, 47.2%, 42.2%, 50.8%, 48.0%, 50.2%, 53.4%, 54.2%, 47.8%]",,,,
9,weights,7,62,0.050021053,1.450521205,1.452166714,0.000111111,48.8,"[38.8%, 53.8%, 47.2%, 42.2%, 50.8%, 48.0%, 50.2%, 53.4%, 54.2%, 49.4%]",,,,
9,weights,8,63,0.050021053,1.432721298,1.380763009,0.000111111,49.26,"[38.8%, 53.8%, 47.2%, 42.2%, 50.8%, 48.0%, 50.2%, 53.4%, 54.2%, 54.0%]",,,,
9,weights,9,64,0.050021053,1.407973969,1.364479341,0.000111111,49.1,"[38.8%, 53.8%, 47.2%, 42.2%, 50.8%, 48.0%, 50.2%, 53.4%, 54.2%, 52.4%]",,,,
9,weights,10,65,0.050021053,1.401579095,1.448159635,0.000111111,49.1,"[38.8%, 53.8%, 47.2%, 42.2%, 50.8%, 48.0%, 50.2%, 53.4%, 54.2%, 52.4%]",,,,
9,weights,11,66,0.050021053,1.414518643,1.388671219,0.000111111,48.96,"[38.8%, 53.8%, 47.2%, 42.2%, 50.8%, 48.0%, 50.2%, 53.4%, 54.2%, 51.0%]",,,,
9,weights,12,67,0.050021053,1.377281387,1.358212739,0.000111111,49.36,"[38.8%, 53.8%, 47.2%, 42.2%, 50.8%, 48.0%, 50.2%, 53.4%, 54.2%, 55.0%]",,,,
9,weights,13,68,0.050021053,1.389032483,1.334364176,0.000111111,49.44,"[38.8%, 53.8%, 47.2%, 42.2%, 50.8%, 48.0%, 50.2%, 53.4%, 54.2%, 55.8%]",,,,
9,weights,14,69,0.050021053,1.363014135,1.348754182,0.000111111,49.18,"[38.8%, 53.8%, 47.2%, 42.2%, 50.8%, 48.0%, 50.2%, 53.4%, 54.2%, 53.2%]",,,,
9,weights,15,70,0.050021053,1.365283453,1.354589358,0.000111111,49.36,"[38.8%, 53.8%, 47.2%, 42.2%, 50.8%, 48.0%, 50.2%, 53.4%, 54.2%, 55.0%]",,,,
9,weights,16,71,0.050021053,1.335555028,1.349080823,0.000111111,49.06,"[38.8%, 53.8%, 47.2%, 42.2%, 50.8%, 48.0%, 50.2%, 53.4%, 54.2%, 52.0%]",,,,
9,weights,17,72,0.050021053,1.346120108,1.322560228,0.000111111,49.28,"[38.8%, 53.8%, 47.2%, 42.2%, 50.8%, 48.0%, 50.2%, 53.4%, 54.2%, 54.2%]",,,,
9,weights,18,73,0.050021053,1.335234103,1.329621769,0.000111111,49.24,"[38.8%, 53.8%, 47.2%, 42.2%, 50.8%, 48.0%, 50.2%, 53.4%, 54.2%, 53.8%]",,,,
9,weights,19,74,0.050021053,1.321848937,1.301564515,0.000111111,49.38,"[38.8%, 53.8%, 47.2%, 42.2%, 50.8%, 48.0%, 50.2%, 53.4%, 54.2%, 55.2%]",,,,
9,weights,20,75,0.050021053,1.330354985,1.295501836,0.000111111,49.54,"[38.8%, 53.8%, 47.2%, 42.2%, 50.8%, 48.0%, 50.2%, 53.4%, 54.2%, 56.8%]",,,,
9,weights,21,76,0.050021053,1.33555455,1.324664101,0.000111111,49.44,"[38.8%, 53.8%, 47.2%, 42.2%, 50.8%, 48.0%, 50.2%, 53.4%, 54.2%, 55.8%]",,,,
9,weights,22,77,0.050021053,1.299267892,1.305117168,0.000111111,49.3,"[38.8%, 53.8%, 47.2%, 42.2%, 50.8%, 48.0%, 50.2%, 53.4%, 54.2%, 54.4%]",,,,
9,weights,23,78,0.050021053,1.306489932,1.319472775,0.000111111,49.6,"[38.8%, 53.8%, 47.2%, 42.2%, 50.8%, 48.0%, 50.2%, 53.4%, 54.2%, 57.4%]",,,,
9,weights,24,79,0.050021053,1.304215713,1.303602159,0.000111111,49.38,"[38.8%, 53.8%, 47.2%, 42.2%, 50.8%, 48.0%, 50.2%, 53.4%, 54.2%, 55.2%]",,,,
9,weights,25,80,0.050021053,1.292611994,1.297875166,0.000111111,49.46,"[38.8%, 53.8%, 47.2%, 42.2%, 50.8%, 48.0%, 50.2%, 53.4%, 54.2%, 56.0%]",12.92,"[10.8%, 25.4%, 29.4%, 14.0%, 23.0%, 8.6%, 0.0%, 9.2%, 0.0%, 8.8%]",36.8,"[33.1%, 35.7%, 36.4%, 32.4%, 30.3%, 27.7%, 37.1%, 36.7%, 52.1%, 46.9%]"
10,parallel,1,1,0.5,12.54589511,4.324241996,0.000111111,44.76363636,"[38.8%, 53.2%, 47.2%, 41.6%, 51.0%, 47.8%, 50.0%, 53.4%, 53.4%, 56.0%, 0.0%]",,,,
10,parallel,2,2,0.5,2.74874198,2.377837569,0.000111111,45.76363636,"[39.0%, 53.4%, 47.4%, 41.8%, 51.2%, 47.8%, 50.0%, 53.0%, 53.8%, 56.0%, 10.0%]",,,,
10,parallel,3,3,0.5,2.352212547,2.335490048,0.000111111,45.72727273,"[38.8%, 53.6%, 47.4%, 41.6%, 51.2%, 47.8%, 49.8%, 53.0%, 53.8%, 56.0%, 10.0%]",,,,
10,parallel,4,4,0.5,2.332846409,2.329334289,0.000111111,45.69090909,"[38.8%, 53.0%, 47.4%, 41.6%, 51.2%, 47.8%, 49.8%, 53.2%, 53.8%, 56.0%, 10.0%]",,,,
10,parallel,5,5,0.488654013,2.345413157,2.337751091,0.000111111,45.67272727,"[38.8%, 53.0%, 47.2%, 41.6%, 51.0%, 48.0%, 49.8%, 53.2%, 53.8%, 56.0%, 10.0%]",,,,
10,parallel,6,6,0.471021944,2.364963661,2.352783263,0.000111111,45.63636364,"[38.8%, 52.4%, 47.2%, 41.6%, 51.0%, 48.2%, 49.8%, 53.4%, 53.8%, 55.8%, 10.0%]",,,,
10,parallel,7,7,0.453750693,2.356000514,2.318673909,0.000111111,46.25454545,"[38.8%, 52.4%, 47.2%, 41.6%, 51.0%, 48.2%, 49.8%, 53.4%, 53.8%, 55.8%, 16.8%]",,,,
10,parallel,8,8,0.436840258,2.250729156,2.155191272,0.000111111,46.4,"[38.8%, 52.4%, 47.2%, 41.6%, 51.0%, 48.2%, 49.8%, 53.4%, 53.8%, 55.8%, 18.4%]",,,,
10,parallel,9,9,0.42029064,2.078822219,1.969776183,0.000111111,47.16363636,"[38.8%, 52.4%, 47.2%, 41.6%, 51.0%, 48.2%, 49.8%, 53.4%, 53.8%, 55.8%, 26.8%]",,,,
10,parallel,10,10,0.404101838,1.789979514,1.697923899,0.000111111,48.27272727,"[38.8%, 52.4%, 47.2%, 41.6%, 51.0%, 48.2%, 49.8%, 53.4%, 53.8%, 55.8%, 39.0%]",,,,
10,parallel,11,11,0.388273854,1.665587895,1.481086105,0.000111111,49.01818182,"[38.8%, 52.4%, 47.2%, 41.6%, 51.0%, 48.2%, 49.8%, 53.4%, 53.8%, 55.8%, 47.2%]",,,,
10,parallel,12,12,0.372806686,1.570688002,1.540813573,0.000111111,48.96363636,"[38.8%, 52.4%, 47.2%, 41.6%, 51.0%, 48.2%, 49.8%, 53.4%, 53.8%, 55.8%, 46.6%]",,,,
10,parallel,13,13,0.357700336,1.497477396,1.462454244,0.000111111,49.43636364,"[38.8%, 52.4%, 47.2%, 41.6%, 51.0%, 48.2%, 49.8%, 53.4%, 53.8%, 55.8%, 51.8%]",,,,
10,parallel,14,14,0.342954802,1.397612686,1.242784418,0.000111111,49.89090909,"[38.8%, 52.4%, 47.2%, 41.6%, 51.0%, 48.2%, 49.8%, 53.4%, 53.8%, 55.8%, 56.8%]",,,,
10,parallel,15,15,0.328570085,1.325731164,1.331222601,0.000111111,49.67272727,"[38.8%, 52.4%, 47.2%, 41.6%, 51.0%, 48.2%, 49.8%, 53.4%, 53.8%, 55.8%, 54.4%]",,,,
10,parallel,16,16,0.314546185,1.298293049,1.201713361,0.000111111,50.10909091,"[38.8%, 52.4%, 47.2%, 41.6%, 51.0%, 48.2%, 49.8%, 53.4%, 53.8%, 55.8%, 59.2%]",,,,
10,parallel,17,17,0.300883101,1.264211154,1.259823769,0.000111111,49.81818182,"[38.8%, 52.4%, 47.2%, 41.6%, 51.0%, 48.2%, 49.8%, 53.4%, 53.8%, 55.8%, 56.0%]",,,,
10,parallel,18,18,0.287580835,1.252955005,1.249443009,0.000111111,49.8,"[38.8%, 52.4%, 47.2%, 41.6%, 51.0%, 48.2%, 49.8%, 53.4%, 53.8%, 55.8%, 55.8%]",,,,
10,parallel,19,19,0.274639385,1.219597956,1.077814393,0.000111111,50.41818182,"[38.8%, 52.4%, 47.2%, 41.6%, 51.0%, 48.2%, 49.8%, 53.4%, 53.8%, 55.8%, 62.6%]",,,,
10,parallel,20,20,0.262058752,1.197640899,1.423277061,0.000111111,49.36363636,"[38.8%, 52.4%, 47.2%, 41.6%, 51.0%, 48.2%, 49.8%, 53.4%, 53.8%, 55.8%, 51.0%]",,,,
10,parallel,21,21,0.249838936,1.234476985,1.089010425,0.000111111,50.38181818,"[38.8%, 52.4%, 47.2%, 41.6%, 51.0%, 48.2%, 49.8%, 53.4%, 53.8%, 55.8%, 62.2%]",,,,
10,parallel,22,22,0.237979937,1.184925118,1.312874794,0.000111111,50.07272727,"[38.8%, 52.4%, 47.2%, 41.6%, 51.0%, 48.2%, 49.8%, 53.4%, 53.8%, 55.8%, 58.8%]",,,,
10,parallel,23,23,0.226481755,1.181206677,1.322263211,0.000111111,49.65454545,"[38.8%, 52.4%, 47.2%, 41.6%, 51.0%, 48.2%, 49.8%, 53.4%, 53.8%, 55.8%, 54.2%]",,,,
10,parallel,24,24,0.21534439,1.178806089,1.051606059,0.000111111,50.50909091,"[38.8%, 52.4%, 47.2%, 41.6%, 51.0%, 48.2%, 49.8%, 53.4%, 53.8%, 55.8%, 63.6%]",,,,
10,parallel,25,25,0.204567841,1.187581175,1.222060338,0.000111111,50.10909091,"[38.8%, 52.4%, 47.2%, 41.6%, 51.0%, 48.2%, 49.8%, 53.4%, 53.8%, 55.8%, 59.2%]",,,,
10,parallel,26,26,0.194152109,1.174113464,1.103770211,0.000111111,50.36363636,"[38.8%, 52.4%, 47.2%, 41.6%, 51.0%, 48.2%, 49.8%, 53.4%, 53.8%, 55.8%, 62.0%]",,,,
10,parallel,27,27,0.184097194,1.222882607,1.117750891,0.000111111,50.52727273,"[38.8%, 52.4%, 47.2%, 41.6%, 51.0%, 48.2%, 49.8%, 53.4%, 53.8%, 55.8%, 63.8%]",,,,
10,parallel,28,28,0.174403096,1.170162093,1.176271588,0.000111111,50.2,"[38.8%, 52.4%, 47.2%, 41.6%, 51.0%, 48.2%, 49.8%, 53.4%, 53.8%, 55.8%, 60.2%]",,,,
10,parallel,29,29,0.165069815,1.244311538,1.108745255,0.000111111,50.4,"[38.8%, 52.4%, 47.2%, 41.6%, 51.0%, 48.2%, 49.8%, 53.4%, 53.8%, 55.8%, 62.4%]",,,,
10,parallel,30,30,0.156097351,1.305916833,1.198856048,0.000111111,50.23636364,"[38.8%, 52.4%, 47.2%, 41.6%, 51.0%, 48.2%, 49.8%, 53.4%, 53.8%, 55.8%, 60.6%]",,,,
10,parallel,31,31,0.147485703,1.252525656,1.232354984,0.000111111,50.01818182,"[38.8%, 52.4%, 47.2%, 41.6%, 51.0%, 48.2%, 49.8%, 53.4%, 53.8%, 55.8%, 58.2%]",,,,
10,parallel,32,32,0.139234872,1.286014015,1.202034973,0.000111111,50.10909091,"[38.8%, 52.4%, 47.2%, 41.6%, 51.0%, 48.2%, 49.8%, 53.4%, 53.8%, 55.8%, 59.2%]",,,,
10,parallel,33,33,0.131344859,1.284795987,1.28310515,0.000111111,49.92727273,"[38.8%, 52.4%, 47.2%, 41.6%, 51.0%, 48.2%, 49.8%, 53.4%, 53.8%, 55.8%, 57.2%]",,,,
10,parallel,34,34,0.123815662,1.316615333,1.270993613,0.000111111,50,"[38.8%, 52.4%, 47.2%, 41.6%, 51.0%, 48.2%, 49.8%, 53.4%, 53.8%, 55.8%, 58.0%]",,,,
10,parallel,35,35,0.116647281,1.328657149,1.340242624,0.000111111,49.6,"[38.8%, 52.4%, 47.2%, 41.6%, 51.0%, 48.2%, 49.8%, 53.4%, 53.8%, 55.8%, 53.6%]",,,,
10,parallel,36,36,0.109839718,1.283533291,1.33060012,0.000111111,49.76363636,"[38.8%, 52.4%, 47.2%, 41.6%, 51.0%, 48.2%, 49.8%, 53.4%, 53.8%, 55.8%, 55.4%]",,,,
10,parallel,37,37,0.103392972,1.400476671,1.24770809,0.000111111,49.89090909,"[38.8%, 52.4%, 47.2%, 41.6%, 51.0%, 48.2%, 49.8%, 53.4%, 53.8%, 55.8%, 56.8%]",,,,
10,parallel,38,38,0.097307042,1.367442222,1.287103407,0.000111111,49.85454545,"[38.8%, 52.4%, 47.2%, 41.6%, 51.0%, 48.2%, 49.8%, 53.4%, 53.8%, 55.8%, 56.4%]",,,,
10,parallel,39,39,0.091581929,1.388313097,1.346284203,0.000111111,49.72727273,"[38.8%, 52.4%, 47.2%, 41.6%, 51.0%, 48.2%, 49.8%, 53.4%, 53.8%, 55.8%, 55.0%]",,,,
10,parallel,40,40,0.086217633,1.371912891,1.271309488,0.000111111,49.8,"[38.8%, 52.4%, 47.2%, 41.6%, 51.0%, 48.2%, 49.8%, 53.4%, 53.8%, 55.8%, 55.8%]",,,,
10,parallel,41,41,0.081214154,1.520249432,1.426911443,0.000111111,49.38181818,"[38.8%, 52.4%, 47.2%, 41.6%, 51.0%, 48.2%, 49.8%, 53.4%, 53.8%, 55.8%, 51.2%]",,,,
10,parallel,42,42,0.076571492,1.51500109,1.408672236,0.000111111,49.50909091,"[38.8%, 52.4%, 47.2%, 41.6%, 51.0%, 48.2%, 49.8%, 53.4%, 53.8%, 55.8%, 52.6%]",,,,
10,parallel,43,43,0.072289646,1.444437905,1.270434484,0.000111111,49.72727273,"[38.8%, 52.4%, 47.2%, 41.6%, 51.0%, 48.2%, 49.8%, 53.4%, 53.8%, 55.8%, 55.0%]",,,,
10,parallel,44,44,0.068368618,1.552074629,1.424229629,0.000111111,49.38181818,"[38.8%, 52.4%, 47.2%, 41.6%, 51.0%, 48.2%, 49.8%, 53.4%, 53.8%, 55.8%, 51.2%]",,,,
10,parallel,45,45,0.064808406,1.46411606,1.368140742,0.000111111,49.65454545,"[38.8%, 52.4%, 47.2%, 41.6%, 51.0%, 48.2%, 49.8%, 53.4%, 53.8%, 55.8%, 54.2%]",,,,
10,parallel,46,46,0.061609011,1.672314923,1.51638642,0.000111111,49.30909091,"[38.8%, 52.4%, 47.2%, 41.6%, 51.0%, 48.2%, 49.8%, 53.4%, 53.8%, 55.8%, 50.4%]",,,,
10,parallel,47,47,0.058770433,1.53836343,1.385292679,0.000111111,49.52727273,"[38.8%, 52.4%, 47.2%, 41.6%, 51.0%, 48.2%, 49.8%, 53.4%, 53.8%, 55.8%, 52.8%]",,,,
10,parallel,48,48,0.056292672,1.534203166,1.394115895,0.000111111,49.54545455,"[38.8%, 52.4%, 47.2%, 41.6%, 51.0%, 48.2%, 49.8%, 53.4%, 53.8%, 55.8%, 53.0%]",,,,
10,parallel,49,49,0.054175727,1.643499557,1.533410192,0.000111111,49.01818182,"[38.8%, 52.4%, 47.2%, 41.6%, 51.0%, 48.2%, 49.8%, 53.4%, 53.8%, 55.8%, 47.2%]",,,,
10,parallel,50,50,0.0524196,1.554169009,1.423724368,0.000111111,49.47272727,"[38.8%, 52.4%, 47.2%, 41.6%, 51.0%, 48.2%, 49.8%, 53.4%, 53.8%, 55.8%, 52.2%]",,,,
10,parallel,51,51,0.051024289,1.485526928,1.415279083,0.000111111,49.27272727,"[38.8%, 52.4%, 47.2%, 41.6%, 51.0%, 48.2%, 49.8%, 53.4%, 53.8%, 55.8%, 50.0%]",,,,
10,parallel,52,52,0.049989795,1.558239677,1.457435422,0.000111111,49.27272727,"[38.8%, 52.4%, 47.2%, 41.6%, 51.0%, 48.2%, 49.8%, 53.4%, 53.8%, 55.8%, 50.0%]",,,,
10,parallel,53,53,0.049316118,1.472408476,1.338104844,0.000111111,49.67272727,"[38.8%, 52.4%, 47.2%, 41.6%, 51.0%, 48.2%, 49.8%, 53.4%, 53.8%, 55.8%, 54.4%]",,,,
10,parallel,54,54,0.049003258,1.4398882,1.297340468,0.000111111,49.81818182,"[38.8%, 52.4%, 47.2%, 41.6%, 51.0%, 48.2%, 49.8%, 53.4%, 53.8%, 55.8%, 56.0%]",,,,
10,parallel,55,55,0.048978947,1.390654851,1.268401742,0.000111111,49.90909091,"[38.8%, 52.4%, 47.2%, 41.6%, 51.0%, 48.2%, 49.8%, 53.4%, 53.8%, 55.8%, 57.0%]",,,,
10,weights,1,56,0.048978947,1.373230895,1.279076785,0.000111111,49.76363636,"[38.8%, 52.4%, 47.2%, 41.6%, 51.0%, 48.2%, 49.8%, 53.4%, 53.8%, 55.8%, 55.4%]",,,,
10,weights,2,57,0.048978947,1.374895378,1.341998935,0.000111111,49.63636364,"[38.8%, 52.4%, 47.2%, 41.6%, 51.0%, 48.2%, 49.8%, 53.4%, 53.8%, 55.8%, 54.0%]",,,,
10,weights,3,58,0.048978947,1.352952517,1.309339762,0.000111111,49.67272727,"[38.8%, 52.4%, 47.2%, 41.6%, 51.0%, 48.2%, 49.8%, 53.4%, 53.8%, 55.8%, 54.4%]",,,,
10,weights,4,59,0.048978947,1.353976047,1.322639555,0.000111111,49.65454545,"[38.8%, 52.4%, 47.2%, 41.6%, 51.0%, 48.2%, 49.8%, 53.4%, 53.8%, 55.8%, 54.2%]",,,,
10,weights,5,60,0.048978947,1.333363601,1.352855355,0.000111111,49.54545455,"[38.8%, 52.4%, 47.2%, 41.6%, 51.0%, 48.2%, 49.8%, 53.4%, 53.8%, 55.8%, 53.0%]",,,,
10,weights,6,61,0.048978947,1.303282548,1.233118251,0.000111111,49.98181818,"[38.8%, 52.4%, 47.2%, 41.6%, 51.0%, 48.2%, 49.8%, 53.4%, 53.8%, 55.8%, 57.8%]",,,,
10,weights,7,62,0.048978947,1.321181994,1.269706294,0.000111111,49.90909091,"[38.8%, 52.4%, 47.2%, 41.6%, 51.0%, 48.2%, 49.8%, 53.4%, 53.8%, 55.8%, 57.0%]",,,,
10,weights,8,63,0.048978947,1.286685994,1.201145224,0.000111111,49.98181818,"[38.8%, 52.4%, 47.2%, 41.6%, 51.0%, 48.2%, 49.8%, 53.4%, 53.8%, 55.8%, 57.8%]",,,,
10,weights,9,64,0.048978947,1.29387558,1.201852769,0.000111111,49.98181818,"[38.8%, 52.4%, 47.2%, 41.6%, 51.0%, 48.2%, 49.8%, 53.4%, 53.8%, 55.8%, 57.8%]",,,,
10,weights,10,65,0.048978947,1.272879269,1.230034001,0.000111111,50.09090909,"[38.8%, 52.4%, 47.2%, 41.6%, 51.0%, 48.2%, 49.8%, 53.4%, 53.8%, 55.8%, 59.0%]",,,,
10,weights,11,66,0.048978947,1.28416647,1.237209253,0.000111111,49.98181818,"[38.8%, 52.4%, 47.2%, 41.6%, 51.0%, 48.2%, 49.8%, 53.4%, 53.8%, 55.8%, 57.8%]",,,,
10,weights,12,67,0.048978947,1.263269764,1.255399153,0.000111111,49.81818182,"[38.8%, 52.4%, 47.2%, 41.6%, 51.0%, 48.2%, 49.8%, 53.4%, 53.8%, 55.8%, 56.0%]",,,,
10,weights,13,68,0.048978947,1.258030234,1.251784809,0.000111111,49.76363636,"[38.8%, 52.4%, 47.2%, 41.6%, 51.0%, 48.2%, 49.8%, 53.4%, 53.8%, 55.8%, 55.4%]",,,,
10,weights,14,69,0.048978947,1.262623287,1.252219558,0.000111111,49.83636364,"[38.8%, 52.4%, 47.2%, 41.6%, 51.0%, 48.2%, 49.8%, 53.4%, 53.8%, 55.8%, 56.2%]",,,,
10,weights,15,70,0.048978947,1.253155304,1.243189588,0.000111111,49.94545455,"[38.8%, 52.4%, 47.2%, 41.6%, 51.0%, 48.2%, 49.8%, 53.4%, 53.8%, 55.8%, 57.4%]",,,,
10,weights,16,71,0.048978947,1.231586803,1.25339102,0.000111111,49.85454545,"[38.8%, 52.4%, 47.2%, 41.6%, 51.0%, 48.2%, 49.8%, 53.4%, 53.8%, 55.8%, 56.4%]",,,,
10,weights,17,72,0.048978947,1.251134216,1.218455113,0.000111111,49.98181818,"[38.8%, 52.4%, 47.2%, 41.6%, 51.0%, 48.2%, 49.8%, 53.4%, 53.8%, 55.8%, 57.8%]",,,,
10,weights,18,73,0.048978947,1.230152655,1.165021554,0.000111111,50.05454545,"[38.8%, 52.4%, 47.2%, 41.6%, 51.0%, 48.2%, 49.8%, 53.4%, 53.8%, 55.8%, 58.6%]",,,,
10,weights,19,74,0.048978947,1.220681449,1.287792198,0.000111111,49.83636364,"[38.8%, 52.4%, 47.2%, 41.6%, 51.0%, 48.2%, 49.8%, 53.4%, 53.8%, 55.8%, 56.2%]",,,,
10,weights,20,75,0.048978947,1.237147992,1.230033323,0.000111111,49.90909091,"[38.8%, 52.4%, 47.2%, 41.6%, 51.0%, 48.2%, 49.8%, 53.4%, 53.8%, 55.8%, 57.0%]",,,,
10,weights,21,76,0.048978947,1.201656666,1.239390738,0.000111111,49.72727273,"[38.8%, 52.4%, 47.2%, 41.6%, 51.0%, 48.2%, 49.8%, 53.4%, 53.8%, 55.8%, 55.0%]",,,,
10,weights,22,77,0.048978947,1.236831999,1.201722667,0.000111111,50.10909091,"[38.8%, 52.4%, 47.2%, 41.6%, 51.0%, 48.2%, 49.8%, 53.4%, 53.8%, 55.8%, 59.2%]",,,,
10,weights,23,78,0.048978947,1.217268862,1.191036902,0.000111111,50,"[38.8%, 52.4%, 47.2%, 41.6%, 51.0%, 48.2%, 49.8%, 53.4%, 53.8%, 55.8%, 58.0%]",,,,
10,weights,24,79,0.048978947,1.213394575,1.169383369,0.000111111,50.05454545,"[38.8%, 52.4%, 47.2%, 41.6%, 51.0%, 48.2%, 49.8%, 53.4%, 53.8%, 55.8%, 58.6%]",,,,
10,weights,25,80,0.048978947,1.215789864,1.24560532,0.000111111,49.72727273,"[38.8%, 52.4%, 47.2%, 41.6%, 51.0%, 48.2%, 49.8%, 53.4%, 53.8%, 55.8%, 55.0%]",14.05454545,"[10.8%, 24.6%, 29.4%, 13.8%, 23.0%, 8.8%, 0.0%, 9.2%, 0.0%, 8.8%, 26.2%]",37.02727273,"[29.2%, 42.1%, 36.4%, 32.2%, 29.4%, 20.8%, 37.9%, 37.3%, 51.8%, 40.7%, 49.6%]"
11,parallel,1,1,0.45,13.45551103,5.980056345,0.000111111,45.83333333,"[38.8%, 53.4%, 47.2%, 41.8%, 51.4%, 48.4%, 50.0%, 53.8%, 54.0%, 56.0%, 55.2%, 0.0%]",,,,
11,parallel,2,2,0.45,3.497225595,2.458743066,0.000111111,46.4,"[39.0%, 53.4%, 45.0%, 42.2%, 51.6%, 48.2%, 49.8%, 53.8%, 53.8%, 56.2%, 55.2%, 8.6%]",,,,
11,parallel,3,3,0.45,2.389237205,2.349443465,0.000111111,46.51666667,"[39.4%, 53.2%, 45.0%, 42.2%, 51.4%, 48.2%, 49.8%, 54.0%, 53.8%, 56.2%, 55.0%, 10.0%]",,,,
11,parallel,4,4,0.45,2.342606013,2.331535578,0.000111111,46.55,"[39.4%, 53.2%, 45.2%, 42.2%, 51.4%, 48.2%, 49.8%, 54.0%, 53.8%, 56.2%, 55.2%, 10.0%]",,,,
11,parallel,5,5,0.439885609,2.34261896,2.335613072,0.000111111,46.53333333,"[39.6%, 53.2%, 45.2%, 42.2%, 51.4%, 48.0%, 49.8%, 53.8%, 53.8%, 56.2%, 55.2%, 10.0%]",,,,
11,parallel,6,6,0.424167484,2.369501983,2.35225895,0.000111111,46.51666667,"[39.4%, 53.0%, 44.8%, 42.2%, 51.8%, 48.0%, 50.0%, 53.8%, 53.8%, 56.2%, 55.2%, 10.0%]",,,,
11,parallel,7,7,0.40877101,2.369525043,2.331691176,0.000111111,46.5,"[39.4%, 53.0%, 44.8%, 42.2%, 51.8%, 48.0%, 49.8%, 53.8%, 53.8%, 56.2%, 55.2%, 10.0%]",,,,
11,parallel,8,8,0.393696186,2.333075285,2.248417765,0.000111111,46.91666667,"[39.4%, 53.0%, 44.8%, 42.2%, 51.8%, 48.0%, 49.8%, 53.8%, 53.8%, 56.2%, 55.2%, 15.0%]",,,,
11,parallel,9,9,0.378943013,2.097477024,1.95585914,0.000111111,47.73333333,"[39.4%, 53.0%, 44.8%, 42.2%, 51.8%, 48.0%, 49.8%, 53.8%, 53.8%, 56.2%, 55.2%, 24.8%]",,,,
11,parallel,10,10,0.36451149,1.885577058,1.895444468,0.000111111,48.4,"[39.4%, 53.0%, 44.8%, 42.2%, 51.8%, 48.0%, 49.8%, 53.8%, 53.8%, 56.2%, 55.2%, 32.8%]",,,,
11,parallel,11,11,0.350401618,1.75396296,1.570969805,0.000111111,48.98333333,"[39.4%, 53.0%, 44.8%, 42.2%, 51.8%, 48.0%, 49.8%, 53.8%, 53.8%, 56.2%, 55.2%, 39.8%]",,,,
11,parallel,12,12,0.336613396,1.651642241,1.636880584,0.000111111,49.11666667,"[39.4%, 53.0%, 44.8%, 42.2%, 51.8%, 48.0%, 49.8%, 53.8%, 53.8%, 56.2%, 55.2%, 41.4%]",,,,
11,parallel,13,13,0.323146825,1.54896592,1.455913872,0.000111111,49.55,"[39.4%, 53.0%, 44.8%, 42.2%, 51.8%, 48.0%, 49.8%, 53.8%, 53.8%, 56.2%, 55.2%, 46.6%]",,,,
11,parallel,14,14,0.310001905,1.477939855,1.468751296,0.000111111,49.53333333,"[39.4%, 53.0%, 44.8%, 42.2%, 51.8%, 48.0%, 49.8%, 53.8%, 53.8%, 56.2%, 55.2%, 46.4%]",,,,
11,parallel,15,15,0.297178635,1.410116831,1.373001747,0.000111111,49.86666667,"[39.4%, 53.0%, 44.8%, 42.2%, 51.8%, 48.0%, 49.8%, 53.8%, 53.8%, 56.2%, 55.2%, 50.4%]",,,,
11,parallel,16,16,0.284677015,1.369681943,1.40128468,0.000111111,49.86666667,"[39.4%, 53.0%, 44.8%, 42.2%, 51.8%, 48.0%, 49.8%, 53.8%, 53.8%, 56.2%, 55.2%, 50.4%]",,,,
11,parallel,17,17,0.272497046,1.338031822,1.286395065,0.000111111,50.41666667,"[39.4%, 53.0%, 44.8%, 42.2%, 51.8%, 48.0%, 49.8%, 53.8%, 53.8%, 56.2%, 55.2%, 57.0%]",,,,
11,parallel,18,18,0.260638728,1.295573215,1.301701702,0.000111111,50.3,"[39.4%, 53.0%, 44.8%, 42.2%, 51.8%, 48.0%, 49.8%, 53.8%, 53.8%, 56.2%, 55.2%, 55.6%]",,,,
11,parallel,19,19,0.24910206,1.324930629,1.294743523,0.000111111,50.18333333,"[39.4%, 53.0%, 44.8%, 42.2%, 51.8%, 48.0%, 49.8%, 53.8%, 53.8%, 56.2%, 55.2%, 54.2%]",,,,
11,parallel,20,20,0.237887042,1.288151045,1.209648006,0.000111111,50.6,"[39.4%, 53.0%, 44.8%, 42.2%, 51.8%, 48.0%, 49.8%, 53.8%, 53.8%, 56.2%, 55.2%, 59.2%]",,,,
11,parallel,21,21,0.226993676,1.274779508,1.242960162,0.000111111,50.4,"[39.4%, 53.0%, 44.8%, 42.2%, 51.8%, 48.0%, 49.8%, 53.8%, 53.8%, 56.2%, 55.2%, 56.8%]",,,,
11,parallel,22,22,0.216421959,1.299737559,1.304377995,0.000111111,50.43333333,"[39.4%, 53.0%, 44.8%, 42.2%, 51.8%, 48.0%, 49.8%, 53.8%, 53.8%, 56.2%, 55.2%, 57.2%]",,,,
11,parallel,23,23,0.206171893,1.253413935,1.24049525,0.000111111,50.56666667,"[39.4%, 53.0%, 44.8%, 42.2%, 51.8%, 48.0%, 49.8%, 53.8%, 53.8%, 56.2%, 55.2%, 58.8%]",,,,
11,parallel,24,24,0.196243478,1.244749716,1.219050996,0.000111111,50.48333333,"[39.4%, 53.0%, 44.8%, 42.2%, 51.8%, 48.0%, 49.8%, 53.8%, 53.8%, 56.2%, 55.2%, 57.8%]",,,,
11,parallel,25,25,0.186636713,1.23289457,1.24360507,0.000111111,50.33333333,"[39.4%, 53.0%, 44.8%, 42.2%, 51.8%, 48.0%, 49.8%, 53.8%, 53.8%, 56.2%, 55.2%, 56.0%]",,,,
11,parallel,26,26,0.177351599,1.253949485,1.28687901,0.000111111,50.46666667,"[39.4%, 53.0%, 44.8%, 42.2%, 51.8%, 48.0%, 49.8%, 53.8%, 53.8%, 56.2%, 55.2%, 57.6%]",,,,
11,parallel,27,27,0.168388135,1.261255848,1.246561408,0.000111111,50.45,"[39.4%, 53.0%, 44.8%, 42.2%, 51.8%, 48.0%, 49.8%, 53.8%, 53.8%, 56.2%, 55.2%, 57.4%]",,,,
11,parallel,28,28,0.159746322,1.287569186,1.364733003,0.000111111,50.06666667,"[39.4%, 53.0%, 44.8%, 42.2%, 51.8%, 48.0%, 49.8%, 53.8%, 53.8%, 56.2%, 55.2%, 52.8%]",,,,
11,parallel,29,29,0.15142616,1.324647454,1.326574497,0.000111111,50.28333333,"[39.4%, 53.0%, 44.8%, 42.2%, 51.8%, 48.0%, 49.8%, 53.8%, 53.8%, 56.2%, 55.2%, 55.4%]",,,,
11,parallel,30,30,0.143427647,1.29024616,1.22440099,0.000111111,50.46666667,"[39.4%, 53.0%, 44.8%, 42.2%, 51.8%, 48.0%, 49.8%, 53.8%, 53.8%, 56.2%, 55.2%, 57.6%]",,,,
11,parallel,31,31,0.135750786,1.297235383,1.255630165,0.000111111,50.33333333,"[39.4%, 53.0%, 44.8%, 42.2%, 51.8%, 48.0%, 49.8%, 53.8%, 53.8%, 56.2%, 55.2%, 56.0%]",,,,
11,parallel,32,32,0.128395575,1.25817016,1.251135856,0.000111111,50.48333333,"[39.4%, 53.0%, 44.8%, 42.2%, 51.8%, 48.0%, 49.8%, 53.8%, 53.8%, 56.2%, 55.2%, 57.8%]",,,,
11,parallel,33,33,0.121362014,1.345455458,1.259735644,0.000111111,50.46666667,"[39.4%, 53.0%, 44.8%, 42.2%, 51.8%, 48.0%, 49.8%, 53.8%, 53.8%, 56.2%, 55.2%, 57.6%]",,,,
11,parallel,34,34,0.114650104,1.423037171,1.394921683,0.000111111,50.13333333,"[39.4%, 53.0%, 44.8%, 42.2%, 51.8%, 48.0%, 49.8%, 53.8%, 53.8%, 56.2%, 55.2%, 53.6%]",,,,
11,parallel,35,35,0.108259845,1.383852425,1.333009295,0.000111111,50.16666667,"[39.4%, 53.0%, 44.8%, 42.2%, 51.8%, 48.0%, 49.8%, 53.8%, 53.8%, 56.2%, 55.2%, 54.0%]",,,,
11,parallel,36,36,0.102191236,1.376870314,1.345335916,0.000111111,50.21666667,"[39.4%, 53.0%, 44.8%, 42.2%, 51.8%, 48.0%, 49.8%, 53.8%, 53.8%, 56.2%, 55.2%, 54.6%]",,,,
11,parallel,37,37,0.096444277,1.449469574,1.395937949,0.000111111,50.06666667,"[39.4%, 53.0%, 44.8%, 42.2%, 51.8%, 48.0%, 49.8%, 53.8%, 53.8%, 56.2%, 55.2%, 52.8%]",,,,
11,parallel,38,38,0.091018969,1.559484669,1.431943446,0.000111111,49.98333333,"[39.4%, 53.0%, 44.8%, 42.2%, 51.8%, 48.0%, 49.8%, 53.8%, 53.8%, 56.2%, 55.2%, 51.8%]",,,,
11,parallel,39,39,0.085915312,1.483879996,1.465005741,0.000111111,49.7,"[39.4%, 53.0%, 44.8%, 42.2%, 51.8%, 48.0%, 49.8%, 53.8%, 53.8%, 56.2%, 55.2%, 48.4%]",,,,
11,parallel,40,40,0.081133305,1.455332085,1.45410759,0.000111111,49.71666667,"[39.4%, 53.0%, 44.8%, 42.2%, 51.8%, 48.0%, 49.8%, 53.8%, 53.8%, 56.2%, 55.2%, 48.6%]",,,,
11,parallel,41,41,0.076672949,1.551991731,1.4615421,0.000111111,49.75,"[39.4%, 53.0%, 44.8%, 42.2%, 51.8%, 48.0%, 49.8%, 53.8%, 53.8%, 56.2%, 55.2%, 49.0%]",,,,
11,parallel,42,42,0.072534243,1.497626695,1.426686466,0.000111111,49.81666667,"[39.4%, 53.0%, 44.8%, 42.2%, 51.8%, 48.0%, 49.8%, 53.8%, 53.8%, 56.2%, 55.2%, 49.8%]",,,,
11,parallel,43,43,0.068717187,1.538128563,1.486363783,0.000111111,49.68333333,"[39.4%, 53.0%, 44.8%, 42.2%, 51.8%, 48.0%, 49.8%, 53.8%, 53.8%, 56.2%, 55.2%, 48.2%]",,,,
11,parallel,44,44,0.065221783,1.522595114,1.512882084,0.000111111,49.6,"[39.4%, 53.0%, 44.8%, 42.2%, 51.8%, 48.0%, 49.8%, 53.8%, 53.8%, 56.2%, 55.2%, 47.2%]",,,,
11,parallel,45,45,0.062048028,1.643017188,1.61053358,0.000111111,49.35,"[39.4%, 53.0%, 44.8%, 42.2%, 51.8%, 48.0%, 49.8%, 53.8%, 53.8%, 56.2%, 55.2%, 44.2%]",,,,
11,parallel,46,46,0.059195925,1.587645276,1.470221654,0.000111111,49.68333333,"[39.4%, 53.0%, 44.8%, 42.2%, 51.8%, 48.0%, 49.8%, 53.8%, 53.8%, 56.2%, 55.2%, 48.2%]",,,,
11,parallel,47,47,0.056665472,1.658938197,1.523861848,0.000111111,49.4,"[39.4%, 53.0%, 44.8%, 42.2%, 51.8%, 48.0%, 49.8%, 53.8%, 53.8%, 56.2%, 55.2%, 44.8%]",,,,
11,parallel,48,48,0.054456669,1.630693679,1.590803027,0.000111111,49.53333333,"[39.4%, 53.0%, 44.8%, 42.2%, 51.8%, 48.0%, 49.8%, 53.8%, 53.8%, 56.2%, 55.2%, 46.4%]",,,,
11,parallel,49,49,0.052569517,1.57624245,1.498690143,0.000111111,49.4,"[39.4%, 53.0%, 44.8%, 42.2%, 51.8%, 48.0%, 49.8%, 53.8%, 53.8%, 56.2%, 55.2%, 44.8%]",,,,
11,parallel,50,50,0.051004015,1.540060992,1.450070724,0.000111111,49.71666667,"[39.4%, 53.0%, 44.8%, 42.2%, 51.8%, 48.0%, 49.8%, 53.8%, 53.8%, 56.2%, 55.2%, 48.6%]",,,,
11,parallel,51,51,0.049760164,1.530880038,1.492367849,0.000111111,49.56666667,"[39.4%, 53.0%, 44.8%, 42.2%, 51.8%, 48.0%, 49.8%, 53.8%, 53.8%, 56.2%, 55.2%, 46.8%]",,,,
11,parallel,52,52,0.048837964,1.474032737,1.442029871,0.000111111,49.68333333,"[39.4%, 53.0%, 44.8%, 42.2%, 51.8%, 48.0%, 49.8%, 53.8%, 53.8%, 56.2%, 55.2%, 48.2%]",,,,
11,parallel,53,53,0.048237413,1.497022339,1.477245316,0.000111111,49.63333333,"[39.4%, 53.0%, 44.8%, 42.2%, 51.8%, 48.0%, 49.8%, 53.8%, 53.8%, 56.2%, 55.2%, 47.6%]",,,,
11,parallel,54,54,0.047958514,1.444250006,1.4419837,0.000111111,49.75,"[39.4%, 53.0%, 44.8%, 42.2%, 51.8%, 48.0%, 49.8%, 53.8%, 53.8%, 56.2%, 55.2%, 49.0%]",,,,
11,parallel,55,55,0.047936842,1.425310867,1.410446227,0.000111111,49.85,"[39.4%, 53.0%, 44.8%, 42.2%, 51.8%, 48.0%, 49.8%, 53.8%, 53.8%, 56.2%, 55.2%, 50.2%]",,,,
11,weights,1,56,0.047936842,1.419259565,1.351316735,0.000111111,50.15,"[39.4%, 53.0%, 44.8%, 42.2%, 51.8%, 48.0%, 49.8%, 53.8%, 53.8%, 56.2%, 55.2%, 53.8%]",,,,
11,weights,2,57,0.047936842,1.402432823,1.399719082,0.000111111,49.8,"[39.4%, 53.0%, 44.8%, 42.2%, 51.8%, 48.0%, 49.8%, 53.8%, 53.8%, 56.2%, 55.2%, 49.6%]",,,,
11,weights,3,58,0.047936842,1.391490227,1.35085424,0.000111111,50.25,"[39.4%, 53.0%, 44.8%, 42.2%, 51.8%, 48.0%, 49.8%, 53.8%, 53.8%, 56.2%, 55.2%, 55.0%]",,,,
11,weights,4,59,0.047936842,1.365572299,1.371724635,0.000111111,49.95,"[39.4%, 53.0%, 44.8%, 42.2%, 51.8%, 48.0%, 49.8%, 53.8%, 53.8%, 56.2%, 55.2%, 51.4%]",,,,
11,weights,5,60,0.047936842,1.363662991,1.320149682,0.000111111,50.2,"[39.4%, 53.0%, 44.8%, 42.2%, 51.8%, 48.0%, 49.8%, 53.8%, 53.8%, 56.2%, 55.2%, 54.4%]",,,,
11,weights,6,61,0.047936842,1.351412723,1.338426173,0.000111111,50.15,"[39.4%, 53.0%, 44.8%, 42.2%, 51.8%, 48.0%, 49.8%, 53.8%, 53.8%, 56.2%, 55.2%, 53.8%]",,,,
11,weights,7,62,0.047936842,1.347546691,1.341757849,0.000111111,49.95,"[39.4%, 53.0%, 44.8%, 42.2%, 51.8%, 48.0%, 49.8%, 53.8%, 53.8%, 56.2%, 55.2%, 51.4%]",,,,
11,weights,8,63,0.047936842,1.317204925,1.334844172,0.000111111,50.08333333,"[39.4%, 53.0%, 44.8%, 42.2%, 51.8%, 48.0%, 49.8%, 53.8%, 53.8%, 56.2%, 55.2%, 53.0%]",,,,
11,weights,9,64,0.047936842,1.34789711,1.323886588,0.000111111,50.15,"[39.4%, 53.0%, 44.8%, 42.2%, 51.8%, 48.0%, 49.8%, 53.8%, 53.8%, 56.2%, 55.2%, 53.8%]",,,,
11,weights,10,65,0.047936842,1.329938928,1.327845924,0.000111111,50.03333333,"[39.4%, 53.0%, 44.8%, 42.2%, 51.8%, 48.0%, 49.8%, 53.8%, 53.8%, 56.2%, 55.2%, 52.4%]",,,,
11,weights,11,66,0.047936842,1.321905959,1.362424679,0.000111111,49.91666667,"[39.4%, 53.0%, 44.8%, 42.2%, 51.8%, 48.0%, 49.8%, 53.8%, 53.8%, 56.2%, 55.2%, 51.0%]",,,,
11,weights,12,67,0.047936842,1.302822385,1.308853537,0.000111111,50,"[39.4%, 53.0%, 44.8%, 42.2%, 51.8%, 48.0%, 49.8%, 53.8%, 53.8%, 56.2%, 55.2%, 52.0%]",,,,
11,weights,13,68,0.047936842,1.284227149,1.315942764,0.000111111,50.25,"[39.4%, 53.0%, 44.8%, 42.2%, 51.8%, 48.0%, 49.8%, 53.8%, 53.8%, 56.2%, 55.2%, 55.0%]",,,,
11,weights,14,69,0.047936842,1.311130374,1.279563449,0.000111111,50.43333333,"[39.4%, 53.0%, 44.8%, 42.2%, 51.8%, 48.0%, 49.8%, 53.8%, 53.8%, 56.2%, 55.2%, 57.2%]",,,,
11,weights,15,70,0.047936842,1.278486394,1.293165147,0.000111111,50.16666667,"[39.4%, 53.0%, 44.8%, 42.2%, 51.8%, 48.0%, 49.8%, 53.8%, 53.8%, 56.2%, 55.2%, 54.0%]",,,,
11,weights,16,71,0.047936842,1.267249346,1.39215304,0.000111111,49.85,"[39.4%, 53.0%, 44.8%, 42.2%, 51.8%, 48.0%, 49.8%, 53.8%, 53.8%, 56.2%, 55.2%, 50.2%]",,,,
11,weights,17,72,0.047936842,1.274922159,1.263129942,0.000111111,50.36666667,"[39.4%, 53.0%, 44.8%, 42.2%, 51.8%, 48.0%, 49.8%, 53.8%, 53.8%, 56.2%, 55.2%, 56.4%]",,,,
11,weights,18,73,0.047936842,1.249199175,1.32914225,0.000111111,50.05,"[39.4%, 53.0%, 44.8%, 42.2%, 51.8%, 48.0%, 49.8%, 53.8%, 53.8%, 56.2%, 55.2%, 52.6%]",,,,
11,weights,19,74,0.047936842,1.250976873,1.305970639,0.000111111,50.1,"[39.4%, 53.0%, 44.8%, 42.2%, 51.8%, 48.0%, 49.8%, 53.8%, 53.8%, 56.2%, 55.2%, 53.2%]",,,,
11,weights,20,75,0.047936842,1.255642161,1.277307615,0.000111111,50.38333333,"[39.4%, 53.0%, 44.8%, 42.2%, 51.8%, 48.0%, 49.8%, 53.8%, 53.8%, 56.2%, 55.2%, 56.6%]",,,,
11,weights,21,76,0.047936842,1.236183903,1.353814244,0.000111111,50.03333333,"[39.4%, 53.0%, 44.8%, 42.2%, 51.8%, 48.0%, 49.8%, 53.8%, 53.8%, 56.2%, 55.2%, 52.4%]",,,,
11,weights,22,77,0.047936842,1.234799318,1.313599832,0.000111111,50.11666667,"[39.4%, 53.0%, 44.8%, 42.2%, 51.8%, 48.0%, 49.8%, 53.8%, 53.8%, 56.2%, 55.2%, 53.4%]",,,,
11,weights,23,78,0.047936842,1.238375671,1.278099924,0.000111111,50.1,"[39.4%, 53.0%, 44.8%, 42.2%, 51.8%, 48.0%, 49.8%, 53.8%, 53.8%, 56.2%, 55.2%, 53.2%]",,,,
11,weights,24,79,0.047936842,1.235227112,1.266314283,0.000111111,50.41666667,"[39.4%, 53.0%, 44.8%, 42.2%, 51.8%, 48.0%, 49.8%, 53.8%, 53.8%, 56.2%, 55.2%, 57.0%]",,,,
11,weights,25,80,0.047936842,1.214199555,1.339099362,0.000111111,50.05,"[39.4%, 53.0%, 44.8%, 42.2%, 51.8%, 48.0%, 49.8%, 53.8%, 53.8%, 56.2%, 55.2%, 52.6%]",16.95,"[10.6%, 32.0%, 29.4%, 7.4%, 23.0%, 8.6%, 0.0%, 9.2%, 0.0%, 8.8%, 35.6%, 38.8%]",37.71666667,"[29.1%, 42.4%, 35.5%, 32.7%, 29.1%, 19.9%, 32.6%, 37.8%, 43.8%, 49.2%, 49.2%, 50.3%]"
12,parallel,1,1,0.4,16.9353653,8.071249664,0.000111111,46.21538462,"[39.4%, 53.0%, 45.0%, 41.6%, 51.0%, 48.2%, 49.8%, 53.6%, 53.8%, 56.2%, 55.8%, 53.4%, 0.0%]",,,,
12,parallel,2,2,0.4,4.333819486,2.438839853,0.000111111,46.95384615,"[39.6%, 53.0%, 45.6%, 40.8%, 49.8%, 48.2%, 50.0%, 53.4%, 53.8%, 56.6%, 56.8%, 52.8%, 10.0%]",,,,
12,parallel,3,3,0.4,2.380844816,2.354378432,0.000111111,46.92307692,"[39.6%, 52.8%, 45.6%, 40.6%, 49.8%, 48.4%, 50.0%, 53.4%, 53.6%, 56.6%, 56.8%, 52.8%, 10.0%]",,,,
12,parallel,4,4,0.4,2.341163934,2.329050392,0.000111111,46.92307692,"[39.6%, 52.6%, 45.6%, 40.6%, 49.8%, 48.4%, 50.2%, 53.4%, 53.6%, 56.6%, 56.8%, 52.8%, 10.0%]",,,,
12,parallel,5,5,0.391117205,2.340005075,2.335679203,0.000111111,46.95384615,"[39.6%, 52.6%, 45.6%, 40.6%, 50.0%, 48.4%, 50.4%, 53.4%, 53.6%, 56.6%, 56.8%, 52.8%, 10.0%]",,,,
12,parallel,6,6,0.377313024,2.379696291,2.360118479,0.000111111,47.04615385,"[39.4%, 53.6%, 45.6%, 40.6%, 50.4%, 48.4%, 50.4%, 53.4%, 53.6%, 56.6%, 56.8%, 52.8%, 10.0%]",,,,
12,parallel,7,7,0.363791327,2.377046464,2.345405012,0.000111111,47.16923077,"[39.4%, 53.6%, 45.6%, 40.6%, 50.4%, 48.4%, 50.4%, 53.4%, 53.6%, 56.6%, 57.0%, 52.8%, 11.4%]",,,,
12,parallel,8,8,0.350552114,2.354746161,2.340842724,0.000111111,47.06153846,"[39.4%, 53.6%, 45.6%, 40.6%, 50.4%, 48.4%, 50.4%, 53.4%, 53.6%, 56.6%, 57.0%, 52.8%, 10.0%]",,,,
12,parallel,9,9,0.337595386,2.288942416,2.267899871,0.000111111,47.43076923,"[39.4%, 53.6%, 45.6%, 40.6%, 50.4%, 48.4%, 50.4%, 53.4%, 53.6%, 56.6%, 57.0%, 52.8%, 14.8%]",,,,
12,parallel,10,10,0.324921142,2.152513979,2.062353954,0.000111111,48.24615385,"[39.4%, 53.6%, 45.6%, 40.6%, 50.4%, 48.4%, 50.4%, 53.4%, 53.6%, 56.6%, 57.0%, 52.8%, 25.4%]",,,,
12,parallel,11,11,0.312529382,2.06993319,1.970893577,0.000111111,48.47692308,"[39.4%, 53.6%, 45.6%, 40.6%, 50.4%, 48.4%, 50.4%, 53.4%, 53.6%, 56.6%, 57.0%, 52.8%, 28.4%]",,,,
12,parallel,12,12,0.300420106,2.009394993,1.882663295,0.000111111,48.81538462,"[39.4%, 53.6%, 45.6%, 40.6%, 50.4%, 48.4%, 50.4%, 53.4%, 53.6%, 56.6%, 57.0%, 52.8%, 32.8%]",,,,
12,parallel,13,13,0.288593315,1.937959944,1.808348514,0.000111111,48.86153846,"[39.4%, 53.6%, 45.6%, 40.6%, 50.4%, 48.4%, 50.4%, 53.4%, 53.6%, 56.6%, 57.0%, 52.8%, 33.4%]",,,,
12,parallel,14,14,0.277049008,1.872527162,1.839384347,0.000111111,48.81538462,"[39.4%, 53.6%, 45.6%, 40.6%, 50.4%, 48.4%, 50.4%, 53.4%, 53.6%, 56.6%, 57.0%, 52.8%, 32.8%]",,,,
12,parallel,15,15,0.265787185,1.797857899,1.707910366,0.000111111,49.27692308,"[39.4%, 53.6%, 45.6%, 40.6%, 50.4%, 48.4%, 50.4%, 53.4%, 53.6%, 56.6%, 57.0%, 52.8%, 38.8%]",,,,
12,parallel,16,16,0.254807846,1.725662492,1.688787028,0.000111111,49.35384615,"[39.4%, 53.6%, 45.6%, 40.6%, 50.4%, 48.4%, 50.4%, 53.4%, 53.6%, 56.6%, 57.0%, 52.8%, 39.8%]",,,,
12,parallel,17,17,0.244110991,1.657915971,1.561390907,0.000111111,49.76923077,"[39.4%, 53.6%, 45.6%, 40.6%, 50.4%, 48.4%, 50.4%, 53.4%, 53.6%, 56.6%, 57.0%, 52.8%, 45.2%]",,,,
12,parallel,18,18,0.233696621,1.605713087,1.6041409,0.000111111,49.72307692,"[39.4%, 53.6%, 45.6%, 40.6%, 50.4%, 48.4%, 50.4%, 53.4%, 53.6%, 56.6%, 57.0%, 52.8%, 44.6%]",,,,
12,parallel,19,19,0.223564734,1.584825114,1.476344749,0.000111111,50.07692308,"[39.4%, 53.6%, 45.6%, 40.6%, 50.4%, 48.4%, 50.4%, 53.4%, 53.6%, 56.6%, 57.0%, 52.8%, 49.2%]",,,,
12,parallel,20,20,0.213715332,1.59750659,1.573958457,0.000111111,50.09230769,"[39.4%, 53.6%, 45.6%, 40.6%, 50.4%, 48.4%, 50.4%, 53.4%, 53.6%, 56.6%, 57.0%, 52.8%, 49.4%]",,,,
12,parallel,21,21,0.204148415,1.532772695,1.478232764,0.000111111,50.15384615,"[39.4%, 53.6%, 45.6%, 40.6%, 50.4%, 48.4%, 50.4%, 53.4%, 53.6%, 56.6%, 57.0%, 52.8%, 50.2%]",,,,
12,parallel,22,22,0.194863981,1.54819352,1.488831125,0.000111111,50.16923077,"[39.4%, 53.6%, 45.6%, 40.6%, 50.4%, 48.4%, 50.4%, 53.4%, 53.6%, 56.6%, 57.0%, 52.8%, 50.4%]",,,,
12,parallel,23,23,0.185862032,1.574730171,1.470554352,0.000111111,50.13846154,"[39.4%, 53.6%, 45.6%, 40.6%, 50.4%, 48.4%, 50.4%, 53.4%, 53.6%, 56.6%, 57.0%, 52.8%, 50.0%]",,,,
12,parallel,24,24,0.177142567,1.487154451,1.502225541,0.000111111,50.10769231,"[39.4%, 53.6%, 45.6%, 40.6%, 50.4%, 48.4%, 50.4%, 53.4%, 53.6%, 56.6%, 57.0%, 52.8%, 49.6%]",,,,
12,parallel,25,25,0.168705586,1.551584025,1.482738696,0.000111111,50.07692308,"[39.4%, 53.6%, 45.6%, 40.6%, 50.4%, 48.4%, 50.4%, 53.4%, 53.6%, 56.6%, 57.0%, 52.8%, 49.2%]",,,,
12,parallel,26,26,0.160551089,1.507771053,1.472199671,0.000111111,50.15384615,"[39.4%, 53.6%, 45.6%, 40.6%, 50.4%, 48.4%, 50.4%, 53.4%, 53.6%, 56.6%, 57.0%, 52.8%, 50.2%]",,,,
12,parallel,27,27,0.152679076,1.502282291,1.421990193,0.000111111,50.23076923,"[39.4%, 53.6%, 45.6%, 40.6%, 50.4%, 48.4%, 50.4%, 53.4%, 53.6%, 56.6%, 57.0%, 52.8%, 51.2%]",,,,
12,parallel,28,28,0.145089548,1.485935193,1.367917106,0.000111111,50.4,"[39.4%, 53.6%, 45.6%, 40.6%, 50.4%, 48.4%, 50.4%, 53.4%, 53.6%, 56.6%, 57.0%, 52.8%, 53.4%]",,,,
12,parallel,29,29,0.137782504,1.488141665,1.425690599,0.000111111,50.18461538,"[39.4%, 53.6%, 45.6%, 40.6%, 50.4%, 48.4%, 50.4%, 53.4%, 53.6%, 56.6%, 57.0%, 52.8%, 50.6%]",,,,
12,parallel,30,30,0.130757944,1.517599635,1.422991857,0.000111111,50.13846154,"[39.4%, 53.6%, 45.6%, 40.6%, 50.4%, 48.4%, 50.4%, 53.4%, 53.6%, 56.6%, 57.0%, 52.8%, 50.0%]",,,,
12,parallel,31,31,0.124015868,1.530473697,1.443469621,0.000111111,50.06153846,"[39.4%, 53.6%, 45.6%, 40.6%, 50.4%, 48.4%, 50.4%, 53.4%, 53.6%, 56.6%, 57.0%, 52.8%, 49.0%]",,,,
12,parallel,32,32,0.117556277,1.472927045,1.385289587,0.000111111,50.35384615,"[39.4%, 53.6%, 45.6%, 40.6%, 50.4%, 48.4%, 50.4%, 53.4%, 53.6%, 56.6%, 57.0%, 52.8%, 52.8%]",,,,
12,parallel,33,33,0.11137917,1.507504798,1.437700935,0.000111111,50.16923077,"[39.4%, 53.6%, 45.6%, 40.6%, 50.4%, 48.4%, 50.4%, 53.4%, 53.6%, 56.6%, 57.0%, 52.8%, 50.4%]",,,,
12,parallel,34,34,0.105484547,1.598491792,1.446436293,0.000111111,50.26153846,"[39.4%, 53.6%, 45.6%, 40.6%, 50.4%, 48.4%, 50.4%, 53.4%, 53.6%, 56.6%, 57.0%, 52.8%, 51.6%]",,,,
12,parallel,35,35,0.099872408,1.571861448,1.475524597,0.000111111,50.09230769,"[39.4%, 53.6%, 45.6%, 40.6%, 50.4%, 48.4%, 50.4%, 53.4%, 53.6%, 56.6%, 57.0%, 52.8%, 49.4%]",,,,
12,parallel,36,36,0.094542753,1.510447741,1.545682415,0.000111111,49.81538462,"[39.4%, 53.6%, 45.6%, 40.6%, 50.4%, 48.4%, 50.4%, 53.4%, 53.6%, 56.6%, 57.0%, 52.8%, 45.8%]",,,,
12,parallel,37,37,0.089495583,1.726945688,1.568381891,0.000111111,49.75384615,"[39.4%, 53.6%, 45.6%, 40.6%, 50.4%, 48.4%, 50.4%, 53.4%, 53.6%, 56.6%, 57.0%, 52.8%, 45.0%]",,,,
12,parallel,38,38,0.084730897,1.743028078,1.591964066,0.000111111,49.93846154,"[39.4%, 53.6%, 45.6%, 40.6%, 50.4%, 48.4%, 50.4%, 53.4%, 53.6%, 56.6%, 57.0%, 52.8%, 47.4%]",,,,
12,parallel,39,39,0.080248695,1.659753798,1.598544948,0.000111111,49.87692308,"[39.4%, 53.6%, 45.6%, 40.6%, 50.4%, 48.4%, 50.4%, 53.4%, 53.6%, 56.6%, 57.0%, 52.8%, 46.6%]",,,,
12,parallel,40,40,0.076048977,1.86883825,1.728842795,0.000111111,49.38461538,"[39.4%, 53.6%, 45.6%, 40.6%, 50.4%, 48.4%, 50.4%, 53.4%, 53.6%, 56.6%, 57.0%, 52.8%, 40.2%]",,,,
12,parallel,41,41,0.072131743,1.701118042,1.620742053,0.000111111,49.52307692,"[39.4%, 53.6%, 45.6%, 40.6%, 50.4%, 48.4%, 50.4%, 53.4%, 53.6%, 56.6%, 57.0%, 52.8%, 42.0%]",,,,
12,parallel,42,42,0.068496994,1.71954887,1.604279086,0.000111111,49.49230769,"[39.4%, 53.6%, 45.6%, 40.6%, 50.4%, 48.4%, 50.4%, 53.4%, 53.6%, 56.6%, 57.0%, 52.8%, 41.6%]",,,,
12,parallel,43,43,0.065144729,1.697175786,1.641930386,0.000111111,49.69230769,"[39.4%, 53.6%, 45.6%, 40.6%, 50.4%, 48.4%, 50.4%, 53.4%, 53.6%, 56.6%, 57.0%, 52.8%, 44.2%]",,,,
12,parallel,44,44,0.062074948,1.76890481,1.717349038,0.000111111,49.4,"[39.4%, 53.6%, 45.6%, 40.6%, 50.4%, 48.4%, 50.4%, 53.4%, 53.6%, 56.6%, 57.0%, 52.8%, 40.4%]",,,,
12,parallel,45,45,0.059287651,1.735060278,1.64185366,0.000111111,49.81538462,"[39.4%, 53.6%, 45.6%, 40.6%, 50.4%, 48.4%, 50.4%, 53.4%, 53.6%, 56.6%, 57.0%, 52.8%, 45.8%]",,,,
12,parallel,46,46,0.056782838,1.716587542,1.610700652,0.000111111,49.67692308,"[39.4%, 53.6%, 45.6%, 40.6%, 50.4%, 48.4%, 50.4%, 53.4%, 53.6%, 56.6%, 57.0%, 52.8%, 44.0%]",,,,
12,parallel,47,47,0.05456051,1.874288185,1.885612339,0.000111111,49.29230769,"[39.4%, 53.6%, 45.6%, 40.6%, 50.4%, 48.4%, 50.4%, 53.4%, 53.6%, 56.6%, 57.0%, 52.8%, 39.0%]",,,,
12,parallel,48,48,0.052620666,1.79637921,1.693552263,0.000111111,49.6,"[39.4%, 53.6%, 45.6%, 40.6%, 50.4%, 48.4%, 50.4%, 53.4%, 53.6%, 56.6%, 57.0%, 52.8%, 43.0%]",,,,
12,parallel,49,49,0.050963306,1.710023491,1.5996297,0.000111111,49.72307692,"[39.4%, 53.6%, 45.6%, 40.6%, 50.4%, 48.4%, 50.4%, 53.4%, 53.6%, 56.6%, 57.0%, 52.8%, 44.6%]",,,,
12,parallel,50,50,0.04958843,1.712060085,1.581965625,0.000111111,49.70769231,"[39.4%, 53.6%, 45.6%, 40.6%, 50.4%, 48.4%, 50.4%, 53.4%, 53.6%, 56.6%, 57.0%, 52.8%, 44.4%]",,,,
12,parallel,51,51,0.048496039,1.65371898,1.600001261,0.000111111,49.56923077,"[39.4%, 53.6%, 45.6%, 40.6%, 50.4%, 48.4%, 50.4%, 53.4%, 53.6%, 56.6%, 57.0%, 52.8%, 42.6%]",,,,
12,parallel,52,52,0.047686132,1.6380268,1.609263495,0.000111111,49.72307692,"[39.4%, 53.6%, 45.6%, 40.6%, 50.4%, 48.4%, 50.4%, 53.4%, 53.6%, 56.6%, 57.0%, 52.8%, 44.6%]",,,,
12,parallel,53,53,0.047158709,1.610479853,1.603833266,0.000111111,49.73846154,"[39.4%, 53.6%, 45.6%, 40.6%, 50.4%, 48.4%, 50.4%, 53.4%, 53.6%, 56.6%, 57.0%, 52.8%, 44.8%]",,,,
12,parallel,54,54,0.04691377,1.607431436,1.538160771,0.000111111,49.70769231,"[39.4%, 53.6%, 45.6%, 40.6%, 50.4%, 48.4%, 50.4%, 53.4%, 53.6%, 56.6%, 57.0%, 52.8%, 44.4%]",,,,
12,parallel,55,55,0.046894737,1.589045499,1.545314223,0.000111111,49.84615385,"[39.4%, 53.6%, 45.6%, 40.6%, 50.4%, 48.4%, 50.4%, 53.4%, 53.6%, 56.6%, 57.0%, 52.8%, 46.2%]",,,,
12,weights,1,56,0.046894737,1.582889498,1.558005676,0.000111111,49.92307692,"[39.4%, 53.6%, 45.6%, 40.6%, 50.4%, 48.4%, 50.4%, 53.4%, 53.6%, 56.6%, 57.0%, 52.8%, 47.2%]",,,,
12,weights,2,57,0.046894737,1.580826385,1.555601232,0.000111111,49.86153846,"[39.4%, 53.6%, 45.6%, 40.6%, 50.4%, 48.4%, 50.4%, 53.4%, 53.6%, 56.6%, 57.0%, 52.8%, 46.4%]",,,,
12,weights,3,58,0.046894737,1.540809117,1.491342738,0.000111111,49.89230769,"[39.4%, 53.6%, 45.6%, 40.6%, 50.4%, 48.4%, 50.4%, 53.4%, 53.6%, 56.6%, 57.0%, 52.8%, 46.8%]",,,,
12,weights,4,59,0.046894737,1.530511112,1.495124742,0.000111111,49.95384615,"[39.4%, 53.6%, 45.6%, 40.6%, 50.4%, 48.4%, 50.4%, 53.4%, 53.6%, 56.6%, 57.0%, 52.8%, 47.6%]",,,,
12,weights,5,60,0.046894737,1.526783104,1.450378515,0.000111111,49.90769231,"[39.4%, 53.6%, 45.6%, 40.6%, 50.4%, 48.4%, 50.4%, 53.4%, 53.6%, 56.6%, 57.0%, 52.8%, 47.0%]",,,,
12,weights,6,61,0.046894737,1.514770469,1.470115215,0.000111111,50.01538462,"[39.4%, 53.6%, 45.6%, 40.6%, 50.4%, 48.4%, 50.4%, 53.4%, 53.6%, 56.6%, 57.0%, 52.8%, 48.4%]",,,,
12,weights,7,62,0.046894737,1.518047381,1.446498893,0.000111111,50.18461538,"[39.4%, 53.6%, 45.6%, 40.6%, 50.4%, 48.4%, 50.4%, 53.4%, 53.6%, 56.6%, 57.0%, 52.8%, 50.6%]",,,,
12,weights,8,63,0.046894737,1.507911066,1.421280622,0.000111111,50.04615385,"[39.4%, 53.6%, 45.6%, 40.6%, 50.4%, 48.4%, 50.4%, 53.4%, 53.6%, 56.6%, 57.0%, 52.8%, 48.8%]",,,,
12,weights,9,64,0.046894737,1.502495008,1.427706622,0.000111111,50.04615385,"[39.4%, 53.6%, 45.6%, 40.6%, 50.4%, 48.4%, 50.4%, 53.4%, 53.6%, 56.6%, 57.0%, 52.8%, 48.8%]",,,,
12,weights,10,65,0.046894737,1.487499162,1.446320571,0.000111111,49.98461538,"[39.4%, 53.6%, 45.6%, 40.6%, 50.4%, 48.4%, 50.4%, 53.4%, 53.6%, 56.6%, 57.0%, 52.8%, 48.0%]",,,,
12,weights,11,66,0.046894737,1.493441339,1.439354829,0.000111111,50.01538462,"[39.4%, 53.6%, 45.6%, 40.6%, 50.4%, 48.4%, 50.4%, 53.4%, 53.6%, 56.6%, 57.0%, 52.8%, 48.4%]",,,,
12,weights,12,67,0.046894737,1.488027283,1.474003896,0.000111111,50.07692308,"[39.4%, 53.6%, 45.6%, 40.6%, 50.4%, 48.4%, 50.4%, 53.4%, 53.6%, 56.6%, 57.0%, 52.8%, 49.2%]",,,,
12,weights,13,68,0.046894737,1.477747961,1.454503983,0.000111111,50.13846154,"[39.4%, 53.6%, 45.6%, 40.6%, 50.4%, 48.4%, 50.4%, 53.4%, 53.6%, 56.6%, 57.0%, 52.8%, 50.0%]",,,,
12,weights,14,69,0.046894737,1.471644201,1.485080004,0.000111111,50.01538462,"[39.4%, 53.6%, 45.6%, 40.6%, 50.4%, 48.4%, 50.4%, 53.4%, 53.6%, 56.6%, 57.0%, 52.8%, 48.4%]",,,,
12,weights,15,70,0.046894737,1.470605216,1.470257759,0.000111111,50.07692308,"[39.4%, 53.6%, 45.6%, 40.6%, 50.4%, 48.4%, 50.4%, 53.4%, 53.6%, 56.6%, 57.0%, 52.8%, 49.2%]",,,,
12,weights,16,71,0.046894737,1.469873376,1.433562525,0.000111111,50.09230769,"[39.4%, 53.6%, 45.6%, 40.6%, 50.4%, 48.4%, 50.4%, 53.4%, 53.6%, 56.6%, 57.0%, 52.8%, 49.4%]",,,,
12,weights,17,72,0.046894737,1.484901295,1.438072085,0.000111111,50.15384615,"[39.4%, 53.6%, 45.6%, 40.6%, 50.4%, 48.4%, 50.4%, 53.4%, 53.6%, 56.6%, 57.0%, 52.8%, 50.2%]",,,,
12,weights,18,73,0.046894737,1.430460091,1.453536674,0.000111111,50.26153846,"[39.4%, 53.6%, 45.6%, 40.6%, 50.4%, 48.4%, 50.4%, 53.4%, 53.6%, 56.6%, 57.0%, 52.8%, 51.6%]",,,,
12,weights,19,74,0.046894737,1.453757933,1.447684452,0.000111111,50.16923077,"[39.4%, 53.6%, 45.6%, 40.6%, 50.4%, 48.4%, 50.4%, 53.4%, 53.6%, 56.6%, 57.0%, 52.8%, 50.4%]",,,,
12,weights,20,75,0.046894737,1.460758093,1.42454841,0.000111111,50.30769231,"[39.4%, 53.6%, 45.6%, 40.6%, 50.4%, 48.4%, 50.4%, 53.4%, 53.6%, 56.6%, 57.0%, 52.8%, 52.2%]",,,,
12,weights,21,76,0.046894737,1.452795468,1.420938462,0.000111111,50.01538462,"[39.4%, 53.6%, 45.6%, 40.6%, 50.4%, 48.4%, 50.4%, 53.4%, 53.6%, 56.6%, 57.0%, 52.8%, 48.4%]",,,,
12,weights,22,77,0.046894737,1.445071699,1.444172621,0.000111111,50.23076923,"[39.4%, 53.6%, 45.6%, 40.6%, 50.4%, 48.4%, 50.4%, 53.4%, 53.6%, 56.6%, 57.0%, 52.8%, 51.2%]",,,,
12,weights,23,78,0.046894737,1.422719457,1.413505122,0.000111111,50.12307692,"[39.4%, 53.6%, 45.6%, 40.6%, 50.4%, 48.4%, 50.4%, 53.4%, 53.6%, 56.6%, 57.0%, 52.8%, 49.8%]",,,,
12,weights,24,79,0.046894737,1.442729316,1.3988932,0.000111111,50.27692308,"[39.4%, 53.6%, 45.6%, 40.6%, 50.4%, 48.4%, 50.4%, 53.4%, 53.6%, 56.6%, 57.0%, 52.8%, 51.8%]",,,,
12,weights,25,80,0.046894737,1.428921265,1.436412081,0.000111111,50.18461538,"[39.4%, 53.6%, 45.6%, 40.6%, 50.4%, 48.4%, 50.4%, 53.4%, 53.6%, 56.6%, 57.0%, 52.8%, 50.6%]",16.36923077,"[10.8%, 25.8%, 29.4%, 0.0%, 22.8%, 8.6%, 0.0%, 9.2%, 0.0%, 15.0%, 36.6%, 38.6%, 16.0%]",37.99230769,"[29.7%, 43.4%, 35.5%, 30.4%, 34.2%, 20.7%, 37.8%, 37.6%, 45.8%, 41%, 50.8%, 41.7%, 46.1%]"
13,parallel,1,1,0.35,19.12366278,10.41230786,0.000111111,46.51428571,"[39.6%, 53.2%, 46.0%, 41.2%, 50.4%, 48.2%, 50.0%, 53.2%, 53.4%, 56.4%, 56.2%, 52.6%, 50.8%, 0.0%]",,,,
13,parallel,2,2,0.35,5.952549557,2.767297924,0.000111111,47.21428571,"[39.4%, 53.2%, 46.0%, 41.2%, 50.6%, 48.2%, 50.0%, 53.6%, 53.2%, 56.4%, 55.4%, 52.8%, 51.0%, 10.0%]",,,,
13,parallel,3,3,0.35,2.456740259,2.362740993,0.000111111,47.2,"[39.4%, 53.2%, 46.0%, 41.4%, 50.4%, 48.0%, 49.6%, 53.8%, 53.4%, 56.4%, 55.4%, 52.8%, 51.0%, 10.0%]",,,,
13,parallel,4,4,0.35,2.349092194,2.337145686,0.000111111,47.18571429,"[39.6%, 53.2%, 46.0%, 41.2%, 50.4%, 48.0%, 49.6%, 53.8%, 53.4%, 56.4%, 55.4%, 52.6%, 51.0%, 10.0%]",,,,
13,parallel,5,5,0.3423488,2.366705526,2.356625885,0.000111111,47.14285714,"[39.6%, 53.2%, 46.0%, 41.2%, 50.4%, 48.0%, 49.6%, 53.8%, 53.2%, 56.2%, 55.4%, 52.4%, 51.0%, 10.0%]",,,,
13,parallel,6,6,0.330458563,2.389464605,2.355102867,0.000111111,47.15714286,"[39.4%, 53.2%, 46.2%, 41.4%, 50.4%, 48.0%, 49.4%, 53.8%, 53.2%, 56.4%, 55.4%, 52.4%, 51.0%, 10.0%]",,,,
13,parallel,7,7,0.318811644,2.382791839,2.351142824,0.000111111,47.17142857,"[39.4%, 53.2%, 46.2%, 41.6%, 50.4%, 48.0%, 49.4%, 53.8%, 53.2%, 56.4%, 55.4%, 52.4%, 51.0%, 10.0%]",,,,
13,parallel,8,8,0.307408043,2.355489489,2.337611437,0.000111111,47.17142857,"[39.4%, 53.2%, 46.2%, 41.6%, 50.4%, 48.0%, 49.4%, 53.8%, 53.2%, 56.4%, 55.4%, 52.4%, 51.0%, 10.0%]",,,,
13,parallel,9,9,0.296247759,2.34487262,2.335025012,0.000111111,47.17142857,"[39.4%, 53.2%, 46.2%, 41.6%, 50.4%, 48.0%, 49.4%, 53.8%, 53.2%, 56.4%, 55.4%, 52.4%, 51.0%, 10.0%]",,,,
13,parallel,10,10,0.285330794,2.337924791,2.321511954,0.000111111,47.18571429,"[39.4%, 53.2%, 46.2%, 41.6%, 50.4%, 48.0%, 49.4%, 53.8%, 53.2%, 56.4%, 55.4%, 52.4%, 51.0%, 10.2%]",,,,
13,parallel,11,11,0.274657146,2.289681812,2.267877072,0.000111111,47.5,"[39.4%, 53.2%, 46.2%, 41.6%, 50.4%, 48.0%, 49.4%, 53.8%, 53.2%, 56.4%, 55.4%, 52.4%, 51.0%, 14.6%]",,,,
13,parallel,12,12,0.264226816,2.231940722,2.300024539,0.000111111,47.4,"[39.4%, 53.2%, 46.2%, 41.6%, 50.4%, 48.0%, 49.4%, 53.8%, 53.2%, 56.4%, 55.4%, 52.4%, 51.0%, 13.2%]",,,,
13,parallel,13,13,0.254039804,2.215525431,2.231078178,0.000111111,47.88571429,"[39.4%, 53.2%, 46.2%, 41.6%, 50.4%, 48.0%, 49.4%, 53.8%, 53.2%, 56.4%, 55.4%, 52.4%, 51.0%, 20.0%]",,,,
13,parallel,14,14,0.24409611,2.184964311,2.149109423,0.000111111,48.08571429,"[39.4%, 53.2%, 46.2%, 41.6%, 50.4%, 48.0%, 49.4%, 53.8%, 53.2%, 56.4%, 55.4%, 52.4%, 51.0%, 22.8%]",,,,
13,parallel,15,15,0.234395734,2.104237977,2.07831952,0.000111111,48.17142857,"[39.4%, 53.2%, 46.2%, 41.6%, 50.4%, 48.0%, 49.4%, 53.8%, 53.2%, 56.4%, 55.4%, 52.4%, 51.0%, 24.0%]",,,,
13,parallel,16,16,0.224938676,2.069504812,2.104664087,0.000111111,48.31428571,"[39.4%, 53.2%, 46.2%, 41.6%, 50.4%, 48.0%, 49.4%, 53.8%, 53.2%, 56.4%, 55.4%, 52.4%, 51.0%, 26.0%]",,,,
13,parallel,17,17,0.215724936,1.96225847,2.03195262,0.000111111,48.31428571,"[39.4%, 53.2%, 46.2%, 41.6%, 50.4%, 48.0%, 49.4%, 53.8%, 53.2%, 56.4%, 55.4%, 52.4%, 51.0%, 26.0%]",,,,
13,parallel,18,18,0.206754514,1.901176917,1.846448168,0.000111111,48.92857143,"[39.4%, 53.2%, 46.2%, 41.6%, 50.4%, 48.0%, 49.4%, 53.8%, 53.2%, 56.4%, 55.4%, 52.4%, 51.0%, 34.6%]",,,,
13,parallel,19,19,0.198027409,1.860313165,1.840104222,0.000111111,48.72857143,"[39.4%, 53.2%, 46.2%, 41.6%, 50.4%, 48.0%, 49.4%, 53.8%, 53.2%, 56.4%, 55.4%, 52.4%, 51.0%, 31.8%]",,,,
13,parallel,20,20,0.189543622,1.849838952,1.910374895,0.000111111,48.61428571,"[39.4%, 53.2%, 46.2%, 41.6%, 50.4%, 48.0%, 49.4%, 53.8%, 53.2%, 56.4%, 55.4%, 52.4%, 51.0%, 30.2%]",,,,
13,parallel,21,21,0.181303154,1.821397759,1.794470385,0.000111111,48.87142857,"[39.4%, 53.2%, 46.2%, 41.6%, 50.4%, 48.0%, 49.4%, 53.8%, 53.2%, 56.4%, 55.4%, 52.4%, 51.0%, 33.8%]",,,,
13,parallel,22,22,0.173306003,1.812448121,1.809032157,0.000111111,48.9,"[39.4%, 53.2%, 46.2%, 41.6%, 50.4%, 48.0%, 49.4%, 53.8%, 53.2%, 56.4%, 55.4%, 52.4%, 51.0%, 34.2%]",,,,
13,parallel,23,23,0.16555217,1.773642867,1.739258021,0.000111111,49.22857143,"[39.4%, 53.2%, 46.2%, 41.6%, 50.4%, 48.0%, 49.4%, 53.8%, 53.2%, 56.4%, 55.4%, 52.4%, 51.0%, 38.8%]",,,,
13,parallel,24,24,0.158041655,1.794568032,1.820902355,0.000111111,49.04285714,"[39.4%, 53.2%, 46.2%, 41.6%, 50.4%, 48.0%, 49.4%, 53.8%, 53.2%, 56.4%, 55.4%, 52.4%, 51.0%, 36.2%]",,,,
13,parallel,25,25,0.150774458,1.791085652,1.763381824,0.000111111,49.22857143,"[39.4%, 53.2%, 46.2%, 41.6%, 50.4%, 48.0%, 49.4%, 53.8%, 53.2%, 56.4%, 55.4%, 52.4%, 51.0%, 38.8%]",,,,
13,parallel,26,26,0.143750579,1.798725403,1.768284425,0.000111111,49.14285714,"[39.4%, 53.2%, 46.2%, 41.6%, 50.4%, 48.0%, 49.4%, 53.8%, 53.2%, 56.4%, 55.4%, 52.4%, 51.0%, 37.6%]",,,,
13,parallel,27,27,0.136970017,1.787088898,1.806910679,0.000111111,48.97142857,"[39.4%, 53.2%, 46.2%, 41.6%, 50.4%, 48.0%, 49.4%, 53.8%, 53.2%, 56.4%, 55.4%, 52.4%, 51.0%, 35.2%]",,,,
13,parallel,28,28,0.130432774,1.78185011,1.76853244,0.000111111,49.1,"[39.4%, 53.2%, 46.2%, 41.6%, 50.4%, 48.0%, 49.4%, 53.8%, 53.2%, 56.4%, 55.4%, 52.4%, 51.0%, 37.0%]",,,,
13,parallel,29,29,0.124138848,1.804296718,1.86085096,0.000111111,48.81428571,"[39.4%, 53.2%, 46.2%, 41.6%, 50.4%, 48.0%, 49.4%, 53.8%, 53.2%, 56.4%, 55.4%, 52.4%, 51.0%, 33.0%]",,,,
13,parallel,30,30,0.118088241,1.823032393,1.815896496,0.000111111,48.9,"[39.4%, 53.2%, 46.2%, 41.6%, 50.4%, 48.0%, 49.4%, 53.8%, 53.2%, 56.4%, 55.4%, 52.4%, 51.0%, 34.2%]",,,,
13,parallel,31,31,0.112280951,1.839117637,1.794487983,0.000111111,49.08571429,"[39.4%, 53.2%, 46.2%, 41.6%, 50.4%, 48.0%, 49.4%, 53.8%, 53.2%, 56.4%, 55.4%, 52.4%, 51.0%, 36.8%]",,,,
13,parallel,32,32,0.106716979,1.951274661,1.859009653,0.000111111,48.98571429,"[39.4%, 53.2%, 46.2%, 41.6%, 50.4%, 48.0%, 49.4%, 53.8%, 53.2%, 56.4%, 55.4%, 52.4%, 51.0%, 35.4%]",,,,
13,parallel,33,33,0.101396325,1.902716124,1.887195408,0.000111111,48.91428571,"[39.4%, 53.2%, 46.2%, 41.6%, 50.4%, 48.0%, 49.4%, 53.8%, 53.2%, 56.4%, 55.4%, 52.4%, 51.0%, 34.4%]",,,,
13,parallel,34,34,0.096318989,1.81908933,1.892272174,0.000111111,48.85714286,"[39.4%, 53.2%, 46.2%, 41.6%, 50.4%, 48.0%, 49.4%, 53.8%, 53.2%, 56.4%, 55.4%, 52.4%, 51.0%, 33.6%]",,,,
13,parallel,35,35,0.091484971,1.905990672,1.805375546,0.000111111,49.17142857,"[39.4%, 53.2%, 46.2%, 41.6%, 50.4%, 48.0%, 49.4%, 53.8%, 53.2%, 56.4%, 55.4%, 52.4%, 51.0%, 38.0%]",,,,
13,parallel,36,36,0.086894271,1.85094698,1.797876567,0.000111111,49.25714286,"[39.4%, 53.2%, 46.2%, 41.6%, 50.4%, 48.0%, 49.4%, 53.8%, 53.2%, 56.4%, 55.4%, 52.4%, 51.0%, 39.2%]",,,,
13,parallel,37,37,0.082546888,1.885530676,1.837893017,0.000111111,48.91428571,"[39.4%, 53.2%, 46.2%, 41.6%, 50.4%, 48.0%, 49.4%, 53.8%, 53.2%, 56.4%, 55.4%, 52.4%, 51.0%, 34.4%]",,,,
13,parallel,38,38,0.078442824,1.836458772,1.821162209,0.000111111,49.08571429,"[39.4%, 53.2%, 46.2%, 41.6%, 50.4%, 48.0%, 49.4%, 53.8%, 53.2%, 56.4%, 55.4%, 52.4%, 51.0%, 36.8%]",,,,
13,parallel,39,39,0.074582077,1.98444889,1.887224734,0.000111111,48.87142857,"[39.4%, 53.2%, 46.2%, 41.6%, 50.4%, 48.0%, 49.4%, 53.8%, 53.2%, 56.4%, 55.4%, 52.4%, 51.0%, 33.8%]",,,,
13,parallel,40,40,0.070964648,1.952538137,1.830736652,0.000111111,49.07142857,"[39.4%, 53.2%, 46.2%, 41.6%, 50.4%, 48.0%, 49.4%, 53.8%, 53.2%, 56.4%, 55.4%, 52.4%, 51.0%, 36.6%]",,,,
13,parallel,41,41,0.067590538,2.022542861,1.922931463,0.000111111,48.85714286,"[39.4%, 53.2%, 46.2%, 41.6%, 50.4%, 48.0%, 49.4%, 53.8%, 53.2%, 56.4%, 55.4%, 52.4%, 51.0%, 33.6%]",,,,
13,parallel,42,42,0.064459745,1.96788493,1.891504958,0.000111111,49,"[39.4%, 53.2%, 46.2%, 41.6%, 50.4%, 48.0%, 49.4%, 53.8%, 53.2%, 56.4%, 55.4%, 52.4%, 51.0%, 35.6%]",,,,
13,parallel,43,43,0.06157227,2.086380602,1.985090256,0.000111111,48.82857143,"[39.4%, 53.2%, 46.2%, 41.6%, 50.4%, 48.0%, 49.4%, 53.8%, 53.2%, 56.4%, 55.4%, 52.4%, 51.0%, 33.2%]",,,,
13,parallel,44,44,0.058928113,1.975250481,1.944519371,0.000111111,48.74285714,"[39.4%, 53.2%, 46.2%, 41.6%, 50.4%, 48.0%, 49.4%, 53.8%, 53.2%, 56.4%, 55.4%, 52.4%, 51.0%, 32.0%]",,,,
13,parallel,45,45,0.056527273,1.946963882,1.878289267,0.000111111,48.88571429,"[39.4%, 53.2%, 46.2%, 41.6%, 50.4%, 48.0%, 49.4%, 53.8%, 53.2%, 56.4%, 55.4%, 52.4%, 51.0%, 34.0%]",,,,
13,parallel,46,46,0.054369752,1.993470909,1.967253521,0.000111111,48.67142857,"[39.4%, 53.2%, 46.2%, 41.6%, 50.4%, 48.0%, 49.4%, 53.8%, 53.2%, 56.4%, 55.4%, 52.4%, 51.0%, 31.0%]",,,,
13,parallel,47,47,0.052455549,1.944376689,1.992045969,0.000111111,48.8,"[39.4%, 53.2%, 46.2%, 41.6%, 50.4%, 48.0%, 49.4%, 53.8%, 53.2%, 56.4%, 55.4%, 52.4%, 51.0%, 32.8%]",,,,
13,parallel,48,48,0.050784663,1.932879913,1.952048272,0.000111111,48.74285714,"[39.4%, 53.2%, 46.2%, 41.6%, 50.4%, 48.0%, 49.4%, 53.8%, 53.2%, 56.4%, 55.4%, 52.4%, 51.0%, 32.0%]",,,,
13,parallel,49,49,0.049357095,1.92989114,1.90602015,0.000111111,48.94285714,"[39.4%, 53.2%, 46.2%, 41.6%, 50.4%, 48.0%, 49.4%, 53.8%, 53.2%, 56.4%, 55.4%, 52.4%, 51.0%, 34.8%]",,,,
13,parallel,50,50,0.048172846,1.874633474,1.858851209,0.000111111,49.11428571,"[39.4%, 53.2%, 46.2%, 41.6%, 50.4%, 48.0%, 49.4%, 53.8%, 53.2%, 56.4%, 55.4%, 52.4%, 51.0%, 37.2%]",,,,
13,parallel,51,51,0.047231914,1.864340379,1.862077266,0.000111111,48.95714286,"[39.4%, 53.2%, 46.2%, 41.6%, 50.4%, 48.0%, 49.4%, 53.8%, 53.2%, 56.4%, 55.4%, 52.4%, 51.0%, 35.0%]",,,,
13,parallel,52,52,0.0465343,2.302362816,2.264098346,0.000111111,47.54285714,"[39.4%, 53.2%, 46.2%, 41.6%, 50.4%, 48.0%, 49.4%, 53.8%, 53.2%, 56.4%, 55.4%, 52.4%, 51.0%, 15.2%]",,,,
13,parallel,53,53,0.046080004,2.247364651,2.190614283,0.000111111,48.04285714,"[39.4%, 53.2%, 46.2%, 41.6%, 50.4%, 48.0%, 49.4%, 53.8%, 53.2%, 56.4%, 55.4%, 52.4%, 51.0%, 22.2%]",,,,
13,parallel,54,54,0.045869026,2.179003767,2.126968592,0.000111111,48.28571429,"[39.4%, 53.2%, 46.2%, 41.6%, 50.4%, 48.0%, 49.4%, 53.8%, 53.2%, 56.4%, 55.4%, 52.4%, 51.0%, 25.6%]",,,,
13,parallel,55,55,0.045852632,2.123901307,2.08179839,0.000111111,48.35714286,"[39.4%, 53.2%, 46.2%, 41.6%, 50.4%, 48.0%, 49.4%, 53.8%, 53.2%, 56.4%, 55.4%, 52.4%, 51.0%, 26.6%]",,,,
13,weights,1,56,0.045852632,2.077069385,2.036998317,0.000111111,48.44285714,"[39.4%, 53.2%, 46.2%, 41.6%, 50.4%, 48.0%, 49.4%, 53.8%, 53.2%, 56.4%, 55.4%, 52.4%, 51.0%, 27.8%]",,,,
13,weights,2,57,0.045852632,2.06903408,2.041398853,0.000111111,48.41428571,"[39.4%, 53.2%, 46.2%, 41.6%, 50.4%, 48.0%, 49.4%, 53.8%, 53.2%, 56.4%, 55.4%, 52.4%, 51.0%, 27.4%]",,,,
13,weights,3,58,0.045852632,2.041888248,2.018309221,0.000111111,48.5,"[39.4%, 53.2%, 46.2%, 41.6%, 50.4%, 48.0%, 49.4%, 53.8%, 53.2%, 56.4%, 55.4%, 52.4%, 51.0%, 28.6%]",,,,
13,weights,4,59,0.045852632,2.032475485,2.011218369,0.000111111,48.41428571,"[39.4%, 53.2%, 46.2%, 41.6%, 50.4%, 48.0%, 49.4%, 53.8%, 53.2%, 56.4%, 55.4%, 52.4%, 51.0%, 27.4%]",,,,
13,weights,5,60,0.045852632,2.009354133,1.993194312,0.000111111,48.54285714,"[39.4%, 53.2%, 46.2%, 41.6%, 50.4%, 48.0%, 49.4%, 53.8%, 53.2%, 56.4%, 55.4%, 52.4%, 51.0%, 29.2%]",,,,
13,weights,6,61,0.045852632,2.019469602,2.001708001,0.000111111,48.55714286,"[39.4%, 53.2%, 46.2%, 41.6%, 50.4%, 48.0%, 49.4%, 53.8%, 53.2%, 56.4%, 55.4%, 52.4%, 51.0%, 29.4%]",,,,
13,weights,7,62,0.045852632,1.98326683,1.976778165,0.000111111,48.54285714,"[39.4%, 53.2%, 46.2%, 41.6%, 50.4%, 48.0%, 49.4%, 53.8%, 53.2%, 56.4%, 55.4%, 52.4%, 51.0%, 29.2%]",,,,
13,weights,8,63,0.045852632,1.981400728,1.959995151,0.000111111,48.7,"[39.4%, 53.2%, 46.2%, 41.6%, 50.4%, 48.0%, 49.4%, 53.8%, 53.2%, 56.4%, 55.4%, 52.4%, 51.0%, 31.4%]",,,,
13,weights,9,64,0.045852632,1.978608963,1.950545058,0.000111111,48.55714286,"[39.4%, 53.2%, 46.2%, 41.6%, 50.4%, 48.0%, 49.4%, 53.8%, 53.2%, 56.4%, 55.4%, 52.4%, 51.0%, 29.4%]",,,,
13,weights,10,65,0.045852632,1.950609794,1.932474956,0.000111111,48.61428571,"[39.4%, 53.2%, 46.2%, 41.6%, 50.4%, 48.0%, 49.4%, 53.8%, 53.2%, 56.4%, 55.4%, 52.4%, 51.0%, 30.2%]",,,,
13,weights,11,66,0.045852632,1.943703585,1.933805689,0.000111111,48.71428571,"[39.4%, 53.2%, 46.2%, 41.6%, 50.4%, 48.0%, 49.4%, 53.8%, 53.2%, 56.4%, 55.4%, 52.4%, 51.0%, 31.6%]",,,,
13,weights,12,67,0.045852632,1.93742364,1.931308046,0.000111111,48.72857143,"[39.4%, 53.2%, 46.2%, 41.6%, 50.4%, 48.0%, 49.4%, 53.8%, 53.2%, 56.4%, 55.4%, 52.4%, 51.0%, 31.8%]",,,,
13,weights,13,68,0.045852632,1.918832189,1.909389749,0.000111111,48.82857143,"[39.4%, 53.2%, 46.2%, 41.6%, 50.4%, 48.0%, 49.4%, 53.8%, 53.2%, 56.4%, 55.4%, 52.4%, 51.0%, 33.2%]",,,,
13,weights,14,69,0.045852632,1.904851565,1.902783096,0.000111111,48.8,"[39.4%, 53.2%, 46.2%, 41.6%, 50.4%, 48.0%, 49.4%, 53.8%, 53.2%, 56.4%, 55.4%, 52.4%, 51.0%, 32.8%]",,,,
13,weights,15,70,0.045852632,1.903752559,1.885639489,0.000111111,49.05714286,"[39.4%, 53.2%, 46.2%, 41.6%, 50.4%, 48.0%, 49.4%, 53.8%, 53.2%, 56.4%, 55.4%, 52.4%, 51.0%, 36.4%]",,,,
13,weights,16,71,0.045852632,1.887718905,1.887737289,0.000111111,48.82857143,"[39.4%, 53.2%, 46.2%, 41.6%, 50.4%, 48.0%, 49.4%, 53.8%, 53.2%, 56.4%, 55.4%, 52.4%, 51.0%, 33.2%]",,,,
13,weights,17,72,0.045852632,1.880566387,1.871576399,0.000111111,48.9,"[39.4%, 53.2%, 46.2%, 41.6%, 50.4%, 48.0%, 49.4%, 53.8%, 53.2%, 56.4%, 55.4%, 52.4%, 51.0%, 34.2%]",,,,
13,weights,18,73,0.045852632,1.879632447,1.876501098,0.000111111,48.81428571,"[39.4%, 53.2%, 46.2%, 41.6%, 50.4%, 48.0%, 49.4%, 53.8%, 53.2%, 56.4%, 55.4%, 52.4%, 51.0%, 33.0%]",,,,
13,weights,19,74,0.045852632,1.881820974,1.840834633,0.000111111,48.91428571,"[39.4%, 53.2%, 46.2%, 41.6%, 50.4%, 48.0%, 49.4%, 53.8%, 53.2%, 56.4%, 55.4%, 52.4%, 51.0%, 34.4%]",,,,
13,weights,20,75,0.045852632,1.874735029,1.85996379,0.000111111,48.88571429,"[39.4%, 53.2%, 46.2%, 41.6%, 50.4%, 48.0%, 49.4%, 53.8%, 53.2%, 56.4%, 55.4%, 52.4%, 51.0%, 34.0%]",,,,
13,weights,21,76,0.045852632,1.853294662,1.828320622,0.000111111,48.94285714,"[39.4%, 53.2%, 46.2%, 41.6%, 50.4%, 48.0%, 49.4%, 53.8%, 53.2%, 56.4%, 55.4%, 52.4%, 51.0%, 34.8%]",,,,
13,weights,22,77,0.045852632,1.842588482,1.826917872,0.000111111,49.01428571,"[39.4%, 53.2%, 46.2%, 41.6%, 50.4%, 48.0%, 49.4%, 53.8%, 53.2%, 56.4%, 55.4%, 52.4%, 51.0%, 35.8%]",,,,
13,weights,23,78,0.045852632,1.851811027,1.828489468,0.000111111,48.91428571,"[39.4%, 53.2%, 46.2%, 41.6%, 50.4%, 48.0%, 49.4%, 53.8%, 53.2%, 56.4%, 55.4%, 52.4%, 51.0%, 34.4%]",,,,
13,weights,24,79,0.045852632,1.829651612,1.847213283,0.000111111,48.9,"[39.4%, 53.2%, 46.2%, 41.6%, 50.4%, 48.0%, 49.4%, 53.8%, 53.2%, 56.4%, 55.4%, 52.4%, 51.0%, 34.2%]",,,,
13,weights,25,80,0.045852632,1.834770699,1.827460289,0.000111111,48.98571429,"[39.4%, 53.2%, 46.2%, 41.6%, 50.4%, 48.0%, 49.4%, 53.8%, 53.2%, 56.4%, 55.4%, 52.4%, 51.0%, 35.4%]",16.24285714,"[10.8%, 25.8%, 29.4%, 7.8%, 22.4%, 8.8%, 0.0%, 9.2%, 0.0%, 23.2%, 35.6%, 38.4%, 16.0%, 0.0%]",36.42857143,"[29.9%, 43.1%, 35.8%, 26.7%, 33.5%, 20.2%, 36.9%, 37.8%, 38%, 50.8%, 53.6%, 50%, 46.4%, 6.8%]"
14,parallel,1,1,0.3,21.20754731,12.10453939,0.000111111,45.48,"[39.0%, 53.0%, 45.8%, 41.2%, 50.2%, 47.4%, 49.4%, 54.0%, 53.4%, 55.6%, 55.4%, 51.8%, 50.8%, 35.2%, 0.0%]",,,,
14,parallel,2,2,0.3,7.623937827,3.46340099,0.000111111,45.52,"[39.0%, 53.2%, 46.4%, 41.2%, 50.4%, 47.6%, 49.4%, 54.0%, 53.4%, 55.8%, 55.4%, 51.4%, 50.4%, 35.2%, 0.0%]",,,,
14,parallel,3,3,0.3,2.599945669,2.38010788,0.000111111,46.21333333,"[39.0%, 53.2%, 46.8%, 41.2%, 50.6%, 47.6%, 49.4%, 54.0%, 53.6%, 55.8%, 55.4%, 51.6%, 49.8%, 35.2%, 10.0%]",,,,
14,parallel,4,4,0.3,2.363987497,2.341333449,0.000111111,46.2,"[39.0%, 53.2%, 46.8%, 41.2%, 50.6%, 47.6%, 49.4%, 54.0%, 53.4%, 55.8%, 55.4%, 51.6%, 49.8%, 35.2%, 10.0%]",,,,
14,parallel,5,5,0.293580396,2.409401746,2.395823866,0.000111111,46.21333333,"[39.0%, 53.2%, 47.2%, 41.2%, 50.6%, 47.6%, 49.4%, 54.0%, 53.4%, 55.8%, 55.4%, 51.6%, 49.8%, 35.0%, 10.0%]",,,,
14,parallel,6,6,0.283604103,2.424957188,2.37024799,0.000111111,46.2,"[39.0%, 53.2%, 47.2%, 41.2%, 50.6%, 47.4%, 49.4%, 54.0%, 53.4%, 55.8%, 55.4%, 51.6%, 49.8%, 35.0%, 10.0%]",,,,
14,parallel,7,7,0.273831961,2.390444291,2.364372313,0.000111111,46.21333333,"[39.0%, 53.2%, 47.2%, 41.2%, 50.8%, 47.4%, 49.4%, 54.0%, 53.4%, 55.8%, 55.4%, 51.6%, 49.8%, 35.0%, 10.0%]",,,,
14,parallel,8,8,0.264263971,2.351316352,2.338031471,0.000111111,46.21333333,"[39.0%, 53.2%, 47.2%, 41.2%, 50.8%, 47.4%, 49.4%, 54.0%, 53.4%, 55.8%, 55.4%, 51.6%, 49.8%, 35.0%, 10.0%]",,,,
14,parallel,9,9,0.254900132,2.331683035,2.320217252,0.000111111,46.21333333,"[39.0%, 53.2%, 47.2%, 41.2%, 50.8%, 47.4%, 49.4%, 54.0%, 53.4%, 55.8%, 55.4%, 51.6%, 49.8%, 35.0%, 10.0%]",,,,
14,parallel,10,10,0.245740445,2.322898853,2.312450767,0.000111111,46.34666667,"[39.0%, 53.2%, 47.2%, 41.2%, 50.8%, 47.4%, 49.4%, 54.0%, 53.4%, 55.8%, 55.4%, 51.6%, 49.8%, 35.0%, 12.0%]",,,,
14,parallel,11,11,0.23678491,2.237736024,2.177755788,0.000111111,46.62666667,"[39.0%, 53.2%, 47.2%, 41.2%, 50.8%, 47.4%, 49.4%, 54.0%, 53.4%, 55.8%, 55.4%, 51.6%, 49.8%, 35.0%, 16.2%]",,,,
14,parallel,12,12,0.228033526,2.155456697,2.064449057,0.000111111,46.94666667,"[39.0%, 53.2%, 47.2%, 41.2%, 50.8%, 47.4%, 49.4%, 54.0%, 53.4%, 55.8%, 55.4%, 51.6%, 49.8%, 35.0%, 21.0%]",,,,
14,parallel,13,13,0.219486294,2.06368022,1.940809399,0.000111111,47.58666667,"[39.0%, 53.2%, 47.2%, 41.2%, 50.8%, 47.4%, 49.4%, 54.0%, 53.4%, 55.8%, 55.4%, 51.6%, 49.8%, 35.0%, 30.6%]",,,,
14,parallel,14,14,0.211143213,1.953300736,1.909901746,0.000111111,47.49333333,"[39.0%, 53.2%, 47.2%, 41.2%, 50.8%, 47.4%, 49.4%, 54.0%, 53.4%, 55.8%, 55.4%, 51.6%, 49.8%, 35.0%, 29.2%]",,,,
14,parallel,15,15,0.203004284,1.864116752,1.839571215,0.000111111,47.64,"[39.0%, 53.2%, 47.2%, 41.2%, 50.8%, 47.4%, 49.4%, 54.0%, 53.4%, 55.8%, 55.4%, 51.6%, 49.8%, 35.0%, 31.4%]",,,,
14,parallel,16,16,0.195069507,1.815319256,1.810297541,0.000111111,47.92,"[39.0%, 53.2%, 47.2%, 41.2%, 50.8%, 47.4%, 49.4%, 54.0%, 53.4%, 55.8%, 55.4%, 51.6%, 49.8%, 35.0%, 35.6%]",,,,
14,parallel,17,17,0.187338881,1.742309161,1.70188839,0.000111111,48.16,"[39.0%, 53.2%, 47.2%, 41.2%, 50.8%, 47.4%, 49.4%, 54.0%, 53.4%, 55.8%, 55.4%, 51.6%, 49.8%, 35.0%, 39.2%]",,,,
14,parallel,18,18,0.179812406,1.703391205,1.80808831,0.000111111,48.14666667,"[39.0%, 53.2%, 47.2%, 41.2%, 50.8%, 47.4%, 49.4%, 54.0%, 53.4%, 55.8%, 55.4%, 51.6%, 49.8%, 35.0%, 39.0%]",,,,
14,parallel,19,19,0.172490084,1.669965771,1.667597897,0.000111111,48.21333333,"[39.0%, 53.2%, 47.2%, 41.2%, 50.8%, 47.4%, 49.4%, 54.0%, 53.4%, 55.8%, 55.4%, 51.6%, 49.8%, 35.0%, 40.0%]",,,,
14,parallel,20,20,0.165371913,1.653191233,1.709393427,0.000111111,48.38666667,"[39.0%, 53.2%, 47.2%, 41.2%, 50.8%, 47.4%, 49.4%, 54.0%, 53.4%, 55.8%, 55.4%, 51.6%, 49.8%, 35.0%, 42.6%]",,,,
14,parallel,21,21,0.158457893,1.61019103,1.624979086,0.000111111,48.32,"[39.0%, 53.2%, 47.2%, 41.2%, 50.8%, 47.4%, 49.4%, 54.0%, 53.4%, 55.8%, 55.4%, 51.6%, 49.8%, 35.0%, 41.6%]",,,,
14,parallel,22,22,0.151748025,1.63542829,1.592100509,0.000111111,48.62666667,"[39.0%, 53.2%, 47.2%, 41.2%, 50.8%, 47.4%, 49.4%, 54.0%, 53.4%, 55.8%, 55.4%, 51.6%, 49.8%, 35.0%, 46.2%]",,,,
14,parallel,23,23,0.145242308,1.614192198,1.732477803,0.000111111,48.25333333,"[39.0%, 53.2%, 47.2%, 41.2%, 50.8%, 47.4%, 49.4%, 54.0%, 53.4%, 55.8%, 55.4%, 51.6%, 49.8%, 35.0%, 40.6%]",,,,
14,parallel,24,24,0.138940744,1.591563635,1.640312653,0.000111111,48.45333333,"[39.0%, 53.2%, 47.2%, 41.2%, 50.8%, 47.4%, 49.4%, 54.0%, 53.4%, 55.8%, 55.4%, 51.6%, 49.8%, 35.0%, 43.6%]",,,,
14,parallel,25,25,0.13284333,1.564992793,1.691342253,0.000111111,48.42666667,"[39.0%, 53.2%, 47.2%, 41.2%, 50.8%, 47.4%, 49.4%, 54.0%, 53.4%, 55.8%, 55.4%, 51.6%, 49.8%, 35.0%, 43.2%]",,,,
14,parallel,26,26,0.126950069,1.609772229,1.680995107,0.000111111,48.54666667,"[39.0%, 53.2%, 47.2%, 41.2%, 50.8%, 47.4%, 49.4%, 54.0%, 53.4%, 55.8%, 55.4%, 51.6%, 49.8%, 35.0%, 45.0%]",,,,
14,parallel,27,27,0.121260958,1.62083785,1.50287687,0.000111111,48.8,"[39.0%, 53.2%, 47.2%, 41.2%, 50.8%, 47.4%, 49.4%, 54.0%, 53.4%, 55.8%, 55.4%, 51.6%, 49.8%, 35.0%, 48.8%]",,,,
14,parallel,28,28,0.115776,1.553404088,1.643880721,0.000111111,48.49333333,"[39.0%, 53.2%, 47.2%, 41.2%, 50.8%, 47.4%, 49.4%, 54.0%, 53.4%, 55.8%, 55.4%, 51.6%, 49.8%, 35.0%, 44.2%]",,,,
14,parallel,29,29,0.110495193,1.544579784,1.618038632,0.000111111,48.61333333,"[39.0%, 53.2%, 47.2%, 41.2%, 50.8%, 47.4%, 49.4%, 54.0%, 53.4%, 55.8%, 55.4%, 51.6%, 49.8%, 35.0%, 46.0%]",,,,
14,parallel,30,30,0.105418537,1.608910218,1.627759591,0.000111111,48.53333333,"[39.0%, 53.2%, 47.2%, 41.2%, 50.8%, 47.4%, 49.4%, 54.0%, 53.4%, 55.8%, 55.4%, 51.6%, 49.8%, 35.0%, 44.8%]",,,,
14,parallel,31,31,0.100546034,1.578078525,1.539125886,0.000111111,48.64,"[39.0%, 53.2%, 47.2%, 41.2%, 50.8%, 47.4%, 49.4%, 54.0%, 53.4%, 55.8%, 55.4%, 51.6%, 49.8%, 35.0%, 46.4%]",,,,
14,parallel,32,32,0.095877681,1.534212022,1.693744428,0.000111111,48.34666667,"[39.0%, 53.2%, 47.2%, 41.2%, 50.8%, 47.4%, 49.4%, 54.0%, 53.4%, 55.8%, 55.4%, 51.6%, 49.8%, 35.0%, 42.0%]",,,,
14,parallel,33,33,0.091413481,1.668613131,1.724298604,0.000111111,48.45333333,"[39.0%, 53.2%, 47.2%, 41.2%, 50.8%, 47.4%, 49.4%, 54.0%, 53.4%, 55.8%, 55.4%, 51.6%, 49.8%, 35.0%, 43.6%]",,,,
14,parallel,34,34,0.087153432,1.59830622,1.716601662,0.000111111,48.46666667,"[39.0%, 53.2%, 47.2%, 41.2%, 50.8%, 47.4%, 49.4%, 54.0%, 53.4%, 55.8%, 55.4%, 51.6%, 49.8%, 35.0%, 43.8%]",,,,
14,parallel,35,35,0.083097534,1.665456619,1.600722469,0.000111111,48.53333333,"[39.0%, 53.2%, 47.2%, 41.2%, 50.8%, 47.4%, 49.4%, 54.0%, 53.4%, 55.8%, 55.4%, 51.6%, 49.8%, 35.0%, 44.8%]",,,,
14,parallel,36,36,0.079245788,1.578785184,1.521486506,0.000111111,48.76,"[39.0%, 53.2%, 47.2%, 41.2%, 50.8%, 47.4%, 49.4%, 54.0%, 53.4%, 55.8%, 55.4%, 51.6%, 49.8%, 35.0%, 48.2%]",,,,
14,parallel,37,37,0.075598194,1.793367182,1.570320427,0.000111111,48.64,"[39.0%, 53.2%, 47.2%, 41.2%, 50.8%, 47.4%, 49.4%, 54.0%, 53.4%, 55.8%, 55.4%, 51.6%, 49.8%, 35.0%, 46.4%]",,,,
14,parallel,38,38,0.072154751,1.648014647,1.58124575,0.000111111,48.52,"[39.0%, 53.2%, 47.2%, 41.2%, 50.8%, 47.4%, 49.4%, 54.0%, 53.4%, 55.8%, 55.4%, 51.6%, 49.8%, 35.0%, 44.6%]",,,,
14,parallel,39,39,0.06891546,1.668486488,1.64727746,0.000111111,48.45333333,"[39.0%, 53.2%, 47.2%, 41.2%, 50.8%, 47.4%, 49.4%, 54.0%, 53.4%, 55.8%, 55.4%, 51.6%, 49.8%, 35.0%, 43.6%]",,,,
14,parallel,40,40,0.06588032,1.672563523,1.619338371,0.000111111,48.54666667,"[39.0%, 53.2%, 47.2%, 41.2%, 50.8%, 47.4%, 49.4%, 54.0%, 53.4%, 55.8%, 55.4%, 51.6%, 49.8%, 35.0%, 45.0%]",,,,
14,parallel,41,41,0.063049332,1.606687188,1.570590004,0.000111111,48.61333333,"[39.0%, 53.2%, 47.2%, 41.2%, 50.8%, 47.4%, 49.4%, 54.0%, 53.4%, 55.8%, 55.4%, 51.6%, 49.8%, 35.0%, 46.0%]",,,,
14,parallel,42,42,0.060422496,1.758453098,1.622478195,0.000111111,48.44,"[39.0%, 53.2%, 47.2%, 41.2%, 50.8%, 47.4%, 49.4%, 54.0%, 53.4%, 55.8%, 55.4%, 51.6%, 49.8%, 35.0%, 43.4%]",,,,
14,parallel,43,43,0.057999811,1.742890571,1.77256453,0.000111111,48.30666667,"[39.0%, 53.2%, 47.2%, 41.2%, 50.8%, 47.4%, 49.4%, 54.0%, 53.4%, 55.8%, 55.4%, 51.6%, 49.8%, 35.0%, 41.4%]",,,,
14,parallel,44,44,0.055781278,1.667391932,1.632064879,0.000111111,48.62666667,"[39.0%, 53.2%, 47.2%, 41.2%, 50.8%, 47.4%, 49.4%, 54.0%, 53.4%, 55.8%, 55.4%, 51.6%, 49.8%, 35.0%, 46.2%]",,,,
14,parallel,45,45,0.053766896,1.865559478,1.753912218,0.000111111,48.36,"[39.0%, 53.2%, 47.2%, 41.2%, 50.8%, 47.4%, 49.4%, 54.0%, 53.4%, 55.8%, 55.4%, 51.6%, 49.8%, 35.0%, 42.2%]",,,,
14,parallel,46,46,0.051956666,1.999990791,1.811910331,0.000111111,48.65333333,"[39.0%, 53.2%, 47.2%, 41.2%, 50.8%, 47.4%, 49.4%, 54.0%, 53.4%, 55.8%, 55.4%, 51.6%, 49.8%, 35.0%, 46.6%]",,,,
14,parallel,47,47,0.050350587,1.841488488,1.736662656,0.000111111,48.4,"[39.0%, 53.2%, 47.2%, 41.2%, 50.8%, 47.4%, 49.4%, 54.0%, 53.4%, 55.8%, 55.4%, 51.6%, 49.8%, 35.0%, 42.8%]",,,,
14,parallel,48,48,0.04894866,1.71469388,1.619617306,0.000111111,48.58666667,"[39.0%, 53.2%, 47.2%, 41.2%, 50.8%, 47.4%, 49.4%, 54.0%, 53.4%, 55.8%, 55.4%, 51.6%, 49.8%, 35.0%, 45.6%]",,,,
14,parallel,49,49,0.047750885,1.725481128,1.636916429,0.000111111,48.53333333,"[39.0%, 53.2%, 47.2%, 41.2%, 50.8%, 47.4%, 49.4%, 54.0%, 53.4%, 55.8%, 55.4%, 51.6%, 49.8%, 35.0%, 44.8%]",,,,
14,parallel,50,50,0.046757261,1.925743877,1.989857301,0.000111111,47.77333333,"[39.0%, 53.2%, 47.2%, 41.2%, 50.8%, 47.4%, 49.4%, 54.0%, 53.4%, 55.8%, 55.4%, 51.6%, 49.8%, 35.0%, 33.4%]",,,,
14,parallel,51,51,0.045967789,1.946406862,1.86993435,0.000111111,47.77333333,"[39.0%, 53.2%, 47.2%, 41.2%, 50.8%, 47.4%, 49.4%, 54.0%, 53.4%, 55.8%, 55.4%, 51.6%, 49.8%, 35.0%, 33.4%]",,,,
14,parallel,52,52,0.045382468,1.874277814,1.750570044,0.000111111,48.14666667,"[39.0%, 53.2%, 47.2%, 41.2%, 50.8%, 47.4%, 49.4%, 54.0%, 53.4%, 55.8%, 55.4%, 51.6%, 49.8%, 35.0%, 39.0%]",,,,
14,parallel,53,53,0.045001299,1.788747671,1.689416721,0.000111111,48.41333333,"[39.0%, 53.2%, 47.2%, 41.2%, 50.8%, 47.4%, 49.4%, 54.0%, 53.4%, 55.8%, 55.4%, 51.6%, 49.8%, 35.0%, 43.0%]",,,,
14,parallel,54,54,0.044824281,1.781767522,1.698359616,0.000111111,48.38666667,"[39.0%, 53.2%, 47.2%, 41.2%, 50.8%, 47.4%, 49.4%, 54.0%, 53.4%, 55.8%, 55.4%, 51.6%, 49.8%, 35.0%, 42.6%]",,,,
14,parallel,55,55,0.044810526,1.730304469,1.674584053,0.000111111,48.38666667,"[39.0%, 53.2%, 47.2%, 41.2%, 50.8%, 47.4%, 49.4%, 54.0%, 53.4%, 55.8%, 55.4%, 51.6%, 49.8%, 35.0%, 42.6%]",,,,
14,weights,1,56,0.044810526,1.715443181,1.615631372,0.000111111,48.50666667,"[39.0%, 53.2%, 47.2%, 41.2%, 50.8%, 47.4%, 49.4%, 54.0%, 53.4%, 55.8%, 55.4%, 51.6%, 49.8%, 35.0%, 44.4%]",,,,
14,weights,2,57,0.044810526,1.705103503,1.63294223,0.000111111,48.44,"[39.0%, 53.2%, 47.2%, 41.2%, 50.8%, 47.4%, 49.4%, 54.0%, 53.4%, 55.8%, 55.4%, 51.6%, 49.8%, 35.0%, 43.4%]",,,,
14,weights,3,58,0.044810526,1.675319933,1.580025338,0.000111111,48.57333333,"[39.0%, 53.2%, 47.2%, 41.2%, 50.8%, 47.4%, 49.4%, 54.0%, 53.4%, 55.8%, 55.4%, 51.6%, 49.8%, 35.0%, 45.4%]",,,,
14,weights,4,59,0.044810526,1.64353361,1.579052858,0.000111111,48.62666667,"[39.0%, 53.2%, 47.2%, 41.2%, 50.8%, 47.4%, 49.4%, 54.0%, 53.4%, 55.8%, 55.4%, 51.6%, 49.8%, 35.0%, 46.2%]",,,,
14,weights,5,60,0.044810526,1.645084173,1.612943448,0.000111111,48.45333333,"[39.0%, 53.2%, 47.2%, 41.2%, 50.8%, 47.4%, 49.4%, 54.0%, 53.4%, 55.8%, 55.4%, 51.6%, 49.8%, 35.0%, 43.6%]",,,,
14,weights,6,61,0.044810526,1.636177495,1.533324912,0.000111111,48.74666667,"[39.0%, 53.2%, 47.2%, 41.2%, 50.8%, 47.4%, 49.4%, 54.0%, 53.4%, 55.8%, 55.4%, 51.6%, 49.8%, 35.0%, 48.0%]",,,,
14,weights,7,62,0.044810526,1.612872816,1.576914407,0.000111111,48.58666667,"[39.0%, 53.2%, 47.2%, 41.2%, 50.8%, 47.4%, 49.4%, 54.0%, 53.4%, 55.8%, 55.4%, 51.6%, 49.8%, 35.0%, 45.6%]",,,,
14,weights,8,63,0.044810526,1.598935977,1.529850781,0.000111111,48.65333333,"[39.0%, 53.2%, 47.2%, 41.2%, 50.8%, 47.4%, 49.4%, 54.0%, 53.4%, 55.8%, 55.4%, 51.6%, 49.8%, 35.0%, 46.6%]",,,,
14,weights,9,64,0.044810526,1.593655831,1.57444223,0.000111111,48.53333333,"[39.0%, 53.2%, 47.2%, 41.2%, 50.8%, 47.4%, 49.4%, 54.0%, 53.4%, 55.8%, 55.4%, 51.6%, 49.8%, 35.0%, 44.8%]",,,,
14,weights,10,65,0.044810526,1.56946236,1.509150736,0.000111111,48.76,"[39.0%, 53.2%, 47.2%, 41.2%, 50.8%, 47.4%, 49.4%, 54.0%, 53.4%, 55.8%, 55.4%, 51.6%, 49.8%, 35.0%, 48.2%]",,,,
14,weights,11,66,0.044810526,1.584400954,1.488879584,0.000111111,48.72,"[39.0%, 53.2%, 47.2%, 41.2%, 50.8%, 47.4%, 49.4%, 54.0%, 53.4%, 55.8%, 55.4%, 51.6%, 49.8%, 35.0%, 47.6%]",,,,
14,weights,12,67,0.044810526,1.557228435,1.523337796,0.000111111,48.62666667,"[39.0%, 53.2%, 47.2%, 41.2%, 50.8%, 47.4%, 49.4%, 54.0%, 53.4%, 55.8%, 55.4%, 51.6%, 49.8%, 35.0%, 46.2%]",,,,
14,weights,13,68,0.044810526,1.549952771,1.469381951,0.000111111,48.72,"[39.0%, 53.2%, 47.2%, 41.2%, 50.8%, 47.4%, 49.4%, 54.0%, 53.4%, 55.8%, 55.4%, 51.6%, 49.8%, 35.0%, 47.6%]",,,,
14,weights,14,69,0.044810526,1.509789044,1.518362321,0.000111111,48.48,"[39.0%, 53.2%, 47.2%, 41.2%, 50.8%, 47.4%, 49.4%, 54.0%, 53.4%, 55.8%, 55.4%, 51.6%, 49.8%, 35.0%, 44.0%]",,,,
14,weights,15,70,0.044810526,1.547947754,1.515783407,0.000111111,48.57333333,"[39.0%, 53.2%, 47.2%, 41.2%, 50.8%, 47.4%, 49.4%, 54.0%, 53.4%, 55.8%, 55.4%, 51.6%, 49.8%, 35.0%, 45.4%]",,,,
14,weights,16,71,0.044810526,1.519479973,1.511767097,0.000111111,48.62666667,"[39.0%, 53.2%, 47.2%, 41.2%, 50.8%, 47.4%, 49.4%, 54.0%, 53.4%, 55.8%, 55.4%, 51.6%, 49.8%, 35.0%, 46.2%]",,,,
14,weights,17,72,0.044810526,1.522687709,1.564185806,0.000111111,48.70666667,"[39.0%, 53.2%, 47.2%, 41.2%, 50.8%, 47.4%, 49.4%, 54.0%, 53.4%, 55.8%, 55.4%, 51.6%, 49.8%, 35.0%, 47.4%]",,,,
14,weights,18,73,0.044810526,1.518107683,1.500250146,0.000111111,48.68,"[39.0%, 53.2%, 47.2%, 41.2%, 50.8%, 47.4%, 49.4%, 54.0%, 53.4%, 55.8%, 55.4%, 51.6%, 49.8%, 35.0%, 47.0%]",,,,
14,weights,19,74,0.044810526,1.496003942,1.466581434,0.000111111,48.8,"[39.0%, 53.2%, 47.2%, 41.2%, 50.8%, 47.4%, 49.4%, 54.0%, 53.4%, 55.8%, 55.4%, 51.6%, 49.8%, 35.0%, 48.8%]",,,,
14,weights,20,75,0.044810526,1.491035314,1.473389916,0.000111111,48.77333333,"[39.0%, 53.2%, 47.2%, 41.2%, 50.8%, 47.4%, 49.4%, 54.0%, 53.4%, 55.8%, 55.4%, 51.6%, 49.8%, 35.0%, 48.4%]",,,,
14,weights,21,76,0.044810526,1.486616922,1.49466975,0.000111111,48.76,"[39.0%, 53.2%, 47.2%, 41.2%, 50.8%, 47.4%, 49.4%, 54.0%, 53.4%, 55.8%, 55.4%, 51.6%, 49.8%, 35.0%, 48.2%]",,,,
14,weights,22,77,0.044810526,1.484567352,1.49402792,0.000111111,48.62666667,"[39.0%, 53.2%, 47.2%, 41.2%, 50.8%, 47.4%, 49.4%, 54.0%, 53.4%, 55.8%, 55.4%, 51.6%, 49.8%, 35.0%, 46.2%]",,,,
14,weights,23,78,0.044810526,1.496787213,1.440540552,0.000111111,48.93333333,"[39.0%, 53.2%, 47.2%, 41.2%, 50.8%, 47.4%, 49.4%, 54.0%, 53.4%, 55.8%, 55.4%, 51.6%, 49.8%, 35.0%, 50.8%]",,,,
14,weights,24,79,0.044810526,1.495288944,1.578457415,0.000111111,48.61333333,"[39.0%, 53.2%, 47.2%, 41.2%, 50.8%, 47.4%, 49.4%, 54.0%, 53.4%, 55.8%, 55.4%, 51.6%, 49.8%, 35.0%, 46.0%]",,,,
14,weights,25,80,0.044810526,1.491739673,1.591170609,0.000111111,48.58666667,"[39.0%, 53.2%, 47.2%, 41.2%, 50.8%, 47.4%, 49.4%, 54.0%, 53.4%, 55.8%, 55.4%, 51.6%, 49.8%, 35.0%, 45.6%]",14.96,"[10.8%, 32.4%, 29.4%, 7.4%, 22.4%, 8.6%, 0.0%, 9.2%, 0.0%, 14.8%, 35.6%, 38.2%, 15.6%, 0.0%, 0.0%]",33.74,"[33.1%, 43.4%, 36.8%, 25%, 33.4%, 9.4%, 31.1%, 37.7%, 29.1%, 42.8%, 45%, 49.4%, 45.2%, 6.4%, 39%]"
15,parallel,1,1,0.25,22.3791504,14.96220982,0.000111111,45.575,"[39.0%, 52.6%, 46.6%, 41.2%, 50.4%, 48.0%, 49.4%, 54.4%, 53.6%, 56.0%, 55.4%, 52.0%, 49.8%, 35.0%, 45.8%, 0.0%]",,,,
15,parallel,2,2,0.25,10.17034653,5.349991322,0.000111111,45.5125,"[38.6%, 52.4%, 46.4%, 41.2%, 50.8%, 47.6%, 49.4%, 54.4%, 53.4%, 56.2%, 55.4%, 51.8%, 49.8%, 35.0%, 45.8%, 0.0%]",,,,
15,parallel,3,3,0.25,3.003226953,2.380273551,0.000111111,46.0125,"[38.4%, 51.8%, 45.6%, 41.2%, 50.4%, 47.4%, 49.4%, 54.4%, 53.6%, 56.2%, 55.4%, 51.8%, 49.8%, 35.0%, 45.8%, 10.0%]",,,,
15,parallel,4,4,0.25,2.36015382,2.337990761,0.000111111,46,"[38.4%, 51.8%, 45.2%, 41.2%, 50.4%, 47.4%, 49.4%, 54.4%, 53.8%, 56.2%, 55.4%, 51.8%, 49.8%, 35.0%, 45.8%, 10.0%]",,,,
15,parallel,5,5,0.244811992,2.369996967,2.359601527,0.000111111,46,"[38.4%, 51.8%, 45.4%, 41.2%, 50.2%, 47.4%, 49.4%, 54.4%, 53.8%, 56.2%, 55.4%, 51.8%, 49.8%, 35.0%, 45.8%, 10.0%]",,,,
15,parallel,6,6,0.236749643,2.393158668,2.351608634,0.000111111,45.975,"[38.2%, 51.8%, 45.4%, 41.2%, 50.2%, 47.4%, 49.4%, 54.4%, 53.8%, 56.2%, 55.4%, 51.6%, 49.8%, 35.0%, 45.8%, 10.0%]",,,,
15,parallel,7,7,0.228852278,2.352370896,2.333737195,0.000111111,45.975,"[38.2%, 51.8%, 45.4%, 41.2%, 50.2%, 47.4%, 49.4%, 54.4%, 53.8%, 56.2%, 55.4%, 51.6%, 49.8%, 35.0%, 45.8%, 10.0%]",,,,
15,parallel,8,8,0.221119899,2.347270081,2.331449628,0.000111111,45.975,"[38.2%, 51.8%, 45.4%, 41.2%, 50.2%, 47.4%, 49.4%, 54.4%, 53.8%, 56.2%, 55.4%, 51.6%, 49.8%, 35.0%, 45.8%, 10.0%]",,,,
15,parallel,9,9,0.213552506,2.357015169,2.344189912,0.000111111,45.975,"[38.2%, 51.8%, 45.4%, 41.2%, 50.2%, 47.4%, 49.4%, 54.4%, 53.8%, 56.2%, 55.4%, 51.6%, 49.8%, 35.0%, 45.8%, 10.0%]",,,,
15,parallel,10,10,0.206150097,2.33549074,2.328175008,0.000111111,45.975,"[38.2%, 51.8%, 45.4%, 41.2%, 50.2%, 47.4%, 49.4%, 54.4%, 53.8%, 56.2%, 55.4%, 51.6%, 49.8%, 35.0%, 45.8%, 10.0%]",,,,
15,parallel,11,11,0.198912674,2.327244517,2.346546695,0.000111111,45.9875,"[38.2%, 51.8%, 45.4%, 41.2%, 50.2%, 47.4%, 49.4%, 54.4%, 53.8%, 56.2%, 55.4%, 51.6%, 49.8%, 35.0%, 45.8%, 10.2%]",,,,
15,parallel,12,12,0.191840236,2.203997365,2.330657005,0.000111111,46.3625,"[38.2%, 51.8%, 45.4%, 41.2%, 50.2%, 47.4%, 49.4%, 54.4%, 53.8%, 56.2%, 55.4%, 51.6%, 49.8%, 35.0%, 45.8%, 16.2%]",,,,
15,parallel,13,13,0.184932784,2.115360811,2.112115249,0.000111111,46.425,"[38.2%, 51.8%, 45.4%, 41.2%, 50.2%, 47.4%, 49.4%, 54.4%, 53.8%, 56.2%, 55.4%, 51.6%, 49.8%, 35.0%, 45.8%, 17.2%]",,,,
15,parallel,14,14,0.178190316,2.092593374,2.047773883,0.000111111,46.3375,"[38.2%, 51.8%, 45.4%, 41.2%, 50.2%, 47.4%, 49.4%, 54.4%, 53.8%, 56.2%, 55.4%, 51.6%, 49.8%, 35.0%, 45.8%, 15.8%]",,,,
15,parallel,15,15,0.171612834,2.079304211,1.983585164,0.000111111,46.8625,"[38.2%, 51.8%, 45.4%, 41.2%, 50.2%, 47.4%, 49.4%, 54.4%, 53.8%, 56.2%, 55.4%, 51.6%, 49.8%, 35.0%, 45.8%, 24.2%]",,,,
15,parallel,16,16,0.165200337,2.017686708,1.995530829,0.000111111,46.6375,"[38.2%, 51.8%, 45.4%, 41.2%, 50.2%, 47.4%, 49.4%, 54.4%, 53.8%, 56.2%, 55.4%, 51.6%, 49.8%, 35.0%, 45.8%, 20.6%]",,,,
15,parallel,17,17,0.158952826,1.960213092,2.197677821,0.000111111,46.375,"[38.2%, 51.8%, 45.4%, 41.2%, 50.2%, 47.4%, 49.4%, 54.4%, 53.8%, 56.2%, 55.4%, 51.6%, 49.8%, 35.0%, 45.8%, 16.4%]",,,,
15,parallel,18,18,0.152870299,1.968266498,1.904297799,0.000111111,47.1625,"[38.2%, 51.8%, 45.4%, 41.2%, 50.2%, 47.4%, 49.4%, 54.4%, 53.8%, 56.2%, 55.4%, 51.6%, 49.8%, 35.0%, 45.8%, 29.0%]",,,,
15,parallel,19,19,0.146952758,1.908734918,1.804954305,0.000111111,47.425,"[38.2%, 51.8%, 45.4%, 41.2%, 50.2%, 47.4%, 49.4%, 54.4%, 53.8%, 56.2%, 55.4%, 51.6%, 49.8%, 35.0%, 45.8%, 33.2%]",,,,
15,parallel,20,20,0.141200203,1.894969847,1.778647214,0.000111111,47.55,"[38.2%, 51.8%, 45.4%, 41.2%, 50.2%, 47.4%, 49.4%, 54.4%, 53.8%, 56.2%, 55.4%, 51.6%, 49.8%, 35.0%, 45.8%, 35.2%]",,,,
15,parallel,21,21,0.135612632,1.912030923,1.858800881,0.000111111,47.125,"[38.2%, 51.8%, 45.4%, 41.2%, 50.2%, 47.4%, 49.4%, 54.4%, 53.8%, 56.2%, 55.4%, 51.6%, 49.8%, 35.0%, 45.8%, 28.4%]",,,,
15,parallel,22,22,0.130190047,1.836024372,1.751002297,0.000111111,47.475,"[38.2%, 51.8%, 45.4%, 41.2%, 50.2%, 47.4%, 49.4%, 54.4%, 53.8%, 56.2%, 55.4%, 51.6%, 49.8%, 35.0%, 45.8%, 34.0%]",,,,
15,parallel,23,23,0.124932447,1.844601936,1.820541382,0.000111111,47.0875,"[38.2%, 51.8%, 45.4%, 41.2%, 50.2%, 47.4%, 49.4%, 54.4%, 53.8%, 56.2%, 55.4%, 51.6%, 49.8%, 35.0%, 45.8%, 27.8%]",,,,
15,parallel,24,24,0.119839832,1.82214472,1.77219525,0.000111111,47.4875,"[38.2%, 51.8%, 45.4%, 41.2%, 50.2%, 47.4%, 49.4%, 54.4%, 53.8%, 56.2%, 55.4%, 51.6%, 49.8%, 35.0%, 45.8%, 34.2%]",,,,
15,parallel,25,25,0.114912203,1.910498272,1.825636901,0.000111111,47.275,"[38.2%, 51.8%, 45.4%, 41.2%, 50.2%, 47.4%, 49.4%, 54.4%, 53.8%, 56.2%, 55.4%, 51.6%, 49.8%, 35.0%, 45.8%, 30.8%]",,,,
15,parallel,26,26,0.110149558,1.780320795,1.879197299,0.000111111,47.175,"[38.2%, 51.8%, 45.4%, 41.2%, 50.2%, 47.4%, 49.4%, 54.4%, 53.8%, 56.2%, 55.4%, 51.6%, 49.8%, 35.0%, 45.8%, 29.2%]",,,,
15,parallel,27,27,0.105551899,1.870493795,1.767111033,0.000111111,47.3375,"[38.2%, 51.8%, 45.4%, 41.2%, 50.2%, 47.4%, 49.4%, 54.4%, 53.8%, 56.2%, 55.4%, 51.6%, 49.8%, 35.0%, 45.8%, 31.8%]",,,,
15,parallel,28,28,0.101119226,1.841049304,1.827704415,0.000111111,47.4875,"[38.2%, 51.8%, 45.4%, 41.2%, 50.2%, 47.4%, 49.4%, 54.4%, 53.8%, 56.2%, 55.4%, 51.6%, 49.8%, 35.0%, 45.8%, 34.2%]",,,,
15,parallel,29,29,0.096851537,1.793506287,1.754282638,0.000111111,47.475,"[38.2%, 51.8%, 45.4%, 41.2%, 50.2%, 47.4%, 49.4%, 54.4%, 53.8%, 56.2%, 55.4%, 51.6%, 49.8%, 35.0%, 45.8%, 34.0%]",,,,
15,parallel,30,30,0.092748834,1.919986612,1.844892651,0.000111111,47.35,"[38.2%, 51.8%, 45.4%, 41.2%, 50.2%, 47.4%, 49.4%, 54.4%, 53.8%, 56.2%, 55.4%, 51.6%, 49.8%, 35.0%, 45.8%, 32.0%]",,,,
15,parallel,31,31,0.088811116,1.86317151,1.800677352,0.000111111,47.2875,"[38.2%, 51.8%, 45.4%, 41.2%, 50.2%, 47.4%, 49.4%, 54.4%, 53.8%, 56.2%, 55.4%, 51.6%, 49.8%, 35.0%, 45.8%, 31.0%]",,,,
15,parallel,32,32,0.085038384,1.860218264,1.842687473,0.000111111,47.425,"[38.2%, 51.8%, 45.4%, 41.2%, 50.2%, 47.4%, 49.4%, 54.4%, 53.8%, 56.2%, 55.4%, 51.6%, 49.8%, 35.0%, 45.8%, 33.2%]",,,,
15,parallel,33,33,0.081430636,1.847127189,1.766280979,0.000111111,47.3125,"[38.2%, 51.8%, 45.4%, 41.2%, 50.2%, 47.4%, 49.4%, 54.4%, 53.8%, 56.2%, 55.4%, 51.6%, 49.8%, 35.0%, 45.8%, 31.4%]",,,,
15,parallel,34,34,0.077987874,1.838553681,1.887706935,0.000111111,47.1375,"[38.2%, 51.8%, 45.4%, 41.2%, 50.2%, 47.4%, 49.4%, 54.4%, 53.8%, 56.2%, 55.4%, 51.6%, 49.8%, 35.0%, 45.8%, 28.6%]",,,,
15,parallel,35,35,0.074710097,1.846147264,1.813720122,0.000111111,47.3,"[38.2%, 51.8%, 45.4%, 41.2%, 50.2%, 47.4%, 49.4%, 54.4%, 53.8%, 56.2%, 55.4%, 51.6%, 49.8%, 35.0%, 45.8%, 31.2%]",,,,
15,parallel,36,36,0.071597306,1.824855217,1.890252024,0.000111111,47.125,"[38.2%, 51.8%, 45.4%, 41.2%, 50.2%, 47.4%, 49.4%, 54.4%, 53.8%, 56.2%, 55.4%, 51.6%, 49.8%, 35.0%, 45.8%, 28.4%]",,,,
15,parallel,37,37,0.068649499,1.871135233,1.822568975,0.000111111,47.375,"[38.2%, 51.8%, 45.4%, 41.2%, 50.2%, 47.4%, 49.4%, 54.4%, 53.8%, 56.2%, 55.4%, 51.6%, 49.8%, 35.0%, 45.8%, 32.4%]",,,,
15,parallel,38,38,0.065866678,1.848025384,1.838834941,0.000111111,47.35,"[38.2%, 51.8%, 45.4%, 41.2%, 50.2%, 47.4%, 49.4%, 54.4%, 53.8%, 56.2%, 55.4%, 51.6%, 49.8%, 35.0%, 45.8%, 32.0%]",,,,
15,parallel,39,39,0.063248843,1.814695076,1.829752013,0.000111111,47.2875,"[38.2%, 51.8%, 45.4%, 41.2%, 50.2%, 47.4%, 49.4%, 54.4%, 53.8%, 56.2%, 55.4%, 51.6%, 49.8%, 35.0%, 45.8%, 31.0%]",,,,
15,parallel,40,40,0.060795992,2.081820319,1.898165107,0.000111111,47.1375,"[38.2%, 51.8%, 45.4%, 41.2%, 50.2%, 47.4%, 49.4%, 54.4%, 53.8%, 56.2%, 55.4%, 51.6%, 49.8%, 35.0%, 45.8%, 28.6%]",,,,
15,parallel,41,41,0.058508127,1.94112308,1.895634681,0.000111111,47.2125,"[38.2%, 51.8%, 45.4%, 41.2%, 50.2%, 47.4%, 49.4%, 54.4%, 53.8%, 56.2%, 55.4%, 51.6%, 49.8%, 35.0%, 45.8%, 29.8%]",,,,
15,parallel,42,42,0.056385247,1.962203026,1.904067144,0.000111111,47.525,"[38.2%, 51.8%, 45.4%, 41.2%, 50.2%, 47.4%, 49.4%, 54.4%, 53.8%, 56.2%, 55.4%, 51.6%, 49.8%, 35.0%, 45.8%, 34.8%]",,,,
15,parallel,43,43,0.054427352,1.959573101,1.884340405,0.000111111,47.175,"[38.2%, 51.8%, 45.4%, 41.2%, 50.2%, 47.4%, 49.4%, 54.4%, 53.8%, 56.2%, 55.4%, 51.6%, 49.8%, 35.0%, 45.8%, 29.2%]",,,,
15,parallel,44,44,0.052634443,1.92855007,1.834318817,0.000111111,47.3625,"[38.2%, 51.8%, 45.4%, 41.2%, 50.2%, 47.4%, 49.4%, 54.4%, 53.8%, 56.2%, 55.4%, 51.6%, 49.8%, 35.0%, 45.8%, 32.2%]",,,,
15,parallel,45,45,0.051006518,1.86944981,1.803776026,0.000111111,47.425,"[38.2%, 51.8%, 45.4%, 41.2%, 50.2%, 47.4%, 49.4%, 54.4%, 53.8%, 56.2%, 55.4%, 51.6%, 49.8%, 35.0%, 45.8%, 33.2%]",,,,
15,parallel,46,46,0.049543579,1.914478993,1.855042592,0.000111111,47.3375,"[38.2%, 51.8%, 45.4%, 41.2%, 50.2%, 47.4%, 49.4%, 54.4%, 53.8%, 56.2%, 55.4%, 51.6%, 49.8%, 35.0%, 45.8%, 31.8%]",,,,
15,parallel,47,47,0.048245626,1.855581087,1.792704239,0.000111111,47.4125,"[38.2%, 51.8%, 45.4%, 41.2%, 50.2%, 47.4%, 49.4%, 54.4%, 53.8%, 56.2%, 55.4%, 51.6%, 49.8%, 35.0%, 45.8%, 33.0%]",,,,
15,parallel,48,48,0.047112657,1.828734721,1.786668703,0.000111111,47.4875,"[38.2%, 51.8%, 45.4%, 41.2%, 50.2%, 47.4%, 49.4%, 54.4%, 53.8%, 56.2%, 55.4%, 51.6%, 49.8%, 35.0%, 45.8%, 34.2%]",,,,
15,parallel,49,49,0.046144674,2.238266052,2.133807078,0.000111111,46.7375,"[38.2%, 51.8%, 45.4%, 41.2%, 50.2%, 47.4%, 49.4%, 54.4%, 53.8%, 56.2%, 55.4%, 51.6%, 49.8%, 35.0%, 45.8%, 22.2%]",,,,
15,parallel,50,50,0.045341676,2.109265373,2.042279288,0.000111111,46.95,"[38.2%, 51.8%, 45.4%, 41.2%, 50.2%, 47.4%, 49.4%, 54.4%, 53.8%, 56.2%, 55.4%, 51.6%, 49.8%, 35.0%, 45.8%, 25.6%]",,,,
15,parallel,51,51,0.044703664,2.07860088,2.025360063,0.000111111,47.05,"[38.2%, 51.8%, 45.4%, 41.2%, 50.2%, 47.4%, 49.4%, 54.4%, 53.8%, 56.2%, 55.4%, 51.6%, 49.8%, 35.0%, 45.8%, 27.2%]",,,,
15,parallel,52,52,0.044230636,1.989797951,1.973963127,0.000111111,47.2125,"[38.2%, 51.8%, 45.4%, 41.2%, 50.2%, 47.4%, 49.4%, 54.4%, 53.8%, 56.2%, 55.4%, 51.6%, 49.8%, 35.0%, 45.8%, 29.8%]",,,,
15,parallel,53,53,0.043922594,1.952554624,1.933889806,0.000111111,47.25,"[38.2%, 51.8%, 45.4%, 41.2%, 50.2%, 47.4%, 49.4%, 54.4%, 53.8%, 56.2%, 55.4%, 51.6%, 49.8%, 35.0%, 45.8%, 30.4%]",,,,
15,parallel,54,54,0.043779537,1.935852082,1.912929967,0.000111111,47.425,"[38.2%, 51.8%, 45.4%, 41.2%, 50.2%, 47.4%, 49.4%, 54.4%, 53.8%, 56.2%, 55.4%, 51.6%, 49.8%, 35.0%, 45.8%, 33.2%]",,,,
15,parallel,55,55,0.043768421,1.902860399,1.912866861,0.000111111,47.375,"[38.2%, 51.8%, 45.4%, 41.2%, 50.2%, 47.4%, 49.4%, 54.4%, 53.8%, 56.2%, 55.4%, 51.6%, 49.8%, 35.0%, 45.8%, 32.4%]",,,,
15,weights,1,56,0.043768421,1.892593584,1.885446504,0.000111111,47.4625,"[38.2%, 51.8%, 45.4%, 41.2%, 50.2%, 47.4%, 49.4%, 54.4%, 53.8%, 56.2%, 55.4%, 51.6%, 49.8%, 35.0%, 45.8%, 33.8%]",,,,
15,weights,2,57,0.043768421,1.875242218,1.889812574,0.000111111,47.3125,"[38.2%, 51.8%, 45.4%, 41.2%, 50.2%, 47.4%, 49.4%, 54.4%, 53.8%, 56.2%, 55.4%, 51.6%, 49.8%, 35.0%, 45.8%, 31.4%]",,,,
15,weights,3,58,0.043768421,1.872448607,1.900591314,0.000111111,47.425,"[38.2%, 51.8%, 45.4%, 41.2%, 50.2%, 47.4%, 49.4%, 54.4%, 53.8%, 56.2%, 55.4%, 51.6%, 49.8%, 35.0%, 45.8%, 33.2%]",,,,
15,weights,4,59,0.043768421,1.836094784,1.843528762,0.000111111,47.5,"[38.2%, 51.8%, 45.4%, 41.2%, 50.2%, 47.4%, 49.4%, 54.4%, 53.8%, 56.2%, 55.4%, 51.6%, 49.8%, 35.0%, 45.8%, 34.4%]",,,,
15,weights,5,60,0.043768421,1.825397817,1.823414043,0.000111111,47.6875,"[38.2%, 51.8%, 45.4%, 41.2%, 50.2%, 47.4%, 49.4%, 54.4%, 53.8%, 56.2%, 55.4%, 51.6%, 49.8%, 35.0%, 45.8%, 37.4%]",,,,
15,weights,6,61,0.043768421,1.829105715,1.888966992,0.000111111,47.5375,"[38.2%, 51.8%, 45.4%, 41.2%, 50.2%, 47.4%, 49.4%, 54.4%, 53.8%, 56.2%, 55.4%, 51.6%, 49.8%, 35.0%, 45.8%, 35.0%]",,,,
15,weights,7,62,0.043768421,1.804671971,1.855979487,0.000111111,47.575,"[38.2%, 51.8%, 45.4%, 41.2%, 50.2%, 47.4%, 49.4%, 54.4%, 53.8%, 56.2%, 55.4%, 51.6%, 49.8%, 35.0%, 45.8%, 35.6%]",,,,
15,weights,8,63,0.043768421,1.790164433,1.8334295,0.000111111,47.5,"[38.2%, 51.8%, 45.4%, 41.2%, 50.2%, 47.4%, 49.4%, 54.4%, 53.8%, 56.2%, 55.4%, 51.6%, 49.8%, 35.0%, 45.8%, 34.4%]",,,,
15,weights,9,64,0.043768421,1.796673585,1.824401572,0.000111111,47.5,"[38.2%, 51.8%, 45.4%, 41.2%, 50.2%, 47.4%, 49.4%, 54.4%, 53.8%, 56.2%, 55.4%, 51.6%, 49.8%, 35.0%, 45.8%, 34.4%]",,,,
15,weights,10,65,0.043768421,1.778078642,1.975343287,0.000111111,47.3375,"[38.2%, 51.8%, 45.4%, 41.2%, 50.2%, 47.4%, 49.4%, 54.4%, 53.8%, 56.2%, 55.4%, 51.6%, 49.8%, 35.0%, 45.8%, 31.8%]",,,,
15,weights,11,66,0.043768421,1.773164416,1.762776211,0.000111111,47.775,"[38.2%, 51.8%, 45.4%, 41.2%, 50.2%, 47.4%, 49.4%, 54.4%, 53.8%, 56.2%, 55.4%, 51.6%, 49.8%, 35.0%, 45.8%, 38.8%]",,,,
15,weights,12,67,0.043768421,1.765169112,1.722242564,0.000111111,47.65,"[38.2%, 51.8%, 45.4%, 41.2%, 50.2%, 47.4%, 49.4%, 54.4%, 53.8%, 56.2%, 55.4%, 51.6%, 49.8%, 35.0%, 45.8%, 36.8%]",,,,
15,weights,13,68,0.043768421,1.752285248,1.793727264,0.000111111,47.525,"[38.2%, 51.8%, 45.4%, 41.2%, 50.2%, 47.4%, 49.4%, 54.4%, 53.8%, 56.2%, 55.4%, 51.6%, 49.8%, 35.0%, 45.8%, 34.8%]",,,,
15,weights,14,69,0.043768421,1.736117497,1.73168771,0.000111111,47.65,"[38.2%, 51.8%, 45.4%, 41.2%, 50.2%, 47.4%, 49.4%, 54.4%, 53.8%, 56.2%, 55.4%, 51.6%, 49.8%, 35.0%, 45.8%, 36.8%]",,,,
15,weights,15,70,0.043768421,1.737072113,1.73167631,0.000111111,47.7125,"[38.2%, 51.8%, 45.4%, 41.2%, 50.2%, 47.4%, 49.4%, 54.4%, 53.8%, 56.2%, 55.4%, 51.6%, 49.8%, 35.0%, 45.8%, 37.8%]",,,,
15,weights,16,71,0.043768421,1.736035852,1.72106339,0.000111111,47.6875,"[38.2%, 51.8%, 45.4%, 41.2%, 50.2%, 47.4%, 49.4%, 54.4%, 53.8%, 56.2%, 55.4%, 51.6%, 49.8%, 35.0%, 45.8%, 37.4%]",,,,
15,weights,17,72,0.043768421,1.734125755,1.813224941,0.000111111,47.6375,"[38.2%, 51.8%, 45.4%, 41.2%, 50.2%, 47.4%, 49.4%, 54.4%, 53.8%, 56.2%, 55.4%, 51.6%, 49.8%, 35.0%, 45.8%, 36.6%]",,,,
15,weights,18,73,0.043768421,1.70826556,1.784757093,0.000111111,47.5625,"[38.2%, 51.8%, 45.4%, 41.2%, 50.2%, 47.4%, 49.4%, 54.4%, 53.8%, 56.2%, 55.4%, 51.6%, 49.8%, 35.0%, 45.8%, 35.4%]",,,,
15,weights,19,74,0.043768421,1.709230693,1.802405849,0.000111111,47.5625,"[38.2%, 51.8%, 45.4%, 41.2%, 50.2%, 47.4%, 49.4%, 54.4%, 53.8%, 56.2%, 55.4%, 51.6%, 49.8%, 35.0%, 45.8%, 35.4%]",,,,
15,weights,20,75,0.043768421,1.70301455,1.781918526,0.000111111,47.5625,"[38.2%, 51.8%, 45.4%, 41.2%, 50.2%, 47.4%, 49.4%, 54.4%, 53.8%, 56.2%, 55.4%, 51.6%, 49.8%, 35.0%, 45.8%, 35.4%]",,,,
15,weights,21,76,0.043768421,1.705126613,1.683487296,0.000111111,47.95,"[38.2%, 51.8%, 45.4%, 41.2%, 50.2%, 47.4%, 49.4%, 54.4%, 53.8%, 56.2%, 55.4%, 51.6%, 49.8%, 35.0%, 45.8%, 41.6%]",,,,
15,weights,22,77,0.043768421,1.694179779,1.717875674,0.000111111,47.8125,"[38.2%, 51.8%, 45.4%, 41.2%, 50.2%, 47.4%, 49.4%, 54.4%, 53.8%, 56.2%, 55.4%, 51.6%, 49.8%, 35.0%, 45.8%, 39.4%]",,,,
15,weights,23,78,0.043768421,1.685139104,1.693077669,0.000111111,47.8625,"[38.2%, 51.8%, 45.4%, 41.2%, 50.2%, 47.4%, 49.4%, 54.4%, 53.8%, 56.2%, 55.4%, 51.6%, 49.8%, 35.0%, 45.8%, 40.2%]",,,,
15,weights,24,79,0.043768421,1.668270752,1.726098716,0.000111111,47.6375,"[38.2%, 51.8%, 45.4%, 41.2%, 50.2%, 47.4%, 49.4%, 54.4%, 53.8%, 56.2%, 55.4%, 51.6%, 49.8%, 35.0%, 45.8%, 36.6%]",,,,
15,weights,25,80,0.043768421,1.676771374,1.675479591,0.000111111,47.8375,"[38.2%, 51.8%, 45.4%, 41.2%, 50.2%, 47.4%, 49.4%, 54.4%, 53.8%, 56.2%, 55.4%, 51.6%, 49.8%, 35.0%, 45.8%, 39.8%]",14.525,"[10.8%, 40.2%, 29.0%, 0.0%, 22.4%, 8.6%, 0.0%, 9.2%, 0.0%, 22.8%, 35.6%, 38.2%, 15.6%, 0.0%, 0.0%, 0.0%]",31.6125,"[29.5%, 43.2%, 36.1%, 25.6%, 25.4%, 10%, 31.1%, 27.9%, 38.8%, 42.6%, 44.9%, 42.4%, 45.2%, 7.1%, 45.1%, 12.5%]"
16,parallel,1,1,0.2,23.18460912,14.73287809,0.000111111,45.10588235,"[38.4%, 51.8%, 45.4%, 41.2%, 50.2%, 47.8%, 49.8%, 54.2%, 53.8%, 56.2%, 55.4%, 52.2%, 49.8%, 35.0%, 45.8%, 39.8%, 0.0%]",,,,
16,parallel,2,2,0.2,10.34191167,5.616936564,0.000111111,45.17647059,"[38.4%, 51.8%, 45.8%, 41.6%, 50.2%, 47.8%, 50.6%, 53.8%, 53.8%, 56.2%, 55.4%, 52.2%, 49.8%, 35.0%, 45.8%, 39.8%, 0.0%]",,,,
16,parallel,3,3,0.2,3.228579654,2.418264866,0.000111111,45.72941176,"[38.4%, 51.8%, 45.4%, 41.4%, 50.2%, 47.6%, 50.8%, 53.8%, 53.8%, 56.2%, 55.4%, 52.2%, 49.8%, 35.0%, 45.8%, 39.8%, 10.0%]",,,,
16,parallel,4,4,0.2,2.376981334,2.35242182,0.000111111,45.71764706,"[38.4%, 51.8%, 45.2%, 41.4%, 50.2%, 47.6%, 50.8%, 53.8%, 53.8%, 56.2%, 55.4%, 52.2%, 49.8%, 35.0%, 45.8%, 39.8%, 10.0%]",,,,
16,parallel,5,5,0.196043588,2.373682635,2.355626315,0.000111111,45.74117647,"[38.4%, 51.8%, 45.2%, 41.6%, 50.2%, 47.6%, 50.8%, 54.0%, 53.8%, 56.2%, 55.4%, 52.2%, 49.8%, 35.0%, 45.8%, 39.8%, 10.0%]",,,,
16,parallel,6,6,0.189895182,2.405466164,2.370462269,0.000111111,45.72941176,"[38.4%, 51.8%, 45.2%, 41.6%, 50.2%, 47.6%, 50.6%, 54.0%, 53.8%, 56.2%, 55.4%, 52.2%, 49.8%, 35.0%, 45.8%, 39.8%, 10.0%]",,,,
16,parallel,7,7,0.183872595,2.353809993,2.336386949,0.000111111,45.72941176,"[38.4%, 51.8%, 45.2%, 41.6%, 50.2%, 47.6%, 50.6%, 54.0%, 53.8%, 56.2%, 55.4%, 52.2%, 49.8%, 35.0%, 45.8%, 39.8%, 10.0%]",,,,
16,parallel,8,8,0.177975828,2.366927177,2.350568086,0.000111111,45.72941176,"[38.4%, 51.8%, 45.2%, 41.6%, 50.2%, 47.6%, 50.6%, 54.0%, 53.8%, 56.2%, 55.4%, 52.2%, 49.8%, 35.0%, 45.8%, 39.8%, 10.0%]",,,,
16,parallel,9,9,0.172204879,2.345601936,2.334360182,0.000111111,45.72941176,"[38.4%, 51.8%, 45.2%, 41.6%, 50.2%, 47.6%, 50.6%, 54.0%, 53.8%, 56.2%, 55.4%, 52.2%, 49.8%, 35.0%, 45.8%, 39.8%, 10.0%]",,,,
16,parallel,10,10,0.166559749,2.347435293,2.332901984,0.000111111,45.72941176,"[38.4%, 51.8%, 45.2%, 41.6%, 50.2%, 47.6%, 50.6%, 54.0%, 53.8%, 56.2%, 55.4%, 52.2%, 49.8%, 35.0%, 45.8%, 39.8%, 10.0%]",,,,
16,parallel,11,11,0.161040438,2.374168704,2.361177206,0.000111111,45.76470588,"[38.4%, 51.8%, 45.2%, 41.6%, 50.2%, 47.6%, 50.6%, 54.0%, 53.8%, 56.2%, 55.4%, 52.2%, 49.8%, 35.0%, 45.8%, 39.8%, 10.6%]",,,,
16,parallel,12,12,0.155646946,2.378511885,2.349388182,0.000111111,45.72941176,"[38.4%, 51.8%, 45.2%, 41.6%, 50.2%, 47.6%, 50.6%, 54.0%, 53.8%, 56.2%, 55.4%, 52.2%, 49.8%, 35.0%, 45.8%, 39.8%, 10.0%]",,,,
16,parallel,13,13,0.150379273,2.34163587,2.340750039,0.000111111,45.72941176,"[38.4%, 51.8%, 45.2%, 41.6%, 50.2%, 47.6%, 50.6%, 54.0%, 53.8%, 56.2%, 55.4%, 52.2%, 49.8%, 35.0%, 45.8%, 39.8%, 10.0%]",,,,
16,parallel,14,14,0.145237419,2.349405892,2.334378779,0.000111111,45.72941176,"[38.4%, 51.8%, 45.2%, 41.6%, 50.2%, 47.6%, 50.6%, 54.0%, 53.8%, 56.2%, 55.4%, 52.2%, 49.8%, 35.0%, 45.8%, 39.8%, 10.0%]",,,,
16,parallel,15,15,0.140221384,2.336004121,2.324433982,0.000111111,45.72941176,"[38.4%, 51.8%, 45.2%, 41.6%, 50.2%, 47.6%, 50.6%, 54.0%, 53.8%, 56.2%, 55.4%, 52.2%, 49.8%, 35.0%, 45.8%, 39.8%, 10.0%]",,,,
16,parallel,16,16,0.135331168,2.328016112,2.322814763,0.000111111,45.71764706,"[38.4%, 51.8%, 45.2%, 41.6%, 50.2%, 47.6%, 50.6%, 54.0%, 53.8%, 56.2%, 55.4%, 52.2%, 49.8%, 35.0%, 45.8%, 39.8%, 9.8%]",,,,
16,parallel,17,17,0.130566771,2.326899064,2.312368631,0.000111111,45.77647059,"[38.4%, 51.8%, 45.2%, 41.6%, 50.2%, 47.6%, 50.6%, 54.0%, 53.8%, 56.2%, 55.4%, 52.2%, 49.8%, 35.0%, 45.8%, 39.8%, 10.8%]",,,,
16,parallel,18,18,0.125928192,2.166059186,1.958608955,0.000111111,46.71764706,"[38.4%, 51.8%, 45.2%, 41.6%, 50.2%, 47.6%, 50.6%, 54.0%, 53.8%, 56.2%, 55.4%, 52.2%, 49.8%, 35.0%, 45.8%, 39.8%, 26.8%]",,,,
16,parallel,19,19,0.121415433,1.998296502,1.975854561,0.000111111,46.58823529,"[38.4%, 51.8%, 45.2%, 41.6%, 50.2%, 47.6%, 50.6%, 54.0%, 53.8%, 56.2%, 55.4%, 52.2%, 49.8%, 35.0%, 45.8%, 39.8%, 24.6%]",,,,
16,parallel,20,20,0.117028493,1.896428021,1.788532659,0.000111111,46.96470588,"[38.4%, 51.8%, 45.2%, 41.6%, 50.2%, 47.6%, 50.6%, 54.0%, 53.8%, 56.2%, 55.4%, 52.2%, 49.8%, 35.0%, 45.8%, 39.8%, 31.0%]",,,,
16,parallel,21,21,0.112767371,1.820762622,1.798656821,0.000111111,47.08235294,"[38.4%, 51.8%, 45.2%, 41.6%, 50.2%, 47.6%, 50.6%, 54.0%, 53.8%, 56.2%, 55.4%, 52.2%, 49.8%, 35.0%, 45.8%, 39.8%, 33.0%]",,,,
16,parallel,22,22,0.108632069,1.793938243,1.645860702,0.000111111,47.57647059,"[38.4%, 51.8%, 45.2%, 41.6%, 50.2%, 47.6%, 50.6%, 54.0%, 53.8%, 56.2%, 55.4%, 52.2%, 49.8%, 35.0%, 45.8%, 39.8%, 41.4%]",,,,
16,parallel,23,23,0.104622585,1.775289625,1.614176974,0.000111111,47.57647059,"[38.4%, 51.8%, 45.2%, 41.6%, 50.2%, 47.6%, 50.6%, 54.0%, 53.8%, 56.2%, 55.4%, 52.2%, 49.8%, 35.0%, 45.8%, 39.8%, 41.4%]",,,,
16,parallel,24,24,0.10073892,1.788177394,1.700241223,0.000111111,47.35294118,"[38.4%, 51.8%, 45.2%, 41.6%, 50.2%, 47.6%, 50.6%, 54.0%, 53.8%, 56.2%, 55.4%, 52.2%, 49.8%, 35.0%, 45.8%, 39.8%, 37.6%]",,,,
16,parallel,25,25,0.096981075,1.732602264,1.638556913,0.000111111,47.54117647,"[38.4%, 51.8%, 45.2%, 41.6%, 50.2%, 47.6%, 50.6%, 54.0%, 53.8%, 56.2%, 55.4%, 52.2%, 49.8%, 35.0%, 45.8%, 39.8%, 40.8%]",,,,
16,parallel,26,26,0.093349048,1.783197853,1.721441716,0.000111111,47.47058824,"[38.4%, 51.8%, 45.2%, 41.6%, 50.2%, 47.6%, 50.6%, 54.0%, 53.8%, 56.2%, 55.4%, 52.2%, 49.8%, 35.0%, 45.8%, 39.8%, 39.6%]",,,,
16,parallel,27,27,0.08984284,1.750141409,1.643167868,0.000111111,47.82352941,"[38.4%, 51.8%, 45.2%, 41.6%, 50.2%, 47.6%, 50.6%, 54.0%, 53.8%, 56.2%, 55.4%, 52.2%, 49.8%, 35.0%, 45.8%, 39.8%, 45.6%]",,,,
16,parallel,28,28,0.086462452,1.674532149,1.611657977,0.000111111,47.69411765,"[38.4%, 51.8%, 45.2%, 41.6%, 50.2%, 47.6%, 50.6%, 54.0%, 53.8%, 56.2%, 55.4%, 52.2%, 49.8%, 35.0%, 45.8%, 39.8%, 43.4%]",,,,
16,parallel,29,29,0.083207882,1.675766906,1.634610549,0.000111111,47.64705882,"[38.4%, 51.8%, 45.2%, 41.6%, 50.2%, 47.6%, 50.6%, 54.0%, 53.8%, 56.2%, 55.4%, 52.2%, 49.8%, 35.0%, 45.8%, 39.8%, 42.6%]",,,,
16,parallel,30,30,0.080079131,1.705852687,1.768554486,0.000111111,47.45882353,"[38.4%, 51.8%, 45.2%, 41.6%, 50.2%, 47.6%, 50.6%, 54.0%, 53.8%, 56.2%, 55.4%, 52.2%, 49.8%, 35.0%, 45.8%, 39.8%, 39.4%]",,,,
16,parallel,31,31,0.077076199,1.795716141,1.818802014,0.000111111,47.49411765,"[38.4%, 51.8%, 45.2%, 41.6%, 50.2%, 47.6%, 50.6%, 54.0%, 53.8%, 56.2%, 55.4%, 52.2%, 49.8%, 35.0%, 45.8%, 39.8%, 40.0%]",,,,
16,parallel,32,32,0.074199086,1.709285383,1.892421156,0.000111111,47.4,"[38.4%, 51.8%, 45.2%, 41.6%, 50.2%, 47.6%, 50.6%, 54.0%, 53.8%, 56.2%, 55.4%, 52.2%, 49.8%, 35.0%, 45.8%, 39.8%, 38.4%]",,,,
16,parallel,33,33,0.071447792,1.720872927,1.593078092,0.000111111,47.85882353,"[38.4%, 51.8%, 45.2%, 41.6%, 50.2%, 47.6%, 50.6%, 54.0%, 53.8%, 56.2%, 55.4%, 52.2%, 49.8%, 35.0%, 45.8%, 39.8%, 46.2%]",,,,
16,parallel,34,34,0.068822317,1.701282559,1.684359238,0.000111111,47.64705882,"[38.4%, 51.8%, 45.2%, 41.6%, 50.2%, 47.6%, 50.6%, 54.0%, 53.8%, 56.2%, 55.4%, 52.2%, 49.8%, 35.0%, 45.8%, 39.8%, 42.6%]",,,,
16,parallel,35,35,0.06632266,1.678861126,1.679257676,0.000111111,47.76470588,"[38.4%, 51.8%, 45.2%, 41.6%, 50.2%, 47.6%, 50.6%, 54.0%, 53.8%, 56.2%, 55.4%, 52.2%, 49.8%, 35.0%, 45.8%, 39.8%, 44.6%]",,,,
16,parallel,36,36,0.063948823,1.621775943,1.543706641,0.000111111,47.74117647,"[38.4%, 51.8%, 45.2%, 41.6%, 50.2%, 47.6%, 50.6%, 54.0%, 53.8%, 56.2%, 55.4%, 52.2%, 49.8%, 35.0%, 45.8%, 39.8%, 44.2%]",,,,
16,parallel,37,37,0.061700805,1.824002962,1.751940519,0.000111111,47.52941176,"[38.4%, 51.8%, 45.2%, 41.6%, 50.2%, 47.6%, 50.6%, 54.0%, 53.8%, 56.2%, 55.4%, 52.2%, 49.8%, 35.0%, 45.8%, 39.8%, 40.6%]",,,,
16,parallel,38,38,0.059578606,1.730958018,1.816792063,0.000111111,47.4,"[38.4%, 51.8%, 45.2%, 41.6%, 50.2%, 47.6%, 50.6%, 54.0%, 53.8%, 56.2%, 55.4%, 52.2%, 49.8%, 35.0%, 45.8%, 39.8%, 38.4%]",,,,
16,parallel,39,39,0.057582225,1.704505518,1.612662368,0.000111111,47.67058824,"[38.4%, 51.8%, 45.2%, 41.6%, 50.2%, 47.6%, 50.6%, 54.0%, 53.8%, 56.2%, 55.4%, 52.2%, 49.8%, 35.0%, 45.8%, 39.8%, 43.0%]",,,,
16,parallel,40,40,0.055711664,1.637927135,1.592701629,0.000111111,47.69411765,"[38.4%, 51.8%, 45.2%, 41.6%, 50.2%, 47.6%, 50.6%, 54.0%, 53.8%, 56.2%, 55.4%, 52.2%, 49.8%, 35.0%, 45.8%, 39.8%, 43.4%]",,,,
16,parallel,41,41,0.053966921,1.804589997,1.659873039,0.000111111,47.49411765,"[38.4%, 51.8%, 45.2%, 41.6%, 50.2%, 47.6%, 50.6%, 54.0%, 53.8%, 56.2%, 55.4%, 52.2%, 49.8%, 35.0%, 45.8%, 39.8%, 40.0%]",,,,
16,parallel,42,42,0.052347998,1.670280929,1.60047169,0.000111111,47.78823529,"[38.4%, 51.8%, 45.2%, 41.6%, 50.2%, 47.6%, 50.6%, 54.0%, 53.8%, 56.2%, 55.4%, 52.2%, 49.8%, 35.0%, 45.8%, 39.8%, 45.0%]",,,,
16,parallel,43,43,0.050854893,1.632910407,1.553449973,0.000111111,47.77647059,"[38.4%, 51.8%, 45.2%, 41.6%, 50.2%, 47.6%, 50.6%, 54.0%, 53.8%, 56.2%, 55.4%, 52.2%, 49.8%, 35.0%, 45.8%, 39.8%, 44.8%]",,,,
16,parallel,44,44,0.049487607,1.642260493,1.569387235,0.000111111,47.89411765,"[38.4%, 51.8%, 45.2%, 41.6%, 50.2%, 47.6%, 50.6%, 54.0%, 53.8%, 56.2%, 55.4%, 52.2%, 49.8%, 35.0%, 45.8%, 39.8%, 46.8%]",,,,
16,parallel,45,45,0.048246141,1.616436014,1.644447267,0.000111111,47.64705882,"[38.4%, 51.8%, 45.2%, 41.6%, 50.2%, 47.6%, 50.6%, 54.0%, 53.8%, 56.2%, 55.4%, 52.2%, 49.8%, 35.0%, 45.8%, 39.8%, 42.6%]",,,,
16,parallel,46,46,0.047130493,1.577076139,1.578231029,0.000111111,47.76470588,"[38.4%, 51.8%, 45.2%, 41.6%, 50.2%, 47.6%, 50.6%, 54.0%, 53.8%, 56.2%, 55.4%, 52.2%, 49.8%, 35.0%, 45.8%, 39.8%, 44.6%]",,,,
16,parallel,47,47,0.046140664,1.941778267,1.655410379,0.000111111,47.63529412,"[38.4%, 51.8%, 45.2%, 41.6%, 50.2%, 47.6%, 50.6%, 54.0%, 53.8%, 56.2%, 55.4%, 52.2%, 49.8%, 35.0%, 45.8%, 39.8%, 42.4%]",,,,
16,parallel,48,48,0.045276654,1.702112293,1.640773684,0.000111111,47.32941176,"[38.4%, 51.8%, 45.2%, 41.6%, 50.2%, 47.6%, 50.6%, 54.0%, 53.8%, 56.2%, 55.4%, 52.2%, 49.8%, 35.0%, 45.8%, 39.8%, 37.2%]",,,,
16,parallel,49,49,0.044538463,1.679525811,1.741950989,0.000111111,47.38823529,"[38.4%, 51.8%, 45.2%, 41.6%, 50.2%, 47.6%, 50.6%, 54.0%, 53.8%, 56.2%, 55.4%, 52.2%, 49.8%, 35.0%, 45.8%, 39.8%, 38.2%]",,,,
16,parallel,50,50,0.043926091,1.642435524,1.618566468,0.000111111,47.56470588,"[38.4%, 51.8%, 45.2%, 41.6%, 50.2%, 47.6%, 50.6%, 54.0%, 53.8%, 56.2%, 55.4%, 52.2%, 49.8%, 35.0%, 45.8%, 39.8%, 41.2%]",,,,
16,parallel,51,51,0.043439538,1.618969353,1.609227136,0.000111111,47.65882353,"[38.4%, 51.8%, 45.2%, 41.6%, 50.2%, 47.6%, 50.6%, 54.0%, 53.8%, 56.2%, 55.4%, 52.2%, 49.8%, 35.0%, 45.8%, 39.8%, 42.8%]",,,,
16,parallel,52,52,0.043078804,1.612773102,1.61051324,0.000111111,47.61176471,"[38.4%, 51.8%, 45.2%, 41.6%, 50.2%, 47.6%, 50.6%, 54.0%, 53.8%, 56.2%, 55.4%, 52.2%, 49.8%, 35.0%, 45.8%, 39.8%, 42.0%]",,,,
16,parallel,53,53,0.042843889,1.651431078,1.626508728,0.000111111,47.61176471,"[38.4%, 51.8%, 45.2%, 41.6%, 50.2%, 47.6%, 50.6%, 54.0%, 53.8%, 56.2%, 55.4%, 52.2%, 49.8%, 35.0%, 45.8%, 39.8%, 42.0%]",,,,
16,parallel,54,54,0.042734793,1.614356058,1.566467792,0.000111111,47.75294118,"[38.4%, 51.8%, 45.2%, 41.6%, 50.2%, 47.6%, 50.6%, 54.0%, 53.8%, 56.2%, 55.4%, 52.2%, 49.8%, 35.0%, 45.8%, 39.8%, 44.4%]",,,,
16,parallel,55,55,0.042726316,1.577910914,1.559147909,0.000111111,47.68235294,"[38.4%, 51.8%, 45.2%, 41.6%, 50.2%, 47.6%, 50.6%, 54.0%, 53.8%, 56.2%, 55.4%, 52.2%, 49.8%, 35.0%, 45.8%, 39.8%, 43.2%]",,,,
16,weights,1,56,0.042726316,1.588672212,1.557035312,0.000111111,47.83529412,"[38.4%, 51.8%, 45.2%, 41.6%, 50.2%, 47.6%, 50.6%, 54.0%, 53.8%, 56.2%, 55.4%, 52.2%, 49.8%, 35.0%, 45.8%, 39.8%, 45.8%]",,,,
16,weights,2,57,0.042726316,1.579057722,1.583291031,0.000111111,47.65882353,"[38.4%, 51.8%, 45.2%, 41.6%, 50.2%, 47.6%, 50.6%, 54.0%, 53.8%, 56.2%, 55.4%, 52.2%, 49.8%, 35.0%, 45.8%, 39.8%, 42.8%]",,,,
16,weights,3,58,0.042726316,1.562451556,1.591465741,0.000111111,47.6,"[38.4%, 51.8%, 45.2%, 41.6%, 50.2%, 47.6%, 50.6%, 54.0%, 53.8%, 56.2%, 55.4%, 52.2%, 49.8%, 35.0%, 45.8%, 39.8%, 41.8%]",,,,
16,weights,4,59,0.042726316,1.528845351,1.594912186,0.000111111,47.71764706,"[38.4%, 51.8%, 45.2%, 41.6%, 50.2%, 47.6%, 50.6%, 54.0%, 53.8%, 56.2%, 55.4%, 52.2%, 49.8%, 35.0%, 45.8%, 39.8%, 43.8%]",,,,
16,weights,5,60,0.042726316,1.549165267,1.59557803,0.000111111,47.72941176,"[38.4%, 51.8%, 45.2%, 41.6%, 50.2%, 47.6%, 50.6%, 54.0%, 53.8%, 56.2%, 55.4%, 52.2%, 49.8%, 35.0%, 45.8%, 39.8%, 44.0%]",,,,
16,weights,6,61,0.042726316,1.537350557,1.53657537,0.000111111,47.90588235,"[38.4%, 51.8%, 45.2%, 41.6%, 50.2%, 47.6%, 50.6%, 54.0%, 53.8%, 56.2%, 55.4%, 52.2%, 49.8%, 35.0%, 45.8%, 39.8%, 47.0%]",,,,
16,weights,7,62,0.042726316,1.532592111,1.587854952,0.000111111,47.74117647,"[38.4%, 51.8%, 45.2%, 41.6%, 50.2%, 47.6%, 50.6%, 54.0%, 53.8%, 56.2%, 55.4%, 52.2%, 49.8%, 35.0%, 45.8%, 39.8%, 44.2%]",,,,
16,weights,8,63,0.042726316,1.514661674,1.70154836,0.000111111,47.63529412,"[38.4%, 51.8%, 45.2%, 41.6%, 50.2%, 47.6%, 50.6%, 54.0%, 53.8%, 56.2%, 55.4%, 52.2%, 49.8%, 35.0%, 45.8%, 39.8%, 42.4%]",,,,
16,weights,9,64,0.042726316,1.513672785,1.453530341,0.000111111,48.03529412,"[38.4%, 51.8%, 45.2%, 41.6%, 50.2%, 47.6%, 50.6%, 54.0%, 53.8%, 56.2%, 55.4%, 52.2%, 49.8%, 35.0%, 45.8%, 39.8%, 49.2%]",,,,
16,weights,10,65,0.042726316,1.510436354,1.540202588,0.000111111,47.87058824,"[38.4%, 51.8%, 45.2%, 41.6%, 50.2%, 47.6%, 50.6%, 54.0%, 53.8%, 56.2%, 55.4%, 52.2%, 49.8%, 35.0%, 45.8%, 39.8%, 46.4%]",,,,
16,weights,11,66,0.042726316,1.499527411,1.565982439,0.000111111,47.94117647,"[38.4%, 51.8%, 45.2%, 41.6%, 50.2%, 47.6%, 50.6%, 54.0%, 53.8%, 56.2%, 55.4%, 52.2%, 49.8%, 35.0%, 45.8%, 39.8%, 47.6%]",,,,
16,weights,12,67,0.042726316,1.484656645,1.46765402,0.000111111,47.97647059,"[38.4%, 51.8%, 45.2%, 41.6%, 50.2%, 47.6%, 50.6%, 54.0%, 53.8%, 56.2%, 55.4%, 52.2%, 49.8%, 35.0%, 45.8%, 39.8%, 48.2%]",,,,
16,weights,13,68,0.042726316,1.498816066,1.544418775,0.000111111,47.85882353,"[38.4%, 51.8%, 45.2%, 41.6%, 50.2%, 47.6%, 50.6%, 54.0%, 53.8%, 56.2%, 55.4%, 52.2%, 49.8%, 35.0%, 45.8%, 39.8%, 46.2%]",,,,
16,weights,14,69,0.042726316,1.494564248,1.559640758,0.000111111,47.91764706,"[38.4%, 51.8%, 45.2%, 41.6%, 50.2%, 47.6%, 50.6%, 54.0%, 53.8%, 56.2%, 55.4%, 52.2%, 49.8%, 35.0%, 45.8%, 39.8%, 47.2%]",,,,
16,weights,15,70,0.042726316,1.493582448,1.494195089,0.000111111,48.09411765,"[38.4%, 51.8%, 45.2%, 41.6%, 50.2%, 47.6%, 50.6%, 54.0%, 53.8%, 56.2%, 55.4%, 52.2%, 49.8%, 35.0%, 45.8%, 39.8%, 50.2%]",,,,
16,weights,16,71,0.042726316,1.47907288,1.541096918,0.000111111,47.85882353,"[38.4%, 51.8%, 45.2%, 41.6%, 50.2%, 47.6%, 50.6%, 54.0%, 53.8%, 56.2%, 55.4%, 52.2%, 49.8%, 35.0%, 45.8%, 39.8%, 46.2%]",,,,
16,weights,17,72,0.042726316,1.469252574,1.511471108,0.000111111,47.88235294,"[38.4%, 51.8%, 45.2%, 41.6%, 50.2%, 47.6%, 50.6%, 54.0%, 53.8%, 56.2%, 55.4%, 52.2%, 49.8%, 35.0%, 45.8%, 39.8%, 46.6%]",,,,
16,weights,18,73,0.042726316,1.474630978,1.459918223,0.000111111,48.04705882,"[38.4%, 51.8%, 45.2%, 41.6%, 50.2%, 47.6%, 50.6%, 54.0%, 53.8%, 56.2%, 55.4%, 52.2%, 49.8%, 35.0%, 45.8%, 39.8%, 49.4%]",,,,
16,weights,19,74,0.042726316,1.44777128,1.459628202,0.000111111,48.05882353,"[38.4%, 51.8%, 45.2%, 41.6%, 50.2%, 47.6%, 50.6%, 54.0%, 53.8%, 56.2%, 55.4%, 52.2%, 49.8%, 35.0%, 45.8%, 39.8%, 49.6%]",,,,
16,weights,20,75,0.042726316,1.463325092,1.525889441,0.000111111,47.85882353,"[38.4%, 51.8%, 45.2%, 41.6%, 50.2%, 47.6%, 50.6%, 54.0%, 53.8%, 56.2%, 55.4%, 52.2%, 49.8%, 35.0%, 45.8%, 39.8%, 46.2%]",,,,
16,weights,21,76,0.042726316,1.432142048,1.507808849,0.000111111,47.91764706,"[38.4%, 51.8%, 45.2%, 41.6%, 50.2%, 47.6%, 50.6%, 54.0%, 53.8%, 56.2%, 55.4%, 52.2%, 49.8%, 35.0%, 45.8%, 39.8%, 47.2%]",,,,
16,weights,22,77,0.042726316,1.447542271,1.414445609,0.000111111,48.17647059,"[38.4%, 51.8%, 45.2%, 41.6%, 50.2%, 47.6%, 50.6%, 54.0%, 53.8%, 56.2%, 55.4%, 52.2%, 49.8%, 35.0%, 45.8%, 39.8%, 51.6%]",,,,
16,weights,23,78,0.042726316,1.444885284,1.427485391,0.000111111,48.17647059,"[38.4%, 51.8%, 45.2%, 41.6%, 50.2%, 47.6%, 50.6%, 54.0%, 53.8%, 56.2%, 55.4%, 52.2%, 49.8%, 35.0%, 45.8%, 39.8%, 51.6%]",,,,
16,weights,24,79,0.042726316,1.438514409,1.41439309,0.000111111,48.18823529,"[38.4%, 51.8%, 45.2%, 41.6%, 50.2%, 47.6%, 50.6%, 54.0%, 53.8%, 56.2%, 55.4%, 52.2%, 49.8%, 35.0%, 45.8%, 39.8%, 51.8%]",,,,
16,weights,25,80,0.042726316,1.436169749,1.408918992,0.000111111,48.27058824,"[38.4%, 51.8%, 45.2%, 41.6%, 50.2%, 47.6%, 50.6%, 54.0%, 53.8%, 56.2%, 55.4%, 52.2%, 49.8%, 35.0%, 45.8%, 39.8%, 53.2%]",13.72941176,"[10.8%, 40.2%, 29.4%, 0.0%, 22.4%, 8.6%, 0.0%, 9.2%, 0.0%, 22.8%, 35.6%, 38.8%, 15.6%, 0.0%, 0.0%, 0.0%, 0.0%]",33.28823529,"[21%, 36.1%, 36.2%, 33.7%, 25.2%, 27.3%, 30.7%, 36.8%, 38.4%, 33.6%, 45%, 42.7%, 45.1%, 12.4%, 45.6%, 29.9%, 26.9%]"
17,parallel,1,1,0.15,20.42743375,14.12661088,0.000111111,45.58888889,"[38.4%, 51.8%, 45.2%, 41.6%, 50.2%, 47.6%, 50.6%, 54.0%, 53.8%, 56.2%, 55.4%, 52.2%, 49.8%, 35.0%, 45.8%, 39.8%, 53.2%, 0.0%]",,,,
17,parallel,2,2,0.15,10.48072414,6.745233417,0.000111111,45.58888889,"[38.4%, 51.8%, 45.2%, 41.6%, 50.2%, 47.6%, 50.6%, 54.0%, 53.8%, 56.2%, 55.4%, 52.2%, 49.8%, 35.0%, 45.8%, 39.8%, 53.2%, 0.0%]",,,,
17,parallel,3,3,0.15,3.997483555,2.538029224,0.000111111,46.14444444,"[38.4%, 51.8%, 45.2%, 41.6%, 50.2%, 47.6%, 50.6%, 54.0%, 53.8%, 56.2%, 55.4%, 52.2%, 49.8%, 35.0%, 45.8%, 39.8%, 53.2%, 10.0%]",,,,
17,parallel,4,4,0.15,2.422758543,2.369425863,0.000111111,46.14444444,"[38.4%, 51.8%, 45.2%, 41.6%, 50.2%, 47.6%, 50.6%, 54.0%, 53.8%, 56.2%, 55.4%, 52.2%, 49.8%, 35.0%, 45.8%, 39.8%, 53.2%, 10.0%]",,,,
17,parallel,5,5,0.147275184,2.353444655,2.335539013,0.000111111,46.14444444,"[38.4%, 51.8%, 45.2%, 41.6%, 50.2%, 47.6%, 50.6%, 54.0%, 53.8%, 56.2%, 55.4%, 52.2%, 49.8%, 35.0%, 45.8%, 39.8%, 53.2%, 10.0%]",,,,
17,parallel,6,6,0.143040722,2.370511453,2.352492869,0.000111111,46.14444444,"[38.4%, 51.8%, 45.2%, 41.6%, 50.2%, 47.6%, 50.6%, 54.0%, 53.8%, 56.2%, 55.4%, 52.2%, 49.8%, 35.0%, 45.8%, 39.8%, 53.2%, 10.0%]",,,,
17,parallel,7,7,0.138892913,2.342734808,2.333311617,0.000111111,46.14444444,"[38.4%, 51.8%, 45.2%, 41.6%, 50.2%, 47.6%, 50.6%, 54.0%, 53.8%, 56.2%, 55.4%, 52.2%, 49.8%, 35.0%, 45.8%, 39.8%, 53.2%, 10.0%]",,,,
17,parallel,8,8,0.134831756,2.338224432,2.330317706,0.000111111,46.14444444,"[38.4%, 51.8%, 45.2%, 41.6%, 50.2%, 47.6%, 50.6%, 54.0%, 53.8%, 56.2%, 55.4%, 52.2%, 49.8%, 35.0%, 45.8%, 39.8%, 53.2%, 10.0%]",,,,
17,parallel,9,9,0.130857252,2.370932923,2.354346693,0.000111111,46.14444444,"[38.4%, 51.8%, 45.2%, 41.6%, 50.2%, 47.6%, 50.6%, 54.0%, 53.8%, 56.2%, 55.4%, 52.2%, 49.8%, 35.0%, 45.8%, 39.8%, 53.2%, 10.0%]",,,,
17,parallel,10,10,0.126969401,2.343548304,2.336817652,0.000111111,46.14444444,"[38.4%, 51.8%, 45.2%, 41.6%, 50.2%, 47.6%, 50.6%, 54.0%, 53.8%, 56.2%, 55.4%, 52.2%, 49.8%, 35.0%, 45.8%, 39.8%, 53.2%, 10.0%]",,,,
17,parallel,11,11,0.123168202,2.329941602,2.326558769,0.000111111,46.14444444,"[38.4%, 51.8%, 45.2%, 41.6%, 50.2%, 47.6%, 50.6%, 54.0%, 53.8%, 56.2%, 55.4%, 52.2%, 49.8%, 35.0%, 45.8%, 39.8%, 53.2%, 10.0%]",,,,
17,parallel,12,12,0.119453656,2.321174118,2.323752761,0.000111111,46.14444444,"[38.4%, 51.8%, 45.2%, 41.6%, 50.2%, 47.6%, 50.6%, 54.0%, 53.8%, 56.2%, 55.4%, 52.2%, 49.8%, 35.0%, 45.8%, 39.8%, 53.2%, 10.0%]",,,,
17,parallel,13,13,0.115825763,2.267350221,2.186534017,0.000111111,46.6,"[38.4%, 51.8%, 45.2%, 41.6%, 50.2%, 47.6%, 50.6%, 54.0%, 53.8%, 56.2%, 55.4%, 52.2%, 49.8%, 35.0%, 45.8%, 39.8%, 53.2%, 18.2%]",,,,
17,parallel,14,14,0.112284522,2.11698729,1.980311975,0.000111111,46.72222222,"[38.4%, 51.8%, 45.2%, 41.6%, 50.2%, 47.6%, 50.6%, 54.0%, 53.8%, 56.2%, 55.4%, 52.2%, 49.8%, 35.0%, 45.8%, 39.8%, 53.2%, 20.4%]",,,,
17,parallel,15,15,0.108829934,2.040843562,2.092478052,0.000111111,46.62222222,"[38.4%, 51.8%, 45.2%, 41.6%, 50.2%, 47.6%, 50.6%, 54.0%, 53.8%, 56.2%, 55.4%, 52.2%, 49.8%, 35.0%, 45.8%, 39.8%, 53.2%, 18.6%]",,,,
17,parallel,16,16,0.105461998,1.942973653,1.894412845,0.000111111,47.07777778,"[38.4%, 51.8%, 45.2%, 41.6%, 50.2%, 47.6%, 50.6%, 54.0%, 53.8%, 56.2%, 55.4%, 52.2%, 49.8%, 35.0%, 45.8%, 39.8%, 53.2%, 26.8%]",,,,
17,parallel,17,17,0.102180715,1.877185458,2.02111055,0.000111111,46.85555556,"[38.4%, 51.8%, 45.2%, 41.6%, 50.2%, 47.6%, 50.6%, 54.0%, 53.8%, 56.2%, 55.4%, 52.2%, 49.8%, 35.0%, 45.8%, 39.8%, 53.2%, 22.8%]",,,,
17,parallel,18,18,0.098986085,1.863436918,1.816911295,0.000111111,47.24444444,"[38.4%, 51.8%, 45.2%, 41.6%, 50.2%, 47.6%, 50.6%, 54.0%, 53.8%, 56.2%, 55.4%, 52.2%, 49.8%, 35.0%, 45.8%, 39.8%, 53.2%, 29.8%]",,,,
17,parallel,19,19,0.095878108,1.826377413,1.859991312,0.000111111,47.33333333,"[38.4%, 51.8%, 45.2%, 41.6%, 50.2%, 47.6%, 50.6%, 54.0%, 53.8%, 56.2%, 55.4%, 52.2%, 49.8%, 35.0%, 45.8%, 39.8%, 53.2%, 31.4%]",,,,
17,parallel,20,20,0.092856783,1.87413302,1.942010447,0.000111111,47.14444444,"[38.4%, 51.8%, 45.2%, 41.6%, 50.2%, 47.6%, 50.6%, 54.0%, 53.8%, 56.2%, 55.4%, 52.2%, 49.8%, 35.0%, 45.8%, 39.8%, 53.2%, 28.0%]",,,,
17,parallel,21,21,0.08992211,1.803991004,1.742995992,0.000111111,47.63333333,"[38.4%, 51.8%, 45.2%, 41.6%, 50.2%, 47.6%, 50.6%, 54.0%, 53.8%, 56.2%, 55.4%, 52.2%, 49.8%, 35.0%, 45.8%, 39.8%, 53.2%, 36.8%]",,,,
17,parallel,22,22,0.08707409,1.735221194,1.692086726,0.000111111,47.6,"[38.4%, 51.8%, 45.2%, 41.6%, 50.2%, 47.6%, 50.6%, 54.0%, 53.8%, 56.2%, 55.4%, 52.2%, 49.8%, 35.0%, 45.8%, 39.8%, 53.2%, 36.2%]",,,,
17,parallel,23,23,0.084312723,1.789766976,1.682374462,0.000111111,47.81111111,"[38.4%, 51.8%, 45.2%, 41.6%, 50.2%, 47.6%, 50.6%, 54.0%, 53.8%, 56.2%, 55.4%, 52.2%, 49.8%, 35.0%, 45.8%, 39.8%, 53.2%, 40.0%]",,,,
17,parallel,24,24,0.081638009,1.70434956,1.735120535,0.000111111,47.65555556,"[38.4%, 51.8%, 45.2%, 41.6%, 50.2%, 47.6%, 50.6%, 54.0%, 53.8%, 56.2%, 55.4%, 52.2%, 49.8%, 35.0%, 45.8%, 39.8%, 53.2%, 37.2%]",,,,
17,parallel,25,25,0.079049947,1.709306223,1.777903304,0.000111111,47.4,"[38.4%, 51.8%, 45.2%, 41.6%, 50.2%, 47.6%, 50.6%, 54.0%, 53.8%, 56.2%, 55.4%, 52.2%, 49.8%, 35.0%, 45.8%, 39.8%, 53.2%, 32.6%]",,,,
17,parallel,26,26,0.076548538,1.828802418,1.745845154,0.000111111,47.61111111,"[38.4%, 51.8%, 45.2%, 41.6%, 50.2%, 47.6%, 50.6%, 54.0%, 53.8%, 56.2%, 55.4%, 52.2%, 49.8%, 35.0%, 45.8%, 39.8%, 53.2%, 36.4%]",,,,
17,parallel,27,27,0.074133781,1.733803696,1.709910378,0.000111111,47.72222222,"[38.4%, 51.8%, 45.2%, 41.6%, 50.2%, 47.6%, 50.6%, 54.0%, 53.8%, 56.2%, 55.4%, 52.2%, 49.8%, 35.0%, 45.8%, 39.8%, 53.2%, 38.4%]",,,,
17,parallel,28,28,0.071805677,1.693436624,1.765436068,0.000111111,47.66666667,"[38.4%, 51.8%, 45.2%, 41.6%, 50.2%, 47.6%, 50.6%, 54.0%, 53.8%, 56.2%, 55.4%, 52.2%, 49.8%, 35.0%, 45.8%, 39.8%, 53.2%, 37.4%]",,,,
17,parallel,29,29,0.069564226,1.893362848,1.939314544,0.000111111,47.35555556,"[38.4%, 51.8%, 45.2%, 41.6%, 50.2%, 47.6%, 50.6%, 54.0%, 53.8%, 56.2%, 55.4%, 52.2%, 49.8%, 35.0%, 45.8%, 39.8%, 53.2%, 31.8%]",,,,
17,parallel,30,30,0.067409427,1.792260264,1.689404696,0.000111111,47.64444444,"[38.4%, 51.8%, 45.2%, 41.6%, 50.2%, 47.6%, 50.6%, 54.0%, 53.8%, 56.2%, 55.4%, 52.2%, 49.8%, 35.0%, 45.8%, 39.8%, 53.2%, 37.0%]",,,,
17,parallel,31,31,0.065341281,1.757290836,1.659943953,0.000111111,47.77777778,"[38.4%, 51.8%, 45.2%, 41.6%, 50.2%, 47.6%, 50.6%, 54.0%, 53.8%, 56.2%, 55.4%, 52.2%, 49.8%, 35.0%, 45.8%, 39.8%, 53.2%, 39.4%]",,,,
17,parallel,32,32,0.063359788,1.683835926,1.66920498,0.000111111,47.62222222,"[38.4%, 51.8%, 45.2%, 41.6%, 50.2%, 47.6%, 50.6%, 54.0%, 53.8%, 56.2%, 55.4%, 52.2%, 49.8%, 35.0%, 45.8%, 39.8%, 53.2%, 36.6%]",,,,
17,parallel,33,33,0.061464947,2.123126563,1.833741933,0.000111111,47.42222222,"[38.4%, 51.8%, 45.2%, 41.6%, 50.2%, 47.6%, 50.6%, 54.0%, 53.8%, 56.2%, 55.4%, 52.2%, 49.8%, 35.0%, 45.8%, 39.8%, 53.2%, 33.0%]",,,,
17,parallel,34,34,0.059656759,1.796512041,1.708786577,0.000111111,47.86666667,"[38.4%, 51.8%, 45.2%, 41.6%, 50.2%, 47.6%, 50.6%, 54.0%, 53.8%, 56.2%, 55.4%, 52.2%, 49.8%, 35.0%, 45.8%, 39.8%, 53.2%, 41.0%]",,,,
17,parallel,35,35,0.057935224,1.754473882,1.690026119,0.000111111,47.75555556,"[38.4%, 51.8%, 45.2%, 41.6%, 50.2%, 47.6%, 50.6%, 54.0%, 53.8%, 56.2%, 55.4%, 52.2%, 49.8%, 35.0%, 45.8%, 39.8%, 53.2%, 39.0%]",,,,
17,parallel,36,36,0.056300341,1.741039638,1.691618294,0.000111111,47.62222222,"[38.4%, 51.8%, 45.2%, 41.6%, 50.2%, 47.6%, 50.6%, 54.0%, 53.8%, 56.2%, 55.4%, 52.2%, 49.8%, 35.0%, 45.8%, 39.8%, 53.2%, 36.6%]",,,,
17,parallel,37,37,0.05475211,1.70503567,1.631507233,0.000111111,47.74444444,"[38.4%, 51.8%, 45.2%, 41.6%, 50.2%, 47.6%, 50.6%, 54.0%, 53.8%, 56.2%, 55.4%, 52.2%, 49.8%, 35.0%, 45.8%, 39.8%, 53.2%, 38.8%]",,,,
17,parallel,38,38,0.053290533,1.836242317,1.724197417,0.000111111,47.64444444,"[38.4%, 51.8%, 45.2%, 41.6%, 50.2%, 47.6%, 50.6%, 54.0%, 53.8%, 56.2%, 55.4%, 52.2%, 49.8%, 35.0%, 45.8%, 39.8%, 53.2%, 37.0%]",,,,
17,parallel,39,39,0.051915608,1.726602227,1.651313275,0.000111111,47.82222222,"[38.4%, 51.8%, 45.2%, 41.6%, 50.2%, 47.6%, 50.6%, 54.0%, 53.8%, 56.2%, 55.4%, 52.2%, 49.8%, 35.0%, 45.8%, 39.8%, 53.2%, 40.2%]",,,,
17,parallel,40,40,0.050627336,1.746662531,1.755421698,0.000111111,47.42222222,"[38.4%, 51.8%, 45.2%, 41.6%, 50.2%, 47.6%, 50.6%, 54.0%, 53.8%, 56.2%, 55.4%, 52.2%, 49.8%, 35.0%, 45.8%, 39.8%, 53.2%, 33.0%]",,,,
17,parallel,41,41,0.049425716,1.690081097,1.631169945,0.000111111,47.74444444,"[38.4%, 51.8%, 45.2%, 41.6%, 50.2%, 47.6%, 50.6%, 54.0%, 53.8%, 56.2%, 55.4%, 52.2%, 49.8%, 35.0%, 45.8%, 39.8%, 53.2%, 38.8%]",,,,
17,parallel,42,42,0.048310749,1.663666215,1.620485514,0.000111111,47.9,"[38.4%, 51.8%, 45.2%, 41.6%, 50.2%, 47.6%, 50.6%, 54.0%, 53.8%, 56.2%, 55.4%, 52.2%, 49.8%, 35.0%, 45.8%, 39.8%, 53.2%, 41.6%]",,,,
17,parallel,43,43,0.047282434,1.663164893,1.641773075,0.000111111,47.66666667,"[38.4%, 51.8%, 45.2%, 41.6%, 50.2%, 47.6%, 50.6%, 54.0%, 53.8%, 56.2%, 55.4%, 52.2%, 49.8%, 35.0%, 45.8%, 39.8%, 53.2%, 37.4%]",,,,
17,parallel,44,44,0.046340772,1.903739529,1.776262805,0.000111111,47.58888889,"[38.4%, 51.8%, 45.2%, 41.6%, 50.2%, 47.6%, 50.6%, 54.0%, 53.8%, 56.2%, 55.4%, 52.2%, 49.8%, 35.0%, 45.8%, 39.8%, 53.2%, 36.0%]",,,,
17,parallel,45,45,0.045485763,1.782578008,1.704734474,0.000111111,47.8,"[38.4%, 51.8%, 45.2%, 41.6%, 50.2%, 47.6%, 50.6%, 54.0%, 53.8%, 56.2%, 55.4%, 52.2%, 49.8%, 35.0%, 45.8%, 39.8%, 53.2%, 39.8%]",,,,
17,parallel,46,46,0.044717407,1.774781645,1.70903331,0.000111111,47.83333333,"[38.4%, 51.8%, 45.2%, 41.6%, 50.2%, 47.6%, 50.6%, 54.0%, 53.8%, 56.2%, 55.4%, 52.2%, 49.8%, 35.0%, 45.8%, 39.8%, 53.2%, 40.4%]",,,,
17,parallel,47,47,0.044035703,1.741039785,1.672599509,0.000111111,47.71111111,"[38.4%, 51.8%, 45.2%, 41.6%, 50.2%, 47.6%, 50.6%, 54.0%, 53.8%, 56.2%, 55.4%, 52.2%, 49.8%, 35.0%, 45.8%, 39.8%, 53.2%, 38.2%]",,,,
17,parallel,48,48,0.043440651,1.71922517,1.701169401,0.000111111,47.57777778,"[38.4%, 51.8%, 45.2%, 41.6%, 50.2%, 47.6%, 50.6%, 54.0%, 53.8%, 56.2%, 55.4%, 52.2%, 49.8%, 35.0%, 45.8%, 39.8%, 53.2%, 35.8%]",,,,
17,parallel,49,49,0.042932253,1.805530731,1.773714975,0.000111111,47.83333333,"[38.4%, 51.8%, 45.2%, 41.6%, 50.2%, 47.6%, 50.6%, 54.0%, 53.8%, 56.2%, 55.4%, 52.2%, 49.8%, 35.0%, 45.8%, 39.8%, 53.2%, 40.4%]",,,,
17,parallel,50,50,0.042510507,1.761973467,1.715895593,0.000111111,47.62222222,"[38.4%, 51.8%, 45.2%, 41.6%, 50.2%, 47.6%, 50.6%, 54.0%, 53.8%, 56.2%, 55.4%, 52.2%, 49.8%, 35.0%, 45.8%, 39.8%, 53.2%, 36.6%]",,,,
17,parallel,51,51,0.042175413,1.723981534,1.699442402,0.000111111,47.65555556,"[38.4%, 51.8%, 45.2%, 41.6%, 50.2%, 47.6%, 50.6%, 54.0%, 53.8%, 56.2%, 55.4%, 52.2%, 49.8%, 35.0%, 45.8%, 39.8%, 53.2%, 37.2%]",,,,
17,parallel,52,52,0.041926973,1.70712905,1.644556776,0.000111111,47.68888889,"[38.4%, 51.8%, 45.2%, 41.6%, 50.2%, 47.6%, 50.6%, 54.0%, 53.8%, 56.2%, 55.4%, 52.2%, 49.8%, 35.0%, 45.8%, 39.8%, 53.2%, 37.8%]",,,,
17,parallel,53,53,0.041765184,1.681930682,1.681287751,0.000111111,47.7,"[38.4%, 51.8%, 45.2%, 41.6%, 50.2%, 47.6%, 50.6%, 54.0%, 53.8%, 56.2%, 55.4%, 52.2%, 49.8%, 35.0%, 45.8%, 39.8%, 53.2%, 38.0%]",,,,
17,parallel,54,54,0.041690049,1.67217374,1.676978931,0.000111111,47.66666667,"[38.4%, 51.8%, 45.2%, 41.6%, 50.2%, 47.6%, 50.6%, 54.0%, 53.8%, 56.2%, 55.4%, 52.2%, 49.8%, 35.0%, 45.8%, 39.8%, 53.2%, 37.4%]",,,,
17,parallel,55,55,0.041684211,1.665513309,1.647344902,0.000111111,47.71111111,"[38.4%, 51.8%, 45.2%, 41.6%, 50.2%, 47.6%, 50.6%, 54.0%, 53.8%, 56.2%, 55.4%, 52.2%, 49.8%, 35.0%, 45.8%, 39.8%, 53.2%, 38.2%]",,,,
17,weights,1,56,0.041684211,1.646307191,1.619762614,0.000111111,47.81111111,"[38.4%, 51.8%, 45.2%, 41.6%, 50.2%, 47.6%, 50.6%, 54.0%, 53.8%, 56.2%, 55.4%, 52.2%, 49.8%, 35.0%, 45.8%, 39.8%, 53.2%, 40.0%]",,,,
17,weights,2,57,0.041684211,1.648483067,1.631971806,0.000111111,47.88888889,"[38.4%, 51.8%, 45.2%, 41.6%, 50.2%, 47.6%, 50.6%, 54.0%, 53.8%, 56.2%, 55.4%, 52.2%, 49.8%, 35.0%, 45.8%, 39.8%, 53.2%, 41.4%]",,,,
17,weights,3,58,0.041684211,1.637759799,1.606797069,0.000111111,47.87777778,"[38.4%, 51.8%, 45.2%, 41.6%, 50.2%, 47.6%, 50.6%, 54.0%, 53.8%, 56.2%, 55.4%, 52.2%, 49.8%, 35.0%, 45.8%, 39.8%, 53.2%, 41.2%]",,,,
17,weights,4,59,0.041684211,1.622426157,1.60179247,0.000111111,47.78888889,"[38.4%, 51.8%, 45.2%, 41.6%, 50.2%, 47.6%, 50.6%, 54.0%, 53.8%, 56.2%, 55.4%, 52.2%, 49.8%, 35.0%, 45.8%, 39.8%, 53.2%, 39.6%]",,,,
17,weights,5,60,0.041684211,1.619971429,1.60712719,0.000111111,47.73333333,"[38.4%, 51.8%, 45.2%, 41.6%, 50.2%, 47.6%, 50.6%, 54.0%, 53.8%, 56.2%, 55.4%, 52.2%, 49.8%, 35.0%, 45.8%, 39.8%, 53.2%, 38.6%]",,,,
17,weights,6,61,0.041684211,1.629292636,1.6558735,0.000111111,47.78888889,"[38.4%, 51.8%, 45.2%, 41.6%, 50.2%, 47.6%, 50.6%, 54.0%, 53.8%, 56.2%, 55.4%, 52.2%, 49.8%, 35.0%, 45.8%, 39.8%, 53.2%, 39.6%]",,,,
17,weights,7,62,0.041684211,1.616827354,1.615543529,0.000111111,47.76666667,"[38.4%, 51.8%, 45.2%, 41.6%, 50.2%, 47.6%, 50.6%, 54.0%, 53.8%, 56.2%, 55.4%, 52.2%, 49.8%, 35.0%, 45.8%, 39.8%, 53.2%, 39.2%]",,,,
17,weights,8,63,0.041684211,1.618106824,1.556824341,0.000111111,47.83333333,"[38.4%, 51.8%, 45.2%, 41.6%, 50.2%, 47.6%, 50.6%, 54.0%, 53.8%, 56.2%, 55.4%, 52.2%, 49.8%, 35.0%, 45.8%, 39.8%, 53.2%, 40.4%]",,,,
17,weights,9,64,0.041684211,1.595794961,1.637751982,0.000111111,47.65555556,"[38.4%, 51.8%, 45.2%, 41.6%, 50.2%, 47.6%, 50.6%, 54.0%, 53.8%, 56.2%, 55.4%, 52.2%, 49.8%, 35.0%, 45.8%, 39.8%, 53.2%, 37.2%]",,,,
17,weights,10,65,0.041684211,1.60966961,1.636653729,0.000111111,47.7,"[38.4%, 51.8%, 45.2%, 41.6%, 50.2%, 47.6%, 50.6%, 54.0%, 53.8%, 56.2%, 55.4%, 52.2%, 49.8%, 35.0%, 45.8%, 39.8%, 53.2%, 38.0%]",,,,
17,weights,11,66,0.041684211,1.60152566,1.558733597,0.000111111,47.95555556,"[38.4%, 51.8%, 45.2%, 41.6%, 50.2%, 47.6%, 50.6%, 54.0%, 53.8%, 56.2%, 55.4%, 52.2%, 49.8%, 35.0%, 45.8%, 39.8%, 53.2%, 42.6%]",,,,
17,weights,12,67,0.041684211,1.584409008,1.588086687,0.000111111,47.88888889,"[38.4%, 51.8%, 45.2%, 41.6%, 50.2%, 47.6%, 50.6%, 54.0%, 53.8%, 56.2%, 55.4%, 52.2%, 49.8%, 35.0%, 45.8%, 39.8%, 53.2%, 41.4%]",,,,
17,weights,13,68,0.041684211,1.586751799,1.575654551,0.000111111,47.88888889,"[38.4%, 51.8%, 45.2%, 41.6%, 50.2%, 47.6%, 50.6%, 54.0%, 53.8%, 56.2%, 55.4%, 52.2%, 49.8%, 35.0%, 45.8%, 39.8%, 53.2%, 41.4%]",,,,
17,weights,14,69,0.041684211,1.582480702,1.572944619,0.000111111,47.92222222,"[38.4%, 51.8%, 45.2%, 41.6%, 50.2%, 47.6%, 50.6%, 54.0%, 53.8%, 56.2%, 55.4%, 52.2%, 49.8%, 35.0%, 45.8%, 39.8%, 53.2%, 42.0%]",,,,
17,weights,15,70,0.041684211,1.567713245,1.580120817,0.000111111,47.85555556,"[38.4%, 51.8%, 45.2%, 41.6%, 50.2%, 47.6%, 50.6%, 54.0%, 53.8%, 56.2%, 55.4%, 52.2%, 49.8%, 35.0%, 45.8%, 39.8%, 53.2%, 40.8%]",,,,
17,weights,16,71,0.041684211,1.566223938,1.529422775,0.000111111,47.87777778,"[38.4%, 51.8%, 45.2%, 41.6%, 50.2%, 47.6%, 50.6%, 54.0%, 53.8%, 56.2%, 55.4%, 52.2%, 49.8%, 35.0%, 45.8%, 39.8%, 53.2%, 41.2%]",,,,
17,weights,17,72,0.041684211,1.576342353,1.559084862,0.000111111,47.87777778,"[38.4%, 51.8%, 45.2%, 41.6%, 50.2%, 47.6%, 50.6%, 54.0%, 53.8%, 56.2%, 55.4%, 52.2%, 49.8%, 35.0%, 45.8%, 39.8%, 53.2%, 41.2%]",,,,
17,weights,18,73,0.041684211,1.567051583,1.522689283,0.000111111,47.96666667,"[38.4%, 51.8%, 45.2%, 41.6%, 50.2%, 47.6%, 50.6%, 54.0%, 53.8%, 56.2%, 55.4%, 52.2%, 49.8%, 35.0%, 45.8%, 39.8%, 53.2%, 42.8%]",,,,
17,weights,19,74,0.041684211,1.56534067,1.562280536,0.000111111,48,"[38.4%, 51.8%, 45.2%, 41.6%, 50.2%, 47.6%, 50.6%, 54.0%, 53.8%, 56.2%, 55.4%, 52.2%, 49.8%, 35.0%, 45.8%, 39.8%, 53.2%, 43.4%]",,,,
17,weights,20,75,0.041684211,1.549996764,1.584609427,0.000111111,47.81111111,"[38.4%, 51.8%, 45.2%, 41.6%, 50.2%, 47.6%, 50.6%, 54.0%, 53.8%, 56.2%, 55.4%, 52.2%, 49.8%, 35.0%, 45.8%, 39.8%, 53.2%, 40.0%]",,,,
17,weights,21,76,0.041684211,1.555842067,1.535983674,0.000111111,47.96666667,"[38.4%, 51.8%, 45.2%, 41.6%, 50.2%, 47.6%, 50.6%, 54.0%, 53.8%, 56.2%, 55.4%, 52.2%, 49.8%, 35.0%, 45.8%, 39.8%, 53.2%, 42.8%]",,,,
17,weights,22,77,0.041684211,1.532384341,1.496209219,0.000111111,48.21111111,"[38.4%, 51.8%, 45.2%, 41.6%, 50.2%, 47.6%, 50.6%, 54.0%, 53.8%, 56.2%, 55.4%, 52.2%, 49.8%, 35.0%, 45.8%, 39.8%, 53.2%, 47.2%]",,,,
17,weights,23,78,0.041684211,1.547517365,1.560671486,0.000111111,47.96666667,"[38.4%, 51.8%, 45.2%, 41.6%, 50.2%, 47.6%, 50.6%, 54.0%, 53.8%, 56.2%, 55.4%, 52.2%, 49.8%, 35.0%, 45.8%, 39.8%, 53.2%, 42.8%]",,,,
17,weights,24,79,0.041684211,1.523904663,1.497741953,0.000111111,48,"[38.4%, 51.8%, 45.2%, 41.6%, 50.2%, 47.6%, 50.6%, 54.0%, 53.8%, 56.2%, 55.4%, 52.2%, 49.8%, 35.0%, 45.8%, 39.8%, 53.2%, 43.4%]",,,,
17,weights,25,80,0.041684211,1.534447033,1.50241363,0.000111111,48.07777778,"[38.4%, 51.8%, 45.2%, 41.6%, 50.2%, 47.6%, 50.6%, 54.0%, 53.8%, 56.2%, 55.4%, 52.2%, 49.8%, 35.0%, 45.8%, 39.8%, 53.2%, 44.8%]",12.96666667,"[10.8%, 40.2%, 29.4%, 0.0%, 22.4%, 8.6%, 0.0%, 9.2%, 0.0%, 22.8%, 35.6%, 38.8%, 15.6%, 0.0%, 0.0%, 0.0%, 0.0%, 0.0%]",30.26666667,"[21%, 36.1%, 35.9%, 30%, 25.3%, 27.4%, 31.5%, 36.8%, 38.5%, 27.9%, 45.2%, 29%, 36.5%, 3.4%, 42.1%, 30.1%, 18.1%, 30.4%]"
18,parallel,1,1,0.1,15.89236786,10.69338655,0.000111111,45.54736842,"[38.4%, 51.8%, 45.2%, 41.6%, 50.2%, 47.6%, 50.6%, 54.0%, 53.8%, 56.2%, 55.4%, 52.2%, 49.8%, 35.0%, 45.8%, 39.8%, 53.2%, 44.8%, 0.0%]",,,,
18,parallel,2,2,0.1,8.555449407,6.560729265,0.000111111,45.54736842,"[38.4%, 51.8%, 45.2%, 41.6%, 50.2%, 47.6%, 50.6%, 54.0%, 53.8%, 56.2%, 55.4%, 52.2%, 49.8%, 35.0%, 45.8%, 39.8%, 53.2%, 44.8%, 0.0%]",,,,
18,parallel,3,3,0.1,4.863058407,3.382476568,0.000111111,45.54736842,"[38.4%, 51.8%, 45.2%, 41.6%, 50.2%, 47.6%, 50.6%, 54.0%, 53.8%, 56.2%, 55.4%, 52.2%, 49.8%, 35.0%, 45.8%, 39.8%, 53.2%, 44.8%, 0.0%]",,,,
18,parallel,4,4,0.1,2.825353402,2.52313599,0.000111111,46.07368421,"[38.4%, 51.8%, 45.2%, 41.6%, 50.2%, 47.6%, 50.6%, 54.0%, 53.8%, 56.2%, 55.4%, 52.2%, 49.8%, 35.0%, 45.8%, 39.8%, 53.2%, 44.8%, 10.0%]",,,,
18,parallel,5,5,0.098506779,2.447669168,2.394482464,0.000111111,46.07368421,"[38.4%, 51.8%, 45.2%, 41.6%, 50.2%, 47.6%, 50.6%, 54.0%, 53.8%, 56.2%, 55.4%, 52.2%, 49.8%, 35.0%, 45.8%, 39.8%, 53.2%, 44.8%, 10.0%]",,,,
18,parallel,6,6,0.096186261,2.441563543,2.38553533,0.000111111,46.07368421,"[38.4%, 51.8%, 45.2%, 41.6%, 50.2%, 47.6%, 50.6%, 54.0%, 53.8%, 56.2%, 55.4%, 52.2%, 49.8%, 35.0%, 45.8%, 39.8%, 53.2%, 44.8%, 10.0%]",,,,
18,parallel,7,7,0.09391323,2.430109003,2.381665289,0.000111111,46.07368421,"[38.4%, 51.8%, 45.2%, 41.6%, 50.2%, 47.6%, 50.6%, 54.0%, 53.8%, 56.2%, 55.4%, 52.2%, 49.8%, 35.0%, 45.8%, 39.8%, 53.2%, 44.8%, 10.0%]",,,,
18,parallel,8,8,0.091687684,2.369685288,2.345953524,0.000111111,46.07368421,"[38.4%, 51.8%, 45.2%, 41.6%, 50.2%, 47.6%, 50.6%, 54.0%, 53.8%, 56.2%, 55.4%, 52.2%, 49.8%, 35.0%, 45.8%, 39.8%, 53.2%, 44.8%, 10.0%]",,,,
18,parallel,9,9,0.089509625,2.342460162,2.334304243,0.000111111,46.07368421,"[38.4%, 51.8%, 45.2%, 41.6%, 50.2%, 47.6%, 50.6%, 54.0%, 53.8%, 56.2%, 55.4%, 52.2%, 49.8%, 35.0%, 45.8%, 39.8%, 53.2%, 44.8%, 10.0%]",,,,
18,parallel,10,10,0.087379053,2.329615825,2.326592535,0.000111111,46.07368421,"[38.4%, 51.8%, 45.2%, 41.6%, 50.2%, 47.6%, 50.6%, 54.0%, 53.8%, 56.2%, 55.4%, 52.2%, 49.8%, 35.0%, 45.8%, 39.8%, 53.2%, 44.8%, 10.0%]",,,,
18,parallel,11,11,0.085295966,2.326317054,2.322133303,0.000111111,46.07368421,"[38.4%, 51.8%, 45.2%, 41.6%, 50.2%, 47.6%, 50.6%, 54.0%, 53.8%, 56.2%, 55.4%, 52.2%, 49.8%, 35.0%, 45.8%, 39.8%, 53.2%, 44.8%, 10.0%]",,,,
18,parallel,12,12,0.083260366,2.321587892,2.317007959,0.000111111,46.07368421,"[38.4%, 51.8%, 45.2%, 41.6%, 50.2%, 47.6%, 50.6%, 54.0%, 53.8%, 56.2%, 55.4%, 52.2%, 49.8%, 35.0%, 45.8%, 39.8%, 53.2%, 44.8%, 10.0%]",,,,
18,parallel,13,13,0.081272252,2.324272231,2.319009095,0.000111111,46.07368421,"[38.4%, 51.8%, 45.2%, 41.6%, 50.2%, 47.6%, 50.6%, 54.0%, 53.8%, 56.2%, 55.4%, 52.2%, 49.8%, 35.0%, 45.8%, 39.8%, 53.2%, 44.8%, 10.0%]",,,,
18,parallel,14,14,0.079331625,2.321410608,2.322286367,0.000111111,46.17894737,"[38.4%, 51.8%, 45.2%, 41.6%, 50.2%, 47.6%, 50.6%, 54.0%, 53.8%, 56.2%, 55.4%, 52.2%, 49.8%, 35.0%, 45.8%, 39.8%, 53.2%, 44.8%, 12.0%]",,,,
18,parallel,15,15,0.077438484,2.322405586,2.322370172,0.000111111,46.07368421,"[38.4%, 51.8%, 45.2%, 41.6%, 50.2%, 47.6%, 50.6%, 54.0%, 53.8%, 56.2%, 55.4%, 52.2%, 49.8%, 35.0%, 45.8%, 39.8%, 53.2%, 44.8%, 10.0%]",,,,
18,parallel,16,16,0.075592829,2.317718777,2.315844953,0.000111111,46.07368421,"[38.4%, 51.8%, 45.2%, 41.6%, 50.2%, 47.6%, 50.6%, 54.0%, 53.8%, 56.2%, 55.4%, 52.2%, 49.8%, 35.0%, 45.8%, 39.8%, 53.2%, 44.8%, 10.0%]",,,,
18,parallel,17,17,0.07379466,2.317115657,2.311986923,0.000111111,46.07368421,"[38.4%, 51.8%, 45.2%, 41.6%, 50.2%, 47.6%, 50.6%, 54.0%, 53.8%, 56.2%, 55.4%, 52.2%, 49.8%, 35.0%, 45.8%, 39.8%, 53.2%, 44.8%, 10.0%]",,,,
18,parallel,18,18,0.072043978,2.310857055,2.298423111,0.000111111,46.24210526,"[38.4%, 51.8%, 45.2%, 41.6%, 50.2%, 47.6%, 50.6%, 54.0%, 53.8%, 56.2%, 55.4%, 52.2%, 49.8%, 35.0%, 45.8%, 39.8%, 53.2%, 44.8%, 13.2%]",,,,
18,parallel,19,19,0.070340782,2.245861171,2.218631729,0.000111111,46.37894737,"[38.4%, 51.8%, 45.2%, 41.6%, 50.2%, 47.6%, 50.6%, 54.0%, 53.8%, 56.2%, 55.4%, 52.2%, 49.8%, 35.0%, 45.8%, 39.8%, 53.2%, 44.8%, 15.8%]",,,,
18,parallel,20,20,0.068685073,2.182106718,2.164805189,0.000111111,46.50526316,"[38.4%, 51.8%, 45.2%, 41.6%, 50.2%, 47.6%, 50.6%, 54.0%, 53.8%, 56.2%, 55.4%, 52.2%, 49.8%, 35.0%, 45.8%, 39.8%, 53.2%, 44.8%, 18.2%]",,,,
18,parallel,21,21,0.067076849,2.157472375,2.148463964,0.000111111,46.55789474,"[38.4%, 51.8%, 45.2%, 41.6%, 50.2%, 47.6%, 50.6%, 54.0%, 53.8%, 56.2%, 55.4%, 52.2%, 49.8%, 35.0%, 45.8%, 39.8%, 53.2%, 44.8%, 19.2%]",,,,
18,parallel,22,22,0.065516112,2.177261363,2.200215071,0.000111111,46.34736842,"[38.4%, 51.8%, 45.2%, 41.6%, 50.2%, 47.6%, 50.6%, 54.0%, 53.8%, 56.2%, 55.4%, 52.2%, 49.8%, 35.0%, 45.8%, 39.8%, 53.2%, 44.8%, 15.2%]",,,,
18,parallel,23,23,0.064002862,2.15946281,2.266342044,0.000111111,46.35789474,"[38.4%, 51.8%, 45.2%, 41.6%, 50.2%, 47.6%, 50.6%, 54.0%, 53.8%, 56.2%, 55.4%, 52.2%, 49.8%, 35.0%, 45.8%, 39.8%, 53.2%, 44.8%, 15.4%]",,,,
18,parallel,24,24,0.062537097,2.129594549,2.170626208,0.000111111,46.43157895,"[38.4%, 51.8%, 45.2%, 41.6%, 50.2%, 47.6%, 50.6%, 54.0%, 53.8%, 56.2%, 55.4%, 52.2%, 49.8%, 35.0%, 45.8%, 39.8%, 53.2%, 44.8%, 16.8%]",,,,
18,parallel,25,25,0.061118819,2.206876607,2.180814222,0.000111111,46.29473684,"[38.4%, 51.8%, 45.2%, 41.6%, 50.2%, 47.6%, 50.6%, 54.0%, 53.8%, 56.2%, 55.4%, 52.2%, 49.8%, 35.0%, 45.8%, 39.8%, 53.2%, 44.8%, 14.2%]",,,,
18,parallel,26,26,0.059748028,2.152380883,2.143921286,0.000111111,46.50526316,"[38.4%, 51.8%, 45.2%, 41.6%, 50.2%, 47.6%, 50.6%, 54.0%, 53.8%, 56.2%, 55.4%, 52.2%, 49.8%, 35.0%, 45.8%, 39.8%, 53.2%, 44.8%, 18.2%]",,,,
18,parallel,27,27,0.058424722,2.128305072,2.175772578,0.000111111,46.42105263,"[38.4%, 51.8%, 45.2%, 41.6%, 50.2%, 47.6%, 50.6%, 54.0%, 53.8%, 56.2%, 55.4%, 52.2%, 49.8%, 35.0%, 45.8%, 39.8%, 53.2%, 44.8%, 16.6%]",,,,
18,parallel,28,28,0.057148903,2.106068976,2.176118851,0.000111111,46.38947368,"[38.4%, 51.8%, 45.2%, 41.6%, 50.2%, 47.6%, 50.6%, 54.0%, 53.8%, 56.2%, 55.4%, 52.2%, 49.8%, 35.0%, 45.8%, 39.8%, 53.2%, 44.8%, 16.0%]",,,,
18,parallel,29,29,0.055920571,2.090760661,2.137519687,0.000111111,46.45263158,"[38.4%, 51.8%, 45.2%, 41.6%, 50.2%, 47.6%, 50.6%, 54.0%, 53.8%, 56.2%, 55.4%, 52.2%, 49.8%, 35.0%, 45.8%, 39.8%, 53.2%, 44.8%, 17.2%]",,,,
18,parallel,30,30,0.054739724,2.090221544,2.138459384,0.000111111,46.53684211,"[38.4%, 51.8%, 45.2%, 41.6%, 50.2%, 47.6%, 50.6%, 54.0%, 53.8%, 56.2%, 55.4%, 52.2%, 49.8%, 35.0%, 45.8%, 39.8%, 53.2%, 44.8%, 18.8%]",,,,
18,parallel,31,31,0.053606364,2.118107986,2.156494528,0.000111111,46.47368421,"[38.4%, 51.8%, 45.2%, 41.6%, 50.2%, 47.6%, 50.6%, 54.0%, 53.8%, 56.2%, 55.4%, 52.2%, 49.8%, 35.0%, 45.8%, 39.8%, 53.2%, 44.8%, 17.6%]",,,,
18,parallel,32,32,0.05252049,2.087639932,2.179405004,0.000111111,46.43157895,"[38.4%, 51.8%, 45.2%, 41.6%, 50.2%, 47.6%, 50.6%, 54.0%, 53.8%, 56.2%, 55.4%, 52.2%, 49.8%, 35.0%, 45.8%, 39.8%, 53.2%, 44.8%, 16.8%]",,,,
18,parallel,33,33,0.051482103,2.062885319,2.117532462,0.000111111,46.51578947,"[38.4%, 51.8%, 45.2%, 41.6%, 50.2%, 47.6%, 50.6%, 54.0%, 53.8%, 56.2%, 55.4%, 52.2%, 49.8%, 35.0%, 45.8%, 39.8%, 53.2%, 44.8%, 18.4%]",,,,
18,parallel,34,34,0.050491202,2.101733899,2.125806868,0.000111111,46.58947368,"[38.4%, 51.8%, 45.2%, 41.6%, 50.2%, 47.6%, 50.6%, 54.0%, 53.8%, 56.2%, 55.4%, 52.2%, 49.8%, 35.0%, 45.8%, 39.8%, 53.2%, 44.8%, 19.8%]",,,,
18,parallel,35,35,0.049547787,2.082025908,2.169458196,0.000111111,46.48421053,"[38.4%, 51.8%, 45.2%, 41.6%, 50.2%, 47.6%, 50.6%, 54.0%, 53.8%, 56.2%, 55.4%, 52.2%, 49.8%, 35.0%, 45.8%, 39.8%, 53.2%, 44.8%, 17.8%]",,,,
18,parallel,36,36,0.048651858,2.064986581,2.107304156,0.000111111,46.51578947,"[38.4%, 51.8%, 45.2%, 41.6%, 50.2%, 47.6%, 50.6%, 54.0%, 53.8%, 56.2%, 55.4%, 52.2%, 49.8%, 35.0%, 45.8%, 39.8%, 53.2%, 44.8%, 18.4%]",,,,
18,parallel,37,37,0.047803416,2.031469695,2.150992781,0.000111111,46.48421053,"[38.4%, 51.8%, 45.2%, 41.6%, 50.2%, 47.6%, 50.6%, 54.0%, 53.8%, 56.2%, 55.4%, 52.2%, 49.8%, 35.0%, 45.8%, 39.8%, 53.2%, 44.8%, 17.8%]",,,,
18,parallel,38,38,0.04700246,2.024185143,2.173157424,0.000111111,46.65263158,"[38.4%, 51.8%, 45.2%, 41.6%, 50.2%, 47.6%, 50.6%, 54.0%, 53.8%, 56.2%, 55.4%, 52.2%, 49.8%, 35.0%, 45.8%, 39.8%, 53.2%, 44.8%, 21.0%]",,,,
18,parallel,39,39,0.046248991,2.196179487,2.160788804,0.000111111,46.46315789,"[38.4%, 51.8%, 45.2%, 41.6%, 50.2%, 47.6%, 50.6%, 54.0%, 53.8%, 56.2%, 55.4%, 52.2%, 49.8%, 35.0%, 45.8%, 39.8%, 53.2%, 44.8%, 17.4%]",,,,
18,parallel,40,40,0.045543007,2.117566954,2.252107307,0.000111111,46.45263158,"[38.4%, 51.8%, 45.2%, 41.6%, 50.2%, 47.6%, 50.6%, 54.0%, 53.8%, 56.2%, 55.4%, 52.2%, 49.8%, 35.0%, 45.8%, 39.8%, 53.2%, 44.8%, 17.2%]",,,,
18,parallel,41,41,0.04488451,2.11238729,2.143207446,0.000111111,46.67368421,"[38.4%, 51.8%, 45.2%, 41.6%, 50.2%, 47.6%, 50.6%, 54.0%, 53.8%, 56.2%, 55.4%, 52.2%, 49.8%, 35.0%, 45.8%, 39.8%, 53.2%, 44.8%, 21.4%]",,,,
18,parallel,42,42,0.0442735,2.096275901,2.12962462,0.000111111,46.6,"[38.4%, 51.8%, 45.2%, 41.6%, 50.2%, 47.6%, 50.6%, 54.0%, 53.8%, 56.2%, 55.4%, 52.2%, 49.8%, 35.0%, 45.8%, 39.8%, 53.2%, 44.8%, 20.0%]",,,,
18,parallel,43,43,0.043709975,2.090074839,2.139827296,0.000111111,46.48421053,"[38.4%, 51.8%, 45.2%, 41.6%, 50.2%, 47.6%, 50.6%, 54.0%, 53.8%, 56.2%, 55.4%, 52.2%, 49.8%, 35.0%, 45.8%, 39.8%, 53.2%, 44.8%, 17.8%]",,,,
18,parallel,44,44,0.043193937,2.081974856,2.160528466,0.000111111,46.58947368,"[38.4%, 51.8%, 45.2%, 41.6%, 50.2%, 47.6%, 50.6%, 54.0%, 53.8%, 56.2%, 55.4%, 52.2%, 49.8%, 35.0%, 45.8%, 39.8%, 53.2%, 44.8%, 19.8%]",,,,
18,parallel,45,45,0.042725386,2.189620427,2.20956251,0.000111111,46.51578947,"[38.4%, 51.8%, 45.2%, 41.6%, 50.2%, 47.6%, 50.6%, 54.0%, 53.8%, 56.2%, 55.4%, 52.2%, 49.8%, 35.0%, 45.8%, 39.8%, 53.2%, 44.8%, 18.4%]",,,,
18,parallel,46,46,0.04230432,2.13074764,2.186385766,0.000111111,46.51578947,"[38.4%, 51.8%, 45.2%, 41.6%, 50.2%, 47.6%, 50.6%, 54.0%, 53.8%, 56.2%, 55.4%, 52.2%, 49.8%, 35.0%, 45.8%, 39.8%, 53.2%, 44.8%, 18.4%]",,,,
18,parallel,47,47,0.041930741,2.105240943,2.110625014,0.000111111,46.67368421,"[38.4%, 51.8%, 45.2%, 41.6%, 50.2%, 47.6%, 50.6%, 54.0%, 53.8%, 56.2%, 55.4%, 52.2%, 49.8%, 35.0%, 45.8%, 39.8%, 53.2%, 44.8%, 21.4%]",,,,
18,parallel,48,48,0.041604649,2.087508546,2.104764283,0.000111111,46.6,"[38.4%, 51.8%, 45.2%, 41.6%, 50.2%, 47.6%, 50.6%, 54.0%, 53.8%, 56.2%, 55.4%, 52.2%, 49.8%, 35.0%, 45.8%, 39.8%, 53.2%, 44.8%, 20.0%]",,,,
18,parallel,49,49,0.041326042,2.073562607,2.103050634,0.000111111,46.69473684,"[38.4%, 51.8%, 45.2%, 41.6%, 50.2%, 47.6%, 50.6%, 54.0%, 53.8%, 56.2%, 55.4%, 52.2%, 49.8%, 35.0%, 45.8%, 39.8%, 53.2%, 44.8%, 21.8%]",,,,
18,parallel,50,50,0.041094922,2.062006389,2.096908867,0.000111111,46.67368421,"[38.4%, 51.8%, 45.2%, 41.6%, 50.2%, 47.6%, 50.6%, 54.0%, 53.8%, 56.2%, 55.4%, 52.2%, 49.8%, 35.0%, 45.8%, 39.8%, 53.2%, 44.8%, 21.4%]",,,,
18,parallel,51,51,0.040911288,2.157182307,2.267897949,0.000111111,46.52631579,"[38.4%, 51.8%, 45.2%, 41.6%, 50.2%, 47.6%, 50.6%, 54.0%, 53.8%, 56.2%, 55.4%, 52.2%, 49.8%, 35.0%, 45.8%, 39.8%, 53.2%, 44.8%, 18.6%]",,,,
18,parallel,52,52,0.040775141,2.099892918,2.131636307,0.000111111,46.70526316,"[38.4%, 51.8%, 45.2%, 41.6%, 50.2%, 47.6%, 50.6%, 54.0%, 53.8%, 56.2%, 55.4%, 52.2%, 49.8%, 35.0%, 45.8%, 39.8%, 53.2%, 44.8%, 22.0%]",,,,
18,parallel,53,53,0.04068648,2.073935047,2.207186967,0.000111111,46.52631579,"[38.4%, 51.8%, 45.2%, 41.6%, 50.2%, 47.6%, 50.6%, 54.0%, 53.8%, 56.2%, 55.4%, 52.2%, 49.8%, 35.0%, 45.8%, 39.8%, 53.2%, 44.8%, 18.6%]",,,,
18,parallel,54,54,0.040645305,2.064987599,2.170830205,0.000111111,46.66315789,"[38.4%, 51.8%, 45.2%, 41.6%, 50.2%, 47.6%, 50.6%, 54.0%, 53.8%, 56.2%, 55.4%, 52.2%, 49.8%, 35.0%, 45.8%, 39.8%, 53.2%, 44.8%, 21.2%]",,,,
18,parallel,55,55,0.040642105,2.049279082,2.120727971,0.000111111,46.65263158,"[38.4%, 51.8%, 45.2%, 41.6%, 50.2%, 47.6%, 50.6%, 54.0%, 53.8%, 56.2%, 55.4%, 52.2%, 49.8%, 35.0%, 45.8%, 39.8%, 53.2%, 44.8%, 21.0%]",,,,
18,weights,1,56,0.040642105,2.05251667,2.084972382,0.000111111,46.72631579,"[38.4%, 51.8%, 45.2%, 41.6%, 50.2%, 47.6%, 50.6%, 54.0%, 53.8%, 56.2%, 55.4%, 52.2%, 49.8%, 35.0%, 45.8%, 39.8%, 53.2%, 44.8%, 22.4%]",,,,
18,weights,2,57,0.040642105,2.031944046,2.114571482,0.000111111,46.66315789,"[38.4%, 51.8%, 45.2%, 41.6%, 50.2%, 47.6%, 50.6%, 54.0%, 53.8%, 56.2%, 55.4%, 52.2%, 49.8%, 35.0%, 45.8%, 39.8%, 53.2%, 44.8%, 21.2%]",,,,
18,weights,3,58,0.040642105,2.052290809,2.086264506,0.000111111,46.75789474,"[38.4%, 51.8%, 45.2%, 41.6%, 50.2%, 47.6%, 50.6%, 54.0%, 53.8%, 56.2%, 55.4%, 52.2%, 49.8%, 35.0%, 45.8%, 39.8%, 53.2%, 44.8%, 23.0%]",,,,
18,weights,4,59,0.040642105,2.043142516,2.049744487,0.000111111,46.74736842,"[38.4%, 51.8%, 45.2%, 41.6%, 50.2%, 47.6%, 50.6%, 54.0%, 53.8%, 56.2%, 55.4%, 52.2%, 49.8%, 35.0%, 45.8%, 39.8%, 53.2%, 44.8%, 22.8%]",,,,
18,weights,5,60,0.040642105,2.036015891,2.067093894,0.000111111,46.82105263,"[38.4%, 51.8%, 45.2%, 41.6%, 50.2%, 47.6%, 50.6%, 54.0%, 53.8%, 56.2%, 55.4%, 52.2%, 49.8%, 35.0%, 45.8%, 39.8%, 53.2%, 44.8%, 24.2%]",,,,
18,weights,6,61,0.040642105,2.031681396,2.06300509,0.000111111,46.71578947,"[38.4%, 51.8%, 45.2%, 41.6%, 50.2%, 47.6%, 50.6%, 54.0%, 53.8%, 56.2%, 55.4%, 52.2%, 49.8%, 35.0%, 45.8%, 39.8%, 53.2%, 44.8%, 22.2%]",,,,
18,weights,7,62,0.040642105,2.044190988,2.064975128,0.000111111,46.69473684,"[38.4%, 51.8%, 45.2%, 41.6%, 50.2%, 47.6%, 50.6%, 54.0%, 53.8%, 56.2%, 55.4%, 52.2%, 49.8%, 35.0%, 45.8%, 39.8%, 53.2%, 44.8%, 21.8%]",,,,
18,weights,8,63,0.040642105,2.021126761,2.096999437,0.000111111,46.50526316,"[38.4%, 51.8%, 45.2%, 41.6%, 50.2%, 47.6%, 50.6%, 54.0%, 53.8%, 56.2%, 55.4%, 52.2%, 49.8%, 35.0%, 45.8%, 39.8%, 53.2%, 44.8%, 18.2%]",,,,
18,weights,9,64,0.040642105,2.023463444,2.074534744,0.000111111,46.77894737,"[38.4%, 51.8%, 45.2%, 41.6%, 50.2%, 47.6%, 50.6%, 54.0%, 53.8%, 56.2%, 55.4%, 52.2%, 49.8%, 35.0%, 45.8%, 39.8%, 53.2%, 44.8%, 23.4%]",,,,
18,weights,10,65,0.040642105,2.014652269,2.078610033,0.000111111,46.72631579,"[38.4%, 51.8%, 45.2%, 41.6%, 50.2%, 47.6%, 50.6%, 54.0%, 53.8%, 56.2%, 55.4%, 52.2%, 49.8%, 35.0%, 45.8%, 39.8%, 53.2%, 44.8%, 22.4%]",,,,
18,weights,11,66,0.040642105,2.030274697,2.103315845,0.000111111,46.72631579,"[38.4%, 51.8%, 45.2%, 41.6%, 50.2%, 47.6%, 50.6%, 54.0%, 53.8%, 56.2%, 55.4%, 52.2%, 49.8%, 35.0%, 45.8%, 39.8%, 53.2%, 44.8%, 22.4%]",,,,
18,weights,12,67,0.040642105,2.00660229,2.066790208,0.000111111,46.78947368,"[38.4%, 51.8%, 45.2%, 41.6%, 50.2%, 47.6%, 50.6%, 54.0%, 53.8%, 56.2%, 55.4%, 52.2%, 49.8%, 35.0%, 45.8%, 39.8%, 53.2%, 44.8%, 23.6%]",,,,
18,weights,13,68,0.040642105,2.00702328,2.052577749,0.000111111,46.70526316,"[38.4%, 51.8%, 45.2%, 41.6%, 50.2%, 47.6%, 50.6%, 54.0%, 53.8%, 56.2%, 55.4%, 52.2%, 49.8%, 35.0%, 45.8%, 39.8%, 53.2%, 44.8%, 22.0%]",,,,
18,weights,14,69,0.040642105,1.999645334,2.031035289,0.000111111,46.82105263,"[38.4%, 51.8%, 45.2%, 41.6%, 50.2%, 47.6%, 50.6%, 54.0%, 53.8%, 56.2%, 55.4%, 52.2%, 49.8%, 35.0%, 45.8%, 39.8%, 53.2%, 44.8%, 24.2%]",,,,
18,weights,15,70,0.040642105,2.013390008,2.081903219,0.000111111,46.61052632,"[38.4%, 51.8%, 45.2%, 41.6%, 50.2%, 47.6%, 50.6%, 54.0%, 53.8%, 56.2%, 55.4%, 52.2%, 49.8%, 35.0%, 45.8%, 39.8%, 53.2%, 44.8%, 20.2%]",,,,
18,weights,16,71,0.040642105,2.004981169,2.116646573,0.000111111,46.66315789,"[38.4%, 51.8%, 45.2%, 41.6%, 50.2%, 47.6%, 50.6%, 54.0%, 53.8%, 56.2%, 55.4%, 52.2%, 49.8%, 35.0%, 45.8%, 39.8%, 53.2%, 44.8%, 21.2%]",,,,
18,weights,17,72,0.040642105,2.002225431,2.1087946,0.000111111,46.62105263,"[38.4%, 51.8%, 45.2%, 41.6%, 50.2%, 47.6%, 50.6%, 54.0%, 53.8%, 56.2%, 55.4%, 52.2%, 49.8%, 35.0%, 45.8%, 39.8%, 53.2%, 44.8%, 20.4%]",,,,
18,weights,18,73,0.040642105,1.983768984,2.114445671,0.000111111,46.67368421,"[38.4%, 51.8%, 45.2%, 41.6%, 50.2%, 47.6%, 50.6%, 54.0%, 53.8%, 56.2%, 55.4%, 52.2%, 49.8%, 35.0%, 45.8%, 39.8%, 53.2%, 44.8%, 21.4%]",,,,
18,weights,19,74,0.040642105,2.002160993,2.122850522,0.000111111,46.58947368,"[38.4%, 51.8%, 45.2%, 41.6%, 50.2%, 47.6%, 50.6%, 54.0%, 53.8%, 56.2%, 55.4%, 52.2%, 49.8%, 35.0%, 45.8%, 39.8%, 53.2%, 44.8%, 19.8%]",,,,
18,weights,20,75,0.040642105,1.990143637,2.008436963,0.000111111,46.8,"[38.4%, 51.8%, 45.2%, 41.6%, 50.2%, 47.6%, 50.6%, 54.0%, 53.8%, 56.2%, 55.4%, 52.2%, 49.8%, 35.0%, 45.8%, 39.8%, 53.2%, 44.8%, 23.8%]",,,,
18,weights,21,76,0.040642105,1.984377737,2.098643392,0.000111111,46.83157895,"[38.4%, 51.8%, 45.2%, 41.6%, 50.2%, 47.6%, 50.6%, 54.0%, 53.8%, 56.2%, 55.4%, 52.2%, 49.8%, 35.0%, 45.8%, 39.8%, 53.2%, 44.8%, 24.4%]",,,,
18,weights,22,77,0.040642105,1.972027198,2.033857644,0.000111111,46.70526316,"[38.4%, 51.8%, 45.2%, 41.6%, 50.2%, 47.6%, 50.6%, 54.0%, 53.8%, 56.2%, 55.4%, 52.2%, 49.8%, 35.0%, 45.8%, 39.8%, 53.2%, 44.8%, 22.0%]",,,,
18,weights,23,78,0.040642105,1.988860738,2.002120361,0.000111111,46.77894737,"[38.4%, 51.8%, 45.2%, 41.6%, 50.2%, 47.6%, 50.6%, 54.0%, 53.8%, 56.2%, 55.4%, 52.2%, 49.8%, 35.0%, 45.8%, 39.8%, 53.2%, 44.8%, 23.4%]",,,,
18,weights,24,79,0.040642105,1.97993379,2.009803176,0.000111111,46.81052632,"[38.4%, 51.8%, 45.2%, 41.6%, 50.2%, 47.6%, 50.6%, 54.0%, 53.8%, 56.2%, 55.4%, 52.2%, 49.8%, 35.0%, 45.8%, 39.8%, 53.2%, 44.8%, 24.0%]",,,,
18,weights,25,80,0.040642105,1.983165163,2.028706357,0.000111111,46.90526316,"[38.4%, 51.8%, 45.2%, 41.6%, 50.2%, 47.6%, 50.6%, 54.0%, 53.8%, 56.2%, 55.4%, 52.2%, 49.8%, 35.0%, 45.8%, 39.8%, 53.2%, 44.8%, 25.8%]",12.28421053,"[10.8%, 40.2%, 29.4%, 0.0%, 22.4%, 8.6%, 0.0%, 9.2%, 0.0%, 22.8%, 35.6%, 38.8%, 15.6%, 0.0%, 0.0%, 0.0%, 0.0%, 0.0%, 0.0%]",30.97368421,"[20.1%, 43.2%, 35.9%, 31.2%, 24.8%, 27.2%, 31.7%, 37.3%, 21.3%, 43%, 49.9%, 28.5%, 44.8%, 3%, 45.6%, 21.4%, 31.9%, 37.3%, 9.7%]"
19,parallel,1,1,0.05,7.685353979,6.53121388,0.000111111,44.56,"[38.4%, 51.8%, 45.2%, 41.6%, 50.2%, 47.6%, 50.6%, 54.0%, 53.8%, 56.2%, 55.4%, 52.2%, 49.8%, 35.0%, 45.8%, 39.8%, 53.2%, 44.8%, 25.8%, 0.0%]",,,,
19,parallel,2,2,0.05,6.128303866,5.780809283,0.000111111,44.56,"[38.4%, 51.8%, 45.2%, 41.6%, 50.2%, 47.6%, 50.6%, 54.0%, 53.8%, 56.2%, 55.4%, 52.2%, 49.8%, 35.0%, 45.8%, 39.8%, 53.2%, 44.8%, 25.8%, 0.0%]",,,,
19,parallel,3,3,0.05,5.275672037,4.623259604,0.000111111,44.56,"[38.4%, 51.8%, 45.2%, 41.6%, 50.2%, 47.6%, 50.6%, 54.0%, 53.8%, 56.2%, 55.4%, 52.2%, 49.8%, 35.0%, 45.8%, 39.8%, 53.2%, 44.8%, 25.8%, 0.0%]",,,,
19,parallel,4,4,0.05,3.891052252,3.202464193,0.000111111,45.06,"[38.4%, 51.8%, 45.2%, 41.6%, 50.2%, 47.6%, 50.6%, 54.0%, 53.8%, 56.2%, 55.4%, 52.2%, 49.8%, 35.0%, 45.8%, 39.8%, 53.2%, 44.8%, 25.8%, 10.0%]",,,,
19,parallel,5,5,0.049738375,2.833474742,2.574074119,0.000111111,45.06,"[38.4%, 51.8%, 45.2%, 41.6%, 50.2%, 47.6%, 50.6%, 54.0%, 53.8%, 56.2%, 55.4%, 52.2%, 49.8%, 35.0%, 45.8%, 39.8%, 53.2%, 44.8%, 25.8%, 10.0%]",,,,
19,parallel,6,6,0.049331801,2.483153651,2.418446392,0.000111111,45.06,"[38.4%, 51.8%, 45.2%, 41.6%, 50.2%, 47.6%, 50.6%, 54.0%, 53.8%, 56.2%, 55.4%, 52.2%, 49.8%, 35.0%, 45.8%, 39.8%, 53.2%, 44.8%, 25.8%, 10.0%]",,,,
19,parallel,7,7,0.048933547,2.393990972,2.371835351,0.000111111,45.06,"[38.4%, 51.8%, 45.2%, 41.6%, 50.2%, 47.6%, 50.6%, 54.0%, 53.8%, 56.2%, 55.4%, 52.2%, 49.8%, 35.0%, 45.8%, 39.8%, 53.2%, 44.8%, 25.8%, 10.0%]",,,,
19,parallel,8,8,0.048543613,2.36417605,2.350212574,0.000111111,45.06,"[38.4%, 51.8%, 45.2%, 41.6%, 50.2%, 47.6%, 50.6%, 54.0%, 53.8%, 56.2%, 55.4%, 52.2%, 49.8%, 35.0%, 45.8%, 39.8%, 53.2%, 44.8%, 25.8%, 10.0%]",,,,
19,parallel,9,9,0.048161999,2.346465056,2.342203647,0.000111111,45.06,"[38.4%, 51.8%, 45.2%, 41.6%, 50.2%, 47.6%, 50.6%, 54.0%, 53.8%, 56.2%, 55.4%, 52.2%, 49.8%, 35.0%, 45.8%, 39.8%, 53.2%, 44.8%, 25.8%, 10.0%]",,,,
19,parallel,10,10,0.047788704,2.33695954,2.331202567,0.000111111,45.06,"[38.4%, 51.8%, 45.2%, 41.6%, 50.2%, 47.6%, 50.6%, 54.0%, 53.8%, 56.2%, 55.4%, 52.2%, 49.8%, 35.0%, 45.8%, 39.8%, 53.2%, 44.8%, 25.8%, 10.0%]",,,,
19,parallel,11,11,0.04742373,2.330992726,2.326063365,0.000111111,45.06,"[38.4%, 51.8%, 45.2%, 41.6%, 50.2%, 47.6%, 50.6%, 54.0%, 53.8%, 56.2%, 55.4%, 52.2%, 49.8%, 35.0%, 45.8%, 39.8%, 53.2%, 44.8%, 25.8%, 10.0%]",,,,
19,parallel,12,12,0.047067076,2.320389087,2.310636252,0.000111111,45.16,"[38.4%, 51.8%, 45.2%, 41.6%, 50.2%, 47.6%, 50.6%, 54.0%, 53.8%, 56.2%, 55.4%, 52.2%, 49.8%, 35.0%, 45.8%, 39.8%, 53.2%, 44.8%, 25.8%, 12.0%]",,,,
19,parallel,13,13,0.046718742,2.318334791,2.263075441,0.000111111,45.3,"[38.4%, 51.8%, 45.2%, 41.6%, 50.2%, 47.6%, 50.6%, 54.0%, 53.8%, 56.2%, 55.4%, 52.2%, 49.8%, 35.0%, 45.8%, 39.8%, 53.2%, 44.8%, 25.8%, 14.8%]",,,,
19,parallel,14,14,0.046378728,2.20162009,2.137231857,0.000111111,45.52,"[38.4%, 51.8%, 45.2%, 41.6%, 50.2%, 47.6%, 50.6%, 54.0%, 53.8%, 56.2%, 55.4%, 52.2%, 49.8%, 35.0%, 45.8%, 39.8%, 53.2%, 44.8%, 25.8%, 19.2%]",,,,
19,parallel,15,15,0.046047033,2.121114919,2.04010208,0.000111111,45.67,"[38.4%, 51.8%, 45.2%, 41.6%, 50.2%, 47.6%, 50.6%, 54.0%, 53.8%, 56.2%, 55.4%, 52.2%, 49.8%, 35.0%, 45.8%, 39.8%, 53.2%, 44.8%, 25.8%, 22.2%]",,,,
19,parallel,16,16,0.045723659,2.036329544,1.932334825,0.000111111,45.51,"[38.4%, 51.8%, 45.2%, 41.6%, 50.2%, 47.6%, 50.6%, 54.0%, 53.8%, 56.2%, 55.4%, 52.2%, 49.8%, 35.0%, 45.8%, 39.8%, 53.2%, 44.8%, 25.8%, 19.0%]",,,,
19,parallel,17,17,0.045408605,1.973178391,1.898856208,0.000111111,45.72,"[38.4%, 51.8%, 45.2%, 41.6%, 50.2%, 47.6%, 50.6%, 54.0%, 53.8%, 56.2%, 55.4%, 52.2%, 49.8%, 35.0%, 45.8%, 39.8%, 53.2%, 44.8%, 25.8%, 23.2%]",,,,
19,parallel,18,18,0.045101871,1.957093334,1.932047531,0.000111111,45.62,"[38.4%, 51.8%, 45.2%, 41.6%, 50.2%, 47.6%, 50.6%, 54.0%, 53.8%, 56.2%, 55.4%, 52.2%, 49.8%, 35.0%, 45.8%, 39.8%, 53.2%, 44.8%, 25.8%, 21.2%]",,,,
19,parallel,19,19,0.044803457,1.936511619,1.909221455,0.000111111,45.67,"[38.4%, 51.8%, 45.2%, 41.6%, 50.2%, 47.6%, 50.6%, 54.0%, 53.8%, 56.2%, 55.4%, 52.2%, 49.8%, 35.0%, 45.8%, 39.8%, 53.2%, 44.8%, 25.8%, 22.2%]",,,,
19,parallel,20,20,0.044513363,1.925951331,1.859556228,0.000111111,45.73,"[38.4%, 51.8%, 45.2%, 41.6%, 50.2%, 47.6%, 50.6%, 54.0%, 53.8%, 56.2%, 55.4%, 52.2%, 49.8%, 35.0%, 45.8%, 39.8%, 53.2%, 44.8%, 25.8%, 23.4%]",,,,
19,parallel,21,21,0.044231588,1.882033374,1.816133156,0.000111111,45.7,"[38.4%, 51.8%, 45.2%, 41.6%, 50.2%, 47.6%, 50.6%, 54.0%, 53.8%, 56.2%, 55.4%, 52.2%, 49.8%, 35.0%, 45.8%, 39.8%, 53.2%, 44.8%, 25.8%, 22.8%]",,,,
19,parallel,22,22,0.043958134,1.871176643,1.793942884,0.000111111,45.89,"[38.4%, 51.8%, 45.2%, 41.6%, 50.2%, 47.6%, 50.6%, 54.0%, 53.8%, 56.2%, 55.4%, 52.2%, 49.8%, 35.0%, 45.8%, 39.8%, 53.2%, 44.8%, 25.8%, 26.6%]",,,,
19,parallel,23,23,0.043693,1.852761475,1.809952155,0.000111111,45.87,"[38.4%, 51.8%, 45.2%, 41.6%, 50.2%, 47.6%, 50.6%, 54.0%, 53.8%, 56.2%, 55.4%, 52.2%, 49.8%, 35.0%, 45.8%, 39.8%, 53.2%, 44.8%, 25.8%, 26.2%]",,,,
19,parallel,24,24,0.043436186,1.862170856,1.767117634,0.000111111,45.93,"[38.4%, 51.8%, 45.2%, 41.6%, 50.2%, 47.6%, 50.6%, 54.0%, 53.8%, 56.2%, 55.4%, 52.2%, 49.8%, 35.0%, 45.8%, 39.8%, 53.2%, 44.8%, 25.8%, 27.4%]",,,,
19,parallel,25,25,0.043187692,1.829715142,1.769078657,0.000111111,45.92,"[38.4%, 51.8%, 45.2%, 41.6%, 50.2%, 47.6%, 50.6%, 54.0%, 53.8%, 56.2%, 55.4%, 52.2%, 49.8%, 35.0%, 45.8%, 39.8%, 53.2%, 44.8%, 25.8%, 27.2%]",,,,
19,parallel,26,26,0.042947518,1.850887961,1.77312237,0.000111111,45.99,"[38.4%, 51.8%, 45.2%, 41.6%, 50.2%, 47.6%, 50.6%, 54.0%, 53.8%, 56.2%, 55.4%, 52.2%, 49.8%, 35.0%, 45.8%, 39.8%, 53.2%, 44.8%, 25.8%, 28.6%]",,,,
19,parallel,27,27,0.042715663,1.816045428,1.769064113,0.000111111,46.06,"[38.4%, 51.8%, 45.2%, 41.6%, 50.2%, 47.6%, 50.6%, 54.0%, 53.8%, 56.2%, 55.4%, 52.2%, 49.8%, 35.0%, 45.8%, 39.8%, 53.2%, 44.8%, 25.8%, 30.0%]",,,,
19,parallel,28,28,0.042492129,1.809969387,1.740009204,0.000111111,46.17,"[38.4%, 51.8%, 45.2%, 41.6%, 50.2%, 47.6%, 50.6%, 54.0%, 53.8%, 56.2%, 55.4%, 52.2%, 49.8%, 35.0%, 45.8%, 39.8%, 53.2%, 44.8%, 25.8%, 32.2%]",,,,
19,parallel,29,29,0.042276915,1.803581813,1.708189592,0.000111111,46.16,"[38.4%, 51.8%, 45.2%, 41.6%, 50.2%, 47.6%, 50.6%, 54.0%, 53.8%, 56.2%, 55.4%, 52.2%, 49.8%, 35.0%, 45.8%, 39.8%, 53.2%, 44.8%, 25.8%, 32.0%]",,,,
19,parallel,30,30,0.042070021,1.777035171,1.726844132,0.000111111,46.18,"[38.4%, 51.8%, 45.2%, 41.6%, 50.2%, 47.6%, 50.6%, 54.0%, 53.8%, 56.2%, 55.4%, 52.2%, 49.8%, 35.0%, 45.8%, 39.8%, 53.2%, 44.8%, 25.8%, 32.4%]",,,,
19,parallel,31,31,0.041871447,1.749715399,1.69576709,0.000111111,46.26,"[38.4%, 51.8%, 45.2%, 41.6%, 50.2%, 47.6%, 50.6%, 54.0%, 53.8%, 56.2%, 55.4%, 52.2%, 49.8%, 35.0%, 45.8%, 39.8%, 53.2%, 44.8%, 25.8%, 34.0%]",,,,
19,parallel,32,32,0.041681192,1.740497277,1.683167711,0.000111111,46.37,"[38.4%, 51.8%, 45.2%, 41.6%, 50.2%, 47.6%, 50.6%, 54.0%, 53.8%, 56.2%, 55.4%, 52.2%, 49.8%, 35.0%, 45.8%, 39.8%, 53.2%, 44.8%, 25.8%, 36.2%]",,,,
19,parallel,33,33,0.041499258,1.738825057,1.707712933,0.000111111,46.18,"[38.4%, 51.8%, 45.2%, 41.6%, 50.2%, 47.6%, 50.6%, 54.0%, 53.8%, 56.2%, 55.4%, 52.2%, 49.8%, 35.0%, 45.8%, 39.8%, 53.2%, 44.8%, 25.8%, 32.4%]",,,,
19,parallel,34,34,0.041325644,1.732262903,1.647142217,0.000111111,46.28,"[38.4%, 51.8%, 45.2%, 41.6%, 50.2%, 47.6%, 50.6%, 54.0%, 53.8%, 56.2%, 55.4%, 52.2%, 49.8%, 35.0%, 45.8%, 39.8%, 53.2%, 44.8%, 25.8%, 34.4%]",,,,
19,parallel,35,35,0.04116035,1.711005206,1.743652374,0.000111111,46.28,"[38.4%, 51.8%, 45.2%, 41.6%, 50.2%, 47.6%, 50.6%, 54.0%, 53.8%, 56.2%, 55.4%, 52.2%, 49.8%, 35.0%, 45.8%, 39.8%, 53.2%, 44.8%, 25.8%, 34.4%]",,,,
19,parallel,36,36,0.041003376,1.688163161,1.678138748,0.000111111,46.33,"[38.4%, 51.8%, 45.2%, 41.6%, 50.2%, 47.6%, 50.6%, 54.0%, 53.8%, 56.2%, 55.4%, 52.2%, 49.8%, 35.0%, 45.8%, 39.8%, 53.2%, 44.8%, 25.8%, 35.4%]",,,,
19,parallel,37,37,0.040854722,1.663521148,1.602472752,0.000111111,46.43,"[38.4%, 51.8%, 45.2%, 41.6%, 50.2%, 47.6%, 50.6%, 54.0%, 53.8%, 56.2%, 55.4%, 52.2%, 49.8%, 35.0%, 45.8%, 39.8%, 53.2%, 44.8%, 25.8%, 37.4%]",,,,
19,parallel,38,38,0.040714387,1.679728675,1.656292945,0.000111111,46.33,"[38.4%, 51.8%, 45.2%, 41.6%, 50.2%, 47.6%, 50.6%, 54.0%, 53.8%, 56.2%, 55.4%, 52.2%, 49.8%, 35.0%, 45.8%, 39.8%, 53.2%, 44.8%, 25.8%, 35.4%]",,,,
19,parallel,39,39,0.040582373,1.669407108,1.697616294,0.000111111,46.18,"[38.4%, 51.8%, 45.2%, 41.6%, 50.2%, 47.6%, 50.6%, 54.0%, 53.8%, 56.2%, 55.4%, 52.2%, 49.8%, 35.0%, 45.8%, 39.8%, 53.2%, 44.8%, 25.8%, 32.4%]",,,,
19,parallel,40,40,0.040458679,1.681153097,1.636112228,0.000111111,46.47,"[38.4%, 51.8%, 45.2%, 41.6%, 50.2%, 47.6%, 50.6%, 54.0%, 53.8%, 56.2%, 55.4%, 52.2%, 49.8%, 35.0%, 45.8%, 39.8%, 53.2%, 44.8%, 25.8%, 38.2%]",,,,
19,parallel,41,41,0.040343305,1.631928773,1.607200131,0.000111111,46.39,"[38.4%, 51.8%, 45.2%, 41.6%, 50.2%, 47.6%, 50.6%, 54.0%, 53.8%, 56.2%, 55.4%, 52.2%, 49.8%, 35.0%, 45.8%, 39.8%, 53.2%, 44.8%, 25.8%, 36.6%]",,,,
19,parallel,42,42,0.040236251,1.618199649,1.583041221,0.000111111,46.36,"[38.4%, 51.8%, 45.2%, 41.6%, 50.2%, 47.6%, 50.6%, 54.0%, 53.8%, 56.2%, 55.4%, 52.2%, 49.8%, 35.0%, 45.8%, 39.8%, 53.2%, 44.8%, 25.8%, 36.0%]",,,,
19,parallel,43,43,0.040137517,1.615776783,1.607827038,0.000111111,46.41,"[38.4%, 51.8%, 45.2%, 41.6%, 50.2%, 47.6%, 50.6%, 54.0%, 53.8%, 56.2%, 55.4%, 52.2%, 49.8%, 35.0%, 45.8%, 39.8%, 53.2%, 44.8%, 25.8%, 37.0%]",,,,
19,parallel,44,44,0.040047102,1.606363111,1.635575876,0.000111111,46.31,"[38.4%, 51.8%, 45.2%, 41.6%, 50.2%, 47.6%, 50.6%, 54.0%, 53.8%, 56.2%, 55.4%, 52.2%, 49.8%, 35.0%, 45.8%, 39.8%, 53.2%, 44.8%, 25.8%, 35.0%]",,,,
19,parallel,45,45,0.039965008,1.610772088,1.569660366,0.000111111,46.54,"[38.4%, 51.8%, 45.2%, 41.6%, 50.2%, 47.6%, 50.6%, 54.0%, 53.8%, 56.2%, 55.4%, 52.2%, 49.8%, 35.0%, 45.8%, 39.8%, 53.2%, 44.8%, 25.8%, 39.6%]",,,,
19,parallel,46,46,0.039891234,1.585478294,1.654182673,0.000111111,46.39,"[38.4%, 51.8%, 45.2%, 41.6%, 50.2%, 47.6%, 50.6%, 54.0%, 53.8%, 56.2%, 55.4%, 52.2%, 49.8%, 35.0%, 45.8%, 39.8%, 53.2%, 44.8%, 25.8%, 36.6%]",,,,
19,parallel,47,47,0.03982578,1.588649901,1.543603554,0.000111111,46.56,"[38.4%, 51.8%, 45.2%, 41.6%, 50.2%, 47.6%, 50.6%, 54.0%, 53.8%, 56.2%, 55.4%, 52.2%, 49.8%, 35.0%, 45.8%, 39.8%, 53.2%, 44.8%, 25.8%, 40.0%]",,,,
19,parallel,48,48,0.039768646,1.557840125,1.506631196,0.000111111,46.74,"[38.4%, 51.8%, 45.2%, 41.6%, 50.2%, 47.6%, 50.6%, 54.0%, 53.8%, 56.2%, 55.4%, 52.2%, 49.8%, 35.0%, 45.8%, 39.8%, 53.2%, 44.8%, 25.8%, 43.6%]",,,,
19,parallel,49,49,0.039719831,1.567867852,1.501996264,0.000111111,46.71,"[38.4%, 51.8%, 45.2%, 41.6%, 50.2%, 47.6%, 50.6%, 54.0%, 53.8%, 56.2%, 55.4%, 52.2%, 49.8%, 35.0%, 45.8%, 39.8%, 53.2%, 44.8%, 25.8%, 43.0%]",,,,
19,parallel,50,50,0.039679337,1.583532379,1.517040178,0.000111111,46.65,"[38.4%, 51.8%, 45.2%, 41.6%, 50.2%, 47.6%, 50.6%, 54.0%, 53.8%, 56.2%, 55.4%, 52.2%, 49.8%, 35.0%, 45.8%, 39.8%, 53.2%, 44.8%, 25.8%, 41.8%]",,,,
19,parallel,51,51,0.039647163,1.545556121,1.562765837,0.000111111,46.5,"[38.4%, 51.8%, 45.2%, 41.6%, 50.2%, 47.6%, 50.6%, 54.0%, 53.8%, 56.2%, 55.4%, 52.2%, 49.8%, 35.0%, 45.8%, 39.8%, 53.2%, 44.8%, 25.8%, 38.8%]",,,,
19,parallel,52,52,0.039623309,1.554628205,1.571320727,0.000111111,46.51,"[38.4%, 51.8%, 45.2%, 41.6%, 50.2%, 47.6%, 50.6%, 54.0%, 53.8%, 56.2%, 55.4%, 52.2%, 49.8%, 35.0%, 45.8%, 39.8%, 53.2%, 44.8%, 25.8%, 39.0%]",,,,
19,parallel,53,53,0.039607775,1.546823271,1.63801913,0.000111111,46.34,"[38.4%, 51.8%, 45.2%, 41.6%, 50.2%, 47.6%, 50.6%, 54.0%, 53.8%, 56.2%, 55.4%, 52.2%, 49.8%, 35.0%, 45.8%, 39.8%, 53.2%, 44.8%, 25.8%, 35.6%]",,,,
19,parallel,54,54,0.039600561,1.530604965,1.506362438,0.000111111,46.61,"[38.4%, 51.8%, 45.2%, 41.6%, 50.2%, 47.6%, 50.6%, 54.0%, 53.8%, 56.2%, 55.4%, 52.2%, 49.8%, 35.0%, 45.8%, 39.8%, 53.2%, 44.8%, 25.8%, 41.0%]",,,,
19,parallel,55,55,0.0396,1.527252425,1.503312573,0.000111111,46.54,"[38.4%, 51.8%, 45.2%, 41.6%, 50.2%, 47.6%, 50.6%, 54.0%, 53.8%, 56.2%, 55.4%, 52.2%, 49.8%, 35.0%, 45.8%, 39.8%, 53.2%, 44.8%, 25.8%, 39.6%]",,,,
19,weights,1,56,0.0396,1.508264042,1.490250848,0.000111111,46.59,"[38.4%, 51.8%, 45.2%, 41.6%, 50.2%, 47.6%, 50.6%, 54.0%, 53.8%, 56.2%, 55.4%, 52.2%, 49.8%, 35.0%, 45.8%, 39.8%, 53.2%, 44.8%, 25.8%, 40.6%]",,,,
19,weights,2,57,0.0396,1.532021403,1.524293169,0.000111111,46.52,"[38.4%, 51.8%, 45.2%, 41.6%, 50.2%, 47.6%, 50.6%, 54.0%, 53.8%, 56.2%, 55.4%, 52.2%, 49.8%, 35.0%, 45.8%, 39.8%, 53.2%, 44.8%, 25.8%, 39.2%]",,,,
19,weights,3,58,0.0396,1.531052636,1.521990791,0.000111111,46.63,"[38.4%, 51.8%, 45.2%, 41.6%, 50.2%, 47.6%, 50.6%, 54.0%, 53.8%, 56.2%, 55.4%, 52.2%, 49.8%, 35.0%, 45.8%, 39.8%, 53.2%, 44.8%, 25.8%, 41.4%]",,,,
19,weights,4,59,0.0396,1.510613921,1.528119773,0.000111111,46.54,"[38.4%, 51.8%, 45.2%, 41.6%, 50.2%, 47.6%, 50.6%, 54.0%, 53.8%, 56.2%, 55.4%, 52.2%, 49.8%, 35.0%, 45.8%, 39.8%, 53.2%, 44.8%, 25.8%, 39.6%]",,,,
19,weights,5,60,0.0396,1.506854788,1.486430958,0.000111111,46.69,"[38.4%, 51.8%, 45.2%, 41.6%, 50.2%, 47.6%, 50.6%, 54.0%, 53.8%, 56.2%, 55.4%, 52.2%, 49.8%, 35.0%, 45.8%, 39.8%, 53.2%, 44.8%, 25.8%, 42.6%]",,,,
19,weights,6,61,0.0396,1.519770897,1.5338801,0.000111111,46.54,"[38.4%, 51.8%, 45.2%, 41.6%, 50.2%, 47.6%, 50.6%, 54.0%, 53.8%, 56.2%, 55.4%, 52.2%, 49.8%, 35.0%, 45.8%, 39.8%, 53.2%, 44.8%, 25.8%, 39.6%]",,,,
19,weights,7,62,0.0396,1.492555988,1.44944042,0.000111111,46.71,"[38.4%, 51.8%, 45.2%, 41.6%, 50.2%, 47.6%, 50.6%, 54.0%, 53.8%, 56.2%, 55.4%, 52.2%, 49.8%, 35.0%, 45.8%, 39.8%, 53.2%, 44.8%, 25.8%, 43.0%]",,,,
19,weights,8,63,0.0396,1.489483803,1.500620738,0.000111111,46.63,"[38.4%, 51.8%, 45.2%, 41.6%, 50.2%, 47.6%, 50.6%, 54.0%, 53.8%, 56.2%, 55.4%, 52.2%, 49.8%, 35.0%, 45.8%, 39.8%, 53.2%, 44.8%, 25.8%, 41.4%]",,,,
19,weights,9,64,0.0396,1.501784127,1.418889284,0.000111111,46.72,"[38.4%, 51.8%, 45.2%, 41.6%, 50.2%, 47.6%, 50.6%, 54.0%, 53.8%, 56.2%, 55.4%, 52.2%, 49.8%, 35.0%, 45.8%, 39.8%, 53.2%, 44.8%, 25.8%, 43.2%]",,,,
19,weights,10,65,0.0396,1.481689233,1.540651157,0.000111111,46.57,"[38.4%, 51.8%, 45.2%, 41.6%, 50.2%, 47.6%, 50.6%, 54.0%, 53.8%, 56.2%, 55.4%, 52.2%, 49.8%, 35.0%, 45.8%, 39.8%, 53.2%, 44.8%, 25.8%, 40.2%]",,,,
19,weights,11,66,0.0396,1.470701992,1.534926355,0.000111111,46.44,"[38.4%, 51.8%, 45.2%, 41.6%, 50.2%, 47.6%, 50.6%, 54.0%, 53.8%, 56.2%, 55.4%, 52.2%, 49.8%, 35.0%, 45.8%, 39.8%, 53.2%, 44.8%, 25.8%, 37.6%]",,,,
19,weights,12,67,0.0396,1.456265178,1.452257507,0.000111111,46.73,"[38.4%, 51.8%, 45.2%, 41.6%, 50.2%, 47.6%, 50.6%, 54.0%, 53.8%, 56.2%, 55.4%, 52.2%, 49.8%, 35.0%, 45.8%, 39.8%, 53.2%, 44.8%, 25.8%, 43.4%]",,,,
19,weights,13,68,0.0396,1.449185731,1.41261749,0.000111111,46.81,"[38.4%, 51.8%, 45.2%, 41.6%, 50.2%, 47.6%, 50.6%, 54.0%, 53.8%, 56.2%, 55.4%, 52.2%, 49.8%, 35.0%, 45.8%, 39.8%, 53.2%, 44.8%, 25.8%, 45.0%]",,,,
19,weights,14,69,0.0396,1.477865323,1.422655091,0.000111111,46.8,"[38.4%, 51.8%, 45.2%, 41.6%, 50.2%, 47.6%, 50.6%, 54.0%, 53.8%, 56.2%, 55.4%, 52.2%, 49.8%, 35.0%, 45.8%, 39.8%, 53.2%, 44.8%, 25.8%, 44.8%]",,,,
19,weights,15,70,0.0396,1.461429859,1.459243484,0.000111111,46.74,"[38.4%, 51.8%, 45.2%, 41.6%, 50.2%, 47.6%, 50.6%, 54.0%, 53.8%, 56.2%, 55.4%, 52.2%, 49.8%, 35.0%, 45.8%, 39.8%, 53.2%, 44.8%, 25.8%, 43.6%]",,,,
19,weights,16,71,0.0396,1.482024003,1.678892456,0.000111111,46.19,"[38.4%, 51.8%, 45.2%, 41.6%, 50.2%, 47.6%, 50.6%, 54.0%, 53.8%, 56.2%, 55.4%, 52.2%, 49.8%, 35.0%, 45.8%, 39.8%, 53.2%, 44.8%, 25.8%, 32.6%]",,,,
19,weights,17,72,0.0396,1.463291547,1.393990844,0.000111111,46.91,"[38.4%, 51.8%, 45.2%, 41.6%, 50.2%, 47.6%, 50.6%, 54.0%, 53.8%, 56.2%, 55.4%, 52.2%, 49.8%, 35.0%, 45.8%, 39.8%, 53.2%, 44.8%, 25.8%, 47.0%]",,,,
19,weights,18,73,0.0396,1.455104334,1.435863197,0.000111111,46.73,"[38.4%, 51.8%, 45.2%, 41.6%, 50.2%, 47.6%, 50.6%, 54.0%, 53.8%, 56.2%, 55.4%, 52.2%, 49.8%, 35.0%, 45.8%, 39.8%, 53.2%, 44.8%, 25.8%, 43.4%]",,,,
19,weights,19,74,0.0396,1.445700455,1.503753334,0.000111111,46.63,"[38.4%, 51.8%, 45.2%, 41.6%, 50.2%, 47.6%, 50.6%, 54.0%, 53.8%, 56.2%, 55.4%, 52.2%, 49.8%, 35.0%, 45.8%, 39.8%, 53.2%, 44.8%, 25.8%, 41.4%]",,,,
19,weights,20,75,0.0396,1.43642785,1.415907681,0.000111111,46.71,"[38.4%, 51.8%, 45.2%, 41.6%, 50.2%, 47.6%, 50.6%, 54.0%, 53.8%, 56.2%, 55.4%, 52.2%, 49.8%, 35.0%, 45.8%, 39.8%, 53.2%, 44.8%, 25.8%, 43.0%]",,,,
19,weights,21,76,0.0396,1.45395518,1.508590445,0.000111111,46.55,"[38.4%, 51.8%, 45.2%, 41.6%, 50.2%, 47.6%, 50.6%, 54.0%, 53.8%, 56.2%, 55.4%, 52.2%, 49.8%, 35.0%, 45.8%, 39.8%, 53.2%, 44.8%, 25.8%, 39.8%]",,,,
19,weights,22,77,0.0396,1.454636101,1.398529135,0.000111111,46.83,"[38.4%, 51.8%, 45.2%, 41.6%, 50.2%, 47.6%, 50.6%, 54.0%, 53.8%, 56.2%, 55.4%, 52.2%, 49.8%, 35.0%, 45.8%, 39.8%, 53.2%, 44.8%, 25.8%, 45.4%]",,,,
19,weights,23,78,0.0396,1.448774401,1.415041223,0.000111111,46.79,"[38.4%, 51.8%, 45.2%, 41.6%, 50.2%, 47.6%, 50.6%, 54.0%, 53.8%, 56.2%, 55.4%, 52.2%, 49.8%, 35.0%, 45.8%, 39.8%, 53.2%, 44.8%, 25.8%, 44.6%]",,,,
19,weights,24,79,0.0396,1.444994119,1.494345002,0.000111111,46.61,"[38.4%, 51.8%, 45.2%, 41.6%, 50.2%, 47.6%, 50.6%, 54.0%, 53.8%, 56.2%, 55.4%, 52.2%, 49.8%, 35.0%, 45.8%, 39.8%, 53.2%, 44.8%, 25.8%, 41.0%]",,,,
19,weights,25,80,0.0396,1.41658872,1.495958284,0.000111111,46.71,"[38.4%, 51.8%, 45.2%, 41.6%, 50.2%, 47.6%, 50.6%, 54.0%, 53.8%, 56.2%, 55.4%, 52.2%, 49.8%, 35.0%, 45.8%, 39.8%, 53.2%, 44.8%, 25.8%, 43.0%]",11.67,"[10.8%, 40.2%, 29.4%, 0.0%, 22.4%, 8.6%, 0.0%, 9.2%, 0.0%, 22.8%, 35.6%, 38.8%, 15.6%, 0.0%, 0.0%, 0.0%, 0.0%, 0.0%, 0.0%, 0.0%]",27.45,"[22.1%, 36%, 15.8%, 30.6%, 21.1%, 42%, 21.7%, 28.2%, 29.5%, 25.2%, 33.9%, 28.6%, 37.2%, 6.5%, 45.6%, 30.3%, 30.4%, 27.1%, 9.8%, 26.2%]"
