task_idx,phase,epoch_in_phase,global_epoch,kappa,train_loss,val_loss,lr,til_avg,til_per_task,cil_stand_avg,cil_stand_per_task,cil_znorm_avg,cil_znorm_per_task
0,parallel,1,1,0.5,2.759083374,2.349237651,0.001,10,[10.0%],,,,
0,parallel,2,2,0.5,2.324464176,2.2946859,0.001,11.2,[11.2%],,,,
0,parallel,3,3,0.5,2.244757743,2.150457472,0.001,25,[25.0%],,,,
0,parallel,4,4,0.5,2.115956608,2.027812257,0.001,25.8,[25.8%],,,,
0,parallel,5,5,0.488916167,2.00646365,2.041294172,0.001,25.6,[25.6%],,,,
0,parallel,6,6,0.471691496,1.945317077,1.892449118,0.001,35,[35.0%],,,,
0,parallel,7,7,0.454819304,1.907509926,1.887135901,0.001,33,[33.0%],,,,
0,parallel,8,8,0.438299593,1.866658958,1.868039712,0.001,33,[33.0%],,,,
0,parallel,9,9,0.422132362,1.833643156,1.809550822,0.001,35.8,[35.8%],,,,
0,parallel,10,10,0.40631761,1.801587473,1.763723284,0.001,36.4,[36.4%],,,,
0,parallel,11,11,0.390855339,1.766533598,1.7539232,0.001,36.6,[36.6%],,,,
0,parallel,12,12,0.375745548,1.706895563,1.772957429,0.001,36,[36.0%],,,,
0,parallel,13,13,0.360988236,1.682642436,1.683926873,0.001,41,[41.0%],,,,
0,parallel,14,14,0.346583405,1.667044697,1.846628278,0.001,35.8,[35.8%],,,,
0,parallel,15,15,0.332531053,1.656077027,1.630526192,0.001,42.4,[42.4%],,,,
0,parallel,16,16,0.318831182,1.617702603,1.660473518,0.001,41.8,[41.8%],,,,
0,parallel,17,17,0.305483791,1.58101782,1.633015893,0.001,41.4,[41.4%],,,,
0,parallel,18,18,0.292488879,1.570562743,1.595333412,0.001,45.2,[45.2%],,,,
0,parallel,19,19,0.279846448,1.528839157,1.515283592,0.001,48.8,[48.8%],,,,
0,parallel,20,20,0.267556496,1.490746654,1.493737303,0.001,46.2,[46.2%],,,,
0,parallel,21,21,0.255619025,1.537620246,1.500960097,0.001,46.8,[46.8%],,,,
0,parallel,22,22,0.244034034,1.507791933,1.473664314,0.001,48.6,[48.6%],,,,
0,parallel,23,23,0.232801522,1.50155737,1.486681469,0.001,46.4,[46.4%],,,,
0,parallel,24,24,0.221921491,1.466205263,1.459225543,0.001,47,[47.0%],,,,
0,parallel,25,25,0.211393939,1.457241362,1.490478881,0.001,47.6,[47.6%],,,,
0,parallel,26,26,0.201218868,1.476569755,1.555513978,0.001,46.2,[46.2%],,,,
0,parallel,27,27,0.191396277,1.462954067,1.559781767,0.001,44.8,[44.8%],,,,
0,parallel,28,28,0.181926165,1.459203251,1.526125059,0.001,44.8,[44.8%],,,,
0,parallel,29,29,0.172808534,1.443562739,1.497935422,0.000333333,48.2,[48.2%],,,,
0,parallel,30,30,0.164043382,1.445113918,1.497396722,0.000333333,46.4,[46.4%],,,,
0,parallel,31,31,0.155630711,1.434561085,1.522261553,0.000333333,45.6,[45.6%],,,,
0,parallel,32,32,0.14757052,1.470682274,1.500254214,0.000333333,47.6,[47.6%],,,,
0,parallel,33,33,0.139862808,1.503478432,1.577864364,0.000333333,46,[46.0%],,,,
0,parallel,34,34,0.132507577,1.510741415,1.543837808,0.000111111,45.4,[45.4%],,,,
0,parallel,35,35,0.125504826,1.480588023,1.527973592,0.000111111,45.4,[45.4%],,,,
0,parallel,36,36,0.118854554,1.72578832,1.649560772,0.000111111,43.8,[43.8%],,,,
0,parallel,37,37,0.112556763,1.672293428,1.659885325,0.000111111,44.6,[44.6%],,,,
0,parallel,38,38,0.106611451,1.721970437,1.695846282,0.000111111,43.8,[43.8%],,,,
0,parallel,39,39,0.10101862,1.762004526,1.762435526,0.000111111,43.8,[43.8%],,,,
0,parallel,40,40,0.095778269,1.781629045,1.756112933,0.000111111,45.6,[45.6%],,,,
0,parallel,41,41,0.090890397,1.92827705,1.839853644,0.000111111,44,[44.0%],,,,
0,parallel,42,42,0.086355006,1.875579241,1.812801294,0.000111111,43.6,[43.6%],,,,
0,parallel,43,43,0.082172094,1.924356035,1.835811153,0.000111111,43.6,[43.6%],,,,
0,parallel,44,44,0.078341663,1.919879325,1.85229592,0.000111111,43.6,[43.6%],,,,
0,parallel,45,45,0.074863712,2.022208843,1.917101234,0.000111111,39.2,[39.2%],,,,
0,parallel,46,46,0.07173824,2.010546503,1.938702986,0.000111111,41.2,[41.2%],,,,
0,parallel,47,47,0.068965249,2.015704559,1.953700528,0.000111111,38.4,[38.4%],,,,
0,parallel,48,48,0.066544737,1.996730753,1.923792765,0.000111111,39.4,[39.4%],,,,
0,parallel,49,49,0.064476706,1.970044604,1.917385966,0.000111111,39.4,[39.4%],,,,
0,parallel,50,50,0.062761155,1.962406809,1.908156484,0.000111111,40.8,[40.8%],,,,
0,parallel,51,51,0.061398083,2.133134818,2.036520317,0.000111111,32.2,[32.2%],,,,
0,parallel,52,52,0.060387492,2.078218104,2.052842796,0.000111111,33,[33.0%],,,,
0,parallel,53,53,0.05972938,2.057301719,2.002328485,0.000111111,35.6,[35.6%],,,,
0,parallel,54,54,0.059423749,2.015623796,1.971542865,0.000111111,38.2,[38.2%],,,,
0,parallel,55,55,0.0594,1.986632773,1.94723469,0.000111111,36.8,[36.8%],,,,
0,weights,1,56,0.0594,1.961508463,1.93847765,0.000111111,36.2,[36.2%],,,,
0,weights,2,57,0.0594,1.937781806,1.913350329,0.000111111,37.4,[37.4%],,,,
0,weights,3,58,0.0594,1.930252231,1.893490545,0.000111111,38.2,[38.2%],,,,
0,weights,4,59,0.0594,1.902964474,1.882094063,0.000111111,38.2,[38.2%],,,,
0,weights,5,60,0.0594,1.902576782,1.872825429,0.000111111,38.6,[38.6%],,,,
0,weights,6,61,0.0594,1.88497108,1.850628056,0.000111111,38,[38.0%],,,,
0,weights,7,62,0.0594,1.876994159,1.844980173,0.000111111,39,[39.0%],,,,
0,weights,8,63,0.0594,1.857753547,1.833766453,0.000111111,39.8,[39.8%],,,,
0,weights,9,64,0.0594,1.857673547,1.830123879,0.000111111,39,[39.0%],,,,
0,weights,10,65,0.0594,1.842010196,1.815802351,0.000111111,39.4,[39.4%],,,,
0,weights,11,66,0.0594,1.834283788,1.821051449,0.000111111,39.6,[39.6%],,,,
0,weights,12,67,0.0594,1.832010046,1.796214655,0.000111111,41.8,[41.8%],,,,
0,weights,13,68,0.0594,1.823047685,1.803725101,0.000111111,39.8,[39.8%],,,,
0,weights,14,69,0.0594,1.800984143,1.78320872,0.000111111,40.2,[40.2%],,,,
0,weights,15,70,0.0594,1.810337255,1.781519517,0.000111111,40.8,[40.8%],,,,
0,weights,16,71,0.0594,1.78842914,1.763006903,0.000111111,42,[42.0%],,,,
0,weights,17,72,0.0594,1.786798222,1.765045561,0.000111111,41.6,[41.6%],,,,
0,weights,18,73,0.0594,1.774855285,1.764170021,0.000111111,40.6,[40.6%],,,,
0,weights,19,74,0.0594,1.770482549,1.755094357,0.000111111,41,[41.0%],,,,
0,weights,20,75,0.0594,1.758931127,1.75488434,0.000111111,41.8,[41.8%],,,,
0,weights,21,76,0.0594,1.759173165,1.749793753,0.000111111,41.4,[41.4%],,,,
0,weights,22,77,0.0594,1.752967,1.744260184,0.000111111,40.6,[40.6%],,,,
0,weights,23,78,0.0594,1.755722708,1.740753897,0.000111111,40.4,[40.4%],,,,
0,weights,24,79,0.0594,1.742849679,1.727953747,0.000111111,41,[41.0%],,,,
0,weights,25,80,0.0594,1.734331661,1.746115834,0.000111111,41.6,[41.6%],41.6,[41.6%],44.7,[44.7%]
1,parallel,1,1,0.5,3.147190818,2.332666546,0.000111111,25.8,"[41.6%, 10.0%]",,,,
1,parallel,2,2,0.5,2.297070874,2.189380154,0.000111111,30.2,"[41.6%, 18.8%]",,,,
1,parallel,3,3,0.5,2.160071537,2.041272715,0.000111111,32.6,"[41.6%, 23.6%]",,,,
1,parallel,4,4,0.5,2.059140521,2.027931184,0.000111111,33.8,"[41.6%, 26.0%]",,,,
1,parallel,5,5,0.488889952,1.984278205,1.898097143,0.000111111,35.1,"[41.6%, 28.6%]",,,,
1,parallel,6,6,0.471624541,1.899290077,1.891910195,0.000111111,36,"[41.6%, 30.4%]",,,,
1,parallel,7,7,0.454712443,1.86480522,1.774601817,0.000111111,39.3,"[41.6%, 37.0%]",,,,
1,parallel,8,8,0.43815366,1.810314426,1.793605372,0.000111111,39,"[41.6%, 36.4%]",,,,
1,parallel,9,9,0.42194819,1.747718509,1.703049973,0.000111111,41.4,"[41.6%, 41.2%]",,,,
1,parallel,10,10,0.406096033,1.695840787,1.591535032,0.000111111,44.3,"[41.6%, 47.0%]",,,,
1,parallel,11,11,0.39059719,1.657541408,1.570126913,0.000111111,44.6,"[41.6%, 47.6%]",,,,
1,parallel,12,12,0.375451661,1.602224948,1.508613594,0.000111111,45.2,"[41.6%, 48.8%]",,,,
1,parallel,13,13,0.360659446,1.58243318,1.491928764,0.000111111,45.5,"[41.6%, 49.4%]",,,,
1,parallel,14,14,0.346220544,1.534230551,1.541205928,0.000111111,46.5,"[41.6%, 51.4%]",,,,
1,parallel,15,15,0.332134957,1.519970788,1.464439526,0.000111111,46.1,"[41.6%, 50.6%]",,,,
1,parallel,16,16,0.318402682,1.490442702,1.434758738,0.000111111,47.3,"[41.6%, 53.0%]",,,,
1,parallel,17,17,0.305023722,1.451313924,1.43630106,0.000111111,46.1,"[41.6%, 50.6%]",,,,
1,parallel,18,18,0.291998075,1.433899647,1.349361382,0.000111111,48.5,"[41.6%, 55.4%]",,,,
1,parallel,19,19,0.279325742,1.434456155,1.431943566,0.000111111,46.6,"[41.6%, 51.6%]",,,,
1,parallel,20,20,0.267006722,1.429716726,1.391133666,0.000111111,47,"[41.6%, 52.4%]",,,,
1,parallel,21,21,0.255041016,1.396616085,1.333839782,0.000111111,48.3,"[41.6%, 55.0%]",,,,
1,parallel,22,22,0.243428624,1.397902382,1.427361593,0.000111111,45.9,"[41.6%, 50.2%]",,,,
1,parallel,23,23,0.232169546,1.391163894,1.397880703,0.000111111,45.8,"[41.6%, 50.0%]",,,,
1,parallel,24,24,0.221263781,1.346006354,1.337198749,0.000111111,48.6,"[41.6%, 55.6%]",,,,
1,parallel,25,25,0.21071133,1.379284758,1.415643945,0.000111111,47.5,"[41.6%, 53.4%]",,,,
1,parallel,26,26,0.200512192,1.393358668,1.397392936,0.000111111,47.4,"[41.6%, 53.2%]",,,,
1,parallel,27,27,0.190666368,1.394070714,1.346739121,0.000111111,47.8,"[41.6%, 54.0%]",,,,
1,parallel,28,28,0.181173858,1.423679267,1.466524199,0.000111111,46.1,"[41.6%, 50.6%]",,,,
1,parallel,29,29,0.172034662,1.392470529,1.427363694,0.000111111,47.3,"[41.6%, 53.0%]",,,,
1,parallel,30,30,0.163248779,1.419823402,1.358731292,0.000111111,48.2,"[41.6%, 54.8%]",,,,
1,parallel,31,31,0.15481621,1.354743185,1.414446071,0.000111111,47.8,"[41.6%, 54.0%]",,,,
1,parallel,32,32,0.146736955,1.387949471,1.397744596,0.000111111,46.8,"[41.6%, 52.0%]",,,,
1,parallel,33,33,0.139011013,1.410255343,1.417251728,0.000111111,47.7,"[41.6%, 53.8%]",,,,
1,parallel,34,34,0.131638385,1.445202052,1.370633662,0.000111111,48.9,"[41.6%, 56.2%]",,,,
1,parallel,35,35,0.124619071,1.478986755,1.468478188,0.000111111,46.7,"[41.6%, 51.8%]",,,,
1,parallel,36,36,0.117953071,1.434111035,1.380988084,0.000111111,48.1,"[41.6%, 54.6%]",,,,
1,parallel,37,37,0.111640384,1.430130412,1.414459243,0.000111111,47,"[41.6%, 52.4%]",,,,
1,parallel,38,38,0.10568101,1.495149128,1.428631261,0.000111111,47.3,"[41.6%, 53.0%]",,,,
1,parallel,39,39,0.100074951,1.506443599,1.487909064,0.000111111,45.7,"[41.6%, 49.8%]",,,,
1,parallel,40,40,0.094822205,1.479642542,1.460848927,0.000111111,45.8,"[41.6%, 50.0%]",,,,
1,parallel,41,41,0.089922773,1.578916323,1.424584776,0.000111111,47.3,"[41.6%, 53.0%]",,,,
1,parallel,42,42,0.085376654,1.534602328,1.470426358,0.000111111,45.8,"[41.6%, 50.0%]",,,,
1,parallel,43,43,0.08118385,1.523038985,1.534154862,0.000111111,45,"[41.6%, 48.4%]",,,,
1,parallel,44,44,0.077344358,1.599559259,1.543024413,0.000111111,45.2,"[41.6%, 48.8%]",,,,
1,parallel,45,45,0.073858181,1.550052907,1.540330678,0.000111111,45.4,"[41.6%, 49.2%]",,,,
1,parallel,46,46,0.070725317,1.561750765,1.566797458,0.000111111,45.4,"[41.6%, 49.2%]",,,,
1,parallel,47,47,0.067945767,1.723819378,1.64984104,0.000111111,45,"[41.6%, 48.4%]",,,,
1,parallel,48,48,0.065519531,1.629785154,1.548820406,0.000111111,45.8,"[41.6%, 50.0%]",,,,
1,parallel,49,49,0.063446608,1.604276861,1.548822731,0.000111111,46.9,"[41.6%, 52.2%]",,,,
1,parallel,50,50,0.061726999,1.81663851,1.706081301,0.000111111,42.6,"[41.6%, 43.6%]",,,,
1,parallel,51,51,0.060360704,1.721528598,1.648558468,0.000111111,44.3,"[41.6%, 47.0%]",,,,
1,parallel,52,52,0.059347722,1.665142384,1.612559229,0.000111111,44.9,"[41.6%, 48.2%]",,,,
1,parallel,53,53,0.058688054,1.635503921,1.623196065,0.000111111,42.8,"[41.6%, 44.0%]",,,,
1,parallel,54,54,0.0583817,1.740042462,1.602605283,0.000111111,43.7,"[41.6%, 45.8%]",,,,
1,parallel,55,55,0.058357895,1.636306382,1.607645139,0.000111111,43,"[41.6%, 44.4%]",,,,
1,weights,1,56,0.058357895,1.610072571,1.574354559,0.000111111,44,"[41.6%, 46.4%]",,,,
1,weights,2,57,0.058357895,1.594028289,1.584953055,0.000111111,44.1,"[41.6%, 46.6%]",,,,
1,weights,3,58,0.058357895,1.573996053,1.532624006,0.000111111,44.6,"[41.6%, 47.6%]",,,,
1,weights,4,59,0.058357895,1.58151326,1.569801725,0.000111111,43.4,"[41.6%, 45.2%]",,,,
1,weights,5,60,0.058357895,1.546635549,1.520515725,0.000111111,45.1,"[41.6%, 48.6%]",,,,
1,weights,6,61,0.058357895,1.519556901,1.511827916,0.000111111,44.4,"[41.6%, 47.2%]",,,,
1,weights,7,62,0.058357895,1.503962287,1.49856405,0.000111111,44.9,"[41.6%, 48.2%]",,,,
1,weights,8,63,0.058357895,1.493838944,1.514255762,0.000111111,45.1,"[41.6%, 48.6%]",,,,
1,weights,9,64,0.058357895,1.487700005,1.522221647,0.000111111,43.8,"[41.6%, 46.0%]",,,,
1,weights,10,65,0.058357895,1.472477207,1.524576657,0.000111111,44.6,"[41.6%, 47.6%]",,,,
1,weights,11,66,0.058357895,1.444251154,1.515894815,0.000111111,43.7,"[41.6%, 45.8%]",,,,
1,weights,12,67,0.058357895,1.467732007,1.494357526,0.000111111,45.2,"[41.6%, 48.8%]",,,,
1,weights,13,68,0.058357895,1.457671573,1.476874188,0.000111111,45.3,"[41.6%, 49.0%]",,,,
1,weights,14,69,0.058357895,1.434195248,1.460384041,0.000111111,45.5,"[41.6%, 49.4%]",,,,
1,weights,15,70,0.058357895,1.4237127,1.509335563,0.000111111,44.2,"[41.6%, 46.8%]",,,,
1,weights,16,71,0.058357895,1.4172685,1.452937059,0.000111111,45.8,"[41.6%, 50.0%]",,,,
1,weights,17,72,0.058357895,1.415396096,1.515749045,0.000111111,45.6,"[41.6%, 49.6%]",,,,
1,weights,18,73,0.058357895,1.386495756,1.471606106,0.000111111,45.5,"[41.6%, 49.4%]",,,,
1,weights,19,74,0.058357895,1.41211692,1.475107417,0.000111111,46.6,"[41.6%, 51.6%]",,,,
1,weights,20,75,0.058357895,1.409761064,1.452056684,0.000111111,45.5,"[41.6%, 49.4%]",,,,
1,weights,21,76,0.058357895,1.395639229,1.443812892,0.000111111,46,"[41.6%, 50.4%]",,,,
1,weights,22,77,0.058357895,1.386349883,1.474376455,0.000111111,45.6,"[41.6%, 49.6%]",,,,
1,weights,23,78,0.058357895,1.37589804,1.493587084,0.000111111,44.6,"[41.6%, 47.6%]",,,,
1,weights,24,79,0.058357895,1.383202732,1.480141222,0.000111111,45.3,"[41.6%, 49.0%]",,,,
1,weights,25,80,0.058357895,1.350690585,1.428207859,0.000111111,45.8,"[41.6%, 50.0%]",30.2,"[10.4%, 50.0%]",46,"[44.5%, 47.5%]"
2,parallel,1,1,0.5,3.974673253,2.357392162,0.000111111,33.86666667,"[41.6%, 50.0%, 10.0%]",,,,
2,parallel,2,2,0.5,2.333420935,2.307464182,0.000111111,35.33333333,"[41.6%, 50.0%, 14.4%]",,,,
2,parallel,3,3,0.5,2.235666184,2.155620709,0.000111111,36.73333333,"[41.6%, 50.0%, 18.6%]",,,,
2,parallel,4,4,0.5,2.103860964,2.060800388,0.000111111,37.93333333,"[41.6%, 50.0%, 22.2%]",,,,
2,parallel,5,5,0.488863736,2.045103278,1.941899374,0.000111111,38.93333333,"[41.6%, 50.0%, 25.2%]",,,,
2,parallel,6,6,0.471557586,1.962893765,1.915273815,0.000111111,40.13333333,"[41.6%, 50.0%, 28.8%]",,,,
2,parallel,7,7,0.454605582,1.905310771,1.917938218,0.000111111,40.73333333,"[41.6%, 50.0%, 30.6%]",,,,
2,parallel,8,8,0.438007726,1.846991574,1.804154173,0.000111111,41.33333333,"[41.6%, 50.0%, 32.4%]",,,,
2,parallel,9,9,0.421764017,1.826964475,1.901437439,0.000111111,40,"[41.6%, 50.0%, 28.4%]",,,,
2,parallel,10,10,0.405874456,1.748128674,1.914514937,0.000111111,41.53333333,"[41.6%, 50.0%, 33.0%]",,,,
2,parallel,11,11,0.390339042,1.730477288,1.773909435,0.000111111,42.66666667,"[41.6%, 50.0%, 36.4%]",,,,
2,parallel,12,12,0.375157775,1.691224925,1.682579994,0.000111111,43.73333333,"[41.6%, 50.0%, 39.6%]",,,,
2,parallel,13,13,0.360330656,1.643554191,1.653958149,0.000111111,44.13333333,"[41.6%, 50.0%, 40.8%]",,,,
2,parallel,14,14,0.345857684,1.593321833,1.843844123,0.000111111,42.2,"[41.6%, 50.0%, 35.0%]",,,,
2,parallel,15,15,0.33173886,1.597532174,1.753394261,0.000111111,42.06666667,"[41.6%, 50.0%, 34.6%]",,,,
2,parallel,16,16,0.317974183,1.567948848,1.592051901,0.000111111,43.86666667,"[41.6%, 50.0%, 40.0%]",,,,
2,parallel,17,17,0.304563653,1.585578838,1.604488231,0.000111111,44.8,"[41.6%, 50.0%, 42.8%]",,,,
2,parallel,18,18,0.29150727,1.567773455,1.706637073,0.000111111,43.53333333,"[41.6%, 50.0%, 39.0%]",,,,
2,parallel,19,19,0.278805035,1.524901236,1.633722186,0.000111111,44,"[41.6%, 50.0%, 40.4%]",,,,
2,parallel,20,20,0.266456948,1.504738784,1.698095292,0.000111111,43.33333333,"[41.6%, 50.0%, 38.4%]",,,,
2,parallel,21,21,0.254463007,1.495000328,1.558126777,0.000111111,44.46666667,"[41.6%, 50.0%, 41.8%]",,,,
2,parallel,22,22,0.242823214,1.500176241,1.562963523,0.000111111,45.06666667,"[41.6%, 50.0%, 43.6%]",,,,
2,parallel,23,23,0.231537569,1.48465926,1.660930607,0.000111111,44.26666667,"[41.6%, 50.0%, 41.2%]",,,,
2,parallel,24,24,0.220606071,1.47711543,1.87199755,0.000111111,42.33333333,"[41.6%, 50.0%, 35.4%]",,,,
2,parallel,25,25,0.21002872,1.494597148,1.593874253,0.000111111,45,"[41.6%, 50.0%, 43.4%]",,,,
2,parallel,26,26,0.199805516,1.496193927,1.61099223,0.000111111,45.33333333,"[41.6%, 50.0%, 44.4%]",,,,
2,parallel,27,27,0.18993646,1.477129657,1.585654251,0.000111111,44.8,"[41.6%, 50.0%, 42.8%]",,,,
2,parallel,28,28,0.180421551,1.477211282,1.568358384,0.000111111,45.26666667,"[41.6%, 50.0%, 44.2%]",,,,
2,parallel,29,29,0.17126079,1.494603877,1.570752852,0.000111111,44.93333333,"[41.6%, 50.0%, 43.2%]",,,,
2,parallel,30,30,0.162454176,1.515351181,1.824062936,0.000111111,42.26666667,"[41.6%, 50.0%, 35.2%]",,,,
2,parallel,31,31,0.154001709,1.544587851,1.644831389,0.000111111,44.26666667,"[41.6%, 50.0%, 41.2%]",,,,
2,parallel,32,32,0.14590339,1.55280504,1.631603032,0.000111111,44.06666667,"[41.6%, 50.0%, 40.6%]",,,,
2,parallel,33,33,0.138159218,1.552473397,1.591453664,0.000111111,44.8,"[41.6%, 50.0%, 42.8%]",,,,
2,parallel,34,34,0.130769194,1.558012294,1.688126035,0.000111111,43.6,"[41.6%, 50.0%, 39.2%]",,,,
2,parallel,35,35,0.123733317,1.547589765,1.643675029,0.000111111,44.33333333,"[41.6%, 50.0%, 41.4%]",,,,
2,parallel,36,36,0.117051587,1.566893298,1.645783126,0.000111111,45.06666667,"[41.6%, 50.0%, 43.6%]",,,,
2,parallel,37,37,0.110724004,1.576157505,1.617708221,0.000111111,44.4,"[41.6%, 50.0%, 41.6%]",,,,
2,parallel,38,38,0.104750569,1.644979223,1.636901163,0.000111111,45.06666667,"[41.6%, 50.0%, 43.6%]",,,,
2,parallel,39,39,0.099131282,1.633824471,1.786681861,0.000111111,43,"[41.6%, 50.0%, 37.4%]",,,,
2,parallel,40,40,0.093866141,1.634136292,1.643254742,0.000111111,44.06666667,"[41.6%, 50.0%, 40.6%]",,,,
2,parallel,41,41,0.088955149,1.7303535,1.778376639,0.000111111,42.46666667,"[41.6%, 50.0%, 35.8%]",,,,
2,parallel,42,42,0.084398303,1.675323421,1.699804872,0.000111111,43.4,"[41.6%, 50.0%, 38.6%]",,,,
2,parallel,43,43,0.080195605,1.660554995,1.667201996,0.000111111,43.8,"[41.6%, 50.0%, 39.8%]",,,,
2,parallel,44,44,0.076347054,1.759788445,1.712334156,0.000111111,43.06666667,"[41.6%, 50.0%, 37.6%]",,,,
2,parallel,45,45,0.07285265,1.706163301,1.674009293,0.000111111,44.4,"[41.6%, 50.0%, 41.6%]",,,,
2,parallel,46,46,0.069712394,1.710528674,1.712682992,0.000111111,43.66666667,"[41.6%, 50.0%, 39.4%]",,,,
2,parallel,47,47,0.066926286,1.684383822,1.698996365,0.000111111,44.6,"[41.6%, 50.0%, 42.2%]",,,,
2,parallel,48,48,0.064494324,1.686472328,1.713666208,0.000111111,43.53333333,"[41.6%, 50.0%, 39.0%]",,,,
2,parallel,49,49,0.06241651,1.818850579,1.974915981,0.000111111,39.53333333,"[41.6%, 50.0%, 27.0%]",,,,
2,parallel,50,50,0.060692844,1.847891457,1.782937601,0.000111111,42.06666667,"[41.6%, 50.0%, 34.6%]",,,,
2,parallel,51,51,0.059323324,1.751506273,1.692665577,0.000111111,44.73333333,"[41.6%, 50.0%, 42.6%]",,,,
2,parallel,52,52,0.058307953,1.747490186,1.773670331,0.000111111,42.66666667,"[41.6%, 50.0%, 36.4%]",,,,
2,parallel,53,53,0.057646728,1.697584987,1.712168783,0.000111111,43.26666667,"[41.6%, 50.0%, 38.2%]",,,,
2,parallel,54,54,0.057339651,1.693139591,1.6975189,0.000111111,44.2,"[41.6%, 50.0%, 41.0%]",,,,
2,parallel,55,55,0.057315789,1.666617252,1.89373675,0.000111111,41.8,"[41.6%, 50.0%, 33.8%]",,,,
2,weights,1,56,0.057315789,1.67939329,1.645977959,0.000111111,44.33333333,"[41.6%, 50.0%, 41.4%]",,,,
2,weights,2,57,0.057315789,1.634861588,1.618314259,0.000111111,43.66666667,"[41.6%, 50.0%, 39.4%]",,,,
2,weights,3,58,0.057315789,1.624255639,1.636955939,0.000111111,43.33333333,"[41.6%, 50.0%, 38.4%]",,,,
2,weights,4,59,0.057315789,1.595420709,1.613041103,0.000111111,44.06666667,"[41.6%, 50.0%, 40.6%]",,,,
2,weights,5,60,0.057315789,1.596896282,1.626324847,0.000111111,43.86666667,"[41.6%, 50.0%, 40.0%]",,,,
2,weights,6,61,0.057315789,1.583391878,1.576255947,0.000111111,44.46666667,"[41.6%, 50.0%, 41.8%]",,,,
2,weights,7,62,0.057315789,1.576616154,1.743085109,0.000111111,42.86666667,"[41.6%, 50.0%, 37.0%]",,,,
2,weights,8,63,0.057315789,1.587602594,1.579731867,0.000111111,44.33333333,"[41.6%, 50.0%, 41.4%]",,,,
2,weights,9,64,0.057315789,1.557381784,1.570186488,0.000111111,44.4,"[41.6%, 50.0%, 41.6%]",,,,
2,weights,10,65,0.057315789,1.536099908,1.584115438,0.000111111,44.73333333,"[41.6%, 50.0%, 42.6%]",,,,
2,weights,11,66,0.057315789,1.54800266,1.5865658,0.000111111,44.46666667,"[41.6%, 50.0%, 41.8%]",,,,
2,weights,12,67,0.057315789,1.544805463,1.600944377,0.000111111,44.13333333,"[41.6%, 50.0%, 40.8%]",,,,
2,weights,13,68,0.057315789,1.56694453,1.620151348,0.000111111,43.86666667,"[41.6%, 50.0%, 40.0%]",,,,
2,weights,14,69,0.057315789,1.50509965,1.597661778,0.000111111,44.13333333,"[41.6%, 50.0%, 40.8%]",,,,
2,weights,15,70,0.057315789,1.512508169,1.584328987,0.000111111,43.66666667,"[41.6%, 50.0%, 39.4%]",,,,
2,weights,16,71,0.057315789,1.514567508,1.565233991,0.000111111,43.93333333,"[41.6%, 50.0%, 40.2%]",,,,
2,weights,17,72,0.057315789,1.506661626,1.563946486,0.000111111,44,"[41.6%, 50.0%, 40.4%]",,,,
2,weights,18,73,0.057315789,1.488914449,1.565417387,0.000111111,44.66666667,"[41.6%, 50.0%, 42.4%]",,,,
2,weights,19,74,0.057315789,1.502060738,1.515645929,0.000111111,44.86666667,"[41.6%, 50.0%, 43.0%]",,,,
2,weights,20,75,0.057315789,1.497778843,1.540301204,0.000111111,45,"[41.6%, 50.0%, 43.4%]",,,,
2,weights,21,76,0.057315789,1.506502141,1.51632347,0.000111111,45.66666667,"[41.6%, 50.0%, 45.4%]",,,,
2,weights,22,77,0.057315789,1.475800793,1.531323187,0.000111111,44.8,"[41.6%, 50.0%, 42.8%]",,,,
2,weights,23,78,0.057315789,1.452016437,1.516860805,0.000111111,44.8,"[41.6%, 50.0%, 42.8%]",,,,
2,weights,24,79,0.057315789,1.466066978,1.659016617,0.000111111,43.73333333,"[41.6%, 50.0%, 39.6%]",,,,
2,weights,25,80,0.057315789,1.469659058,1.5205492,0.000111111,44.46666667,"[41.6%, 50.0%, 41.8%]",28.6,"[10.4%, 48.0%, 27.4%]",35.9,"[44.9%, 32.5%, 30.4%]"
3,parallel,1,1,0.5,4.565364388,2.364327133,0.000111111,35.9,"[41.6%, 50.0%, 41.8%, 10.2%]",,,,
3,parallel,2,2,0.5,2.339025428,2.316672266,0.000111111,35.85,"[41.6%, 50.0%, 41.8%, 10.0%]",,,,
3,parallel,3,3,0.5,2.298795715,2.258166865,0.000111111,36.5,"[41.6%, 50.0%, 41.8%, 12.6%]",,,,
3,parallel,4,4,0.5,2.180294749,2.121043146,0.000111111,38.05,"[41.6%, 50.0%, 41.8%, 18.8%]",,,,
3,parallel,5,5,0.488837521,2.080742693,1.983076498,0.000111111,38.55,"[41.6%, 50.0%, 41.8%, 20.8%]",,,,
3,parallel,6,6,0.47149063,2.020724635,1.922604769,0.000111111,39.45,"[41.6%, 50.0%, 41.8%, 24.4%]",,,,
3,parallel,7,7,0.454498721,1.975143155,1.874330088,0.000111111,40.3,"[41.6%, 50.0%, 41.8%, 27.8%]",,,,
3,parallel,8,8,0.437861792,1.947832667,1.866492942,0.000111111,40,"[41.6%, 50.0%, 41.8%, 26.6%]",,,,
3,parallel,9,9,0.421579845,1.907984854,1.919374675,0.000111111,39.7,"[41.6%, 50.0%, 41.8%, 25.4%]",,,,
3,parallel,10,10,0.405652879,1.862361642,1.742613822,0.000111111,41.25,"[41.6%, 50.0%, 41.8%, 31.6%]",,,,
3,parallel,11,11,0.390080893,1.831951386,1.816486195,0.000111111,40.85,"[41.6%, 50.0%, 41.8%, 30.0%]",,,,
3,parallel,12,12,0.374863889,1.808528272,1.810697451,0.000111111,41.45,"[41.6%, 50.0%, 41.8%, 32.4%]",,,,
3,parallel,13,13,0.360001866,1.771564105,1.998453073,0.000111111,40.9,"[41.6%, 50.0%, 41.8%, 30.2%]",,,,
3,parallel,14,14,0.345494824,1.737672545,1.663664907,0.000111111,42.55,"[41.6%, 50.0%, 41.8%, 36.8%]",,,,
3,parallel,15,15,0.331342763,1.737266738,1.768164814,0.000111111,41.85,"[41.6%, 50.0%, 41.8%, 34.0%]",,,,
3,parallel,16,16,0.317545683,1.732759369,1.695962325,0.000111111,42.05,"[41.6%, 50.0%, 41.8%, 34.8%]",,,,
3,parallel,17,17,0.304103584,1.711080461,1.657680035,0.000111111,42.7,"[41.6%, 50.0%, 41.8%, 37.4%]",,,,
3,parallel,18,18,0.291016466,1.657708212,1.595260888,0.000111111,43.3,"[41.6%, 50.0%, 41.8%, 39.8%]",,,,
3,parallel,19,19,0.278284329,1.643553775,1.690488346,0.000111111,42.9,"[41.6%, 50.0%, 41.8%, 38.2%]",,,,
3,parallel,20,20,0.265907173,1.621317494,1.509636745,0.000111111,43.95,"[41.6%, 50.0%, 41.8%, 42.4%]",,,,
3,parallel,21,21,0.253884998,1.623570572,1.553805664,0.000111111,44.55,"[41.6%, 50.0%, 41.8%, 44.8%]",,,,
3,parallel,22,22,0.242217805,1.616800412,1.63568183,0.000111111,43.55,"[41.6%, 50.0%, 41.8%, 40.8%]",,,,
3,parallel,23,23,0.230905592,1.621186539,1.540848836,0.000111111,44.45,"[41.6%, 50.0%, 41.8%, 44.4%]",,,,
3,parallel,24,24,0.21994836,1.600690614,1.531561255,0.000111111,43.9,"[41.6%, 50.0%, 41.8%, 42.2%]",,,,
3,parallel,25,25,0.20934611,1.675315653,1.511487126,0.000111111,45.1,"[41.6%, 50.0%, 41.8%, 47.0%]",,,,
3,parallel,26,26,0.19909884,1.644338937,1.584211081,0.000111111,44.3,"[41.6%, 50.0%, 41.8%, 43.8%]",,,,
3,parallel,27,27,0.189206552,1.591984713,1.571733624,0.000111111,44.2,"[41.6%, 50.0%, 41.8%, 43.4%]",,,,
3,parallel,28,28,0.179669245,1.723757761,1.612650096,0.000111111,43.15,"[41.6%, 50.0%, 41.8%, 39.2%]",,,,
3,parallel,29,29,0.170486918,1.793944786,1.727912426,0.000111111,42.6,"[41.6%, 50.0%, 41.8%, 37.0%]",,,,
3,parallel,30,30,0.161659573,1.657628585,1.578665867,0.000111111,44.05,"[41.6%, 50.0%, 41.8%, 42.8%]",,,,
3,parallel,31,31,0.153187209,1.698673358,1.597297773,0.000111111,44.1,"[41.6%, 50.0%, 41.8%, 43.0%]",,,,
3,parallel,32,32,0.145069826,1.650107022,1.598882347,0.000111111,43.9,"[41.6%, 50.0%, 41.8%, 42.2%]",,,,
3,parallel,33,33,0.137307423,1.693684533,1.656351164,0.000111111,42.6,"[41.6%, 50.0%, 41.8%, 37.0%]",,,,
3,parallel,34,34,0.129900002,1.697484673,1.666079774,0.000111111,43.55,"[41.6%, 50.0%, 41.8%, 40.8%]",,,,
3,parallel,35,35,0.122847562,1.772232202,1.689429611,0.000111111,42.95,"[41.6%, 50.0%, 41.8%, 38.4%]",,,,
3,parallel,36,36,0.116150103,1.742446973,1.647924185,0.000111111,43.25,"[41.6%, 50.0%, 41.8%, 39.6%]",,,,
3,parallel,37,37,0.109807625,1.70214727,1.581679255,0.000111111,44.5,"[41.6%, 50.0%, 41.8%, 44.6%]",,,,
3,parallel,38,38,0.103820129,1.839222765,1.704414412,0.000111111,42.45,"[41.6%, 50.0%, 41.8%, 36.4%]",,,,
3,parallel,39,39,0.098187613,1.768818929,1.641692385,0.000111111,43.85,"[41.6%, 50.0%, 41.8%, 42.0%]",,,,
3,parallel,40,40,0.092910078,1.92037798,1.846641675,0.000111111,42.15,"[41.6%, 50.0%, 41.8%, 35.2%]",,,,
3,parallel,41,41,0.087987524,1.858955521,1.750307575,0.000111111,43.15,"[41.6%, 50.0%, 41.8%, 39.2%]",,,,
3,parallel,42,42,0.083419952,1.894535689,1.731069982,0.000111111,42.75,"[41.6%, 50.0%, 41.8%, 37.6%]",,,,
3,parallel,43,43,0.07920736,1.836323027,1.718639106,0.000111111,43.15,"[41.6%, 50.0%, 41.8%, 39.2%]",,,,
3,parallel,44,44,0.075349749,1.91357666,1.770746946,0.000111111,42.65,"[41.6%, 50.0%, 41.8%, 37.2%]",,,,
3,parallel,45,45,0.07184712,1.886923472,1.801887617,0.000111111,42.3,"[41.6%, 50.0%, 41.8%, 35.8%]",,,,
3,parallel,46,46,0.068699471,1.859963864,1.816892743,0.000111111,42.5,"[41.6%, 50.0%, 41.8%, 36.6%]",,,,
3,parallel,47,47,0.065906804,1.878736169,1.835302263,0.000111111,41.9,"[41.6%, 50.0%, 41.8%, 34.2%]",,,,
3,parallel,48,48,0.063469118,1.840264245,1.770365357,0.000111111,42.55,"[41.6%, 50.0%, 41.8%, 36.8%]",,,,
3,parallel,49,49,0.061386412,2.121027608,2.040925816,0.000111111,40.15,"[41.6%, 50.0%, 41.8%, 27.2%]",,,,
3,parallel,50,50,0.059658688,2.040191475,1.919231102,0.000111111,41.1,"[41.6%, 50.0%, 41.8%, 31.0%]",,,,
3,parallel,51,51,0.058285945,1.981404715,1.914079636,0.000111111,41.05,"[41.6%, 50.0%, 41.8%, 30.8%]",,,,
3,parallel,52,52,0.057268183,1.953713345,1.863223135,0.000111111,41.95,"[41.6%, 50.0%, 41.8%, 34.4%]",,,,
3,parallel,53,53,0.056605402,1.932271459,1.839860782,0.000111111,42,"[41.6%, 50.0%, 41.8%, 34.6%]",,,,
3,parallel,54,54,0.056297602,1.891526986,1.821915224,0.000111111,41.8,"[41.6%, 50.0%, 41.8%, 33.8%]",,,,
3,parallel,55,55,0.056273684,1.86616693,1.789223418,0.000111111,42.15,"[41.6%, 50.0%, 41.8%, 35.2%]",,,,
3,weights,1,56,0.056273684,1.863572856,1.762374505,0.000111111,42.4,"[41.6%, 50.0%, 41.8%, 36.2%]",,,,
3,weights,2,57,0.056273684,1.84904713,1.743205607,0.000111111,42.75,"[41.6%, 50.0%, 41.8%, 37.6%]",,,,
3,weights,3,58,0.056273684,1.824420936,1.747030824,0.000111111,41.95,"[41.6%, 50.0%, 41.8%, 34.4%]",,,,
3,weights,4,59,0.056273684,1.799637583,1.756404355,0.000111111,42.65,"[41.6%, 50.0%, 41.8%, 37.2%]",,,,
3,weights,5,60,0.056273684,1.793658943,1.772976071,0.000111111,41.7,"[41.6%, 50.0%, 41.8%, 33.4%]",,,,
3,weights,6,61,0.056273684,1.786823119,1.725503787,0.000111111,42.6,"[41.6%, 50.0%, 41.8%, 37.0%]",,,,
3,weights,7,62,0.056273684,1.779525186,1.745690078,0.000111111,41.95,"[41.6%, 50.0%, 41.8%, 34.4%]",,,,
3,weights,8,63,0.056273684,1.778705147,1.720277235,0.000111111,42.6,"[41.6%, 50.0%, 41.8%, 37.0%]",,,,
3,weights,9,64,0.056273684,1.757987323,1.691432253,0.000111111,42.75,"[41.6%, 50.0%, 41.8%, 37.6%]",,,,
3,weights,10,65,0.056273684,1.734184419,1.682794958,0.000111111,42.95,"[41.6%, 50.0%, 41.8%, 38.4%]",,,,
3,weights,11,66,0.056273684,1.743976877,1.67451337,0.000111111,42.75,"[41.6%, 50.0%, 41.8%, 37.6%]",,,,
3,weights,12,67,0.056273684,1.754375393,1.721105888,0.000111111,42.25,"[41.6%, 50.0%, 41.8%, 35.6%]",,,,
3,weights,13,68,0.056273684,1.732925219,1.659524411,0.000111111,42.8,"[41.6%, 50.0%, 41.8%, 37.8%]",,,,
3,weights,14,69,0.056273684,1.705792702,1.656291917,0.000111111,43.5,"[41.6%, 50.0%, 41.8%, 40.6%]",,,,
3,weights,15,70,0.056273684,1.69780797,1.677369073,0.000111111,43.2,"[41.6%, 50.0%, 41.8%, 39.4%]",,,,
3,weights,16,71,0.056273684,1.714011867,1.63006784,0.000111111,42.55,"[41.6%, 50.0%, 41.8%, 36.8%]",,,,
3,weights,17,72,0.056273684,1.692373943,1.644010648,0.000111111,43.1,"[41.6%, 50.0%, 41.8%, 39.0%]",,,,
3,weights,18,73,0.056273684,1.704703088,1.646836042,0.000111111,42.6,"[41.6%, 50.0%, 41.8%, 37.0%]",,,,
3,weights,19,74,0.056273684,1.683964815,1.608610675,0.000111111,43.5,"[41.6%, 50.0%, 41.8%, 40.6%]",,,,
3,weights,20,75,0.056273684,1.697006953,1.602646321,0.000111111,43.6,"[41.6%, 50.0%, 41.8%, 41.0%]",,,,
3,weights,21,76,0.056273684,1.692310395,1.616345897,0.000111111,43.55,"[41.6%, 50.0%, 41.8%, 40.8%]",,,,
3,weights,22,77,0.056273684,1.689175133,1.620821208,0.000111111,43.4,"[41.6%, 50.0%, 41.8%, 40.2%]",,,,
3,weights,23,78,0.056273684,1.673480373,1.62214154,0.000111111,43.7,"[41.6%, 50.0%, 41.8%, 41.4%]",,,,
3,weights,24,79,0.056273684,1.65228295,1.637119889,0.000111111,43.6,"[41.6%, 50.0%, 41.8%, 41.0%]",,,,
3,weights,25,80,0.056273684,1.651171882,1.640465423,0.000111111,43.2,"[41.6%, 50.0%, 41.8%, 39.4%]",28.3,"[10.4%, 48.0%, 27.4%, 27.4%]",31.7,"[35.1%, 26.9%, 30.4%, 35.3%]"
4,parallel,1,1,0.5,5.049998812,2.380743653,0.000111111,36.56,"[41.6%, 50.0%, 41.8%, 39.4%, 10.0%]",,,,
4,parallel,2,2,0.5,2.347192641,2.325245857,0.000111111,36.52,"[41.6%, 50.0%, 41.8%, 39.4%, 9.8%]",,,,
4,parallel,3,3,0.5,2.313662517,2.267722189,0.000111111,38,"[41.6%, 50.0%, 41.8%, 39.4%, 17.2%]",,,,
4,parallel,4,4,0.5,2.209306545,2.087444842,0.000111111,38.64,"[41.6%, 50.0%, 41.8%, 39.4%, 20.4%]",,,,
4,parallel,5,5,0.488811306,2.066095615,1.929292902,0.000111111,39.48,"[41.6%, 50.0%, 41.8%, 39.4%, 24.6%]",,,,
4,parallel,6,6,0.471423675,1.956019709,1.804278329,0.000111111,41.16,"[41.6%, 50.0%, 41.8%, 39.4%, 33.0%]",,,,
4,parallel,7,7,0.45439186,1.897719026,1.757601932,0.000111111,41.6,"[41.6%, 50.0%, 41.8%, 39.4%, 35.2%]",,,,
4,parallel,8,8,0.437715859,1.766505092,1.706028,0.000111111,41.64,"[41.6%, 50.0%, 41.8%, 39.4%, 35.4%]",,,,
4,parallel,9,9,0.421395673,1.695662183,1.600380689,0.000111111,43,"[41.6%, 50.0%, 41.8%, 39.4%, 42.2%]",,,,
4,parallel,10,10,0.405431302,1.620926336,1.483233765,0.000111111,44.32,"[41.6%, 50.0%, 41.8%, 39.4%, 48.8%]",,,,
4,parallel,11,11,0.389822745,1.572600707,1.472527757,0.000111111,44.28,"[41.6%, 50.0%, 41.8%, 39.4%, 48.6%]",,,,
4,parallel,12,12,0.374570003,1.51073751,1.874754675,0.000111111,41.76,"[41.6%, 50.0%, 41.8%, 39.4%, 36.0%]",,,,
4,parallel,13,13,0.359673076,1.472919387,1.401520066,0.000111111,44.68,"[41.6%, 50.0%, 41.8%, 39.4%, 50.6%]",,,,
4,parallel,14,14,0.345131964,1.444188839,1.384174824,0.000111111,44.6,"[41.6%, 50.0%, 41.8%, 39.4%, 50.2%]",,,,
4,parallel,15,15,0.330946666,1.397107989,1.354612134,0.000111111,45.24,"[41.6%, 50.0%, 41.8%, 39.4%, 53.4%]",,,,
4,parallel,16,16,0.317117183,1.379999691,1.286984108,0.000111111,45.52,"[41.6%, 50.0%, 41.8%, 39.4%, 54.8%]",,,,
4,parallel,17,17,0.303643515,1.332733287,1.331599198,0.000111111,45.12,"[41.6%, 50.0%, 41.8%, 39.4%, 52.8%]",,,,
4,parallel,18,18,0.290525661,1.340736096,1.236915126,0.000111111,46.36,"[41.6%, 50.0%, 41.8%, 39.4%, 59.0%]",,,,
4,parallel,19,19,0.277763623,1.330969317,1.448262803,0.000111111,44.36,"[41.6%, 50.0%, 41.8%, 39.4%, 49.0%]",,,,
4,parallel,20,20,0.265357399,1.341752507,1.339984655,0.000111111,45.64,"[41.6%, 50.0%, 41.8%, 39.4%, 55.4%]",,,,
4,parallel,21,21,0.25330699,1.294219225,1.240074798,0.000111111,45.92,"[41.6%, 50.0%, 41.8%, 39.4%, 56.8%]",,,,
4,parallel,22,22,0.241612395,1.266209821,1.296313353,0.000111111,45.52,"[41.6%, 50.0%, 41.8%, 39.4%, 54.8%]",,,,
4,parallel,23,23,0.230273615,1.285110334,1.293192379,0.000111111,46.24,"[41.6%, 50.0%, 41.8%, 39.4%, 58.4%]",,,,
4,parallel,24,24,0.21929065,1.241377958,1.244737476,0.000111111,46.36,"[41.6%, 50.0%, 41.8%, 39.4%, 59.0%]",,,,
4,parallel,25,25,0.2086635,1.2961653,1.20101852,0.000111111,46.76,"[41.6%, 50.0%, 41.8%, 39.4%, 61.0%]",,,,
4,parallel,26,26,0.198392165,1.293955737,1.292992428,0.000111111,46.08,"[41.6%, 50.0%, 41.8%, 39.4%, 57.6%]",,,,
4,parallel,27,27,0.188476644,1.326815484,1.250696115,0.000111111,46.44,"[41.6%, 50.0%, 41.8%, 39.4%, 59.4%]",,,,
4,parallel,28,28,0.178916938,1.329376537,1.28783489,0.000111111,46.12,"[41.6%, 50.0%, 41.8%, 39.4%, 57.8%]",,,,
4,parallel,29,29,0.169713046,1.372396237,1.236479774,0.000111111,46.52,"[41.6%, 50.0%, 41.8%, 39.4%, 59.8%]",,,,
4,parallel,30,30,0.16086497,1.328385806,1.247851253,0.000111111,46.32,"[41.6%, 50.0%, 41.8%, 39.4%, 58.8%]",,,,
4,parallel,31,31,0.152372708,1.386338401,1.366855152,0.000111111,45.16,"[41.6%, 50.0%, 41.8%, 39.4%, 53.0%]",,,,
4,parallel,32,32,0.144236261,1.405404848,1.280391894,0.000111111,45.88,"[41.6%, 50.0%, 41.8%, 39.4%, 56.6%]",,,,
4,parallel,33,33,0.136455628,1.446428064,1.38112326,0.000111111,45.32,"[41.6%, 50.0%, 41.8%, 39.4%, 53.8%]",,,,
4,parallel,34,34,0.129030811,1.40367519,1.26664599,0.000111111,46.32,"[41.6%, 50.0%, 41.8%, 39.4%, 58.8%]",,,,
4,parallel,35,35,0.121961808,1.482140171,1.439020015,0.000111111,44.48,"[41.6%, 50.0%, 41.8%, 39.4%, 49.6%]",,,,
4,parallel,36,36,0.11524862,1.411205132,1.419649184,0.000111111,44.56,"[41.6%, 50.0%, 41.8%, 39.4%, 50.0%]",,,,
4,parallel,37,37,0.108891246,1.62297391,1.585512444,0.000111111,44,"[41.6%, 50.0%, 41.8%, 39.4%, 47.2%]",,,,
4,parallel,38,38,0.102889688,1.610293355,1.401928425,0.000111111,45,"[41.6%, 50.0%, 41.8%, 39.4%, 52.2%]",,,,
4,parallel,39,39,0.097243944,1.52308007,1.445586383,0.000111111,44.8,"[41.6%, 50.0%, 41.8%, 39.4%, 51.2%]",,,,
4,parallel,40,40,0.091954014,1.618970483,1.550729394,0.000111111,43.72,"[41.6%, 50.0%, 41.8%, 39.4%, 45.8%]",,,,
4,parallel,41,41,0.0870199,1.574999966,1.627311639,0.000111111,43.64,"[41.6%, 50.0%, 41.8%, 39.4%, 45.4%]",,,,
4,parallel,42,42,0.0824416,1.54434645,1.505937889,0.000111111,44.72,"[41.6%, 50.0%, 41.8%, 39.4%, 50.8%]",,,,
4,parallel,43,43,0.078219115,1.535885502,1.416430905,0.000111111,45.2,"[41.6%, 50.0%, 41.8%, 39.4%, 53.2%]",,,,
4,parallel,44,44,0.074352445,1.761239643,1.581004471,0.000111111,43.68,"[41.6%, 50.0%, 41.8%, 39.4%, 45.6%]",,,,
4,parallel,45,45,0.070841589,1.634286263,1.592404351,0.000111111,43.32,"[41.6%, 50.0%, 41.8%, 39.4%, 43.8%]",,,,
4,parallel,46,46,0.067686549,1.661083769,1.561173618,0.000111111,43.6,"[41.6%, 50.0%, 41.8%, 39.4%, 45.2%]",,,,
4,parallel,47,47,0.064887322,1.711237681,1.587113112,0.000111111,43.16,"[41.6%, 50.0%, 41.8%, 39.4%, 43.0%]",,,,
4,parallel,48,48,0.062443911,1.801307155,1.894651487,0.000111111,41.4,"[41.6%, 50.0%, 41.8%, 39.4%, 34.2%]",,,,
4,parallel,49,49,0.060356315,1.824087238,1.723799646,0.000111111,42.44,"[41.6%, 50.0%, 41.8%, 39.4%, 39.4%]",,,,
4,parallel,50,50,0.058624533,1.706692525,1.623104528,0.000111111,43.28,"[41.6%, 50.0%, 41.8%, 39.4%, 43.6%]",,,,
4,parallel,51,51,0.057248566,1.710541046,1.665850818,0.000111111,43.32,"[41.6%, 50.0%, 41.8%, 39.4%, 43.8%]",,,,
4,parallel,52,52,0.056228413,1.670381591,1.652134508,0.000111111,43.36,"[41.6%, 50.0%, 41.8%, 39.4%, 44.0%]",,,,
4,parallel,53,53,0.055564076,1.614882235,1.983128965,0.000111111,41.4,"[41.6%, 50.0%, 41.8%, 39.4%, 34.2%]",,,,
4,parallel,54,54,0.055255553,1.628957377,1.641151577,0.000111111,43.24,"[41.6%, 50.0%, 41.8%, 39.4%, 43.4%]",,,,
4,parallel,55,55,0.055231579,1.551543331,1.60368973,0.000111111,43.8,"[41.6%, 50.0%, 41.8%, 39.4%, 46.2%]",,,,
4,weights,1,56,0.055231579,1.547918736,1.514236033,0.000111111,44.16,"[41.6%, 50.0%, 41.8%, 39.4%, 48.0%]",,,,
4,weights,2,57,0.055231579,1.521305295,1.5926622,0.000111111,43.92,"[41.6%, 50.0%, 41.8%, 39.4%, 46.8%]",,,,
4,weights,3,58,0.055231579,1.521839506,1.545589738,0.000111111,43.64,"[41.6%, 50.0%, 41.8%, 39.4%, 45.4%]",,,,
4,weights,4,59,0.055231579,1.493291745,1.504626125,0.000111111,43.72,"[41.6%, 50.0%, 41.8%, 39.4%, 45.8%]",,,,
4,weights,5,60,0.055231579,1.489944834,1.445620656,0.000111111,44.52,"[41.6%, 50.0%, 41.8%, 39.4%, 49.8%]",,,,
4,weights,6,61,0.055231579,1.471314275,1.514661603,0.000111111,44.32,"[41.6%, 50.0%, 41.8%, 39.4%, 48.8%]",,,,
4,weights,7,62,0.055231579,1.433555355,1.426335841,0.000111111,44.36,"[41.6%, 50.0%, 41.8%, 39.4%, 49.0%]",,,,
4,weights,8,63,0.055231579,1.427097542,1.405602366,0.000111111,44.72,"[41.6%, 50.0%, 41.8%, 39.4%, 50.8%]",,,,
4,weights,9,64,0.055231579,1.438776253,1.553849019,0.000111111,43.96,"[41.6%, 50.0%, 41.8%, 39.4%, 47.0%]",,,,
4,weights,10,65,0.055231579,1.414118462,1.433849044,0.000111111,44.76,"[41.6%, 50.0%, 41.8%, 39.4%, 51.0%]",,,,
4,weights,11,66,0.055231579,1.411188198,1.427802108,0.000111111,44.24,"[41.6%, 50.0%, 41.8%, 39.4%, 48.4%]",,,,
4,weights,12,67,0.055231579,1.386523801,1.452801436,0.000111111,44.12,"[41.6%, 50.0%, 41.8%, 39.4%, 47.8%]",,,,
4,weights,13,68,0.055231579,1.392122647,1.371166185,0.000111111,44.64,"[41.6%, 50.0%, 41.8%, 39.4%, 50.4%]",,,,
4,weights,14,69,0.055231579,1.381661518,1.42483215,0.000111111,44.56,"[41.6%, 50.0%, 41.8%, 39.4%, 50.0%]",,,,
4,weights,15,70,0.055231579,1.374642378,1.379716516,0.000111111,45.08,"[41.6%, 50.0%, 41.8%, 39.4%, 52.6%]",,,,
4,weights,16,71,0.055231579,1.36720784,1.405176952,0.000111111,45.16,"[41.6%, 50.0%, 41.8%, 39.4%, 53.0%]",,,,
4,weights,17,72,0.055231579,1.350141368,1.389719911,0.000111111,44.96,"[41.6%, 50.0%, 41.8%, 39.4%, 52.0%]",,,,
4,weights,18,73,0.055231579,1.351400787,1.356987894,0.000111111,45.2,"[41.6%, 50.0%, 41.8%, 39.4%, 53.2%]",,,,
4,weights,19,74,0.055231579,1.337588139,1.387712307,0.000111111,45.08,"[41.6%, 50.0%, 41.8%, 39.4%, 52.6%]",,,,
4,weights,20,75,0.055231579,1.318382713,1.577052243,0.000111111,44.32,"[41.6%, 50.0%, 41.8%, 39.4%, 48.8%]",,,,
4,weights,21,76,0.055231579,1.331919785,1.403078474,0.000111111,44.88,"[41.6%, 50.0%, 41.8%, 39.4%, 51.6%]",,,,
4,weights,22,77,0.055231579,1.326151884,1.3664589,0.000111111,45.16,"[41.6%, 50.0%, 41.8%, 39.4%, 53.0%]",,,,
4,weights,23,78,0.055231579,1.313165192,1.365479767,0.000111111,44.92,"[41.6%, 50.0%, 41.8%, 39.4%, 51.8%]",,,,
4,weights,24,79,0.055231579,1.298745161,1.329728976,0.000111111,45.16,"[41.6%, 50.0%, 41.8%, 39.4%, 53.0%]",,,,
4,weights,25,80,0.055231579,1.318140778,1.344037928,0.000111111,45.36,"[41.6%, 50.0%, 41.8%, 39.4%, 54.0%]",27.2,"[10.4%, 44.2%, 27.4%, 0.0%, 54.0%]",31.86,"[35.1%, 26.6%, 31.1%, 26.8%, 41.5%]"
5,parallel,1,1,0.5,5.662013537,2.413964897,0.000111111,39.46666667,"[41.6%, 50.0%, 41.8%, 39.4%, 54.0%, 10.0%]",,,,
5,parallel,2,2,0.5,2.355324718,2.336993545,0.000111111,39.46666667,"[41.6%, 50.0%, 41.8%, 39.4%, 54.0%, 10.0%]",,,,
5,parallel,3,3,0.5,2.333914962,2.328598529,0.000111111,39.46666667,"[41.6%, 50.0%, 41.8%, 39.4%, 54.0%, 10.0%]",,,,
5,parallel,4,4,0.5,2.326444849,2.316035479,0.000111111,39.46666667,"[41.6%, 50.0%, 41.8%, 39.4%, 54.0%, 10.0%]",,,,
5,parallel,5,5,0.48878509,2.329874111,2.332860082,0.000111111,39.46666667,"[41.6%, 50.0%, 41.8%, 39.4%, 54.0%, 10.0%]",,,,
5,parallel,6,6,0.47135672,2.330243597,2.315571815,0.000111111,39.9,"[41.6%, 50.0%, 41.8%, 39.4%, 54.0%, 12.6%]",,,,
5,parallel,7,7,0.454284999,2.320249506,2.291357219,0.000111111,40.63333333,"[41.6%, 50.0%, 41.8%, 39.4%, 54.0%, 17.0%]",,,,
5,parallel,8,8,0.437569925,2.230178338,2.169773325,0.000111111,40.6,"[41.6%, 50.0%, 41.8%, 39.4%, 54.0%, 16.8%]",,,,
5,parallel,9,9,0.421211501,2.140991081,2.108160317,0.000111111,41.03333333,"[41.6%, 50.0%, 41.8%, 39.4%, 54.0%, 19.4%]",,,,
5,parallel,10,10,0.405209724,2.046107917,1.993180633,0.000111111,42.16666667,"[41.6%, 50.0%, 41.8%, 39.4%, 54.0%, 26.2%]",,,,
5,parallel,11,11,0.389564596,1.962687124,1.916966572,0.000111111,42.26666667,"[41.6%, 50.0%, 41.8%, 39.4%, 54.0%, 26.8%]",,,,
5,parallel,12,12,0.374276117,1.886391208,1.986336887,0.000111111,42.23333333,"[41.6%, 50.0%, 41.8%, 39.4%, 54.0%, 26.6%]",,,,
5,parallel,13,13,0.359344286,1.82921272,1.769717105,0.000111111,43.73333333,"[41.6%, 50.0%, 41.8%, 39.4%, 54.0%, 35.6%]",,,,
5,parallel,14,14,0.344769103,1.777923303,1.70716323,0.000111111,44.73333333,"[41.6%, 50.0%, 41.8%, 39.4%, 54.0%, 41.6%]",,,,
5,parallel,15,15,0.330550569,1.69653051,1.695841402,0.000111111,44.6,"[41.6%, 50.0%, 41.8%, 39.4%, 54.0%, 40.8%]",,,,
5,parallel,16,16,0.316688683,1.640802666,1.700476855,0.000111111,44.3,"[41.6%, 50.0%, 41.8%, 39.4%, 54.0%, 39.0%]",,,,
5,parallel,17,17,0.303183446,1.621273409,1.5649914,0.000111111,45.43333333,"[41.6%, 50.0%, 41.8%, 39.4%, 54.0%, 45.8%]",,,,
5,parallel,18,18,0.290034857,1.608835797,1.685941756,0.000111111,44.36666667,"[41.6%, 50.0%, 41.8%, 39.4%, 54.0%, 39.4%]",,,,
5,parallel,19,19,0.277242917,1.553720554,1.657756835,0.000111111,44.53333333,"[41.6%, 50.0%, 41.8%, 39.4%, 54.0%, 40.4%]",,,,
5,parallel,20,20,0.264807624,1.561700089,1.525970839,0.000111111,45.53333333,"[41.6%, 50.0%, 41.8%, 39.4%, 54.0%, 46.4%]",,,,
5,parallel,21,21,0.252728981,1.549878098,1.568032935,0.000111111,45.83333333,"[41.6%, 50.0%, 41.8%, 39.4%, 54.0%, 48.2%]",,,,
5,parallel,22,22,0.241006985,1.483869261,1.494238958,0.000111111,45.9,"[41.6%, 50.0%, 41.8%, 39.4%, 54.0%, 48.6%]",,,,
5,parallel,23,23,0.229641639,1.47331557,1.543319643,0.000111111,45.83333333,"[41.6%, 50.0%, 41.8%, 39.4%, 54.0%, 48.2%]",,,,
5,parallel,24,24,0.21863294,1.481144416,1.57925804,0.000111111,45.5,"[41.6%, 50.0%, 41.8%, 39.4%, 54.0%, 46.2%]",,,,
5,parallel,25,25,0.20798089,1.468586134,1.628271133,0.000111111,45.46666667,"[41.6%, 50.0%, 41.8%, 39.4%, 54.0%, 46.0%]",,,,
5,parallel,26,26,0.197685489,1.522694064,1.437853411,0.000111111,46.3,"[41.6%, 50.0%, 41.8%, 39.4%, 54.0%, 51.0%]",,,,
5,parallel,27,27,0.187746736,1.470856581,1.519670188,0.000111111,45.73333333,"[41.6%, 50.0%, 41.8%, 39.4%, 54.0%, 47.6%]",,,,
5,parallel,28,28,0.178164631,1.549214976,1.441795513,0.000111111,46.2,"[41.6%, 50.0%, 41.8%, 39.4%, 54.0%, 50.4%]",,,,
5,parallel,29,29,0.168939174,1.553113782,1.557793982,0.000111111,45.86666667,"[41.6%, 50.0%, 41.8%, 39.4%, 54.0%, 48.4%]",,,,
5,parallel,30,30,0.160070367,1.528110587,1.613777675,0.000111111,45.46666667,"[41.6%, 50.0%, 41.8%, 39.4%, 54.0%, 46.0%]",,,,
5,parallel,31,31,0.151558207,1.592432605,1.510734141,0.000111111,45.8,"[41.6%, 50.0%, 41.8%, 39.4%, 54.0%, 48.0%]",,,,
5,parallel,32,32,0.143402696,1.550420188,1.468476944,0.000111111,45.6,"[41.6%, 50.0%, 41.8%, 39.4%, 54.0%, 46.8%]",,,,
5,parallel,33,33,0.135603833,1.587829333,1.601887897,0.000111111,45.56666667,"[41.6%, 50.0%, 41.8%, 39.4%, 54.0%, 46.6%]",,,,
5,parallel,34,34,0.128161619,1.593621772,1.590954028,0.000111111,45.36666667,"[41.6%, 50.0%, 41.8%, 39.4%, 54.0%, 45.4%]",,,,
5,parallel,35,35,0.121076053,1.646195412,1.696237177,0.000111111,44.13333333,"[41.6%, 50.0%, 41.8%, 39.4%, 54.0%, 38.0%]",,,,
5,parallel,36,36,0.114347136,1.602977105,1.526752524,0.000111111,46.06666667,"[41.6%, 50.0%, 41.8%, 39.4%, 54.0%, 49.6%]",,,,
5,parallel,37,37,0.107974867,1.644459569,1.584708303,0.000111111,45.26666667,"[41.6%, 50.0%, 41.8%, 39.4%, 54.0%, 44.8%]",,,,
5,parallel,38,38,0.101959247,1.629811595,1.580664046,0.000111111,45.33333333,"[41.6%, 50.0%, 41.8%, 39.4%, 54.0%, 45.2%]",,,,
5,parallel,39,39,0.096300275,1.644674072,1.537296727,0.000111111,45.76666667,"[41.6%, 50.0%, 41.8%, 39.4%, 54.0%, 47.8%]",,,,
5,parallel,40,40,0.090997951,1.720547225,1.646962475,0.000111111,45.13333333,"[41.6%, 50.0%, 41.8%, 39.4%, 54.0%, 44.0%]",,,,
5,parallel,41,41,0.086052276,1.681925579,1.657080367,0.000111111,44.73333333,"[41.6%, 50.0%, 41.8%, 39.4%, 54.0%, 41.6%]",,,,
5,parallel,42,42,0.081463249,1.745193764,1.628639877,0.000111111,45.33333333,"[41.6%, 50.0%, 41.8%, 39.4%, 54.0%, 45.2%]",,,,
5,parallel,43,43,0.07723087,1.891817772,1.890761271,0.000111111,43.6,"[41.6%, 50.0%, 41.8%, 39.4%, 54.0%, 34.8%]",,,,
5,parallel,44,44,0.07335514,1.862596367,1.797164842,0.000111111,44.5,"[41.6%, 50.0%, 41.8%, 39.4%, 54.0%, 40.2%]",,,,
5,parallel,45,45,0.069836059,1.819732829,1.807643309,0.000111111,43.93333333,"[41.6%, 50.0%, 41.8%, 39.4%, 54.0%, 36.8%]",,,,
5,parallel,46,46,0.066673626,1.785627255,1.726388127,0.000111111,44.66666667,"[41.6%, 50.0%, 41.8%, 39.4%, 54.0%, 41.2%]",,,,
5,parallel,47,47,0.063867841,1.777193718,1.74921003,0.000111111,44.6,"[41.6%, 50.0%, 41.8%, 39.4%, 54.0%, 40.8%]",,,,
5,parallel,48,48,0.061418705,1.984438637,1.895522922,0.000111111,43.73333333,"[41.6%, 50.0%, 41.8%, 39.4%, 54.0%, 35.6%]",,,,
5,parallel,49,49,0.059326217,1.901260776,1.861486033,0.000111111,43.53333333,"[41.6%, 50.0%, 41.8%, 39.4%, 54.0%, 34.4%]",,,,
5,parallel,50,50,0.057590377,1.858434051,1.780654028,0.000111111,44,"[41.6%, 50.0%, 41.8%, 39.4%, 54.0%, 37.2%]",,,,
5,parallel,51,51,0.056211186,1.811042356,1.783433303,0.000111111,44.03333333,"[41.6%, 50.0%, 41.8%, 39.4%, 54.0%, 37.4%]",,,,
5,parallel,52,52,0.055188644,1.762746624,1.685824692,0.000111111,45.06666667,"[41.6%, 50.0%, 41.8%, 39.4%, 54.0%, 43.6%]",,,,
5,parallel,53,53,0.054522749,1.883207787,1.826053962,0.000111111,43.9,"[41.6%, 50.0%, 41.8%, 39.4%, 54.0%, 36.6%]",,,,
5,parallel,54,54,0.054213504,1.81855945,1.713864863,0.000111111,44.6,"[41.6%, 50.0%, 41.8%, 39.4%, 54.0%, 40.8%]",,,,
5,parallel,55,55,0.054189474,1.758933123,1.740185745,0.000111111,44.36666667,"[41.6%, 50.0%, 41.8%, 39.4%, 54.0%, 39.4%]",,,,
5,weights,1,56,0.054189474,1.741345221,1.715286091,0.000111111,44.4,"[41.6%, 50.0%, 41.8%, 39.4%, 54.0%, 39.6%]",,,,
5,weights,2,57,0.054189474,1.73020245,1.675880715,0.000111111,44.6,"[41.6%, 50.0%, 41.8%, 39.4%, 54.0%, 40.8%]",,,,
5,weights,3,58,0.054189474,1.695587597,1.721526206,0.000111111,44.63333333,"[41.6%, 50.0%, 41.8%, 39.4%, 54.0%, 41.0%]",,,,
5,weights,4,59,0.054189474,1.694678907,1.651486501,0.000111111,44.7,"[41.6%, 50.0%, 41.8%, 39.4%, 54.0%, 41.4%]",,,,
5,weights,5,60,0.054189474,1.68358619,1.643427089,0.000111111,45.2,"[41.6%, 50.0%, 41.8%, 39.4%, 54.0%, 44.4%]",,,,
5,weights,6,61,0.054189474,1.666605998,1.635855466,0.000111111,45.03333333,"[41.6%, 50.0%, 41.8%, 39.4%, 54.0%, 43.4%]",,,,
5,weights,7,62,0.054189474,1.636178889,1.625678584,0.000111111,45.46666667,"[41.6%, 50.0%, 41.8%, 39.4%, 54.0%, 46.0%]",,,,
5,weights,8,63,0.054189474,1.64433843,1.619165927,0.000111111,45.3,"[41.6%, 50.0%, 41.8%, 39.4%, 54.0%, 45.0%]",,,,
5,weights,9,64,0.054189474,1.625218331,1.67182368,0.000111111,44.63333333,"[41.6%, 50.0%, 41.8%, 39.4%, 54.0%, 41.0%]",,,,
5,weights,10,65,0.054189474,1.611215365,1.614718288,0.000111111,45.13333333,"[41.6%, 50.0%, 41.8%, 39.4%, 54.0%, 44.0%]",,,,
5,weights,11,66,0.054189474,1.599404842,1.585359335,0.000111111,45.03333333,"[41.6%, 50.0%, 41.8%, 39.4%, 54.0%, 43.4%]",,,,
5,weights,12,67,0.054189474,1.590460462,1.587798297,0.000111111,45.63333333,"[41.6%, 50.0%, 41.8%, 39.4%, 54.0%, 47.0%]",,,,
5,weights,13,68,0.054189474,1.593506994,1.567777067,0.000111111,45.56666667,"[41.6%, 50.0%, 41.8%, 39.4%, 54.0%, 46.6%]",,,,
5,weights,14,69,0.054189474,1.59236236,1.57072071,0.000111111,45.13333333,"[41.6%, 50.0%, 41.8%, 39.4%, 54.0%, 44.0%]",,,,
5,weights,15,70,0.054189474,1.564560978,1.543762505,0.000111111,45.56666667,"[41.6%, 50.0%, 41.8%, 39.4%, 54.0%, 46.6%]",,,,
5,weights,16,71,0.054189474,1.561066369,1.527767949,0.000111111,45.63333333,"[41.6%, 50.0%, 41.8%, 39.4%, 54.0%, 47.0%]",,,,
5,weights,17,72,0.054189474,1.540870925,1.545163706,0.000111111,45.5,"[41.6%, 50.0%, 41.8%, 39.4%, 54.0%, 46.2%]",,,,
5,weights,18,73,0.054189474,1.523588727,1.606930077,0.000111111,45.16666667,"[41.6%, 50.0%, 41.8%, 39.4%, 54.0%, 44.2%]",,,,
5,weights,19,74,0.054189474,1.531774679,1.523017801,0.000111111,45.83333333,"[41.6%, 50.0%, 41.8%, 39.4%, 54.0%, 48.2%]",,,,
5,weights,20,75,0.054189474,1.511254047,1.501337424,0.000111111,45.86666667,"[41.6%, 50.0%, 41.8%, 39.4%, 54.0%, 48.4%]",,,,
5,weights,21,76,0.054189474,1.531658636,1.513757423,0.000111111,45.63333333,"[41.6%, 50.0%, 41.8%, 39.4%, 54.0%, 47.0%]",,,,
5,weights,22,77,0.054189474,1.508964161,1.486432932,0.000111111,46.06666667,"[41.6%, 50.0%, 41.8%, 39.4%, 54.0%, 49.6%]",,,,
5,weights,23,78,0.054189474,1.523145242,1.471182749,0.000111111,46.16666667,"[41.6%, 50.0%, 41.8%, 39.4%, 54.0%, 50.2%]",,,,
5,weights,24,79,0.054189474,1.513089441,1.501505092,0.000111111,46.03333333,"[41.6%, 50.0%, 41.8%, 39.4%, 54.0%, 49.4%]",,,,
5,weights,25,80,0.054189474,1.513632024,1.521439657,0.000111111,45.6,"[41.6%, 50.0%, 41.8%, 39.4%, 54.0%, 46.8%]",28.5,"[10.4%, 44.2%, 27.4%, 0.0%, 54.0%, 35.0%]",32.63333333,"[39.3%, 33.2%, 31%, 18.8%, 41.8%, 32.5%]"
6,parallel,1,1,0.5,6.360385563,2.460157096,0.000111111,40.51428571,"[41.6%, 50.0%, 41.8%, 39.4%, 54.0%, 46.8%, 10.0%]",,,,
6,parallel,2,2,0.5,2.369001651,2.332452387,0.000111111,40.51428571,"[41.6%, 50.0%, 41.8%, 39.4%, 54.0%, 46.8%, 10.0%]",,,,
6,parallel,3,3,0.5,2.336029641,2.33828038,0.000111111,40.51428571,"[41.6%, 50.0%, 41.8%, 39.4%, 54.0%, 46.8%, 10.0%]",,,,
6,parallel,4,4,0.5,2.328427677,2.326498777,0.000111111,40.51428571,"[41.6%, 50.0%, 41.8%, 39.4%, 54.0%, 46.8%, 10.0%]",,,,
6,parallel,5,5,0.488758875,2.328296055,2.330945373,0.000111111,40.51428571,"[41.6%, 50.0%, 41.8%, 39.4%, 54.0%, 46.8%, 10.0%]",,,,
6,parallel,6,6,0.471289765,2.324624137,2.317936242,0.000111111,40.51428571,"[41.6%, 50.0%, 41.8%, 39.4%, 54.0%, 46.8%, 10.0%]",,,,
6,parallel,7,7,0.454178137,2.320533016,2.303192377,0.000111111,40.71428571,"[41.6%, 50.0%, 41.8%, 39.4%, 54.0%, 46.8%, 11.4%]",,,,
6,parallel,8,8,0.437423992,2.269881342,2.192682207,0.000111111,41.88571429,"[41.6%, 50.0%, 41.8%, 39.4%, 54.0%, 46.8%, 19.6%]",,,,
6,parallel,9,9,0.421027328,2.156981562,2.048433453,0.000111111,42.62857143,"[41.6%, 50.0%, 41.8%, 39.4%, 54.0%, 46.8%, 24.8%]",,,,
6,parallel,10,10,0.404988147,2.05586212,1.929703027,0.000111111,43.22857143,"[41.6%, 50.0%, 41.8%, 39.4%, 54.0%, 46.8%, 29.0%]",,,,
6,parallel,11,11,0.389306448,1.955073073,1.839214623,0.000111111,44,"[41.6%, 50.0%, 41.8%, 39.4%, 54.0%, 46.8%, 34.4%]",,,,
6,parallel,12,12,0.373982231,1.882895142,1.808791146,0.000111111,44.28571429,"[41.6%, 50.0%, 41.8%, 39.4%, 54.0%, 46.8%, 36.4%]",,,,
6,parallel,13,13,0.359015496,1.846100327,1.820674658,0.000111111,43.94285714,"[41.6%, 50.0%, 41.8%, 39.4%, 54.0%, 46.8%, 34.0%]",,,,
6,parallel,14,14,0.344406243,1.759415305,1.675167836,0.000111111,45.08571429,"[41.6%, 50.0%, 41.8%, 39.4%, 54.0%, 46.8%, 42.0%]",,,,
6,parallel,15,15,0.330154472,1.738722145,1.676099852,0.000111111,45.05714286,"[41.6%, 50.0%, 41.8%, 39.4%, 54.0%, 46.8%, 41.8%]",,,,
6,parallel,16,16,0.316260184,1.704605588,1.588581622,0.000111111,45.42857143,"[41.6%, 50.0%, 41.8%, 39.4%, 54.0%, 46.8%, 44.4%]",,,,
6,parallel,17,17,0.302723377,1.664700605,1.697212875,0.000111111,44.97142857,"[41.6%, 50.0%, 41.8%, 39.4%, 54.0%, 46.8%, 41.2%]",,,,
6,parallel,18,18,0.289544053,1.615228484,1.600460984,0.000111111,45.17142857,"[41.6%, 50.0%, 41.8%, 39.4%, 54.0%, 46.8%, 42.6%]",,,,
6,parallel,19,19,0.27672221,1.595444919,1.599797249,0.000111111,45.14285714,"[41.6%, 50.0%, 41.8%, 39.4%, 54.0%, 46.8%, 42.4%]",,,,
6,parallel,20,20,0.26425785,1.568633612,1.467014231,0.000111111,45.91428571,"[41.6%, 50.0%, 41.8%, 39.4%, 54.0%, 46.8%, 47.8%]",,,,
6,parallel,21,21,0.252150972,1.510021125,1.456697047,0.000111111,46.4,"[41.6%, 50.0%, 41.8%, 39.4%, 54.0%, 46.8%, 51.2%]",,,,
6,parallel,22,22,0.240401576,1.529985853,1.531398952,0.000111111,45.82857143,"[41.6%, 50.0%, 41.8%, 39.4%, 54.0%, 46.8%, 47.2%]",,,,
6,parallel,23,23,0.229009662,1.54715519,1.465101629,0.000111111,46.02857143,"[41.6%, 50.0%, 41.8%, 39.4%, 54.0%, 46.8%, 48.6%]",,,,
6,parallel,24,24,0.21797523,1.51112535,1.482158199,0.000111111,46.08571429,"[41.6%, 50.0%, 41.8%, 39.4%, 54.0%, 46.8%, 49.0%]",,,,
6,parallel,25,25,0.20729828,1.513201288,1.504614003,0.000111111,46.25714286,"[41.6%, 50.0%, 41.8%, 39.4%, 54.0%, 46.8%, 50.2%]",,,,
6,parallel,26,26,0.196978813,1.500876875,1.480474889,0.000111111,46.05714286,"[41.6%, 50.0%, 41.8%, 39.4%, 54.0%, 46.8%, 48.8%]",,,,
6,parallel,27,27,0.187016827,1.4947205,1.663319454,0.000111111,45.02857143,"[41.6%, 50.0%, 41.8%, 39.4%, 54.0%, 46.8%, 41.6%]",,,,
6,parallel,28,28,0.177412324,1.466750759,1.471091762,0.000111111,46.05714286,"[41.6%, 50.0%, 41.8%, 39.4%, 54.0%, 46.8%, 48.8%]",,,,
6,parallel,29,29,0.168165303,1.476270196,1.439821154,0.000111111,46.54285714,"[41.6%, 50.0%, 41.8%, 39.4%, 54.0%, 46.8%, 52.2%]",,,,
6,parallel,30,30,0.159275763,1.498147845,1.467153981,0.000111111,46.31428571,"[41.6%, 50.0%, 41.8%, 39.4%, 54.0%, 46.8%, 50.6%]",,,,
6,parallel,31,31,0.150743706,1.528148876,1.434383914,0.000111111,46.45714286,"[41.6%, 50.0%, 41.8%, 39.4%, 54.0%, 46.8%, 51.6%]",,,,
6,parallel,32,32,0.142569131,1.523242166,1.621251538,0.000111111,45.31428571,"[41.6%, 50.0%, 41.8%, 39.4%, 54.0%, 46.8%, 43.6%]",,,,
6,parallel,33,33,0.134752038,1.508842016,1.449435845,0.000111111,46.4,"[41.6%, 50.0%, 41.8%, 39.4%, 54.0%, 46.8%, 51.2%]",,,,
6,parallel,34,34,0.127292428,1.559963347,1.459308133,0.000111111,46.45714286,"[41.6%, 50.0%, 41.8%, 39.4%, 54.0%, 46.8%, 51.6%]",,,,
6,parallel,35,35,0.120190299,1.653306193,1.543447912,0.000111111,45.85714286,"[41.6%, 50.0%, 41.8%, 39.4%, 54.0%, 46.8%, 47.4%]",,,,
6,parallel,36,36,0.113445653,1.628747558,1.54628399,0.000111111,45.91428571,"[41.6%, 50.0%, 41.8%, 39.4%, 54.0%, 46.8%, 47.8%]",,,,
6,parallel,37,37,0.107058488,1.667038706,1.635973498,0.000111111,45.31428571,"[41.6%, 50.0%, 41.8%, 39.4%, 54.0%, 46.8%, 43.6%]",,,,
6,parallel,38,38,0.101028806,1.637619162,1.555778146,0.000111111,46.05714286,"[41.6%, 50.0%, 41.8%, 39.4%, 54.0%, 46.8%, 48.8%]",,,,
6,parallel,39,39,0.095356605,1.60996348,1.596790448,0.000111111,45.97142857,"[41.6%, 50.0%, 41.8%, 39.4%, 54.0%, 46.8%, 48.2%]",,,,
6,parallel,40,40,0.090041887,1.833328852,1.671796352,0.000111111,45.34285714,"[41.6%, 50.0%, 41.8%, 39.4%, 54.0%, 46.8%, 43.8%]",,,,
6,parallel,41,41,0.085084651,1.70774688,1.738906518,0.000111111,44.77142857,"[41.6%, 50.0%, 41.8%, 39.4%, 54.0%, 46.8%, 39.8%]",,,,
6,parallel,42,42,0.080484897,1.692190311,1.664845362,0.000111111,45.74285714,"[41.6%, 50.0%, 41.8%, 39.4%, 54.0%, 46.8%, 46.6%]",,,,
6,parallel,43,43,0.076242626,1.811881406,1.71198076,0.000111111,45.08571429,"[41.6%, 50.0%, 41.8%, 39.4%, 54.0%, 46.8%, 42.0%]",,,,
6,parallel,44,44,0.072357836,1.749735239,1.749951497,0.000111111,45.14285714,"[41.6%, 50.0%, 41.8%, 39.4%, 54.0%, 46.8%, 42.4%]",,,,
6,parallel,45,45,0.068830528,1.822862889,1.732892677,0.000111111,44.57142857,"[41.6%, 50.0%, 41.8%, 39.4%, 54.0%, 46.8%, 38.4%]",,,,
6,parallel,46,46,0.065660703,1.79276392,1.690377384,0.000111111,45.14285714,"[41.6%, 50.0%, 41.8%, 39.4%, 54.0%, 46.8%, 42.4%]",,,,
6,parallel,47,47,0.062848359,1.743478004,1.655423477,0.000111111,45.82857143,"[41.6%, 50.0%, 41.8%, 39.4%, 54.0%, 46.8%, 47.2%]",,,,
6,parallel,48,48,0.060393498,1.9726637,1.830569699,0.000111111,44.6,"[41.6%, 50.0%, 41.8%, 39.4%, 54.0%, 46.8%, 38.6%]",,,,
6,parallel,49,49,0.058296119,1.836949833,1.802616194,0.000111111,44.91428571,"[41.6%, 50.0%, 41.8%, 39.4%, 54.0%, 46.8%, 40.8%]",,,,
6,parallel,50,50,0.056556222,1.803036171,1.769021168,0.000111111,45.14285714,"[41.6%, 50.0%, 41.8%, 39.4%, 54.0%, 46.8%, 42.4%]",,,,
6,parallel,51,51,0.055173807,1.771889302,1.70360814,0.000111111,45.54285714,"[41.6%, 50.0%, 41.8%, 39.4%, 54.0%, 46.8%, 45.2%]",,,,
6,parallel,52,52,0.054148874,1.855607636,1.780896351,0.000111111,44.8,"[41.6%, 50.0%, 41.8%, 39.4%, 54.0%, 46.8%, 40.0%]",,,,
6,parallel,53,53,0.053481423,1.775798822,1.727386847,0.000111111,45,"[41.6%, 50.0%, 41.8%, 39.4%, 54.0%, 46.8%, 41.4%]",,,,
6,parallel,54,54,0.053171455,1.748495695,1.794358864,0.000111111,44.57142857,"[41.6%, 50.0%, 41.8%, 39.4%, 54.0%, 46.8%, 38.4%]",,,,
6,parallel,55,55,0.053147368,1.702401661,1.757704601,0.000111111,44.54285714,"[41.6%, 50.0%, 41.8%, 39.4%, 54.0%, 46.8%, 38.2%]",,,,
6,weights,1,56,0.053147368,1.674945436,1.659924328,0.000111111,45.51428571,"[41.6%, 50.0%, 41.8%, 39.4%, 54.0%, 46.8%, 45.0%]",,,,
6,weights,2,57,0.053147368,1.675803082,1.609708443,0.000111111,45.71428571,"[41.6%, 50.0%, 41.8%, 39.4%, 54.0%, 46.8%, 46.4%]",,,,
6,weights,3,58,0.053147368,1.647280099,1.687071666,0.000111111,45.02857143,"[41.6%, 50.0%, 41.8%, 39.4%, 54.0%, 46.8%, 41.6%]",,,,
6,weights,4,59,0.053147368,1.638600585,1.584136173,0.000111111,45.85714286,"[41.6%, 50.0%, 41.8%, 39.4%, 54.0%, 46.8%, 47.4%]",,,,
6,weights,5,60,0.053147368,1.605115246,1.619527906,0.000111111,45.88571429,"[41.6%, 50.0%, 41.8%, 39.4%, 54.0%, 46.8%, 47.6%]",,,,
6,weights,6,61,0.053147368,1.616548885,1.606232971,0.000111111,45.62857143,"[41.6%, 50.0%, 41.8%, 39.4%, 54.0%, 46.8%, 45.8%]",,,,
6,weights,7,62,0.053147368,1.615575003,1.582498789,0.000111111,45.82857143,"[41.6%, 50.0%, 41.8%, 39.4%, 54.0%, 46.8%, 47.2%]",,,,
6,weights,8,63,0.053147368,1.594489325,1.55488281,0.000111111,45.8,"[41.6%, 50.0%, 41.8%, 39.4%, 54.0%, 46.8%, 47.0%]",,,,
6,weights,9,64,0.053147368,1.586863027,1.57692863,0.000111111,45.62857143,"[41.6%, 50.0%, 41.8%, 39.4%, 54.0%, 46.8%, 45.8%]",,,,
6,weights,10,65,0.053147368,1.573522888,1.561880514,0.000111111,45.97142857,"[41.6%, 50.0%, 41.8%, 39.4%, 54.0%, 46.8%, 48.2%]",,,,
6,weights,11,66,0.053147368,1.570098782,1.614309758,0.000111111,45.4,"[41.6%, 50.0%, 41.8%, 39.4%, 54.0%, 46.8%, 44.2%]",,,,
6,weights,12,67,0.053147368,1.545523586,1.647903562,0.000111111,45.31428571,"[41.6%, 50.0%, 41.8%, 39.4%, 54.0%, 46.8%, 43.6%]",,,,
6,weights,13,68,0.053147368,1.537124462,1.541156575,0.000111111,45.77142857,"[41.6%, 50.0%, 41.8%, 39.4%, 54.0%, 46.8%, 46.8%]",,,,
6,weights,14,69,0.053147368,1.537631954,1.522057086,0.000111111,46.05714286,"[41.6%, 50.0%, 41.8%, 39.4%, 54.0%, 46.8%, 48.8%]",,,,
6,weights,15,70,0.053147368,1.512379053,1.500034109,0.000111111,46,"[41.6%, 50.0%, 41.8%, 39.4%, 54.0%, 46.8%, 48.4%]",,,,
6,weights,16,71,0.053147368,1.521523925,1.527206972,0.000111111,45.85714286,"[41.6%, 50.0%, 41.8%, 39.4%, 54.0%, 46.8%, 47.4%]",,,,
6,weights,17,72,0.053147368,1.518053375,1.483523682,0.000111111,46.05714286,"[41.6%, 50.0%, 41.8%, 39.4%, 54.0%, 46.8%, 48.8%]",,,,
6,weights,18,73,0.053147368,1.502659478,1.51538603,0.000111111,46.22857143,"[41.6%, 50.0%, 41.8%, 39.4%, 54.0%, 46.8%, 50.0%]",,,,
6,weights,19,74,0.053147368,1.488550746,1.516473442,0.000111111,46.08571429,"[41.6%, 50.0%, 41.8%, 39.4%, 54.0%, 46.8%, 49.0%]",,,,
6,weights,20,75,0.053147368,1.473364682,1.502322108,0.000111111,45.94285714,"[41.6%, 50.0%, 41.8%, 39.4%, 54.0%, 46.8%, 48.0%]",,,,
6,weights,21,76,0.053147368,1.484347914,1.578365877,0.000111111,45.77142857,"[41.6%, 50.0%, 41.8%, 39.4%, 54.0%, 46.8%, 46.8%]",,,,
6,weights,22,77,0.053147368,1.481432435,1.465868562,0.000111111,46.51428571,"[41.6%, 50.0%, 41.8%, 39.4%, 54.0%, 46.8%, 52.0%]",,,,
6,weights,23,78,0.053147368,1.493989717,1.473456919,0.000111111,46.22857143,"[41.6%, 50.0%, 41.8%, 39.4%, 54.0%, 46.8%, 50.0%]",,,,
6,weights,24,79,0.053147368,1.477090822,1.557704031,0.000111111,45.94285714,"[41.6%, 50.0%, 41.8%, 39.4%, 54.0%, 46.8%, 48.0%]",,,,
6,weights,25,80,0.053147368,1.464084446,1.443815082,0.000111111,46.51428571,"[41.6%, 50.0%, 41.8%, 39.4%, 54.0%, 46.8%, 52.0%]",28.28571429,"[10.4%, 44.2%, 27.4%, 0.0%, 54.0%, 35.0%, 27.0%]",35.21428571,"[34.6%, 33.6%, 30%, 17.4%, 42.2%, 33.2%, 55%]"
7,parallel,1,1,0.5,7.306501983,2.460827321,0.000111111,41.95,"[41.6%, 50.0%, 41.8%, 39.4%, 54.0%, 46.8%, 52.0%, 10.0%]",,,,
7,parallel,2,2,0.5,2.358802711,2.344402701,0.000111111,41.95,"[41.6%, 50.0%, 41.8%, 39.4%, 54.0%, 46.8%, 52.0%, 10.0%]",,,,
7,parallel,3,3,0.5,2.336719205,2.342130572,0.000111111,41.95,"[41.6%, 50.0%, 41.8%, 39.4%, 54.0%, 46.8%, 52.0%, 10.0%]",,,,
7,parallel,4,4,0.5,2.330984396,2.314902782,0.000111111,41.95,"[41.6%, 50.0%, 41.8%, 39.4%, 54.0%, 46.8%, 52.0%, 10.0%]",,,,
7,parallel,5,5,0.488732659,2.325346452,2.322947085,0.000111111,41.95,"[41.6%, 50.0%, 41.8%, 39.4%, 54.0%, 46.8%, 52.0%, 10.0%]",,,,
7,parallel,6,6,0.47122281,2.325216601,2.306473911,0.000111111,42.225,"[41.6%, 50.0%, 41.8%, 39.4%, 54.0%, 46.8%, 52.0%, 12.2%]",,,,
7,parallel,7,7,0.454071276,2.25500178,2.143822372,0.000111111,43.475,"[41.6%, 50.0%, 41.8%, 39.4%, 54.0%, 46.8%, 52.0%, 22.2%]",,,,
7,parallel,8,8,0.437278058,2.127607417,2.012714475,0.000111111,44.2,"[41.6%, 50.0%, 41.8%, 39.4%, 54.0%, 46.8%, 52.0%, 28.0%]",,,,
7,parallel,9,9,0.420843156,1.981072319,1.909894124,0.000111111,44.675,"[41.6%, 50.0%, 41.8%, 39.4%, 54.0%, 46.8%, 52.0%, 31.8%]",,,,
7,parallel,10,10,0.40476657,1.867632771,1.982183404,0.000111111,44.775,"[41.6%, 50.0%, 41.8%, 39.4%, 54.0%, 46.8%, 52.0%, 32.6%]",,,,
7,parallel,11,11,0.389048299,1.833798994,1.762358211,0.000111111,45.625,"[41.6%, 50.0%, 41.8%, 39.4%, 54.0%, 46.8%, 52.0%, 39.4%]",,,,
7,parallel,12,12,0.373688345,1.742723347,1.721161634,0.000111111,45.8,"[41.6%, 50.0%, 41.8%, 39.4%, 54.0%, 46.8%, 52.0%, 40.8%]",,,,
7,parallel,13,13,0.358686706,1.693743997,1.626872711,0.000111111,46.275,"[41.6%, 50.0%, 41.8%, 39.4%, 54.0%, 46.8%, 52.0%, 44.6%]",,,,
7,parallel,14,14,0.344043383,1.651176759,1.699053578,0.000111111,45.55,"[41.6%, 50.0%, 41.8%, 39.4%, 54.0%, 46.8%, 52.0%, 38.8%]",,,,
7,parallel,15,15,0.329758375,1.616988946,1.570363734,0.000111111,46.8,"[41.6%, 50.0%, 41.8%, 39.4%, 54.0%, 46.8%, 52.0%, 48.8%]",,,,
7,parallel,16,16,0.315831684,1.551751641,1.492858596,0.000111111,47.125,"[41.6%, 50.0%, 41.8%, 39.4%, 54.0%, 46.8%, 52.0%, 51.4%]",,,,
7,parallel,17,17,0.302263308,1.533692118,1.738151804,0.000111111,46.3,"[41.6%, 50.0%, 41.8%, 39.4%, 54.0%, 46.8%, 52.0%, 44.8%]",,,,
7,parallel,18,18,0.289053248,1.501293638,1.535708576,0.000111111,46.675,"[41.6%, 50.0%, 41.8%, 39.4%, 54.0%, 46.8%, 52.0%, 47.8%]",,,,
7,parallel,19,19,0.276201504,1.420309459,1.400783099,0.000111111,47.575,"[41.6%, 50.0%, 41.8%, 39.4%, 54.0%, 46.8%, 52.0%, 55.0%]",,,,
7,parallel,20,20,0.263708076,1.398398194,1.415615551,0.000111111,47.225,"[41.6%, 50.0%, 41.8%, 39.4%, 54.0%, 46.8%, 52.0%, 52.2%]",,,,
7,parallel,21,21,0.251572963,1.357722841,1.437776364,0.000111111,47.475,"[41.6%, 50.0%, 41.8%, 39.4%, 54.0%, 46.8%, 52.0%, 54.2%]",,,,
7,parallel,22,22,0.239796166,1.353164827,1.466988489,0.000111111,47.225,"[41.6%, 50.0%, 41.8%, 39.4%, 54.0%, 46.8%, 52.0%, 52.2%]",,,,
7,parallel,23,23,0.228377685,1.332003922,1.393840037,0.000111111,47.5,"[41.6%, 50.0%, 41.8%, 39.4%, 54.0%, 46.8%, 52.0%, 54.4%]",,,,
7,parallel,24,24,0.21731752,1.380552529,1.393900678,0.000111111,47.55,"[41.6%, 50.0%, 41.8%, 39.4%, 54.0%, 46.8%, 52.0%, 54.8%]",,,,
7,parallel,25,25,0.206615671,1.317557502,1.381096132,0.000111111,47.475,"[41.6%, 50.0%, 41.8%, 39.4%, 54.0%, 46.8%, 52.0%, 54.2%]",,,,
7,parallel,26,26,0.196272137,1.315612595,1.58145193,0.000111111,46.6,"[41.6%, 50.0%, 41.8%, 39.4%, 54.0%, 46.8%, 52.0%, 47.2%]",,,,
7,parallel,27,27,0.186286919,1.329366853,1.394650668,0.000111111,47.6,"[41.6%, 50.0%, 41.8%, 39.4%, 54.0%, 46.8%, 52.0%, 55.2%]",,,,
7,parallel,28,28,0.176660017,1.319081306,1.331619278,0.000111111,47.875,"[41.6%, 50.0%, 41.8%, 39.4%, 54.0%, 46.8%, 52.0%, 57.4%]",,,,
7,parallel,29,29,0.167391431,1.340611782,1.372302596,0.000111111,47.675,"[41.6%, 50.0%, 41.8%, 39.4%, 54.0%, 46.8%, 52.0%, 55.8%]",,,,
7,parallel,30,30,0.15848116,1.313315245,1.415151782,0.000111111,47.525,"[41.6%, 50.0%, 41.8%, 39.4%, 54.0%, 46.8%, 52.0%, 54.6%]",,,,
7,parallel,31,31,0.149929206,1.332705963,1.519482195,0.000111111,47.225,"[41.6%, 50.0%, 41.8%, 39.4%, 54.0%, 46.8%, 52.0%, 52.2%]",,,,
7,parallel,32,32,0.141735567,1.363977127,1.530513659,0.000111111,46.925,"[41.6%, 50.0%, 41.8%, 39.4%, 54.0%, 46.8%, 52.0%, 49.8%]",,,,
7,parallel,33,33,0.133900244,1.391278604,1.418664418,0.000111111,47.425,"[41.6%, 50.0%, 41.8%, 39.4%, 54.0%, 46.8%, 52.0%, 53.8%]",,,,
7,parallel,34,34,0.126423236,1.389550437,1.404655024,0.000111111,47.65,"[41.6%, 50.0%, 41.8%, 39.4%, 54.0%, 46.8%, 52.0%, 55.6%]",,,,
7,parallel,35,35,0.119304545,1.435141665,1.450700559,0.000111111,47.25,"[41.6%, 50.0%, 41.8%, 39.4%, 54.0%, 46.8%, 52.0%, 52.4%]",,,,
7,parallel,36,36,0.112544169,1.536211074,1.664503872,0.000111111,46.425,"[41.6%, 50.0%, 41.8%, 39.4%, 54.0%, 46.8%, 52.0%, 45.8%]",,,,
7,parallel,37,37,0.106142109,1.550890592,1.457670033,0.000111111,47.35,"[41.6%, 50.0%, 41.8%, 39.4%, 54.0%, 46.8%, 52.0%, 53.2%]",,,,
7,parallel,38,38,0.100098365,1.464182927,1.550808892,0.000111111,47.05,"[41.6%, 50.0%, 41.8%, 39.4%, 54.0%, 46.8%, 52.0%, 50.8%]",,,,
7,parallel,39,39,0.094412936,1.455063824,1.430725485,0.000111111,47.525,"[41.6%, 50.0%, 41.8%, 39.4%, 54.0%, 46.8%, 52.0%, 54.6%]",,,,
7,parallel,40,40,0.089085824,1.546356195,1.503854081,0.000111111,47.025,"[41.6%, 50.0%, 41.8%, 39.4%, 54.0%, 46.8%, 52.0%, 50.6%]",,,,
7,parallel,41,41,0.084117027,1.546272151,1.6269425,0.000111111,46.6,"[41.6%, 50.0%, 41.8%, 39.4%, 54.0%, 46.8%, 52.0%, 47.2%]",,,,
7,parallel,42,42,0.079506546,1.525249875,1.553231239,0.000111111,46.825,"[41.6%, 50.0%, 41.8%, 39.4%, 54.0%, 46.8%, 52.0%, 49.0%]",,,,
7,parallel,43,43,0.075254381,1.74867522,1.603076898,0.000111111,46.575,"[41.6%, 50.0%, 41.8%, 39.4%, 54.0%, 46.8%, 52.0%, 47.0%]",,,,
7,parallel,44,44,0.071360531,1.642908969,1.533363543,0.000111111,47.2,"[41.6%, 50.0%, 41.8%, 39.4%, 54.0%, 46.8%, 52.0%, 52.0%]",,,,
7,parallel,45,45,0.067824998,1.652150061,1.608059011,0.000111111,46.725,"[41.6%, 50.0%, 41.8%, 39.4%, 54.0%, 46.8%, 52.0%, 48.2%]",,,,
7,parallel,46,46,0.06464778,1.593892171,1.585765749,0.000111111,46.975,"[41.6%, 50.0%, 41.8%, 39.4%, 54.0%, 46.8%, 52.0%, 50.2%]",,,,
7,parallel,47,47,0.061828878,1.780578004,1.779948458,0.000111111,45.7,"[41.6%, 50.0%, 41.8%, 39.4%, 54.0%, 46.8%, 52.0%, 40.0%]",,,,
7,parallel,48,48,0.059368291,1.776122164,1.658729643,0.000111111,46.275,"[41.6%, 50.0%, 41.8%, 39.4%, 54.0%, 46.8%, 52.0%, 44.6%]",,,,
7,parallel,49,49,0.057266021,1.683351139,1.613560289,0.000111111,46.45,"[41.6%, 50.0%, 41.8%, 39.4%, 54.0%, 46.8%, 52.0%, 46.0%]",,,,
7,parallel,50,50,0.055522066,1.632986097,1.576841548,0.000111111,46.875,"[41.6%, 50.0%, 41.8%, 39.4%, 54.0%, 46.8%, 52.0%, 49.4%]",,,,
7,parallel,51,51,0.054136427,1.745709001,1.644597322,0.000111111,46.225,"[41.6%, 50.0%, 41.8%, 39.4%, 54.0%, 46.8%, 52.0%, 44.2%]",,,,
7,parallel,52,52,0.053109104,1.652987796,1.606111281,0.000111111,46.375,"[41.6%, 50.0%, 41.8%, 39.4%, 54.0%, 46.8%, 52.0%, 45.4%]",,,,
7,parallel,53,53,0.052440097,1.619655757,1.593281329,0.000111111,46.525,"[41.6%, 50.0%, 41.8%, 39.4%, 54.0%, 46.8%, 52.0%, 46.6%]",,,,
7,parallel,54,54,0.052129405,1.585262119,1.600344755,0.000111111,46.5,"[41.6%, 50.0%, 41.8%, 39.4%, 54.0%, 46.8%, 52.0%, 46.4%]",,,,
7,parallel,55,55,0.052105263,1.575391125,1.608402304,0.000111111,46.325,"[41.6%, 50.0%, 41.8%, 39.4%, 54.0%, 46.8%, 52.0%, 45.0%]",,,,
7,weights,1,56,0.052105263,1.538150713,1.53353592,0.000111111,46.625,"[41.6%, 50.0%, 41.8%, 39.4%, 54.0%, 46.8%, 52.0%, 47.4%]",,,,
7,weights,2,57,0.052105263,1.52141559,1.539971478,0.000111111,46.625,"[41.6%, 50.0%, 41.8%, 39.4%, 54.0%, 46.8%, 52.0%, 47.4%]",,,,
7,weights,3,58,0.052105263,1.515632934,1.527030818,0.000111111,46.625,"[41.6%, 50.0%, 41.8%, 39.4%, 54.0%, 46.8%, 52.0%, 47.4%]",,,,
7,weights,4,59,0.052105263,1.480016835,1.482168108,0.000111111,47,"[41.6%, 50.0%, 41.8%, 39.4%, 54.0%, 46.8%, 52.0%, 50.4%]",,,,
7,weights,5,60,0.052105263,1.477230268,1.452886589,0.000111111,47.325,"[41.6%, 50.0%, 41.8%, 39.4%, 54.0%, 46.8%, 52.0%, 53.0%]",,,,
7,weights,6,61,0.052105263,1.452410769,1.515902072,0.000111111,46.9,"[41.6%, 50.0%, 41.8%, 39.4%, 54.0%, 46.8%, 52.0%, 49.6%]",,,,
7,weights,7,62,0.052105263,1.447617974,1.445425212,0.000111111,46.9,"[41.6%, 50.0%, 41.8%, 39.4%, 54.0%, 46.8%, 52.0%, 49.6%]",,,,
7,weights,8,63,0.052105263,1.447392191,1.598514542,0.000111111,46.575,"[41.6%, 50.0%, 41.8%, 39.4%, 54.0%, 46.8%, 52.0%, 47.0%]",,,,
7,weights,9,64,0.052105263,1.432060824,1.49956153,0.000111111,47.05,"[41.6%, 50.0%, 41.8%, 39.4%, 54.0%, 46.8%, 52.0%, 50.8%]",,,,
7,weights,10,65,0.052105263,1.421154304,1.452314451,0.000111111,47.2,"[41.6%, 50.0%, 41.8%, 39.4%, 54.0%, 46.8%, 52.0%, 52.0%]",,,,
7,weights,11,66,0.052105263,1.419095275,1.441901423,0.000111111,47.3,"[41.6%, 50.0%, 41.8%, 39.4%, 54.0%, 46.8%, 52.0%, 52.8%]",,,,
7,weights,12,67,0.052105263,1.398843353,1.406411082,0.000111111,47.525,"[41.6%, 50.0%, 41.8%, 39.4%, 54.0%, 46.8%, 52.0%, 54.6%]",,,,
7,weights,13,68,0.052105263,1.398562199,1.461655162,0.000111111,47.175,"[41.6%, 50.0%, 41.8%, 39.4%, 54.0%, 46.8%, 52.0%, 51.8%]",,,,
7,weights,14,69,0.052105263,1.378228498,1.457007948,0.000111111,47.2,"[41.6%, 50.0%, 41.8%, 39.4%, 54.0%, 46.8%, 52.0%, 52.0%]",,,,
7,weights,15,70,0.052105263,1.4005253,1.554658547,0.000111111,46.75,"[41.6%, 50.0%, 41.8%, 39.4%, 54.0%, 46.8%, 52.0%, 48.4%]",,,,
7,weights,16,71,0.052105263,1.370790406,1.450813226,0.000111111,47.125,"[41.6%, 50.0%, 41.8%, 39.4%, 54.0%, 46.8%, 52.0%, 51.4%]",,,,
7,weights,17,72,0.052105263,1.402766117,1.488869861,0.000111111,46.775,"[41.6%, 50.0%, 41.8%, 39.4%, 54.0%, 46.8%, 52.0%, 48.6%]",,,,
7,weights,18,73,0.052105263,1.384686298,1.426580202,0.000111111,47.475,"[41.6%, 50.0%, 41.8%, 39.4%, 54.0%, 46.8%, 52.0%, 54.2%]",,,,
7,weights,19,74,0.052105263,1.351405001,1.40374852,0.000111111,47.375,"[41.6%, 50.0%, 41.8%, 39.4%, 54.0%, 46.8%, 52.0%, 53.4%]",,,,
7,weights,20,75,0.052105263,1.359217452,1.37442445,0.000111111,47.525,"[41.6%, 50.0%, 41.8%, 39.4%, 54.0%, 46.8%, 52.0%, 54.6%]",,,,
7,weights,21,76,0.052105263,1.33391383,1.480719715,0.000111111,47.15,"[41.6%, 50.0%, 41.8%, 39.4%, 54.0%, 46.8%, 52.0%, 51.6%]",,,,
7,weights,22,77,0.052105263,1.337894378,1.417544775,0.000111111,47.375,"[41.6%, 50.0%, 41.8%, 39.4%, 54.0%, 46.8%, 52.0%, 53.4%]",,,,
7,weights,23,78,0.052105263,1.333434758,1.406719029,0.000111111,47.375,"[41.6%, 50.0%, 41.8%, 39.4%, 54.0%, 46.8%, 52.0%, 53.4%]",,,,
7,weights,24,79,0.052105263,1.346655444,1.373166546,0.000111111,47.75,"[41.6%, 50.0%, 41.8%, 39.4%, 54.0%, 46.8%, 52.0%, 56.4%]",,,,
7,weights,25,80,0.052105263,1.322309179,1.37918482,0.000111111,47.675,"[41.6%, 50.0%, 41.8%, 39.4%, 54.0%, 46.8%, 52.0%, 55.8%]",29.15,"[10.4%, 44.2%, 27.4%, 0.0%, 54.0%, 35.0%, 27.0%, 35.2%]",33.525,"[30.4%, 33.9%, 30.5%, 13.7%, 41.7%, 25.5%, 55.4%, 38.1%]"
8,parallel,1,1,0.5,8.169137656,2.946189433,0.000111111,43.48888889,"[41.6%, 50.0%, 41.8%, 39.4%, 54.0%, 46.8%, 52.0%, 55.8%, 10.0%]",,,,
8,parallel,2,2,0.5,2.440649407,2.329271019,0.000111111,43.48888889,"[41.6%, 50.0%, 41.8%, 39.4%, 54.0%, 46.8%, 52.0%, 55.8%, 10.0%]",,,,
8,parallel,3,3,0.5,2.334534711,2.331397831,0.000111111,43.48888889,"[41.6%, 50.0%, 41.8%, 39.4%, 54.0%, 46.8%, 52.0%, 55.8%, 10.0%]",,,,
8,parallel,4,4,0.5,2.331399311,2.322180897,0.000111111,43.48888889,"[41.6%, 50.0%, 41.8%, 39.4%, 54.0%, 46.8%, 52.0%, 55.8%, 10.0%]",,,,
8,parallel,5,5,0.488706444,2.325291594,2.339322835,0.000111111,43.48888889,"[41.6%, 50.0%, 41.8%, 39.4%, 54.0%, 46.8%, 52.0%, 55.8%, 10.0%]",,,,
8,parallel,6,6,0.471155855,2.331657615,2.319039792,0.000111111,43.48888889,"[41.6%, 50.0%, 41.8%, 39.4%, 54.0%, 46.8%, 52.0%, 55.8%, 10.0%]",,,,
8,parallel,7,7,0.453964415,2.317819393,2.291935861,0.000111111,43.97777778,"[41.6%, 50.0%, 41.8%, 39.4%, 54.0%, 46.8%, 52.0%, 55.8%, 14.4%]",,,,
8,parallel,8,8,0.437132125,2.215664142,2.119745374,0.000111111,44.82222222,"[41.6%, 50.0%, 41.8%, 39.4%, 54.0%, 46.8%, 52.0%, 55.8%, 22.0%]",,,,
8,parallel,9,9,0.420658984,2.006839976,1.915434957,0.000111111,45.66666667,"[41.6%, 50.0%, 41.8%, 39.4%, 54.0%, 46.8%, 52.0%, 55.8%, 29.6%]",,,,
8,parallel,10,10,0.404544993,1.87220555,1.913415536,0.000111111,46.11111111,"[41.6%, 50.0%, 41.8%, 39.4%, 54.0%, 46.8%, 52.0%, 55.8%, 33.6%]",,,,
8,parallel,11,11,0.388790151,1.759478759,1.769924447,0.000111111,46.51111111,"[41.6%, 50.0%, 41.8%, 39.4%, 54.0%, 46.8%, 52.0%, 55.8%, 37.2%]",,,,
8,parallel,12,12,0.373394459,1.674549361,1.561094016,0.000111111,47.88888889,"[41.6%, 50.0%, 41.8%, 39.4%, 54.0%, 46.8%, 52.0%, 55.8%, 49.6%]",,,,
8,parallel,13,13,0.358357916,1.606097131,1.762288392,0.000111111,46.82222222,"[41.6%, 50.0%, 41.8%, 39.4%, 54.0%, 46.8%, 52.0%, 55.8%, 40.0%]",,,,
8,parallel,14,14,0.343680522,1.510327449,1.472418711,0.000111111,47.77777778,"[41.6%, 50.0%, 41.8%, 39.4%, 54.0%, 46.8%, 52.0%, 55.8%, 48.6%]",,,,
8,parallel,15,15,0.329362279,1.488425492,1.448990405,0.000111111,48.22222222,"[41.6%, 50.0%, 41.8%, 39.4%, 54.0%, 46.8%, 52.0%, 55.8%, 52.6%]",,,,
8,parallel,16,16,0.315403184,1.397159317,1.399134107,0.000111111,48.37777778,"[41.6%, 50.0%, 41.8%, 39.4%, 54.0%, 46.8%, 52.0%, 55.8%, 54.0%]",,,,
8,parallel,17,17,0.301803239,1.382437567,1.404050075,0.000111111,48.24444444,"[41.6%, 50.0%, 41.8%, 39.4%, 54.0%, 46.8%, 52.0%, 55.8%, 52.8%]",,,,
8,parallel,18,18,0.288562444,1.3642205,1.357522778,0.000111111,48.66666667,"[41.6%, 50.0%, 41.8%, 39.4%, 54.0%, 46.8%, 52.0%, 55.8%, 56.6%]",,,,
8,parallel,19,19,0.275680798,1.340790749,1.375609361,0.000111111,48.46666667,"[41.6%, 50.0%, 41.8%, 39.4%, 54.0%, 46.8%, 52.0%, 55.8%, 54.8%]",,,,
8,parallel,20,20,0.263158301,1.326869224,1.381051034,0.000111111,48.33333333,"[41.6%, 50.0%, 41.8%, 39.4%, 54.0%, 46.8%, 52.0%, 55.8%, 53.6%]",,,,
8,parallel,21,21,0.250994954,1.305200999,1.359180197,0.000111111,48.28888889,"[41.6%, 50.0%, 41.8%, 39.4%, 54.0%, 46.8%, 52.0%, 55.8%, 53.2%]",,,,
8,parallel,22,22,0.239190757,1.303432947,1.239714861,0.000111111,48.88888889,"[41.6%, 50.0%, 41.8%, 39.4%, 54.0%, 46.8%, 52.0%, 55.8%, 58.6%]",,,,
8,parallel,23,23,0.227745709,1.310347181,1.326717421,0.000111111,48.46666667,"[41.6%, 50.0%, 41.8%, 39.4%, 54.0%, 46.8%, 52.0%, 55.8%, 54.8%]",,,,
8,parallel,24,24,0.21665981,1.275144947,1.272892192,0.000111111,48.8,"[41.6%, 50.0%, 41.8%, 39.4%, 54.0%, 46.8%, 52.0%, 55.8%, 57.8%]",,,,
8,parallel,25,25,0.205933061,1.291481172,1.289909273,0.000111111,48.71111111,"[41.6%, 50.0%, 41.8%, 39.4%, 54.0%, 46.8%, 52.0%, 55.8%, 57.0%]",,,,
8,parallel,26,26,0.195565461,1.304645427,1.297459424,0.000111111,48.73333333,"[41.6%, 50.0%, 41.8%, 39.4%, 54.0%, 46.8%, 52.0%, 55.8%, 57.2%]",,,,
8,parallel,27,27,0.185557011,1.309479818,1.300700702,0.000111111,48.42222222,"[41.6%, 50.0%, 41.8%, 39.4%, 54.0%, 46.8%, 52.0%, 55.8%, 54.4%]",,,,
8,parallel,28,28,0.17590771,1.259295612,1.279910415,0.000111111,48.55555556,"[41.6%, 50.0%, 41.8%, 39.4%, 54.0%, 46.8%, 52.0%, 55.8%, 55.6%]",,,,
8,parallel,29,29,0.166617559,1.314197987,1.262724072,0.000111111,48.82222222,"[41.6%, 50.0%, 41.8%, 39.4%, 54.0%, 46.8%, 52.0%, 55.8%, 58.0%]",,,,
8,parallel,30,30,0.157686557,1.285555953,1.290321544,0.000111111,48.64444444,"[41.6%, 50.0%, 41.8%, 39.4%, 54.0%, 46.8%, 52.0%, 55.8%, 56.4%]",,,,
8,parallel,31,31,0.149114705,1.368480195,1.278002106,0.000111111,48.91111111,"[41.6%, 50.0%, 41.8%, 39.4%, 54.0%, 46.8%, 52.0%, 55.8%, 58.8%]",,,,
8,parallel,32,32,0.140902002,1.315817498,1.322323874,0.000111111,48.71111111,"[41.6%, 50.0%, 41.8%, 39.4%, 54.0%, 46.8%, 52.0%, 55.8%, 57.0%]",,,,
8,parallel,33,33,0.133048449,1.429445576,1.416132078,0.000111111,48.33333333,"[41.6%, 50.0%, 41.8%, 39.4%, 54.0%, 46.8%, 52.0%, 55.8%, 53.6%]",,,,
8,parallel,34,34,0.125554045,1.440264347,1.320044123,0.000111111,48.53333333,"[41.6%, 50.0%, 41.8%, 39.4%, 54.0%, 46.8%, 52.0%, 55.8%, 55.4%]",,,,
8,parallel,35,35,0.11841879,1.514293737,1.414770842,0.000111111,48.37777778,"[41.6%, 50.0%, 41.8%, 39.4%, 54.0%, 46.8%, 52.0%, 55.8%, 54.0%]",,,,
8,parallel,36,36,0.111642685,1.482039787,1.369631544,0.000111111,48.73333333,"[41.6%, 50.0%, 41.8%, 39.4%, 54.0%, 46.8%, 52.0%, 55.8%, 57.2%]",,,,
8,parallel,37,37,0.10522573,1.552144562,1.428177342,0.000111111,48.24444444,"[41.6%, 50.0%, 41.8%, 39.4%, 54.0%, 46.8%, 52.0%, 55.8%, 52.8%]",,,,
8,parallel,38,38,0.099167924,1.471933535,1.418540642,0.000111111,48.35555556,"[41.6%, 50.0%, 41.8%, 39.4%, 54.0%, 46.8%, 52.0%, 55.8%, 53.8%]",,,,
8,parallel,39,39,0.093469267,1.580857843,1.60536705,0.000111111,47.44444444,"[41.6%, 50.0%, 41.8%, 39.4%, 54.0%, 46.8%, 52.0%, 55.8%, 45.6%]",,,,
8,parallel,40,40,0.08812976,1.616767141,1.53418304,0.000111111,48.02222222,"[41.6%, 50.0%, 41.8%, 39.4%, 54.0%, 46.8%, 52.0%, 55.8%, 50.8%]",,,,
8,parallel,41,41,0.083149403,1.59161408,1.493799686,0.000111111,48.02222222,"[41.6%, 50.0%, 41.8%, 39.4%, 54.0%, 46.8%, 52.0%, 55.8%, 50.8%]",,,,
8,parallel,42,42,0.078528195,1.522691244,1.493804991,0.000111111,47.88888889,"[41.6%, 50.0%, 41.8%, 39.4%, 54.0%, 46.8%, 52.0%, 55.8%, 49.6%]",,,,
8,parallel,43,43,0.074266136,1.834366222,1.611660331,0.000111111,47.42222222,"[41.6%, 50.0%, 41.8%, 39.4%, 54.0%, 46.8%, 52.0%, 55.8%, 45.4%]",,,,
8,parallel,44,44,0.070363227,1.701386299,1.556844756,0.000111111,47.66666667,"[41.6%, 50.0%, 41.8%, 39.4%, 54.0%, 46.8%, 52.0%, 55.8%, 47.6%]",,,,
8,parallel,45,45,0.066819467,1.682953284,1.58639282,0.000111111,47.48888889,"[41.6%, 50.0%, 41.8%, 39.4%, 54.0%, 46.8%, 52.0%, 55.8%, 46.0%]",,,,
8,parallel,46,46,0.063634857,1.667655715,1.584103316,0.000111111,47.8,"[41.6%, 50.0%, 41.8%, 39.4%, 54.0%, 46.8%, 52.0%, 55.8%, 48.8%]",,,,
8,parallel,47,47,0.060809396,1.940796861,1.87433508,0.000111111,46.37777778,"[41.6%, 50.0%, 41.8%, 39.4%, 54.0%, 46.8%, 52.0%, 55.8%, 36.0%]",,,,
8,parallel,48,48,0.058343085,1.851030698,1.78915897,0.000111111,46.71111111,"[41.6%, 50.0%, 41.8%, 39.4%, 54.0%, 46.8%, 52.0%, 55.8%, 39.0%]",,,,
8,parallel,49,49,0.056235923,1.792725519,1.709902719,0.000111111,47.53333333,"[41.6%, 50.0%, 41.8%, 39.4%, 54.0%, 46.8%, 52.0%, 55.8%, 46.4%]",,,,
8,parallel,50,50,0.054487911,1.774085971,1.81395559,0.000111111,46.57777778,"[41.6%, 50.0%, 41.8%, 39.4%, 54.0%, 46.8%, 52.0%, 55.8%, 37.8%]",,,,
8,parallel,51,51,0.053099048,1.754987777,1.667803198,0.000111111,47.33333333,"[41.6%, 50.0%, 41.8%, 39.4%, 54.0%, 46.8%, 52.0%, 55.8%, 44.6%]",,,,
8,parallel,52,52,0.052069335,1.695996141,1.670813665,0.000111111,47.15555556,"[41.6%, 50.0%, 41.8%, 39.4%, 54.0%, 46.8%, 52.0%, 55.8%, 43.0%]",,,,
8,parallel,53,53,0.051398771,1.655291189,1.589298859,0.000111111,47.4,"[41.6%, 50.0%, 41.8%, 39.4%, 54.0%, 46.8%, 52.0%, 55.8%, 45.2%]",,,,
8,parallel,54,54,0.051087356,1.635892127,1.578952782,0.000111111,47.37777778,"[41.6%, 50.0%, 41.8%, 39.4%, 54.0%, 46.8%, 52.0%, 55.8%, 45.0%]",,,,
8,parallel,55,55,0.051063158,1.615958061,1.54966484,0.000111111,47.71111111,"[41.6%, 50.0%, 41.8%, 39.4%, 54.0%, 46.8%, 52.0%, 55.8%, 48.0%]",,,,
8,weights,1,56,0.051063158,1.576211919,1.563560933,0.000111111,47.66666667,"[41.6%, 50.0%, 41.8%, 39.4%, 54.0%, 46.8%, 52.0%, 55.8%, 47.6%]",,,,
8,weights,2,57,0.051063158,1.57935001,1.552338794,0.000111111,47.53333333,"[41.6%, 50.0%, 41.8%, 39.4%, 54.0%, 46.8%, 52.0%, 55.8%, 46.4%]",,,,
8,weights,3,58,0.051063158,1.531837011,1.539616853,0.000111111,47.37777778,"[41.6%, 50.0%, 41.8%, 39.4%, 54.0%, 46.8%, 52.0%, 55.8%, 45.0%]",,,,
8,weights,4,59,0.051063158,1.543008391,1.505378127,0.000111111,47.91111111,"[41.6%, 50.0%, 41.8%, 39.4%, 54.0%, 46.8%, 52.0%, 55.8%, 49.8%]",,,,
8,weights,5,60,0.051063158,1.525229797,1.53791362,0.000111111,47.62222222,"[41.6%, 50.0%, 41.8%, 39.4%, 54.0%, 46.8%, 52.0%, 55.8%, 47.2%]",,,,
8,weights,6,61,0.051063158,1.492372842,1.483373299,0.000111111,47.73333333,"[41.6%, 50.0%, 41.8%, 39.4%, 54.0%, 46.8%, 52.0%, 55.8%, 48.2%]",,,,
8,weights,7,62,0.051063158,1.510861966,1.471878424,0.000111111,47.91111111,"[41.6%, 50.0%, 41.8%, 39.4%, 54.0%, 46.8%, 52.0%, 55.8%, 49.8%]",,,,
8,weights,8,63,0.051063158,1.487841836,1.463341296,0.000111111,48.06666667,"[41.6%, 50.0%, 41.8%, 39.4%, 54.0%, 46.8%, 52.0%, 55.8%, 51.2%]",,,,
8,weights,9,64,0.051063158,1.474125969,1.448475301,0.000111111,48.24444444,"[41.6%, 50.0%, 41.8%, 39.4%, 54.0%, 46.8%, 52.0%, 55.8%, 52.8%]",,,,
8,weights,10,65,0.051063158,1.458508484,1.492288962,0.000111111,47.91111111,"[41.6%, 50.0%, 41.8%, 39.4%, 54.0%, 46.8%, 52.0%, 55.8%, 49.8%]",,,,
8,weights,11,66,0.051063158,1.48518162,1.45359166,0.000111111,47.91111111,"[41.6%, 50.0%, 41.8%, 39.4%, 54.0%, 46.8%, 52.0%, 55.8%, 49.8%]",,,,
8,weights,12,67,0.051063158,1.46952836,1.436295077,0.000111111,47.95555556,"[41.6%, 50.0%, 41.8%, 39.4%, 54.0%, 46.8%, 52.0%, 55.8%, 50.2%]",,,,
8,weights,13,68,0.051063158,1.453256894,1.435835809,0.000111111,48.17777778,"[41.6%, 50.0%, 41.8%, 39.4%, 54.0%, 46.8%, 52.0%, 55.8%, 52.2%]",,,,
8,weights,14,69,0.051063158,1.449448498,1.463324532,0.000111111,47.93333333,"[41.6%, 50.0%, 41.8%, 39.4%, 54.0%, 46.8%, 52.0%, 55.8%, 50.0%]",,,,
8,weights,15,70,0.051063158,1.434134002,1.476996019,0.000111111,47.75555556,"[41.6%, 50.0%, 41.8%, 39.4%, 54.0%, 46.8%, 52.0%, 55.8%, 48.4%]",,,,
8,weights,16,71,0.051063158,1.436738369,1.413516536,0.000111111,48.15555556,"[41.6%, 50.0%, 41.8%, 39.4%, 54.0%, 46.8%, 52.0%, 55.8%, 52.0%]",,,,
8,weights,17,72,0.051063158,1.440581064,1.414917141,0.000111111,48.04444444,"[41.6%, 50.0%, 41.8%, 39.4%, 54.0%, 46.8%, 52.0%, 55.8%, 51.0%]",,,,
8,weights,18,73,0.051063158,1.415955218,1.466584794,0.000111111,47.88888889,"[41.6%, 50.0%, 41.8%, 39.4%, 54.0%, 46.8%, 52.0%, 55.8%, 49.6%]",,,,
8,weights,19,74,0.051063158,1.42627602,1.418558955,0.000111111,48.04444444,"[41.6%, 50.0%, 41.8%, 39.4%, 54.0%, 46.8%, 52.0%, 55.8%, 51.0%]",,,,
8,weights,20,75,0.051063158,1.401723608,1.464329906,0.000111111,48.15555556,"[41.6%, 50.0%, 41.8%, 39.4%, 54.0%, 46.8%, 52.0%, 55.8%, 52.0%]",,,,
8,weights,21,76,0.051063158,1.401495211,1.429090574,0.000111111,48.17777778,"[41.6%, 50.0%, 41.8%, 39.4%, 54.0%, 46.8%, 52.0%, 55.8%, 52.2%]",,,,
8,weights,22,77,0.051063158,1.402846652,1.402972944,0.000111111,48.13333333,"[41.6%, 50.0%, 41.8%, 39.4%, 54.0%, 46.8%, 52.0%, 55.8%, 51.8%]",,,,
8,weights,23,78,0.051063158,1.402554681,1.453410387,0.000111111,47.95555556,"[41.6%, 50.0%, 41.8%, 39.4%, 54.0%, 46.8%, 52.0%, 55.8%, 50.2%]",,,,
8,weights,24,79,0.051063158,1.38584878,1.389057189,0.000111111,48.31111111,"[41.6%, 50.0%, 41.8%, 39.4%, 54.0%, 46.8%, 52.0%, 55.8%, 53.4%]",,,,
8,weights,25,80,0.051063158,1.3718127,1.407703176,0.000111111,48.15555556,"[41.6%, 50.0%, 41.8%, 39.4%, 54.0%, 46.8%, 52.0%, 55.8%, 52.0%]",29.84444444,"[10.4%, 44.2%, 27.4%, 0.0%, 48.2%, 35.0%, 21.0%, 35.2%, 47.2%]",35.76666667,"[30%, 41.4%, 34.1%, 6.9%, 41.6%, 25.7%, 47.3%, 44.8%, 50.1%]"
9,parallel,1,1,0.5,10.19170487,3.653162718,0.000111111,43.34,"[41.6%, 50.0%, 41.8%, 39.4%, 54.0%, 46.8%, 52.0%, 55.8%, 52.0%, 0.0%]",,,,
9,parallel,2,2,0.5,2.581102124,2.350513667,0.000111111,44.34,"[41.6%, 50.0%, 41.8%, 39.4%, 54.0%, 46.8%, 52.0%, 55.8%, 52.0%, 10.0%]",,,,
9,parallel,3,3,0.5,2.341113561,2.33681795,0.000111111,44.34,"[41.6%, 50.0%, 41.8%, 39.4%, 54.0%, 46.8%, 52.0%, 55.8%, 52.0%, 10.0%]",,,,
9,parallel,4,4,0.5,2.33430375,2.325919628,0.000111111,44.34,"[41.6%, 50.0%, 41.8%, 39.4%, 54.0%, 46.8%, 52.0%, 55.8%, 52.0%, 10.0%]",,,,
9,parallel,5,5,0.488680228,2.324272747,2.324376464,0.000111111,44.34,"[41.6%, 50.0%, 41.8%, 39.4%, 54.0%, 46.8%, 52.0%, 55.8%, 52.0%, 10.0%]",,,,
9,parallel,6,6,0.471088899,2.328992228,2.318263143,0.000111111,44.34,"[41.6%, 50.0%, 41.8%, 39.4%, 54.0%, 46.8%, 52.0%, 55.8%, 52.0%, 10.0%]",,,,
9,parallel,7,7,0.453857554,2.32420902,2.310125381,0.000111111,44.34,"[41.6%, 50.0%, 41.8%, 39.4%, 54.0%, 46.8%, 52.0%, 55.8%, 52.0%, 10.0%]",,,,
9,parallel,8,8,0.436986191,2.23018043,2.065090865,0.000111111,45.68,"[41.6%, 50.0%, 41.8%, 39.4%, 54.0%, 46.8%, 52.0%, 55.8%, 52.0%, 23.4%]",,,,
9,parallel,9,9,0.420474812,2.008731315,1.908811331,0.000111111,45.98,"[41.6%, 50.0%, 41.8%, 39.4%, 54.0%, 46.8%, 52.0%, 55.8%, 52.0%, 26.4%]",,,,
9,parallel,10,10,0.404323416,1.884371092,1.741892204,0.000111111,46.92,"[41.6%, 50.0%, 41.8%, 39.4%, 54.0%, 46.8%, 52.0%, 55.8%, 52.0%, 35.8%]",,,,
9,parallel,11,11,0.388532002,1.778066478,1.60523802,0.000111111,47.52,"[41.6%, 50.0%, 41.8%, 39.4%, 54.0%, 46.8%, 52.0%, 55.8%, 52.0%, 41.8%]",,,,
9,parallel,12,12,0.373100573,1.653330889,1.496868685,0.000111111,47.92,"[41.6%, 50.0%, 41.8%, 39.4%, 54.0%, 46.8%, 52.0%, 55.8%, 52.0%, 45.8%]",,,,
9,parallel,13,13,0.358029126,1.539676214,1.474670559,0.000111111,48.24,"[41.6%, 50.0%, 41.8%, 39.4%, 54.0%, 46.8%, 52.0%, 55.8%, 52.0%, 49.0%]",,,,
9,parallel,14,14,0.343317662,1.474575755,1.400720537,0.000111111,48.66,"[41.6%, 50.0%, 41.8%, 39.4%, 54.0%, 46.8%, 52.0%, 55.8%, 52.0%, 53.2%]",,,,
9,parallel,15,15,0.328966182,1.414541672,1.342230864,0.000111111,48.94,"[41.6%, 50.0%, 41.8%, 39.4%, 54.0%, 46.8%, 52.0%, 55.8%, 52.0%, 56.0%]",,,,
9,parallel,16,16,0.314974684,1.373374012,1.438191846,0.000111111,48.68,"[41.6%, 50.0%, 41.8%, 39.4%, 54.0%, 46.8%, 52.0%, 55.8%, 52.0%, 53.4%]",,,,
9,parallel,17,17,0.30134317,1.33677898,1.354421243,0.000111111,48.68,"[41.6%, 50.0%, 41.8%, 39.4%, 54.0%, 46.8%, 52.0%, 55.8%, 52.0%, 53.4%]",,,,
9,parallel,18,18,0.288071639,1.287909029,1.243215717,0.000111111,49.22,"[41.6%, 50.0%, 41.8%, 39.4%, 54.0%, 46.8%, 52.0%, 55.8%, 52.0%, 58.8%]",,,,
9,parallel,19,19,0.275160092,1.213780096,1.251752645,0.000111111,49.22,"[41.6%, 50.0%, 41.8%, 39.4%, 54.0%, 46.8%, 52.0%, 55.8%, 52.0%, 58.8%]",,,,
9,parallel,20,20,0.262608527,1.199840017,1.194632113,0.000111111,49.3,"[41.6%, 50.0%, 41.8%, 39.4%, 54.0%, 46.8%, 52.0%, 55.8%, 52.0%, 59.6%]",,,,
9,parallel,21,21,0.250416945,1.181219472,1.18504145,0.000111111,49.36,"[41.6%, 50.0%, 41.8%, 39.4%, 54.0%, 46.8%, 52.0%, 55.8%, 52.0%, 60.2%]",,,,
9,parallel,22,22,0.238585347,1.157711494,1.22513815,0.000111111,49.22,"[41.6%, 50.0%, 41.8%, 39.4%, 54.0%, 46.8%, 52.0%, 55.8%, 52.0%, 58.8%]",,,,
9,parallel,23,23,0.227113732,1.15911111,1.13680204,0.000111111,49.72,"[41.6%, 50.0%, 41.8%, 39.4%, 54.0%, 46.8%, 52.0%, 55.8%, 52.0%, 63.8%]",,,,
9,parallel,24,24,0.2160021,1.202829448,1.21508953,0.000111111,49.1,"[41.6%, 50.0%, 41.8%, 39.4%, 54.0%, 46.8%, 52.0%, 55.8%, 52.0%, 57.6%]",,,,
9,parallel,25,25,0.205250451,1.169644931,1.149459802,0.000111111,49.56,"[41.6%, 50.0%, 41.8%, 39.4%, 54.0%, 46.8%, 52.0%, 55.8%, 52.0%, 62.2%]",,,,
9,parallel,26,26,0.194858785,1.215919547,1.170199722,0.000111111,49.52,"[41.6%, 50.0%, 41.8%, 39.4%, 54.0%, 46.8%, 52.0%, 55.8%, 52.0%, 61.8%]",,,,
9,parallel,27,27,0.184827103,1.245680085,1.214592434,0.000111111,49.54,"[41.6%, 50.0%, 41.8%, 39.4%, 54.0%, 46.8%, 52.0%, 55.8%, 52.0%, 62.0%]",,,,
9,parallel,28,28,0.175155403,1.205584935,1.177948073,0.000111111,49.42,"[41.6%, 50.0%, 41.8%, 39.4%, 54.0%, 46.8%, 52.0%, 55.8%, 52.0%, 60.8%]",,,,
9,parallel,29,29,0.165843687,1.254027017,1.267666802,0.000111111,49.12,"[41.6%, 50.0%, 41.8%, 39.4%, 54.0%, 46.8%, 52.0%, 55.8%, 52.0%, 57.8%]",,,,
9,parallel,30,30,0.156891954,1.219221769,1.162467934,0.000111111,49.5,"[41.6%, 50.0%, 41.8%, 39.4%, 54.0%, 46.8%, 52.0%, 55.8%, 52.0%, 61.6%]",,,,
9,parallel,31,31,0.148300204,1.258962381,1.244967543,0.000111111,49.3,"[41.6%, 50.0%, 41.8%, 39.4%, 54.0%, 46.8%, 52.0%, 55.8%, 52.0%, 59.6%]",,,,
9,parallel,32,32,0.140068437,1.26312924,1.287952967,0.000111111,49.14,"[41.6%, 50.0%, 41.8%, 39.4%, 54.0%, 46.8%, 52.0%, 55.8%, 52.0%, 58.0%]",,,,
9,parallel,33,33,0.132196654,1.231815998,1.262149431,0.000111111,49,"[41.6%, 50.0%, 41.8%, 39.4%, 54.0%, 46.8%, 52.0%, 55.8%, 52.0%, 56.6%]",,,,
9,parallel,34,34,0.124684853,1.308685663,1.350652732,0.000111111,48.74,"[41.6%, 50.0%, 41.8%, 39.4%, 54.0%, 46.8%, 52.0%, 55.8%, 52.0%, 54.0%]",,,,
9,parallel,35,35,0.117533036,1.284955731,1.271220647,0.000111111,49.02,"[41.6%, 50.0%, 41.8%, 39.4%, 54.0%, 46.8%, 52.0%, 55.8%, 52.0%, 56.8%]",,,,
9,parallel,36,36,0.110741202,1.303799296,1.310534202,0.000111111,49.02,"[41.6%, 50.0%, 41.8%, 39.4%, 54.0%, 46.8%, 52.0%, 55.8%, 52.0%, 56.8%]",,,,
9,parallel,37,37,0.104309351,1.471037717,1.337650865,0.000111111,49,"[41.6%, 50.0%, 41.8%, 39.4%, 54.0%, 46.8%, 52.0%, 55.8%, 52.0%, 56.6%]",,,,
9,parallel,38,38,0.098237483,1.421432334,1.317547351,0.000111111,49.12,"[41.6%, 50.0%, 41.8%, 39.4%, 54.0%, 46.8%, 52.0%, 55.8%, 52.0%, 57.8%]",,,,
9,parallel,39,39,0.092525598,1.448084427,1.429817662,0.000111111,48.64,"[41.6%, 50.0%, 41.8%, 39.4%, 54.0%, 46.8%, 52.0%, 55.8%, 52.0%, 53.0%]",,,,
9,parallel,40,40,0.087173697,1.46309884,1.379348613,0.000111111,48.9,"[41.6%, 50.0%, 41.8%, 39.4%, 54.0%, 46.8%, 52.0%, 55.8%, 52.0%, 55.6%]",,,,
9,parallel,41,41,0.082181778,1.451114161,1.473372519,0.000111111,48.52,"[41.6%, 50.0%, 41.8%, 39.4%, 54.0%, 46.8%, 52.0%, 55.8%, 52.0%, 51.8%]",,,,
9,parallel,42,42,0.077549843,1.570848549,1.583307937,0.000111111,48.18,"[41.6%, 50.0%, 41.8%, 39.4%, 54.0%, 46.8%, 52.0%, 55.8%, 52.0%, 48.4%]",,,,
9,parallel,43,43,0.073277891,1.529599267,1.496590972,0.000111111,48.54,"[41.6%, 50.0%, 41.8%, 39.4%, 54.0%, 46.8%, 52.0%, 55.8%, 52.0%, 52.0%]",,,,
9,parallel,44,44,0.069365922,1.525793629,1.482238002,0.000111111,48.66,"[41.6%, 50.0%, 41.8%, 39.4%, 54.0%, 46.8%, 52.0%, 55.8%, 52.0%, 53.2%]",,,,
9,parallel,45,45,0.065813937,1.522509803,1.467575088,0.000111111,48.52,"[41.6%, 50.0%, 41.8%, 39.4%, 54.0%, 46.8%, 52.0%, 55.8%, 52.0%, 51.8%]",,,,
9,parallel,46,46,0.062621934,1.470832594,1.404576734,0.000111111,48.72,"[41.6%, 50.0%, 41.8%, 39.4%, 54.0%, 46.8%, 52.0%, 55.8%, 52.0%, 53.8%]",,,,
9,parallel,47,47,0.059789915,1.736619506,1.630008027,0.000111111,47.94,"[41.6%, 50.0%, 41.8%, 39.4%, 54.0%, 46.8%, 52.0%, 55.8%, 52.0%, 46.0%]",,,,
9,parallel,48,48,0.057317878,1.619545801,1.553459391,0.000111111,48.12,"[41.6%, 50.0%, 41.8%, 39.4%, 54.0%, 46.8%, 52.0%, 55.8%, 52.0%, 47.8%]",,,,
9,parallel,49,49,0.055205825,1.573410585,1.49488087,0.000111111,48.42,"[41.6%, 50.0%, 41.8%, 39.4%, 54.0%, 46.8%, 52.0%, 55.8%, 52.0%, 50.8%]",,,,
9,parallel,50,50,0.053453755,1.649641752,1.547986835,0.000111111,48.22,"[41.6%, 50.0%, 41.8%, 39.4%, 54.0%, 46.8%, 52.0%, 55.8%, 52.0%, 48.8%]",,,,
9,parallel,51,51,0.052061669,1.598258089,1.56083107,0.000111111,48.12,"[41.6%, 50.0%, 41.8%, 39.4%, 54.0%, 46.8%, 52.0%, 55.8%, 52.0%, 47.8%]",,,,
9,parallel,52,52,0.051029565,1.509700338,1.490600213,0.000111111,48.12,"[41.6%, 50.0%, 41.8%, 39.4%, 54.0%, 46.8%, 52.0%, 55.8%, 52.0%, 47.8%]",,,,
9,parallel,53,53,0.050357445,1.588397557,1.529230952,0.000111111,48.32,"[41.6%, 50.0%, 41.8%, 39.4%, 54.0%, 46.8%, 52.0%, 55.8%, 52.0%, 49.8%]",,,,
9,parallel,54,54,0.050045307,1.519740778,1.476245895,0.000111111,48.56,"[41.6%, 50.0%, 41.8%, 39.4%, 54.0%, 46.8%, 52.0%, 55.8%, 52.0%, 52.2%]",,,,
9,parallel,55,55,0.050021053,1.48077285,1.428599238,0.000111111,48.52,"[41.6%, 50.0%, 41.8%, 39.4%, 54.0%, 46.8%, 52.0%, 55.8%, 52.0%, 51.8%]",,,,
9,weights,1,56,0.050021053,1.470327088,1.459350817,0.000111111,48.6,"[41.6%, 50.0%, 41.8%, 39.4%, 54.0%, 46.8%, 52.0%, 55.8%, 52.0%, 52.6%]",,,,
9,weights,2,57,0.050021053,1.448650848,1.444021612,0.000111111,48.46,"[41.6%, 50.0%, 41.8%, 39.4%, 54.0%, 46.8%, 52.0%, 55.8%, 52.0%, 51.2%]",,,,
9,weights,3,58,0.050021053,1.4254838,1.418282725,0.000111111,48.54,"[41.6%, 50.0%, 41.8%, 39.4%, 54.0%, 46.8%, 52.0%, 55.8%, 52.0%, 52.0%]",,,,
9,weights,4,59,0.050021053,1.407103148,1.421493843,0.000111111,48.6,"[41.6%, 50.0%, 41.8%, 39.4%, 54.0%, 46.8%, 52.0%, 55.8%, 52.0%, 52.6%]",,,,
9,weights,5,60,0.050021053,1.393671781,1.419744261,0.000111111,48.64,"[41.6%, 50.0%, 41.8%, 39.4%, 54.0%, 46.8%, 52.0%, 55.8%, 52.0%, 53.0%]",,,,
9,weights,6,61,0.050021053,1.387503001,1.369431913,0.000111111,48.9,"[41.6%, 50.0%, 41.8%, 39.4%, 54.0%, 46.8%, 52.0%, 55.8%, 52.0%, 55.6%]",,,,
9,weights,7,62,0.050021053,1.389734246,1.374854371,0.000111111,48.64,"[41.6%, 50.0%, 41.8%, 39.4%, 54.0%, 46.8%, 52.0%, 55.8%, 52.0%, 53.0%]",,,,
9,weights,8,63,0.050021053,1.362016658,1.396557905,0.000111111,48.82,"[41.6%, 50.0%, 41.8%, 39.4%, 54.0%, 46.8%, 52.0%, 55.8%, 52.0%, 54.8%]",,,,
9,weights,9,64,0.050021053,1.348350964,1.402152047,0.000111111,48.62,"[41.6%, 50.0%, 41.8%, 39.4%, 54.0%, 46.8%, 52.0%, 55.8%, 52.0%, 52.8%]",,,,
9,weights,10,65,0.050021053,1.364443664,1.382537276,0.000111111,48.86,"[41.6%, 50.0%, 41.8%, 39.4%, 54.0%, 46.8%, 52.0%, 55.8%, 52.0%, 55.2%]",,,,
9,weights,11,66,0.050021053,1.347936318,1.411357507,0.000111111,48.7,"[41.6%, 50.0%, 41.8%, 39.4%, 54.0%, 46.8%, 52.0%, 55.8%, 52.0%, 53.6%]",,,,
9,weights,12,67,0.050021053,1.308994308,1.371145025,0.000111111,48.8,"[41.6%, 50.0%, 41.8%, 39.4%, 54.0%, 46.8%, 52.0%, 55.8%, 52.0%, 54.6%]",,,,
9,weights,13,68,0.050021053,1.312801606,1.409888506,0.000111111,48.72,"[41.6%, 50.0%, 41.8%, 39.4%, 54.0%, 46.8%, 52.0%, 55.8%, 52.0%, 53.8%]",,,,
9,weights,14,69,0.050021053,1.309010313,1.342833698,0.000111111,48.94,"[41.6%, 50.0%, 41.8%, 39.4%, 54.0%, 46.8%, 52.0%, 55.8%, 52.0%, 56.0%]",,,,
9,weights,15,70,0.050021053,1.305455949,1.417105459,0.000111111,48.48,"[41.6%, 50.0%, 41.8%, 39.4%, 54.0%, 46.8%, 52.0%, 55.8%, 52.0%, 51.4%]",,,,
9,weights,16,71,0.050021053,1.288620393,1.371735714,0.000111111,48.88,"[41.6%, 50.0%, 41.8%, 39.4%, 54.0%, 46.8%, 52.0%, 55.8%, 52.0%, 55.4%]",,,,
9,weights,17,72,0.050021053,1.275767864,1.384930141,0.000111111,48.82,"[41.6%, 50.0%, 41.8%, 39.4%, 54.0%, 46.8%, 52.0%, 55.8%, 52.0%, 54.8%]",,,,
9,weights,18,73,0.050021053,1.269883226,1.32824304,0.000111111,48.8,"[41.6%, 50.0%, 41.8%, 39.4%, 54.0%, 46.8%, 52.0%, 55.8%, 52.0%, 54.6%]",,,,
9,weights,19,74,0.050021053,1.264184965,1.376632705,0.000111111,48.8,"[41.6%, 50.0%, 41.8%, 39.4%, 54.0%, 46.8%, 52.0%, 55.8%, 52.0%, 54.6%]",,,,
9,weights,20,75,0.050021053,1.26683223,1.369028635,0.000111111,48.82,"[41.6%, 50.0%, 41.8%, 39.4%, 54.0%, 46.8%, 52.0%, 55.8%, 52.0%, 54.8%]",,,,
9,weights,21,76,0.050021053,1.254676897,1.359390028,0.000111111,48.96,"[41.6%, 50.0%, 41.8%, 39.4%, 54.0%, 46.8%, 52.0%, 55.8%, 52.0%, 56.2%]",,,,
9,weights,22,77,0.050021053,1.267834694,1.338542625,0.000111111,48.7,"[41.6%, 50.0%, 41.8%, 39.4%, 54.0%, 46.8%, 52.0%, 55.8%, 52.0%, 53.6%]",,,,
9,weights,23,78,0.050021053,1.257743883,1.439803958,0.000111111,48.82,"[41.6%, 50.0%, 41.8%, 39.4%, 54.0%, 46.8%, 52.0%, 55.8%, 52.0%, 54.8%]",,,,
9,weights,24,79,0.050021053,1.268412832,1.32212624,0.000111111,48.98,"[41.6%, 50.0%, 41.8%, 39.4%, 54.0%, 46.8%, 52.0%, 55.8%, 52.0%, 56.4%]",,,,
9,weights,25,80,0.050021053,1.244978591,1.327601992,0.000111111,48.8,"[41.6%, 50.0%, 41.8%, 39.4%, 54.0%, 46.8%, 52.0%, 55.8%, 52.0%, 54.6%]",30.46,"[10.4%, 44.2%, 27.4%, 0.0%, 48.2%, 30.0%, 21.0%, 35.2%, 47.2%, 41.0%]",34.46,"[29.5%, 33.6%, 33.6%, 11.3%, 40.8%, 19.1%, 45.6%, 38.8%, 50.3%, 41.7%]"
10,parallel,1,1,0.5,13.31098635,3.939697355,0.000111111,44.34545455,"[41.8%, 50.4%, 41.4%, 39.2%, 53.8%, 46.8%, 51.8%, 56.0%, 52.2%, 54.4%, 0.0%]",,,,
10,parallel,2,2,0.5,2.603599277,2.354941815,0.000111111,45.2,"[41.8%, 50.2%, 41.4%, 39.6%, 53.6%, 46.6%, 51.4%, 56.0%, 52.2%, 54.4%, 10.0%]",,,,
10,parallel,3,3,0.5,2.342672254,2.32652688,0.000111111,45.2,"[41.8%, 50.0%, 41.4%, 39.6%, 53.8%, 46.6%, 51.4%, 56.0%, 52.2%, 54.4%, 10.0%]",,,,
10,parallel,4,4,0.5,2.329063515,2.323697954,0.000111111,45.23636364,"[41.8%, 50.0%, 41.6%, 39.6%, 53.8%, 46.6%, 51.4%, 56.0%, 52.4%, 54.4%, 10.0%]",,,,
10,parallel,5,5,0.488654013,2.335836534,2.328729987,0.000111111,45.21818182,"[41.8%, 50.0%, 41.6%, 39.8%, 53.8%, 46.4%, 51.4%, 56.0%, 52.2%, 54.4%, 10.0%]",,,,
10,parallel,6,6,0.471021944,2.354318296,2.341985285,0.000111111,45.29090909,"[41.8%, 50.2%, 42.0%, 39.8%, 53.8%, 46.6%, 51.4%, 56.0%, 52.2%, 54.4%, 10.0%]",,,,
10,parallel,7,7,0.453750693,2.351903372,2.330843806,0.000111111,45.29090909,"[41.8%, 50.2%, 42.0%, 39.8%, 53.8%, 46.6%, 51.4%, 56.0%, 52.2%, 54.4%, 10.0%]",,,,
10,parallel,8,8,0.436840258,2.326412213,2.274089873,0.000111111,45.90909091,"[41.8%, 50.2%, 42.0%, 39.8%, 53.8%, 46.6%, 51.4%, 56.0%, 52.2%, 54.4%, 16.8%]",,,,
10,parallel,9,9,0.42029064,2.219330163,2.107197449,0.000111111,46.63636364,"[41.8%, 50.2%, 42.0%, 39.8%, 53.8%, 46.6%, 51.4%, 56.0%, 52.2%, 54.4%, 24.8%]",,,,
10,parallel,10,10,0.404101838,2.037817833,1.948561087,0.000111111,47.01818182,"[41.8%, 50.2%, 42.0%, 39.8%, 53.8%, 46.6%, 51.4%, 56.0%, 52.2%, 54.4%, 29.0%]",,,,
10,parallel,11,11,0.388273854,1.862724829,1.856361076,0.000111111,47.47272727,"[41.8%, 50.2%, 42.0%, 39.8%, 53.8%, 46.6%, 51.4%, 56.0%, 52.2%, 54.4%, 34.0%]",,,,
10,parallel,12,12,0.372806686,1.72140888,1.713172391,0.000111111,47.83636364,"[41.8%, 50.2%, 42.0%, 39.8%, 53.8%, 46.6%, 51.4%, 56.0%, 52.2%, 54.4%, 38.0%]",,,,
10,parallel,13,13,0.357700336,1.649719056,1.731986508,0.000111111,48.09090909,"[41.8%, 50.2%, 42.0%, 39.8%, 53.8%, 46.6%, 51.4%, 56.0%, 52.2%, 54.4%, 40.8%]",,,,
10,parallel,14,14,0.342954802,1.544806787,1.516446367,0.000111111,48.65454545,"[41.8%, 50.2%, 42.0%, 39.8%, 53.8%, 46.6%, 51.4%, 56.0%, 52.2%, 54.4%, 47.0%]",,,,
10,parallel,15,15,0.328570085,1.494819711,1.413221151,0.000111111,49.01818182,"[41.8%, 50.2%, 42.0%, 39.8%, 53.8%, 46.6%, 51.4%, 56.0%, 52.2%, 54.4%, 51.0%]",,,,
10,parallel,16,16,0.314546185,1.439785643,1.30271855,0.000111111,49.05454545,"[41.8%, 50.2%, 42.0%, 39.8%, 53.8%, 46.6%, 51.4%, 56.0%, 52.2%, 54.4%, 51.4%]",,,,
10,parallel,17,17,0.300883101,1.42012242,1.302878186,0.000111111,49.14545455,"[41.8%, 50.2%, 42.0%, 39.8%, 53.8%, 46.6%, 51.4%, 56.0%, 52.2%, 54.4%, 52.4%]",,,,
10,parallel,18,18,0.287580835,1.345136065,1.262796156,0.000111111,49.54545455,"[41.8%, 50.2%, 42.0%, 39.8%, 53.8%, 46.6%, 51.4%, 56.0%, 52.2%, 54.4%, 56.8%]",,,,
10,parallel,19,19,0.274639385,1.352545382,1.411871888,0.000111111,49.01818182,"[41.8%, 50.2%, 42.0%, 39.8%, 53.8%, 46.6%, 51.4%, 56.0%, 52.2%, 54.4%, 51.0%]",,,,
10,parallel,20,20,0.262058752,1.333680471,1.28645175,0.000111111,49.36363636,"[41.8%, 50.2%, 42.0%, 39.8%, 53.8%, 46.6%, 51.4%, 56.0%, 52.2%, 54.4%, 54.8%]",,,,
10,parallel,21,21,0.249838936,1.29430344,1.205185182,0.000111111,49.70909091,"[41.8%, 50.2%, 42.0%, 39.8%, 53.8%, 46.6%, 51.4%, 56.0%, 52.2%, 54.4%, 58.6%]",,,,
10,parallel,22,22,0.237979937,1.28403045,1.300874054,0.000111111,49.49090909,"[41.8%, 50.2%, 42.0%, 39.8%, 53.8%, 46.6%, 51.4%, 56.0%, 52.2%, 54.4%, 56.2%]",,,,
10,parallel,23,23,0.226481755,1.306812095,1.192201696,0.000111111,49.83636364,"[41.8%, 50.2%, 42.0%, 39.8%, 53.8%, 46.6%, 51.4%, 56.0%, 52.2%, 54.4%, 60.0%]",,,,
10,parallel,24,24,0.21534439,1.272331407,1.276816815,0.000111111,49.56363636,"[41.8%, 50.2%, 42.0%, 39.8%, 53.8%, 46.6%, 51.4%, 56.0%, 52.2%, 54.4%, 57.0%]",,,,
10,parallel,25,25,0.204567841,1.246390401,1.297865376,0.000111111,49.4,"[41.8%, 50.2%, 42.0%, 39.8%, 53.8%, 46.6%, 51.4%, 56.0%, 52.2%, 54.4%, 55.2%]",,,,
10,parallel,26,26,0.194152109,1.282863916,1.229082122,0.000111111,49.87272727,"[41.8%, 50.2%, 42.0%, 39.8%, 53.8%, 46.6%, 51.4%, 56.0%, 52.2%, 54.4%, 60.4%]",,,,
10,parallel,27,27,0.184097194,1.282328391,1.124350443,0.000111111,50.18181818,"[41.8%, 50.2%, 42.0%, 39.8%, 53.8%, 46.6%, 51.4%, 56.0%, 52.2%, 54.4%, 63.8%]",,,,
10,parallel,28,28,0.174403096,1.282498838,1.239175782,0.000111111,49.61818182,"[41.8%, 50.2%, 42.0%, 39.8%, 53.8%, 46.6%, 51.4%, 56.0%, 52.2%, 54.4%, 57.6%]",,,,
10,parallel,29,29,0.165069815,1.269858578,1.326614346,0.000111111,49.41818182,"[41.8%, 50.2%, 42.0%, 39.8%, 53.8%, 46.6%, 51.4%, 56.0%, 52.2%, 54.4%, 55.4%]",,,,
10,parallel,30,30,0.156097351,1.327160432,1.298873089,0.000111111,49.45454545,"[41.8%, 50.2%, 42.0%, 39.8%, 53.8%, 46.6%, 51.4%, 56.0%, 52.2%, 54.4%, 55.8%]",,,,
10,parallel,31,31,0.147485703,1.293666731,1.235816889,0.000111111,49.83636364,"[41.8%, 50.2%, 42.0%, 39.8%, 53.8%, 46.6%, 51.4%, 56.0%, 52.2%, 54.4%, 60.0%]",,,,
10,parallel,32,32,0.139234872,1.378832585,1.314975366,0.000111111,49.49090909,"[41.8%, 50.2%, 42.0%, 39.8%, 53.8%, 46.6%, 51.4%, 56.0%, 52.2%, 54.4%, 56.2%]",,,,
10,parallel,33,33,0.131344859,1.332644414,1.218753867,0.000111111,49.61818182,"[41.8%, 50.2%, 42.0%, 39.8%, 53.8%, 46.6%, 51.4%, 56.0%, 52.2%, 54.4%, 57.6%]",,,,
10,parallel,34,34,0.123815662,1.386300187,1.348375238,0.000111111,49.38181818,"[41.8%, 50.2%, 42.0%, 39.8%, 53.8%, 46.6%, 51.4%, 56.0%, 52.2%, 54.4%, 55.0%]",,,,
10,parallel,35,35,0.116647281,1.389838463,1.262079,0.000111111,49.74545455,"[41.8%, 50.2%, 42.0%, 39.8%, 53.8%, 46.6%, 51.4%, 56.0%, 52.2%, 54.4%, 59.0%]",,,,
10,parallel,36,36,0.109839718,1.307532999,1.210503757,0.000111111,49.76363636,"[41.8%, 50.2%, 42.0%, 39.8%, 53.8%, 46.6%, 51.4%, 56.0%, 52.2%, 54.4%, 59.2%]",,,,
10,parallel,37,37,0.103392972,1.39345217,1.269595541,0.000111111,49.45454545,"[41.8%, 50.2%, 42.0%, 39.8%, 53.8%, 46.6%, 51.4%, 56.0%, 52.2%, 54.4%, 55.8%]",,,,
10,parallel,38,38,0.097307042,1.368891128,1.500209764,0.000111111,49,"[41.8%, 50.2%, 42.0%, 39.8%, 53.8%, 46.6%, 51.4%, 56.0%, 52.2%, 54.4%, 50.8%]",,,,
10,parallel,39,39,0.091581929,1.447565966,1.270387694,0.000111111,49.47272727,"[41.8%, 50.2%, 42.0%, 39.8%, 53.8%, 46.6%, 51.4%, 56.0%, 52.2%, 54.4%, 56.0%]",,,,
10,parallel,40,40,0.086217633,1.425204924,1.302222967,0.000111111,49.30909091,"[41.8%, 50.2%, 42.0%, 39.8%, 53.8%, 46.6%, 51.4%, 56.0%, 52.2%, 54.4%, 54.2%]",,,,
10,parallel,41,41,0.081214154,1.506265738,1.404066525,0.000111111,49.14545455,"[41.8%, 50.2%, 42.0%, 39.8%, 53.8%, 46.6%, 51.4%, 56.0%, 52.2%, 54.4%, 52.4%]",,,,
10,parallel,42,42,0.076571492,1.596832204,1.411487713,0.000111111,48.89090909,"[41.8%, 50.2%, 42.0%, 39.8%, 53.8%, 46.6%, 51.4%, 56.0%, 52.2%, 54.4%, 49.6%]",,,,
10,parallel,43,43,0.072289646,1.514180585,1.770971112,0.000111111,48.01818182,"[41.8%, 50.2%, 42.0%, 39.8%, 53.8%, 46.6%, 51.4%, 56.0%, 52.2%, 54.4%, 40.0%]",,,,
10,parallel,44,44,0.068368618,1.606231415,1.515418902,0.000111111,48.6,"[41.8%, 50.2%, 42.0%, 39.8%, 53.8%, 46.6%, 51.4%, 56.0%, 52.2%, 54.4%, 46.4%]",,,,
10,parallel,45,45,0.064808406,1.547480751,1.442353442,0.000111111,49.05454545,"[41.8%, 50.2%, 42.0%, 39.8%, 53.8%, 46.6%, 51.4%, 56.0%, 52.2%, 54.4%, 51.4%]",,,,
10,parallel,46,46,0.061609011,1.652211583,1.546563223,0.000111111,48.69090909,"[41.8%, 50.2%, 42.0%, 39.8%, 53.8%, 46.6%, 51.4%, 56.0%, 52.2%, 54.4%, 47.4%]",,,,
10,parallel,47,47,0.058770433,1.596027985,1.471186444,0.000111111,49,"[41.8%, 50.2%, 42.0%, 39.8%, 53.8%, 46.6%, 51.4%, 56.0%, 52.2%, 54.4%, 50.8%]",,,,
10,parallel,48,48,0.056292672,1.545631462,1.490461014,0.000111111,48.94545455,"[41.8%, 50.2%, 42.0%, 39.8%, 53.8%, 46.6%, 51.4%, 56.0%, 52.2%, 54.4%, 50.2%]",,,,
10,parallel,49,49,0.054175727,1.766450144,1.714005068,0.000111111,47.98181818,"[41.8%, 50.2%, 42.0%, 39.8%, 53.8%, 46.6%, 51.4%, 56.0%, 52.2%, 54.4%, 39.6%]",,,,
10,parallel,50,50,0.0524196,1.625217391,1.520391151,0.000111111,48.61818182,"[41.8%, 50.2%, 42.0%, 39.8%, 53.8%, 46.6%, 51.4%, 56.0%, 52.2%, 54.4%, 46.6%]",,,,
10,parallel,51,51,0.051024289,1.538081688,1.414596349,0.000111111,49,"[41.8%, 50.2%, 42.0%, 39.8%, 53.8%, 46.6%, 51.4%, 56.0%, 52.2%, 54.4%, 50.8%]",,,,
10,parallel,52,52,0.049989795,1.619841834,1.630195498,0.000111111,48.21818182,"[41.8%, 50.2%, 42.0%, 39.8%, 53.8%, 46.6%, 51.4%, 56.0%, 52.2%, 54.4%, 42.2%]",,,,
10,parallel,53,53,0.049316118,1.497599339,1.422173277,0.000111111,48.96363636,"[41.8%, 50.2%, 42.0%, 39.8%, 53.8%, 46.6%, 51.4%, 56.0%, 52.2%, 54.4%, 50.4%]",,,,
10,parallel,54,54,0.049003258,1.466083525,1.422082022,0.000111111,48.89090909,"[41.8%, 50.2%, 42.0%, 39.8%, 53.8%, 46.6%, 51.4%, 56.0%, 52.2%, 54.4%, 49.6%]",,,,
10,parallel,55,55,0.048978947,1.445471303,1.433374271,0.000111111,48.83636364,"[41.8%, 50.2%, 42.0%, 39.8%, 53.8%, 46.6%, 51.4%, 56.0%, 52.2%, 54.4%, 49.0%]",,,,
10,weights,1,56,0.048978947,1.461745327,1.434091039,0.000111111,49.12727273,"[41.8%, 50.2%, 42.0%, 39.8%, 53.8%, 46.6%, 51.4%, 56.0%, 52.2%, 54.4%, 52.2%]",,,,
10,weights,2,57,0.048978947,1.400497753,1.336560771,0.000111111,49.34545455,"[41.8%, 50.2%, 42.0%, 39.8%, 53.8%, 46.6%, 51.4%, 56.0%, 52.2%, 54.4%, 54.6%]",,,,
10,weights,3,58,0.048978947,1.415119831,1.355698586,0.000111111,49.2,"[41.8%, 50.2%, 42.0%, 39.8%, 53.8%, 46.6%, 51.4%, 56.0%, 52.2%, 54.4%, 53.0%]",,,,
10,weights,4,59,0.048978947,1.38492333,1.336981438,0.000111111,49.23636364,"[41.8%, 50.2%, 42.0%, 39.8%, 53.8%, 46.6%, 51.4%, 56.0%, 52.2%, 54.4%, 53.4%]",,,,
10,weights,5,60,0.048978947,1.388739403,1.307444096,0.000111111,49.49090909,"[41.8%, 50.2%, 42.0%, 39.8%, 53.8%, 46.6%, 51.4%, 56.0%, 52.2%, 54.4%, 56.2%]",,,,
10,weights,6,61,0.048978947,1.367513626,1.28100615,0.000111111,49.38181818,"[41.8%, 50.2%, 42.0%, 39.8%, 53.8%, 46.6%, 51.4%, 56.0%, 52.2%, 54.4%, 55.0%]",,,,
10,weights,7,62,0.048978947,1.346201137,1.323268041,0.000111111,49.38181818,"[41.8%, 50.2%, 42.0%, 39.8%, 53.8%, 46.6%, 51.4%, 56.0%, 52.2%, 54.4%, 55.0%]",,,,
10,weights,8,63,0.048978947,1.322270653,1.27607768,0.000111111,49.50909091,"[41.8%, 50.2%, 42.0%, 39.8%, 53.8%, 46.6%, 51.4%, 56.0%, 52.2%, 54.4%, 56.4%]",,,,
10,weights,9,64,0.048978947,1.315141568,1.375683047,0.000111111,49.01818182,"[41.8%, 50.2%, 42.0%, 39.8%, 53.8%, 46.6%, 51.4%, 56.0%, 52.2%, 54.4%, 51.0%]",,,,
10,weights,10,65,0.048978947,1.31455301,1.205302469,0.000111111,49.83636364,"[41.8%, 50.2%, 42.0%, 39.8%, 53.8%, 46.6%, 51.4%, 56.0%, 52.2%, 54.4%, 60.0%]",,,,
10,weights,11,66,0.048978947,1.312217565,1.398692839,0.000111111,48.94545455,"[41.8%, 50.2%, 42.0%, 39.8%, 53.8%, 46.6%, 51.4%, 56.0%, 52.2%, 54.4%, 50.2%]",,,,
10,weights,12,67,0.048978947,1.301621699,1.236511536,0.000111111,49.69090909,"[41.8%, 50.2%, 42.0%, 39.8%, 53.8%, 46.6%, 51.4%, 56.0%, 52.2%, 54.4%, 58.4%]",,,,
10,weights,13,68,0.048978947,1.292597597,1.415530138,0.000111111,48.98181818,"[41.8%, 50.2%, 42.0%, 39.8%, 53.8%, 46.6%, 51.4%, 56.0%, 52.2%, 54.4%, 50.6%]",,,,
10,weights,14,69,0.048978947,1.279398658,1.301857464,0.000111111,49.45454545,"[41.8%, 50.2%, 42.0%, 39.8%, 53.8%, 46.6%, 51.4%, 56.0%, 52.2%, 54.4%, 55.8%]",,,,
10,weights,15,70,0.048978947,1.266861516,1.233521834,0.000111111,49.70909091,"[41.8%, 50.2%, 42.0%, 39.8%, 53.8%, 46.6%, 51.4%, 56.0%, 52.2%, 54.4%, 58.6%]",,,,
10,weights,16,71,0.048978947,1.261644366,1.257160544,0.000111111,49.67272727,"[41.8%, 50.2%, 42.0%, 39.8%, 53.8%, 46.6%, 51.4%, 56.0%, 52.2%, 54.4%, 58.2%]",,,,
10,weights,17,72,0.048978947,1.267124336,1.266122542,0.000111111,49.61818182,"[41.8%, 50.2%, 42.0%, 39.8%, 53.8%, 46.6%, 51.4%, 56.0%, 52.2%, 54.4%, 57.6%]",,,,
10,weights,18,73,0.048978947,1.246999852,1.425411813,0.000111111,49.25454545,"[41.8%, 50.2%, 42.0%, 39.8%, 53.8%, 46.6%, 51.4%, 56.0%, 52.2%, 54.4%, 53.6%]",,,,
10,weights,19,74,0.048978947,1.263974329,1.202252194,0.000111111,49.61818182,"[41.8%, 50.2%, 42.0%, 39.8%, 53.8%, 46.6%, 51.4%, 56.0%, 52.2%, 54.4%, 57.6%]",,,,
10,weights,20,75,0.048978947,1.259297231,1.280063644,0.000111111,49.61818182,"[41.8%, 50.2%, 42.0%, 39.8%, 53.8%, 46.6%, 51.4%, 56.0%, 52.2%, 54.4%, 57.6%]",,,,
10,weights,21,76,0.048978947,1.252368379,1.228677079,0.000111111,49.70909091,"[41.8%, 50.2%, 42.0%, 39.8%, 53.8%, 46.6%, 51.4%, 56.0%, 52.2%, 54.4%, 58.6%]",,,,
10,weights,22,77,0.048978947,1.221052135,1.188578084,0.000111111,49.81818182,"[41.8%, 50.2%, 42.0%, 39.8%, 53.8%, 46.6%, 51.4%, 56.0%, 52.2%, 54.4%, 59.8%]",,,,
10,weights,23,78,0.048978947,1.221049811,1.264812656,0.000111111,49.49090909,"[41.8%, 50.2%, 42.0%, 39.8%, 53.8%, 46.6%, 51.4%, 56.0%, 52.2%, 54.4%, 56.2%]",,,,
10,weights,24,79,0.048978947,1.235092895,1.234466389,0.000111111,49.61818182,"[41.8%, 50.2%, 42.0%, 39.8%, 53.8%, 46.6%, 51.4%, 56.0%, 52.2%, 54.4%, 57.6%]",,,,
10,weights,25,80,0.048978947,1.22396657,1.173178628,0.000111111,49.90909091,"[41.8%, 50.2%, 42.0%, 39.8%, 53.8%, 46.6%, 51.4%, 56.0%, 52.2%, 54.4%, 60.8%]",30.27272727,"[10.4%, 44.6%, 27.2%, 0.0%, 43.2%, 30.0%, 14.2%, 34.8%, 47.4%, 31.6%, 49.6%]",35.51818182,"[30.7%, 34.2%, 32.9%, 10.7%, 41.8%, 19.3%, 44.8%, 37.2%, 50.6%, 35.6%, 52.8%]"
11,parallel,1,1,0.45,12.9875103,5.54336226,0.000111111,45.71666667,"[41.4%, 49.2%, 42.0%, 39.6%, 54.2%, 47.6%, 52.2%, 56.0%, 51.8%, 54.4%, 60.2%, 0.0%]",,,,
11,parallel,2,2,0.45,3.186455805,2.40012911,0.000111111,46.45,"[41.0%, 49.2%, 42.0%, 39.0%, 54.2%, 47.2%, 52.6%, 55.8%, 51.8%, 54.6%, 60.0%, 10.0%]",,,,
11,parallel,3,3,0.45,2.364455356,2.342801899,0.000111111,46.48333333,"[41.0%, 49.2%, 42.0%, 39.0%, 54.2%, 47.4%, 52.8%, 55.8%, 51.8%, 54.6%, 60.0%, 10.0%]",,,,
11,parallel,4,4,0.45,2.333854268,2.334820479,0.000111111,46.48333333,"[41.0%, 49.4%, 42.0%, 39.0%, 54.2%, 47.4%, 52.8%, 55.8%, 51.8%, 54.6%, 59.8%, 10.0%]",,,,
11,parallel,5,5,0.439885609,2.348013658,2.348079294,0.000111111,46.51666667,"[41.0%, 49.6%, 42.0%, 38.8%, 54.2%, 47.4%, 52.8%, 55.8%, 51.8%, 54.8%, 60.0%, 10.0%]",,,,
11,parallel,6,6,0.424167484,2.376794507,2.359116286,0.000111111,46.53333333,"[41.2%, 49.6%, 42.0%, 38.8%, 54.2%, 47.4%, 52.8%, 55.8%, 51.8%, 54.8%, 60.0%, 10.0%]",,,,
11,parallel,7,7,0.40877101,2.365853557,2.345143706,0.000111111,46.53333333,"[41.2%, 49.6%, 42.0%, 38.8%, 54.2%, 47.4%, 52.8%, 55.8%, 51.8%, 54.8%, 60.0%, 10.0%]",,,,
11,parallel,8,8,0.393696186,2.347282802,2.328478009,0.000111111,46.53333333,"[41.2%, 49.6%, 42.0%, 38.8%, 54.2%, 47.4%, 52.8%, 55.8%, 51.8%, 54.8%, 60.0%, 10.0%]",,,,
11,parallel,9,9,0.378943013,2.219518177,2.189400762,0.000111111,47.45,"[41.2%, 49.6%, 42.0%, 38.8%, 54.2%, 47.4%, 52.8%, 55.8%, 51.8%, 54.8%, 60.0%, 21.0%]",,,,
11,parallel,10,10,0.36451149,1.951601729,1.758047804,0.000111111,48.41666667,"[41.2%, 49.6%, 42.0%, 38.8%, 54.2%, 47.4%, 52.8%, 55.8%, 51.8%, 54.8%, 60.0%, 32.6%]",,,,
11,parallel,11,11,0.350401618,1.790617753,1.73887378,0.000111111,48.41666667,"[41.2%, 49.6%, 42.0%, 38.8%, 54.2%, 47.4%, 52.8%, 55.8%, 51.8%, 54.8%, 60.0%, 32.6%]",,,,
11,parallel,12,12,0.336613396,1.688523199,1.639635175,0.000111111,49.06666667,"[41.2%, 49.6%, 42.0%, 38.8%, 54.2%, 47.4%, 52.8%, 55.8%, 51.8%, 54.8%, 60.0%, 40.4%]",,,,
11,parallel,13,13,0.323146825,1.595718597,1.606475249,0.000111111,49.23333333,"[41.2%, 49.6%, 42.0%, 38.8%, 54.2%, 47.4%, 52.8%, 55.8%, 51.8%, 54.8%, 60.0%, 42.4%]",,,,
11,parallel,14,14,0.310001905,1.535274373,1.587205321,0.000111111,49.36666667,"[41.2%, 49.6%, 42.0%, 38.8%, 54.2%, 47.4%, 52.8%, 55.8%, 51.8%, 54.8%, 60.0%, 44.0%]",,,,
11,parallel,15,15,0.297178635,1.466065817,1.411031298,0.000111111,49.86666667,"[41.2%, 49.6%, 42.0%, 38.8%, 54.2%, 47.4%, 52.8%, 55.8%, 51.8%, 54.8%, 60.0%, 50.0%]",,,,
11,parallel,16,16,0.284677015,1.417578308,1.389199883,0.000111111,49.95,"[41.2%, 49.6%, 42.0%, 38.8%, 54.2%, 47.4%, 52.8%, 55.8%, 51.8%, 54.8%, 60.0%, 51.0%]",,,,
11,parallel,17,17,0.272497046,1.398049247,1.371966548,0.000111111,49.95,"[41.2%, 49.6%, 42.0%, 38.8%, 54.2%, 47.4%, 52.8%, 55.8%, 51.8%, 54.8%, 60.0%, 51.0%]",,,,
11,parallel,18,18,0.260638728,1.379717053,1.294102326,0.000111111,50.4,"[41.2%, 49.6%, 42.0%, 38.8%, 54.2%, 47.4%, 52.8%, 55.8%, 51.8%, 54.8%, 60.0%, 56.4%]",,,,
11,parallel,19,19,0.24910206,1.353762596,1.366397589,0.000111111,50.3,"[41.2%, 49.6%, 42.0%, 38.8%, 54.2%, 47.4%, 52.8%, 55.8%, 51.8%, 54.8%, 60.0%, 55.2%]",,,,
11,parallel,20,20,0.237887042,1.332958229,1.336232215,0.000111111,50.15,"[41.2%, 49.6%, 42.0%, 38.8%, 54.2%, 47.4%, 52.8%, 55.8%, 51.8%, 54.8%, 60.0%, 53.4%]",,,,
11,parallel,21,21,0.226993676,1.304322039,1.29649888,0.000111111,50.13333333,"[41.2%, 49.6%, 42.0%, 38.8%, 54.2%, 47.4%, 52.8%, 55.8%, 51.8%, 54.8%, 60.0%, 53.2%]",,,,
11,parallel,22,22,0.216421959,1.261256723,1.266688459,0.000111111,50.36666667,"[41.2%, 49.6%, 42.0%, 38.8%, 54.2%, 47.4%, 52.8%, 55.8%, 51.8%, 54.8%, 60.0%, 56.0%]",,,,
11,parallel,23,23,0.206171893,1.250738713,1.340128422,0.000111111,50.21666667,"[41.2%, 49.6%, 42.0%, 38.8%, 54.2%, 47.4%, 52.8%, 55.8%, 51.8%, 54.8%, 60.0%, 54.2%]",,,,
11,parallel,24,24,0.196243478,1.297620024,1.349571802,0.000111111,50.06666667,"[41.2%, 49.6%, 42.0%, 38.8%, 54.2%, 47.4%, 52.8%, 55.8%, 51.8%, 54.8%, 60.0%, 52.4%]",,,,
11,parallel,25,25,0.186636713,1.257351051,1.44973731,0.000111111,49.88333333,"[41.2%, 49.6%, 42.0%, 38.8%, 54.2%, 47.4%, 52.8%, 55.8%, 51.8%, 54.8%, 60.0%, 50.2%]",,,,
11,parallel,26,26,0.177351599,1.336144695,1.240475819,0.000111111,50.43333333,"[41.2%, 49.6%, 42.0%, 38.8%, 54.2%, 47.4%, 52.8%, 55.8%, 51.8%, 54.8%, 60.0%, 56.8%]",,,,
11,parallel,27,27,0.168388135,1.303069757,1.293405741,0.000111111,50.18333333,"[41.2%, 49.6%, 42.0%, 38.8%, 54.2%, 47.4%, 52.8%, 55.8%, 51.8%, 54.8%, 60.0%, 53.8%]",,,,
11,parallel,28,28,0.159746322,1.239015913,1.240277663,0.000111111,50.45,"[41.2%, 49.6%, 42.0%, 38.8%, 54.2%, 47.4%, 52.8%, 55.8%, 51.8%, 54.8%, 60.0%, 57.0%]",,,,
11,parallel,29,29,0.15142616,1.276733249,1.287526935,0.000111111,50.2,"[41.2%, 49.6%, 42.0%, 38.8%, 54.2%, 47.4%, 52.8%, 55.8%, 51.8%, 54.8%, 60.0%, 54.0%]",,,,
11,parallel,30,30,0.143427647,1.213972055,1.353084929,0.000111111,50.03333333,"[41.2%, 49.6%, 42.0%, 38.8%, 54.2%, 47.4%, 52.8%, 55.8%, 51.8%, 54.8%, 60.0%, 52.0%]",,,,
11,parallel,31,31,0.135750786,1.347987453,1.325196162,0.000111111,50.03333333,"[41.2%, 49.6%, 42.0%, 38.8%, 54.2%, 47.4%, 52.8%, 55.8%, 51.8%, 54.8%, 60.0%, 52.0%]",,,,
11,parallel,32,32,0.128395575,1.311718657,1.355428375,0.000111111,50.13333333,"[41.2%, 49.6%, 42.0%, 38.8%, 54.2%, 47.4%, 52.8%, 55.8%, 51.8%, 54.8%, 60.0%, 53.2%]",,,,
11,parallel,33,33,0.121362014,1.343882911,1.286845058,0.000111111,50.33333333,"[41.2%, 49.6%, 42.0%, 38.8%, 54.2%, 47.4%, 52.8%, 55.8%, 51.8%, 54.8%, 60.0%, 55.6%]",,,,
11,parallel,34,34,0.114650104,1.323267721,1.310310766,0.000111111,50.35,"[41.2%, 49.6%, 42.0%, 38.8%, 54.2%, 47.4%, 52.8%, 55.8%, 51.8%, 54.8%, 60.0%, 55.8%]",,,,
11,parallel,35,35,0.108259845,1.45594854,1.356680207,0.000111111,50.26666667,"[41.2%, 49.6%, 42.0%, 38.8%, 54.2%, 47.4%, 52.8%, 55.8%, 51.8%, 54.8%, 60.0%, 54.8%]",,,,
11,parallel,36,36,0.102191236,1.402385313,1.366764888,0.000111111,50.11666667,"[41.2%, 49.6%, 42.0%, 38.8%, 54.2%, 47.4%, 52.8%, 55.8%, 51.8%, 54.8%, 60.0%, 53.0%]",,,,
11,parallel,37,37,0.096444277,1.37301286,1.336073302,0.000111111,50.01666667,"[41.2%, 49.6%, 42.0%, 38.8%, 54.2%, 47.4%, 52.8%, 55.8%, 51.8%, 54.8%, 60.0%, 51.8%]",,,,
11,parallel,38,38,0.091018969,1.428645387,1.349168226,0.000111111,50.13333333,"[41.2%, 49.6%, 42.0%, 38.8%, 54.2%, 47.4%, 52.8%, 55.8%, 51.8%, 54.8%, 60.0%, 53.2%]",,,,
11,parallel,39,39,0.085915312,1.471385213,1.397203341,0.000111111,50.23333333,"[41.2%, 49.6%, 42.0%, 38.8%, 54.2%, 47.4%, 52.8%, 55.8%, 51.8%, 54.8%, 60.0%, 54.4%]",,,,
11,parallel,40,40,0.081133305,1.42376532,1.403946459,0.000111111,49.98333333,"[41.2%, 49.6%, 42.0%, 38.8%, 54.2%, 47.4%, 52.8%, 55.8%, 51.8%, 54.8%, 60.0%, 51.4%]",,,,
11,parallel,41,41,0.076672949,1.550176492,1.494699806,0.000111111,49.73333333,"[41.2%, 49.6%, 42.0%, 38.8%, 54.2%, 47.4%, 52.8%, 55.8%, 51.8%, 54.8%, 60.0%, 48.4%]",,,,
11,parallel,42,42,0.072534243,1.520415538,1.504819617,0.000111111,50.03333333,"[41.2%, 49.6%, 42.0%, 38.8%, 54.2%, 47.4%, 52.8%, 55.8%, 51.8%, 54.8%, 60.0%, 52.0%]",,,,
11,parallel,43,43,0.068717187,1.585468327,1.422464117,0.000111111,50.05,"[41.2%, 49.6%, 42.0%, 38.8%, 54.2%, 47.4%, 52.8%, 55.8%, 51.8%, 54.8%, 60.0%, 52.2%]",,,,
11,parallel,44,44,0.065221783,1.513842199,1.462651268,0.000111111,49.96666667,"[41.2%, 49.6%, 42.0%, 38.8%, 54.2%, 47.4%, 52.8%, 55.8%, 51.8%, 54.8%, 60.0%, 51.2%]",,,,
11,parallel,45,45,0.062048028,1.650403631,1.686305791,0.000111111,48.91666667,"[41.2%, 49.6%, 42.0%, 38.8%, 54.2%, 47.4%, 52.8%, 55.8%, 51.8%, 54.8%, 60.0%, 38.6%]",,,,
11,parallel,46,46,0.059195925,1.588062866,1.54247801,0.000111111,49.45,"[41.2%, 49.6%, 42.0%, 38.8%, 54.2%, 47.4%, 52.8%, 55.8%, 51.8%, 54.8%, 60.0%, 45.0%]",,,,
11,parallel,47,47,0.056665472,1.561421071,1.442092672,0.000111111,49.95,"[41.2%, 49.6%, 42.0%, 38.8%, 54.2%, 47.4%, 52.8%, 55.8%, 51.8%, 54.8%, 60.0%, 51.0%]",,,,
11,parallel,48,48,0.054456669,1.60434239,1.592545897,0.000111111,49.15,"[41.2%, 49.6%, 42.0%, 38.8%, 54.2%, 47.4%, 52.8%, 55.8%, 51.8%, 54.8%, 60.0%, 41.4%]",,,,
11,parallel,49,49,0.052569517,1.580287947,1.618341729,0.000111111,49.28333333,"[41.2%, 49.6%, 42.0%, 38.8%, 54.2%, 47.4%, 52.8%, 55.8%, 51.8%, 54.8%, 60.0%, 43.0%]",,,,
11,parallel,50,50,0.051004015,1.555934497,1.522198871,0.000111111,49.38333333,"[41.2%, 49.6%, 42.0%, 38.8%, 54.2%, 47.4%, 52.8%, 55.8%, 51.8%, 54.8%, 60.0%, 44.2%]",,,,
11,parallel,51,51,0.049760164,1.574414042,1.523356333,0.000111111,49.53333333,"[41.2%, 49.6%, 42.0%, 38.8%, 54.2%, 47.4%, 52.8%, 55.8%, 51.8%, 54.8%, 60.0%, 46.0%]",,,,
11,parallel,52,52,0.048837964,1.48722954,1.44906722,0.000111111,49.8,"[41.2%, 49.6%, 42.0%, 38.8%, 54.2%, 47.4%, 52.8%, 55.8%, 51.8%, 54.8%, 60.0%, 49.2%]",,,,
11,parallel,53,53,0.048237413,1.529798717,1.485965788,0.000111111,49.78333333,"[41.2%, 49.6%, 42.0%, 38.8%, 54.2%, 47.4%, 52.8%, 55.8%, 51.8%, 54.8%, 60.0%, 49.0%]",,,,
11,parallel,54,54,0.047958514,1.481328389,1.426667728,0.000111111,49.85,"[41.2%, 49.6%, 42.0%, 38.8%, 54.2%, 47.4%, 52.8%, 55.8%, 51.8%, 54.8%, 60.0%, 49.8%]",,,,
11,parallel,55,55,0.047936842,1.457480677,1.392749384,0.000111111,50,"[41.2%, 49.6%, 42.0%, 38.8%, 54.2%, 47.4%, 52.8%, 55.8%, 51.8%, 54.8%, 60.0%, 51.6%]",,,,
11,weights,1,56,0.047936842,1.43058107,1.431778699,0.000111111,49.76666667,"[41.2%, 49.6%, 42.0%, 38.8%, 54.2%, 47.4%, 52.8%, 55.8%, 51.8%, 54.8%, 60.0%, 48.8%]",,,,
11,weights,2,57,0.047936842,1.408026482,1.397433236,0.000111111,50.13333333,"[41.2%, 49.6%, 42.0%, 38.8%, 54.2%, 47.4%, 52.8%, 55.8%, 51.8%, 54.8%, 60.0%, 53.2%]",,,,
11,weights,3,58,0.047936842,1.415410962,1.34376476,0.000111111,50.18333333,"[41.2%, 49.6%, 42.0%, 38.8%, 54.2%, 47.4%, 52.8%, 55.8%, 51.8%, 54.8%, 60.0%, 53.8%]",,,,
11,weights,4,59,0.047936842,1.380491373,1.364181362,0.000111111,49.96666667,"[41.2%, 49.6%, 42.0%, 38.8%, 54.2%, 47.4%, 52.8%, 55.8%, 51.8%, 54.8%, 60.0%, 51.2%]",,,,
11,weights,5,60,0.047936842,1.387583526,1.387022942,0.000111111,49.93333333,"[41.2%, 49.6%, 42.0%, 38.8%, 54.2%, 47.4%, 52.8%, 55.8%, 51.8%, 54.8%, 60.0%, 50.8%]",,,,
11,weights,6,61,0.047936842,1.36223485,1.368654191,0.000111111,49.98333333,"[41.2%, 49.6%, 42.0%, 38.8%, 54.2%, 47.4%, 52.8%, 55.8%, 51.8%, 54.8%, 60.0%, 51.4%]",,,,
11,weights,7,62,0.047936842,1.357281422,1.324342929,0.000111111,50.25,"[41.2%, 49.6%, 42.0%, 38.8%, 54.2%, 47.4%, 52.8%, 55.8%, 51.8%, 54.8%, 60.0%, 54.6%]",,,,
11,weights,8,63,0.047936842,1.343952133,1.306009389,0.000111111,50.21666667,"[41.2%, 49.6%, 42.0%, 38.8%, 54.2%, 47.4%, 52.8%, 55.8%, 51.8%, 54.8%, 60.0%, 54.2%]",,,,
11,weights,9,64,0.047936842,1.346102653,1.3116889,0.000111111,50.28333333,"[41.2%, 49.6%, 42.0%, 38.8%, 54.2%, 47.4%, 52.8%, 55.8%, 51.8%, 54.8%, 60.0%, 55.0%]",,,,
11,weights,10,65,0.047936842,1.35270835,1.289748974,0.000111111,50.16666667,"[41.2%, 49.6%, 42.0%, 38.8%, 54.2%, 47.4%, 52.8%, 55.8%, 51.8%, 54.8%, 60.0%, 53.6%]",,,,
11,weights,11,66,0.047936842,1.329666813,1.299860589,0.000111111,50.08333333,"[41.2%, 49.6%, 42.0%, 38.8%, 54.2%, 47.4%, 52.8%, 55.8%, 51.8%, 54.8%, 60.0%, 52.6%]",,,,
11,weights,12,67,0.047936842,1.320015236,1.274362423,0.000111111,50.35,"[41.2%, 49.6%, 42.0%, 38.8%, 54.2%, 47.4%, 52.8%, 55.8%, 51.8%, 54.8%, 60.0%, 55.8%]",,,,
11,weights,13,68,0.047936842,1.3088446,1.334437542,0.000111111,50.21666667,"[41.2%, 49.6%, 42.0%, 38.8%, 54.2%, 47.4%, 52.8%, 55.8%, 51.8%, 54.8%, 60.0%, 54.2%]",,,,
11,weights,14,69,0.047936842,1.307219379,1.332782194,0.000111111,49.96666667,"[41.2%, 49.6%, 42.0%, 38.8%, 54.2%, 47.4%, 52.8%, 55.8%, 51.8%, 54.8%, 60.0%, 51.2%]",,,,
11,weights,15,70,0.047936842,1.294854519,1.267385058,0.000111111,50.31666667,"[41.2%, 49.6%, 42.0%, 38.8%, 54.2%, 47.4%, 52.8%, 55.8%, 51.8%, 54.8%, 60.0%, 55.4%]",,,,
11,weights,16,71,0.047936842,1.281176102,1.25932242,0.000111111,50.3,"[41.2%, 49.6%, 42.0%, 38.8%, 54.2%, 47.4%, 52.8%, 55.8%, 51.8%, 54.8%, 60.0%, 55.2%]",,,,
11,weights,17,72,0.047936842,1.296464899,1.250704646,0.000111111,50.41666667,"[41.2%, 49.6%, 42.0%, 38.8%, 54.2%, 47.4%, 52.8%, 55.8%, 51.8%, 54.8%, 60.0%, 56.6%]",,,,
11,weights,18,73,0.047936842,1.283404832,1.26807645,0.000111111,50.28333333,"[41.2%, 49.6%, 42.0%, 38.8%, 54.2%, 47.4%, 52.8%, 55.8%, 51.8%, 54.8%, 60.0%, 55.0%]",,,,
11,weights,19,74,0.047936842,1.257071654,1.313115433,0.000111111,50.21666667,"[41.2%, 49.6%, 42.0%, 38.8%, 54.2%, 47.4%, 52.8%, 55.8%, 51.8%, 54.8%, 60.0%, 54.2%]",,,,
11,weights,20,75,0.047936842,1.261210299,1.311421454,0.000111111,50.18333333,"[41.2%, 49.6%, 42.0%, 38.8%, 54.2%, 47.4%, 52.8%, 55.8%, 51.8%, 54.8%, 60.0%, 53.8%]",,,,
11,weights,21,76,0.047936842,1.247135611,1.315698922,0.000111111,50.15,"[41.2%, 49.6%, 42.0%, 38.8%, 54.2%, 47.4%, 52.8%, 55.8%, 51.8%, 54.8%, 60.0%, 53.4%]",,,,
11,weights,22,77,0.047936842,1.246942766,1.264545046,0.000111111,50.28333333,"[41.2%, 49.6%, 42.0%, 38.8%, 54.2%, 47.4%, 52.8%, 55.8%, 51.8%, 54.8%, 60.0%, 55.0%]",,,,
11,weights,23,78,0.047936842,1.256810362,1.240546033,0.000111111,50.45,"[41.2%, 49.6%, 42.0%, 38.8%, 54.2%, 47.4%, 52.8%, 55.8%, 51.8%, 54.8%, 60.0%, 57.0%]",,,,
11,weights,24,79,0.047936842,1.230124173,1.237294354,0.000111111,50.4,"[41.2%, 49.6%, 42.0%, 38.8%, 54.2%, 47.4%, 52.8%, 55.8%, 51.8%, 54.8%, 60.0%, 56.4%]",,,,
11,weights,25,80,0.047936842,1.239672484,1.243916057,0.000111111,50.51666667,"[41.2%, 49.6%, 42.0%, 38.8%, 54.2%, 47.4%, 52.8%, 55.8%, 51.8%, 54.8%, 60.0%, 57.8%]",30.25,"[10.4%, 44.0%, 27.0%, 0.0%, 43.0%, 30.8%, 21.6%, 34.2%, 44.8%, 31.8%, 32.0%, 43.4%]",36.78333333,"[24.8%, 26.6%, 33.7%, 11.3%, 41.3%, 23.4%, 46%, 43.6%, 50.7%, 41.4%, 52.9%, 46.5%]"
12,parallel,1,1,0.4,17.23406291,8.614424348,0.000111111,46.47692308,"[41.0%, 49.4%, 41.8%, 39.0%, 54.0%, 47.2%, 52.8%, 55.6%, 51.8%, 54.8%, 59.4%, 57.4%, 0.0%]",,,,
12,parallel,2,2,0.4,4.437360851,2.397941381,0.000111111,47.24615385,"[41.0%, 49.2%, 42.2%, 39.0%, 54.8%, 46.6%, 52.6%, 55.2%, 51.8%, 54.8%, 59.4%, 57.6%, 10.0%]",,,,
12,parallel,3,3,0.4,2.357677245,2.338947862,0.000111111,47.23076923,"[41.0%, 49.2%, 42.2%, 39.0%, 54.8%, 46.4%, 52.6%, 55.2%, 51.8%, 54.8%, 59.4%, 57.6%, 10.0%]",,,,
12,parallel,4,4,0.4,2.333123038,2.327753156,0.000111111,47.18461538,"[41.0%, 49.2%, 42.2%, 39.0%, 54.4%, 46.2%, 52.6%, 55.4%, 51.8%, 54.8%, 59.4%, 57.4%, 10.0%]",,,,
12,parallel,5,5,0.391117205,2.332360904,2.331471562,0.000111111,47.15384615,"[41.0%, 49.0%, 42.0%, 39.0%, 54.4%, 46.2%, 52.6%, 55.4%, 51.8%, 54.8%, 59.4%, 57.4%, 10.0%]",,,,
12,parallel,6,6,0.377313024,2.353111146,2.340207011,0.000111111,47.13846154,"[41.0%, 49.0%, 41.8%, 39.0%, 54.2%, 46.2%, 52.6%, 55.4%, 51.8%, 54.8%, 59.4%, 57.6%, 10.0%]",,,,
12,parallel,7,7,0.363791327,2.353240083,2.343308061,0.000111111,47.12307692,"[41.0%, 49.0%, 41.8%, 38.8%, 54.2%, 46.2%, 52.6%, 55.4%, 51.8%, 54.8%, 59.4%, 57.6%, 10.0%]",,,,
12,parallel,8,8,0.350552114,2.343415794,2.335855812,0.000111111,47.12307692,"[41.0%, 49.0%, 41.8%, 38.8%, 54.2%, 46.2%, 52.6%, 55.4%, 51.8%, 54.8%, 59.4%, 57.6%, 10.0%]",,,,
12,parallel,9,9,0.337595386,2.334702917,2.333487898,0.000111111,47.12307692,"[41.0%, 49.0%, 41.8%, 38.8%, 54.2%, 46.2%, 52.6%, 55.4%, 51.8%, 54.8%, 59.4%, 57.6%, 10.0%]",,,,
12,parallel,10,10,0.324921142,2.342634633,2.337061644,0.000111111,47.12307692,"[41.0%, 49.0%, 41.8%, 38.8%, 54.2%, 46.2%, 52.6%, 55.4%, 51.8%, 54.8%, 59.4%, 57.6%, 10.0%]",,,,
12,parallel,11,11,0.312529382,2.287159609,2.153868675,0.000111111,47.90769231,"[41.0%, 49.0%, 41.8%, 38.8%, 54.2%, 46.2%, 52.6%, 55.4%, 51.8%, 54.8%, 59.4%, 57.6%, 20.2%]",,,,
12,parallel,12,12,0.300420106,2.142433262,2.066546857,0.000111111,48.27692308,"[41.0%, 49.0%, 41.8%, 38.8%, 54.2%, 46.2%, 52.6%, 55.4%, 51.8%, 54.8%, 59.4%, 57.6%, 25.0%]",,,,
12,parallel,13,13,0.288593315,2.029933883,1.906375572,0.000111111,48.64615385,"[41.0%, 49.0%, 41.8%, 38.8%, 54.2%, 46.2%, 52.6%, 55.4%, 51.8%, 54.8%, 59.4%, 57.6%, 29.8%]",,,,
12,parallel,14,14,0.277049008,1.887018086,1.775207266,0.000111111,49.23076923,"[41.0%, 49.0%, 41.8%, 38.8%, 54.2%, 46.2%, 52.6%, 55.4%, 51.8%, 54.8%, 59.4%, 57.6%, 37.4%]",,,,
12,parallel,15,15,0.265787185,1.760545494,1.782314487,0.000111111,48.96923077,"[41.0%, 49.0%, 41.8%, 38.8%, 54.2%, 46.2%, 52.6%, 55.4%, 51.8%, 54.8%, 59.4%, 57.6%, 34.0%]",,,,
12,parallel,16,16,0.254807846,1.740064135,1.670511752,0.000111111,49.44615385,"[41.0%, 49.0%, 41.8%, 38.8%, 54.2%, 46.2%, 52.6%, 55.4%, 51.8%, 54.8%, 59.4%, 57.6%, 40.2%]",,,,
12,parallel,17,17,0.244110991,1.67653615,1.54603602,0.000111111,49.81538462,"[41.0%, 49.0%, 41.8%, 38.8%, 54.2%, 46.2%, 52.6%, 55.4%, 51.8%, 54.8%, 59.4%, 57.6%, 45.0%]",,,,
12,parallel,18,18,0.233696621,1.627869378,1.596369445,0.000111111,49.52307692,"[41.0%, 49.0%, 41.8%, 38.8%, 54.2%, 46.2%, 52.6%, 55.4%, 51.8%, 54.8%, 59.4%, 57.6%, 41.2%]",,,,
12,parallel,19,19,0.223564734,1.578320272,1.53631895,0.000111111,49.90769231,"[41.0%, 49.0%, 41.8%, 38.8%, 54.2%, 46.2%, 52.6%, 55.4%, 51.8%, 54.8%, 59.4%, 57.6%, 46.2%]",,,,
12,parallel,20,20,0.213715332,1.563563546,1.534915701,0.000111111,49.87692308,"[41.0%, 49.0%, 41.8%, 38.8%, 54.2%, 46.2%, 52.6%, 55.4%, 51.8%, 54.8%, 59.4%, 57.6%, 45.8%]",,,,
12,parallel,21,21,0.204148415,1.51755143,1.594503962,0.000111111,49.72307692,"[41.0%, 49.0%, 41.8%, 38.8%, 54.2%, 46.2%, 52.6%, 55.4%, 51.8%, 54.8%, 59.4%, 57.6%, 43.8%]",,,,
12,parallel,22,22,0.194863981,1.546637598,1.435187839,0.000111111,50.09230769,"[41.0%, 49.0%, 41.8%, 38.8%, 54.2%, 46.2%, 52.6%, 55.4%, 51.8%, 54.8%, 59.4%, 57.6%, 48.6%]",,,,
12,parallel,23,23,0.185862032,1.518372329,1.433690727,0.000111111,50.21538462,"[41.0%, 49.0%, 41.8%, 38.8%, 54.2%, 46.2%, 52.6%, 55.4%, 51.8%, 54.8%, 59.4%, 57.6%, 50.2%]",,,,
12,parallel,24,24,0.177142567,1.520998434,1.461285174,0.000111111,50.29230769,"[41.0%, 49.0%, 41.8%, 38.8%, 54.2%, 46.2%, 52.6%, 55.4%, 51.8%, 54.8%, 59.4%, 57.6%, 51.2%]",,,,
12,parallel,25,25,0.168705586,1.466330248,1.476647891,0.000111111,50.26153846,"[41.0%, 49.0%, 41.8%, 38.8%, 54.2%, 46.2%, 52.6%, 55.4%, 51.8%, 54.8%, 59.4%, 57.6%, 50.8%]",,,,
12,parallel,26,26,0.160551089,1.456077536,1.452749558,0.000111111,50.12307692,"[41.0%, 49.0%, 41.8%, 38.8%, 54.2%, 46.2%, 52.6%, 55.4%, 51.8%, 54.8%, 59.4%, 57.6%, 49.0%]",,,,
12,parallel,27,27,0.152679076,1.49017509,1.417276673,0.000111111,50.18461538,"[41.0%, 49.0%, 41.8%, 38.8%, 54.2%, 46.2%, 52.6%, 55.4%, 51.8%, 54.8%, 59.4%, 57.6%, 49.8%]",,,,
12,parallel,28,28,0.145089548,1.465432077,1.351042114,0.000111111,50.44615385,"[41.0%, 49.0%, 41.8%, 38.8%, 54.2%, 46.2%, 52.6%, 55.4%, 51.8%, 54.8%, 59.4%, 57.6%, 53.2%]",,,,
12,parallel,29,29,0.137782504,1.511120651,1.454101853,0.000111111,50.04615385,"[41.0%, 49.0%, 41.8%, 38.8%, 54.2%, 46.2%, 52.6%, 55.4%, 51.8%, 54.8%, 59.4%, 57.6%, 48.0%]",,,,
12,parallel,30,30,0.130757944,1.535981993,1.363807477,0.000111111,50.47692308,"[41.0%, 49.0%, 41.8%, 38.8%, 54.2%, 46.2%, 52.6%, 55.4%, 51.8%, 54.8%, 59.4%, 57.6%, 53.6%]",,,,
12,parallel,31,31,0.124015868,1.493229483,1.482063487,0.000111111,50.10769231,"[41.0%, 49.0%, 41.8%, 38.8%, 54.2%, 46.2%, 52.6%, 55.4%, 51.8%, 54.8%, 59.4%, 57.6%, 48.8%]",,,,
12,parallel,32,32,0.117556277,1.483831071,1.491869606,0.000111111,50.16923077,"[41.0%, 49.0%, 41.8%, 38.8%, 54.2%, 46.2%, 52.6%, 55.4%, 51.8%, 54.8%, 59.4%, 57.6%, 49.6%]",,,,
12,parallel,33,33,0.11137917,1.475509337,1.426724017,0.000111111,50.13846154,"[41.0%, 49.0%, 41.8%, 38.8%, 54.2%, 46.2%, 52.6%, 55.4%, 51.8%, 54.8%, 59.4%, 57.6%, 49.2%]",,,,
12,parallel,34,34,0.105484547,1.597020471,1.479843296,0.000111111,50.06153846,"[41.0%, 49.0%, 41.8%, 38.8%, 54.2%, 46.2%, 52.6%, 55.4%, 51.8%, 54.8%, 59.4%, 57.6%, 48.2%]",,,,
12,parallel,35,35,0.099872408,1.56948256,1.5203325,0.000111111,49.98461538,"[41.0%, 49.0%, 41.8%, 38.8%, 54.2%, 46.2%, 52.6%, 55.4%, 51.8%, 54.8%, 59.4%, 57.6%, 47.2%]",,,,
12,parallel,36,36,0.094542753,1.528091895,1.461984389,0.000111111,50.35384615,"[41.0%, 49.0%, 41.8%, 38.8%, 54.2%, 46.2%, 52.6%, 55.4%, 51.8%, 54.8%, 59.4%, 57.6%, 52.0%]",,,,
12,parallel,37,37,0.089495583,1.746443045,1.571703121,0.000111111,49.92307692,"[41.0%, 49.0%, 41.8%, 38.8%, 54.2%, 46.2%, 52.6%, 55.4%, 51.8%, 54.8%, 59.4%, 57.6%, 46.4%]",,,,
12,parallel,38,38,0.084730897,1.640130508,1.534596838,0.000111111,49.92307692,"[41.0%, 49.0%, 41.8%, 38.8%, 54.2%, 46.2%, 52.6%, 55.4%, 51.8%, 54.8%, 59.4%, 57.6%, 46.4%]",,,,
12,parallel,39,39,0.080248695,1.594212641,1.49289684,0.000111111,50.06153846,"[41.0%, 49.0%, 41.8%, 38.8%, 54.2%, 46.2%, 52.6%, 55.4%, 51.8%, 54.8%, 59.4%, 57.6%, 48.2%]",,,,
12,parallel,40,40,0.076048977,1.741001935,1.63826248,0.000111111,49.73846154,"[41.0%, 49.0%, 41.8%, 38.8%, 54.2%, 46.2%, 52.6%, 55.4%, 51.8%, 54.8%, 59.4%, 57.6%, 44.0%]",,,,
12,parallel,41,41,0.072131743,1.725096623,1.644530863,0.000111111,49.53846154,"[41.0%, 49.0%, 41.8%, 38.8%, 54.2%, 46.2%, 52.6%, 55.4%, 51.8%, 54.8%, 59.4%, 57.6%, 41.4%]",,,,
12,parallel,42,42,0.068496994,1.712959249,1.603876084,0.000111111,49.55384615,"[41.0%, 49.0%, 41.8%, 38.8%, 54.2%, 46.2%, 52.6%, 55.4%, 51.8%, 54.8%, 59.4%, 57.6%, 41.6%]",,,,
12,parallel,43,43,0.065144729,1.651061585,1.578269854,0.000111111,49.8,"[41.0%, 49.0%, 41.8%, 38.8%, 54.2%, 46.2%, 52.6%, 55.4%, 51.8%, 54.8%, 59.4%, 57.6%, 44.8%]",,,,
12,parallel,44,44,0.062074948,1.886502682,1.844084799,0.000111111,49.2,"[41.0%, 49.0%, 41.8%, 38.8%, 54.2%, 46.2%, 52.6%, 55.4%, 51.8%, 54.8%, 59.4%, 57.6%, 37.0%]",,,,
12,parallel,45,45,0.059287651,1.828005579,1.686396897,0.000111111,49.47692308,"[41.0%, 49.0%, 41.8%, 38.8%, 54.2%, 46.2%, 52.6%, 55.4%, 51.8%, 54.8%, 59.4%, 57.6%, 40.6%]",,,,
12,parallel,46,46,0.056782838,1.831497757,1.680355087,0.000111111,49.64615385,"[41.0%, 49.0%, 41.8%, 38.8%, 54.2%, 46.2%, 52.6%, 55.4%, 51.8%, 54.8%, 59.4%, 57.6%, 42.8%]",,,,
12,parallel,47,47,0.05456051,1.778160044,1.715891436,0.000111111,49.64615385,"[41.0%, 49.0%, 41.8%, 38.8%, 54.2%, 46.2%, 52.6%, 55.4%, 51.8%, 54.8%, 59.4%, 57.6%, 42.8%]",,,,
12,parallel,48,48,0.052620666,1.770652225,1.811706975,0.000111111,49.23076923,"[41.0%, 49.0%, 41.8%, 38.8%, 54.2%, 46.2%, 52.6%, 55.4%, 51.8%, 54.8%, 59.4%, 57.6%, 37.4%]",,,,
12,parallel,49,49,0.050963306,1.723046064,1.674977317,0.000111111,49.70769231,"[41.0%, 49.0%, 41.8%, 38.8%, 54.2%, 46.2%, 52.6%, 55.4%, 51.8%, 54.8%, 59.4%, 57.6%, 43.6%]",,,,
12,parallel,50,50,0.04958843,1.774042849,1.689426333,0.000111111,49.58461538,"[41.0%, 49.0%, 41.8%, 38.8%, 54.2%, 46.2%, 52.6%, 55.4%, 51.8%, 54.8%, 59.4%, 57.6%, 42.0%]",,,,
12,parallel,51,51,0.048496039,1.681865697,1.660203308,0.000111111,49.8,"[41.0%, 49.0%, 41.8%, 38.8%, 54.2%, 46.2%, 52.6%, 55.4%, 51.8%, 54.8%, 59.4%, 57.6%, 44.8%]",,,,
12,parallel,52,52,0.047686132,1.645150317,1.576447174,0.000111111,49.89230769,"[41.0%, 49.0%, 41.8%, 38.8%, 54.2%, 46.2%, 52.6%, 55.4%, 51.8%, 54.8%, 59.4%, 57.6%, 46.0%]",,,,
12,parallel,53,53,0.047158709,1.599276725,1.575710468,0.000111111,49.78461538,"[41.0%, 49.0%, 41.8%, 38.8%, 54.2%, 46.2%, 52.6%, 55.4%, 51.8%, 54.8%, 59.4%, 57.6%, 44.6%]",,,,
12,parallel,54,54,0.04691377,1.575483505,1.551796347,0.000111111,49.84615385,"[41.0%, 49.0%, 41.8%, 38.8%, 54.2%, 46.2%, 52.6%, 55.4%, 51.8%, 54.8%, 59.4%, 57.6%, 45.4%]",,,,
12,parallel,55,55,0.046894737,1.566769849,1.512663335,0.000111111,50.03076923,"[41.0%, 49.0%, 41.8%, 38.8%, 54.2%, 46.2%, 52.6%, 55.4%, 51.8%, 54.8%, 59.4%, 57.6%, 47.8%]",,,,
12,weights,1,56,0.046894737,1.553667776,1.504323095,0.000111111,50.01538462,"[41.0%, 49.0%, 41.8%, 38.8%, 54.2%, 46.2%, 52.6%, 55.4%, 51.8%, 54.8%, 59.4%, 57.6%, 47.6%]",,,,
12,weights,2,57,0.046894737,1.539689496,1.48761607,0.000111111,50.12307692,"[41.0%, 49.0%, 41.8%, 38.8%, 54.2%, 46.2%, 52.6%, 55.4%, 51.8%, 54.8%, 59.4%, 57.6%, 49.0%]",,,,
12,weights,3,58,0.046894737,1.531327815,1.497934364,0.000111111,50.07692308,"[41.0%, 49.0%, 41.8%, 38.8%, 54.2%, 46.2%, 52.6%, 55.4%, 51.8%, 54.8%, 59.4%, 57.6%, 48.4%]",,,,
12,weights,4,59,0.046894737,1.500099114,1.522198528,0.000111111,49.89230769,"[41.0%, 49.0%, 41.8%, 38.8%, 54.2%, 46.2%, 52.6%, 55.4%, 51.8%, 54.8%, 59.4%, 57.6%, 46.0%]",,,,
12,weights,5,60,0.046894737,1.514671054,1.468031697,0.000111111,50.10769231,"[41.0%, 49.0%, 41.8%, 38.8%, 54.2%, 46.2%, 52.6%, 55.4%, 51.8%, 54.8%, 59.4%, 57.6%, 48.8%]",,,,
12,weights,6,61,0.046894737,1.507118346,1.442024596,0.000111111,50.15384615,"[41.0%, 49.0%, 41.8%, 38.8%, 54.2%, 46.2%, 52.6%, 55.4%, 51.8%, 54.8%, 59.4%, 57.6%, 49.4%]",,,,
12,weights,7,62,0.046894737,1.504941722,1.476277336,0.000111111,50.26153846,"[41.0%, 49.0%, 41.8%, 38.8%, 54.2%, 46.2%, 52.6%, 55.4%, 51.8%, 54.8%, 59.4%, 57.6%, 50.8%]",,,,
12,weights,8,63,0.046894737,1.484590304,1.489325374,0.000111111,50.26153846,"[41.0%, 49.0%, 41.8%, 38.8%, 54.2%, 46.2%, 52.6%, 55.4%, 51.8%, 54.8%, 59.4%, 57.6%, 50.8%]",,,,
12,weights,9,64,0.046894737,1.493551727,1.502952501,0.000111111,50.13846154,"[41.0%, 49.0%, 41.8%, 38.8%, 54.2%, 46.2%, 52.6%, 55.4%, 51.8%, 54.8%, 59.4%, 57.6%, 49.2%]",,,,
12,weights,10,65,0.046894737,1.454209918,1.419688173,0.000111111,50.32307692,"[41.0%, 49.0%, 41.8%, 38.8%, 54.2%, 46.2%, 52.6%, 55.4%, 51.8%, 54.8%, 59.4%, 57.6%, 51.6%]",,,,
12,weights,11,66,0.046894737,1.445802091,1.449898824,0.000111111,50.18461538,"[41.0%, 49.0%, 41.8%, 38.8%, 54.2%, 46.2%, 52.6%, 55.4%, 51.8%, 54.8%, 59.4%, 57.6%, 49.8%]",,,,
12,weights,12,67,0.046894737,1.456695137,1.46316161,0.000111111,50.2,"[41.0%, 49.0%, 41.8%, 38.8%, 54.2%, 46.2%, 52.6%, 55.4%, 51.8%, 54.8%, 59.4%, 57.6%, 50.0%]",,,,
12,weights,13,68,0.046894737,1.455363194,1.394389763,0.000111111,50.35384615,"[41.0%, 49.0%, 41.8%, 38.8%, 54.2%, 46.2%, 52.6%, 55.4%, 51.8%, 54.8%, 59.4%, 57.6%, 52.0%]",,,,
12,weights,14,69,0.046894737,1.452206944,1.415006496,0.000111111,50.27692308,"[41.0%, 49.0%, 41.8%, 38.8%, 54.2%, 46.2%, 52.6%, 55.4%, 51.8%, 54.8%, 59.4%, 57.6%, 51.0%]",,,,
12,weights,15,70,0.046894737,1.437393353,1.464052849,0.000111111,50.13846154,"[41.0%, 49.0%, 41.8%, 38.8%, 54.2%, 46.2%, 52.6%, 55.4%, 51.8%, 54.8%, 59.4%, 57.6%, 49.2%]",,,,
12,weights,16,71,0.046894737,1.444785495,1.50440599,0.000111111,50.12307692,"[41.0%, 49.0%, 41.8%, 38.8%, 54.2%, 46.2%, 52.6%, 55.4%, 51.8%, 54.8%, 59.4%, 57.6%, 49.0%]",,,,
12,weights,17,72,0.046894737,1.427173145,1.446289845,0.000111111,50.04615385,"[41.0%, 49.0%, 41.8%, 38.8%, 54.2%, 46.2%, 52.6%, 55.4%, 51.8%, 54.8%, 59.4%, 57.6%, 48.0%]",,,,
12,weights,18,73,0.046894737,1.427743035,1.418114416,0.000111111,50.33846154,"[41.0%, 49.0%, 41.8%, 38.8%, 54.2%, 46.2%, 52.6%, 55.4%, 51.8%, 54.8%, 59.4%, 57.6%, 51.8%]",,,,
12,weights,19,74,0.046894737,1.411089935,1.436910287,0.000111111,50.15384615,"[41.0%, 49.0%, 41.8%, 38.8%, 54.2%, 46.2%, 52.6%, 55.4%, 51.8%, 54.8%, 59.4%, 57.6%, 49.4%]",,,,
12,weights,20,75,0.046894737,1.423933723,1.456767045,0.000111111,50.18461538,"[41.0%, 49.0%, 41.8%, 38.8%, 54.2%, 46.2%, 52.6%, 55.4%, 51.8%, 54.8%, 59.4%, 57.6%, 49.8%]",,,,
12,weights,21,76,0.046894737,1.410714509,1.425484143,0.000111111,50.30769231,"[41.0%, 49.0%, 41.8%, 38.8%, 54.2%, 46.2%, 52.6%, 55.4%, 51.8%, 54.8%, 59.4%, 57.6%, 51.4%]",,,,
12,weights,22,77,0.046894737,1.396159308,1.386038639,0.000111111,50.33846154,"[41.0%, 49.0%, 41.8%, 38.8%, 54.2%, 46.2%, 52.6%, 55.4%, 51.8%, 54.8%, 59.4%, 57.6%, 51.8%]",,,,
12,weights,23,78,0.046894737,1.377195926,1.41434487,0.000111111,50.33846154,"[41.0%, 49.0%, 41.8%, 38.8%, 54.2%, 46.2%, 52.6%, 55.4%, 51.8%, 54.8%, 59.4%, 57.6%, 51.8%]",,,,
12,weights,24,79,0.046894737,1.391156818,1.378376245,0.000111111,50.26153846,"[41.0%, 49.0%, 41.8%, 38.8%, 54.2%, 46.2%, 52.6%, 55.4%, 51.8%, 54.8%, 59.4%, 57.6%, 50.8%]",,,,
12,weights,25,80,0.046894737,1.378148569,1.394770339,0.000111111,50.29230769,"[41.0%, 49.0%, 41.8%, 38.8%, 54.2%, 46.2%, 52.6%, 55.4%, 51.8%, 54.8%, 59.4%, 57.6%, 51.2%]",27.03076923,"[10.4%, 37.8%, 27.2%, 0.0%, 36.2%, 30.2%, 21.4%, 27.8%, 44.8%, 25.4%, 24.0%, 35.4%, 30.8%]",36.17692308,"[29.8%, 33.6%, 34.4%, 11.1%, 34.3%, 22.8%, 38.6%, 44.8%, 44.8%, 39.5%, 51.7%, 46.1%, 39.1%]"
13,parallel,1,1,0.35,19.5936255,10.97350538,0.000111111,46.74285714,"[41.0%, 49.2%, 42.0%, 38.2%, 54.8%, 46.0%, 52.2%, 55.8%, 51.8%, 54.4%, 60.8%, 57.6%, 50.6%, 0.0%]",,,,
13,parallel,2,2,0.35,6.243851625,2.617276192,0.000111111,47.35714286,"[41.0%, 49.4%, 42.0%, 37.6%, 55.0%, 46.0%, 51.8%, 55.6%, 52.0%, 54.2%, 60.4%, 57.4%, 50.6%, 10.0%]",,,,
13,parallel,3,3,0.35,2.403942105,2.348640352,0.000111111,47.37142857,"[41.0%, 49.4%, 42.2%, 37.8%, 55.0%, 46.0%, 51.8%, 55.4%, 51.8%, 54.4%, 60.4%, 57.4%, 50.6%, 10.0%]",,,,
13,parallel,4,4,0.35,2.336771126,2.339283019,0.000111111,47.4,"[41.0%, 49.4%, 42.2%, 37.8%, 55.0%, 46.0%, 51.8%, 55.6%, 51.8%, 54.6%, 60.4%, 57.4%, 50.6%, 10.0%]",,,,
13,parallel,5,5,0.3423488,2.343747706,2.342760056,0.000111111,47.42857143,"[41.0%, 49.6%, 42.2%, 37.8%, 55.0%, 46.0%, 51.8%, 55.8%, 51.8%, 54.6%, 60.4%, 57.4%, 50.6%, 10.0%]",,,,
13,parallel,6,6,0.330458563,2.396983488,2.346313298,0.000111111,47.37142857,"[41.0%, 49.4%, 42.2%, 37.6%, 54.8%, 46.0%, 51.8%, 55.6%, 51.8%, 54.6%, 60.4%, 57.4%, 50.6%, 10.0%]",,,,
13,parallel,7,7,0.318811644,2.390418354,2.349531144,0.000111111,47.37142857,"[41.0%, 49.4%, 42.2%, 37.6%, 54.8%, 46.0%, 51.8%, 55.6%, 51.8%, 54.6%, 60.4%, 57.4%, 50.6%, 10.0%]",,,,
13,parallel,8,8,0.307408043,2.362872926,2.335372448,0.000111111,47.37142857,"[41.0%, 49.4%, 42.2%, 37.6%, 54.8%, 46.0%, 51.8%, 55.6%, 51.8%, 54.6%, 60.4%, 57.4%, 50.6%, 10.0%]",,,,
13,parallel,9,9,0.296247759,2.366113817,2.337112933,0.000111111,47.37142857,"[41.0%, 49.4%, 42.2%, 37.6%, 54.8%, 46.0%, 51.8%, 55.6%, 51.8%, 54.6%, 60.4%, 57.4%, 50.6%, 10.0%]",,,,
13,parallel,10,10,0.285330794,2.352619862,2.350993842,0.000111111,47.37142857,"[41.0%, 49.4%, 42.2%, 37.6%, 54.8%, 46.0%, 51.8%, 55.6%, 51.8%, 54.6%, 60.4%, 57.4%, 50.6%, 10.0%]",,,,
13,parallel,11,11,0.274657146,2.341790963,2.328525722,0.000111111,47.37142857,"[41.0%, 49.4%, 42.2%, 37.6%, 54.8%, 46.0%, 51.8%, 55.6%, 51.8%, 54.6%, 60.4%, 57.4%, 50.6%, 10.0%]",,,,
13,parallel,12,12,0.264226816,2.318478427,2.297837675,0.000111111,47.65714286,"[41.0%, 49.4%, 42.2%, 37.6%, 54.8%, 46.0%, 51.8%, 55.6%, 51.8%, 54.6%, 60.4%, 57.4%, 50.6%, 14.0%]",,,,
13,parallel,13,13,0.254039804,2.218953617,2.224393502,0.000111111,48.04285714,"[41.0%, 49.4%, 42.2%, 37.6%, 54.8%, 46.0%, 51.8%, 55.6%, 51.8%, 54.6%, 60.4%, 57.4%, 50.6%, 19.4%]",,,,
13,parallel,14,14,0.24409611,2.115498163,2.12418063,0.000111111,48.27142857,"[41.0%, 49.4%, 42.2%, 37.6%, 54.8%, 46.0%, 51.8%, 55.6%, 51.8%, 54.6%, 60.4%, 57.4%, 50.6%, 22.6%]",,,,
13,parallel,15,15,0.234395734,2.011329533,1.996878654,0.000111111,48.62857143,"[41.0%, 49.4%, 42.2%, 37.6%, 54.8%, 46.0%, 51.8%, 55.6%, 51.8%, 54.6%, 60.4%, 57.4%, 50.6%, 27.6%]",,,,
13,parallel,16,16,0.224938676,1.988827124,1.895727828,0.000111111,49.04285714,"[41.0%, 49.4%, 42.2%, 37.6%, 54.8%, 46.0%, 51.8%, 55.6%, 51.8%, 54.6%, 60.4%, 57.4%, 50.6%, 33.4%]",,,,
13,parallel,17,17,0.215724936,1.898646177,1.842380136,0.000111111,49.11428571,"[41.0%, 49.4%, 42.2%, 37.6%, 54.8%, 46.0%, 51.8%, 55.6%, 51.8%, 54.6%, 60.4%, 57.4%, 50.6%, 34.4%]",,,,
13,parallel,18,18,0.206754514,1.841815911,1.817978837,0.000111111,49.17142857,"[41.0%, 49.4%, 42.2%, 37.6%, 54.8%, 46.0%, 51.8%, 55.6%, 51.8%, 54.6%, 60.4%, 57.4%, 50.6%, 35.2%]",,,,
13,parallel,19,19,0.198027409,1.807295651,1.777400732,0.000111111,49.4,"[41.0%, 49.4%, 42.2%, 37.6%, 54.8%, 46.0%, 51.8%, 55.6%, 51.8%, 54.6%, 60.4%, 57.4%, 50.6%, 38.4%]",,,,
13,parallel,20,20,0.189543622,1.801958929,1.763387635,0.000111111,49.42857143,"[41.0%, 49.4%, 42.2%, 37.6%, 54.8%, 46.0%, 51.8%, 55.6%, 51.8%, 54.6%, 60.4%, 57.4%, 50.6%, 38.8%]",,,,
13,parallel,21,21,0.181303154,1.789844688,1.742184572,0.000111111,49.58571429,"[41.0%, 49.4%, 42.2%, 37.6%, 54.8%, 46.0%, 51.8%, 55.6%, 51.8%, 54.6%, 60.4%, 57.4%, 50.6%, 41.0%]",,,,
13,parallel,22,22,0.173306003,1.745786333,1.709413223,0.000111111,49.52857143,"[41.0%, 49.4%, 42.2%, 37.6%, 54.8%, 46.0%, 51.8%, 55.6%, 51.8%, 54.6%, 60.4%, 57.4%, 50.6%, 40.2%]",,,,
13,parallel,23,23,0.16555217,1.755692723,1.743878528,0.000111111,49.52857143,"[41.0%, 49.4%, 42.2%, 37.6%, 54.8%, 46.0%, 51.8%, 55.6%, 51.8%, 54.6%, 60.4%, 57.4%, 50.6%, 40.2%]",,,,
13,parallel,24,24,0.158041655,1.75497458,1.718037099,0.000111111,49.68571429,"[41.0%, 49.4%, 42.2%, 37.6%, 54.8%, 46.0%, 51.8%, 55.6%, 51.8%, 54.6%, 60.4%, 57.4%, 50.6%, 42.4%]",,,,
13,parallel,25,25,0.150774458,1.797540168,1.772525981,0.000111111,49.34285714,"[41.0%, 49.4%, 42.2%, 37.6%, 54.8%, 46.0%, 51.8%, 55.6%, 51.8%, 54.6%, 60.4%, 57.4%, 50.6%, 37.6%]",,,,
13,parallel,26,26,0.143750579,1.777125656,1.727276191,0.000111111,49.54285714,"[41.0%, 49.4%, 42.2%, 37.6%, 54.8%, 46.0%, 51.8%, 55.6%, 51.8%, 54.6%, 60.4%, 57.4%, 50.6%, 40.4%]",,,,
13,parallel,27,27,0.136970017,1.795970174,1.737270579,0.000111111,49.24285714,"[41.0%, 49.4%, 42.2%, 37.6%, 54.8%, 46.0%, 51.8%, 55.6%, 51.8%, 54.6%, 60.4%, 57.4%, 50.6%, 36.2%]",,,,
13,parallel,28,28,0.130432774,1.759871967,1.817824326,0.000111111,49.22857143,"[41.0%, 49.4%, 42.2%, 37.6%, 54.8%, 46.0%, 51.8%, 55.6%, 51.8%, 54.6%, 60.4%, 57.4%, 50.6%, 36.0%]",,,,
13,parallel,29,29,0.124138848,1.762346659,1.690125838,0.000111111,49.61428571,"[41.0%, 49.4%, 42.2%, 37.6%, 54.8%, 46.0%, 51.8%, 55.6%, 51.8%, 54.6%, 60.4%, 57.4%, 50.6%, 41.4%]",,,,
13,parallel,30,30,0.118088241,1.739512438,1.663171604,0.000111111,49.78571429,"[41.0%, 49.4%, 42.2%, 37.6%, 54.8%, 46.0%, 51.8%, 55.6%, 51.8%, 54.6%, 60.4%, 57.4%, 50.6%, 43.8%]",,,,
13,parallel,31,31,0.112280951,1.73241066,1.705571584,0.000111111,49.62857143,"[41.0%, 49.4%, 42.2%, 37.6%, 54.8%, 46.0%, 51.8%, 55.6%, 51.8%, 54.6%, 60.4%, 57.4%, 50.6%, 41.6%]",,,,
13,parallel,32,32,0.106716979,1.83990058,1.741846085,0.000111111,49.6,"[41.0%, 49.4%, 42.2%, 37.6%, 54.8%, 46.0%, 51.8%, 55.6%, 51.8%, 54.6%, 60.4%, 57.4%, 50.6%, 41.2%]",,,,
13,parallel,33,33,0.101396325,1.775023279,1.733876869,0.000111111,49.42857143,"[41.0%, 49.4%, 42.2%, 37.6%, 54.8%, 46.0%, 51.8%, 55.6%, 51.8%, 54.6%, 60.4%, 57.4%, 50.6%, 38.8%]",,,,
13,parallel,34,34,0.096318989,1.738890452,1.698282257,0.000111111,49.38571429,"[41.0%, 49.4%, 42.2%, 37.6%, 54.8%, 46.0%, 51.8%, 55.6%, 51.8%, 54.6%, 60.4%, 57.4%, 50.6%, 38.2%]",,,,
13,parallel,35,35,0.091484971,1.800642518,1.769390538,0.000111111,49.24285714,"[41.0%, 49.4%, 42.2%, 37.6%, 54.8%, 46.0%, 51.8%, 55.6%, 51.8%, 54.6%, 60.4%, 57.4%, 50.6%, 36.2%]",,,,
13,parallel,36,36,0.086894271,1.789802274,1.76437591,0.000111111,49.51428571,"[41.0%, 49.4%, 42.2%, 37.6%, 54.8%, 46.0%, 51.8%, 55.6%, 51.8%, 54.6%, 60.4%, 57.4%, 50.6%, 40.0%]",,,,
13,parallel,37,37,0.082546888,1.897859024,1.743743733,0.000111111,49.58571429,"[41.0%, 49.4%, 42.2%, 37.6%, 54.8%, 46.0%, 51.8%, 55.6%, 51.8%, 54.6%, 60.4%, 57.4%, 50.6%, 41.0%]",,,,
13,parallel,38,38,0.078442824,1.777803088,1.742865004,0.000111111,49.51428571,"[41.0%, 49.4%, 42.2%, 37.6%, 54.8%, 46.0%, 51.8%, 55.6%, 51.8%, 54.6%, 60.4%, 57.4%, 50.6%, 40.0%]",,,,
13,parallel,39,39,0.074582077,1.921915884,1.821437404,0.000111111,49.28571429,"[41.0%, 49.4%, 42.2%, 37.6%, 54.8%, 46.0%, 51.8%, 55.6%, 51.8%, 54.6%, 60.4%, 57.4%, 50.6%, 36.8%]",,,,
13,parallel,40,40,0.070964648,1.836173933,1.806347892,0.000111111,49.21428571,"[41.0%, 49.4%, 42.2%, 37.6%, 54.8%, 46.0%, 51.8%, 55.6%, 51.8%, 54.6%, 60.4%, 57.4%, 50.6%, 35.8%]",,,,
13,parallel,41,41,0.067590538,1.841041322,1.803008214,0.000111111,49.28571429,"[41.0%, 49.4%, 42.2%, 37.6%, 54.8%, 46.0%, 51.8%, 55.6%, 51.8%, 54.6%, 60.4%, 57.4%, 50.6%, 36.8%]",,,,
13,parallel,42,42,0.064459745,1.778268893,1.760896988,0.000111111,49.51428571,"[41.0%, 49.4%, 42.2%, 37.6%, 54.8%, 46.0%, 51.8%, 55.6%, 51.8%, 54.6%, 60.4%, 57.4%, 50.6%, 40.0%]",,,,
13,parallel,43,43,0.06157227,1.992058194,1.988750219,0.000111111,48.88571429,"[41.0%, 49.4%, 42.2%, 37.6%, 54.8%, 46.0%, 51.8%, 55.6%, 51.8%, 54.6%, 60.4%, 57.4%, 50.6%, 31.2%]",,,,
13,parallel,44,44,0.058928113,1.92514859,1.85860011,0.000111111,49.34285714,"[41.0%, 49.4%, 42.2%, 37.6%, 54.8%, 46.0%, 51.8%, 55.6%, 51.8%, 54.6%, 60.4%, 57.4%, 50.6%, 37.6%]",,,,
13,parallel,45,45,0.056527273,1.909412822,1.833457351,0.000111111,49.41428571,"[41.0%, 49.4%, 42.2%, 37.6%, 54.8%, 46.0%, 51.8%, 55.6%, 51.8%, 54.6%, 60.4%, 57.4%, 50.6%, 38.6%]",,,,
13,parallel,46,46,0.054369752,1.906185112,1.927073181,0.000111111,48.97142857,"[41.0%, 49.4%, 42.2%, 37.6%, 54.8%, 46.0%, 51.8%, 55.6%, 51.8%, 54.6%, 60.4%, 57.4%, 50.6%, 32.4%]",,,,
13,parallel,47,47,0.052455549,1.873741182,1.859287307,0.000111111,49.17142857,"[41.0%, 49.4%, 42.2%, 37.6%, 54.8%, 46.0%, 51.8%, 55.6%, 51.8%, 54.6%, 60.4%, 57.4%, 50.6%, 35.2%]",,,,
13,parallel,48,48,0.050784663,1.842523791,1.828094795,0.000111111,49.31428571,"[41.0%, 49.4%, 42.2%, 37.6%, 54.8%, 46.0%, 51.8%, 55.6%, 51.8%, 54.6%, 60.4%, 57.4%, 50.6%, 37.2%]",,,,
13,parallel,49,49,0.049357095,1.898192576,1.864853263,0.000111111,49,"[41.0%, 49.4%, 42.2%, 37.6%, 54.8%, 46.0%, 51.8%, 55.6%, 51.8%, 54.6%, 60.4%, 57.4%, 50.6%, 32.8%]",,,,
13,parallel,50,50,0.048172846,1.858273701,1.832774848,0.000111111,49.24285714,"[41.0%, 49.4%, 42.2%, 37.6%, 54.8%, 46.0%, 51.8%, 55.6%, 51.8%, 54.6%, 60.4%, 57.4%, 50.6%, 36.2%]",,,,
13,parallel,51,51,0.047231914,1.82663602,1.798887275,0.000111111,49.4,"[41.0%, 49.4%, 42.2%, 37.6%, 54.8%, 46.0%, 51.8%, 55.6%, 51.8%, 54.6%, 60.4%, 57.4%, 50.6%, 38.4%]",,,,
13,parallel,52,52,0.0465343,2.210749978,2.122953221,0.000111111,48.58571429,"[41.0%, 49.4%, 42.2%, 37.6%, 54.8%, 46.0%, 51.8%, 55.6%, 51.8%, 54.6%, 60.4%, 57.4%, 50.6%, 27.0%]",,,,
13,parallel,53,53,0.046080004,2.096492444,2.041971058,0.000111111,48.62857143,"[41.0%, 49.4%, 42.2%, 37.6%, 54.8%, 46.0%, 51.8%, 55.6%, 51.8%, 54.6%, 60.4%, 57.4%, 50.6%, 27.6%]",,,,
13,parallel,54,54,0.045869026,2.028024924,1.977397591,0.000111111,48.87142857,"[41.0%, 49.4%, 42.2%, 37.6%, 54.8%, 46.0%, 51.8%, 55.6%, 51.8%, 54.6%, 60.4%, 57.4%, 50.6%, 31.0%]",,,,
13,parallel,55,55,0.045852632,1.984332255,1.938703224,0.000111111,48.95714286,"[41.0%, 49.4%, 42.2%, 37.6%, 54.8%, 46.0%, 51.8%, 55.6%, 51.8%, 54.6%, 60.4%, 57.4%, 50.6%, 32.2%]",,,,
13,weights,1,56,0.045852632,1.939682941,1.913482711,0.000111111,48.94285714,"[41.0%, 49.4%, 42.2%, 37.6%, 54.8%, 46.0%, 51.8%, 55.6%, 51.8%, 54.6%, 60.4%, 57.4%, 50.6%, 32.0%]",,,,
13,weights,2,57,0.045852632,1.930273061,1.90005663,0.000111111,48.92857143,"[41.0%, 49.4%, 42.2%, 37.6%, 54.8%, 46.0%, 51.8%, 55.6%, 51.8%, 54.6%, 60.4%, 57.4%, 50.6%, 31.8%]",,,,
13,weights,3,58,0.045852632,1.913915077,1.897605985,0.000111111,49,"[41.0%, 49.4%, 42.2%, 37.6%, 54.8%, 46.0%, 51.8%, 55.6%, 51.8%, 54.6%, 60.4%, 57.4%, 50.6%, 32.8%]",,,,
13,weights,4,59,0.045852632,1.902228319,1.894644231,0.000111111,49.1,"[41.0%, 49.4%, 42.2%, 37.6%, 54.8%, 46.0%, 51.8%, 55.6%, 51.8%, 54.6%, 60.4%, 57.4%, 50.6%, 34.2%]",,,,
13,weights,5,60,0.045852632,1.863446068,1.868396595,0.000111111,49.15714286,"[41.0%, 49.4%, 42.2%, 37.6%, 54.8%, 46.0%, 51.8%, 55.6%, 51.8%, 54.6%, 60.4%, 57.4%, 50.6%, 35.0%]",,,,
13,weights,6,61,0.045852632,1.861321555,1.867181376,0.000111111,49.12857143,"[41.0%, 49.4%, 42.2%, 37.6%, 54.8%, 46.0%, 51.8%, 55.6%, 51.8%, 54.6%, 60.4%, 57.4%, 50.6%, 34.6%]",,,,
13,weights,7,62,0.045852632,1.851516272,1.854201533,0.000111111,49.17142857,"[41.0%, 49.4%, 42.2%, 37.6%, 54.8%, 46.0%, 51.8%, 55.6%, 51.8%, 54.6%, 60.4%, 57.4%, 50.6%, 35.2%]",,,,
13,weights,8,63,0.045852632,1.853084457,1.848901883,0.000111111,49.22857143,"[41.0%, 49.4%, 42.2%, 37.6%, 54.8%, 46.0%, 51.8%, 55.6%, 51.8%, 54.6%, 60.4%, 57.4%, 50.6%, 36.0%]",,,,
13,weights,9,64,0.045852632,1.825788181,1.851794943,0.000111111,49.2,"[41.0%, 49.4%, 42.2%, 37.6%, 54.8%, 46.0%, 51.8%, 55.6%, 51.8%, 54.6%, 60.4%, 57.4%, 50.6%, 35.6%]",,,,
13,weights,10,65,0.045852632,1.818254012,1.839368224,0.000111111,49.24285714,"[41.0%, 49.4%, 42.2%, 37.6%, 54.8%, 46.0%, 51.8%, 55.6%, 51.8%, 54.6%, 60.4%, 57.4%, 50.6%, 36.2%]",,,,
13,weights,11,66,0.045852632,1.808888612,1.816920295,0.000111111,49.3,"[41.0%, 49.4%, 42.2%, 37.6%, 54.8%, 46.0%, 51.8%, 55.6%, 51.8%, 54.6%, 60.4%, 57.4%, 50.6%, 37.0%]",,,,
13,weights,12,67,0.045852632,1.807260812,1.837078229,0.000111111,49.21428571,"[41.0%, 49.4%, 42.2%, 37.6%, 54.8%, 46.0%, 51.8%, 55.6%, 51.8%, 54.6%, 60.4%, 57.4%, 50.6%, 35.8%]",,,,
13,weights,13,68,0.045852632,1.807720566,1.808994249,0.000111111,49.22857143,"[41.0%, 49.4%, 42.2%, 37.6%, 54.8%, 46.0%, 51.8%, 55.6%, 51.8%, 54.6%, 60.4%, 57.4%, 50.6%, 36.0%]",,,,
13,weights,14,69,0.045852632,1.80304859,1.818467021,0.000111111,49.27142857,"[41.0%, 49.4%, 42.2%, 37.6%, 54.8%, 46.0%, 51.8%, 55.6%, 51.8%, 54.6%, 60.4%, 57.4%, 50.6%, 36.6%]",,,,
13,weights,15,70,0.045852632,1.796748759,1.82803306,0.000111111,49.18571429,"[41.0%, 49.4%, 42.2%, 37.6%, 54.8%, 46.0%, 51.8%, 55.6%, 51.8%, 54.6%, 60.4%, 57.4%, 50.6%, 35.4%]",,,,
13,weights,16,71,0.045852632,1.787142963,1.818353012,0.000111111,49.2,"[41.0%, 49.4%, 42.2%, 37.6%, 54.8%, 46.0%, 51.8%, 55.6%, 51.8%, 54.6%, 60.4%, 57.4%, 50.6%, 35.6%]",,,,
13,weights,17,72,0.045852632,1.786666393,1.813035071,0.000111111,49.17142857,"[41.0%, 49.4%, 42.2%, 37.6%, 54.8%, 46.0%, 51.8%, 55.6%, 51.8%, 54.6%, 60.4%, 57.4%, 50.6%, 35.2%]",,,,
13,weights,18,73,0.045852632,1.782181655,1.784513861,0.000111111,49.17142857,"[41.0%, 49.4%, 42.2%, 37.6%, 54.8%, 46.0%, 51.8%, 55.6%, 51.8%, 54.6%, 60.4%, 57.4%, 50.6%, 35.2%]",,,,
13,weights,19,74,0.045852632,1.768518819,1.768570945,0.000111111,49.22857143,"[41.0%, 49.4%, 42.2%, 37.6%, 54.8%, 46.0%, 51.8%, 55.6%, 51.8%, 54.6%, 60.4%, 57.4%, 50.6%, 36.0%]",,,,
13,weights,20,75,0.045852632,1.7638762,1.792670175,0.000111111,49.38571429,"[41.0%, 49.4%, 42.2%, 37.6%, 54.8%, 46.0%, 51.8%, 55.6%, 51.8%, 54.6%, 60.4%, 57.4%, 50.6%, 38.2%]",,,,
13,weights,21,76,0.045852632,1.767301037,1.804708198,0.000111111,49.32857143,"[41.0%, 49.4%, 42.2%, 37.6%, 54.8%, 46.0%, 51.8%, 55.6%, 51.8%, 54.6%, 60.4%, 57.4%, 50.6%, 37.4%]",,,,
13,weights,22,77,0.045852632,1.744680006,1.807529986,0.000111111,49.24285714,"[41.0%, 49.4%, 42.2%, 37.6%, 54.8%, 46.0%, 51.8%, 55.6%, 51.8%, 54.6%, 60.4%, 57.4%, 50.6%, 36.2%]",,,,
13,weights,23,78,0.045852632,1.745919707,1.758241937,0.000111111,49.4,"[41.0%, 49.4%, 42.2%, 37.6%, 54.8%, 46.0%, 51.8%, 55.6%, 51.8%, 54.6%, 60.4%, 57.4%, 50.6%, 38.4%]",,,,
13,weights,24,79,0.045852632,1.743746794,1.794704646,0.000111111,49.21428571,"[41.0%, 49.4%, 42.2%, 37.6%, 54.8%, 46.0%, 51.8%, 55.6%, 51.8%, 54.6%, 60.4%, 57.4%, 50.6%, 35.8%]",,,,
13,weights,25,80,0.045852632,1.738410702,1.744685799,0.000111111,49.44285714,"[41.0%, 49.4%, 42.2%, 37.6%, 54.8%, 46.0%, 51.8%, 55.6%, 51.8%, 54.6%, 60.4%, 57.4%, 50.6%, 39.0%]",26.35714286,"[10.6%, 44.0%, 27.2%, 0.0%, 35.8%, 30.2%, 21.6%, 27.8%, 45.0%, 31.4%, 24.4%, 35.4%, 35.6%, 0.0%]",34.42857143,"[35.1%, 41.3%, 33.2%, 12.5%, 32.4%, 18.8%, 28.7%, 38.9%, 41.9%, 40.4%, 52.9%, 46.1%, 38.5%, 21%]"
14,parallel,1,1,0.3,23.77651955,13.94017625,0.000111111,46.29333333,"[41.0%, 49.2%, 41.8%, 38.8%, 54.8%, 46.0%, 52.0%, 55.8%, 52.2%, 55.0%, 60.4%, 57.4%, 50.8%, 39.2%, 0.0%]",,,,
14,parallel,2,2,0.3,9.076874546,4.155496955,0.000111111,46.33333333,"[41.0%, 49.0%, 42.6%, 38.2%, 54.8%, 46.0%, 52.0%, 56.0%, 52.6%, 55.4%, 59.8%, 57.6%, 50.8%, 39.2%, 0.0%]",,,,
14,parallel,3,3,0.3,2.63917049,2.349362731,0.000111111,47.02666667,"[41.0%, 49.2%, 42.6%, 38.6%, 54.8%, 46.0%, 52.0%, 56.2%, 52.4%, 55.4%, 59.8%, 57.2%, 50.8%, 39.4%, 10.0%]",,,,
14,parallel,4,4,0.3,2.342160095,2.32608515,0.000111111,47.02666667,"[41.0%, 49.2%, 42.6%, 38.6%, 54.8%, 46.0%, 52.0%, 56.2%, 52.4%, 55.4%, 59.8%, 57.2%, 50.8%, 39.4%, 10.0%]",,,,
14,parallel,5,5,0.293580396,2.349407736,2.346639305,0.000111111,47.02666667,"[41.0%, 49.2%, 42.6%, 38.6%, 54.8%, 46.0%, 52.0%, 56.2%, 52.4%, 55.4%, 59.8%, 57.2%, 50.8%, 39.4%, 10.0%]",,,,
14,parallel,6,6,0.283604103,2.393685,2.356959581,0.000111111,47.04,"[41.0%, 49.2%, 42.6%, 38.8%, 54.8%, 46.0%, 52.0%, 56.2%, 52.4%, 55.4%, 59.8%, 57.2%, 50.8%, 39.4%, 10.0%]",,,,
14,parallel,7,7,0.273831961,2.377738062,2.341824174,0.000111111,47.04,"[41.0%, 49.2%, 42.6%, 38.8%, 54.8%, 46.0%, 52.0%, 56.2%, 52.4%, 55.4%, 59.8%, 57.2%, 50.8%, 39.4%, 10.0%]",,,,
14,parallel,8,8,0.264263971,2.356316609,2.329613537,0.000111111,47.04,"[41.0%, 49.2%, 42.6%, 38.8%, 54.8%, 46.0%, 52.0%, 56.2%, 52.4%, 55.4%, 59.8%, 57.2%, 50.8%, 39.4%, 10.0%]",,,,
14,parallel,9,9,0.254900132,2.342609737,2.324378997,0.000111111,47.04,"[41.0%, 49.2%, 42.6%, 38.8%, 54.8%, 46.0%, 52.0%, 56.2%, 52.4%, 55.4%, 59.8%, 57.2%, 50.8%, 39.4%, 10.0%]",,,,
14,parallel,10,10,0.245740445,2.341394536,2.329751879,0.000111111,47.04,"[41.0%, 49.2%, 42.6%, 38.8%, 54.8%, 46.0%, 52.0%, 56.2%, 52.4%, 55.4%, 59.8%, 57.2%, 50.8%, 39.4%, 10.0%]",,,,
14,parallel,11,11,0.23678491,2.334373652,2.328321606,0.000111111,47.18666667,"[41.0%, 49.2%, 42.6%, 38.8%, 54.8%, 46.0%, 52.0%, 56.2%, 52.4%, 55.4%, 59.8%, 57.2%, 50.8%, 39.4%, 12.2%]",,,,
14,parallel,12,12,0.228033526,2.32949262,2.324698746,0.000111111,47.04,"[41.0%, 49.2%, 42.6%, 38.8%, 54.8%, 46.0%, 52.0%, 56.2%, 52.4%, 55.4%, 59.8%, 57.2%, 50.8%, 39.4%, 10.0%]",,,,
14,parallel,13,13,0.219486294,2.342360789,2.332773536,0.000111111,47.04,"[41.0%, 49.2%, 42.6%, 38.8%, 54.8%, 46.0%, 52.0%, 56.2%, 52.4%, 55.4%, 59.8%, 57.2%, 50.8%, 39.4%, 10.0%]",,,,
14,parallel,14,14,0.211143213,2.324834579,2.30154261,0.000111111,47.4,"[41.0%, 49.2%, 42.6%, 38.8%, 54.8%, 46.0%, 52.0%, 56.2%, 52.4%, 55.4%, 59.8%, 57.2%, 50.8%, 39.4%, 15.4%]",,,,
14,parallel,15,15,0.203004284,2.271489928,2.23278448,0.000111111,47.64,"[41.0%, 49.2%, 42.6%, 38.8%, 54.8%, 46.0%, 52.0%, 56.2%, 52.4%, 55.4%, 59.8%, 57.2%, 50.8%, 39.4%, 19.0%]",,,,
14,parallel,16,16,0.195069507,2.116677259,2.293910548,0.000111111,47.37333333,"[41.0%, 49.2%, 42.6%, 38.8%, 54.8%, 46.0%, 52.0%, 56.2%, 52.4%, 55.4%, 59.8%, 57.2%, 50.8%, 39.4%, 15.0%]",,,,
14,parallel,17,17,0.187338881,2.017446572,2.061647028,0.000111111,47.8,"[41.0%, 49.2%, 42.6%, 38.8%, 54.8%, 46.0%, 52.0%, 56.2%, 52.4%, 55.4%, 59.8%, 57.2%, 50.8%, 39.4%, 21.4%]",,,,
14,parallel,18,18,0.179812406,1.930033755,1.875711977,0.000111111,48.18666667,"[41.0%, 49.2%, 42.6%, 38.8%, 54.8%, 46.0%, 52.0%, 56.2%, 52.4%, 55.4%, 59.8%, 57.2%, 50.8%, 39.4%, 27.2%]",,,,
14,parallel,19,19,0.172490084,1.973274949,1.953864336,0.000111111,48.26666667,"[41.0%, 49.2%, 42.6%, 38.8%, 54.8%, 46.0%, 52.0%, 56.2%, 52.4%, 55.4%, 59.8%, 57.2%, 50.8%, 39.4%, 28.4%]",,,,
14,parallel,20,20,0.165371913,1.915563529,1.876461685,0.000111111,48.58666667,"[41.0%, 49.2%, 42.6%, 38.8%, 54.8%, 46.0%, 52.0%, 56.2%, 52.4%, 55.4%, 59.8%, 57.2%, 50.8%, 39.4%, 33.2%]",,,,
14,parallel,21,21,0.158457893,1.874778447,1.895740986,0.000111111,48.46666667,"[41.0%, 49.2%, 42.6%, 38.8%, 54.8%, 46.0%, 52.0%, 56.2%, 52.4%, 55.4%, 59.8%, 57.2%, 50.8%, 39.4%, 31.4%]",,,,
14,parallel,22,22,0.151748025,1.91980406,2.013733357,0.000111111,48.2,"[41.0%, 49.2%, 42.6%, 38.8%, 54.8%, 46.0%, 52.0%, 56.2%, 52.4%, 55.4%, 59.8%, 57.2%, 50.8%, 39.4%, 27.4%]",,,,
14,parallel,23,23,0.145242308,1.854144489,1.880602539,0.000111111,48.72,"[41.0%, 49.2%, 42.6%, 38.8%, 54.8%, 46.0%, 52.0%, 56.2%, 52.4%, 55.4%, 59.8%, 57.2%, 50.8%, 39.4%, 35.2%]",,,,
14,parallel,24,24,0.138940744,1.906488242,1.832928024,0.000111111,48.70666667,"[41.0%, 49.2%, 42.6%, 38.8%, 54.8%, 46.0%, 52.0%, 56.2%, 52.4%, 55.4%, 59.8%, 57.2%, 50.8%, 39.4%, 35.0%]",,,,
14,parallel,25,25,0.13284333,1.807593607,1.886292897,0.000111111,48.68,"[41.0%, 49.2%, 42.6%, 38.8%, 54.8%, 46.0%, 52.0%, 56.2%, 52.4%, 55.4%, 59.8%, 57.2%, 50.8%, 39.4%, 34.6%]",,,,
14,parallel,26,26,0.126950069,1.968214619,2.120020613,0.000111111,48.49333333,"[41.0%, 49.2%, 42.6%, 38.8%, 54.8%, 46.0%, 52.0%, 56.2%, 52.4%, 55.4%, 59.8%, 57.2%, 50.8%, 39.4%, 31.8%]",,,,
14,parallel,27,27,0.121260958,1.973034715,1.819749333,0.000111111,48.70666667,"[41.0%, 49.2%, 42.6%, 38.8%, 54.8%, 46.0%, 52.0%, 56.2%, 52.4%, 55.4%, 59.8%, 57.2%, 50.8%, 39.4%, 35.0%]",,,,
14,parallel,28,28,0.115776,1.826302783,1.767377295,0.000111111,48.92,"[41.0%, 49.2%, 42.6%, 38.8%, 54.8%, 46.0%, 52.0%, 56.2%, 52.4%, 55.4%, 59.8%, 57.2%, 50.8%, 39.4%, 38.2%]",,,,
14,parallel,29,29,0.110495193,1.81387949,2.131097876,0.000111111,48.36,"[41.0%, 49.2%, 42.6%, 38.8%, 54.8%, 46.0%, 52.0%, 56.2%, 52.4%, 55.4%, 59.8%, 57.2%, 50.8%, 39.4%, 29.8%]",,,,
14,parallel,30,30,0.105418537,1.988965813,1.987056769,0.000111111,48.53333333,"[41.0%, 49.2%, 42.6%, 38.8%, 54.8%, 46.0%, 52.0%, 56.2%, 52.4%, 55.4%, 59.8%, 57.2%, 50.8%, 39.4%, 32.4%]",,,,
14,parallel,31,31,0.100546034,1.804199048,1.870486341,0.000111111,48.50666667,"[41.0%, 49.2%, 42.6%, 38.8%, 54.8%, 46.0%, 52.0%, 56.2%, 52.4%, 55.4%, 59.8%, 57.2%, 50.8%, 39.4%, 32.0%]",,,,
14,parallel,32,32,0.095877681,1.813768488,1.959223166,0.000111111,48.64,"[41.0%, 49.2%, 42.6%, 38.8%, 54.8%, 46.0%, 52.0%, 56.2%, 52.4%, 55.4%, 59.8%, 57.2%, 50.8%, 39.4%, 34.0%]",,,,
14,parallel,33,33,0.091413481,1.941654631,1.868406951,0.000111111,48.58666667,"[41.0%, 49.2%, 42.6%, 38.8%, 54.8%, 46.0%, 52.0%, 56.2%, 52.4%, 55.4%, 59.8%, 57.2%, 50.8%, 39.4%, 33.2%]",,,,
14,parallel,34,34,0.087153432,1.814382715,1.842677042,0.000111111,48.8,"[41.0%, 49.2%, 42.6%, 38.8%, 54.8%, 46.0%, 52.0%, 56.2%, 52.4%, 55.4%, 59.8%, 57.2%, 50.8%, 39.4%, 36.4%]",,,,
14,parallel,35,35,0.083097534,1.835148196,1.790964477,0.000111111,48.90666667,"[41.0%, 49.2%, 42.6%, 38.8%, 54.8%, 46.0%, 52.0%, 56.2%, 52.4%, 55.4%, 59.8%, 57.2%, 50.8%, 39.4%, 38.0%]",,,,
14,parallel,36,36,0.079245788,1.785244297,1.732019983,0.000111111,49.09333333,"[41.0%, 49.2%, 42.6%, 38.8%, 54.8%, 46.0%, 52.0%, 56.2%, 52.4%, 55.4%, 59.8%, 57.2%, 50.8%, 39.4%, 40.8%]",,,,
14,parallel,37,37,0.075598194,1.915055963,1.839430459,0.000111111,48.82666667,"[41.0%, 49.2%, 42.6%, 38.8%, 54.8%, 46.0%, 52.0%, 56.2%, 52.4%, 55.4%, 59.8%, 57.2%, 50.8%, 39.4%, 36.8%]",,,,
14,parallel,38,38,0.072154751,1.790685547,1.802020282,0.000111111,48.69333333,"[41.0%, 49.2%, 42.6%, 38.8%, 54.8%, 46.0%, 52.0%, 56.2%, 52.4%, 55.4%, 59.8%, 57.2%, 50.8%, 39.4%, 34.8%]",,,,
14,parallel,39,39,0.06891546,1.913566559,1.896936439,0.000111111,48.58666667,"[41.0%, 49.2%, 42.6%, 38.8%, 54.8%, 46.0%, 52.0%, 56.2%, 52.4%, 55.4%, 59.8%, 57.2%, 50.8%, 39.4%, 33.2%]",,,,
14,parallel,40,40,0.06588032,1.878265133,1.970762372,0.000111111,48.24,"[41.0%, 49.2%, 42.6%, 38.8%, 54.8%, 46.0%, 52.0%, 56.2%, 52.4%, 55.4%, 59.8%, 57.2%, 50.8%, 39.4%, 28.0%]",,,,
14,parallel,41,41,0.063049332,1.792709839,1.85562969,0.000111111,48.69333333,"[41.0%, 49.2%, 42.6%, 38.8%, 54.8%, 46.0%, 52.0%, 56.2%, 52.4%, 55.4%, 59.8%, 57.2%, 50.8%, 39.4%, 34.8%]",,,,
14,parallel,42,42,0.060422496,2.300962975,2.008285254,0.000111111,48.41333333,"[41.0%, 49.2%, 42.6%, 38.8%, 54.8%, 46.0%, 52.0%, 56.2%, 52.4%, 55.4%, 59.8%, 57.2%, 50.8%, 39.4%, 30.6%]",,,,
14,parallel,43,43,0.057999811,2.030579457,1.954756901,0.000111111,48.49333333,"[41.0%, 49.2%, 42.6%, 38.8%, 54.8%, 46.0%, 52.0%, 56.2%, 52.4%, 55.4%, 59.8%, 57.2%, 50.8%, 39.4%, 31.8%]",,,,
14,parallel,44,44,0.055781278,1.93829758,1.924698919,0.000111111,48.46666667,"[41.0%, 49.2%, 42.6%, 38.8%, 54.8%, 46.0%, 52.0%, 56.2%, 52.4%, 55.4%, 59.8%, 57.2%, 50.8%, 39.4%, 31.4%]",,,,
14,parallel,45,45,0.053766896,1.936718378,1.848501995,0.000111111,48.76,"[41.0%, 49.2%, 42.6%, 38.8%, 54.8%, 46.0%, 52.0%, 56.2%, 52.4%, 55.4%, 59.8%, 57.2%, 50.8%, 39.4%, 35.8%]",,,,
14,parallel,46,46,0.051956666,1.89762578,1.889690682,0.000111111,48.64,"[41.0%, 49.2%, 42.6%, 38.8%, 54.8%, 46.0%, 52.0%, 56.2%, 52.4%, 55.4%, 59.8%, 57.2%, 50.8%, 39.4%, 34.0%]",,,,
14,parallel,47,47,0.050350587,1.90241215,1.833958358,0.000111111,48.93333333,"[41.0%, 49.2%, 42.6%, 38.8%, 54.8%, 46.0%, 52.0%, 56.2%, 52.4%, 55.4%, 59.8%, 57.2%, 50.8%, 39.4%, 38.4%]",,,,
14,parallel,48,48,0.04894866,1.843874697,1.832907982,0.000111111,48.70666667,"[41.0%, 49.2%, 42.6%, 38.8%, 54.8%, 46.0%, 52.0%, 56.2%, 52.4%, 55.4%, 59.8%, 57.2%, 50.8%, 39.4%, 35.0%]",,,,
14,parallel,49,49,0.047750885,1.81231182,1.801465541,0.000111111,48.81333333,"[41.0%, 49.2%, 42.6%, 38.8%, 54.8%, 46.0%, 52.0%, 56.2%, 52.4%, 55.4%, 59.8%, 57.2%, 50.8%, 39.4%, 36.6%]",,,,
14,parallel,50,50,0.046757261,2.065592437,2.263845623,0.000111111,47.49333333,"[41.0%, 49.2%, 42.6%, 38.8%, 54.8%, 46.0%, 52.0%, 56.2%, 52.4%, 55.4%, 59.8%, 57.2%, 50.8%, 39.4%, 16.8%]",,,,
14,parallel,51,51,0.045967789,2.186915733,2.094522864,0.000111111,48.01333333,"[41.0%, 49.2%, 42.6%, 38.8%, 54.8%, 46.0%, 52.0%, 56.2%, 52.4%, 55.4%, 59.8%, 57.2%, 50.8%, 39.4%, 24.6%]",,,,
14,parallel,52,52,0.045382468,2.08124911,2.011500269,0.000111111,48.33333333,"[41.0%, 49.2%, 42.6%, 38.8%, 54.8%, 46.0%, 52.0%, 56.2%, 52.4%, 55.4%, 59.8%, 57.2%, 50.8%, 39.4%, 29.4%]",,,,
14,parallel,53,53,0.045001299,2.036638337,2.068399131,0.000111111,48.12,"[41.0%, 49.2%, 42.6%, 38.8%, 54.8%, 46.0%, 52.0%, 56.2%, 52.4%, 55.4%, 59.8%, 57.2%, 50.8%, 39.4%, 26.2%]",,,,
14,parallel,54,54,0.044824281,2.040969514,1.96041815,0.000111111,48.61333333,"[41.0%, 49.2%, 42.6%, 38.8%, 54.8%, 46.0%, 52.0%, 56.2%, 52.4%, 55.4%, 59.8%, 57.2%, 50.8%, 39.4%, 33.6%]",,,,
14,parallel,55,55,0.044810526,1.992220465,2.029596329,0.000111111,48.4,"[41.0%, 49.2%, 42.6%, 38.8%, 54.8%, 46.0%, 52.0%, 56.2%, 52.4%, 55.4%, 59.8%, 57.2%, 50.8%, 39.4%, 30.4%]",,,,
14,weights,1,56,0.044810526,1.947513499,2.065843716,0.000111111,48.26666667,"[41.0%, 49.2%, 42.6%, 38.8%, 54.8%, 46.0%, 52.0%, 56.2%, 52.4%, 55.4%, 59.8%, 57.2%, 50.8%, 39.4%, 28.4%]",,,,
14,weights,2,57,0.044810526,1.924926672,1.877702206,0.000111111,48.69333333,"[41.0%, 49.2%, 42.6%, 38.8%, 54.8%, 46.0%, 52.0%, 56.2%, 52.4%, 55.4%, 59.8%, 57.2%, 50.8%, 39.4%, 34.8%]",,,,
14,weights,3,58,0.044810526,1.912092136,1.897804022,0.000111111,48.64,"[41.0%, 49.2%, 42.6%, 38.8%, 54.8%, 46.0%, 52.0%, 56.2%, 52.4%, 55.4%, 59.8%, 57.2%, 50.8%, 39.4%, 34.0%]",,,,
14,weights,4,59,0.044810526,1.871559215,2.079700187,0.000111111,48.2,"[41.0%, 49.2%, 42.6%, 38.8%, 54.8%, 46.0%, 52.0%, 56.2%, 52.4%, 55.4%, 59.8%, 57.2%, 50.8%, 39.4%, 27.4%]",,,,
14,weights,5,60,0.044810526,1.867597351,1.881365284,0.000111111,48.50666667,"[41.0%, 49.2%, 42.6%, 38.8%, 54.8%, 46.0%, 52.0%, 56.2%, 52.4%, 55.4%, 59.8%, 57.2%, 50.8%, 39.4%, 32.0%]",,,,
14,weights,6,61,0.044810526,1.849137637,1.826009542,0.000111111,48.64,"[41.0%, 49.2%, 42.6%, 38.8%, 54.8%, 46.0%, 52.0%, 56.2%, 52.4%, 55.4%, 59.8%, 57.2%, 50.8%, 39.4%, 34.0%]",,,,
14,weights,7,62,0.044810526,1.830556097,1.792120084,0.000111111,48.77333333,"[41.0%, 49.2%, 42.6%, 38.8%, 54.8%, 46.0%, 52.0%, 56.2%, 52.4%, 55.4%, 59.8%, 57.2%, 50.8%, 39.4%, 36.0%]",,,,
14,weights,8,63,0.044810526,1.824933702,1.930907726,0.000111111,48.68,"[41.0%, 49.2%, 42.6%, 38.8%, 54.8%, 46.0%, 52.0%, 56.2%, 52.4%, 55.4%, 59.8%, 57.2%, 50.8%, 39.4%, 34.6%]",,,,
14,weights,9,64,0.044810526,1.816993256,1.803939424,0.000111111,48.86666667,"[41.0%, 49.2%, 42.6%, 38.8%, 54.8%, 46.0%, 52.0%, 56.2%, 52.4%, 55.4%, 59.8%, 57.2%, 50.8%, 39.4%, 37.4%]",,,,
14,weights,10,65,0.044810526,1.798270888,1.738259152,0.000111111,49.01333333,"[41.0%, 49.2%, 42.6%, 38.8%, 54.8%, 46.0%, 52.0%, 56.2%, 52.4%, 55.4%, 59.8%, 57.2%, 50.8%, 39.4%, 39.6%]",,,,
14,weights,11,66,0.044810526,1.801736133,1.834579818,0.000111111,48.78666667,"[41.0%, 49.2%, 42.6%, 38.8%, 54.8%, 46.0%, 52.0%, 56.2%, 52.4%, 55.4%, 59.8%, 57.2%, 50.8%, 39.4%, 36.2%]",,,,
14,weights,12,67,0.044810526,1.781144112,1.909882069,0.000111111,48.74666667,"[41.0%, 49.2%, 42.6%, 38.8%, 54.8%, 46.0%, 52.0%, 56.2%, 52.4%, 55.4%, 59.8%, 57.2%, 50.8%, 39.4%, 35.6%]",,,,
14,weights,13,68,0.044810526,1.748592564,1.79645329,0.000111111,48.86666667,"[41.0%, 49.2%, 42.6%, 38.8%, 54.8%, 46.0%, 52.0%, 56.2%, 52.4%, 55.4%, 59.8%, 57.2%, 50.8%, 39.4%, 37.4%]",,,,
14,weights,14,69,0.044810526,1.736203921,1.743159458,0.000111111,48.90666667,"[41.0%, 49.2%, 42.6%, 38.8%, 54.8%, 46.0%, 52.0%, 56.2%, 52.4%, 55.4%, 59.8%, 57.2%, 50.8%, 39.4%, 38.0%]",,,,
14,weights,15,70,0.044810526,1.755512334,1.705000058,0.000111111,49.06666667,"[41.0%, 49.2%, 42.6%, 38.8%, 54.8%, 46.0%, 52.0%, 56.2%, 52.4%, 55.4%, 59.8%, 57.2%, 50.8%, 39.4%, 40.4%]",,,,
14,weights,16,71,0.044810526,1.747540644,1.743426695,0.000111111,48.93333333,"[41.0%, 49.2%, 42.6%, 38.8%, 54.8%, 46.0%, 52.0%, 56.2%, 52.4%, 55.4%, 59.8%, 57.2%, 50.8%, 39.4%, 38.4%]",,,,
14,weights,17,72,0.044810526,1.728715948,1.719599187,0.000111111,48.97333333,"[41.0%, 49.2%, 42.6%, 38.8%, 54.8%, 46.0%, 52.0%, 56.2%, 52.4%, 55.4%, 59.8%, 57.2%, 50.8%, 39.4%, 39.0%]",,,,
14,weights,18,73,0.044810526,1.721075337,1.748810567,0.000111111,48.97333333,"[41.0%, 49.2%, 42.6%, 38.8%, 54.8%, 46.0%, 52.0%, 56.2%, 52.4%, 55.4%, 59.8%, 57.2%, 50.8%, 39.4%, 39.0%]",,,,
14,weights,19,74,0.044810526,1.700950022,1.700128198,0.000111111,49.17333333,"[41.0%, 49.2%, 42.6%, 38.8%, 54.8%, 46.0%, 52.0%, 56.2%, 52.4%, 55.4%, 59.8%, 57.2%, 50.8%, 39.4%, 42.0%]",,,,
14,weights,20,75,0.044810526,1.705964802,1.703154325,0.000111111,49.10666667,"[41.0%, 49.2%, 42.6%, 38.8%, 54.8%, 46.0%, 52.0%, 56.2%, 52.4%, 55.4%, 59.8%, 57.2%, 50.8%, 39.4%, 41.0%]",,,,
14,weights,21,76,0.044810526,1.695863291,1.707895935,0.000111111,49.10666667,"[41.0%, 49.2%, 42.6%, 38.8%, 54.8%, 46.0%, 52.0%, 56.2%, 52.4%, 55.4%, 59.8%, 57.2%, 50.8%, 39.4%, 41.0%]",,,,
14,weights,22,77,0.044810526,1.703680695,1.717842259,0.000111111,49.02666667,"[41.0%, 49.2%, 42.6%, 38.8%, 54.8%, 46.0%, 52.0%, 56.2%, 52.4%, 55.4%, 59.8%, 57.2%, 50.8%, 39.4%, 39.8%]",,,,
14,weights,23,78,0.044810526,1.672500469,1.685963355,0.000111111,49.02666667,"[41.0%, 49.2%, 42.6%, 38.8%, 54.8%, 46.0%, 52.0%, 56.2%, 52.4%, 55.4%, 59.8%, 57.2%, 50.8%, 39.4%, 39.8%]",,,,
14,weights,24,79,0.044810526,1.680285855,1.700541414,0.000111111,49.06666667,"[41.0%, 49.2%, 42.6%, 38.8%, 54.8%, 46.0%, 52.0%, 56.2%, 52.4%, 55.4%, 59.8%, 57.2%, 50.8%, 39.4%, 40.4%]",,,,
14,weights,25,80,0.044810526,1.692703039,1.691337712,0.000111111,48.98666667,"[41.0%, 49.2%, 42.6%, 38.8%, 54.8%, 46.0%, 52.0%, 56.2%, 52.4%, 55.4%, 59.8%, 57.2%, 50.8%, 39.4%, 39.2%]",25.08,"[10.6%, 44.4%, 27.2%, 0.0%, 42.2%, 30.4%, 26.4%, 27.8%, 45.0%, 16.6%, 24.4%, 35.2%, 35.8%, 0.0%, 10.2%]",33.98,"[34.8%, 41.9%, 34.4%, 13%, 46.5%, 12.2%, 28.5%, 38.1%, 42.2%, 34.9%, 52%, 45.9%, 44%, 16%, 25.6%]"
15,parallel,1,1,0.25,26.24756487,16.47469628,0.000111111,45.9125,"[40.6%, 49.0%, 42.4%, 38.8%, 54.8%, 46.2%, 52.4%, 56.2%, 52.8%, 55.6%, 60.0%, 57.0%, 50.8%, 39.0%, 39.0%, 0.0%]",,,,
15,parallel,2,2,0.25,11.77223537,7.034590483,0.000111111,45.8375,"[40.6%, 49.2%, 42.4%, 38.8%, 54.6%, 45.6%, 52.2%, 56.0%, 52.4%, 55.6%, 60.6%, 57.0%, 50.6%, 38.8%, 39.0%, 0.0%]",,,,
15,parallel,3,3,0.25,3.699191434,2.404899627,0.000111111,46.4375,"[40.8%, 49.2%, 42.4%, 38.8%, 54.4%, 45.8%, 52.2%, 55.6%, 52.0%, 56.0%, 60.6%, 57.0%, 50.4%, 38.8%, 39.0%, 10.0%]",,,,
15,parallel,4,4,0.25,2.366324886,2.349241853,0.000111111,46.4375,"[40.8%, 49.2%, 42.4%, 38.8%, 54.4%, 45.6%, 52.2%, 55.6%, 52.2%, 56.0%, 60.6%, 57.0%, 50.4%, 38.8%, 39.0%, 10.0%]",,,,
15,parallel,5,5,0.244811992,2.411124625,2.376006007,0.000111111,46.45,"[40.8%, 49.2%, 42.4%, 38.8%, 54.4%, 45.6%, 52.2%, 55.6%, 52.2%, 56.0%, 60.6%, 57.0%, 50.4%, 39.0%, 39.0%, 10.0%]",,,,
15,parallel,6,6,0.236749643,2.395620437,2.345764548,0.000111111,46.4375,"[40.8%, 49.2%, 42.4%, 38.8%, 54.4%, 45.6%, 52.2%, 55.6%, 52.2%, 55.8%, 60.6%, 57.0%, 50.4%, 39.0%, 39.0%, 10.0%]",,,,
15,parallel,7,7,0.228852278,2.369722566,2.346418887,0.000111111,46.4375,"[40.8%, 49.2%, 42.4%, 38.8%, 54.4%, 45.6%, 52.2%, 55.6%, 52.2%, 55.8%, 60.6%, 57.0%, 50.4%, 39.0%, 39.0%, 10.0%]",,,,
15,parallel,8,8,0.221119899,2.354671104,2.338334918,0.000111111,46.4375,"[40.8%, 49.2%, 42.4%, 38.8%, 54.4%, 45.6%, 52.2%, 55.6%, 52.2%, 55.8%, 60.6%, 57.0%, 50.4%, 39.0%, 39.0%, 10.0%]",,,,
15,parallel,9,9,0.213552506,2.342231796,2.333692461,0.000111111,46.4375,"[40.8%, 49.2%, 42.4%, 38.8%, 54.4%, 45.6%, 52.2%, 55.6%, 52.2%, 55.8%, 60.6%, 57.0%, 50.4%, 39.0%, 39.0%, 10.0%]",,,,
15,parallel,10,10,0.206150097,2.355085774,2.350061417,0.000111111,46.4375,"[40.8%, 49.2%, 42.4%, 38.8%, 54.4%, 45.6%, 52.2%, 55.6%, 52.2%, 55.8%, 60.6%, 57.0%, 50.4%, 39.0%, 39.0%, 10.0%]",,,,
15,parallel,11,11,0.198912674,2.337955264,2.329191625,0.000111111,46.4375,"[40.8%, 49.2%, 42.4%, 38.8%, 54.4%, 45.6%, 52.2%, 55.6%, 52.2%, 55.8%, 60.6%, 57.0%, 50.4%, 39.0%, 39.0%, 10.0%]",,,,
15,parallel,12,12,0.191840236,2.347835239,2.335180998,0.000111111,46.4375,"[40.8%, 49.2%, 42.4%, 38.8%, 54.4%, 45.6%, 52.2%, 55.6%, 52.2%, 55.8%, 60.6%, 57.0%, 50.4%, 39.0%, 39.0%, 10.0%]",,,,
15,parallel,13,13,0.184932784,2.365419729,2.331763595,0.000111111,46.4375,"[40.8%, 49.2%, 42.4%, 38.8%, 54.4%, 45.6%, 52.2%, 55.6%, 52.2%, 55.8%, 60.6%, 57.0%, 50.4%, 39.0%, 39.0%, 10.0%]",,,,
15,parallel,14,14,0.178190316,2.329251621,2.321357787,0.000111111,46.4375,"[40.8%, 49.2%, 42.4%, 38.8%, 54.4%, 45.6%, 52.2%, 55.6%, 52.2%, 55.8%, 60.6%, 57.0%, 50.4%, 39.0%, 39.0%, 10.0%]",,,,
15,parallel,15,15,0.171612834,2.338727408,2.32792747,0.000111111,46.4375,"[40.8%, 49.2%, 42.4%, 38.8%, 54.4%, 45.6%, 52.2%, 55.6%, 52.2%, 55.8%, 60.6%, 57.0%, 50.4%, 39.0%, 39.0%, 10.0%]",,,,
15,parallel,16,16,0.165200337,2.332133879,2.332738727,0.000111111,46.4375,"[40.8%, 49.2%, 42.4%, 38.8%, 54.4%, 45.6%, 52.2%, 55.6%, 52.2%, 55.8%, 60.6%, 57.0%, 50.4%, 39.0%, 39.0%, 10.0%]",,,,
15,parallel,17,17,0.158952826,2.32565448,2.325218201,0.000111111,46.4375,"[40.8%, 49.2%, 42.4%, 38.8%, 54.4%, 45.6%, 52.2%, 55.6%, 52.2%, 55.8%, 60.6%, 57.0%, 50.4%, 39.0%, 39.0%, 10.0%]",,,,
15,parallel,18,18,0.152870299,2.393909841,2.366194963,0.000111111,46.4375,"[40.8%, 49.2%, 42.4%, 38.8%, 54.4%, 45.6%, 52.2%, 55.6%, 52.2%, 55.8%, 60.6%, 57.0%, 50.4%, 39.0%, 39.0%, 10.0%]",,,,
15,parallel,19,19,0.146952758,2.361433141,2.342791587,0.000111111,46.4375,"[40.8%, 49.2%, 42.4%, 38.8%, 54.4%, 45.6%, 52.2%, 55.6%, 52.2%, 55.8%, 60.6%, 57.0%, 50.4%, 39.0%, 39.0%, 10.0%]",,,,
15,parallel,20,20,0.141200203,2.348387996,2.326051354,0.000111111,46.4375,"[40.8%, 49.2%, 42.4%, 38.8%, 54.4%, 45.6%, 52.2%, 55.6%, 52.2%, 55.8%, 60.6%, 57.0%, 50.4%, 39.0%, 39.0%, 10.0%]",,,,
15,parallel,21,21,0.135612632,2.34619676,2.34620744,0.000111111,46.4375,"[40.8%, 49.2%, 42.4%, 38.8%, 54.4%, 45.6%, 52.2%, 55.6%, 52.2%, 55.8%, 60.6%, 57.0%, 50.4%, 39.0%, 39.0%, 10.0%]",,,,
15,parallel,22,22,0.130190047,2.400460461,2.363333195,0.000111111,46.4375,"[40.8%, 49.2%, 42.4%, 38.8%, 54.4%, 45.6%, 52.2%, 55.6%, 52.2%, 55.8%, 60.6%, 57.0%, 50.4%, 39.0%, 39.0%, 10.0%]",,,,
15,parallel,23,23,0.124932447,2.34778295,2.334331542,0.000111111,46.4375,"[40.8%, 49.2%, 42.4%, 38.8%, 54.4%, 45.6%, 52.2%, 55.6%, 52.2%, 55.8%, 60.6%, 57.0%, 50.4%, 39.0%, 39.0%, 10.0%]",,,,
15,parallel,24,24,0.119839832,2.366731282,2.344812125,0.000111111,46.4375,"[40.8%, 49.2%, 42.4%, 38.8%, 54.4%, 45.6%, 52.2%, 55.6%, 52.2%, 55.8%, 60.6%, 57.0%, 50.4%, 39.0%, 39.0%, 10.0%]",,,,
15,parallel,25,25,0.114912203,2.339354998,2.330479056,0.000111111,46.4375,"[40.8%, 49.2%, 42.4%, 38.8%, 54.4%, 45.6%, 52.2%, 55.6%, 52.2%, 55.8%, 60.6%, 57.0%, 50.4%, 39.0%, 39.0%, 10.0%]",,,,
15,parallel,26,26,0.110149558,2.329494138,2.321247488,0.000111111,46.4375,"[40.8%, 49.2%, 42.4%, 38.8%, 54.4%, 45.6%, 52.2%, 55.6%, 52.2%, 55.8%, 60.6%, 57.0%, 50.4%, 39.0%, 39.0%, 10.0%]",,,,
15,parallel,27,27,0.105551899,2.329340527,2.322429746,0.000111111,46.4375,"[40.8%, 49.2%, 42.4%, 38.8%, 54.4%, 45.6%, 52.2%, 55.6%, 52.2%, 55.8%, 60.6%, 57.0%, 50.4%, 39.0%, 39.0%, 10.0%]",,,,
15,parallel,28,28,0.101119226,2.346885573,2.345969886,0.000111111,46.4375,"[40.8%, 49.2%, 42.4%, 38.8%, 54.4%, 45.6%, 52.2%, 55.6%, 52.2%, 55.8%, 60.6%, 57.0%, 50.4%, 39.0%, 39.0%, 10.0%]",,,,
15,parallel,29,29,0.096851537,2.349559217,2.335626513,0.000111111,46.4375,"[40.8%, 49.2%, 42.4%, 38.8%, 54.4%, 45.6%, 52.2%, 55.6%, 52.2%, 55.8%, 60.6%, 57.0%, 50.4%, 39.0%, 39.0%, 10.0%]",,,,
15,parallel,30,30,0.092748834,2.339247396,2.336065561,0.000111111,46.4375,"[40.8%, 49.2%, 42.4%, 38.8%, 54.4%, 45.6%, 52.2%, 55.6%, 52.2%, 55.8%, 60.6%, 57.0%, 50.4%, 39.0%, 39.0%, 10.0%]",,,,
15,parallel,31,31,0.088811116,2.341312134,2.329736263,0.000111111,46.4375,"[40.8%, 49.2%, 42.4%, 38.8%, 54.4%, 45.6%, 52.2%, 55.6%, 52.2%, 55.8%, 60.6%, 57.0%, 50.4%, 39.0%, 39.0%, 10.0%]",,,,
15,parallel,32,32,0.085038384,2.330303542,2.327931106,0.000111111,46.4375,"[40.8%, 49.2%, 42.4%, 38.8%, 54.4%, 45.6%, 52.2%, 55.6%, 52.2%, 55.8%, 60.6%, 57.0%, 50.4%, 39.0%, 39.0%, 10.0%]",,,,
15,parallel,33,33,0.081430636,2.346035146,2.348048002,0.000111111,46.4375,"[40.8%, 49.2%, 42.4%, 38.8%, 54.4%, 45.6%, 52.2%, 55.6%, 52.2%, 55.8%, 60.6%, 57.0%, 50.4%, 39.0%, 39.0%, 10.0%]",,,,
15,parallel,34,34,0.077987874,2.435481738,2.421507329,0.000111111,46.4375,"[40.8%, 49.2%, 42.4%, 38.8%, 54.4%, 45.6%, 52.2%, 55.6%, 52.2%, 55.8%, 60.6%, 57.0%, 50.4%, 39.0%, 39.0%, 10.0%]",,,,
15,parallel,35,35,0.074710097,2.393086636,2.367622763,0.000111111,46.4375,"[40.8%, 49.2%, 42.4%, 38.8%, 54.4%, 45.6%, 52.2%, 55.6%, 52.2%, 55.8%, 60.6%, 57.0%, 50.4%, 39.0%, 39.0%, 10.0%]",,,,
15,parallel,36,36,0.071597306,2.374501666,2.375801504,0.000111111,46.4375,"[40.8%, 49.2%, 42.4%, 38.8%, 54.4%, 45.6%, 52.2%, 55.6%, 52.2%, 55.8%, 60.6%, 57.0%, 50.4%, 39.0%, 39.0%, 10.0%]",,,,
15,parallel,37,37,0.068649499,2.381258337,2.363145709,0.000111111,46.4375,"[40.8%, 49.2%, 42.4%, 38.8%, 54.4%, 45.6%, 52.2%, 55.6%, 52.2%, 55.8%, 60.6%, 57.0%, 50.4%, 39.0%, 39.0%, 10.0%]",,,,
15,parallel,38,38,0.065866678,2.360706544,2.352248281,0.000111111,46.4375,"[40.8%, 49.2%, 42.4%, 38.8%, 54.4%, 45.6%, 52.2%, 55.6%, 52.2%, 55.8%, 60.6%, 57.0%, 50.4%, 39.0%, 39.0%, 10.0%]",,,,
15,parallel,39,39,0.063248843,2.411820258,2.386520177,0.000111111,46.4375,"[40.8%, 49.2%, 42.4%, 38.8%, 54.4%, 45.6%, 52.2%, 55.6%, 52.2%, 55.8%, 60.6%, 57.0%, 50.4%, 39.0%, 39.0%, 10.0%]",,,,
15,parallel,40,40,0.060795992,2.398724671,2.364315391,0.000111111,46.4375,"[40.8%, 49.2%, 42.4%, 38.8%, 54.4%, 45.6%, 52.2%, 55.6%, 52.2%, 55.8%, 60.6%, 57.0%, 50.4%, 39.0%, 39.0%, 10.0%]",,,,
15,parallel,41,41,0.058508127,2.355002524,2.340623647,0.000111111,46.4375,"[40.8%, 49.2%, 42.4%, 38.8%, 54.4%, 45.6%, 52.2%, 55.6%, 52.2%, 55.8%, 60.6%, 57.0%, 50.4%, 39.0%, 39.0%, 10.0%]",,,,
15,parallel,42,42,0.056385247,2.347214952,2.357152104,0.000111111,46.4375,"[40.8%, 49.2%, 42.4%, 38.8%, 54.4%, 45.6%, 52.2%, 55.6%, 52.2%, 55.8%, 60.6%, 57.0%, 50.4%, 39.0%, 39.0%, 10.0%]",,,,
15,parallel,43,43,0.054427352,2.345187649,2.332173973,0.000111111,46.4375,"[40.8%, 49.2%, 42.4%, 38.8%, 54.4%, 45.6%, 52.2%, 55.6%, 52.2%, 55.8%, 60.6%, 57.0%, 50.4%, 39.0%, 39.0%, 10.0%]",,,,
15,parallel,44,44,0.052634443,2.33299642,2.325940669,0.000111111,46.4375,"[40.8%, 49.2%, 42.4%, 38.8%, 54.4%, 45.6%, 52.2%, 55.6%, 52.2%, 55.8%, 60.6%, 57.0%, 50.4%, 39.0%, 39.0%, 10.0%]",,,,
15,parallel,45,45,0.051006518,2.326146078,2.325643212,0.000111111,46.4375,"[40.8%, 49.2%, 42.4%, 38.8%, 54.4%, 45.6%, 52.2%, 55.6%, 52.2%, 55.8%, 60.6%, 57.0%, 50.4%, 39.0%, 39.0%, 10.0%]",,,,
15,parallel,46,46,0.049543579,2.330196028,2.323947549,0.000111111,46.4375,"[40.8%, 49.2%, 42.4%, 38.8%, 54.4%, 45.6%, 52.2%, 55.6%, 52.2%, 55.8%, 60.6%, 57.0%, 50.4%, 39.0%, 39.0%, 10.0%]",,,,
15,parallel,47,47,0.048245626,2.325185746,2.323356897,0.000111111,46.4375,"[40.8%, 49.2%, 42.4%, 38.8%, 54.4%, 45.6%, 52.2%, 55.6%, 52.2%, 55.8%, 60.6%, 57.0%, 50.4%, 39.0%, 39.0%, 10.0%]",,,,
15,parallel,48,48,0.047112657,2.322977694,2.317771792,0.000111111,46.4375,"[40.8%, 49.2%, 42.4%, 38.8%, 54.4%, 45.6%, 52.2%, 55.6%, 52.2%, 55.8%, 60.6%, 57.0%, 50.4%, 39.0%, 39.0%, 10.0%]",,,,
15,parallel,49,49,0.046144674,2.339901915,2.317246199,0.000111111,46.4375,"[40.8%, 49.2%, 42.4%, 38.8%, 54.4%, 45.6%, 52.2%, 55.6%, 52.2%, 55.8%, 60.6%, 57.0%, 50.4%, 39.0%, 39.0%, 10.0%]",,,,
15,parallel,50,50,0.045341676,2.317523688,2.31256175,0.000111111,46.4375,"[40.8%, 49.2%, 42.4%, 38.8%, 54.4%, 45.6%, 52.2%, 55.6%, 52.2%, 55.8%, 60.6%, 57.0%, 50.4%, 39.0%, 39.0%, 10.0%]",,,,
15,parallel,51,51,0.044703664,2.314151616,2.298500508,0.000111111,46.775,"[40.8%, 49.2%, 42.4%, 38.8%, 54.4%, 45.6%, 52.2%, 55.6%, 52.2%, 55.8%, 60.6%, 57.0%, 50.4%, 39.0%, 39.0%, 15.4%]",,,,
15,parallel,52,52,0.044230636,2.273579896,2.254629582,0.000111111,46.7375,"[40.8%, 49.2%, 42.4%, 38.8%, 54.4%, 45.6%, 52.2%, 55.6%, 52.2%, 55.8%, 60.6%, 57.0%, 50.4%, 39.0%, 39.0%, 14.8%]",,,,
15,parallel,53,53,0.043922594,2.239572957,2.210637212,0.000111111,46.9125,"[40.8%, 49.2%, 42.4%, 38.8%, 54.4%, 45.6%, 52.2%, 55.6%, 52.2%, 55.8%, 60.6%, 57.0%, 50.4%, 39.0%, 39.0%, 17.6%]",,,,
15,parallel,54,54,0.043779537,2.202028401,2.162941664,0.000111111,46.9625,"[40.8%, 49.2%, 42.4%, 38.8%, 54.4%, 45.6%, 52.2%, 55.6%, 52.2%, 55.8%, 60.6%, 57.0%, 50.4%, 39.0%, 39.0%, 18.4%]",,,,
15,parallel,55,55,0.043768421,2.158706575,2.120903954,0.000111111,47.1125,"[40.8%, 49.2%, 42.4%, 38.8%, 54.4%, 45.6%, 52.2%, 55.6%, 52.2%, 55.8%, 60.6%, 57.0%, 50.4%, 39.0%, 39.0%, 20.8%]",,,,
15,weights,1,56,0.043768421,2.156083825,2.151225209,0.000111111,47.0125,"[40.8%, 49.2%, 42.4%, 38.8%, 54.4%, 45.6%, 52.2%, 55.6%, 52.2%, 55.8%, 60.6%, 57.0%, 50.4%, 39.0%, 39.0%, 19.2%]",,,,
15,weights,2,57,0.043768421,2.107005599,2.07754986,0.000111111,47.2,"[40.8%, 49.2%, 42.4%, 38.8%, 54.4%, 45.6%, 52.2%, 55.6%, 52.2%, 55.8%, 60.6%, 57.0%, 50.4%, 39.0%, 39.0%, 22.2%]",,,,
15,weights,3,58,0.043768421,2.095527392,2.058179945,0.000111111,47.2875,"[40.8%, 49.2%, 42.4%, 38.8%, 54.4%, 45.6%, 52.2%, 55.6%, 52.2%, 55.8%, 60.6%, 57.0%, 50.4%, 39.0%, 39.0%, 23.6%]",,,,
15,weights,4,59,0.043768421,2.058387627,2.024182677,0.000111111,47.475,"[40.8%, 49.2%, 42.4%, 38.8%, 54.4%, 45.6%, 52.2%, 55.6%, 52.2%, 55.8%, 60.6%, 57.0%, 50.4%, 39.0%, 39.0%, 26.6%]",,,,
15,weights,5,60,0.043768421,2.042806772,2.176136211,0.000111111,47.05,"[40.8%, 49.2%, 42.4%, 38.8%, 54.4%, 45.6%, 52.2%, 55.6%, 52.2%, 55.8%, 60.6%, 57.0%, 50.4%, 39.0%, 39.0%, 19.8%]",,,,
15,weights,6,61,0.043768421,2.024046661,1.996787325,0.000111111,47.6375,"[40.8%, 49.2%, 42.4%, 38.8%, 54.4%, 45.6%, 52.2%, 55.6%, 52.2%, 55.8%, 60.6%, 57.0%, 50.4%, 39.0%, 39.0%, 29.2%]",,,,
15,weights,7,62,0.043768421,1.985976311,2.08493197,0.000111111,47.25,"[40.8%, 49.2%, 42.4%, 38.8%, 54.4%, 45.6%, 52.2%, 55.6%, 52.2%, 55.8%, 60.6%, 57.0%, 50.4%, 39.0%, 39.0%, 23.0%]",,,,
15,weights,8,63,0.043768421,1.960043119,2.025046885,0.000111111,47.425,"[40.8%, 49.2%, 42.4%, 38.8%, 54.4%, 45.6%, 52.2%, 55.6%, 52.2%, 55.8%, 60.6%, 57.0%, 50.4%, 39.0%, 39.0%, 25.8%]",,,,
15,weights,9,64,0.043768421,1.942234586,1.994061053,0.000111111,47.525,"[40.8%, 49.2%, 42.4%, 38.8%, 54.4%, 45.6%, 52.2%, 55.6%, 52.2%, 55.8%, 60.6%, 57.0%, 50.4%, 39.0%, 39.0%, 27.4%]",,,,
15,weights,10,65,0.043768421,1.929940079,2.037162811,0.000111111,47.4125,"[40.8%, 49.2%, 42.4%, 38.8%, 54.4%, 45.6%, 52.2%, 55.6%, 52.2%, 55.8%, 60.6%, 57.0%, 50.4%, 39.0%, 39.0%, 25.6%]",,,,
15,weights,11,66,0.043768421,1.925259131,2.028396353,0.000111111,47.425,"[40.8%, 49.2%, 42.4%, 38.8%, 54.4%, 45.6%, 52.2%, 55.6%, 52.2%, 55.8%, 60.6%, 57.0%, 50.4%, 39.0%, 39.0%, 25.8%]",,,,
15,weights,12,67,0.043768421,1.920890933,1.929062188,0.000111111,47.5875,"[40.8%, 49.2%, 42.4%, 38.8%, 54.4%, 45.6%, 52.2%, 55.6%, 52.2%, 55.8%, 60.6%, 57.0%, 50.4%, 39.0%, 39.0%, 28.4%]",,,,
15,weights,13,68,0.043768421,1.903069528,1.911718637,0.000111111,47.575,"[40.8%, 49.2%, 42.4%, 38.8%, 54.4%, 45.6%, 52.2%, 55.6%, 52.2%, 55.8%, 60.6%, 57.0%, 50.4%, 39.0%, 39.0%, 28.2%]",,,,
15,weights,14,69,0.043768421,1.881702809,1.943730474,0.000111111,47.575,"[40.8%, 49.2%, 42.4%, 38.8%, 54.4%, 45.6%, 52.2%, 55.6%, 52.2%, 55.8%, 60.6%, 57.0%, 50.4%, 39.0%, 39.0%, 28.2%]",,,,
15,weights,15,70,0.043768421,1.892224416,1.895131022,0.000111111,47.6875,"[40.8%, 49.2%, 42.4%, 38.8%, 54.4%, 45.6%, 52.2%, 55.6%, 52.2%, 55.8%, 60.6%, 57.0%, 50.4%, 39.0%, 39.0%, 30.0%]",,,,
15,weights,16,71,0.043768421,1.868842932,2.057399035,0.000111111,47.425,"[40.8%, 49.2%, 42.4%, 38.8%, 54.4%, 45.6%, 52.2%, 55.6%, 52.2%, 55.8%, 60.6%, 57.0%, 50.4%, 39.0%, 39.0%, 25.8%]",,,,
15,weights,17,72,0.043768421,1.865197441,1.917363867,0.000111111,47.575,"[40.8%, 49.2%, 42.4%, 38.8%, 54.4%, 45.6%, 52.2%, 55.6%, 52.2%, 55.8%, 60.6%, 57.0%, 50.4%, 39.0%, 39.0%, 28.2%]",,,,
15,weights,18,73,0.043768421,1.858766332,1.922222465,0.000111111,47.6,"[40.8%, 49.2%, 42.4%, 38.8%, 54.4%, 45.6%, 52.2%, 55.6%, 52.2%, 55.8%, 60.6%, 57.0%, 50.4%, 39.0%, 39.0%, 28.6%]",,,,
15,weights,19,74,0.043768421,1.86117667,1.880585819,0.000111111,47.6875,"[40.8%, 49.2%, 42.4%, 38.8%, 54.4%, 45.6%, 52.2%, 55.6%, 52.2%, 55.8%, 60.6%, 57.0%, 50.4%, 39.0%, 39.0%, 30.0%]",,,,
15,weights,20,75,0.043768421,1.85247783,1.895074144,0.000111111,47.6125,"[40.8%, 49.2%, 42.4%, 38.8%, 54.4%, 45.6%, 52.2%, 55.6%, 52.2%, 55.8%, 60.6%, 57.0%, 50.4%, 39.0%, 39.0%, 28.8%]",,,,
15,weights,21,76,0.043768421,1.841496066,1.980660886,0.000111111,47.55,"[40.8%, 49.2%, 42.4%, 38.8%, 54.4%, 45.6%, 52.2%, 55.6%, 52.2%, 55.8%, 60.6%, 57.0%, 50.4%, 39.0%, 39.0%, 27.8%]",,,,
15,weights,22,77,0.043768421,1.844796988,1.881611601,0.000111111,47.7125,"[40.8%, 49.2%, 42.4%, 38.8%, 54.4%, 45.6%, 52.2%, 55.6%, 52.2%, 55.8%, 60.6%, 57.0%, 50.4%, 39.0%, 39.0%, 30.4%]",,,,
15,weights,23,78,0.043768421,1.838175846,1.881823942,0.000111111,47.575,"[40.8%, 49.2%, 42.4%, 38.8%, 54.4%, 45.6%, 52.2%, 55.6%, 52.2%, 55.8%, 60.6%, 57.0%, 50.4%, 39.0%, 39.0%, 28.2%]",,,,
15,weights,24,79,0.043768421,1.819182894,1.950499639,0.000111111,47.675,"[40.8%, 49.2%, 42.4%, 38.8%, 54.4%, 45.6%, 52.2%, 55.6%, 52.2%, 55.8%, 60.6%, 57.0%, 50.4%, 39.0%, 39.0%, 29.8%]",,,,
15,weights,25,80,0.043768421,1.812984126,1.826240301,0.000111111,47.725,"[40.8%, 49.2%, 42.4%, 38.8%, 54.4%, 45.6%, 52.2%, 55.6%, 52.2%, 55.8%, 60.6%, 57.0%, 50.4%, 39.0%, 39.0%, 30.6%]",22,"[10.6%, 44.4%, 27.2%, 0.0%, 35.6%, 30.0%, 15.0%, 27.6%, 44.6%, 17.0%, 25.0%, 35.0%, 30.0%, 0.0%, 10.0%, 0.0%]",29.825,"[30.8%, 41.7%, 34.4%, 16.2%, 39.1%, 22.6%, 29.1%, 37.9%, 36.5%, 27.9%, 52.8%, 27.2%, 39.5%, 14.5%, 9.2%, 18.9%]"
16,parallel,1,1,0.2,24.2401633,16.6200738,0.000111111,44.89411765,"[40.8%, 49.2%, 42.6%, 38.4%, 54.4%, 45.4%, 52.2%, 55.8%, 52.2%, 55.8%, 60.6%, 57.0%, 50.4%, 38.8%, 39.0%, 30.6%, 0.0%]",,,,
16,parallel,2,2,0.2,12.02095791,7.140301526,0.000111111,44.87058824,"[40.8%, 49.2%, 42.6%, 37.4%, 54.6%, 45.6%, 52.2%, 55.8%, 52.2%, 55.8%, 60.6%, 57.2%, 50.4%, 38.8%, 39.0%, 30.6%, 0.0%]",,,,
16,parallel,3,3,0.2,3.79569886,2.431732625,0.000111111,45.44705882,"[40.8%, 49.2%, 42.4%, 37.8%, 54.2%, 45.6%, 52.2%, 55.8%, 52.2%, 55.8%, 60.6%, 57.2%, 50.4%, 38.8%, 39.0%, 30.6%, 10.0%]",,,,
16,parallel,4,4,0.2,2.377950705,2.349531323,0.000111111,45.44705882,"[40.8%, 49.2%, 42.4%, 37.8%, 54.2%, 45.6%, 52.2%, 55.8%, 52.2%, 55.8%, 60.6%, 57.2%, 50.4%, 38.8%, 39.0%, 30.6%, 10.0%]",,,,
16,parallel,5,5,0.196043588,2.370858618,2.356156856,0.000111111,45.45882353,"[40.8%, 49.2%, 42.4%, 38.2%, 54.0%, 45.6%, 52.2%, 55.8%, 52.2%, 55.8%, 60.6%, 57.2%, 50.4%, 38.8%, 39.0%, 30.6%, 10.0%]",,,,
16,parallel,6,6,0.189895182,2.384827955,2.357488841,0.000111111,45.44705882,"[40.8%, 49.2%, 42.6%, 38.0%, 53.8%, 45.6%, 52.2%, 55.8%, 52.2%, 55.8%, 60.6%, 57.2%, 50.4%, 38.8%, 39.0%, 30.6%, 10.0%]",,,,
16,parallel,7,7,0.183872595,2.351855359,2.336954653,0.000111111,45.44705882,"[40.8%, 49.2%, 42.6%, 38.0%, 53.8%, 45.6%, 52.2%, 55.8%, 52.2%, 55.8%, 60.6%, 57.2%, 50.4%, 38.8%, 39.0%, 30.6%, 10.0%]",,,,
16,parallel,8,8,0.177975828,2.343810492,2.330726862,0.000111111,45.44705882,"[40.8%, 49.2%, 42.6%, 38.0%, 53.8%, 45.6%, 52.2%, 55.8%, 52.2%, 55.8%, 60.6%, 57.2%, 50.4%, 38.8%, 39.0%, 30.6%, 10.0%]",,,,
16,parallel,9,9,0.172204879,2.340767489,2.328026891,0.000111111,45.44705882,"[40.8%, 49.2%, 42.6%, 38.0%, 53.8%, 45.6%, 52.2%, 55.8%, 52.2%, 55.8%, 60.6%, 57.2%, 50.4%, 38.8%, 39.0%, 30.6%, 10.0%]",,,,
16,parallel,10,10,0.166559749,2.325845718,2.318691671,0.000111111,45.44705882,"[40.8%, 49.2%, 42.6%, 38.0%, 53.8%, 45.6%, 52.2%, 55.8%, 52.2%, 55.8%, 60.6%, 57.2%, 50.4%, 38.8%, 39.0%, 30.6%, 10.0%]",,,,
16,parallel,11,11,0.161040438,2.318707409,2.31716159,0.000111111,45.44705882,"[40.8%, 49.2%, 42.6%, 38.0%, 53.8%, 45.6%, 52.2%, 55.8%, 52.2%, 55.8%, 60.6%, 57.2%, 50.4%, 38.8%, 39.0%, 30.6%, 10.0%]",,,,
16,parallel,12,12,0.155646946,2.318135467,2.323296726,0.000111111,45.44705882,"[40.8%, 49.2%, 42.6%, 38.0%, 53.8%, 45.6%, 52.2%, 55.8%, 52.2%, 55.8%, 60.6%, 57.2%, 50.4%, 38.8%, 39.0%, 30.6%, 10.0%]",,,,
16,parallel,13,13,0.150379273,2.326569014,2.327243358,0.000111111,45.44705882,"[40.8%, 49.2%, 42.6%, 38.0%, 53.8%, 45.6%, 52.2%, 55.8%, 52.2%, 55.8%, 60.6%, 57.2%, 50.4%, 38.8%, 39.0%, 30.6%, 10.0%]",,,,
16,parallel,14,14,0.145237419,2.324590514,2.312047392,0.000111111,45.44705882,"[40.8%, 49.2%, 42.6%, 38.0%, 53.8%, 45.6%, 52.2%, 55.8%, 52.2%, 55.8%, 60.6%, 57.2%, 50.4%, 38.8%, 39.0%, 30.6%, 10.0%]",,,,
16,parallel,15,15,0.140221384,2.265796583,2.113116965,0.000111111,46.02352941,"[40.8%, 49.2%, 42.6%, 38.0%, 53.8%, 45.6%, 52.2%, 55.8%, 52.2%, 55.8%, 60.6%, 57.2%, 50.4%, 38.8%, 39.0%, 30.6%, 19.8%]",,,,
16,parallel,16,16,0.135331168,2.099524987,2.120444298,0.000111111,45.95294118,"[40.8%, 49.2%, 42.6%, 38.0%, 53.8%, 45.6%, 52.2%, 55.8%, 52.2%, 55.8%, 60.6%, 57.2%, 50.4%, 38.8%, 39.0%, 30.6%, 18.6%]",,,,
16,parallel,17,17,0.130566771,2.094152547,1.982335553,0.000111111,46.2,"[40.8%, 49.2%, 42.6%, 38.0%, 53.8%, 45.6%, 52.2%, 55.8%, 52.2%, 55.8%, 60.6%, 57.2%, 50.4%, 38.8%, 39.0%, 30.6%, 22.8%]",,,,
16,parallel,18,18,0.125928192,2.039886896,1.996978953,0.000111111,46.42352941,"[40.8%, 49.2%, 42.6%, 38.0%, 53.8%, 45.6%, 52.2%, 55.8%, 52.2%, 55.8%, 60.6%, 57.2%, 50.4%, 38.8%, 39.0%, 30.6%, 26.6%]",,,,
16,parallel,19,19,0.121415433,2.042428279,1.998112887,0.000111111,46.31764706,"[40.8%, 49.2%, 42.6%, 38.0%, 53.8%, 45.6%, 52.2%, 55.8%, 52.2%, 55.8%, 60.6%, 57.2%, 50.4%, 38.8%, 39.0%, 30.6%, 24.8%]",,,,
16,parallel,20,20,0.117028493,2.029938944,1.962222189,0.000111111,46.21176471,"[40.8%, 49.2%, 42.6%, 38.0%, 53.8%, 45.6%, 52.2%, 55.8%, 52.2%, 55.8%, 60.6%, 57.2%, 50.4%, 38.8%, 39.0%, 30.6%, 23.0%]",,,,
16,parallel,21,21,0.112767371,1.985567349,1.941259056,0.000111111,46.23529412,"[40.8%, 49.2%, 42.6%, 38.0%, 53.8%, 45.6%, 52.2%, 55.8%, 52.2%, 55.8%, 60.6%, 57.2%, 50.4%, 38.8%, 39.0%, 30.6%, 23.4%]",,,,
16,parallel,22,22,0.108632069,2.024809293,2.077194527,0.000111111,46.10588235,"[40.8%, 49.2%, 42.6%, 38.0%, 53.8%, 45.6%, 52.2%, 55.8%, 52.2%, 55.8%, 60.6%, 57.2%, 50.4%, 38.8%, 39.0%, 30.6%, 21.2%]",,,,
16,parallel,23,23,0.104622585,1.968650672,1.958383724,0.000111111,46.28235294,"[40.8%, 49.2%, 42.6%, 38.0%, 53.8%, 45.6%, 52.2%, 55.8%, 52.2%, 55.8%, 60.6%, 57.2%, 50.4%, 38.8%, 39.0%, 30.6%, 24.2%]",,,,
16,parallel,24,24,0.10073892,1.968535085,1.903637812,0.000111111,46.56470588,"[40.8%, 49.2%, 42.6%, 38.0%, 53.8%, 45.6%, 52.2%, 55.8%, 52.2%, 55.8%, 60.6%, 57.2%, 50.4%, 38.8%, 39.0%, 30.6%, 29.0%]",,,,
16,parallel,25,25,0.096981075,1.930868167,1.894831955,0.000111111,46.47058824,"[40.8%, 49.2%, 42.6%, 38.0%, 53.8%, 45.6%, 52.2%, 55.8%, 52.2%, 55.8%, 60.6%, 57.2%, 50.4%, 38.8%, 39.0%, 30.6%, 27.4%]",,,,
16,parallel,26,26,0.093349048,1.962885742,1.953595743,0.000111111,46.35294118,"[40.8%, 49.2%, 42.6%, 38.0%, 53.8%, 45.6%, 52.2%, 55.8%, 52.2%, 55.8%, 60.6%, 57.2%, 50.4%, 38.8%, 39.0%, 30.6%, 25.4%]",,,,
16,parallel,27,27,0.08984284,1.949820273,1.90479742,0.000111111,46.44705882,"[40.8%, 49.2%, 42.6%, 38.0%, 53.8%, 45.6%, 52.2%, 55.8%, 52.2%, 55.8%, 60.6%, 57.2%, 50.4%, 38.8%, 39.0%, 30.6%, 27.0%]",,,,
16,parallel,28,28,0.086462452,1.907707382,1.867716387,0.000111111,46.72941176,"[40.8%, 49.2%, 42.6%, 38.0%, 53.8%, 45.6%, 52.2%, 55.8%, 52.2%, 55.8%, 60.6%, 57.2%, 50.4%, 38.8%, 39.0%, 30.6%, 31.8%]",,,,
16,parallel,29,29,0.083207882,1.909241439,1.847006351,0.000111111,46.62352941,"[40.8%, 49.2%, 42.6%, 38.0%, 53.8%, 45.6%, 52.2%, 55.8%, 52.2%, 55.8%, 60.6%, 57.2%, 50.4%, 38.8%, 39.0%, 30.6%, 30.0%]",,,,
16,parallel,30,30,0.080079131,1.880675913,1.84654063,0.000111111,46.74117647,"[40.8%, 49.2%, 42.6%, 38.0%, 53.8%, 45.6%, 52.2%, 55.8%, 52.2%, 55.8%, 60.6%, 57.2%, 50.4%, 38.8%, 39.0%, 30.6%, 32.0%]",,,,
16,parallel,31,31,0.077076199,1.968318099,1.905418277,0.000111111,46.6,"[40.8%, 49.2%, 42.6%, 38.0%, 53.8%, 45.6%, 52.2%, 55.8%, 52.2%, 55.8%, 60.6%, 57.2%, 50.4%, 38.8%, 39.0%, 30.6%, 29.6%]",,,,
16,parallel,32,32,0.074199086,1.909130988,1.875788078,0.000111111,46.70588235,"[40.8%, 49.2%, 42.6%, 38.0%, 53.8%, 45.6%, 52.2%, 55.8%, 52.2%, 55.8%, 60.6%, 57.2%, 50.4%, 38.8%, 39.0%, 30.6%, 31.4%]",,,,
16,parallel,33,33,0.071447792,1.886687988,1.883597344,0.000111111,46.89411765,"[40.8%, 49.2%, 42.6%, 38.0%, 53.8%, 45.6%, 52.2%, 55.8%, 52.2%, 55.8%, 60.6%, 57.2%, 50.4%, 38.8%, 39.0%, 30.6%, 34.6%]",,,,
16,parallel,34,34,0.068822317,1.939542832,1.925973564,0.000111111,46.67058824,"[40.8%, 49.2%, 42.6%, 38.0%, 53.8%, 45.6%, 52.2%, 55.8%, 52.2%, 55.8%, 60.6%, 57.2%, 50.4%, 38.8%, 39.0%, 30.6%, 30.8%]",,,,
16,parallel,35,35,0.06632266,1.885330775,1.918745771,0.000111111,46.69411765,"[40.8%, 49.2%, 42.6%, 38.0%, 53.8%, 45.6%, 52.2%, 55.8%, 52.2%, 55.8%, 60.6%, 57.2%, 50.4%, 38.8%, 39.0%, 30.6%, 31.2%]",,,,
16,parallel,36,36,0.063948823,1.842327551,1.918404564,0.000111111,46.76470588,"[40.8%, 49.2%, 42.6%, 38.0%, 53.8%, 45.6%, 52.2%, 55.8%, 52.2%, 55.8%, 60.6%, 57.2%, 50.4%, 38.8%, 39.0%, 30.6%, 32.4%]",,,,
16,parallel,37,37,0.061700805,1.984622845,1.977989554,0.000111111,46.61176471,"[40.8%, 49.2%, 42.6%, 38.0%, 53.8%, 45.6%, 52.2%, 55.8%, 52.2%, 55.8%, 60.6%, 57.2%, 50.4%, 38.8%, 39.0%, 30.6%, 29.8%]",,,,
16,parallel,38,38,0.059578606,1.925637545,1.877866805,0.000111111,46.90588235,"[40.8%, 49.2%, 42.6%, 38.0%, 53.8%, 45.6%, 52.2%, 55.8%, 52.2%, 55.8%, 60.6%, 57.2%, 50.4%, 38.8%, 39.0%, 30.6%, 34.8%]",,,,
16,parallel,39,39,0.057582225,1.904301182,1.997166753,0.000111111,46.69411765,"[40.8%, 49.2%, 42.6%, 38.0%, 53.8%, 45.6%, 52.2%, 55.8%, 52.2%, 55.8%, 60.6%, 57.2%, 50.4%, 38.8%, 39.0%, 30.6%, 31.2%]",,,,
16,parallel,40,40,0.055711664,1.87022348,1.905486077,0.000111111,46.84705882,"[40.8%, 49.2%, 42.6%, 38.0%, 53.8%, 45.6%, 52.2%, 55.8%, 52.2%, 55.8%, 60.6%, 57.2%, 50.4%, 38.8%, 39.0%, 30.6%, 33.8%]",,,,
16,parallel,41,41,0.053966921,1.901974883,1.92236115,0.000111111,46.69411765,"[40.8%, 49.2%, 42.6%, 38.0%, 53.8%, 45.6%, 52.2%, 55.8%, 52.2%, 55.8%, 60.6%, 57.2%, 50.4%, 38.8%, 39.0%, 30.6%, 31.2%]",,,,
16,parallel,42,42,0.052347998,1.87753338,1.881792292,0.000111111,46.91764706,"[40.8%, 49.2%, 42.6%, 38.0%, 53.8%, 45.6%, 52.2%, 55.8%, 52.2%, 55.8%, 60.6%, 57.2%, 50.4%, 38.8%, 39.0%, 30.6%, 35.0%]",,,,
16,parallel,43,43,0.050854893,1.85064164,1.850494847,0.000111111,47.12941176,"[40.8%, 49.2%, 42.6%, 38.0%, 53.8%, 45.6%, 52.2%, 55.8%, 52.2%, 55.8%, 60.6%, 57.2%, 50.4%, 38.8%, 39.0%, 30.6%, 38.6%]",,,,
16,parallel,44,44,0.049487607,1.905306457,1.872003749,0.000111111,46.78823529,"[40.8%, 49.2%, 42.6%, 38.0%, 53.8%, 45.6%, 52.2%, 55.8%, 52.2%, 55.8%, 60.6%, 57.2%, 50.4%, 38.8%, 39.0%, 30.6%, 32.8%]",,,,
16,parallel,45,45,0.048246141,1.868529013,1.913271204,0.000111111,46.84705882,"[40.8%, 49.2%, 42.6%, 38.0%, 53.8%, 45.6%, 52.2%, 55.8%, 52.2%, 55.8%, 60.6%, 57.2%, 50.4%, 38.8%, 39.0%, 30.6%, 33.8%]",,,,
16,parallel,46,46,0.047130493,1.809686947,1.898656294,0.000111111,46.92941176,"[40.8%, 49.2%, 42.6%, 38.0%, 53.8%, 45.6%, 52.2%, 55.8%, 52.2%, 55.8%, 60.6%, 57.2%, 50.4%, 38.8%, 39.0%, 30.6%, 35.2%]",,,,
16,parallel,47,47,0.046140664,2.059693679,1.963898137,0.000111111,46.72941176,"[40.8%, 49.2%, 42.6%, 38.0%, 53.8%, 45.6%, 52.2%, 55.8%, 52.2%, 55.8%, 60.6%, 57.2%, 50.4%, 38.8%, 39.0%, 30.6%, 31.8%]",,,,
16,parallel,48,48,0.045276654,1.92887571,1.946384832,0.000111111,46.70588235,"[40.8%, 49.2%, 42.6%, 38.0%, 53.8%, 45.6%, 52.2%, 55.8%, 52.2%, 55.8%, 60.6%, 57.2%, 50.4%, 38.8%, 39.0%, 30.6%, 31.4%]",,,,
16,parallel,49,49,0.044538463,1.894971386,1.897619769,0.000111111,46.82352941,"[40.8%, 49.2%, 42.6%, 38.0%, 53.8%, 45.6%, 52.2%, 55.8%, 52.2%, 55.8%, 60.6%, 57.2%, 50.4%, 38.8%, 39.0%, 30.6%, 33.4%]",,,,
16,parallel,50,50,0.043926091,1.860468318,1.848096862,0.000111111,46.90588235,"[40.8%, 49.2%, 42.6%, 38.0%, 53.8%, 45.6%, 52.2%, 55.8%, 52.2%, 55.8%, 60.6%, 57.2%, 50.4%, 38.8%, 39.0%, 30.6%, 34.8%]",,,,
16,parallel,51,51,0.043439538,1.826411635,1.792928398,0.000111111,47.03529412,"[40.8%, 49.2%, 42.6%, 38.0%, 53.8%, 45.6%, 52.2%, 55.8%, 52.2%, 55.8%, 60.6%, 57.2%, 50.4%, 38.8%, 39.0%, 30.6%, 37.0%]",,,,
16,parallel,52,52,0.043078804,1.783845155,1.797412947,0.000111111,47.18823529,"[40.8%, 49.2%, 42.6%, 38.0%, 53.8%, 45.6%, 52.2%, 55.8%, 52.2%, 55.8%, 60.6%, 57.2%, 50.4%, 38.8%, 39.0%, 30.6%, 39.6%]",,,,
16,parallel,53,53,0.042843889,1.866643362,1.86729759,0.000111111,46.94117647,"[40.8%, 49.2%, 42.6%, 38.0%, 53.8%, 45.6%, 52.2%, 55.8%, 52.2%, 55.8%, 60.6%, 57.2%, 50.4%, 38.8%, 39.0%, 30.6%, 35.4%]",,,,
16,parallel,54,54,0.042734793,1.791628611,1.784870908,0.000111111,46.97647059,"[40.8%, 49.2%, 42.6%, 38.0%, 53.8%, 45.6%, 52.2%, 55.8%, 52.2%, 55.8%, 60.6%, 57.2%, 50.4%, 38.8%, 39.0%, 30.6%, 36.0%]",,,,
16,parallel,55,55,0.042726316,1.755722663,1.745840594,0.000111111,47.12941176,"[40.8%, 49.2%, 42.6%, 38.0%, 53.8%, 45.6%, 52.2%, 55.8%, 52.2%, 55.8%, 60.6%, 57.2%, 50.4%, 38.8%, 39.0%, 30.6%, 38.6%]",,,,
16,weights,1,56,0.042726316,1.74083476,1.726033598,0.000111111,47.16470588,"[40.8%, 49.2%, 42.6%, 38.0%, 53.8%, 45.6%, 52.2%, 55.8%, 52.2%, 55.8%, 60.6%, 57.2%, 50.4%, 38.8%, 39.0%, 30.6%, 39.2%]",,,,
16,weights,2,57,0.042726316,1.708295647,1.766232416,0.000111111,47.11764706,"[40.8%, 49.2%, 42.6%, 38.0%, 53.8%, 45.6%, 52.2%, 55.8%, 52.2%, 55.8%, 60.6%, 57.2%, 50.4%, 38.8%, 39.0%, 30.6%, 38.4%]",,,,
16,weights,3,58,0.042726316,1.714704176,1.677782342,0.000111111,47.08235294,"[40.8%, 49.2%, 42.6%, 38.0%, 53.8%, 45.6%, 52.2%, 55.8%, 52.2%, 55.8%, 60.6%, 57.2%, 50.4%, 38.8%, 39.0%, 30.6%, 37.8%]",,,,
16,weights,4,59,0.042726316,1.689932417,1.655178756,0.000111111,47.36470588,"[40.8%, 49.2%, 42.6%, 38.0%, 53.8%, 45.6%, 52.2%, 55.8%, 52.2%, 55.8%, 60.6%, 57.2%, 50.4%, 38.8%, 39.0%, 30.6%, 42.6%]",,,,
16,weights,5,60,0.042726316,1.673749388,1.685931467,0.000111111,47.18823529,"[40.8%, 49.2%, 42.6%, 38.0%, 53.8%, 45.6%, 52.2%, 55.8%, 52.2%, 55.8%, 60.6%, 57.2%, 50.4%, 38.8%, 39.0%, 30.6%, 39.6%]",,,,
16,weights,6,61,0.042726316,1.666817226,1.662650689,0.000111111,47.27058824,"[40.8%, 49.2%, 42.6%, 38.0%, 53.8%, 45.6%, 52.2%, 55.8%, 52.2%, 55.8%, 60.6%, 57.2%, 50.4%, 38.8%, 39.0%, 30.6%, 41.0%]",,,,
16,weights,7,62,0.042726316,1.645926491,1.620122477,0.000111111,47.36470588,"[40.8%, 49.2%, 42.6%, 38.0%, 53.8%, 45.6%, 52.2%, 55.8%, 52.2%, 55.8%, 60.6%, 57.2%, 50.4%, 38.8%, 39.0%, 30.6%, 42.6%]",,,,
16,weights,8,63,0.042726316,1.63695204,1.718526274,0.000111111,47.11764706,"[40.8%, 49.2%, 42.6%, 38.0%, 53.8%, 45.6%, 52.2%, 55.8%, 52.2%, 55.8%, 60.6%, 57.2%, 50.4%, 38.8%, 39.0%, 30.6%, 38.4%]",,,,
16,weights,9,64,0.042726316,1.621646344,1.590681911,0.000111111,47.52941176,"[40.8%, 49.2%, 42.6%, 38.0%, 53.8%, 45.6%, 52.2%, 55.8%, 52.2%, 55.8%, 60.6%, 57.2%, 50.4%, 38.8%, 39.0%, 30.6%, 45.4%]",,,,
16,weights,10,65,0.042726316,1.61293559,1.595429614,0.000111111,47.38823529,"[40.8%, 49.2%, 42.6%, 38.0%, 53.8%, 45.6%, 52.2%, 55.8%, 52.2%, 55.8%, 60.6%, 57.2%, 50.4%, 38.8%, 39.0%, 30.6%, 43.0%]",,,,
16,weights,11,66,0.042726316,1.610561099,1.589577764,0.000111111,47.52941176,"[40.8%, 49.2%, 42.6%, 38.0%, 53.8%, 45.6%, 52.2%, 55.8%, 52.2%, 55.8%, 60.6%, 57.2%, 50.4%, 38.8%, 39.0%, 30.6%, 45.4%]",,,,
16,weights,12,67,0.042726316,1.59642155,1.662320741,0.000111111,47.10588235,"[40.8%, 49.2%, 42.6%, 38.0%, 53.8%, 45.6%, 52.2%, 55.8%, 52.2%, 55.8%, 60.6%, 57.2%, 50.4%, 38.8%, 39.0%, 30.6%, 38.2%]",,,,
16,weights,13,68,0.042726316,1.59494671,1.604984514,0.000111111,47.38823529,"[40.8%, 49.2%, 42.6%, 38.0%, 53.8%, 45.6%, 52.2%, 55.8%, 52.2%, 55.8%, 60.6%, 57.2%, 50.4%, 38.8%, 39.0%, 30.6%, 43.0%]",,,,
16,weights,14,69,0.042726316,1.587596436,1.569523312,0.000111111,47.43529412,"[40.8%, 49.2%, 42.6%, 38.0%, 53.8%, 45.6%, 52.2%, 55.8%, 52.2%, 55.8%, 60.6%, 57.2%, 50.4%, 38.8%, 39.0%, 30.6%, 43.8%]",,,,
16,weights,15,70,0.042726316,1.574618872,1.623976909,0.000111111,47.4,"[40.8%, 49.2%, 42.6%, 38.0%, 53.8%, 45.6%, 52.2%, 55.8%, 52.2%, 55.8%, 60.6%, 57.2%, 50.4%, 38.8%, 39.0%, 30.6%, 43.2%]",,,,
16,weights,16,71,0.042726316,1.583078371,1.704853073,0.000111111,47.24705882,"[40.8%, 49.2%, 42.6%, 38.0%, 53.8%, 45.6%, 52.2%, 55.8%, 52.2%, 55.8%, 60.6%, 57.2%, 50.4%, 38.8%, 39.0%, 30.6%, 40.6%]",,,,
16,weights,17,72,0.042726316,1.570748809,1.633528695,0.000111111,47.31764706,"[40.8%, 49.2%, 42.6%, 38.0%, 53.8%, 45.6%, 52.2%, 55.8%, 52.2%, 55.8%, 60.6%, 57.2%, 50.4%, 38.8%, 39.0%, 30.6%, 41.8%]",,,,
16,weights,18,73,0.042726316,1.575473093,1.602357477,0.000111111,47.4,"[40.8%, 49.2%, 42.6%, 38.0%, 53.8%, 45.6%, 52.2%, 55.8%, 52.2%, 55.8%, 60.6%, 57.2%, 50.4%, 38.8%, 39.0%, 30.6%, 43.2%]",,,,
16,weights,19,74,0.042726316,1.547803887,1.601645485,0.000111111,47.41176471,"[40.8%, 49.2%, 42.6%, 38.0%, 53.8%, 45.6%, 52.2%, 55.8%, 52.2%, 55.8%, 60.6%, 57.2%, 50.4%, 38.8%, 39.0%, 30.6%, 43.4%]",,,,
16,weights,20,75,0.042726316,1.573301472,1.54081694,0.000111111,47.42352941,"[40.8%, 49.2%, 42.6%, 38.0%, 53.8%, 45.6%, 52.2%, 55.8%, 52.2%, 55.8%, 60.6%, 57.2%, 50.4%, 38.8%, 39.0%, 30.6%, 43.6%]",,,,
16,weights,21,76,0.042726316,1.549927852,1.522956908,0.000111111,47.61176471,"[40.8%, 49.2%, 42.6%, 38.0%, 53.8%, 45.6%, 52.2%, 55.8%, 52.2%, 55.8%, 60.6%, 57.2%, 50.4%, 38.8%, 39.0%, 30.6%, 46.8%]",,,,
16,weights,22,77,0.042726316,1.546459231,1.591522075,0.000111111,47.35294118,"[40.8%, 49.2%, 42.6%, 38.0%, 53.8%, 45.6%, 52.2%, 55.8%, 52.2%, 55.8%, 60.6%, 57.2%, 50.4%, 38.8%, 39.0%, 30.6%, 42.4%]",,,,
16,weights,23,78,0.042726316,1.544249907,1.613028422,0.000111111,47.42352941,"[40.8%, 49.2%, 42.6%, 38.0%, 53.8%, 45.6%, 52.2%, 55.8%, 52.2%, 55.8%, 60.6%, 57.2%, 50.4%, 38.8%, 39.0%, 30.6%, 43.6%]",,,,
16,weights,24,79,0.042726316,1.520215558,1.54672122,0.000111111,47.55294118,"[40.8%, 49.2%, 42.6%, 38.0%, 53.8%, 45.6%, 52.2%, 55.8%, 52.2%, 55.8%, 60.6%, 57.2%, 50.4%, 38.8%, 39.0%, 30.6%, 45.8%]",,,,
16,weights,25,80,0.042726316,1.533213101,1.60663642,0.000111111,47.29411765,"[40.8%, 49.2%, 42.6%, 38.0%, 53.8%, 45.6%, 52.2%, 55.8%, 52.2%, 55.8%, 60.6%, 57.2%, 50.4%, 38.8%, 39.0%, 30.6%, 41.4%]",22.04705882,"[10.6%, 44.4%, 26.8%, 0.0%, 35.4%, 30.0%, 19.6%, 27.8%, 44.6%, 17.0%, 25.0%, 35.2%, 30.0%, 0.0%, 10.0%, 0.0%, 18.4%]",28.48823529,"[24.6%, 41.9%, 34.2%, 11.3%, 37.9%, 12.3%, 29%, 38.2%, 33.5%, 21%, 52.9%, 27%, 43.4%, 14.5%, 9.1%, 28.4%, 24.4%]"
17,parallel,1,1,0.15,16.62315261,11.1414808,0.000111111,44.66666667,"[40.8%, 49.2%, 42.6%, 38.0%, 53.8%, 45.6%, 52.2%, 55.8%, 52.2%, 55.8%, 60.6%, 57.2%, 50.4%, 38.8%, 39.0%, 30.6%, 41.4%, 0.0%]",,,,
17,parallel,2,2,0.15,7.907877656,4.837840617,0.000111111,44.66666667,"[40.8%, 49.2%, 42.6%, 38.0%, 53.8%, 45.6%, 52.2%, 55.8%, 52.2%, 55.8%, 60.6%, 57.2%, 50.4%, 38.8%, 39.0%, 30.6%, 41.4%, 0.0%]",,,,
17,parallel,3,3,0.15,3.241928487,2.495701402,0.000111111,45.22222222,"[40.8%, 49.2%, 42.6%, 38.0%, 53.8%, 45.6%, 52.2%, 55.8%, 52.2%, 55.8%, 60.6%, 57.2%, 50.4%, 38.8%, 39.0%, 30.6%, 41.4%, 10.0%]",,,,
17,parallel,4,4,0.15,2.416147347,2.369205445,0.000111111,45.22222222,"[40.8%, 49.2%, 42.6%, 38.0%, 53.8%, 45.6%, 52.2%, 55.8%, 52.2%, 55.8%, 60.6%, 57.2%, 50.4%, 38.8%, 39.0%, 30.6%, 41.4%, 10.0%]",,,,
17,parallel,5,5,0.147275184,2.356679234,2.344998628,0.000111111,45.22222222,"[40.8%, 49.2%, 42.6%, 38.0%, 53.8%, 45.6%, 52.2%, 55.8%, 52.2%, 55.8%, 60.6%, 57.2%, 50.4%, 38.8%, 39.0%, 30.6%, 41.4%, 10.0%]",,,,
17,parallel,6,6,0.143040722,2.338801206,2.327767909,0.000111111,45.22222222,"[40.8%, 49.2%, 42.6%, 38.0%, 53.8%, 45.6%, 52.2%, 55.8%, 52.2%, 55.8%, 60.6%, 57.2%, 50.4%, 38.8%, 39.0%, 30.6%, 41.4%, 10.0%]",,,,
17,parallel,7,7,0.138892913,2.344291123,2.332941264,0.000111111,45.22222222,"[40.8%, 49.2%, 42.6%, 38.0%, 53.8%, 45.6%, 52.2%, 55.8%, 52.2%, 55.8%, 60.6%, 57.2%, 50.4%, 38.8%, 39.0%, 30.6%, 41.4%, 10.0%]",,,,
17,parallel,8,8,0.134831756,2.350309257,2.33698535,0.000111111,45.22222222,"[40.8%, 49.2%, 42.6%, 38.0%, 53.8%, 45.6%, 52.2%, 55.8%, 52.2%, 55.8%, 60.6%, 57.2%, 50.4%, 38.8%, 39.0%, 30.6%, 41.4%, 10.0%]",,,,
17,parallel,9,9,0.130857252,2.359796403,2.34988746,0.000111111,45.22222222,"[40.8%, 49.2%, 42.6%, 38.0%, 53.8%, 45.6%, 52.2%, 55.8%, 52.2%, 55.8%, 60.6%, 57.2%, 50.4%, 38.8%, 39.0%, 30.6%, 41.4%, 10.0%]",,,,
17,parallel,10,10,0.126969401,2.359311668,2.344451785,0.000111111,45.22222222,"[40.8%, 49.2%, 42.6%, 38.0%, 53.8%, 45.6%, 52.2%, 55.8%, 52.2%, 55.8%, 60.6%, 57.2%, 50.4%, 38.8%, 39.0%, 30.6%, 41.4%, 10.0%]",,,,
17,parallel,11,11,0.123168202,2.367741126,2.348425716,0.000111111,45.22222222,"[40.8%, 49.2%, 42.6%, 38.0%, 53.8%, 45.6%, 52.2%, 55.8%, 52.2%, 55.8%, 60.6%, 57.2%, 50.4%, 38.8%, 39.0%, 30.6%, 41.4%, 10.0%]",,,,
17,parallel,12,12,0.119453656,2.340839024,2.337084651,0.000111111,45.22222222,"[40.8%, 49.2%, 42.6%, 38.0%, 53.8%, 45.6%, 52.2%, 55.8%, 52.2%, 55.8%, 60.6%, 57.2%, 50.4%, 38.8%, 39.0%, 30.6%, 41.4%, 10.0%]",,,,
17,parallel,13,13,0.115825763,2.33590889,2.324713379,0.000111111,45.22222222,"[40.8%, 49.2%, 42.6%, 38.0%, 53.8%, 45.6%, 52.2%, 55.8%, 52.2%, 55.8%, 60.6%, 57.2%, 50.4%, 38.8%, 39.0%, 30.6%, 41.4%, 10.0%]",,,,
17,parallel,14,14,0.112284522,2.337046382,2.337805063,0.000111111,45.22222222,"[40.8%, 49.2%, 42.6%, 38.0%, 53.8%, 45.6%, 52.2%, 55.8%, 52.2%, 55.8%, 60.6%, 57.2%, 50.4%, 38.8%, 39.0%, 30.6%, 41.4%, 10.0%]",,,,
17,parallel,15,15,0.108829934,2.352446281,2.341171324,0.000111111,45.22222222,"[40.8%, 49.2%, 42.6%, 38.0%, 53.8%, 45.6%, 52.2%, 55.8%, 52.2%, 55.8%, 60.6%, 57.2%, 50.4%, 38.8%, 39.0%, 30.6%, 41.4%, 10.0%]",,,,
17,parallel,16,16,0.105461998,2.342362452,2.332945824,0.000111111,45.22222222,"[40.8%, 49.2%, 42.6%, 38.0%, 53.8%, 45.6%, 52.2%, 55.8%, 52.2%, 55.8%, 60.6%, 57.2%, 50.4%, 38.8%, 39.0%, 30.6%, 41.4%, 10.0%]",,,,
17,parallel,17,17,0.102180715,2.303963181,2.177209198,0.000111111,45.56666667,"[40.8%, 49.2%, 42.6%, 38.0%, 53.8%, 45.6%, 52.2%, 55.8%, 52.2%, 55.8%, 60.6%, 57.2%, 50.4%, 38.8%, 39.0%, 30.6%, 41.4%, 16.2%]",,,,
17,parallel,18,18,0.098986085,2.191613901,2.251240149,0.000111111,45.33333333,"[40.8%, 49.2%, 42.6%, 38.0%, 53.8%, 45.6%, 52.2%, 55.8%, 52.2%, 55.8%, 60.6%, 57.2%, 50.4%, 38.8%, 39.0%, 30.6%, 41.4%, 12.0%]",,,,
17,parallel,19,19,0.095878108,2.106407925,2.097594142,0.000111111,45.67777778,"[40.8%, 49.2%, 42.6%, 38.0%, 53.8%, 45.6%, 52.2%, 55.8%, 52.2%, 55.8%, 60.6%, 57.2%, 50.4%, 38.8%, 39.0%, 30.6%, 41.4%, 18.2%]",,,,
17,parallel,20,20,0.092856783,2.175789478,2.279175416,0.000111111,45.4,"[40.8%, 49.2%, 42.6%, 38.0%, 53.8%, 45.6%, 52.2%, 55.8%, 52.2%, 55.8%, 60.6%, 57.2%, 50.4%, 38.8%, 39.0%, 30.6%, 41.4%, 13.2%]",,,,
17,parallel,21,21,0.08992211,2.053104855,1.961225897,0.000111111,46.3,"[40.8%, 49.2%, 42.6%, 38.0%, 53.8%, 45.6%, 52.2%, 55.8%, 52.2%, 55.8%, 60.6%, 57.2%, 50.4%, 38.8%, 39.0%, 30.6%, 41.4%, 29.4%]",,,,
17,parallel,22,22,0.08707409,1.959747835,2.111078113,0.000111111,46.18888889,"[40.8%, 49.2%, 42.6%, 38.0%, 53.8%, 45.6%, 52.2%, 55.8%, 52.2%, 55.8%, 60.6%, 57.2%, 50.4%, 38.8%, 39.0%, 30.6%, 41.4%, 27.4%]",,,,
17,parallel,23,23,0.084312723,1.880768209,1.867495477,0.000111111,46.31111111,"[40.8%, 49.2%, 42.6%, 38.0%, 53.8%, 45.6%, 52.2%, 55.8%, 52.2%, 55.8%, 60.6%, 57.2%, 50.4%, 38.8%, 39.0%, 30.6%, 41.4%, 29.6%]",,,,
17,parallel,24,24,0.081638009,1.838605852,1.83568576,0.000111111,46.4,"[40.8%, 49.2%, 42.6%, 38.0%, 53.8%, 45.6%, 52.2%, 55.8%, 52.2%, 55.8%, 60.6%, 57.2%, 50.4%, 38.8%, 39.0%, 30.6%, 41.4%, 31.2%]",,,,
17,parallel,25,25,0.079049947,1.792435231,1.752990022,0.000111111,46.6,"[40.8%, 49.2%, 42.6%, 38.0%, 53.8%, 45.6%, 52.2%, 55.8%, 52.2%, 55.8%, 60.6%, 57.2%, 50.4%, 38.8%, 39.0%, 30.6%, 41.4%, 34.8%]",,,,
17,parallel,26,26,0.076548538,1.860056171,1.952908188,0.000111111,46.32222222,"[40.8%, 49.2%, 42.6%, 38.0%, 53.8%, 45.6%, 52.2%, 55.8%, 52.2%, 55.8%, 60.6%, 57.2%, 50.4%, 38.8%, 39.0%, 30.6%, 41.4%, 29.8%]",,,,
17,parallel,27,27,0.074133781,1.786185511,1.757487312,0.000111111,46.67777778,"[40.8%, 49.2%, 42.6%, 38.0%, 53.8%, 45.6%, 52.2%, 55.8%, 52.2%, 55.8%, 60.6%, 57.2%, 50.4%, 38.8%, 39.0%, 30.6%, 41.4%, 36.2%]",,,,
17,parallel,28,28,0.071805677,1.735212092,1.770015754,0.000111111,46.64444444,"[40.8%, 49.2%, 42.6%, 38.0%, 53.8%, 45.6%, 52.2%, 55.8%, 52.2%, 55.8%, 60.6%, 57.2%, 50.4%, 38.8%, 39.0%, 30.6%, 41.4%, 35.6%]",,,,
17,parallel,29,29,0.069564226,1.758424661,1.768927947,0.000111111,46.77777778,"[40.8%, 49.2%, 42.6%, 38.0%, 53.8%, 45.6%, 52.2%, 55.8%, 52.2%, 55.8%, 60.6%, 57.2%, 50.4%, 38.8%, 39.0%, 30.6%, 41.4%, 38.0%]",,,,
17,parallel,30,30,0.067409427,1.7159015,1.759062678,0.000111111,46.71111111,"[40.8%, 49.2%, 42.6%, 38.0%, 53.8%, 45.6%, 52.2%, 55.8%, 52.2%, 55.8%, 60.6%, 57.2%, 50.4%, 38.8%, 39.0%, 30.6%, 41.4%, 36.8%]",,,,
17,parallel,31,31,0.065341281,1.694588494,1.70285739,0.000111111,46.75555556,"[40.8%, 49.2%, 42.6%, 38.0%, 53.8%, 45.6%, 52.2%, 55.8%, 52.2%, 55.8%, 60.6%, 57.2%, 50.4%, 38.8%, 39.0%, 30.6%, 41.4%, 37.6%]",,,,
17,parallel,32,32,0.063359788,1.716283222,1.940392673,0.000111111,46.44444444,"[40.8%, 49.2%, 42.6%, 38.0%, 53.8%, 45.6%, 52.2%, 55.8%, 52.2%, 55.8%, 60.6%, 57.2%, 50.4%, 38.8%, 39.0%, 30.6%, 41.4%, 32.0%]",,,,
17,parallel,33,33,0.061464947,1.991400945,1.776756912,0.000111111,46.68888889,"[40.8%, 49.2%, 42.6%, 38.0%, 53.8%, 45.6%, 52.2%, 55.8%, 52.2%, 55.8%, 60.6%, 57.2%, 50.4%, 38.8%, 39.0%, 30.6%, 41.4%, 36.4%]",,,,
17,parallel,34,34,0.059656759,1.771397059,1.796231121,0.000111111,46.64444444,"[40.8%, 49.2%, 42.6%, 38.0%, 53.8%, 45.6%, 52.2%, 55.8%, 52.2%, 55.8%, 60.6%, 57.2%, 50.4%, 38.8%, 39.0%, 30.6%, 41.4%, 35.6%]",,,,
17,parallel,35,35,0.057935224,1.747833673,1.738270372,0.000111111,46.77777778,"[40.8%, 49.2%, 42.6%, 38.0%, 53.8%, 45.6%, 52.2%, 55.8%, 52.2%, 55.8%, 60.6%, 57.2%, 50.4%, 38.8%, 39.0%, 30.6%, 41.4%, 38.0%]",,,,
17,parallel,36,36,0.056300341,1.721794721,1.65980567,0.000111111,46.87777778,"[40.8%, 49.2%, 42.6%, 38.0%, 53.8%, 45.6%, 52.2%, 55.8%, 52.2%, 55.8%, 60.6%, 57.2%, 50.4%, 38.8%, 39.0%, 30.6%, 41.4%, 39.8%]",,,,
17,parallel,37,37,0.05475211,1.707861022,1.682706401,0.000111111,46.84444444,"[40.8%, 49.2%, 42.6%, 38.0%, 53.8%, 45.6%, 52.2%, 55.8%, 52.2%, 55.8%, 60.6%, 57.2%, 50.4%, 38.8%, 39.0%, 30.6%, 41.4%, 39.2%]",,,,
17,parallel,38,38,0.053290533,1.812981806,1.692802295,0.000111111,46.83333333,"[40.8%, 49.2%, 42.6%, 38.0%, 53.8%, 45.6%, 52.2%, 55.8%, 52.2%, 55.8%, 60.6%, 57.2%, 50.4%, 38.8%, 39.0%, 30.6%, 41.4%, 39.0%]",,,,
17,parallel,39,39,0.051915608,1.734971188,1.656029373,0.000111111,46.87777778,"[40.8%, 49.2%, 42.6%, 38.0%, 53.8%, 45.6%, 52.2%, 55.8%, 52.2%, 55.8%, 60.6%, 57.2%, 50.4%, 38.8%, 39.0%, 30.6%, 41.4%, 39.8%]",,,,
17,parallel,40,40,0.050627336,1.711871214,1.74046582,0.000111111,46.82222222,"[40.8%, 49.2%, 42.6%, 38.0%, 53.8%, 45.6%, 52.2%, 55.8%, 52.2%, 55.8%, 60.6%, 57.2%, 50.4%, 38.8%, 39.0%, 30.6%, 41.4%, 38.8%]",,,,
17,parallel,41,41,0.049425716,1.696484735,1.636498258,0.000111111,46.92222222,"[40.8%, 49.2%, 42.6%, 38.0%, 53.8%, 45.6%, 52.2%, 55.8%, 52.2%, 55.8%, 60.6%, 57.2%, 50.4%, 38.8%, 39.0%, 30.6%, 41.4%, 40.6%]",,,,
17,parallel,42,42,0.048310749,1.677874358,1.683911368,0.000111111,46.94444444,"[40.8%, 49.2%, 42.6%, 38.0%, 53.8%, 45.6%, 52.2%, 55.8%, 52.2%, 55.8%, 60.6%, 57.2%, 50.4%, 38.8%, 39.0%, 30.6%, 41.4%, 41.0%]",,,,
17,parallel,43,43,0.047282434,1.677396412,1.631048411,0.000111111,46.97777778,"[40.8%, 49.2%, 42.6%, 38.0%, 53.8%, 45.6%, 52.2%, 55.8%, 52.2%, 55.8%, 60.6%, 57.2%, 50.4%, 38.8%, 39.0%, 30.6%, 41.4%, 41.6%]",,,,
17,parallel,44,44,0.046340772,1.864604767,1.851756275,0.000111111,46.54444444,"[40.8%, 49.2%, 42.6%, 38.0%, 53.8%, 45.6%, 52.2%, 55.8%, 52.2%, 55.8%, 60.6%, 57.2%, 50.4%, 38.8%, 39.0%, 30.6%, 41.4%, 33.8%]",,,,
17,parallel,45,45,0.045485763,1.772485591,1.776790559,0.000111111,46.65555556,"[40.8%, 49.2%, 42.6%, 38.0%, 53.8%, 45.6%, 52.2%, 55.8%, 52.2%, 55.8%, 60.6%, 57.2%, 50.4%, 38.8%, 39.0%, 30.6%, 41.4%, 35.8%]",,,,
17,parallel,46,46,0.044717407,1.763645379,1.672384545,0.000111111,46.85555556,"[40.8%, 49.2%, 42.6%, 38.0%, 53.8%, 45.6%, 52.2%, 55.8%, 52.2%, 55.8%, 60.6%, 57.2%, 50.4%, 38.8%, 39.0%, 30.6%, 41.4%, 39.4%]",,,,
17,parallel,47,47,0.044035703,1.740863101,1.672750801,0.000111111,46.8,"[40.8%, 49.2%, 42.6%, 38.0%, 53.8%, 45.6%, 52.2%, 55.8%, 52.2%, 55.8%, 60.6%, 57.2%, 50.4%, 38.8%, 39.0%, 30.6%, 41.4%, 38.4%]",,,,
17,parallel,48,48,0.043440651,1.700053702,1.690361843,0.000111111,46.81111111,"[40.8%, 49.2%, 42.6%, 38.0%, 53.8%, 45.6%, 52.2%, 55.8%, 52.2%, 55.8%, 60.6%, 57.2%, 50.4%, 38.8%, 39.0%, 30.6%, 41.4%, 38.6%]",,,,
17,parallel,49,49,0.042932253,1.748063818,1.783660248,0.000111111,46.66666667,"[40.8%, 49.2%, 42.6%, 38.0%, 53.8%, 45.6%, 52.2%, 55.8%, 52.2%, 55.8%, 60.6%, 57.2%, 50.4%, 38.8%, 39.0%, 30.6%, 41.4%, 36.0%]",,,,
17,parallel,50,50,0.042510507,1.719846329,1.681338802,0.000111111,46.91111111,"[40.8%, 49.2%, 42.6%, 38.0%, 53.8%, 45.6%, 52.2%, 55.8%, 52.2%, 55.8%, 60.6%, 57.2%, 50.4%, 38.8%, 39.0%, 30.6%, 41.4%, 40.4%]",,,,
17,parallel,51,51,0.042175413,1.699998359,1.781372249,0.000111111,46.6,"[40.8%, 49.2%, 42.6%, 38.0%, 53.8%, 45.6%, 52.2%, 55.8%, 52.2%, 55.8%, 60.6%, 57.2%, 50.4%, 38.8%, 39.0%, 30.6%, 41.4%, 34.8%]",,,,
17,parallel,52,52,0.041926973,1.68112351,1.675440222,0.000111111,46.88888889,"[40.8%, 49.2%, 42.6%, 38.0%, 53.8%, 45.6%, 52.2%, 55.8%, 52.2%, 55.8%, 60.6%, 57.2%, 50.4%, 38.8%, 39.0%, 30.6%, 41.4%, 40.0%]",,,,
17,parallel,53,53,0.041765184,1.659887608,1.645843685,0.000111111,46.94444444,"[40.8%, 49.2%, 42.6%, 38.0%, 53.8%, 45.6%, 52.2%, 55.8%, 52.2%, 55.8%, 60.6%, 57.2%, 50.4%, 38.8%, 39.0%, 30.6%, 41.4%, 41.0%]",,,,
17,parallel,54,54,0.041690049,1.641656038,1.683240414,0.000111111,46.86666667,"[40.8%, 49.2%, 42.6%, 38.0%, 53.8%, 45.6%, 52.2%, 55.8%, 52.2%, 55.8%, 60.6%, 57.2%, 50.4%, 38.8%, 39.0%, 30.6%, 41.4%, 39.6%]",,,,
17,parallel,55,55,0.041684211,1.660761907,1.701503485,0.000111111,46.84444444,"[40.8%, 49.2%, 42.6%, 38.0%, 53.8%, 45.6%, 52.2%, 55.8%, 52.2%, 55.8%, 60.6%, 57.2%, 50.4%, 38.8%, 39.0%, 30.6%, 41.4%, 39.2%]",,,,
17,weights,1,56,0.041684211,1.646995872,1.612191603,0.000111111,47.01111111,"[40.8%, 49.2%, 42.6%, 38.0%, 53.8%, 45.6%, 52.2%, 55.8%, 52.2%, 55.8%, 60.6%, 57.2%, 50.4%, 38.8%, 39.0%, 30.6%, 41.4%, 42.2%]",,,,
17,weights,2,57,0.041684211,1.650504236,1.600525506,0.000111111,47.12222222,"[40.8%, 49.2%, 42.6%, 38.0%, 53.8%, 45.6%, 52.2%, 55.8%, 52.2%, 55.8%, 60.6%, 57.2%, 50.4%, 38.8%, 39.0%, 30.6%, 41.4%, 44.2%]",,,,
17,weights,3,58,0.041684211,1.634992292,1.580775827,0.000111111,47.01111111,"[40.8%, 49.2%, 42.6%, 38.0%, 53.8%, 45.6%, 52.2%, 55.8%, 52.2%, 55.8%, 60.6%, 57.2%, 50.4%, 38.8%, 39.0%, 30.6%, 41.4%, 42.2%]",,,,
17,weights,4,59,0.041684211,1.639884784,1.702703215,0.000111111,46.75555556,"[40.8%, 49.2%, 42.6%, 38.0%, 53.8%, 45.6%, 52.2%, 55.8%, 52.2%, 55.8%, 60.6%, 57.2%, 50.4%, 38.8%, 39.0%, 30.6%, 41.4%, 37.6%]",,,,
17,weights,5,60,0.041684211,1.621161527,1.594325691,0.000111111,47.14444444,"[40.8%, 49.2%, 42.6%, 38.0%, 53.8%, 45.6%, 52.2%, 55.8%, 52.2%, 55.8%, 60.6%, 57.2%, 50.4%, 38.8%, 39.0%, 30.6%, 41.4%, 44.6%]",,,,
17,weights,6,61,0.041684211,1.604349476,1.586776301,0.000111111,47.04444444,"[40.8%, 49.2%, 42.6%, 38.0%, 53.8%, 45.6%, 52.2%, 55.8%, 52.2%, 55.8%, 60.6%, 57.2%, 50.4%, 38.8%, 39.0%, 30.6%, 41.4%, 42.8%]",,,,
17,weights,7,62,0.041684211,1.600337809,1.575920567,0.000111111,47.18888889,"[40.8%, 49.2%, 42.6%, 38.0%, 53.8%, 45.6%, 52.2%, 55.8%, 52.2%, 55.8%, 60.6%, 57.2%, 50.4%, 38.8%, 39.0%, 30.6%, 41.4%, 45.4%]",,,,
17,weights,8,63,0.041684211,1.628241554,1.623823136,0.000111111,46.95555556,"[40.8%, 49.2%, 42.6%, 38.0%, 53.8%, 45.6%, 52.2%, 55.8%, 52.2%, 55.8%, 60.6%, 57.2%, 50.4%, 38.8%, 39.0%, 30.6%, 41.4%, 41.2%]",,,,
17,weights,9,64,0.041684211,1.60020534,1.562155992,0.000111111,47.07777778,"[40.8%, 49.2%, 42.6%, 38.0%, 53.8%, 45.6%, 52.2%, 55.8%, 52.2%, 55.8%, 60.6%, 57.2%, 50.4%, 38.8%, 39.0%, 30.6%, 41.4%, 43.4%]",,,,
17,weights,10,65,0.041684211,1.594290857,1.580111146,0.000111111,47.16666667,"[40.8%, 49.2%, 42.6%, 38.0%, 53.8%, 45.6%, 52.2%, 55.8%, 52.2%, 55.8%, 60.6%, 57.2%, 50.4%, 38.8%, 39.0%, 30.6%, 41.4%, 45.0%]",,,,
17,weights,11,66,0.041684211,1.59247029,1.571183711,0.000111111,47.12222222,"[40.8%, 49.2%, 42.6%, 38.0%, 53.8%, 45.6%, 52.2%, 55.8%, 52.2%, 55.8%, 60.6%, 57.2%, 50.4%, 38.8%, 39.0%, 30.6%, 41.4%, 44.2%]",,,,
17,weights,12,67,0.041684211,1.591784275,1.612795129,0.000111111,46.95555556,"[40.8%, 49.2%, 42.6%, 38.0%, 53.8%, 45.6%, 52.2%, 55.8%, 52.2%, 55.8%, 60.6%, 57.2%, 50.4%, 38.8%, 39.0%, 30.6%, 41.4%, 41.2%]",,,,
17,weights,13,68,0.041684211,1.588180009,1.570226982,0.000111111,47.01111111,"[40.8%, 49.2%, 42.6%, 38.0%, 53.8%, 45.6%, 52.2%, 55.8%, 52.2%, 55.8%, 60.6%, 57.2%, 50.4%, 38.8%, 39.0%, 30.6%, 41.4%, 42.2%]",,,,
17,weights,14,69,0.041684211,1.576870918,1.56421867,0.000111111,47.11111111,"[40.8%, 49.2%, 42.6%, 38.0%, 53.8%, 45.6%, 52.2%, 55.8%, 52.2%, 55.8%, 60.6%, 57.2%, 50.4%, 38.8%, 39.0%, 30.6%, 41.4%, 44.0%]",,,,
17,weights,15,70,0.041684211,1.589349946,1.564235345,0.000111111,47.15555556,"[40.8%, 49.2%, 42.6%, 38.0%, 53.8%, 45.6%, 52.2%, 55.8%, 52.2%, 55.8%, 60.6%, 57.2%, 50.4%, 38.8%, 39.0%, 30.6%, 41.4%, 44.8%]",,,,
17,weights,16,71,0.041684211,1.588071772,1.558155298,0.000111111,47.14444444,"[40.8%, 49.2%, 42.6%, 38.0%, 53.8%, 45.6%, 52.2%, 55.8%, 52.2%, 55.8%, 60.6%, 57.2%, 50.4%, 38.8%, 39.0%, 30.6%, 41.4%, 44.6%]",,,,
17,weights,17,72,0.041684211,1.554368339,1.58676853,0.000111111,47.07777778,"[40.8%, 49.2%, 42.6%, 38.0%, 53.8%, 45.6%, 52.2%, 55.8%, 52.2%, 55.8%, 60.6%, 57.2%, 50.4%, 38.8%, 39.0%, 30.6%, 41.4%, 43.4%]",,,,
17,weights,18,73,0.041684211,1.566729002,1.574112535,0.000111111,47,"[40.8%, 49.2%, 42.6%, 38.0%, 53.8%, 45.6%, 52.2%, 55.8%, 52.2%, 55.8%, 60.6%, 57.2%, 50.4%, 38.8%, 39.0%, 30.6%, 41.4%, 42.0%]",,,,
17,weights,19,74,0.041684211,1.573321644,1.615470484,0.000111111,46.93333333,"[40.8%, 49.2%, 42.6%, 38.0%, 53.8%, 45.6%, 52.2%, 55.8%, 52.2%, 55.8%, 60.6%, 57.2%, 50.4%, 38.8%, 39.0%, 30.6%, 41.4%, 40.8%]",,,,
17,weights,20,75,0.041684211,1.549095747,1.538735725,0.000111111,47.1,"[40.8%, 49.2%, 42.6%, 38.0%, 53.8%, 45.6%, 52.2%, 55.8%, 52.2%, 55.8%, 60.6%, 57.2%, 50.4%, 38.8%, 39.0%, 30.6%, 41.4%, 43.8%]",,,,
17,weights,21,76,0.041684211,1.55443892,1.499387905,0.000111111,47.21111111,"[40.8%, 49.2%, 42.6%, 38.0%, 53.8%, 45.6%, 52.2%, 55.8%, 52.2%, 55.8%, 60.6%, 57.2%, 50.4%, 38.8%, 39.0%, 30.6%, 41.4%, 45.8%]",,,,
17,weights,22,77,0.041684211,1.562574242,1.512620032,0.000111111,47.22222222,"[40.8%, 49.2%, 42.6%, 38.0%, 53.8%, 45.6%, 52.2%, 55.8%, 52.2%, 55.8%, 60.6%, 57.2%, 50.4%, 38.8%, 39.0%, 30.6%, 41.4%, 46.0%]",,,,
17,weights,23,78,0.041684211,1.546992142,1.561063603,0.000111111,47.16666667,"[40.8%, 49.2%, 42.6%, 38.0%, 53.8%, 45.6%, 52.2%, 55.8%, 52.2%, 55.8%, 60.6%, 57.2%, 50.4%, 38.8%, 39.0%, 30.6%, 41.4%, 45.0%]",,,,
17,weights,24,79,0.041684211,1.538012431,1.51988069,0.000111111,47.15555556,"[40.8%, 49.2%, 42.6%, 38.0%, 53.8%, 45.6%, 52.2%, 55.8%, 52.2%, 55.8%, 60.6%, 57.2%, 50.4%, 38.8%, 39.0%, 30.6%, 41.4%, 44.8%]",,,,
17,weights,25,80,0.041684211,1.533048361,1.466833562,0.000111111,47.4,"[40.8%, 49.2%, 42.6%, 38.0%, 53.8%, 45.6%, 52.2%, 55.8%, 52.2%, 55.8%, 60.6%, 57.2%, 50.4%, 38.8%, 39.0%, 30.6%, 41.4%, 49.2%]",21.8,"[10.6%, 44.4%, 26.8%, 0.0%, 35.4%, 30.0%, 19.6%, 27.8%, 44.6%, 17.0%, 25.0%, 35.2%, 30.0%, 0.0%, 10.0%, 0.0%, 18.4%, 17.6%]",27.15555556,"[29.6%, 41.3%, 24.2%, 15.9%, 38.6%, 19.3%, 24.3%, 37.8%, 24.9%, 28.2%, 44.2%, 20.4%, 47.7%, 7.3%, 15.2%, 28%, 24.4%, 16.7%]"
18,parallel,1,1,0.1,10.3186448,7.568929195,0.000111111,44.90526316,"[40.8%, 49.2%, 42.6%, 38.0%, 53.8%, 45.6%, 52.2%, 55.8%, 52.2%, 55.8%, 60.6%, 57.2%, 50.4%, 38.8%, 39.0%, 30.6%, 41.4%, 49.2%, 0.0%]",,,,
18,parallel,2,2,0.1,6.783340587,6.115758121,0.000111111,44.90526316,"[40.8%, 49.2%, 42.6%, 38.0%, 53.8%, 45.6%, 52.2%, 55.8%, 52.2%, 55.8%, 60.6%, 57.2%, 50.4%, 38.8%, 39.0%, 30.6%, 41.4%, 49.2%, 0.0%]",,,,
18,parallel,3,3,0.1,5.533241018,4.836699069,0.000111111,44.90526316,"[40.8%, 49.2%, 42.6%, 38.0%, 53.8%, 45.6%, 52.2%, 55.8%, 52.2%, 55.8%, 60.6%, 57.2%, 50.4%, 38.8%, 39.0%, 30.6%, 41.4%, 49.2%, 0.0%]",,,,
18,parallel,4,4,0.1,3.75687965,2.792429954,0.000111111,45.43157895,"[40.8%, 49.2%, 42.6%, 38.0%, 53.8%, 45.6%, 52.2%, 55.8%, 52.2%, 55.8%, 60.6%, 57.2%, 50.4%, 38.8%, 39.0%, 30.6%, 41.4%, 49.2%, 10.0%]",,,,
18,parallel,5,5,0.098506779,2.544459545,2.419662565,0.000111111,45.43157895,"[40.8%, 49.2%, 42.6%, 38.0%, 53.8%, 45.6%, 52.2%, 55.8%, 52.2%, 55.8%, 60.6%, 57.2%, 50.4%, 38.8%, 39.0%, 30.6%, 41.4%, 49.2%, 10.0%]",,,,
18,parallel,6,6,0.096186261,2.392307257,2.36152634,0.000111111,45.43157895,"[40.8%, 49.2%, 42.6%, 38.0%, 53.8%, 45.6%, 52.2%, 55.8%, 52.2%, 55.8%, 60.6%, 57.2%, 50.4%, 38.8%, 39.0%, 30.6%, 41.4%, 49.2%, 10.0%]",,,,
18,parallel,7,7,0.09391323,2.353816796,2.340892404,0.000111111,45.43157895,"[40.8%, 49.2%, 42.6%, 38.0%, 53.8%, 45.6%, 52.2%, 55.8%, 52.2%, 55.8%, 60.6%, 57.2%, 50.4%, 38.8%, 39.0%, 30.6%, 41.4%, 49.2%, 10.0%]",,,,
18,parallel,8,8,0.091687684,2.336682217,2.332565963,0.000111111,45.43157895,"[40.8%, 49.2%, 42.6%, 38.0%, 53.8%, 45.6%, 52.2%, 55.8%, 52.2%, 55.8%, 60.6%, 57.2%, 50.4%, 38.8%, 39.0%, 30.6%, 41.4%, 49.2%, 10.0%]",,,,
18,parallel,9,9,0.089509625,2.32969604,2.323413819,0.000111111,45.43157895,"[40.8%, 49.2%, 42.6%, 38.0%, 53.8%, 45.6%, 52.2%, 55.8%, 52.2%, 55.8%, 60.6%, 57.2%, 50.4%, 38.8%, 39.0%, 30.6%, 41.4%, 49.2%, 10.0%]",,,,
18,parallel,10,10,0.087379053,2.325365272,2.318982244,0.000111111,45.43157895,"[40.8%, 49.2%, 42.6%, 38.0%, 53.8%, 45.6%, 52.2%, 55.8%, 52.2%, 55.8%, 60.6%, 57.2%, 50.4%, 38.8%, 39.0%, 30.6%, 41.4%, 49.2%, 10.0%]",,,,
18,parallel,11,11,0.085295966,2.322728232,2.318332762,0.000111111,45.43157895,"[40.8%, 49.2%, 42.6%, 38.0%, 53.8%, 45.6%, 52.2%, 55.8%, 52.2%, 55.8%, 60.6%, 57.2%, 50.4%, 38.8%, 39.0%, 30.6%, 41.4%, 49.2%, 10.0%]",,,,
18,parallel,12,12,0.083260366,2.320012467,2.316899031,0.000111111,45.43157895,"[40.8%, 49.2%, 42.6%, 38.0%, 53.8%, 45.6%, 52.2%, 55.8%, 52.2%, 55.8%, 60.6%, 57.2%, 50.4%, 38.8%, 39.0%, 30.6%, 41.4%, 49.2%, 10.0%]",,,,
18,parallel,13,13,0.081272252,2.316060495,2.313281357,0.000111111,45.43157895,"[40.8%, 49.2%, 42.6%, 38.0%, 53.8%, 45.6%, 52.2%, 55.8%, 52.2%, 55.8%, 60.6%, 57.2%, 50.4%, 38.8%, 39.0%, 30.6%, 41.4%, 49.2%, 10.0%]",,,,
18,parallel,14,14,0.079331625,2.31384852,2.312848121,0.000111111,45.43157895,"[40.8%, 49.2%, 42.6%, 38.0%, 53.8%, 45.6%, 52.2%, 55.8%, 52.2%, 55.8%, 60.6%, 57.2%, 50.4%, 38.8%, 39.0%, 30.6%, 41.4%, 49.2%, 10.0%]",,,,
18,parallel,15,15,0.077438484,2.314519595,2.309202343,0.000111111,45.43157895,"[40.8%, 49.2%, 42.6%, 38.0%, 53.8%, 45.6%, 52.2%, 55.8%, 52.2%, 55.8%, 60.6%, 57.2%, 50.4%, 38.8%, 39.0%, 30.6%, 41.4%, 49.2%, 10.0%]",,,,
18,parallel,16,16,0.075592829,2.313287768,2.311689436,0.000111111,45.43157895,"[40.8%, 49.2%, 42.6%, 38.0%, 53.8%, 45.6%, 52.2%, 55.8%, 52.2%, 55.8%, 60.6%, 57.2%, 50.4%, 38.8%, 39.0%, 30.6%, 41.4%, 49.2%, 10.0%]",,,,
18,parallel,17,17,0.07379466,2.316262441,2.315567672,0.000111111,45.43157895,"[40.8%, 49.2%, 42.6%, 38.0%, 53.8%, 45.6%, 52.2%, 55.8%, 52.2%, 55.8%, 60.6%, 57.2%, 50.4%, 38.8%, 39.0%, 30.6%, 41.4%, 49.2%, 10.0%]",,,,
18,parallel,18,18,0.072043978,2.290132323,2.258918166,0.000111111,45.74736842,"[40.8%, 49.2%, 42.6%, 38.0%, 53.8%, 45.6%, 52.2%, 55.8%, 52.2%, 55.8%, 60.6%, 57.2%, 50.4%, 38.8%, 39.0%, 30.6%, 41.4%, 49.2%, 16.0%]",,,,
18,parallel,19,19,0.070340782,2.247760632,2.193626285,0.000111111,45.78947368,"[40.8%, 49.2%, 42.6%, 38.0%, 53.8%, 45.6%, 52.2%, 55.8%, 52.2%, 55.8%, 60.6%, 57.2%, 50.4%, 38.8%, 39.0%, 30.6%, 41.4%, 49.2%, 16.8%]",,,,
18,parallel,20,20,0.068685073,2.228113654,2.178339094,0.000111111,45.90526316,"[40.8%, 49.2%, 42.6%, 38.0%, 53.8%, 45.6%, 52.2%, 55.8%, 52.2%, 55.8%, 60.6%, 57.2%, 50.4%, 38.8%, 39.0%, 30.6%, 41.4%, 49.2%, 19.0%]",,,,
18,parallel,21,21,0.067076849,2.176540329,2.116035372,0.000111111,45.93684211,"[40.8%, 49.2%, 42.6%, 38.0%, 53.8%, 45.6%, 52.2%, 55.8%, 52.2%, 55.8%, 60.6%, 57.2%, 50.4%, 38.8%, 39.0%, 30.6%, 41.4%, 49.2%, 19.6%]",,,,
18,parallel,22,22,0.065516112,2.152010239,2.1406257,0.000111111,45.96842105,"[40.8%, 49.2%, 42.6%, 38.0%, 53.8%, 45.6%, 52.2%, 55.8%, 52.2%, 55.8%, 60.6%, 57.2%, 50.4%, 38.8%, 39.0%, 30.6%, 41.4%, 49.2%, 20.2%]",,,,
18,parallel,23,23,0.064002862,2.105876394,2.064947024,0.000111111,46.2,"[40.8%, 49.2%, 42.6%, 38.0%, 53.8%, 45.6%, 52.2%, 55.8%, 52.2%, 55.8%, 60.6%, 57.2%, 50.4%, 38.8%, 39.0%, 30.6%, 41.4%, 49.2%, 24.6%]",,,,
18,parallel,24,24,0.062537097,2.081314748,2.04565382,0.000111111,45.98947368,"[40.8%, 49.2%, 42.6%, 38.0%, 53.8%, 45.6%, 52.2%, 55.8%, 52.2%, 55.8%, 60.6%, 57.2%, 50.4%, 38.8%, 39.0%, 30.6%, 41.4%, 49.2%, 20.6%]",,,,
18,parallel,25,25,0.061118819,2.114919202,2.083024919,0.000111111,45.94736842,"[40.8%, 49.2%, 42.6%, 38.0%, 53.8%, 45.6%, 52.2%, 55.8%, 52.2%, 55.8%, 60.6%, 57.2%, 50.4%, 38.8%, 39.0%, 30.6%, 41.4%, 49.2%, 19.8%]",,,,
18,parallel,26,26,0.059748028,2.116713305,2.085325882,0.000111111,46.08421053,"[40.8%, 49.2%, 42.6%, 38.0%, 53.8%, 45.6%, 52.2%, 55.8%, 52.2%, 55.8%, 60.6%, 57.2%, 50.4%, 38.8%, 39.0%, 30.6%, 41.4%, 49.2%, 22.4%]",,,,
18,parallel,27,27,0.058424722,2.074110256,2.049967527,0.000111111,46.11578947,"[40.8%, 49.2%, 42.6%, 38.0%, 53.8%, 45.6%, 52.2%, 55.8%, 52.2%, 55.8%, 60.6%, 57.2%, 50.4%, 38.8%, 39.0%, 30.6%, 41.4%, 49.2%, 23.0%]",,,,
18,parallel,28,28,0.057148903,2.072422474,2.089432955,0.000111111,45.93684211,"[40.8%, 49.2%, 42.6%, 38.0%, 53.8%, 45.6%, 52.2%, 55.8%, 52.2%, 55.8%, 60.6%, 57.2%, 50.4%, 38.8%, 39.0%, 30.6%, 41.4%, 49.2%, 19.6%]",,,,
18,parallel,29,29,0.055920571,2.068421344,2.03748922,0.000111111,46.15789474,"[40.8%, 49.2%, 42.6%, 38.0%, 53.8%, 45.6%, 52.2%, 55.8%, 52.2%, 55.8%, 60.6%, 57.2%, 50.4%, 38.8%, 39.0%, 30.6%, 41.4%, 49.2%, 23.8%]",,,,
18,parallel,30,30,0.054739724,2.060428983,2.034242257,0.000111111,46.28421053,"[40.8%, 49.2%, 42.6%, 38.0%, 53.8%, 45.6%, 52.2%, 55.8%, 52.2%, 55.8%, 60.6%, 57.2%, 50.4%, 38.8%, 39.0%, 30.6%, 41.4%, 49.2%, 26.2%]",,,,
18,parallel,31,31,0.053606364,2.076589642,2.028381765,0.000111111,46.13684211,"[40.8%, 49.2%, 42.6%, 38.0%, 53.8%, 45.6%, 52.2%, 55.8%, 52.2%, 55.8%, 60.6%, 57.2%, 50.4%, 38.8%, 39.0%, 30.6%, 41.4%, 49.2%, 23.4%]",,,,
18,parallel,32,32,0.05252049,2.058436131,2.019661814,0.000111111,46.16842105,"[40.8%, 49.2%, 42.6%, 38.0%, 53.8%, 45.6%, 52.2%, 55.8%, 52.2%, 55.8%, 60.6%, 57.2%, 50.4%, 38.8%, 39.0%, 30.6%, 41.4%, 49.2%, 24.0%]",,,,
18,parallel,33,33,0.051482103,2.044837961,2.034427911,0.000111111,46.11578947,"[40.8%, 49.2%, 42.6%, 38.0%, 53.8%, 45.6%, 52.2%, 55.8%, 52.2%, 55.8%, 60.6%, 57.2%, 50.4%, 38.8%, 39.0%, 30.6%, 41.4%, 49.2%, 23.0%]",,,,
18,parallel,34,34,0.050491202,2.065480732,2.021508247,0.000111111,46.16842105,"[40.8%, 49.2%, 42.6%, 38.0%, 53.8%, 45.6%, 52.2%, 55.8%, 52.2%, 55.8%, 60.6%, 57.2%, 50.4%, 38.8%, 39.0%, 30.6%, 41.4%, 49.2%, 24.0%]",,,,
18,parallel,35,35,0.049547787,2.022154998,2.100453109,0.000111111,46.14736842,"[40.8%, 49.2%, 42.6%, 38.0%, 53.8%, 45.6%, 52.2%, 55.8%, 52.2%, 55.8%, 60.6%, 57.2%, 50.4%, 38.8%, 39.0%, 30.6%, 41.4%, 49.2%, 23.6%]",,,,
18,parallel,36,36,0.048651858,2.024530418,2.063231096,0.000111111,46.16842105,"[40.8%, 49.2%, 42.6%, 38.0%, 53.8%, 45.6%, 52.2%, 55.8%, 52.2%, 55.8%, 60.6%, 57.2%, 50.4%, 38.8%, 39.0%, 30.6%, 41.4%, 49.2%, 24.0%]",,,,
18,parallel,37,37,0.047803416,2.022845329,2.002596378,0.000111111,46.25263158,"[40.8%, 49.2%, 42.6%, 38.0%, 53.8%, 45.6%, 52.2%, 55.8%, 52.2%, 55.8%, 60.6%, 57.2%, 50.4%, 38.8%, 39.0%, 30.6%, 41.4%, 49.2%, 25.6%]",,,,
18,parallel,38,38,0.04700246,2.017487268,1.984375417,0.000111111,46.18947368,"[40.8%, 49.2%, 42.6%, 38.0%, 53.8%, 45.6%, 52.2%, 55.8%, 52.2%, 55.8%, 60.6%, 57.2%, 50.4%, 38.8%, 39.0%, 30.6%, 41.4%, 49.2%, 24.4%]",,,,
18,parallel,39,39,0.046248991,2.322753019,2.279250249,0.000111111,45.78947368,"[40.8%, 49.2%, 42.6%, 38.0%, 53.8%, 45.6%, 52.2%, 55.8%, 52.2%, 55.8%, 60.6%, 57.2%, 50.4%, 38.8%, 39.0%, 30.6%, 41.4%, 49.2%, 16.8%]",,,,
18,parallel,40,40,0.045543007,2.171930201,2.135822415,0.000111111,45.94736842,"[40.8%, 49.2%, 42.6%, 38.0%, 53.8%, 45.6%, 52.2%, 55.8%, 52.2%, 55.8%, 60.6%, 57.2%, 50.4%, 38.8%, 39.0%, 30.6%, 41.4%, 49.2%, 19.8%]",,,,
18,parallel,41,41,0.04488451,2.123406748,2.121704146,0.000111111,45.94736842,"[40.8%, 49.2%, 42.6%, 38.0%, 53.8%, 45.6%, 52.2%, 55.8%, 52.2%, 55.8%, 60.6%, 57.2%, 50.4%, 38.8%, 39.0%, 30.6%, 41.4%, 49.2%, 19.8%]",,,,
18,parallel,42,42,0.0442735,2.105688353,2.108657762,0.000111111,45.96842105,"[40.8%, 49.2%, 42.6%, 38.0%, 53.8%, 45.6%, 52.2%, 55.8%, 52.2%, 55.8%, 60.6%, 57.2%, 50.4%, 38.8%, 39.0%, 30.6%, 41.4%, 49.2%, 20.2%]",,,,
18,parallel,43,43,0.043709975,2.100860134,2.106344983,0.000111111,46.05263158,"[40.8%, 49.2%, 42.6%, 38.0%, 53.8%, 45.6%, 52.2%, 55.8%, 52.2%, 55.8%, 60.6%, 57.2%, 50.4%, 38.8%, 39.0%, 30.6%, 41.4%, 49.2%, 21.8%]",,,,
18,parallel,44,44,0.043193937,2.087486827,2.107173726,0.000111111,46.02105263,"[40.8%, 49.2%, 42.6%, 38.0%, 53.8%, 45.6%, 52.2%, 55.8%, 52.2%, 55.8%, 60.6%, 57.2%, 50.4%, 38.8%, 39.0%, 30.6%, 41.4%, 49.2%, 21.2%]",,,,
18,parallel,45,45,0.042725386,2.080771339,2.106369689,0.000111111,46,"[40.8%, 49.2%, 42.6%, 38.0%, 53.8%, 45.6%, 52.2%, 55.8%, 52.2%, 55.8%, 60.6%, 57.2%, 50.4%, 38.8%, 39.0%, 30.6%, 41.4%, 49.2%, 20.8%]",,,,
18,parallel,46,46,0.04230432,2.062316685,2.091661483,0.000111111,46.04210526,"[40.8%, 49.2%, 42.6%, 38.0%, 53.8%, 45.6%, 52.2%, 55.8%, 52.2%, 55.8%, 60.6%, 57.2%, 50.4%, 38.8%, 39.0%, 30.6%, 41.4%, 49.2%, 21.6%]",,,,
18,parallel,47,47,0.041930741,2.052949809,2.072872221,0.000111111,45.93684211,"[40.8%, 49.2%, 42.6%, 38.0%, 53.8%, 45.6%, 52.2%, 55.8%, 52.2%, 55.8%, 60.6%, 57.2%, 50.4%, 38.8%, 39.0%, 30.6%, 41.4%, 49.2%, 19.6%]",,,,
18,parallel,48,48,0.041604649,2.059987946,2.058985367,0.000111111,46.13684211,"[40.8%, 49.2%, 42.6%, 38.0%, 53.8%, 45.6%, 52.2%, 55.8%, 52.2%, 55.8%, 60.6%, 57.2%, 50.4%, 38.8%, 39.0%, 30.6%, 41.4%, 49.2%, 23.4%]",,,,
18,parallel,49,49,0.041326042,2.045857534,2.081565768,0.000111111,46.12631579,"[40.8%, 49.2%, 42.6%, 38.0%, 53.8%, 45.6%, 52.2%, 55.8%, 52.2%, 55.8%, 60.6%, 57.2%, 50.4%, 38.8%, 39.0%, 30.6%, 41.4%, 49.2%, 23.2%]",,,,
18,parallel,50,50,0.041094922,2.039937988,2.029432312,0.000111111,46.23157895,"[40.8%, 49.2%, 42.6%, 38.0%, 53.8%, 45.6%, 52.2%, 55.8%, 52.2%, 55.8%, 60.6%, 57.2%, 50.4%, 38.8%, 39.0%, 30.6%, 41.4%, 49.2%, 25.2%]",,,,
18,parallel,51,51,0.040911288,2.032954756,2.065929189,0.000111111,46.14736842,"[40.8%, 49.2%, 42.6%, 38.0%, 53.8%, 45.6%, 52.2%, 55.8%, 52.2%, 55.8%, 60.6%, 57.2%, 50.4%, 38.8%, 39.0%, 30.6%, 41.4%, 49.2%, 23.6%]",,,,
18,parallel,52,52,0.040775141,2.024307514,2.032917947,0.000111111,46.13684211,"[40.8%, 49.2%, 42.6%, 38.0%, 53.8%, 45.6%, 52.2%, 55.8%, 52.2%, 55.8%, 60.6%, 57.2%, 50.4%, 38.8%, 39.0%, 30.6%, 41.4%, 49.2%, 23.4%]",,,,
18,parallel,53,53,0.04068648,2.022893059,2.032138899,0.000111111,46.14736842,"[40.8%, 49.2%, 42.6%, 38.0%, 53.8%, 45.6%, 52.2%, 55.8%, 52.2%, 55.8%, 60.6%, 57.2%, 50.4%, 38.8%, 39.0%, 30.6%, 41.4%, 49.2%, 23.6%]",,,,
18,parallel,54,54,0.040645305,2.005854507,2.033664301,0.000111111,46.21052632,"[40.8%, 49.2%, 42.6%, 38.0%, 53.8%, 45.6%, 52.2%, 55.8%, 52.2%, 55.8%, 60.6%, 57.2%, 50.4%, 38.8%, 39.0%, 30.6%, 41.4%, 49.2%, 24.8%]",,,,
18,parallel,55,55,0.040642105,2.012333704,2.020824507,0.000111111,46.18947368,"[40.8%, 49.2%, 42.6%, 38.0%, 53.8%, 45.6%, 52.2%, 55.8%, 52.2%, 55.8%, 60.6%, 57.2%, 50.4%, 38.8%, 39.0%, 30.6%, 41.4%, 49.2%, 24.4%]",,,,
18,weights,1,56,0.040642105,1.990717087,1.997634098,0.000111111,46.31578947,"[40.8%, 49.2%, 42.6%, 38.0%, 53.8%, 45.6%, 52.2%, 55.8%, 52.2%, 55.8%, 60.6%, 57.2%, 50.4%, 38.8%, 39.0%, 30.6%, 41.4%, 49.2%, 26.8%]",,,,
18,weights,2,57,0.040642105,1.991728067,1.993560389,0.000111111,46.34736842,"[40.8%, 49.2%, 42.6%, 38.0%, 53.8%, 45.6%, 52.2%, 55.8%, 52.2%, 55.8%, 60.6%, 57.2%, 50.4%, 38.8%, 39.0%, 30.6%, 41.4%, 49.2%, 27.4%]",,,,
18,weights,3,58,0.040642105,1.981859412,1.976962224,0.000111111,46.33684211,"[40.8%, 49.2%, 42.6%, 38.0%, 53.8%, 45.6%, 52.2%, 55.8%, 52.2%, 55.8%, 60.6%, 57.2%, 50.4%, 38.8%, 39.0%, 30.6%, 41.4%, 49.2%, 27.2%]",,,,
18,weights,4,59,0.040642105,1.991522701,1.970310643,0.000111111,46.37894737,"[40.8%, 49.2%, 42.6%, 38.0%, 53.8%, 45.6%, 52.2%, 55.8%, 52.2%, 55.8%, 60.6%, 57.2%, 50.4%, 38.8%, 39.0%, 30.6%, 41.4%, 49.2%, 28.0%]",,,,
18,weights,5,60,0.040642105,1.988279228,2.005083457,0.000111111,46.17894737,"[40.8%, 49.2%, 42.6%, 38.0%, 53.8%, 45.6%, 52.2%, 55.8%, 52.2%, 55.8%, 60.6%, 57.2%, 50.4%, 38.8%, 39.0%, 30.6%, 41.4%, 49.2%, 24.2%]",,,,
18,weights,6,61,0.040642105,1.970380966,1.964886203,0.000111111,46.38947368,"[40.8%, 49.2%, 42.6%, 38.0%, 53.8%, 45.6%, 52.2%, 55.8%, 52.2%, 55.8%, 60.6%, 57.2%, 50.4%, 38.8%, 39.0%, 30.6%, 41.4%, 49.2%, 28.2%]",,,,
18,weights,7,62,0.040642105,1.977104142,1.966391101,0.000111111,46.41052632,"[40.8%, 49.2%, 42.6%, 38.0%, 53.8%, 45.6%, 52.2%, 55.8%, 52.2%, 55.8%, 60.6%, 57.2%, 50.4%, 38.8%, 39.0%, 30.6%, 41.4%, 49.2%, 28.6%]",,,,
18,weights,8,63,0.040642105,1.974105002,1.954231009,0.000111111,46.34736842,"[40.8%, 49.2%, 42.6%, 38.0%, 53.8%, 45.6%, 52.2%, 55.8%, 52.2%, 55.8%, 60.6%, 57.2%, 50.4%, 38.8%, 39.0%, 30.6%, 41.4%, 49.2%, 27.4%]",,,,
18,weights,9,64,0.040642105,1.955837057,1.950140238,0.000111111,46.42105263,"[40.8%, 49.2%, 42.6%, 38.0%, 53.8%, 45.6%, 52.2%, 55.8%, 52.2%, 55.8%, 60.6%, 57.2%, 50.4%, 38.8%, 39.0%, 30.6%, 41.4%, 49.2%, 28.8%]",,,,
18,weights,10,65,0.040642105,1.964554749,1.942983657,0.000111111,46.37894737,"[40.8%, 49.2%, 42.6%, 38.0%, 53.8%, 45.6%, 52.2%, 55.8%, 52.2%, 55.8%, 60.6%, 57.2%, 50.4%, 38.8%, 39.0%, 30.6%, 41.4%, 49.2%, 28.0%]",,,,
18,weights,11,66,0.040642105,1.952371151,1.942406833,0.000111111,46.49473684,"[40.8%, 49.2%, 42.6%, 38.0%, 53.8%, 45.6%, 52.2%, 55.8%, 52.2%, 55.8%, 60.6%, 57.2%, 50.4%, 38.8%, 39.0%, 30.6%, 41.4%, 49.2%, 30.2%]",,,,
18,weights,12,67,0.040642105,1.96006997,1.943608955,0.000111111,46.43157895,"[40.8%, 49.2%, 42.6%, 38.0%, 53.8%, 45.6%, 52.2%, 55.8%, 52.2%, 55.8%, 60.6%, 57.2%, 50.4%, 38.8%, 39.0%, 30.6%, 41.4%, 49.2%, 29.0%]",,,,
18,weights,13,68,0.040642105,1.95108483,1.952603936,0.000111111,46.50526316,"[40.8%, 49.2%, 42.6%, 38.0%, 53.8%, 45.6%, 52.2%, 55.8%, 52.2%, 55.8%, 60.6%, 57.2%, 50.4%, 38.8%, 39.0%, 30.6%, 41.4%, 49.2%, 30.4%]",,,,
18,weights,14,69,0.040642105,1.945924433,1.94006151,0.000111111,46.41052632,"[40.8%, 49.2%, 42.6%, 38.0%, 53.8%, 45.6%, 52.2%, 55.8%, 52.2%, 55.8%, 60.6%, 57.2%, 50.4%, 38.8%, 39.0%, 30.6%, 41.4%, 49.2%, 28.6%]",,,,
18,weights,15,70,0.040642105,1.921563407,1.950590998,0.000111111,46.44210526,"[40.8%, 49.2%, 42.6%, 38.0%, 53.8%, 45.6%, 52.2%, 55.8%, 52.2%, 55.8%, 60.6%, 57.2%, 50.4%, 38.8%, 39.0%, 30.6%, 41.4%, 49.2%, 29.2%]",,,,
18,weights,16,71,0.040642105,1.925152779,1.918039247,0.000111111,46.55789474,"[40.8%, 49.2%, 42.6%, 38.0%, 53.8%, 45.6%, 52.2%, 55.8%, 52.2%, 55.8%, 60.6%, 57.2%, 50.4%, 38.8%, 39.0%, 30.6%, 41.4%, 49.2%, 31.4%]",,,,
18,weights,17,72,0.040642105,1.920174117,1.926129863,0.000111111,46.53684211,"[40.8%, 49.2%, 42.6%, 38.0%, 53.8%, 45.6%, 52.2%, 55.8%, 52.2%, 55.8%, 60.6%, 57.2%, 50.4%, 38.8%, 39.0%, 30.6%, 41.4%, 49.2%, 31.0%]",,,,
18,weights,18,73,0.040642105,1.940593472,1.945191115,0.000111111,46.50526316,"[40.8%, 49.2%, 42.6%, 38.0%, 53.8%, 45.6%, 52.2%, 55.8%, 52.2%, 55.8%, 60.6%, 57.2%, 50.4%, 38.8%, 39.0%, 30.6%, 41.4%, 49.2%, 30.4%]",,,,
18,weights,19,74,0.040642105,1.926798947,1.915808186,0.000111111,46.58947368,"[40.8%, 49.2%, 42.6%, 38.0%, 53.8%, 45.6%, 52.2%, 55.8%, 52.2%, 55.8%, 60.6%, 57.2%, 50.4%, 38.8%, 39.0%, 30.6%, 41.4%, 49.2%, 32.0%]",,,,
18,weights,20,75,0.040642105,1.922160606,1.916308418,0.000111111,46.73684211,"[40.8%, 49.2%, 42.6%, 38.0%, 53.8%, 45.6%, 52.2%, 55.8%, 52.2%, 55.8%, 60.6%, 57.2%, 50.4%, 38.8%, 39.0%, 30.6%, 41.4%, 49.2%, 34.8%]",,,,
18,weights,21,76,0.040642105,1.934219317,1.90730381,0.000111111,46.62105263,"[40.8%, 49.2%, 42.6%, 38.0%, 53.8%, 45.6%, 52.2%, 55.8%, 52.2%, 55.8%, 60.6%, 57.2%, 50.4%, 38.8%, 39.0%, 30.6%, 41.4%, 49.2%, 32.6%]",,,,
18,weights,22,77,0.040642105,1.912025957,1.91919513,0.000111111,46.51578947,"[40.8%, 49.2%, 42.6%, 38.0%, 53.8%, 45.6%, 52.2%, 55.8%, 52.2%, 55.8%, 60.6%, 57.2%, 50.4%, 38.8%, 39.0%, 30.6%, 41.4%, 49.2%, 30.6%]",,,,
18,weights,23,78,0.040642105,1.914324696,1.916399032,0.000111111,46.53684211,"[40.8%, 49.2%, 42.6%, 38.0%, 53.8%, 45.6%, 52.2%, 55.8%, 52.2%, 55.8%, 60.6%, 57.2%, 50.4%, 38.8%, 39.0%, 30.6%, 41.4%, 49.2%, 31.0%]",,,,
18,weights,24,79,0.040642105,1.899284385,1.935707301,0.000111111,46.47368421,"[40.8%, 49.2%, 42.6%, 38.0%, 53.8%, 45.6%, 52.2%, 55.8%, 52.2%, 55.8%, 60.6%, 57.2%, 50.4%, 38.8%, 39.0%, 30.6%, 41.4%, 49.2%, 29.8%]",,,,
18,weights,25,80,0.040642105,1.906988376,1.895711944,0.000111111,46.65263158,"[40.8%, 49.2%, 42.6%, 38.0%, 53.8%, 45.6%, 52.2%, 55.8%, 52.2%, 55.8%, 60.6%, 57.2%, 50.4%, 38.8%, 39.0%, 30.6%, 41.4%, 49.2%, 33.2%]",20.65263158,"[10.6%, 44.4%, 26.8%, 0.0%, 35.4%, 30.0%, 19.6%, 27.8%, 44.6%, 17.0%, 25.0%, 35.2%, 30.0%, 0.0%, 10.0%, 0.0%, 18.4%, 17.6%, 0.0%]",28.68947368,"[30.7%, 41%, 34.3%, 11.6%, 38.7%, 15.6%, 29.2%, 38.2%, 33.4%, 28.4%, 53%, 20.1%, 48.1%, 15%, 14.9%, 27.9%, 24.1%, 24.9%, 16.7%]"
19,parallel,1,1,0.05,7.51496927,6.29847002,0.000111111,44.32,"[40.8%, 49.2%, 42.6%, 38.0%, 53.8%, 45.6%, 52.2%, 55.8%, 52.2%, 55.8%, 60.6%, 57.2%, 50.4%, 38.8%, 39.0%, 30.6%, 41.4%, 49.2%, 33.2%, 0.0%]",,,,
19,parallel,2,2,0.05,6.008269449,5.744716585,0.000111111,44.32,"[40.8%, 49.2%, 42.6%, 38.0%, 53.8%, 45.6%, 52.2%, 55.8%, 52.2%, 55.8%, 60.6%, 57.2%, 50.4%, 38.8%, 39.0%, 30.6%, 41.4%, 49.2%, 33.2%, 0.0%]",,,,
19,parallel,3,3,0.05,5.465675939,5.136135578,0.000111111,44.32,"[40.8%, 49.2%, 42.6%, 38.0%, 53.8%, 45.6%, 52.2%, 55.8%, 52.2%, 55.8%, 60.6%, 57.2%, 50.4%, 38.8%, 39.0%, 30.6%, 41.4%, 49.2%, 33.2%, 0.0%]",,,,
19,parallel,4,4,0.05,4.653282962,4.05198887,0.000111111,44.32,"[40.8%, 49.2%, 42.6%, 38.0%, 53.8%, 45.6%, 52.2%, 55.8%, 52.2%, 55.8%, 60.6%, 57.2%, 50.4%, 38.8%, 39.0%, 30.6%, 41.4%, 49.2%, 33.2%, 0.0%]",,,,
19,parallel,5,5,0.049738375,3.503073394,3.056771249,0.000111111,44.82,"[40.8%, 49.2%, 42.6%, 38.0%, 53.8%, 45.6%, 52.2%, 55.8%, 52.2%, 55.8%, 60.6%, 57.2%, 50.4%, 38.8%, 39.0%, 30.6%, 41.4%, 49.2%, 33.2%, 10.0%]",,,,
19,parallel,6,6,0.049331801,2.818480606,2.635802209,0.000111111,44.82,"[40.8%, 49.2%, 42.6%, 38.0%, 53.8%, 45.6%, 52.2%, 55.8%, 52.2%, 55.8%, 60.6%, 57.2%, 50.4%, 38.8%, 39.0%, 30.6%, 41.4%, 49.2%, 33.2%, 10.0%]",,,,
19,parallel,7,7,0.048933547,2.531585784,2.452596039,0.000111111,44.85,"[40.8%, 49.2%, 42.6%, 38.0%, 53.8%, 45.6%, 52.2%, 55.8%, 52.2%, 55.8%, 60.6%, 57.2%, 50.4%, 38.8%, 39.0%, 30.6%, 41.4%, 49.2%, 33.2%, 10.6%]",,,,
19,parallel,8,8,0.048543613,2.415549746,2.386713207,0.000111111,44.82,"[40.8%, 49.2%, 42.6%, 38.0%, 53.8%, 45.6%, 52.2%, 55.8%, 52.2%, 55.8%, 60.6%, 57.2%, 50.4%, 38.8%, 39.0%, 30.6%, 41.4%, 49.2%, 33.2%, 10.0%]",,,,
19,parallel,9,9,0.048161999,2.371866727,2.356719077,0.000111111,44.82,"[40.8%, 49.2%, 42.6%, 38.0%, 53.8%, 45.6%, 52.2%, 55.8%, 52.2%, 55.8%, 60.6%, 57.2%, 50.4%, 38.8%, 39.0%, 30.6%, 41.4%, 49.2%, 33.2%, 10.0%]",,,,
19,parallel,10,10,0.047788704,2.350643831,2.345921993,0.000111111,44.82,"[40.8%, 49.2%, 42.6%, 38.0%, 53.8%, 45.6%, 52.2%, 55.8%, 52.2%, 55.8%, 60.6%, 57.2%, 50.4%, 38.8%, 39.0%, 30.6%, 41.4%, 49.2%, 33.2%, 10.0%]",,,,
19,parallel,11,11,0.04742373,2.340220463,2.334650517,0.000111111,44.82,"[40.8%, 49.2%, 42.6%, 38.0%, 53.8%, 45.6%, 52.2%, 55.8%, 52.2%, 55.8%, 60.6%, 57.2%, 50.4%, 38.8%, 39.0%, 30.6%, 41.4%, 49.2%, 33.2%, 10.0%]",,,,
19,parallel,12,12,0.047067076,2.332185428,2.327907741,0.000111111,44.82,"[40.8%, 49.2%, 42.6%, 38.0%, 53.8%, 45.6%, 52.2%, 55.8%, 52.2%, 55.8%, 60.6%, 57.2%, 50.4%, 38.8%, 39.0%, 30.6%, 41.4%, 49.2%, 33.2%, 10.0%]",,,,
19,parallel,13,13,0.046718742,2.330256308,2.319656134,0.000111111,44.82,"[40.8%, 49.2%, 42.6%, 38.0%, 53.8%, 45.6%, 52.2%, 55.8%, 52.2%, 55.8%, 60.6%, 57.2%, 50.4%, 38.8%, 39.0%, 30.6%, 41.4%, 49.2%, 33.2%, 10.0%]",,,,
19,parallel,14,14,0.046378728,2.318948052,2.312851936,0.000111111,44.82,"[40.8%, 49.2%, 42.6%, 38.0%, 53.8%, 45.6%, 52.2%, 55.8%, 52.2%, 55.8%, 60.6%, 57.2%, 50.4%, 38.8%, 39.0%, 30.6%, 41.4%, 49.2%, 33.2%, 10.0%]",,,,
19,parallel,15,15,0.046047033,2.299967404,2.268101633,0.000111111,45.04,"[40.8%, 49.2%, 42.6%, 38.0%, 53.8%, 45.6%, 52.2%, 55.8%, 52.2%, 55.8%, 60.6%, 57.2%, 50.4%, 38.8%, 39.0%, 30.6%, 41.4%, 49.2%, 33.2%, 14.4%]",,,,
19,parallel,16,16,0.045723659,2.162384694,2.04921101,0.000111111,45.16,"[40.8%, 49.2%, 42.6%, 38.0%, 53.8%, 45.6%, 52.2%, 55.8%, 52.2%, 55.8%, 60.6%, 57.2%, 50.4%, 38.8%, 39.0%, 30.6%, 41.4%, 49.2%, 33.2%, 16.8%]",,,,
19,parallel,17,17,0.045408605,2.022003539,1.930171266,0.000111111,45.37,"[40.8%, 49.2%, 42.6%, 38.0%, 53.8%, 45.6%, 52.2%, 55.8%, 52.2%, 55.8%, 60.6%, 57.2%, 50.4%, 38.8%, 39.0%, 30.6%, 41.4%, 49.2%, 33.2%, 21.0%]",,,,
19,parallel,18,18,0.045101871,1.956395643,1.890931353,0.000111111,45.37,"[40.8%, 49.2%, 42.6%, 38.0%, 53.8%, 45.6%, 52.2%, 55.8%, 52.2%, 55.8%, 60.6%, 57.2%, 50.4%, 38.8%, 39.0%, 30.6%, 41.4%, 49.2%, 33.2%, 21.0%]",,,,
19,parallel,19,19,0.044803457,1.916898832,1.871822715,0.000111111,45.52,"[40.8%, 49.2%, 42.6%, 38.0%, 53.8%, 45.6%, 52.2%, 55.8%, 52.2%, 55.8%, 60.6%, 57.2%, 50.4%, 38.8%, 39.0%, 30.6%, 41.4%, 49.2%, 33.2%, 24.0%]",,,,
19,parallel,20,20,0.044513363,1.93019354,1.872090653,0.000111111,45.38,"[40.8%, 49.2%, 42.6%, 38.0%, 53.8%, 45.6%, 52.2%, 55.8%, 52.2%, 55.8%, 60.6%, 57.2%, 50.4%, 38.8%, 39.0%, 30.6%, 41.4%, 49.2%, 33.2%, 21.2%]",,,,
19,parallel,21,21,0.044231588,1.903023711,1.831350699,0.000111111,45.46,"[40.8%, 49.2%, 42.6%, 38.0%, 53.8%, 45.6%, 52.2%, 55.8%, 52.2%, 55.8%, 60.6%, 57.2%, 50.4%, 38.8%, 39.0%, 30.6%, 41.4%, 49.2%, 33.2%, 22.8%]",,,,
19,parallel,22,22,0.043958134,1.884936165,1.82341969,0.000111111,45.54,"[40.8%, 49.2%, 42.6%, 38.0%, 53.8%, 45.6%, 52.2%, 55.8%, 52.2%, 55.8%, 60.6%, 57.2%, 50.4%, 38.8%, 39.0%, 30.6%, 41.4%, 49.2%, 33.2%, 24.4%]",,,,
19,parallel,23,23,0.043693,1.88194563,1.818816707,0.000111111,45.5,"[40.8%, 49.2%, 42.6%, 38.0%, 53.8%, 45.6%, 52.2%, 55.8%, 52.2%, 55.8%, 60.6%, 57.2%, 50.4%, 38.8%, 39.0%, 30.6%, 41.4%, 49.2%, 33.2%, 23.6%]",,,,
19,parallel,24,24,0.043436186,1.87905792,1.81735082,0.000111111,45.44,"[40.8%, 49.2%, 42.6%, 38.0%, 53.8%, 45.6%, 52.2%, 55.8%, 52.2%, 55.8%, 60.6%, 57.2%, 50.4%, 38.8%, 39.0%, 30.6%, 41.4%, 49.2%, 33.2%, 22.4%]",,,,
19,parallel,25,25,0.043187692,1.873936861,1.80931446,0.000111111,45.53,"[40.8%, 49.2%, 42.6%, 38.0%, 53.8%, 45.6%, 52.2%, 55.8%, 52.2%, 55.8%, 60.6%, 57.2%, 50.4%, 38.8%, 39.0%, 30.6%, 41.4%, 49.2%, 33.2%, 24.2%]",,,,
19,parallel,26,26,0.042947518,1.865133575,1.835898936,0.000111111,45.57,"[40.8%, 49.2%, 42.6%, 38.0%, 53.8%, 45.6%, 52.2%, 55.8%, 52.2%, 55.8%, 60.6%, 57.2%, 50.4%, 38.8%, 39.0%, 30.6%, 41.4%, 49.2%, 33.2%, 25.0%]",,,,
19,parallel,27,27,0.042715663,1.864430695,1.792897716,0.000111111,45.48,"[40.8%, 49.2%, 42.6%, 38.0%, 53.8%, 45.6%, 52.2%, 55.8%, 52.2%, 55.8%, 60.6%, 57.2%, 50.4%, 38.8%, 39.0%, 30.6%, 41.4%, 49.2%, 33.2%, 23.2%]",,,,
19,parallel,28,28,0.042492129,1.845456587,1.804300949,0.000111111,45.52,"[40.8%, 49.2%, 42.6%, 38.0%, 53.8%, 45.6%, 52.2%, 55.8%, 52.2%, 55.8%, 60.6%, 57.2%, 50.4%, 38.8%, 39.0%, 30.6%, 41.4%, 49.2%, 33.2%, 24.0%]",,,,
19,parallel,29,29,0.042276915,1.834571027,1.772452191,0.000111111,45.56,"[40.8%, 49.2%, 42.6%, 38.0%, 53.8%, 45.6%, 52.2%, 55.8%, 52.2%, 55.8%, 60.6%, 57.2%, 50.4%, 38.8%, 39.0%, 30.6%, 41.4%, 49.2%, 33.2%, 24.8%]",,,,
19,parallel,30,30,0.042070021,1.839482064,1.823147222,0.000111111,45.55,"[40.8%, 49.2%, 42.6%, 38.0%, 53.8%, 45.6%, 52.2%, 55.8%, 52.2%, 55.8%, 60.6%, 57.2%, 50.4%, 38.8%, 39.0%, 30.6%, 41.4%, 49.2%, 33.2%, 24.6%]",,,,
19,parallel,31,31,0.041871447,1.826376886,1.769836113,0.000111111,45.72,"[40.8%, 49.2%, 42.6%, 38.0%, 53.8%, 45.6%, 52.2%, 55.8%, 52.2%, 55.8%, 60.6%, 57.2%, 50.4%, 38.8%, 39.0%, 30.6%, 41.4%, 49.2%, 33.2%, 28.0%]",,,,
19,parallel,32,32,0.041681192,1.822000955,1.74253796,0.000111111,45.63,"[40.8%, 49.2%, 42.6%, 38.0%, 53.8%, 45.6%, 52.2%, 55.8%, 52.2%, 55.8%, 60.6%, 57.2%, 50.4%, 38.8%, 39.0%, 30.6%, 41.4%, 49.2%, 33.2%, 26.2%]",,,,
19,parallel,33,33,0.041499258,1.824194881,1.747873008,0.000111111,45.74,"[40.8%, 49.2%, 42.6%, 38.0%, 53.8%, 45.6%, 52.2%, 55.8%, 52.2%, 55.8%, 60.6%, 57.2%, 50.4%, 38.8%, 39.0%, 30.6%, 41.4%, 49.2%, 33.2%, 28.4%]",,,,
19,parallel,34,34,0.041325644,1.793744276,1.768663153,0.000111111,45.67,"[40.8%, 49.2%, 42.6%, 38.0%, 53.8%, 45.6%, 52.2%, 55.8%, 52.2%, 55.8%, 60.6%, 57.2%, 50.4%, 38.8%, 39.0%, 30.6%, 41.4%, 49.2%, 33.2%, 27.0%]",,,,
19,parallel,35,35,0.04116035,1.787774895,1.724885181,0.000111111,45.75,"[40.8%, 49.2%, 42.6%, 38.0%, 53.8%, 45.6%, 52.2%, 55.8%, 52.2%, 55.8%, 60.6%, 57.2%, 50.4%, 38.8%, 39.0%, 30.6%, 41.4%, 49.2%, 33.2%, 28.6%]",,,,
19,parallel,36,36,0.041003376,1.796147111,1.741896585,0.000111111,45.84,"[40.8%, 49.2%, 42.6%, 38.0%, 53.8%, 45.6%, 52.2%, 55.8%, 52.2%, 55.8%, 60.6%, 57.2%, 50.4%, 38.8%, 39.0%, 30.6%, 41.4%, 49.2%, 33.2%, 30.4%]",,,,
19,parallel,37,37,0.040854722,1.795964316,1.752414465,0.000111111,45.79,"[40.8%, 49.2%, 42.6%, 38.0%, 53.8%, 45.6%, 52.2%, 55.8%, 52.2%, 55.8%, 60.6%, 57.2%, 50.4%, 38.8%, 39.0%, 30.6%, 41.4%, 49.2%, 33.2%, 29.4%]",,,,
19,parallel,38,38,0.040714387,1.779134023,1.705351159,0.000111111,45.9,"[40.8%, 49.2%, 42.6%, 38.0%, 53.8%, 45.6%, 52.2%, 55.8%, 52.2%, 55.8%, 60.6%, 57.2%, 50.4%, 38.8%, 39.0%, 30.6%, 41.4%, 49.2%, 33.2%, 31.6%]",,,,
19,parallel,39,39,0.040582373,1.774385651,1.710512176,0.000111111,45.84,"[40.8%, 49.2%, 42.6%, 38.0%, 53.8%, 45.6%, 52.2%, 55.8%, 52.2%, 55.8%, 60.6%, 57.2%, 50.4%, 38.8%, 39.0%, 30.6%, 41.4%, 49.2%, 33.2%, 30.4%]",,,,
19,parallel,40,40,0.040458679,1.75257389,1.6858695,0.000111111,45.86,"[40.8%, 49.2%, 42.6%, 38.0%, 53.8%, 45.6%, 52.2%, 55.8%, 52.2%, 55.8%, 60.6%, 57.2%, 50.4%, 38.8%, 39.0%, 30.6%, 41.4%, 49.2%, 33.2%, 30.8%]",,,,
19,parallel,41,41,0.040343305,1.729909201,1.704645485,0.000111111,45.9,"[40.8%, 49.2%, 42.6%, 38.0%, 53.8%, 45.6%, 52.2%, 55.8%, 52.2%, 55.8%, 60.6%, 57.2%, 50.4%, 38.8%, 39.0%, 30.6%, 41.4%, 49.2%, 33.2%, 31.6%]",,,,
19,parallel,42,42,0.040236251,1.76136366,1.744497433,0.000111111,45.85,"[40.8%, 49.2%, 42.6%, 38.0%, 53.8%, 45.6%, 52.2%, 55.8%, 52.2%, 55.8%, 60.6%, 57.2%, 50.4%, 38.8%, 39.0%, 30.6%, 41.4%, 49.2%, 33.2%, 30.6%]",,,,
19,parallel,43,43,0.040137517,1.699390414,1.65450877,0.000111111,45.98,"[40.8%, 49.2%, 42.6%, 38.0%, 53.8%, 45.6%, 52.2%, 55.8%, 52.2%, 55.8%, 60.6%, 57.2%, 50.4%, 38.8%, 39.0%, 30.6%, 41.4%, 49.2%, 33.2%, 33.2%]",,,,
19,parallel,44,44,0.040047102,1.713380866,1.675306246,0.000111111,46,"[40.8%, 49.2%, 42.6%, 38.0%, 53.8%, 45.6%, 52.2%, 55.8%, 52.2%, 55.8%, 60.6%, 57.2%, 50.4%, 38.8%, 39.0%, 30.6%, 41.4%, 49.2%, 33.2%, 33.6%]",,,,
19,parallel,45,45,0.039965008,1.6937674,1.662394702,0.000111111,45.98,"[40.8%, 49.2%, 42.6%, 38.0%, 53.8%, 45.6%, 52.2%, 55.8%, 52.2%, 55.8%, 60.6%, 57.2%, 50.4%, 38.8%, 39.0%, 30.6%, 41.4%, 49.2%, 33.2%, 33.2%]",,,,
19,parallel,46,46,0.039891234,1.677596823,1.610864401,0.000111111,46.2,"[40.8%, 49.2%, 42.6%, 38.0%, 53.8%, 45.6%, 52.2%, 55.8%, 52.2%, 55.8%, 60.6%, 57.2%, 50.4%, 38.8%, 39.0%, 30.6%, 41.4%, 49.2%, 33.2%, 37.6%]",,,,
19,parallel,47,47,0.03982578,1.685674965,1.583613008,0.000111111,46.18,"[40.8%, 49.2%, 42.6%, 38.0%, 53.8%, 45.6%, 52.2%, 55.8%, 52.2%, 55.8%, 60.6%, 57.2%, 50.4%, 38.8%, 39.0%, 30.6%, 41.4%, 49.2%, 33.2%, 37.2%]",,,,
19,parallel,48,48,0.039768646,1.651971924,1.604652092,0.000111111,46.21,"[40.8%, 49.2%, 42.6%, 38.0%, 53.8%, 45.6%, 52.2%, 55.8%, 52.2%, 55.8%, 60.6%, 57.2%, 50.4%, 38.8%, 39.0%, 30.6%, 41.4%, 49.2%, 33.2%, 37.8%]",,,,
19,parallel,49,49,0.039719831,1.649564844,1.682352275,0.000111111,46.03,"[40.8%, 49.2%, 42.6%, 38.0%, 53.8%, 45.6%, 52.2%, 55.8%, 52.2%, 55.8%, 60.6%, 57.2%, 50.4%, 38.8%, 39.0%, 30.6%, 41.4%, 49.2%, 33.2%, 34.2%]",,,,
19,parallel,50,50,0.039679337,1.655759407,1.608127266,0.000111111,46.25,"[40.8%, 49.2%, 42.6%, 38.0%, 53.8%, 45.6%, 52.2%, 55.8%, 52.2%, 55.8%, 60.6%, 57.2%, 50.4%, 38.8%, 39.0%, 30.6%, 41.4%, 49.2%, 33.2%, 38.6%]",,,,
19,parallel,51,51,0.039647163,1.623985472,1.665748224,0.000111111,46.09,"[40.8%, 49.2%, 42.6%, 38.0%, 53.8%, 45.6%, 52.2%, 55.8%, 52.2%, 55.8%, 60.6%, 57.2%, 50.4%, 38.8%, 39.0%, 30.6%, 41.4%, 49.2%, 33.2%, 35.4%]",,,,
19,parallel,52,52,0.039623309,1.627498245,1.541798353,0.000111111,46.45,"[40.8%, 49.2%, 42.6%, 38.0%, 53.8%, 45.6%, 52.2%, 55.8%, 52.2%, 55.8%, 60.6%, 57.2%, 50.4%, 38.8%, 39.0%, 30.6%, 41.4%, 49.2%, 33.2%, 42.6%]",,,,
19,parallel,53,53,0.039607775,1.612855975,1.545235813,0.000111111,46.25,"[40.8%, 49.2%, 42.6%, 38.0%, 53.8%, 45.6%, 52.2%, 55.8%, 52.2%, 55.8%, 60.6%, 57.2%, 50.4%, 38.8%, 39.0%, 30.6%, 41.4%, 49.2%, 33.2%, 38.6%]",,,,
19,parallel,54,54,0.039600561,1.605550528,1.544948727,0.000111111,46.25,"[40.8%, 49.2%, 42.6%, 38.0%, 53.8%, 45.6%, 52.2%, 55.8%, 52.2%, 55.8%, 60.6%, 57.2%, 50.4%, 38.8%, 39.0%, 30.6%, 41.4%, 49.2%, 33.2%, 38.6%]",,,,
19,parallel,55,55,0.0396,1.584934438,1.539508641,0.000111111,46.21,"[40.8%, 49.2%, 42.6%, 38.0%, 53.8%, 45.6%, 52.2%, 55.8%, 52.2%, 55.8%, 60.6%, 57.2%, 50.4%, 38.8%, 39.0%, 30.6%, 41.4%, 49.2%, 33.2%, 37.8%]",,,,
19,weights,1,56,0.0396,1.571644262,1.603348374,0.000111111,46.14,"[40.8%, 49.2%, 42.6%, 38.0%, 53.8%, 45.6%, 52.2%, 55.8%, 52.2%, 55.8%, 60.6%, 57.2%, 50.4%, 38.8%, 39.0%, 30.6%, 41.4%, 49.2%, 33.2%, 36.4%]",,,,
19,weights,2,57,0.0396,1.562312328,1.494870543,0.000111111,46.53,"[40.8%, 49.2%, 42.6%, 38.0%, 53.8%, 45.6%, 52.2%, 55.8%, 52.2%, 55.8%, 60.6%, 57.2%, 50.4%, 38.8%, 39.0%, 30.6%, 41.4%, 49.2%, 33.2%, 44.2%]",,,,
19,weights,3,58,0.0396,1.551789417,1.490677878,0.000111111,46.49,"[40.8%, 49.2%, 42.6%, 38.0%, 53.8%, 45.6%, 52.2%, 55.8%, 52.2%, 55.8%, 60.6%, 57.2%, 50.4%, 38.8%, 39.0%, 30.6%, 41.4%, 49.2%, 33.2%, 43.4%]",,,,
19,weights,4,59,0.0396,1.543696738,1.534974039,0.000111111,46.42,"[40.8%, 49.2%, 42.6%, 38.0%, 53.8%, 45.6%, 52.2%, 55.8%, 52.2%, 55.8%, 60.6%, 57.2%, 50.4%, 38.8%, 39.0%, 30.6%, 41.4%, 49.2%, 33.2%, 42.0%]",,,,
19,weights,5,60,0.0396,1.553332475,1.522854522,0.000111111,46.54,"[40.8%, 49.2%, 42.6%, 38.0%, 53.8%, 45.6%, 52.2%, 55.8%, 52.2%, 55.8%, 60.6%, 57.2%, 50.4%, 38.8%, 39.0%, 30.6%, 41.4%, 49.2%, 33.2%, 44.4%]",,,,
19,weights,6,61,0.0396,1.541616313,1.505820841,0.000111111,46.49,"[40.8%, 49.2%, 42.6%, 38.0%, 53.8%, 45.6%, 52.2%, 55.8%, 52.2%, 55.8%, 60.6%, 57.2%, 50.4%, 38.8%, 39.0%, 30.6%, 41.4%, 49.2%, 33.2%, 43.4%]",,,,
19,weights,7,62,0.0396,1.545639848,1.520376608,0.000111111,46.31,"[40.8%, 49.2%, 42.6%, 38.0%, 53.8%, 45.6%, 52.2%, 55.8%, 52.2%, 55.8%, 60.6%, 57.2%, 50.4%, 38.8%, 39.0%, 30.6%, 41.4%, 49.2%, 33.2%, 39.8%]",,,,
19,weights,8,63,0.0396,1.543385589,1.440996453,0.000111111,46.62,"[40.8%, 49.2%, 42.6%, 38.0%, 53.8%, 45.6%, 52.2%, 55.8%, 52.2%, 55.8%, 60.6%, 57.2%, 50.4%, 38.8%, 39.0%, 30.6%, 41.4%, 49.2%, 33.2%, 46.0%]",,,,
19,weights,9,64,0.0396,1.524396528,1.476027012,0.000111111,46.54,"[40.8%, 49.2%, 42.6%, 38.0%, 53.8%, 45.6%, 52.2%, 55.8%, 52.2%, 55.8%, 60.6%, 57.2%, 50.4%, 38.8%, 39.0%, 30.6%, 41.4%, 49.2%, 33.2%, 44.4%]",,,,
19,weights,10,65,0.0396,1.505004229,1.466700837,0.000111111,46.6,"[40.8%, 49.2%, 42.6%, 38.0%, 53.8%, 45.6%, 52.2%, 55.8%, 52.2%, 55.8%, 60.6%, 57.2%, 50.4%, 38.8%, 39.0%, 30.6%, 41.4%, 49.2%, 33.2%, 45.6%]",,,,
19,weights,11,66,0.0396,1.516414555,1.513071448,0.000111111,46.38,"[40.8%, 49.2%, 42.6%, 38.0%, 53.8%, 45.6%, 52.2%, 55.8%, 52.2%, 55.8%, 60.6%, 57.2%, 50.4%, 38.8%, 39.0%, 30.6%, 41.4%, 49.2%, 33.2%, 41.2%]",,,,
19,weights,12,67,0.0396,1.500092405,1.436074927,0.000111111,46.61,"[40.8%, 49.2%, 42.6%, 38.0%, 53.8%, 45.6%, 52.2%, 55.8%, 52.2%, 55.8%, 60.6%, 57.2%, 50.4%, 38.8%, 39.0%, 30.6%, 41.4%, 49.2%, 33.2%, 45.8%]",,,,
19,weights,13,68,0.0396,1.486532813,1.47408776,0.000111111,46.52,"[40.8%, 49.2%, 42.6%, 38.0%, 53.8%, 45.6%, 52.2%, 55.8%, 52.2%, 55.8%, 60.6%, 57.2%, 50.4%, 38.8%, 39.0%, 30.6%, 41.4%, 49.2%, 33.2%, 44.0%]",,,,
19,weights,14,69,0.0396,1.490761843,1.488545686,0.000111111,46.52,"[40.8%, 49.2%, 42.6%, 38.0%, 53.8%, 45.6%, 52.2%, 55.8%, 52.2%, 55.8%, 60.6%, 57.2%, 50.4%, 38.8%, 39.0%, 30.6%, 41.4%, 49.2%, 33.2%, 44.0%]",,,,
19,weights,15,70,0.0396,1.478328557,1.50827986,0.000111111,46.44,"[40.8%, 49.2%, 42.6%, 38.0%, 53.8%, 45.6%, 52.2%, 55.8%, 52.2%, 55.8%, 60.6%, 57.2%, 50.4%, 38.8%, 39.0%, 30.6%, 41.4%, 49.2%, 33.2%, 42.4%]",,,,
19,weights,16,71,0.0396,1.504796556,1.408163846,0.000111111,46.78,"[40.8%, 49.2%, 42.6%, 38.0%, 53.8%, 45.6%, 52.2%, 55.8%, 52.2%, 55.8%, 60.6%, 57.2%, 50.4%, 38.8%, 39.0%, 30.6%, 41.4%, 49.2%, 33.2%, 49.2%]",,,,
19,weights,17,72,0.0396,1.465619787,1.440661937,0.000111111,46.55,"[40.8%, 49.2%, 42.6%, 38.0%, 53.8%, 45.6%, 52.2%, 55.8%, 52.2%, 55.8%, 60.6%, 57.2%, 50.4%, 38.8%, 39.0%, 30.6%, 41.4%, 49.2%, 33.2%, 44.6%]",,,,
19,weights,18,73,0.0396,1.466549006,1.461363196,0.000111111,46.47,"[40.8%, 49.2%, 42.6%, 38.0%, 53.8%, 45.6%, 52.2%, 55.8%, 52.2%, 55.8%, 60.6%, 57.2%, 50.4%, 38.8%, 39.0%, 30.6%, 41.4%, 49.2%, 33.2%, 43.0%]",,,,
19,weights,19,74,0.0396,1.461363281,1.385031521,0.000111111,46.73,"[40.8%, 49.2%, 42.6%, 38.0%, 53.8%, 45.6%, 52.2%, 55.8%, 52.2%, 55.8%, 60.6%, 57.2%, 50.4%, 38.8%, 39.0%, 30.6%, 41.4%, 49.2%, 33.2%, 48.2%]",,,,
19,weights,20,75,0.0396,1.479672934,1.44476945,0.000111111,46.54,"[40.8%, 49.2%, 42.6%, 38.0%, 53.8%, 45.6%, 52.2%, 55.8%, 52.2%, 55.8%, 60.6%, 57.2%, 50.4%, 38.8%, 39.0%, 30.6%, 41.4%, 49.2%, 33.2%, 44.4%]",,,,
19,weights,21,76,0.0396,1.449602888,1.386723667,0.000111111,46.73,"[40.8%, 49.2%, 42.6%, 38.0%, 53.8%, 45.6%, 52.2%, 55.8%, 52.2%, 55.8%, 60.6%, 57.2%, 50.4%, 38.8%, 39.0%, 30.6%, 41.4%, 49.2%, 33.2%, 48.2%]",,,,
19,weights,22,77,0.0396,1.453975229,1.340983525,0.000111111,46.74,"[40.8%, 49.2%, 42.6%, 38.0%, 53.8%, 45.6%, 52.2%, 55.8%, 52.2%, 55.8%, 60.6%, 57.2%, 50.4%, 38.8%, 39.0%, 30.6%, 41.4%, 49.2%, 33.2%, 48.4%]",,,,
19,weights,23,78,0.0396,1.432533551,1.372854382,0.000111111,46.79,"[40.8%, 49.2%, 42.6%, 38.0%, 53.8%, 45.6%, 52.2%, 55.8%, 52.2%, 55.8%, 60.6%, 57.2%, 50.4%, 38.8%, 39.0%, 30.6%, 41.4%, 49.2%, 33.2%, 49.4%]",,,,
19,weights,24,79,0.0396,1.446335903,1.385758579,0.000111111,46.83,"[40.8%, 49.2%, 42.6%, 38.0%, 53.8%, 45.6%, 52.2%, 55.8%, 52.2%, 55.8%, 60.6%, 57.2%, 50.4%, 38.8%, 39.0%, 30.6%, 41.4%, 49.2%, 33.2%, 50.2%]",,,,
19,weights,25,80,0.0396,1.449051139,1.340817928,0.000111111,46.87,"[40.8%, 49.2%, 42.6%, 38.0%, 53.8%, 45.6%, 52.2%, 55.8%, 52.2%, 55.8%, 60.6%, 57.2%, 50.4%, 38.8%, 39.0%, 30.6%, 41.4%, 49.2%, 33.2%, 51.0%]",19.62,"[10.6%, 44.4%, 26.8%, 0.0%, 35.4%, 30.0%, 19.6%, 27.8%, 44.6%, 17.0%, 25.0%, 35.2%, 30.0%, 0.0%, 10.0%, 0.0%, 18.4%, 17.6%, 0.0%, 0.0%]",23.99,"[14.6%, 27.7%, 16.4%, 11.3%, 27.4%, 19.3%, 29%, 27.3%, 36.9%, 28.3%, 44.1%, 26.6%, 29.3%, 11.2%, 17.8%, 20.8%, 24.5%, 24.5%, 16.6%, 27%]"
