task_idx,phase,epoch_in_phase,global_epoch,kappa,train_loss,val_loss,lr,til_avg,til_per_task,cil_stand_avg,cil_stand_per_task,cil_znorm_avg,cil_znorm_per_task
0,parallel,1,1,0.5,2.696082743,2.346944839,0.001,10,[10.0%],,,,
0,parallel,2,2,0.5,2.289365542,2.201566458,0.001,23.2,[23.2%],,,,
0,parallel,3,3,0.5,2.157398933,2.049371198,0.001,26,[26.0%],,,,
0,parallel,4,4,0.5,2.045829325,1.982673228,0.001,26.2,[26.2%],,,,
0,parallel,5,5,0.488916167,1.951902983,1.917546347,0.001,32.2,[32.2%],,,,
0,parallel,6,6,0.471691496,1.901274571,1.893698767,0.001,32,[32.0%],,,,
0,parallel,7,7,0.454819304,1.865992619,1.823128507,0.001,33.8,[33.8%],,,,
0,parallel,8,8,0.438299593,1.84425633,1.815839097,0.001,35.8,[35.8%],,,,
0,parallel,9,9,0.422132362,1.786444137,1.799386285,0.001,31.6,[31.6%],,,,
0,parallel,10,10,0.40631761,1.76420843,1.767037466,0.001,38,[38.0%],,,,
0,parallel,11,11,0.390855339,1.71196413,1.852794066,0.001,33.6,[33.6%],,,,
0,parallel,12,12,0.375745548,1.696931258,1.685468264,0.001,41.2,[41.2%],,,,
0,parallel,13,13,0.360988236,1.660154904,1.579570659,0.001,43,[43.0%],,,,
0,parallel,14,14,0.346583405,1.610130185,1.665137067,0.001,42,[42.0%],,,,
0,parallel,15,15,0.332531053,1.596213869,1.546279579,0.001,47.8,[47.8%],,,,
0,parallel,16,16,0.318831182,1.553197829,1.557966821,0.001,46.2,[46.2%],,,,
0,parallel,17,17,0.305483791,1.540489325,1.563142739,0.001,43.8,[43.8%],,,,
0,parallel,18,18,0.292488879,1.527191954,1.49967666,0.001,46,[46.0%],,,,
0,parallel,19,19,0.279846448,1.482754623,1.547827154,0.001,45,[45.0%],,,,
0,parallel,20,20,0.267556496,1.517545721,1.717981726,0.001,37.8,[37.8%],,,,
0,parallel,21,21,0.255619025,1.492262652,1.49109292,0.001,46.6,[46.6%],,,,
0,parallel,22,22,0.244034034,1.475017095,1.506933562,0.001,46.8,[46.8%],,,,
0,parallel,23,23,0.232801522,1.557611585,1.495513052,0.001,48.4,[48.4%],,,,
0,parallel,24,24,0.221921491,1.458908909,1.462460123,0.001,49.8,[49.8%],,,,
0,parallel,25,25,0.211393939,1.492222112,1.431562491,0.001,50,[50.0%],,,,
0,parallel,26,26,0.201218868,1.484994362,1.455924284,0.001,49,[49.0%],,,,
0,parallel,27,27,0.191396277,1.459644573,1.446442463,0.001,47.8,[47.8%],,,,
0,parallel,28,28,0.181926165,1.482865721,1.44304312,0.001,49.8,[49.8%],,,,
0,parallel,29,29,0.172808534,1.470672902,1.396461211,0.001,52,[52.0%],,,,
0,parallel,30,30,0.164043382,1.478553318,1.473464675,0.001,50.4,[50.4%],,,,
0,parallel,31,31,0.155630711,1.467654992,1.507612973,0.001,45.6,[45.6%],,,,
0,parallel,32,32,0.14757052,1.465355337,1.402613498,0.001,51.6,[51.6%],,,,
0,parallel,33,33,0.139862808,1.471828147,1.503114119,0.001,47.6,[47.6%],,,,
0,parallel,34,34,0.132507577,1.494987577,1.600821927,0.000333333,44,[44.0%],,,,
0,parallel,35,35,0.125504826,1.409434571,1.400718875,0.000333333,51.8,[51.8%],,,,
0,parallel,36,36,0.118854554,1.607606272,1.535783239,0.000333333,47.6,[47.6%],,,,
0,parallel,37,37,0.112556763,1.561591405,1.538965583,0.000333333,46,[46.0%],,,,
0,parallel,38,38,0.106611451,1.657565461,1.623083472,0.000333333,45.4,[45.4%],,,,
0,parallel,39,39,0.10101862,1.646131283,1.662571646,0.000111111,43.8,[43.8%],,,,
0,parallel,40,40,0.095778269,1.652777225,1.64943362,0.000111111,45.8,[45.8%],,,,
0,parallel,41,41,0.090890397,1.908903516,1.828750491,0.000111111,39.6,[39.6%],,,,
0,parallel,42,42,0.086355006,1.845357294,1.804661497,0.000111111,39.4,[39.4%],,,,
0,parallel,43,43,0.082172094,1.853742473,1.82187508,0.000111111,40.6,[40.6%],,,,
0,parallel,44,44,0.078341663,1.852356361,1.825636819,0.000111111,39.8,[39.8%],,,,
0,parallel,45,45,0.074863712,2.184153309,2.088819638,0.000111111,29.4,[29.4%],,,,
0,parallel,46,46,0.07173824,2.089291862,2.050930709,0.000111111,32,[32.0%],,,,
0,parallel,47,47,0.068965249,2.140462376,2.123484179,0.000111111,31,[31.0%],,,,
0,parallel,48,48,0.066544737,2.098835554,2.0645089,0.000111111,35,[35.0%],,,,
0,parallel,49,49,0.064476706,2.072500003,2.054774567,0.000111111,35.4,[35.4%],,,,
0,parallel,50,50,0.062761155,2.075452483,2.055511966,0.000111111,34.8,[34.8%],,,,
0,parallel,51,51,0.061398083,2.260575207,2.193859503,0.000111111,24.8,[24.8%],,,,
0,parallel,52,52,0.060387492,2.193218838,2.172194242,0.000111111,27.6,[27.6%],,,,
0,parallel,53,53,0.05972938,2.149729409,2.119341359,0.000111111,30.8,[30.8%],,,,
0,parallel,54,54,0.059423749,2.116348709,2.075699806,0.000111111,30.2,[30.2%],,,,
0,parallel,55,55,0.0594,2.086764758,2.042896181,0.000111111,32.6,[32.6%],,,,
0,weights,1,56,0.0594,2.065270294,2.01882273,0.000111111,33.4,[33.4%],,,,
0,weights,2,57,0.0594,2.032979854,1.996798575,0.000111111,36.2,[36.2%],,,,
0,weights,3,58,0.0594,2.015255014,1.980647013,0.000111111,36.4,[36.4%],,,,
0,weights,4,59,0.0594,1.997588571,1.961790845,0.000111111,38.2,[38.2%],,,,
0,weights,5,60,0.0594,1.984315521,1.94486855,0.000111111,37.8,[37.8%],,,,
0,weights,6,61,0.0594,1.963178651,1.931598753,0.000111111,37.8,[37.8%],,,,
0,weights,7,62,0.0594,1.940961187,1.908267766,0.000111111,37,[37.0%],,,,
0,weights,8,63,0.0594,1.934415476,1.889933169,0.000111111,38,[38.0%],,,,
0,weights,9,64,0.0594,1.910504196,1.875322014,0.000111111,38.4,[38.4%],,,,
0,weights,10,65,0.0594,1.906186828,1.860611752,0.000111111,40.8,[40.8%],,,,
0,weights,11,66,0.0594,1.882284546,1.854973122,0.000111111,39.8,[39.8%],,,,
0,weights,12,67,0.0594,1.898037846,1.845012486,0.000111111,39.8,[39.8%],,,,
0,weights,13,68,0.0594,1.875019039,1.824826241,0.000111111,39.8,[39.8%],,,,
0,weights,14,69,0.0594,1.867048226,1.818596587,0.000111111,39.8,[39.8%],,,,
0,weights,15,70,0.0594,1.847480347,1.81049639,0.000111111,39.8,[39.8%],,,,
0,weights,16,71,0.0594,1.846288082,1.799951695,0.000111111,42,[42.0%],,,,
0,weights,17,72,0.0594,1.827355967,1.792011827,0.000111111,40.4,[40.4%],,,,
0,weights,18,73,0.0594,1.823963657,1.783716112,0.000111111,40.8,[40.8%],,,,
0,weights,19,74,0.0594,1.814878954,1.77419655,0.000111111,40,[40.0%],,,,
0,weights,20,75,0.0594,1.816480717,1.767978691,0.000111111,41.6,[41.6%],,,,
0,weights,21,76,0.0594,1.803694496,1.761808664,0.000111111,40.6,[40.6%],,,,
0,weights,22,77,0.0594,1.793302249,1.760335758,0.000111111,42.2,[42.2%],,,,
0,weights,23,78,0.0594,1.795234009,1.752939761,0.000111111,42.4,[42.4%],,,,
0,weights,24,79,0.0594,1.77530248,1.744433478,0.000111111,41.8,[41.8%],,,,
0,weights,25,80,0.0594,1.776131407,1.74319943,0.000111111,41.6,[41.6%],41.6,[41.6%],44.6,[44.6%]
1,parallel,1,1,0.5,3.39098777,2.348880649,0.000111111,25.8,"[41.6%, 10.0%]",,,,
1,parallel,2,2,0.5,2.335014808,2.315011531,0.000111111,27.3,"[41.6%, 13.0%]",,,,
1,parallel,3,3,0.5,2.290508699,2.223727763,0.000111111,30.4,"[41.6%, 19.2%]",,,,
1,parallel,4,4,0.5,2.192551393,2.070010036,0.000111111,35.8,"[41.6%, 30.0%]",,,,
1,parallel,5,5,0.488889952,2.119722727,2.021807939,0.000111111,34.5,"[41.6%, 27.4%]",,,,
1,parallel,6,6,0.471624541,2.029254026,1.955666304,0.000111111,36.6,"[41.6%, 31.6%]",,,,
1,parallel,7,7,0.454712443,1.989044641,1.889698908,0.000111111,38.3,"[41.6%, 35.0%]",,,,
1,parallel,8,8,0.43815366,1.899010756,1.823929802,0.000111111,38.2,"[41.6%, 34.8%]",,,,
1,parallel,9,9,0.42194819,1.834389656,1.814885125,0.000111111,40.5,"[41.6%, 39.4%]",,,,
1,parallel,10,10,0.406096033,1.812453985,1.793662056,0.000111111,39.2,"[41.6%, 36.8%]",,,,
1,parallel,11,11,0.39059719,1.765941967,1.691405609,0.000111111,41.8,"[41.6%, 42.0%]",,,,
1,parallel,12,12,0.375451661,1.731060558,1.675157771,0.000111111,41.7,"[41.6%, 41.8%]",,,,
1,parallel,13,13,0.360659446,1.705153956,1.634648591,0.000111111,43.5,"[41.6%, 45.4%]",,,,
1,parallel,14,14,0.346220544,1.648953245,1.618463099,0.000111111,43.2,"[41.6%, 44.8%]",,,,
1,parallel,15,15,0.332134957,1.64893107,1.586628348,0.000111111,44.1,"[41.6%, 46.6%]",,,,
1,parallel,16,16,0.318402682,1.62172777,1.523202956,0.000111111,45.6,"[41.6%, 49.6%]",,,,
1,parallel,17,17,0.305023722,1.588567996,1.587933272,0.000111111,44.3,"[41.6%, 47.0%]",,,,
1,parallel,18,18,0.291998075,1.611983281,1.596755549,0.000111111,43.6,"[41.6%, 45.6%]",,,,
1,parallel,19,19,0.279325742,1.579314796,1.576339193,0.000111111,43.9,"[41.6%, 46.2%]",,,,
1,parallel,20,20,0.267006722,1.541146337,1.48164244,0.000111111,45.3,"[41.6%, 49.0%]",,,,
1,parallel,21,21,0.255041016,1.549708125,1.467576772,0.000111111,45.3,"[41.6%, 49.0%]",,,,
1,parallel,22,22,0.243428624,1.515057481,1.452235833,0.000111111,46,"[41.6%, 50.4%]",,,,
1,parallel,23,23,0.232169546,1.541334768,1.49020455,0.000111111,45.4,"[41.6%, 49.2%]",,,,
1,parallel,24,24,0.221263781,1.481395359,1.421762191,0.000111111,46.4,"[41.6%, 51.2%]",,,,
1,parallel,25,25,0.21071133,1.504415328,1.471890979,0.000111111,46.1,"[41.6%, 50.6%]",,,,
1,parallel,26,26,0.200512192,1.527555005,1.414715283,0.000111111,46.7,"[41.6%, 51.8%]",,,,
1,parallel,27,27,0.190666368,1.485310797,1.425994128,0.000111111,47.7,"[41.6%, 53.8%]",,,,
1,parallel,28,28,0.181173858,1.492868334,1.439447805,0.000111111,46.8,"[41.6%, 52.0%]",,,,
1,parallel,29,29,0.172034662,1.479542043,1.431208186,0.000111111,46.9,"[41.6%, 52.2%]",,,,
1,parallel,30,30,0.163248779,1.540580706,1.449824013,0.000111111,46.5,"[41.6%, 51.4%]",,,,
1,parallel,31,31,0.15481621,1.504615978,1.492014661,0.000111111,45.7,"[41.6%, 49.8%]",,,,
1,parallel,32,32,0.146736955,1.494835994,1.48441492,0.000111111,46.6,"[41.6%, 51.6%]",,,,
1,parallel,33,33,0.139011013,1.529227768,1.48798459,0.000111111,46.1,"[41.6%, 50.6%]",,,,
1,parallel,34,34,0.131638385,1.550340065,1.4870511,0.000111111,46.7,"[41.6%, 51.8%]",,,,
1,parallel,35,35,0.124619071,1.566153913,1.641048245,0.000111111,41.7,"[41.6%, 41.8%]",,,,
1,parallel,36,36,0.117953071,1.588144352,1.523106076,0.000111111,45.6,"[41.6%, 49.6%]",,,,
1,parallel,37,37,0.111640384,1.581356139,1.483691454,0.000111111,47,"[41.6%, 52.4%]",,,,
1,parallel,38,38,0.10568101,1.645297564,1.513643205,0.000111111,47.1,"[41.6%, 52.6%]",,,,
1,parallel,39,39,0.100074951,1.614041149,1.525696933,0.000111111,45.8,"[41.6%, 50.0%]",,,,
1,parallel,40,40,0.094822205,1.582749756,1.538685948,0.000111111,46.4,"[41.6%, 51.2%]",,,,
1,parallel,41,41,0.089922773,1.688466917,1.563310355,0.000111111,45.2,"[41.6%, 48.8%]",,,,
1,parallel,42,42,0.085376654,1.665792311,1.593225867,0.000111111,44.9,"[41.6%, 48.2%]",,,,
1,parallel,43,43,0.08118385,1.623559295,1.561879992,0.000111111,45,"[41.6%, 48.4%]",,,,
1,parallel,44,44,0.077344358,1.779937688,1.783633277,0.000111111,40.1,"[41.6%, 38.6%]",,,,
1,parallel,45,45,0.073858181,1.781414866,1.66617845,0.000111111,42.9,"[41.6%, 44.2%]",,,,
1,parallel,46,46,0.070725317,1.719138655,1.662686244,0.000111111,43.4,"[41.6%, 45.2%]",,,,
1,parallel,47,47,0.067945767,1.735973043,1.755563498,0.000111111,41.6,"[41.6%, 41.6%]",,,,
1,parallel,48,48,0.065519531,1.709764114,1.631751478,0.000111111,43.8,"[41.6%, 46.0%]",,,,
1,parallel,49,49,0.063446608,1.659192831,1.612693936,0.000111111,44.1,"[41.6%, 46.6%]",,,,
1,parallel,50,50,0.061726999,1.770712496,1.683108866,0.000111111,42.4,"[41.6%, 43.2%]",,,,
1,parallel,51,51,0.060360704,1.716507563,1.690959588,0.000111111,43.8,"[41.6%, 46.0%]",,,,
1,parallel,52,52,0.059347722,1.665640715,1.709826976,0.000111111,42.9,"[41.6%, 44.2%]",,,,
1,parallel,53,53,0.058688054,1.65957011,1.607346967,0.000111111,44,"[41.6%, 46.4%]",,,,
1,parallel,54,54,0.0583817,1.67106588,1.6395794,0.000111111,43.9,"[41.6%, 46.2%]",,,,
1,parallel,55,55,0.058357895,1.612799957,1.599521011,0.000111111,43.5,"[41.6%, 45.4%]",,,,
1,weights,1,56,0.058357895,1.588055037,1.551916212,0.000111111,44,"[41.6%, 46.4%]",,,,
1,weights,2,57,0.058357895,1.58598511,1.571607791,0.000111111,43.9,"[41.6%, 46.2%]",,,,
1,weights,3,58,0.058357895,1.564461203,1.60670346,0.000111111,42.7,"[41.6%, 43.8%]",,,,
1,weights,4,59,0.058357895,1.557057856,1.541110881,0.000111111,44.7,"[41.6%, 47.8%]",,,,
1,weights,5,60,0.058357895,1.532296111,1.584877871,0.000111111,44.1,"[41.6%, 46.6%]",,,,
1,weights,6,61,0.058357895,1.522180513,1.509111889,0.000111111,44.4,"[41.6%, 47.2%]",,,,
1,weights,7,62,0.058357895,1.529136566,1.522253096,0.000111111,45.6,"[41.6%, 49.6%]",,,,
1,weights,8,63,0.058357895,1.507694859,1.471876755,0.000111111,46,"[41.6%, 50.4%]",,,,
1,weights,9,64,0.058357895,1.484087528,1.492316037,0.000111111,45.1,"[41.6%, 48.6%]",,,,
1,weights,10,65,0.058357895,1.491367059,1.486247964,0.000111111,45.6,"[41.6%, 49.6%]",,,,
1,weights,11,66,0.058357895,1.468634697,1.46113874,0.000111111,45.6,"[41.6%, 49.6%]",,,,
1,weights,12,67,0.058357895,1.460973305,1.463894494,0.000111111,45.7,"[41.6%, 49.8%]",,,,
1,weights,13,68,0.058357895,1.446572136,1.474388361,0.000111111,45.5,"[41.6%, 49.4%]",,,,
1,weights,14,69,0.058357895,1.451120948,1.456792824,0.000111111,46,"[41.6%, 50.4%]",,,,
1,weights,15,70,0.058357895,1.432435185,1.4365234,0.000111111,45.7,"[41.6%, 49.8%]",,,,
1,weights,16,71,0.058357895,1.435032926,1.465052485,0.000111111,45.5,"[41.6%, 49.4%]",,,,
1,weights,17,72,0.058357895,1.442110087,1.457923874,0.000111111,46.9,"[41.6%, 52.2%]",,,,
1,weights,18,73,0.058357895,1.423627792,1.422044136,0.000111111,46.5,"[41.6%, 51.4%]",,,,
1,weights,19,74,0.058357895,1.42480342,1.442586288,0.000111111,46.4,"[41.6%, 51.2%]",,,,
1,weights,20,75,0.058357895,1.407309004,1.430644371,0.000111111,46.1,"[41.6%, 50.6%]",,,,
1,weights,21,76,0.058357895,1.412413399,1.419874631,0.000111111,46.7,"[41.6%, 51.8%]",,,,
1,weights,22,77,0.058357895,1.393887103,1.446277574,0.000111111,46.6,"[41.6%, 51.6%]",,,,
1,weights,23,78,0.058357895,1.396771878,1.47763931,0.000111111,46.1,"[41.6%, 50.6%]",,,,
1,weights,24,79,0.058357895,1.373354693,1.42798274,0.000111111,46.6,"[41.6%, 51.6%]",,,,
1,weights,25,80,0.058357895,1.377831324,1.412332684,0.000111111,47.2,"[41.6%, 52.8%]",31.6,"[10.4%, 52.8%]",43.95,"[44.3%, 43.6%]"
2,parallel,1,1,0.5,4.00197317,2.367430478,0.000111111,34.93333333,"[41.6%, 52.8%, 10.4%]",,,,
2,parallel,2,2,0.5,2.341831588,2.323930681,0.000111111,34.8,"[41.6%, 52.8%, 10.0%]",,,,
2,parallel,3,3,0.5,2.32410389,2.325210392,0.000111111,35.26666667,"[41.6%, 52.8%, 11.4%]",,,,
2,parallel,4,4,0.5,2.315606286,2.303837419,0.000111111,37.46666667,"[41.6%, 52.8%, 18.0%]",,,,
2,parallel,5,5,0.488863736,2.264324451,2.175070196,0.000111111,37.46666667,"[41.6%, 52.8%, 18.0%]",,,,
2,parallel,6,6,0.471557586,2.130673425,1.972865865,0.000111111,40,"[41.6%, 52.8%, 25.6%]",,,,
2,parallel,7,7,0.454605582,1.98580331,2.027787194,0.000111111,39.33333333,"[41.6%, 52.8%, 23.6%]",,,,
2,parallel,8,8,0.438007726,1.926640034,1.929877236,0.000111111,40,"[41.6%, 52.8%, 25.6%]",,,,
2,parallel,9,9,0.421764017,1.892285945,1.87647061,0.000111111,42.06666667,"[41.6%, 52.8%, 31.8%]",,,,
2,parallel,10,10,0.405874456,1.864283396,1.844115332,0.000111111,42.2,"[41.6%, 52.8%, 32.2%]",,,,
2,parallel,11,11,0.390339042,1.816518204,1.82507734,0.000111111,42.53333333,"[41.6%, 52.8%, 33.2%]",,,,
2,parallel,12,12,0.375157775,1.790044763,1.741356,0.000111111,43.53333333,"[41.6%, 52.8%, 36.2%]",,,,
2,parallel,13,13,0.360330656,1.744500875,1.767035052,0.000111111,43.26666667,"[41.6%, 52.8%, 35.4%]",,,,
2,parallel,14,14,0.345857684,1.724302636,1.775050461,0.000111111,43.33333333,"[41.6%, 52.8%, 35.6%]",,,,
2,parallel,15,15,0.33173886,1.710283368,1.673289768,0.000111111,44.6,"[41.6%, 52.8%, 39.4%]",,,,
2,parallel,16,16,0.317974183,1.664095172,1.750128351,0.000111111,43.13333333,"[41.6%, 52.8%, 35.0%]",,,,
2,parallel,17,17,0.304563653,1.640808609,1.67672231,0.000111111,44.26666667,"[41.6%, 52.8%, 38.4%]",,,,
2,parallel,18,18,0.29150727,1.638021846,1.707743563,0.000111111,44.33333333,"[41.6%, 52.8%, 38.6%]",,,,
2,parallel,19,19,0.278805035,1.582253459,1.644526929,0.000111111,45.4,"[41.6%, 52.8%, 41.8%]",,,,
2,parallel,20,20,0.266456948,1.577996351,1.596962258,0.000111111,45.86666667,"[41.6%, 52.8%, 43.2%]",,,,
2,parallel,21,21,0.254463007,1.583133503,1.557595104,0.000111111,45.73333333,"[41.6%, 52.8%, 42.8%]",,,,
2,parallel,22,22,0.242823214,1.577639044,1.615520947,0.000111111,44.93333333,"[41.6%, 52.8%, 40.4%]",,,,
2,parallel,23,23,0.231537569,1.562669095,1.708510458,0.000111111,43.6,"[41.6%, 52.8%, 36.4%]",,,,
2,parallel,24,24,0.220606071,1.573484336,1.681326836,0.000111111,44.6,"[41.6%, 52.8%, 39.4%]",,,,
2,parallel,25,25,0.21002872,1.582043286,1.5398684,0.000111111,46.46666667,"[41.6%, 52.8%, 45.0%]",,,,
2,parallel,26,26,0.199805516,1.542449396,1.674767792,0.000111111,43.8,"[41.6%, 52.8%, 37.0%]",,,,
2,parallel,27,27,0.18993646,1.549072669,1.538733438,0.000111111,46.73333333,"[41.6%, 52.8%, 45.8%]",,,,
2,parallel,28,28,0.180421551,1.551203583,1.648505032,0.000111111,45.06666667,"[41.6%, 52.8%, 40.8%]",,,,
2,parallel,29,29,0.17126079,1.57703615,1.561327547,0.000111111,46.33333333,"[41.6%, 52.8%, 44.6%]",,,,
2,parallel,30,30,0.162454176,1.574299109,1.548512302,0.000111111,46.06666667,"[41.6%, 52.8%, 43.8%]",,,,
2,parallel,31,31,0.154001709,1.611947211,1.564452693,0.000111111,46.6,"[41.6%, 52.8%, 45.4%]",,,,
2,parallel,32,32,0.14590339,1.558564797,1.641162559,0.000111111,45.4,"[41.6%, 52.8%, 41.8%]",,,,
2,parallel,33,33,0.138159218,1.591629793,1.587509602,0.000111111,46.13333333,"[41.6%, 52.8%, 44.0%]",,,,
2,parallel,34,34,0.130769194,1.571451789,1.548567735,0.000111111,46.2,"[41.6%, 52.8%, 44.2%]",,,,
2,parallel,35,35,0.123733317,1.606758696,1.656128511,0.000111111,44.93333333,"[41.6%, 52.8%, 40.4%]",,,,
2,parallel,36,36,0.117051587,1.62776225,1.717591241,0.000111111,43.93333333,"[41.6%, 52.8%, 37.4%]",,,,
2,parallel,37,37,0.110724004,1.618594207,1.561144412,0.000111111,46.53333333,"[41.6%, 52.8%, 45.2%]",,,,
2,parallel,38,38,0.104750569,1.700674033,1.594515987,0.000111111,45.33333333,"[41.6%, 52.8%, 41.6%]",,,,
2,parallel,39,39,0.099131282,1.615284547,1.613998599,0.000111111,44.73333333,"[41.6%, 52.8%, 39.8%]",,,,
2,parallel,40,40,0.093866141,1.631087422,1.622019,0.000111111,45.4,"[41.6%, 52.8%, 41.8%]",,,,
2,parallel,41,41,0.088955149,1.742678633,1.674264923,0.000111111,44.86666667,"[41.6%, 52.8%, 40.2%]",,,,
2,parallel,42,42,0.084398303,1.690445153,1.684399396,0.000111111,44,"[41.6%, 52.8%, 37.6%]",,,,
2,parallel,43,43,0.080195605,1.677464834,1.67784676,0.000111111,45.13333333,"[41.6%, 52.8%, 41.0%]",,,,
2,parallel,44,44,0.076347054,1.832182223,1.720900849,0.000111111,44.73333333,"[41.6%, 52.8%, 39.8%]",,,,
2,parallel,45,45,0.07285265,1.760559782,1.69173792,0.000111111,44.86666667,"[41.6%, 52.8%, 40.2%]",,,,
2,parallel,46,46,0.069712394,1.778409688,1.753454864,0.000111111,44,"[41.6%, 52.8%, 37.6%]",,,,
2,parallel,47,47,0.066926286,1.737002131,1.735597841,0.000111111,44,"[41.6%, 52.8%, 37.6%]",,,,
2,parallel,48,48,0.064494324,1.75815429,1.739783689,0.000111111,44.26666667,"[41.6%, 52.8%, 38.4%]",,,,
2,parallel,49,49,0.06241651,1.916897342,2.145405218,0.000111111,39.53333333,"[41.6%, 52.8%, 24.2%]",,,,
2,parallel,50,50,0.060692844,1.937775868,1.877465919,0.000111111,42.13333333,"[41.6%, 52.8%, 32.0%]",,,,
2,parallel,51,51,0.059323324,1.785594445,1.750311978,0.000111111,44.73333333,"[41.6%, 52.8%, 39.8%]",,,,
2,parallel,52,52,0.058307953,1.820487632,1.76102978,0.000111111,45.26666667,"[41.6%, 52.8%, 41.4%]",,,,
2,parallel,53,53,0.057646728,1.769603773,1.760540962,0.000111111,44.6,"[41.6%, 52.8%, 39.4%]",,,,
2,parallel,54,54,0.057339651,1.749142772,1.734359771,0.000111111,44.13333333,"[41.6%, 52.8%, 38.0%]",,,,
2,parallel,55,55,0.057315789,1.724974011,1.700120591,0.000111111,45,"[41.6%, 52.8%, 40.6%]",,,,
2,weights,1,56,0.057315789,1.693528928,1.670419417,0.000111111,45.46666667,"[41.6%, 52.8%, 42.0%]",,,,
2,weights,2,57,0.057315789,1.67053497,1.706121393,0.000111111,44.86666667,"[41.6%, 52.8%, 40.2%]",,,,
2,weights,3,58,0.057315789,1.663416194,1.651060037,0.000111111,45.2,"[41.6%, 52.8%, 41.2%]",,,,
2,weights,4,59,0.057315789,1.665271383,1.654828638,0.000111111,44.6,"[41.6%, 52.8%, 39.4%]",,,,
2,weights,5,60,0.057315789,1.62150892,1.61196892,0.000111111,45.26666667,"[41.6%, 52.8%, 41.4%]",,,,
2,weights,6,61,0.057315789,1.611619764,1.634220503,0.000111111,44.53333333,"[41.6%, 52.8%, 39.2%]",,,,
2,weights,7,62,0.057315789,1.602329494,1.629139453,0.000111111,45.06666667,"[41.6%, 52.8%, 40.8%]",,,,
2,weights,8,63,0.057315789,1.58183565,1.62556152,0.000111111,45.06666667,"[41.6%, 52.8%, 40.8%]",,,,
2,weights,9,64,0.057315789,1.589894435,1.607564032,0.000111111,44.93333333,"[41.6%, 52.8%, 40.4%]",,,,
2,weights,10,65,0.057315789,1.575614492,1.575504817,0.000111111,45.66666667,"[41.6%, 52.8%, 42.6%]",,,,
2,weights,11,66,0.057315789,1.562615392,1.637629732,0.000111111,44.8,"[41.6%, 52.8%, 40.0%]",,,,
2,weights,12,67,0.057315789,1.552707152,1.616800323,0.000111111,44.46666667,"[41.6%, 52.8%, 39.0%]",,,,
2,weights,13,68,0.057315789,1.539079127,1.558087535,0.000111111,45.46666667,"[41.6%, 52.8%, 42.0%]",,,,
2,weights,14,69,0.057315789,1.546063532,1.568146251,0.000111111,46.86666667,"[41.6%, 52.8%, 46.2%]",,,,
2,weights,15,70,0.057315789,1.550668424,1.562987812,0.000111111,46.86666667,"[41.6%, 52.8%, 46.2%]",,,,
2,weights,16,71,0.057315789,1.52743284,1.541775659,0.000111111,46.53333333,"[41.6%, 52.8%, 45.2%]",,,,
2,weights,17,72,0.057315789,1.528050077,1.582285486,0.000111111,45.26666667,"[41.6%, 52.8%, 41.4%]",,,,
2,weights,18,73,0.057315789,1.539220077,1.550887667,0.000111111,46.53333333,"[41.6%, 52.8%, 45.2%]",,,,
2,weights,19,74,0.057315789,1.525537539,1.54211814,0.000111111,45.6,"[41.6%, 52.8%, 42.4%]",,,,
2,weights,20,75,0.057315789,1.505689795,1.561000109,0.000111111,45.46666667,"[41.6%, 52.8%, 42.0%]",,,,
2,weights,21,76,0.057315789,1.507577152,1.56009426,0.000111111,45.6,"[41.6%, 52.8%, 42.4%]",,,,
2,weights,22,77,0.057315789,1.503719552,1.539187178,0.000111111,45.93333333,"[41.6%, 52.8%, 43.4%]",,,,
2,weights,23,78,0.057315789,1.497155405,1.537185363,0.000111111,45.73333333,"[41.6%, 52.8%, 42.8%]",,,,
2,weights,24,79,0.057315789,1.504667782,1.554022945,0.000111111,45.8,"[41.6%, 52.8%, 43.0%]",,,,
2,weights,25,80,0.057315789,1.513013162,1.519204207,0.000111111,47,"[41.6%, 52.8%, 46.6%]",30.33333333,"[10.4%, 52.8%, 27.8%]",36.43333333,"[44.2%, 33.8%, 31%]"
3,parallel,1,1,0.5,4.438309585,2.378225535,0.000111111,37.75,"[41.6%, 52.8%, 46.6%, 10.0%]",,,,
3,parallel,2,2,0.5,2.34762843,2.345001966,0.000111111,37.75,"[41.6%, 52.8%, 46.6%, 10.0%]",,,,
3,parallel,3,3,0.5,2.316253442,2.278948516,0.000111111,38.9,"[41.6%, 52.8%, 46.6%, 14.6%]",,,,
3,parallel,4,4,0.5,2.256234697,2.266873002,0.000111111,38.4,"[41.6%, 52.8%, 46.6%, 12.6%]",,,,
3,parallel,5,5,0.488837521,2.160860089,2.127312884,0.000111111,40.1,"[41.6%, 52.8%, 46.6%, 19.4%]",,,,
3,parallel,6,6,0.47149063,2.07851202,1.982028022,0.000111111,41.05,"[41.6%, 52.8%, 46.6%, 23.2%]",,,,
3,parallel,7,7,0.454498721,2.017837568,2.192765936,0.000111111,40.5,"[41.6%, 52.8%, 46.6%, 21.0%]",,,,
3,parallel,8,8,0.437861792,1.988131961,1.967299968,0.000111111,40.8,"[41.6%, 52.8%, 46.6%, 22.2%]",,,,
3,parallel,9,9,0.421579845,1.944076727,1.921497032,0.000111111,42.4,"[41.6%, 52.8%, 46.6%, 28.6%]",,,,
3,parallel,10,10,0.405652879,1.899442882,1.853117138,0.000111111,43.45,"[41.6%, 52.8%, 46.6%, 32.8%]",,,,
3,parallel,11,11,0.390080893,1.850817125,1.824066222,0.000111111,42.85,"[41.6%, 52.8%, 46.6%, 30.4%]",,,,
3,parallel,12,12,0.374863889,1.805150741,1.877171114,0.000111111,42.95,"[41.6%, 52.8%, 46.6%, 30.8%]",,,,
3,parallel,13,13,0.360001866,1.804560477,1.76945065,0.000111111,43.45,"[41.6%, 52.8%, 46.6%, 32.8%]",,,,
3,parallel,14,14,0.345494824,1.767958816,1.738984287,0.000111111,44.05,"[41.6%, 52.8%, 46.6%, 35.2%]",,,,
3,parallel,15,15,0.331342763,1.754683369,1.698684946,0.000111111,45.1,"[41.6%, 52.8%, 46.6%, 39.4%]",,,,
3,parallel,16,16,0.317545683,1.729734537,1.740032196,0.000111111,44.45,"[41.6%, 52.8%, 46.6%, 36.8%]",,,,
3,parallel,17,17,0.304103584,1.736617962,1.678914711,0.000111111,44.8,"[41.6%, 52.8%, 46.6%, 38.2%]",,,,
3,parallel,18,18,0.291016466,1.707555182,1.624706984,0.000111111,45.35,"[41.6%, 52.8%, 46.6%, 40.4%]",,,,
3,parallel,19,19,0.278284329,1.69589118,1.660741732,0.000111111,45.4,"[41.6%, 52.8%, 46.6%, 40.6%]",,,,
3,parallel,20,20,0.265907173,1.703976726,1.613828406,0.000111111,45.7,"[41.6%, 52.8%, 46.6%, 41.8%]",,,,
3,parallel,21,21,0.253884998,1.660228102,1.648329794,0.000111111,45.25,"[41.6%, 52.8%, 46.6%, 40.0%]",,,,
3,parallel,22,22,0.242217805,1.71479957,1.655025952,0.000111111,45.8,"[41.6%, 52.8%, 46.6%, 42.2%]",,,,
3,parallel,23,23,0.230905592,1.681953928,1.723158881,0.000111111,45.25,"[41.6%, 52.8%, 46.6%, 40.0%]",,,,
3,parallel,24,24,0.21994836,1.650535866,1.678644545,0.000111111,45.4,"[41.6%, 52.8%, 46.6%, 40.6%]",,,,
3,parallel,25,25,0.20934611,1.6862204,1.564498112,0.000111111,46.45,"[41.6%, 52.8%, 46.6%, 44.8%]",,,,
3,parallel,26,26,0.19909884,1.66393783,1.557131901,0.000111111,45.8,"[41.6%, 52.8%, 46.6%, 42.2%]",,,,
3,parallel,27,27,0.189206552,1.624600158,1.531047925,0.000111111,46.4,"[41.6%, 52.8%, 46.6%, 44.6%]",,,,
3,parallel,28,28,0.179669245,1.629645239,1.717485726,0.000111111,44.75,"[41.6%, 52.8%, 46.6%, 38.0%]",,,,
3,parallel,29,29,0.170486918,1.684501646,1.643601775,0.000111111,45.15,"[41.6%, 52.8%, 46.6%, 39.6%]",,,,
3,parallel,30,30,0.161659573,1.618952235,1.54793112,0.000111111,46.1,"[41.6%, 52.8%, 46.6%, 43.4%]",,,,
3,parallel,31,31,0.153187209,1.700487487,1.625365078,0.000111111,45.55,"[41.6%, 52.8%, 46.6%, 41.2%]",,,,
3,parallel,32,32,0.145069826,1.658792017,1.572689116,0.000111111,46.45,"[41.6%, 52.8%, 46.6%, 44.8%]",,,,
3,parallel,33,33,0.137307423,1.72092464,1.689993918,0.000111111,45.2,"[41.6%, 52.8%, 46.6%, 39.8%]",,,,
3,parallel,34,34,0.129900002,1.685527045,1.683504656,0.000111111,45.5,"[41.6%, 52.8%, 46.6%, 41.0%]",,,,
3,parallel,35,35,0.122847562,1.744267865,1.716520518,0.000111111,44.55,"[41.6%, 52.8%, 46.6%, 37.2%]",,,,
3,parallel,36,36,0.116150103,1.751961234,1.669295102,0.000111111,44.75,"[41.6%, 52.8%, 46.6%, 38.0%]",,,,
3,parallel,37,37,0.109807625,1.70615395,1.635109857,0.000111111,45.25,"[41.6%, 52.8%, 46.6%, 40.0%]",,,,
3,parallel,38,38,0.103820129,1.791568035,1.792870432,0.000111111,43.2,"[41.6%, 52.8%, 46.6%, 31.8%]",,,,
3,parallel,39,39,0.098187613,1.77823704,1.727453336,0.000111111,43.9,"[41.6%, 52.8%, 46.6%, 34.6%]",,,,
3,parallel,40,40,0.092910078,1.902276866,1.870630741,0.000111111,43.3,"[41.6%, 52.8%, 46.6%, 32.2%]",,,,
3,parallel,41,41,0.087987524,1.854841175,1.782704294,0.000111111,44.55,"[41.6%, 52.8%, 46.6%, 37.2%]",,,,
3,parallel,42,42,0.083419952,1.860990331,1.808548599,0.000111111,43.65,"[41.6%, 52.8%, 46.6%, 33.6%]",,,,
3,parallel,43,43,0.07920736,1.802303866,1.787983328,0.000111111,43.95,"[41.6%, 52.8%, 46.6%, 34.8%]",,,,
3,parallel,44,44,0.075349749,2.014761122,1.908766866,0.000111111,43.35,"[41.6%, 52.8%, 46.6%, 32.4%]",,,,
3,parallel,45,45,0.07184712,1.893921052,1.876286969,0.000111111,43.55,"[41.6%, 52.8%, 46.6%, 33.2%]",,,,
3,parallel,46,46,0.068699471,1.895881523,1.930594206,0.000111111,43.45,"[41.6%, 52.8%, 46.6%, 32.8%]",,,,
3,parallel,47,47,0.065906804,1.888351078,1.845940858,0.000111111,43.8,"[41.6%, 52.8%, 46.6%, 34.2%]",,,,
3,parallel,48,48,0.063469118,1.853621892,1.777308822,0.000111111,44.3,"[41.6%, 52.8%, 46.6%, 36.2%]",,,,
3,parallel,49,49,0.061386412,2.009653555,1.90653418,0.000111111,42.6,"[41.6%, 52.8%, 46.6%, 29.4%]",,,,
3,parallel,50,50,0.059658688,1.927890003,1.895245329,0.000111111,43.1,"[41.6%, 52.8%, 46.6%, 31.4%]",,,,
3,parallel,51,51,0.058285945,1.904297894,1.863007054,0.000111111,43.15,"[41.6%, 52.8%, 46.6%, 31.6%]",,,,
3,parallel,52,52,0.057268183,1.914650105,1.846987069,0.000111111,43.4,"[41.6%, 52.8%, 46.6%, 32.6%]",,,,
3,parallel,53,53,0.056605402,1.873498912,1.81783171,0.000111111,43.15,"[41.6%, 52.8%, 46.6%, 31.6%]",,,,
3,parallel,54,54,0.056297602,1.855824452,1.784344494,0.000111111,43.5,"[41.6%, 52.8%, 46.6%, 33.0%]",,,,
3,parallel,55,55,0.056273684,1.836131417,1.77869837,0.000111111,43.85,"[41.6%, 52.8%, 46.6%, 34.4%]",,,,
3,weights,1,56,0.056273684,1.808566769,1.745352373,0.000111111,44.35,"[41.6%, 52.8%, 46.6%, 36.4%]",,,,
3,weights,2,57,0.056273684,1.786178762,1.758486867,0.000111111,43.9,"[41.6%, 52.8%, 46.6%, 34.6%]",,,,
3,weights,3,58,0.056273684,1.786768376,1.724263221,0.000111111,44.2,"[41.6%, 52.8%, 46.6%, 35.8%]",,,,
3,weights,4,59,0.056273684,1.771863094,1.707811236,0.000111111,44.35,"[41.6%, 52.8%, 46.6%, 36.4%]",,,,
3,weights,5,60,0.056273684,1.777381524,1.694822609,0.000111111,44,"[41.6%, 52.8%, 46.6%, 35.0%]",,,,
3,weights,6,61,0.056273684,1.744300562,1.684177235,0.000111111,44.55,"[41.6%, 52.8%, 46.6%, 37.2%]",,,,
3,weights,7,62,0.056273684,1.748963896,1.668759063,0.000111111,44.45,"[41.6%, 52.8%, 46.6%, 36.8%]",,,,
3,weights,8,63,0.056273684,1.731006598,1.674541667,0.000111111,44.35,"[41.6%, 52.8%, 46.6%, 36.4%]",,,,
3,weights,9,64,0.056273684,1.737052349,1.708964929,0.000111111,43.65,"[41.6%, 52.8%, 46.6%, 33.6%]",,,,
3,weights,10,65,0.056273684,1.721964409,1.692664757,0.000111111,44.45,"[41.6%, 52.8%, 46.6%, 36.8%]",,,,
3,weights,11,66,0.056273684,1.70350522,1.636591837,0.000111111,45.15,"[41.6%, 52.8%, 46.6%, 39.6%]",,,,
3,weights,12,67,0.056273684,1.696876677,1.655020788,0.000111111,44.25,"[41.6%, 52.8%, 46.6%, 36.0%]",,,,
3,weights,13,68,0.056273684,1.682773586,1.658256233,0.000111111,43.85,"[41.6%, 52.8%, 46.6%, 34.4%]",,,,
3,weights,14,69,0.056273684,1.690289025,1.738497764,0.000111111,44,"[41.6%, 52.8%, 46.6%, 35.0%]",,,,
3,weights,15,70,0.056273684,1.680106557,1.626090631,0.000111111,44.65,"[41.6%, 52.8%, 46.6%, 37.6%]",,,,
3,weights,16,71,0.056273684,1.684387171,1.677676052,0.000111111,44.4,"[41.6%, 52.8%, 46.6%, 36.6%]",,,,
3,weights,17,72,0.056273684,1.649264497,1.617776319,0.000111111,44.4,"[41.6%, 52.8%, 46.6%, 36.6%]",,,,
3,weights,18,73,0.056273684,1.663082864,1.704339862,0.000111111,44.4,"[41.6%, 52.8%, 46.6%, 36.6%]",,,,
3,weights,19,74,0.056273684,1.662091272,1.65831098,0.000111111,44.5,"[41.6%, 52.8%, 46.6%, 37.0%]",,,,
3,weights,20,75,0.056273684,1.656037516,1.612964272,0.000111111,44.95,"[41.6%, 52.8%, 46.6%, 38.8%]",,,,
3,weights,21,76,0.056273684,1.634544033,1.618706897,0.000111111,44.95,"[41.6%, 52.8%, 46.6%, 38.8%]",,,,
3,weights,22,77,0.056273684,1.640347917,1.594737813,0.000111111,44.8,"[41.6%, 52.8%, 46.6%, 38.2%]",,,,
3,weights,23,78,0.056273684,1.623781992,1.644465297,0.000111111,44.7,"[41.6%, 52.8%, 46.6%, 37.8%]",,,,
3,weights,24,79,0.056273684,1.620155638,1.648333207,0.000111111,44.7,"[41.6%, 52.8%, 46.6%, 37.8%]",,,,
3,weights,25,80,0.056273684,1.625405517,1.592288539,0.000111111,45.75,"[41.6%, 52.8%, 46.6%, 42.0%]",30.7,"[10.4%, 52.8%, 27.8%, 31.8%]",39.95,"[40.7%, 43.5%, 30.9%, 45.1%]"
4,parallel,1,1,0.5,5.392582914,2.413998127,0.000111111,38.6,"[41.6%, 52.8%, 46.6%, 42.0%, 10.0%]",,,,
4,parallel,2,2,0.5,2.355527434,2.330207258,0.000111111,38.64,"[41.6%, 52.8%, 46.6%, 42.0%, 10.2%]",,,,
4,parallel,3,3,0.5,2.328157039,2.32174024,0.000111111,38.6,"[41.6%, 52.8%, 46.6%, 42.0%, 10.0%]",,,,
4,parallel,4,4,0.5,2.324798406,2.299599081,0.000111111,38.96,"[41.6%, 52.8%, 46.6%, 42.0%, 11.8%]",,,,
4,parallel,5,5,0.488811306,2.298725128,2.240055069,0.000111111,40.24,"[41.6%, 52.8%, 46.6%, 42.0%, 18.2%]",,,,
4,parallel,6,6,0.471423675,2.213631506,2.126988545,0.000111111,41.28,"[41.6%, 52.8%, 46.6%, 42.0%, 23.4%]",,,,
4,parallel,7,7,0.45439186,2.118489753,2.059567228,0.000111111,42.08,"[41.6%, 52.8%, 46.6%, 42.0%, 27.4%]",,,,
4,parallel,8,8,0.437715859,2.016414998,1.830903709,0.000111111,43.28,"[41.6%, 52.8%, 46.6%, 42.0%, 33.4%]",,,,
4,parallel,9,9,0.421395673,1.924440375,1.737831667,0.000111111,43.4,"[41.6%, 52.8%, 46.6%, 42.0%, 34.0%]",,,,
4,parallel,10,10,0.405431302,1.849281214,1.811597183,0.000111111,42.52,"[41.6%, 52.8%, 46.6%, 42.0%, 29.6%]",,,,
4,parallel,11,11,0.389822745,1.788959192,1.719039589,0.000111111,43.52,"[41.6%, 52.8%, 46.6%, 42.0%, 34.6%]",,,,
4,parallel,12,12,0.374570003,1.761040648,1.642740637,0.000111111,44.4,"[41.6%, 52.8%, 46.6%, 42.0%, 39.0%]",,,,
4,parallel,13,13,0.359673076,1.687146723,1.756990045,0.000111111,43.6,"[41.6%, 52.8%, 46.6%, 42.0%, 35.0%]",,,,
4,parallel,14,14,0.345131964,1.689511107,1.581315786,0.000111111,45.08,"[41.6%, 52.8%, 46.6%, 42.0%, 42.4%]",,,,
4,parallel,15,15,0.330946666,1.627722094,1.645672835,0.000111111,44.28,"[41.6%, 52.8%, 46.6%, 42.0%, 38.4%]",,,,
4,parallel,16,16,0.317117183,1.634257472,1.559160411,0.000111111,44.68,"[41.6%, 52.8%, 46.6%, 42.0%, 40.4%]",,,,
4,parallel,17,17,0.303643515,1.60827068,1.614846654,0.000111111,44.92,"[41.6%, 52.8%, 46.6%, 42.0%, 41.6%]",,,,
4,parallel,18,18,0.290525661,1.610001381,1.484566092,0.000111111,45.68,"[41.6%, 52.8%, 46.6%, 42.0%, 45.4%]",,,,
4,parallel,19,19,0.277763623,1.584711795,1.502869748,0.000111111,46.04,"[41.6%, 52.8%, 46.6%, 42.0%, 47.2%]",,,,
4,parallel,20,20,0.265357399,1.543758104,1.638938516,0.000111111,44.72,"[41.6%, 52.8%, 46.6%, 42.0%, 40.6%]",,,,
4,parallel,21,21,0.25330699,1.533849943,1.579888321,0.000111111,44.84,"[41.6%, 52.8%, 46.6%, 42.0%, 41.2%]",,,,
4,parallel,22,22,0.241612395,1.51965028,1.481801912,0.000111111,46.12,"[41.6%, 52.8%, 46.6%, 42.0%, 47.6%]",,,,
4,parallel,23,23,0.230273615,1.498766261,1.482506532,0.000111111,45.6,"[41.6%, 52.8%, 46.6%, 42.0%, 45.0%]",,,,
4,parallel,24,24,0.21929065,1.465539541,1.467697319,0.000111111,46.04,"[41.6%, 52.8%, 46.6%, 42.0%, 47.2%]",,,,
4,parallel,25,25,0.2086635,1.53487751,1.430537596,0.000111111,46.28,"[41.6%, 52.8%, 46.6%, 42.0%, 48.4%]",,,,
4,parallel,26,26,0.198392165,1.480257902,1.380073562,0.000111111,47.32,"[41.6%, 52.8%, 46.6%, 42.0%, 53.6%]",,,,
4,parallel,27,27,0.188476644,1.451454181,1.38835156,0.000111111,47.24,"[41.6%, 52.8%, 46.6%, 42.0%, 53.2%]",,,,
4,parallel,28,28,0.178916938,1.482033988,1.37138062,0.000111111,47.12,"[41.6%, 52.8%, 46.6%, 42.0%, 52.6%]",,,,
4,parallel,29,29,0.169713046,1.53620156,1.400236867,0.000111111,47.56,"[41.6%, 52.8%, 46.6%, 42.0%, 54.8%]",,,,
4,parallel,30,30,0.16086497,1.448610054,1.398232043,0.000111111,47.52,"[41.6%, 52.8%, 46.6%, 42.0%, 54.6%]",,,,
4,parallel,31,31,0.152372708,1.504843445,1.433289424,0.000111111,46.52,"[41.6%, 52.8%, 46.6%, 42.0%, 49.6%]",,,,
4,parallel,32,32,0.144236261,1.4764618,1.492230766,0.000111111,46.2,"[41.6%, 52.8%, 46.6%, 42.0%, 48.0%]",,,,
4,parallel,33,33,0.136455628,1.6047884,1.445951216,0.000111111,46.96,"[41.6%, 52.8%, 46.6%, 42.0%, 51.8%]",,,,
4,parallel,34,34,0.129030811,1.529166446,1.477802016,0.000111111,46.36,"[41.6%, 52.8%, 46.6%, 42.0%, 48.8%]",,,,
4,parallel,35,35,0.121961808,1.531527863,1.471266031,0.000111111,46.72,"[41.6%, 52.8%, 46.6%, 42.0%, 50.6%]",,,,
4,parallel,36,36,0.11524862,1.538576746,1.536999702,0.000111111,45.96,"[41.6%, 52.8%, 46.6%, 42.0%, 46.8%]",,,,
4,parallel,37,37,0.108891246,1.578759308,1.86743281,0.000111111,43.48,"[41.6%, 52.8%, 46.6%, 42.0%, 34.4%]",,,,
4,parallel,38,38,0.102889688,1.603250679,1.533582151,0.000111111,46.4,"[41.6%, 52.8%, 46.6%, 42.0%, 49.0%]",,,,
4,parallel,39,39,0.097243944,1.561559931,1.602388144,0.000111111,45.72,"[41.6%, 52.8%, 46.6%, 42.0%, 45.6%]",,,,
4,parallel,40,40,0.091954014,1.699755945,1.611174852,0.000111111,45.88,"[41.6%, 52.8%, 46.6%, 42.0%, 46.4%]",,,,
4,parallel,41,41,0.0870199,1.670542405,1.638283268,0.000111111,45.52,"[41.6%, 52.8%, 46.6%, 42.0%, 44.6%]",,,,
4,parallel,42,42,0.0824416,1.708018575,1.660979494,0.000111111,45,"[41.6%, 52.8%, 46.6%, 42.0%, 42.0%]",,,,
4,parallel,43,43,0.078219115,1.679029121,1.606152445,0.000111111,45.2,"[41.6%, 52.8%, 46.6%, 42.0%, 43.0%]",,,,
4,parallel,44,44,0.074352445,1.827294606,1.798618957,0.000111111,44.4,"[41.6%, 52.8%, 46.6%, 42.0%, 39.0%]",,,,
4,parallel,45,45,0.070841589,1.772207366,1.737619571,0.000111111,44.12,"[41.6%, 52.8%, 46.6%, 42.0%, 37.6%]",,,,
4,parallel,46,46,0.067686549,1.752826285,1.67866686,0.000111111,44.92,"[41.6%, 52.8%, 46.6%, 42.0%, 41.6%]",,,,
4,parallel,47,47,0.064887322,1.713002252,1.757571377,0.000111111,43.6,"[41.6%, 52.8%, 46.6%, 42.0%, 35.0%]",,,,
4,parallel,48,48,0.062443911,1.898424105,2.03067036,0.000111111,42.12,"[41.6%, 52.8%, 46.6%, 42.0%, 27.6%]",,,,
4,parallel,49,49,0.060356315,1.923090014,1.863353312,0.000111111,43.36,"[41.6%, 52.8%, 46.6%, 42.0%, 33.8%]",,,,
4,parallel,50,50,0.058624533,1.791408471,1.693188205,0.000111111,44.84,"[41.6%, 52.8%, 46.6%, 42.0%, 41.2%]",,,,
4,parallel,51,51,0.057248566,1.791874778,1.645234525,0.000111111,45.16,"[41.6%, 52.8%, 46.6%, 42.0%, 42.8%]",,,,
4,parallel,52,52,0.056228413,1.747827507,1.647732183,0.000111111,45.76,"[41.6%, 52.8%, 46.6%, 42.0%, 45.8%]",,,,
4,parallel,53,53,0.055564076,1.709865685,1.9642656,0.000111111,42.76,"[41.6%, 52.8%, 46.6%, 42.0%, 30.8%]",,,,
4,parallel,54,54,0.055255553,1.672692779,1.624110177,0.000111111,45.12,"[41.6%, 52.8%, 46.6%, 42.0%, 42.6%]",,,,
4,parallel,55,55,0.055231579,1.637006974,1.623022571,0.000111111,45.08,"[41.6%, 52.8%, 46.6%, 42.0%, 42.4%]",,,,
4,weights,1,56,0.055231579,1.623677359,1.610785171,0.000111111,45.36,"[41.6%, 52.8%, 46.6%, 42.0%, 43.8%]",,,,
4,weights,2,57,0.055231579,1.612305134,1.643083304,0.000111111,44.8,"[41.6%, 52.8%, 46.6%, 42.0%, 41.0%]",,,,
4,weights,3,58,0.055231579,1.597115141,1.640593588,0.000111111,45.08,"[41.6%, 52.8%, 46.6%, 42.0%, 42.4%]",,,,
4,weights,4,59,0.055231579,1.562355539,1.501371309,0.000111111,45.52,"[41.6%, 52.8%, 46.6%, 42.0%, 44.6%]",,,,
4,weights,5,60,0.055231579,1.563299666,1.808203779,0.000111111,43.96,"[41.6%, 52.8%, 46.6%, 42.0%, 36.8%]",,,,
4,weights,6,61,0.055231579,1.546309907,1.51002872,0.000111111,46.2,"[41.6%, 52.8%, 46.6%, 42.0%, 48.0%]",,,,
4,weights,7,62,0.055231579,1.54968956,1.436990574,0.000111111,46.56,"[41.6%, 52.8%, 46.6%, 42.0%, 49.8%]",,,,
4,weights,8,63,0.055231579,1.524476241,1.522379339,0.000111111,46.32,"[41.6%, 52.8%, 46.6%, 42.0%, 48.6%]",,,,
4,weights,9,64,0.055231579,1.501461065,1.623431467,0.000111111,45.64,"[41.6%, 52.8%, 46.6%, 42.0%, 45.2%]",,,,
4,weights,10,65,0.055231579,1.488472137,1.607109144,0.000111111,45.88,"[41.6%, 52.8%, 46.6%, 42.0%, 46.4%]",,,,
4,weights,11,66,0.055231579,1.481642509,1.570200622,0.000111111,45.8,"[41.6%, 52.8%, 46.6%, 42.0%, 46.0%]",,,,
4,weights,12,67,0.055231579,1.485794864,1.928760357,0.000111111,43.88,"[41.6%, 52.8%, 46.6%, 42.0%, 36.4%]",,,,
4,weights,13,68,0.055231579,1.475307517,1.4184746,0.000111111,46.8,"[41.6%, 52.8%, 46.6%, 42.0%, 51.0%]",,,,
4,weights,14,69,0.055231579,1.476789429,1.536526702,0.000111111,45.96,"[41.6%, 52.8%, 46.6%, 42.0%, 46.8%]",,,,
4,weights,15,70,0.055231579,1.460732711,1.509043664,0.000111111,46.16,"[41.6%, 52.8%, 46.6%, 42.0%, 47.8%]",,,,
4,weights,16,71,0.055231579,1.439901669,1.585118555,0.000111111,45.64,"[41.6%, 52.8%, 46.6%, 42.0%, 45.2%]",,,,
4,weights,17,72,0.055231579,1.443354009,1.571042351,0.000111111,45.52,"[41.6%, 52.8%, 46.6%, 42.0%, 44.6%]",,,,
4,weights,18,73,0.055231579,1.439679025,1.645536579,0.000111111,45.12,"[41.6%, 52.8%, 46.6%, 42.0%, 42.6%]",,,,
4,weights,19,74,0.055231579,1.399727962,1.50162138,0.000111111,46.04,"[41.6%, 52.8%, 46.6%, 42.0%, 47.2%]",,,,
4,weights,20,75,0.055231579,1.409629668,1.540305011,0.000111111,46.4,"[41.6%, 52.8%, 46.6%, 42.0%, 49.0%]",,,,
4,weights,21,76,0.055231579,1.404531868,1.438126914,0.000111111,46.64,"[41.6%, 52.8%, 46.6%, 42.0%, 50.2%]",,,,
4,weights,22,77,0.055231579,1.405103866,1.444966793,0.000111111,46.96,"[41.6%, 52.8%, 46.6%, 42.0%, 51.8%]",,,,
4,weights,23,78,0.055231579,1.386783298,1.53461507,0.000111111,46.16,"[41.6%, 52.8%, 46.6%, 42.0%, 47.8%]",,,,
4,weights,24,79,0.055231579,1.389220089,1.426443346,0.000111111,46.76,"[41.6%, 52.8%, 46.6%, 42.0%, 50.8%]",,,,
4,weights,25,80,0.055231579,1.378129194,1.409978099,0.000111111,46.6,"[41.6%, 52.8%, 46.6%, 42.0%, 50.0%]",30.08,"[10.4%, 50.0%, 27.8%, 12.2%, 50.0%]",36.06,"[33.7%, 42.7%, 30.9%, 28.9%, 44.2%]"
5,parallel,1,1,0.5,6.130838011,2.450748801,0.000111111,40.5,"[41.6%, 52.8%, 46.6%, 42.0%, 50.0%, 10.0%]",,,,
5,parallel,2,2,0.5,2.364472109,2.342856228,0.000111111,40.56666667,"[41.6%, 52.8%, 46.6%, 42.0%, 50.0%, 10.4%]",,,,
5,parallel,3,3,0.5,2.333917772,2.353839397,0.000111111,40.5,"[41.6%, 52.8%, 46.6%, 42.0%, 50.0%, 10.0%]",,,,
5,parallel,4,4,0.5,2.335714573,2.329568177,0.000111111,40.5,"[41.6%, 52.8%, 46.6%, 42.0%, 50.0%, 10.0%]",,,,
5,parallel,5,5,0.48878509,2.328285911,2.310082108,0.000111111,40.56666667,"[41.6%, 52.8%, 46.6%, 42.0%, 50.0%, 10.4%]",,,,
5,parallel,6,6,0.47135672,2.31456252,2.306880087,0.000111111,40.56666667,"[41.6%, 52.8%, 46.6%, 42.0%, 50.0%, 10.4%]",,,,
5,parallel,7,7,0.454284999,2.306265994,2.282459497,0.000111111,41.06666667,"[41.6%, 52.8%, 46.6%, 42.0%, 50.0%, 13.4%]",,,,
5,parallel,8,8,0.437569925,2.22266939,2.152247205,0.000111111,42.43333333,"[41.6%, 52.8%, 46.6%, 42.0%, 50.0%, 21.6%]",,,,
5,parallel,9,9,0.421211501,2.139026333,2.047445431,0.000111111,43.2,"[41.6%, 52.8%, 46.6%, 42.0%, 50.0%, 26.2%]",,,,
5,parallel,10,10,0.405209724,2.009794846,1.913206503,0.000111111,44.13333333,"[41.6%, 52.8%, 46.6%, 42.0%, 50.0%, 31.8%]",,,,
5,parallel,11,11,0.389564596,1.893418878,1.877733856,0.000111111,44.46666667,"[41.6%, 52.8%, 46.6%, 42.0%, 50.0%, 33.8%]",,,,
5,parallel,12,12,0.374276117,1.804734081,1.808423087,0.000111111,45.13333333,"[41.6%, 52.8%, 46.6%, 42.0%, 50.0%, 37.8%]",,,,
5,parallel,13,13,0.359344286,1.741048012,1.861273065,0.000111111,44.8,"[41.6%, 52.8%, 46.6%, 42.0%, 50.0%, 35.8%]",,,,
5,parallel,14,14,0.344769103,1.68980223,1.669578552,0.000111111,45.8,"[41.6%, 52.8%, 46.6%, 42.0%, 50.0%, 41.8%]",,,,
5,parallel,15,15,0.330550569,1.654995058,1.677799955,0.000111111,46.36666667,"[41.6%, 52.8%, 46.6%, 42.0%, 50.0%, 45.2%]",,,,
5,parallel,16,16,0.316688683,1.560779072,1.610480286,0.000111111,46.06666667,"[41.6%, 52.8%, 46.6%, 42.0%, 50.0%, 43.4%]",,,,
5,parallel,17,17,0.303183446,1.553342066,1.561506577,0.000111111,46.9,"[41.6%, 52.8%, 46.6%, 42.0%, 50.0%, 48.4%]",,,,
5,parallel,18,18,0.290034857,1.511542737,1.496239431,0.000111111,47.36666667,"[41.6%, 52.8%, 46.6%, 42.0%, 50.0%, 51.2%]",,,,
5,parallel,19,19,0.277242917,1.529121007,1.543730021,0.000111111,47.1,"[41.6%, 52.8%, 46.6%, 42.0%, 50.0%, 49.6%]",,,,
5,parallel,20,20,0.264807624,1.51243594,1.534189612,0.000111111,46.7,"[41.6%, 52.8%, 46.6%, 42.0%, 50.0%, 47.2%]",,,,
5,parallel,21,21,0.252728981,1.46603241,1.524989031,0.000111111,46.63333333,"[41.6%, 52.8%, 46.6%, 42.0%, 50.0%, 46.8%]",,,,
5,parallel,22,22,0.241006985,1.505883902,1.479035042,0.000111111,47.23333333,"[41.6%, 52.8%, 46.6%, 42.0%, 50.0%, 50.4%]",,,,
5,parallel,23,23,0.229641639,1.471627786,1.514594704,0.000111111,46.7,"[41.6%, 52.8%, 46.6%, 42.0%, 50.0%, 47.2%]",,,,
5,parallel,24,24,0.21863294,1.481195568,1.543138757,0.000111111,46.7,"[41.6%, 52.8%, 46.6%, 42.0%, 50.0%, 47.2%]",,,,
5,parallel,25,25,0.20798089,1.463386007,1.42980846,0.000111111,47.06666667,"[41.6%, 52.8%, 46.6%, 42.0%, 50.0%, 49.4%]",,,,
5,parallel,26,26,0.197685489,1.464113085,1.470351279,0.000111111,46.86666667,"[41.6%, 52.8%, 46.6%, 42.0%, 50.0%, 48.2%]",,,,
5,parallel,27,27,0.187746736,1.44406368,1.454952866,0.000111111,46.96666667,"[41.6%, 52.8%, 46.6%, 42.0%, 50.0%, 48.8%]",,,,
5,parallel,28,28,0.178164631,1.497278019,1.428339429,0.000111111,47.3,"[41.6%, 52.8%, 46.6%, 42.0%, 50.0%, 50.8%]",,,,
5,parallel,29,29,0.168939174,1.547861122,1.549698114,0.000111111,46.83333333,"[41.6%, 52.8%, 46.6%, 42.0%, 50.0%, 48.0%]",,,,
5,parallel,30,30,0.160070367,1.496250922,1.436195076,0.000111111,47.4,"[41.6%, 52.8%, 46.6%, 42.0%, 50.0%, 51.4%]",,,,
5,parallel,31,31,0.151558207,1.531390687,1.43344374,0.000111111,47.33333333,"[41.6%, 52.8%, 46.6%, 42.0%, 50.0%, 51.0%]",,,,
5,parallel,32,32,0.143402696,1.534122669,1.588726014,0.000111111,46.16666667,"[41.6%, 52.8%, 46.6%, 42.0%, 50.0%, 44.0%]",,,,
5,parallel,33,33,0.135603833,1.593200415,1.464573361,0.000111111,47.3,"[41.6%, 52.8%, 46.6%, 42.0%, 50.0%, 50.8%]",,,,
5,parallel,34,34,0.128161619,1.49887172,1.458789051,0.000111111,47.33333333,"[41.6%, 52.8%, 46.6%, 42.0%, 50.0%, 51.0%]",,,,
5,parallel,35,35,0.121076053,1.635164214,1.523106799,0.000111111,46.93333333,"[41.6%, 52.8%, 46.6%, 42.0%, 50.0%, 48.6%]",,,,
5,parallel,36,36,0.114347136,1.595877122,1.528098613,0.000111111,46.63333333,"[41.6%, 52.8%, 46.6%, 42.0%, 50.0%, 46.8%]",,,,
5,parallel,37,37,0.107974867,1.676500526,1.659187734,0.000111111,45.83333333,"[41.6%, 52.8%, 46.6%, 42.0%, 50.0%, 42.0%]",,,,
5,parallel,38,38,0.101959247,1.615368903,1.564353392,0.000111111,46.16666667,"[41.6%, 52.8%, 46.6%, 42.0%, 50.0%, 44.0%]",,,,
5,parallel,39,39,0.096300275,1.625027658,1.519748986,0.000111111,46.86666667,"[41.6%, 52.8%, 46.6%, 42.0%, 50.0%, 48.2%]",,,,
5,parallel,40,40,0.090997951,1.735902484,1.628285617,0.000111111,46.36666667,"[41.6%, 52.8%, 46.6%, 42.0%, 50.0%, 45.2%]",,,,
5,parallel,41,41,0.086052276,1.621375497,1.652986661,0.000111111,45.9,"[41.6%, 52.8%, 46.6%, 42.0%, 50.0%, 42.4%]",,,,
5,parallel,42,42,0.081463249,1.620531583,1.542565912,0.000111111,47.03333333,"[41.6%, 52.8%, 46.6%, 42.0%, 50.0%, 49.2%]",,,,
5,parallel,43,43,0.07723087,1.770853494,1.829561397,0.000111111,45.03333333,"[41.6%, 52.8%, 46.6%, 42.0%, 50.0%, 37.2%]",,,,
5,parallel,44,44,0.07335514,1.804551319,1.754573211,0.000111111,45.26666667,"[41.6%, 52.8%, 46.6%, 42.0%, 50.0%, 38.6%]",,,,
5,parallel,45,45,0.069836059,1.783895373,1.774519041,0.000111111,45.23333333,"[41.6%, 52.8%, 46.6%, 42.0%, 50.0%, 38.4%]",,,,
5,parallel,46,46,0.066673626,1.746609756,1.668415166,0.000111111,46.1,"[41.6%, 52.8%, 46.6%, 42.0%, 50.0%, 43.6%]",,,,
5,parallel,47,47,0.063867841,1.736687536,1.701772377,0.000111111,45.9,"[41.6%, 52.8%, 46.6%, 42.0%, 50.0%, 42.4%]",,,,
5,parallel,48,48,0.061418705,1.97960236,1.833269745,0.000111111,44.7,"[41.6%, 52.8%, 46.6%, 42.0%, 50.0%, 35.2%]",,,,
5,parallel,49,49,0.059326217,1.87261844,1.778644234,0.000111111,45.16666667,"[41.6%, 52.8%, 46.6%, 42.0%, 50.0%, 38.0%]",,,,
5,parallel,50,50,0.057590377,1.845098041,1.844351634,0.000111111,44.66666667,"[41.6%, 52.8%, 46.6%, 42.0%, 50.0%, 35.0%]",,,,
5,parallel,51,51,0.056211186,1.823487211,1.759254739,0.000111111,45.5,"[41.6%, 52.8%, 46.6%, 42.0%, 50.0%, 40.0%]",,,,
5,parallel,52,52,0.055188644,1.770306231,1.76122427,0.000111111,45,"[41.6%, 52.8%, 46.6%, 42.0%, 50.0%, 37.0%]",,,,
5,parallel,53,53,0.054522749,1.898975253,1.844656244,0.000111111,44.63333333,"[41.6%, 52.8%, 46.6%, 42.0%, 50.0%, 34.8%]",,,,
5,parallel,54,54,0.054213504,1.834395301,1.821341127,0.000111111,44.6,"[41.6%, 52.8%, 46.6%, 42.0%, 50.0%, 34.6%]",,,,
5,parallel,55,55,0.054189474,1.785627259,1.797693118,0.000111111,45.2,"[41.6%, 52.8%, 46.6%, 42.0%, 50.0%, 38.2%]",,,,
5,weights,1,56,0.054189474,1.776498007,1.758256897,0.000111111,45.36666667,"[41.6%, 52.8%, 46.6%, 42.0%, 50.0%, 39.2%]",,,,
5,weights,2,57,0.054189474,1.73054511,1.762926012,0.000111111,45.46666667,"[41.6%, 52.8%, 46.6%, 42.0%, 50.0%, 39.8%]",,,,
5,weights,3,58,0.054189474,1.710727859,1.692591749,0.000111111,45.5,"[41.6%, 52.8%, 46.6%, 42.0%, 50.0%, 40.0%]",,,,
5,weights,4,59,0.054189474,1.697333461,1.677563637,0.000111111,46,"[41.6%, 52.8%, 46.6%, 42.0%, 50.0%, 43.0%]",,,,
5,weights,5,60,0.054189474,1.682477927,1.655830607,0.000111111,46.23333333,"[41.6%, 52.8%, 46.6%, 42.0%, 50.0%, 44.4%]",,,,
5,weights,6,61,0.054189474,1.668769925,1.655791171,0.000111111,46.23333333,"[41.6%, 52.8%, 46.6%, 42.0%, 50.0%, 44.4%]",,,,
5,weights,7,62,0.054189474,1.667968543,1.657993644,0.000111111,45.96666667,"[41.6%, 52.8%, 46.6%, 42.0%, 50.0%, 42.8%]",,,,
5,weights,8,63,0.054189474,1.642805937,1.644799188,0.000111111,46.26666667,"[41.6%, 52.8%, 46.6%, 42.0%, 50.0%, 44.6%]",,,,
5,weights,9,64,0.054189474,1.631010467,1.700435936,0.000111111,45.5,"[41.6%, 52.8%, 46.6%, 42.0%, 50.0%, 40.0%]",,,,
5,weights,10,65,0.054189474,1.622989484,1.624272667,0.000111111,45.93333333,"[41.6%, 52.8%, 46.6%, 42.0%, 50.0%, 42.6%]",,,,
5,weights,11,66,0.054189474,1.605069274,1.654076919,0.000111111,45.76666667,"[41.6%, 52.8%, 46.6%, 42.0%, 50.0%, 41.6%]",,,,
5,weights,12,67,0.054189474,1.59832604,1.65568307,0.000111111,45.9,"[41.6%, 52.8%, 46.6%, 42.0%, 50.0%, 42.4%]",,,,
5,weights,13,68,0.054189474,1.603982682,1.696884543,0.000111111,46.06666667,"[41.6%, 52.8%, 46.6%, 42.0%, 50.0%, 43.4%]",,,,
5,weights,14,69,0.054189474,1.586299026,1.609303497,0.000111111,46.43333333,"[41.6%, 52.8%, 46.6%, 42.0%, 50.0%, 45.6%]",,,,
5,weights,15,70,0.054189474,1.584129936,1.614831761,0.000111111,46.23333333,"[41.6%, 52.8%, 46.6%, 42.0%, 50.0%, 44.4%]",,,,
5,weights,16,71,0.054189474,1.574662278,1.702936709,0.000111111,45.36666667,"[41.6%, 52.8%, 46.6%, 42.0%, 50.0%, 39.2%]",,,,
5,weights,17,72,0.054189474,1.582115462,1.649127662,0.000111111,46.06666667,"[41.6%, 52.8%, 46.6%, 42.0%, 50.0%, 43.4%]",,,,
5,weights,18,73,0.054189474,1.560078535,1.595692173,0.000111111,46.6,"[41.6%, 52.8%, 46.6%, 42.0%, 50.0%, 46.6%]",,,,
5,weights,19,74,0.054189474,1.556870892,1.624697179,0.000111111,46.03333333,"[41.6%, 52.8%, 46.6%, 42.0%, 50.0%, 43.2%]",,,,
5,weights,20,75,0.054189474,1.552178731,1.582877085,0.000111111,46.13333333,"[41.6%, 52.8%, 46.6%, 42.0%, 50.0%, 43.8%]",,,,
5,weights,21,76,0.054189474,1.557169096,1.662835337,0.000111111,45.8,"[41.6%, 52.8%, 46.6%, 42.0%, 50.0%, 41.8%]",,,,
5,weights,22,77,0.054189474,1.560991153,1.546442211,0.000111111,46.53333333,"[41.6%, 52.8%, 46.6%, 42.0%, 50.0%, 46.2%]",,,,
5,weights,23,78,0.054189474,1.53940802,1.578099035,0.000111111,46.53333333,"[41.6%, 52.8%, 46.6%, 42.0%, 50.0%, 46.2%]",,,,
5,weights,24,79,0.054189474,1.545291959,1.571171917,0.000111111,46.36666667,"[41.6%, 52.8%, 46.6%, 42.0%, 50.0%, 45.2%]",,,,
5,weights,25,80,0.054189474,1.505767631,1.534617722,0.000111111,47.16666667,"[41.6%, 52.8%, 46.6%, 42.0%, 50.0%, 50.0%]",29.63333333,"[10.4%, 50.0%, 27.8%, 12.2%, 50.0%, 27.4%]",34.6,"[30%, 43.1%, 30.6%, 19.4%, 39.9%, 44.3%]"
6,parallel,1,1,0.5,6.439821379,2.522071153,0.000111111,41.85714286,"[41.6%, 52.8%, 46.6%, 42.0%, 50.0%, 50.0%, 10.0%]",,,,
6,parallel,2,2,0.5,2.377684753,2.338618755,0.000111111,41.8,"[41.6%, 52.8%, 46.6%, 42.0%, 50.0%, 50.0%, 9.6%]",,,,
6,parallel,3,3,0.5,2.326562619,2.314909071,0.000111111,42.2,"[41.6%, 52.8%, 46.6%, 42.0%, 50.0%, 50.0%, 12.4%]",,,,
6,parallel,4,4,0.5,2.309207074,2.294216007,0.000111111,42.34285714,"[41.6%, 52.8%, 46.6%, 42.0%, 50.0%, 50.0%, 13.4%]",,,,
6,parallel,5,5,0.488758875,2.253189543,2.213681579,0.000111111,43.02857143,"[41.6%, 52.8%, 46.6%, 42.0%, 50.0%, 50.0%, 18.2%]",,,,
6,parallel,6,6,0.471289765,2.200526388,2.123002589,0.000111111,43.74285714,"[41.6%, 52.8%, 46.6%, 42.0%, 50.0%, 50.0%, 23.2%]",,,,
6,parallel,7,7,0.454178137,2.114926064,2.037956566,0.000111111,44.14285714,"[41.6%, 52.8%, 46.6%, 42.0%, 50.0%, 50.0%, 26.0%]",,,,
6,parallel,8,8,0.437423992,2.061128094,2.111041218,0.000111111,43.6,"[41.6%, 52.8%, 46.6%, 42.0%, 50.0%, 50.0%, 22.2%]",,,,
6,parallel,9,9,0.421027328,1.997657461,1.962922499,0.000111111,44.91428571,"[41.6%, 52.8%, 46.6%, 42.0%, 50.0%, 50.0%, 31.4%]",,,,
6,parallel,10,10,0.404988147,1.969857092,1.907709539,0.000111111,45,"[41.6%, 52.8%, 46.6%, 42.0%, 50.0%, 50.0%, 32.0%]",,,,
6,parallel,11,11,0.389306448,1.899514556,1.86440663,0.000111111,45.05714286,"[41.6%, 52.8%, 46.6%, 42.0%, 50.0%, 50.0%, 32.4%]",,,,
6,parallel,12,12,0.373982231,1.89334953,1.804071337,0.000111111,44.97142857,"[41.6%, 52.8%, 46.6%, 42.0%, 50.0%, 50.0%, 31.8%]",,,,
6,parallel,13,13,0.359015496,1.803195232,1.77887103,0.000111111,46.4,"[41.6%, 52.8%, 46.6%, 42.0%, 50.0%, 50.0%, 41.8%]",,,,
6,parallel,14,14,0.344406243,1.767840589,1.781785637,0.000111111,45.45714286,"[41.6%, 52.8%, 46.6%, 42.0%, 50.0%, 50.0%, 35.2%]",,,,
6,parallel,15,15,0.330154472,1.771923373,1.686678812,0.000111111,46.4,"[41.6%, 52.8%, 46.6%, 42.0%, 50.0%, 50.0%, 41.8%]",,,,
6,parallel,16,16,0.316260184,1.712784601,1.659632266,0.000111111,46.65714286,"[41.6%, 52.8%, 46.6%, 42.0%, 50.0%, 50.0%, 43.6%]",,,,
6,parallel,17,17,0.302723377,1.710422674,1.5684755,0.000111111,47,"[41.6%, 52.8%, 46.6%, 42.0%, 50.0%, 50.0%, 46.0%]",,,,
6,parallel,18,18,0.289544053,1.641344849,1.577196479,0.000111111,46.94285714,"[41.6%, 52.8%, 46.6%, 42.0%, 50.0%, 50.0%, 45.6%]",,,,
6,parallel,19,19,0.27672221,1.631289665,1.530705705,0.000111111,47.51428571,"[41.6%, 52.8%, 46.6%, 42.0%, 50.0%, 50.0%, 49.6%]",,,,
6,parallel,20,20,0.26425785,1.600151537,1.654834151,0.000111111,46.31428571,"[41.6%, 52.8%, 46.6%, 42.0%, 50.0%, 50.0%, 41.2%]",,,,
6,parallel,21,21,0.252150972,1.583438173,1.549380824,0.000111111,46.91428571,"[41.6%, 52.8%, 46.6%, 42.0%, 50.0%, 50.0%, 45.4%]",,,,
6,parallel,22,22,0.240401576,1.588015722,1.525024712,0.000111111,47.42857143,"[41.6%, 52.8%, 46.6%, 42.0%, 50.0%, 50.0%, 49.0%]",,,,
6,parallel,23,23,0.229009662,1.55319737,1.582445666,0.000111111,46.48571429,"[41.6%, 52.8%, 46.6%, 42.0%, 50.0%, 50.0%, 42.4%]",,,,
6,parallel,24,24,0.21797523,1.539300256,1.608709425,0.000111111,46.82857143,"[41.6%, 52.8%, 46.6%, 42.0%, 50.0%, 50.0%, 44.8%]",,,,
6,parallel,25,25,0.20729828,1.539559088,1.494561173,0.000111111,47.34285714,"[41.6%, 52.8%, 46.6%, 42.0%, 50.0%, 50.0%, 48.4%]",,,,
6,parallel,26,26,0.196978813,1.572194825,1.523357682,0.000111111,47.28571429,"[41.6%, 52.8%, 46.6%, 42.0%, 50.0%, 50.0%, 48.0%]",,,,
6,parallel,27,27,0.187016827,1.569877831,1.505947933,0.000111111,47,"[41.6%, 52.8%, 46.6%, 42.0%, 50.0%, 50.0%, 46.0%]",,,,
6,parallel,28,28,0.177412324,1.523960637,1.542449653,0.000111111,47.22857143,"[41.6%, 52.8%, 46.6%, 42.0%, 50.0%, 50.0%, 47.6%]",,,,
6,parallel,29,29,0.168165303,1.590716056,1.468342811,0.000111111,47.48571429,"[41.6%, 52.8%, 46.6%, 42.0%, 50.0%, 50.0%, 49.4%]",,,,
6,parallel,30,30,0.159275763,1.593099258,1.506668538,0.000111111,47.6,"[41.6%, 52.8%, 46.6%, 42.0%, 50.0%, 50.0%, 50.2%]",,,,
6,parallel,31,31,0.150743706,1.602232767,1.569627352,0.000111111,47.25714286,"[41.6%, 52.8%, 46.6%, 42.0%, 50.0%, 50.0%, 47.8%]",,,,
6,parallel,32,32,0.142569131,1.610518505,1.494257852,0.000111111,47.57142857,"[41.6%, 52.8%, 46.6%, 42.0%, 50.0%, 50.0%, 50.0%]",,,,
6,parallel,33,33,0.134752038,1.609977544,1.529067248,0.000111111,47.34285714,"[41.6%, 52.8%, 46.6%, 42.0%, 50.0%, 50.0%, 48.4%]",,,,
6,parallel,34,34,0.127292428,1.618776994,1.550071836,0.000111111,47.6,"[41.6%, 52.8%, 46.6%, 42.0%, 50.0%, 50.0%, 50.2%]",,,,
6,parallel,35,35,0.120190299,1.676060766,1.547610775,0.000111111,47.48571429,"[41.6%, 52.8%, 46.6%, 42.0%, 50.0%, 50.0%, 49.4%]",,,,
6,parallel,36,36,0.113445653,1.611394665,1.617664821,0.000111111,46.74285714,"[41.6%, 52.8%, 46.6%, 42.0%, 50.0%, 50.0%, 44.2%]",,,,
6,parallel,37,37,0.107058488,1.644163408,1.646679014,0.000111111,46.57142857,"[41.6%, 52.8%, 46.6%, 42.0%, 50.0%, 50.0%, 43.0%]",,,,
6,parallel,38,38,0.101028806,1.623664352,1.597971529,0.000111111,46.88571429,"[41.6%, 52.8%, 46.6%, 42.0%, 50.0%, 50.0%, 45.2%]",,,,
6,parallel,39,39,0.095356605,1.617632379,1.652929157,0.000111111,46.57142857,"[41.6%, 52.8%, 46.6%, 42.0%, 50.0%, 50.0%, 43.0%]",,,,
6,parallel,40,40,0.090041887,1.776888131,1.640816331,0.000111111,46.57142857,"[41.6%, 52.8%, 46.6%, 42.0%, 50.0%, 50.0%, 43.0%]",,,,
6,parallel,41,41,0.085084651,1.723610413,1.639157429,0.000111111,47.02857143,"[41.6%, 52.8%, 46.6%, 42.0%, 50.0%, 50.0%, 46.2%]",,,,
6,parallel,42,42,0.080484897,1.715347862,1.658793792,0.000111111,46.6,"[41.6%, 52.8%, 46.6%, 42.0%, 50.0%, 50.0%, 43.2%]",,,,
6,parallel,43,43,0.076242626,1.782709457,1.709959373,0.000111111,46.31428571,"[41.6%, 52.8%, 46.6%, 42.0%, 50.0%, 50.0%, 41.2%]",,,,
6,parallel,44,44,0.072357836,1.835267426,1.744167924,0.000111111,46.22857143,"[41.6%, 52.8%, 46.6%, 42.0%, 50.0%, 50.0%, 40.6%]",,,,
6,parallel,45,45,0.068830528,1.877901814,1.771352097,0.000111111,46.4,"[41.6%, 52.8%, 46.6%, 42.0%, 50.0%, 50.0%, 41.8%]",,,,
6,parallel,46,46,0.065660703,1.861500115,1.767818809,0.000111111,46.28571429,"[41.6%, 52.8%, 46.6%, 42.0%, 50.0%, 50.0%, 41.0%]",,,,
6,parallel,47,47,0.062848359,1.807980272,1.730408028,0.000111111,46.34285714,"[41.6%, 52.8%, 46.6%, 42.0%, 50.0%, 50.0%, 41.4%]",,,,
6,parallel,48,48,0.060393498,1.959058458,1.816348836,0.000111111,46.22857143,"[41.6%, 52.8%, 46.6%, 42.0%, 50.0%, 50.0%, 40.6%]",,,,
6,parallel,49,49,0.058296119,1.891313099,1.856943041,0.000111111,45.68571429,"[41.6%, 52.8%, 46.6%, 42.0%, 50.0%, 50.0%, 36.8%]",,,,
6,parallel,50,50,0.056556222,1.872876477,1.803857818,0.000111111,46.31428571,"[41.6%, 52.8%, 46.6%, 42.0%, 50.0%, 50.0%, 41.2%]",,,,
6,parallel,51,51,0.055173807,1.831027708,1.761816457,0.000111111,46.2,"[41.6%, 52.8%, 46.6%, 42.0%, 50.0%, 50.0%, 40.4%]",,,,
6,parallel,52,52,0.054148874,1.984615602,1.844598979,0.000111111,45.57142857,"[41.6%, 52.8%, 46.6%, 42.0%, 50.0%, 50.0%, 36.0%]",,,,
6,parallel,53,53,0.053481423,1.857495079,1.752195328,0.000111111,46.25714286,"[41.6%, 52.8%, 46.6%, 42.0%, 50.0%, 50.0%, 40.8%]",,,,
6,parallel,54,54,0.053171455,1.808848822,1.73011966,0.000111111,46.51428571,"[41.6%, 52.8%, 46.6%, 42.0%, 50.0%, 50.0%, 42.6%]",,,,
6,parallel,55,55,0.053147368,1.765133565,1.72861883,0.000111111,46.02857143,"[41.6%, 52.8%, 46.6%, 42.0%, 50.0%, 50.0%, 39.2%]",,,,
6,weights,1,56,0.053147368,1.760753844,1.72508207,0.000111111,46.34285714,"[41.6%, 52.8%, 46.6%, 42.0%, 50.0%, 50.0%, 41.4%]",,,,
6,weights,2,57,0.053147368,1.733611359,1.72715278,0.000111111,46.02857143,"[41.6%, 52.8%, 46.6%, 42.0%, 50.0%, 50.0%, 39.2%]",,,,
6,weights,3,58,0.053147368,1.69882489,1.650285169,0.000111111,46.62857143,"[41.6%, 52.8%, 46.6%, 42.0%, 50.0%, 50.0%, 43.4%]",,,,
6,weights,4,59,0.053147368,1.686974797,1.645090625,0.000111111,46.68571429,"[41.6%, 52.8%, 46.6%, 42.0%, 50.0%, 50.0%, 43.8%]",,,,
6,weights,5,60,0.053147368,1.657884859,1.655884519,0.000111111,46.4,"[41.6%, 52.8%, 46.6%, 42.0%, 50.0%, 50.0%, 41.8%]",,,,
6,weights,6,61,0.053147368,1.66213207,1.616030991,0.000111111,46.68571429,"[41.6%, 52.8%, 46.6%, 42.0%, 50.0%, 50.0%, 43.8%]",,,,
6,weights,7,62,0.053147368,1.635191045,1.608305335,0.000111111,46.85714286,"[41.6%, 52.8%, 46.6%, 42.0%, 50.0%, 50.0%, 45.0%]",,,,
6,weights,8,63,0.053147368,1.640082664,1.601266131,0.000111111,47.02857143,"[41.6%, 52.8%, 46.6%, 42.0%, 50.0%, 50.0%, 46.2%]",,,,
6,weights,9,64,0.053147368,1.622662725,1.63204138,0.000111111,46.71428571,"[41.6%, 52.8%, 46.6%, 42.0%, 50.0%, 50.0%, 44.0%]",,,,
6,weights,10,65,0.053147368,1.623995189,1.573777154,0.000111111,47.05714286,"[41.6%, 52.8%, 46.6%, 42.0%, 50.0%, 50.0%, 46.4%]",,,,
6,weights,11,66,0.053147368,1.616122042,1.618894801,0.000111111,46.8,"[41.6%, 52.8%, 46.6%, 42.0%, 50.0%, 50.0%, 44.6%]",,,,
6,weights,12,67,0.053147368,1.582250586,1.564529553,0.000111111,47,"[41.6%, 52.8%, 46.6%, 42.0%, 50.0%, 50.0%, 46.0%]",,,,
6,weights,13,68,0.053147368,1.583145315,1.53663823,0.000111111,47.17142857,"[41.6%, 52.8%, 46.6%, 42.0%, 50.0%, 50.0%, 47.2%]",,,,
6,weights,14,69,0.053147368,1.588870512,1.562828884,0.000111111,46.97142857,"[41.6%, 52.8%, 46.6%, 42.0%, 50.0%, 50.0%, 45.8%]",,,,
6,weights,15,70,0.053147368,1.559426656,1.565339804,0.000111111,46.85714286,"[41.6%, 52.8%, 46.6%, 42.0%, 50.0%, 50.0%, 45.0%]",,,,
6,weights,16,71,0.053147368,1.560737966,1.543643415,0.000111111,47.08571429,"[41.6%, 52.8%, 46.6%, 42.0%, 50.0%, 50.0%, 46.6%]",,,,
6,weights,17,72,0.053147368,1.538106485,1.551548377,0.000111111,47.31428571,"[41.6%, 52.8%, 46.6%, 42.0%, 50.0%, 50.0%, 48.2%]",,,,
6,weights,18,73,0.053147368,1.536672846,1.503042936,0.000111111,47.4,"[41.6%, 52.8%, 46.6%, 42.0%, 50.0%, 50.0%, 48.8%]",,,,
6,weights,19,74,0.053147368,1.510225631,1.513967097,0.000111111,47.4,"[41.6%, 52.8%, 46.6%, 42.0%, 50.0%, 50.0%, 48.8%]",,,,
6,weights,20,75,0.053147368,1.533918947,1.515108958,0.000111111,47.42857143,"[41.6%, 52.8%, 46.6%, 42.0%, 50.0%, 50.0%, 49.0%]",,,,
6,weights,21,76,0.053147368,1.51838594,1.521963656,0.000111111,47.22857143,"[41.6%, 52.8%, 46.6%, 42.0%, 50.0%, 50.0%, 47.6%]",,,,
6,weights,22,77,0.053147368,1.528753068,1.526987419,0.000111111,47.2,"[41.6%, 52.8%, 46.6%, 42.0%, 50.0%, 50.0%, 47.4%]",,,,
6,weights,23,78,0.053147368,1.497264271,1.507221282,0.000111111,47.62857143,"[41.6%, 52.8%, 46.6%, 42.0%, 50.0%, 50.0%, 50.4%]",,,,
6,weights,24,79,0.053147368,1.494774497,1.545169219,0.000111111,47.08571429,"[41.6%, 52.8%, 46.6%, 42.0%, 50.0%, 50.0%, 46.6%]",,,,
6,weights,25,80,0.053147368,1.481402833,1.490899429,0.000111111,47.68571429,"[41.6%, 52.8%, 46.6%, 42.0%, 50.0%, 50.0%, 50.8%]",26.97142857,"[10.4%, 50.0%, 27.8%, 12.2%, 45.6%, 20.2%, 22.6%]",37.84285714,"[33.7%, 42.8%, 32.1%, 27.4%, 39.3%, 36.2%, 51.6%]"
7,parallel,1,1,0.5,8.004512096,2.726631463,0.000111111,42.975,"[41.6%, 52.8%, 46.6%, 42.0%, 50.0%, 50.0%, 50.8%, 10.0%]",,,,
7,parallel,2,2,0.5,2.403542341,2.328784734,0.000111111,43.5,"[41.6%, 52.8%, 46.6%, 42.0%, 50.0%, 50.0%, 50.8%, 14.2%]",,,,
7,parallel,3,3,0.5,2.328608597,2.316167414,0.000111111,43.425,"[41.6%, 52.8%, 46.6%, 42.0%, 50.0%, 50.0%, 50.8%, 13.6%]",,,,
7,parallel,4,4,0.5,2.319180495,2.297612369,0.000111111,43.05,"[41.6%, 52.8%, 46.6%, 42.0%, 50.0%, 50.0%, 50.8%, 10.6%]",,,,
7,parallel,5,5,0.488732659,2.294295501,2.240208447,0.000111111,43.65,"[41.6%, 52.8%, 46.6%, 42.0%, 50.0%, 50.0%, 50.8%, 15.4%]",,,,
7,parallel,6,6,0.47122281,2.219294192,2.141867653,0.000111111,44.3,"[41.6%, 52.8%, 46.6%, 42.0%, 50.0%, 50.0%, 50.8%, 20.6%]",,,,
7,parallel,7,7,0.454071276,2.16147665,2.038494185,0.000111111,45,"[41.6%, 52.8%, 46.6%, 42.0%, 50.0%, 50.0%, 50.8%, 26.2%]",,,,
7,parallel,8,8,0.437278058,2.057165863,2.068519615,0.000111111,44.6,"[41.6%, 52.8%, 46.6%, 42.0%, 50.0%, 50.0%, 50.8%, 23.0%]",,,,
7,parallel,9,9,0.420843156,1.984643005,1.996303611,0.000111111,45.6,"[41.6%, 52.8%, 46.6%, 42.0%, 50.0%, 50.0%, 50.8%, 31.0%]",,,,
7,parallel,10,10,0.40476657,1.922156147,1.791392475,0.000111111,46.15,"[41.6%, 52.8%, 46.6%, 42.0%, 50.0%, 50.0%, 50.8%, 35.4%]",,,,
7,parallel,11,11,0.389048299,1.825619255,1.770391867,0.000111111,46.2,"[41.6%, 52.8%, 46.6%, 42.0%, 50.0%, 50.0%, 50.8%, 35.8%]",,,,
7,parallel,12,12,0.373688345,1.768926193,1.733815864,0.000111111,46.675,"[41.6%, 52.8%, 46.6%, 42.0%, 50.0%, 50.0%, 50.8%, 39.6%]",,,,
7,parallel,13,13,0.358686706,1.709848866,1.786155462,0.000111111,46.35,"[41.6%, 52.8%, 46.6%, 42.0%, 50.0%, 50.0%, 50.8%, 37.0%]",,,,
7,parallel,14,14,0.344043383,1.644293793,1.715716958,0.000111111,46.925,"[41.6%, 52.8%, 46.6%, 42.0%, 50.0%, 50.0%, 50.8%, 41.6%]",,,,
7,parallel,15,15,0.329758375,1.615690064,1.688385516,0.000111111,46.975,"[41.6%, 52.8%, 46.6%, 42.0%, 50.0%, 50.0%, 50.8%, 42.0%]",,,,
7,parallel,16,16,0.315831684,1.587592369,1.558078684,0.000111111,47.675,"[41.6%, 52.8%, 46.6%, 42.0%, 50.0%, 50.0%, 50.8%, 47.6%]",,,,
7,parallel,17,17,0.302263308,1.52798526,1.594309919,0.000111111,47.575,"[41.6%, 52.8%, 46.6%, 42.0%, 50.0%, 50.0%, 50.8%, 46.8%]",,,,
7,parallel,18,18,0.289053248,1.522915404,1.428870469,0.000111111,48.475,"[41.6%, 52.8%, 46.6%, 42.0%, 50.0%, 50.0%, 50.8%, 54.0%]",,,,
7,parallel,19,19,0.276201504,1.474122769,1.531722702,0.000111111,47.95,"[41.6%, 52.8%, 46.6%, 42.0%, 50.0%, 50.0%, 50.8%, 49.8%]",,,,
7,parallel,20,20,0.263708076,1.439090572,1.644074887,0.000111111,47.475,"[41.6%, 52.8%, 46.6%, 42.0%, 50.0%, 50.0%, 50.8%, 46.0%]",,,,
7,parallel,21,21,0.251572963,1.439781032,1.514899157,0.000111111,48.15,"[41.6%, 52.8%, 46.6%, 42.0%, 50.0%, 50.0%, 50.8%, 51.4%]",,,,
7,parallel,22,22,0.239796166,1.410577412,1.359072253,0.000111111,48.8,"[41.6%, 52.8%, 46.6%, 42.0%, 50.0%, 50.0%, 50.8%, 56.6%]",,,,
7,parallel,23,23,0.228377685,1.393011418,1.358682528,0.000111111,48.875,"[41.6%, 52.8%, 46.6%, 42.0%, 50.0%, 50.0%, 50.8%, 57.2%]",,,,
7,parallel,24,24,0.21731752,1.410182852,1.760474481,0.000111111,46.6,"[41.6%, 52.8%, 46.6%, 42.0%, 50.0%, 50.0%, 50.8%, 39.0%]",,,,
7,parallel,25,25,0.206615671,1.366614168,1.327837937,0.000111111,48.925,"[41.6%, 52.8%, 46.6%, 42.0%, 50.0%, 50.0%, 50.8%, 57.6%]",,,,
7,parallel,26,26,0.196272137,1.38407563,1.444753855,0.000111111,48.3,"[41.6%, 52.8%, 46.6%, 42.0%, 50.0%, 50.0%, 50.8%, 52.6%]",,,,
7,parallel,27,27,0.186286919,1.395273154,1.323527858,0.000111111,48.725,"[41.6%, 52.8%, 46.6%, 42.0%, 50.0%, 50.0%, 50.8%, 56.0%]",,,,
7,parallel,28,28,0.176660017,1.387128048,1.3976283,0.000111111,48.425,"[41.6%, 52.8%, 46.6%, 42.0%, 50.0%, 50.0%, 50.8%, 53.6%]",,,,
7,parallel,29,29,0.167391431,1.418187442,1.411248632,0.000111111,48.525,"[41.6%, 52.8%, 46.6%, 42.0%, 50.0%, 50.0%, 50.8%, 54.4%]",,,,
7,parallel,30,30,0.15848116,1.355597138,1.417179625,0.000111111,48.5,"[41.6%, 52.8%, 46.6%, 42.0%, 50.0%, 50.0%, 50.8%, 54.2%]",,,,
7,parallel,31,31,0.149929206,1.472829461,1.480267256,0.000111111,48.275,"[41.6%, 52.8%, 46.6%, 42.0%, 50.0%, 50.0%, 50.8%, 52.4%]",,,,
7,parallel,32,32,0.141735567,1.449729002,1.423605934,0.000111111,48.4,"[41.6%, 52.8%, 46.6%, 42.0%, 50.0%, 50.0%, 50.8%, 53.4%]",,,,
7,parallel,33,33,0.133900244,1.464480863,1.496380724,0.000111111,48.275,"[41.6%, 52.8%, 46.6%, 42.0%, 50.0%, 50.0%, 50.8%, 52.4%]",,,,
7,parallel,34,34,0.126423236,1.454889707,1.471204057,0.000111111,48.2,"[41.6%, 52.8%, 46.6%, 42.0%, 50.0%, 50.0%, 50.8%, 51.8%]",,,,
7,parallel,35,35,0.119304545,1.483158913,1.443310581,0.000111111,48.35,"[41.6%, 52.8%, 46.6%, 42.0%, 50.0%, 50.0%, 50.8%, 53.0%]",,,,
7,parallel,36,36,0.112544169,1.504583126,1.668017589,0.000111111,47.175,"[41.6%, 52.8%, 46.6%, 42.0%, 50.0%, 50.0%, 50.8%, 43.6%]",,,,
7,parallel,37,37,0.106142109,1.609393061,1.560165927,0.000111111,47.65,"[41.6%, 52.8%, 46.6%, 42.0%, 50.0%, 50.0%, 50.8%, 47.4%]",,,,
7,parallel,38,38,0.100098365,1.517825077,1.517268106,0.000111111,47.925,"[41.6%, 52.8%, 46.6%, 42.0%, 50.0%, 50.0%, 50.8%, 49.6%]",,,,
7,parallel,39,39,0.094412936,1.508911581,1.439045787,0.000111111,48.275,"[41.6%, 52.8%, 46.6%, 42.0%, 50.0%, 50.0%, 50.8%, 52.4%]",,,,
7,parallel,40,40,0.089085824,1.647682714,1.534373522,0.000111111,47.675,"[41.6%, 52.8%, 46.6%, 42.0%, 50.0%, 50.0%, 50.8%, 47.6%]",,,,
7,parallel,41,41,0.084117027,1.559758523,1.509593099,0.000111111,47.925,"[41.6%, 52.8%, 46.6%, 42.0%, 50.0%, 50.0%, 50.8%, 49.6%]",,,,
7,parallel,42,42,0.079506546,1.570348759,1.516161092,0.000111111,48.125,"[41.6%, 52.8%, 46.6%, 42.0%, 50.0%, 50.0%, 50.8%, 51.2%]",,,,
7,parallel,43,43,0.075254381,1.850675165,1.687501676,0.000111111,47.225,"[41.6%, 52.8%, 46.6%, 42.0%, 50.0%, 50.0%, 50.8%, 44.0%]",,,,
7,parallel,44,44,0.071360531,1.69242434,1.6471515,0.000111111,47.575,"[41.6%, 52.8%, 46.6%, 42.0%, 50.0%, 50.0%, 50.8%, 46.8%]",,,,
7,parallel,45,45,0.067824998,1.862305063,1.700386196,0.000111111,47.55,"[41.6%, 52.8%, 46.6%, 42.0%, 50.0%, 50.0%, 50.8%, 46.6%]",,,,
7,parallel,46,46,0.06464778,1.698436591,1.654119767,0.000111111,47.675,"[41.6%, 52.8%, 46.6%, 42.0%, 50.0%, 50.0%, 50.8%, 47.6%]",,,,
7,parallel,47,47,0.061828878,1.841561868,1.918515921,0.000111111,45.95,"[41.6%, 52.8%, 46.6%, 42.0%, 50.0%, 50.0%, 50.8%, 33.8%]",,,,
7,parallel,48,48,0.059368291,1.811870042,1.765590578,0.000111111,46.775,"[41.6%, 52.8%, 46.6%, 42.0%, 50.0%, 50.0%, 50.8%, 40.4%]",,,,
7,parallel,49,49,0.057266021,1.80541991,1.80492001,0.000111111,46.725,"[41.6%, 52.8%, 46.6%, 42.0%, 50.0%, 50.0%, 50.8%, 40.0%]",,,,
7,parallel,50,50,0.055522066,1.728692762,1.765874818,0.000111111,46.925,"[41.6%, 52.8%, 46.6%, 42.0%, 50.0%, 50.0%, 50.8%, 41.6%]",,,,
7,parallel,51,51,0.054136427,1.825355869,1.791420132,0.000111111,46.85,"[41.6%, 52.8%, 46.6%, 42.0%, 50.0%, 50.0%, 50.8%, 41.0%]",,,,
7,parallel,52,52,0.053109104,1.732417395,1.70357047,0.000111111,47.375,"[41.6%, 52.8%, 46.6%, 42.0%, 50.0%, 50.0%, 50.8%, 45.2%]",,,,
7,parallel,53,53,0.052440097,1.702634075,1.672275297,0.000111111,47.475,"[41.6%, 52.8%, 46.6%, 42.0%, 50.0%, 50.0%, 50.8%, 46.0%]",,,,
7,parallel,54,54,0.052129405,1.646796717,1.690323837,0.000111111,47.025,"[41.6%, 52.8%, 46.6%, 42.0%, 50.0%, 50.0%, 50.8%, 42.4%]",,,,
7,parallel,55,55,0.052105263,1.62022239,1.645061716,0.000111111,47.375,"[41.6%, 52.8%, 46.6%, 42.0%, 50.0%, 50.0%, 50.8%, 45.2%]",,,,
7,weights,1,56,0.052105263,1.618056611,1.618970864,0.000111111,47.55,"[41.6%, 52.8%, 46.6%, 42.0%, 50.0%, 50.0%, 50.8%, 46.6%]",,,,
7,weights,2,57,0.052105263,1.578033612,1.676308632,0.000111111,46.925,"[41.6%, 52.8%, 46.6%, 42.0%, 50.0%, 50.0%, 50.8%, 41.6%]",,,,
7,weights,3,58,0.052105263,1.559931268,1.765363768,0.000111111,46.95,"[41.6%, 52.8%, 46.6%, 42.0%, 50.0%, 50.0%, 50.8%, 41.8%]",,,,
7,weights,4,59,0.052105263,1.533159442,1.571097068,0.000111111,47.6,"[41.6%, 52.8%, 46.6%, 42.0%, 50.0%, 50.0%, 50.8%, 47.0%]",,,,
7,weights,5,60,0.052105263,1.539556115,1.594622821,0.000111111,47.375,"[41.6%, 52.8%, 46.6%, 42.0%, 50.0%, 50.0%, 50.8%, 45.2%]",,,,
7,weights,6,61,0.052105263,1.533171903,1.575744972,0.000111111,47.65,"[41.6%, 52.8%, 46.6%, 42.0%, 50.0%, 50.0%, 50.8%, 47.4%]",,,,
7,weights,7,62,0.052105263,1.509445627,1.557478592,0.000111111,47.725,"[41.6%, 52.8%, 46.6%, 42.0%, 50.0%, 50.0%, 50.8%, 48.0%]",,,,
7,weights,8,63,0.052105263,1.475676503,1.597705007,0.000111111,47.75,"[41.6%, 52.8%, 46.6%, 42.0%, 50.0%, 50.0%, 50.8%, 48.2%]",,,,
7,weights,9,64,0.052105263,1.467879182,1.537218951,0.000111111,47.875,"[41.6%, 52.8%, 46.6%, 42.0%, 50.0%, 50.0%, 50.8%, 49.2%]",,,,
7,weights,10,65,0.052105263,1.488279988,1.531173721,0.000111111,48.05,"[41.6%, 52.8%, 46.6%, 42.0%, 50.0%, 50.0%, 50.8%, 50.6%]",,,,
7,weights,11,66,0.052105263,1.472785242,1.528931394,0.000111111,47.975,"[41.6%, 52.8%, 46.6%, 42.0%, 50.0%, 50.0%, 50.8%, 50.0%]",,,,
7,weights,12,67,0.052105263,1.450259117,1.49401781,0.000111111,48.125,"[41.6%, 52.8%, 46.6%, 42.0%, 50.0%, 50.0%, 50.8%, 51.2%]",,,,
7,weights,13,68,0.052105263,1.439575954,1.522628531,0.000111111,47.775,"[41.6%, 52.8%, 46.6%, 42.0%, 50.0%, 50.0%, 50.8%, 48.4%]",,,,
7,weights,14,69,0.052105263,1.417390238,1.468036935,0.000111111,48.175,"[41.6%, 52.8%, 46.6%, 42.0%, 50.0%, 50.0%, 50.8%, 51.6%]",,,,
7,weights,15,70,0.052105263,1.428420651,1.497774996,0.000111111,48.175,"[41.6%, 52.8%, 46.6%, 42.0%, 50.0%, 50.0%, 50.8%, 51.6%]",,,,
7,weights,16,71,0.052105263,1.415133887,1.668167472,0.000111111,47.525,"[41.6%, 52.8%, 46.6%, 42.0%, 50.0%, 50.0%, 50.8%, 46.4%]",,,,
7,weights,17,72,0.052105263,1.415985245,1.446210124,0.000111111,48.525,"[41.6%, 52.8%, 46.6%, 42.0%, 50.0%, 50.0%, 50.8%, 54.4%]",,,,
7,weights,18,73,0.052105263,1.40634003,1.504705995,0.000111111,48.025,"[41.6%, 52.8%, 46.6%, 42.0%, 50.0%, 50.0%, 50.8%, 50.4%]",,,,
7,weights,19,74,0.052105263,1.411428643,1.441706419,0.000111111,48.225,"[41.6%, 52.8%, 46.6%, 42.0%, 50.0%, 50.0%, 50.8%, 52.0%]",,,,
7,weights,20,75,0.052105263,1.393838867,1.476841204,0.000111111,48.225,"[41.6%, 52.8%, 46.6%, 42.0%, 50.0%, 50.0%, 50.8%, 52.0%]",,,,
7,weights,21,76,0.052105263,1.39684822,1.461824641,0.000111111,48.15,"[41.6%, 52.8%, 46.6%, 42.0%, 50.0%, 50.0%, 50.8%, 51.4%]",,,,
7,weights,22,77,0.052105263,1.38350588,1.428502418,0.000111111,48.375,"[41.6%, 52.8%, 46.6%, 42.0%, 50.0%, 50.0%, 50.8%, 53.2%]",,,,
7,weights,23,78,0.052105263,1.39203307,1.482854187,0.000111111,48.225,"[41.6%, 52.8%, 46.6%, 42.0%, 50.0%, 50.0%, 50.8%, 52.0%]",,,,
7,weights,24,79,0.052105263,1.389096636,1.520468436,0.000111111,48.125,"[41.6%, 52.8%, 46.6%, 42.0%, 50.0%, 50.0%, 50.8%, 51.2%]",,,,
7,weights,25,80,0.052105263,1.373044492,1.624567777,0.000111111,47.575,"[41.6%, 52.8%, 46.6%, 42.0%, 50.0%, 50.0%, 50.8%, 46.8%]",26.25,"[10.4%, 46.0%, 27.8%, 12.2%, 45.6%, 15.0%, 13.6%, 39.4%]",34.725,"[30.5%, 35.1%, 33.4%, 20.3%, 38.2%, 30.9%, 52.1%, 37.7%]"
8,parallel,1,1,0.5,9.562083054,3.333059758,0.000111111,43.37777778,"[41.6%, 52.8%, 46.6%, 42.0%, 50.0%, 50.0%, 50.8%, 46.8%, 9.8%]",,,,
8,parallel,2,2,0.5,2.527771742,2.354791135,0.000111111,43.4,"[41.6%, 52.8%, 46.6%, 42.0%, 50.0%, 50.0%, 50.8%, 46.8%, 10.0%]",,,,
8,parallel,3,3,0.5,2.342714566,2.335903227,0.000111111,43.55555556,"[41.6%, 52.8%, 46.6%, 42.0%, 50.0%, 50.0%, 50.8%, 46.8%, 11.4%]",,,,
8,parallel,4,4,0.5,2.327731087,2.326466709,0.000111111,43.4,"[41.6%, 52.8%, 46.6%, 42.0%, 50.0%, 50.0%, 50.8%, 46.8%, 10.0%]",,,,
8,parallel,5,5,0.488706444,2.318413716,2.305960715,0.000111111,43.42222222,"[41.6%, 52.8%, 46.6%, 42.0%, 50.0%, 50.0%, 50.8%, 46.8%, 10.2%]",,,,
8,parallel,6,6,0.471155855,2.29254728,2.272657275,0.000111111,43.86666667,"[41.6%, 52.8%, 46.6%, 42.0%, 50.0%, 50.0%, 50.8%, 46.8%, 14.2%]",,,,
8,parallel,7,7,0.453964415,2.207534199,2.174135774,0.000111111,44.51111111,"[41.6%, 52.8%, 46.6%, 42.0%, 50.0%, 50.0%, 50.8%, 46.8%, 20.0%]",,,,
8,parallel,8,8,0.437132125,2.102758166,2.08541736,0.000111111,44.71111111,"[41.6%, 52.8%, 46.6%, 42.0%, 50.0%, 50.0%, 50.8%, 46.8%, 21.8%]",,,,
8,parallel,9,9,0.420658984,2.012673331,1.941450402,0.000111111,45.64444444,"[41.6%, 52.8%, 46.6%, 42.0%, 50.0%, 50.0%, 50.8%, 46.8%, 30.2%]",,,,
8,parallel,10,10,0.404544993,1.946597496,1.883995846,0.000111111,46.17777778,"[41.6%, 52.8%, 46.6%, 42.0%, 50.0%, 50.0%, 50.8%, 46.8%, 35.0%]",,,,
8,parallel,11,11,0.388790151,1.846052524,1.815233067,0.000111111,46.22222222,"[41.6%, 52.8%, 46.6%, 42.0%, 50.0%, 50.0%, 50.8%, 46.8%, 35.4%]",,,,
8,parallel,12,12,0.373394459,1.778417627,1.748714194,0.000111111,46.68888889,"[41.6%, 52.8%, 46.6%, 42.0%, 50.0%, 50.0%, 50.8%, 46.8%, 39.6%]",,,,
8,parallel,13,13,0.358357916,1.68336946,1.653925776,0.000111111,47.13333333,"[41.6%, 52.8%, 46.6%, 42.0%, 50.0%, 50.0%, 50.8%, 46.8%, 43.6%]",,,,
8,parallel,14,14,0.343680522,1.610001626,1.619561926,0.000111111,47.28888889,"[41.6%, 52.8%, 46.6%, 42.0%, 50.0%, 50.0%, 50.8%, 46.8%, 45.0%]",,,,
8,parallel,15,15,0.329362279,1.532645797,1.449781783,0.000111111,48.02222222,"[41.6%, 52.8%, 46.6%, 42.0%, 50.0%, 50.0%, 50.8%, 46.8%, 51.6%]",,,,
8,parallel,16,16,0.315403184,1.487928585,1.512069605,0.000111111,47.6,"[41.6%, 52.8%, 46.6%, 42.0%, 50.0%, 50.0%, 50.8%, 46.8%, 47.8%]",,,,
8,parallel,17,17,0.301803239,1.47612378,1.455552377,0.000111111,48.26666667,"[41.6%, 52.8%, 46.6%, 42.0%, 50.0%, 50.0%, 50.8%, 46.8%, 53.8%]",,,,
8,parallel,18,18,0.288562444,1.42424273,1.454758912,0.000111111,47.91111111,"[41.6%, 52.8%, 46.6%, 42.0%, 50.0%, 50.0%, 50.8%, 46.8%, 50.6%]",,,,
8,parallel,19,19,0.275680798,1.385202925,1.381238326,0.000111111,48.17777778,"[41.6%, 52.8%, 46.6%, 42.0%, 50.0%, 50.0%, 50.8%, 46.8%, 53.0%]",,,,
8,parallel,20,20,0.263158301,1.399395335,1.407725796,0.000111111,48.24444444,"[41.6%, 52.8%, 46.6%, 42.0%, 50.0%, 50.0%, 50.8%, 46.8%, 53.6%]",,,,
8,parallel,21,21,0.250994954,1.363391134,1.279594272,0.000111111,48.64444444,"[41.6%, 52.8%, 46.6%, 42.0%, 50.0%, 50.0%, 50.8%, 46.8%, 57.2%]",,,,
8,parallel,22,22,0.239190757,1.36719717,1.374996126,0.000111111,48.31111111,"[41.6%, 52.8%, 46.6%, 42.0%, 50.0%, 50.0%, 50.8%, 46.8%, 54.2%]",,,,
8,parallel,23,23,0.227745709,1.358330188,1.416441165,0.000111111,48.17777778,"[41.6%, 52.8%, 46.6%, 42.0%, 50.0%, 50.0%, 50.8%, 46.8%, 53.0%]",,,,
8,parallel,24,24,0.21665981,1.359622829,1.308197893,0.000111111,48.57777778,"[41.6%, 52.8%, 46.6%, 42.0%, 50.0%, 50.0%, 50.8%, 46.8%, 56.6%]",,,,
8,parallel,25,25,0.205933061,1.343162184,1.291646563,0.000111111,48.68888889,"[41.6%, 52.8%, 46.6%, 42.0%, 50.0%, 50.0%, 50.8%, 46.8%, 57.6%]",,,,
8,parallel,26,26,0.195565461,1.35164232,1.388647646,0.000111111,47.91111111,"[41.6%, 52.8%, 46.6%, 42.0%, 50.0%, 50.0%, 50.8%, 46.8%, 50.6%]",,,,
8,parallel,27,27,0.185557011,1.358357688,1.318314195,0.000111111,48.86666667,"[41.6%, 52.8%, 46.6%, 42.0%, 50.0%, 50.0%, 50.8%, 46.8%, 59.2%]",,,,
8,parallel,28,28,0.17590771,1.310120717,1.321248814,0.000111111,48.46666667,"[41.6%, 52.8%, 46.6%, 42.0%, 50.0%, 50.0%, 50.8%, 46.8%, 55.6%]",,,,
8,parallel,29,29,0.166617559,1.351054898,1.33186996,0.000111111,48.57777778,"[41.6%, 52.8%, 46.6%, 42.0%, 50.0%, 50.0%, 50.8%, 46.8%, 56.6%]",,,,
8,parallel,30,30,0.157686557,1.347531127,1.276459172,0.000111111,48.64444444,"[41.6%, 52.8%, 46.6%, 42.0%, 50.0%, 50.0%, 50.8%, 46.8%, 57.2%]",,,,
8,parallel,31,31,0.149114705,1.356054977,1.420239665,0.000111111,48,"[41.6%, 52.8%, 46.6%, 42.0%, 50.0%, 50.0%, 50.8%, 46.8%, 51.4%]",,,,
8,parallel,32,32,0.140902002,1.345689676,1.319182768,0.000111111,48.53333333,"[41.6%, 52.8%, 46.6%, 42.0%, 50.0%, 50.0%, 50.8%, 46.8%, 56.2%]",,,,
8,parallel,33,33,0.133048449,1.403846536,1.350681037,0.000111111,48.51111111,"[41.6%, 52.8%, 46.6%, 42.0%, 50.0%, 50.0%, 50.8%, 46.8%, 56.0%]",,,,
8,parallel,34,34,0.125554045,1.388782486,1.339867987,0.000111111,48.35555556,"[41.6%, 52.8%, 46.6%, 42.0%, 50.0%, 50.0%, 50.8%, 46.8%, 54.6%]",,,,
8,parallel,35,35,0.11841879,1.504571894,1.408166856,0.000111111,48.17777778,"[41.6%, 52.8%, 46.6%, 42.0%, 50.0%, 50.0%, 50.8%, 46.8%, 53.0%]",,,,
8,parallel,36,36,0.111642685,1.466942873,1.402390003,0.000111111,48.37777778,"[41.6%, 52.8%, 46.6%, 42.0%, 50.0%, 50.0%, 50.8%, 46.8%, 54.8%]",,,,
8,parallel,37,37,0.10522573,1.540579029,1.541174985,0.000111111,47.71111111,"[41.6%, 52.8%, 46.6%, 42.0%, 50.0%, 50.0%, 50.8%, 46.8%, 48.8%]",,,,
8,parallel,38,38,0.099167924,1.495783524,1.485481352,0.000111111,47.8,"[41.6%, 52.8%, 46.6%, 42.0%, 50.0%, 50.0%, 50.8%, 46.8%, 49.6%]",,,,
8,parallel,39,39,0.093469267,1.550421783,1.67485939,0.000111111,47.08888889,"[41.6%, 52.8%, 46.6%, 42.0%, 50.0%, 50.0%, 50.8%, 46.8%, 43.2%]",,,,
8,parallel,40,40,0.08812976,1.615785863,1.559658885,0.000111111,47.68888889,"[41.6%, 52.8%, 46.6%, 42.0%, 50.0%, 50.0%, 50.8%, 46.8%, 48.6%]",,,,
8,parallel,41,41,0.083149403,1.57686896,1.571190089,0.000111111,47.66666667,"[41.6%, 52.8%, 46.6%, 42.0%, 50.0%, 50.0%, 50.8%, 46.8%, 48.4%]",,,,
8,parallel,42,42,0.078528195,1.561584462,1.493387282,0.000111111,48.06666667,"[41.6%, 52.8%, 46.6%, 42.0%, 50.0%, 50.0%, 50.8%, 46.8%, 52.0%]",,,,
8,parallel,43,43,0.074266136,1.725198583,1.637680888,0.000111111,47.28888889,"[41.6%, 52.8%, 46.6%, 42.0%, 50.0%, 50.0%, 50.8%, 46.8%, 45.0%]",,,,
8,parallel,44,44,0.070363227,1.632753279,1.580604717,0.000111111,47.55555556,"[41.6%, 52.8%, 46.6%, 42.0%, 50.0%, 50.0%, 50.8%, 46.8%, 47.4%]",,,,
8,parallel,45,45,0.066819467,1.664831911,1.594908983,0.000111111,47.64444444,"[41.6%, 52.8%, 46.6%, 42.0%, 50.0%, 50.0%, 50.8%, 46.8%, 48.2%]",,,,
8,parallel,46,46,0.063634857,1.656322793,1.583746955,0.000111111,47.64444444,"[41.6%, 52.8%, 46.6%, 42.0%, 50.0%, 50.0%, 50.8%, 46.8%, 48.2%]",,,,
8,parallel,47,47,0.060809396,1.785853061,1.693565547,0.000111111,47.08888889,"[41.6%, 52.8%, 46.6%, 42.0%, 50.0%, 50.0%, 50.8%, 46.8%, 43.2%]",,,,
8,parallel,48,48,0.058343085,1.730137603,1.702469245,0.000111111,47.33333333,"[41.6%, 52.8%, 46.6%, 42.0%, 50.0%, 50.0%, 50.8%, 46.8%, 45.4%]",,,,
8,parallel,49,49,0.056235923,1.700470405,1.719360769,0.000111111,47.2,"[41.6%, 52.8%, 46.6%, 42.0%, 50.0%, 50.0%, 50.8%, 46.8%, 44.2%]",,,,
8,parallel,50,50,0.054487911,1.867335372,1.996500358,0.000111111,45.95555556,"[41.6%, 52.8%, 46.6%, 42.0%, 50.0%, 50.0%, 50.8%, 46.8%, 33.0%]",,,,
8,parallel,51,51,0.053099048,1.86620699,1.784715146,0.000111111,46.68888889,"[41.6%, 52.8%, 46.6%, 42.0%, 50.0%, 50.0%, 50.8%, 46.8%, 39.6%]",,,,
8,parallel,52,52,0.052069335,1.74384176,1.688547775,0.000111111,47.24444444,"[41.6%, 52.8%, 46.6%, 42.0%, 50.0%, 50.0%, 50.8%, 46.8%, 44.6%]",,,,
8,parallel,53,53,0.051398771,1.69217402,1.633049607,0.000111111,47.35555556,"[41.6%, 52.8%, 46.6%, 42.0%, 50.0%, 50.0%, 50.8%, 46.8%, 45.6%]",,,,
8,parallel,54,54,0.051087356,1.647854468,1.600243524,0.000111111,47.77777778,"[41.6%, 52.8%, 46.6%, 42.0%, 50.0%, 50.0%, 50.8%, 46.8%, 49.4%]",,,,
8,parallel,55,55,0.051063158,1.615277852,1.640927106,0.000111111,47.42222222,"[41.6%, 52.8%, 46.6%, 42.0%, 50.0%, 50.0%, 50.8%, 46.8%, 46.2%]",,,,
8,weights,1,56,0.051063158,1.592754037,1.618196242,0.000111111,47.37777778,"[41.6%, 52.8%, 46.6%, 42.0%, 50.0%, 50.0%, 50.8%, 46.8%, 45.8%]",,,,
8,weights,2,57,0.051063158,1.593902334,1.508718237,0.000111111,48.04444444,"[41.6%, 52.8%, 46.6%, 42.0%, 50.0%, 50.0%, 50.8%, 46.8%, 51.8%]",,,,
8,weights,3,58,0.051063158,1.551000237,1.521615535,0.000111111,47.68888889,"[41.6%, 52.8%, 46.6%, 42.0%, 50.0%, 50.0%, 50.8%, 46.8%, 48.6%]",,,,
8,weights,4,59,0.051063158,1.529087364,1.554178283,0.000111111,47.66666667,"[41.6%, 52.8%, 46.6%, 42.0%, 50.0%, 50.0%, 50.8%, 46.8%, 48.4%]",,,,
8,weights,5,60,0.051063158,1.52312709,1.487328261,0.000111111,47.8,"[41.6%, 52.8%, 46.6%, 42.0%, 50.0%, 50.0%, 50.8%, 46.8%, 49.6%]",,,,
8,weights,6,61,0.051063158,1.501247456,1.465681851,0.000111111,48.04444444,"[41.6%, 52.8%, 46.6%, 42.0%, 50.0%, 50.0%, 50.8%, 46.8%, 51.8%]",,,,
8,weights,7,62,0.051063158,1.490038999,1.495867535,0.000111111,47.86666667,"[41.6%, 52.8%, 46.6%, 42.0%, 50.0%, 50.0%, 50.8%, 46.8%, 50.2%]",,,,
8,weights,8,63,0.051063158,1.50359493,1.542022571,0.000111111,47.57777778,"[41.6%, 52.8%, 46.6%, 42.0%, 50.0%, 50.0%, 50.8%, 46.8%, 47.6%]",,,,
8,weights,9,64,0.051063158,1.478236438,1.463751972,0.000111111,47.97777778,"[41.6%, 52.8%, 46.6%, 42.0%, 50.0%, 50.0%, 50.8%, 46.8%, 51.2%]",,,,
8,weights,10,65,0.051063158,1.458766583,1.426365077,0.000111111,48.08888889,"[41.6%, 52.8%, 46.6%, 42.0%, 50.0%, 50.0%, 50.8%, 46.8%, 52.2%]",,,,
8,weights,11,66,0.051063158,1.444316722,1.447934449,0.000111111,47.8,"[41.6%, 52.8%, 46.6%, 42.0%, 50.0%, 50.0%, 50.8%, 46.8%, 49.6%]",,,,
8,weights,12,67,0.051063158,1.439083138,1.472872898,0.000111111,47.68888889,"[41.6%, 52.8%, 46.6%, 42.0%, 50.0%, 50.0%, 50.8%, 46.8%, 48.6%]",,,,
8,weights,13,68,0.051063158,1.43456799,1.444274515,0.000111111,47.88888889,"[41.6%, 52.8%, 46.6%, 42.0%, 50.0%, 50.0%, 50.8%, 46.8%, 50.4%]",,,,
8,weights,14,69,0.051063158,1.417210264,1.44465363,0.000111111,48.02222222,"[41.6%, 52.8%, 46.6%, 42.0%, 50.0%, 50.0%, 50.8%, 46.8%, 51.6%]",,,,
8,weights,15,70,0.051063158,1.426698481,1.427217931,0.000111111,48.11111111,"[41.6%, 52.8%, 46.6%, 42.0%, 50.0%, 50.0%, 50.8%, 46.8%, 52.4%]",,,,
8,weights,16,71,0.051063158,1.393934521,1.494818628,0.000111111,47.6,"[41.6%, 52.8%, 46.6%, 42.0%, 50.0%, 50.0%, 50.8%, 46.8%, 47.8%]",,,,
8,weights,17,72,0.051063158,1.412243892,1.467865586,0.000111111,47.82222222,"[41.6%, 52.8%, 46.6%, 42.0%, 50.0%, 50.0%, 50.8%, 46.8%, 49.8%]",,,,
8,weights,18,73,0.051063158,1.384138204,1.402835444,0.000111111,48.11111111,"[41.6%, 52.8%, 46.6%, 42.0%, 50.0%, 50.0%, 50.8%, 46.8%, 52.4%]",,,,
8,weights,19,74,0.051063158,1.383549586,1.431906044,0.000111111,47.97777778,"[41.6%, 52.8%, 46.6%, 42.0%, 50.0%, 50.0%, 50.8%, 46.8%, 51.2%]",,,,
8,weights,20,75,0.051063158,1.398176169,1.423046067,0.000111111,47.82222222,"[41.6%, 52.8%, 46.6%, 42.0%, 50.0%, 50.0%, 50.8%, 46.8%, 49.8%]",,,,
8,weights,21,76,0.051063158,1.382512655,1.388617948,0.000111111,48.28888889,"[41.6%, 52.8%, 46.6%, 42.0%, 50.0%, 50.0%, 50.8%, 46.8%, 54.0%]",,,,
8,weights,22,77,0.051063158,1.370612237,1.376108669,0.000111111,48.42222222,"[41.6%, 52.8%, 46.6%, 42.0%, 50.0%, 50.0%, 50.8%, 46.8%, 55.2%]",,,,
8,weights,23,78,0.051063158,1.355936663,1.404234029,0.000111111,48.08888889,"[41.6%, 52.8%, 46.6%, 42.0%, 50.0%, 50.0%, 50.8%, 46.8%, 52.2%]",,,,
8,weights,24,79,0.051063158,1.375829105,1.434316635,0.000111111,47.73333333,"[41.6%, 52.8%, 46.6%, 42.0%, 50.0%, 50.0%, 50.8%, 46.8%, 49.0%]",,,,
8,weights,25,80,0.051063158,1.345748292,1.354853809,0.000111111,48.46666667,"[41.6%, 52.8%, 46.6%, 42.0%, 50.0%, 50.0%, 50.8%, 46.8%, 55.6%]",26.6,"[10.4%, 46.0%, 27.8%, 7.0%, 45.6%, 15.0%, 13.6%, 39.4%, 34.6%]",32.85555556,"[20.3%, 35.5%, 32.2%, 20.7%, 33.2%, 35.1%, 53.8%, 37.7%, 27.8%]"
9,parallel,1,1,0.5,11.26547518,3.847186983,0.000111111,43.62,"[41.6%, 52.8%, 46.6%, 42.0%, 50.0%, 50.0%, 50.8%, 46.8%, 55.6%, 0.0%]",,,,
9,parallel,2,2,0.5,2.605678241,2.343736261,0.000111111,44.76,"[41.6%, 52.8%, 46.6%, 42.0%, 50.0%, 50.0%, 50.8%, 46.8%, 55.6%, 11.4%]",,,,
9,parallel,3,3,0.5,2.336515396,2.324348241,0.000111111,44.54,"[41.6%, 52.8%, 46.6%, 42.0%, 50.0%, 50.0%, 50.8%, 46.8%, 55.6%, 9.2%]",,,,
9,parallel,4,4,0.5,2.335749846,2.327596605,0.000111111,44.62,"[41.6%, 52.8%, 46.6%, 42.0%, 50.0%, 50.0%, 50.8%, 46.8%, 55.6%, 10.0%]",,,,
9,parallel,5,5,0.488680228,2.327228024,2.33116439,0.000111111,44.62,"[41.6%, 52.8%, 46.6%, 42.0%, 50.0%, 50.0%, 50.8%, 46.8%, 55.6%, 10.0%]",,,,
9,parallel,6,6,0.471088899,2.323458647,2.330750048,0.000111111,44.62,"[41.6%, 52.8%, 46.6%, 42.0%, 50.0%, 50.0%, 50.8%, 46.8%, 55.6%, 10.0%]",,,,
9,parallel,7,7,0.453857554,2.330707263,2.320576161,0.000111111,44.88,"[41.6%, 52.8%, 46.6%, 42.0%, 50.0%, 50.0%, 50.8%, 46.8%, 55.6%, 12.6%]",,,,
9,parallel,8,8,0.436986191,2.314858373,2.272927791,0.000111111,45.5,"[41.6%, 52.8%, 46.6%, 42.0%, 50.0%, 50.0%, 50.8%, 46.8%, 55.6%, 18.8%]",,,,
9,parallel,9,9,0.420474812,2.145988567,1.976422057,0.000111111,46.5,"[41.6%, 52.8%, 46.6%, 42.0%, 50.0%, 50.0%, 50.8%, 46.8%, 55.6%, 28.8%]",,,,
9,parallel,10,10,0.404323416,1.982805439,1.873098001,0.000111111,46.96,"[41.6%, 52.8%, 46.6%, 42.0%, 50.0%, 50.0%, 50.8%, 46.8%, 55.6%, 33.4%]",,,,
9,parallel,11,11,0.388532002,1.852410575,1.7269575,0.000111111,47.4,"[41.6%, 52.8%, 46.6%, 42.0%, 50.0%, 50.0%, 50.8%, 46.8%, 55.6%, 37.8%]",,,,
9,parallel,12,12,0.373100573,1.75053029,1.628295079,0.000111111,48.1,"[41.6%, 52.8%, 46.6%, 42.0%, 50.0%, 50.0%, 50.8%, 46.8%, 55.6%, 44.8%]",,,,
9,parallel,13,13,0.358029126,1.634027074,1.619302347,0.000111111,47.8,"[41.6%, 52.8%, 46.6%, 42.0%, 50.0%, 50.0%, 50.8%, 46.8%, 55.6%, 41.8%]",,,,
9,parallel,14,14,0.343317662,1.553153797,1.451298475,0.000111111,48.84,"[41.6%, 52.8%, 46.6%, 42.0%, 50.0%, 50.0%, 50.8%, 46.8%, 55.6%, 52.2%]",,,,
9,parallel,15,15,0.328966182,1.506634567,1.36283052,0.000111111,48.9,"[41.6%, 52.8%, 46.6%, 42.0%, 50.0%, 50.0%, 50.8%, 46.8%, 55.6%, 52.8%]",,,,
9,parallel,16,16,0.314974684,1.445926339,1.341486938,0.000111111,49.22,"[41.6%, 52.8%, 46.6%, 42.0%, 50.0%, 50.0%, 50.8%, 46.8%, 55.6%, 56.0%]",,,,
9,parallel,17,17,0.30134317,1.380924883,1.2937079,0.000111111,49.2,"[41.6%, 52.8%, 46.6%, 42.0%, 50.0%, 50.0%, 50.8%, 46.8%, 55.6%, 55.8%]",,,,
9,parallel,18,18,0.288071639,1.330024583,1.264290012,0.000111111,49.48,"[41.6%, 52.8%, 46.6%, 42.0%, 50.0%, 50.0%, 50.8%, 46.8%, 55.6%, 58.6%]",,,,
9,parallel,19,19,0.275160092,1.284447382,1.222718425,0.000111111,49.66,"[41.6%, 52.8%, 46.6%, 42.0%, 50.0%, 50.0%, 50.8%, 46.8%, 55.6%, 60.4%]",,,,
9,parallel,20,20,0.262608527,1.300150837,1.182223283,0.000111111,49.88,"[41.6%, 52.8%, 46.6%, 42.0%, 50.0%, 50.0%, 50.8%, 46.8%, 55.6%, 62.6%]",,,,
9,parallel,21,21,0.250416945,1.248107095,1.287759878,0.000111111,49.56,"[41.6%, 52.8%, 46.6%, 42.0%, 50.0%, 50.0%, 50.8%, 46.8%, 55.6%, 59.4%]",,,,
9,parallel,22,22,0.238585347,1.231492522,1.215837292,0.000111111,49.48,"[41.6%, 52.8%, 46.6%, 42.0%, 50.0%, 50.0%, 50.8%, 46.8%, 55.6%, 58.6%]",,,,
9,parallel,23,23,0.227113732,1.242629209,1.237495363,0.000111111,49.54,"[41.6%, 52.8%, 46.6%, 42.0%, 50.0%, 50.0%, 50.8%, 46.8%, 55.6%, 59.2%]",,,,
9,parallel,24,24,0.2160021,1.245427966,1.207716897,0.000111111,49.56,"[41.6%, 52.8%, 46.6%, 42.0%, 50.0%, 50.0%, 50.8%, 46.8%, 55.6%, 59.4%]",,,,
9,parallel,25,25,0.205250451,1.210141083,1.135836102,0.000111111,49.72,"[41.6%, 52.8%, 46.6%, 42.0%, 50.0%, 50.0%, 50.8%, 46.8%, 55.6%, 61.0%]",,,,
9,parallel,26,26,0.194858785,1.231645997,1.162601687,0.000111111,49.8,"[41.6%, 52.8%, 46.6%, 42.0%, 50.0%, 50.0%, 50.8%, 46.8%, 55.6%, 61.8%]",,,,
9,parallel,27,27,0.184827103,1.256639859,1.20324146,0.000111111,49.66,"[41.6%, 52.8%, 46.6%, 42.0%, 50.0%, 50.0%, 50.8%, 46.8%, 55.6%, 60.4%]",,,,
9,parallel,28,28,0.175155403,1.207498218,1.273318298,0.000111111,49.4,"[41.6%, 52.8%, 46.6%, 42.0%, 50.0%, 50.0%, 50.8%, 46.8%, 55.6%, 57.8%]",,,,
9,parallel,29,29,0.165843687,1.259995466,1.207260221,0.000111111,49.82,"[41.6%, 52.8%, 46.6%, 42.0%, 50.0%, 50.0%, 50.8%, 46.8%, 55.6%, 62.0%]",,,,
9,parallel,30,30,0.156891954,1.228488795,1.217391945,0.000111111,49.64,"[41.6%, 52.8%, 46.6%, 42.0%, 50.0%, 50.0%, 50.8%, 46.8%, 55.6%, 60.2%]",,,,
9,parallel,31,31,0.148300204,1.255292997,1.299640514,0.000111111,49.68,"[41.6%, 52.8%, 46.6%, 42.0%, 50.0%, 50.0%, 50.8%, 46.8%, 55.6%, 60.6%]",,,,
9,parallel,32,32,0.140068437,1.304569003,1.279029228,0.000111111,49.46,"[41.6%, 52.8%, 46.6%, 42.0%, 50.0%, 50.0%, 50.8%, 46.8%, 55.6%, 58.4%]",,,,
9,parallel,33,33,0.132196654,1.286986141,1.270194478,0.000111111,49.66,"[41.6%, 52.8%, 46.6%, 42.0%, 50.0%, 50.0%, 50.8%, 46.8%, 55.6%, 60.4%]",,,,
9,parallel,34,34,0.124684853,1.409909799,1.428323165,0.000111111,49.06,"[41.6%, 52.8%, 46.6%, 42.0%, 50.0%, 50.0%, 50.8%, 46.8%, 55.6%, 54.4%]",,,,
9,parallel,35,35,0.117533036,1.349162838,1.307361297,0.000111111,49.42,"[41.6%, 52.8%, 46.6%, 42.0%, 50.0%, 50.0%, 50.8%, 46.8%, 55.6%, 58.0%]",,,,
9,parallel,36,36,0.110741202,1.349285954,1.347098134,0.000111111,49.2,"[41.6%, 52.8%, 46.6%, 42.0%, 50.0%, 50.0%, 50.8%, 46.8%, 55.6%, 55.8%]",,,,
9,parallel,37,37,0.104309351,1.47136372,1.35683915,0.000111111,49.14,"[41.6%, 52.8%, 46.6%, 42.0%, 50.0%, 50.0%, 50.8%, 46.8%, 55.6%, 55.2%]",,,,
9,parallel,38,38,0.098237483,1.412062823,1.379046656,0.000111111,49.12,"[41.6%, 52.8%, 46.6%, 42.0%, 50.0%, 50.0%, 50.8%, 46.8%, 55.6%, 55.0%]",,,,
9,parallel,39,39,0.092525598,1.512159188,1.500143528,0.000111111,48.56,"[41.6%, 52.8%, 46.6%, 42.0%, 50.0%, 50.0%, 50.8%, 46.8%, 55.6%, 49.4%]",,,,
9,parallel,40,40,0.087173697,1.49823375,1.428603366,0.000111111,48.94,"[41.6%, 52.8%, 46.6%, 42.0%, 50.0%, 50.0%, 50.8%, 46.8%, 55.6%, 53.2%]",,,,
9,parallel,41,41,0.082181778,1.47686392,1.424316533,0.000111111,48.86,"[41.6%, 52.8%, 46.6%, 42.0%, 50.0%, 50.0%, 50.8%, 46.8%, 55.6%, 52.4%]",,,,
9,parallel,42,42,0.077549843,1.591447406,1.546090104,0.000111111,48.38,"[41.6%, 52.8%, 46.6%, 42.0%, 50.0%, 50.0%, 50.8%, 46.8%, 55.6%, 47.6%]",,,,
9,parallel,43,43,0.073277891,1.589163638,1.519227728,0.000111111,48.52,"[41.6%, 52.8%, 46.6%, 42.0%, 50.0%, 50.0%, 50.8%, 46.8%, 55.6%, 49.0%]",,,,
9,parallel,44,44,0.069365922,1.662107686,1.611615658,0.000111111,48.52,"[41.6%, 52.8%, 46.6%, 42.0%, 50.0%, 50.0%, 50.8%, 46.8%, 55.6%, 49.0%]",,,,
9,parallel,45,45,0.065813937,1.579124086,1.480134442,0.000111111,48.88,"[41.6%, 52.8%, 46.6%, 42.0%, 50.0%, 50.0%, 50.8%, 46.8%, 55.6%, 52.6%]",,,,
9,parallel,46,46,0.062621934,1.534860291,1.599961534,0.000111111,48.36,"[41.6%, 52.8%, 46.6%, 42.0%, 50.0%, 50.0%, 50.8%, 46.8%, 55.6%, 47.4%]",,,,
9,parallel,47,47,0.059789915,1.819366701,1.596636727,0.000111111,48.42,"[41.6%, 52.8%, 46.6%, 42.0%, 50.0%, 50.0%, 50.8%, 46.8%, 55.6%, 48.0%]",,,,
9,parallel,48,48,0.057317878,1.679402232,1.63439393,0.000111111,48.14,"[41.6%, 52.8%, 46.6%, 42.0%, 50.0%, 50.0%, 50.8%, 46.8%, 55.6%, 45.2%]",,,,
9,parallel,49,49,0.055205825,1.615542311,1.528228372,0.000111111,48.54,"[41.6%, 52.8%, 46.6%, 42.0%, 50.0%, 50.0%, 50.8%, 46.8%, 55.6%, 49.2%]",,,,
9,parallel,50,50,0.053453755,1.841112084,1.609089687,0.000111111,48.16,"[41.6%, 52.8%, 46.6%, 42.0%, 50.0%, 50.0%, 50.8%, 46.8%, 55.6%, 45.4%]",,,,
9,parallel,51,51,0.052061669,1.683261892,1.664508417,0.000111111,48.06,"[41.6%, 52.8%, 46.6%, 42.0%, 50.0%, 50.0%, 50.8%, 46.8%, 55.6%, 44.4%]",,,,
9,parallel,52,52,0.051029565,1.627821869,1.537230447,0.000111111,48.72,"[41.6%, 52.8%, 46.6%, 42.0%, 50.0%, 50.0%, 50.8%, 46.8%, 55.6%, 51.0%]",,,,
9,parallel,53,53,0.050357445,1.686325103,1.545589492,0.000111111,48.56,"[41.6%, 52.8%, 46.6%, 42.0%, 50.0%, 50.0%, 50.8%, 46.8%, 55.6%, 49.4%]",,,,
9,parallel,54,54,0.050045307,1.58776439,1.541284576,0.000111111,48.5,"[41.6%, 52.8%, 46.6%, 42.0%, 50.0%, 50.0%, 50.8%, 46.8%, 55.6%, 48.8%]",,,,
9,parallel,55,55,0.050021053,1.552550421,1.470268682,0.000111111,48.76,"[41.6%, 52.8%, 46.6%, 42.0%, 50.0%, 50.0%, 50.8%, 46.8%, 55.6%, 51.4%]",,,,
9,weights,1,56,0.050021053,1.522078825,1.470662437,0.000111111,48.76,"[41.6%, 52.8%, 46.6%, 42.0%, 50.0%, 50.0%, 50.8%, 46.8%, 55.6%, 51.4%]",,,,
9,weights,2,57,0.050021053,1.513476275,1.428045593,0.000111111,48.88,"[41.6%, 52.8%, 46.6%, 42.0%, 50.0%, 50.0%, 50.8%, 46.8%, 55.6%, 52.6%]",,,,
9,weights,3,58,0.050021053,1.470244705,1.436058268,0.000111111,48.9,"[41.6%, 52.8%, 46.6%, 42.0%, 50.0%, 50.0%, 50.8%, 46.8%, 55.6%, 52.8%]",,,,
9,weights,4,59,0.050021053,1.471274524,1.418183237,0.000111111,48.94,"[41.6%, 52.8%, 46.6%, 42.0%, 50.0%, 50.0%, 50.8%, 46.8%, 55.6%, 53.2%]",,,,
9,weights,5,60,0.050021053,1.422103342,1.378040187,0.000111111,49.1,"[41.6%, 52.8%, 46.6%, 42.0%, 50.0%, 50.0%, 50.8%, 46.8%, 55.6%, 54.8%]",,,,
9,weights,6,61,0.050021053,1.43084731,1.388862647,0.000111111,48.82,"[41.6%, 52.8%, 46.6%, 42.0%, 50.0%, 50.0%, 50.8%, 46.8%, 55.6%, 52.0%]",,,,
9,weights,7,62,0.050021053,1.425665726,1.379642472,0.000111111,49.2,"[41.6%, 52.8%, 46.6%, 42.0%, 50.0%, 50.0%, 50.8%, 46.8%, 55.6%, 55.8%]",,,,
9,weights,8,63,0.050021053,1.409668313,1.451024719,0.000111111,48.7,"[41.6%, 52.8%, 46.6%, 42.0%, 50.0%, 50.0%, 50.8%, 46.8%, 55.6%, 50.8%]",,,,
9,weights,9,64,0.050021053,1.406886888,1.404104531,0.000111111,48.84,"[41.6%, 52.8%, 46.6%, 42.0%, 50.0%, 50.0%, 50.8%, 46.8%, 55.6%, 52.2%]",,,,
9,weights,10,65,0.050021053,1.372632046,1.352148078,0.000111111,49.24,"[41.6%, 52.8%, 46.6%, 42.0%, 50.0%, 50.0%, 50.8%, 46.8%, 55.6%, 56.2%]",,,,
9,weights,11,66,0.050021053,1.356781164,1.366126299,0.000111111,49.14,"[41.6%, 52.8%, 46.6%, 42.0%, 50.0%, 50.0%, 50.8%, 46.8%, 55.6%, 55.2%]",,,,
9,weights,12,67,0.050021053,1.3488451,1.346487984,0.000111111,49.04,"[41.6%, 52.8%, 46.6%, 42.0%, 50.0%, 50.0%, 50.8%, 46.8%, 55.6%, 54.2%]",,,,
9,weights,13,68,0.050021053,1.342585733,1.371517159,0.000111111,48.94,"[41.6%, 52.8%, 46.6%, 42.0%, 50.0%, 50.0%, 50.8%, 46.8%, 55.6%, 53.2%]",,,,
9,weights,14,69,0.050021053,1.335764735,1.346798256,0.000111111,48.96,"[41.6%, 52.8%, 46.6%, 42.0%, 50.0%, 50.0%, 50.8%, 46.8%, 55.6%, 53.4%]",,,,
9,weights,15,70,0.050021053,1.314644571,1.355965585,0.000111111,49.18,"[41.6%, 52.8%, 46.6%, 42.0%, 50.0%, 50.0%, 50.8%, 46.8%, 55.6%, 55.6%]",,,,
9,weights,16,71,0.050021053,1.318081889,1.317225471,0.000111111,49.14,"[41.6%, 52.8%, 46.6%, 42.0%, 50.0%, 50.0%, 50.8%, 46.8%, 55.6%, 55.2%]",,,,
9,weights,17,72,0.050021053,1.305998666,1.33100912,0.000111111,49.14,"[41.6%, 52.8%, 46.6%, 42.0%, 50.0%, 50.0%, 50.8%, 46.8%, 55.6%, 55.2%]",,,,
9,weights,18,73,0.050021053,1.297975276,1.34543518,0.000111111,49.06,"[41.6%, 52.8%, 46.6%, 42.0%, 50.0%, 50.0%, 50.8%, 46.8%, 55.6%, 54.4%]",,,,
9,weights,19,74,0.050021053,1.340903917,1.383452989,0.000111111,49.04,"[41.6%, 52.8%, 46.6%, 42.0%, 50.0%, 50.0%, 50.8%, 46.8%, 55.6%, 54.2%]",,,,
9,weights,20,75,0.050021053,1.311890125,1.321284592,0.000111111,49.12,"[41.6%, 52.8%, 46.6%, 42.0%, 50.0%, 50.0%, 50.8%, 46.8%, 55.6%, 55.0%]",,,,
9,weights,21,76,0.050021053,1.292944031,1.291145146,0.000111111,49.28,"[41.6%, 52.8%, 46.6%, 42.0%, 50.0%, 50.0%, 50.8%, 46.8%, 55.6%, 56.6%]",,,,
9,weights,22,77,0.050021053,1.266012524,1.330576614,0.000111111,49.18,"[41.6%, 52.8%, 46.6%, 42.0%, 50.0%, 50.0%, 50.8%, 46.8%, 55.6%, 55.6%]",,,,
9,weights,23,78,0.050021053,1.272100139,1.342933714,0.000111111,49.1,"[41.6%, 52.8%, 46.6%, 42.0%, 50.0%, 50.0%, 50.8%, 46.8%, 55.6%, 54.8%]",,,,
9,weights,24,79,0.050021053,1.26316958,1.329351149,0.000111111,49.18,"[41.6%, 52.8%, 46.6%, 42.0%, 50.0%, 50.0%, 50.8%, 46.8%, 55.6%, 55.6%]",,,,
9,weights,25,80,0.050021053,1.296789945,1.301222175,0.000111111,49.22,"[41.6%, 52.8%, 46.6%, 42.0%, 50.0%, 50.0%, 50.8%, 46.8%, 55.6%, 56.0%]",21.12,"[10.4%, 32.6%, 27.8%, 7.0%, 18.2%, 7.6%, 13.6%, 34.4%, 34.6%, 25.0%]",36.24,"[34.8%, 43.2%, 32.4%, 23.7%, 38.3%, 36.6%, 38.4%, 37.3%, 35.8%, 40.9%]"
10,parallel,1,1,0.5,12.19111421,4.271485299,0.000111111,44.76363636,"[41.6%, 53.6%, 45.8%, 41.4%, 50.2%, 49.8%, 50.6%, 46.8%, 56.4%, 56.2%, 0.0%]",,,,
10,parallel,2,2,0.5,2.706102637,2.361827195,0.000111111,45.76363636,"[41.8%, 53.4%, 45.8%, 41.4%, 50.6%, 49.6%, 50.8%, 46.8%, 56.8%, 56.4%, 10.0%]",,,,
10,parallel,3,3,0.5,2.347865253,2.340163291,0.000111111,45.78181818,"[41.6%, 53.4%, 45.8%, 41.6%, 50.8%, 49.6%, 50.8%, 46.8%, 56.6%, 56.4%, 10.2%]",,,,
10,parallel,4,4,0.5,2.33134927,2.32103312,0.000111111,45.81818182,"[41.4%, 53.4%, 45.8%, 41.2%, 50.8%, 49.6%, 50.8%, 46.8%, 56.6%, 56.4%, 11.2%]",,,,
10,parallel,5,5,0.488654013,2.334883491,2.335832804,0.000111111,45.70909091,"[41.6%, 53.4%, 45.8%, 41.2%, 51.0%, 49.6%, 50.8%, 46.8%, 56.2%, 56.4%, 10.0%]",,,,
10,parallel,6,6,0.471021944,2.367239279,2.335842997,0.000111111,45.89090909,"[41.2%, 53.4%, 45.8%, 41.4%, 51.0%, 49.6%, 50.8%, 46.8%, 56.2%, 56.4%, 12.2%]",,,,
10,parallel,7,7,0.453750693,2.356032145,2.305829197,0.000111111,45.94545455,"[41.2%, 53.4%, 45.8%, 41.4%, 51.0%, 49.6%, 50.8%, 46.8%, 56.2%, 56.4%, 12.8%]",,,,
10,parallel,8,8,0.436840258,2.228779182,2.039501771,0.000111111,47.29090909,"[41.2%, 53.4%, 45.8%, 41.4%, 51.0%, 49.6%, 50.8%, 46.8%, 56.2%, 56.4%, 27.6%]",,,,
10,parallel,9,9,0.42029064,1.988914615,1.894300535,0.000111111,47.78181818,"[41.2%, 53.4%, 45.8%, 41.4%, 51.0%, 49.6%, 50.8%, 46.8%, 56.2%, 56.4%, 33.0%]",,,,
10,parallel,10,10,0.404101838,1.849652524,1.755886883,0.000111111,48.10909091,"[41.2%, 53.4%, 45.8%, 41.4%, 51.0%, 49.6%, 50.8%, 46.8%, 56.2%, 56.4%, 36.6%]",,,,
10,parallel,11,11,0.388273854,1.757815385,1.604708448,0.000111111,48.65454545,"[41.2%, 53.4%, 45.8%, 41.4%, 51.0%, 49.6%, 50.8%, 46.8%, 56.2%, 56.4%, 42.6%]",,,,
10,parallel,12,12,0.372806686,1.677001611,1.636205122,0.000111111,48.63636364,"[41.2%, 53.4%, 45.8%, 41.4%, 51.0%, 49.6%, 50.8%, 46.8%, 56.2%, 56.4%, 42.4%]",,,,
10,parallel,13,13,0.357700336,1.588556315,1.816864073,0.000111111,48.2,"[41.2%, 53.4%, 45.8%, 41.4%, 51.0%, 49.6%, 50.8%, 46.8%, 56.2%, 56.4%, 37.6%]",,,,
10,parallel,14,14,0.342954802,1.549045189,1.578973569,0.000111111,48.76363636,"[41.2%, 53.4%, 45.8%, 41.4%, 51.0%, 49.6%, 50.8%, 46.8%, 56.2%, 56.4%, 43.8%]",,,,
10,parallel,15,15,0.328570085,1.460198558,1.412467256,0.000111111,49.4,"[41.2%, 53.4%, 45.8%, 41.4%, 51.0%, 49.6%, 50.8%, 46.8%, 56.2%, 56.4%, 50.8%]",,,,
10,parallel,16,16,0.314546185,1.406768335,1.535402745,0.000111111,48.94545455,"[41.2%, 53.4%, 45.8%, 41.4%, 51.0%, 49.6%, 50.8%, 46.8%, 56.2%, 56.4%, 45.8%]",,,,
10,parallel,17,17,0.300883101,1.391116381,1.275570475,0.000111111,49.92727273,"[41.2%, 53.4%, 45.8%, 41.4%, 51.0%, 49.6%, 50.8%, 46.8%, 56.2%, 56.4%, 56.6%]",,,,
10,parallel,18,18,0.287580835,1.340966629,1.333689079,0.000111111,49.76363636,"[41.2%, 53.4%, 45.8%, 41.4%, 51.0%, 49.6%, 50.8%, 46.8%, 56.2%, 56.4%, 54.8%]",,,,
10,parallel,19,19,0.274639385,1.30097983,1.258818723,0.000111111,49.78181818,"[41.2%, 53.4%, 45.8%, 41.4%, 51.0%, 49.6%, 50.8%, 46.8%, 56.2%, 56.4%, 55.0%]",,,,
10,parallel,20,20,0.262058752,1.299168372,1.313726775,0.000111111,49.63636364,"[41.2%, 53.4%, 45.8%, 41.4%, 51.0%, 49.6%, 50.8%, 46.8%, 56.2%, 56.4%, 53.4%]",,,,
10,parallel,21,21,0.249838936,1.286610066,1.290651686,0.000111111,49.81818182,"[41.2%, 53.4%, 45.8%, 41.4%, 51.0%, 49.6%, 50.8%, 46.8%, 56.2%, 56.4%, 55.4%]",,,,
10,parallel,22,22,0.237979937,1.241626828,1.217190981,0.000111111,50.01818182,"[41.2%, 53.4%, 45.8%, 41.4%, 51.0%, 49.6%, 50.8%, 46.8%, 56.2%, 56.4%, 57.6%]",,,,
10,parallel,23,23,0.226481755,1.295322107,1.328684449,0.000111111,49.81818182,"[41.2%, 53.4%, 45.8%, 41.4%, 51.0%, 49.6%, 50.8%, 46.8%, 56.2%, 56.4%, 55.4%]",,,,
10,parallel,24,24,0.21534439,1.272239405,1.131410815,0.000111111,50.45454545,"[41.2%, 53.4%, 45.8%, 41.4%, 51.0%, 49.6%, 50.8%, 46.8%, 56.2%, 56.4%, 62.4%]",,,,
10,parallel,25,25,0.204567841,1.241836482,1.17058704,0.000111111,50.27272727,"[41.2%, 53.4%, 45.8%, 41.4%, 51.0%, 49.6%, 50.8%, 46.8%, 56.2%, 56.4%, 60.4%]",,,,
10,parallel,26,26,0.194152109,1.269753508,1.160402045,0.000111111,50.45454545,"[41.2%, 53.4%, 45.8%, 41.4%, 51.0%, 49.6%, 50.8%, 46.8%, 56.2%, 56.4%, 62.4%]",,,,
10,parallel,27,27,0.184097194,1.220561869,1.183311969,0.000111111,50.23636364,"[41.2%, 53.4%, 45.8%, 41.4%, 51.0%, 49.6%, 50.8%, 46.8%, 56.2%, 56.4%, 60.0%]",,,,
10,parallel,28,28,0.174403096,1.222711767,1.185019076,0.000111111,50.25454545,"[41.2%, 53.4%, 45.8%, 41.4%, 51.0%, 49.6%, 50.8%, 46.8%, 56.2%, 56.4%, 60.2%]",,,,
10,parallel,29,29,0.165069815,1.277099146,1.286162816,0.000111111,49.92727273,"[41.2%, 53.4%, 45.8%, 41.4%, 51.0%, 49.6%, 50.8%, 46.8%, 56.2%, 56.4%, 56.6%]",,,,
10,parallel,30,30,0.156097351,1.288780724,1.141699567,0.000111111,50.52727273,"[41.2%, 53.4%, 45.8%, 41.4%, 51.0%, 49.6%, 50.8%, 46.8%, 56.2%, 56.4%, 63.2%]",,,,
10,parallel,31,31,0.147485703,1.262789977,1.178261556,0.000111111,50.45454545,"[41.2%, 53.4%, 45.8%, 41.4%, 51.0%, 49.6%, 50.8%, 46.8%, 56.2%, 56.4%, 62.4%]",,,,
10,parallel,32,32,0.139234872,1.325659864,1.257927343,0.000111111,50.07272727,"[41.2%, 53.4%, 45.8%, 41.4%, 51.0%, 49.6%, 50.8%, 46.8%, 56.2%, 56.4%, 58.2%]",,,,
10,parallel,33,33,0.131344859,1.277828511,1.206216656,0.000111111,50.05454545,"[41.2%, 53.4%, 45.8%, 41.4%, 51.0%, 49.6%, 50.8%, 46.8%, 56.2%, 56.4%, 58.0%]",,,,
10,parallel,34,34,0.123815662,1.351000935,1.337098934,0.000111111,49.74545455,"[41.2%, 53.4%, 45.8%, 41.4%, 51.0%, 49.6%, 50.8%, 46.8%, 56.2%, 56.4%, 54.6%]",,,,
10,parallel,35,35,0.116647281,1.339042562,1.345638037,0.000111111,49.56363636,"[41.2%, 53.4%, 45.8%, 41.4%, 51.0%, 49.6%, 50.8%, 46.8%, 56.2%, 56.4%, 52.6%]",,,,
10,parallel,36,36,0.109839718,1.306772716,1.243188582,0.000111111,49.85454545,"[41.2%, 53.4%, 45.8%, 41.4%, 51.0%, 49.6%, 50.8%, 46.8%, 56.2%, 56.4%, 55.8%]",,,,
10,parallel,37,37,0.103392972,1.423360067,1.322014138,0.000111111,49.78181818,"[41.2%, 53.4%, 45.8%, 41.4%, 51.0%, 49.6%, 50.8%, 46.8%, 56.2%, 56.4%, 55.0%]",,,,
10,parallel,38,38,0.097307042,1.415223146,1.312151186,0.000111111,49.76363636,"[41.2%, 53.4%, 45.8%, 41.4%, 51.0%, 49.6%, 50.8%, 46.8%, 56.2%, 56.4%, 54.8%]",,,,
10,parallel,39,39,0.091581929,1.539899723,1.533511616,0.000111111,48.92727273,"[41.2%, 53.4%, 45.8%, 41.4%, 51.0%, 49.6%, 50.8%, 46.8%, 56.2%, 56.4%, 45.6%]",,,,
10,parallel,40,40,0.086217633,1.452117211,1.317884758,0.000111111,49.65454545,"[41.2%, 53.4%, 45.8%, 41.4%, 51.0%, 49.6%, 50.8%, 46.8%, 56.2%, 56.4%, 53.6%]",,,,
10,parallel,41,41,0.081214154,1.436994621,1.319486156,0.000111111,49.8,"[41.2%, 53.4%, 45.8%, 41.4%, 51.0%, 49.6%, 50.8%, 46.8%, 56.2%, 56.4%, 55.2%]",,,,
10,parallel,42,42,0.076571492,1.522180325,1.400465533,0.000111111,49.65454545,"[41.2%, 53.4%, 45.8%, 41.4%, 51.0%, 49.6%, 50.8%, 46.8%, 56.2%, 56.4%, 53.6%]",,,,
10,parallel,43,43,0.072289646,1.468034802,1.535169564,0.000111111,49.2,"[41.2%, 53.4%, 45.8%, 41.4%, 51.0%, 49.6%, 50.8%, 46.8%, 56.2%, 56.4%, 48.6%]",,,,
10,parallel,44,44,0.068368618,1.528563362,1.420976326,0.000111111,49.41818182,"[41.2%, 53.4%, 45.8%, 41.4%, 51.0%, 49.6%, 50.8%, 46.8%, 56.2%, 56.4%, 51.0%]",,,,
10,parallel,45,45,0.064808406,1.491063133,1.389778897,0.000111111,49.43636364,"[41.2%, 53.4%, 45.8%, 41.4%, 51.0%, 49.6%, 50.8%, 46.8%, 56.2%, 56.4%, 51.2%]",,,,
10,parallel,46,46,0.061609011,1.731652949,1.54818356,0.000111111,49.16363636,"[41.2%, 53.4%, 45.8%, 41.4%, 51.0%, 49.6%, 50.8%, 46.8%, 56.2%, 56.4%, 48.2%]",,,,
10,parallel,47,47,0.058770433,1.61219913,1.508482203,0.000111111,49.12727273,"[41.2%, 53.4%, 45.8%, 41.4%, 51.0%, 49.6%, 50.8%, 46.8%, 56.2%, 56.4%, 47.8%]",,,,
10,parallel,48,48,0.056292672,1.681022975,1.485797465,0.000111111,49.50909091,"[41.2%, 53.4%, 45.8%, 41.4%, 51.0%, 49.6%, 50.8%, 46.8%, 56.2%, 56.4%, 52.0%]",,,,
10,parallel,49,49,0.054175727,1.654500733,1.508945853,0.000111111,49.34545455,"[41.2%, 53.4%, 45.8%, 41.4%, 51.0%, 49.6%, 50.8%, 46.8%, 56.2%, 56.4%, 50.2%]",,,,
10,parallel,50,50,0.0524196,1.588252,1.603721216,0.000111111,48.98181818,"[41.2%, 53.4%, 45.8%, 41.4%, 51.0%, 49.6%, 50.8%, 46.8%, 56.2%, 56.4%, 46.2%]",,,,
10,parallel,51,51,0.051024289,1.550057542,1.463654831,0.000111111,49.05454545,"[41.2%, 53.4%, 45.8%, 41.4%, 51.0%, 49.6%, 50.8%, 46.8%, 56.2%, 56.4%, 47.0%]",,,,
10,parallel,52,52,0.049989795,1.593104076,1.451049708,0.000111111,49.21818182,"[41.2%, 53.4%, 45.8%, 41.4%, 51.0%, 49.6%, 50.8%, 46.8%, 56.2%, 56.4%, 48.8%]",,,,
10,parallel,53,53,0.049316118,1.534350447,1.411027431,0.000111111,49.43636364,"[41.2%, 53.4%, 45.8%, 41.4%, 51.0%, 49.6%, 50.8%, 46.8%, 56.2%, 56.4%, 51.2%]",,,,
10,parallel,54,54,0.049003258,1.513008789,1.374848172,0.000111111,49.45454545,"[41.2%, 53.4%, 45.8%, 41.4%, 51.0%, 49.6%, 50.8%, 46.8%, 56.2%, 56.4%, 51.4%]",,,,
10,parallel,55,55,0.048978947,1.472845624,1.381100535,0.000111111,49.43636364,"[41.2%, 53.4%, 45.8%, 41.4%, 51.0%, 49.6%, 50.8%, 46.8%, 56.2%, 56.4%, 51.2%]",,,,
10,weights,1,56,0.048978947,1.447531809,1.347497091,0.000111111,49.65454545,"[41.2%, 53.4%, 45.8%, 41.4%, 51.0%, 49.6%, 50.8%, 46.8%, 56.2%, 56.4%, 53.6%]",,,,
10,weights,2,57,0.048978947,1.439305506,1.323041119,0.000111111,49.52727273,"[41.2%, 53.4%, 45.8%, 41.4%, 51.0%, 49.6%, 50.8%, 46.8%, 56.2%, 56.4%, 52.2%]",,,,
10,weights,3,58,0.048978947,1.436040278,1.297701254,0.000111111,49.70909091,"[41.2%, 53.4%, 45.8%, 41.4%, 51.0%, 49.6%, 50.8%, 46.8%, 56.2%, 56.4%, 54.2%]",,,,
10,weights,4,59,0.048978947,1.417245737,1.288819082,0.000111111,49.56363636,"[41.2%, 53.4%, 45.8%, 41.4%, 51.0%, 49.6%, 50.8%, 46.8%, 56.2%, 56.4%, 52.6%]",,,,
10,weights,5,60,0.048978947,1.399128725,1.302513741,0.000111111,49.70909091,"[41.2%, 53.4%, 45.8%, 41.4%, 51.0%, 49.6%, 50.8%, 46.8%, 56.2%, 56.4%, 54.2%]",,,,
10,weights,6,61,0.048978947,1.401063195,1.310547777,0.000111111,49.56363636,"[41.2%, 53.4%, 45.8%, 41.4%, 51.0%, 49.6%, 50.8%, 46.8%, 56.2%, 56.4%, 52.6%]",,,,
10,weights,7,62,0.048978947,1.406749825,1.278644115,0.000111111,49.70909091,"[41.2%, 53.4%, 45.8%, 41.4%, 51.0%, 49.6%, 50.8%, 46.8%, 56.2%, 56.4%, 54.2%]",,,,
10,weights,8,63,0.048978947,1.3866877,1.33899755,0.000111111,49.61818182,"[41.2%, 53.4%, 45.8%, 41.4%, 51.0%, 49.6%, 50.8%, 46.8%, 56.2%, 56.4%, 53.2%]",,,,
10,weights,9,64,0.048978947,1.366164158,1.338090532,0.000111111,49.50909091,"[41.2%, 53.4%, 45.8%, 41.4%, 51.0%, 49.6%, 50.8%, 46.8%, 56.2%, 56.4%, 52.0%]",,,,
10,weights,10,65,0.048978947,1.364849488,1.367951415,0.000111111,49.56363636,"[41.2%, 53.4%, 45.8%, 41.4%, 51.0%, 49.6%, 50.8%, 46.8%, 56.2%, 56.4%, 52.6%]",,,,
10,weights,11,66,0.048978947,1.36022023,1.398344651,0.000111111,49.6,"[41.2%, 53.4%, 45.8%, 41.4%, 51.0%, 49.6%, 50.8%, 46.8%, 56.2%, 56.4%, 53.0%]",,,,
10,weights,12,67,0.048978947,1.350019162,1.268445365,0.000111111,49.87272727,"[41.2%, 53.4%, 45.8%, 41.4%, 51.0%, 49.6%, 50.8%, 46.8%, 56.2%, 56.4%, 56.0%]",,,,
10,weights,13,68,0.048978947,1.345281281,1.262528121,0.000111111,50,"[41.2%, 53.4%, 45.8%, 41.4%, 51.0%, 49.6%, 50.8%, 46.8%, 56.2%, 56.4%, 57.4%]",,,,
10,weights,14,69,0.048978947,1.333941731,1.364316404,0.000111111,49.65454545,"[41.2%, 53.4%, 45.8%, 41.4%, 51.0%, 49.6%, 50.8%, 46.8%, 56.2%, 56.4%, 53.6%]",,,,
10,weights,15,70,0.048978947,1.313901703,1.338160284,0.000111111,49.78181818,"[41.2%, 53.4%, 45.8%, 41.4%, 51.0%, 49.6%, 50.8%, 46.8%, 56.2%, 56.4%, 55.0%]",,,,
10,weights,16,71,0.048978947,1.309770577,1.270270772,0.000111111,50.01818182,"[41.2%, 53.4%, 45.8%, 41.4%, 51.0%, 49.6%, 50.8%, 46.8%, 56.2%, 56.4%, 57.6%]",,,,
10,weights,17,72,0.048978947,1.309234904,1.250622191,0.000111111,49.89090909,"[41.2%, 53.4%, 45.8%, 41.4%, 51.0%, 49.6%, 50.8%, 46.8%, 56.2%, 56.4%, 56.2%]",,,,
10,weights,18,73,0.048978947,1.27423949,1.244239502,0.000111111,49.94545455,"[41.2%, 53.4%, 45.8%, 41.4%, 51.0%, 49.6%, 50.8%, 46.8%, 56.2%, 56.4%, 56.8%]",,,,
10,weights,19,74,0.048978947,1.297962106,1.267845765,0.000111111,49.89090909,"[41.2%, 53.4%, 45.8%, 41.4%, 51.0%, 49.6%, 50.8%, 46.8%, 56.2%, 56.4%, 56.2%]",,,,
10,weights,20,75,0.048978947,1.267232498,1.225090265,0.000111111,50.01818182,"[41.2%, 53.4%, 45.8%, 41.4%, 51.0%, 49.6%, 50.8%, 46.8%, 56.2%, 56.4%, 57.6%]",,,,
10,weights,21,76,0.048978947,1.281604983,1.330421947,0.000111111,49.85454545,"[41.2%, 53.4%, 45.8%, 41.4%, 51.0%, 49.6%, 50.8%, 46.8%, 56.2%, 56.4%, 55.8%]",,,,
10,weights,22,77,0.048978947,1.28373562,1.25679633,0.000111111,49.81818182,"[41.2%, 53.4%, 45.8%, 41.4%, 51.0%, 49.6%, 50.8%, 46.8%, 56.2%, 56.4%, 55.4%]",,,,
10,weights,23,78,0.048978947,1.284951928,1.202295877,0.000111111,49.94545455,"[41.2%, 53.4%, 45.8%, 41.4%, 51.0%, 49.6%, 50.8%, 46.8%, 56.2%, 56.4%, 56.8%]",,,,
10,weights,24,79,0.048978947,1.270218684,1.207618892,0.000111111,49.98181818,"[41.2%, 53.4%, 45.8%, 41.4%, 51.0%, 49.6%, 50.8%, 46.8%, 56.2%, 56.4%, 57.2%]",,,,
10,weights,25,80,0.048978947,1.271673859,1.241976693,0.000111111,49.89090909,"[41.2%, 53.4%, 45.8%, 41.4%, 51.0%, 49.6%, 50.8%, 46.8%, 56.2%, 56.4%, 56.2%]",23.78181818,"[10.4%, 33.2%, 27.2%, 7.0%, 18.6%, 7.6%, 13.6%, 34.4%, 35.4%, 25.2%, 49.0%]",37.7,"[34.1%, 43.5%, 32.1%, 35.6%, 43.3%, 21.3%, 45.7%, 37.3%, 36.8%, 34%, 52.2%]"
11,parallel,1,1,0.45,14.81907304,6.639905989,0.000111111,45.66666667,"[41.6%, 53.0%, 46.0%, 41.0%, 50.6%, 49.4%, 50.6%, 47.6%, 56.2%, 55.0%, 57.0%, 0.0%]",,,,
11,parallel,2,2,0.45,3.338393978,2.379539192,0.000111111,46.41666667,"[41.8%, 52.6%, 46.0%, 41.4%, 50.2%, 49.4%, 51.0%, 47.0%, 56.2%, 54.8%, 56.8%, 9.8%]",,,,
11,parallel,3,3,0.45,2.354093862,2.339431703,0.000111111,46.45,"[41.8%, 52.8%, 46.0%, 41.4%, 50.2%, 49.4%, 50.8%, 47.0%, 56.2%, 54.8%, 57.0%, 10.0%]",,,,
11,parallel,4,4,0.45,2.32930433,2.321612746,0.000111111,46.43333333,"[41.8%, 52.8%, 46.0%, 41.2%, 50.2%, 49.4%, 50.8%, 47.0%, 56.2%, 54.8%, 57.0%, 10.0%]",,,,
11,parallel,5,5,0.439885609,2.320902812,2.319078147,0.000111111,46.48333333,"[41.8%, 52.8%, 46.0%, 41.2%, 50.2%, 49.4%, 50.8%, 47.0%, 56.2%, 54.8%, 57.0%, 10.6%]",,,,
11,parallel,6,6,0.424167484,2.344595616,2.33372438,0.000111111,46.48333333,"[41.8%, 52.6%, 46.0%, 41.2%, 50.2%, 49.4%, 50.8%, 47.0%, 56.2%, 54.8%, 57.0%, 10.8%]",,,,
11,parallel,7,7,0.40877101,2.354867655,2.332483441,0.000111111,46.56666667,"[41.8%, 52.6%, 46.0%, 41.0%, 50.2%, 49.4%, 50.8%, 47.0%, 56.2%, 54.8%, 57.0%, 12.0%]",,,,
11,parallel,8,8,0.393696186,2.315404451,2.235995501,0.000111111,47.11666667,"[41.8%, 52.6%, 46.0%, 41.0%, 50.2%, 49.4%, 50.8%, 47.0%, 56.2%, 54.8%, 57.0%, 18.6%]",,,,
11,parallel,9,9,0.378943013,2.172646574,2.210630104,0.000111111,47.45,"[41.8%, 52.6%, 46.0%, 41.0%, 50.2%, 49.4%, 50.8%, 47.0%, 56.2%, 54.8%, 57.0%, 22.6%]",,,,
11,parallel,10,10,0.36451149,1.990150393,1.810016811,0.000111111,48.16666667,"[41.8%, 52.6%, 46.0%, 41.0%, 50.2%, 49.4%, 50.8%, 47.0%, 56.2%, 54.8%, 57.0%, 31.2%]",,,,
11,parallel,11,11,0.350401618,1.750135529,1.577240959,0.000111111,49.41666667,"[41.8%, 52.6%, 46.0%, 41.0%, 50.2%, 49.4%, 50.8%, 47.0%, 56.2%, 54.8%, 57.0%, 46.2%]",,,,
11,parallel,12,12,0.336613396,1.628101685,1.601324648,0.000111111,49.03333333,"[41.8%, 52.6%, 46.0%, 41.0%, 50.2%, 49.4%, 50.8%, 47.0%, 56.2%, 54.8%, 57.0%, 41.6%]",,,,
11,parallel,13,13,0.323146825,1.560969052,1.601321757,0.000111111,49.06666667,"[41.8%, 52.6%, 46.0%, 41.0%, 50.2%, 49.4%, 50.8%, 47.0%, 56.2%, 54.8%, 57.0%, 42.0%]",,,,
11,parallel,14,14,0.310001905,1.505562515,1.489803389,0.000111111,49.6,"[41.8%, 52.6%, 46.0%, 41.0%, 50.2%, 49.4%, 50.8%, 47.0%, 56.2%, 54.8%, 57.0%, 48.4%]",,,,
11,parallel,15,15,0.297178635,1.476716834,1.414774671,0.000111111,49.68333333,"[41.8%, 52.6%, 46.0%, 41.0%, 50.2%, 49.4%, 50.8%, 47.0%, 56.2%, 54.8%, 57.0%, 49.4%]",,,,
11,parallel,16,16,0.284677015,1.415993724,1.549911812,0.000111111,49.2,"[41.8%, 52.6%, 46.0%, 41.0%, 50.2%, 49.4%, 50.8%, 47.0%, 56.2%, 54.8%, 57.0%, 43.6%]",,,,
11,parallel,17,17,0.272497046,1.345702624,1.316386081,0.000111111,50.1,"[41.8%, 52.6%, 46.0%, 41.0%, 50.2%, 49.4%, 50.8%, 47.0%, 56.2%, 54.8%, 57.0%, 54.4%]",,,,
11,parallel,18,18,0.260638728,1.331215943,1.314933456,0.000111111,50.26666667,"[41.8%, 52.6%, 46.0%, 41.0%, 50.2%, 49.4%, 50.8%, 47.0%, 56.2%, 54.8%, 57.0%, 56.4%]",,,,
11,parallel,19,19,0.24910206,1.304401239,1.355774432,0.000111111,49.76666667,"[41.8%, 52.6%, 46.0%, 41.0%, 50.2%, 49.4%, 50.8%, 47.0%, 56.2%, 54.8%, 57.0%, 50.4%]",,,,
11,parallel,20,20,0.237887042,1.271069281,1.306306258,0.000111111,49.93333333,"[41.8%, 52.6%, 46.0%, 41.0%, 50.2%, 49.4%, 50.8%, 47.0%, 56.2%, 54.8%, 57.0%, 52.4%]",,,,
11,parallel,21,21,0.226993676,1.262702692,1.316889673,0.000111111,49.98333333,"[41.8%, 52.6%, 46.0%, 41.0%, 50.2%, 49.4%, 50.8%, 47.0%, 56.2%, 54.8%, 57.0%, 53.0%]",,,,
11,parallel,22,22,0.216421959,1.243476839,1.291035257,0.000111111,50.23333333,"[41.8%, 52.6%, 46.0%, 41.0%, 50.2%, 49.4%, 50.8%, 47.0%, 56.2%, 54.8%, 57.0%, 56.0%]",,,,
11,parallel,23,23,0.206171893,1.204747803,1.209066458,0.000111111,50.43333333,"[41.8%, 52.6%, 46.0%, 41.0%, 50.2%, 49.4%, 50.8%, 47.0%, 56.2%, 54.8%, 57.0%, 58.4%]",,,,
11,parallel,24,24,0.196243478,1.216610666,1.19362399,0.000111111,50.51666667,"[41.8%, 52.6%, 46.0%, 41.0%, 50.2%, 49.4%, 50.8%, 47.0%, 56.2%, 54.8%, 57.0%, 59.4%]",,,,
11,parallel,25,25,0.186636713,1.24575567,1.286694773,0.000111111,50.3,"[41.8%, 52.6%, 46.0%, 41.0%, 50.2%, 49.4%, 50.8%, 47.0%, 56.2%, 54.8%, 57.0%, 56.8%]",,,,
11,parallel,26,26,0.177351599,1.219928925,1.178067669,0.000111111,50.48333333,"[41.8%, 52.6%, 46.0%, 41.0%, 50.2%, 49.4%, 50.8%, 47.0%, 56.2%, 54.8%, 57.0%, 59.0%]",,,,
11,parallel,27,27,0.168388135,1.203633615,1.222164676,0.000111111,50.33333333,"[41.8%, 52.6%, 46.0%, 41.0%, 50.2%, 49.4%, 50.8%, 47.0%, 56.2%, 54.8%, 57.0%, 57.2%]",,,,
11,parallel,28,28,0.159746322,1.165635353,1.196475208,0.000111111,50.36666667,"[41.8%, 52.6%, 46.0%, 41.0%, 50.2%, 49.4%, 50.8%, 47.0%, 56.2%, 54.8%, 57.0%, 57.6%]",,,,
11,parallel,29,29,0.15142616,1.2456184,1.309313416,0.000111111,50.1,"[41.8%, 52.6%, 46.0%, 41.0%, 50.2%, 49.4%, 50.8%, 47.0%, 56.2%, 54.8%, 57.0%, 54.4%]",,,,
11,parallel,30,30,0.143427647,1.194807411,1.268455103,0.000111111,50.28333333,"[41.8%, 52.6%, 46.0%, 41.0%, 50.2%, 49.4%, 50.8%, 47.0%, 56.2%, 54.8%, 57.0%, 56.6%]",,,,
11,parallel,31,31,0.135750786,1.247822223,1.275893837,0.000111111,50.28333333,"[41.8%, 52.6%, 46.0%, 41.0%, 50.2%, 49.4%, 50.8%, 47.0%, 56.2%, 54.8%, 57.0%, 56.6%]",,,,
11,parallel,32,32,0.128395575,1.217911589,1.234080888,0.000111111,50.2,"[41.8%, 52.6%, 46.0%, 41.0%, 50.2%, 49.4%, 50.8%, 47.0%, 56.2%, 54.8%, 57.0%, 55.6%]",,,,
11,parallel,33,33,0.121362014,1.240169982,1.239279181,0.000111111,50.43333333,"[41.8%, 52.6%, 46.0%, 41.0%, 50.2%, 49.4%, 50.8%, 47.0%, 56.2%, 54.8%, 57.0%, 58.4%]",,,,
11,parallel,34,34,0.114650104,1.300789354,1.29160808,0.000111111,50.18333333,"[41.8%, 52.6%, 46.0%, 41.0%, 50.2%, 49.4%, 50.8%, 47.0%, 56.2%, 54.8%, 57.0%, 55.4%]",,,,
11,parallel,35,35,0.108259845,1.292206631,1.307509601,0.000111111,50.31666667,"[41.8%, 52.6%, 46.0%, 41.0%, 50.2%, 49.4%, 50.8%, 47.0%, 56.2%, 54.8%, 57.0%, 57.0%]",,,,
11,parallel,36,36,0.102191236,1.293296028,1.3176964,0.000111111,50.2,"[41.8%, 52.6%, 46.0%, 41.0%, 50.2%, 49.4%, 50.8%, 47.0%, 56.2%, 54.8%, 57.0%, 55.6%]",,,,
11,parallel,37,37,0.096444277,1.325455442,1.276484072,0.000111111,50.21666667,"[41.8%, 52.6%, 46.0%, 41.0%, 50.2%, 49.4%, 50.8%, 47.0%, 56.2%, 54.8%, 57.0%, 55.8%]",,,,
11,parallel,38,38,0.091018969,1.440488343,1.397459619,0.000111111,49.88333333,"[41.8%, 52.6%, 46.0%, 41.0%, 50.2%, 49.4%, 50.8%, 47.0%, 56.2%, 54.8%, 57.0%, 51.8%]",,,,
11,parallel,39,39,0.085915312,1.438613724,1.38865076,0.000111111,49.86666667,"[41.8%, 52.6%, 46.0%, 41.0%, 50.2%, 49.4%, 50.8%, 47.0%, 56.2%, 54.8%, 57.0%, 51.6%]",,,,
11,parallel,40,40,0.081133305,1.368911742,1.390928537,0.000111111,49.88333333,"[41.8%, 52.6%, 46.0%, 41.0%, 50.2%, 49.4%, 50.8%, 47.0%, 56.2%, 54.8%, 57.0%, 51.8%]",,,,
11,parallel,41,41,0.076672949,1.584617238,1.489641652,0.000111111,49.55,"[41.8%, 52.6%, 46.0%, 41.0%, 50.2%, 49.4%, 50.8%, 47.0%, 56.2%, 54.8%, 57.0%, 47.8%]",,,,
11,parallel,42,42,0.072534243,1.50161355,1.411389023,0.000111111,49.75,"[41.8%, 52.6%, 46.0%, 41.0%, 50.2%, 49.4%, 50.8%, 47.0%, 56.2%, 54.8%, 57.0%, 50.2%]",,,,
11,parallel,43,43,0.068717187,1.606215626,1.425689965,0.000111111,49.86666667,"[41.8%, 52.6%, 46.0%, 41.0%, 50.2%, 49.4%, 50.8%, 47.0%, 56.2%, 54.8%, 57.0%, 51.6%]",,,,
11,parallel,44,44,0.065221783,1.503320717,1.412889645,0.000111111,49.8,"[41.8%, 52.6%, 46.0%, 41.0%, 50.2%, 49.4%, 50.8%, 47.0%, 56.2%, 54.8%, 57.0%, 50.8%]",,,,
11,parallel,45,45,0.062048028,1.676122745,1.634277269,0.000111111,49.23333333,"[41.8%, 52.6%, 46.0%, 41.0%, 50.2%, 49.4%, 50.8%, 47.0%, 56.2%, 54.8%, 57.0%, 44.0%]",,,,
11,parallel,46,46,0.059195925,1.587624397,1.526178077,0.000111111,49.65,"[41.8%, 52.6%, 46.0%, 41.0%, 50.2%, 49.4%, 50.8%, 47.0%, 56.2%, 54.8%, 57.0%, 49.0%]",,,,
11,parallel,47,47,0.056665472,1.57571741,1.515917733,0.000111111,49.53333333,"[41.8%, 52.6%, 46.0%, 41.0%, 50.2%, 49.4%, 50.8%, 47.0%, 56.2%, 54.8%, 57.0%, 47.6%]",,,,
11,parallel,48,48,0.054456669,1.604736349,1.539260313,0.000111111,49.5,"[41.8%, 52.6%, 46.0%, 41.0%, 50.2%, 49.4%, 50.8%, 47.0%, 56.2%, 54.8%, 57.0%, 47.2%]",,,,
11,parallel,49,49,0.052569517,1.591344713,1.477838144,0.000111111,49.85,"[41.8%, 52.6%, 46.0%, 41.0%, 50.2%, 49.4%, 50.8%, 47.0%, 56.2%, 54.8%, 57.0%, 51.4%]",,,,
11,parallel,50,50,0.051004015,1.523896456,1.445085391,0.000111111,49.76666667,"[41.8%, 52.6%, 46.0%, 41.0%, 50.2%, 49.4%, 50.8%, 47.0%, 56.2%, 54.8%, 57.0%, 50.4%]",,,,
11,parallel,51,51,0.049760164,1.576836438,1.444563791,0.000111111,50.03333333,"[41.8%, 52.6%, 46.0%, 41.0%, 50.2%, 49.4%, 50.8%, 47.0%, 56.2%, 54.8%, 57.0%, 53.6%]",,,,
11,parallel,52,52,0.048837964,1.490025012,1.420802474,0.000111111,49.98333333,"[41.8%, 52.6%, 46.0%, 41.0%, 50.2%, 49.4%, 50.8%, 47.0%, 56.2%, 54.8%, 57.0%, 53.0%]",,,,
11,parallel,53,53,0.048237413,1.490468428,1.411529504,0.000111111,50.05,"[41.8%, 52.6%, 46.0%, 41.0%, 50.2%, 49.4%, 50.8%, 47.0%, 56.2%, 54.8%, 57.0%, 53.8%]",,,,
11,parallel,54,54,0.047958514,1.442292915,1.362329543,0.000111111,50.21666667,"[41.8%, 52.6%, 46.0%, 41.0%, 50.2%, 49.4%, 50.8%, 47.0%, 56.2%, 54.8%, 57.0%, 55.8%]",,,,
11,parallel,55,55,0.047936842,1.419065035,1.378320977,0.000111111,49.85,"[41.8%, 52.6%, 46.0%, 41.0%, 50.2%, 49.4%, 50.8%, 47.0%, 56.2%, 54.8%, 57.0%, 51.4%]",,,,
11,weights,1,56,0.047936842,1.383835239,1.339256853,0.000111111,50,"[41.8%, 52.6%, 46.0%, 41.0%, 50.2%, 49.4%, 50.8%, 47.0%, 56.2%, 54.8%, 57.0%, 53.2%]",,,,
11,weights,2,57,0.047936842,1.380402897,1.316936359,0.000111111,50.03333333,"[41.8%, 52.6%, 46.0%, 41.0%, 50.2%, 49.4%, 50.8%, 47.0%, 56.2%, 54.8%, 57.0%, 53.6%]",,,,
11,weights,3,58,0.047936842,1.36630425,1.357919626,0.000111111,49.91666667,"[41.8%, 52.6%, 46.0%, 41.0%, 50.2%, 49.4%, 50.8%, 47.0%, 56.2%, 54.8%, 57.0%, 52.2%]",,,,
11,weights,4,59,0.047936842,1.35024494,1.317692004,0.000111111,50,"[41.8%, 52.6%, 46.0%, 41.0%, 50.2%, 49.4%, 50.8%, 47.0%, 56.2%, 54.8%, 57.0%, 53.2%]",,,,
11,weights,5,60,0.047936842,1.32080906,1.297257856,0.000111111,50.13333333,"[41.8%, 52.6%, 46.0%, 41.0%, 50.2%, 49.4%, 50.8%, 47.0%, 56.2%, 54.8%, 57.0%, 54.8%]",,,,
11,weights,6,61,0.047936842,1.317983411,1.305345073,0.000111111,49.93333333,"[41.8%, 52.6%, 46.0%, 41.0%, 50.2%, 49.4%, 50.8%, 47.0%, 56.2%, 54.8%, 57.0%, 52.4%]",,,,
11,weights,7,62,0.047936842,1.327875416,1.30141291,0.000111111,50.03333333,"[41.8%, 52.6%, 46.0%, 41.0%, 50.2%, 49.4%, 50.8%, 47.0%, 56.2%, 54.8%, 57.0%, 53.6%]",,,,
11,weights,8,63,0.047936842,1.32121175,1.269005455,0.000111111,50.3,"[41.8%, 52.6%, 46.0%, 41.0%, 50.2%, 49.4%, 50.8%, 47.0%, 56.2%, 54.8%, 57.0%, 56.8%]",,,,
11,weights,9,64,0.047936842,1.304667001,1.27817221,0.000111111,50.28333333,"[41.8%, 52.6%, 46.0%, 41.0%, 50.2%, 49.4%, 50.8%, 47.0%, 56.2%, 54.8%, 57.0%, 56.6%]",,,,
11,weights,10,65,0.047936842,1.29748569,1.270783097,0.000111111,50.33333333,"[41.8%, 52.6%, 46.0%, 41.0%, 50.2%, 49.4%, 50.8%, 47.0%, 56.2%, 54.8%, 57.0%, 57.2%]",,,,
11,weights,11,66,0.047936842,1.279539175,1.283918411,0.000111111,50.23333333,"[41.8%, 52.6%, 46.0%, 41.0%, 50.2%, 49.4%, 50.8%, 47.0%, 56.2%, 54.8%, 57.0%, 56.0%]",,,,
11,weights,12,67,0.047936842,1.291888905,1.278682947,0.000111111,50.28333333,"[41.8%, 52.6%, 46.0%, 41.0%, 50.2%, 49.4%, 50.8%, 47.0%, 56.2%, 54.8%, 57.0%, 56.6%]",,,,
11,weights,13,68,0.047936842,1.260155687,1.231624693,0.000111111,50.25,"[41.8%, 52.6%, 46.0%, 41.0%, 50.2%, 49.4%, 50.8%, 47.0%, 56.2%, 54.8%, 57.0%, 56.2%]",,,,
11,weights,14,69,0.047936842,1.262508196,1.246372752,0.000111111,50.11666667,"[41.8%, 52.6%, 46.0%, 41.0%, 50.2%, 49.4%, 50.8%, 47.0%, 56.2%, 54.8%, 57.0%, 54.6%]",,,,
11,weights,15,70,0.047936842,1.254192121,1.220937528,0.000111111,50.23333333,"[41.8%, 52.6%, 46.0%, 41.0%, 50.2%, 49.4%, 50.8%, 47.0%, 56.2%, 54.8%, 57.0%, 56.0%]",,,,
11,weights,16,71,0.047936842,1.26386994,1.272044823,0.000111111,50.06666667,"[41.8%, 52.6%, 46.0%, 41.0%, 50.2%, 49.4%, 50.8%, 47.0%, 56.2%, 54.8%, 57.0%, 54.0%]",,,,
11,weights,17,72,0.047936842,1.24545721,1.258495308,0.000111111,50.15,"[41.8%, 52.6%, 46.0%, 41.0%, 50.2%, 49.4%, 50.8%, 47.0%, 56.2%, 54.8%, 57.0%, 55.0%]",,,,
11,weights,18,73,0.047936842,1.237202537,1.228723712,0.000111111,50.41666667,"[41.8%, 52.6%, 46.0%, 41.0%, 50.2%, 49.4%, 50.8%, 47.0%, 56.2%, 54.8%, 57.0%, 58.2%]",,,,
11,weights,19,74,0.047936842,1.216159878,1.222076751,0.000111111,50.31666667,"[41.8%, 52.6%, 46.0%, 41.0%, 50.2%, 49.4%, 50.8%, 47.0%, 56.2%, 54.8%, 57.0%, 57.0%]",,,,
11,weights,20,75,0.047936842,1.206793733,1.24288512,0.000111111,50.21666667,"[41.8%, 52.6%, 46.0%, 41.0%, 50.2%, 49.4%, 50.8%, 47.0%, 56.2%, 54.8%, 57.0%, 55.8%]",,,,
11,weights,21,76,0.047936842,1.191859993,1.22704614,0.000111111,50.45,"[41.8%, 52.6%, 46.0%, 41.0%, 50.2%, 49.4%, 50.8%, 47.0%, 56.2%, 54.8%, 57.0%, 58.6%]",,,,
11,weights,22,77,0.047936842,1.217825324,1.216685414,0.000111111,50.5,"[41.8%, 52.6%, 46.0%, 41.0%, 50.2%, 49.4%, 50.8%, 47.0%, 56.2%, 54.8%, 57.0%, 59.2%]",,,,
11,weights,23,78,0.047936842,1.212000393,1.222379729,0.000111111,50.31666667,"[41.8%, 52.6%, 46.0%, 41.0%, 50.2%, 49.4%, 50.8%, 47.0%, 56.2%, 54.8%, 57.0%, 57.0%]",,,,
11,weights,24,79,0.047936842,1.197999598,1.208095834,0.000111111,50.48333333,"[41.8%, 52.6%, 46.0%, 41.0%, 50.2%, 49.4%, 50.8%, 47.0%, 56.2%, 54.8%, 57.0%, 59.0%]",,,,
11,weights,25,80,0.047936842,1.16790782,1.243453883,0.000111111,50.4,"[41.8%, 52.6%, 46.0%, 41.0%, 50.2%, 49.4%, 50.8%, 47.0%, 56.2%, 54.8%, 57.0%, 58.0%]",24.48333333,"[10.8%, 46.6%, 27.4%, 6.6%, 18.4%, 7.6%, 16.8%, 34.2%, 26.0%, 16.0%, 49.0%, 34.4%]",37,"[32%, 43.7%, 32.4%, 25%, 26.9%, 15.9%, 52.2%, 37.1%, 42.8%, 39.4%, 52.6%, 44.4%]"
12,parallel,1,1,0.4,16.73948859,8.005258739,0.000111111,46.55384615,"[42.0%, 52.0%, 46.0%, 41.2%, 51.0%, 49.6%, 50.4%, 47.4%, 55.8%, 54.8%, 57.4%, 57.6%, 0.0%]",,,,
12,parallel,2,2,0.4,4.508507813,2.531324089,0.000111111,47.16923077,"[42.0%, 52.4%, 45.8%, 41.4%, 51.0%, 49.4%, 50.8%, 47.6%, 55.4%, 54.8%, 57.0%, 57.6%, 8.0%]",,,,
12,parallel,3,3,0.4,2.406230051,2.355981022,0.000111111,47.27692308,"[41.8%, 52.4%, 45.8%, 41.2%, 50.8%, 49.2%, 50.8%, 47.6%, 55.6%, 54.8%, 57.0%, 57.6%, 10.0%]",,,,
12,parallel,4,4,0.4,2.34415204,2.327037692,0.000111111,47.49230769,"[41.8%, 52.4%, 45.6%, 41.2%, 50.8%, 49.2%, 50.8%, 47.6%, 55.6%, 54.8%, 57.0%, 57.6%, 13.0%]",,,,
12,parallel,5,5,0.391117205,2.338181737,2.325911939,0.000111111,47.66153846,"[41.6%, 52.4%, 45.6%, 41.4%, 50.8%, 49.2%, 51.0%, 47.6%, 55.6%, 54.8%, 57.0%, 57.6%, 15.0%]",,,,
12,parallel,6,6,0.377313024,2.346555215,2.318735957,0.000111111,47.44615385,"[41.8%, 52.4%, 45.6%, 41.2%, 50.8%, 49.2%, 50.8%, 47.6%, 55.6%, 54.8%, 57.0%, 57.6%, 12.4%]",,,,
12,parallel,7,7,0.363791327,2.343123161,2.307155222,0.000111111,47.53846154,"[41.8%, 52.4%, 45.6%, 41.2%, 50.8%, 49.2%, 50.8%, 47.6%, 55.6%, 54.8%, 57.0%, 57.6%, 13.6%]",,,,
12,parallel,8,8,0.350552114,2.322836758,2.285409391,0.000111111,47.69230769,"[41.8%, 52.4%, 45.6%, 41.2%, 50.8%, 49.2%, 50.8%, 47.6%, 55.6%, 54.8%, 57.0%, 57.6%, 15.6%]",,,,
12,parallel,9,9,0.337595386,2.283605177,2.228808194,0.000111111,48.07692308,"[41.8%, 52.4%, 45.6%, 41.2%, 50.8%, 49.2%, 50.8%, 47.6%, 55.6%, 54.8%, 57.0%, 57.6%, 20.6%]",,,,
12,parallel,10,10,0.324921142,2.163542337,2.033262208,0.000111111,48.70769231,"[41.8%, 52.4%, 45.6%, 41.2%, 50.8%, 49.2%, 50.8%, 47.6%, 55.6%, 54.8%, 57.0%, 57.6%, 28.8%]",,,,
12,parallel,11,11,0.312529382,2.019167333,1.859191626,0.000111111,48.95384615,"[41.8%, 52.4%, 45.6%, 41.2%, 50.8%, 49.2%, 50.8%, 47.6%, 55.6%, 54.8%, 57.0%, 57.6%, 32.0%]",,,,
12,parallel,12,12,0.300420106,1.899504852,2.004605457,0.000111111,48.63076923,"[41.8%, 52.4%, 45.6%, 41.2%, 50.8%, 49.2%, 50.8%, 47.6%, 55.6%, 54.8%, 57.0%, 57.6%, 27.8%]",,,,
12,parallel,13,13,0.288593315,1.830750936,1.819914579,0.000111111,49.13846154,"[41.8%, 52.4%, 45.6%, 41.2%, 50.8%, 49.2%, 50.8%, 47.6%, 55.6%, 54.8%, 57.0%, 57.6%, 34.4%]",,,,
12,parallel,14,14,0.277049008,1.757451157,1.700960808,0.000111111,49.26153846,"[41.8%, 52.4%, 45.6%, 41.2%, 50.8%, 49.2%, 50.8%, 47.6%, 55.6%, 54.8%, 57.0%, 57.6%, 36.0%]",,,,
12,parallel,15,15,0.265787185,1.674586067,1.640909299,0.000111111,49.61538462,"[41.8%, 52.4%, 45.6%, 41.2%, 50.8%, 49.2%, 50.8%, 47.6%, 55.6%, 54.8%, 57.0%, 57.6%, 40.6%]",,,,
12,parallel,16,16,0.254807846,1.609005089,1.482030757,0.000111111,50.21538462,"[41.8%, 52.4%, 45.6%, 41.2%, 50.8%, 49.2%, 50.8%, 47.6%, 55.6%, 54.8%, 57.0%, 57.6%, 48.4%]",,,,
12,parallel,17,17,0.244110991,1.546858124,1.368856721,0.000111111,50.61538462,"[41.8%, 52.4%, 45.6%, 41.2%, 50.8%, 49.2%, 50.8%, 47.6%, 55.6%, 54.8%, 57.0%, 57.6%, 53.6%]",,,,
12,parallel,18,18,0.233696621,1.490676002,1.477878861,0.000111111,50.30769231,"[41.8%, 52.4%, 45.6%, 41.2%, 50.8%, 49.2%, 50.8%, 47.6%, 55.6%, 54.8%, 57.0%, 57.6%, 49.6%]",,,,
12,parallel,19,19,0.223564734,1.45524185,1.396483488,0.000111111,50.47692308,"[41.8%, 52.4%, 45.6%, 41.2%, 50.8%, 49.2%, 50.8%, 47.6%, 55.6%, 54.8%, 57.0%, 57.6%, 51.8%]",,,,
12,parallel,20,20,0.213715332,1.433523506,1.375181526,0.000111111,50.53846154,"[41.8%, 52.4%, 45.6%, 41.2%, 50.8%, 49.2%, 50.8%, 47.6%, 55.6%, 54.8%, 57.0%, 57.6%, 52.6%]",,,,
12,parallel,21,21,0.204148415,1.398709985,1.292930335,0.000111111,50.67692308,"[41.8%, 52.4%, 45.6%, 41.2%, 50.8%, 49.2%, 50.8%, 47.6%, 55.6%, 54.8%, 57.0%, 57.6%, 54.4%]",,,,
12,parallel,22,22,0.194863981,1.394527689,1.349129751,0.000111111,50.6,"[41.8%, 52.4%, 45.6%, 41.2%, 50.8%, 49.2%, 50.8%, 47.6%, 55.6%, 54.8%, 57.0%, 57.6%, 53.4%]",,,,
12,parallel,23,23,0.185862032,1.343590413,1.372902095,0.000111111,50.6,"[41.8%, 52.4%, 45.6%, 41.2%, 50.8%, 49.2%, 50.8%, 47.6%, 55.6%, 54.8%, 57.0%, 57.6%, 53.4%]",,,,
12,parallel,24,24,0.177142567,1.331711086,1.24493625,0.000111111,50.87692308,"[41.8%, 52.4%, 45.6%, 41.2%, 50.8%, 49.2%, 50.8%, 47.6%, 55.6%, 54.8%, 57.0%, 57.6%, 57.0%]",,,,
12,parallel,25,25,0.168705586,1.348011593,1.371651359,0.000111111,50.55384615,"[41.8%, 52.4%, 45.6%, 41.2%, 50.8%, 49.2%, 50.8%, 47.6%, 55.6%, 54.8%, 57.0%, 57.6%, 52.8%]",,,,
12,parallel,26,26,0.160551089,1.324258496,1.23129385,0.000111111,51.07692308,"[41.8%, 52.4%, 45.6%, 41.2%, 50.8%, 49.2%, 50.8%, 47.6%, 55.6%, 54.8%, 57.0%, 57.6%, 59.6%]",,,,
12,parallel,27,27,0.152679076,1.382430756,1.293392584,0.000111111,50.67692308,"[41.8%, 52.4%, 45.6%, 41.2%, 50.8%, 49.2%, 50.8%, 47.6%, 55.6%, 54.8%, 57.0%, 57.6%, 54.4%]",,,,
12,parallel,28,28,0.145089548,1.323104579,1.332647607,0.000111111,50.72307692,"[41.8%, 52.4%, 45.6%, 41.2%, 50.8%, 49.2%, 50.8%, 47.6%, 55.6%, 54.8%, 57.0%, 57.6%, 55.0%]",,,,
12,parallel,29,29,0.137782504,1.368919676,1.256356485,0.000111111,50.95384615,"[41.8%, 52.4%, 45.6%, 41.2%, 50.8%, 49.2%, 50.8%, 47.6%, 55.6%, 54.8%, 57.0%, 57.6%, 58.0%]",,,,
12,parallel,30,30,0.130757944,1.364129948,1.290362231,0.000111111,50.81538462,"[41.8%, 52.4%, 45.6%, 41.2%, 50.8%, 49.2%, 50.8%, 47.6%, 55.6%, 54.8%, 57.0%, 57.6%, 56.2%]",,,,
12,parallel,31,31,0.124015868,1.404921788,1.368026599,0.000111111,50.67692308,"[41.8%, 52.4%, 45.6%, 41.2%, 50.8%, 49.2%, 50.8%, 47.6%, 55.6%, 54.8%, 57.0%, 57.6%, 54.4%]",,,,
12,parallel,32,32,0.117556277,1.364203009,1.282421738,0.000111111,50.76923077,"[41.8%, 52.4%, 45.6%, 41.2%, 50.8%, 49.2%, 50.8%, 47.6%, 55.6%, 54.8%, 57.0%, 57.6%, 55.6%]",,,,
12,parallel,33,33,0.11137917,1.382563274,1.378257446,0.000111111,50.52307692,"[41.8%, 52.4%, 45.6%, 41.2%, 50.8%, 49.2%, 50.8%, 47.6%, 55.6%, 54.8%, 57.0%, 57.6%, 52.4%]",,,,
12,parallel,34,34,0.105484547,1.424795124,1.352362536,0.000111111,50.52307692,"[41.8%, 52.4%, 45.6%, 41.2%, 50.8%, 49.2%, 50.8%, 47.6%, 55.6%, 54.8%, 57.0%, 57.6%, 52.4%]",,,,
12,parallel,35,35,0.099872408,1.394579755,1.423973389,0.000111111,50.27692308,"[41.8%, 52.4%, 45.6%, 41.2%, 50.8%, 49.2%, 50.8%, 47.6%, 55.6%, 54.8%, 57.0%, 57.6%, 49.2%]",,,,
12,parallel,36,36,0.094542753,1.384260585,1.435127437,0.000111111,50.4,"[41.8%, 52.4%, 45.6%, 41.2%, 50.8%, 49.2%, 50.8%, 47.6%, 55.6%, 54.8%, 57.0%, 57.6%, 50.8%]",,,,
12,parallel,37,37,0.089495583,1.513837175,1.383507669,0.000111111,50.58461538,"[41.8%, 52.4%, 45.6%, 41.2%, 50.8%, 49.2%, 50.8%, 47.6%, 55.6%, 54.8%, 57.0%, 57.6%, 53.2%]",,,,
12,parallel,38,38,0.084730897,1.491145317,1.399385855,0.000111111,50.55384615,"[41.8%, 52.4%, 45.6%, 41.2%, 50.8%, 49.2%, 50.8%, 47.6%, 55.6%, 54.8%, 57.0%, 57.6%, 52.8%]",,,,
12,parallel,39,39,0.080248695,1.441794863,1.297330372,0.000111111,50.93846154,"[41.8%, 52.4%, 45.6%, 41.2%, 50.8%, 49.2%, 50.8%, 47.6%, 55.6%, 54.8%, 57.0%, 57.6%, 57.8%]",,,,
12,parallel,40,40,0.076048977,1.701917918,1.473750696,0.000111111,50.49230769,"[41.8%, 52.4%, 45.6%, 41.2%, 50.8%, 49.2%, 50.8%, 47.6%, 55.6%, 54.8%, 57.0%, 57.6%, 52.0%]",,,,
12,parallel,41,41,0.072131743,1.545463719,1.411086179,0.000111111,50.63076923,"[41.8%, 52.4%, 45.6%, 41.2%, 50.8%, 49.2%, 50.8%, 47.6%, 55.6%, 54.8%, 57.0%, 57.6%, 53.8%]",,,,
12,parallel,42,42,0.068496994,1.602660657,1.481409997,0.000111111,50.36923077,"[41.8%, 52.4%, 45.6%, 41.2%, 50.8%, 49.2%, 50.8%, 47.6%, 55.6%, 54.8%, 57.0%, 57.6%, 50.4%]",,,,
12,parallel,43,43,0.065144729,1.571954908,1.440135211,0.000111111,50.52307692,"[41.8%, 52.4%, 45.6%, 41.2%, 50.8%, 49.2%, 50.8%, 47.6%, 55.6%, 54.8%, 57.0%, 57.6%, 52.4%]",,,,
12,parallel,44,44,0.062074948,1.766182053,1.740796164,0.000111111,49.47692308,"[41.8%, 52.4%, 45.6%, 41.2%, 50.8%, 49.2%, 50.8%, 47.6%, 55.6%, 54.8%, 57.0%, 57.6%, 38.8%]",,,,
12,parallel,45,45,0.059287651,1.690648684,1.617768049,0.000111111,49.98461538,"[41.8%, 52.4%, 45.6%, 41.2%, 50.8%, 49.2%, 50.8%, 47.6%, 55.6%, 54.8%, 57.0%, 57.6%, 45.4%]",,,,
12,parallel,46,46,0.056782838,1.641625448,1.492688291,0.000111111,50.33846154,"[41.8%, 52.4%, 45.6%, 41.2%, 50.8%, 49.2%, 50.8%, 47.6%, 55.6%, 54.8%, 57.0%, 57.6%, 50.0%]",,,,
12,parallel,47,47,0.05456051,1.669107494,1.685484715,0.000111111,49.70769231,"[41.8%, 52.4%, 45.6%, 41.2%, 50.8%, 49.2%, 50.8%, 47.6%, 55.6%, 54.8%, 57.0%, 57.6%, 41.8%]",,,,
12,parallel,48,48,0.052620666,1.674152847,1.563895367,0.000111111,50.06153846,"[41.8%, 52.4%, 45.6%, 41.2%, 50.8%, 49.2%, 50.8%, 47.6%, 55.6%, 54.8%, 57.0%, 57.6%, 46.4%]",,,,
12,parallel,49,49,0.050963306,1.594786261,1.50849998,0.000111111,50.2,"[41.8%, 52.4%, 45.6%, 41.2%, 50.8%, 49.2%, 50.8%, 47.6%, 55.6%, 54.8%, 57.0%, 57.6%, 48.2%]",,,,
12,parallel,50,50,0.04958843,1.668076194,1.490332842,0.000111111,50.55384615,"[41.8%, 52.4%, 45.6%, 41.2%, 50.8%, 49.2%, 50.8%, 47.6%, 55.6%, 54.8%, 57.0%, 57.6%, 52.8%]",,,,
12,parallel,51,51,0.048496039,1.578007371,1.496747971,0.000111111,50.30769231,"[41.8%, 52.4%, 45.6%, 41.2%, 50.8%, 49.2%, 50.8%, 47.6%, 55.6%, 54.8%, 57.0%, 57.6%, 49.6%]",,,,
12,parallel,52,52,0.047686132,1.518957862,1.4956396,0.000111111,50.23076923,"[41.8%, 52.4%, 45.6%, 41.2%, 50.8%, 49.2%, 50.8%, 47.6%, 55.6%, 54.8%, 57.0%, 57.6%, 48.6%]",,,,
12,parallel,53,53,0.047158709,1.507390401,1.470704898,0.000111111,50.43076923,"[41.8%, 52.4%, 45.6%, 41.2%, 50.8%, 49.2%, 50.8%, 47.6%, 55.6%, 54.8%, 57.0%, 57.6%, 51.2%]",,,,
12,parallel,54,54,0.04691377,1.489411306,1.419050194,0.000111111,50.38461538,"[41.8%, 52.4%, 45.6%, 41.2%, 50.8%, 49.2%, 50.8%, 47.6%, 55.6%, 54.8%, 57.0%, 57.6%, 50.6%]",,,,
12,parallel,55,55,0.046894737,1.477808783,1.389995098,0.000111111,50.69230769,"[41.8%, 52.4%, 45.6%, 41.2%, 50.8%, 49.2%, 50.8%, 47.6%, 55.6%, 54.8%, 57.0%, 57.6%, 54.6%]",,,,
12,weights,1,56,0.046894737,1.450626962,1.383961394,0.000111111,50.56923077,"[41.8%, 52.4%, 45.6%, 41.2%, 50.8%, 49.2%, 50.8%, 47.6%, 55.6%, 54.8%, 57.0%, 57.6%, 53.0%]",,,,
12,weights,2,57,0.046894737,1.438799184,1.349724948,0.000111111,50.73846154,"[41.8%, 52.4%, 45.6%, 41.2%, 50.8%, 49.2%, 50.8%, 47.6%, 55.6%, 54.8%, 57.0%, 57.6%, 55.2%]",,,,
12,weights,3,58,0.046894737,1.430374355,1.374584012,0.000111111,50.69230769,"[41.8%, 52.4%, 45.6%, 41.2%, 50.8%, 49.2%, 50.8%, 47.6%, 55.6%, 54.8%, 57.0%, 57.6%, 54.6%]",,,,
12,weights,4,59,0.046894737,1.40646411,1.400257699,0.000111111,50.4,"[41.8%, 52.4%, 45.6%, 41.2%, 50.8%, 49.2%, 50.8%, 47.6%, 55.6%, 54.8%, 57.0%, 57.6%, 50.8%]",,,,
12,weights,5,60,0.046894737,1.406129502,1.33629778,0.000111111,50.78461538,"[41.8%, 52.4%, 45.6%, 41.2%, 50.8%, 49.2%, 50.8%, 47.6%, 55.6%, 54.8%, 57.0%, 57.6%, 55.8%]",,,,
12,weights,6,61,0.046894737,1.403011301,1.422133788,0.000111111,50.43076923,"[41.8%, 52.4%, 45.6%, 41.2%, 50.8%, 49.2%, 50.8%, 47.6%, 55.6%, 54.8%, 57.0%, 57.6%, 51.2%]",,,,
12,weights,7,62,0.046894737,1.383323822,1.46872931,0.000111111,50.44615385,"[41.8%, 52.4%, 45.6%, 41.2%, 50.8%, 49.2%, 50.8%, 47.6%, 55.6%, 54.8%, 57.0%, 57.6%, 51.4%]",,,,
12,weights,8,63,0.046894737,1.379182002,1.367705762,0.000111111,50.6,"[41.8%, 52.4%, 45.6%, 41.2%, 50.8%, 49.2%, 50.8%, 47.6%, 55.6%, 54.8%, 57.0%, 57.6%, 53.4%]",,,,
12,weights,9,64,0.046894737,1.372932054,1.356255554,0.000111111,50.75384615,"[41.8%, 52.4%, 45.6%, 41.2%, 50.8%, 49.2%, 50.8%, 47.6%, 55.6%, 54.8%, 57.0%, 57.6%, 55.4%]",,,,
12,weights,10,65,0.046894737,1.375048968,1.284954704,0.000111111,50.72307692,"[41.8%, 52.4%, 45.6%, 41.2%, 50.8%, 49.2%, 50.8%, 47.6%, 55.6%, 54.8%, 57.0%, 57.6%, 55.0%]",,,,
12,weights,11,66,0.046894737,1.349849644,1.319492519,0.000111111,50.64615385,"[41.8%, 52.4%, 45.6%, 41.2%, 50.8%, 49.2%, 50.8%, 47.6%, 55.6%, 54.8%, 57.0%, 57.6%, 54.0%]",,,,
12,weights,12,67,0.046894737,1.360016972,1.35896825,0.000111111,50.67692308,"[41.8%, 52.4%, 45.6%, 41.2%, 50.8%, 49.2%, 50.8%, 47.6%, 55.6%, 54.8%, 57.0%, 57.6%, 54.4%]",,,,
12,weights,13,68,0.046894737,1.345290072,1.307123519,0.000111111,50.81538462,"[41.8%, 52.4%, 45.6%, 41.2%, 50.8%, 49.2%, 50.8%, 47.6%, 55.6%, 54.8%, 57.0%, 57.6%, 56.2%]",,,,
12,weights,14,69,0.046894737,1.327867841,1.308498234,0.000111111,50.67692308,"[41.8%, 52.4%, 45.6%, 41.2%, 50.8%, 49.2%, 50.8%, 47.6%, 55.6%, 54.8%, 57.0%, 57.6%, 54.4%]",,,,
12,weights,15,70,0.046894737,1.331403721,1.252546072,0.000111111,50.98461538,"[41.8%, 52.4%, 45.6%, 41.2%, 50.8%, 49.2%, 50.8%, 47.6%, 55.6%, 54.8%, 57.0%, 57.6%, 58.4%]",,,,
12,weights,16,71,0.046894737,1.328285975,1.291468263,0.000111111,50.73846154,"[41.8%, 52.4%, 45.6%, 41.2%, 50.8%, 49.2%, 50.8%, 47.6%, 55.6%, 54.8%, 57.0%, 57.6%, 55.2%]",,,,
12,weights,17,72,0.046894737,1.313789365,1.29586494,0.000111111,50.73846154,"[41.8%, 52.4%, 45.6%, 41.2%, 50.8%, 49.2%, 50.8%, 47.6%, 55.6%, 54.8%, 57.0%, 57.6%, 55.2%]",,,,
12,weights,18,73,0.046894737,1.32937576,1.300350927,0.000111111,50.84615385,"[41.8%, 52.4%, 45.6%, 41.2%, 50.8%, 49.2%, 50.8%, 47.6%, 55.6%, 54.8%, 57.0%, 57.6%, 56.6%]",,,,
12,weights,19,74,0.046894737,1.301646,1.368116036,0.000111111,50.66153846,"[41.8%, 52.4%, 45.6%, 41.2%, 50.8%, 49.2%, 50.8%, 47.6%, 55.6%, 54.8%, 57.0%, 57.6%, 54.2%]",,,,
12,weights,20,75,0.046894737,1.298449844,1.292990163,0.000111111,50.72307692,"[41.8%, 52.4%, 45.6%, 41.2%, 50.8%, 49.2%, 50.8%, 47.6%, 55.6%, 54.8%, 57.0%, 57.6%, 55.0%]",,,,
12,weights,21,76,0.046894737,1.295055684,1.331133403,0.000111111,50.75384615,"[41.8%, 52.4%, 45.6%, 41.2%, 50.8%, 49.2%, 50.8%, 47.6%, 55.6%, 54.8%, 57.0%, 57.6%, 55.4%]",,,,
12,weights,22,77,0.046894737,1.282176585,1.30152829,0.000111111,50.8,"[41.8%, 52.4%, 45.6%, 41.2%, 50.8%, 49.2%, 50.8%, 47.6%, 55.6%, 54.8%, 57.0%, 57.6%, 56.0%]",,,,
12,weights,23,78,0.046894737,1.299290653,1.292493716,0.000111111,50.8,"[41.8%, 52.4%, 45.6%, 41.2%, 50.8%, 49.2%, 50.8%, 47.6%, 55.6%, 54.8%, 57.0%, 57.6%, 56.0%]",,,,
12,weights,24,79,0.046894737,1.28445018,1.251054421,0.000111111,50.98461538,"[41.8%, 52.4%, 45.6%, 41.2%, 50.8%, 49.2%, 50.8%, 47.6%, 55.6%, 54.8%, 57.0%, 57.6%, 58.4%]",,,,
12,weights,25,80,0.046894737,1.291393039,1.33295913,0.000111111,50.73846154,"[41.8%, 52.4%, 45.6%, 41.2%, 50.8%, 49.2%, 50.8%, 47.6%, 55.6%, 54.8%, 57.0%, 57.6%, 55.2%]",24.36923077,"[10.8%, 40.2%, 27.2%, 6.8%, 18.6%, 7.6%, 16.8%, 35.0%, 25.4%, 16.0%, 49.4%, 34.2%, 28.8%]",36.34615385,"[34.9%, 43.2%, 32.1%, 19.8%, 32.6%, 21.4%, 42.1%, 37.9%, 28.6%, 31.2%, 52.2%, 43.8%, 52.4%]"
13,parallel,1,1,0.35,17.50462735,9.670058846,0.000111111,47.32857143,"[41.4%, 52.4%, 46.0%, 41.0%, 51.8%, 49.4%, 50.8%, 47.8%, 55.8%, 55.4%, 57.0%, 57.8%, 56.0%, 0.0%]",,,,
13,parallel,2,2,0.35,5.602799072,2.746309102,0.000111111,48.11428571,"[41.8%, 52.4%, 45.8%, 41.4%, 52.6%, 49.6%, 50.8%, 47.6%, 56.4%, 55.4%, 56.6%, 57.8%, 56.2%, 9.2%]",,,,
13,parallel,3,3,0.35,2.454915427,2.366574943,0.000111111,48.14285714,"[41.8%, 52.4%, 46.0%, 41.2%, 52.4%, 49.6%, 50.8%, 47.8%, 56.0%, 55.6%, 56.4%, 57.8%, 56.2%, 10.0%]",,,,
13,parallel,4,4,0.35,2.348818818,2.336641937,0.000111111,48.14285714,"[41.8%, 52.4%, 46.2%, 41.2%, 52.4%, 49.8%, 50.8%, 47.8%, 55.6%, 55.6%, 56.4%, 57.8%, 56.2%, 10.0%]",,,,
13,parallel,5,5,0.3423488,2.414443411,2.368995309,0.000111111,48.07142857,"[41.8%, 52.4%, 46.2%, 41.2%, 52.2%, 49.8%, 50.8%, 47.8%, 55.4%, 55.4%, 56.2%, 57.8%, 56.0%, 10.0%]",,,,
13,parallel,6,6,0.330458563,2.402928117,2.364849567,0.000111111,48.11428571,"[41.8%, 52.4%, 46.2%, 41.2%, 52.4%, 49.8%, 50.8%, 47.8%, 55.4%, 55.2%, 56.0%, 58.6%, 56.0%, 10.0%]",,,,
13,parallel,7,7,0.318811644,2.378690273,2.342065394,0.000111111,48.1,"[41.8%, 52.4%, 46.2%, 41.2%, 52.4%, 49.8%, 50.8%, 47.8%, 55.4%, 55.2%, 55.8%, 58.6%, 56.0%, 10.0%]",,,,
13,parallel,8,8,0.307408043,2.362784428,2.335378379,0.000111111,48.1,"[41.8%, 52.4%, 46.2%, 41.2%, 52.4%, 49.8%, 50.8%, 47.8%, 55.4%, 55.2%, 55.8%, 58.6%, 56.0%, 10.0%]",,,,
13,parallel,9,9,0.296247759,2.35204457,2.341904044,0.000111111,48.1,"[41.8%, 52.4%, 46.2%, 41.2%, 52.4%, 49.8%, 50.8%, 47.8%, 55.4%, 55.2%, 55.8%, 58.6%, 56.0%, 10.0%]",,,,
13,parallel,10,10,0.285330794,2.354426505,2.329678386,0.000111111,48.47142857,"[41.8%, 52.4%, 46.2%, 41.2%, 52.4%, 49.8%, 50.8%, 47.8%, 55.4%, 55.2%, 55.8%, 58.6%, 56.0%, 15.2%]",,,,
13,parallel,11,11,0.274657146,2.343238426,2.313742697,0.000111111,48.4,"[41.8%, 52.4%, 46.2%, 41.2%, 52.4%, 49.8%, 50.8%, 47.8%, 55.4%, 55.2%, 55.8%, 58.6%, 56.0%, 14.2%]",,,,
13,parallel,12,12,0.264226816,2.240585608,2.144141495,0.000111111,49.07142857,"[41.8%, 52.4%, 46.2%, 41.2%, 52.4%, 49.8%, 50.8%, 47.8%, 55.4%, 55.2%, 55.8%, 58.6%, 56.0%, 23.6%]",,,,
13,parallel,13,13,0.254039804,2.098847976,2.017975792,0.000111111,49.18571429,"[41.8%, 52.4%, 46.2%, 41.2%, 52.4%, 49.8%, 50.8%, 47.8%, 55.4%, 55.2%, 55.8%, 58.6%, 56.0%, 25.2%]",,,,
13,parallel,14,14,0.24409611,1.99165606,1.94738175,0.000111111,49.57142857,"[41.8%, 52.4%, 46.2%, 41.2%, 52.4%, 49.8%, 50.8%, 47.8%, 55.4%, 55.2%, 55.8%, 58.6%, 56.0%, 30.6%]",,,,
13,parallel,15,15,0.234395734,1.926659558,1.876340121,0.000111111,49.71428571,"[41.8%, 52.4%, 46.2%, 41.2%, 52.4%, 49.8%, 50.8%, 47.8%, 55.4%, 55.2%, 55.8%, 58.6%, 56.0%, 32.6%]",,,,
13,parallel,16,16,0.224938676,1.885753205,1.852440596,0.000111111,49.55714286,"[41.8%, 52.4%, 46.2%, 41.2%, 52.4%, 49.8%, 50.8%, 47.8%, 55.4%, 55.2%, 55.8%, 58.6%, 56.0%, 30.4%]",,,,
13,parallel,17,17,0.215724936,1.830410447,1.812698931,0.000111111,49.81428571,"[41.8%, 52.4%, 46.2%, 41.2%, 52.4%, 49.8%, 50.8%, 47.8%, 55.4%, 55.2%, 55.8%, 58.6%, 56.0%, 34.0%]",,,,
13,parallel,18,18,0.206754514,1.79693658,1.825812608,0.000111111,49.7,"[41.8%, 52.4%, 46.2%, 41.2%, 52.4%, 49.8%, 50.8%, 47.8%, 55.4%, 55.2%, 55.8%, 58.6%, 56.0%, 32.4%]",,,,
13,parallel,19,19,0.198027409,1.770228025,1.73414968,0.000111111,50.21428571,"[41.8%, 52.4%, 46.2%, 41.2%, 52.4%, 49.8%, 50.8%, 47.8%, 55.4%, 55.2%, 55.8%, 58.6%, 56.0%, 39.6%]",,,,
13,parallel,20,20,0.189543622,1.704936598,1.687024213,0.000111111,50.38571429,"[41.8%, 52.4%, 46.2%, 41.2%, 52.4%, 49.8%, 50.8%, 47.8%, 55.4%, 55.2%, 55.8%, 58.6%, 56.0%, 42.0%]",,,,
13,parallel,21,21,0.181303154,1.686875933,1.727681875,0.000111111,50.12857143,"[41.8%, 52.4%, 46.2%, 41.2%, 52.4%, 49.8%, 50.8%, 47.8%, 55.4%, 55.2%, 55.8%, 58.6%, 56.0%, 38.4%]",,,,
13,parallel,22,22,0.173306003,1.645638849,1.626210578,0.000111111,50.61428571,"[41.8%, 52.4%, 46.2%, 41.2%, 52.4%, 49.8%, 50.8%, 47.8%, 55.4%, 55.2%, 55.8%, 58.6%, 56.0%, 45.2%]",,,,
13,parallel,23,23,0.16555217,1.618300658,1.613747984,0.000111111,50.51428571,"[41.8%, 52.4%, 46.2%, 41.2%, 52.4%, 49.8%, 50.8%, 47.8%, 55.4%, 55.2%, 55.8%, 58.6%, 56.0%, 43.8%]",,,,
13,parallel,24,24,0.158041655,1.610143221,1.608196028,0.000111111,50.62857143,"[41.8%, 52.4%, 46.2%, 41.2%, 52.4%, 49.8%, 50.8%, 47.8%, 55.4%, 55.2%, 55.8%, 58.6%, 56.0%, 45.4%]",,,,
13,parallel,25,25,0.150774458,1.614455133,1.576434821,0.000111111,50.74285714,"[41.8%, 52.4%, 46.2%, 41.2%, 52.4%, 49.8%, 50.8%, 47.8%, 55.4%, 55.2%, 55.8%, 58.6%, 56.0%, 47.0%]",,,,
13,parallel,26,26,0.143750579,1.638414876,1.651889823,0.000111111,50.38571429,"[41.8%, 52.4%, 46.2%, 41.2%, 52.4%, 49.8%, 50.8%, 47.8%, 55.4%, 55.2%, 55.8%, 58.6%, 56.0%, 42.0%]",,,,
13,parallel,27,27,0.136970017,1.60064757,1.657987878,0.000111111,50.31428571,"[41.8%, 52.4%, 46.2%, 41.2%, 52.4%, 49.8%, 50.8%, 47.8%, 55.4%, 55.2%, 55.8%, 58.6%, 56.0%, 41.0%]",,,,
13,parallel,28,28,0.130432774,1.585071227,1.643541016,0.000111111,50.6,"[41.8%, 52.4%, 46.2%, 41.2%, 52.4%, 49.8%, 50.8%, 47.8%, 55.4%, 55.2%, 55.8%, 58.6%, 56.0%, 45.0%]",,,,
13,parallel,29,29,0.124138848,1.632609832,1.617165342,0.000111111,50.58571429,"[41.8%, 52.4%, 46.2%, 41.2%, 52.4%, 49.8%, 50.8%, 47.8%, 55.4%, 55.2%, 55.8%, 58.6%, 56.0%, 44.8%]",,,,
13,parallel,30,30,0.118088241,1.620909621,1.667714655,0.000111111,50.25714286,"[41.8%, 52.4%, 46.2%, 41.2%, 52.4%, 49.8%, 50.8%, 47.8%, 55.4%, 55.2%, 55.8%, 58.6%, 56.0%, 40.2%]",,,,
13,parallel,31,31,0.112280951,1.58684992,1.623069815,0.000111111,50.54285714,"[41.8%, 52.4%, 46.2%, 41.2%, 52.4%, 49.8%, 50.8%, 47.8%, 55.4%, 55.2%, 55.8%, 58.6%, 56.0%, 44.2%]",,,,
13,parallel,32,32,0.106716979,1.64215899,1.650233842,0.000111111,50.35714286,"[41.8%, 52.4%, 46.2%, 41.2%, 52.4%, 49.8%, 50.8%, 47.8%, 55.4%, 55.2%, 55.8%, 58.6%, 56.0%, 41.6%]",,,,
13,parallel,33,33,0.101396325,1.639851889,1.632246524,0.000111111,50.58571429,"[41.8%, 52.4%, 46.2%, 41.2%, 52.4%, 49.8%, 50.8%, 47.8%, 55.4%, 55.2%, 55.8%, 58.6%, 56.0%, 44.8%]",,,,
13,parallel,34,34,0.096318989,1.592123969,1.616087213,0.000111111,50.5,"[41.8%, 52.4%, 46.2%, 41.2%, 52.4%, 49.8%, 50.8%, 47.8%, 55.4%, 55.2%, 55.8%, 58.6%, 56.0%, 43.6%]",,,,
13,parallel,35,35,0.091484971,1.694614601,1.698047519,0.000111111,50.34285714,"[41.8%, 52.4%, 46.2%, 41.2%, 52.4%, 49.8%, 50.8%, 47.8%, 55.4%, 55.2%, 55.8%, 58.6%, 56.0%, 41.4%]",,,,
13,parallel,36,36,0.086894271,1.640488033,1.638473213,0.000111111,50.44285714,"[41.8%, 52.4%, 46.2%, 41.2%, 52.4%, 49.8%, 50.8%, 47.8%, 55.4%, 55.2%, 55.8%, 58.6%, 56.0%, 42.8%]",,,,
13,parallel,37,37,0.082546888,1.739486883,1.66934555,0.000111111,50.5,"[41.8%, 52.4%, 46.2%, 41.2%, 52.4%, 49.8%, 50.8%, 47.8%, 55.4%, 55.2%, 55.8%, 58.6%, 56.0%, 43.6%]",,,,
13,parallel,38,38,0.078442824,1.682979798,1.631425731,0.000111111,50.7,"[41.8%, 52.4%, 46.2%, 41.2%, 52.4%, 49.8%, 50.8%, 47.8%, 55.4%, 55.2%, 55.8%, 58.6%, 56.0%, 46.4%]",,,,
13,parallel,39,39,0.074582077,1.759616503,1.711970232,0.000111111,50.3,"[41.8%, 52.4%, 46.2%, 41.2%, 52.4%, 49.8%, 50.8%, 47.8%, 55.4%, 55.2%, 55.8%, 58.6%, 56.0%, 40.8%]",,,,
13,parallel,40,40,0.070964648,1.701836687,1.773049287,0.000111111,50.02857143,"[41.8%, 52.4%, 46.2%, 41.2%, 52.4%, 49.8%, 50.8%, 47.8%, 55.4%, 55.2%, 55.8%, 58.6%, 56.0%, 37.0%]",,,,
13,parallel,41,41,0.067590538,1.750266623,1.712726653,0.000111111,50.3,"[41.8%, 52.4%, 46.2%, 41.2%, 52.4%, 49.8%, 50.8%, 47.8%, 55.4%, 55.2%, 55.8%, 58.6%, 56.0%, 40.8%]",,,,
13,parallel,42,42,0.064459745,1.723957548,1.67591963,0.000111111,50.48571429,"[41.8%, 52.4%, 46.2%, 41.2%, 52.4%, 49.8%, 50.8%, 47.8%, 55.4%, 55.2%, 55.8%, 58.6%, 56.0%, 43.4%]",,,,
13,parallel,43,43,0.06157227,1.830624333,1.800353281,0.000111111,50.17142857,"[41.8%, 52.4%, 46.2%, 41.2%, 52.4%, 49.8%, 50.8%, 47.8%, 55.4%, 55.2%, 55.8%, 58.6%, 56.0%, 39.0%]",,,,
13,parallel,44,44,0.058928113,1.77714429,1.750115559,0.000111111,50.3,"[41.8%, 52.4%, 46.2%, 41.2%, 52.4%, 49.8%, 50.8%, 47.8%, 55.4%, 55.2%, 55.8%, 58.6%, 56.0%, 40.8%]",,,,
13,parallel,45,45,0.056527273,1.812245702,1.748303801,0.000111111,50.14285714,"[41.8%, 52.4%, 46.2%, 41.2%, 52.4%, 49.8%, 50.8%, 47.8%, 55.4%, 55.2%, 55.8%, 58.6%, 56.0%, 38.6%]",,,,
13,parallel,46,46,0.054369752,1.799992791,1.7743285,0.000111111,50.17142857,"[41.8%, 52.4%, 46.2%, 41.2%, 52.4%, 49.8%, 50.8%, 47.8%, 55.4%, 55.2%, 55.8%, 58.6%, 56.0%, 39.0%]",,,,
13,parallel,47,47,0.052455549,1.750489896,1.763044879,0.000111111,50.31428571,"[41.8%, 52.4%, 46.2%, 41.2%, 52.4%, 49.8%, 50.8%, 47.8%, 55.4%, 55.2%, 55.8%, 58.6%, 56.0%, 41.0%]",,,,
13,parallel,48,48,0.050784663,1.731609956,1.736838482,0.000111111,50.38571429,"[41.8%, 52.4%, 46.2%, 41.2%, 52.4%, 49.8%, 50.8%, 47.8%, 55.4%, 55.2%, 55.8%, 58.6%, 56.0%, 42.0%]",,,,
13,parallel,49,49,0.049357095,1.786051859,1.741090059,0.000111111,50.14285714,"[41.8%, 52.4%, 46.2%, 41.2%, 52.4%, 49.8%, 50.8%, 47.8%, 55.4%, 55.2%, 55.8%, 58.6%, 56.0%, 38.6%]",,,,
13,parallel,50,50,0.048172846,1.729474203,1.735073164,0.000111111,50.34285714,"[41.8%, 52.4%, 46.2%, 41.2%, 52.4%, 49.8%, 50.8%, 47.8%, 55.4%, 55.2%, 55.8%, 58.6%, 56.0%, 41.4%]",,,,
13,parallel,51,51,0.047231914,1.70631612,1.805020496,0.000111111,50.11428571,"[41.8%, 52.4%, 46.2%, 41.2%, 52.4%, 49.8%, 50.8%, 47.8%, 55.4%, 55.2%, 55.8%, 58.6%, 56.0%, 38.2%]",,,,
13,parallel,52,52,0.0465343,2.040652901,1.997240886,0.000111111,49.47142857,"[41.8%, 52.4%, 46.2%, 41.2%, 52.4%, 49.8%, 50.8%, 47.8%, 55.4%, 55.2%, 55.8%, 58.6%, 56.0%, 29.2%]",,,,
13,parallel,53,53,0.046080004,1.942362058,1.899578437,0.000111111,49.8,"[41.8%, 52.4%, 46.2%, 41.2%, 52.4%, 49.8%, 50.8%, 47.8%, 55.4%, 55.2%, 55.8%, 58.6%, 56.0%, 33.8%]",,,,
13,parallel,54,54,0.045869026,1.89049693,1.878950909,0.000111111,49.8,"[41.8%, 52.4%, 46.2%, 41.2%, 52.4%, 49.8%, 50.8%, 47.8%, 55.4%, 55.2%, 55.8%, 58.6%, 56.0%, 33.8%]",,,,
13,parallel,55,55,0.045852632,1.852214355,1.853579178,0.000111111,49.82857143,"[41.8%, 52.4%, 46.2%, 41.2%, 52.4%, 49.8%, 50.8%, 47.8%, 55.4%, 55.2%, 55.8%, 58.6%, 56.0%, 34.2%]",,,,
13,weights,1,56,0.045852632,1.832831713,1.80615437,0.000111111,50.14285714,"[41.8%, 52.4%, 46.2%, 41.2%, 52.4%, 49.8%, 50.8%, 47.8%, 55.4%, 55.2%, 55.8%, 58.6%, 56.0%, 38.6%]",,,,
13,weights,2,57,0.045852632,1.796847372,1.821747229,0.000111111,50.05714286,"[41.8%, 52.4%, 46.2%, 41.2%, 52.4%, 49.8%, 50.8%, 47.8%, 55.4%, 55.2%, 55.8%, 58.6%, 56.0%, 37.4%]",,,,
13,weights,3,58,0.045852632,1.79115098,1.779092491,0.000111111,50.11428571,"[41.8%, 52.4%, 46.2%, 41.2%, 52.4%, 49.8%, 50.8%, 47.8%, 55.4%, 55.2%, 55.8%, 58.6%, 56.0%, 38.2%]",,,,
13,weights,4,59,0.045852632,1.784540428,1.766462222,0.000111111,50.18571429,"[41.8%, 52.4%, 46.2%, 41.2%, 52.4%, 49.8%, 50.8%, 47.8%, 55.4%, 55.2%, 55.8%, 58.6%, 56.0%, 39.2%]",,,,
13,weights,5,60,0.045852632,1.753223792,1.817127749,0.000111111,50.02857143,"[41.8%, 52.4%, 46.2%, 41.2%, 52.4%, 49.8%, 50.8%, 47.8%, 55.4%, 55.2%, 55.8%, 58.6%, 56.0%, 37.0%]",,,,
13,weights,6,61,0.045852632,1.748375208,1.796925485,0.000111111,50.1,"[41.8%, 52.4%, 46.2%, 41.2%, 52.4%, 49.8%, 50.8%, 47.8%, 55.4%, 55.2%, 55.8%, 58.6%, 56.0%, 38.0%]",,,,
13,weights,7,62,0.045852632,1.729680371,1.84316048,0.000111111,49.81428571,"[41.8%, 52.4%, 46.2%, 41.2%, 52.4%, 49.8%, 50.8%, 47.8%, 55.4%, 55.2%, 55.8%, 58.6%, 56.0%, 34.0%]",,,,
13,weights,8,63,0.045852632,1.723409239,1.81534373,0.000111111,50.07142857,"[41.8%, 52.4%, 46.2%, 41.2%, 52.4%, 49.8%, 50.8%, 47.8%, 55.4%, 55.2%, 55.8%, 58.6%, 56.0%, 37.6%]",,,,
13,weights,9,64,0.045852632,1.717820172,1.768187754,0.000111111,49.94285714,"[41.8%, 52.4%, 46.2%, 41.2%, 52.4%, 49.8%, 50.8%, 47.8%, 55.4%, 55.2%, 55.8%, 58.6%, 56.0%, 35.8%]",,,,
13,weights,10,65,0.045852632,1.695695627,1.823561177,0.000111111,49.87142857,"[41.8%, 52.4%, 46.2%, 41.2%, 52.4%, 49.8%, 50.8%, 47.8%, 55.4%, 55.2%, 55.8%, 58.6%, 56.0%, 34.8%]",,,,
13,weights,11,66,0.045852632,1.699541204,1.729368754,0.000111111,50.2,"[41.8%, 52.4%, 46.2%, 41.2%, 52.4%, 49.8%, 50.8%, 47.8%, 55.4%, 55.2%, 55.8%, 58.6%, 56.0%, 39.4%]",,,,
13,weights,12,67,0.045852632,1.681234692,1.709958158,0.000111111,50.5,"[41.8%, 52.4%, 46.2%, 41.2%, 52.4%, 49.8%, 50.8%, 47.8%, 55.4%, 55.2%, 55.8%, 58.6%, 56.0%, 43.6%]",,,,
13,weights,13,68,0.045852632,1.670831979,1.733901136,0.000111111,50.32857143,"[41.8%, 52.4%, 46.2%, 41.2%, 52.4%, 49.8%, 50.8%, 47.8%, 55.4%, 55.2%, 55.8%, 58.6%, 56.0%, 41.2%]",,,,
13,weights,14,69,0.045852632,1.668692299,1.711996377,0.000111111,50.24285714,"[41.8%, 52.4%, 46.2%, 41.2%, 52.4%, 49.8%, 50.8%, 47.8%, 55.4%, 55.2%, 55.8%, 58.6%, 56.0%, 40.0%]",,,,
13,weights,15,70,0.045852632,1.656969725,1.702866368,0.000111111,50.28571429,"[41.8%, 52.4%, 46.2%, 41.2%, 52.4%, 49.8%, 50.8%, 47.8%, 55.4%, 55.2%, 55.8%, 58.6%, 56.0%, 40.6%]",,,,
13,weights,16,71,0.045852632,1.643180467,1.767817549,0.000111111,50.04285714,"[41.8%, 52.4%, 46.2%, 41.2%, 52.4%, 49.8%, 50.8%, 47.8%, 55.4%, 55.2%, 55.8%, 58.6%, 56.0%, 37.2%]",,,,
13,weights,17,72,0.045852632,1.640060491,1.694697306,0.000111111,50.45714286,"[41.8%, 52.4%, 46.2%, 41.2%, 52.4%, 49.8%, 50.8%, 47.8%, 55.4%, 55.2%, 55.8%, 58.6%, 56.0%, 43.0%]",,,,
13,weights,18,73,0.045852632,1.635557043,1.696202144,0.000111111,50.17142857,"[41.8%, 52.4%, 46.2%, 41.2%, 52.4%, 49.8%, 50.8%, 47.8%, 55.4%, 55.2%, 55.8%, 58.6%, 56.0%, 39.0%]",,,,
13,weights,19,74,0.045852632,1.635326536,1.678771608,0.000111111,50.27142857,"[41.8%, 52.4%, 46.2%, 41.2%, 52.4%, 49.8%, 50.8%, 47.8%, 55.4%, 55.2%, 55.8%, 58.6%, 56.0%, 40.4%]",,,,
13,weights,20,75,0.045852632,1.62484531,1.694806091,0.000111111,50.31428571,"[41.8%, 52.4%, 46.2%, 41.2%, 52.4%, 49.8%, 50.8%, 47.8%, 55.4%, 55.2%, 55.8%, 58.6%, 56.0%, 41.0%]",,,,
13,weights,21,76,0.045852632,1.625857733,1.712605245,0.000111111,50.25714286,"[41.8%, 52.4%, 46.2%, 41.2%, 52.4%, 49.8%, 50.8%, 47.8%, 55.4%, 55.2%, 55.8%, 58.6%, 56.0%, 40.2%]",,,,
13,weights,22,77,0.045852632,1.606364087,1.758135438,0.000111111,50.15714286,"[41.8%, 52.4%, 46.2%, 41.2%, 52.4%, 49.8%, 50.8%, 47.8%, 55.4%, 55.2%, 55.8%, 58.6%, 56.0%, 38.8%]",,,,
13,weights,23,78,0.045852632,1.621066842,1.641622871,0.000111111,50.41428571,"[41.8%, 52.4%, 46.2%, 41.2%, 52.4%, 49.8%, 50.8%, 47.8%, 55.4%, 55.2%, 55.8%, 58.6%, 56.0%, 42.4%]",,,,
13,weights,24,79,0.045852632,1.593084076,1.746639825,0.000111111,50.05714286,"[41.8%, 52.4%, 46.2%, 41.2%, 52.4%, 49.8%, 50.8%, 47.8%, 55.4%, 55.2%, 55.8%, 58.6%, 56.0%, 37.4%]",,,,
13,weights,25,80,0.045852632,1.611915353,1.685054995,0.000111111,50.31428571,"[41.8%, 52.4%, 46.2%, 41.2%, 52.4%, 49.8%, 50.8%, 47.8%, 55.4%, 55.2%, 55.8%, 58.6%, 56.0%, 41.0%]",22.57142857,"[10.6%, 32.8%, 27.4%, 6.8%, 18.6%, 7.8%, 16.8%, 35.2%, 25.2%, 16.6%, 49.0%, 39.6%, 29.6%, 0.0%]",35.47142857,"[20.3%, 43.3%, 32.2%, 26%, 33.5%, 15.7%, 36.1%, 38.4%, 25.5%, 48.6%, 52%, 44.9%, 47.5%, 31.6%]"
14,parallel,1,1,0.3,22.87902146,14.0004642,0.000111111,46.8,"[41.6%, 51.6%, 46.2%, 41.2%, 52.4%, 49.4%, 51.0%, 46.6%, 55.4%, 55.4%, 56.2%, 58.2%, 55.8%, 41.0%, 0.0%]",,,,
14,parallel,2,2,0.3,8.799771273,3.76561904,0.000111111,46.82666667,"[41.6%, 52.0%, 46.2%, 40.4%, 52.6%, 49.6%, 51.0%, 47.0%, 55.4%, 55.2%, 56.2%, 59.2%, 55.0%, 41.0%, 0.0%]",,,,
14,parallel,3,3,0.3,2.574626684,2.349305153,0.000111111,47.48,"[41.6%, 52.0%, 46.2%, 40.4%, 52.4%, 49.8%, 50.8%, 46.6%, 55.4%, 55.4%, 56.2%, 59.0%, 55.4%, 41.0%, 10.0%]",,,,
14,parallel,4,4,0.3,2.342437457,2.329805493,0.000111111,47.49333333,"[41.6%, 52.0%, 46.2%, 40.4%, 52.4%, 49.8%, 50.8%, 46.6%, 55.4%, 55.4%, 56.2%, 59.2%, 55.4%, 41.0%, 10.0%]",,,,
14,parallel,5,5,0.293580396,2.3529685,2.352746546,0.000111111,47.49333333,"[41.6%, 52.0%, 46.2%, 40.4%, 52.2%, 49.8%, 50.8%, 46.4%, 55.4%, 55.2%, 56.2%, 59.4%, 55.8%, 41.0%, 10.0%]",,,,
14,parallel,6,6,0.283604103,2.389143226,2.35411483,0.000111111,47.46666667,"[41.6%, 52.2%, 46.2%, 40.4%, 52.0%, 49.8%, 50.8%, 46.4%, 55.2%, 55.2%, 56.2%, 59.2%, 55.8%, 41.0%, 10.0%]",,,,
14,parallel,7,7,0.273831961,2.359987878,2.335501939,0.000111111,47.46666667,"[41.6%, 52.2%, 46.2%, 40.4%, 52.0%, 49.8%, 50.8%, 46.4%, 55.2%, 55.2%, 56.2%, 59.2%, 55.8%, 41.0%, 10.0%]",,,,
14,parallel,8,8,0.264263971,2.331558783,2.324073821,0.000111111,47.46666667,"[41.6%, 52.2%, 46.2%, 40.4%, 52.0%, 49.8%, 50.8%, 46.4%, 55.2%, 55.2%, 56.2%, 59.2%, 55.8%, 41.0%, 10.0%]",,,,
14,parallel,9,9,0.254900132,2.324252953,2.318029165,0.000111111,47.46666667,"[41.6%, 52.2%, 46.2%, 40.4%, 52.0%, 49.8%, 50.8%, 46.4%, 55.2%, 55.2%, 56.2%, 59.2%, 55.8%, 41.0%, 10.0%]",,,,
14,parallel,10,10,0.245740445,2.324924732,2.318655163,0.000111111,47.46666667,"[41.6%, 52.2%, 46.2%, 40.4%, 52.0%, 49.8%, 50.8%, 46.4%, 55.2%, 55.2%, 56.2%, 59.2%, 55.8%, 41.0%, 10.0%]",,,,
14,parallel,11,11,0.23678491,2.307369326,2.240955457,0.000111111,47.81333333,"[41.6%, 52.2%, 46.2%, 40.4%, 52.0%, 49.8%, 50.8%, 46.4%, 55.2%, 55.2%, 56.2%, 59.2%, 55.8%, 41.0%, 15.2%]",,,,
14,parallel,12,12,0.228033526,2.237728095,2.196074203,0.000111111,47.84,"[41.6%, 52.2%, 46.2%, 40.4%, 52.0%, 49.8%, 50.8%, 46.4%, 55.2%, 55.2%, 56.2%, 59.2%, 55.8%, 41.0%, 15.6%]",,,,
14,parallel,13,13,0.219486294,2.201434126,2.206092164,0.000111111,47.78666667,"[41.6%, 52.2%, 46.2%, 40.4%, 52.0%, 49.8%, 50.8%, 46.4%, 55.2%, 55.2%, 56.2%, 59.2%, 55.8%, 41.0%, 14.8%]",,,,
14,parallel,14,14,0.211143213,2.195090019,2.165990546,0.000111111,48.09333333,"[41.6%, 52.2%, 46.2%, 40.4%, 52.0%, 49.8%, 50.8%, 46.4%, 55.2%, 55.2%, 56.2%, 59.2%, 55.8%, 41.0%, 19.4%]",,,,
14,parallel,15,15,0.203004284,2.171760517,2.144192949,0.000111111,48.02666667,"[41.6%, 52.2%, 46.2%, 40.4%, 52.0%, 49.8%, 50.8%, 46.4%, 55.2%, 55.2%, 56.2%, 59.2%, 55.8%, 41.0%, 18.4%]",,,,
14,parallel,16,16,0.195069507,2.140810568,2.087570623,0.000111111,48.28,"[41.6%, 52.2%, 46.2%, 40.4%, 52.0%, 49.8%, 50.8%, 46.4%, 55.2%, 55.2%, 56.2%, 59.2%, 55.8%, 41.0%, 22.2%]",,,,
14,parallel,17,17,0.187338881,2.097434571,2.0290865,0.000111111,48.48,"[41.6%, 52.2%, 46.2%, 40.4%, 52.0%, 49.8%, 50.8%, 46.4%, 55.2%, 55.2%, 56.2%, 59.2%, 55.8%, 41.0%, 25.2%]",,,,
14,parallel,18,18,0.179812406,2.000182351,2.094944119,0.000111111,48.22666667,"[41.6%, 52.2%, 46.2%, 40.4%, 52.0%, 49.8%, 50.8%, 46.4%, 55.2%, 55.2%, 56.2%, 59.2%, 55.8%, 41.0%, 21.4%]",,,,
14,parallel,19,19,0.172490084,1.942675313,1.886796653,0.000111111,48.66666667,"[41.6%, 52.2%, 46.2%, 40.4%, 52.0%, 49.8%, 50.8%, 46.4%, 55.2%, 55.2%, 56.2%, 59.2%, 55.8%, 41.0%, 28.0%]",,,,
14,parallel,20,20,0.165371913,1.92733578,1.861177072,0.000111111,48.56,"[41.6%, 52.2%, 46.2%, 40.4%, 52.0%, 49.8%, 50.8%, 46.4%, 55.2%, 55.2%, 56.2%, 59.2%, 55.8%, 41.0%, 26.4%]",,,,
14,parallel,21,21,0.158457893,1.890661244,1.909096718,0.000111111,48.81333333,"[41.6%, 52.2%, 46.2%, 40.4%, 52.0%, 49.8%, 50.8%, 46.4%, 55.2%, 55.2%, 56.2%, 59.2%, 55.8%, 41.0%, 30.2%]",,,,
14,parallel,22,22,0.151748025,1.861306388,2.124056213,0.000111111,48.50666667,"[41.6%, 52.2%, 46.2%, 40.4%, 52.0%, 49.8%, 50.8%, 46.4%, 55.2%, 55.2%, 56.2%, 59.2%, 55.8%, 41.0%, 25.6%]",,,,
14,parallel,23,23,0.145242308,1.866926887,2.000603527,0.000111111,48.58666667,"[41.6%, 52.2%, 46.2%, 40.4%, 52.0%, 49.8%, 50.8%, 46.4%, 55.2%, 55.2%, 56.2%, 59.2%, 55.8%, 41.0%, 26.8%]",,,,
14,parallel,24,24,0.138940744,1.960829226,1.912655815,0.000111111,48.78666667,"[41.6%, 52.2%, 46.2%, 40.4%, 52.0%, 49.8%, 50.8%, 46.4%, 55.2%, 55.2%, 56.2%, 59.2%, 55.8%, 41.0%, 29.8%]",,,,
14,parallel,25,25,0.13284333,1.820309152,1.85803248,0.000111111,48.93333333,"[41.6%, 52.2%, 46.2%, 40.4%, 52.0%, 49.8%, 50.8%, 46.4%, 55.2%, 55.2%, 56.2%, 59.2%, 55.8%, 41.0%, 32.0%]",,,,
14,parallel,26,26,0.126950069,1.838289603,1.841746986,0.000111111,49.05333333,"[41.6%, 52.2%, 46.2%, 40.4%, 52.0%, 49.8%, 50.8%, 46.4%, 55.2%, 55.2%, 56.2%, 59.2%, 55.8%, 41.0%, 33.8%]",,,,
14,parallel,27,27,0.121260958,1.827562417,2.019124016,0.000111111,48.74666667,"[41.6%, 52.2%, 46.2%, 40.4%, 52.0%, 49.8%, 50.8%, 46.4%, 55.2%, 55.2%, 56.2%, 59.2%, 55.8%, 41.0%, 29.2%]",,,,
14,parallel,28,28,0.115776,1.786967668,1.913907528,0.000111111,48.96,"[41.6%, 52.2%, 46.2%, 40.4%, 52.0%, 49.8%, 50.8%, 46.4%, 55.2%, 55.2%, 56.2%, 59.2%, 55.8%, 41.0%, 32.4%]",,,,
14,parallel,29,29,0.110495193,1.734990588,1.727481216,0.000111111,49.09333333,"[41.6%, 52.2%, 46.2%, 40.4%, 52.0%, 49.8%, 50.8%, 46.4%, 55.2%, 55.2%, 56.2%, 59.2%, 55.8%, 41.0%, 34.4%]",,,,
14,parallel,30,30,0.105418537,1.792560402,1.826549463,0.000111111,49.10666667,"[41.6%, 52.2%, 46.2%, 40.4%, 52.0%, 49.8%, 50.8%, 46.4%, 55.2%, 55.2%, 56.2%, 59.2%, 55.8%, 41.0%, 34.6%]",,,,
14,parallel,31,31,0.100546034,1.733850146,1.74870038,0.000111111,49.25333333,"[41.6%, 52.2%, 46.2%, 40.4%, 52.0%, 49.8%, 50.8%, 46.4%, 55.2%, 55.2%, 56.2%, 59.2%, 55.8%, 41.0%, 36.8%]",,,,
14,parallel,32,32,0.095877681,1.708727812,1.769243136,0.000111111,49.30666667,"[41.6%, 52.2%, 46.2%, 40.4%, 52.0%, 49.8%, 50.8%, 46.4%, 55.2%, 55.2%, 56.2%, 59.2%, 55.8%, 41.0%, 37.6%]",,,,
14,parallel,33,33,0.091413481,1.826944664,1.821979918,0.000111111,49.21333333,"[41.6%, 52.2%, 46.2%, 40.4%, 52.0%, 49.8%, 50.8%, 46.4%, 55.2%, 55.2%, 56.2%, 59.2%, 55.8%, 41.0%, 36.2%]",,,,
14,parallel,34,34,0.087153432,1.749820871,1.710205153,0.000111111,49.36,"[41.6%, 52.2%, 46.2%, 40.4%, 52.0%, 49.8%, 50.8%, 46.4%, 55.2%, 55.2%, 56.2%, 59.2%, 55.8%, 41.0%, 38.4%]",,,,
14,parallel,35,35,0.083097534,1.751093947,1.832969308,0.000111111,49.46666667,"[41.6%, 52.2%, 46.2%, 40.4%, 52.0%, 49.8%, 50.8%, 46.4%, 55.2%, 55.2%, 56.2%, 59.2%, 55.8%, 41.0%, 40.0%]",,,,
14,parallel,36,36,0.079245788,1.758020282,1.736657791,0.000111111,49.42666667,"[41.6%, 52.2%, 46.2%, 40.4%, 52.0%, 49.8%, 50.8%, 46.4%, 55.2%, 55.2%, 56.2%, 59.2%, 55.8%, 41.0%, 39.4%]",,,,
14,parallel,37,37,0.075598194,1.814368622,1.919937015,0.000111111,48.89333333,"[41.6%, 52.2%, 46.2%, 40.4%, 52.0%, 49.8%, 50.8%, 46.4%, 55.2%, 55.2%, 56.2%, 59.2%, 55.8%, 41.0%, 31.4%]",,,,
14,parallel,38,38,0.072154751,1.77775107,1.934213556,0.000111111,49,"[41.6%, 52.2%, 46.2%, 40.4%, 52.0%, 49.8%, 50.8%, 46.4%, 55.2%, 55.2%, 56.2%, 59.2%, 55.8%, 41.0%, 33.0%]",,,,
14,parallel,39,39,0.06891546,1.766643399,1.741840437,0.000111111,49.37333333,"[41.6%, 52.2%, 46.2%, 40.4%, 52.0%, 49.8%, 50.8%, 46.4%, 55.2%, 55.2%, 56.2%, 59.2%, 55.8%, 41.0%, 38.6%]",,,,
14,parallel,40,40,0.06588032,1.803626737,1.743809298,0.000111111,49.65333333,"[41.6%, 52.2%, 46.2%, 40.4%, 52.0%, 49.8%, 50.8%, 46.4%, 55.2%, 55.2%, 56.2%, 59.2%, 55.8%, 41.0%, 42.8%]",,,,
14,parallel,41,41,0.063049332,1.872418345,1.719792351,0.000111111,49.72,"[41.6%, 52.2%, 46.2%, 40.4%, 52.0%, 49.8%, 50.8%, 46.4%, 55.2%, 55.2%, 56.2%, 59.2%, 55.8%, 41.0%, 43.8%]",,,,
14,parallel,42,42,0.060422496,2.119220005,1.863026664,0.000111111,49.16,"[41.6%, 52.2%, 46.2%, 40.4%, 52.0%, 49.8%, 50.8%, 46.4%, 55.2%, 55.2%, 56.2%, 59.2%, 55.8%, 41.0%, 35.4%]",,,,
14,parallel,43,43,0.057999811,1.908543557,1.846967235,0.000111111,49.4,"[41.6%, 52.2%, 46.2%, 40.4%, 52.0%, 49.8%, 50.8%, 46.4%, 55.2%, 55.2%, 56.2%, 59.2%, 55.8%, 41.0%, 39.0%]",,,,
14,parallel,44,44,0.055781278,1.783786007,1.756921083,0.000111111,49.37333333,"[41.6%, 52.2%, 46.2%, 40.4%, 52.0%, 49.8%, 50.8%, 46.4%, 55.2%, 55.2%, 56.2%, 59.2%, 55.8%, 41.0%, 38.6%]",,,,
14,parallel,45,45,0.053766896,1.810679599,1.896511257,0.000111111,49.21333333,"[41.6%, 52.2%, 46.2%, 40.4%, 52.0%, 49.8%, 50.8%, 46.4%, 55.2%, 55.2%, 56.2%, 59.2%, 55.8%, 41.0%, 36.2%]",,,,
14,parallel,46,46,0.051956666,1.779416629,1.804617569,0.000111111,49.26666667,"[41.6%, 52.2%, 46.2%, 40.4%, 52.0%, 49.8%, 50.8%, 46.4%, 55.2%, 55.2%, 56.2%, 59.2%, 55.8%, 41.0%, 37.0%]",,,,
14,parallel,47,47,0.050350587,1.805756071,1.792870566,0.000111111,49.28,"[41.6%, 52.2%, 46.2%, 40.4%, 52.0%, 49.8%, 50.8%, 46.4%, 55.2%, 55.2%, 56.2%, 59.2%, 55.8%, 41.0%, 37.2%]",,,,
14,parallel,48,48,0.04894866,1.72779333,1.862155363,0.000111111,49.13333333,"[41.6%, 52.2%, 46.2%, 40.4%, 52.0%, 49.8%, 50.8%, 46.4%, 55.2%, 55.2%, 56.2%, 59.2%, 55.8%, 41.0%, 35.0%]",,,,
14,parallel,49,49,0.047750885,1.742836072,1.694750756,0.000111111,49.58666667,"[41.6%, 52.2%, 46.2%, 40.4%, 52.0%, 49.8%, 50.8%, 46.4%, 55.2%, 55.2%, 56.2%, 59.2%, 55.8%, 41.0%, 41.8%]",,,,
14,parallel,50,50,0.046757261,2.053707684,2.216316462,0.000111111,48.28,"[41.6%, 52.2%, 46.2%, 40.4%, 52.0%, 49.8%, 50.8%, 46.4%, 55.2%, 55.2%, 56.2%, 59.2%, 55.8%, 41.0%, 22.2%]",,,,
14,parallel,51,51,0.045967789,2.091213164,1.954925895,0.000111111,48.74666667,"[41.6%, 52.2%, 46.2%, 40.4%, 52.0%, 49.8%, 50.8%, 46.4%, 55.2%, 55.2%, 56.2%, 59.2%, 55.8%, 41.0%, 29.2%]",,,,
14,parallel,52,52,0.045382468,1.944227353,1.894539103,0.000111111,49.13333333,"[41.6%, 52.2%, 46.2%, 40.4%, 52.0%, 49.8%, 50.8%, 46.4%, 55.2%, 55.2%, 56.2%, 59.2%, 55.8%, 41.0%, 35.0%]",,,,
14,parallel,53,53,0.045001299,1.866861429,1.906952158,0.000111111,49.10666667,"[41.6%, 52.2%, 46.2%, 40.4%, 52.0%, 49.8%, 50.8%, 46.4%, 55.2%, 55.2%, 56.2%, 59.2%, 55.8%, 41.0%, 34.6%]",,,,
14,parallel,54,54,0.044824281,1.873243026,1.829422593,0.000111111,49.32,"[41.6%, 52.2%, 46.2%, 40.4%, 52.0%, 49.8%, 50.8%, 46.4%, 55.2%, 55.2%, 56.2%, 59.2%, 55.8%, 41.0%, 37.8%]",,,,
14,parallel,55,55,0.044810526,1.815438912,1.826743707,0.000111111,49.14666667,"[41.6%, 52.2%, 46.2%, 40.4%, 52.0%, 49.8%, 50.8%, 46.4%, 55.2%, 55.2%, 56.2%, 59.2%, 55.8%, 41.0%, 35.2%]",,,,
14,weights,1,56,0.044810526,1.771907262,1.800021499,0.000111111,49.17333333,"[41.6%, 52.2%, 46.2%, 40.4%, 52.0%, 49.8%, 50.8%, 46.4%, 55.2%, 55.2%, 56.2%, 59.2%, 55.8%, 41.0%, 35.6%]",,,,
14,weights,2,57,0.044810526,1.764800998,1.751342744,0.000111111,49.25333333,"[41.6%, 52.2%, 46.2%, 40.4%, 52.0%, 49.8%, 50.8%, 46.4%, 55.2%, 55.2%, 56.2%, 59.2%, 55.8%, 41.0%, 36.8%]",,,,
14,weights,3,58,0.044810526,1.735261584,1.792345792,0.000111111,49.34666667,"[41.6%, 52.2%, 46.2%, 40.4%, 52.0%, 49.8%, 50.8%, 46.4%, 55.2%, 55.2%, 56.2%, 59.2%, 55.8%, 41.0%, 38.2%]",,,,
14,weights,4,59,0.044810526,1.708043243,1.808604509,0.000111111,49.33333333,"[41.6%, 52.2%, 46.2%, 40.4%, 52.0%, 49.8%, 50.8%, 46.4%, 55.2%, 55.2%, 56.2%, 59.2%, 55.8%, 41.0%, 38.0%]",,,,
14,weights,5,60,0.044810526,1.677689643,1.754696816,0.000111111,49.46666667,"[41.6%, 52.2%, 46.2%, 40.4%, 52.0%, 49.8%, 50.8%, 46.4%, 55.2%, 55.2%, 56.2%, 59.2%, 55.8%, 41.0%, 40.0%]",,,,
14,weights,6,61,0.044810526,1.663431545,1.691517115,0.000111111,49.52,"[41.6%, 52.2%, 46.2%, 40.4%, 52.0%, 49.8%, 50.8%, 46.4%, 55.2%, 55.2%, 56.2%, 59.2%, 55.8%, 41.0%, 40.8%]",,,,
14,weights,7,62,0.044810526,1.647435857,1.641847685,0.000111111,49.54666667,"[41.6%, 52.2%, 46.2%, 40.4%, 52.0%, 49.8%, 50.8%, 46.4%, 55.2%, 55.2%, 56.2%, 59.2%, 55.8%, 41.0%, 41.2%]",,,,
14,weights,8,63,0.044810526,1.653045257,1.674389072,0.000111111,49.58666667,"[41.6%, 52.2%, 46.2%, 40.4%, 52.0%, 49.8%, 50.8%, 46.4%, 55.2%, 55.2%, 56.2%, 59.2%, 55.8%, 41.0%, 41.8%]",,,,
14,weights,9,64,0.044810526,1.641054089,1.631531984,0.000111111,49.77333333,"[41.6%, 52.2%, 46.2%, 40.4%, 52.0%, 49.8%, 50.8%, 46.4%, 55.2%, 55.2%, 56.2%, 59.2%, 55.8%, 41.0%, 44.6%]",,,,
14,weights,10,65,0.044810526,1.613789145,1.760747179,0.000111111,49.41333333,"[41.6%, 52.2%, 46.2%, 40.4%, 52.0%, 49.8%, 50.8%, 46.4%, 55.2%, 55.2%, 56.2%, 59.2%, 55.8%, 41.0%, 39.2%]",,,,
14,weights,11,66,0.044810526,1.614880406,1.682039768,0.000111111,49.54666667,"[41.6%, 52.2%, 46.2%, 40.4%, 52.0%, 49.8%, 50.8%, 46.4%, 55.2%, 55.2%, 56.2%, 59.2%, 55.8%, 41.0%, 41.2%]",,,,
14,weights,12,67,0.044810526,1.590201677,1.655991122,0.000111111,49.58666667,"[41.6%, 52.2%, 46.2%, 40.4%, 52.0%, 49.8%, 50.8%, 46.4%, 55.2%, 55.2%, 56.2%, 59.2%, 55.8%, 41.0%, 41.8%]",,,,
14,weights,13,68,0.044810526,1.595505642,1.648877256,0.000111111,49.64,"[41.6%, 52.2%, 46.2%, 40.4%, 52.0%, 49.8%, 50.8%, 46.4%, 55.2%, 55.2%, 56.2%, 59.2%, 55.8%, 41.0%, 42.6%]",,,,
14,weights,14,69,0.044810526,1.573250004,1.572294518,0.000111111,49.77333333,"[41.6%, 52.2%, 46.2%, 40.4%, 52.0%, 49.8%, 50.8%, 46.4%, 55.2%, 55.2%, 56.2%, 59.2%, 55.8%, 41.0%, 44.6%]",,,,
14,weights,15,70,0.044810526,1.554802938,1.595529929,0.000111111,49.78666667,"[41.6%, 52.2%, 46.2%, 40.4%, 52.0%, 49.8%, 50.8%, 46.4%, 55.2%, 55.2%, 56.2%, 59.2%, 55.8%, 41.0%, 44.8%]",,,,
14,weights,16,71,0.044810526,1.553382914,1.608074799,0.000111111,49.82666667,"[41.6%, 52.2%, 46.2%, 40.4%, 52.0%, 49.8%, 50.8%, 46.4%, 55.2%, 55.2%, 56.2%, 59.2%, 55.8%, 41.0%, 45.4%]",,,,
14,weights,17,72,0.044810526,1.556503098,1.56399034,0.000111111,49.90666667,"[41.6%, 52.2%, 46.2%, 40.4%, 52.0%, 49.8%, 50.8%, 46.4%, 55.2%, 55.2%, 56.2%, 59.2%, 55.8%, 41.0%, 46.6%]",,,,
14,weights,18,73,0.044810526,1.5650333,1.549233966,0.000111111,49.86666667,"[41.6%, 52.2%, 46.2%, 40.4%, 52.0%, 49.8%, 50.8%, 46.4%, 55.2%, 55.2%, 56.2%, 59.2%, 55.8%, 41.0%, 46.0%]",,,,
14,weights,19,74,0.044810526,1.533936409,1.688788161,0.000111111,49.64,"[41.6%, 52.2%, 46.2%, 40.4%, 52.0%, 49.8%, 50.8%, 46.4%, 55.2%, 55.2%, 56.2%, 59.2%, 55.8%, 41.0%, 42.6%]",,,,
14,weights,20,75,0.044810526,1.532133116,1.585286215,0.000111111,49.70666667,"[41.6%, 52.2%, 46.2%, 40.4%, 52.0%, 49.8%, 50.8%, 46.4%, 55.2%, 55.2%, 56.2%, 59.2%, 55.8%, 41.0%, 43.6%]",,,,
14,weights,21,76,0.044810526,1.526457249,1.504319288,0.000111111,50,"[41.6%, 52.2%, 46.2%, 40.4%, 52.0%, 49.8%, 50.8%, 46.4%, 55.2%, 55.2%, 56.2%, 59.2%, 55.8%, 41.0%, 48.0%]",,,,
14,weights,22,77,0.044810526,1.525754936,1.807768159,0.000111111,49.42666667,"[41.6%, 52.2%, 46.2%, 40.4%, 52.0%, 49.8%, 50.8%, 46.4%, 55.2%, 55.2%, 56.2%, 59.2%, 55.8%, 41.0%, 39.4%]",,,,
14,weights,23,78,0.044810526,1.513351339,1.552287713,0.000111111,49.92,"[41.6%, 52.2%, 46.2%, 40.4%, 52.0%, 49.8%, 50.8%, 46.4%, 55.2%, 55.2%, 56.2%, 59.2%, 55.8%, 41.0%, 46.8%]",,,,
14,weights,24,79,0.044810526,1.512248181,1.502318896,0.000111111,49.97333333,"[41.6%, 52.2%, 46.2%, 40.4%, 52.0%, 49.8%, 50.8%, 46.4%, 55.2%, 55.2%, 56.2%, 59.2%, 55.8%, 41.0%, 47.6%]",,,,
14,weights,25,80,0.044810526,1.502218678,1.642255813,0.000111111,49.73333333,"[41.6%, 52.2%, 46.2%, 40.4%, 52.0%, 49.8%, 50.8%, 46.4%, 55.2%, 55.2%, 56.2%, 59.2%, 55.8%, 41.0%, 44.0%]",20.93333333,"[10.6%, 33.2%, 27.6%, 6.6%, 18.6%, 15.8%, 7.6%, 34.4%, 25.2%, 16.6%, 49.0%, 39.2%, 29.6%, 0.0%, 0.0%]",34.11333333,"[30.8%, 43.3%, 32.4%, 21.6%, 33.6%, 21.7%, 23%, 38%, 34.6%, 32.2%, 51.8%, 44.7%, 47.9%, 23.5%, 33.9%]"
15,parallel,1,1,0.25,23.87545484,15.78361189,0.000111111,46.6625,"[41.8%, 52.6%, 46.2%, 40.4%, 52.4%, 49.8%, 50.6%, 46.4%, 55.4%, 55.2%, 55.6%, 58.4%, 55.8%, 41.4%, 44.6%, 0.0%]",,,,
15,parallel,2,2,0.25,10.36021471,4.739039123,0.000111111,46.6125,"[41.8%, 52.2%, 46.2%, 40.4%, 52.6%, 49.6%, 50.2%, 46.4%, 55.4%, 55.2%, 55.6%, 59.0%, 56.2%, 40.4%, 44.6%, 0.0%]",,,,
15,parallel,3,3,0.25,2.834520102,2.371917307,0.000111111,47.2375,"[41.4%, 52.2%, 46.2%, 40.4%, 52.8%, 49.4%, 50.2%, 46.4%, 55.6%, 55.2%, 55.6%, 59.4%, 56.0%, 40.4%, 44.6%, 10.0%]",,,,
15,parallel,4,4,0.25,2.352157886,2.344494283,0.000111111,47.2375,"[41.6%, 52.2%, 46.2%, 40.4%, 52.6%, 49.4%, 50.2%, 46.4%, 55.8%, 55.2%, 55.6%, 59.4%, 56.0%, 40.2%, 44.6%, 10.0%]",,,,
15,parallel,5,5,0.244811992,2.36993378,2.348925859,0.000111111,47.2375,"[41.6%, 52.2%, 46.2%, 40.4%, 52.6%, 49.4%, 50.2%, 46.4%, 55.8%, 55.2%, 55.6%, 59.4%, 56.0%, 40.2%, 44.6%, 10.0%]",,,,
15,parallel,6,6,0.236749643,2.381295627,2.349155128,0.000111111,47.25,"[41.6%, 52.4%, 46.2%, 40.4%, 52.6%, 49.4%, 50.2%, 46.4%, 55.8%, 55.2%, 55.6%, 59.4%, 56.0%, 40.2%, 44.6%, 10.0%]",,,,
15,parallel,7,7,0.228852278,2.361942536,2.339263618,0.000111111,47.25,"[41.6%, 52.4%, 46.2%, 40.4%, 52.6%, 49.4%, 50.2%, 46.4%, 55.8%, 55.2%, 55.6%, 59.4%, 56.0%, 40.2%, 44.6%, 10.0%]",,,,
15,parallel,8,8,0.221119899,2.35719255,2.33964467,0.000111111,47.25,"[41.6%, 52.4%, 46.2%, 40.4%, 52.6%, 49.4%, 50.2%, 46.4%, 55.8%, 55.2%, 55.6%, 59.4%, 56.0%, 40.2%, 44.6%, 10.0%]",,,,
15,parallel,9,9,0.213552506,2.384631788,2.343293637,0.000111111,47.25,"[41.6%, 52.4%, 46.2%, 40.4%, 52.6%, 49.4%, 50.2%, 46.4%, 55.8%, 55.2%, 55.6%, 59.4%, 56.0%, 40.2%, 44.6%, 10.0%]",,,,
15,parallel,10,10,0.206150097,2.361036563,2.344450444,0.000111111,47.25,"[41.6%, 52.4%, 46.2%, 40.4%, 52.6%, 49.4%, 50.2%, 46.4%, 55.8%, 55.2%, 55.6%, 59.4%, 56.0%, 40.2%, 44.6%, 10.0%]",,,,
15,parallel,11,11,0.198912674,2.348139319,2.336005181,0.000111111,47.25,"[41.6%, 52.4%, 46.2%, 40.4%, 52.6%, 49.4%, 50.2%, 46.4%, 55.8%, 55.2%, 55.6%, 59.4%, 56.0%, 40.2%, 44.6%, 10.0%]",,,,
15,parallel,12,12,0.191840236,2.341472203,2.334448189,0.000111111,47.25,"[41.6%, 52.4%, 46.2%, 40.4%, 52.6%, 49.4%, 50.2%, 46.4%, 55.8%, 55.2%, 55.6%, 59.4%, 56.0%, 40.2%, 44.6%, 10.0%]",,,,
15,parallel,13,13,0.184932784,2.340370414,2.335723311,0.000111111,47.25,"[41.6%, 52.4%, 46.2%, 40.4%, 52.6%, 49.4%, 50.2%, 46.4%, 55.8%, 55.2%, 55.6%, 59.4%, 56.0%, 40.2%, 44.6%, 10.0%]",,,,
15,parallel,14,14,0.178190316,2.365423661,2.341249436,0.000111111,47.25,"[41.6%, 52.4%, 46.2%, 40.4%, 52.6%, 49.4%, 50.2%, 46.4%, 55.8%, 55.2%, 55.6%, 59.4%, 56.0%, 40.2%, 44.6%, 10.0%]",,,,
15,parallel,15,15,0.171612834,2.346542965,2.335231543,0.000111111,47.25,"[41.6%, 52.4%, 46.2%, 40.4%, 52.6%, 49.4%, 50.2%, 46.4%, 55.8%, 55.2%, 55.6%, 59.4%, 56.0%, 40.2%, 44.6%, 10.0%]",,,,
15,parallel,16,16,0.165200337,2.349613229,2.330447912,0.000111111,47.25,"[41.6%, 52.4%, 46.2%, 40.4%, 52.6%, 49.4%, 50.2%, 46.4%, 55.8%, 55.2%, 55.6%, 59.4%, 56.0%, 40.2%, 44.6%, 10.0%]",,,,
15,parallel,17,17,0.158952826,2.345647103,2.33157289,0.000111111,47.25,"[41.6%, 52.4%, 46.2%, 40.4%, 52.6%, 49.4%, 50.2%, 46.4%, 55.8%, 55.2%, 55.6%, 59.4%, 56.0%, 40.2%, 44.6%, 10.0%]",,,,
15,parallel,18,18,0.152870299,2.333033106,2.313022852,0.000111111,47.2125,"[41.6%, 52.4%, 46.2%, 40.4%, 52.6%, 49.4%, 50.2%, 46.4%, 55.8%, 55.2%, 55.6%, 59.4%, 56.0%, 40.2%, 44.6%, 9.4%]",,,,
15,parallel,19,19,0.146952758,2.302734622,2.267983973,0.000111111,47.475,"[41.6%, 52.4%, 46.2%, 40.4%, 52.6%, 49.4%, 50.2%, 46.4%, 55.8%, 55.2%, 55.6%, 59.4%, 56.0%, 40.2%, 44.6%, 13.6%]",,,,
15,parallel,20,20,0.141200203,2.2224878,2.174236387,0.000111111,47.775,"[41.6%, 52.4%, 46.2%, 40.4%, 52.6%, 49.4%, 50.2%, 46.4%, 55.8%, 55.2%, 55.6%, 59.4%, 56.0%, 40.2%, 44.6%, 18.4%]",,,,
15,parallel,21,21,0.135612632,2.156902079,2.167826086,0.000111111,47.6875,"[41.6%, 52.4%, 46.2%, 40.4%, 52.6%, 49.4%, 50.2%, 46.4%, 55.8%, 55.2%, 55.6%, 59.4%, 56.0%, 40.2%, 44.6%, 17.0%]",,,,
15,parallel,22,22,0.130190047,2.108992223,2.042011023,0.000111111,47.75,"[41.6%, 52.4%, 46.2%, 40.4%, 52.6%, 49.4%, 50.2%, 46.4%, 55.8%, 55.2%, 55.6%, 59.4%, 56.0%, 40.2%, 44.6%, 18.0%]",,,,
15,parallel,23,23,0.124932447,2.086882637,2.108848646,0.000111111,47.575,"[41.6%, 52.4%, 46.2%, 40.4%, 52.6%, 49.4%, 50.2%, 46.4%, 55.8%, 55.2%, 55.6%, 59.4%, 56.0%, 40.2%, 44.6%, 15.2%]",,,,
15,parallel,24,24,0.119839832,2.100605723,2.087172464,0.000111111,47.5875,"[41.6%, 52.4%, 46.2%, 40.4%, 52.6%, 49.4%, 50.2%, 46.4%, 55.8%, 55.2%, 55.6%, 59.4%, 56.0%, 40.2%, 44.6%, 15.4%]",,,,
15,parallel,25,25,0.114912203,2.063248538,2.038403019,0.000111111,47.975,"[41.6%, 52.4%, 46.2%, 40.4%, 52.6%, 49.4%, 50.2%, 46.4%, 55.8%, 55.2%, 55.6%, 59.4%, 56.0%, 40.2%, 44.6%, 21.6%]",,,,
15,parallel,26,26,0.110149558,2.049279317,1.946809843,0.000111111,48.1875,"[41.6%, 52.4%, 46.2%, 40.4%, 52.6%, 49.4%, 50.2%, 46.4%, 55.8%, 55.2%, 55.6%, 59.4%, 56.0%, 40.2%, 44.6%, 25.0%]",,,,
15,parallel,27,27,0.105551899,1.993460462,1.951134235,0.000111111,48.2125,"[41.6%, 52.4%, 46.2%, 40.4%, 52.6%, 49.4%, 50.2%, 46.4%, 55.8%, 55.2%, 55.6%, 59.4%, 56.0%, 40.2%, 44.6%, 25.4%]",,,,
15,parallel,28,28,0.101119226,1.991652006,2.030343488,0.000111111,48.0625,"[41.6%, 52.4%, 46.2%, 40.4%, 52.6%, 49.4%, 50.2%, 46.4%, 55.8%, 55.2%, 55.6%, 59.4%, 56.0%, 40.2%, 44.6%, 23.0%]",,,,
15,parallel,29,29,0.096851537,1.968770321,1.993466809,0.000111111,48.2375,"[41.6%, 52.4%, 46.2%, 40.4%, 52.6%, 49.4%, 50.2%, 46.4%, 55.8%, 55.2%, 55.6%, 59.4%, 56.0%, 40.2%, 44.6%, 25.8%]",,,,
15,parallel,30,30,0.092748834,2.017889752,2.007959992,0.000111111,48.0875,"[41.6%, 52.4%, 46.2%, 40.4%, 52.6%, 49.4%, 50.2%, 46.4%, 55.8%, 55.2%, 55.6%, 59.4%, 56.0%, 40.2%, 44.6%, 23.4%]",,,,
15,parallel,31,31,0.088811116,1.972183781,1.933408186,0.000111111,48.375,"[41.6%, 52.4%, 46.2%, 40.4%, 52.6%, 49.4%, 50.2%, 46.4%, 55.8%, 55.2%, 55.6%, 59.4%, 56.0%, 40.2%, 44.6%, 28.0%]",,,,
15,parallel,32,32,0.085038384,1.976900154,1.943623573,0.000111111,48.4,"[41.6%, 52.4%, 46.2%, 40.4%, 52.6%, 49.4%, 50.2%, 46.4%, 55.8%, 55.2%, 55.6%, 59.4%, 56.0%, 40.2%, 44.6%, 28.4%]",,,,
15,parallel,33,33,0.081430636,1.908300365,1.954281792,0.000111111,48.3125,"[41.6%, 52.4%, 46.2%, 40.4%, 52.6%, 49.4%, 50.2%, 46.4%, 55.8%, 55.2%, 55.6%, 59.4%, 56.0%, 40.2%, 44.6%, 27.0%]",,,,
15,parallel,34,34,0.077987874,1.970315645,1.971572846,0.000111111,48.3,"[41.6%, 52.4%, 46.2%, 40.4%, 52.6%, 49.4%, 50.2%, 46.4%, 55.8%, 55.2%, 55.6%, 59.4%, 56.0%, 40.2%, 44.6%, 26.8%]",,,,
15,parallel,35,35,0.074710097,1.968708681,1.878238082,0.000111111,48.675,"[41.6%, 52.4%, 46.2%, 40.4%, 52.6%, 49.4%, 50.2%, 46.4%, 55.8%, 55.2%, 55.6%, 59.4%, 56.0%, 40.2%, 44.6%, 32.8%]",,,,
15,parallel,36,36,0.071597306,1.891237452,1.920959011,0.000111111,48.575,"[41.6%, 52.4%, 46.2%, 40.4%, 52.6%, 49.4%, 50.2%, 46.4%, 55.8%, 55.2%, 55.6%, 59.4%, 56.0%, 40.2%, 44.6%, 31.2%]",,,,
15,parallel,37,37,0.068649499,1.964827492,1.859435812,0.000111111,48.425,"[41.6%, 52.4%, 46.2%, 40.4%, 52.6%, 49.4%, 50.2%, 46.4%, 55.8%, 55.2%, 55.6%, 59.4%, 56.0%, 40.2%, 44.6%, 28.8%]",,,,
15,parallel,38,38,0.065866678,1.945993393,1.89833723,0.000111111,48.6125,"[41.6%, 52.4%, 46.2%, 40.4%, 52.6%, 49.4%, 50.2%, 46.4%, 55.8%, 55.2%, 55.6%, 59.4%, 56.0%, 40.2%, 44.6%, 31.8%]",,,,
15,parallel,39,39,0.063248843,1.881433934,1.819125712,0.000111111,48.75,"[41.6%, 52.4%, 46.2%, 40.4%, 52.6%, 49.4%, 50.2%, 46.4%, 55.8%, 55.2%, 55.6%, 59.4%, 56.0%, 40.2%, 44.6%, 34.0%]",,,,
15,parallel,40,40,0.060795992,2.011389876,1.858303085,0.000111111,48.675,"[41.6%, 52.4%, 46.2%, 40.4%, 52.6%, 49.4%, 50.2%, 46.4%, 55.8%, 55.2%, 55.6%, 59.4%, 56.0%, 40.2%, 44.6%, 32.8%]",,,,
15,parallel,41,41,0.058508127,1.910700344,1.874581426,0.000111111,48.6375,"[41.6%, 52.4%, 46.2%, 40.4%, 52.6%, 49.4%, 50.2%, 46.4%, 55.8%, 55.2%, 55.6%, 59.4%, 56.0%, 40.2%, 44.6%, 32.2%]",,,,
15,parallel,42,42,0.056385247,1.878995334,1.833661675,0.000111111,48.7375,"[41.6%, 52.4%, 46.2%, 40.4%, 52.6%, 49.4%, 50.2%, 46.4%, 55.8%, 55.2%, 55.6%, 59.4%, 56.0%, 40.2%, 44.6%, 33.8%]",,,,
15,parallel,43,43,0.054427352,1.927217473,1.883913204,0.000111111,48.675,"[41.6%, 52.4%, 46.2%, 40.4%, 52.6%, 49.4%, 50.2%, 46.4%, 55.8%, 55.2%, 55.6%, 59.4%, 56.0%, 40.2%, 44.6%, 32.8%]",,,,
15,parallel,44,44,0.052634443,1.911147078,1.856696427,0.000111111,48.6375,"[41.6%, 52.4%, 46.2%, 40.4%, 52.6%, 49.4%, 50.2%, 46.4%, 55.8%, 55.2%, 55.6%, 59.4%, 56.0%, 40.2%, 44.6%, 32.2%]",,,,
15,parallel,45,45,0.051006518,1.888218382,1.835608646,0.000111111,48.6375,"[41.6%, 52.4%, 46.2%, 40.4%, 52.6%, 49.4%, 50.2%, 46.4%, 55.8%, 55.2%, 55.6%, 59.4%, 56.0%, 40.2%, 44.6%, 32.2%]",,,,
15,parallel,46,46,0.049543579,1.887794946,1.837420896,0.000111111,48.6125,"[41.6%, 52.4%, 46.2%, 40.4%, 52.6%, 49.4%, 50.2%, 46.4%, 55.8%, 55.2%, 55.6%, 59.4%, 56.0%, 40.2%, 44.6%, 31.8%]",,,,
15,parallel,47,47,0.048245626,1.861956009,1.846458957,0.000111111,48.6875,"[41.6%, 52.4%, 46.2%, 40.4%, 52.6%, 49.4%, 50.2%, 46.4%, 55.8%, 55.2%, 55.6%, 59.4%, 56.0%, 40.2%, 44.6%, 33.0%]",,,,
15,parallel,48,48,0.047112657,1.858522213,1.811119542,0.000111111,48.5625,"[41.6%, 52.4%, 46.2%, 40.4%, 52.6%, 49.4%, 50.2%, 46.4%, 55.8%, 55.2%, 55.6%, 59.4%, 56.0%, 40.2%, 44.6%, 31.0%]",,,,
15,parallel,49,49,0.046144674,2.2157756,2.042892396,0.000111111,48.2875,"[41.6%, 52.4%, 46.2%, 40.4%, 52.6%, 49.4%, 50.2%, 46.4%, 55.8%, 55.2%, 55.6%, 59.4%, 56.0%, 40.2%, 44.6%, 26.6%]",,,,
15,parallel,50,50,0.045341676,2.066970099,1.967973709,0.000111111,48.5375,"[41.6%, 52.4%, 46.2%, 40.4%, 52.6%, 49.4%, 50.2%, 46.4%, 55.8%, 55.2%, 55.6%, 59.4%, 56.0%, 40.2%, 44.6%, 30.6%]",,,,
15,parallel,51,51,0.044703664,1.970315156,1.926057875,0.000111111,48.7375,"[41.6%, 52.4%, 46.2%, 40.4%, 52.6%, 49.4%, 50.2%, 46.4%, 55.8%, 55.2%, 55.6%, 59.4%, 56.0%, 40.2%, 44.6%, 33.8%]",,,,
15,parallel,52,52,0.044230636,1.936173272,1.924827665,0.000111111,48.5875,"[41.6%, 52.4%, 46.2%, 40.4%, 52.6%, 49.4%, 50.2%, 46.4%, 55.8%, 55.2%, 55.6%, 59.4%, 56.0%, 40.2%, 44.6%, 31.4%]",,,,
15,parallel,53,53,0.043922594,1.910893359,1.857721433,0.000111111,48.6875,"[41.6%, 52.4%, 46.2%, 40.4%, 52.6%, 49.4%, 50.2%, 46.4%, 55.8%, 55.2%, 55.6%, 59.4%, 56.0%, 40.2%, 44.6%, 33.0%]",,,,
15,parallel,54,54,0.043779537,1.887058149,1.838514298,0.000111111,48.775,"[41.6%, 52.4%, 46.2%, 40.4%, 52.6%, 49.4%, 50.2%, 46.4%, 55.8%, 55.2%, 55.6%, 59.4%, 56.0%, 40.2%, 44.6%, 34.4%]",,,,
15,parallel,55,55,0.043768421,1.899400494,1.866213396,0.000111111,48.6875,"[41.6%, 52.4%, 46.2%, 40.4%, 52.6%, 49.4%, 50.2%, 46.4%, 55.8%, 55.2%, 55.6%, 59.4%, 56.0%, 40.2%, 44.6%, 33.0%]",,,,
15,weights,1,56,0.043768421,1.878163964,1.843800396,0.000111111,48.7625,"[41.6%, 52.4%, 46.2%, 40.4%, 52.6%, 49.4%, 50.2%, 46.4%, 55.8%, 55.2%, 55.6%, 59.4%, 56.0%, 40.2%, 44.6%, 34.2%]",,,,
15,weights,2,57,0.043768421,1.856537949,1.853081688,0.000111111,48.7125,"[41.6%, 52.4%, 46.2%, 40.4%, 52.6%, 49.4%, 50.2%, 46.4%, 55.8%, 55.2%, 55.6%, 59.4%, 56.0%, 40.2%, 44.6%, 33.4%]",,,,
15,weights,3,58,0.043768421,1.840182861,1.848787934,0.000111111,48.7125,"[41.6%, 52.4%, 46.2%, 40.4%, 52.6%, 49.4%, 50.2%, 46.4%, 55.8%, 55.2%, 55.6%, 59.4%, 56.0%, 40.2%, 44.6%, 33.4%]",,,,
15,weights,4,59,0.043768421,1.845408105,1.827669442,0.000111111,48.7625,"[41.6%, 52.4%, 46.2%, 40.4%, 52.6%, 49.4%, 50.2%, 46.4%, 55.8%, 55.2%, 55.6%, 59.4%, 56.0%, 40.2%, 44.6%, 34.2%]",,,,
15,weights,5,60,0.043768421,1.816690787,1.927337542,0.000111111,48.5375,"[41.6%, 52.4%, 46.2%, 40.4%, 52.6%, 49.4%, 50.2%, 46.4%, 55.8%, 55.2%, 55.6%, 59.4%, 56.0%, 40.2%, 44.6%, 30.6%]",,,,
15,weights,6,61,0.043768421,1.828554212,1.836191982,0.000111111,48.6875,"[41.6%, 52.4%, 46.2%, 40.4%, 52.6%, 49.4%, 50.2%, 46.4%, 55.8%, 55.2%, 55.6%, 59.4%, 56.0%, 40.2%, 44.6%, 33.0%]",,,,
15,weights,7,62,0.043768421,1.804321817,1.830882683,0.000111111,48.65,"[41.6%, 52.4%, 46.2%, 40.4%, 52.6%, 49.4%, 50.2%, 46.4%, 55.8%, 55.2%, 55.6%, 59.4%, 56.0%, 40.2%, 44.6%, 32.4%]",,,,
15,weights,8,63,0.043768421,1.792175811,1.812201276,0.000111111,48.725,"[41.6%, 52.4%, 46.2%, 40.4%, 52.6%, 49.4%, 50.2%, 46.4%, 55.8%, 55.2%, 55.6%, 59.4%, 56.0%, 40.2%, 44.6%, 33.6%]",,,,
15,weights,9,64,0.043768421,1.789143841,1.794181198,0.000111111,48.7375,"[41.6%, 52.4%, 46.2%, 40.4%, 52.6%, 49.4%, 50.2%, 46.4%, 55.8%, 55.2%, 55.6%, 59.4%, 56.0%, 40.2%, 44.6%, 33.8%]",,,,
15,weights,10,65,0.043768421,1.784370217,1.853508309,0.000111111,48.5625,"[41.6%, 52.4%, 46.2%, 40.4%, 52.6%, 49.4%, 50.2%, 46.4%, 55.8%, 55.2%, 55.6%, 59.4%, 56.0%, 40.2%, 44.6%, 31.0%]",,,,
15,weights,11,66,0.043768421,1.784902624,1.958789855,0.000111111,48.475,"[41.6%, 52.4%, 46.2%, 40.4%, 52.6%, 49.4%, 50.2%, 46.4%, 55.8%, 55.2%, 55.6%, 59.4%, 56.0%, 40.2%, 44.6%, 29.6%]",,,,
15,weights,12,67,0.043768421,1.778337414,1.816305771,0.000111111,48.8375,"[41.6%, 52.4%, 46.2%, 40.4%, 52.6%, 49.4%, 50.2%, 46.4%, 55.8%, 55.2%, 55.6%, 59.4%, 56.0%, 40.2%, 44.6%, 35.4%]",,,,
15,weights,13,68,0.043768421,1.756126449,1.776380047,0.000111111,48.775,"[41.6%, 52.4%, 46.2%, 40.4%, 52.6%, 49.4%, 50.2%, 46.4%, 55.8%, 55.2%, 55.6%, 59.4%, 56.0%, 40.2%, 44.6%, 34.4%]",,,,
15,weights,14,69,0.043768421,1.768200829,1.791304633,0.000111111,48.7375,"[41.6%, 52.4%, 46.2%, 40.4%, 52.6%, 49.4%, 50.2%, 46.4%, 55.8%, 55.2%, 55.6%, 59.4%, 56.0%, 40.2%, 44.6%, 33.8%]",,,,
15,weights,15,70,0.043768421,1.747860663,1.825617567,0.000111111,48.575,"[41.6%, 52.4%, 46.2%, 40.4%, 52.6%, 49.4%, 50.2%, 46.4%, 55.8%, 55.2%, 55.6%, 59.4%, 56.0%, 40.2%, 44.6%, 31.2%]",,,,
15,weights,16,71,0.043768421,1.74602024,1.725619361,0.000111111,49.0125,"[41.6%, 52.4%, 46.2%, 40.4%, 52.6%, 49.4%, 50.2%, 46.4%, 55.8%, 55.2%, 55.6%, 59.4%, 56.0%, 40.2%, 44.6%, 38.2%]",,,,
15,weights,17,72,0.043768421,1.754190422,1.747655004,0.000111111,48.9625,"[41.6%, 52.4%, 46.2%, 40.4%, 52.6%, 49.4%, 50.2%, 46.4%, 55.8%, 55.2%, 55.6%, 59.4%, 56.0%, 40.2%, 44.6%, 37.4%]",,,,
15,weights,18,73,0.043768421,1.738854282,1.771732688,0.000111111,48.875,"[41.6%, 52.4%, 46.2%, 40.4%, 52.6%, 49.4%, 50.2%, 46.4%, 55.8%, 55.2%, 55.6%, 59.4%, 56.0%, 40.2%, 44.6%, 36.0%]",,,,
15,weights,19,74,0.043768421,1.726105848,1.713494629,0.000111111,48.9625,"[41.6%, 52.4%, 46.2%, 40.4%, 52.6%, 49.4%, 50.2%, 46.4%, 55.8%, 55.2%, 55.6%, 59.4%, 56.0%, 40.2%, 44.6%, 37.4%]",,,,
15,weights,20,75,0.043768421,1.718274393,1.754529729,0.000111111,48.9875,"[41.6%, 52.4%, 46.2%, 40.4%, 52.6%, 49.4%, 50.2%, 46.4%, 55.8%, 55.2%, 55.6%, 59.4%, 56.0%, 40.2%, 44.6%, 37.8%]",,,,
15,weights,21,76,0.043768421,1.708404423,1.756770462,0.000111111,48.875,"[41.6%, 52.4%, 46.2%, 40.4%, 52.6%, 49.4%, 50.2%, 46.4%, 55.8%, 55.2%, 55.6%, 59.4%, 56.0%, 40.2%, 44.6%, 36.0%]",,,,
15,weights,22,77,0.043768421,1.710804911,1.761379853,0.000111111,48.8625,"[41.6%, 52.4%, 46.2%, 40.4%, 52.6%, 49.4%, 50.2%, 46.4%, 55.8%, 55.2%, 55.6%, 59.4%, 56.0%, 40.2%, 44.6%, 35.8%]",,,,
15,weights,23,78,0.043768421,1.69869366,1.783927172,0.000111111,48.8125,"[41.6%, 52.4%, 46.2%, 40.4%, 52.6%, 49.4%, 50.2%, 46.4%, 55.8%, 55.2%, 55.6%, 59.4%, 56.0%, 40.2%, 44.6%, 35.0%]",,,,
15,weights,24,79,0.043768421,1.686612552,1.684086338,0.000111111,49.125,"[41.6%, 52.4%, 46.2%, 40.4%, 52.6%, 49.4%, 50.2%, 46.4%, 55.8%, 55.2%, 55.6%, 59.4%, 56.0%, 40.2%, 44.6%, 40.0%]",,,,
15,weights,25,80,0.043768421,1.683468918,1.910831645,0.000111111,48.6375,"[41.6%, 52.4%, 46.2%, 40.4%, 52.6%, 49.4%, 50.2%, 46.4%, 55.8%, 55.2%, 55.6%, 59.4%, 56.0%, 40.2%, 44.6%, 32.2%]",17.975,"[10.4%, 24.4%, 27.6%, 6.6%, 18.6%, 7.8%, 7.6%, 34.4%, 25.0%, 16.6%, 48.8%, 30.0%, 29.8%, 0.0%, 0.0%, 0.0%]",29.4625,"[30%, 43%, 21.7%, 10%, 39.1%, 21.3%, 15.8%, 37.4%, 25.7%, 24.5%, 51.9%, 25.9%, 47.5%, 22.6%, 29.2%, 25.7%]"
16,parallel,1,1,0.2,21.13164781,14.70936823,0.000111111,45.75294118,"[41.2%, 52.4%, 46.2%, 40.0%, 53.0%, 49.0%, 50.4%, 46.4%, 55.8%, 55.6%, 55.6%, 59.4%, 55.8%, 40.0%, 44.6%, 32.4%, 0.0%]",,,,
16,parallel,2,2,0.2,11.34513699,7.559717119,0.000111111,45.76470588,"[41.0%, 52.4%, 46.2%, 40.2%, 52.6%, 49.4%, 50.4%, 46.4%, 55.8%, 55.6%, 55.6%, 59.4%, 55.8%, 40.2%, 44.6%, 32.4%, 0.0%]",,,,
16,parallel,3,3,0.2,4.172624971,2.50499481,0.000111111,46.36470588,"[41.8%, 52.4%, 46.2%, 39.8%, 52.4%, 49.4%, 50.4%, 46.4%, 55.8%, 55.6%, 55.6%, 59.4%, 55.8%, 40.2%, 44.6%, 32.4%, 10.0%]",,,,
16,parallel,4,4,0.2,2.406448117,2.363277823,0.000111111,46.37647059,"[41.8%, 52.4%, 46.2%, 39.8%, 52.4%, 49.6%, 50.4%, 46.4%, 55.8%, 55.6%, 55.6%, 59.4%, 55.8%, 40.2%, 44.6%, 32.4%, 10.0%]",,,,
16,parallel,5,5,0.196043588,2.388846621,2.369056135,0.000111111,46.35294118,"[41.6%, 52.4%, 46.2%, 39.6%, 52.4%, 49.6%, 50.4%, 46.4%, 55.8%, 55.6%, 55.6%, 59.4%, 55.8%, 40.2%, 44.6%, 32.4%, 10.0%]",,,,
16,parallel,6,6,0.189895182,2.391641988,2.355031669,0.000111111,46.35294118,"[41.6%, 52.4%, 46.2%, 39.6%, 52.4%, 49.6%, 50.4%, 46.4%, 55.8%, 55.6%, 55.6%, 59.4%, 55.8%, 40.2%, 44.6%, 32.4%, 10.0%]",,,,
16,parallel,7,7,0.183872595,2.370849274,2.356404692,0.000111111,46.35294118,"[41.6%, 52.4%, 46.2%, 39.6%, 52.4%, 49.6%, 50.4%, 46.4%, 55.8%, 55.6%, 55.6%, 59.4%, 55.8%, 40.2%, 44.6%, 32.4%, 10.0%]",,,,
16,parallel,8,8,0.177975828,2.377751954,2.361641884,0.000111111,46.35294118,"[41.6%, 52.4%, 46.2%, 39.6%, 52.4%, 49.6%, 50.4%, 46.4%, 55.8%, 55.6%, 55.6%, 59.4%, 55.8%, 40.2%, 44.6%, 32.4%, 10.0%]",,,,
16,parallel,9,9,0.172204879,2.346937388,2.331457734,0.000111111,46.35294118,"[41.6%, 52.4%, 46.2%, 39.6%, 52.4%, 49.6%, 50.4%, 46.4%, 55.8%, 55.6%, 55.6%, 59.4%, 55.8%, 40.2%, 44.6%, 32.4%, 10.0%]",,,,
16,parallel,10,10,0.166559749,2.353704594,2.337901264,0.000111111,46.35294118,"[41.6%, 52.4%, 46.2%, 39.6%, 52.4%, 49.6%, 50.4%, 46.4%, 55.8%, 55.6%, 55.6%, 59.4%, 55.8%, 40.2%, 44.6%, 32.4%, 10.0%]",,,,
16,parallel,11,11,0.161040438,2.335752077,2.328757703,0.000111111,46.35294118,"[41.6%, 52.4%, 46.2%, 39.6%, 52.4%, 49.6%, 50.4%, 46.4%, 55.8%, 55.6%, 55.6%, 59.4%, 55.8%, 40.2%, 44.6%, 32.4%, 10.0%]",,,,
16,parallel,12,12,0.155646946,2.345555915,2.330118477,0.000111111,46.35294118,"[41.6%, 52.4%, 46.2%, 39.6%, 52.4%, 49.6%, 50.4%, 46.4%, 55.8%, 55.6%, 55.6%, 59.4%, 55.8%, 40.2%, 44.6%, 32.4%, 10.0%]",,,,
16,parallel,13,13,0.150379273,2.382207587,2.368381828,0.000111111,46.35294118,"[41.6%, 52.4%, 46.2%, 39.6%, 52.4%, 49.6%, 50.4%, 46.4%, 55.8%, 55.6%, 55.6%, 59.4%, 55.8%, 40.2%, 44.6%, 32.4%, 10.0%]",,,,
16,parallel,14,14,0.145237419,2.352158577,2.339990973,0.000111111,46.35294118,"[41.6%, 52.4%, 46.2%, 39.6%, 52.4%, 49.6%, 50.4%, 46.4%, 55.8%, 55.6%, 55.6%, 59.4%, 55.8%, 40.2%, 44.6%, 32.4%, 10.0%]",,,,
16,parallel,15,15,0.140221384,2.337469671,2.325181007,0.000111111,46.36470588,"[41.6%, 52.4%, 46.2%, 39.6%, 52.4%, 49.6%, 50.4%, 46.4%, 55.8%, 55.6%, 55.6%, 59.4%, 55.8%, 40.2%, 44.6%, 32.4%, 10.2%]",,,,
16,parallel,16,16,0.135331168,2.326137422,2.327717572,0.000111111,46.35294118,"[41.6%, 52.4%, 46.2%, 39.6%, 52.4%, 49.6%, 50.4%, 46.4%, 55.8%, 55.6%, 55.6%, 59.4%, 55.8%, 40.2%, 44.6%, 32.4%, 10.0%]",,,,
16,parallel,17,17,0.130566771,2.360232411,2.353229493,0.000111111,46.35294118,"[41.6%, 52.4%, 46.2%, 39.6%, 52.4%, 49.6%, 50.4%, 46.4%, 55.8%, 55.6%, 55.6%, 59.4%, 55.8%, 40.2%, 44.6%, 32.4%, 10.0%]",,,,
16,parallel,18,18,0.125928192,2.390933511,2.38076967,0.000111111,46.35294118,"[41.6%, 52.4%, 46.2%, 39.6%, 52.4%, 49.6%, 50.4%, 46.4%, 55.8%, 55.6%, 55.6%, 59.4%, 55.8%, 40.2%, 44.6%, 32.4%, 10.0%]",,,,
16,parallel,19,19,0.121415433,2.376280631,2.352537602,0.000111111,46.35294118,"[41.6%, 52.4%, 46.2%, 39.6%, 52.4%, 49.6%, 50.4%, 46.4%, 55.8%, 55.6%, 55.6%, 59.4%, 55.8%, 40.2%, 44.6%, 32.4%, 10.0%]",,,,
16,parallel,20,20,0.117028493,2.339805008,2.329223305,0.000111111,46.35294118,"[41.6%, 52.4%, 46.2%, 39.6%, 52.4%, 49.6%, 50.4%, 46.4%, 55.8%, 55.6%, 55.6%, 59.4%, 55.8%, 40.2%, 44.6%, 32.4%, 10.0%]",,,,
16,parallel,21,21,0.112767371,2.337875753,2.33184889,0.000111111,46.35294118,"[41.6%, 52.4%, 46.2%, 39.6%, 52.4%, 49.6%, 50.4%, 46.4%, 55.8%, 55.6%, 55.6%, 59.4%, 55.8%, 40.2%, 44.6%, 32.4%, 10.0%]",,,,
16,parallel,22,22,0.108632069,2.327186548,2.322619677,0.000111111,46.35294118,"[41.6%, 52.4%, 46.2%, 39.6%, 52.4%, 49.6%, 50.4%, 46.4%, 55.8%, 55.6%, 55.6%, 59.4%, 55.8%, 40.2%, 44.6%, 32.4%, 10.0%]",,,,
16,parallel,23,23,0.104622585,2.322446455,2.316689998,0.000111111,46.35294118,"[41.6%, 52.4%, 46.2%, 39.6%, 52.4%, 49.6%, 50.4%, 46.4%, 55.8%, 55.6%, 55.6%, 59.4%, 55.8%, 40.2%, 44.6%, 32.4%, 10.0%]",,,,
16,parallel,24,24,0.10073892,2.346123876,2.339033514,0.000111111,46.35294118,"[41.6%, 52.4%, 46.2%, 39.6%, 52.4%, 49.6%, 50.4%, 46.4%, 55.8%, 55.6%, 55.6%, 59.4%, 55.8%, 40.2%, 44.6%, 32.4%, 10.0%]",,,,
16,parallel,25,25,0.096981075,2.335192137,2.332639784,0.000111111,46.35294118,"[41.6%, 52.4%, 46.2%, 39.6%, 52.4%, 49.6%, 50.4%, 46.4%, 55.8%, 55.6%, 55.6%, 59.4%, 55.8%, 40.2%, 44.6%, 32.4%, 10.0%]",,,,
16,parallel,26,26,0.093349048,2.321245785,2.271447748,0.000111111,46.6,"[41.6%, 52.4%, 46.2%, 39.6%, 52.4%, 49.6%, 50.4%, 46.4%, 55.8%, 55.6%, 55.6%, 59.4%, 55.8%, 40.2%, 44.6%, 32.4%, 14.2%]",,,,
16,parallel,27,27,0.08984284,2.180573454,2.055556163,0.000111111,47.01176471,"[41.6%, 52.4%, 46.2%, 39.6%, 52.4%, 49.6%, 50.4%, 46.4%, 55.8%, 55.6%, 55.6%, 59.4%, 55.8%, 40.2%, 44.6%, 32.4%, 21.2%]",,,,
16,parallel,28,28,0.086462452,2.063266775,1.999007761,0.000111111,47.09411765,"[41.6%, 52.4%, 46.2%, 39.6%, 52.4%, 49.6%, 50.4%, 46.4%, 55.8%, 55.6%, 55.6%, 59.4%, 55.8%, 40.2%, 44.6%, 32.4%, 22.6%]",,,,
16,parallel,29,29,0.083207882,2.029365709,2.177491933,0.000111111,46.87058824,"[41.6%, 52.4%, 46.2%, 39.6%, 52.4%, 49.6%, 50.4%, 46.4%, 55.8%, 55.6%, 55.6%, 59.4%, 55.8%, 40.2%, 44.6%, 32.4%, 18.8%]",,,,
16,parallel,30,30,0.080079131,2.016994149,1.910938352,0.000111111,47.52941176,"[41.6%, 52.4%, 46.2%, 39.6%, 52.4%, 49.6%, 50.4%, 46.4%, 55.8%, 55.6%, 55.6%, 59.4%, 55.8%, 40.2%, 44.6%, 32.4%, 30.0%]",,,,
16,parallel,31,31,0.077076199,2.044672139,2.022127464,0.000111111,47.14117647,"[41.6%, 52.4%, 46.2%, 39.6%, 52.4%, 49.6%, 50.4%, 46.4%, 55.8%, 55.6%, 55.6%, 59.4%, 55.8%, 40.2%, 44.6%, 32.4%, 23.4%]",,,,
16,parallel,32,32,0.074199086,1.976311281,1.897971019,0.000111111,47.49411765,"[41.6%, 52.4%, 46.2%, 39.6%, 52.4%, 49.6%, 50.4%, 46.4%, 55.8%, 55.6%, 55.6%, 59.4%, 55.8%, 40.2%, 44.6%, 32.4%, 29.4%]",,,,
16,parallel,33,33,0.071447792,1.920809144,1.821675718,0.000111111,47.68235294,"[41.6%, 52.4%, 46.2%, 39.6%, 52.4%, 49.6%, 50.4%, 46.4%, 55.8%, 55.6%, 55.6%, 59.4%, 55.8%, 40.2%, 44.6%, 32.4%, 32.6%]",,,,
16,parallel,34,34,0.068822317,1.937020751,1.806913495,0.000111111,47.91764706,"[41.6%, 52.4%, 46.2%, 39.6%, 52.4%, 49.6%, 50.4%, 46.4%, 55.8%, 55.6%, 55.6%, 59.4%, 55.8%, 40.2%, 44.6%, 32.4%, 36.6%]",,,,
16,parallel,35,35,0.06632266,1.84238598,1.757399291,0.000111111,47.90588235,"[41.6%, 52.4%, 46.2%, 39.6%, 52.4%, 49.6%, 50.4%, 46.4%, 55.8%, 55.6%, 55.6%, 59.4%, 55.8%, 40.2%, 44.6%, 32.4%, 36.4%]",,,,
16,parallel,36,36,0.063948823,1.808221352,1.737005115,0.000111111,47.89411765,"[41.6%, 52.4%, 46.2%, 39.6%, 52.4%, 49.6%, 50.4%, 46.4%, 55.8%, 55.6%, 55.6%, 59.4%, 55.8%, 40.2%, 44.6%, 32.4%, 36.2%]",,,,
16,parallel,37,37,0.061700805,2.133990217,2.099127322,0.000111111,47.10588235,"[41.6%, 52.4%, 46.2%, 39.6%, 52.4%, 49.6%, 50.4%, 46.4%, 55.8%, 55.6%, 55.6%, 59.4%, 55.8%, 40.2%, 44.6%, 32.4%, 22.8%]",,,,
16,parallel,38,38,0.059578606,1.995685039,1.906926364,0.000111111,47.58823529,"[41.6%, 52.4%, 46.2%, 39.6%, 52.4%, 49.6%, 50.4%, 46.4%, 55.8%, 55.6%, 55.6%, 59.4%, 55.8%, 40.2%, 44.6%, 32.4%, 31.0%]",,,,
16,parallel,39,39,0.057582225,2.055230159,1.985687762,0.000111111,47.63529412,"[41.6%, 52.4%, 46.2%, 39.6%, 52.4%, 49.6%, 50.4%, 46.4%, 55.8%, 55.6%, 55.6%, 59.4%, 55.8%, 40.2%, 44.6%, 32.4%, 31.8%]",,,,
16,parallel,40,40,0.055711664,1.959883349,1.913056985,0.000111111,47.58823529,"[41.6%, 52.4%, 46.2%, 39.6%, 52.4%, 49.6%, 50.4%, 46.4%, 55.8%, 55.6%, 55.6%, 59.4%, 55.8%, 40.2%, 44.6%, 32.4%, 31.0%]",,,,
16,parallel,41,41,0.053966921,1.908679899,1.889267951,0.000111111,47.71764706,"[41.6%, 52.4%, 46.2%, 39.6%, 52.4%, 49.6%, 50.4%, 46.4%, 55.8%, 55.6%, 55.6%, 59.4%, 55.8%, 40.2%, 44.6%, 32.4%, 33.2%]",,,,
16,parallel,42,42,0.052347998,1.840439899,1.849236205,0.000111111,47.76470588,"[41.6%, 52.4%, 46.2%, 39.6%, 52.4%, 49.6%, 50.4%, 46.4%, 55.8%, 55.6%, 55.6%, 59.4%, 55.8%, 40.2%, 44.6%, 32.4%, 34.0%]",,,,
16,parallel,43,43,0.050854893,1.806387744,1.717413247,0.000111111,48.04705882,"[41.6%, 52.4%, 46.2%, 39.6%, 52.4%, 49.6%, 50.4%, 46.4%, 55.8%, 55.6%, 55.6%, 59.4%, 55.8%, 40.2%, 44.6%, 32.4%, 38.8%]",,,,
16,parallel,44,44,0.049487607,1.804384399,1.723894641,0.000111111,48.10588235,"[41.6%, 52.4%, 46.2%, 39.6%, 52.4%, 49.6%, 50.4%, 46.4%, 55.8%, 55.6%, 55.6%, 59.4%, 55.8%, 40.2%, 44.6%, 32.4%, 39.8%]",,,,
16,parallel,45,45,0.048246141,1.791617483,1.825837627,0.000111111,47.8,"[41.6%, 52.4%, 46.2%, 39.6%, 52.4%, 49.6%, 50.4%, 46.4%, 55.8%, 55.6%, 55.6%, 59.4%, 55.8%, 40.2%, 44.6%, 32.4%, 34.6%]",,,,
16,parallel,46,46,0.047130493,1.745609778,1.68330811,0.000111111,48.25882353,"[41.6%, 52.4%, 46.2%, 39.6%, 52.4%, 49.6%, 50.4%, 46.4%, 55.8%, 55.6%, 55.6%, 59.4%, 55.8%, 40.2%, 44.6%, 32.4%, 42.4%]",,,,
16,parallel,47,47,0.046140664,1.976751549,1.782251254,0.000111111,47.76470588,"[41.6%, 52.4%, 46.2%, 39.6%, 52.4%, 49.6%, 50.4%, 46.4%, 55.8%, 55.6%, 55.6%, 59.4%, 55.8%, 40.2%, 44.6%, 32.4%, 34.0%]",,,,
16,parallel,48,48,0.045276654,1.822075311,1.793687433,0.000111111,48.02352941,"[41.6%, 52.4%, 46.2%, 39.6%, 52.4%, 49.6%, 50.4%, 46.4%, 55.8%, 55.6%, 55.6%, 59.4%, 55.8%, 40.2%, 44.6%, 32.4%, 38.4%]",,,,
16,parallel,49,49,0.044538463,1.820373221,1.743992329,0.000111111,48.16470588,"[41.6%, 52.4%, 46.2%, 39.6%, 52.4%, 49.6%, 50.4%, 46.4%, 55.8%, 55.6%, 55.6%, 59.4%, 55.8%, 40.2%, 44.6%, 32.4%, 40.8%]",,,,
16,parallel,50,50,0.043926091,1.764650191,1.761561453,0.000111111,47.92941176,"[41.6%, 52.4%, 46.2%, 39.6%, 52.4%, 49.6%, 50.4%, 46.4%, 55.8%, 55.6%, 55.6%, 59.4%, 55.8%, 40.2%, 44.6%, 32.4%, 36.8%]",,,,
16,parallel,51,51,0.043439538,1.752457515,1.719729066,0.000111111,48.05882353,"[41.6%, 52.4%, 46.2%, 39.6%, 52.4%, 49.6%, 50.4%, 46.4%, 55.8%, 55.6%, 55.6%, 59.4%, 55.8%, 40.2%, 44.6%, 32.4%, 39.0%]",,,,
16,parallel,52,52,0.043078804,1.733121238,1.683147445,0.000111111,48.24705882,"[41.6%, 52.4%, 46.2%, 39.6%, 52.4%, 49.6%, 50.4%, 46.4%, 55.8%, 55.6%, 55.6%, 59.4%, 55.8%, 40.2%, 44.6%, 32.4%, 42.2%]",,,,
16,parallel,53,53,0.042843889,1.79446637,1.801057309,0.000111111,47.85882353,"[41.6%, 52.4%, 46.2%, 39.6%, 52.4%, 49.6%, 50.4%, 46.4%, 55.8%, 55.6%, 55.6%, 59.4%, 55.8%, 40.2%, 44.6%, 32.4%, 35.6%]",,,,
16,parallel,54,54,0.042734793,1.733237096,1.668699846,0.000111111,48.25882353,"[41.6%, 52.4%, 46.2%, 39.6%, 52.4%, 49.6%, 50.4%, 46.4%, 55.8%, 55.6%, 55.6%, 59.4%, 55.8%, 40.2%, 44.6%, 32.4%, 42.4%]",,,,
16,parallel,55,55,0.042726316,1.708709258,1.654280424,0.000111111,48.27058824,"[41.6%, 52.4%, 46.2%, 39.6%, 52.4%, 49.6%, 50.4%, 46.4%, 55.8%, 55.6%, 55.6%, 59.4%, 55.8%, 40.2%, 44.6%, 32.4%, 42.6%]",,,,
16,weights,1,56,0.042726316,1.701954406,1.641673699,0.000111111,48.29411765,"[41.6%, 52.4%, 46.2%, 39.6%, 52.4%, 49.6%, 50.4%, 46.4%, 55.8%, 55.6%, 55.6%, 59.4%, 55.8%, 40.2%, 44.6%, 32.4%, 43.0%]",,,,
16,weights,2,57,0.042726316,1.676751167,1.640851945,0.000111111,48.12941176,"[41.6%, 52.4%, 46.2%, 39.6%, 52.4%, 49.6%, 50.4%, 46.4%, 55.8%, 55.6%, 55.6%, 59.4%, 55.8%, 40.2%, 44.6%, 32.4%, 40.2%]",,,,
16,weights,3,58,0.042726316,1.662560763,1.639133826,0.000111111,48.2,"[41.6%, 52.4%, 46.2%, 39.6%, 52.4%, 49.6%, 50.4%, 46.4%, 55.8%, 55.6%, 55.6%, 59.4%, 55.8%, 40.2%, 44.6%, 32.4%, 41.4%]",,,,
16,weights,4,59,0.042726316,1.640030067,1.624358043,0.000111111,48.30588235,"[41.6%, 52.4%, 46.2%, 39.6%, 52.4%, 49.6%, 50.4%, 46.4%, 55.8%, 55.6%, 55.6%, 59.4%, 55.8%, 40.2%, 44.6%, 32.4%, 43.2%]",,,,
16,weights,5,60,0.042726316,1.614239032,1.618808821,0.000111111,48.18823529,"[41.6%, 52.4%, 46.2%, 39.6%, 52.4%, 49.6%, 50.4%, 46.4%, 55.8%, 55.6%, 55.6%, 59.4%, 55.8%, 40.2%, 44.6%, 32.4%, 41.2%]",,,,
16,weights,6,61,0.042726316,1.629058916,1.577018499,0.000111111,48.16470588,"[41.6%, 52.4%, 46.2%, 39.6%, 52.4%, 49.6%, 50.4%, 46.4%, 55.8%, 55.6%, 55.6%, 59.4%, 55.8%, 40.2%, 44.6%, 32.4%, 40.8%]",,,,
16,weights,7,62,0.042726316,1.617403166,1.556533769,0.000111111,48.43529412,"[41.6%, 52.4%, 46.2%, 39.6%, 52.4%, 49.6%, 50.4%, 46.4%, 55.8%, 55.6%, 55.6%, 59.4%, 55.8%, 40.2%, 44.6%, 32.4%, 45.4%]",,,,
16,weights,8,63,0.042726316,1.597337048,1.62155854,0.000111111,48.24705882,"[41.6%, 52.4%, 46.2%, 39.6%, 52.4%, 49.6%, 50.4%, 46.4%, 55.8%, 55.6%, 55.6%, 59.4%, 55.8%, 40.2%, 44.6%, 32.4%, 42.2%]",,,,
16,weights,9,64,0.042726316,1.586310245,1.61779511,0.000111111,48.12941176,"[41.6%, 52.4%, 46.2%, 39.6%, 52.4%, 49.6%, 50.4%, 46.4%, 55.8%, 55.6%, 55.6%, 59.4%, 55.8%, 40.2%, 44.6%, 32.4%, 40.2%]",,,,
16,weights,10,65,0.042726316,1.598755885,1.533219174,0.000111111,48.57647059,"[41.6%, 52.4%, 46.2%, 39.6%, 52.4%, 49.6%, 50.4%, 46.4%, 55.8%, 55.6%, 55.6%, 59.4%, 55.8%, 40.2%, 44.6%, 32.4%, 47.8%]",,,,
16,weights,11,66,0.042726316,1.567091417,1.716900095,0.000111111,47.97647059,"[41.6%, 52.4%, 46.2%, 39.6%, 52.4%, 49.6%, 50.4%, 46.4%, 55.8%, 55.6%, 55.6%, 59.4%, 55.8%, 40.2%, 44.6%, 32.4%, 37.6%]",,,,
16,weights,12,67,0.042726316,1.580250186,1.588703468,0.000111111,48.31764706,"[41.6%, 52.4%, 46.2%, 39.6%, 52.4%, 49.6%, 50.4%, 46.4%, 55.8%, 55.6%, 55.6%, 59.4%, 55.8%, 40.2%, 44.6%, 32.4%, 43.4%]",,,,
16,weights,13,68,0.042726316,1.553480823,1.511082157,0.000111111,48.55294118,"[41.6%, 52.4%, 46.2%, 39.6%, 52.4%, 49.6%, 50.4%, 46.4%, 55.8%, 55.6%, 55.6%, 59.4%, 55.8%, 40.2%, 44.6%, 32.4%, 47.4%]",,,,
16,weights,14,69,0.042726316,1.558177198,1.626090929,0.000111111,48.18823529,"[41.6%, 52.4%, 46.2%, 39.6%, 52.4%, 49.6%, 50.4%, 46.4%, 55.8%, 55.6%, 55.6%, 59.4%, 55.8%, 40.2%, 44.6%, 32.4%, 41.2%]",,,,
16,weights,15,70,0.042726316,1.531127436,1.512261942,0.000111111,48.50588235,"[41.6%, 52.4%, 46.2%, 39.6%, 52.4%, 49.6%, 50.4%, 46.4%, 55.8%, 55.6%, 55.6%, 59.4%, 55.8%, 40.2%, 44.6%, 32.4%, 46.6%]",,,,
16,weights,16,71,0.042726316,1.529129833,1.510580018,0.000111111,48.45882353,"[41.6%, 52.4%, 46.2%, 39.6%, 52.4%, 49.6%, 50.4%, 46.4%, 55.8%, 55.6%, 55.6%, 59.4%, 55.8%, 40.2%, 44.6%, 32.4%, 45.8%]",,,,
16,weights,17,72,0.042726316,1.558261373,1.588355161,0.000111111,48.45882353,"[41.6%, 52.4%, 46.2%, 39.6%, 52.4%, 49.6%, 50.4%, 46.4%, 55.8%, 55.6%, 55.6%, 59.4%, 55.8%, 40.2%, 44.6%, 32.4%, 45.8%]",,,,
16,weights,18,73,0.042726316,1.539369945,1.542187363,0.000111111,48.4,"[41.6%, 52.4%, 46.2%, 39.6%, 52.4%, 49.6%, 50.4%, 46.4%, 55.8%, 55.6%, 55.6%, 59.4%, 55.8%, 40.2%, 44.6%, 32.4%, 44.8%]",,,,
16,weights,19,74,0.042726316,1.526293149,1.539399996,0.000111111,48.50588235,"[41.6%, 52.4%, 46.2%, 39.6%, 52.4%, 49.6%, 50.4%, 46.4%, 55.8%, 55.6%, 55.6%, 59.4%, 55.8%, 40.2%, 44.6%, 32.4%, 46.6%]",,,,
16,weights,20,75,0.042726316,1.525238724,1.583677888,0.000111111,48.42352941,"[41.6%, 52.4%, 46.2%, 39.6%, 52.4%, 49.6%, 50.4%, 46.4%, 55.8%, 55.6%, 55.6%, 59.4%, 55.8%, 40.2%, 44.6%, 32.4%, 45.2%]",,,,
16,weights,21,76,0.042726316,1.526836605,1.463250279,0.000111111,48.56470588,"[41.6%, 52.4%, 46.2%, 39.6%, 52.4%, 49.6%, 50.4%, 46.4%, 55.8%, 55.6%, 55.6%, 59.4%, 55.8%, 40.2%, 44.6%, 32.4%, 47.6%]",,,,
16,weights,22,77,0.042726316,1.501368419,1.50943017,0.000111111,48.61176471,"[41.6%, 52.4%, 46.2%, 39.6%, 52.4%, 49.6%, 50.4%, 46.4%, 55.8%, 55.6%, 55.6%, 59.4%, 55.8%, 40.2%, 44.6%, 32.4%, 48.4%]",,,,
16,weights,23,78,0.042726316,1.496523675,1.626579344,0.000111111,48.32941176,"[41.6%, 52.4%, 46.2%, 39.6%, 52.4%, 49.6%, 50.4%, 46.4%, 55.8%, 55.6%, 55.6%, 59.4%, 55.8%, 40.2%, 44.6%, 32.4%, 43.6%]",,,,
16,weights,24,79,0.042726316,1.47915594,1.457881048,0.000111111,48.70588235,"[41.6%, 52.4%, 46.2%, 39.6%, 52.4%, 49.6%, 50.4%, 46.4%, 55.8%, 55.6%, 55.6%, 59.4%, 55.8%, 40.2%, 44.6%, 32.4%, 50.0%]",,,,
16,weights,25,80,0.042726316,1.474254752,1.495421141,0.000111111,48.62352941,"[41.6%, 52.4%, 46.2%, 39.6%, 52.4%, 49.6%, 50.4%, 46.4%, 55.8%, 55.6%, 55.6%, 59.4%, 55.8%, 40.2%, 44.6%, 32.4%, 48.6%]",16.01176471,"[0.0%, 24.4%, 27.6%, 6.4%, 18.6%, 7.8%, 7.8%, 34.4%, 25.0%, 16.8%, 48.8%, 25.0%, 29.6%, 0.0%, 0.0%, 0.0%, 0.0%]",30.65294118,"[28.5%, 43%, 32.5%, 16.4%, 33.2%, 33.7%, 22%, 36.5%, 25.6%, 26.1%, 55.7%, 35.1%, 42.2%, 16.5%, 29.5%, 18%, 26.3%]"
17,parallel,1,1,0.15,21.57570658,16.77411866,0.000111111,45.92222222,"[41.6%, 52.4%, 46.2%, 39.6%, 52.4%, 49.6%, 50.4%, 46.4%, 55.8%, 55.6%, 55.6%, 59.4%, 55.8%, 40.2%, 44.6%, 32.4%, 48.6%, 0.0%]",,,,
17,parallel,2,2,0.15,13.59190639,10.2839359,0.000111111,45.92222222,"[41.6%, 52.4%, 46.2%, 39.6%, 52.4%, 49.6%, 50.4%, 46.4%, 55.8%, 55.6%, 55.6%, 59.4%, 55.8%, 40.2%, 44.6%, 32.4%, 48.6%, 0.0%]",,,,
17,parallel,3,3,0.15,6.609248886,2.825610995,0.000111111,45.92222222,"[41.6%, 52.4%, 46.2%, 39.6%, 52.4%, 49.6%, 50.4%, 46.4%, 55.8%, 55.6%, 55.6%, 59.4%, 55.8%, 40.2%, 44.6%, 32.4%, 48.6%, 0.0%]",,,,
17,parallel,4,4,0.15,2.446937446,2.358267397,0.000111111,46.47777778,"[41.6%, 52.4%, 46.2%, 39.6%, 52.4%, 49.6%, 50.4%, 46.4%, 55.8%, 55.6%, 55.6%, 59.4%, 55.8%, 40.2%, 44.6%, 32.4%, 48.6%, 10.0%]",,,,
17,parallel,5,5,0.147275184,2.361991593,2.347757846,0.000111111,46.47777778,"[41.6%, 52.4%, 46.2%, 39.6%, 52.4%, 49.6%, 50.4%, 46.4%, 55.8%, 55.6%, 55.6%, 59.4%, 55.8%, 40.2%, 44.6%, 32.4%, 48.6%, 10.0%]",,,,
17,parallel,6,6,0.143040722,2.351918042,2.342768729,0.000111111,46.47777778,"[41.6%, 52.4%, 46.2%, 39.6%, 52.4%, 49.6%, 50.4%, 46.4%, 55.8%, 55.6%, 55.6%, 59.4%, 55.8%, 40.2%, 44.6%, 32.4%, 48.6%, 10.0%]",,,,
17,parallel,7,7,0.138892913,2.34916898,2.339224011,0.000111111,46.47777778,"[41.6%, 52.4%, 46.2%, 39.6%, 52.4%, 49.6%, 50.4%, 46.4%, 55.8%, 55.6%, 55.6%, 59.4%, 55.8%, 40.2%, 44.6%, 32.4%, 48.6%, 10.0%]",,,,
17,parallel,8,8,0.134831756,2.336690863,2.326270998,0.000111111,46.47777778,"[41.6%, 52.4%, 46.2%, 39.6%, 52.4%, 49.6%, 50.4%, 46.4%, 55.8%, 55.6%, 55.6%, 59.4%, 55.8%, 40.2%, 44.6%, 32.4%, 48.6%, 10.0%]",,,,
17,parallel,9,9,0.130857252,2.343631527,2.335602403,0.000111111,46.47777778,"[41.6%, 52.4%, 46.2%, 39.6%, 52.4%, 49.6%, 50.4%, 46.4%, 55.8%, 55.6%, 55.6%, 59.4%, 55.8%, 40.2%, 44.6%, 32.4%, 48.6%, 10.0%]",,,,
17,parallel,10,10,0.126969401,2.343560705,2.336547315,0.000111111,46.47777778,"[41.6%, 52.4%, 46.2%, 39.6%, 52.4%, 49.6%, 50.4%, 46.4%, 55.8%, 55.6%, 55.6%, 59.4%, 55.8%, 40.2%, 44.6%, 32.4%, 48.6%, 10.0%]",,,,
17,parallel,11,11,0.123168202,2.343513081,2.331054479,0.000111111,46.47777778,"[41.6%, 52.4%, 46.2%, 39.6%, 52.4%, 49.6%, 50.4%, 46.4%, 55.8%, 55.6%, 55.6%, 59.4%, 55.8%, 40.2%, 44.6%, 32.4%, 48.6%, 10.0%]",,,,
17,parallel,12,12,0.119453656,2.349867259,2.33584708,0.000111111,46.47777778,"[41.6%, 52.4%, 46.2%, 39.6%, 52.4%, 49.6%, 50.4%, 46.4%, 55.8%, 55.6%, 55.6%, 59.4%, 55.8%, 40.2%, 44.6%, 32.4%, 48.6%, 10.0%]",,,,
17,parallel,13,13,0.115825763,2.336576172,2.329671592,0.000111111,46.47777778,"[41.6%, 52.4%, 46.2%, 39.6%, 52.4%, 49.6%, 50.4%, 46.4%, 55.8%, 55.6%, 55.6%, 59.4%, 55.8%, 40.2%, 44.6%, 32.4%, 48.6%, 10.0%]",,,,
17,parallel,14,14,0.112284522,2.349165403,2.337239146,0.000111111,46.47777778,"[41.6%, 52.4%, 46.2%, 39.6%, 52.4%, 49.6%, 50.4%, 46.4%, 55.8%, 55.6%, 55.6%, 59.4%, 55.8%, 40.2%, 44.6%, 32.4%, 48.6%, 10.0%]",,,,
17,parallel,15,15,0.108829934,2.327628555,2.319729418,0.000111111,46.47777778,"[41.6%, 52.4%, 46.2%, 39.6%, 52.4%, 49.6%, 50.4%, 46.4%, 55.8%, 55.6%, 55.6%, 59.4%, 55.8%, 40.2%, 44.6%, 32.4%, 48.6%, 10.0%]",,,,
17,parallel,16,16,0.105461998,2.322617736,2.317671478,0.000111111,46.47777778,"[41.6%, 52.4%, 46.2%, 39.6%, 52.4%, 49.6%, 50.4%, 46.4%, 55.8%, 55.6%, 55.6%, 59.4%, 55.8%, 40.2%, 44.6%, 32.4%, 48.6%, 10.0%]",,,,
17,parallel,17,17,0.102180715,2.316904177,2.314643443,0.000111111,46.47777778,"[41.6%, 52.4%, 46.2%, 39.6%, 52.4%, 49.6%, 50.4%, 46.4%, 55.8%, 55.6%, 55.6%, 59.4%, 55.8%, 40.2%, 44.6%, 32.4%, 48.6%, 10.0%]",,,,
17,parallel,18,18,0.098986085,2.325324795,2.331653625,0.000111111,46.47777778,"[41.6%, 52.4%, 46.2%, 39.6%, 52.4%, 49.6%, 50.4%, 46.4%, 55.8%, 55.6%, 55.6%, 59.4%, 55.8%, 40.2%, 44.6%, 32.4%, 48.6%, 10.0%]",,,,
17,parallel,19,19,0.095878108,2.329472982,2.322269201,0.000111111,46.47777778,"[41.6%, 52.4%, 46.2%, 39.6%, 52.4%, 49.6%, 50.4%, 46.4%, 55.8%, 55.6%, 55.6%, 59.4%, 55.8%, 40.2%, 44.6%, 32.4%, 48.6%, 10.0%]",,,,
17,parallel,20,20,0.092856783,2.323143322,2.313782573,0.000111111,46.47777778,"[41.6%, 52.4%, 46.2%, 39.6%, 52.4%, 49.6%, 50.4%, 46.4%, 55.8%, 55.6%, 55.6%, 59.4%, 55.8%, 40.2%, 44.6%, 32.4%, 48.6%, 10.0%]",,,,
17,parallel,21,21,0.08992211,2.307463592,2.260399222,0.000111111,46.84444444,"[41.6%, 52.4%, 46.2%, 39.6%, 52.4%, 49.6%, 50.4%, 46.4%, 55.8%, 55.6%, 55.6%, 59.4%, 55.8%, 40.2%, 44.6%, 32.4%, 48.6%, 16.6%]",,,,
17,parallel,22,22,0.08707409,2.153597581,2.221225664,0.000111111,46.67777778,"[41.6%, 52.4%, 46.2%, 39.6%, 52.4%, 49.6%, 50.4%, 46.4%, 55.8%, 55.6%, 55.6%, 59.4%, 55.8%, 40.2%, 44.6%, 32.4%, 48.6%, 13.6%]",,,,
17,parallel,23,23,0.084312723,2.047186596,2.054743081,0.000111111,47.12222222,"[41.6%, 52.4%, 46.2%, 39.6%, 52.4%, 49.6%, 50.4%, 46.4%, 55.8%, 55.6%, 55.6%, 59.4%, 55.8%, 40.2%, 44.6%, 32.4%, 48.6%, 21.6%]",,,,
17,parallel,24,24,0.081638009,1.983869141,2.016220957,0.000111111,47.16666667,"[41.6%, 52.4%, 46.2%, 39.6%, 52.4%, 49.6%, 50.4%, 46.4%, 55.8%, 55.6%, 55.6%, 59.4%, 55.8%, 40.2%, 44.6%, 32.4%, 48.6%, 22.4%]",,,,
17,parallel,25,25,0.079049947,1.925228424,1.900444597,0.000111111,47.34444444,"[41.6%, 52.4%, 46.2%, 39.6%, 52.4%, 49.6%, 50.4%, 46.4%, 55.8%, 55.6%, 55.6%, 59.4%, 55.8%, 40.2%, 44.6%, 32.4%, 48.6%, 25.6%]",,,,
17,parallel,26,26,0.076548538,1.949025316,1.901118293,0.000111111,47.24444444,"[41.6%, 52.4%, 46.2%, 39.6%, 52.4%, 49.6%, 50.4%, 46.4%, 55.8%, 55.6%, 55.6%, 59.4%, 55.8%, 40.2%, 44.6%, 32.4%, 48.6%, 23.8%]",,,,
17,parallel,27,27,0.074133781,1.903395914,2.061138391,0.000111111,47.14444444,"[41.6%, 52.4%, 46.2%, 39.6%, 52.4%, 49.6%, 50.4%, 46.4%, 55.8%, 55.6%, 55.6%, 59.4%, 55.8%, 40.2%, 44.6%, 32.4%, 48.6%, 22.0%]",,,,
17,parallel,28,28,0.071805677,1.89606632,1.82546936,0.000111111,47.51111111,"[41.6%, 52.4%, 46.2%, 39.6%, 52.4%, 49.6%, 50.4%, 46.4%, 55.8%, 55.6%, 55.6%, 59.4%, 55.8%, 40.2%, 44.6%, 32.4%, 48.6%, 28.6%]",,,,
17,parallel,29,29,0.069564226,1.865962136,1.843943477,0.000111111,47.6,"[41.6%, 52.4%, 46.2%, 39.6%, 52.4%, 49.6%, 50.4%, 46.4%, 55.8%, 55.6%, 55.6%, 59.4%, 55.8%, 40.2%, 44.6%, 32.4%, 48.6%, 30.2%]",,,,
17,parallel,30,30,0.067409427,1.826111255,1.790789634,0.000111111,47.5,"[41.6%, 52.4%, 46.2%, 39.6%, 52.4%, 49.6%, 50.4%, 46.4%, 55.8%, 55.6%, 55.6%, 59.4%, 55.8%, 40.2%, 44.6%, 32.4%, 48.6%, 28.4%]",,,,
17,parallel,31,31,0.065341281,1.806373738,1.786226764,0.000111111,47.61111111,"[41.6%, 52.4%, 46.2%, 39.6%, 52.4%, 49.6%, 50.4%, 46.4%, 55.8%, 55.6%, 55.6%, 59.4%, 55.8%, 40.2%, 44.6%, 32.4%, 48.6%, 30.4%]",,,,
17,parallel,32,32,0.063359788,1.778752153,1.728837892,0.000111111,47.83333333,"[41.6%, 52.4%, 46.2%, 39.6%, 52.4%, 49.6%, 50.4%, 46.4%, 55.8%, 55.6%, 55.6%, 59.4%, 55.8%, 40.2%, 44.6%, 32.4%, 48.6%, 34.4%]",,,,
17,parallel,33,33,0.061464947,1.896672926,1.772202343,0.000111111,47.88888889,"[41.6%, 52.4%, 46.2%, 39.6%, 52.4%, 49.6%, 50.4%, 46.4%, 55.8%, 55.6%, 55.6%, 59.4%, 55.8%, 40.2%, 44.6%, 32.4%, 48.6%, 35.4%]",,,,
17,parallel,34,34,0.059656759,1.778893694,1.78966634,0.000111111,47.91111111,"[41.6%, 52.4%, 46.2%, 39.6%, 52.4%, 49.6%, 50.4%, 46.4%, 55.8%, 55.6%, 55.6%, 59.4%, 55.8%, 40.2%, 44.6%, 32.4%, 48.6%, 35.8%]",,,,
17,parallel,35,35,0.057935224,1.778594719,1.818536744,0.000111111,47.85555556,"[41.6%, 52.4%, 46.2%, 39.6%, 52.4%, 49.6%, 50.4%, 46.4%, 55.8%, 55.6%, 55.6%, 59.4%, 55.8%, 40.2%, 44.6%, 32.4%, 48.6%, 34.8%]",,,,
17,parallel,36,36,0.056300341,1.749583753,1.678591326,0.000111111,48.04444444,"[41.6%, 52.4%, 46.2%, 39.6%, 52.4%, 49.6%, 50.4%, 46.4%, 55.8%, 55.6%, 55.6%, 59.4%, 55.8%, 40.2%, 44.6%, 32.4%, 48.6%, 38.2%]",,,,
17,parallel,37,37,0.05475211,1.732898967,1.658491835,0.000111111,47.94444444,"[41.6%, 52.4%, 46.2%, 39.6%, 52.4%, 49.6%, 50.4%, 46.4%, 55.8%, 55.6%, 55.6%, 59.4%, 55.8%, 40.2%, 44.6%, 32.4%, 48.6%, 36.4%]",,,,
17,parallel,38,38,0.053290533,1.76753069,1.654453322,0.000111111,48.11111111,"[41.6%, 52.4%, 46.2%, 39.6%, 52.4%, 49.6%, 50.4%, 46.4%, 55.8%, 55.6%, 55.6%, 59.4%, 55.8%, 40.2%, 44.6%, 32.4%, 48.6%, 39.4%]",,,,
17,parallel,39,39,0.051915608,1.718346495,1.65513891,0.000111111,48.07777778,"[41.6%, 52.4%, 46.2%, 39.6%, 52.4%, 49.6%, 50.4%, 46.4%, 55.8%, 55.6%, 55.6%, 59.4%, 55.8%, 40.2%, 44.6%, 32.4%, 48.6%, 38.8%]",,,,
17,parallel,40,40,0.050627336,1.703175069,1.718631156,0.000111111,48,"[41.6%, 52.4%, 46.2%, 39.6%, 52.4%, 49.6%, 50.4%, 46.4%, 55.8%, 55.6%, 55.6%, 59.4%, 55.8%, 40.2%, 44.6%, 32.4%, 48.6%, 37.4%]",,,,
17,parallel,41,41,0.049425716,1.668798825,1.636427455,0.000111111,47.97777778,"[41.6%, 52.4%, 46.2%, 39.6%, 52.4%, 49.6%, 50.4%, 46.4%, 55.8%, 55.6%, 55.6%, 59.4%, 55.8%, 40.2%, 44.6%, 32.4%, 48.6%, 37.0%]",,,,
17,parallel,42,42,0.048310749,1.670525231,1.591171488,0.000111111,48.15555556,"[41.6%, 52.4%, 46.2%, 39.6%, 52.4%, 49.6%, 50.4%, 46.4%, 55.8%, 55.6%, 55.6%, 59.4%, 55.8%, 40.2%, 44.6%, 32.4%, 48.6%, 40.2%]",,,,
17,parallel,43,43,0.047282434,1.649294524,1.582892969,0.000111111,48.18888889,"[41.6%, 52.4%, 46.2%, 39.6%, 52.4%, 49.6%, 50.4%, 46.4%, 55.8%, 55.6%, 55.6%, 59.4%, 55.8%, 40.2%, 44.6%, 32.4%, 48.6%, 40.8%]",,,,
17,parallel,44,44,0.046340772,2.029026816,1.914045095,0.000111111,47.77777778,"[41.6%, 52.4%, 46.2%, 39.6%, 52.4%, 49.6%, 50.4%, 46.4%, 55.8%, 55.6%, 55.6%, 59.4%, 55.8%, 40.2%, 44.6%, 32.4%, 48.6%, 33.4%]",,,,
17,parallel,45,45,0.045485763,1.878525096,1.824787974,0.000111111,47.75555556,"[41.6%, 52.4%, 46.2%, 39.6%, 52.4%, 49.6%, 50.4%, 46.4%, 55.8%, 55.6%, 55.6%, 59.4%, 55.8%, 40.2%, 44.6%, 32.4%, 48.6%, 33.0%]",,,,
17,parallel,46,46,0.044717407,1.815470225,1.801098958,0.000111111,47.83333333,"[41.6%, 52.4%, 46.2%, 39.6%, 52.4%, 49.6%, 50.4%, 46.4%, 55.8%, 55.6%, 55.6%, 59.4%, 55.8%, 40.2%, 44.6%, 32.4%, 48.6%, 34.4%]",,,,
17,parallel,47,47,0.044035703,1.772482285,1.766506493,0.000111111,47.82222222,"[41.6%, 52.4%, 46.2%, 39.6%, 52.4%, 49.6%, 50.4%, 46.4%, 55.8%, 55.6%, 55.6%, 59.4%, 55.8%, 40.2%, 44.6%, 32.4%, 48.6%, 34.2%]",,,,
17,parallel,48,48,0.043440651,1.743275683,1.720028251,0.000111111,47.97777778,"[41.6%, 52.4%, 46.2%, 39.6%, 52.4%, 49.6%, 50.4%, 46.4%, 55.8%, 55.6%, 55.6%, 59.4%, 55.8%, 40.2%, 44.6%, 32.4%, 48.6%, 37.0%]",,,,
17,parallel,49,49,0.042932253,1.759281272,1.835108817,0.000111111,47.91111111,"[41.6%, 52.4%, 46.2%, 39.6%, 52.4%, 49.6%, 50.4%, 46.4%, 55.8%, 55.6%, 55.6%, 59.4%, 55.8%, 40.2%, 44.6%, 32.4%, 48.6%, 35.8%]",,,,
17,parallel,50,50,0.042510507,1.753899568,1.786160544,0.000111111,47.98888889,"[41.6%, 52.4%, 46.2%, 39.6%, 52.4%, 49.6%, 50.4%, 46.4%, 55.8%, 55.6%, 55.6%, 59.4%, 55.8%, 40.2%, 44.6%, 32.4%, 48.6%, 37.2%]",,,,
17,parallel,51,51,0.042175413,1.717302337,1.749960646,0.000111111,47.98888889,"[41.6%, 52.4%, 46.2%, 39.6%, 52.4%, 49.6%, 50.4%, 46.4%, 55.8%, 55.6%, 55.6%, 59.4%, 55.8%, 40.2%, 44.6%, 32.4%, 48.6%, 37.2%]",,,,
17,parallel,52,52,0.041926973,1.689158331,1.693784863,0.000111111,48.15555556,"[41.6%, 52.4%, 46.2%, 39.6%, 52.4%, 49.6%, 50.4%, 46.4%, 55.8%, 55.6%, 55.6%, 59.4%, 55.8%, 40.2%, 44.6%, 32.4%, 48.6%, 40.2%]",,,,
17,parallel,53,53,0.041765184,1.679065742,1.700944707,0.000111111,47.97777778,"[41.6%, 52.4%, 46.2%, 39.6%, 52.4%, 49.6%, 50.4%, 46.4%, 55.8%, 55.6%, 55.6%, 59.4%, 55.8%, 40.2%, 44.6%, 32.4%, 48.6%, 37.0%]",,,,
17,parallel,54,54,0.041690049,1.675438525,1.614483207,0.000111111,48.22222222,"[41.6%, 52.4%, 46.2%, 39.6%, 52.4%, 49.6%, 50.4%, 46.4%, 55.8%, 55.6%, 55.6%, 59.4%, 55.8%, 40.2%, 44.6%, 32.4%, 48.6%, 41.4%]",,,,
17,parallel,55,55,0.041684211,1.675228499,1.762791514,0.000111111,47.85555556,"[41.6%, 52.4%, 46.2%, 39.6%, 52.4%, 49.6%, 50.4%, 46.4%, 55.8%, 55.6%, 55.6%, 59.4%, 55.8%, 40.2%, 44.6%, 32.4%, 48.6%, 34.8%]",,,,
17,weights,1,56,0.041684211,1.64904728,1.667119473,0.000111111,48.23333333,"[41.6%, 52.4%, 46.2%, 39.6%, 52.4%, 49.6%, 50.4%, 46.4%, 55.8%, 55.6%, 55.6%, 59.4%, 55.8%, 40.2%, 44.6%, 32.4%, 48.6%, 41.6%]",,,,
17,weights,2,57,0.041684211,1.635526272,1.580446273,0.000111111,48.28888889,"[41.6%, 52.4%, 46.2%, 39.6%, 52.4%, 49.6%, 50.4%, 46.4%, 55.8%, 55.6%, 55.6%, 59.4%, 55.8%, 40.2%, 44.6%, 32.4%, 48.6%, 42.6%]",,,,
17,weights,3,58,0.041684211,1.629701323,1.697616689,0.000111111,48.15555556,"[41.6%, 52.4%, 46.2%, 39.6%, 52.4%, 49.6%, 50.4%, 46.4%, 55.8%, 55.6%, 55.6%, 59.4%, 55.8%, 40.2%, 44.6%, 32.4%, 48.6%, 40.2%]",,,,
17,weights,4,59,0.041684211,1.634230793,1.64297761,0.000111111,48.23333333,"[41.6%, 52.4%, 46.2%, 39.6%, 52.4%, 49.6%, 50.4%, 46.4%, 55.8%, 55.6%, 55.6%, 59.4%, 55.8%, 40.2%, 44.6%, 32.4%, 48.6%, 41.6%]",,,,
17,weights,5,60,0.041684211,1.622998165,1.594651386,0.000111111,48.25555556,"[41.6%, 52.4%, 46.2%, 39.6%, 52.4%, 49.6%, 50.4%, 46.4%, 55.8%, 55.6%, 55.6%, 59.4%, 55.8%, 40.2%, 44.6%, 32.4%, 48.6%, 42.0%]",,,,
17,weights,6,61,0.041684211,1.634120995,1.628039226,0.000111111,48.21111111,"[41.6%, 52.4%, 46.2%, 39.6%, 52.4%, 49.6%, 50.4%, 46.4%, 55.8%, 55.6%, 55.6%, 59.4%, 55.8%, 40.2%, 44.6%, 32.4%, 48.6%, 41.2%]",,,,
17,weights,7,62,0.041684211,1.610360772,1.568668365,0.000111111,48.46666667,"[41.6%, 52.4%, 46.2%, 39.6%, 52.4%, 49.6%, 50.4%, 46.4%, 55.8%, 55.6%, 55.6%, 59.4%, 55.8%, 40.2%, 44.6%, 32.4%, 48.6%, 45.8%]",,,,
17,weights,8,63,0.041684211,1.591795106,1.658292942,0.000111111,48.12222222,"[41.6%, 52.4%, 46.2%, 39.6%, 52.4%, 49.6%, 50.4%, 46.4%, 55.8%, 55.6%, 55.6%, 59.4%, 55.8%, 40.2%, 44.6%, 32.4%, 48.6%, 39.6%]",,,,
17,weights,9,64,0.041684211,1.614259504,1.583730347,0.000111111,48.23333333,"[41.6%, 52.4%, 46.2%, 39.6%, 52.4%, 49.6%, 50.4%, 46.4%, 55.8%, 55.6%, 55.6%, 59.4%, 55.8%, 40.2%, 44.6%, 32.4%, 48.6%, 41.6%]",,,,
17,weights,10,65,0.041684211,1.59754381,1.560797691,0.000111111,48.27777778,"[41.6%, 52.4%, 46.2%, 39.6%, 52.4%, 49.6%, 50.4%, 46.4%, 55.8%, 55.6%, 55.6%, 59.4%, 55.8%, 40.2%, 44.6%, 32.4%, 48.6%, 42.4%]",,,,
17,weights,11,66,0.041684211,1.574941765,1.618763156,0.000111111,48.14444444,"[41.6%, 52.4%, 46.2%, 39.6%, 52.4%, 49.6%, 50.4%, 46.4%, 55.8%, 55.6%, 55.6%, 59.4%, 55.8%, 40.2%, 44.6%, 32.4%, 48.6%, 40.0%]",,,,
17,weights,12,67,0.041684211,1.573599173,1.633579858,0.000111111,48.18888889,"[41.6%, 52.4%, 46.2%, 39.6%, 52.4%, 49.6%, 50.4%, 46.4%, 55.8%, 55.6%, 55.6%, 59.4%, 55.8%, 40.2%, 44.6%, 32.4%, 48.6%, 40.8%]",,,,
17,weights,13,68,0.041684211,1.563434258,1.625151828,0.000111111,48.08888889,"[41.6%, 52.4%, 46.2%, 39.6%, 52.4%, 49.6%, 50.4%, 46.4%, 55.8%, 55.6%, 55.6%, 59.4%, 55.8%, 40.2%, 44.6%, 32.4%, 48.6%, 39.0%]",,,,
17,weights,14,69,0.041684211,1.598752141,1.534626201,0.000111111,48.32222222,"[41.6%, 52.4%, 46.2%, 39.6%, 52.4%, 49.6%, 50.4%, 46.4%, 55.8%, 55.6%, 55.6%, 59.4%, 55.8%, 40.2%, 44.6%, 32.4%, 48.6%, 43.2%]",,,,
17,weights,15,70,0.041684211,1.562080444,1.558893397,0.000111111,48.27777778,"[41.6%, 52.4%, 46.2%, 39.6%, 52.4%, 49.6%, 50.4%, 46.4%, 55.8%, 55.6%, 55.6%, 59.4%, 55.8%, 40.2%, 44.6%, 32.4%, 48.6%, 42.4%]",,,,
17,weights,16,71,0.041684211,1.561513093,1.559405133,0.000111111,48.37777778,"[41.6%, 52.4%, 46.2%, 39.6%, 52.4%, 49.6%, 50.4%, 46.4%, 55.8%, 55.6%, 55.6%, 59.4%, 55.8%, 40.2%, 44.6%, 32.4%, 48.6%, 44.2%]",,,,
17,weights,17,72,0.041684211,1.559901665,1.512008905,0.000111111,48.37777778,"[41.6%, 52.4%, 46.2%, 39.6%, 52.4%, 49.6%, 50.4%, 46.4%, 55.8%, 55.6%, 55.6%, 59.4%, 55.8%, 40.2%, 44.6%, 32.4%, 48.6%, 44.2%]",,,,
17,weights,18,73,0.041684211,1.541479168,1.51308351,0.000111111,48.43333333,"[41.6%, 52.4%, 46.2%, 39.6%, 52.4%, 49.6%, 50.4%, 46.4%, 55.8%, 55.6%, 55.6%, 59.4%, 55.8%, 40.2%, 44.6%, 32.4%, 48.6%, 45.2%]",,,,
17,weights,19,74,0.041684211,1.53784236,1.552005097,0.000111111,48.25555556,"[41.6%, 52.4%, 46.2%, 39.6%, 52.4%, 49.6%, 50.4%, 46.4%, 55.8%, 55.6%, 55.6%, 59.4%, 55.8%, 40.2%, 44.6%, 32.4%, 48.6%, 42.0%]",,,,
17,weights,20,75,0.041684211,1.53618697,1.476450384,0.000111111,48.51111111,"[41.6%, 52.4%, 46.2%, 39.6%, 52.4%, 49.6%, 50.4%, 46.4%, 55.8%, 55.6%, 55.6%, 59.4%, 55.8%, 40.2%, 44.6%, 32.4%, 48.6%, 46.6%]",,,,
17,weights,21,76,0.041684211,1.526691117,1.52792535,0.000111111,48.42222222,"[41.6%, 52.4%, 46.2%, 39.6%, 52.4%, 49.6%, 50.4%, 46.4%, 55.8%, 55.6%, 55.6%, 59.4%, 55.8%, 40.2%, 44.6%, 32.4%, 48.6%, 45.0%]",,,,
17,weights,22,77,0.041684211,1.538885426,1.515585929,0.000111111,48.5,"[41.6%, 52.4%, 46.2%, 39.6%, 52.4%, 49.6%, 50.4%, 46.4%, 55.8%, 55.6%, 55.6%, 59.4%, 55.8%, 40.2%, 44.6%, 32.4%, 48.6%, 46.4%]",,,,
17,weights,23,78,0.041684211,1.513346387,1.46633999,0.000111111,48.52222222,"[41.6%, 52.4%, 46.2%, 39.6%, 52.4%, 49.6%, 50.4%, 46.4%, 55.8%, 55.6%, 55.6%, 59.4%, 55.8%, 40.2%, 44.6%, 32.4%, 48.6%, 46.8%]",,,,
17,weights,24,79,0.041684211,1.522460747,1.517608292,0.000111111,48.38888889,"[41.6%, 52.4%, 46.2%, 39.6%, 52.4%, 49.6%, 50.4%, 46.4%, 55.8%, 55.6%, 55.6%, 59.4%, 55.8%, 40.2%, 44.6%, 32.4%, 48.6%, 44.4%]",,,,
17,weights,25,80,0.041684211,1.500559756,1.472574651,0.000111111,48.58888889,"[41.6%, 52.4%, 46.2%, 39.6%, 52.4%, 49.6%, 50.4%, 46.4%, 55.8%, 55.6%, 55.6%, 59.4%, 55.8%, 40.2%, 44.6%, 32.4%, 48.6%, 48.0%]",15.67777778,"[0.0%, 24.4%, 27.6%, 6.4%, 18.6%, 7.8%, 7.8%, 34.4%, 25.0%, 16.8%, 48.8%, 25.0%, 29.6%, 0.0%, 0.0%, 0.0%, 0.0%, 10.0%]",27.02222222,"[28%, 42.7%, 21.4%, 14.2%, 27.6%, 21.4%, 15.5%, 37.9%, 25.7%, 18.3%, 46.5%, 25.6%, 48.1%, 12.6%, 30.3%, 25.3%, 30%, 15.5%]"
18,parallel,1,1,0.1,13.2443167,9.288357854,0.000111111,46.03157895,"[41.6%, 52.4%, 46.2%, 39.6%, 52.4%, 49.6%, 50.4%, 46.4%, 55.8%, 55.6%, 55.6%, 59.4%, 55.8%, 40.2%, 44.6%, 32.4%, 48.6%, 48.0%, 0.0%]",,,,
18,parallel,2,2,0.1,7.490683435,5.73125875,0.000111111,46.03157895,"[41.6%, 52.4%, 46.2%, 39.6%, 52.4%, 49.6%, 50.4%, 46.4%, 55.8%, 55.6%, 55.6%, 59.4%, 55.8%, 40.2%, 44.6%, 32.4%, 48.6%, 48.0%, 0.0%]",,,,
18,parallel,3,3,0.1,4.391490146,3.296892732,0.000111111,46.03157895,"[41.6%, 52.4%, 46.2%, 39.6%, 52.4%, 49.6%, 50.4%, 46.4%, 55.8%, 55.6%, 55.6%, 59.4%, 55.8%, 40.2%, 44.6%, 32.4%, 48.6%, 48.0%, 0.0%]",,,,
18,parallel,4,4,0.1,2.847943517,2.578878939,0.000111111,46.55789474,"[41.6%, 52.4%, 46.2%, 39.6%, 52.4%, 49.6%, 50.4%, 46.4%, 55.8%, 55.6%, 55.6%, 59.4%, 55.8%, 40.2%, 44.6%, 32.4%, 48.6%, 48.0%, 10.0%]",,,,
18,parallel,5,5,0.098506779,2.485487358,2.416941673,0.000111111,46.55789474,"[41.6%, 52.4%, 46.2%, 39.6%, 52.4%, 49.6%, 50.4%, 46.4%, 55.8%, 55.6%, 55.6%, 59.4%, 55.8%, 40.2%, 44.6%, 32.4%, 48.6%, 48.0%, 10.0%]",,,,
18,parallel,6,6,0.096186261,2.390356592,2.365579218,0.000111111,46.55789474,"[41.6%, 52.4%, 46.2%, 39.6%, 52.4%, 49.6%, 50.4%, 46.4%, 55.8%, 55.6%, 55.6%, 59.4%, 55.8%, 40.2%, 44.6%, 32.4%, 48.6%, 48.0%, 10.0%]",,,,
18,parallel,7,7,0.09391323,2.355821616,2.350854754,0.000111111,46.55789474,"[41.6%, 52.4%, 46.2%, 39.6%, 52.4%, 49.6%, 50.4%, 46.4%, 55.8%, 55.6%, 55.6%, 59.4%, 55.8%, 40.2%, 44.6%, 32.4%, 48.6%, 48.0%, 10.0%]",,,,
18,parallel,8,8,0.091687684,2.352435556,2.345073789,0.000111111,46.55789474,"[41.6%, 52.4%, 46.2%, 39.6%, 52.4%, 49.6%, 50.4%, 46.4%, 55.8%, 55.6%, 55.6%, 59.4%, 55.8%, 40.2%, 44.6%, 32.4%, 48.6%, 48.0%, 10.0%]",,,,
18,parallel,9,9,0.089509625,2.338854563,2.329603195,0.000111111,46.55789474,"[41.6%, 52.4%, 46.2%, 39.6%, 52.4%, 49.6%, 50.4%, 46.4%, 55.8%, 55.6%, 55.6%, 59.4%, 55.8%, 40.2%, 44.6%, 32.4%, 48.6%, 48.0%, 10.0%]",,,,
18,parallel,10,10,0.087379053,2.330299305,2.323325366,0.000111111,46.55789474,"[41.6%, 52.4%, 46.2%, 39.6%, 52.4%, 49.6%, 50.4%, 46.4%, 55.8%, 55.6%, 55.6%, 59.4%, 55.8%, 40.2%, 44.6%, 32.4%, 48.6%, 48.0%, 10.0%]",,,,
18,parallel,11,11,0.085295966,2.327107303,2.323823005,0.000111111,46.55789474,"[41.6%, 52.4%, 46.2%, 39.6%, 52.4%, 49.6%, 50.4%, 46.4%, 55.8%, 55.6%, 55.6%, 59.4%, 55.8%, 40.2%, 44.6%, 32.4%, 48.6%, 48.0%, 10.0%]",,,,
18,parallel,12,12,0.083260366,2.323716396,2.320455283,0.000111111,46.55789474,"[41.6%, 52.4%, 46.2%, 39.6%, 52.4%, 49.6%, 50.4%, 46.4%, 55.8%, 55.6%, 55.6%, 59.4%, 55.8%, 40.2%, 44.6%, 32.4%, 48.6%, 48.0%, 10.0%]",,,,
18,parallel,13,13,0.081272252,2.32102459,2.320807099,0.000111111,46.55789474,"[41.6%, 52.4%, 46.2%, 39.6%, 52.4%, 49.6%, 50.4%, 46.4%, 55.8%, 55.6%, 55.6%, 59.4%, 55.8%, 40.2%, 44.6%, 32.4%, 48.6%, 48.0%, 10.0%]",,,,
18,parallel,14,14,0.079331625,2.318327674,2.315100878,0.000111111,46.55789474,"[41.6%, 52.4%, 46.2%, 39.6%, 52.4%, 49.6%, 50.4%, 46.4%, 55.8%, 55.6%, 55.6%, 59.4%, 55.8%, 40.2%, 44.6%, 32.4%, 48.6%, 48.0%, 10.0%]",,,,
18,parallel,15,15,0.077438484,2.317315621,2.313389331,0.000111111,46.55789474,"[41.6%, 52.4%, 46.2%, 39.6%, 52.4%, 49.6%, 50.4%, 46.4%, 55.8%, 55.6%, 55.6%, 59.4%, 55.8%, 40.2%, 44.6%, 32.4%, 48.6%, 48.0%, 10.0%]",,,,
18,parallel,16,16,0.075592829,2.317301771,2.31241405,0.000111111,46.55789474,"[41.6%, 52.4%, 46.2%, 39.6%, 52.4%, 49.6%, 50.4%, 46.4%, 55.8%, 55.6%, 55.6%, 59.4%, 55.8%, 40.2%, 44.6%, 32.4%, 48.6%, 48.0%, 10.0%]",,,,
18,parallel,17,17,0.07379466,2.316378488,2.314537853,0.000111111,46.55789474,"[41.6%, 52.4%, 46.2%, 39.6%, 52.4%, 49.6%, 50.4%, 46.4%, 55.8%, 55.6%, 55.6%, 59.4%, 55.8%, 40.2%, 44.6%, 32.4%, 48.6%, 48.0%, 10.0%]",,,,
18,parallel,18,18,0.072043978,2.314581618,2.311239183,0.000111111,46.55789474,"[41.6%, 52.4%, 46.2%, 39.6%, 52.4%, 49.6%, 50.4%, 46.4%, 55.8%, 55.6%, 55.6%, 59.4%, 55.8%, 40.2%, 44.6%, 32.4%, 48.6%, 48.0%, 10.0%]",,,,
18,parallel,19,19,0.070340782,2.304795724,2.289817095,0.000111111,46.76842105,"[41.6%, 52.4%, 46.2%, 39.6%, 52.4%, 49.6%, 50.4%, 46.4%, 55.8%, 55.6%, 55.6%, 59.4%, 55.8%, 40.2%, 44.6%, 32.4%, 48.6%, 48.0%, 14.0%]",,,,
18,parallel,20,20,0.068685073,2.267239311,2.225866646,0.000111111,46.89473684,"[41.6%, 52.4%, 46.2%, 39.6%, 52.4%, 49.6%, 50.4%, 46.4%, 55.8%, 55.6%, 55.6%, 59.4%, 55.8%, 40.2%, 44.6%, 32.4%, 48.6%, 48.0%, 16.4%]",,,,
18,parallel,21,21,0.067076849,2.228583529,2.16868642,0.000111111,46.94736842,"[41.6%, 52.4%, 46.2%, 39.6%, 52.4%, 49.6%, 50.4%, 46.4%, 55.8%, 55.6%, 55.6%, 59.4%, 55.8%, 40.2%, 44.6%, 32.4%, 48.6%, 48.0%, 17.4%]",,,,
18,parallel,22,22,0.065516112,2.177848273,2.12932542,0.000111111,47,"[41.6%, 52.4%, 46.2%, 39.6%, 52.4%, 49.6%, 50.4%, 46.4%, 55.8%, 55.6%, 55.6%, 59.4%, 55.8%, 40.2%, 44.6%, 32.4%, 48.6%, 48.0%, 18.4%]",,,,
18,parallel,23,23,0.064002862,2.138348926,2.153924286,0.000111111,46.98947368,"[41.6%, 52.4%, 46.2%, 39.6%, 52.4%, 49.6%, 50.4%, 46.4%, 55.8%, 55.6%, 55.6%, 59.4%, 55.8%, 40.2%, 44.6%, 32.4%, 48.6%, 48.0%, 18.2%]",,,,
18,parallel,24,24,0.062537097,2.121959649,2.08795096,0.000111111,47.15789474,"[41.6%, 52.4%, 46.2%, 39.6%, 52.4%, 49.6%, 50.4%, 46.4%, 55.8%, 55.6%, 55.6%, 59.4%, 55.8%, 40.2%, 44.6%, 32.4%, 48.6%, 48.0%, 21.4%]",,,,
18,parallel,25,25,0.061118819,2.263640805,2.174339861,0.000111111,46.96842105,"[41.6%, 52.4%, 46.2%, 39.6%, 52.4%, 49.6%, 50.4%, 46.4%, 55.8%, 55.6%, 55.6%, 59.4%, 55.8%, 40.2%, 44.6%, 32.4%, 48.6%, 48.0%, 17.8%]",,,,
18,parallel,26,26,0.059748028,2.182792878,2.166278034,0.000111111,46.84210526,"[41.6%, 52.4%, 46.2%, 39.6%, 52.4%, 49.6%, 50.4%, 46.4%, 55.8%, 55.6%, 55.6%, 59.4%, 55.8%, 40.2%, 44.6%, 32.4%, 48.6%, 48.0%, 15.4%]",,,,
18,parallel,27,27,0.058424722,2.15711799,2.103653058,0.000111111,47.08421053,"[41.6%, 52.4%, 46.2%, 39.6%, 52.4%, 49.6%, 50.4%, 46.4%, 55.8%, 55.6%, 55.6%, 59.4%, 55.8%, 40.2%, 44.6%, 32.4%, 48.6%, 48.0%, 20.0%]",,,,
18,parallel,28,28,0.057148903,2.128659648,2.084005728,0.000111111,46.97894737,"[41.6%, 52.4%, 46.2%, 39.6%, 52.4%, 49.6%, 50.4%, 46.4%, 55.8%, 55.6%, 55.6%, 59.4%, 55.8%, 40.2%, 44.6%, 32.4%, 48.6%, 48.0%, 18.0%]",,,,
18,parallel,29,29,0.055920571,2.118519326,2.066111803,0.000111111,46.97894737,"[41.6%, 52.4%, 46.2%, 39.6%, 52.4%, 49.6%, 50.4%, 46.4%, 55.8%, 55.6%, 55.6%, 59.4%, 55.8%, 40.2%, 44.6%, 32.4%, 48.6%, 48.0%, 18.0%]",,,,
18,parallel,30,30,0.054739724,2.102575141,2.09428741,0.000111111,47.11578947,"[41.6%, 52.4%, 46.2%, 39.6%, 52.4%, 49.6%, 50.4%, 46.4%, 55.8%, 55.6%, 55.6%, 59.4%, 55.8%, 40.2%, 44.6%, 32.4%, 48.6%, 48.0%, 20.6%]",,,,
18,parallel,31,31,0.053606364,2.110082412,2.177209258,0.000111111,46.83157895,"[41.6%, 52.4%, 46.2%, 39.6%, 52.4%, 49.6%, 50.4%, 46.4%, 55.8%, 55.6%, 55.6%, 59.4%, 55.8%, 40.2%, 44.6%, 32.4%, 48.6%, 48.0%, 15.2%]",,,,
18,parallel,32,32,0.05252049,2.096778056,2.064731494,0.000111111,47.22105263,"[41.6%, 52.4%, 46.2%, 39.6%, 52.4%, 49.6%, 50.4%, 46.4%, 55.8%, 55.6%, 55.6%, 59.4%, 55.8%, 40.2%, 44.6%, 32.4%, 48.6%, 48.0%, 22.6%]",,,,
18,parallel,33,33,0.051482103,2.099068871,2.057050228,0.000111111,47.09473684,"[41.6%, 52.4%, 46.2%, 39.6%, 52.4%, 49.6%, 50.4%, 46.4%, 55.8%, 55.6%, 55.6%, 59.4%, 55.8%, 40.2%, 44.6%, 32.4%, 48.6%, 48.0%, 20.2%]",,,,
18,parallel,34,34,0.050491202,2.08101454,2.080070436,0.000111111,47.04210526,"[41.6%, 52.4%, 46.2%, 39.6%, 52.4%, 49.6%, 50.4%, 46.4%, 55.8%, 55.6%, 55.6%, 59.4%, 55.8%, 40.2%, 44.6%, 32.4%, 48.6%, 48.0%, 19.2%]",,,,
18,parallel,35,35,0.049547787,2.071381684,2.046208128,0.000111111,47.05263158,"[41.6%, 52.4%, 46.2%, 39.6%, 52.4%, 49.6%, 50.4%, 46.4%, 55.8%, 55.6%, 55.6%, 59.4%, 55.8%, 40.2%, 44.6%, 32.4%, 48.6%, 48.0%, 19.4%]",,,,
18,parallel,36,36,0.048651858,2.063756383,2.041163251,0.000111111,47.14736842,"[41.6%, 52.4%, 46.2%, 39.6%, 52.4%, 49.6%, 50.4%, 46.4%, 55.8%, 55.6%, 55.6%, 59.4%, 55.8%, 40.2%, 44.6%, 32.4%, 48.6%, 48.0%, 21.2%]",,,,
18,parallel,37,37,0.047803416,2.039228227,2.011259109,0.000111111,47.24210526,"[41.6%, 52.4%, 46.2%, 39.6%, 52.4%, 49.6%, 50.4%, 46.4%, 55.8%, 55.6%, 55.6%, 59.4%, 55.8%, 40.2%, 44.6%, 32.4%, 48.6%, 48.0%, 23.0%]",,,,
18,parallel,38,38,0.04700246,2.04159196,2.049744412,0.000111111,47.21052632,"[41.6%, 52.4%, 46.2%, 39.6%, 52.4%, 49.6%, 50.4%, 46.4%, 55.8%, 55.6%, 55.6%, 59.4%, 55.8%, 40.2%, 44.6%, 32.4%, 48.6%, 48.0%, 22.4%]",,,,
18,parallel,39,39,0.046248991,2.224530911,2.197500944,0.000111111,46.86315789,"[41.6%, 52.4%, 46.2%, 39.6%, 52.4%, 49.6%, 50.4%, 46.4%, 55.8%, 55.6%, 55.6%, 59.4%, 55.8%, 40.2%, 44.6%, 32.4%, 48.6%, 48.0%, 15.8%]",,,,
18,parallel,40,40,0.045543007,2.164697146,2.173097536,0.000111111,46.81052632,"[41.6%, 52.4%, 46.2%, 39.6%, 52.4%, 49.6%, 50.4%, 46.4%, 55.8%, 55.6%, 55.6%, 59.4%, 55.8%, 40.2%, 44.6%, 32.4%, 48.6%, 48.0%, 14.8%]",,,,
18,parallel,41,41,0.04488451,2.141888707,2.14699474,0.000111111,46.83157895,"[41.6%, 52.4%, 46.2%, 39.6%, 52.4%, 49.6%, 50.4%, 46.4%, 55.8%, 55.6%, 55.6%, 59.4%, 55.8%, 40.2%, 44.6%, 32.4%, 48.6%, 48.0%, 15.2%]",,,,
18,parallel,42,42,0.0442735,2.140414831,2.141920999,0.000111111,46.82105263,"[41.6%, 52.4%, 46.2%, 39.6%, 52.4%, 49.6%, 50.4%, 46.4%, 55.8%, 55.6%, 55.6%, 59.4%, 55.8%, 40.2%, 44.6%, 32.4%, 48.6%, 48.0%, 15.0%]",,,,
18,parallel,43,43,0.043709975,2.132715642,2.140548199,0.000111111,46.89473684,"[41.6%, 52.4%, 46.2%, 39.6%, 52.4%, 49.6%, 50.4%, 46.4%, 55.8%, 55.6%, 55.6%, 59.4%, 55.8%, 40.2%, 44.6%, 32.4%, 48.6%, 48.0%, 16.4%]",,,,
18,parallel,44,44,0.043193937,2.113899478,2.160617277,0.000111111,46.89473684,"[41.6%, 52.4%, 46.2%, 39.6%, 52.4%, 49.6%, 50.4%, 46.4%, 55.8%, 55.6%, 55.6%, 59.4%, 55.8%, 40.2%, 44.6%, 32.4%, 48.6%, 48.0%, 16.4%]",,,,
18,parallel,45,45,0.042725386,2.127810733,2.160641342,0.000111111,46.90526316,"[41.6%, 52.4%, 46.2%, 39.6%, 52.4%, 49.6%, 50.4%, 46.4%, 55.8%, 55.6%, 55.6%, 59.4%, 55.8%, 40.2%, 44.6%, 32.4%, 48.6%, 48.0%, 16.6%]",,,,
18,parallel,46,46,0.04230432,2.099330558,2.127134666,0.000111111,47.08421053,"[41.6%, 52.4%, 46.2%, 39.6%, 52.4%, 49.6%, 50.4%, 46.4%, 55.8%, 55.6%, 55.6%, 59.4%, 55.8%, 40.2%, 44.6%, 32.4%, 48.6%, 48.0%, 20.0%]",,,,
18,parallel,47,47,0.041930741,2.09801711,2.115241095,0.000111111,47.08421053,"[41.6%, 52.4%, 46.2%, 39.6%, 52.4%, 49.6%, 50.4%, 46.4%, 55.8%, 55.6%, 55.6%, 59.4%, 55.8%, 40.2%, 44.6%, 32.4%, 48.6%, 48.0%, 20.0%]",,,,
18,parallel,48,48,0.041604649,2.086554565,2.103046343,0.000111111,47.09473684,"[41.6%, 52.4%, 46.2%, 39.6%, 52.4%, 49.6%, 50.4%, 46.4%, 55.8%, 55.6%, 55.6%, 59.4%, 55.8%, 40.2%, 44.6%, 32.4%, 48.6%, 48.0%, 20.2%]",,,,
18,parallel,49,49,0.041326042,2.084721704,2.083207533,0.000111111,47.13684211,"[41.6%, 52.4%, 46.2%, 39.6%, 52.4%, 49.6%, 50.4%, 46.4%, 55.8%, 55.6%, 55.6%, 59.4%, 55.8%, 40.2%, 44.6%, 32.4%, 48.6%, 48.0%, 21.0%]",,,,
18,parallel,50,50,0.041094922,2.064086424,2.122588217,0.000111111,47.02105263,"[41.6%, 52.4%, 46.2%, 39.6%, 52.4%, 49.6%, 50.4%, 46.4%, 55.8%, 55.6%, 55.6%, 59.4%, 55.8%, 40.2%, 44.6%, 32.4%, 48.6%, 48.0%, 18.8%]",,,,
18,parallel,51,51,0.040911288,2.081557558,2.077428594,0.000111111,47.2,"[41.6%, 52.4%, 46.2%, 39.6%, 52.4%, 49.6%, 50.4%, 46.4%, 55.8%, 55.6%, 55.6%, 59.4%, 55.8%, 40.2%, 44.6%, 32.4%, 48.6%, 48.0%, 22.2%]",,,,
18,parallel,52,52,0.040775141,2.064803738,2.096431315,0.000111111,47.27368421,"[41.6%, 52.4%, 46.2%, 39.6%, 52.4%, 49.6%, 50.4%, 46.4%, 55.8%, 55.6%, 55.6%, 59.4%, 55.8%, 40.2%, 44.6%, 32.4%, 48.6%, 48.0%, 23.6%]",,,,
18,parallel,53,53,0.04068648,2.066832647,2.086122721,0.000111111,47.22105263,"[41.6%, 52.4%, 46.2%, 39.6%, 52.4%, 49.6%, 50.4%, 46.4%, 55.8%, 55.6%, 55.6%, 59.4%, 55.8%, 40.2%, 44.6%, 32.4%, 48.6%, 48.0%, 22.6%]",,,,
18,parallel,54,54,0.040645305,2.047120494,2.035949245,0.000111111,47.22105263,"[41.6%, 52.4%, 46.2%, 39.6%, 52.4%, 49.6%, 50.4%, 46.4%, 55.8%, 55.6%, 55.6%, 59.4%, 55.8%, 40.2%, 44.6%, 32.4%, 48.6%, 48.0%, 22.6%]",,,,
18,parallel,55,55,0.040642105,2.037947342,2.06355378,0.000111111,47.13684211,"[41.6%, 52.4%, 46.2%, 39.6%, 52.4%, 49.6%, 50.4%, 46.4%, 55.8%, 55.6%, 55.6%, 59.4%, 55.8%, 40.2%, 44.6%, 32.4%, 48.6%, 48.0%, 21.0%]",,,,
18,weights,1,56,0.040642105,2.030952061,2.053516299,0.000111111,47.17894737,"[41.6%, 52.4%, 46.2%, 39.6%, 52.4%, 49.6%, 50.4%, 46.4%, 55.8%, 55.6%, 55.6%, 59.4%, 55.8%, 40.2%, 44.6%, 32.4%, 48.6%, 48.0%, 21.8%]",,,,
18,weights,2,57,0.040642105,2.032105589,2.023704916,0.000111111,47.18947368,"[41.6%, 52.4%, 46.2%, 39.6%, 52.4%, 49.6%, 50.4%, 46.4%, 55.8%, 55.6%, 55.6%, 59.4%, 55.8%, 40.2%, 44.6%, 32.4%, 48.6%, 48.0%, 22.0%]",,,,
18,weights,3,58,0.040642105,2.026909778,2.029363915,0.000111111,47.25263158,"[41.6%, 52.4%, 46.2%, 39.6%, 52.4%, 49.6%, 50.4%, 46.4%, 55.8%, 55.6%, 55.6%, 59.4%, 55.8%, 40.2%, 44.6%, 32.4%, 48.6%, 48.0%, 23.2%]",,,,
18,weights,4,59,0.040642105,2.027646717,2.010576382,0.000111111,47.29473684,"[41.6%, 52.4%, 46.2%, 39.6%, 52.4%, 49.6%, 50.4%, 46.4%, 55.8%, 55.6%, 55.6%, 59.4%, 55.8%, 40.2%, 44.6%, 32.4%, 48.6%, 48.0%, 24.0%]",,,,
18,weights,5,60,0.040642105,2.015481985,2.036942109,0.000111111,47.25263158,"[41.6%, 52.4%, 46.2%, 39.6%, 52.4%, 49.6%, 50.4%, 46.4%, 55.8%, 55.6%, 55.6%, 59.4%, 55.8%, 40.2%, 44.6%, 32.4%, 48.6%, 48.0%, 23.2%]",,,,
18,weights,6,61,0.040642105,2.027705598,2.010723948,0.000111111,47.36842105,"[41.6%, 52.4%, 46.2%, 39.6%, 52.4%, 49.6%, 50.4%, 46.4%, 55.8%, 55.6%, 55.6%, 59.4%, 55.8%, 40.2%, 44.6%, 32.4%, 48.6%, 48.0%, 25.4%]",,,,
18,weights,7,62,0.040642105,2.006909551,2.017016292,0.000111111,47.30526316,"[41.6%, 52.4%, 46.2%, 39.6%, 52.4%, 49.6%, 50.4%, 46.4%, 55.8%, 55.6%, 55.6%, 59.4%, 55.8%, 40.2%, 44.6%, 32.4%, 48.6%, 48.0%, 24.2%]",,,,
18,weights,8,63,0.040642105,1.998936685,2.068763867,0.000111111,47.18947368,"[41.6%, 52.4%, 46.2%, 39.6%, 52.4%, 49.6%, 50.4%, 46.4%, 55.8%, 55.6%, 55.6%, 59.4%, 55.8%, 40.2%, 44.6%, 32.4%, 48.6%, 48.0%, 22.0%]",,,,
18,weights,9,64,0.040642105,1.991595173,1.997534618,0.000111111,47.36842105,"[41.6%, 52.4%, 46.2%, 39.6%, 52.4%, 49.6%, 50.4%, 46.4%, 55.8%, 55.6%, 55.6%, 59.4%, 55.8%, 40.2%, 44.6%, 32.4%, 48.6%, 48.0%, 25.4%]",,,,
18,weights,10,65,0.040642105,1.99573259,2.00339663,0.000111111,47.26315789,"[41.6%, 52.4%, 46.2%, 39.6%, 52.4%, 49.6%, 50.4%, 46.4%, 55.8%, 55.6%, 55.6%, 59.4%, 55.8%, 40.2%, 44.6%, 32.4%, 48.6%, 48.0%, 23.4%]",,,,
18,weights,11,66,0.040642105,1.989734769,1.981362209,0.000111111,47.35789474,"[41.6%, 52.4%, 46.2%, 39.6%, 52.4%, 49.6%, 50.4%, 46.4%, 55.8%, 55.6%, 55.6%, 59.4%, 55.8%, 40.2%, 44.6%, 32.4%, 48.6%, 48.0%, 25.2%]",,,,
18,weights,12,67,0.040642105,1.995032024,2.011759892,0.000111111,47.31578947,"[41.6%, 52.4%, 46.2%, 39.6%, 52.4%, 49.6%, 50.4%, 46.4%, 55.8%, 55.6%, 55.6%, 59.4%, 55.8%, 40.2%, 44.6%, 32.4%, 48.6%, 48.0%, 24.4%]",,,,
18,weights,13,68,0.040642105,1.989151769,2.034189925,0.000111111,47.35789474,"[41.6%, 52.4%, 46.2%, 39.6%, 52.4%, 49.6%, 50.4%, 46.4%, 55.8%, 55.6%, 55.6%, 59.4%, 55.8%, 40.2%, 44.6%, 32.4%, 48.6%, 48.0%, 25.2%]",,,,
18,weights,14,69,0.040642105,1.994011858,2.023005769,0.000111111,47.28421053,"[41.6%, 52.4%, 46.2%, 39.6%, 52.4%, 49.6%, 50.4%, 46.4%, 55.8%, 55.6%, 55.6%, 59.4%, 55.8%, 40.2%, 44.6%, 32.4%, 48.6%, 48.0%, 23.8%]",,,,
18,weights,15,70,0.040642105,1.989315967,1.977594569,0.000111111,47.35789474,"[41.6%, 52.4%, 46.2%, 39.6%, 52.4%, 49.6%, 50.4%, 46.4%, 55.8%, 55.6%, 55.6%, 59.4%, 55.8%, 40.2%, 44.6%, 32.4%, 48.6%, 48.0%, 25.2%]",,,,
18,weights,16,71,0.040642105,1.975872815,1.974002302,0.000111111,47.41052632,"[41.6%, 52.4%, 46.2%, 39.6%, 52.4%, 49.6%, 50.4%, 46.4%, 55.8%, 55.6%, 55.6%, 59.4%, 55.8%, 40.2%, 44.6%, 32.4%, 48.6%, 48.0%, 26.2%]",,,,
18,weights,17,72,0.040642105,1.987476601,2.043858394,0.000111111,47.21052632,"[41.6%, 52.4%, 46.2%, 39.6%, 52.4%, 49.6%, 50.4%, 46.4%, 55.8%, 55.6%, 55.6%, 59.4%, 55.8%, 40.2%, 44.6%, 32.4%, 48.6%, 48.0%, 22.4%]",,,,
18,weights,18,73,0.040642105,1.975016935,2.063134536,0.000111111,47.41052632,"[41.6%, 52.4%, 46.2%, 39.6%, 52.4%, 49.6%, 50.4%, 46.4%, 55.8%, 55.6%, 55.6%, 59.4%, 55.8%, 40.2%, 44.6%, 32.4%, 48.6%, 48.0%, 26.2%]",,,,
18,weights,19,74,0.040642105,1.976566346,2.069049746,0.000111111,47.38947368,"[41.6%, 52.4%, 46.2%, 39.6%, 52.4%, 49.6%, 50.4%, 46.4%, 55.8%, 55.6%, 55.6%, 59.4%, 55.8%, 40.2%, 44.6%, 32.4%, 48.6%, 48.0%, 25.8%]",,,,
18,weights,20,75,0.040642105,1.969119792,1.979215324,0.000111111,47.38947368,"[41.6%, 52.4%, 46.2%, 39.6%, 52.4%, 49.6%, 50.4%, 46.4%, 55.8%, 55.6%, 55.6%, 59.4%, 55.8%, 40.2%, 44.6%, 32.4%, 48.6%, 48.0%, 25.8%]",,,,
18,weights,21,76,0.040642105,1.976203582,1.989637539,0.000111111,47.35789474,"[41.6%, 52.4%, 46.2%, 39.6%, 52.4%, 49.6%, 50.4%, 46.4%, 55.8%, 55.6%, 55.6%, 59.4%, 55.8%, 40.2%, 44.6%, 32.4%, 48.6%, 48.0%, 25.2%]",,,,
18,weights,22,77,0.040642105,1.977322387,1.966888756,0.000111111,47.37894737,"[41.6%, 52.4%, 46.2%, 39.6%, 52.4%, 49.6%, 50.4%, 46.4%, 55.8%, 55.6%, 55.6%, 59.4%, 55.8%, 40.2%, 44.6%, 32.4%, 48.6%, 48.0%, 25.6%]",,,,
18,weights,23,78,0.040642105,1.977038565,1.966984317,0.000111111,47.44210526,"[41.6%, 52.4%, 46.2%, 39.6%, 52.4%, 49.6%, 50.4%, 46.4%, 55.8%, 55.6%, 55.6%, 59.4%, 55.8%, 40.2%, 44.6%, 32.4%, 48.6%, 48.0%, 26.8%]",,,,
18,weights,24,79,0.040642105,1.960081283,1.979855761,0.000111111,47.36842105,"[41.6%, 52.4%, 46.2%, 39.6%, 52.4%, 49.6%, 50.4%, 46.4%, 55.8%, 55.6%, 55.6%, 59.4%, 55.8%, 40.2%, 44.6%, 32.4%, 48.6%, 48.0%, 25.4%]",,,,
18,weights,25,80,0.040642105,1.950030193,1.97681269,0.000111111,47.41052632,"[41.6%, 52.4%, 46.2%, 39.6%, 52.4%, 49.6%, 50.4%, 46.4%, 55.8%, 55.6%, 55.6%, 59.4%, 55.8%, 40.2%, 44.6%, 32.4%, 48.6%, 48.0%, 26.2%]",14.85263158,"[0.0%, 24.4%, 27.6%, 6.4%, 18.6%, 7.8%, 7.8%, 34.4%, 25.0%, 16.8%, 48.8%, 25.0%, 29.6%, 0.0%, 0.0%, 0.0%, 0.0%, 10.0%, 0.0%]",27.31052632,"[23.3%, 43.1%, 13.6%, 27.8%, 32.9%, 21.6%, 8.2%, 37.2%, 25.8%, 23.7%, 51.6%, 25.6%, 47.7%, 13.3%, 33.8%, 28.4%, 26%, 15.7%, 18%]"
19,parallel,1,1,0.05,6.504992564,5.844526231,0.000111111,45.04,"[41.6%, 52.4%, 46.2%, 39.6%, 52.4%, 49.6%, 50.4%, 46.4%, 55.8%, 55.6%, 55.6%, 59.4%, 55.8%, 40.2%, 44.6%, 32.4%, 48.6%, 48.0%, 26.2%, 0.0%]",,,,
19,parallel,2,2,0.05,5.67071471,5.520376801,0.000111111,45.04,"[41.6%, 52.4%, 46.2%, 39.6%, 52.4%, 49.6%, 50.4%, 46.4%, 55.8%, 55.6%, 55.6%, 59.4%, 55.8%, 40.2%, 44.6%, 32.4%, 48.6%, 48.0%, 26.2%, 0.0%]",,,,
19,parallel,3,3,0.05,5.388769572,5.200299978,0.000111111,45.04,"[41.6%, 52.4%, 46.2%, 39.6%, 52.4%, 49.6%, 50.4%, 46.4%, 55.8%, 55.6%, 55.6%, 59.4%, 55.8%, 40.2%, 44.6%, 32.4%, 48.6%, 48.0%, 26.2%, 0.0%]",,,,
19,parallel,4,4,0.05,4.707336924,3.940190822,0.000111111,45.54,"[41.6%, 52.4%, 46.2%, 39.6%, 52.4%, 49.6%, 50.4%, 46.4%, 55.8%, 55.6%, 55.6%, 59.4%, 55.8%, 40.2%, 44.6%, 32.4%, 48.6%, 48.0%, 26.2%, 10.0%]",,,,
19,parallel,5,5,0.049738375,3.196051981,2.672189653,0.000111111,45.54,"[41.6%, 52.4%, 46.2%, 39.6%, 52.4%, 49.6%, 50.4%, 46.4%, 55.8%, 55.6%, 55.6%, 59.4%, 55.8%, 40.2%, 44.6%, 32.4%, 48.6%, 48.0%, 26.2%, 10.0%]",,,,
19,parallel,6,6,0.049331801,2.518608365,2.428197563,0.000111111,45.54,"[41.6%, 52.4%, 46.2%, 39.6%, 52.4%, 49.6%, 50.4%, 46.4%, 55.8%, 55.6%, 55.6%, 59.4%, 55.8%, 40.2%, 44.6%, 32.4%, 48.6%, 48.0%, 26.2%, 10.0%]",,,,
19,parallel,7,7,0.048933547,2.398189641,2.37302205,0.000111111,45.54,"[41.6%, 52.4%, 46.2%, 39.6%, 52.4%, 49.6%, 50.4%, 46.4%, 55.8%, 55.6%, 55.6%, 59.4%, 55.8%, 40.2%, 44.6%, 32.4%, 48.6%, 48.0%, 26.2%, 10.0%]",,,,
19,parallel,8,8,0.048543613,2.405971213,2.381894916,0.000111111,45.54,"[41.6%, 52.4%, 46.2%, 39.6%, 52.4%, 49.6%, 50.4%, 46.4%, 55.8%, 55.6%, 55.6%, 59.4%, 55.8%, 40.2%, 44.6%, 32.4%, 48.6%, 48.0%, 26.2%, 10.0%]",,,,
19,parallel,9,9,0.048161999,2.368013684,2.354189962,0.000111111,45.54,"[41.6%, 52.4%, 46.2%, 39.6%, 52.4%, 49.6%, 50.4%, 46.4%, 55.8%, 55.6%, 55.6%, 59.4%, 55.8%, 40.2%, 44.6%, 32.4%, 48.6%, 48.0%, 26.2%, 10.0%]",,,,
19,parallel,10,10,0.047788704,2.351745536,2.343181103,0.000111111,45.54,"[41.6%, 52.4%, 46.2%, 39.6%, 52.4%, 49.6%, 50.4%, 46.4%, 55.8%, 55.6%, 55.6%, 59.4%, 55.8%, 40.2%, 44.6%, 32.4%, 48.6%, 48.0%, 26.2%, 10.0%]",,,,
19,parallel,11,11,0.04742373,2.340037497,2.338424712,0.000111111,45.54,"[41.6%, 52.4%, 46.2%, 39.6%, 52.4%, 49.6%, 50.4%, 46.4%, 55.8%, 55.6%, 55.6%, 59.4%, 55.8%, 40.2%, 44.6%, 32.4%, 48.6%, 48.0%, 26.2%, 10.0%]",,,,
19,parallel,12,12,0.047067076,2.333198741,2.329616427,0.000111111,45.54,"[41.6%, 52.4%, 46.2%, 39.6%, 52.4%, 49.6%, 50.4%, 46.4%, 55.8%, 55.6%, 55.6%, 59.4%, 55.8%, 40.2%, 44.6%, 32.4%, 48.6%, 48.0%, 26.2%, 10.0%]",,,,
19,parallel,13,13,0.046718742,2.330179884,2.3249017,0.000111111,45.54,"[41.6%, 52.4%, 46.2%, 39.6%, 52.4%, 49.6%, 50.4%, 46.4%, 55.8%, 55.6%, 55.6%, 59.4%, 55.8%, 40.2%, 44.6%, 32.4%, 48.6%, 48.0%, 26.2%, 10.0%]",,,,
19,parallel,14,14,0.046378728,2.324051945,2.323289484,0.000111111,45.54,"[41.6%, 52.4%, 46.2%, 39.6%, 52.4%, 49.6%, 50.4%, 46.4%, 55.8%, 55.6%, 55.6%, 59.4%, 55.8%, 40.2%, 44.6%, 32.4%, 48.6%, 48.0%, 26.2%, 10.0%]",,,,
19,parallel,15,15,0.046047033,2.322239339,2.319991052,0.000111111,45.54,"[41.6%, 52.4%, 46.2%, 39.6%, 52.4%, 49.6%, 50.4%, 46.4%, 55.8%, 55.6%, 55.6%, 59.4%, 55.8%, 40.2%, 44.6%, 32.4%, 48.6%, 48.0%, 26.2%, 10.0%]",,,,
19,parallel,16,16,0.045723659,2.321325716,2.31724453,0.000111111,45.54,"[41.6%, 52.4%, 46.2%, 39.6%, 52.4%, 49.6%, 50.4%, 46.4%, 55.8%, 55.6%, 55.6%, 59.4%, 55.8%, 40.2%, 44.6%, 32.4%, 48.6%, 48.0%, 26.2%, 10.0%]",,,,
19,parallel,17,17,0.045408605,2.318360893,2.316182584,0.000111111,45.54,"[41.6%, 52.4%, 46.2%, 39.6%, 52.4%, 49.6%, 50.4%, 46.4%, 55.8%, 55.6%, 55.6%, 59.4%, 55.8%, 40.2%, 44.6%, 32.4%, 48.6%, 48.0%, 26.2%, 10.0%]",,,,
19,parallel,18,18,0.045101871,2.318011815,2.315064251,0.000111111,45.54,"[41.6%, 52.4%, 46.2%, 39.6%, 52.4%, 49.6%, 50.4%, 46.4%, 55.8%, 55.6%, 55.6%, 59.4%, 55.8%, 40.2%, 44.6%, 32.4%, 48.6%, 48.0%, 26.2%, 10.0%]",,,,
19,parallel,19,19,0.044803457,2.315871212,2.310751677,0.000111111,45.54,"[41.6%, 52.4%, 46.2%, 39.6%, 52.4%, 49.6%, 50.4%, 46.4%, 55.8%, 55.6%, 55.6%, 59.4%, 55.8%, 40.2%, 44.6%, 32.4%, 48.6%, 48.0%, 26.2%, 10.0%]",,,,
19,parallel,20,20,0.044513363,2.311717924,2.299489856,0.000111111,45.73,"[41.6%, 52.4%, 46.2%, 39.6%, 52.4%, 49.6%, 50.4%, 46.4%, 55.8%, 55.6%, 55.6%, 59.4%, 55.8%, 40.2%, 44.6%, 32.4%, 48.6%, 48.0%, 26.2%, 13.8%]",,,,
19,parallel,21,21,0.044231588,2.19663684,2.014887214,0.000111111,46.05,"[41.6%, 52.4%, 46.2%, 39.6%, 52.4%, 49.6%, 50.4%, 46.4%, 55.8%, 55.6%, 55.6%, 59.4%, 55.8%, 40.2%, 44.6%, 32.4%, 48.6%, 48.0%, 26.2%, 20.2%]",,,,
19,parallel,22,22,0.043958134,2.03135879,1.925263643,0.000111111,46.03,"[41.6%, 52.4%, 46.2%, 39.6%, 52.4%, 49.6%, 50.4%, 46.4%, 55.8%, 55.6%, 55.6%, 59.4%, 55.8%, 40.2%, 44.6%, 32.4%, 48.6%, 48.0%, 26.2%, 19.8%]",,,,
19,parallel,23,23,0.043693,1.958029604,1.878427416,0.000111111,46.15,"[41.6%, 52.4%, 46.2%, 39.6%, 52.4%, 49.6%, 50.4%, 46.4%, 55.8%, 55.6%, 55.6%, 59.4%, 55.8%, 40.2%, 44.6%, 32.4%, 48.6%, 48.0%, 26.2%, 22.2%]",,,,
19,parallel,24,24,0.043436186,1.922184211,1.855382517,0.000111111,46.25,"[41.6%, 52.4%, 46.2%, 39.6%, 52.4%, 49.6%, 50.4%, 46.4%, 55.8%, 55.6%, 55.6%, 59.4%, 55.8%, 40.2%, 44.6%, 32.4%, 48.6%, 48.0%, 26.2%, 24.2%]",,,,
19,parallel,25,25,0.043187692,1.90072576,1.850725055,0.000111111,46.19,"[41.6%, 52.4%, 46.2%, 39.6%, 52.4%, 49.6%, 50.4%, 46.4%, 55.8%, 55.6%, 55.6%, 59.4%, 55.8%, 40.2%, 44.6%, 32.4%, 48.6%, 48.0%, 26.2%, 23.0%]",,,,
19,parallel,26,26,0.042947518,1.91246644,1.831925645,0.000111111,46.21,"[41.6%, 52.4%, 46.2%, 39.6%, 52.4%, 49.6%, 50.4%, 46.4%, 55.8%, 55.6%, 55.6%, 59.4%, 55.8%, 40.2%, 44.6%, 32.4%, 48.6%, 48.0%, 26.2%, 23.4%]",,,,
19,parallel,27,27,0.042715663,1.875628607,1.816132948,0.000111111,46.29,"[41.6%, 52.4%, 46.2%, 39.6%, 52.4%, 49.6%, 50.4%, 46.4%, 55.8%, 55.6%, 55.6%, 59.4%, 55.8%, 40.2%, 44.6%, 32.4%, 48.6%, 48.0%, 26.2%, 25.0%]",,,,
19,parallel,28,28,0.042492129,1.869241355,1.798898876,0.000111111,46.23,"[41.6%, 52.4%, 46.2%, 39.6%, 52.4%, 49.6%, 50.4%, 46.4%, 55.8%, 55.6%, 55.6%, 59.4%, 55.8%, 40.2%, 44.6%, 32.4%, 48.6%, 48.0%, 26.2%, 23.8%]",,,,
19,parallel,29,29,0.042276915,1.855470301,1.77638939,0.000111111,46.22,"[41.6%, 52.4%, 46.2%, 39.6%, 52.4%, 49.6%, 50.4%, 46.4%, 55.8%, 55.6%, 55.6%, 59.4%, 55.8%, 40.2%, 44.6%, 32.4%, 48.6%, 48.0%, 26.2%, 23.6%]",,,,
19,parallel,30,30,0.042070021,1.831899133,1.74658829,0.000111111,46.47,"[41.6%, 52.4%, 46.2%, 39.6%, 52.4%, 49.6%, 50.4%, 46.4%, 55.8%, 55.6%, 55.6%, 59.4%, 55.8%, 40.2%, 44.6%, 32.4%, 48.6%, 48.0%, 26.2%, 28.6%]",,,,
19,parallel,31,31,0.041871447,1.810900454,1.741575956,0.000111111,46.45,"[41.6%, 52.4%, 46.2%, 39.6%, 52.4%, 49.6%, 50.4%, 46.4%, 55.8%, 55.6%, 55.6%, 59.4%, 55.8%, 40.2%, 44.6%, 32.4%, 48.6%, 48.0%, 26.2%, 28.2%]",,,,
19,parallel,32,32,0.041681192,1.801972119,1.738702461,0.000111111,46.61,"[41.6%, 52.4%, 46.2%, 39.6%, 52.4%, 49.6%, 50.4%, 46.4%, 55.8%, 55.6%, 55.6%, 59.4%, 55.8%, 40.2%, 44.6%, 32.4%, 48.6%, 48.0%, 26.2%, 31.4%]",,,,
19,parallel,33,33,0.041499258,1.807034707,1.830508381,0.000111111,46.33,"[41.6%, 52.4%, 46.2%, 39.6%, 52.4%, 49.6%, 50.4%, 46.4%, 55.8%, 55.6%, 55.6%, 59.4%, 55.8%, 40.2%, 44.6%, 32.4%, 48.6%, 48.0%, 26.2%, 25.8%]",,,,
19,parallel,34,34,0.041325644,1.803027367,1.709427193,0.000111111,46.69,"[41.6%, 52.4%, 46.2%, 39.6%, 52.4%, 49.6%, 50.4%, 46.4%, 55.8%, 55.6%, 55.6%, 59.4%, 55.8%, 40.2%, 44.6%, 32.4%, 48.6%, 48.0%, 26.2%, 33.0%]",,,,
19,parallel,35,35,0.04116035,1.777367103,1.722969443,0.000111111,46.6,"[41.6%, 52.4%, 46.2%, 39.6%, 52.4%, 49.6%, 50.4%, 46.4%, 55.8%, 55.6%, 55.6%, 59.4%, 55.8%, 40.2%, 44.6%, 32.4%, 48.6%, 48.0%, 26.2%, 31.2%]",,,,
19,parallel,36,36,0.041003376,1.764949455,1.691798419,0.000111111,46.64,"[41.6%, 52.4%, 46.2%, 39.6%, 52.4%, 49.6%, 50.4%, 46.4%, 55.8%, 55.6%, 55.6%, 59.4%, 55.8%, 40.2%, 44.6%, 32.4%, 48.6%, 48.0%, 26.2%, 32.0%]",,,,
19,parallel,37,37,0.040854722,1.754644954,1.664355129,0.000111111,46.7,"[41.6%, 52.4%, 46.2%, 39.6%, 52.4%, 49.6%, 50.4%, 46.4%, 55.8%, 55.6%, 55.6%, 59.4%, 55.8%, 40.2%, 44.6%, 32.4%, 48.6%, 48.0%, 26.2%, 33.2%]",,,,
19,parallel,38,38,0.040714387,1.74299029,1.684913084,0.000111111,46.8,"[41.6%, 52.4%, 46.2%, 39.6%, 52.4%, 49.6%, 50.4%, 46.4%, 55.8%, 55.6%, 55.6%, 59.4%, 55.8%, 40.2%, 44.6%, 32.4%, 48.6%, 48.0%, 26.2%, 35.2%]",,,,
19,parallel,39,39,0.040582373,1.723514789,1.603837743,0.000111111,46.85,"[41.6%, 52.4%, 46.2%, 39.6%, 52.4%, 49.6%, 50.4%, 46.4%, 55.8%, 55.6%, 55.6%, 59.4%, 55.8%, 40.2%, 44.6%, 32.4%, 48.6%, 48.0%, 26.2%, 36.2%]",,,,
19,parallel,40,40,0.040458679,1.69200812,1.621063858,0.000111111,46.97,"[41.6%, 52.4%, 46.2%, 39.6%, 52.4%, 49.6%, 50.4%, 46.4%, 55.8%, 55.6%, 55.6%, 59.4%, 55.8%, 40.2%, 44.6%, 32.4%, 48.6%, 48.0%, 26.2%, 38.6%]",,,,
19,parallel,41,41,0.040343305,1.700952248,1.603890195,0.000111111,47.02,"[41.6%, 52.4%, 46.2%, 39.6%, 52.4%, 49.6%, 50.4%, 46.4%, 55.8%, 55.6%, 55.6%, 59.4%, 55.8%, 40.2%, 44.6%, 32.4%, 48.6%, 48.0%, 26.2%, 39.6%]",,,,
19,parallel,42,42,0.040236251,1.675890483,1.596522138,0.000111111,46.96,"[41.6%, 52.4%, 46.2%, 39.6%, 52.4%, 49.6%, 50.4%, 46.4%, 55.8%, 55.6%, 55.6%, 59.4%, 55.8%, 40.2%, 44.6%, 32.4%, 48.6%, 48.0%, 26.2%, 38.4%]",,,,
19,parallel,43,43,0.040137517,1.65307418,1.672355518,0.000111111,46.77,"[41.6%, 52.4%, 46.2%, 39.6%, 52.4%, 49.6%, 50.4%, 46.4%, 55.8%, 55.6%, 55.6%, 59.4%, 55.8%, 40.2%, 44.6%, 32.4%, 48.6%, 48.0%, 26.2%, 34.6%]",,,,
19,parallel,44,44,0.040047102,1.628126915,1.556838542,0.000111111,46.91,"[41.6%, 52.4%, 46.2%, 39.6%, 52.4%, 49.6%, 50.4%, 46.4%, 55.8%, 55.6%, 55.6%, 59.4%, 55.8%, 40.2%, 44.6%, 32.4%, 48.6%, 48.0%, 26.2%, 37.4%]",,,,
19,parallel,45,45,0.039965008,1.610198558,1.52095288,0.000111111,47.02,"[41.6%, 52.4%, 46.2%, 39.6%, 52.4%, 49.6%, 50.4%, 46.4%, 55.8%, 55.6%, 55.6%, 59.4%, 55.8%, 40.2%, 44.6%, 32.4%, 48.6%, 48.0%, 26.2%, 39.6%]",,,,
19,parallel,46,46,0.039891234,1.615696679,1.533526942,0.000111111,47.07,"[41.6%, 52.4%, 46.2%, 39.6%, 52.4%, 49.6%, 50.4%, 46.4%, 55.8%, 55.6%, 55.6%, 59.4%, 55.8%, 40.2%, 44.6%, 32.4%, 48.6%, 48.0%, 26.2%, 40.6%]",,,,
19,parallel,47,47,0.03982578,1.600123256,1.529544309,0.000111111,46.96,"[41.6%, 52.4%, 46.2%, 39.6%, 52.4%, 49.6%, 50.4%, 46.4%, 55.8%, 55.6%, 55.6%, 59.4%, 55.8%, 40.2%, 44.6%, 32.4%, 48.6%, 48.0%, 26.2%, 38.4%]",,,,
19,parallel,48,48,0.039768646,1.57486478,1.520357564,0.000111111,47.03,"[41.6%, 52.4%, 46.2%, 39.6%, 52.4%, 49.6%, 50.4%, 46.4%, 55.8%, 55.6%, 55.6%, 59.4%, 55.8%, 40.2%, 44.6%, 32.4%, 48.6%, 48.0%, 26.2%, 39.8%]",,,,
19,parallel,49,49,0.039719831,1.574496645,1.542394787,0.000111111,47.07,"[41.6%, 52.4%, 46.2%, 39.6%, 52.4%, 49.6%, 50.4%, 46.4%, 55.8%, 55.6%, 55.6%, 59.4%, 55.8%, 40.2%, 44.6%, 32.4%, 48.6%, 48.0%, 26.2%, 40.6%]",,,,
19,parallel,50,50,0.039679337,1.550650456,1.498111755,0.000111111,47.04,"[41.6%, 52.4%, 46.2%, 39.6%, 52.4%, 49.6%, 50.4%, 46.4%, 55.8%, 55.6%, 55.6%, 59.4%, 55.8%, 40.2%, 44.6%, 32.4%, 48.6%, 48.0%, 26.2%, 40.0%]",,,,
19,parallel,51,51,0.039647163,1.544660103,1.433303356,0.000111111,47.21,"[41.6%, 52.4%, 46.2%, 39.6%, 52.4%, 49.6%, 50.4%, 46.4%, 55.8%, 55.6%, 55.6%, 59.4%, 55.8%, 40.2%, 44.6%, 32.4%, 48.6%, 48.0%, 26.2%, 43.4%]",,,,
19,parallel,52,52,0.039623309,1.534407515,1.438077822,0.000111111,47.15,"[41.6%, 52.4%, 46.2%, 39.6%, 52.4%, 49.6%, 50.4%, 46.4%, 55.8%, 55.6%, 55.6%, 59.4%, 55.8%, 40.2%, 44.6%, 32.4%, 48.6%, 48.0%, 26.2%, 42.2%]",,,,
19,parallel,53,53,0.039607775,1.530290435,1.457616895,0.000111111,47.06,"[41.6%, 52.4%, 46.2%, 39.6%, 52.4%, 49.6%, 50.4%, 46.4%, 55.8%, 55.6%, 55.6%, 59.4%, 55.8%, 40.2%, 44.6%, 32.4%, 48.6%, 48.0%, 26.2%, 40.4%]",,,,
19,parallel,54,54,0.039600561,1.530015297,1.461214513,0.000111111,47.14,"[41.6%, 52.4%, 46.2%, 39.6%, 52.4%, 49.6%, 50.4%, 46.4%, 55.8%, 55.6%, 55.6%, 59.4%, 55.8%, 40.2%, 44.6%, 32.4%, 48.6%, 48.0%, 26.2%, 42.0%]",,,,
19,parallel,55,55,0.0396,1.53418655,1.440062553,0.000111111,47.07,"[41.6%, 52.4%, 46.2%, 39.6%, 52.4%, 49.6%, 50.4%, 46.4%, 55.8%, 55.6%, 55.6%, 59.4%, 55.8%, 40.2%, 44.6%, 32.4%, 48.6%, 48.0%, 26.2%, 40.6%]",,,,
19,weights,1,56,0.0396,1.514069258,1.408000752,0.000111111,47.26,"[41.6%, 52.4%, 46.2%, 39.6%, 52.4%, 49.6%, 50.4%, 46.4%, 55.8%, 55.6%, 55.6%, 59.4%, 55.8%, 40.2%, 44.6%, 32.4%, 48.6%, 48.0%, 26.2%, 44.4%]",,,,
19,weights,2,57,0.0396,1.510788198,1.435054958,0.000111111,47.17,"[41.6%, 52.4%, 46.2%, 39.6%, 52.4%, 49.6%, 50.4%, 46.4%, 55.8%, 55.6%, 55.6%, 59.4%, 55.8%, 40.2%, 44.6%, 32.4%, 48.6%, 48.0%, 26.2%, 42.6%]",,,,
19,weights,3,58,0.0396,1.500762147,1.410857201,0.000111111,47.26,"[41.6%, 52.4%, 46.2%, 39.6%, 52.4%, 49.6%, 50.4%, 46.4%, 55.8%, 55.6%, 55.6%, 59.4%, 55.8%, 40.2%, 44.6%, 32.4%, 48.6%, 48.0%, 26.2%, 44.4%]",,,,
19,weights,4,59,0.0396,1.481876488,1.412235841,0.000111111,47.24,"[41.6%, 52.4%, 46.2%, 39.6%, 52.4%, 49.6%, 50.4%, 46.4%, 55.8%, 55.6%, 55.6%, 59.4%, 55.8%, 40.2%, 44.6%, 32.4%, 48.6%, 48.0%, 26.2%, 44.0%]",,,,
19,weights,5,60,0.0396,1.486018151,1.431293726,0.000111111,47.33,"[41.6%, 52.4%, 46.2%, 39.6%, 52.4%, 49.6%, 50.4%, 46.4%, 55.8%, 55.6%, 55.6%, 59.4%, 55.8%, 40.2%, 44.6%, 32.4%, 48.6%, 48.0%, 26.2%, 45.8%]",,,,
19,weights,6,61,0.0396,1.503832628,1.383283481,0.000111111,47.3,"[41.6%, 52.4%, 46.2%, 39.6%, 52.4%, 49.6%, 50.4%, 46.4%, 55.8%, 55.6%, 55.6%, 59.4%, 55.8%, 40.2%, 44.6%, 32.4%, 48.6%, 48.0%, 26.2%, 45.2%]",,,,
19,weights,7,62,0.0396,1.488595751,1.381146573,0.000111111,47.3,"[41.6%, 52.4%, 46.2%, 39.6%, 52.4%, 49.6%, 50.4%, 46.4%, 55.8%, 55.6%, 55.6%, 59.4%, 55.8%, 40.2%, 44.6%, 32.4%, 48.6%, 48.0%, 26.2%, 45.2%]",,,,
19,weights,8,63,0.0396,1.475735144,1.394605696,0.000111111,47.25,"[41.6%, 52.4%, 46.2%, 39.6%, 52.4%, 49.6%, 50.4%, 46.4%, 55.8%, 55.6%, 55.6%, 59.4%, 55.8%, 40.2%, 44.6%, 32.4%, 48.6%, 48.0%, 26.2%, 44.2%]",,,,
19,weights,9,64,0.0396,1.470363365,1.435725614,0.000111111,47.2,"[41.6%, 52.4%, 46.2%, 39.6%, 52.4%, 49.6%, 50.4%, 46.4%, 55.8%, 55.6%, 55.6%, 59.4%, 55.8%, 40.2%, 44.6%, 32.4%, 48.6%, 48.0%, 26.2%, 43.2%]",,,,
19,weights,10,65,0.0396,1.474164287,1.379959732,0.000111111,47.31,"[41.6%, 52.4%, 46.2%, 39.6%, 52.4%, 49.6%, 50.4%, 46.4%, 55.8%, 55.6%, 55.6%, 59.4%, 55.8%, 40.2%, 44.6%, 32.4%, 48.6%, 48.0%, 26.2%, 45.4%]",,,,
19,weights,11,66,0.0396,1.460557074,1.387670815,0.000111111,47.3,"[41.6%, 52.4%, 46.2%, 39.6%, 52.4%, 49.6%, 50.4%, 46.4%, 55.8%, 55.6%, 55.6%, 59.4%, 55.8%, 40.2%, 44.6%, 32.4%, 48.6%, 48.0%, 26.2%, 45.2%]",,,,
19,weights,12,67,0.0396,1.467171111,1.390156388,0.000111111,47.2,"[41.6%, 52.4%, 46.2%, 39.6%, 52.4%, 49.6%, 50.4%, 46.4%, 55.8%, 55.6%, 55.6%, 59.4%, 55.8%, 40.2%, 44.6%, 32.4%, 48.6%, 48.0%, 26.2%, 43.2%]",,,,
19,weights,13,68,0.0396,1.454960064,1.35955596,0.000111111,47.42,"[41.6%, 52.4%, 46.2%, 39.6%, 52.4%, 49.6%, 50.4%, 46.4%, 55.8%, 55.6%, 55.6%, 59.4%, 55.8%, 40.2%, 44.6%, 32.4%, 48.6%, 48.0%, 26.2%, 47.6%]",,,,
19,weights,14,69,0.0396,1.451580903,1.397053033,0.000111111,47.26,"[41.6%, 52.4%, 46.2%, 39.6%, 52.4%, 49.6%, 50.4%, 46.4%, 55.8%, 55.6%, 55.6%, 59.4%, 55.8%, 40.2%, 44.6%, 32.4%, 48.6%, 48.0%, 26.2%, 44.4%]",,,,
19,weights,15,70,0.0396,1.447039271,1.342050329,0.000111111,47.44,"[41.6%, 52.4%, 46.2%, 39.6%, 52.4%, 49.6%, 50.4%, 46.4%, 55.8%, 55.6%, 55.6%, 59.4%, 55.8%, 40.2%, 44.6%, 32.4%, 48.6%, 48.0%, 26.2%, 48.0%]",,,,
19,weights,16,71,0.0396,1.448199426,1.38259314,0.000111111,47.27,"[41.6%, 52.4%, 46.2%, 39.6%, 52.4%, 49.6%, 50.4%, 46.4%, 55.8%, 55.6%, 55.6%, 59.4%, 55.8%, 40.2%, 44.6%, 32.4%, 48.6%, 48.0%, 26.2%, 44.6%]",,,,
19,weights,17,72,0.0396,1.454551193,1.356782593,0.000111111,47.33,"[41.6%, 52.4%, 46.2%, 39.6%, 52.4%, 49.6%, 50.4%, 46.4%, 55.8%, 55.6%, 55.6%, 59.4%, 55.8%, 40.2%, 44.6%, 32.4%, 48.6%, 48.0%, 26.2%, 45.8%]",,,,
19,weights,18,73,0.0396,1.4612039,1.363972701,0.000111111,47.29,"[41.6%, 52.4%, 46.2%, 39.6%, 52.4%, 49.6%, 50.4%, 46.4%, 55.8%, 55.6%, 55.6%, 59.4%, 55.8%, 40.2%, 44.6%, 32.4%, 48.6%, 48.0%, 26.2%, 45.0%]",,,,
19,weights,19,74,0.0396,1.442190083,1.351514682,0.000111111,47.4,"[41.6%, 52.4%, 46.2%, 39.6%, 52.4%, 49.6%, 50.4%, 46.4%, 55.8%, 55.6%, 55.6%, 59.4%, 55.8%, 40.2%, 44.6%, 32.4%, 48.6%, 48.0%, 26.2%, 47.2%]",,,,
19,weights,20,75,0.0396,1.436317433,1.383442968,0.000111111,47.29,"[41.6%, 52.4%, 46.2%, 39.6%, 52.4%, 49.6%, 50.4%, 46.4%, 55.8%, 55.6%, 55.6%, 59.4%, 55.8%, 40.2%, 44.6%, 32.4%, 48.6%, 48.0%, 26.2%, 45.0%]",,,,
19,weights,21,76,0.0396,1.442629096,1.356751308,0.000111111,47.26,"[41.6%, 52.4%, 46.2%, 39.6%, 52.4%, 49.6%, 50.4%, 46.4%, 55.8%, 55.6%, 55.6%, 59.4%, 55.8%, 40.2%, 44.6%, 32.4%, 48.6%, 48.0%, 26.2%, 44.4%]",,,,
19,weights,22,77,0.0396,1.415789034,1.339489251,0.000111111,47.34,"[41.6%, 52.4%, 46.2%, 39.6%, 52.4%, 49.6%, 50.4%, 46.4%, 55.8%, 55.6%, 55.6%, 59.4%, 55.8%, 40.2%, 44.6%, 32.4%, 48.6%, 48.0%, 26.2%, 46.0%]",,,,
19,weights,23,78,0.0396,1.424505296,1.385280102,0.000111111,47.34,"[41.6%, 52.4%, 46.2%, 39.6%, 52.4%, 49.6%, 50.4%, 46.4%, 55.8%, 55.6%, 55.6%, 59.4%, 55.8%, 40.2%, 44.6%, 32.4%, 48.6%, 48.0%, 26.2%, 46.0%]",,,,
19,weights,24,79,0.0396,1.408908103,1.352978796,0.000111111,47.37,"[41.6%, 52.4%, 46.2%, 39.6%, 52.4%, 49.6%, 50.4%, 46.4%, 55.8%, 55.6%, 55.6%, 59.4%, 55.8%, 40.2%, 44.6%, 32.4%, 48.6%, 48.0%, 26.2%, 46.6%]",,,,
19,weights,25,80,0.0396,1.421976963,1.341800302,0.000111111,47.29,"[41.6%, 52.4%, 46.2%, 39.6%, 52.4%, 49.6%, 50.4%, 46.4%, 55.8%, 55.6%, 55.6%, 59.4%, 55.8%, 40.2%, 44.6%, 32.4%, 48.6%, 48.0%, 26.2%, 45.0%]",14.11,"[0.0%, 24.4%, 27.6%, 6.4%, 18.6%, 7.8%, 7.8%, 34.4%, 25.0%, 16.8%, 48.8%, 25.0%, 29.6%, 0.0%, 0.0%, 0.0%, 0.0%, 10.0%, 0.0%, 0.0%]",26.8,"[23%, 35.4%, 21.9%, 33.6%, 33.5%, 25.4%, 15.7%, 37.9%, 25.9%, 23.8%, 26.8%, 26.2%, 47.7%, 13.2%, 34.3%, 12.4%, 30.2%, 18.8%, 18%, 32.8%]"
