task_idx,phase,epoch_in_phase,global_epoch,kappa,train_loss,val_loss,lr,til_avg,til_per_task,cil_stand_avg,cil_stand_per_task,cil_znorm_avg,cil_znorm_per_task
0,parallel,1,1,0.5,2.567562199846099,2.2255455553531647,0.001,26.3,[26.3%],,,,
0,parallel,2,2,0.5,2.09641188760347,1.9309904351830482,0.001,34.1,[34.1%],,,,
0,parallel,3,3,0.5,1.8370089742201794,1.7238792032003403,0.001,40.2,[40.2%],,,,
0,parallel,4,4,0.5,1.6411039467099346,1.579756747931242,0.001,47.6,[47.6%],,,,
0,parallel,5,5,0.4905664156385195,1.5205333270604098,1.5317735597491264,0.001,48.4,[48.4%],,,,
0,parallel,6,6,0.475906289056241,1.4250702993779243,1.3815910406410694,0.001,52.1,[52.1%],,,,
0,parallel,7,7,0.4615461624739625,1.3111578799501251,1.260858029127121,0.001,58.3,[58.3%],,,,
0,parallel,8,8,0.447486035891684,1.2217355189444143,1.200519148260355,0.001,59.3,[59.3%],,,,
0,parallel,9,9,0.4337259093094055,1.1734025463273254,1.243088398128748,0.001,57.2,[57.2%],,,,
0,parallel,10,10,0.42026578272712706,1.1321939199785642,1.1267719715833664,0.001,60.7,[60.7%],,,,
0,parallel,11,11,0.4071056561448486,1.0650408441507364,1.0924907606095076,0.001,61.4,[61.4%],,,,
0,parallel,12,12,0.39424552956257014,1.0324750157851208,1.1016816310584545,0.001,62.6,[62.6%],,,,
0,parallel,13,13,0.38168540298029163,1.0010741971716095,1.0327041689306498,0.001,62.8,[62.8%],,,,
0,parallel,14,14,0.36942527639801315,0.9634703978707518,1.2512532230466604,0.001,57.2,[57.2%],,,,
0,parallel,15,15,0.35746514981573463,0.9219999532156353,0.930344719439745,0.001,69.1,[69.1%],,,,
0,parallel,16,16,0.34580502323345613,0.8616596113277387,0.9661926720291376,0.001,65.9,[65.9%],,,,
0,parallel,17,17,0.33444489665117766,0.8573745111875897,0.9206832051277161,0.001,70.6,[70.6%],,,,
0,parallel,18,18,0.32338477006889915,0.8656345560580869,0.9799832496792078,0.001,66.7,[66.7%],,,,
0,parallel,19,19,0.3126246434866208,0.8196117312093324,0.9522000066936016,0.001,67.2,[67.2%],,,,
0,parallel,20,20,0.30216451690434226,0.8149275485473343,0.8526758905500174,0.001,70.4,[70.4%],,,,
0,parallel,21,21,0.29200439032206377,0.8183582357213467,0.8867111690342426,0.001,69.8,[69.8%],,,,
0,parallel,22,22,0.2821442637397853,0.782830432246003,0.936160271987319,0.001,68.4,[68.4%],,,,
0,parallel,23,23,0.27258413715750685,0.777959099298791,0.7852356694638729,0.001,73.7,[73.7%],,,,
0,parallel,24,24,0.26332401057522836,0.7768461296829996,0.8865564577281475,0.001,69.1,[69.1%],,,,
0,parallel,25,25,0.25436388399294985,0.7410113607780843,0.8457546997815371,0.001,72.6,[72.6%],,,,
0,parallel,26,26,0.24570375741067135,0.8089912330047994,0.8651666659861803,0.001,71.7,[71.7%],,,,
0,parallel,27,27,0.23734363082839288,0.772170553101769,0.8154803272336721,0.001,72.6,[72.6%],,,,
0,parallel,28,28,0.22928350424611438,0.7746531254128565,0.8797957897186279,0.0003333333333333333,70.5,[70.5%],,,,
0,parallel,29,29,0.2215233776638359,0.6363811149627348,0.8020869605243206,0.0003333333333333333,73.8,[73.8%],,,,
0,parallel,30,30,0.21406325108155744,0.6604053332835813,0.8001790400594473,0.0003333333333333333,73.3,[73.3%],,,,
0,parallel,31,31,0.20690312449927897,0.6388770447501654,0.8226305637508631,0.0003333333333333333,73.0,[73.0%],,,,
0,parallel,32,32,0.20004299791700048,0.7074583478366272,0.8927530907094479,0.0003333333333333333,69.7,[69.7%],,,,
0,parallel,33,33,0.193482871334722,0.7226922693131845,0.8866403419524431,0.0001111111111111111,70.7,[70.7%],,,,
0,parallel,34,34,0.1872227447524435,0.7461104453364505,1.0009021870791912,0.0001111111111111111,67.2,[67.2%],,,,
0,parallel,35,35,0.18126261817016504,0.8178139234645457,0.9526258446276188,0.0001111111111111111,69.1,[69.1%],,,,
0,parallel,36,36,0.17560249158788657,0.8226552032217195,0.9408094920217991,0.0001111111111111111,69.2,[69.2%],,,,
0,parallel,37,37,0.17024236500560808,0.9394428850729254,1.000104732811451,0.0001111111111111111,67.6,[67.6%],,,,
0,parallel,38,38,0.1651822384233296,0.9496099164214316,0.9765059985220432,0.0001111111111111111,68.5,[68.5%],,,,
0,parallel,39,39,0.1604221118410511,0.9239232374142997,0.987822400406003,0.0001111111111111111,69.4,[69.4%],,,,
0,parallel,40,40,0.15596198525877264,0.9685275388669364,1.0925984978675842,0.0001111111111111111,65.9,[65.9%],,,,
0,parallel,41,41,0.15180185867649415,1.013185756870463,1.0550727508962154,0.0001111111111111111,65.7,[65.7%],,,,
0,parallel,42,42,0.14794173209421568,1.0100385803210585,1.0947171114385128,0.0001111111111111111,65.6,[65.6%],,,,
0,parallel,43,43,0.14438160551193718,0.9851281846625896,1.0699295550584793,0.0001111111111111111,65.4,[65.4%],,,,
0,parallel,44,44,0.1411214789296587,0.9596382666237747,1.0461451634764671,0.0001111111111111111,66.3,[66.3%],,,,
0,parallel,45,45,0.13816135234738022,1.1085416221920448,1.1520006209611893,0.0001111111111111111,62.8,[62.8%],,,,
0,parallel,46,46,0.13550122576510173,1.0403970185714433,1.1274910382926464,0.0001111111111111111,63.7,[63.7%],,,,
0,parallel,47,47,0.13314109918282327,0.9987675472150875,1.072910975664854,0.0001111111111111111,64.8,[64.8%],,,,
0,parallel,48,48,0.13108097260054477,1.0600888321671305,1.1098555400967598,0.0001111111111111111,64.5,[64.5%],,,,
0,parallel,49,49,0.1293208460182663,1.0120029268385489,1.0708824023604393,0.0001111111111111111,65.5,[65.5%],,,,
0,parallel,50,50,0.1278607194359878,1.0154404255408276,1.0930530652403831,0.0001111111111111111,65.0,[65.0%],,,,
0,parallel,51,51,0.12670059285370935,0.9770110189160214,1.0659591741859913,0.0001111111111111111,65.8,[65.8%],,,,
0,parallel,52,52,0.12584046627143086,0.950161549863936,1.045695897191763,0.0001111111111111111,66.4,[66.4%],,,,
0,parallel,53,53,0.1252803396891524,0.9184428943863397,1.0334903299808502,0.0001111111111111111,66.4,[66.4%],,,,
0,parallel,54,54,0.1250202131068739,0.9178833667236038,1.0222430117428303,0.0001111111111111111,66.6,[66.6%],,,,
0,parallel,55,55,0.125,0.8945290061491954,1.0207742415368557,0.0001111111111111111,66.5,[66.5%],,,,
0,weights,1,56,0.125,0.8893675645695457,1.009566854685545,0.0001111111111111111,67.2,[67.2%],,,,
0,weights,2,57,0.125,0.8573059847083273,0.9926565773785114,0.0001111111111111111,68.6,[68.6%],,,,
0,weights,3,58,0.125,0.8356419922430304,1.0161482132971287,0.0001111111111111111,66.4,[66.4%],,,,
0,weights,4,59,0.125,0.8470980570286135,1.0000764392316341,0.0001111111111111111,67.1,[67.1%],,,,
0,weights,5,60,0.125,0.8189214264290242,0.97925915569067,0.0001111111111111111,68.3,[68.3%],,,,
0,weights,6,61,0.125,0.827004027517536,0.9567122235894203,0.0001111111111111111,69.2,[69.2%],,,,
0,weights,7,62,0.125,0.8109780399105216,0.9669754691421986,0.0001111111111111111,68.7,[68.7%],,,,
0,weights,8,63,0.125,0.7920197120195702,0.9366022981703281,0.0001111111111111111,69.5,[69.5%],,,,
0,weights,9,64,0.125,0.7946153381202794,0.9600882306694984,0.0001111111111111111,68.9,[68.9%],,,,
0,weights,10,65,0.125,0.7850682056402858,0.9500250350683928,0.0001111111111111111,68.0,[68.0%],,,,
0,weights,11,66,0.125,0.7808773517608643,0.9376106485724449,0.0001111111111111111,69.8,[69.8%],,,,
0,weights,12,67,0.125,0.7679381985453111,0.9322182089090347,0.0001111111111111111,69.8,[69.8%],,,,
0,weights,13,68,0.125,0.7608728718154038,0.9363809041678905,0.0001111111111111111,70.1,[70.1%],,,,
0,weights,14,69,0.125,0.7693746180474004,0.9237165600061417,0.0001111111111111111,69.4,[69.4%],,,,
0,weights,15,70,0.125,0.7473934160757668,0.9475387819111347,0.0001111111111111111,68.4,[68.4%],,,,
0,weights,16,71,0.125,0.7559684771525709,0.9102670922875404,0.0001111111111111111,70.6,[70.6%],,,,
0,weights,17,72,0.125,0.7338593198528772,0.91273158416152,0.0001111111111111111,70.7,[70.7%],,,,
0,weights,18,73,0.125,0.7324714581423168,0.9129687659442425,0.0001111111111111111,70.8,[70.8%],,,,
0,weights,19,74,0.125,0.7199113097371934,0.9075464978814125,0.0001111111111111111,70.2,[70.2%],,,,
0,weights,20,75,0.125,0.7202421106115172,0.920586209744215,0.0001111111111111111,70.5,[70.5%],,,,
0,weights,21,76,0.125,0.7060824847674068,0.904703876003623,0.0001111111111111111,70.0,[70.0%],,,,
0,weights,22,77,0.125,0.7040036807331858,0.927874282002449,0.0001111111111111111,69.9,[69.9%],,,,
0,weights,23,78,0.125,0.7028051531767543,0.905491542071104,0.0001111111111111111,70.6,[70.6%],,,,
0,weights,24,79,0.125,0.6986686911764024,0.9040414020419121,0.0001111111111111111,70.2,[70.2%],,,,
0,weights,25,80,0.125,0.6978521124471592,0.9153458774089813,0.0001111111111111111,70.1,[70.1%],70.1,[70.1%],70.1,[70.1%]
1,parallel,1,1,0.5,2.868374872811233,2.292727217078209,0.0001111111111111111,43.5,"[70.1%, 16.9%]",,,,
1,parallel,2,2,0.5,2.1863066652153114,2.063796930015087,0.0001111111111111111,45.0,"[70.1%, 19.9%]",,,,
1,parallel,3,3,0.5,2.05669106863722,2.0046027526259422,0.0001111111111111111,46.05,"[70.1%, 22.0%]",,,,
1,parallel,4,4,0.5,1.9847373223002953,1.904222048819065,0.0001111111111111111,48.75,"[70.1%, 27.4%]",,,,
1,parallel,5,5,0.4905664156385195,1.9003311395645142,1.9159748926758766,0.0001111111111111111,50.3,"[70.1%, 30.5%]",,,,
1,parallel,6,6,0.475906289056241,1.8400887809222257,1.7928808629512787,0.0001111111111111111,51.75,"[70.1%, 33.4%]",,,,
1,parallel,7,7,0.4615461624739625,1.7631355161908306,1.7773542664945126,0.0001111111111111111,52.55,"[70.1%, 35.0%]",,,,
1,parallel,8,8,0.447486035891684,1.6594107754622833,1.59915142506361,0.0001111111111111111,57.8,"[70.1%, 45.5%]",,,,
1,parallel,9,9,0.4337259093094055,1.5966337345823456,1.5817656815052032,0.0001111111111111111,57.25,"[70.1%, 44.4%]",,,,
1,parallel,10,10,0.42026578272712706,1.516807206069367,1.4911282993853092,0.0001111111111111111,58.65,"[70.1%, 47.2%]",,,,
1,parallel,11,11,0.4071056561448486,1.4715178329733354,1.477345496416092,0.0001111111111111111,60.349999999999994,"[70.1%, 50.6%]",,,,
1,parallel,12,12,0.39424552956257014,1.3999038391475436,1.3899276405572891,0.0001111111111111111,61.05,"[70.1%, 52.0%]",,,,
1,parallel,13,13,0.38168540298029163,1.369710178314885,1.356703408062458,0.0001111111111111111,62.0,"[70.1%, 53.9%]",,,,
1,parallel,14,14,0.36942527639801315,1.2977994604955745,1.3130654506385326,0.0001111111111111111,62.9,"[70.1%, 55.7%]",,,,
1,parallel,15,15,0.35746514981573463,1.2594699867164032,1.3260452933609486,0.0001111111111111111,61.699999999999996,"[70.1%, 53.3%]",,,,
1,parallel,16,16,0.34580502323345613,1.2068777899198895,1.3365768305957317,0.0001111111111111111,61.849999999999994,"[70.1%, 53.6%]",,,,
1,parallel,17,17,0.33444489665117766,1.2032110034664976,1.289227195084095,0.0001111111111111111,62.199999999999996,"[70.1%, 54.3%]",,,,
1,parallel,18,18,0.32338477006889915,1.1527474673488471,1.2089079953730106,0.0001111111111111111,64.3,"[70.1%, 58.5%]",,,,
1,parallel,19,19,0.3126246434866208,1.0970608237423474,1.2327860295772552,0.0001111111111111111,64.1,"[70.1%, 58.1%]",,,,
1,parallel,20,20,0.30216451690434226,1.1213417407832569,1.1801557093858719,0.0001111111111111111,65.3,"[70.1%, 60.5%]",,,,
1,parallel,21,21,0.29200439032206377,1.0961147154433817,1.221927285194397,0.0001111111111111111,64.75,"[70.1%, 59.4%]",,,,
1,parallel,22,22,0.2821442637397853,1.0228460242476645,1.1842751652002335,0.0001111111111111111,66.19999999999999,"[70.1%, 62.3%]",,,,
1,parallel,23,23,0.27258413715750685,1.0247906197475483,1.142814103513956,0.0001111111111111111,65.6,"[70.1%, 61.1%]",,,,
1,parallel,24,24,0.26332401057522836,1.0205221726924558,1.111260775476694,0.0001111111111111111,65.4,"[70.1%, 60.7%]",,,,
1,parallel,25,25,0.25436388399294985,0.9930220336853703,1.1228208132088184,0.0001111111111111111,66.8,"[70.1%, 63.5%]",,,,
1,parallel,26,26,0.24570375741067135,0.9941877202142643,1.1537066251039505,0.0001111111111111111,65.55,"[70.1%, 61.0%]",,,,
1,parallel,27,27,0.23734363082839288,0.9749287623393385,1.1122356168925762,0.0001111111111111111,65.6,"[70.1%, 61.1%]",,,,
1,parallel,28,28,0.22928350424611438,1.1108001908169518,1.1447618082165718,0.0001111111111111111,65.85,"[70.1%, 61.6%]",,,,
1,parallel,29,29,0.2215233776638359,0.9676064305667635,1.0871562100946903,0.0001111111111111111,66.85,"[70.1%, 63.6%]",,,,
1,parallel,30,30,0.21406325108155744,1.0582977963399283,1.1334799826145172,0.0001111111111111111,66.0,"[70.1%, 61.9%]",,,,
1,parallel,31,31,0.20690312449927897,0.9594807677631136,1.075119610875845,0.0001111111111111111,67.69999999999999,"[70.1%, 65.3%]",,,,
1,parallel,32,32,0.20004299791700048,0.995546479768391,1.0598502606153488,0.0001111111111111111,67.55,"[70.1%, 65.0%]",,,,
1,parallel,33,33,0.193482871334722,1.0255089538006843,1.0315906405448914,0.0001111111111111111,68.15,"[70.1%, 66.2%]",,,,
1,parallel,34,34,0.1872227447524435,0.9879580147658722,1.1280586197972298,0.0001111111111111111,66.05,"[70.1%, 62.0%]",,,,
1,parallel,35,35,0.18126261817016504,0.9907733496231369,1.0740016102790833,0.0001111111111111111,66.6,"[70.1%, 63.1%]",,,,
1,parallel,36,36,0.17560249158788657,0.9396656646004206,1.112318940460682,0.0001111111111111111,65.94999999999999,"[70.1%, 61.8%]",,,,
1,parallel,37,37,0.17024236500560808,1.020556391039981,1.1245593093335629,0.0001111111111111111,66.3,"[70.1%, 62.5%]",,,,
1,parallel,38,38,0.1651822384233296,0.9888276846348485,1.093248825520277,0.0001111111111111111,66.19999999999999,"[70.1%, 62.3%]",,,,
1,parallel,39,39,0.1604221118410511,0.9623574739015555,1.1706592999398708,0.0001111111111111111,65.5,"[70.1%, 60.9%]",,,,
1,parallel,40,40,0.15596198525877264,1.0353571508504167,1.1510463189333677,0.0001111111111111111,65.9,"[70.1%, 61.7%]",,,,
1,parallel,41,41,0.15180185867649415,1.010796632947801,1.1190321259200573,0.0001111111111111111,66.1,"[70.1%, 62.1%]",,,,
1,parallel,42,42,0.14794173209421568,0.9908894987045964,1.1073620915412903,0.0001111111111111111,66.55,"[70.1%, 63.0%]",,,,
1,parallel,43,43,0.14438160551193718,0.9547170234631889,1.0892896503210068,0.0001111111111111111,66.0,"[70.1%, 61.9%]",,,,
1,parallel,44,44,0.1411214789296587,0.9299040119859237,1.1166056618094444,0.0001111111111111111,67.25,"[70.1%, 64.4%]",,,,
1,parallel,45,45,0.13816135234738022,1.1292120633246023,1.23694334551692,0.0001111111111111111,65.05,"[70.1%, 60.0%]",,,,
1,parallel,46,46,0.13550122576510173,1.0235117862496195,1.1825276240706444,0.0001111111111111111,64.8,"[70.1%, 59.5%]",,,,
1,parallel,47,47,0.13314109918282327,0.9785645128805426,1.1482540555298328,0.0001111111111111111,65.69999999999999,"[70.1%, 61.3%]",,,,
1,parallel,48,48,0.13108097260054477,1.0277411752863774,1.1574469283223152,0.0001111111111111111,65.85,"[70.1%, 61.6%]",,,,
1,parallel,49,49,0.1293208460182663,0.9724050518832629,1.1008138060569763,0.0001111111111111111,66.69999999999999,"[70.1%, 63.3%]",,,,
1,parallel,50,50,0.1278607194359878,0.9567475439626959,1.127972424030304,0.0001111111111111111,65.9,"[70.1%, 61.7%]",,,,
1,parallel,51,51,0.12670059285370935,0.9082375176345245,1.1724025383591652,0.0001111111111111111,66.05,"[70.1%, 62.0%]",,,,
1,parallel,52,52,0.12584046627143086,0.8870996357519415,1.0983803160488605,0.0001111111111111111,66.65,"[70.1%, 63.2%]",,,,
1,parallel,53,53,0.1252803396891524,0.8536079548582246,1.0993318818509579,0.0001111111111111111,66.5,"[70.1%, 62.9%]",,,,
1,parallel,54,54,0.1250202131068739,0.8487557384032237,1.0579323656857014,0.0001111111111111111,67.69999999999999,"[70.1%, 65.3%]",,,,
1,parallel,55,55,0.125,0.8415412133253073,1.0488347336649895,0.0001111111111111111,67.4,"[70.1%, 64.7%]",,,,
1,weights,1,56,0.125,0.7964448076260241,1.0658280551433563,0.0001111111111111111,67.8,"[70.1%, 65.5%]",,,,
1,weights,2,57,0.125,0.7879715478872951,1.0366884879767895,0.0001111111111111111,68.05,"[70.1%, 66.0%]",,,,
1,weights,3,58,0.125,0.7640885495686833,1.0844525806605816,0.0001111111111111111,66.75,"[70.1%, 63.4%]",,,,
1,weights,4,59,0.125,0.7758125957054428,1.0612229779362679,0.0001111111111111111,67.69999999999999,"[70.1%, 65.3%]",,,,
1,weights,5,60,0.125,0.7380123764653749,1.0089291483163834,0.0001111111111111111,68.8,"[70.1%, 67.5%]",,,,
1,weights,6,61,0.125,0.7347300671323945,1.0461343303322792,0.0001111111111111111,68.1,"[70.1%, 66.1%]",,,,
1,weights,7,62,0.125,0.7286643891394893,0.9851859621703625,0.0001111111111111111,68.9,"[70.1%, 67.7%]",,,,
1,weights,8,63,0.125,0.686831458082682,1.0189687795937061,0.0001111111111111111,68.8,"[70.1%, 67.5%]",,,,
1,weights,9,64,0.125,0.7033066051670268,0.9998604878783226,0.0001111111111111111,68.9,"[70.1%, 67.7%]",,,,
1,weights,10,65,0.125,0.6795428795150563,0.9999329149723053,0.0001111111111111111,68.69999999999999,"[70.1%, 67.3%]",,,,
1,weights,11,66,0.125,0.6733742929712127,1.0158561915159225,0.0001111111111111111,68.05,"[70.1%, 66.0%]",,,,
1,weights,12,67,0.125,0.661302625378476,1.009626567363739,0.0001111111111111111,67.69999999999999,"[70.1%, 65.3%]",,,,
1,weights,13,68,0.125,0.6628541022161895,0.9548968337476254,0.0001111111111111111,69.3,"[70.1%, 68.5%]",,,,
1,weights,14,69,0.125,0.6389522118658959,0.9935528859496117,0.0001111111111111111,68.85,"[70.1%, 67.6%]",,,,
1,weights,15,70,0.125,0.6343212601127504,1.0320917889475822,0.0001111111111111111,68.35,"[70.1%, 66.6%]",,,,
1,weights,16,71,0.125,0.6394937502432473,0.9917536303400993,0.0001111111111111111,68.8,"[70.1%, 67.5%]",,,,
1,weights,17,72,0.125,0.6420926715754256,1.0050938576459885,0.0001111111111111111,68.8,"[70.1%, 67.5%]",,,,
1,weights,18,73,0.125,0.6236189147339591,0.9752118960022926,0.0001111111111111111,69.19999999999999,"[70.1%, 68.3%]",,,,
1,weights,19,74,0.125,0.6143139596981338,0.9735462926328182,0.0001111111111111111,68.9,"[70.1%, 67.7%]",,,,
1,weights,20,75,0.125,0.583273113905629,0.937142726033926,0.0001111111111111111,70.55,"[70.1%, 71.0%]",,,,
1,weights,21,76,0.125,0.6053732976883273,0.950290871784091,0.0001111111111111111,70.05,"[70.1%, 70.0%]",,,,
1,weights,22,77,0.125,0.6039756598729121,0.9207816906273365,0.0001111111111111111,70.19999999999999,"[70.1%, 70.3%]",,,,
1,weights,23,78,0.125,0.5579237771939628,0.9507141262292862,0.0001111111111111111,69.8,"[70.1%, 69.5%]",,,,
1,weights,24,79,0.125,0.5700528070896487,0.9786000978201628,0.0001111111111111111,69.4,"[70.1%, 68.7%]",,,,
1,weights,25,80,0.125,0.5812208965609346,0.9580245725810528,0.0001111111111111111,69.75,"[70.1%, 69.4%]",62.5,"[55.6%, 69.4%]",66.5,"[63.6%, 69.4%]"
2,parallel,1,1,0.5,3.4045004754126826,2.351053759455681,0.0001111111111111111,49.833333333333336,"[70.1%, 69.4%, 10.0%]",,,,
2,parallel,2,2,0.5,2.339067842386946,2.3154953867197037,0.0001111111111111111,49.833333333333336,"[70.1%, 69.4%, 10.0%]",,,,
2,parallel,3,3,0.5,2.1687873360476915,1.9908355176448822,0.0001111111111111111,54.73333333333333,"[70.1%, 69.4%, 24.7%]",,,,
2,parallel,4,4,0.5,1.9008299187768865,1.9286741465330124,0.0001111111111111111,56.833333333333336,"[70.1%, 69.4%, 31.0%]",,,,
2,parallel,5,5,0.4905664156385195,1.7367503763754157,1.6983364336192608,0.0001111111111111111,61.0,"[70.1%, 69.4%, 43.5%]",,,,
2,parallel,6,6,0.475906289056241,1.583163597915746,1.7666748724877834,0.0001111111111111111,59.86666666666667,"[70.1%, 69.4%, 40.1%]",,,,
2,parallel,7,7,0.4615461624739625,1.4110449522356443,1.370024349540472,0.0001111111111111111,65.06666666666666,"[70.1%, 69.4%, 55.7%]",,,,
2,parallel,8,8,0.447486035891684,1.2965417104431345,1.2294570170342922,0.0001111111111111111,66.60000000000001,"[70.1%, 69.4%, 60.3%]",,,,
2,parallel,9,9,0.4337259093094055,1.16971673693838,1.3672746736556292,0.0001111111111111111,64.73333333333333,"[70.1%, 69.4%, 54.7%]",,,,
2,parallel,10,10,0.42026578272712706,1.0740538658220558,1.0940510928630829,0.0001111111111111111,67.8,"[70.1%, 69.4%, 63.9%]",,,,
2,parallel,11,11,0.4071056561448486,0.9918131730224513,1.0659798383712769,0.0001111111111111111,68.0,"[70.1%, 69.4%, 64.5%]",,,,
2,parallel,12,12,0.39424552956257014,0.9241023644616332,0.977567495778203,0.0001111111111111111,68.96666666666667,"[70.1%, 69.4%, 67.4%]",,,,
2,parallel,13,13,0.38168540298029163,0.8713216132755521,0.9658473879098892,0.0001111111111111111,69.36666666666666,"[70.1%, 69.4%, 68.6%]",,,,
2,parallel,14,14,0.36942527639801315,0.8645397609547724,0.92524622566998,0.0001111111111111111,70.3,"[70.1%, 69.4%, 71.4%]",,,,
2,parallel,15,15,0.35746514981573463,0.8402961922597282,0.9464811813086271,0.0001111111111111111,69.43333333333334,"[70.1%, 69.4%, 68.8%]",,,,
2,parallel,16,16,0.34580502323345613,0.7833080797255794,0.9555337689816952,0.0001111111111111111,69.73333333333333,"[70.1%, 69.4%, 69.7%]",,,,
2,parallel,17,17,0.33444489665117766,0.7750888859169393,0.9150646291673183,0.0001111111111111111,69.60000000000001,"[70.1%, 69.4%, 69.3%]",,,,
2,parallel,18,18,0.32338477006889915,0.7284974044636835,0.8301887959241867,0.0001111111111111111,70.7,"[70.1%, 69.4%, 72.6%]",,,,
2,parallel,19,19,0.3126246434866208,0.6811379888389684,0.9532609824091196,0.0001111111111111111,70.13333333333334,"[70.1%, 69.4%, 70.9%]",,,,
2,parallel,20,20,0.30216451690434226,0.6862489117097251,0.8195511475205421,0.0001111111111111111,70.96666666666667,"[70.1%, 69.4%, 73.4%]",,,,
2,parallel,21,21,0.29200439032206377,0.6873888354512709,0.8112158719450235,0.0001111111111111111,70.76666666666667,"[70.1%, 69.4%, 72.8%]",,,,
2,parallel,22,22,0.2821442637397853,0.6309156478205814,0.8062678035348654,0.0001111111111111111,71.16666666666667,"[70.1%, 69.4%, 74.0%]",,,,
2,parallel,23,23,0.27258413715750685,0.6470966014680983,0.8138901609927416,0.0001111111111111111,70.93333333333334,"[70.1%, 69.4%, 73.3%]",,,,
2,parallel,24,24,0.26332401057522836,0.6006591086146198,0.8024594262242317,0.0001111111111111111,71.43333333333334,"[70.1%, 69.4%, 74.8%]",,,,
2,parallel,25,25,0.25436388399294985,0.6099935715334325,0.8036086233332753,0.0001111111111111111,70.93333333333334,"[70.1%, 69.4%, 73.3%]",,,,
2,parallel,26,26,0.24570375741067135,0.6509015963801855,0.8392236232757568,0.0001111111111111111,70.46666666666667,"[70.1%, 69.4%, 71.9%]",,,,
2,parallel,27,27,0.23734363082839288,0.6630618115769157,0.7781887818127871,0.0001111111111111111,71.63333333333334,"[70.1%, 69.4%, 75.4%]",,,,
2,parallel,28,28,0.22928350424611438,0.6562891055511523,0.7721000593155622,0.0001111111111111111,71.3,"[70.1%, 69.4%, 74.4%]",,,,
2,parallel,29,29,0.2215233776638359,0.6093389297587962,0.7646739622578025,0.0001111111111111111,71.63333333333334,"[70.1%, 69.4%, 75.4%]",,,,
2,parallel,30,30,0.21406325108155744,0.64604085796996,0.7947863470762968,0.0001111111111111111,71.13333333333334,"[70.1%, 69.4%, 73.9%]",,,,
2,parallel,31,31,0.20690312449927897,0.6114864869962765,0.8499466292560101,0.0001111111111111111,71.0,"[70.1%, 69.4%, 73.5%]",,,,
2,parallel,32,32,0.20004299791700048,0.6463891041429737,0.8708967305719852,0.0001111111111111111,70.26666666666667,"[70.1%, 69.4%, 71.3%]",,,,
2,parallel,33,33,0.193482871334722,0.6452301850047293,0.813852796331048,0.0001111111111111111,71.0,"[70.1%, 69.4%, 73.5%]",,,,
2,parallel,34,34,0.1872227447524435,0.6668230406468427,0.8898694179952145,0.0001111111111111111,69.86666666666666,"[70.1%, 69.4%, 70.1%]",,,,
2,parallel,35,35,0.18126261817016504,0.6184435064279581,0.9229731895029545,0.0001111111111111111,69.83333333333333,"[70.1%, 69.4%, 70.0%]",,,,
2,parallel,36,36,0.17560249158788657,0.6319357945194727,0.82036567106843,0.0001111111111111111,70.86666666666666,"[70.1%, 69.4%, 73.1%]",,,,
2,parallel,37,37,0.17024236500560808,0.7357469314261328,0.8761837724596262,0.0001111111111111111,70.60000000000001,"[70.1%, 69.4%, 72.3%]",,,,
2,parallel,38,38,0.1651822384233296,0.697512751138663,0.8411083817481995,0.0001111111111111111,71.10000000000001,"[70.1%, 69.4%, 73.8%]",,,,
2,parallel,39,39,0.1604221118410511,0.7090374491637266,0.8582821059972048,0.0001111111111111111,70.39999999999999,"[70.1%, 69.4%, 71.7%]",,,,
2,parallel,40,40,0.15596198525877264,0.7433168608931047,0.8632461912930012,0.0001111111111111111,70.83333333333333,"[70.1%, 69.4%, 73.0%]",,,,
2,parallel,41,41,0.15180185867649415,0.7504689157763614,0.8252429775893688,0.0001111111111111111,70.76666666666667,"[70.1%, 69.4%, 72.8%]",,,,
2,parallel,42,42,0.14794173209421568,0.7433035102071641,0.8475053515285254,0.0001111111111111111,70.39999999999999,"[70.1%, 69.4%, 71.7%]",,,,
2,parallel,43,43,0.14438160551193718,0.6833549194698092,0.8131510149687529,0.0001111111111111111,71.10000000000001,"[70.1%, 69.4%, 73.8%]",,,,
2,parallel,44,44,0.1411214789296587,0.6636734763278237,0.8542398940771818,0.0001111111111111111,70.23333333333333,"[70.1%, 69.4%, 71.2%]",,,,
2,parallel,45,45,0.13816135234738022,0.7946759549122823,0.8187740780413151,0.0001111111111111111,70.83333333333333,"[70.1%, 69.4%, 73.0%]",,,,
2,parallel,46,46,0.13550122576510173,0.6925084066541889,0.8025085777044296,0.0001111111111111111,71.2,"[70.1%, 69.4%, 74.1%]",,,,
2,parallel,47,47,0.13314109918282327,0.659428814921198,0.8090394828468561,0.0001111111111111111,70.93333333333334,"[70.1%, 69.4%, 73.3%]",,,,
2,parallel,48,48,0.13108097260054477,0.696106032857412,0.8490593284368515,0.0001111111111111111,70.76666666666667,"[70.1%, 69.4%, 72.8%]",,,,
2,parallel,49,49,0.1293208460182663,0.6562528546097912,0.859658095985651,0.0001111111111111111,70.03333333333333,"[70.1%, 69.4%, 70.6%]",,,,
2,parallel,50,50,0.1278607194359878,0.653171153385428,0.802290977910161,0.0001111111111111111,71.46666666666667,"[70.1%, 69.4%, 74.9%]",,,,
2,parallel,51,51,0.12670059285370935,0.6483840640587143,0.7982885986566544,0.0001111111111111111,70.73333333333333,"[70.1%, 69.4%, 72.7%]",,,,
2,parallel,52,52,0.12584046627143086,0.604275801891013,0.7881664745509624,0.0001111111111111111,71.13333333333334,"[70.1%, 69.4%, 73.9%]",,,,
2,parallel,53,53,0.1252803396891524,0.5708169590068769,0.7737790178507566,0.0001111111111111111,71.43333333333334,"[70.1%, 69.4%, 74.8%]",,,,
2,parallel,54,54,0.1250202131068739,0.5734475283305857,0.7995427139103413,0.0001111111111111111,71.36666666666666,"[70.1%, 69.4%, 74.6%]",,,,
2,parallel,55,55,0.125,0.5320865974018846,0.7524595241993666,0.0001111111111111111,71.56666666666666,"[70.1%, 69.4%, 75.2%]",,,,
2,weights,1,56,0.125,0.5351439382456527,0.765853201970458,0.0001111111111111111,71.60000000000001,"[70.1%, 69.4%, 75.3%]",,,,
2,weights,2,57,0.125,0.5006489259532735,0.7172593418508768,0.0001111111111111111,72.10000000000001,"[70.1%, 69.4%, 76.8%]",,,,
2,weights,3,58,0.125,0.520440934768206,0.6997181344777346,0.0001111111111111111,72.5,"[70.1%, 69.4%, 78.0%]",,,,
2,weights,4,59,0.125,0.47902403828463974,0.7435918096452951,0.0001111111111111111,72.03333333333333,"[70.1%, 69.4%, 76.6%]",,,,
2,weights,5,60,0.125,0.491021696525284,0.7784621734172106,0.0001111111111111111,71.53333333333333,"[70.1%, 69.4%, 75.1%]",,,,
2,weights,6,61,0.125,0.46881549701660497,0.7185070365667343,0.0001111111111111111,72.16666666666667,"[70.1%, 69.4%, 77.0%]",,,,
2,weights,7,62,0.125,0.47150477729266205,0.737204072996974,0.0001111111111111111,72.13333333333334,"[70.1%, 69.4%, 76.9%]",,,,
2,weights,8,63,0.125,0.43958048164090024,0.7598171085119247,0.0001111111111111111,71.60000000000001,"[70.1%, 69.4%, 75.3%]",,,,
2,weights,9,64,0.125,0.4633400338360026,0.7229604129679501,0.0001111111111111111,72.13333333333334,"[70.1%, 69.4%, 76.9%]",,,,
2,weights,10,65,0.125,0.43392779121670544,0.7264216598123312,0.0001111111111111111,72.13333333333334,"[70.1%, 69.4%, 76.9%]",,,,
2,weights,11,66,0.125,0.42397033291149744,0.7169944681227207,0.0001111111111111111,71.93333333333334,"[70.1%, 69.4%, 76.3%]",,,,
2,weights,12,67,0.125,0.4228051573603968,0.7183979176916182,0.0001111111111111111,71.96666666666667,"[70.1%, 69.4%, 76.4%]",,,,
2,weights,13,68,0.125,0.416669265001635,0.6966346092522144,0.0001111111111111111,72.93333333333334,"[70.1%, 69.4%, 79.3%]",,,,
2,weights,14,69,0.125,0.42113418726226953,0.7187463529407978,0.0001111111111111111,72.0,"[70.1%, 69.4%, 76.5%]",,,,
2,weights,15,70,0.125,0.39346342543257945,0.7423126362264156,0.0001111111111111111,72.3,"[70.1%, 69.4%, 77.4%]",,,,
2,weights,16,71,0.125,0.3838019693576837,0.7204213030636311,0.0001111111111111111,72.39999999999999,"[70.1%, 69.4%, 77.7%]",,,,
2,weights,17,72,0.125,0.3875944533302814,0.7703389930538833,0.0001111111111111111,71.83333333333333,"[70.1%, 69.4%, 76.0%]",,,,
2,weights,18,73,0.125,0.3643797188054157,0.7219897545874119,0.0001111111111111111,72.36666666666666,"[70.1%, 69.4%, 77.6%]",,,,
2,weights,19,74,0.125,0.3677599367838872,0.7792048435658216,0.0001111111111111111,71.83333333333333,"[70.1%, 69.4%, 76.0%]",,,,
2,weights,20,75,0.125,0.3922787282285811,0.7139987722039223,0.0001111111111111111,72.43333333333334,"[70.1%, 69.4%, 77.8%]",,,,
2,weights,21,76,0.125,0.3883617765541318,0.7362335342913866,0.0001111111111111111,72.2,"[70.1%, 69.4%, 77.1%]",,,,
2,weights,22,77,0.125,0.3907508884992781,0.701667707413435,0.0001111111111111111,72.26666666666667,"[70.1%, 69.4%, 77.3%]",,,,
2,weights,23,78,0.125,0.36262068888054616,0.7427182216197252,0.0001111111111111111,72.13333333333334,"[70.1%, 69.4%, 76.9%]",,,,
2,weights,24,79,0.125,0.3535403243348568,0.7200009571388364,0.0001111111111111111,72.36666666666666,"[70.1%, 69.4%, 77.6%]",,,,
2,weights,25,80,0.125,0.3543148562312126,0.7515376284718513,0.0001111111111111111,72.06666666666666,"[70.1%, 69.4%, 76.7%]",59.666666666666664,"[38.8%, 63.5%, 76.7%]",70.76666666666667,"[66.2%, 69.4%, 76.7%]"
3,parallel,1,1,0.5,3.948133528987064,2.3547604382038116,0.0001111111111111111,56.55,"[70.1%, 69.4%, 76.7%, 10.0%]",,,,
3,parallel,2,2,0.5,2.33726816539523,2.321986123919487,0.0001111111111111111,56.55,"[70.1%, 69.4%, 76.7%, 10.0%]",,,,
3,parallel,3,3,0.5,2.2265346804751625,2.146634206175804,0.0001111111111111111,59.074999999999996,"[70.1%, 69.4%, 76.7%, 20.1%]",,,,
3,parallel,4,4,0.5,1.954462949233719,1.814890880137682,0.0001111111111111111,62.724999999999994,"[70.1%, 69.4%, 76.7%, 34.7%]",,,,
3,parallel,5,5,0.4905664156385195,1.7324123020413555,1.7722923830151558,0.0001111111111111111,63.5,"[70.1%, 69.4%, 76.7%, 37.8%]",,,,
3,parallel,6,6,0.475906289056241,1.5617095654523825,1.5346686951816082,0.0001111111111111111,65.975,"[70.1%, 69.4%, 76.7%, 47.7%]",,,,
3,parallel,7,7,0.4615461624739625,1.4508368576629251,1.4225671235471964,0.0001111111111111111,66.85,"[70.1%, 69.4%, 76.7%, 51.2%]",,,,
3,parallel,8,8,0.447486035891684,1.3429918802237208,1.5245255269110203,0.0001111111111111111,66.14999999999999,"[70.1%, 69.4%, 76.7%, 48.4%]",,,,
3,parallel,9,9,0.4337259093094055,1.2775534806372244,1.3721974231302738,0.0001111111111111111,67.64999999999999,"[70.1%, 69.4%, 76.7%, 54.4%]",,,,
3,parallel,10,10,0.42026578272712706,1.184156735486622,1.2757143713533878,0.0001111111111111111,68.625,"[70.1%, 69.4%, 76.7%, 58.3%]",,,,
3,parallel,11,11,0.4071056561448486,1.140830856335314,1.1378912813961506,0.0001111111111111111,69.39999999999999,"[70.1%, 69.4%, 76.7%, 61.4%]",,,,
3,parallel,12,12,0.39424552956257014,1.097637618644328,1.2986599653959274,0.0001111111111111111,68.89999999999999,"[70.1%, 69.4%, 76.7%, 59.4%]",,,,
3,parallel,13,13,0.38168540298029163,1.0939164584196066,1.0992119647562504,0.0001111111111111111,70.07499999999999,"[70.1%, 69.4%, 76.7%, 64.1%]",,,,
3,parallel,14,14,0.36942527639801315,1.032469945617869,1.1120637021958828,0.0001111111111111111,69.89999999999999,"[70.1%, 69.4%, 76.7%, 63.4%]",,,,
3,parallel,15,15,0.35746514981573463,0.9690626882299592,1.1082135029137135,0.0001111111111111111,70.0,"[70.1%, 69.4%, 76.7%, 63.8%]",,,,
3,parallel,16,16,0.34580502323345613,0.9411641895016537,1.0545618683099747,0.0001111111111111111,70.275,"[70.1%, 69.4%, 76.7%, 64.9%]",,,,
3,parallel,17,17,0.33444489665117766,0.9059676150732403,1.0639012176543474,0.0001111111111111111,70.4,"[70.1%, 69.4%, 76.7%, 65.4%]",,,,
3,parallel,18,18,0.32338477006889915,0.8984728266921225,1.1278102025389671,0.0001111111111111111,70.02499999999999,"[70.1%, 69.4%, 76.7%, 63.9%]",,,,
3,parallel,19,19,0.3126246434866208,0.8813347778742826,1.1135668475180864,0.0001111111111111111,70.425,"[70.1%, 69.4%, 76.7%, 65.5%]",,,,
3,parallel,20,20,0.30216451690434226,0.8827599554876738,1.1078761518001556,0.0001111111111111111,70.44999999999999,"[70.1%, 69.4%, 76.7%, 65.6%]",,,,
3,parallel,21,21,0.29200439032206377,0.8460482581506802,1.0407127253711224,0.0001111111111111111,70.675,"[70.1%, 69.4%, 76.7%, 66.5%]",,,,
3,parallel,22,22,0.2821442637397853,0.8150874527194832,1.0141526348888874,0.0001111111111111111,70.875,"[70.1%, 69.4%, 76.7%, 67.3%]",,,,
3,parallel,23,23,0.27258413715750685,0.866575884668133,1.056172102689743,0.0001111111111111111,70.9,"[70.1%, 69.4%, 76.7%, 67.4%]",,,,
3,parallel,24,24,0.26332401057522836,0.8228396645075158,1.119746608659625,0.0001111111111111111,69.8,"[70.1%, 69.4%, 76.7%, 63.0%]",,,,
3,parallel,25,25,0.25436388399294985,0.857872074917902,1.0522319711744785,0.0001111111111111111,70.4,"[70.1%, 69.4%, 76.7%, 65.4%]",,,,
3,parallel,26,26,0.24570375741067135,0.8383133460449267,1.0432689227163792,0.0001111111111111111,70.475,"[70.1%, 69.4%, 76.7%, 65.7%]",,,,
3,parallel,27,27,0.23734363082839288,0.8844778447211543,1.0671269912272692,0.0001111111111111111,70.44999999999999,"[70.1%, 69.4%, 76.7%, 65.6%]",,,,
3,parallel,28,28,0.22928350424611438,0.8764889572240129,1.0131922662258148,0.0001111111111111111,71.375,"[70.1%, 69.4%, 76.7%, 69.3%]",,,,
3,parallel,29,29,0.2215233776638359,0.8180590988714483,0.9984404742717743,0.0001111111111111111,71.375,"[70.1%, 69.4%, 76.7%, 69.3%]",,,,
3,parallel,30,30,0.21406325108155744,0.8588752512690387,1.053610723465681,0.0001111111111111111,70.425,"[70.1%, 69.4%, 76.7%, 65.5%]",,,,
3,parallel,31,31,0.20690312449927897,0.8353796088242833,1.0952705051749945,0.0001111111111111111,70.05,"[70.1%, 69.4%, 76.7%, 64.0%]",,,,
3,parallel,32,32,0.20004299791700048,0.8525236392322975,1.05360808968544,0.0001111111111111111,70.65,"[70.1%, 69.4%, 76.7%, 66.4%]",,,,
3,parallel,33,33,0.193482871334722,0.8235738443422921,1.086526945233345,0.0001111111111111111,70.55,"[70.1%, 69.4%, 76.7%, 66.0%]",,,,
3,parallel,34,34,0.1872227447524435,0.87225064899348,1.0652344301342964,0.0001111111111111111,70.375,"[70.1%, 69.4%, 76.7%, 65.3%]",,,,
3,parallel,35,35,0.18126261817016504,0.8406077412110341,0.9912419579923153,0.0001111111111111111,70.8,"[70.1%, 69.4%, 76.7%, 67.0%]",,,,
3,parallel,36,36,0.17560249158788657,0.8264358328490318,1.0102657582610846,0.0001111111111111111,70.85,"[70.1%, 69.4%, 76.7%, 67.2%]",,,,
3,parallel,37,37,0.17024236500560808,0.9014076628262484,1.0712051838636398,0.0001111111111111111,70.25,"[70.1%, 69.4%, 76.7%, 64.8%]",,,,
3,parallel,38,38,0.1651822384233296,0.8593287611309486,1.1267968825995922,0.0001111111111111111,70.05,"[70.1%, 69.4%, 76.7%, 64.0%]",,,,
3,parallel,39,39,0.1604221118410511,0.864240665224534,1.056059803813696,0.0001111111111111111,70.1,"[70.1%, 69.4%, 76.7%, 64.2%]",,,,
3,parallel,40,40,0.15596198525877264,0.9183819324155397,1.1822595670819283,0.0001111111111111111,69.825,"[70.1%, 69.4%, 76.7%, 63.1%]",,,,
3,parallel,41,41,0.15180185867649415,0.9397643457485151,1.061927605420351,0.0001111111111111111,70.175,"[70.1%, 69.4%, 76.7%, 64.5%]",,,,
3,parallel,42,42,0.14794173209421568,0.9242194921155519,1.1359477918595076,0.0001111111111111111,69.2,"[70.1%, 69.4%, 76.7%, 60.6%]",,,,
3,parallel,43,43,0.14438160551193718,0.8820768541927579,1.101797802373767,0.0001111111111111111,69.875,"[70.1%, 69.4%, 76.7%, 63.3%]",,,,
3,parallel,44,44,0.1411214789296587,0.8373983302448369,0.9995862133800983,0.0001111111111111111,71.15,"[70.1%, 69.4%, 76.7%, 68.4%]",,,,
3,parallel,45,45,0.13816135234738022,1.1047692238530027,1.1355666667222977,0.0001111111111111111,69.725,"[70.1%, 69.4%, 76.7%, 62.7%]",,,,
3,parallel,46,46,0.13550122576510173,0.9031180999701536,1.0656118337064981,0.0001111111111111111,70.625,"[70.1%, 69.4%, 76.7%, 66.3%]",,,,
3,parallel,47,47,0.13314109918282327,0.8541410708729225,1.1082877852022648,0.0001111111111111111,70.275,"[70.1%, 69.4%, 76.7%, 64.9%]",,,,
3,parallel,48,48,0.13108097260054477,0.9398079159893568,1.0155975744128227,0.0001111111111111111,70.82499999999999,"[70.1%, 69.4%, 76.7%, 67.1%]",,,,
3,parallel,49,49,0.1293208460182663,0.8500408349157889,1.0728767849504948,0.0001111111111111111,70.225,"[70.1%, 69.4%, 76.7%, 64.7%]",,,,
3,parallel,50,50,0.1278607194359878,0.8320959089677545,1.0002178866416216,0.0001111111111111111,70.8,"[70.1%, 69.4%, 76.7%, 67.0%]",,,,
3,parallel,51,51,0.12670059285370935,0.7783797674729854,0.9792894348502159,0.0001111111111111111,71.1,"[70.1%, 69.4%, 76.7%, 68.2%]",,,,
3,parallel,52,52,0.12584046627143086,0.7522894649565974,0.9466271325945854,0.0001111111111111111,71.3,"[70.1%, 69.4%, 76.7%, 69.0%]",,,,
3,parallel,53,53,0.1252803396891524,0.7404344711877122,1.0283702686429024,0.0001111111111111111,70.57499999999999,"[70.1%, 69.4%, 76.7%, 66.1%]",,,,
3,parallel,54,54,0.1250202131068739,0.704402895102018,0.9760464671999216,0.0001111111111111111,71.07499999999999,"[70.1%, 69.4%, 76.7%, 68.1%]",,,,
3,parallel,55,55,0.125,0.7191387927984889,0.980270329862833,0.0001111111111111111,71.225,"[70.1%, 69.4%, 76.7%, 68.7%]",,,,
3,weights,1,56,0.125,0.6936106108411958,1.0347416922450066,0.0001111111111111111,70.9,"[70.1%, 69.4%, 76.7%, 67.4%]",,,,
3,weights,2,57,0.125,0.6975095600267,0.9564585667103529,0.0001111111111111111,71.25,"[70.1%, 69.4%, 76.7%, 68.8%]",,,,
3,weights,3,58,0.125,0.6767939155614828,0.9125778339803219,0.0001111111111111111,71.775,"[70.1%, 69.4%, 76.7%, 70.9%]",,,,
3,weights,4,59,0.125,0.654633191567433,0.953267028555274,0.0001111111111111111,71.65,"[70.1%, 69.4%, 76.7%, 70.4%]",,,,
3,weights,5,60,0.125,0.6702919172335274,0.9543202891945839,0.0001111111111111111,71.19999999999999,"[70.1%, 69.4%, 76.7%, 68.6%]",,,,
3,weights,6,61,0.125,0.6499955933305281,0.9575781151652336,0.0001111111111111111,71.725,"[70.1%, 69.4%, 76.7%, 70.7%]",,,,
3,weights,7,62,0.125,0.608711109508442,0.9644135497510433,0.0001111111111111111,71.4,"[70.1%, 69.4%, 76.7%, 69.4%]",,,,
3,weights,8,63,0.125,0.6209856569766998,0.9354085046797991,0.0001111111111111111,71.65,"[70.1%, 69.4%, 76.7%, 70.4%]",,,,
3,weights,9,64,0.125,0.5837886544722545,1.042373226955533,0.0001111111111111111,71.125,"[70.1%, 69.4%, 76.7%, 68.3%]",,,,
3,weights,10,65,0.125,0.599012540865548,0.9180734120309353,0.0001111111111111111,71.925,"[70.1%, 69.4%, 76.7%, 71.5%]",,,,
3,weights,11,66,0.125,0.5697526350806031,0.9145611394196749,0.0001111111111111111,71.725,"[70.1%, 69.4%, 76.7%, 70.7%]",,,,
3,weights,12,67,0.125,0.5853882673420484,0.8703553266823292,0.0001111111111111111,72.0,"[70.1%, 69.4%, 76.7%, 71.8%]",,,,
3,weights,13,68,0.125,0.5758429512947421,0.8936184328049421,0.0001111111111111111,71.82499999999999,"[70.1%, 69.4%, 76.7%, 71.1%]",,,,
3,weights,14,69,0.125,0.5619155817394015,0.9098205007612705,0.0001111111111111111,72.0,"[70.1%, 69.4%, 76.7%, 71.8%]",,,,
3,weights,15,70,0.125,0.5524490818947176,0.885529600083828,0.0001111111111111111,72.05,"[70.1%, 69.4%, 76.7%, 72.0%]",,,,
3,weights,16,71,0.125,0.5193433655968195,0.9477140828967094,0.0001111111111111111,71.4,"[70.1%, 69.4%, 76.7%, 69.4%]",,,,
3,weights,17,72,0.125,0.5229049490976937,0.912315983325243,0.0001111111111111111,71.625,"[70.1%, 69.4%, 76.7%, 70.3%]",,,,
3,weights,18,73,0.125,0.5421851126453544,0.8836721554398537,0.0001111111111111111,72.175,"[70.1%, 69.4%, 76.7%, 72.5%]",,,,
3,weights,19,74,0.125,0.5031537853087051,0.887255473062396,0.0001111111111111111,71.925,"[70.1%, 69.4%, 76.7%, 71.5%]",,,,
3,weights,20,75,0.125,0.5140539554855491,0.9024585653096437,0.0001111111111111111,72.25,"[70.1%, 69.4%, 76.7%, 72.8%]",,,,
3,weights,21,76,0.125,0.49217715378426297,0.8890440799295902,0.0001111111111111111,72.07499999999999,"[70.1%, 69.4%, 76.7%, 72.1%]",,,,
3,weights,22,77,0.125,0.48492839404299287,0.9614498261362314,0.0001111111111111111,71.625,"[70.1%, 69.4%, 76.7%, 70.3%]",,,,
3,weights,23,78,0.125,0.4899956003020081,0.9463190566748381,0.0001111111111111111,71.775,"[70.1%, 69.4%, 76.7%, 70.9%]",,,,
3,weights,24,79,0.125,0.5022150489348399,0.8762983083724976,0.0001111111111111111,72.07499999999999,"[70.1%, 69.4%, 76.7%, 72.1%]",,,,
3,weights,25,80,0.125,0.4922459849828406,0.897995637729764,0.0001111111111111111,72.25,"[70.1%, 69.4%, 76.7%, 72.8%]",60.699999999999996,"[38.8%, 58.9%, 76.7%, 68.4%]",69.4,"[63.6%, 69.4%, 76.7%, 67.9%]"
4,parallel,1,1,0.5,5.264829880074609,2.3978286683559418,0.0001111111111111111,59.8,"[70.1%, 69.4%, 76.7%, 72.8%, 10.0%]",,,,
4,parallel,2,2,0.5,2.349277260937268,2.3311467319726944,0.0001111111111111111,59.8,"[70.1%, 69.4%, 76.7%, 72.8%, 10.0%]",,,,
4,parallel,3,3,0.5,2.269336357901368,2.081670578569174,0.0001111111111111111,62.339999999999996,"[70.1%, 69.4%, 76.7%, 72.8%, 22.7%]",,,,
4,parallel,4,4,0.5,1.9612208363376087,1.8451727591454983,0.0001111111111111111,64.12,"[70.1%, 69.4%, 76.7%, 72.8%, 31.6%]",,,,
4,parallel,5,5,0.4905664156385195,1.7228176352343982,1.5747745297849178,0.0001111111111111111,67.06,"[70.1%, 69.4%, 76.7%, 72.8%, 46.3%]",,,,
4,parallel,6,6,0.475906289056241,1.523796935624714,1.4556486010551453,0.0001111111111111111,67.3,"[70.1%, 69.4%, 76.7%, 72.8%, 47.5%]",,,,
4,parallel,7,7,0.4615461624739625,1.3423994575874716,1.379094559699297,0.0001111111111111111,68.03999999999999,"[70.1%, 69.4%, 76.7%, 72.8%, 51.2%]",,,,
4,parallel,8,8,0.447486035891684,1.2866883715496789,1.2564836498349905,0.0001111111111111111,69.16,"[70.1%, 69.4%, 76.7%, 72.8%, 56.8%]",,,,
4,parallel,9,9,0.4337259093094055,1.1696717957907086,1.178488677367568,0.0001111111111111111,69.97999999999999,"[70.1%, 69.4%, 76.7%, 72.8%, 60.9%]",,,,
4,parallel,10,10,0.42026578272712706,1.0754704830012745,1.0857824217528105,0.0001111111111111111,70.14,"[70.1%, 69.4%, 76.7%, 72.8%, 61.7%]",,,,
4,parallel,11,11,0.4071056561448486,0.9681533416615257,1.004129158332944,0.0001111111111111111,71.22,"[70.1%, 69.4%, 76.7%, 72.8%, 67.1%]",,,,
4,parallel,12,12,0.39424552956257014,0.9300203859051571,1.036012502387166,0.0001111111111111111,70.56,"[70.1%, 69.4%, 76.7%, 72.8%, 63.8%]",,,,
4,parallel,13,13,0.38168540298029163,0.8750899852831152,0.932656180113554,0.0001111111111111111,71.38,"[70.1%, 69.4%, 76.7%, 72.8%, 67.9%]",,,,
4,parallel,14,14,0.36942527639801315,0.8956576004812989,0.9213918522000313,0.0001111111111111111,71.56,"[70.1%, 69.4%, 76.7%, 72.8%, 68.8%]",,,,
4,parallel,15,15,0.35746514981573463,0.8465132030505168,1.0466852374374866,0.0001111111111111111,70.7,"[70.1%, 69.4%, 76.7%, 72.8%, 64.5%]",,,,
4,parallel,16,16,0.34580502323345613,0.8195365901234783,0.9325803276151419,0.0001111111111111111,71.5,"[70.1%, 69.4%, 76.7%, 72.8%, 68.5%]",,,,
4,parallel,17,17,0.33444489665117766,0.7829842763611033,0.9147820044308901,0.0001111111111111111,71.47999999999999,"[70.1%, 69.4%, 76.7%, 72.8%, 68.4%]",,,,
4,parallel,18,18,0.32338477006889915,0.7745195525356486,0.913420157507062,0.0001111111111111111,71.56,"[70.1%, 69.4%, 76.7%, 72.8%, 68.8%]",,,,
4,parallel,19,19,0.3126246434866208,0.7489831696582746,0.8881222736090422,0.0001111111111111111,71.97999999999999,"[70.1%, 69.4%, 76.7%, 72.8%, 70.9%]",,,,
4,parallel,20,20,0.30216451690434226,0.7538799971719331,0.90785819478333,0.0001111111111111111,71.96000000000001,"[70.1%, 69.4%, 76.7%, 72.8%, 70.8%]",,,,
4,parallel,21,21,0.29200439032206377,0.7458968536008762,0.8675693701952696,0.0001111111111111111,72.14,"[70.1%, 69.4%, 76.7%, 72.8%, 71.7%]",,,,
4,parallel,22,22,0.2821442637397853,0.7212990035739126,0.9354266952723265,0.0001111111111111111,71.86,"[70.1%, 69.4%, 76.7%, 72.8%, 70.3%]",,,,
4,parallel,23,23,0.27258413715750685,0.7262435231027724,0.8779425695538521,0.0001111111111111111,72.12,"[70.1%, 69.4%, 76.7%, 72.8%, 71.6%]",,,,
4,parallel,24,24,0.26332401057522836,0.7210403107389619,0.9294099416583776,0.0001111111111111111,71.82000000000001,"[70.1%, 69.4%, 76.7%, 72.8%, 70.1%]",,,,
4,parallel,25,25,0.25436388399294985,0.7040075116519686,0.9304927196353674,0.0001111111111111111,71.62,"[70.1%, 69.4%, 76.7%, 72.8%, 69.1%]",,,,
4,parallel,26,26,0.24570375741067135,0.7555424706845344,0.9184337481856346,0.0001111111111111111,71.92,"[70.1%, 69.4%, 76.7%, 72.8%, 70.6%]",,,,
4,parallel,27,27,0.23734363082839288,0.7485339056841934,0.9595056725665927,0.0001111111111111111,71.42,"[70.1%, 69.4%, 76.7%, 72.8%, 68.1%]",,,,
4,parallel,28,28,0.22928350424611438,0.7796533100212677,0.9074707739055157,0.0001111111111111111,71.64,"[70.1%, 69.4%, 76.7%, 72.8%, 69.2%]",,,,
4,parallel,29,29,0.2215233776638359,0.7548564755463902,0.9233560431748629,0.0001111111111111111,71.96000000000001,"[70.1%, 69.4%, 76.7%, 72.8%, 70.8%]",,,,
4,parallel,30,30,0.21406325108155744,0.7826219374620462,0.9683657120913267,0.0001111111111111111,71.32000000000001,"[70.1%, 69.4%, 76.7%, 72.8%, 67.6%]",,,,
4,parallel,31,31,0.20690312449927897,0.7540078729013854,0.8866442162543535,0.0001111111111111111,72.34,"[70.1%, 69.4%, 76.7%, 72.8%, 72.7%]",,,,
4,parallel,32,32,0.20004299791700048,0.8002848236621181,0.9464818295091391,0.0001111111111111111,71.64,"[70.1%, 69.4%, 76.7%, 72.8%, 69.2%]",,,,
4,parallel,33,33,0.193482871334722,0.7554790777496144,0.8611952178180218,0.0001111111111111111,72.0,"[70.1%, 69.4%, 76.7%, 72.8%, 71.0%]",,,,
4,parallel,34,34,0.1872227447524435,0.8193198008627831,0.9239106839522719,0.0001111111111111111,71.84,"[70.1%, 69.4%, 76.7%, 72.8%, 70.2%]",,,,
4,parallel,35,35,0.18126261817016504,0.8105214072179191,0.8680567294359207,0.0001111111111111111,72.16,"[70.1%, 69.4%, 76.7%, 72.8%, 71.8%]",,,,
4,parallel,36,36,0.17560249158788657,0.7691024947392789,0.9053367283195257,0.0001111111111111111,71.92,"[70.1%, 69.4%, 76.7%, 72.8%, 70.6%]",,,,
4,parallel,37,37,0.17024236500560808,0.7874053550671928,0.8827481530606747,0.0001111111111111111,71.86,"[70.1%, 69.4%, 76.7%, 72.8%, 70.3%]",,,,
4,parallel,38,38,0.1651822384233296,0.7686666235139098,0.8337816130369902,0.0001111111111111111,72.46000000000001,"[70.1%, 69.4%, 76.7%, 72.8%, 73.3%]",,,,
4,parallel,39,39,0.1604221118410511,0.7806547838675825,0.8889750950038433,0.0001111111111111111,71.7,"[70.1%, 69.4%, 76.7%, 72.8%, 69.5%]",,,,
4,parallel,40,40,0.15596198525877264,0.8129664968840683,0.9832371585071087,0.0001111111111111111,71.47999999999999,"[70.1%, 69.4%, 76.7%, 72.8%, 68.4%]",,,,
4,parallel,41,41,0.15180185867649415,0.8561052514027946,1.1697302339598536,0.0001111111111111111,70.32000000000001,"[70.1%, 69.4%, 76.7%, 72.8%, 62.6%]",,,,
4,parallel,42,42,0.14794173209421568,0.8350822653951524,0.996702566742897,0.0001111111111111111,71.47999999999999,"[70.1%, 69.4%, 76.7%, 72.8%, 68.4%]",,,,
4,parallel,43,43,0.14438160551193718,0.7699548658690875,0.9400515928864479,0.0001111111111111111,71.8,"[70.1%, 69.4%, 76.7%, 72.8%, 70.0%]",,,,
4,parallel,44,44,0.1411214789296587,0.742945757847798,0.9639200959354639,0.0001111111111111111,71.66,"[70.1%, 69.4%, 76.7%, 72.8%, 69.3%]",,,,
4,parallel,45,45,0.13816135234738022,0.9961159451852871,1.0416892878711224,0.0001111111111111111,70.86,"[70.1%, 69.4%, 76.7%, 72.8%, 65.3%]",,,,
4,parallel,46,46,0.13550122576510173,0.8500850713705714,1.0286936592310667,0.0001111111111111111,71.0,"[70.1%, 69.4%, 76.7%, 72.8%, 66.0%]",,,,
4,parallel,47,47,0.13314109918282327,0.8012367543540423,0.9507328420877457,0.0001111111111111111,71.67999999999999,"[70.1%, 69.4%, 76.7%, 72.8%, 69.4%]",,,,
4,parallel,48,48,0.13108097260054477,0.8227842699123334,1.0910229170694947,0.0001111111111111111,70.53999999999999,"[70.1%, 69.4%, 76.7%, 72.8%, 63.7%]",,,,
4,parallel,49,49,0.1293208460182663,0.7612496554097042,0.9727666806429625,0.0001111111111111111,71.32000000000001,"[70.1%, 69.4%, 76.7%, 72.8%, 67.6%]",,,,
4,parallel,50,50,0.1278607194359878,0.7296908618528631,0.9132388513535261,0.0001111111111111111,71.72,"[70.1%, 69.4%, 76.7%, 72.8%, 69.6%]",,,,
4,parallel,51,51,0.12670059285370935,0.7141208818441704,1.0501495730131865,0.0001111111111111111,70.9,"[70.1%, 69.4%, 76.7%, 72.8%, 65.5%]",,,,
4,parallel,52,52,0.12584046627143086,0.7087650770628,0.8722632881253958,0.0001111111111111111,72.0,"[70.1%, 69.4%, 76.7%, 72.8%, 71.0%]",,,,
4,parallel,53,53,0.1252803396891524,0.6751758052578455,0.9069471014663577,0.0001111111111111111,71.97999999999999,"[70.1%, 69.4%, 76.7%, 72.8%, 70.9%]",,,,
4,parallel,54,54,0.1250202131068739,0.6564113746715498,0.8998748324811459,0.0001111111111111111,71.96000000000001,"[70.1%, 69.4%, 76.7%, 72.8%, 70.8%]",,,,
4,parallel,55,55,0.125,0.6357738605782955,0.8187159243971109,0.0001111111111111111,72.44,"[70.1%, 69.4%, 76.7%, 72.8%, 73.2%]",,,,
4,weights,1,56,0.125,0.6435203042965901,0.9197094328701496,0.0001111111111111111,71.64,"[70.1%, 69.4%, 76.7%, 72.8%, 69.2%]",,,,
4,weights,2,57,0.125,0.606560304195066,0.8590293116867542,0.0001111111111111111,72.08,"[70.1%, 69.4%, 76.7%, 72.8%, 71.4%]",,,,
4,weights,3,58,0.125,0.5902382248564612,0.8386688809841871,0.0001111111111111111,72.38,"[70.1%, 69.4%, 76.7%, 72.8%, 72.9%]",,,,
4,weights,4,59,0.125,0.5742959063264388,0.9575905371457338,0.0001111111111111111,71.76,"[70.1%, 69.4%, 76.7%, 72.8%, 69.8%]",,,,
4,weights,5,60,0.125,0.5659663303743435,0.8498355336487293,0.0001111111111111111,72.34,"[70.1%, 69.4%, 76.7%, 72.8%, 72.7%]",,,,
4,weights,6,61,0.125,0.5473237037658691,0.8019046112895012,0.0001111111111111111,72.7,"[70.1%, 69.4%, 76.7%, 72.8%, 74.5%]",,,,
4,weights,7,62,0.125,0.5649449678161477,0.7958574807271361,0.0001111111111111111,72.42,"[70.1%, 69.4%, 76.7%, 72.8%, 73.1%]",,,,
4,weights,8,63,0.125,0.5416174391402474,0.8137382622808218,0.0001111111111111111,72.36,"[70.1%, 69.4%, 76.7%, 72.8%, 72.8%]",,,,
4,weights,9,64,0.125,0.533622842046279,0.8313331864774227,0.0001111111111111111,72.4,"[70.1%, 69.4%, 76.7%, 72.8%, 73.0%]",,,,
4,weights,10,65,0.125,0.5363070428182807,0.8863717913627625,0.0001111111111111111,72.03999999999999,"[70.1%, 69.4%, 76.7%, 72.8%, 71.2%]",,,,
4,weights,11,66,0.125,0.4956262913308566,0.8031085003167391,0.0001111111111111111,72.53999999999999,"[70.1%, 69.4%, 76.7%, 72.8%, 73.7%]",,,,
4,weights,12,67,0.125,0.5000321672687048,0.8913002070039511,0.0001111111111111111,72.3,"[70.1%, 69.4%, 76.7%, 72.8%, 72.5%]",,,,
4,weights,13,68,0.125,0.493951538884187,0.7713508158922195,0.0001111111111111111,72.8,"[70.1%, 69.4%, 76.7%, 72.8%, 75.0%]",,,,
4,weights,14,69,0.125,0.4879634127586703,0.7648247461766005,0.0001111111111111111,72.66,"[70.1%, 69.4%, 76.7%, 72.8%, 74.3%]",,,,
4,weights,15,70,0.125,0.49120733745490447,0.8571968162432313,0.0001111111111111111,72.28,"[70.1%, 69.4%, 76.7%, 72.8%, 72.4%]",,,,
4,weights,16,71,0.125,0.48158683788172807,0.8303078263998032,0.0001111111111111111,72.58,"[70.1%, 69.4%, 76.7%, 72.8%, 73.9%]",,,,
4,weights,17,72,0.125,0.4883653191448767,0.8532108031213284,0.0001111111111111111,72.46000000000001,"[70.1%, 69.4%, 76.7%, 72.8%, 73.3%]",,,,
4,weights,18,73,0.125,0.45913314517540266,0.7879766225814819,0.0001111111111111111,72.78,"[70.1%, 69.4%, 76.7%, 72.8%, 74.9%]",,,,
4,weights,19,74,0.125,0.46734379326240927,0.8058878313750029,0.0001111111111111111,72.66,"[70.1%, 69.4%, 76.7%, 72.8%, 74.3%]",,,,
4,weights,20,75,0.125,0.45421924093101596,0.7632203437387943,0.0001111111111111111,72.58,"[70.1%, 69.4%, 76.7%, 72.8%, 73.9%]",,,,
4,weights,21,76,0.125,0.4725235632703274,0.8579018246382475,0.0001111111111111111,72.47999999999999,"[70.1%, 69.4%, 76.7%, 72.8%, 73.4%]",,,,
4,weights,22,77,0.125,0.45768409326106685,0.8576946742832661,0.0001111111111111111,72.56,"[70.1%, 69.4%, 76.7%, 72.8%, 73.8%]",,,,
4,weights,23,78,0.125,0.42085537352139435,0.86583979614079,0.0001111111111111111,72.3,"[70.1%, 69.4%, 76.7%, 72.8%, 72.5%]",,,,
4,weights,24,79,0.125,0.44050420198259477,0.8714053947478533,0.0001111111111111111,72.44,"[70.1%, 69.4%, 76.7%, 72.8%, 73.2%]",,,,
4,weights,25,80,0.125,0.40967570037781437,0.8846677839756012,0.0001111111111111111,72.38,"[70.1%, 69.4%, 76.7%, 72.8%, 72.9%]",60.56,"[34.6%, 54.4%, 76.7%, 68.4%, 68.7%]",68.5,"[59.4%, 64.9%, 76.7%, 72.8%, 68.7%]"
5,parallel,1,1,0.5,6.397058450722996,2.5677266269922256,0.0001111111111111111,61.21666666666667,"[70.0%, 68.0%, 76.0%, 71.1%, 72.2%, 10.0%]",,,,
5,parallel,2,2,0.5,2.3870962722392024,2.3437098413705826,0.0001111111111111111,61.416666666666664,"[70.0%, 67.8%, 76.0%, 70.8%, 72.4%, 11.5%]",,,,
5,parallel,3,3,0.5,2.3273957620693158,2.306777849793434,0.0001111111111111111,61.1,"[69.6%, 67.6%, 75.9%, 71.2%, 72.3%, 10.0%]",,,,
5,parallel,4,4,0.5,2.0736379351796983,1.8215479999780655,0.0001111111111111111,64.05,"[67.7%, 68.7%, 76.0%, 70.3%, 71.8%, 29.8%]",,,,
5,parallel,5,5,0.4905664156385195,1.7018406240245965,1.8133740052580833,0.0001111111111111111,62.616666666666674,"[65.3%, 67.0%, 76.2%, 69.1%, 70.5%, 27.6%]",,,,
5,parallel,6,6,0.475906289056241,1.5449768712248984,1.4482463747262955,0.0001111111111111111,66.06666666666666,"[66.1%, 66.9%, 76.0%, 69.0%, 70.5%, 47.9%]",,,,
5,parallel,7,7,0.4615461624739625,1.2803779614122608,1.3010518532246351,0.0001111111111111111,66.69999999999999,"[62.4%, 67.8%, 76.2%, 69.4%, 70.2%, 54.2%]",,,,
5,parallel,8,8,0.447486035891684,1.1577910350847849,1.1884850803762674,0.0001111111111111111,67.31666666666668,"[63.2%, 68.4%, 76.2%, 68.8%, 71.2%, 56.1%]",,,,
5,parallel,9,9,0.4337259093094055,1.077556649340859,1.1425144914537668,0.0001111111111111111,67.7,"[62.7%, 67.6%, 75.8%, 68.5%, 71.7%, 59.9%]",,,,
5,parallel,10,10,0.42026578272712706,0.9802432573294337,1.1999266743659973,0.0001111111111111111,67.05000000000001,"[60.7%, 67.9%, 76.5%, 68.6%, 71.1%, 57.5%]",,,,
5,parallel,11,11,0.4071056561448486,0.9316770004320748,1.1290074372664094,0.0001111111111111111,67.5,"[61.6%, 67.6%, 75.5%, 68.9%, 71.4%, 60.0%]",,,,
5,parallel,12,12,0.39424552956257014,0.8897488486917713,0.9602973815053701,0.0001111111111111111,68.36666666666666,"[62.6%, 67.9%, 75.6%, 68.1%, 70.0%, 66.0%]",,,,
5,parallel,13,13,0.38168540298029163,0.8733952022805999,0.9896195465698838,0.0001111111111111111,67.84999999999998,"[61.7%, 67.0%, 75.7%, 68.4%, 69.2%, 65.1%]",,,,
5,parallel,14,14,0.36942527639801315,0.8208151889752738,0.9571907371282578,0.0001111111111111111,67.81666666666666,"[59.7%, 67.3%, 75.9%, 68.5%, 68.7%, 66.8%]",,,,
5,parallel,15,15,0.35746514981573463,0.7884509555901154,0.9349938929080963,0.0001111111111111111,67.89999999999999,"[57.6%, 68.0%, 75.8%, 68.3%, 69.5%, 68.2%]",,,,
5,parallel,16,16,0.34580502323345613,0.7491634122178524,0.9695831909775734,0.0001111111111111111,67.03333333333335,"[56.7%, 68.1%, 75.4%, 68.0%, 68.4%, 65.6%]",,,,
5,parallel,17,17,0.33444489665117766,0.7319656120070929,0.9568599909543991,0.0001111111111111111,67.28333333333333,"[56.6%, 68.1%, 75.4%, 67.7%, 68.2%, 67.7%]",,,,
5,parallel,18,18,0.32338477006889915,0.7171527464178544,0.8874339610338211,0.0001111111111111111,67.08333333333333,"[55.2%, 67.7%, 75.3%, 67.8%, 67.6%, 68.9%]",,,,
5,parallel,19,19,0.3126246434866208,0.6822269491002529,0.894379423931241,0.0001111111111111111,66.93333333333334,"[55.4%, 66.7%, 75.4%, 67.6%, 67.7%, 68.8%]",,,,
5,parallel,20,20,0.30216451690434226,0.6817836342733118,0.9340708870440722,0.0001111111111111111,66.75,"[54.8%, 67.1%, 75.1%, 68.2%, 67.3%, 68.0%]",,,,
5,parallel,21,21,0.29200439032206377,0.6749972287989869,0.9384904634207487,0.0001111111111111111,66.61666666666667,"[53.3%, 67.4%, 75.6%, 67.9%, 66.9%, 68.6%]",,,,
5,parallel,22,22,0.2821442637397853,0.6499251387541807,0.9153384808450937,0.0001111111111111111,66.58333333333333,"[54.1%, 66.7%, 75.6%, 67.5%, 66.4%, 69.2%]",,,,
5,parallel,23,23,0.27258413715750685,0.6708838788768913,0.9194300957024097,0.0001111111111111111,66.53333333333332,"[53.8%, 67.3%, 75.3%, 68.3%, 66.6%, 67.9%]",,,,
5,parallel,24,24,0.26332401057522836,0.6418539512006542,0.8604654502123594,0.0001111111111111111,66.58333333333333,"[54.4%, 65.9%, 75.3%, 68.3%, 66.0%, 69.6%]",,,,
5,parallel,25,25,0.25436388399294985,0.6542415456681312,0.8417862905189395,0.0001111111111111111,66.68333333333334,"[54.4%, 66.5%, 75.0%, 68.0%, 64.6%, 71.6%]",,,,
5,parallel,26,26,0.24570375741067135,0.6936482160906249,0.8767417203634977,0.0001111111111111111,66.03333333333333,"[54.9%, 64.4%, 75.2%, 67.8%, 65.1%, 68.8%]",,,,
5,parallel,27,27,0.23734363082839288,0.660192468121082,0.8008989002555609,0.0001111111111111111,66.56666666666666,"[52.5%, 65.9%, 75.0%, 68.0%, 64.9%, 73.1%]",,,,
5,parallel,28,28,0.22928350424611438,0.711037206876127,0.8302974812686443,0.0001111111111111111,65.88333333333333,"[49.1%, 65.5%, 74.7%, 68.1%, 64.5%, 73.4%]",,,,
5,parallel,29,29,0.2215233776638359,0.6637557118753844,0.8298183549195528,0.0001111111111111111,65.75,"[50.2%, 66.2%, 74.1%, 68.1%, 64.2%, 71.7%]",,,,
5,parallel,30,30,0.21406325108155744,0.7131457321251495,0.9352763490751386,0.0001111111111111111,65.03333333333335,"[47.8%, 65.8%, 73.9%, 68.8%, 64.5%, 69.4%]",,,,
5,parallel,31,31,0.20690312449927897,0.7158211582823645,0.8434704439714551,0.0001111111111111111,65.28333333333333,"[47.3%, 65.7%, 74.5%, 68.5%, 64.0%, 71.7%]",,,,
5,parallel,32,32,0.20004299791700048,0.7319011469430561,0.8978680362924933,0.0001111111111111111,65.05,"[48.9%, 65.7%, 73.5%, 68.8%, 64.9%, 68.5%]",,,,
5,parallel,33,33,0.193482871334722,0.7186664644675919,0.899718246422708,0.0001111111111111111,65.53333333333333,"[50.2%, 64.9%, 73.9%, 68.3%, 65.7%, 70.2%]",,,,
5,parallel,34,34,0.1872227447524435,0.7497171097541158,0.9163305666297674,0.0001111111111111111,64.95,"[50.0%, 64.3%, 73.8%, 67.7%, 65.2%, 68.7%]",,,,
5,parallel,35,35,0.18126261817016504,0.7409191018418421,0.8547265734523535,0.0001111111111111111,64.88333333333334,"[48.5%, 64.4%, 73.9%, 67.4%, 64.6%, 70.5%]",,,,
5,parallel,36,36,0.17560249158788657,0.7803983967515487,0.9219189807772636,0.0001111111111111111,64.75,"[50.0%, 64.1%, 74.4%, 67.1%, 63.8%, 69.1%]",,,,
5,parallel,37,37,0.17024236500560808,0.8168474605566338,0.8868242017924786,0.0001111111111111111,64.85,"[50.7%, 63.1%, 74.5%, 67.0%, 64.1%, 69.7%]",,,,
5,parallel,38,38,0.1651822384233296,0.7382303408429592,0.8575268816202879,0.0001111111111111111,65.05,"[51.5%, 63.4%, 73.9%, 67.7%, 62.3%, 71.5%]",,,,
5,parallel,39,39,0.1604221118410511,0.76813192835337,1.0450778966769576,0.0001111111111111111,64.03333333333335,"[51.5%, 62.5%, 74.1%, 67.4%, 62.6%, 66.1%]",,,,
5,parallel,40,40,0.15596198525877264,0.8198645507233052,1.0654492313042283,0.0001111111111111111,63.6,"[50.4%, 62.3%, 74.3%, 67.1%, 62.4%, 65.1%]",,,,
5,parallel,41,41,0.15180185867649415,0.8135903334315819,0.9195481259375811,0.0001111111111111111,64.5,"[50.3%, 62.4%, 73.9%, 67.7%, 63.8%, 68.9%]",,,,
5,parallel,42,42,0.14794173209421568,0.8135957197297977,0.9417264088988304,0.0001111111111111111,64.61666666666666,"[50.2%, 62.5%, 74.0%, 67.7%, 64.1%, 69.2%]",,,,
5,parallel,43,43,0.14438160551193718,0.7776662680921675,0.9084348045289516,0.0001111111111111111,64.6,"[49.3%, 62.2%, 74.0%, 67.1%, 63.3%, 71.7%]",,,,
5,parallel,44,44,0.1411214789296587,0.7492807481107833,0.9811699045822024,0.0001111111111111111,63.916666666666664,"[49.2%, 62.2%, 73.8%, 67.5%, 63.7%, 67.1%]",,,,
5,parallel,45,45,0.13816135234738022,1.035455731651451,1.0243397299200296,0.0001111111111111111,64.6,"[51.3%, 61.6%, 74.2%, 67.7%, 65.6%, 67.2%]",,,,
5,parallel,46,46,0.13550122576510173,0.8879474559916726,0.9652497135102749,0.0001111111111111111,64.53333333333332,"[51.6%, 61.3%, 73.8%, 68.1%, 65.8%, 66.6%]",,,,
5,parallel,47,47,0.13314109918282327,0.8226450651506835,0.8721989188343287,0.0001111111111111111,64.78333333333333,"[51.4%, 60.6%, 73.4%, 67.7%, 65.4%, 70.2%]",,,,
5,parallel,48,48,0.13108097260054477,0.9096518008014823,0.9043127782642841,0.0001111111111111111,64.55,"[50.3%, 61.1%, 74.0%, 67.1%, 65.1%, 69.7%]",,,,
5,parallel,49,49,0.1293208460182663,0.804067343850679,1.0353502230718732,0.0001111111111111111,63.26666666666666,"[49.8%, 59.9%, 73.6%, 66.6%, 65.2%, 64.5%]",,,,
5,parallel,50,50,0.1278607194359878,0.776726180994058,0.945072365924716,0.0001111111111111111,64.31666666666666,"[49.3%, 61.0%, 74.1%, 67.1%, 64.0%, 70.4%]",,,,
5,parallel,51,51,0.12670059285370935,0.7485650928714608,0.9427598789334297,0.0001111111111111111,63.54999999999999,"[47.9%, 59.6%, 74.2%, 67.0%, 64.7%, 67.9%]",,,,
5,parallel,52,52,0.12584046627143086,0.7222149032580701,0.9512182679027319,0.0001111111111111111,63.75,"[48.3%, 60.0%, 73.9%, 67.0%, 64.5%, 68.8%]",,,,
5,parallel,53,53,0.1252803396891524,0.700085464346258,0.904366803355515,0.0001111111111111111,63.93333333333333,"[48.5%, 59.9%, 74.0%, 67.0%, 64.0%, 70.2%]",,,,
5,parallel,54,54,0.1250202131068739,0.6431484888248806,0.839942267164588,0.0001111111111111111,63.68333333333333,"[48.0%, 60.2%, 74.0%, 66.5%, 62.7%, 70.7%]",,,,
5,parallel,55,55,0.125,0.666032004582731,0.8567259619012475,0.0001111111111111111,64.08333333333333,"[48.4%, 60.3%, 73.5%, 66.5%, 64.2%, 71.6%]",,,,
5,weights,1,56,0.125,0.6524257078955445,0.8523865640163422,0.0001111111111111111,63.75,"[48.7%, 60.1%, 73.7%, 66.3%, 62.8%, 70.9%]",,,,
5,weights,2,57,0.125,0.6427128305540809,0.8882004655897617,0.0001111111111111111,63.81666666666666,"[48.4%, 60.4%, 73.7%, 66.0%, 63.7%, 70.7%]",,,,
5,weights,3,58,0.125,0.6055964088138146,0.8244937378913164,0.0001111111111111111,63.70000000000001,"[48.0%, 59.9%, 73.4%, 66.2%, 63.1%, 71.6%]",,,,
5,weights,4,59,0.125,0.5949747883066346,0.825648408383131,0.0001111111111111111,63.65,"[48.7%, 57.6%, 73.1%, 66.1%, 63.8%, 72.6%]",,,,
5,weights,5,60,0.125,0.5980572440201724,0.8759151785634458,0.0001111111111111111,63.68333333333334,"[48.7%, 58.5%, 73.5%, 66.0%, 64.0%, 71.4%]",,,,
5,weights,6,61,0.125,0.6206601205505903,0.8532101297751069,0.0001111111111111111,63.949999999999996,"[48.1%, 59.4%, 73.3%, 66.5%, 64.1%, 72.3%]",,,,
5,weights,7,62,0.125,0.5504731784892988,0.7980137635022402,0.0001111111111111111,63.71666666666666,"[47.5%, 57.3%, 73.8%, 66.5%, 64.1%, 73.1%]",,,,
5,weights,8,63,0.125,0.5361700069300736,0.801236106082797,0.0001111111111111111,64.01666666666667,"[49.0%, 58.7%, 73.8%, 66.5%, 63.7%, 72.4%]",,,,
5,weights,9,64,0.125,0.5323448796061021,0.819980981759727,0.0001111111111111111,63.616666666666674,"[48.0%, 58.9%, 73.2%, 66.0%, 63.2%, 72.4%]",,,,
5,weights,10,65,0.125,0.5458934156200553,0.8115118043497205,0.0001111111111111111,63.48333333333333,"[46.8%, 59.4%, 73.2%, 67.0%, 62.0%, 72.5%]",,,,
5,weights,11,66,0.125,0.5258162236666377,0.8744510468095541,0.0001111111111111111,63.78333333333334,"[47.1%, 59.3%, 73.7%, 66.6%, 63.6%, 72.4%]",,,,
5,weights,12,67,0.125,0.5007382421931134,0.8058322137221694,0.0001111111111111111,63.93333333333334,"[47.9%, 59.4%, 73.3%, 66.2%, 63.5%, 73.3%]",,,,
5,weights,13,68,0.125,0.5064536465119712,0.7984366305172443,0.0001111111111111111,63.78333333333333,"[47.5%, 59.7%, 73.0%, 65.9%, 63.3%, 73.3%]",,,,
5,weights,14,69,0.125,0.5163572905938837,0.7735024923458695,0.0001111111111111111,64.08333333333333,"[48.1%, 60.3%, 73.2%, 66.2%, 63.2%, 73.5%]",,,,
5,weights,15,70,0.125,0.49153522939621647,0.8224688768386841,0.0001111111111111111,63.583333333333336,"[48.6%, 58.7%, 73.5%, 66.2%, 61.8%, 72.7%]",,,,
5,weights,16,71,0.125,0.4900039272217811,0.8516488028690219,0.0001111111111111111,63.36666666666667,"[48.6%, 58.8%, 73.8%, 65.8%, 62.2%, 71.0%]",,,,
5,weights,17,72,0.125,0.4915115626741059,0.7786345239728689,0.0001111111111111111,64.21666666666668,"[49.1%, 59.6%, 73.4%, 66.1%, 63.2%, 73.9%]",,,,
5,weights,18,73,0.125,0.46977769121339047,0.9012600174173713,0.0001111111111111111,63.03333333333333,"[48.2%, 58.2%, 73.3%, 65.8%, 60.9%, 71.8%]",,,,
5,weights,19,74,0.125,0.4860570087463041,0.8121433090418577,0.0001111111111111111,63.633333333333326,"[48.3%, 59.6%, 73.4%, 65.6%, 62.8%, 72.1%]",,,,
5,weights,20,75,0.125,0.4733671874185152,0.8038722341880202,0.0001111111111111111,63.61666666666667,"[48.3%, 59.3%, 73.2%, 65.4%, 62.8%, 72.7%]",,,,
5,weights,21,76,0.125,0.43868148440047156,0.8047049283050001,0.0001111111111111111,63.75,"[47.6%, 59.1%, 73.1%, 66.0%, 62.6%, 74.1%]",,,,
5,weights,22,77,0.125,0.43362696600865713,0.8281010063365102,0.0001111111111111111,63.43333333333334,"[47.6%, 58.6%, 73.1%, 66.1%, 61.7%, 73.5%]",,,,
5,weights,23,78,0.125,0.4386101763082456,0.7460429733619094,0.0001111111111111111,64.08333333333333,"[48.5%, 58.8%, 73.4%, 66.1%, 62.8%, 74.9%]",,,,
5,weights,24,79,0.125,0.42362718208681177,0.8915226687677205,0.0001111111111111111,62.916666666666664,"[48.2%, 57.8%, 73.1%, 65.5%, 60.9%, 72.0%]",,,,
5,weights,25,80,0.125,0.4321645320970801,0.7880052076652646,0.0001111111111111111,63.416666666666664,"[49.6%, 57.1%, 73.1%, 65.6%, 62.2%, 72.9%]",48.70000000000001,"[15.1%, 35.2%, 73.1%, 59.4%, 44.4%, 65.0%]",55.199999999999996,"[42.8%, 46.2%, 70.1%, 62.5%, 51.9%, 57.7%]"
6,parallel,1,1,0.4,6.693660298480263,3.3137652426958084,0.0001111111111111111,55.642857142857146,"[49.7%, 57.0%, 73.0%, 65.8%, 61.5%, 72.5%, 10.0%]",,,,
6,parallel,2,2,0.4,2.630626120144808,2.36806158721447,0.0001111111111111111,55.62857142857143,"[49.7%, 57.1%, 72.9%, 65.7%, 61.3%, 72.7%, 10.0%]",,,,
6,parallel,3,3,0.4,2.3434275675423537,2.3156275898218155,0.0001111111111111111,55.628571428571426,"[49.5%, 57.2%, 72.9%, 65.7%, 61.4%, 72.7%, 10.0%]",,,,
6,parallel,4,4,0.4,2.232213101809538,1.9968574792146683,0.0001111111111111111,57.5,"[49.4%, 56.9%, 72.6%, 65.9%, 61.7%, 72.8%, 23.2%]",,,,
6,parallel,5,5,0.3930820381349143,1.8103961205180688,1.5971263833343983,0.0001111111111111111,59.82857142857143,"[49.4%, 57.0%, 72.2%, 65.8%, 61.4%, 72.7%, 40.3%]",,,,
6,parallel,6,6,0.38233127864124344,1.4910109903238997,1.482616864144802,0.0001111111111111111,61.05714285714286,"[49.5%, 57.1%, 71.6%, 67.0%, 61.6%, 72.7%, 47.9%]",,,,
6,parallel,7,7,0.3718005191475725,1.318842577028878,1.367162074893713,0.0001111111111111111,61.09999999999999,"[49.3%, 56.8%, 71.0%, 66.7%, 61.4%, 72.6%, 49.9%]",,,,
6,parallel,8,8,0.3614897596539016,1.1390544900411292,1.3858132660388947,0.0001111111111111111,61.271428571428565,"[49.2%, 56.9%, 71.2%, 66.7%, 61.3%, 72.7%, 50.9%]",,,,
6,parallel,9,9,0.35139900016023073,1.055351319192331,1.0197809236124158,0.0001111111111111111,62.885714285714286,"[49.3%, 56.8%, 71.3%, 66.6%, 61.4%, 72.7%, 62.1%]",,,,
6,parallel,10,10,0.34152824066655985,0.958526252191278,1.1333882883191109,0.0001111111111111111,62.5142857142857,"[49.3%, 56.9%, 71.0%, 66.6%, 61.3%, 72.6%, 59.9%]",,,,
6,parallel,11,11,0.33187748117288896,0.9100525748880604,0.9719674130901694,0.0001111111111111111,63.32857142857143,"[49.2%, 57.0%, 71.9%, 66.7%, 61.2%, 72.6%, 64.7%]",,,,
6,parallel,12,12,0.3224467216792181,0.84055788607537,0.9413347132503986,0.0001111111111111111,63.800000000000004,"[49.3%, 56.8%, 72.1%, 66.8%, 61.3%, 72.5%, 67.8%]",,,,
6,parallel,13,13,0.31323596218554717,0.8187846843200394,0.9257896114140749,0.0001111111111111111,63.5142857142857,"[49.2%, 56.8%, 71.9%, 66.8%, 61.4%, 72.6%, 65.9%]",,,,
6,parallel,14,14,0.30424520269187627,0.8047564240950572,0.9815531708300114,0.0001111111111111111,63.199999999999996,"[49.2%, 56.7%, 72.1%, 66.7%, 61.2%, 72.6%, 63.9%]",,,,
6,parallel,15,15,0.29547444319820537,0.7976752489427977,0.9853077922016382,0.0001111111111111111,63.228571428571435,"[49.2%, 56.7%, 72.2%, 66.5%, 61.3%, 72.6%, 64.1%]",,,,
6,parallel,16,16,0.2869236837045345,0.7636546220960496,0.8730204510502517,0.0001111111111111111,63.642857142857146,"[49.3%, 56.8%, 71.7%, 66.6%, 61.1%, 72.4%, 67.6%]",,,,
6,parallel,17,17,0.2785929242108637,0.7254333465914183,1.0845049489289522,0.0001111111111111111,63.17142857142857,"[49.0%, 57.1%, 71.8%, 66.7%, 61.3%, 72.5%, 63.8%]",,,,
6,parallel,18,18,0.2704821647171928,0.7403052207789843,0.824532762169838,0.0001111111111111111,64.18571428571428,"[49.4%, 57.1%, 71.9%, 66.6%, 61.0%, 72.4%, 70.9%]",,,,
6,parallel,19,19,0.26259140522352187,0.7053926108004172,0.8923842953518033,0.0001111111111111111,63.84285714285714,"[49.1%, 57.3%, 71.9%, 66.6%, 61.2%, 72.2%, 68.6%]",,,,
6,parallel,20,20,0.254920645729851,0.7123855707011645,0.8801924418658018,0.0001111111111111111,64.04285714285714,"[49.3%, 57.3%, 71.6%, 67.0%, 61.1%, 72.2%, 69.8%]",,,,
6,parallel,21,21,0.2474698862361801,0.6868972412393063,0.9112992757000029,0.0001111111111111111,63.6857142857143,"[49.2%, 57.1%, 71.4%, 66.9%, 61.3%, 72.5%, 67.4%]",,,,
6,parallel,22,22,0.24023912674250925,0.6485325833664665,0.8133507315069437,0.0001111111111111111,64.42857142857143,"[49.3%, 57.6%, 71.7%, 66.7%, 61.1%, 72.5%, 72.1%]",,,,
6,parallel,23,23,0.23322836724883836,0.687645941595488,0.785266425460577,0.0001111111111111111,64.60000000000001,"[49.3%, 57.9%, 71.7%, 66.4%, 61.2%, 72.6%, 73.1%]",,,,
6,parallel,24,24,0.22643760775516747,0.6867101256605945,0.7748620761558414,0.0001111111111111111,64.41428571428571,"[49.3%, 57.7%, 71.6%, 65.9%, 61.0%, 72.9%, 72.5%]",,,,
6,parallel,25,25,0.21986684826149658,0.6504474618012392,0.8517613811418414,0.0001111111111111111,64.18571428571428,"[49.2%, 57.7%, 71.8%, 66.2%, 61.0%, 73.0%, 70.4%]",,,,
6,parallel,26,26,0.21351608876782568,0.6545140084963811,0.8005408328026533,0.0001111111111111111,64.4,"[49.4%, 57.8%, 71.8%, 66.2%, 61.2%, 72.6%, 71.8%]",,,,
6,parallel,27,27,0.2073853292741548,0.63400913265687,0.7522028917446733,0.0001111111111111111,64.64285714285714,"[49.3%, 57.5%, 72.2%, 66.2%, 61.4%, 72.7%, 73.2%]",,,,
6,parallel,28,28,0.2014745697804839,0.6530358029317253,0.8551435237750411,0.0001111111111111111,64.41428571428571,"[49.2%, 57.3%, 71.7%, 66.5%, 61.4%, 72.9%, 71.9%]",,,,
6,parallel,29,29,0.19578381028681302,0.6472765893875798,0.8175508100539446,0.0001111111111111111,64.55714285714286,"[49.0%, 57.5%, 72.1%, 66.6%, 61.5%, 72.9%, 72.3%]",,,,
6,parallel,30,30,0.19031305079314215,0.6238270888600168,0.7840615077875555,0.0001111111111111111,64.57142857142857,"[49.1%, 56.8%, 72.3%, 66.4%, 61.4%, 73.0%, 73.0%]",,,,
6,parallel,31,31,0.18506229129947124,0.6478246620184258,0.8223546128720045,0.0001111111111111111,64.31428571428572,"[49.2%, 57.2%, 72.2%, 66.1%, 61.5%, 73.0%, 71.0%]",,,,
6,parallel,32,32,0.18003153180580037,0.6109230574927752,0.784570274874568,0.0001111111111111111,64.65714285714286,"[49.2%, 57.2%, 72.2%, 66.3%, 61.6%, 73.1%, 73.0%]",,,,
6,parallel,33,33,0.17522077231212946,0.6432303178913986,0.8050405299291015,0.0001111111111111111,64.72857142857143,"[49.1%, 57.1%, 72.6%, 66.3%, 61.5%, 73.1%, 73.4%]",,,,
6,parallel,34,34,0.17063001281845858,0.6444935915590841,0.8843307867646217,0.0001111111111111111,64.22857142857143,"[49.3%, 56.8%, 72.6%, 66.5%, 61.5%, 73.1%, 69.8%]",,,,
6,parallel,35,35,0.1662592533247877,0.6499235309377501,0.80470015341416,0.0001111111111111111,64.54285714285714,"[49.2%, 57.1%, 72.5%, 66.7%, 61.5%, 73.1%, 71.7%]",,,,
6,parallel,36,36,0.1621084938311168,0.6404421785964242,0.7816617209464312,0.0001111111111111111,64.71428571428572,"[49.4%, 57.2%, 72.7%, 66.4%, 61.5%, 73.0%, 72.8%]",,,,
6,parallel,37,37,0.15817773433744592,0.6174531567700302,0.8391368337906897,0.0001111111111111111,64.34285714285714,"[49.1%, 57.2%, 72.6%, 66.5%, 61.5%, 72.9%, 70.6%]",,,,
6,parallel,38,38,0.15446697484377503,0.6603274526475351,0.8444398478604853,0.0001111111111111111,64.57142857142857,"[49.2%, 57.3%, 72.5%, 66.4%, 61.7%, 72.9%, 72.0%]",,,,
6,parallel,39,39,0.15097621535010414,0.6467513306231438,0.8000112837180495,0.0001111111111111111,64.45714285714286,"[49.2%, 57.3%, 72.4%, 66.3%, 61.3%, 72.9%, 71.8%]",,,,
6,parallel,40,40,0.14770545585643327,0.6417471042162255,0.8558077309280634,0.0001111111111111111,64.34285714285714,"[49.1%, 57.4%, 72.5%, 66.1%, 61.6%, 72.7%, 71.0%]",,,,
6,parallel,41,41,0.14465469636276237,0.6262724120405656,0.9125745557248592,0.0001111111111111111,64.47142857142858,"[49.3%, 57.1%, 72.4%, 66.4%, 61.8%, 72.6%, 71.7%]",,,,
6,parallel,42,42,0.1418239368690915,0.5984677979840508,0.8788906587287784,0.0001111111111111111,64.38571428571427,"[49.3%, 57.0%, 72.3%, 66.3%, 61.8%, 72.6%, 71.4%]",,,,
6,parallel,43,43,0.1392131773754206,0.6861797401422187,0.8563349498435855,0.0001111111111111111,64.34285714285714,"[49.6%, 57.1%, 72.5%, 66.7%, 61.8%, 72.9%, 69.8%]",,,,
6,parallel,44,44,0.13682241788174973,0.6262461411047585,0.7661796468310058,0.0001111111111111111,64.94285714285715,"[49.5%, 57.4%, 72.3%, 66.7%, 61.7%, 72.9%, 74.1%]",,,,
6,parallel,45,45,0.13465165838807883,0.6072135341318348,0.871497143059969,0.0001111111111111111,64.54285714285713,"[49.4%, 57.5%, 72.6%, 66.4%, 61.5%, 72.7%, 71.7%]",,,,
6,parallel,46,46,0.13270089889440795,0.6549135963373547,0.883020156994462,0.0001111111111111111,64.52857142857142,"[49.5%, 57.5%, 72.4%, 66.6%, 61.6%, 72.9%, 71.2%]",,,,
6,parallel,47,47,0.13097013940073707,0.6516410602798944,0.9031259790062904,0.0001111111111111111,64.37142857142858,"[49.5%, 57.5%, 72.4%, 66.5%, 61.7%, 72.9%, 70.1%]",,,,
6,parallel,48,48,0.12945937990706619,0.6042273459555227,0.8944033775478601,0.0001111111111111111,64.38571428571429,"[49.4%, 57.8%, 72.3%, 66.2%, 61.5%, 72.9%, 70.6%]",,,,
6,parallel,49,49,0.1281686204133953,0.5979247236553626,0.777907345443964,0.0001111111111111111,64.82857142857142,"[49.5%, 57.6%, 72.0%, 66.1%, 61.5%, 72.7%, 74.4%]",,,,
6,parallel,50,50,0.12709786091972441,0.5684709213202512,0.8140888717025518,0.0001111111111111111,64.72857142857143,"[49.3%, 57.9%, 72.0%, 66.6%, 61.4%, 72.7%, 73.2%]",,,,
6,parallel,51,51,0.12624710142605353,0.5600297413294828,0.766502502374351,0.0001111111111111111,64.88571428571429,"[49.3%, 57.8%, 71.4%, 66.7%, 61.6%, 72.9%, 74.5%]",,,,
6,parallel,52,52,0.12561634193238264,0.5420192902601217,0.751954298466444,0.0001111111111111111,65.11428571428571,"[49.4%, 57.7%, 71.9%, 66.2%, 61.7%, 73.0%, 75.9%]",,,,
6,parallel,53,53,0.12520558243871174,0.5357931610904162,0.7863200046122074,0.0001111111111111111,64.92857142857143,"[49.2%, 57.6%, 72.0%, 66.4%, 61.7%, 72.9%, 74.7%]",,,,
6,parallel,54,54,0.12501482294504085,0.5269443890716456,0.8007967043668032,0.0001111111111111111,64.82857142857142,"[49.2%, 57.8%, 71.8%, 66.2%, 61.9%, 72.9%, 74.0%]",,,,
6,parallel,55,55,0.125,0.5019990537740007,0.8970321910455823,0.0001111111111111111,64.67142857142858,"[49.2%, 57.7%, 71.9%, 66.2%, 61.8%, 73.0%, 72.9%]",,,,
6,weights,1,56,0.125,0.4782886363660233,0.8085206123068929,0.0001111111111111111,64.72857142857143,"[49.2%, 57.7%, 72.0%, 66.2%, 62.1%, 72.9%, 73.0%]",,,,
6,weights,2,57,0.125,0.48518642292747016,0.7946301894262433,0.0001111111111111111,64.74285714285715,"[49.0%, 57.6%, 71.6%, 66.3%, 62.1%, 72.8%, 73.8%]",,,,
6,weights,3,58,0.125,0.4999962343445307,0.8060969486832619,0.0001111111111111111,64.75714285714285,"[49.0%, 57.6%, 71.7%, 65.9%, 62.1%, 73.0%, 74.0%]",,,,
6,weights,4,59,0.125,0.49141269375251817,0.712654173374176,0.0001111111111111111,65.1,"[49.0%, 57.6%, 71.4%, 66.4%, 62.1%, 73.0%, 76.2%]",,,,
6,weights,5,60,0.125,0.45895142325117616,0.7742026187479496,0.0001111111111111111,64.88571428571429,"[49.1%, 57.3%, 71.3%, 66.3%, 62.2%, 72.9%, 75.1%]",,,,
6,weights,6,61,0.125,0.45704441130915774,0.7951485216617584,0.0001111111111111111,65.0,"[49.3%, 57.2%, 71.3%, 66.7%, 62.3%, 73.0%, 75.2%]",,,,
6,weights,7,62,0.125,0.45791048565997355,0.7808610694482923,0.0001111111111111111,65.08571428571427,"[49.1%, 57.2%, 71.7%, 66.6%, 62.4%, 72.9%, 75.7%]",,,,
6,weights,8,63,0.125,0.4390290790720831,0.9106732066720724,0.0001111111111111111,64.72857142857143,"[49.3%, 57.2%, 71.9%, 66.5%, 62.5%, 73.1%, 72.6%]",,,,
6,weights,9,64,0.125,0.4438144408072097,0.7298648469150066,0.0001111111111111111,65.35714285714286,"[49.2%, 57.4%, 71.9%, 66.4%, 62.4%, 73.0%, 77.2%]",,,,
6,weights,10,65,0.125,0.41888942824134345,0.7315614875406027,0.0001111111111111111,65.18571428571428,"[49.1%, 57.4%, 72.1%, 66.6%, 62.4%, 72.9%, 75.8%]",,,,
6,weights,11,66,0.125,0.41446698164638085,0.7565521337091923,0.0001111111111111111,65.24285714285715,"[49.2%, 57.3%, 72.1%, 66.5%, 62.5%, 73.0%, 76.1%]",,,,
6,weights,12,67,0.125,0.4261655686776849,0.7956454195082188,0.0001111111111111111,65.22857142857143,"[49.2%, 57.1%, 72.3%, 66.4%, 62.6%, 72.9%, 76.1%]",,,,
6,weights,13,68,0.125,0.4256150005738946,0.8428422156721354,0.0001111111111111111,65.17142857142858,"[49.0%, 57.4%, 72.2%, 66.8%, 62.6%, 73.0%, 75.2%]",,,,
6,weights,14,69,0.125,0.39124539070114306,0.8351773461326957,0.0001111111111111111,65.21428571428571,"[49.2%, 57.3%, 72.6%, 67.1%, 62.6%, 72.8%, 74.9%]",,,,
6,weights,15,70,0.125,0.36770847232281406,0.7665501609444618,0.0001111111111111111,65.21428571428571,"[49.4%, 57.1%, 71.7%, 66.7%, 62.8%, 72.8%, 76.0%]",,,,
6,weights,16,71,0.125,0.38842776021625425,0.7558446135371923,0.0001111111111111111,65.28571428571429,"[49.3%, 57.2%, 71.8%, 66.7%, 62.6%, 72.8%, 76.6%]",,,,
6,weights,17,72,0.125,0.3752626207527481,0.7430036142468452,0.0001111111111111111,65.21428571428571,"[49.2%, 57.4%, 72.0%, 66.1%, 62.8%, 72.9%, 76.1%]",,,,
6,weights,18,73,0.125,0.3956629828184466,0.7231796942651272,0.0001111111111111111,65.14285714285714,"[49.1%, 57.5%, 71.9%, 66.2%, 62.7%, 72.7%, 75.9%]",,,,
6,weights,19,74,0.125,0.39702390643614754,0.7403201200067997,0.0001111111111111111,65.34285714285716,"[49.1%, 57.6%, 71.9%, 66.5%, 62.8%, 72.9%, 76.6%]",,,,
6,weights,20,75,0.125,0.3889802699979347,0.8089312585070729,0.0001111111111111111,65.24285714285713,"[49.2%, 57.7%, 72.1%, 66.6%, 62.8%, 72.9%, 75.4%]",,,,
6,weights,21,76,0.125,0.37862424278938317,0.8032728312537074,0.0001111111111111111,65.22857142857143,"[49.2%, 57.8%, 72.1%, 66.3%, 62.7%, 72.9%, 75.6%]",,,,
6,weights,22,77,0.125,0.3558898291821721,0.7717573968693614,0.0001111111111111111,65.47142857142858,"[49.4%, 57.6%, 72.2%, 66.3%, 62.9%, 73.1%, 76.8%]",,,,
6,weights,23,78,0.125,0.32615032037602193,0.8415060732513666,0.0001111111111111111,65.21428571428572,"[49.5%, 57.7%, 71.9%, 66.1%, 62.9%, 73.1%, 75.3%]",,,,
6,weights,24,79,0.125,0.3401247807130029,0.7844415744766593,0.0001111111111111111,65.18571428571428,"[49.5%, 57.8%, 72.1%, 66.1%, 62.8%, 73.1%, 74.9%]",,,,
6,weights,25,80,0.125,0.3403116673985614,0.7634818889200687,0.0001111111111111111,65.48571428571428,"[49.5%, 57.9%, 72.1%, 66.2%, 63.0%, 73.0%, 76.7%]",51.271428571428565,"[10.3%, 30.2%, 68.2%, 56.2%, 52.0%, 65.3%, 76.7%]",56.5,"[41.9%, 47.0%, 65.0%, 62.5%, 52.3%, 62.2%, 64.6%]"
7,parallel,1,1,0.3,6.364678138419043,3.4980495125055313,0.0001111111111111111,58.05,"[49.0%, 57.5%, 72.4%, 65.8%, 62.8%, 72.4%, 76.5%, 8.0%]",,,,
7,parallel,2,2,0.3,2.824151021015795,2.464004695415497,0.0001111111111111111,58.1875,"[48.9%, 57.1%, 72.4%, 65.8%, 62.3%, 72.5%, 76.5%, 10.0%]",,,,
7,parallel,3,3,0.3,2.3888838291168213,2.348647579550743,0.0001111111111111111,58.1875,"[48.8%, 57.1%, 72.4%, 65.9%, 62.3%, 72.5%, 76.5%, 10.0%]",,,,
7,parallel,4,4,0.3,2.3383403126197524,2.3316241651773453,0.0001111111111111111,58.1875,"[48.7%, 57.1%, 72.4%, 66.1%, 62.2%, 72.5%, 76.5%, 10.0%]",,,,
7,parallel,5,5,0.2955976606313091,2.3124482571324214,2.2301287576556206,0.0001111111111111111,59.675,"[48.7%, 57.2%, 72.4%, 65.8%, 62.0%, 72.9%, 76.4%, 22.0%]",,,,
7,parallel,6,6,0.2887562682262458,2.0432117211667795,1.955391377210617,0.0001111111111111111,60.375,"[49.4%, 56.7%, 72.2%, 65.8%, 62.0%, 73.2%, 76.5%, 27.2%]",,,,
7,parallel,7,7,0.2820548758211825,1.8155694520926173,1.6690769828855991,0.0001111111111111111,61.400000000000006,"[48.0%, 56.9%, 72.4%, 66.0%, 61.6%, 72.6%, 76.6%, 37.1%]",,,,
7,parallel,8,8,0.27549348341611923,1.5932899291002298,1.6306072473526,0.0001111111111111111,62.125,"[49.6%, 57.1%, 72.1%, 66.5%, 62.4%, 72.6%, 76.6%, 40.1%]",,,,
7,parallel,9,9,0.2690720910110559,1.4434751392919807,1.4125713519752026,0.0001111111111111111,63.3375,"[47.8%, 56.4%, 72.6%, 66.4%, 62.2%, 72.8%, 76.5%, 52.0%]",,,,
7,parallel,10,10,0.2627906986059926,1.3289022641845896,1.3649826440960169,0.0001111111111111111,63.4,"[48.9%, 56.8%, 72.7%, 66.5%, 61.6%, 73.2%, 76.3%, 51.2%]",,,,
7,parallel,11,11,0.25664930620092935,1.215803857091107,1.3205481134355068,0.0001111111111111111,63.8125,"[48.8%, 56.2%, 72.3%, 66.4%, 62.3%, 73.1%, 76.2%, 55.2%]",,,,
7,parallel,12,12,0.25064791379586604,1.1479647280294685,1.2809330206364393,0.0001111111111111111,63.737500000000004,"[48.7%, 56.2%, 72.4%, 66.4%, 62.0%, 73.2%, 76.7%, 54.3%]",,,,
7,parallel,13,13,0.24478652139080276,1.1010083480726314,1.2060329131782055,0.0001111111111111111,64.4375,"[48.6%, 56.6%, 72.6%, 66.2%, 62.1%, 73.4%, 76.8%, 59.2%]",,,,
7,parallel,14,14,0.23906512898573945,1.0578038700019257,1.0722697284072638,0.0001111111111111111,64.95,"[48.7%, 56.9%, 72.4%, 66.2%, 62.0%, 73.4%, 76.8%, 63.2%]",,,,
7,parallel,15,15,0.23348373658067617,1.0336394015746782,1.0641796756535769,0.0001111111111111111,64.875,"[48.5%, 56.8%, 72.2%, 66.3%, 61.9%, 73.3%, 76.6%, 63.4%]",,,,
7,parallel,16,16,0.22804234417561287,0.9768951837020584,1.0648233294487,0.0001111111111111111,65.1375,"[49.1%, 56.8%, 72.3%, 66.5%, 62.1%, 73.5%, 76.7%, 64.1%]",,,,
7,parallel,17,17,0.2227409517705496,0.9439373159710365,1.0493221646174788,0.0001111111111111111,65.3125,"[49.4%, 56.9%, 72.3%, 66.4%, 62.2%, 73.4%, 76.5%, 65.4%]",,,,
7,parallel,18,18,0.21757955936548629,0.9040829116785074,1.0970956590026617,0.0001111111111111111,65.0625,"[49.2%, 56.7%, 72.0%, 66.5%, 62.3%, 73.2%, 76.6%, 64.0%]",,,,
7,parallel,19,19,0.212558166960423,0.8884896371938005,1.0910691618919373,0.0001111111111111111,65.125,"[48.9%, 56.8%, 71.9%, 66.4%, 62.2%, 73.2%, 76.4%, 65.2%]",,,,
7,parallel,20,20,0.2076767745553597,0.8439784970464586,0.9979362841695547,0.0001111111111111111,65.42500000000001,"[48.9%, 57.2%, 71.9%, 66.2%, 62.1%, 73.0%, 76.4%, 67.7%]",,,,
7,parallel,21,21,0.2029353821502964,0.8580562155457991,1.0645310636609793,0.0001111111111111111,64.7875,"[48.9%, 57.0%, 71.8%, 66.1%, 61.6%, 73.0%, 76.3%, 63.6%]",,,,
7,parallel,22,22,0.19833398974523314,0.8024403075628643,1.041559942997992,0.0001111111111111111,65.10000000000001,"[48.6%, 57.2%, 71.7%, 66.1%, 61.5%, 73.1%, 76.2%, 66.4%]",,,,
7,parallel,23,23,0.19387259734016987,0.8133142816869519,1.02547518722713,0.0001111111111111111,65.3125,"[49.1%, 57.2%, 72.2%, 66.1%, 62.0%, 73.1%, 76.3%, 66.5%]",,,,
7,parallel,24,24,0.18955120493510658,0.7822842582871642,0.9465331751853228,0.0001111111111111111,65.41250000000001,"[49.2%, 57.1%, 72.0%, 65.8%, 61.8%, 73.0%, 76.2%, 68.2%]",,,,
7,parallel,25,25,0.18536981253004325,0.9283222261863419,1.0761805260553956,0.0001111111111111111,64.80000000000001,"[48.5%, 56.9%, 71.8%, 66.2%, 61.6%, 73.1%, 76.3%, 64.0%]",,,,
7,parallel,26,26,0.18132842012497996,0.8473372119891492,0.9680217877030373,0.0001111111111111111,65.1875,"[49.2%, 57.1%, 71.9%, 66.0%, 61.5%, 73.0%, 76.4%, 66.4%]",,,,
7,parallel,27,27,0.17742702771991667,0.8116144783134702,1.066749481484294,0.0001111111111111111,64.75,"[48.2%, 57.1%, 72.0%, 65.9%, 61.6%, 72.3%, 76.4%, 64.5%]",,,,
7,parallel,28,28,0.17366563531485338,0.7832425629036336,1.0187934283167124,0.0001111111111111111,65.4375,"[49.1%, 57.3%, 72.0%, 66.3%, 61.6%, 73.0%, 76.3%, 67.9%]",,,,
7,parallel,29,29,0.1700442429097901,0.811333772502368,0.9750647526234388,0.0001111111111111111,65.25,"[48.8%, 57.2%, 71.5%, 66.1%, 61.8%, 73.1%, 76.3%, 67.2%]",,,,
7,parallel,30,30,0.1665628505047268,0.788343772858004,1.0756808323785663,0.0001111111111111111,65.1625,"[49.3%, 57.4%, 71.8%, 66.0%, 61.9%, 72.9%, 76.3%, 65.7%]",,,,
7,parallel,31,31,0.1632214580996635,0.7849128216127806,0.9878663923591375,0.0001111111111111111,65.1875,"[47.7%, 57.2%, 72.1%, 65.9%, 61.7%, 72.8%, 76.3%, 67.8%]",,,,
7,parallel,32,32,0.16002006569460023,0.7502886211570305,1.0087643768638372,0.0001111111111111111,65.1375,"[48.0%, 57.4%, 72.0%, 65.9%, 61.6%, 72.7%, 76.2%, 67.3%]",,,,
7,parallel,33,33,0.15695867328953694,0.7407200306276732,1.0085576139390469,0.0001111111111111111,65.2125,"[48.2%, 57.3%, 71.9%, 65.9%, 62.0%, 72.9%, 76.1%, 67.4%]",,,,
7,parallel,34,34,0.15403728088447363,0.8441160547582409,0.9800717504695058,0.0001111111111111111,65.0,"[47.9%, 57.1%, 72.2%, 65.7%, 61.4%, 72.7%, 75.8%, 67.2%]",,,,
7,parallel,35,35,0.15125588847941035,0.7722592131246494,1.0067400261759758,0.0001111111111111111,64.9375,"[48.4%, 57.3%, 71.6%, 65.7%, 61.5%, 72.5%, 75.4%, 67.1%]",,,,
7,parallel,36,36,0.14861449607434707,0.746820687115947,1.0260702054947615,0.0001111111111111111,64.8875,"[48.6%, 57.3%, 71.5%, 65.9%, 61.8%, 72.9%, 75.6%, 65.5%]",,,,
7,parallel,37,37,0.14611310366928376,0.7452961815686165,1.0080752596259117,0.0001111111111111111,65.025,"[48.2%, 57.5%, 71.4%, 65.5%, 61.5%, 72.9%, 75.6%, 67.6%]",,,,
7,parallel,38,38,0.14375171126422048,0.7498082133788097,1.0016044480726123,0.0001111111111111111,65.10000000000001,"[48.7%, 57.6%, 71.5%, 65.5%, 61.9%, 72.9%, 75.8%, 66.9%]",,,,
7,parallel,39,39,0.14153031885915718,0.7375476763972754,0.9835448628291488,0.0001111111111111111,65.2375,"[49.2%, 57.4%, 71.4%, 65.5%, 61.7%, 72.4%, 75.9%, 68.4%]",,,,
7,parallel,40,40,0.1394489264540939,0.8800052298775202,1.0804283805191517,0.0001111111111111111,64.42500000000001,"[48.6%, 57.2%, 71.5%, 65.9%, 61.8%, 72.1%, 75.1%, 63.2%]",,,,
7,parallel,41,41,0.1375075340490306,0.7803468342068829,1.0311949774622917,0.0001111111111111111,64.75,"[48.5%, 57.3%, 71.6%, 65.8%, 61.5%, 72.4%, 75.3%, 65.6%]",,,,
7,parallel,42,42,0.13570614164396733,0.753957142558279,1.0292047914117575,0.0001111111111111111,64.91250000000001,"[48.6%, 57.4%, 71.4%, 65.8%, 62.1%, 71.9%, 75.4%, 66.7%]",,,,
7,parallel,43,43,0.13404474923890403,0.7239552887180184,1.01170739158988,0.0001111111111111111,65.05,"[48.5%, 57.3%, 71.5%, 65.8%, 61.5%, 72.4%, 75.6%, 67.8%]",,,,
7,parallel,44,44,0.13252335683384073,0.7733889674838585,0.9363177288323641,0.0001111111111111111,65.28750000000001,"[48.6%, 57.3%, 71.1%, 65.7%, 61.6%, 72.3%, 75.6%, 70.1%]",,,,
7,parallel,45,45,0.13114196442877743,0.7632878358605542,1.0463484041392803,0.0001111111111111111,64.65,"[48.3%, 57.0%, 71.3%, 65.7%, 61.3%, 72.4%, 75.5%, 65.7%]",,,,
7,parallel,46,46,0.12990057202371413,0.7122087305105185,0.9543005339801311,0.0001111111111111111,65.1375,"[48.7%, 57.3%, 71.2%, 65.8%, 61.3%, 72.4%, 75.6%, 68.8%]",,,,
7,parallel,47,47,0.12879917961865087,0.7249502418916437,0.9449540805071592,0.0001111111111111111,65.02499999999999,"[48.4%, 56.9%, 71.1%, 65.6%, 61.3%, 72.4%, 75.4%, 69.1%]",,,,
7,parallel,48,48,0.12783778721358757,0.6821424368816086,0.9771289434283972,0.0001111111111111111,64.9375,"[48.5%, 56.9%, 71.4%, 65.6%, 61.4%, 72.1%, 75.6%, 68.0%]",,,,
7,parallel,49,49,0.12701639480852428,0.6640869145151935,0.9254801850765944,0.0001111111111111111,65.26249999999999,"[48.6%, 57.0%, 71.2%, 65.7%, 61.3%, 72.6%, 75.7%, 70.0%]",,,,
7,parallel,50,50,0.126335002403461,0.6613696274123614,0.9453265573829412,0.0001111111111111111,65.1875,"[48.6%, 57.3%, 71.4%, 65.7%, 61.5%, 72.1%, 75.6%, 69.3%]",,,,
7,parallel,51,51,0.1257936099983977,0.6433488319191751,0.9518623873591423,0.0001111111111111111,65.14999999999999,"[48.7%, 57.2%, 71.3%, 65.7%, 61.4%, 72.3%, 75.7%, 68.9%]",,,,
7,parallel,52,52,0.1253922175933344,0.6448351408861861,0.974465399980545,0.0001111111111111111,64.975,"[48.5%, 57.1%, 71.2%, 65.6%, 61.4%, 72.0%, 75.7%, 68.3%]",,,,
7,parallel,53,53,0.12513082518827112,0.6366145916377441,0.9270053282380104,0.0001111111111111111,65.2,"[48.4%, 57.6%, 71.2%, 65.6%, 61.2%, 72.3%, 75.8%, 69.5%]",,,,
7,parallel,54,54,0.1250094327832078,0.6103344182424908,1.023756343871355,0.0001111111111111111,64.89999999999999,"[48.4%, 57.5%, 71.4%, 65.5%, 61.4%, 72.1%, 75.8%, 67.1%]",,,,
7,parallel,55,55,0.125,0.6005836521522908,0.9493940845131874,0.0001111111111111111,65.15,"[48.2%, 57.5%, 71.6%, 65.5%, 61.1%, 72.5%, 75.6%, 69.2%]",,,,
7,weights,1,56,0.125,0.5939572860922995,0.9024691637605429,0.0001111111111111111,65.25,"[48.3%, 57.2%, 71.7%, 65.4%, 60.8%, 72.3%, 75.8%, 70.5%]",,,,
7,weights,2,57,0.125,0.592217667570597,0.9286386631429195,0.0001111111111111111,65.2875,"[48.3%, 57.3%, 71.7%, 65.6%, 61.2%, 72.3%, 75.6%, 70.3%]",,,,
7,weights,3,58,0.125,0.6039064507695693,0.9293667562305927,0.0001111111111111111,65.0875,"[48.2%, 57.5%, 71.6%, 65.2%, 61.2%, 72.3%, 75.7%, 69.0%]",,,,
7,weights,4,59,0.125,0.5886780257466473,0.9336677547544241,0.0001111111111111111,64.9875,"[48.6%, 57.5%, 71.5%, 65.3%, 60.8%, 71.8%, 75.6%, 68.8%]",,,,
7,weights,5,60,0.125,0.5555823026578638,0.9568233732134104,0.0001111111111111111,65.24999999999999,"[48.8%, 57.4%, 71.7%, 65.6%, 60.3%, 72.5%, 75.9%, 69.8%]",,,,
7,weights,6,61,0.125,0.5389991776098179,0.9287444371730089,0.0001111111111111111,65.23750000000001,"[48.7%, 57.1%, 71.3%, 65.3%, 61.1%, 72.7%, 75.8%, 69.9%]",,,,
7,weights,7,62,0.125,0.5578681890723072,0.9463304653763771,0.0001111111111111111,64.7625,"[47.9%, 57.4%, 71.0%, 65.1%, 60.3%, 72.5%, 76.0%, 67.9%]",,,,
7,weights,8,63,0.125,0.5492896686626386,0.9515680596232414,0.0001111111111111111,65.1,"[48.2%, 57.4%, 71.2%, 65.6%, 60.6%, 72.4%, 76.0%, 69.4%]",,,,
7,weights,9,64,0.125,0.5290152453169038,0.8828218728303909,0.0001111111111111111,65.375,"[48.3%, 57.1%, 71.0%, 65.6%, 60.4%, 72.6%, 75.8%, 72.2%]",,,,
7,weights,10,65,0.125,0.5372430040866514,0.8765060976147652,0.0001111111111111111,65.2625,"[48.2%, 57.0%, 71.2%, 65.6%, 60.9%, 72.1%, 75.8%, 71.3%]",,,,
7,weights,11,66,0.125,0.5163352523423448,0.8793761599808931,0.0001111111111111111,65.3625,"[48.1%, 57.4%, 71.2%, 65.6%, 60.7%, 72.4%, 75.9%, 71.6%]",,,,
7,weights,12,67,0.125,0.5389885155460502,0.9648799821734428,0.0001111111111111111,65.0125,"[48.6%, 57.7%, 71.0%, 65.3%, 60.5%, 72.5%, 75.7%, 68.8%]",,,,
7,weights,13,68,0.125,0.5103389749751438,0.9302826076745987,0.0001111111111111111,65.075,"[48.0%, 57.8%, 71.1%, 65.3%, 60.6%, 72.4%, 75.7%, 69.7%]",,,,
7,weights,14,69,0.125,0.5240028519419175,0.9482359513640404,0.0001111111111111111,65.52499999999999,"[48.8%, 57.5%, 71.0%, 65.7%, 61.1%, 72.9%, 75.9%, 71.3%]",,,,
7,weights,15,70,0.125,0.5183827145190179,0.9311025105416775,0.0001111111111111111,65.275,"[48.5%, 57.4%, 70.9%, 65.7%, 60.8%, 72.2%, 75.7%, 71.0%]",,,,
7,weights,16,71,0.125,0.49426511646826055,0.8599929846823215,0.0001111111111111111,65.6125,"[48.7%, 57.3%, 70.5%, 65.7%, 61.2%, 73.1%, 75.8%, 72.6%]",,,,
7,weights,17,72,0.125,0.482460502393638,0.9402785655111074,0.0001111111111111111,65.325,"[48.6%, 57.6%, 70.7%, 65.6%, 60.7%, 72.8%, 76.0%, 70.6%]",,,,
7,weights,18,73,0.125,0.49120418783984604,0.9731627870351076,0.0001111111111111111,65.175,"[48.7%, 57.2%, 70.4%, 65.7%, 61.0%, 72.0%, 75.8%, 70.6%]",,,,
7,weights,19,74,0.125,0.4972897673709483,0.9124029371887445,0.0001111111111111111,65.2375,"[48.3%, 57.0%, 70.4%, 65.6%, 60.8%, 72.1%, 75.8%, 71.9%]",,,,
7,weights,20,75,0.125,0.4785780287996123,0.9365337938070297,0.0001111111111111111,65.26249999999999,"[48.1%, 57.1%, 70.7%, 65.6%, 60.8%, 72.1%, 75.9%, 71.8%]",,,,
7,weights,21,76,0.125,0.49715086138701137,0.9666961431503296,0.0001111111111111111,65.175,"[48.4%, 57.1%, 70.8%, 65.6%, 60.9%, 72.3%, 76.2%, 70.1%]",,,,
7,weights,22,77,0.125,0.46120387259163437,0.8991442322731018,0.0001111111111111111,65.1875,"[48.3%, 56.9%, 70.5%, 65.4%, 60.8%, 72.0%, 76.0%, 71.6%]",,,,
7,weights,23,78,0.125,0.4752526705778098,0.9371919296681881,0.0001111111111111111,65.15,"[48.3%, 57.0%, 70.6%, 65.5%, 60.3%, 71.8%, 76.0%, 71.7%]",,,,
7,weights,24,79,0.125,0.48104233870023416,0.9184233769774437,0.0001111111111111111,65.225,"[48.3%, 57.2%, 70.7%, 65.5%, 60.2%, 72.4%, 75.8%, 71.7%]",,,,
7,weights,25,80,0.125,0.4617291832272011,0.9126393105834723,0.0001111111111111111,65.1125,"[48.5%, 57.2%, 70.5%, 65.5%, 59.8%, 71.9%, 75.7%, 71.8%]",53.887499999999996,"[19.8%, 33.6%, 70.5%, 55.5%, 49.6%, 68.7%, 75.7%, 57.7%]",54.68750000000001,"[39.7%, 46.1%, 61.5%, 65.5%, 50.9%, 65.9%, 61.1%, 46.8%]"
8,parallel,1,1,0.2,5.6713201184816,4.296327143907547,0.0001111111111111111,57.8111111111111,"[48.6%, 57.2%, 70.4%, 65.8%, 59.9%, 71.5%, 75.6%, 71.3%, 0.0%]",,,,
8,parallel,2,2,0.2,3.468361323392844,2.6781101375818253,0.0001111111111111111,59.03333333333334,"[48.6%, 57.3%, 70.4%, 66.0%, 60.1%, 71.8%, 75.8%, 71.3%, 10.0%]",,,,
8,parallel,3,3,0.2,2.4510221843478046,2.355519011616707,0.0001111111111111111,59.099999999999994,"[48.7%, 57.4%, 70.2%, 66.3%, 60.2%, 72.0%, 75.8%, 71.3%, 10.0%]",,,,
8,parallel,4,4,0.2,2.343353220179111,2.328589841723442,0.0001111111111111111,59.111111111111114,"[48.8%, 57.4%, 70.3%, 66.2%, 60.1%, 72.0%, 75.9%, 71.3%, 10.0%]",,,,
8,parallel,5,5,0.19811328312770393,2.325937382782562,2.3413173779845238,0.0001111111111111111,59.08888888888888,"[48.8%, 57.4%, 70.3%, 66.2%, 60.0%, 72.0%, 75.8%, 71.3%, 10.0%]",,,,
8,parallel,6,6,0.19518125781124823,2.254137552237209,2.233800694346428,0.0001111111111111111,59.8111111111111,"[49.0%, 57.0%, 70.3%, 66.1%, 60.0%, 71.8%, 76.1%, 71.8%, 16.2%]",,,,
8,parallel,7,7,0.1923092324947925,2.0601130799402165,1.9523308649659157,0.0001111111111111111,60.78888888888889,"[48.9%, 57.2%, 70.4%, 65.7%, 60.0%, 71.9%, 76.0%, 71.7%, 25.3%]",,,,
8,parallel,8,8,0.18949720717833682,1.899342127993137,1.8264959007501602,0.0001111111111111111,61.14444444444444,"[47.0%, 57.6%, 70.4%, 65.7%, 60.1%, 72.1%, 76.0%, 71.9%, 29.5%]",,,,
8,parallel,9,9,0.1867451818618811,1.7434032023707522,1.740501657128334,0.0001111111111111111,61.67777777777777,"[48.9%, 57.2%, 70.6%, 65.2%, 60.2%, 72.1%, 76.1%, 71.4%, 33.4%]",,,,
8,parallel,10,10,0.18405315654542542,1.6760186470007594,1.6173908896744251,0.0001111111111111111,62.3111111111111,"[48.9%, 56.8%, 70.5%, 65.2%, 60.7%, 72.1%, 75.7%, 71.4%, 39.5%]",,,,
8,parallel,11,11,0.18142113122896975,1.5897933350333684,1.577835325151682,0.0001111111111111111,62.53333333333334,"[48.2%, 57.1%, 70.5%, 65.3%, 61.0%, 72.1%, 75.5%, 71.5%, 41.6%]",,,,
8,parallel,12,12,0.17884910591251402,1.511520634723615,1.5007232688367367,0.0001111111111111111,63.15555555555555,"[46.9%, 57.2%, 70.5%, 65.4%, 60.8%, 72.1%, 75.5%, 71.6%, 48.4%]",,,,
8,parallel,13,13,0.17633708059605832,1.4211556383326083,1.4352578297257423,0.0001111111111111111,63.06666666666667,"[46.6%, 57.0%, 70.5%, 65.5%, 61.0%, 72.1%, 75.5%, 71.5%, 47.9%]",,,,
8,parallel,14,14,0.17388505527960263,1.383226965047136,1.3936624117195606,0.0001111111111111111,63.633333333333326,"[47.4%, 56.8%, 70.5%, 65.6%, 60.8%, 72.1%, 75.6%, 71.6%, 52.3%]",,,,
8,parallel,15,15,0.17149302996314694,1.3606901063194758,1.5051879547536373,0.0001111111111111111,63.17777777777778,"[46.2%, 56.9%, 70.7%, 65.2%, 61.0%, 72.2%, 75.7%, 71.5%, 49.2%]",,,,
8,parallel,16,16,0.16916100464669123,1.3070066691953925,1.4099670127034187,0.0001111111111111111,63.400000000000006,"[46.7%, 57.0%, 70.5%, 65.5%, 60.7%, 72.1%, 75.5%, 71.9%, 50.7%]",,,,
8,parallel,17,17,0.16688897933023555,1.2386868633801424,1.423447534441948,0.0001111111111111111,63.400000000000006,"[46.6%, 57.2%, 70.5%, 65.3%, 61.2%, 72.3%, 75.6%, 71.8%, 50.1%]",,,,
8,parallel,18,18,0.16467695401377985,1.1949373091323465,1.3321765810251236,0.0001111111111111111,63.900000000000006,"[47.3%, 57.0%, 70.7%, 65.3%, 61.0%, 72.2%, 75.6%, 71.6%, 54.4%]",,,,
8,parallel,19,19,0.16252492869732416,1.1736954420427732,1.2830988261848688,0.0001111111111111111,63.92222222222222,"[46.2%, 57.0%, 70.5%, 65.3%, 61.0%, 72.3%, 75.7%, 71.8%, 55.5%]",,,,
8,parallel,20,20,0.16043290338086846,1.1440491072739227,1.284767860546708,0.0001111111111111111,64.04444444444444,"[46.5%, 56.9%, 70.5%, 65.3%, 61.0%, 72.2%, 75.8%, 71.6%, 56.6%]",,,,
8,parallel,21,21,0.15840087806441275,1.121926560432096,1.2108265683054924,0.0001111111111111111,64.35555555555555,"[46.4%, 57.2%, 70.6%, 65.4%, 61.1%, 72.3%, 75.8%, 71.7%, 58.7%]",,,,
8,parallel,22,22,0.15642885274795706,1.0656781038151513,1.1831907406449318,0.0001111111111111111,64.45555555555556,"[46.7%, 57.2%, 70.5%, 65.4%, 60.8%, 72.2%, 75.8%, 71.7%, 59.8%]",,,,
8,parallel,23,23,0.15451682743150136,1.1534451457518566,1.2160430289804935,0.0001111111111111111,64.23333333333333,"[46.5%, 57.3%, 70.5%, 65.2%, 61.0%, 72.0%, 75.8%, 71.6%, 58.2%]",,,,
8,parallel,24,24,0.15266480211504568,1.0671676804747763,1.19682396389544,0.0001111111111111111,64.35555555555555,"[46.7%, 57.3%, 70.3%, 65.6%, 61.0%, 72.2%, 75.8%, 71.7%, 58.6%]",,,,
8,parallel,25,25,0.15087277679858999,1.0562181668945505,1.2375094704329967,0.0001111111111111111,64.22222222222223,"[47.1%, 57.3%, 70.3%, 65.3%, 61.0%, 72.3%, 75.9%, 71.6%, 57.2%]",,,,
8,parallel,26,26,0.14914075148213427,1.0106839620614354,1.1316181346774101,0.0001111111111111111,64.61111111111111,"[46.6%, 57.2%, 70.3%, 65.7%, 60.9%, 72.2%, 75.8%, 71.7%, 61.1%]",,,,
8,parallel,27,27,0.14746872616567858,1.0351234546190575,1.135582346469164,0.0001111111111111111,64.74444444444444,"[46.5%, 57.3%, 70.7%, 65.6%, 61.3%, 72.2%, 76.0%, 72.1%, 61.0%]",,,,
8,parallel,28,28,0.14585670084922286,0.9921048509923718,1.0809444691985846,0.0001111111111111111,65.02222222222223,"[46.6%, 57.1%, 70.6%, 65.7%, 61.1%, 72.3%, 76.0%, 71.9%, 63.9%]",,,,
8,parallel,29,29,0.14430467553276718,0.9689193926280057,1.0940611604601145,0.0001111111111111111,64.88888888888889,"[45.5%, 57.2%, 70.6%, 65.6%, 61.2%, 72.4%, 75.9%, 71.9%, 63.7%]",,,,
8,parallel,30,30,0.14281265021631148,0.9461728085445452,1.0509665599092841,0.0001111111111111111,65.06666666666666,"[46.9%, 57.2%, 70.5%, 65.7%, 61.4%, 72.4%, 75.9%, 71.3%, 64.3%]",,,,
8,parallel,31,31,0.14138062489985578,0.9381854722771463,1.1059734467417002,0.0001111111111111111,64.88888888888887,"[47.4%, 57.2%, 70.7%, 65.7%, 61.4%, 72.4%, 75.9%, 71.9%, 61.4%]",,,,
8,parallel,32,32,0.1400085995834001,1.0561206853842433,1.1805011685937643,0.0001111111111111111,64.47777777777779,"[46.5%, 57.3%, 70.3%, 65.7%, 61.3%, 72.3%, 76.0%, 71.5%, 59.4%]",,,,
8,parallel,33,33,0.1386965742669444,1.0194888582712487,1.1335579939186573,0.0001111111111111111,64.86666666666665,"[45.9%, 57.2%, 70.6%, 65.7%, 61.9%, 72.2%, 76.1%, 71.4%, 62.8%]",,,,
8,parallel,34,34,0.13744454895048872,0.967503471842295,1.1693156585097313,0.0001111111111111111,64.74444444444444,"[46.5%, 57.2%, 70.3%, 65.5%, 61.5%, 72.2%, 76.1%, 71.6%, 61.8%]",,,,
8,parallel,35,35,0.136252523634033,0.9499014570743223,1.136591324582696,0.0001111111111111111,64.85555555555555,"[45.9%, 57.3%, 70.3%, 65.6%, 61.8%, 72.4%, 75.9%, 71.7%, 62.8%]",,,,
8,parallel,36,36,0.1351204983175773,0.9174460557442677,1.1035916395485401,0.0001111111111111111,64.95555555555556,"[46.6%, 57.2%, 70.4%, 65.5%, 61.7%, 72.4%, 75.9%, 71.3%, 63.6%]",,,,
8,parallel,37,37,0.1340484730011216,0.901007388965993,1.1443182611837983,0.0001111111111111111,64.84444444444445,"[46.7%, 57.1%, 70.2%, 65.4%, 61.7%, 72.3%, 75.9%, 71.5%, 62.8%]",,,,
8,parallel,38,38,0.1330364476846659,0.8761509264571757,1.1304236482828856,0.0001111111111111111,64.75555555555555,"[45.0%, 57.3%, 70.3%, 65.6%, 61.4%, 72.5%, 75.8%, 71.4%, 63.5%]",,,,
8,parallel,39,39,0.13208442236821022,0.8953254622749135,1.1230104453861713,0.0001111111111111111,64.8777777777778,"[46.4%, 57.1%, 70.3%, 65.5%, 61.5%, 72.4%, 76.0%, 71.6%, 63.1%]",,,,
8,parallel,40,40,0.13119239705175453,0.8561424914794632,1.0638166181743145,0.0001111111111111111,65.02222222222223,"[46.1%, 56.8%, 70.3%, 65.5%, 61.3%, 72.2%, 75.9%, 71.7%, 65.4%]",,,,
8,parallel,41,41,0.13036037173529882,0.849358804618256,1.0921765379607677,0.0001111111111111111,64.99999999999999,"[46.9%, 56.9%, 70.3%, 65.5%, 61.6%, 72.1%, 75.9%, 71.9%, 63.9%]",,,,
8,parallel,42,42,0.12958834641884315,0.8446886426285852,1.0284552425146103,0.0001111111111111111,65.32222222222222,"[47.3%, 56.9%, 70.1%, 65.7%, 61.7%, 72.0%, 75.8%, 71.5%, 66.9%]",,,,
8,parallel,43,43,0.12887632110238745,0.8424925804138184,1.0572664309293032,0.0001111111111111111,65.0111111111111,"[46.6%, 57.0%, 70.2%, 65.7%, 61.4%, 72.1%, 75.8%, 71.5%, 64.8%]",,,,
8,parallel,44,44,0.12822429578593175,0.8138623380962806,1.0359579091891646,0.0001111111111111111,64.98888888888888,"[46.9%, 57.1%, 70.1%, 65.7%, 61.2%, 72.1%, 75.9%, 71.5%, 64.4%]",,,,
8,parallel,45,45,0.12763227046947603,0.7939390185513074,0.9847380062565207,0.0001111111111111111,65.4111111111111,"[47.9%, 57.0%, 70.1%, 65.7%, 61.1%, 72.2%, 75.8%, 71.5%, 67.4%]",,,,
8,parallel,46,46,0.12710024515302035,0.7835404601278184,1.0312147764489055,0.0001111111111111111,65.17777777777778,"[46.7%, 57.1%, 70.1%, 65.6%, 61.1%, 72.5%, 75.9%, 71.9%, 65.7%]",,,,
8,parallel,47,47,0.12662821983656466,0.7755703514889826,1.0286823213100433,0.0001111111111111111,65.25555555555556,"[46.8%, 57.0%, 70.3%, 65.5%, 61.4%, 72.3%, 75.9%, 71.7%, 66.4%]",,,,
8,parallel,48,48,0.12621619452010896,0.7551042135757736,1.0554252732545137,0.0001111111111111111,64.88888888888889,"[44.9%, 56.6%, 70.4%, 65.4%, 61.4%, 72.4%, 75.9%, 71.6%, 65.4%]",,,,
8,parallel,49,49,0.12586416920365326,0.7668365919137303,1.0362300369888544,0.0001111111111111111,65.31111111111112,"[47.6%, 56.7%, 70.3%, 65.3%, 61.5%, 72.4%, 75.9%, 71.6%, 66.5%]",,,,
8,parallel,50,50,0.12557214388719756,0.7429261969614632,1.018745943903923,0.0001111111111111111,65.24444444444445,"[46.8%, 56.5%, 70.4%, 65.3%, 61.3%, 72.5%, 75.9%, 71.7%, 66.8%]",,,,
8,parallel,51,51,0.12534011857074187,0.7579554519321345,0.9993344377726316,0.0001111111111111111,65.3111111111111,"[47.0%, 56.7%, 70.4%, 65.3%, 61.4%, 72.6%, 75.9%, 71.3%, 67.2%]",,,,
8,parallel,52,52,0.12516809325428618,0.7281672871565517,0.9983569970354438,0.0001111111111111111,65.28888888888889,"[47.0%, 57.0%, 70.4%, 65.2%, 61.2%, 72.4%, 75.9%, 71.6%, 66.9%]",,,,
8,parallel,53,53,0.12505606793783047,0.7063296893729439,0.9493211070075631,0.0001111111111111111,65.25555555555556,"[47.0%, 57.1%, 70.4%, 65.0%, 61.2%, 72.5%, 75.9%, 71.1%, 67.1%]",,,,
8,parallel,54,54,0.12500404262137477,0.69945554340942,1.052301799878478,0.0001111111111111111,64.98888888888888,"[46.1%, 57.2%, 70.5%, 65.4%, 61.3%, 72.6%, 75.9%, 71.6%, 64.3%]",,,,
8,parallel,55,55,0.125,0.6861352622509003,1.040152657777071,0.0001111111111111111,65.1111111111111,"[47.0%, 56.9%, 70.2%, 64.9%, 61.3%, 72.6%, 75.9%, 71.4%, 65.8%]",,,,
8,weights,1,56,0.125,0.6746900149538547,1.0762688191607594,0.0001111111111111111,65.12222222222222,"[46.6%, 57.0%, 70.5%, 65.0%, 61.1%, 72.5%, 75.9%, 71.8%, 65.7%]",,,,
8,weights,2,57,0.125,0.6861995119082777,1.056899300776422,0.0001111111111111111,65.17777777777779,"[46.1%, 57.0%, 70.5%, 65.1%, 61.1%, 72.5%, 75.9%, 71.7%, 66.7%]",,,,
8,weights,3,58,0.125,0.6670176318929165,1.101932647638023,0.0001111111111111111,64.76666666666668,"[46.7%, 56.8%, 70.4%, 65.0%, 61.4%, 72.5%, 75.7%, 71.7%, 62.7%]",,,,
8,weights,4,59,0.125,0.6482009276559081,0.9518550876528025,0.0001111111111111111,65.3111111111111,"[46.1%, 57.0%, 70.4%, 65.3%, 61.1%, 72.5%, 75.7%, 71.8%, 67.9%]",,,,
8,weights,5,60,0.125,0.6692968871020064,1.0667180828750134,0.0001111111111111111,64.97777777777777,"[46.0%, 57.0%, 70.4%, 65.1%, 61.2%, 72.5%, 75.7%, 71.5%, 65.4%]",,,,
8,weights,6,61,0.125,0.6445578204680092,1.0508229359984398,0.0001111111111111111,65.22222222222221,"[45.7%, 57.0%, 70.5%, 65.0%, 61.0%, 72.6%, 75.9%, 71.3%, 68.0%]",,,,
8,weights,7,62,0.125,0.6560091202772116,0.9648963175714016,0.0001111111111111111,65.3888888888889,"[46.2%, 57.1%, 70.4%, 65.1%, 61.1%, 72.5%, 75.9%, 71.5%, 68.7%]",,,,
8,weights,8,63,0.125,0.6295397832423826,0.9782496057450771,0.0001111111111111111,65.63333333333334,"[46.9%, 57.1%, 70.3%, 65.3%, 61.1%, 72.5%, 75.9%, 71.7%, 69.9%]",,,,
8,weights,9,64,0.125,0.6304773492149159,1.0135038373991847,0.0001111111111111111,65.24444444444445,"[46.0%, 56.9%, 70.4%, 65.3%, 61.5%, 72.6%, 75.9%, 71.7%, 66.9%]",,,,
8,weights,10,65,0.125,0.6250361245644244,0.9921778962016106,0.0001111111111111111,65.48888888888888,"[46.6%, 57.1%, 70.5%, 65.0%, 61.1%, 72.6%, 75.8%, 71.4%, 69.3%]",,,,
8,weights,11,66,0.125,0.5898536462572557,0.9934641001746058,0.0001111111111111111,65.1888888888889,"[45.7%, 57.1%, 70.3%, 65.0%, 61.0%, 72.6%, 75.7%, 71.4%, 67.9%]",,,,
8,weights,12,67,0.125,0.6075803067865251,0.9673016499727964,0.0001111111111111111,65.25555555555556,"[45.5%, 56.9%, 70.5%, 64.7%, 61.0%, 72.7%, 75.7%, 71.6%, 68.7%]",,,,
8,weights,13,68,0.125,0.5752024031892607,0.9874228350818157,0.0001111111111111111,65.08888888888889,"[45.1%, 56.9%, 70.5%, 64.8%, 61.0%, 72.5%, 75.6%, 71.3%, 68.1%]",,,,
8,weights,14,69,0.125,0.5768985299369956,0.9756678072735667,0.0001111111111111111,65.4,"[45.4%, 56.8%, 70.5%, 65.0%, 61.1%, 72.5%, 75.7%, 71.9%, 69.7%]",,,,
8,weights,15,70,0.125,0.5786342635939393,0.984099724330008,0.0001111111111111111,65.22222222222223,"[45.3%, 56.9%, 70.2%, 64.8%, 61.1%, 72.4%, 75.7%, 71.9%, 68.7%]",,,,
8,weights,16,71,0.125,0.5539244141759752,0.916786571033299,0.0001111111111111111,65.42222222222223,"[45.7%, 57.1%, 70.2%, 65.0%, 61.0%, 72.4%, 75.8%, 71.5%, 70.1%]",,,,
8,weights,17,72,0.125,0.5824075375176683,0.9328799471259117,0.0001111111111111111,65.64444444444445,"[45.9%, 57.3%, 70.1%, 65.1%, 61.0%, 72.6%, 75.8%, 71.8%, 71.2%]",,,,
8,weights,18,73,0.125,0.5770495549976071,0.994476767256856,0.0001111111111111111,65.4111111111111,"[46.1%, 57.0%, 70.1%, 65.1%, 60.8%, 72.6%, 75.8%, 71.9%, 69.3%]",,,,
8,weights,19,74,0.125,0.572867069440552,0.9897202579304576,0.0001111111111111111,65.28888888888888,"[45.8%, 57.3%, 70.1%, 65.2%, 60.9%, 72.5%, 75.8%, 71.7%, 68.3%]",,,,
8,weights,20,75,0.125,0.5621947955481613,0.9137491527944803,0.0001111111111111111,65.47777777777777,"[44.9%, 57.2%, 70.2%, 65.1%, 60.8%, 72.5%, 75.8%, 71.8%, 71.0%]",,,,
8,weights,21,76,0.125,0.531981912406185,0.9949338249862194,0.0001111111111111111,65.33333333333333,"[45.5%, 57.2%, 70.3%, 65.2%, 61.2%, 72.5%, 75.7%, 71.9%, 68.5%]",,,,
8,weights,22,77,0.125,0.5151547582089147,1.0008994080126286,0.0001111111111111111,65.26666666666667,"[45.4%, 57.2%, 70.2%, 65.3%, 61.0%, 72.7%, 75.7%, 72.0%, 67.9%]",,,,
8,weights,23,78,0.125,0.531500035826164,0.9368510497733951,0.0001111111111111111,65.51111111111112,"[46.0%, 57.1%, 70.3%, 65.1%, 61.1%, 72.5%, 75.6%, 71.7%, 70.2%]",,,,
8,weights,24,79,0.125,0.516604107957852,0.9560347832739353,0.0001111111111111111,65.44444444444444,"[45.2%, 57.2%, 70.2%, 65.1%, 61.0%, 72.7%, 75.6%, 71.4%, 70.6%]",,,,
8,weights,25,80,0.125,0.5140595109779623,0.9583586500957608,0.0001111111111111111,65.45555555555556,"[45.6%, 57.1%, 70.3%, 65.1%, 61.0%, 72.6%, 75.6%, 71.9%, 69.9%]",50.15555555555556,"[0.0%, 37.3%, 70.3%, 47.2%, 40.3%, 65.5%, 75.6%, 57.4%, 57.8%]",50.53333333333333,"[33.3%, 42.2%, 61.5%, 62.1%, 53.7%, 58.4%, 61.0%, 37.5%, 45.1%]"
9,parallel,1,1,0.125,4.888972421235676,3.8424314856529236,0.0001111111111111111,58.81999999999999,"[45.4%, 57.2%, 70.4%, 65.3%, 60.5%, 72.6%, 75.3%, 71.7%, 69.8%, 0.0%]",,,,
9,parallel,2,2,0.125,3.06479684612419,2.548389106988907,0.0001111111111111111,59.84999999999999,"[45.0%, 57.3%, 70.4%, 65.5%, 60.7%, 72.7%, 75.5%, 71.6%, 69.8%, 10.0%]",,,,
9,parallel,3,3,0.125,2.4354199246515202,2.3772996962070465,0.0001111111111111111,59.84000000000001,"[44.8%, 57.3%, 70.5%, 65.4%, 61.0%, 72.7%, 75.4%, 71.6%, 69.7%, 10.0%]",,,,
9,parallel,4,4,0.125,2.3565492207490943,2.34172822535038,0.0001111111111111111,59.75,"[44.5%, 57.4%, 70.3%, 65.3%, 60.8%, 72.8%, 75.2%, 71.5%, 69.7%, 10.0%]",,,,
9,parallel,5,5,0.125,2.336880650701402,2.325806185603142,0.0001111111111111111,59.8,"[44.6%, 57.5%, 70.3%, 65.2%, 60.6%, 72.9%, 75.3%, 71.8%, 69.8%, 10.0%]",,,,
9,parallel,6,6,0.125,2.3171057248417335,2.272555574774742,0.0001111111111111111,60.46999999999999,"[44.6%, 57.4%, 70.5%, 65.2%, 60.7%, 72.5%, 75.0%, 72.0%, 70.0%, 16.8%]",,,,
9,parallel,7,7,0.125,2.1651929903633986,2.090386003255844,0.0001111111111111111,60.120000000000005,"[44.9%, 56.7%, 70.4%, 64.9%, 60.4%, 72.3%, 75.0%, 69.8%, 63.7%, 23.1%]",,,,
9,parallel,8,8,0.125,2.023304080661339,1.9952468648552895,0.0001111111111111111,60.81,"[44.9%, 56.6%, 70.3%, 65.2%, 60.3%, 72.5%, 75.0%, 70.3%, 66.9%, 26.1%]",,,,
9,parallel,9,9,0.125,1.8927883679353739,1.8201094716787338,0.0001111111111111111,61.370000000000005,"[44.9%, 56.4%, 71.0%, 65.1%, 60.2%, 72.6%, 75.0%, 70.1%, 63.4%, 35.0%]",,,,
9,parallel,10,10,0.125,1.7521847124341168,1.7343262359499931,0.0001111111111111111,61.73000000000002,"[45.6%, 56.7%, 70.3%, 64.9%, 60.7%, 72.6%, 75.1%, 68.2%, 66.6%, 36.6%]",,,,
9,parallel,11,11,0.125,1.6599781618842595,1.6665437743067741,0.0001111111111111111,62.330000000000005,"[45.9%, 56.4%, 70.0%, 64.9%, 61.2%, 72.4%, 75.0%, 69.4%, 66.9%, 41.2%]",,,,
9,parallel,12,12,0.125,1.5868895234940927,1.5779910013079643,0.0001111111111111111,62.47000000000001,"[45.9%, 56.4%, 70.2%, 64.8%, 60.6%, 72.5%, 75.4%, 69.2%, 66.5%, 43.2%]",,,,
9,parallel,13,13,0.125,1.5243065885350675,1.5685848109424114,0.0001111111111111111,63.029999999999994,"[46.0%, 56.1%, 70.4%, 64.7%, 60.4%, 72.3%, 75.2%, 69.6%, 67.0%, 48.6%]",,,,
9,parallel,14,14,0.125,1.4391744498965107,1.4660990349948406,0.0001111111111111111,63.4,"[46.3%, 56.2%, 70.4%, 64.7%, 60.6%, 72.5%, 75.5%, 70.3%, 66.3%, 51.2%]",,,,
9,parallel,15,15,0.125,1.3781419751010364,1.409823477268219,0.0001111111111111111,63.46,"[46.7%, 55.9%, 70.4%, 64.6%, 61.0%, 72.7%, 75.3%, 70.0%, 66.3%, 51.7%]",,,,
9,parallel,16,16,0.125,1.3470500209663487,1.4244743585586548,0.0001111111111111111,63.42,"[46.4%, 56.1%, 70.0%, 64.5%, 61.1%, 72.7%, 75.8%, 69.9%, 66.2%, 51.5%]",,,,
9,parallel,17,17,0.125,1.282830056510394,1.3994360826909542,0.0001111111111111111,63.419999999999995,"[46.4%, 56.3%, 69.8%, 64.6%, 61.3%, 72.7%, 75.8%, 69.7%, 66.3%, 51.3%]",,,,
9,parallel,18,18,0.125,1.2330928014803537,1.2956189140677452,0.0001111111111111111,64.00999999999999,"[46.4%, 56.2%, 70.1%, 64.5%, 61.2%, 72.4%, 76.2%, 70.4%, 66.3%, 56.4%]",,,,
9,parallel,19,19,0.125,1.2020621495910837,1.226596049964428,0.0001111111111111111,64.36,"[46.4%, 56.2%, 69.7%, 64.3%, 61.5%, 72.6%, 76.1%, 70.3%, 66.5%, 60.0%]",,,,
9,parallel,20,20,0.125,1.1545100619521322,1.3101990260183811,0.0001111111111111111,63.989999999999995,"[46.7%, 56.4%, 69.9%, 64.4%, 61.0%, 72.6%, 75.6%, 70.0%, 66.5%, 56.8%]",,,,
9,parallel,21,21,0.125,1.124680273140533,1.2255052588880062,0.0001111111111111111,64.31,"[46.7%, 56.8%, 69.6%, 64.5%, 61.4%, 72.6%, 76.2%, 69.8%, 66.5%, 59.0%]",,,,
9,parallel,22,22,0.125,1.0665400390383564,1.2545367442071438,0.0001111111111111111,64.05,"[46.6%, 56.4%, 69.0%, 64.5%, 61.3%, 72.3%, 75.6%, 70.3%, 66.8%, 57.7%]",,,,
9,parallel,23,23,0.125,1.0499057603787771,1.18077527359128,0.0001111111111111111,64.58,"[46.6%, 56.9%, 69.2%, 64.8%, 61.4%, 72.4%, 76.2%, 70.6%, 66.7%, 61.0%]",,,,
9,parallel,24,24,0.125,1.0452234216883212,1.261848509311676,0.0001111111111111111,64.1,"[46.9%, 56.6%, 69.6%, 64.5%, 61.6%, 72.3%, 75.9%, 70.4%, 66.2%, 57.0%]",,,,
9,parallel,25,25,0.125,1.0373345228690136,1.2049050256609917,0.0001111111111111111,64.5,"[46.7%, 57.0%, 69.6%, 64.6%, 61.7%, 72.3%, 75.6%, 70.0%, 66.7%, 60.8%]",,,,
9,parallel,26,26,0.125,0.9652672930608822,1.2348435819149017,0.0001111111111111111,64.44,"[46.6%, 57.0%, 69.7%, 64.5%, 61.7%, 72.0%, 75.9%, 70.1%, 67.1%, 59.8%]",,,,
9,parallel,27,27,0.125,0.9717136553571194,1.182545267045498,0.0001111111111111111,64.45,"[46.8%, 56.9%, 69.7%, 64.4%, 61.6%, 72.1%, 75.7%, 69.5%, 66.4%, 61.4%]",,,,
9,parallel,28,28,0.125,0.9395608056949664,1.148568794131279,0.0001111111111111111,64.6,"[46.8%, 56.9%, 69.4%, 64.4%, 61.5%, 72.4%, 75.8%, 70.1%, 66.1%, 62.6%]",,,,
9,parallel,29,29,0.125,0.9053034005285818,1.2216841466724873,0.0001111111111111111,64.32,"[46.5%, 56.7%, 69.2%, 64.8%, 61.6%, 72.5%, 76.1%, 69.4%, 66.3%, 60.1%]",,,,
9,parallel,30,30,0.125,0.9166994826703132,1.1464649587869644,0.0001111111111111111,64.61,"[46.6%, 56.7%, 69.3%, 64.6%, 61.8%, 72.3%, 75.9%, 69.3%, 66.2%, 63.4%]",,,,
9,parallel,31,31,0.125,0.8735658201990248,1.0597259104251862,0.0001111111111111111,64.81,"[46.7%, 56.9%, 69.2%, 64.5%, 61.9%, 72.2%, 75.7%, 70.1%, 66.2%, 64.7%]",,,,
9,parallel,32,32,0.125,0.8640499537504172,1.0773523598909378,0.0001111111111111111,64.92,"[46.8%, 56.7%, 69.4%, 64.3%, 61.8%, 72.3%, 75.9%, 70.5%, 67.0%, 64.5%]",,,,
9,parallel,33,33,0.125,0.8303621486772464,1.0919008161872625,0.0001111111111111111,64.89,"[46.6%, 56.7%, 69.4%, 64.7%, 61.7%, 72.5%, 76.1%, 69.8%, 66.5%, 64.9%]",,,,
9,parallel,34,34,0.125,0.8730506104759023,1.0393437668681145,0.0001111111111111111,64.94,"[46.3%, 56.8%, 69.4%, 64.5%, 61.7%, 72.5%, 75.8%, 69.8%, 66.6%, 66.0%]",,,,
9,parallel,35,35,0.125,0.8473767057249818,1.0570987462997437,0.0001111111111111111,64.88,"[46.5%, 56.8%, 69.2%, 64.4%, 62.0%, 72.5%, 75.7%, 69.8%, 67.0%, 64.9%]",,,,
9,parallel,36,36,0.125,0.7980248626274399,1.0775390304625034,0.0001111111111111111,64.98,"[46.6%, 56.8%, 69.5%, 64.2%, 62.1%, 72.5%, 75.6%, 69.7%, 66.8%, 66.0%]",,,,
9,parallel,37,37,0.125,0.7956282737888868,1.070874571800232,0.0001111111111111111,64.89000000000001,"[46.5%, 56.8%, 69.2%, 64.3%, 62.2%, 72.4%, 75.8%, 69.4%, 67.1%, 65.2%]",,,,
9,parallel,38,38,0.125,0.7785467678987528,1.1194598972797394,0.0001111111111111111,64.78,"[46.7%, 57.0%, 69.2%, 64.2%, 62.4%, 72.5%, 75.5%, 69.6%, 67.5%, 63.2%]",,,,
9,parallel,39,39,0.125,0.8102841882766048,1.0621878057718277,0.0001111111111111111,65.0,"[46.8%, 56.9%, 69.7%, 64.6%, 62.1%, 72.4%, 75.9%, 69.9%, 67.0%, 64.7%]",,,,
9,parallel,40,40,0.125,0.7973182842701296,1.012135837227106,0.0001111111111111111,65.49000000000001,"[46.8%, 57.1%, 69.2%, 64.7%, 62.2%, 72.5%, 76.0%, 70.1%, 67.2%, 69.1%]",,,,
9,parallel,41,41,0.125,0.7502325837370716,0.9683405384421349,0.0001111111111111111,65.45000000000002,"[46.9%, 57.2%, 69.4%, 64.8%, 62.2%, 72.4%, 76.0%, 70.2%, 67.2%, 68.2%]",,,,
9,parallel,42,42,0.125,0.7399074491820757,0.9773439727723598,0.0001111111111111111,65.28,"[47.1%, 57.3%, 69.2%, 64.8%, 62.0%, 72.2%, 76.0%, 69.3%, 67.2%, 67.7%]",,,,
9,parallel,43,43,0.125,0.7387944278837759,1.0579768605530262,0.0001111111111111111,64.97,"[47.1%, 57.2%, 69.2%, 64.8%, 62.0%, 72.3%, 75.8%, 69.8%, 67.2%, 64.3%]",,,,
9,parallel,44,44,0.125,0.7269444216655779,1.0369546469300985,0.0001111111111111111,65.02,"[46.9%, 57.1%, 69.0%, 65.0%, 61.9%, 72.4%, 75.8%, 69.4%, 66.8%, 65.9%]",,,,
9,parallel,45,45,0.125,0.7198854435848284,0.9929845128208399,0.0001111111111111111,65.28999999999999,"[46.9%, 57.2%, 69.4%, 64.8%, 62.1%, 72.5%, 75.9%, 69.5%, 66.8%, 67.8%]",,,,
9,parallel,46,46,0.125,0.7077871134764031,1.0226736851036549,0.0001111111111111111,65.08,"[47.1%, 57.3%, 69.3%, 64.8%, 62.2%, 72.4%, 75.8%, 69.6%, 66.8%, 65.5%]",,,,
9,parallel,47,47,0.125,0.7019277762008619,1.0091758705675602,0.0001111111111111111,65.25,"[46.5%, 57.1%, 69.3%, 64.8%, 62.3%, 72.6%, 75.9%, 69.4%, 67.4%, 67.2%]",,,,
9,parallel,48,48,0.125,0.6687462586390821,1.0601612441241741,0.0001111111111111111,65.21000000000001,"[46.5%, 57.3%, 69.3%, 64.7%, 62.1%, 72.4%, 75.9%, 69.4%, 67.1%, 67.4%]",,,,
9,parallel,49,49,0.125,0.6719994905251491,1.0300643779337406,0.0001111111111111111,65.21000000000001,"[46.4%, 57.2%, 69.1%, 64.4%, 62.0%, 72.3%, 76.4%, 69.6%, 67.3%, 67.4%]",,,,
9,parallel,50,50,0.125,0.6566581273380714,1.0253188703209162,0.0001111111111111111,65.41999999999999,"[46.3%, 57.5%, 69.2%, 64.8%, 62.2%, 72.3%, 76.2%, 69.4%, 67.4%, 68.9%]",,,,
9,parallel,51,51,0.125,0.6526924496210074,0.9289956949651241,0.0001111111111111111,65.46,"[46.3%, 57.1%, 69.3%, 64.4%, 62.3%, 72.4%, 75.9%, 69.7%, 66.9%, 70.3%]",,,,
9,parallel,52,52,0.125,0.6480212913283819,0.9908773899078369,0.0001111111111111111,65.21000000000001,"[46.2%, 57.3%, 69.1%, 64.5%, 62.2%, 72.3%, 76.0%, 69.1%, 67.1%, 68.3%]",,,,
9,parallel,53,53,0.125,0.6445682045025162,0.9321643523871899,0.0001111111111111111,65.39000000000001,"[46.2%, 57.2%, 69.2%, 64.7%, 62.3%, 72.5%, 76.1%, 69.2%, 66.9%, 69.6%]",,,,
9,parallel,54,54,0.125,0.6264821690849111,0.9035224132239819,0.0001111111111111111,65.57000000000001,"[46.4%, 57.0%, 69.3%, 64.6%, 62.5%, 72.3%, 75.7%, 69.5%, 67.2%, 71.2%]",,,,
9,parallel,55,55,0.125,0.5926518051684657,0.9339403696358204,0.0001111111111111111,65.30000000000001,"[46.7%, 57.1%, 69.0%, 64.5%, 62.3%, 72.3%, 75.8%, 69.2%, 67.0%, 69.1%]",,,,
9,weights,1,56,0.125,0.599271208802356,0.8803884778171778,0.0001111111111111111,65.65,"[46.8%, 57.0%, 69.4%, 64.7%, 62.4%, 72.2%, 76.0%, 69.4%, 67.2%, 71.4%]",,,,
9,weights,2,57,0.125,0.6059941343868835,1.0159641075879335,0.0001111111111111111,65.17999999999999,"[46.6%, 57.3%, 69.5%, 64.5%, 62.1%, 72.3%, 76.1%, 68.8%, 66.9%, 67.7%]",,,,
9,weights,3,58,0.125,0.6151216275329832,0.9695503264665604,0.0001111111111111111,65.37,"[46.6%, 57.3%, 69.2%, 64.7%, 62.3%, 72.2%, 75.8%, 69.0%, 66.9%, 69.7%]",,,,
9,weights,4,59,0.125,0.6146866856496546,0.934870732948184,0.0001111111111111111,65.5,"[46.3%, 57.2%, 69.3%, 64.7%, 62.3%, 72.3%, 75.7%, 69.8%, 67.1%, 70.3%]",,,,
9,weights,5,60,0.125,0.6112532064884524,0.9089960195124149,0.0001111111111111111,65.65,"[46.2%, 57.5%, 69.2%, 64.9%, 62.0%, 72.2%, 75.8%, 69.8%, 67.0%, 71.9%]",,,,
9,weights,6,61,0.125,0.5617810183122188,0.9345401283353567,0.0001111111111111111,65.41,"[46.1%, 57.2%, 68.8%, 64.9%, 62.2%, 72.1%, 75.7%, 69.7%, 66.6%, 70.8%]",,,,
9,weights,7,62,0.125,0.5761078505576411,0.9610942825675011,0.0001111111111111111,65.25000000000001,"[46.2%, 57.6%, 69.2%, 64.9%, 61.8%, 71.9%, 75.8%, 68.7%, 66.7%, 69.7%]",,,,
9,weights,8,63,0.125,0.5772421012950849,0.8879959154874086,0.0001111111111111111,65.49999999999999,"[46.4%, 57.6%, 69.3%, 65.0%, 62.2%, 71.9%, 75.9%, 68.9%, 67.0%, 70.8%]",,,,
9,weights,9,64,0.125,0.5278988473023041,0.9126101788133383,0.0001111111111111111,65.62,"[46.2%, 57.6%, 69.0%, 64.9%, 62.2%, 72.0%, 75.9%, 69.5%, 66.9%, 72.0%]",,,,
9,weights,10,65,0.125,0.5838290026670769,0.9341861866414547,0.0001111111111111111,65.5,"[46.0%, 57.4%, 68.9%, 64.7%, 62.4%, 72.0%, 76.2%, 69.9%, 66.9%, 70.6%]",,,,
9,weights,11,66,0.125,0.5573829193658466,0.9541785605251789,0.0001111111111111111,65.30999999999999,"[46.4%, 57.7%, 68.7%, 64.7%, 62.2%, 72.1%, 76.1%, 68.8%, 66.8%, 69.6%]",,,,
9,weights,12,67,0.125,0.5346152847514877,0.9333175048232079,0.0001111111111111111,65.38,"[46.1%, 57.7%, 69.2%, 64.6%, 62.2%, 72.1%, 76.0%, 68.7%, 66.8%, 70.4%]",,,,
9,weights,13,68,0.125,0.5325478315353394,0.955407140776515,0.0001111111111111111,65.41999999999999,"[46.4%, 57.6%, 69.5%, 64.7%, 62.1%, 72.1%, 76.0%, 68.3%, 67.0%, 70.5%]",,,,
9,weights,14,69,0.125,0.5304288547250289,0.9226560182869434,0.0001111111111111111,65.5,"[46.3%, 57.9%, 68.8%, 64.7%, 62.3%, 72.0%, 76.0%, 68.9%, 67.2%, 70.9%]",,,,
9,weights,15,70,0.125,0.5449998906896084,0.8804667815566063,0.0001111111111111111,65.45,"[46.0%, 57.9%, 69.1%, 64.8%, 62.0%, 72.3%, 76.0%, 67.8%, 66.9%, 71.7%]",,,,
9,weights,16,71,0.125,0.5187486025351512,0.8814756795763969,0.0001111111111111111,65.49000000000001,"[46.0%, 58.0%, 68.8%, 64.9%, 62.0%, 72.0%, 76.0%, 68.7%, 66.7%, 71.8%]",,,,
9,weights,17,72,0.125,0.501892152843596,0.957399407401681,0.0001111111111111111,65.51,"[46.1%, 58.0%, 68.9%, 64.8%, 62.0%, 72.1%, 76.1%, 69.4%, 67.1%, 70.6%]",,,,
9,weights,18,73,0.125,0.49598811698865286,0.9592018015682697,0.0001111111111111111,65.35000000000001,"[46.3%, 58.1%, 69.1%, 64.8%, 62.0%, 72.1%, 76.0%, 68.7%, 67.2%, 69.2%]",,,,
9,weights,19,74,0.125,0.5174338074424599,0.9284254889935255,0.0001111111111111111,65.46000000000001,"[46.3%, 58.0%, 69.3%, 64.8%, 62.2%, 71.8%, 75.6%, 68.7%, 67.0%, 70.9%]",,,,
9,weights,20,75,0.125,0.5072428951912289,0.9463776219636202,0.0001111111111111111,65.46000000000001,"[46.0%, 58.0%, 68.9%, 64.9%, 61.9%, 71.9%, 75.8%, 68.6%, 67.2%, 71.4%]",,,,
9,weights,21,76,0.125,0.4847890340451953,0.8962287679314613,0.0001111111111111111,65.47000000000001,"[46.0%, 57.8%, 68.7%, 65.0%, 62.1%, 72.1%, 75.8%, 68.9%, 67.2%, 71.1%]",,,,
9,weights,22,77,0.125,0.4972321508051474,0.8471275232732296,0.0001111111111111111,65.8,"[45.6%, 58.0%, 68.9%, 64.9%, 62.3%, 72.3%, 75.8%, 69.4%, 67.0%, 73.8%]",,,,
9,weights,23,78,0.125,0.48106596948979774,1.0221921522170305,0.0001111111111111111,65.36999999999999,"[45.9%, 57.9%, 69.0%, 65.0%, 62.5%, 72.4%, 76.0%, 68.9%, 66.8%, 69.3%]",,,,
9,weights,24,79,0.125,0.5052837320143664,0.8810256868600845,0.0001111111111111111,65.88000000000001,"[46.1%, 58.0%, 68.7%, 65.1%, 62.2%, 72.3%, 76.0%, 69.2%, 67.2%, 74.0%]",,,,
9,weights,25,80,0.125,0.4704973393980461,0.8568540718406439,0.0001111111111111111,65.79999999999998,"[46.3%, 57.7%, 68.8%, 65.2%, 62.4%, 72.3%, 76.0%, 69.1%, 67.3%, 72.9%]",49.23,"[5.7%, 35.8%, 64.1%, 41.9%, 44.4%, 53.3%, 76.0%, 51.4%, 54.3%, 65.4%]",48.53000000000001,"[32.5%, 45.7%, 60.8%, 50.2%, 46.0%, 54.1%, 61.5%, 45.3%, 47.6%, 41.6%]"
