task_idx,phase,epoch_in_phase,global_epoch,kappa,train_loss,val_loss,lr,til_avg,til_per_task,cil_stand_avg,cil_stand_per_task,cil_znorm_avg,cil_znorm_per_task
0,parallel,1,1,0.5,2.5593758202806303,2.221019856631756,0.001,20.3,[20.3%],,,,
0,parallel,2,2,0.5,2.158399868615066,1.969619520008564,0.001,35.1,[35.1%],,,,
0,parallel,3,3,0.5,1.9228021676027323,1.9088330287486315,0.001,35.2,[35.2%],,,,
0,parallel,4,4,0.5,1.7536430102360399,1.655260805040598,0.001,42.2,[42.2%],,,,
0,parallel,5,5,0.4905664156385195,1.6066399993775766,1.609268430620432,0.001,45.8,[45.8%],,,,
0,parallel,6,6,0.475906289056241,1.546991064578672,1.5194145888090134,0.001,47.6,[47.6%],,,,
0,parallel,7,7,0.4615461624739625,1.4011381426944007,1.3362822234630585,0.001,54.2,[54.2%],,,,
0,parallel,8,8,0.447486035891684,1.3492154712918438,1.353555092588067,0.001,55.0,[55.0%],,,,
0,parallel,9,9,0.4337259093094055,1.2521665307539929,1.3579655531793833,0.001,53.0,[53.0%],,,,
0,parallel,10,10,0.42026578272712706,1.1948624736146083,1.294966459274292,0.001,55.0,[55.0%],,,,
0,parallel,11,11,0.4071056561448486,1.1173907737188702,1.193124309182167,0.001,58.5,[58.5%],,,,
0,parallel,12,12,0.39424552956257014,1.0492352643344975,1.2743973657488823,0.001,57.8,[57.8%],,,,
0,parallel,13,13,0.38168540298029163,1.033953352065026,1.108795065432787,0.001,60.8,[60.8%],,,,
0,parallel,14,14,0.36942527639801315,1.0053440136245535,1.2925800876691937,0.001,59.6,[59.6%],,,,
0,parallel,15,15,0.35746514981573463,0.9846541368508641,1.0373585540801287,0.001,64.6,[64.6%],,,,
0,parallel,16,16,0.34580502323345613,0.9060048196889177,1.0352505706250668,0.001,65.4,[65.4%],,,,
0,parallel,17,17,0.33444489665117766,0.9395849795281133,0.964124659076333,0.001,68.0,[68.0%],,,,
0,parallel,18,18,0.32338477006889915,0.8722375676601748,0.986786225810647,0.001,66.3,[66.3%],,,,
0,parallel,19,19,0.3126246434866208,0.8357388188567343,0.9825530415400863,0.001,67.4,[67.4%],,,,
0,parallel,20,20,0.30216451690434226,0.9029811243467694,0.9828318934887648,0.001,66.5,[66.5%],,,,
0,parallel,21,21,0.29200439032206377,0.8612786833244034,1.0124690271914005,0.001,64.4,[64.4%],,,,
0,parallel,22,22,0.2821442637397853,0.831514034844652,1.0114087583497167,0.0003333333333333333,65.8,[65.8%],,,,
0,parallel,23,23,0.27258413715750685,0.7127727873717682,0.8895230460911989,0.0003333333333333333,69.1,[69.1%],,,,
0,parallel,24,24,0.26332401057522836,0.6848313499100601,0.9906763788312674,0.0003333333333333333,66.4,[66.4%],,,,
0,parallel,25,25,0.25436388399294985,0.6662172033816953,0.9132471214979887,0.0003333333333333333,68.7,[68.7%],,,,
0,parallel,26,26,0.24570375741067135,0.8239394452752946,0.9734817780554295,0.0003333333333333333,68.1,[68.1%],,,,
0,parallel,27,27,0.23734363082839288,0.7540992822828172,0.9808828085660934,0.0003333333333333333,67.9,[67.9%],,,,
0,parallel,28,28,0.22928350424611438,0.8062170328973215,0.9399668741971254,0.0001111111111111111,69.1,[69.1%],,,,
0,parallel,29,29,0.2215233776638359,0.7238663091689725,0.9521511122584343,0.0001111111111111111,68.6,[68.6%],,,,
0,parallel,30,30,0.21406325108155744,0.815791281718242,0.9491865001618862,0.0001111111111111111,68.3,[68.3%],,,,
0,parallel,31,31,0.20690312449927897,0.7970433008821705,0.9702516533434391,0.0001111111111111111,68.7,[68.7%],,,,
0,parallel,32,32,0.20004299791700048,0.9512855865155594,1.1063099056482315,0.0001111111111111111,64.4,[64.4%],,,,
0,parallel,33,33,0.193482871334722,0.9309269816060609,1.0888453405350447,0.0001111111111111111,64.5,[64.5%],,,,
0,parallel,34,34,0.1872227447524435,1.0049991268145888,1.2802410945296288,0.0001111111111111111,59.0,[59.0%],,,,
0,parallel,35,35,0.18126261817016504,1.000190231619002,1.14821445196867,0.0001111111111111111,63.4,[63.4%],,,,
0,parallel,36,36,0.17560249158788657,0.9786478703535055,1.1503366343677044,0.0001111111111111111,62.6,[62.6%],,,,
0,parallel,37,37,0.17024236500560808,1.1187977738018278,1.18213277682662,0.0001111111111111111,63.5,[63.5%],,,,
0,parallel,38,38,0.1651822384233296,1.083412012721919,1.1416104845702648,0.0001111111111111111,63.3,[63.3%],,,,
0,parallel,39,39,0.1604221118410511,1.0670000699502002,1.1256760507822037,0.0001111111111111111,64.8,[64.8%],,,,
0,parallel,40,40,0.15596198525877264,1.1518978914128075,1.3542713448405266,0.0001111111111111111,56.9,[56.9%],,,,
0,parallel,41,41,0.15180185867649415,1.169030232520043,1.2302646934986115,0.0001111111111111111,61.4,[61.4%],,,,
0,parallel,42,42,0.14794173209421568,1.1476959646502627,1.275581419467926,0.0001111111111111111,60.1,[60.1%],,,,
0,parallel,43,43,0.14438160551193718,1.134595893606355,1.2314882352948189,0.0001111111111111111,61.3,[61.3%],,,,
0,parallel,44,44,0.1411214789296587,1.0621785280070728,1.2057543881237507,0.0001111111111111111,61.5,[61.5%],,,,
0,parallel,45,45,0.13816135234738022,1.2540430087077468,1.2675192952156067,0.0001111111111111111,59.8,[59.8%],,,,
0,parallel,46,46,0.13550122576510173,1.1695194463186627,1.2467313669621944,0.0001111111111111111,61.3,[61.3%],,,,
0,parallel,47,47,0.13314109918282327,1.126740267759637,1.1885107159614563,0.0001111111111111111,63.0,[63.0%],,,,
0,parallel,48,48,0.13108097260054477,1.1563174943380718,1.2009440138936043,0.0001111111111111111,61.9,[61.9%],,,,
0,parallel,49,49,0.1293208460182663,1.1253059513961212,1.1938864029943943,0.0001111111111111111,62.8,[62.8%],,,,
0,parallel,50,50,0.1278607194359878,1.1157934922206252,1.2395163401961327,0.0001111111111111111,61.3,[61.3%],,,,
0,parallel,51,51,0.12670059285370935,1.1258084774017334,1.2012600861489773,0.0001111111111111111,62.7,[62.7%],,,,
0,parallel,52,52,0.12584046627143086,1.0807939941370035,1.1849708072841167,0.0001111111111111111,62.7,[62.7%],,,,
0,parallel,53,53,0.1252803396891524,1.0553036988536013,1.177458606660366,0.0001111111111111111,62.0,[62.0%],,,,
0,parallel,54,54,0.1250202131068739,1.0356411639648149,1.1513052061200142,0.0001111111111111111,62.6,[62.6%],,,,
0,parallel,55,55,0.125,1.004556789428373,1.1438089646399021,0.0001111111111111111,63.0,[63.0%],,,,
0,weights,1,56,0.125,0.9913542368743993,1.128905862569809,0.0001111111111111111,63.1,[63.1%],,,,
0,weights,2,57,0.125,0.9673360427723655,1.1223333403468132,0.0001111111111111111,63.2,[63.2%],,,,
0,weights,3,58,0.125,0.9708566499661796,1.1231158189475536,0.0001111111111111111,64.0,[64.0%],,,,
0,weights,4,59,0.125,0.9384028353268588,1.1115242205560207,0.0001111111111111111,64.1,[64.1%],,,,
0,weights,5,60,0.125,0.9246411466900306,1.0979015063494444,0.0001111111111111111,65.0,[65.0%],,,,
0,weights,6,61,0.125,0.9340446734730201,1.1006196588277817,0.0001111111111111111,65.0,[65.0%],,,,
0,weights,7,62,0.125,0.9184406784516347,1.1113724038004875,0.0001111111111111111,65.6,[65.6%],,,,
0,weights,8,63,0.125,0.9052953810631474,1.0664930567145348,0.0001111111111111111,65.8,[65.8%],,,,
0,weights,9,64,0.125,0.8854311387750167,1.0888498965650797,0.0001111111111111111,65.7,[65.7%],,,,
0,weights,10,65,0.125,0.8775714409502247,1.0863556899130344,0.0001111111111111111,64.7,[64.7%],,,,
0,weights,11,66,0.125,0.8686293718181078,1.0593576524406672,0.0001111111111111111,65.5,[65.5%],,,,
0,weights,12,67,0.125,0.8604352776008316,1.055995061993599,0.0001111111111111111,66.5,[66.5%],,,,
0,weights,13,68,0.125,0.8756659106363224,1.0807628352195024,0.0001111111111111111,65.2,[65.2%],,,,
0,weights,14,69,0.125,0.8491336405277252,1.0667611099779606,0.0001111111111111111,64.8,[64.8%],,,,
0,weights,15,70,0.125,0.8535964624791206,1.0344770438969135,0.0001111111111111111,66.2,[66.2%],,,,
0,weights,16,71,0.125,0.826324817500537,1.0822619069367647,0.0001111111111111111,65.5,[65.5%],,,,
0,weights,17,72,0.125,0.802840461459341,1.052154142409563,0.0001111111111111111,66.6,[66.6%],,,,
0,weights,18,73,0.125,0.813300068619885,1.0367708913981915,0.0001111111111111111,66.9,[66.9%],,,,
0,weights,19,74,0.125,0.7991927371749395,1.0735662914812565,0.0001111111111111111,65.1,[65.1%],,,,
0,weights,20,75,0.125,0.80351975371566,1.072363531216979,0.0001111111111111111,64.7,[64.7%],,,,
0,weights,21,76,0.125,0.7903017273432091,1.0259510558098555,0.0001111111111111111,66.3,[66.3%],,,,
0,weights,22,77,0.125,0.7856998070131375,1.0396974496543407,0.0001111111111111111,66.2,[66.2%],,,,
0,weights,23,78,0.125,0.7864955912662458,1.0381537284702063,0.0001111111111111111,65.9,[65.9%],,,,
0,weights,24,79,0.125,0.7717264818994305,1.0436476469039917,0.0001111111111111111,66.6,[66.6%],,,,
0,weights,25,80,0.125,0.7814209031153329,1.037536721676588,0.0001111111111111111,65.5,[65.5%],65.5,[65.5%],65.5,[65.5%]
1,parallel,1,1,0.5,2.8135102549685707,2.3368052691221237,0.0001111111111111111,38.35,"[65.5%, 11.2%]",,,,
1,parallel,2,2,0.5,2.2991829099534433,2.192875787615776,0.0001111111111111111,41.45,"[65.5%, 17.4%]",,,,
1,parallel,3,3,0.5,2.0981540574303157,2.0880078114569187,0.0001111111111111111,43.05,"[65.5%, 20.6%]",,,,
1,parallel,4,4,0.5,2.0148798725273034,1.9399537444114685,0.0001111111111111111,47.25,"[65.5%, 29.0%]",,,,
1,parallel,5,5,0.4905664156385195,1.9018857116940655,1.8996244296431541,0.0001111111111111111,46.5,"[65.5%, 27.5%]",,,,
1,parallel,6,6,0.475906289056241,1.8137746460830109,1.7783061414957047,0.0001111111111111111,49.45,"[65.5%, 33.4%]",,,,
1,parallel,7,7,0.4615461624739625,1.7217952948582322,1.623529888689518,0.0001111111111111111,53.55,"[65.5%, 41.6%]",,,,
1,parallel,8,8,0.447486035891684,1.6567323207855225,1.614354882389307,0.0001111111111111111,52.95,"[65.5%, 40.4%]",,,,
1,parallel,9,9,0.4337259093094055,1.572024188464201,1.5748848542571068,0.0001111111111111111,54.7,"[65.5%, 43.9%]",,,,
1,parallel,10,10,0.42026578272712706,1.5318928413753268,1.5066486410796642,0.0001111111111111111,56.5,"[65.5%, 47.5%]",,,,
1,parallel,11,11,0.4071056561448486,1.4537769616404665,1.4367783889174461,0.0001111111111111111,57.6,"[65.5%, 49.7%]",,,,
1,parallel,12,12,0.39424552956257014,1.3937495826165887,1.3644070774316788,0.0001111111111111111,59.15,"[65.5%, 52.8%]",,,,
1,parallel,13,13,0.38168540298029163,1.34352153162413,1.4022799283266068,0.0001111111111111111,58.1,"[65.5%, 50.7%]",,,,
1,parallel,14,14,0.36942527639801315,1.297927369045306,1.3180712461471558,0.0001111111111111111,60.65,"[65.5%, 55.8%]",,,,
1,parallel,15,15,0.35746514981573463,1.233993813961367,1.3593745455145836,0.0001111111111111111,59.7,"[65.5%, 53.9%]",,,,
1,parallel,16,16,0.34580502323345613,1.1754145750516578,1.300738375633955,0.0001111111111111111,61.3,"[65.5%, 57.1%]",,,,
1,parallel,17,17,0.33444489665117766,1.165451419504383,1.2285426370799541,0.0001111111111111111,61.95,"[65.5%, 58.4%]",,,,
1,parallel,18,18,0.32338477006889915,1.1340486437459536,1.2818902619183064,0.0001111111111111111,61.65,"[65.5%, 57.8%]",,,,
1,parallel,19,19,0.3126246434866208,1.0774161611931234,1.1524856835603714,0.0001111111111111111,63.75,"[65.5%, 62.0%]",,,,
1,parallel,20,20,0.30216451690434226,1.060818620874912,1.218967728316784,0.0001111111111111111,62.65,"[65.5%, 59.8%]",,,,
1,parallel,21,21,0.29200439032206377,1.0458618342121946,1.1443980149924755,0.0001111111111111111,63.15,"[65.5%, 60.8%]",,,,
1,parallel,22,22,0.2821442637397853,1.02340462011627,1.1841828301548958,0.0001111111111111111,63.65,"[65.5%, 61.8%]",,,,
1,parallel,23,23,0.27258413715750685,1.0320660788801652,1.2583373375236988,0.0001111111111111111,62.45,"[65.5%, 59.4%]",,,,
1,parallel,24,24,0.26332401057522836,1.0322151168992248,1.163220539689064,0.0001111111111111111,63.65,"[65.5%, 61.8%]",,,,
1,parallel,25,25,0.25436388399294985,0.9947496177274969,1.1477819457650185,0.0001111111111111111,63.35,"[65.5%, 61.2%]",,,,
1,parallel,26,26,0.24570375741067135,1.0619119330297542,1.307683926075697,0.0001111111111111111,59.95,"[65.5%, 54.4%]",,,,
1,parallel,27,27,0.23734363082839288,0.9728766423237475,1.0862782467156649,0.0001111111111111111,64.5,"[65.5%, 63.5%]",,,,
1,parallel,28,28,0.22928350424611438,0.9644545097894306,1.1942866630852222,0.0001111111111111111,62.7,"[65.5%, 59.9%]",,,,
1,parallel,29,29,0.2215233776638359,0.967138721218592,1.1489098444581032,0.0001111111111111111,62.95,"[65.5%, 60.4%]",,,,
1,parallel,30,30,0.21406325108155744,1.0323513059676448,1.121195014566183,0.0001111111111111111,64.05,"[65.5%, 62.6%]",,,,
1,parallel,31,31,0.20690312449927897,0.9485151209408724,1.1075174659490585,0.0001111111111111111,64.1,"[65.5%, 62.7%]",,,,
1,parallel,32,32,0.20004299791700048,1.013350689712959,1.0832556188106537,0.0001111111111111111,64.85,"[65.5%, 64.2%]",,,,
1,parallel,33,33,0.193482871334722,0.9915995009337799,1.0686186701059341,0.0001111111111111111,64.6,"[65.5%, 63.7%]",,,,
1,parallel,34,34,0.1872227447524435,0.9602876033964036,1.163800984621048,0.0001111111111111111,63.45,"[65.5%, 61.4%]",,,,
1,parallel,35,35,0.18126261817016504,0.9757499227040931,1.180576030164957,0.0001111111111111111,63.3,"[65.5%, 61.1%]",,,,
1,parallel,36,36,0.17560249158788657,0.970406979699678,1.1172362454235554,0.0001111111111111111,64.25,"[65.5%, 63.0%]",,,,
1,parallel,37,37,0.17024236500560808,1.0385987849175176,1.194016382098198,0.0001111111111111111,61.95,"[65.5%, 58.4%]",,,,
1,parallel,38,38,0.1651822384233296,0.9936845566652999,1.161491896957159,0.0001111111111111111,64.15,"[65.5%, 62.8%]",,,,
1,parallel,39,39,0.1604221118410511,0.9895081610619267,1.167817946523428,0.0001111111111111111,63.5,"[65.5%, 61.5%]",,,,
1,parallel,40,40,0.15596198525877264,1.0516051544418819,1.2288226559758186,0.0001111111111111111,61.95,"[65.5%, 58.4%]",,,,
1,parallel,41,41,0.15180185867649415,1.0358575891844835,1.1455759517848492,0.0001111111111111111,63.25,"[65.5%, 61.0%]",,,,
1,parallel,42,42,0.14794173209421568,0.9773356401467626,1.0641470737755299,0.0001111111111111111,64.35,"[65.5%, 63.2%]",,,,
1,parallel,43,43,0.14438160551193718,0.9678177177151547,1.1398260295391083,0.0001111111111111111,64.0,"[65.5%, 62.5%]",,,,
1,parallel,44,44,0.1411214789296587,0.9375868100154249,1.1575441882014275,0.0001111111111111111,63.1,"[65.5%, 60.7%]",,,,
1,parallel,45,45,0.13816135234738022,1.0516854656648031,1.1205604821443558,0.0001111111111111111,64.35,"[65.5%, 63.2%]",,,,
1,parallel,46,46,0.13550122576510173,0.9492005781282352,1.2377230040729046,0.0001111111111111111,62.15,"[65.5%, 58.8%]",,,,
1,parallel,47,47,0.13314109918282327,0.9422352615791031,1.1473244912922382,0.0001111111111111111,63.6,"[65.5%, 61.7%]",,,,
1,parallel,48,48,0.13108097260054477,0.942486095277569,1.1498785875737667,0.0001111111111111111,63.65,"[65.5%, 61.8%]",,,,
1,parallel,49,49,0.1293208460182663,0.8888276717330836,1.0936263725161552,0.0001111111111111111,64.15,"[65.5%, 62.8%]",,,,
1,parallel,50,50,0.1278607194359878,0.9187582331367686,1.1409342549741268,0.0001111111111111111,64.45,"[65.5%, 63.4%]",,,,
1,parallel,51,51,0.12670059285370935,0.8934214296220224,1.0824122987687588,0.0001111111111111111,64.5,"[65.5%, 63.5%]",,,,
1,parallel,52,52,0.12584046627143086,0.8602761550794674,1.0395497344434261,0.0001111111111111111,65.4,"[65.5%, 65.3%]",,,,
1,parallel,53,53,0.1252803396891524,0.8129598385171045,1.06983145698905,0.0001111111111111111,64.85,"[65.5%, 64.2%]",,,,
1,parallel,54,54,0.1250202131068739,0.7888713614850105,1.1725966855883598,0.0001111111111111111,64.7,"[65.5%, 63.9%]",,,,
1,parallel,55,55,0.125,0.7894576614416098,1.0717131234705448,0.0001111111111111111,65.65,"[65.5%, 65.8%]",,,,
1,weights,1,56,0.125,0.7445116212850884,1.0512090362608433,0.0001111111111111111,64.9,"[65.5%, 64.3%]",,,,
1,weights,2,57,0.125,0.7732511932336832,1.0653300546109676,0.0001111111111111111,64.95,"[65.5%, 64.4%]",,,,
1,weights,3,58,0.125,0.7839991744560532,1.0620221309363842,0.0001111111111111111,65.3,"[65.5%, 65.1%]",,,,
1,weights,4,59,0.125,0.7323093738736985,1.0118874944746494,0.0001111111111111111,66.2,"[65.5%, 66.9%]",,,,
1,weights,5,60,0.125,0.7602934494048734,1.0259638912975788,0.0001111111111111111,65.6,"[65.5%, 65.7%]",,,,
1,weights,6,61,0.125,0.7141480483586276,1.1028045527637005,0.0001111111111111111,63.85,"[65.5%, 62.2%]",,,,
1,weights,7,62,0.125,0.6860497699508185,1.0474494621157646,0.0001111111111111111,64.8,"[65.5%, 64.1%]",,,,
1,weights,8,63,0.125,0.6894370045843004,1.0717759132385254,0.0001111111111111111,65.05,"[65.5%, 64.6%]",,,,
1,weights,9,64,0.125,0.6798541493053678,1.0026331879198551,0.0001111111111111111,66.5,"[65.5%, 67.5%]",,,,
1,weights,10,65,0.125,0.6793098106414457,1.011073026806116,0.0001111111111111111,66.05,"[65.5%, 66.6%]",,,,
1,weights,11,66,0.125,0.6512801488743553,1.0194747038185596,0.0001111111111111111,66.3,"[65.5%, 67.1%]",,,,
1,weights,12,67,0.125,0.6401711815520178,1.0589068941771984,0.0001111111111111111,66.1,"[65.5%, 66.7%]",,,,
1,weights,13,68,0.125,0.648812519032744,1.0254933163523674,0.0001111111111111111,65.95,"[65.5%, 66.4%]",,,,
1,weights,14,69,0.125,0.6214112401763096,1.0300743728876114,0.0001111111111111111,66.45,"[65.5%, 67.4%]",,,,
1,weights,15,70,0.125,0.6117543257489989,1.044136829674244,0.0001111111111111111,66.35,"[65.5%, 67.2%]",,,,
1,weights,16,71,0.125,0.6309494772289372,1.002515785396099,0.0001111111111111111,65.55,"[65.5%, 65.6%]",,,,
1,weights,17,72,0.125,0.6370712775218336,1.0053103789687157,0.0001111111111111111,66.5,"[65.5%, 67.5%]",,,,
1,weights,18,73,0.125,0.6094010634512841,1.0073914006352425,0.0001111111111111111,66.4,"[65.5%, 67.3%]",,,,
1,weights,19,74,0.125,0.5889527216742311,0.9666757583618164,0.0001111111111111111,67.3,"[65.5%, 69.1%]",,,,
1,weights,20,75,0.125,0.5886808796019494,0.9988783597946167,0.0001111111111111111,66.85,"[65.5%, 68.2%]",,,,
1,weights,21,76,0.125,0.5961514647248425,1.1269448678940535,0.0001111111111111111,64.65,"[65.5%, 63.8%]",,,,
1,weights,22,77,0.125,0.55753377928764,0.9984045177698135,0.0001111111111111111,66.35,"[65.5%, 67.2%]",,,,
1,weights,23,78,0.125,0.5613281945639019,1.0092533938586712,0.0001111111111111111,65.8,"[65.5%, 66.1%]",,,,
1,weights,24,79,0.125,0.5730882551096663,1.0511443875730038,0.0001111111111111111,65.75,"[65.5%, 66.0%]",,,,
1,weights,25,80,0.125,0.5552800776837747,0.9640183635056019,0.0001111111111111111,66.95,"[65.5%, 68.4%]",57.0,"[45.6%, 68.4%]",61.0,"[53.6%, 68.4%]"
2,parallel,1,1,0.5,3.390046967735773,2.3444924652576447,0.0001111111111111111,47.96666666666667,"[65.5%, 68.4%, 10.0%]",,,,
2,parallel,2,2,0.5,2.3356604606290405,2.3063421696424484,0.0001111111111111111,47.96666666666667,"[65.5%, 68.4%, 10.0%]",,,,
2,parallel,3,3,0.5,2.169782247724412,2.0566158145666122,0.0001111111111111111,53.6,"[65.5%, 68.4%, 26.9%]",,,,
2,parallel,4,4,0.5,1.9408244362360314,1.8709446787834167,0.0001111111111111111,55.96666666666667,"[65.5%, 68.4%, 34.0%]",,,,
2,parallel,5,5,0.4905664156385195,1.7803211996826944,1.7242312133312225,0.0001111111111111111,57.63333333333333,"[65.5%, 68.4%, 39.0%]",,,,
2,parallel,6,6,0.475906289056241,1.650874847098242,1.5967345535755157,0.0001111111111111111,59.70000000000001,"[65.5%, 68.4%, 45.2%]",,,,
2,parallel,7,7,0.4615461624739625,1.5059205474732797,1.4470054283738136,0.0001111111111111111,62.23333333333333,"[65.5%, 68.4%, 52.8%]",,,,
2,parallel,8,8,0.447486035891684,1.3564635696290415,1.395792182534933,0.0001111111111111111,62.4,"[65.5%, 68.4%, 53.3%]",,,,
2,parallel,9,9,0.4337259093094055,1.2295422810542433,1.1815962102264166,0.0001111111111111111,65.13333333333334,"[65.5%, 68.4%, 61.5%]",,,,
2,parallel,10,10,0.42026578272712706,1.1357255834567397,1.3799309078603983,0.0001111111111111111,62.73333333333333,"[65.5%, 68.4%, 54.3%]",,,,
2,parallel,11,11,0.4071056561448486,1.100444828407674,1.1010548677295446,0.0001111111111111111,66.16666666666667,"[65.5%, 68.4%, 64.6%]",,,,
2,parallel,12,12,0.39424552956257014,0.9963451759724677,1.1183326672762632,0.0001111111111111111,65.60000000000001,"[65.5%, 68.4%, 62.9%]",,,,
2,parallel,13,13,0.38168540298029163,0.9520401750938802,1.0738510079681873,0.0001111111111111111,66.39999999999999,"[65.5%, 68.4%, 65.3%]",,,,
2,parallel,14,14,0.36942527639801315,0.9365785717964172,0.9439414171501994,0.0001111111111111111,67.8,"[65.5%, 68.4%, 69.5%]",,,,
2,parallel,15,15,0.35746514981573463,0.8415532353558118,1.0157766975462437,0.0001111111111111111,66.03333333333335,"[65.5%, 68.4%, 64.2%]",,,,
2,parallel,16,16,0.34580502323345613,0.8139015941680232,0.8814662266522646,0.0001111111111111111,68.13333333333334,"[65.5%, 68.4%, 70.5%]",,,,
2,parallel,17,17,0.33444489665117766,0.80359074963799,0.869256692007184,0.0001111111111111111,68.60000000000001,"[65.5%, 68.4%, 71.9%]",,,,
2,parallel,18,18,0.32338477006889915,0.7539502420002901,0.8821144960820675,0.0001111111111111111,68.5,"[65.5%, 68.4%, 71.6%]",,,,
2,parallel,19,19,0.3126246434866208,0.7183384125745749,0.8515810174867511,0.0001111111111111111,68.56666666666666,"[65.5%, 68.4%, 71.8%]",,,,
2,parallel,20,20,0.30216451690434226,0.7401498752304271,0.880947770550847,0.0001111111111111111,68.33333333333333,"[65.5%, 68.4%, 71.1%]",,,,
2,parallel,21,21,0.29200439032206377,0.7575392011977449,0.8088620668277144,0.0001111111111111111,69.5,"[65.5%, 68.4%, 74.6%]",,,,
2,parallel,22,22,0.2821442637397853,0.6863823555692842,0.7650567106902599,0.0001111111111111111,69.73333333333333,"[65.5%, 68.4%, 75.3%]",,,,
2,parallel,23,23,0.27258413715750685,0.7036801667153081,0.8257755506783724,0.0001111111111111111,69.63333333333334,"[65.5%, 68.4%, 75.0%]",,,,
2,parallel,24,24,0.26332401057522836,0.6926142972292779,0.7733196374028921,0.0001111111111111111,69.8,"[65.5%, 68.4%, 75.5%]",,,,
2,parallel,25,25,0.25436388399294985,0.6652014295134363,0.8544606454670429,0.0001111111111111111,69.0,"[65.5%, 68.4%, 73.1%]",,,,
2,parallel,26,26,0.24570375741067135,0.7008979856213436,0.8262954354286194,0.0001111111111111111,69.10000000000001,"[65.5%, 68.4%, 73.4%]",,,,
2,parallel,27,27,0.23734363082839288,0.6655430073225046,0.8277600249275565,0.0001111111111111111,68.83333333333333,"[65.5%, 68.4%, 72.6%]",,,,
2,parallel,28,28,0.22928350424611438,0.6784274102766302,0.8329254947602749,0.0001111111111111111,69.46666666666667,"[65.5%, 68.4%, 74.5%]",,,,
2,parallel,29,29,0.2215233776638359,0.6694327355185642,0.8158059231936932,0.0001111111111111111,69.39999999999999,"[65.5%, 68.4%, 74.3%]",,,,
2,parallel,30,30,0.21406325108155744,0.6703942640672756,0.7914072200655937,0.0001111111111111111,69.86666666666667,"[65.5%, 68.4%, 75.7%]",,,,
2,parallel,31,31,0.20690312449927897,0.6673394743400284,0.8795230723917484,0.0001111111111111111,68.16666666666667,"[65.5%, 68.4%, 70.6%]",,,,
2,parallel,32,32,0.20004299791700048,0.6734408491019961,0.8402891233563423,0.0001111111111111111,69.2,"[65.5%, 68.4%, 73.7%]",,,,
2,parallel,33,33,0.193482871334722,0.6872518277620967,0.8368651336058974,0.0001111111111111111,69.33333333333333,"[65.5%, 68.4%, 74.1%]",,,,
2,parallel,34,34,0.1872227447524435,0.7278500908537756,0.8364068940281868,0.0001111111111111111,69.13333333333334,"[65.5%, 68.4%, 73.5%]",,,,
2,parallel,35,35,0.18126261817016504,0.6807797109778924,0.8062123106792569,0.0001111111111111111,69.46666666666667,"[65.5%, 68.4%, 74.5%]",,,,
2,parallel,36,36,0.17560249158788657,0.6991545192048519,0.823765467852354,0.0001111111111111111,69.60000000000001,"[65.5%, 68.4%, 74.9%]",,,,
2,parallel,37,37,0.17024236500560808,0.7672951455357708,0.8543268367648125,0.0001111111111111111,69.46666666666667,"[65.5%, 68.4%, 74.5%]",,,,
2,parallel,38,38,0.1651822384233296,0.737698432388185,0.8164089620113373,0.0001111111111111111,69.5,"[65.5%, 68.4%, 74.6%]",,,,
2,parallel,39,39,0.1604221118410511,0.7172777000107343,0.8450160622596741,0.0001111111111111111,69.13333333333334,"[65.5%, 68.4%, 73.5%]",,,,
2,parallel,40,40,0.15596198525877264,0.7583589795269544,0.958664895966649,0.0001111111111111111,68.06666666666666,"[65.5%, 68.4%, 70.3%]",,,,
2,parallel,41,41,0.15180185867649415,0.7821014542368394,0.864424092695117,0.0001111111111111111,68.56666666666666,"[65.5%, 68.4%, 71.8%]",,,,
2,parallel,42,42,0.14794173209421568,0.7617938065830665,0.8585742376744747,0.0001111111111111111,68.63333333333334,"[65.5%, 68.4%, 72.0%]",,,,
2,parallel,43,43,0.14438160551193718,0.7090578139582767,0.8166083851829171,0.0001111111111111111,69.2,"[65.5%, 68.4%, 73.7%]",,,,
2,parallel,44,44,0.1411214789296587,0.6848318192023265,0.7795917987823486,0.0001111111111111111,69.73333333333333,"[65.5%, 68.4%, 75.3%]",,,,
2,parallel,45,45,0.13816135234738022,0.8688106182255323,0.9168284982442856,0.0001111111111111111,67.96666666666667,"[65.5%, 68.4%, 70.0%]",,,,
2,parallel,46,46,0.13550122576510173,0.7331832688820513,0.8238773699849844,0.0001111111111111111,69.03333333333335,"[65.5%, 68.4%, 73.2%]",,,,
2,parallel,47,47,0.13314109918282327,0.6938482198534133,0.8194334097206593,0.0001111111111111111,69.23333333333333,"[65.5%, 68.4%, 73.8%]",,,,
2,parallel,48,48,0.13108097260054477,0.7658917907672592,0.8560125511139631,0.0001111111111111111,68.43333333333334,"[65.5%, 68.4%, 71.4%]",,,,
2,parallel,49,49,0.1293208460182663,0.6985310135008413,0.7933013644069433,0.0001111111111111111,69.7,"[65.5%, 68.4%, 75.2%]",,,,
2,parallel,50,50,0.1278607194359878,0.666426868001117,0.8260680884122849,0.0001111111111111111,69.33333333333333,"[65.5%, 68.4%, 74.1%]",,,,
2,parallel,51,51,0.12670059285370935,0.6412705730033826,0.8250997783616185,0.0001111111111111111,69.3,"[65.5%, 68.4%, 74.0%]",,,,
2,parallel,52,52,0.12584046627143086,0.6160766335227822,0.8317747535184026,0.0001111111111111111,69.23333333333333,"[65.5%, 68.4%, 73.8%]",,,,
2,parallel,53,53,0.1252803396891524,0.5905648790582826,0.7774976268410683,0.0001111111111111111,69.8,"[65.5%, 68.4%, 75.5%]",,,,
2,parallel,54,54,0.1250202131068739,0.5877335177192206,0.7593390494585037,0.0001111111111111111,70.10000000000001,"[65.5%, 68.4%, 76.4%]",,,,
2,parallel,55,55,0.125,0.5734494754785224,0.7481040637940168,0.0001111111111111111,69.96666666666667,"[65.5%, 68.4%, 76.0%]",,,,
2,weights,1,56,0.125,0.5601453445380247,0.7474018521606922,0.0001111111111111111,69.86666666666667,"[65.5%, 68.4%, 75.7%]",,,,
2,weights,2,57,0.125,0.5573980574366413,0.7380812261253595,0.0001111111111111111,70.39999999999999,"[65.5%, 68.4%, 77.3%]",,,,
2,weights,3,58,0.125,0.5160549967726574,0.7644366156309843,0.0001111111111111111,69.8,"[65.5%, 68.4%, 75.5%]",,,,
2,weights,4,59,0.125,0.5210400159600415,0.8592759110033512,0.0001111111111111111,68.5,"[65.5%, 68.4%, 71.6%]",,,,
2,weights,5,60,0.125,0.5718096317369726,0.7624737769365311,0.0001111111111111111,69.7,"[65.5%, 68.4%, 75.2%]",,,,
2,weights,6,61,0.125,0.4860677688936644,0.7987562566995621,0.0001111111111111111,69.73333333333333,"[65.5%, 68.4%, 75.3%]",,,,
2,weights,7,62,0.125,0.48370848199989225,0.7329254914075136,0.0001111111111111111,70.3,"[65.5%, 68.4%, 77.0%]",,,,
2,weights,8,63,0.125,0.49812259345869475,0.7990265563130379,0.0001111111111111111,69.63333333333334,"[65.5%, 68.4%, 75.0%]",,,,
2,weights,9,64,0.125,0.48022963898845866,0.8032092805951834,0.0001111111111111111,69.16666666666667,"[65.5%, 68.4%, 73.6%]",,,,
2,weights,10,65,0.125,0.4809384855288493,0.7237717723473907,0.0001111111111111111,70.5,"[65.5%, 68.4%, 77.6%]",,,,
2,weights,11,66,0.125,0.4723801646806017,0.7249968312680721,0.0001111111111111111,70.39999999999999,"[65.5%, 68.4%, 77.3%]",,,,
2,weights,12,67,0.125,0.4489180804053439,0.7494669379666448,0.0001111111111111111,69.73333333333333,"[65.5%, 68.4%, 75.3%]",,,,
2,weights,13,68,0.125,0.4311110843208772,0.7663922677747905,0.0001111111111111111,70.0,"[65.5%, 68.4%, 76.1%]",,,,
2,weights,14,69,0.125,0.43960512589804734,0.717311704531312,0.0001111111111111111,70.89999999999999,"[65.5%, 68.4%, 78.8%]",,,,
2,weights,15,70,0.125,0.42019648736790766,0.7183015365153551,0.0001111111111111111,70.16666666666667,"[65.5%, 68.4%, 76.6%]",,,,
2,weights,16,71,0.125,0.41804783895045894,0.7414768431335688,0.0001111111111111111,69.63333333333334,"[65.5%, 68.4%, 75.0%]",,,,
2,weights,17,72,0.125,0.4311619346277623,0.7107617687433958,0.0001111111111111111,70.33333333333333,"[65.5%, 68.4%, 77.1%]",,,,
2,weights,18,73,0.125,0.4224878917389278,0.6811639741063118,0.0001111111111111111,70.26666666666667,"[65.5%, 68.4%, 76.9%]",,,,
2,weights,19,74,0.125,0.39597511140606073,0.7229793146252632,0.0001111111111111111,70.23333333333333,"[65.5%, 68.4%, 76.8%]",,,,
2,weights,20,75,0.125,0.40832017753509026,0.6794291120022535,0.0001111111111111111,70.03333333333335,"[65.5%, 68.4%, 76.2%]",,,,
2,weights,21,76,0.125,0.4041624097507211,0.6964393816888332,0.0001111111111111111,70.63333333333334,"[65.5%, 68.4%, 78.0%]",,,,
2,weights,22,77,0.125,0.38721786081036436,0.6772161833941936,0.0001111111111111111,70.8,"[65.5%, 68.4%, 78.5%]",,,,
2,weights,23,78,0.125,0.37305610994749433,0.703530129045248,0.0001111111111111111,70.83333333333333,"[65.5%, 68.4%, 78.6%]",,,,
2,weights,24,79,0.125,0.37039866081521483,0.6743942759931087,0.0001111111111111111,70.60000000000001,"[65.5%, 68.4%, 77.9%]",,,,
2,weights,25,80,0.125,0.37567856549462186,0.7355265226215124,0.0001111111111111111,70.10000000000001,"[65.5%, 68.4%, 76.4%]",58.13333333333333,"[32.8%, 65.2%, 76.4%]",67.03333333333335,"[56.3%, 68.4%, 76.4%]"
3,parallel,1,1,0.5,3.8576114630397362,2.3703173100948334,0.0001111111111111111,55.075,"[65.5%, 68.4%, 76.4%, 10.0%]",,,,
3,parallel,2,2,0.5,2.341071895406216,2.3227950781583786,0.0001111111111111111,55.1,"[65.5%, 68.4%, 76.4%, 10.1%]",,,,
3,parallel,3,3,0.5,2.249163923384268,2.040411852300167,0.0001111111111111111,59.925000000000004,"[65.5%, 68.4%, 76.4%, 29.4%]",,,,
3,parallel,4,4,0.5,1.8943121176731736,1.794612642377615,0.0001111111111111111,61.35,"[65.5%, 68.4%, 76.4%, 35.1%]",,,,
3,parallel,5,5,0.4905664156385195,1.74186307870889,1.7786280922591686,0.0001111111111111111,62.0,"[65.5%, 68.4%, 76.4%, 37.7%]",,,,
3,parallel,6,6,0.475906289056241,1.6236998174763932,1.762296549975872,0.0001111111111111111,62.300000000000004,"[65.5%, 68.4%, 76.4%, 38.9%]",,,,
3,parallel,7,7,0.4615461624739625,1.5407881163343597,1.486452341079712,0.0001111111111111111,64.925,"[65.5%, 68.4%, 76.4%, 49.4%]",,,,
3,parallel,8,8,0.447486035891684,1.4412221561504315,1.4853973723948002,0.0001111111111111111,65.15,"[65.5%, 68.4%, 76.4%, 50.3%]",,,,
3,parallel,9,9,0.4337259093094055,1.3640330894083916,1.3353496380150318,0.0001111111111111111,66.625,"[65.5%, 68.4%, 76.4%, 56.2%]",,,,
3,parallel,10,10,0.42026578272712706,1.2563911336886733,1.28740693628788,0.0001111111111111111,66.9,"[65.5%, 68.4%, 76.4%, 57.3%]",,,,
3,parallel,11,11,0.4071056561448486,1.2061348097233833,1.2407385408878326,0.0001111111111111111,67.275,"[65.5%, 68.4%, 76.4%, 58.8%]",,,,
3,parallel,12,12,0.39424552956257014,1.1366294539427455,1.197407890111208,0.0001111111111111111,67.525,"[65.5%, 68.4%, 76.4%, 59.8%]",,,,
3,parallel,13,13,0.38168540298029163,1.1093011634259284,1.2605298515409231,0.0001111111111111111,67.72500000000001,"[65.5%, 68.4%, 76.4%, 60.6%]",,,,
3,parallel,14,14,0.36942527639801315,1.0701990369000012,1.1244787108153105,0.0001111111111111111,68.65,"[65.5%, 68.4%, 76.4%, 64.3%]",,,,
3,parallel,15,15,0.35746514981573463,1.0202980033959015,1.1491117551922798,0.0001111111111111111,68.45,"[65.5%, 68.4%, 76.4%, 63.5%]",,,,
3,parallel,16,16,0.34580502323345613,0.9831262819374664,1.1842590440064669,0.0001111111111111111,67.97500000000001,"[65.5%, 68.4%, 76.4%, 61.6%]",,,,
3,parallel,17,17,0.33444489665117766,0.9690637784668162,1.138252042233944,0.0001111111111111111,68.5,"[65.5%, 68.4%, 76.4%, 63.7%]",,,,
3,parallel,18,18,0.32338477006889915,0.9384238252156898,0.9976901672780514,0.0001111111111111111,69.825,"[65.5%, 68.4%, 76.4%, 69.0%]",,,,
3,parallel,19,19,0.3126246434866208,0.8608268001411534,1.1190635543316603,0.0001111111111111111,68.375,"[65.5%, 68.4%, 76.4%, 63.2%]",,,,
3,parallel,20,20,0.30216451690434226,0.8625385414195966,1.0448093377053738,0.0001111111111111111,69.25,"[65.5%, 68.4%, 76.4%, 66.7%]",,,,
3,parallel,21,21,0.29200439032206377,0.8519317741635479,1.008184988051653,0.0001111111111111111,69.45,"[65.5%, 68.4%, 76.4%, 67.5%]",,,,
3,parallel,22,22,0.2821442637397853,0.8260201272330706,1.0204136781394482,0.0001111111111111111,69.475,"[65.5%, 68.4%, 76.4%, 67.6%]",,,,
3,parallel,23,23,0.27258413715750685,0.8202435860905466,0.9705462716519833,0.0001111111111111111,70.025,"[65.5%, 68.4%, 76.4%, 69.8%]",,,,
3,parallel,24,24,0.26332401057522836,0.8137697494482692,1.0542218834161758,0.0001111111111111111,69.075,"[65.5%, 68.4%, 76.4%, 66.0%]",,,,
3,parallel,25,25,0.25436388399294985,0.8063269084012961,1.0042848475277424,0.0001111111111111111,69.67500000000001,"[65.5%, 68.4%, 76.4%, 68.4%]",,,,
3,parallel,26,26,0.24570375741067135,0.8007799817036979,1.00452302955091,0.0001111111111111111,69.6,"[65.5%, 68.4%, 76.4%, 68.1%]",,,,
3,parallel,27,27,0.23734363082839288,0.8014367528354065,0.9290591441094875,0.0001111111111111111,70.35,"[65.5%, 68.4%, 76.4%, 71.1%]",,,,
3,parallel,28,28,0.22928350424611438,0.8316853121866153,0.9372742176055908,0.0001111111111111111,70.25,"[65.5%, 68.4%, 76.4%, 70.7%]",,,,
3,parallel,29,29,0.2215233776638359,0.7774880656713172,0.9585051015019417,0.0001111111111111111,70.1,"[65.5%, 68.4%, 76.4%, 70.1%]",,,,
3,parallel,30,30,0.21406325108155744,0.8343555006799819,0.9601342529058456,0.0001111111111111111,70.025,"[65.5%, 68.4%, 76.4%, 69.8%]",,,,
3,parallel,31,31,0.20690312449927897,0.7795452351057077,0.9678786229342222,0.0001111111111111111,69.625,"[65.5%, 68.4%, 76.4%, 68.2%]",,,,
3,parallel,32,32,0.20004299791700048,0.8696175549603715,0.9995432440191507,0.0001111111111111111,69.7,"[65.5%, 68.4%, 76.4%, 68.5%]",,,,
3,parallel,33,33,0.193482871334722,0.8138619370852844,1.0870936699211597,0.0001111111111111111,69.075,"[65.5%, 68.4%, 76.4%, 66.0%]",,,,
3,parallel,34,34,0.1872227447524435,0.8275548936445501,1.0261446125805378,0.0001111111111111111,69.17500000000001,"[65.5%, 68.4%, 76.4%, 66.4%]",,,,
3,parallel,35,35,0.18126261817016504,0.8569937318186217,0.9577741455286741,0.0001111111111111111,69.92500000000001,"[65.5%, 68.4%, 76.4%, 69.4%]",,,,
3,parallel,36,36,0.17560249158788657,0.8286409868469721,1.0680076256394386,0.0001111111111111111,68.575,"[65.5%, 68.4%, 76.4%, 64.0%]",,,,
3,parallel,37,37,0.17024236500560808,0.8913184170481525,1.0150616951286793,0.0001111111111111111,69.35,"[65.5%, 68.4%, 76.4%, 67.1%]",,,,
3,parallel,38,38,0.1651822384233296,0.8266329003285758,0.9283152520656586,0.0001111111111111111,70.1,"[65.5%, 68.4%, 76.4%, 70.1%]",,,,
3,parallel,39,39,0.1604221118410511,0.7997060372859617,1.006069678813219,0.0001111111111111111,69.55000000000001,"[65.5%, 68.4%, 76.4%, 67.9%]",,,,
3,parallel,40,40,0.15596198525877264,0.8730484526368636,1.0544018372893333,0.0001111111111111111,69.15,"[65.5%, 68.4%, 76.4%, 66.3%]",,,,
3,parallel,41,41,0.15180185867649415,0.8952661262282843,0.9831765051931143,0.0001111111111111111,70.025,"[65.5%, 68.4%, 76.4%, 69.8%]",,,,
3,parallel,42,42,0.14794173209421568,0.8544923715953585,1.02618427015841,0.0001111111111111111,69.4,"[65.5%, 68.4%, 76.4%, 67.3%]",,,,
3,parallel,43,43,0.14438160551193718,0.8049153285690501,0.9852418638765812,0.0001111111111111111,69.625,"[65.5%, 68.4%, 76.4%, 68.2%]",,,,
3,parallel,44,44,0.1411214789296587,0.792544965502582,0.9559779651463032,0.0001111111111111111,69.875,"[65.5%, 68.4%, 76.4%, 69.2%]",,,,
3,parallel,45,45,0.13816135234738022,0.99894460998004,1.0103990100324154,0.0001111111111111111,69.6,"[65.5%, 68.4%, 76.4%, 68.1%]",,,,
3,parallel,46,46,0.13550122576510173,0.8975374344029005,0.9975580088794231,0.0001111111111111111,69.275,"[65.5%, 68.4%, 76.4%, 66.8%]",,,,
3,parallel,47,47,0.13314109918282327,0.8153279529342169,0.961706968024373,0.0001111111111111111,70.075,"[65.5%, 68.4%, 76.4%, 70.0%]",,,,
3,parallel,48,48,0.13108097260054477,0.8469601620601702,0.9487570319324732,0.0001111111111111111,69.85,"[65.5%, 68.4%, 76.4%, 69.1%]",,,,
3,parallel,49,49,0.1293208460182663,0.8116511378107192,0.9757003542035818,0.0001111111111111111,69.525,"[65.5%, 68.4%, 76.4%, 67.8%]",,,,
3,parallel,50,50,0.1278607194359878,0.8074931426893307,0.9499806072562933,0.0001111111111111111,69.9,"[65.5%, 68.4%, 76.4%, 69.3%]",,,,
3,parallel,51,51,0.12670059285370935,0.7799378654247597,1.066423512995243,0.0001111111111111111,69.075,"[65.5%, 68.4%, 76.4%, 66.0%]",,,,
3,parallel,52,52,0.12584046627143086,0.7564581293094007,0.9552885442972183,0.0001111111111111111,70.2,"[65.5%, 68.4%, 76.4%, 70.5%]",,,,
3,parallel,53,53,0.1252803396891524,0.7206549599200864,0.8863161914050579,0.0001111111111111111,70.225,"[65.5%, 68.4%, 76.4%, 70.6%]",,,,
3,parallel,54,54,0.1250202131068739,0.7077844158003602,0.93040332198143,0.0001111111111111111,70.075,"[65.5%, 68.4%, 76.4%, 70.0%]",,,,
3,parallel,55,55,0.125,0.6853046398374099,0.8733569551259279,0.0001111111111111111,70.30000000000001,"[65.5%, 68.4%, 76.4%, 70.9%]",,,,
3,weights,1,56,0.125,0.6591650134400476,0.8763742409646511,0.0001111111111111111,70.325,"[65.5%, 68.4%, 76.4%, 71.0%]",,,,
3,weights,2,57,0.125,0.6620711201353918,0.8617138545960188,0.0001111111111111111,70.95,"[65.5%, 68.4%, 76.4%, 73.5%]",,,,
3,weights,3,58,0.125,0.6509260754042034,0.8830835688859224,0.0001111111111111111,70.45,"[65.5%, 68.4%, 76.4%, 71.5%]",,,,
3,weights,4,59,0.125,0.6133226131713843,0.9282785281538963,0.0001111111111111111,70.17500000000001,"[65.5%, 68.4%, 76.4%, 70.4%]",,,,
3,weights,5,60,0.125,0.6209671704829494,0.867611326277256,0.0001111111111111111,70.65,"[65.5%, 68.4%, 76.4%, 72.3%]",,,,
3,weights,6,61,0.125,0.6182143624070324,0.8369458504021168,0.0001111111111111111,71.025,"[65.5%, 68.4%, 76.4%, 73.8%]",,,,
3,weights,7,62,0.125,0.5664295463622371,0.8526056874543428,0.0001111111111111111,70.775,"[65.5%, 68.4%, 76.4%, 72.8%]",,,,
3,weights,8,63,0.125,0.5920774423623387,0.8138726688921452,0.0001111111111111111,70.9,"[65.5%, 68.4%, 76.4%, 73.3%]",,,,
3,weights,9,64,0.125,0.5622151743007612,0.8838483393192291,0.0001111111111111111,70.75,"[65.5%, 68.4%, 76.4%, 72.7%]",,,,
3,weights,10,65,0.125,0.5500224051596243,0.8486949857324362,0.0001111111111111111,70.875,"[65.5%, 68.4%, 76.4%, 73.2%]",,,,
3,weights,11,66,0.125,0.5306539578905588,0.8412808477878571,0.0001111111111111111,70.725,"[65.5%, 68.4%, 76.4%, 72.6%]",,,,
3,weights,12,67,0.125,0.5280029388922679,0.8497266117483377,0.0001111111111111111,70.80000000000001,"[65.5%, 68.4%, 76.4%, 72.9%]",,,,
3,weights,13,68,0.125,0.5399622556906712,0.825412517413497,0.0001111111111111111,70.75,"[65.5%, 68.4%, 76.4%, 72.7%]",,,,
3,weights,14,69,0.125,0.5195735975911345,0.8292471747845411,0.0001111111111111111,70.775,"[65.5%, 68.4%, 76.4%, 72.8%]",,,,
3,weights,15,70,0.125,0.5044360326815255,0.830436460673809,0.0001111111111111111,71.225,"[65.5%, 68.4%, 76.4%, 74.6%]",,,,
3,weights,16,71,0.125,0.5201095644431778,0.853202486410737,0.0001111111111111111,70.6,"[65.5%, 68.4%, 76.4%, 72.1%]",,,,
3,weights,17,72,0.125,0.49180727065364016,0.8355735875666142,0.0001111111111111111,70.9,"[65.5%, 68.4%, 76.4%, 73.3%]",,,,
3,weights,18,73,0.125,0.47977732159668884,0.7747157290577888,0.0001111111111111111,71.7,"[65.5%, 68.4%, 76.4%, 76.5%]",,,,
3,weights,19,74,0.125,0.4735799733596512,0.8078291192650795,0.0001111111111111111,71.0,"[65.5%, 68.4%, 76.4%, 73.7%]",,,,
3,weights,20,75,0.125,0.4633079073097132,0.8174721132963896,0.0001111111111111111,71.1,"[65.5%, 68.4%, 76.4%, 74.1%]",,,,
3,weights,21,76,0.125,0.44562004412276834,0.850359158590436,0.0001111111111111111,70.80000000000001,"[65.5%, 68.4%, 76.4%, 72.9%]",,,,
3,weights,22,77,0.125,0.43225764624680146,0.8063690606504679,0.0001111111111111111,71.2,"[65.5%, 68.4%, 76.4%, 74.5%]",,,,
3,weights,23,78,0.125,0.4503742607333992,0.8138312883675098,0.0001111111111111111,70.875,"[65.5%, 68.4%, 76.4%, 73.2%]",,,,
3,weights,24,79,0.125,0.4441534367543233,0.7897992804646492,0.0001111111111111111,71.25,"[65.5%, 68.4%, 76.4%, 74.7%]",,,,
3,weights,25,80,0.125,0.43636413295812243,0.8602638263255358,0.0001111111111111111,70.80000000000001,"[65.5%, 68.4%, 76.4%, 72.9%]",57.375,"[32.8%, 47.4%, 76.4%, 72.9%]",67.825,"[53.6%, 68.4%, 76.4%, 72.9%]"
4,parallel,1,1,0.5,5.34742321243769,2.4029818177223206,0.0001111111111111111,58.64000000000001,"[65.5%, 68.4%, 76.4%, 72.9%, 10.0%]",,,,
4,parallel,2,2,0.5,2.354402348965029,2.3341432362794876,0.0001111111111111111,58.64000000000001,"[65.5%, 68.4%, 76.4%, 72.9%, 10.0%]",,,,
4,parallel,3,3,0.5,2.3286089776437495,2.305519238114357,0.0001111111111111111,59.64000000000001,"[65.5%, 68.4%, 76.4%, 72.9%, 15.0%]",,,,
4,parallel,4,4,0.5,2.1562982465647442,1.9149648770689964,0.0001111111111111111,62.16000000000001,"[65.5%, 68.4%, 76.4%, 72.9%, 27.6%]",,,,
4,parallel,5,5,0.4905664156385195,1.7973411083221436,1.6641036607325077,0.0001111111111111111,64.72,"[65.5%, 68.4%, 76.4%, 72.9%, 40.4%]",,,,
4,parallel,6,6,0.475906289056241,1.607741814625414,1.4714901484549046,0.0001111111111111111,66.04,"[65.5%, 68.4%, 76.4%, 72.9%, 47.0%]",,,,
4,parallel,7,7,0.4615461624739625,1.4367004949835283,1.5315310880541801,0.0001111111111111111,66.14000000000001,"[65.5%, 68.4%, 76.4%, 72.9%, 47.5%]",,,,
4,parallel,8,8,0.447486035891684,1.3494196360624289,1.4196171090006828,0.0001111111111111111,66.92,"[65.5%, 68.4%, 76.4%, 72.9%, 51.4%]",,,,
4,parallel,9,9,0.4337259093094055,1.2168549095528036,1.2929240018129349,0.0001111111111111111,67.98,"[65.5%, 68.4%, 76.4%, 72.9%, 56.7%]",,,,
4,parallel,10,10,0.42026578272712706,1.0769451826433591,1.219057708978653,0.0001111111111111111,68.16000000000001,"[65.5%, 68.4%, 76.4%, 72.9%, 57.6%]",,,,
4,parallel,11,11,0.4071056561448486,1.0281459176087682,1.2489112988114357,0.0001111111111111111,68.4,"[65.5%, 68.4%, 76.4%, 72.9%, 58.8%]",,,,
4,parallel,12,12,0.39424552956257014,0.9947660157952127,1.1114026047289371,0.0001111111111111111,69.14000000000001,"[65.5%, 68.4%, 76.4%, 72.9%, 62.5%]",,,,
4,parallel,13,13,0.38168540298029163,0.9271524322183826,0.997646763920784,0.0001111111111111111,70.02000000000001,"[65.5%, 68.4%, 76.4%, 72.9%, 66.9%]",,,,
4,parallel,14,14,0.36942527639801315,0.8709992230692997,1.066968858242035,0.0001111111111111111,69.56000000000002,"[65.5%, 68.4%, 76.4%, 72.9%, 64.6%]",,,,
4,parallel,15,15,0.35746514981573463,0.8695264654823497,0.9660086967051029,0.0001111111111111111,70.36000000000001,"[65.5%, 68.4%, 76.4%, 72.9%, 68.6%]",,,,
4,parallel,16,16,0.34580502323345613,0.8058515398562709,1.1013500727713108,0.0001111111111111111,69.70000000000002,"[65.5%, 68.4%, 76.4%, 72.9%, 65.3%]",,,,
4,parallel,17,17,0.33444489665117766,0.8260318712343143,1.0266299936920404,0.0001111111111111111,70.18,"[65.5%, 68.4%, 76.4%, 72.9%, 67.7%]",,,,
4,parallel,18,18,0.32338477006889915,0.7964756994307796,0.9377451799809933,0.0001111111111111111,70.42,"[65.5%, 68.4%, 76.4%, 72.9%, 68.9%]",,,,
4,parallel,19,19,0.3126246434866208,0.7550480920302717,0.9322119820863008,0.0001111111111111111,70.54,"[65.5%, 68.4%, 76.4%, 72.9%, 69.5%]",,,,
4,parallel,20,20,0.30216451690434226,0.7048237864163858,1.0525097344070673,0.0001111111111111111,69.84,"[65.5%, 68.4%, 76.4%, 72.9%, 66.0%]",,,,
4,parallel,21,21,0.29200439032206377,0.7197066726563852,1.0126355234533548,0.0001111111111111111,70.20000000000002,"[65.5%, 68.4%, 76.4%, 72.9%, 67.8%]",,,,
4,parallel,22,22,0.2821442637397853,0.725608229637146,0.9002780858427286,0.0001111111111111111,70.66000000000001,"[65.5%, 68.4%, 76.4%, 72.9%, 70.1%]",,,,
4,parallel,23,23,0.27258413715750685,0.7354699475101277,0.8734454829245806,0.0001111111111111111,70.88000000000001,"[65.5%, 68.4%, 76.4%, 72.9%, 71.2%]",,,,
4,parallel,24,24,0.26332401057522836,0.7608133731763574,0.9359153304249048,0.0001111111111111111,70.50000000000001,"[65.5%, 68.4%, 76.4%, 72.9%, 69.3%]",,,,
4,parallel,25,25,0.25436388399294985,0.7347358740583251,0.847354382276535,0.0001111111111111111,70.98,"[65.5%, 68.4%, 76.4%, 72.9%, 71.7%]",,,,
4,parallel,26,26,0.24570375741067135,0.7835790884645679,0.8741461914032698,0.0001111111111111111,70.72,"[65.5%, 68.4%, 76.4%, 72.9%, 70.4%]",,,,
4,parallel,27,27,0.23734363082839288,0.7088332440279708,0.9005139991641045,0.0001111111111111111,70.78,"[65.5%, 68.4%, 76.4%, 72.9%, 70.7%]",,,,
4,parallel,28,28,0.22928350424611438,0.7325151430655129,0.9114659074693918,0.0001111111111111111,70.54,"[65.5%, 68.4%, 76.4%, 72.9%, 69.5%]",,,,
4,parallel,29,29,0.2215233776638359,0.7194502738457692,0.9596682619303465,0.0001111111111111111,70.34,"[65.5%, 68.4%, 76.4%, 72.9%, 68.5%]",,,,
4,parallel,30,30,0.21406325108155744,0.7542381803446179,0.9529305025935173,0.0001111111111111111,70.06000000000002,"[65.5%, 68.4%, 76.4%, 72.9%, 67.1%]",,,,
4,parallel,31,31,0.20690312449927897,0.7167527090899551,0.9637115243822336,0.0001111111111111111,70.28,"[65.5%, 68.4%, 76.4%, 72.9%, 68.2%]",,,,
4,parallel,32,32,0.20004299791700048,0.7824315142027939,0.9539634585380554,0.0001111111111111111,70.54,"[65.5%, 68.4%, 76.4%, 72.9%, 69.5%]",,,,
4,parallel,33,33,0.193482871334722,0.7619690193405634,0.8474279921501875,0.0001111111111111111,71.24000000000001,"[65.5%, 68.4%, 76.4%, 72.9%, 73.0%]",,,,
4,parallel,34,34,0.1872227447524435,0.7717078641245637,1.045013327151537,0.0001111111111111111,69.74000000000001,"[65.5%, 68.4%, 76.4%, 72.9%, 65.5%]",,,,
4,parallel,35,35,0.18126261817016504,0.777499037452891,0.8886550283059478,0.0001111111111111111,70.68,"[65.5%, 68.4%, 76.4%, 72.9%, 70.2%]",,,,
4,parallel,36,36,0.17560249158788657,0.7643280708337132,0.9225704818964005,0.0001111111111111111,70.92,"[65.5%, 68.4%, 76.4%, 72.9%, 71.4%]",,,,
4,parallel,37,37,0.17024236500560808,0.835162752791296,1.0831143353134394,0.0001111111111111111,69.62,"[65.5%, 68.4%, 76.4%, 72.9%, 64.9%]",,,,
4,parallel,38,38,0.1651822384233296,0.7892245269274409,0.9640930704772472,0.0001111111111111111,70.62,"[65.5%, 68.4%, 76.4%, 72.9%, 69.9%]",,,,
4,parallel,39,39,0.1604221118410511,0.7652155387250683,0.9407728780061007,0.0001111111111111111,70.42,"[65.5%, 68.4%, 76.4%, 72.9%, 68.9%]",,,,
4,parallel,40,40,0.15596198525877264,0.8546595271629623,1.0358822979032993,0.0001111111111111111,69.94000000000001,"[65.5%, 68.4%, 76.4%, 72.9%, 66.5%]",,,,
4,parallel,41,41,0.15180185867649415,0.8183392542826978,0.9673518538475037,0.0001111111111111111,70.38000000000001,"[65.5%, 68.4%, 76.4%, 72.9%, 68.7%]",,,,
4,parallel,42,42,0.14794173209421568,0.7897034355356723,1.0370204709470272,0.0001111111111111111,69.66000000000001,"[65.5%, 68.4%, 76.4%, 72.9%, 65.1%]",,,,
4,parallel,43,43,0.14438160551193718,0.753928464424761,1.039971430785954,0.0001111111111111111,69.48,"[65.5%, 68.4%, 76.4%, 72.9%, 64.2%]",,,,
4,parallel,44,44,0.1411214789296587,0.7426082333431968,0.9271573815494776,0.0001111111111111111,70.58000000000001,"[65.5%, 68.4%, 76.4%, 72.9%, 69.7%]",,,,
4,parallel,45,45,0.13816135234738022,1.0138813928712773,0.9767941813915968,0.0001111111111111111,69.98,"[65.5%, 68.4%, 76.4%, 72.9%, 66.7%]",,,,
4,parallel,46,46,0.13550122576510173,0.850488465798052,0.9871680364012718,0.0001111111111111111,69.94000000000001,"[65.5%, 68.4%, 76.4%, 72.9%, 66.5%]",,,,
4,parallel,47,47,0.13314109918282327,0.8018891041791891,1.0190085861831903,0.0001111111111111111,69.58000000000001,"[65.5%, 68.4%, 76.4%, 72.9%, 64.7%]",,,,
4,parallel,48,48,0.13108097260054477,0.8156450451174869,1.106070077046752,0.0001111111111111111,69.36000000000001,"[65.5%, 68.4%, 76.4%, 72.9%, 63.6%]",,,,
4,parallel,49,49,0.1293208460182663,0.7782953479621983,0.9411802254617214,0.0001111111111111111,70.42,"[65.5%, 68.4%, 76.4%, 72.9%, 68.9%]",,,,
4,parallel,50,50,0.1278607194359878,0.7511169759533073,0.9096015263348818,0.0001111111111111111,70.44000000000001,"[65.5%, 68.4%, 76.4%, 72.9%, 69.0%]",,,,
4,parallel,51,51,0.12670059285370935,0.7372322308866284,0.9751399420201778,0.0001111111111111111,70.08000000000001,"[65.5%, 68.4%, 76.4%, 72.9%, 67.2%]",,,,
4,parallel,52,52,0.12584046627143086,0.7305443803720837,0.9995643058791757,0.0001111111111111111,70.32000000000001,"[65.5%, 68.4%, 76.4%, 72.9%, 68.4%]",,,,
4,parallel,53,53,0.1252803396891524,0.6916414378564569,0.8839047849178314,0.0001111111111111111,70.64000000000001,"[65.5%, 68.4%, 76.4%, 72.9%, 70.0%]",,,,
4,parallel,54,54,0.1250202131068739,0.6547775268554688,0.944584172219038,0.0001111111111111111,70.30000000000001,"[65.5%, 68.4%, 76.4%, 72.9%, 68.3%]",,,,
4,parallel,55,55,0.125,0.6662403603520575,0.8411791659891605,0.0001111111111111111,70.94000000000001,"[65.5%, 68.4%, 76.4%, 72.9%, 71.5%]",,,,
4,weights,1,56,0.125,0.6315218923212607,0.8629586845636368,0.0001111111111111111,70.88000000000001,"[65.5%, 68.4%, 76.4%, 72.9%, 71.2%]",,,,
4,weights,2,57,0.125,0.6207637262495258,0.8474470004439354,0.0001111111111111111,70.96000000000001,"[65.5%, 68.4%, 76.4%, 72.9%, 71.6%]",,,,
4,weights,3,58,0.125,0.5980347960810118,0.8774347407743335,0.0001111111111111111,70.94000000000001,"[65.5%, 68.4%, 76.4%, 72.9%, 71.5%]",,,,
4,weights,4,59,0.125,0.581487921974327,0.7997208628803492,0.0001111111111111111,71.30000000000001,"[65.5%, 68.4%, 76.4%, 72.9%, 73.3%]",,,,
4,weights,5,60,0.125,0.5907259805575956,0.8912395630031824,0.0001111111111111111,70.58000000000001,"[65.5%, 68.4%, 76.4%, 72.9%, 69.7%]",,,,
4,weights,6,61,0.125,0.555914077766334,0.825633424334228,0.0001111111111111111,71.10000000000001,"[65.5%, 68.4%, 76.4%, 72.9%, 72.3%]",,,,
4,weights,7,62,0.125,0.5521385747043392,0.9698515571653843,0.0001111111111111111,70.70000000000002,"[65.5%, 68.4%, 76.4%, 72.9%, 70.3%]",,,,
4,weights,8,63,0.125,0.557677714507791,0.8429876677691936,0.0001111111111111111,71.12,"[65.5%, 68.4%, 76.4%, 72.9%, 72.4%]",,,,
4,weights,9,64,0.125,0.539376879040199,0.8188644228503108,0.0001111111111111111,71.36000000000001,"[65.5%, 68.4%, 76.4%, 72.9%, 73.6%]",,,,
4,weights,10,65,0.125,0.5242617028423503,0.8539424454793334,0.0001111111111111111,70.98,"[65.5%, 68.4%, 76.4%, 72.9%, 71.7%]",,,,
4,weights,11,66,0.125,0.5256383792509006,0.8397204075008631,0.0001111111111111111,71.20000000000002,"[65.5%, 68.4%, 76.4%, 72.9%, 72.8%]",,,,
4,weights,12,67,0.125,0.5358639412288424,0.8381431307643652,0.0001111111111111111,71.22,"[65.5%, 68.4%, 76.4%, 72.9%, 72.9%]",,,,
4,weights,13,68,0.125,0.4896465669610078,0.8552170693874359,0.0001111111111111111,70.92,"[65.5%, 68.4%, 76.4%, 72.9%, 71.4%]",,,,
4,weights,14,69,0.125,0.5067790146869949,0.8628957942128181,0.0001111111111111111,71.00000000000001,"[65.5%, 68.4%, 76.4%, 72.9%, 71.8%]",,,,
4,weights,15,70,0.125,0.4914214665753932,0.7919470705091953,0.0001111111111111111,71.54,"[65.5%, 68.4%, 76.4%, 72.9%, 74.5%]",,,,
4,weights,16,71,0.125,0.4653961173718489,0.9111431334167719,0.0001111111111111111,71.06000000000002,"[65.5%, 68.4%, 76.4%, 72.9%, 72.1%]",,,,
4,weights,17,72,0.125,0.46999139423611797,0.855113604106009,0.0001111111111111111,71.16000000000001,"[65.5%, 68.4%, 76.4%, 72.9%, 72.6%]",,,,
4,weights,18,73,0.125,0.47820329967933367,0.9023044668138027,0.0001111111111111111,71.08000000000001,"[65.5%, 68.4%, 76.4%, 72.9%, 72.2%]",,,,
4,weights,19,74,0.125,0.47162015528618534,0.8222077786922455,0.0001111111111111111,71.28,"[65.5%, 68.4%, 76.4%, 72.9%, 73.2%]",,,,
4,weights,20,75,0.125,0.4631424804654303,0.8150472939014435,0.0001111111111111111,71.14000000000001,"[65.5%, 68.4%, 76.4%, 72.9%, 72.5%]",,,,
4,weights,21,76,0.125,0.45135988144180444,0.8544170763343573,0.0001111111111111111,71.06000000000002,"[65.5%, 68.4%, 76.4%, 72.9%, 72.1%]",,,,
4,weights,22,77,0.125,0.4388914115821259,0.7788130063563585,0.0001111111111111111,71.44000000000001,"[65.5%, 68.4%, 76.4%, 72.9%, 74.0%]",,,,
4,weights,23,78,0.125,0.4538574260246905,0.8169663334265351,0.0001111111111111111,71.42,"[65.5%, 68.4%, 76.4%, 72.9%, 73.9%]",,,,
4,weights,24,79,0.125,0.4261676325828214,0.8300053561106324,0.0001111111111111111,71.16000000000001,"[65.5%, 68.4%, 76.4%, 72.9%, 72.6%]",,,,
4,weights,25,80,0.125,0.42186722508336927,0.8696867283433676,0.0001111111111111111,71.04,"[65.5%, 68.4%, 76.4%, 72.9%, 72.0%]",58.74000000000001,"[28.6%, 47.4%, 76.4%, 72.9%, 68.4%]",64.76,"[53.6%, 65.2%, 76.4%, 67.6%, 61.0%]"
5,parallel,1,1,0.5,6.490296333650999,2.554584115743637,0.0001111111111111111,60.28333333333334,"[63.8%, 68.3%, 76.1%, 72.9%, 70.6%, 10.0%]",,,,
5,parallel,2,2,0.5,2.3880250967001615,2.347814679145813,0.0001111111111111111,60.25000000000001,"[63.9%, 68.2%, 76.2%, 72.9%, 70.3%, 10.0%]",,,,
5,parallel,3,3,0.5,2.3338569991196256,2.3306222558021545,0.0001111111111111111,60.283333333333324,"[64.5%, 68.1%, 76.3%, 72.7%, 70.1%, 10.0%]",,,,
5,parallel,4,4,0.5,2.200201589849931,1.9131638258695602,0.0001111111111111111,62.98333333333333,"[64.0%, 67.5%, 76.1%, 73.2%, 71.7%, 25.4%]",,,,
5,parallel,5,5,0.4905664156385195,1.7141214609146118,1.560619704425335,0.0001111111111111111,65.8,"[64.6%, 68.2%, 76.8%, 72.6%, 71.7%, 40.9%]",,,,
5,parallel,6,6,0.475906289056241,1.5221783390528039,1.4827919639647007,0.0001111111111111111,65.86666666666666,"[64.8%, 67.4%, 76.2%, 73.4%, 71.8%, 41.6%]",,,,
5,parallel,7,7,0.4615461624739625,1.380082840406442,1.4559576995670795,0.0001111111111111111,66.11666666666667,"[62.5%, 66.8%, 74.9%, 73.5%, 71.8%, 47.2%]",,,,
5,parallel,8,8,0.447486035891684,1.2435578153103213,1.2631200179457664,0.0001111111111111111,67.65,"[64.2%, 67.5%, 75.3%, 73.1%, 71.7%, 54.1%]",,,,
5,parallel,9,9,0.4337259093094055,1.1532240381723717,1.1311474069952965,0.0001111111111111111,67.88333333333334,"[64.3%, 67.2%, 75.1%, 72.6%, 70.8%, 57.3%]",,,,
5,parallel,10,10,0.42026578272712706,1.059586308424986,1.1551171960309148,0.0001111111111111111,68.08333333333333,"[64.4%, 67.5%, 75.1%, 73.1%, 70.5%, 57.9%]",,,,
5,parallel,11,11,0.4071056561448486,1.0124286564090583,1.0699851848185062,0.0001111111111111111,68.98333333333333,"[64.6%, 67.3%, 74.8%, 73.2%, 71.0%, 63.0%]",,,,
5,parallel,12,12,0.39424552956257014,0.9193981403036963,1.0371699929237366,0.0001111111111111111,68.51666666666667,"[63.6%, 66.3%, 74.5%, 73.6%, 70.6%, 62.5%]",,,,
5,parallel,13,13,0.38168540298029163,0.8851435237293002,1.0183586925268173,0.0001111111111111111,68.61666666666666,"[62.7%, 66.2%, 73.5%, 73.3%, 71.7%, 64.3%]",,,,
5,parallel,14,14,0.36942527639801315,0.8502629746364642,1.0015635024756193,0.0001111111111111111,68.43333333333334,"[63.0%, 65.6%, 73.5%, 72.7%, 71.8%, 64.0%]",,,,
5,parallel,15,15,0.35746514981573463,0.8751471238800242,1.0030556786805391,0.0001111111111111111,67.95,"[59.4%, 65.5%, 74.0%, 72.3%, 71.9%, 64.6%]",,,,
5,parallel,16,16,0.34580502323345613,0.7891704157183442,0.9524174556136131,0.0001111111111111111,68.51666666666667,"[62.7%, 65.4%, 73.5%, 72.5%, 70.3%, 66.7%]",,,,
5,parallel,17,17,0.33444489665117766,0.7845800745336315,0.8742464166134596,0.0001111111111111111,68.93333333333332,"[61.3%, 65.5%, 73.1%, 72.4%, 71.8%, 69.5%]",,,,
5,parallel,18,18,0.32338477006889915,0.738306419758857,0.9140309579670429,0.0001111111111111111,68.89999999999999,"[62.6%, 65.5%, 73.6%, 72.2%, 71.7%, 67.8%]",,,,
5,parallel,19,19,0.3126246434866208,0.7225205090981496,0.8120264997705817,0.0001111111111111111,68.96666666666665,"[60.9%, 65.6%, 73.6%, 72.3%, 70.9%, 70.5%]",,,,
5,parallel,20,20,0.30216451690434226,0.7411695405652251,0.8958298731595278,0.0001111111111111111,68.31666666666666,"[60.5%, 65.5%, 73.2%, 71.8%, 70.3%, 68.6%]",,,,
5,parallel,21,21,0.29200439032206377,0.7741716564456119,0.9211131483316422,0.0001111111111111111,68.08333333333333,"[61.1%, 65.1%, 74.2%, 71.6%, 69.8%, 66.7%]",,,,
5,parallel,22,22,0.2821442637397853,0.6645874935614912,0.8815030008554459,0.0001111111111111111,68.21666666666668,"[59.7%, 64.7%, 72.8%, 71.4%, 70.3%, 70.4%]",,,,
5,parallel,23,23,0.27258413715750685,0.7182346295706833,1.0014253035187721,0.0001111111111111111,67.33333333333333,"[60.2%, 65.2%, 71.7%, 71.8%, 71.1%, 64.0%]",,,,
5,parallel,24,24,0.26332401057522836,0.724737446519393,0.8070946987718344,0.0001111111111111111,68.60000000000001,"[61.2%, 65.4%, 71.4%, 71.6%, 69.4%, 72.6%]",,,,
5,parallel,25,25,0.25436388399294985,0.6881296487548684,0.8267164304852486,0.0001111111111111111,68.45,"[60.7%, 65.4%, 71.6%, 72.5%, 69.8%, 70.7%]",,,,
5,parallel,26,26,0.24570375741067135,0.6897138666503037,0.9100077757611871,0.0001111111111111111,68.18333333333332,"[61.4%, 65.1%, 72.4%, 71.9%, 70.6%, 67.7%]",,,,
5,parallel,27,27,0.23734363082839288,0.6791448977929128,0.814381804317236,0.0001111111111111111,68.83333333333333,"[61.5%, 64.5%, 72.0%, 72.1%, 70.4%, 72.5%]",,,,
5,parallel,28,28,0.22928350424611438,0.7330384258228012,0.8285324843600392,0.0001111111111111111,68.66666666666667,"[59.9%, 64.8%, 72.0%, 71.9%, 71.3%, 72.1%]",,,,
5,parallel,29,29,0.2215233776638359,0.6591656038278266,0.7617787960916758,0.0001111111111111111,68.91666666666667,"[58.8%, 64.4%, 73.9%, 72.0%, 70.5%, 73.9%]",,,,
5,parallel,30,30,0.21406325108155744,0.7225155856790422,0.8388337818905711,0.0001111111111111111,68.4,"[59.5%, 64.2%, 72.5%, 72.3%, 70.1%, 71.8%]",,,,
5,parallel,31,31,0.20690312449927897,0.7173634322383736,0.8522807769477367,0.0001111111111111111,68.16666666666667,"[60.2%, 64.0%, 72.6%, 71.5%, 69.9%, 70.8%]",,,,
5,parallel,32,32,0.20004299791700048,0.7541769765600373,0.90949353761971,0.0001111111111111111,67.75,"[59.6%, 64.7%, 71.6%, 71.6%, 69.1%, 69.9%]",,,,
5,parallel,33,33,0.193482871334722,0.7043680314776264,0.9470480093732476,0.0001111111111111111,67.88333333333334,"[60.7%, 64.7%, 72.5%, 71.4%, 68.9%, 69.1%]",,,,
5,parallel,34,34,0.1872227447524435,0.7761277016959612,0.8968970980495214,0.0001111111111111111,67.03333333333333,"[58.5%, 63.8%, 72.7%, 70.8%, 66.7%, 69.7%]",,,,
5,parallel,35,35,0.18126261817016504,0.7534939954175225,0.8863971196115017,0.0001111111111111111,66.81666666666666,"[58.9%, 63.5%, 72.0%, 71.3%, 65.8%, 69.4%]",,,,
5,parallel,36,36,0.17560249158788657,0.7379172365122204,0.905663013458252,0.0001111111111111111,67.16666666666667,"[59.4%, 63.2%, 72.0%, 71.5%, 67.1%, 69.8%]",,,,
5,parallel,37,37,0.17024236500560808,0.8018710296365279,0.871052136644721,0.0001111111111111111,67.21666666666665,"[59.1%, 63.7%, 71.2%, 70.9%, 67.7%, 70.7%]",,,,
5,parallel,38,38,0.1651822384233296,0.7525690175309966,0.8840686623007059,0.0001111111111111111,67.33333333333333,"[58.7%, 63.5%, 71.2%, 70.8%, 69.9%, 69.9%]",,,,
5,parallel,39,39,0.1604221118410511,0.7639686269096181,0.8312444863840938,0.0001111111111111111,67.05000000000001,"[58.6%, 63.8%, 70.8%, 70.4%, 68.6%, 70.1%]",,,,
5,parallel,40,40,0.15596198525877264,0.8410831071153472,1.060622250661254,0.0001111111111111111,65.78333333333332,"[59.4%, 64.2%, 71.1%, 69.6%, 66.2%, 64.2%]",,,,
5,parallel,41,41,0.15180185867649415,0.8399556226368192,0.9699865113943815,0.0001111111111111111,66.03333333333335,"[58.4%, 63.9%, 70.9%, 69.8%, 67.1%, 66.1%]",,,,
5,parallel,42,42,0.14794173209421568,0.825522527287278,0.9303793087601662,0.0001111111111111111,65.68333333333334,"[58.6%, 63.7%, 70.5%, 69.2%, 63.8%, 68.3%]",,,,
5,parallel,43,43,0.14438160551193718,0.7761730027349689,0.886297550983727,0.0001111111111111111,66.21666666666665,"[57.5%, 63.9%, 69.9%, 69.7%, 66.4%, 69.9%]",,,,
5,parallel,44,44,0.1411214789296587,0.737826566907424,0.8553657056763768,0.0001111111111111111,66.45,"[57.8%, 63.6%, 70.8%, 69.3%, 67.0%, 70.2%]",,,,
5,parallel,45,45,0.13816135234738022,1.2241912129559094,1.0443143844604492,0.0001111111111111111,65.13333333333334,"[58.3%, 63.7%, 69.9%, 68.9%, 66.8%, 63.2%]",,,,
5,parallel,46,46,0.13550122576510173,0.88761656721936,0.9426039233803749,0.0001111111111111111,66.15000000000002,"[58.7%, 63.4%, 70.2%, 68.9%, 66.6%, 69.1%]",,,,
5,parallel,47,47,0.13314109918282327,0.8270175638078134,0.9811432538554072,0.0001111111111111111,65.8,"[59.0%, 63.5%, 69.7%, 68.8%, 66.7%, 67.1%]",,,,
5,parallel,48,48,0.13108097260054477,0.8645672534085527,1.0080733709037304,0.0001111111111111111,65.7,"[58.4%, 63.9%, 69.5%, 68.5%, 68.5%, 65.4%]",,,,
5,parallel,49,49,0.1293208460182663,0.8034241667276696,0.9229324422776699,0.0001111111111111111,65.86666666666666,"[58.1%, 63.7%, 69.7%, 68.4%, 67.4%, 67.9%]",,,,
5,parallel,50,50,0.1278607194359878,0.8007086172134061,0.8634808342903852,0.0001111111111111111,66.51666666666667,"[59.0%, 63.5%, 69.6%, 68.5%, 67.3%, 71.2%]",,,,
5,parallel,51,51,0.12670059285370935,0.7464011673685871,0.9362807115539908,0.0001111111111111111,65.83333333333333,"[58.8%, 63.5%, 69.3%, 68.5%, 66.2%, 68.7%]",,,,
5,parallel,52,52,0.12584046627143086,0.7205585256407533,0.9176153549924493,0.0001111111111111111,66.16666666666666,"[58.4%, 63.2%, 69.8%, 68.8%, 66.6%, 70.2%]",,,,
5,parallel,53,53,0.1252803396891524,0.7209282245817064,0.8963583512231708,0.0001111111111111111,66.0,"[58.7%, 63.1%, 69.3%, 68.8%, 66.5%, 69.6%]",,,,
5,parallel,54,54,0.1250202131068739,0.6763313340989849,0.8561832197010517,0.0001111111111111111,66.75,"[58.5%, 64.3%, 70.2%, 68.5%, 67.9%, 71.1%]",,,,
5,parallel,55,55,0.125,0.657588152191307,0.824028130620718,0.0001111111111111111,66.38333333333333,"[58.7%, 63.7%, 68.7%, 68.4%, 66.9%, 71.9%]",,,,
5,weights,1,56,0.125,0.6564200860035571,0.7940891031175852,0.0001111111111111111,66.65,"[57.4%, 63.3%, 69.9%, 68.6%, 67.9%, 72.8%]",,,,
5,weights,2,57,0.125,0.6268880884104138,0.8928811894729733,0.0001111111111111111,66.13333333333333,"[58.5%, 63.5%, 69.5%, 68.4%, 67.3%, 69.6%]",,,,
5,weights,3,58,0.125,0.6257307887831821,0.845595171675086,0.0001111111111111111,66.11666666666666,"[58.2%, 63.7%, 68.9%, 68.2%, 67.2%, 70.5%]",,,,
5,weights,4,59,0.125,0.6073273777773108,0.8647739617154002,0.0001111111111111111,65.93333333333335,"[57.7%, 63.5%, 69.4%, 67.8%, 66.4%, 70.8%]",,,,
5,weights,5,60,0.125,0.5787343635589262,0.8041002582758665,0.0001111111111111111,66.14999999999999,"[57.9%, 63.6%, 68.7%, 67.9%, 66.4%, 72.4%]",,,,
5,weights,6,61,0.125,0.6095684589464453,0.8579160999506712,0.0001111111111111111,66.01666666666667,"[56.7%, 63.7%, 69.6%, 67.8%, 67.5%, 70.8%]",,,,
5,weights,7,62,0.125,0.5895793849154364,0.7670336700975895,0.0001111111111111111,66.10000000000001,"[56.9%, 63.9%, 67.6%, 67.3%, 68.0%, 72.9%]",,,,
5,weights,8,63,0.125,0.5784923283359672,0.8166190534830093,0.0001111111111111111,66.01666666666667,"[57.5%, 63.9%, 69.2%, 67.2%, 66.8%, 71.5%]",,,,
5,weights,9,64,0.125,0.5666569633574425,0.8235541232861578,0.0001111111111111111,65.93333333333334,"[56.8%, 64.1%, 67.6%, 67.5%, 67.7%, 71.9%]",,,,
5,weights,10,65,0.125,0.5560792952398711,0.833830398041755,0.0001111111111111111,65.78333333333335,"[56.3%, 63.6%, 68.0%, 67.2%, 67.3%, 72.3%]",,,,
5,weights,11,66,0.125,0.5557127723210975,0.845683085732162,0.0001111111111111111,65.71666666666668,"[57.0%, 63.5%, 68.7%, 66.9%, 66.1%, 72.1%]",,,,
5,weights,12,67,0.125,0.5285010569835011,0.8484864388592541,0.0001111111111111111,65.71666666666665,"[56.2%, 63.6%, 69.2%, 67.0%, 66.4%, 71.9%]",,,,
5,weights,13,68,0.125,0.49636353439168085,0.79719552770257,0.0001111111111111111,65.85000000000001,"[56.4%, 63.2%, 68.2%, 67.3%, 67.4%, 72.6%]",,,,
5,weights,14,69,0.125,0.497656562094447,0.8116042939946055,0.0001111111111111111,65.89999999999999,"[56.2%, 63.4%, 68.9%, 66.9%, 67.6%, 72.4%]",,,,
5,weights,15,70,0.125,0.5089521928678585,0.8069684337824583,0.0001111111111111111,65.7,"[56.4%, 63.3%, 68.1%, 67.2%, 67.0%, 72.2%]",,,,
5,weights,16,71,0.125,0.5122902125497407,0.7851982652209699,0.0001111111111111111,65.38333333333333,"[54.9%, 63.4%, 68.3%, 66.6%, 65.5%, 73.6%]",,,,
5,weights,17,72,0.125,0.4958640999054607,0.7773797321133316,0.0001111111111111111,65.35000000000001,"[55.4%, 63.1%, 67.4%, 66.7%, 66.7%, 72.8%]",,,,
5,weights,18,73,0.125,0.47201466428328165,0.7521020751446486,0.0001111111111111111,65.81666666666666,"[55.4%, 63.1%, 67.4%, 66.8%, 66.5%, 75.7%]",,,,
5,weights,19,74,0.125,0.5037756413221359,0.771071270108223,0.0001111111111111111,65.53333333333332,"[55.5%, 63.1%, 68.6%, 66.1%, 66.3%, 73.6%]",,,,
5,weights,20,75,0.125,0.4885328462983988,0.7731080986559391,0.0001111111111111111,65.08333333333333,"[55.2%, 62.5%, 67.6%, 66.4%, 65.6%, 73.2%]",,,,
5,weights,21,76,0.125,0.45945362671266626,0.7665203539654613,0.0001111111111111111,65.36666666666666,"[55.0%, 62.6%, 67.5%, 66.1%, 66.7%, 74.3%]",,,,
5,weights,22,77,0.125,0.46549055829078334,0.8579686931334436,0.0001111111111111111,65.06666666666666,"[54.4%, 62.5%, 69.1%, 65.7%, 66.8%, 71.9%]",,,,
5,weights,23,78,0.125,0.4834163109712963,0.7685563145205379,0.0001111111111111111,65.71666666666665,"[55.2%, 63.0%, 68.5%, 66.1%, 66.8%, 74.7%]",,,,
5,weights,24,79,0.125,0.454629411048527,0.7938863094896078,0.0001111111111111111,65.23333333333333,"[54.7%, 63.4%, 68.4%, 66.0%, 66.9%, 72.0%]",,,,
5,weights,25,80,0.125,0.4364995739505261,0.752830196171999,0.0001111111111111111,65.48333333333333,"[54.5%, 63.3%, 68.6%, 66.6%, 66.2%, 73.7%]",49.85,"[11.1%, 40.7%, 61.3%, 55.4%, 60.1%, 70.5%]",55.71666666666667,"[42.2%, 54.6%, 61.3%, 58.6%, 56.4%, 61.2%]"
6,parallel,1,1,0.4,7.155503248866601,3.6016514003276825,0.0001111111111111111,56.042857142857144,"[54.4%, 63.9%, 68.7%, 65.6%, 66.2%, 73.5%, 0.0%]",,,,
6,parallel,2,2,0.4,2.7342923743815364,2.383355975151062,0.0001111111111111111,57.48571428571428,"[54.2%, 63.9%, 68.8%, 65.6%, 66.3%, 73.5%, 10.1%]",,,,
6,parallel,3,3,0.4,2.353344832794576,2.3259255588054657,0.0001111111111111111,57.4,"[54.1%, 63.6%, 68.8%, 65.5%, 66.3%, 73.5%, 10.0%]",,,,
6,parallel,4,4,0.4,2.325931446461738,2.3055722415447235,0.0001111111111111111,57.68571428571429,"[54.1%, 63.5%, 68.8%, 65.3%, 66.4%, 73.5%, 12.2%]",,,,
6,parallel,5,5,0.3930820381349143,2.159084932713569,1.8888967484235764,0.0001111111111111111,60.07142857142857,"[54.2%, 63.5%, 68.5%, 66.1%, 66.2%, 73.8%, 28.2%]",,,,
6,parallel,6,6,0.38233127864124344,1.6941830055623115,1.5913851000368595,0.0001111111111111111,61.55714285714286,"[54.3%, 62.9%, 68.2%, 66.1%, 66.5%, 72.4%, 40.5%]",,,,
6,parallel,7,7,0.3718005191475725,1.4374451395831531,1.3704075813293457,0.0001111111111111111,63.34285714285714,"[54.4%, 63.3%, 68.3%, 65.7%, 66.3%, 72.7%, 52.7%]",,,,
6,parallel,8,8,0.3614897596539016,1.1993324975424176,1.2618750613182783,0.0001111111111111111,63.57142857142857,"[54.4%, 62.3%, 68.5%, 65.9%, 66.3%, 72.6%, 55.0%]",,,,
6,parallel,9,9,0.35139900016023073,1.1101951719839362,1.0824479926377535,0.0001111111111111111,64.37142857142857,"[54.4%, 62.0%, 68.6%, 66.2%, 66.6%, 72.3%, 60.5%]",,,,
6,parallel,10,10,0.34152824066655985,0.9937229096135006,1.0511636603623629,0.0001111111111111111,64.7,"[54.4%, 61.8%, 68.3%, 65.8%, 66.4%, 72.7%, 63.5%]",,,,
6,parallel,11,11,0.33187748117288896,0.9502634353275541,0.9646248864009976,0.0001111111111111111,65.08571428571429,"[54.4%, 61.5%, 68.4%, 66.0%, 66.3%, 73.5%, 65.5%]",,,,
6,parallel,12,12,0.3224467216792181,0.903017680856246,0.9420751817524433,0.0001111111111111111,65.5142857142857,"[54.4%, 62.1%, 68.1%, 66.3%, 66.4%, 73.2%, 68.1%]",,,,
6,parallel,13,13,0.31323596218554717,0.8527985599976552,0.9878071863204241,0.0001111111111111111,65.14285714285714,"[54.3%, 62.7%, 68.2%, 66.3%, 66.5%, 72.9%, 65.1%]",,,,
6,parallel,14,14,0.30424520269187627,0.848123056979119,0.8789621666073799,0.0001111111111111111,65.7,"[54.4%, 62.3%, 68.2%, 66.3%, 66.7%, 71.6%, 70.4%]",,,,
6,parallel,15,15,0.29547444319820537,0.8159308754190614,0.9074768209829926,0.0001111111111111111,65.52857142857144,"[54.3%, 62.9%, 68.2%, 65.6%, 66.5%, 71.3%, 69.9%]",,,,
6,parallel,16,16,0.2869236837045345,0.7725505251673204,0.8382235784083605,0.0001111111111111111,65.41428571428573,"[54.1%, 62.2%, 68.3%, 65.8%, 66.5%, 70.2%, 70.8%]",,,,
6,parallel,17,17,0.2785929242108637,0.7597669166854665,0.8362437020987272,0.0001111111111111111,65.5,"[53.9%, 62.0%, 68.2%, 66.1%, 66.6%, 70.1%, 71.6%]",,,,
6,parallel,18,18,0.2704821647171928,0.7056888447532171,0.7959845988079906,0.0001111111111111111,65.78571428571429,"[53.9%, 62.3%, 68.2%, 65.5%, 66.6%, 70.2%, 73.8%]",,,,
6,parallel,19,19,0.26259140522352187,0.702979211943059,0.8578456919640303,0.0001111111111111111,65.61428571428571,"[54.2%, 62.3%, 68.1%, 65.8%, 66.7%, 70.2%, 72.0%]",,,,
6,parallel,20,20,0.254920645729851,0.684605489803266,0.8274013195186853,0.0001111111111111111,65.4,"[54.1%, 61.6%, 68.3%, 66.1%, 66.6%, 69.9%, 71.2%]",,,,
6,parallel,21,21,0.2474698862361801,0.6854130852071545,0.902789082378149,0.0001111111111111111,65.55714285714286,"[54.2%, 62.5%, 68.4%, 66.1%, 66.4%, 70.1%, 71.2%]",,,,
6,parallel,22,22,0.24023912674250925,0.6537606701066222,0.8158528991043568,0.0001111111111111111,65.67142857142858,"[54.3%, 62.5%, 68.5%, 65.2%, 66.6%, 70.3%, 72.3%]",,,,
6,parallel,23,23,0.23322836724883836,0.6392355515987058,0.8214544914662838,0.0001111111111111111,65.54285714285713,"[54.3%, 62.0%, 68.6%, 64.9%, 66.6%, 70.4%, 72.0%]",,,,
6,parallel,24,24,0.22643760775516747,0.6239448778236969,0.7780110687017441,0.0001111111111111111,65.81428571428572,"[54.1%, 62.5%, 68.6%, 65.6%, 66.9%, 69.5%, 73.5%]",,,,
6,parallel,25,25,0.21986684826149658,0.6181658808189102,0.7326792264357209,0.0001111111111111111,65.75714285714287,"[54.1%, 61.1%, 68.6%, 65.4%, 66.7%, 69.9%, 74.5%]",,,,
6,parallel,26,26,0.21351608876782568,0.6352316412744643,0.7643455984070897,0.0001111111111111111,65.58571428571429,"[54.0%, 60.7%, 68.5%, 64.7%, 66.5%, 70.3%, 74.4%]",,,,
6,parallel,27,27,0.2073853292741548,0.6308082870290249,0.7826504725962877,0.0001111111111111111,65.42857142857143,"[54.0%, 61.1%, 68.4%, 64.4%, 66.3%, 69.5%, 74.3%]",,,,
6,parallel,28,28,0.2014745697804839,0.6025082548207874,0.7129230638965964,0.0001111111111111111,65.5142857142857,"[54.1%, 60.7%, 68.3%, 64.4%, 66.3%, 69.6%, 75.2%]",,,,
6,parallel,29,29,0.19578381028681302,0.5956739688975902,0.7427340117283165,0.0001111111111111111,65.62857142857142,"[54.3%, 61.0%, 68.3%, 65.7%, 66.1%, 69.5%, 74.5%]",,,,
6,parallel,30,30,0.19031305079314215,0.590616332202018,0.7378776208497584,0.0001111111111111111,65.71428571428571,"[54.2%, 61.4%, 68.5%, 65.3%, 66.3%, 69.1%, 75.2%]",,,,
6,parallel,31,31,0.18506229129947124,0.6424869710131537,0.7580778114497662,0.0001111111111111111,65.52857142857142,"[54.1%, 61.0%, 68.6%, 65.0%, 66.6%, 69.7%, 73.7%]",,,,
6,parallel,32,32,0.18003153180580037,0.6075127747239946,0.7320707896724343,0.0001111111111111111,65.7,"[54.2%, 61.5%, 68.4%, 64.6%, 66.6%, 69.4%, 75.2%]",,,,
6,parallel,33,33,0.17522077231212946,0.6041941141025929,0.7560608293861151,0.0001111111111111111,65.57142857142857,"[54.1%, 60.8%, 68.3%, 64.9%, 66.6%, 69.7%, 74.6%]",,,,
6,parallel,34,34,0.17063001281845858,0.6309008885033524,0.7930260803550482,0.0001111111111111111,65.4857142857143,"[54.5%, 61.1%, 68.5%, 64.7%, 66.3%, 69.5%, 73.8%]",,,,
6,parallel,35,35,0.1662592533247877,0.6024870766869074,0.7506746100261807,0.0001111111111111111,65.54285714285713,"[54.5%, 61.1%, 68.4%, 64.1%, 66.3%, 69.7%, 74.7%]",,,,
6,parallel,36,36,0.1621084938311168,0.6113972181006323,0.8332810942083597,0.0001111111111111111,64.88571428571429,"[54.5%, 61.5%, 68.4%, 62.7%, 66.1%, 68.7%, 72.3%]",,,,
6,parallel,37,37,0.15817773433744592,0.6067689302601392,0.7735269460827112,0.0001111111111111111,65.4,"[54.5%, 61.6%, 68.2%, 64.3%, 66.1%, 68.9%, 74.2%]",,,,
6,parallel,38,38,0.15446697484377503,0.6444904181776168,0.8293846733868122,0.0001111111111111111,65.22857142857143,"[54.5%, 61.8%, 68.4%, 62.7%, 66.1%, 69.5%, 73.6%]",,,,
6,parallel,39,39,0.15097621535010414,0.6223631991615778,0.8614506954327226,0.0001111111111111111,65.3,"[54.3%, 62.0%, 68.6%, 64.1%, 65.9%, 69.4%, 72.8%]",,,,
6,parallel,40,40,0.14770545585643327,0.640811521418487,0.7786042978987098,0.0001111111111111111,65.61428571428571,"[54.3%, 62.0%, 68.4%, 64.0%, 66.0%, 69.3%, 75.3%]",,,,
6,parallel,41,41,0.14465469636276237,0.5733037768285486,0.7796376058831811,0.0001111111111111111,65.57142857142857,"[54.2%, 61.8%, 68.4%, 64.4%, 66.1%, 69.6%, 74.5%]",,,,
6,parallel,42,42,0.1418239368690915,0.5783037049106404,0.7672144826501608,0.0001111111111111111,65.45714285714287,"[54.2%, 62.9%, 68.4%, 63.5%, 66.1%, 68.8%, 74.3%]",,,,
6,parallel,43,43,0.1392131773754206,0.7563694443883775,0.855760439299047,0.0001111111111111111,65.28571428571429,"[54.2%, 61.7%, 68.5%, 66.1%, 66.2%, 69.2%, 71.1%]",,,,
6,parallel,44,44,0.13682241788174973,0.6375798760335657,0.8248292254284024,0.0001111111111111111,65.42857142857143,"[54.2%, 62.9%, 68.5%, 64.1%, 66.5%, 69.7%, 72.1%]",,,,
6,parallel,45,45,0.13465165838807883,0.6380054588559307,0.7633590623736382,0.0001111111111111111,65.51428571428572,"[54.1%, 62.8%, 68.3%, 65.2%, 66.2%, 68.9%, 73.1%]",,,,
6,parallel,46,46,0.13270089889440795,0.6322405492957635,0.8421671018004417,0.0001111111111111111,65.39999999999999,"[54.2%, 63.2%, 68.5%, 66.1%, 66.2%, 68.2%, 71.4%]",,,,
6,parallel,47,47,0.13097013940073707,0.6142801140682607,0.8199554830789566,0.0001111111111111111,65.31428571428572,"[54.1%, 63.3%, 68.6%, 64.3%, 65.9%, 70.0%, 71.0%]",,,,
6,parallel,48,48,0.12945937990706619,0.6029422237903257,0.7995205037295818,0.0001111111111111111,65.41428571428573,"[54.1%, 63.0%, 68.6%, 64.8%, 66.0%, 68.6%, 72.8%]",,,,
6,parallel,49,49,0.1281686204133953,0.5993483517366119,0.7860341370105743,0.0001111111111111111,65.67142857142856,"[54.1%, 62.9%, 68.5%, 64.4%, 66.0%, 69.5%, 74.3%]",,,,
6,parallel,50,50,0.12709786091972441,0.5528743331190906,0.7699944386258721,0.0001111111111111111,65.65714285714286,"[54.1%, 62.7%, 68.5%, 65.5%, 66.0%, 69.7%, 73.1%]",,,,
6,parallel,51,51,0.12624710142605353,0.557800020598158,0.7839659014716744,0.0001111111111111111,65.84285714285714,"[54.1%, 63.0%, 68.6%, 64.8%, 65.9%, 69.4%, 75.1%]",,,,
6,parallel,52,52,0.12561634193238264,0.5324745076366618,0.785727915354073,0.0001111111111111111,65.55714285714285,"[54.0%, 63.3%, 68.3%, 64.8%, 65.6%, 68.8%, 74.1%]",,,,
6,parallel,53,53,0.12520558243871174,0.5315186898165112,0.7876195069402456,0.0001111111111111111,65.65714285714287,"[54.0%, 63.4%, 68.4%, 64.9%, 65.7%, 69.9%, 73.3%]",,,,
6,parallel,54,54,0.12501482294504085,0.5157508529439757,0.7659421991556883,0.0001111111111111111,65.78571428571429,"[54.1%, 62.7%, 68.4%, 65.3%, 65.6%, 69.9%, 74.5%]",,,,
6,parallel,55,55,0.125,0.5079872513873668,0.7472593914717436,0.0001111111111111111,65.78571428571426,"[54.1%, 63.0%, 68.3%, 64.7%, 65.6%, 69.2%, 75.6%]",,,,
6,weights,1,56,0.125,0.4922984449923793,0.7321465937420726,0.0001111111111111111,65.87142857142858,"[54.0%, 63.2%, 68.3%, 65.0%, 65.7%, 70.0%, 74.9%]",,,,
6,weights,2,57,0.125,0.4848686539674107,0.716587271541357,0.0001111111111111111,65.75714285714285,"[54.0%, 63.0%, 68.3%, 64.1%, 65.6%, 69.1%, 76.2%]",,,,
6,weights,3,58,0.125,0.4692779600243025,0.7463238155469298,0.0001111111111111111,65.6857142857143,"[54.0%, 63.4%, 68.4%, 64.9%, 65.7%, 68.3%, 75.1%]",,,,
6,weights,4,59,0.125,0.46985675413397293,0.79347023088485,0.0001111111111111111,65.8,"[54.0%, 63.1%, 68.4%, 65.3%, 65.7%, 70.0%, 74.1%]",,,,
6,weights,5,60,0.125,0.44698369465296783,0.7245883103460073,0.0001111111111111111,65.98571428571428,"[54.0%, 63.8%, 68.3%, 64.6%, 65.7%, 69.6%, 75.9%]",,,,
6,weights,6,61,0.125,0.43174148511283006,0.7374141272157431,0.0001111111111111111,66.02857142857144,"[54.0%, 63.8%, 68.5%, 65.4%, 65.6%, 69.4%, 75.5%]",,,,
6,weights,7,62,0.125,0.4282611551918561,0.7665151250548661,0.0001111111111111111,66.0,"[54.0%, 63.8%, 68.5%, 65.0%, 65.5%, 69.6%, 75.6%]",,,,
6,weights,8,63,0.125,0.42495975652827495,0.6941958712413907,0.0001111111111111111,66.05714285714285,"[53.9%, 63.5%, 68.5%, 65.0%, 65.6%, 68.2%, 77.7%]",,,,
6,weights,9,64,0.125,0.40266552831553204,0.7661807406693697,0.0001111111111111111,65.89999999999999,"[53.9%, 62.8%, 68.4%, 65.0%, 65.9%, 69.2%, 76.1%]",,,,
6,weights,10,65,0.125,0.40110079076471206,0.7739446703344584,0.0001111111111111111,65.8,"[54.0%, 63.4%, 68.3%, 64.8%, 65.6%, 69.0%, 75.5%]",,,,
6,weights,11,66,0.125,0.40750516083421584,0.7542042075656354,0.0001111111111111111,66.01428571428572,"[54.0%, 63.5%, 68.4%, 64.1%, 65.7%, 70.0%, 76.4%]",,,,
6,weights,12,67,0.125,0.41004487098772313,0.74803258292377,0.0001111111111111111,65.74285714285715,"[53.9%, 63.8%, 68.3%, 64.4%, 65.6%, 68.5%, 75.7%]",,,,
6,weights,13,68,0.125,0.39192934937869445,0.7330866078846157,0.0001111111111111111,65.84285714285714,"[54.0%, 63.4%, 68.3%, 64.8%, 65.5%, 68.6%, 76.3%]",,,,
6,weights,14,69,0.125,0.39272656037083153,0.7594167534261942,0.0001111111111111111,65.7,"[53.9%, 63.0%, 68.3%, 64.9%, 65.5%, 69.2%, 75.1%]",,,,
6,weights,15,70,0.125,0.374220972008343,0.7259944071993232,0.0001111111111111111,65.67142857142858,"[54.0%, 62.7%, 68.4%, 64.2%, 65.3%, 69.0%, 76.1%]",,,,
6,weights,16,71,0.125,0.38375367280803147,0.733451466076076,0.0001111111111111111,65.72857142857143,"[54.0%, 62.3%, 68.5%, 64.8%, 65.2%, 70.1%, 75.2%]",,,,
6,weights,17,72,0.125,0.3690681930961488,0.750930986367166,0.0001111111111111111,65.74285714285715,"[53.9%, 62.6%, 68.4%, 64.9%, 65.2%, 69.0%, 76.2%]",,,,
6,weights,18,73,0.125,0.3695605100144314,0.7324845800176263,0.0001111111111111111,65.64285714285715,"[54.1%, 62.4%, 68.5%, 64.2%, 65.4%, 68.6%, 76.3%]",,,,
6,weights,19,74,0.125,0.3824530121269105,0.7291071871295571,0.0001111111111111111,65.91428571428573,"[54.2%, 62.2%, 68.4%, 64.7%, 65.5%, 69.6%, 76.8%]",,,,
6,weights,20,75,0.125,0.3584697201282163,0.7405973160639405,0.0001111111111111111,65.65714285714286,"[54.1%, 62.5%, 68.4%, 64.7%, 65.3%, 69.1%, 75.5%]",,,,
6,weights,21,76,0.125,0.34278966373280634,0.7787542827427387,0.0001111111111111111,65.82857142857142,"[54.0%, 62.5%, 68.5%, 64.9%, 65.5%, 69.7%, 75.7%]",,,,
6,weights,22,77,0.125,0.3562018039483058,0.7406784882768989,0.0001111111111111111,66.0,"[54.0%, 62.9%, 68.7%, 64.9%, 65.3%, 69.3%, 76.9%]",,,,
6,weights,23,78,0.125,0.3383334920376162,0.7469923468306661,0.0001111111111111111,65.78571428571428,"[54.0%, 62.6%, 68.6%, 64.9%, 65.6%, 69.1%, 75.7%]",,,,
6,weights,24,79,0.125,0.3504568849560581,0.75890510994941,0.0001111111111111111,65.61428571428571,"[54.1%, 62.5%, 68.5%, 64.5%, 65.4%, 69.1%, 75.2%]",,,,
6,weights,25,80,0.125,0.3137719693440425,0.7841658890247345,0.0001111111111111111,65.65714285714286,"[54.2%, 61.6%, 68.5%, 64.8%, 65.5%, 69.4%, 75.6%]",51.34285714285714,"[11.0%, 45.0%, 61.1%, 57.4%, 52.0%, 61.2%, 71.7%]",52.65714285714286,"[33.8%, 53.1%, 61.1%, 48.9%, 52.0%, 51.2%, 68.5%]"
7,parallel,1,1,0.3,6.641405111626733,3.960424691438675,0.0001111111111111111,57.39999999999999,"[54.0%, 61.7%, 68.1%, 64.5%, 65.6%, 69.7%, 75.6%, 0.0%]",,,,
7,parallel,2,2,0.3,3.027482162548017,2.472422882914543,0.0001111111111111111,58.5625,"[53.7%, 61.6%, 68.2%, 64.3%, 65.5%, 69.6%, 75.6%, 10.0%]",,,,
7,parallel,3,3,0.3,2.3858320592324946,2.3602219372987747,0.0001111111111111111,58.575,"[53.8%, 61.5%, 68.2%, 64.3%, 65.5%, 69.7%, 75.6%, 10.0%]",,,,
7,parallel,4,4,0.3,2.3409523631952984,2.3297037184238434,0.0001111111111111111,58.58749999999999,"[53.7%, 61.5%, 68.2%, 64.3%, 65.6%, 69.8%, 75.6%, 10.0%]",,,,
7,parallel,5,5,0.2955976606313091,2.3281199992457524,2.3277619630098343,0.0001111111111111111,58.599999999999994,"[53.7%, 61.3%, 68.4%, 64.3%, 65.6%, 69.9%, 75.6%, 10.0%]",,,,
7,parallel,6,6,0.2887562682262458,2.280330422558362,2.1259728372097015,0.0001111111111111111,59.550000000000004,"[53.8%, 61.6%, 68.4%, 64.3%, 65.7%, 70.0%, 75.5%, 17.1%]",,,,
7,parallel,7,7,0.2820548758211825,1.996147018444689,1.945080541074276,0.0001111111111111111,60.225,"[54.3%, 61.1%, 68.4%, 64.6%, 65.4%, 69.7%, 75.5%, 22.8%]",,,,
7,parallel,8,8,0.27549348341611923,1.8932674474354032,1.8308546245098114,0.0001111111111111111,60.77499999999999,"[54.0%, 61.3%, 68.3%, 64.5%, 65.3%, 69.9%, 75.5%, 27.4%]",,,,
7,parallel,9,9,0.2690720910110559,1.7704121477996246,1.6610960811376572,0.0001111111111111111,62.2875,"[54.1%, 60.6%, 68.3%, 64.6%, 65.3%, 70.1%, 75.7%, 39.6%]",,,,
7,parallel,10,10,0.2627906986059926,1.6000112793113612,1.511849008500576,0.0001111111111111111,63.20000000000001,"[54.5%, 60.4%, 68.2%, 64.6%, 65.0%, 70.1%, 75.5%, 47.3%]",,,,
7,parallel,11,11,0.25664930620092935,1.4466224003441726,1.4464903995394707,0.0001111111111111111,63.3875,"[55.1%, 60.8%, 68.7%, 64.7%, 65.3%, 70.2%, 75.5%, 46.8%]",,,,
7,parallel,12,12,0.25064791379586604,1.3108419511891618,1.2990216612815857,0.0001111111111111111,64.3875,"[54.7%, 60.9%, 68.8%, 64.6%, 65.5%, 70.3%, 75.6%, 54.7%]",,,,
7,parallel,13,13,0.24478652139080276,1.1860600144048281,1.2504720613360405,0.0001111111111111111,64.55000000000001,"[54.6%, 60.7%, 68.9%, 64.4%, 65.6%, 70.3%, 75.3%, 56.6%]",,,,
7,parallel,14,14,0.23906512898573945,1.1181737154344968,1.316382959485054,0.0001111111111111111,64.1875,"[53.9%, 60.9%, 68.6%, 64.3%, 65.5%, 70.1%, 75.3%, 54.9%]",,,,
7,parallel,15,15,0.23348373658067617,1.1058625503431392,1.283568374812603,0.0001111111111111111,64.525,"[54.4%, 61.0%, 68.3%, 64.3%, 65.5%, 70.2%, 75.3%, 57.2%]",,,,
7,parallel,16,16,0.22804234417561287,1.0442146115665194,1.1572211049497128,0.0001111111111111111,64.77499999999999,"[53.9%, 60.3%, 68.6%, 64.1%, 65.4%, 70.0%, 75.2%, 60.7%]",,,,
7,parallel,17,17,0.2227409517705496,0.9892135956619359,1.1393386721611023,0.0001111111111111111,64.9,"[53.6%, 60.8%, 68.8%, 64.2%, 65.5%, 70.1%, 75.1%, 61.1%]",,,,
7,parallel,18,18,0.21757955936548629,0.9799918200396285,1.1554843876510859,0.0001111111111111111,64.85,"[53.4%, 61.0%, 68.8%, 64.5%, 65.2%, 70.2%, 75.3%, 60.4%]",,,,
7,parallel,19,19,0.212558166960423,0.9841128233112867,1.0942354779690504,0.0001111111111111111,65.225,"[53.7%, 60.7%, 68.8%, 64.8%, 65.4%, 69.8%, 75.0%, 63.6%]",,,,
7,parallel,20,20,0.2076767745553597,0.9624902696549138,1.093475054949522,0.0001111111111111111,65.175,"[53.5%, 60.8%, 68.4%, 64.5%, 65.4%, 69.8%, 75.2%, 63.8%]",,,,
7,parallel,21,21,0.2029353821502964,0.9306126840506928,1.0323958713561296,0.0001111111111111111,65.475,"[54.0%, 61.4%, 68.3%, 64.5%, 65.6%, 69.9%, 75.2%, 64.9%]",,,,
7,parallel,22,22,0.19833398974523314,0.9200862336762344,1.0109174884855747,0.0001111111111111111,65.55,"[53.7%, 61.1%, 68.2%, 64.8%, 65.7%, 69.9%, 74.9%, 66.1%]",,,,
7,parallel,23,23,0.19387259734016987,0.8574766992013666,0.9930394049733877,0.0001111111111111111,65.5875,"[53.2%, 61.2%, 67.9%, 64.7%, 65.5%, 69.8%, 75.0%, 67.4%]",,,,
7,parallel,24,24,0.18955120493510658,0.8281404964531525,0.9634033553302288,0.0001111111111111111,65.7875,"[53.5%, 61.0%, 67.9%, 65.1%, 65.8%, 69.5%, 75.0%, 68.5%]",,,,
7,parallel,25,25,0.18536981253004325,0.8527608295030231,0.9790947735309601,0.0001111111111111111,65.55,"[53.5%, 61.3%, 67.8%, 65.0%, 65.3%, 69.7%, 75.2%, 66.6%]",,,,
7,parallel,26,26,0.18132842012497996,0.8424371243277683,0.9490104671567678,0.0001111111111111111,65.875,"[53.5%, 61.4%, 68.1%, 64.8%, 65.2%, 69.6%, 75.1%, 69.3%]",,,,
7,parallel,27,27,0.17742702771991667,0.7932433968857874,0.9917329829186201,0.0001111111111111111,65.45,"[53.3%, 61.1%, 68.1%, 64.9%, 65.0%, 69.6%, 74.9%, 66.7%]",,,,
7,parallel,28,28,0.17366563531485338,0.7782158240487304,1.066066105850041,0.0001111111111111111,65.27499999999999,"[53.5%, 61.6%, 67.9%, 64.9%, 65.1%, 69.5%, 74.9%, 64.8%]",,,,
7,parallel,29,29,0.1700442429097901,0.9444301098207885,1.01190803386271,0.0001111111111111111,65.1125,"[53.3%, 61.2%, 68.1%, 64.7%, 65.0%, 69.6%, 74.9%, 64.1%]",,,,
7,parallel,30,30,0.1665628505047268,0.8177771372131154,0.8894584104418755,0.0001111111111111111,65.9,"[53.1%, 61.0%, 68.0%, 64.8%, 65.0%, 69.8%, 74.9%, 70.6%]",,,,
7,parallel,31,31,0.1632214580996635,0.8057750780371171,0.9830875378102064,0.0001111111111111111,65.425,"[52.8%, 61.4%, 68.3%, 64.8%, 65.2%, 69.6%, 75.0%, 66.3%]",,,,
7,parallel,32,32,0.16002006569460023,0.7703008572512036,0.9584027342498302,0.0001111111111111111,65.53750000000001,"[52.8%, 61.0%, 68.2%, 64.8%, 64.9%, 69.5%, 75.0%, 68.1%]",,,,
7,parallel,33,33,0.15695867328953694,0.7520123290110238,0.9404481593519449,0.0001111111111111111,65.2875,"[52.7%, 59.8%, 68.2%, 64.7%, 64.9%, 69.4%, 75.2%, 67.4%]",,,,
7,parallel,34,34,0.15403728088447363,0.9031790102584453,0.9554108735173941,0.0001111111111111111,65.5,"[52.9%, 61.2%, 68.2%, 64.6%, 64.9%, 69.4%, 74.9%, 67.9%]",,,,
7,parallel,35,35,0.15125588847941035,0.7975480586667604,0.9429057072848082,0.0001111111111111111,65.76249999999999,"[53.0%, 61.4%, 68.3%, 64.7%, 64.9%, 69.1%, 74.7%, 70.0%]",,,,
7,parallel,36,36,0.14861449607434707,0.7708318757859967,0.9518546145409346,0.0001111111111111111,65.4375,"[52.8%, 61.2%, 68.2%, 64.5%, 64.8%, 69.4%, 74.4%, 68.2%]",,,,
7,parallel,37,37,0.14611310366928376,0.7958244741717472,0.9104469120502472,0.0001111111111111111,65.7875,"[53.1%, 61.5%, 68.3%, 64.9%, 64.7%, 69.5%, 74.9%, 69.4%]",,,,
7,parallel,38,38,0.14375171126422048,0.7547654615172857,0.9954563667997718,0.0001111111111111111,65.4875,"[53.2%, 61.5%, 68.2%, 64.8%, 64.7%, 69.2%, 74.8%, 67.5%]",,,,
7,parallel,39,39,0.14153031885915718,0.7166225646115556,0.9039034666493535,0.0001111111111111111,65.9125,"[53.0%, 61.7%, 68.3%, 64.7%, 64.5%, 69.3%, 74.7%, 71.1%]",,,,
7,parallel,40,40,0.1394489264540939,0.8812019658994071,0.9591797329485416,0.0001111111111111111,65.675,"[52.5%, 61.6%, 69.1%, 64.6%, 64.6%, 69.2%, 74.7%, 69.1%]",,,,
7,parallel,41,41,0.1375075340490306,0.8206500637380383,0.8864504937082529,0.0001111111111111111,65.575,"[52.4%, 61.5%, 68.4%, 64.3%, 64.5%, 69.2%, 74.7%, 69.6%]",,,,
7,parallel,42,42,0.13570614164396733,0.7793658556817453,0.930534090846777,0.0001111111111111111,65.675,"[52.5%, 61.4%, 69.0%, 64.3%, 64.6%, 69.2%, 74.9%, 69.5%]",,,,
7,parallel,43,43,0.13404474923890403,0.7680713285373736,0.9077213350683451,0.0001111111111111111,65.7125,"[52.2%, 61.3%, 68.6%, 64.2%, 64.3%, 69.1%, 74.9%, 71.1%]",,,,
7,parallel,44,44,0.13252335683384073,0.7740207186228112,0.9292925652116537,0.0001111111111111111,65.475,"[52.1%, 61.4%, 68.8%, 64.4%, 64.2%, 69.1%, 74.7%, 69.1%]",,,,
7,parallel,45,45,0.13114196442877743,0.7579899520813664,0.9258166775107384,0.0001111111111111111,65.6625,"[52.0%, 61.4%, 69.3%, 64.0%, 64.1%, 69.3%, 74.9%, 70.3%]",,,,
7,parallel,46,46,0.12990057202371413,0.7160571530649934,0.869382306933403,0.0001111111111111111,65.75,"[51.8%, 61.8%, 69.1%, 64.1%, 64.3%, 69.3%, 75.0%, 70.6%]",,,,
7,parallel,47,47,0.12879917961865087,0.7369942484022696,0.8965179193764925,0.0001111111111111111,65.67500000000001,"[51.8%, 61.2%, 69.3%, 64.3%, 64.1%, 69.5%, 75.0%, 70.2%]",,,,
7,parallel,48,48,0.12783778721358757,0.7274243186546278,0.8536747954785824,0.0001111111111111111,65.6625,"[51.6%, 61.1%, 68.8%, 64.2%, 64.3%, 69.3%, 75.0%, 71.0%]",,,,
7,parallel,49,49,0.12701639480852428,0.6895228484763375,0.8793643079698086,0.0001111111111111111,65.525,"[52.0%, 61.4%, 69.0%, 64.3%, 64.3%, 69.1%, 74.5%, 69.6%]",,,,
7,parallel,50,50,0.126335002403461,0.6699363472340982,0.9001901932060719,0.0001111111111111111,65.825,"[52.1%, 61.4%, 68.8%, 64.4%, 64.7%, 69.3%, 75.1%, 70.8%]",,,,
7,parallel,51,51,0.1257936099983977,0.6491410502150089,0.8412482077255845,0.0001111111111111111,65.925,"[51.6%, 61.6%, 68.8%, 64.0%, 64.7%, 69.1%, 74.8%, 72.8%]",,,,
7,parallel,52,52,0.1253922175933344,0.649621496094933,0.8524500969797373,0.0001111111111111111,65.9625,"[52.2%, 61.0%, 69.0%, 64.4%, 64.3%, 69.3%, 75.0%, 72.5%]",,,,
7,parallel,53,53,0.12513082518827112,0.6584913315652292,0.8903964906930923,0.0001111111111111111,65.7875,"[52.3%, 61.4%, 68.4%, 64.5%, 64.4%, 69.5%, 75.0%, 70.8%]",,,,
7,parallel,54,54,0.1250094327832078,0.6230603301826911,0.8049008212983608,0.0001111111111111111,66.0,"[51.8%, 61.6%, 68.6%, 64.5%, 64.2%, 69.6%, 74.7%, 73.0%]",,,,
7,parallel,55,55,0.125,0.6218234549594831,0.8787866262719035,0.0001111111111111111,65.825,"[51.8%, 61.9%, 68.9%, 64.4%, 64.3%, 69.6%, 74.8%, 70.9%]",,,,
7,weights,1,56,0.125,0.619873003869117,0.8484547398984432,0.0001111111111111111,66.0125,"[52.1%, 61.4%, 68.9%, 64.4%, 64.4%, 69.5%, 75.0%, 72.4%]",,,,
7,weights,2,57,0.125,0.5708979894466037,0.8859763341024518,0.0001111111111111111,65.9,"[52.0%, 61.4%, 68.7%, 64.2%, 64.3%, 69.2%, 75.0%, 72.4%]",,,,
7,weights,3,58,0.125,0.5894922108589848,0.8476736452430487,0.0001111111111111111,65.7125,"[51.7%, 61.3%, 68.8%, 64.2%, 64.1%, 69.5%, 74.7%, 71.4%]",,,,
7,weights,4,59,0.125,0.5792684922867184,0.7982089091092348,0.0001111111111111111,65.975,"[51.9%, 61.2%, 68.9%, 64.1%, 64.3%, 69.5%, 74.8%, 73.1%]",,,,
7,weights,5,60,0.125,0.5759903347190423,0.8290344085544348,0.0001111111111111111,65.9875,"[52.3%, 61.2%, 68.9%, 64.4%, 64.2%, 69.4%, 75.0%, 72.5%]",,,,
7,weights,6,61,0.125,0.563044370729712,0.8391253929585218,0.0001111111111111111,65.925,"[52.5%, 61.0%, 69.2%, 64.5%, 64.2%, 69.3%, 74.8%, 71.9%]",,,,
7,weights,7,62,0.125,0.5580617887309834,0.829406775534153,0.0001111111111111111,66.0,"[52.2%, 60.8%, 69.0%, 64.1%, 64.0%, 69.4%, 74.8%, 73.7%]",,,,
7,weights,8,63,0.125,0.5679179577133323,0.8050364162772894,0.0001111111111111111,65.96249999999999,"[51.9%, 61.4%, 68.9%, 64.3%, 63.8%, 69.2%, 74.9%, 73.3%]",,,,
7,weights,9,64,0.125,0.5816520467589174,0.8708998151123524,0.0001111111111111111,65.8375,"[51.9%, 61.4%, 68.7%, 64.4%, 64.2%, 69.4%, 74.7%, 72.0%]",,,,
7,weights,10,65,0.125,0.5529934877081762,0.8356895036995411,0.0001111111111111111,65.9375,"[51.7%, 60.8%, 68.9%, 64.6%, 64.2%, 69.5%, 74.8%, 73.0%]",,,,
7,weights,11,66,0.125,0.5267499936155126,0.849447438493371,0.0001111111111111111,66.05,"[51.9%, 60.7%, 69.0%, 64.6%, 64.5%, 69.3%, 74.7%, 73.7%]",,,,
7,weights,12,67,0.125,0.5347612798213959,0.8258020747452974,0.0001111111111111111,66.075,"[51.8%, 61.3%, 69.1%, 64.3%, 64.8%, 69.2%, 74.9%, 73.2%]",,,,
7,weights,13,68,0.125,0.511523611183408,0.811432583257556,0.0001111111111111111,66.0625,"[51.9%, 60.9%, 68.9%, 64.5%, 64.9%, 69.2%, 74.9%, 73.3%]",,,,
7,weights,14,69,0.125,0.5180234105526647,0.8179312441498041,0.0001111111111111111,66.0625,"[51.9%, 60.7%, 69.1%, 64.4%, 64.6%, 69.4%, 74.9%, 73.5%]",,,,
7,weights,15,70,0.125,0.5071814252605921,0.8837808724492788,0.0001111111111111111,65.64999999999999,"[51.8%, 60.8%, 68.8%, 64.5%, 64.6%, 69.2%, 74.7%, 70.8%]",,,,
7,weights,16,71,0.125,0.4937209419057339,0.8591635832563043,0.0001111111111111111,66.05,"[51.7%, 60.9%, 68.9%, 64.7%, 64.4%, 69.4%, 75.0%, 73.4%]",,,,
7,weights,17,72,0.125,0.485116552514366,0.809730576351285,0.0001111111111111111,66.225,"[51.8%, 61.3%, 69.1%, 64.7%, 64.4%, 69.3%, 74.8%, 74.4%]",,,,
7,weights,18,73,0.125,0.4891681637190565,0.8232904905453324,0.0001111111111111111,66.11250000000001,"[51.5%, 61.3%, 69.0%, 64.8%, 64.6%, 69.3%, 74.8%, 73.6%]",,,,
7,weights,19,74,0.125,0.4772495725486852,0.8583538290113211,0.0001111111111111111,65.9875,"[51.7%, 61.7%, 68.9%, 64.8%, 64.4%, 69.3%, 75.1%, 72.0%]",,,,
7,weights,20,75,0.125,0.4694047377833837,0.8224779320880771,0.0001111111111111111,66.30000000000001,"[51.7%, 61.5%, 68.9%, 64.8%, 64.4%, 69.3%, 74.9%, 74.9%]",,,,
7,weights,21,76,0.125,0.46762621176393726,0.7729603089392185,0.0001111111111111111,66.35000000000001,"[51.6%, 61.6%, 68.9%, 64.9%, 64.2%, 69.1%, 74.9%, 75.6%]",,,,
7,weights,22,77,0.125,0.45360070070888425,0.8555594440549612,0.0001111111111111111,65.83749999999999,"[51.5%, 61.4%, 68.8%, 64.6%, 64.3%, 69.2%, 74.8%, 72.1%]",,,,
7,weights,23,78,0.125,0.4743994595129279,0.8687483910471201,0.0001111111111111111,66.05,"[51.7%, 61.5%, 68.8%, 64.9%, 64.4%, 69.2%, 75.0%, 72.9%]",,,,
7,weights,24,79,0.125,0.46614547583121285,0.813159498386085,0.0001111111111111111,66.1875,"[51.7%, 61.5%, 68.8%, 64.7%, 64.5%, 69.3%, 74.9%, 74.1%]",,,,
7,weights,25,80,0.125,0.4552200027281725,0.8364230748265982,0.0001111111111111111,65.9625,"[51.4%, 60.8%, 68.9%, 64.4%, 64.4%, 69.3%, 74.9%, 73.6%]",49.725,"[0.0%, 44.1%, 58.1%, 56.6%, 51.4%, 57.5%, 71.4%, 58.7%]",52.125,"[35.7%, 48.8%, 59.6%, 48.3%, 53.8%, 46.0%, 65.2%, 59.6%]"
8,parallel,1,1,0.2,5.8735039505777475,4.223591819405556,0.0001111111111111111,58.44444444444444,"[51.4%, 60.6%, 69.2%, 64.7%, 64.5%, 68.1%, 74.5%, 73.0%, 0.0%]",,,,
8,parallel,2,2,0.2,3.4055724023263667,2.755431666970253,0.0001111111111111111,59.611111111111114,"[51.2%, 60.7%, 69.1%, 64.8%, 64.8%, 68.2%, 74.7%, 73.0%, 10.0%]",,,,
8,parallel,3,3,0.2,2.507071425643148,2.3835289478302,0.0001111111111111111,59.64444444444444,"[51.3%, 60.5%, 69.1%, 64.8%, 64.8%, 68.4%, 74.9%, 73.0%, 10.0%]",,,,
8,parallel,4,4,0.2,2.3603389172614375,2.3436328321695328,0.0001111111111111111,59.63333333333334,"[51.2%, 60.6%, 69.0%, 64.8%, 64.9%, 68.2%, 75.0%, 73.0%, 10.0%]",,,,
8,parallel,5,5,0.19811328312770393,2.3411482436747493,2.3347378969192505,0.0001111111111111111,59.599999999999994,"[51.3%, 60.7%, 69.0%, 64.8%, 64.6%, 68.0%, 75.0%, 73.0%, 10.0%]",,,,
8,parallel,6,6,0.19518125781124823,2.330629973471919,2.3238974660634995,0.0001111111111111111,59.51111111111111,"[51.3%, 60.5%, 68.8%, 64.8%, 64.6%, 67.6%, 75.0%, 73.0%, 10.0%]",,,,
8,parallel,7,7,0.1923092324947925,2.3212235094625737,2.3145114928483963,0.0001111111111111111,59.8111111111111,"[51.4%, 61.3%, 68.8%, 64.5%, 64.5%, 67.3%, 75.1%, 73.1%, 12.3%]",,,,
8,parallel,8,8,0.18949720717833682,2.1600621470922157,2.0432968623936176,0.0001111111111111111,60.21111111111112,"[51.6%, 61.7%, 68.7%, 64.5%, 64.9%, 63.3%, 72.4%, 73.2%, 21.6%]",,,,
8,parallel,9,9,0.1867451818618811,1.9421497855005385,2.2507152929902077,0.0001111111111111111,59.900000000000006,"[52.0%, 60.9%, 68.8%, 64.6%, 64.6%, 62.9%, 72.2%, 73.4%, 19.7%]",,,,
8,parallel,10,10,0.18405315654542542,1.8663356364527834,1.8655399419367313,0.0001111111111111111,61.044444444444444,"[52.2%, 61.1%, 68.8%, 64.5%, 64.3%, 61.4%, 71.9%, 73.4%, 31.8%]",,,,
8,parallel,11,11,0.18142113122896975,1.7860758772379235,1.796596221625805,0.0001111111111111111,61.733333333333334,"[52.2%, 61.3%, 68.8%, 64.6%, 64.4%, 61.6%, 72.3%, 73.4%, 37.0%]",,,,
8,parallel,12,12,0.17884910591251402,1.6905926073653788,1.7482859045267105,0.0001111111111111111,61.77777777777778,"[52.2%, 60.8%, 69.0%, 64.8%, 64.4%, 61.7%, 72.3%, 73.4%, 37.4%]",,,,
8,parallel,13,13,0.17633708059605832,1.597225525711156,1.6338352039456367,0.0001111111111111111,62.266666666666666,"[52.1%, 61.3%, 69.1%, 64.6%, 64.3%, 61.1%, 72.0%, 73.3%, 42.6%]",,,,
8,parallel,14,14,0.17388505527960263,1.536049017423316,1.5982461869716644,0.0001111111111111111,61.86666666666666,"[51.7%, 61.2%, 69.0%, 64.6%, 64.3%, 60.7%, 72.1%, 73.4%, 39.8%]",,,,
8,parallel,15,15,0.17149302996314694,1.5154514780527428,1.4934183359146118,0.0001111111111111111,62.866666666666674,"[51.5%, 60.9%, 69.0%, 64.7%, 64.5%, 61.1%, 72.2%, 73.5%, 48.4%]",,,,
8,parallel,16,16,0.16916100464669123,1.4470769800717318,1.5057843290269375,0.0001111111111111111,62.72222222222222,"[51.6%, 60.9%, 69.2%, 64.7%, 64.5%, 61.2%, 72.3%, 73.4%, 46.7%]",,,,
8,parallel,17,17,0.16688897933023555,1.424285348457626,1.456956896930933,0.0001111111111111111,62.89999999999999,"[51.4%, 60.7%, 69.2%, 64.6%, 64.3%, 61.4%, 72.1%, 73.4%, 49.0%]",,,,
8,parallel,18,18,0.16467695401377985,1.3601897094823137,1.354277040809393,0.0001111111111111111,63.43333333333333,"[51.3%, 61.2%, 69.2%, 64.7%, 64.4%, 62.0%, 72.2%, 73.5%, 52.4%]",,,,
8,parallel,19,19,0.16252492869732416,1.3433899230594877,1.36814571544528,0.0001111111111111111,63.400000000000006,"[51.4%, 61.0%, 69.3%, 64.4%, 64.4%, 61.3%, 71.8%, 73.5%, 53.5%]",,,,
8,parallel,20,20,0.16043290338086846,1.2826946385299103,1.4153824150562286,0.0001111111111111111,63.13333333333334,"[51.5%, 60.8%, 69.1%, 64.9%, 64.4%, 61.0%, 71.8%, 73.5%, 51.2%]",,,,
8,parallel,21,21,0.15840087806441275,1.2397343041021613,1.2588914800435305,0.0001111111111111111,64.05555555555556,"[51.4%, 60.6%, 69.3%, 65.3%, 64.5%, 61.6%, 71.8%, 73.6%, 58.4%]",,,,
8,parallel,22,22,0.15642885274795706,1.1859685778617859,1.248322769999504,0.0001111111111111111,64.21111111111112,"[51.6%, 61.0%, 69.2%, 65.3%, 64.5%, 61.8%, 72.0%, 73.5%, 59.0%]",,,,
8,parallel,23,23,0.15451682743150136,1.2966047615944585,1.2582963351160288,0.0001111111111111111,63.71111111111111,"[52.2%, 60.7%, 69.3%, 65.0%, 64.3%, 60.4%, 71.5%, 73.5%, 56.5%]",,,,
8,parallel,24,24,0.15266480211504568,1.219772284543967,1.282732855528593,0.0001111111111111111,63.72222222222222,"[51.9%, 60.5%, 69.5%, 65.0%, 64.4%, 61.4%, 72.0%, 73.5%, 55.3%]",,,,
8,parallel,25,25,0.15087277679858999,1.1807438323769388,1.215406872332096,0.0001111111111111111,64.08888888888889,"[51.7%, 61.4%, 69.1%, 64.7%, 64.5%, 61.0%, 72.1%, 73.4%, 58.9%]",,,,
8,parallel,26,26,0.14914075148213427,1.1119820649110819,1.2343943789601326,0.0001111111111111111,64.1111111111111,"[52.1%, 61.4%, 69.3%, 64.9%, 64.6%, 61.4%, 72.1%, 73.3%, 57.9%]",,,,
8,parallel,27,27,0.14746872616567858,1.1162173921548868,1.2300063744187355,0.0001111111111111111,64.04444444444444,"[51.6%, 61.4%, 69.3%, 65.1%, 64.2%, 61.4%, 72.1%, 73.4%, 57.9%]",,,,
8,parallel,28,28,0.14585670084922286,1.0732524749598926,1.204478032886982,0.0001111111111111111,64.24444444444444,"[52.5%, 61.2%, 69.4%, 65.2%, 64.2%, 61.7%, 72.4%, 73.3%, 58.3%]",,,,
8,parallel,29,29,0.14430467553276718,1.0674444550200353,1.176114995032549,0.0001111111111111111,64.26666666666667,"[52.3%, 61.0%, 69.3%, 65.1%, 64.2%, 61.6%, 72.5%, 73.4%, 59.0%]",,,,
8,parallel,30,30,0.14281265021631148,1.0248823814754244,1.1689925845712423,0.0001111111111111111,64.37777777777778,"[52.2%, 61.2%, 69.1%, 64.9%, 64.2%, 61.7%, 72.7%, 73.4%, 60.0%]",,,,
8,parallel,31,31,0.14138062489985578,1.0078853195226645,1.2227427698671818,0.0001111111111111111,64.21111111111112,"[52.5%, 61.2%, 69.2%, 64.8%, 64.4%, 61.7%, 72.5%, 73.4%, 58.2%]",,,,
8,parallel,32,32,0.1400085995834001,1.1552027531816988,1.2901196628808975,0.0001111111111111111,63.96666666666666,"[52.3%, 61.1%, 69.1%, 65.0%, 64.3%, 60.5%, 72.2%, 73.3%, 57.9%]",,,,
8,parallel,33,33,0.1386965742669444,1.0794008442118197,1.189214151352644,0.0001111111111111111,64.5,"[52.7%, 61.2%, 69.0%, 65.0%, 64.4%, 61.3%, 72.5%, 73.4%, 61.0%]",,,,
8,parallel,34,34,0.13744454895048872,1.0385623876052568,1.15862600132823,0.0001111111111111111,64.46666666666665,"[52.3%, 60.8%, 69.1%, 65.0%, 64.5%, 61.0%, 72.2%, 73.4%, 61.9%]",,,,
8,parallel,35,35,0.136252523634033,1.0428020554252817,1.1827236767858267,0.0001111111111111111,64.4111111111111,"[52.0%, 60.8%, 69.1%, 65.0%, 64.8%, 61.5%, 72.6%, 73.3%, 60.6%]",,,,
8,parallel,36,36,0.1351204983175773,1.001652438052093,1.1276143062859774,0.0001111111111111111,64.72222222222223,"[52.0%, 61.1%, 68.9%, 64.9%, 64.8%, 61.7%, 72.8%, 73.3%, 63.0%]",,,,
8,parallel,37,37,0.1340484730011216,0.96992990035045,1.1153073888272047,0.0001111111111111111,64.81111111111112,"[52.0%, 60.9%, 68.9%, 65.0%, 64.6%, 61.6%, 72.8%, 73.3%, 64.2%]",,,,
8,parallel,38,38,0.1330364476846659,0.9562293932407717,1.1447866279631853,0.0001111111111111111,64.35555555555555,"[52.0%, 60.8%, 68.8%, 65.0%, 64.6%, 61.3%, 72.7%, 73.5%, 60.5%]",,,,
8,parallel,39,39,0.13208442236821022,0.9947822701327408,1.2033175211399794,0.0001111111111111111,64.48888888888888,"[51.7%, 60.8%, 69.0%, 64.9%, 64.5%, 61.8%, 72.9%, 73.5%, 61.3%]",,,,
8,parallel,40,40,0.13119239705175453,0.9674052852618543,1.120580656453967,0.0001111111111111111,64.75555555555555,"[51.3%, 61.1%, 69.1%, 65.0%, 64.5%, 61.9%, 73.0%, 73.4%, 63.5%]",,,,
8,parallel,41,41,0.13036037173529882,0.9223233898983726,1.1633391240611672,0.0001111111111111111,64.56666666666666,"[51.5%, 60.5%, 69.0%, 64.9%, 64.5%, 61.8%, 73.0%, 73.3%, 62.6%]",,,,
8,parallel,42,42,0.12958834641884315,0.9104974911182742,1.074717840179801,0.0001111111111111111,65.02222222222221,"[51.9%, 60.7%, 69.1%, 65.0%, 64.3%, 61.9%, 72.9%, 73.3%, 66.1%]",,,,
8,parallel,43,43,0.12887632110238745,0.9081952647317814,1.0554092414677143,0.0001111111111111111,65.03333333333333,"[51.6%, 61.3%, 68.6%, 64.9%, 64.4%, 62.1%, 72.7%, 73.3%, 66.4%]",,,,
8,parallel,44,44,0.12822429578593175,0.8945195923877668,1.0691864117980003,0.0001111111111111111,65.11111111111111,"[52.1%, 61.3%, 69.0%, 65.0%, 64.4%, 62.3%, 72.9%, 73.1%, 65.9%]",,,,
8,parallel,45,45,0.12763227046947603,0.8783808373197725,1.0263996375724673,0.0001111111111111111,65.24444444444444,"[51.8%, 61.0%, 69.1%, 65.0%, 64.4%, 62.3%, 73.1%, 73.1%, 67.4%]",,,,
8,parallel,46,46,0.12710024515302035,0.8580835288084006,1.0093369334936142,0.0001111111111111111,65.07777777777777,"[52.0%, 60.8%, 68.9%, 65.1%, 64.0%, 62.1%, 72.9%, 73.1%, 66.8%]",,,,
8,parallel,47,47,0.12662821983656466,0.8428447963316229,0.9911137819290161,0.0001111111111111111,65.15555555555555,"[51.8%, 60.8%, 68.8%, 65.2%, 64.0%, 61.7%, 72.7%, 73.2%, 68.2%]",,,,
8,parallel,48,48,0.12621619452010896,0.8236973512021801,1.036872897297144,0.0001111111111111111,64.91111111111111,"[51.7%, 60.9%, 68.7%, 65.1%, 64.1%, 62.0%, 72.8%, 73.2%, 65.7%]",,,,
8,parallel,49,49,0.12586416920365326,0.8094739657414111,1.0927829965949059,0.0001111111111111111,64.83333333333333,"[51.5%, 60.7%, 68.9%, 64.6%, 64.2%, 62.7%, 72.9%, 73.3%, 64.7%]",,,,
8,parallel,50,50,0.12557214388719756,0.8328564468818375,1.0786803532391787,0.0001111111111111111,64.73333333333332,"[51.5%, 60.8%, 68.8%, 64.8%, 64.2%, 61.9%, 73.0%, 73.2%, 64.4%]",,,,
8,parallel,51,51,0.12534011857074187,0.7815920212600804,1.0515826679766178,0.0001111111111111111,64.8111111111111,"[51.2%, 60.9%, 68.6%, 64.8%, 64.0%, 62.1%, 72.6%, 73.3%, 65.8%]",,,,
8,parallel,52,52,0.12516809325428618,0.7763193657126608,1.0112832393497229,0.0001111111111111111,65.01111111111112,"[51.3%, 60.9%, 68.7%, 64.8%, 63.9%, 62.3%, 72.7%, 73.3%, 67.2%]",,,,
8,parallel,53,53,0.12505606793783047,0.766834903366958,1.0372706167399883,0.0001111111111111111,64.72222222222221,"[51.2%, 60.4%, 68.8%, 64.8%, 63.9%, 62.2%, 72.6%, 73.3%, 65.3%]",,,,
8,parallel,54,54,0.12500404262137477,0.7547911918615993,1.0283617731183767,0.0001111111111111111,65.08888888888889,"[51.4%, 60.6%, 68.9%, 64.9%, 64.1%, 62.1%, 72.6%, 73.3%, 67.9%]",,,,
8,parallel,55,55,0.125,0.7661788595628135,1.0225631222128868,0.0001111111111111111,64.93333333333334,"[50.8%, 61.0%, 68.9%, 64.9%, 64.1%, 62.4%, 72.8%, 73.4%, 66.1%]",,,,
8,weights,1,56,0.125,0.7574240361587911,1.0782059133052826,0.0001111111111111111,64.78888888888889,"[51.0%, 61.0%, 68.9%, 64.6%, 64.0%, 62.0%, 72.8%, 73.4%, 65.4%]",,,,
8,weights,2,57,0.125,0.7422650524332554,0.986617973074317,0.0001111111111111111,64.98888888888888,"[51.4%, 61.0%, 68.8%, 64.5%, 64.1%, 61.7%, 72.2%, 73.3%, 67.9%]",,,,
8,weights,3,58,0.125,0.7282638006572482,1.0270861871540546,0.0001111111111111111,65.06666666666666,"[51.5%, 61.2%, 68.8%, 64.7%, 64.0%, 61.6%, 72.5%, 73.3%, 68.0%]",,,,
8,weights,4,59,0.125,0.7425390964821924,1.0785069596022367,0.0001111111111111111,64.66666666666667,"[51.6%, 60.9%, 68.7%, 64.9%, 63.8%, 62.1%, 72.5%, 73.2%, 64.3%]",,,,
8,weights,5,60,0.125,0.7329714532139935,0.9998460356146097,0.0001111111111111111,65.08888888888889,"[51.5%, 60.9%, 68.8%, 64.7%, 64.0%, 62.1%, 72.5%, 73.5%, 67.8%]",,,,
8,weights,6,61,0.125,0.7092041580737392,1.0216073784977198,0.0001111111111111111,65.06666666666666,"[51.8%, 61.0%, 68.9%, 64.7%, 63.8%, 62.3%, 73.1%, 73.4%, 66.6%]",,,,
8,weights,7,62,0.125,0.6871060446093354,0.9314779378473759,0.0001111111111111111,65.25555555555555,"[51.5%, 60.8%, 68.9%, 64.9%, 63.9%, 61.9%, 72.7%, 73.5%, 69.2%]",,,,
8,weights,8,63,0.125,0.7084841494318805,1.008063767105341,0.0001111111111111111,65.17777777777776,"[51.6%, 61.2%, 68.8%, 64.8%, 63.9%, 62.5%, 73.1%, 73.3%, 67.4%]",,,,
8,weights,9,64,0.125,0.6845397462573233,1.0237673688679934,0.0001111111111111111,65.04444444444444,"[51.4%, 60.9%, 68.6%, 64.9%, 63.7%, 62.3%, 72.9%, 73.4%, 67.3%]",,,,
8,weights,10,65,0.125,0.6752743894540811,0.951754754409194,0.0001111111111111111,65.22222222222223,"[51.1%, 61.1%, 68.8%, 64.9%, 63.7%, 61.9%, 72.7%, 73.3%, 69.5%]",,,,
8,weights,11,66,0.125,0.6614448303663278,0.975144537165761,0.0001111111111111111,64.9,"[51.2%, 61.1%, 68.9%, 64.8%, 63.7%, 61.8%, 72.8%, 73.2%, 66.6%]",,,,
8,weights,12,67,0.125,0.6655289655244803,0.9898957069963217,0.0001111111111111111,64.94444444444444,"[51.6%, 60.9%, 68.9%, 64.8%, 63.8%, 61.9%, 72.6%, 73.2%, 66.8%]",,,,
8,weights,13,68,0.125,0.6630681032621408,1.0700426269322634,0.0001111111111111111,64.85555555555555,"[51.1%, 60.9%, 69.0%, 64.8%, 63.7%, 62.2%, 73.0%, 73.3%, 65.7%]",,,,
8,weights,14,69,0.125,0.6555988139744047,0.9612899739295244,0.0001111111111111111,65.07777777777778,"[51.2%, 61.0%, 68.9%, 64.7%, 63.6%, 61.7%, 72.6%, 73.2%, 68.8%]",,,,
8,weights,15,70,0.125,0.6442276907118061,0.9854921642690897,0.0001111111111111111,65.1888888888889,"[51.2%, 60.8%, 69.0%, 64.8%, 63.9%, 62.3%, 73.0%, 73.1%, 68.6%]",,,,
8,weights,16,71,0.125,0.6451105328300332,0.9591128975152969,0.0001111111111111111,65.23333333333333,"[51.4%, 60.7%, 68.9%, 64.7%, 63.8%, 62.0%, 72.8%, 73.2%, 69.6%]",,,,
8,weights,17,72,0.125,0.638149779054183,0.9771259371191263,0.0001111111111111111,65.05555555555556,"[51.5%, 60.7%, 68.8%, 64.7%, 64.0%, 61.8%, 72.4%, 73.2%, 68.4%]",,,,
8,weights,18,73,0.125,0.6409385800361633,0.9723811112344265,0.0001111111111111111,65.14444444444445,"[51.6%, 60.9%, 69.0%, 64.7%, 63.8%, 61.8%, 72.9%, 73.0%, 68.6%]",,,,
8,weights,19,74,0.125,0.6063067362278323,0.9730090983211994,0.0001111111111111111,65.22222222222223,"[51.8%, 60.8%, 69.1%, 64.4%, 64.0%, 62.7%, 73.1%, 73.0%, 68.1%]",,,,
8,weights,20,75,0.125,0.6122782856603212,0.9650300648063421,0.0001111111111111111,65.21111111111111,"[51.7%, 60.8%, 69.1%, 64.6%, 63.8%, 61.8%, 72.5%, 73.1%, 69.5%]",,,,
8,weights,21,76,0.125,0.6116458120979841,0.9431759547442198,0.0001111111111111111,65.13333333333334,"[51.4%, 60.8%, 68.9%, 64.4%, 64.1%, 62.0%, 72.9%, 73.1%, 68.6%]",,,,
8,weights,22,77,0.125,0.5844078154503545,0.9542135689407587,0.0001111111111111111,65.22222222222223,"[51.4%, 60.9%, 69.1%, 64.6%, 64.0%, 62.1%, 72.5%, 73.2%, 69.2%]",,,,
8,weights,23,78,0.125,0.5902372546776941,1.0019849063828588,0.0001111111111111111,65.01111111111112,"[51.3%, 60.6%, 68.9%, 64.6%, 63.9%, 61.9%, 72.2%, 73.2%, 68.5%]",,,,
8,weights,24,79,0.125,0.591762699281113,0.9953046189621091,0.0001111111111111111,65.1,"[51.4%, 60.9%, 68.9%, 64.3%, 63.8%, 62.1%, 72.8%, 72.9%, 68.8%]",,,,
8,weights,25,80,0.125,0.6035138323337217,0.9509777138009667,0.0001111111111111111,65.35555555555555,"[51.4%, 60.8%, 68.7%, 64.4%, 63.8%, 61.9%, 72.6%, 73.1%, 71.5%]",49.17777777777778,"[0.0%, 40.4%, 59.3%, 56.8%, 54.6%, 50.4%, 69.5%, 66.9%, 44.7%]",49.62222222222222,"[38.3%, 55.0%, 55.1%, 40.7%, 50.8%, 43.4%, 59.9%, 52.2%, 51.2%]"
9,parallel,1,1,0.125,5.071435385112521,4.067573100328445,0.0001111111111111111,58.790000000000006,"[51.9%, 61.2%, 70.0%, 64.9%, 63.6%, 59.6%, 72.8%, 73.2%, 70.7%, 0.0%]",,,,
9,parallel,2,2,0.125,3.288455489315564,2.657833620905876,0.0001111111111111111,59.720000000000006,"[51.9%, 60.6%, 70.1%, 64.8%, 63.8%, 59.3%, 72.8%, 73.2%, 70.7%, 10.0%]",,,,
9,parallel,3,3,0.125,2.4772997687134564,2.3843063712120056,0.0001111111111111111,59.7,"[52.2%, 60.7%, 70.0%, 64.9%, 63.7%, 59.3%, 72.8%, 72.9%, 70.5%, 10.0%]",,,,
9,parallel,4,4,0.125,2.365385423732709,2.347443535923958,0.0001111111111111111,59.73,"[52.3%, 60.7%, 70.2%, 64.7%, 63.7%, 59.4%, 72.9%, 72.9%, 70.5%, 10.0%]",,,,
9,parallel,5,5,0.125,2.3414945542057857,2.3312840461730957,0.0001111111111111111,59.739999999999995,"[52.1%, 60.7%, 70.2%, 64.7%, 63.7%, 59.5%, 73.1%, 72.9%, 70.5%, 10.0%]",,,,
9,parallel,6,6,0.125,2.3317267079896564,2.3271792829036713,0.0001111111111111111,59.739999999999995,"[52.0%, 60.7%, 70.2%, 64.7%, 63.9%, 59.5%, 73.1%, 72.9%, 70.4%, 10.0%]",,,,
9,parallel,7,7,0.125,2.325098140330254,2.318250432610512,0.0001111111111111111,59.67999999999999,"[52.1%, 60.7%, 70.2%, 64.4%, 63.8%, 59.3%, 72.9%, 72.9%, 70.5%, 10.0%]",,,,
9,parallel,8,8,0.125,2.274911421763746,2.2025750875473022,0.0001111111111111111,60.339999999999996,"[51.6%, 60.3%, 69.8%, 64.5%, 63.7%, 59.8%, 73.0%, 72.9%, 70.5%, 17.3%]",,,,
9,parallel,9,9,0.125,2.0715485826323303,1.98410464823246,0.0001111111111111111,59.93000000000001,"[51.9%, 53.8%, 69.7%, 64.3%, 63.8%, 55.4%, 72.9%, 73.1%, 69.2%, 25.2%]",,,,
9,parallel,10,10,0.125,1.9263073055050042,1.8867336064577103,0.0001111111111111111,60.92999999999999,"[52.1%, 54.5%, 69.8%, 64.1%, 63.7%, 58.7%, 73.2%, 73.0%, 69.3%, 30.9%]",,,,
9,parallel,11,11,0.125,1.7622972922989084,1.7459157034754753,0.0001111111111111111,61.58,"[51.7%, 57.2%, 69.7%, 64.4%, 63.9%, 56.1%, 73.0%, 73.1%, 69.9%, 36.8%]",,,,
9,parallel,12,12,0.125,1.629571994648704,1.7307698987424374,0.0001111111111111111,61.760000000000005,"[51.9%, 58.1%, 69.8%, 64.4%, 63.8%, 58.3%, 73.1%, 73.1%, 69.1%, 36.0%]",,,,
9,parallel,13,13,0.125,1.5649578978743734,1.6298940852284431,0.0001111111111111111,62.10999999999999,"[51.7%, 57.8%, 69.1%, 64.0%, 64.0%, 57.0%, 73.2%, 73.2%, 69.8%, 41.3%]",,,,
9,parallel,14,14,0.125,1.5087051406691345,1.574237834662199,0.0001111111111111111,62.45,"[51.6%, 55.8%, 69.6%, 64.3%, 63.9%, 58.4%, 72.9%, 73.2%, 69.8%, 45.0%]",,,,
9,parallel,15,15,0.125,1.4280875423286534,1.4819819070398808,0.0001111111111111111,63.129999999999995,"[51.6%, 56.9%, 70.1%, 64.3%, 63.9%, 58.7%, 73.0%, 73.1%, 70.1%, 49.6%]",,,,
9,parallel,16,16,0.125,1.3616704412653475,1.6117075383663177,0.0001111111111111111,62.59000000000001,"[51.5%, 57.2%, 70.4%, 64.0%, 63.8%, 58.4%, 72.9%, 73.1%, 69.7%, 44.9%]",,,,
9,parallel,17,17,0.125,1.3186099250105363,1.37184327095747,0.0001111111111111111,63.69000000000001,"[51.5%, 59.2%, 70.1%, 63.9%, 63.9%, 58.6%, 73.1%, 73.1%, 69.8%, 53.7%]",,,,
9,parallel,18,18,0.125,1.2505951750127575,1.3313329070806503,0.0001111111111111111,63.679999999999986,"[51.3%, 59.1%, 69.3%, 64.2%, 63.9%, 59.4%, 72.9%, 73.0%, 69.4%, 54.3%]",,,,
9,parallel,19,19,0.125,1.2152221451831768,1.2967462688684464,0.0001111111111111111,63.7,"[51.4%, 57.6%, 68.9%, 63.4%, 63.8%, 59.8%, 73.1%, 73.0%, 69.6%, 56.4%]",,,,
9,parallel,20,20,0.125,1.1914367705960818,1.3064130321145058,0.0001111111111111111,63.739999999999995,"[51.4%, 58.9%, 69.5%, 63.1%, 63.9%, 59.5%, 73.0%, 73.0%, 69.9%, 55.2%]",,,,
9,parallel,21,21,0.125,1.1415763172922255,1.2702061422169209,0.0001111111111111111,64.06,"[51.8%, 57.4%, 69.8%, 63.4%, 63.9%, 61.0%, 73.1%, 73.1%, 69.9%, 57.2%]",,,,
9,parallel,22,22,0.125,1.0888614435739155,1.2887307852506638,0.0001111111111111111,63.9,"[51.4%, 58.1%, 69.4%, 63.4%, 63.9%, 59.5%, 73.1%, 73.1%, 70.4%, 56.7%]",,,,
9,parallel,23,23,0.125,1.0786495359638069,1.1873658448457718,0.0001111111111111111,64.19,"[51.4%, 57.9%, 69.6%, 63.5%, 63.7%, 60.2%, 73.1%, 73.0%, 69.9%, 59.6%]",,,,
9,parallel,24,24,0.125,1.0468450324444831,1.1410551331937313,0.0001111111111111111,64.32000000000001,"[51.4%, 57.9%, 69.7%, 63.1%, 63.4%, 59.3%, 73.3%, 72.9%, 70.1%, 62.1%]",,,,
9,parallel,25,25,0.125,1.0126368659961074,1.1244652941823006,0.0001111111111111111,64.44,"[51.6%, 58.9%, 69.8%, 63.0%, 63.7%, 59.7%, 73.5%, 73.1%, 69.7%, 61.4%]",,,,
9,parallel,26,26,0.125,0.985073589825932,1.2157804667949677,0.0001111111111111111,64.10999999999999,"[51.6%, 57.5%, 69.8%, 63.2%, 63.7%, 59.6%, 73.7%, 72.8%, 69.9%, 59.3%]",,,,
9,parallel,27,27,0.125,0.9831420077553278,1.1404773071408272,0.0001111111111111111,64.25,"[51.7%, 58.8%, 69.0%, 62.8%, 63.3%, 59.8%, 73.5%, 72.9%, 69.8%, 60.9%]",,,,
9,parallel,28,28,0.125,0.9629960407184649,1.1609962694346905,0.0001111111111111111,64.33000000000001,"[51.7%, 57.7%, 69.1%, 62.9%, 63.4%, 60.2%, 73.5%, 72.9%, 69.7%, 62.2%]",,,,
9,parallel,29,29,0.125,0.949836059461666,1.049616027623415,0.0001111111111111111,64.91999999999999,"[51.8%, 57.8%, 69.5%, 63.1%, 63.4%, 60.9%, 73.4%, 72.8%, 70.1%, 66.4%]",,,,
9,parallel,30,30,0.125,0.9026803947702239,1.0890044420957565,0.0001111111111111111,64.63,"[51.8%, 57.9%, 69.4%, 63.2%, 63.4%, 59.6%, 73.5%, 72.8%, 69.8%, 64.9%]",,,,
9,parallel,31,31,0.125,0.8944046625608131,1.2076170891523361,0.0001111111111111111,64.16,"[51.6%, 58.1%, 69.5%, 63.2%, 63.7%, 59.3%, 73.6%, 73.0%, 69.8%, 59.8%]",,,,
9,parallel,32,32,0.125,0.8977134250387361,1.0002567805349827,0.0001111111111111111,64.97000000000001,"[51.7%, 58.8%, 69.3%, 62.9%, 63.5%, 59.6%, 73.3%, 73.0%, 69.9%, 67.7%]",,,,
9,parallel,33,33,0.125,0.8650835216799869,1.013344131410122,0.0001111111111111111,64.9,"[51.6%, 58.2%, 69.7%, 62.8%, 63.6%, 59.6%, 73.6%, 73.1%, 69.8%, 67.0%]",,,,
9,parallel,34,34,0.125,0.8338873831531669,1.04805401340127,0.0001111111111111111,64.63,"[51.6%, 57.4%, 69.7%, 62.9%, 63.5%, 59.6%, 73.4%, 72.9%, 69.8%, 65.5%]",,,,
9,parallel,35,35,0.125,0.8126761837850643,1.0422519072890282,0.0001111111111111111,64.87,"[51.7%, 59.3%, 69.4%, 63.2%, 63.3%, 59.2%, 73.3%, 72.8%, 70.0%, 66.5%]",,,,
9,parallel,36,36,0.125,0.796715221073054,1.009999267756939,0.0001111111111111111,64.96000000000001,"[51.8%, 58.6%, 70.0%, 63.4%, 63.5%, 59.8%, 73.3%, 72.9%, 70.3%, 66.0%]",,,,
9,parallel,37,37,0.125,0.7830619842191285,1.005003560334444,0.0001111111111111111,64.91,"[51.7%, 58.8%, 69.1%, 63.3%, 63.3%, 60.3%, 73.2%, 72.7%, 69.5%, 67.2%]",,,,
9,parallel,38,38,0.125,0.7703471312040016,0.9350952692329884,0.0001111111111111111,65.12,"[52.0%, 58.2%, 69.0%, 63.5%, 63.5%, 59.7%, 73.4%, 72.7%, 70.5%, 68.7%]",,,,
9,parallel,39,39,0.125,0.7539393769789345,0.9688220918178558,0.0001111111111111111,65.13000000000001,"[51.7%, 58.2%, 68.7%, 63.2%, 63.4%, 60.2%, 73.8%, 72.8%, 70.2%, 69.1%]",,,,
9,parallel,40,40,0.125,0.7588823769665971,0.9289688896387815,0.0001111111111111111,64.99,"[51.7%, 57.6%, 68.5%, 63.2%, 63.7%, 60.0%, 73.7%, 72.6%, 70.1%, 68.8%]",,,,
9,parallel,41,41,0.125,0.7301690182353877,0.9449651334434748,0.0001111111111111111,64.86999999999999,"[51.7%, 58.5%, 68.8%, 63.2%, 63.8%, 60.0%, 73.7%, 72.7%, 69.9%, 66.4%]",,,,
9,parallel,42,42,0.125,0.7218946799447264,0.9225501026958227,0.0001111111111111111,65.14,"[51.7%, 58.5%, 69.3%, 63.1%, 63.8%, 59.9%, 73.4%, 72.5%, 70.2%, 69.0%]",,,,
9,parallel,43,43,0.125,0.7018924264968196,0.974361227825284,0.0001111111111111111,64.95,"[51.6%, 58.4%, 68.7%, 62.9%, 63.8%, 59.7%, 73.5%, 72.4%, 69.2%, 69.3%]",,,,
9,parallel,44,44,0.125,0.6925939947743959,0.953322883695364,0.0001111111111111111,64.84,"[51.7%, 58.3%, 68.8%, 62.9%, 63.6%, 60.4%, 73.3%, 72.5%, 69.7%, 67.2%]",,,,
9,parallel,45,45,0.125,0.7091032402424873,0.906328709796071,0.0001111111111111111,65.13,"[51.8%, 58.1%, 68.5%, 62.9%, 63.9%, 60.3%, 73.9%, 72.7%, 69.8%, 69.4%]",,,,
9,parallel,46,46,0.125,0.6581438070611109,0.983977360650897,0.0001111111111111111,64.88000000000001,"[51.6%, 58.3%, 68.6%, 63.0%, 63.6%, 59.8%, 73.9%, 72.5%, 69.6%, 67.9%]",,,,
9,parallel,47,47,0.125,0.6742023305047916,0.988599231466651,0.0001111111111111111,64.87,"[51.7%, 58.5%, 68.8%, 62.9%, 63.4%, 60.6%, 73.7%, 72.5%, 69.5%, 67.1%]",,,,
9,parallel,48,48,0.125,0.6743269849427139,0.9227710403501987,0.0001111111111111111,65.14999999999999,"[51.8%, 58.9%, 69.0%, 62.9%, 63.6%, 60.4%, 73.7%, 72.4%, 69.4%, 69.4%]",,,,
9,parallel,49,49,0.125,0.6325318568114993,0.8833859413862228,0.0001111111111111111,65.11,"[51.8%, 57.8%, 69.3%, 62.8%, 63.4%, 60.8%, 73.5%, 72.4%, 69.1%, 70.2%]",,,,
9,parallel,50,50,0.125,0.6277926319007632,0.9145379979163408,0.0001111111111111111,64.96000000000001,"[51.9%, 57.3%, 68.7%, 62.6%, 63.7%, 60.9%, 73.5%, 72.4%, 69.7%, 68.9%]",,,,
9,parallel,51,51,0.125,0.621330967432336,0.9819900020956993,0.0001111111111111111,64.96000000000001,"[51.8%, 57.9%, 69.1%, 62.7%, 63.6%, 60.7%, 73.5%, 72.4%, 69.6%, 68.3%]",,,,
9,parallel,52,52,0.125,0.6479557428178908,0.8560565207153559,0.0001111111111111111,65.26,"[51.9%, 57.6%, 69.2%, 62.8%, 63.7%, 60.0%, 73.2%, 72.4%, 69.7%, 72.1%]",,,,
9,parallel,53,53,0.125,0.6335481488251988,0.866080142557621,0.0001111111111111111,65.18,"[51.9%, 58.3%, 69.4%, 62.7%, 63.4%, 60.2%, 73.8%, 72.4%, 69.7%, 70.0%]",,,,
9,parallel,54,54,0.125,0.6016856635673137,0.8788082264363766,0.0001111111111111111,65.07,"[51.8%, 57.9%, 69.2%, 62.4%, 63.4%, 60.4%, 73.7%, 72.5%, 70.3%, 69.1%]",,,,
9,parallel,55,55,0.125,0.5826057054196732,0.8006202802062035,0.0001111111111111111,65.46,"[51.8%, 58.2%, 68.7%, 62.6%, 63.3%, 59.6%, 74.1%, 72.5%, 70.3%, 73.5%]",,,,
9,weights,1,56,0.125,0.5763889919683526,0.8843664266169071,0.0001111111111111111,65.09,"[51.9%, 58.1%, 69.1%, 62.8%, 63.3%, 59.7%, 73.5%, 72.5%, 69.5%, 70.5%]",,,,
9,weights,2,57,0.125,0.556528287975094,0.8759222328662872,0.0001111111111111111,65.17,"[52.1%, 57.1%, 69.2%, 63.0%, 63.4%, 59.6%, 73.5%, 72.4%, 69.9%, 71.5%]",,,,
9,weights,3,58,0.125,0.581419544129432,0.8478650953620672,0.0001111111111111111,65.2,"[52.0%, 57.7%, 68.9%, 62.5%, 63.2%, 59.7%, 73.6%, 72.5%, 69.8%, 72.1%]",,,,
9,weights,4,59,0.125,0.556567401071138,0.8684962764382362,0.0001111111111111111,65.13,"[51.6%, 57.8%, 69.3%, 62.9%, 63.3%, 60.0%, 73.4%, 72.5%, 70.0%, 70.5%]",,,,
9,weights,5,60,0.125,0.5526823737198794,0.8471539728343487,0.0001111111111111111,65.16,"[51.8%, 57.5%, 69.4%, 62.7%, 63.2%, 59.5%, 73.4%, 72.5%, 70.1%, 71.5%]",,,,
9,weights,6,61,0.125,0.5420065933390509,0.8442609906196594,0.0001111111111111111,65.2,"[51.6%, 57.7%, 69.0%, 62.7%, 62.8%, 60.7%, 73.1%, 72.4%, 70.1%, 71.9%]",,,,
9,weights,7,62,0.125,0.553086367589009,0.8996153082698584,0.0001111111111111111,65.01,"[51.6%, 57.2%, 68.8%, 62.6%, 63.3%, 59.8%, 73.4%, 72.5%, 70.1%, 70.8%]",,,,
9,weights,8,63,0.125,0.52549371953252,0.8416424188762903,0.0001111111111111111,65.2,"[51.7%, 57.9%, 68.9%, 62.6%, 63.3%, 59.5%, 73.1%, 72.5%, 69.8%, 72.7%]",,,,
9,weights,9,64,0.125,0.5523164547696898,0.8512855563312769,0.0001111111111111111,65.41,"[51.5%, 58.0%, 69.0%, 62.6%, 63.2%, 60.7%, 73.1%, 72.5%, 70.3%, 73.2%]",,,,
9,weights,10,65,0.125,0.5273672240444377,0.8861644323915243,0.0001111111111111111,65.21000000000001,"[51.6%, 57.2%, 68.6%, 62.9%, 63.1%, 59.4%, 73.1%, 72.5%, 70.7%, 73.0%]",,,,
9,weights,11,66,0.125,0.5020459079289739,0.8769594915211201,0.0001111111111111111,65.1,"[51.6%, 57.4%, 69.1%, 62.7%, 63.2%, 59.9%, 73.1%, 72.5%, 70.1%, 71.4%]",,,,
9,weights,12,67,0.125,0.5215704094005537,0.8517677970230579,0.0001111111111111111,65.27,"[51.8%, 57.4%, 68.7%, 62.8%, 63.1%, 59.3%, 73.2%, 72.5%, 70.6%, 73.3%]",,,,
9,weights,13,68,0.125,0.5120264457750924,0.8008147217333317,0.0001111111111111111,65.36999999999999,"[51.4%, 57.9%, 68.5%, 62.6%, 63.1%, 59.9%, 73.2%, 72.5%, 70.8%, 73.8%]",,,,
9,weights,14,69,0.125,0.49391215624688545,0.8409778196364641,0.0001111111111111111,65.22999999999999,"[51.5%, 57.4%, 68.8%, 62.4%, 63.2%, 59.5%, 73.1%, 72.5%, 70.3%, 73.6%]",,,,
9,weights,15,70,0.125,0.4787892936905728,0.9153844360262156,0.0001111111111111111,65.07,"[51.2%, 57.3%, 68.6%, 62.5%, 63.1%, 60.2%, 72.9%, 72.4%, 71.0%, 71.5%]",,,,
9,weights,16,71,0.125,0.4927241900299169,0.8464695196598768,0.0001111111111111111,65.16999999999999,"[51.5%, 57.5%, 68.4%, 62.6%, 63.2%, 60.2%, 73.0%, 72.5%, 70.9%, 71.9%]",,,,
9,weights,17,72,0.125,0.4802116083947918,0.8145775031298399,0.0001111111111111111,65.35,"[51.4%, 57.3%, 68.8%, 62.7%, 63.0%, 60.4%, 73.1%, 72.6%, 70.9%, 73.3%]",,,,
9,weights,18,73,0.125,0.47847161111952385,0.8671549577265978,0.0001111111111111111,65.17,"[51.5%, 57.8%, 67.8%, 62.5%, 63.1%, 61.6%, 72.8%, 72.6%, 70.7%, 71.3%]",,,,
9,weights,19,74,0.125,0.4831509925896608,0.8089540861546993,0.0001111111111111111,65.41,"[51.6%, 57.4%, 68.7%, 62.2%, 63.1%, 60.8%, 73.0%, 72.4%, 70.9%, 74.0%]",,,,
9,weights,20,75,0.125,0.44325313047517706,0.8126737754791975,0.0001111111111111111,65.44,"[51.6%, 57.6%, 68.5%, 62.8%, 62.8%, 60.7%, 73.1%, 72.4%, 70.8%, 74.1%]",,,,
9,weights,21,76,0.125,0.44739353109764146,0.871626915410161,0.0001111111111111111,65.25,"[51.6%, 57.6%, 68.2%, 63.1%, 63.0%, 60.1%, 73.0%, 72.4%, 70.7%, 72.8%]",,,,
9,weights,22,77,0.125,0.4400457860548285,0.8463116511702538,0.0001111111111111111,65.36,"[51.6%, 57.9%, 68.2%, 63.0%, 63.1%, 60.3%, 73.0%, 72.4%, 70.6%, 73.5%]",,,,
9,weights,23,78,0.125,0.4572959114101869,0.8114493563771248,0.0001111111111111111,65.30000000000001,"[51.7%, 57.1%, 68.3%, 63.0%, 63.0%, 60.3%, 73.4%, 72.4%, 70.2%, 73.6%]",,,,
9,weights,24,79,0.125,0.45587721259533603,0.786806546151638,0.0001111111111111111,65.39,"[51.6%, 57.6%, 68.7%, 62.7%, 63.1%, 60.3%, 73.3%, 72.4%, 70.4%, 73.8%]",,,,
9,weights,25,80,0.125,0.44867950319489347,0.8248923178762197,0.0001111111111111111,65.22,"[51.5%, 57.3%, 68.1%, 62.5%, 63.1%, 59.8%, 73.3%, 72.4%, 70.4%, 73.8%]",49.81,"[5.6%, 38.2%, 51.1%, 56.8%, 50.8%, 42.4%, 70.4%, 65.4%, 47.4%, 70.0%]",50.03,"[39.2%, 42.0%, 51.1%, 56.3%, 50.8%, 38.9%, 60.5%, 55.4%, 47.6%, 58.5%]"
