task_idx,phase,epoch_in_phase,global_epoch,kappa,train_loss,val_loss,lr,til_avg,til_per_task,cil_stand_avg,cil_stand_per_task,cil_znorm_avg,cil_znorm_per_task
0,parallel,1,1,0.5,2.5476335935954806,2.1982306614518166,0.001,21.9,[21.9%],,,,
0,parallel,2,2,0.5,2.1250278979917114,1.9820018708705902,0.001,34.1,[34.1%],,,,
0,parallel,3,3,0.5,1.9187474839295013,1.8027809336781502,0.001,38.5,[38.5%],,,,
0,parallel,4,4,0.5,1.712853786311572,1.6196758225560188,0.001,45.5,[45.5%],,,,
0,parallel,5,5,0.4905664156385195,1.6041135139103178,1.557817880064249,0.001,46.8,[46.8%],,,,
0,parallel,6,6,0.475906289056241,1.515434452250034,1.5331550985574722,0.001,47.4,[47.4%],,,,
0,parallel,7,7,0.4615461624739625,1.4036613129362274,1.3967261370271444,0.001,51.3,[51.3%],,,,
0,parallel,8,8,0.447486035891684,1.2905059924608544,1.4355227760970592,0.001,52.6,[52.6%],,,,
0,parallel,9,9,0.4337259093094055,1.2519065881077247,1.1786470543593168,0.001,59.9,[59.9%],,,,
0,parallel,10,10,0.42026578272712706,1.1676650545265101,1.3767962167039514,0.001,53.1,[53.1%],,,,
0,parallel,11,11,0.4071056561448486,1.1415047192875343,1.2900966070592403,0.001,56.7,[56.7%],,,,
0,parallel,12,12,0.39424552956257014,1.0853559027744244,1.0843361262232065,0.001,64.3,[64.3%],,,,
0,parallel,13,13,0.38168540298029163,1.0484749093840393,1.1008662767708302,0.001,60.6,[60.6%],,,,
0,parallel,14,14,0.36942527639801315,1.001706137687345,1.12808021530509,0.001,62.0,[62.0%],,,,
0,parallel,15,15,0.35746514981573463,0.971759523017497,1.0217732302844524,0.001,65.5,[65.5%],,,,
0,parallel,16,16,0.34580502323345613,0.9106750390197658,1.0032780934125185,0.001,63.9,[63.9%],,,,
0,parallel,17,17,0.33444489665117766,0.9351515053193781,1.000017900019884,0.001,65.3,[65.3%],,,,
0,parallel,18,18,0.32338477006889915,0.8977405029007152,1.0818357523530722,0.001,62.3,[62.3%],,,,
0,parallel,19,19,0.3126246434866208,0.8389094411572323,1.045117998495698,0.001,64.0,[64.0%],,,,
0,parallel,20,20,0.30216451690434226,0.8458344627030289,0.9799242075532675,0.001,65.9,[65.9%],,,,
0,parallel,21,21,0.29200439032206377,0.834425220761118,1.1124867219477892,0.001,63.0,[63.0%],,,,
0,parallel,22,22,0.2821442637397853,0.7796630583986451,1.0569613948464394,0.001,65.8,[65.8%],,,,
0,parallel,23,23,0.27258413715750685,0.8254280354403243,0.9836258180439472,0.001,65.9,[65.9%],,,,
0,parallel,24,24,0.26332401057522836,0.775673673122744,0.8976730983704329,0.001,69.0,[69.0%],,,,
0,parallel,25,25,0.25436388399294985,0.7854819931561434,1.0270763784646988,0.001,65.7,[65.7%],,,,
0,parallel,26,26,0.24570375741067135,0.7906906129438666,0.858354065567255,0.001,72.4,[72.4%],,,,
0,parallel,27,27,0.23734363082839288,0.7572133205359495,0.9273641239851713,0.001,69.0,[69.0%],,,,
0,parallel,28,28,0.22928350424611438,0.7614686289165593,0.9457849934697151,0.001,69.2,[69.2%],,,,
0,parallel,29,29,0.2215233776638359,0.7470624884472618,0.9438677001744509,0.001,68.5,[68.5%],,,,
0,parallel,30,30,0.21406325108155744,0.7943307014205788,1.0478747803717852,0.001,64.8,[64.8%],,,,
0,parallel,31,31,0.20690312449927897,0.7602353771276111,0.9948650058358908,0.0003333333333333333,67.1,[67.1%],,,,
0,parallel,32,32,0.20004299791700048,0.7191723570039,0.8743639960885048,0.0003333333333333333,71.6,[71.6%],,,,
0,parallel,33,33,0.193482871334722,0.6819262617751013,0.8811899237334728,0.0003333333333333333,70.8,[70.8%],,,,
0,parallel,34,34,0.1872227447524435,0.6971322482899774,0.9930317159742117,0.0003333333333333333,67.8,[67.8%],,,,
0,parallel,35,35,0.18126261817016504,0.7108643681188173,0.9479073900729418,0.0003333333333333333,68.8,[68.8%],,,,
0,parallel,36,36,0.17560249158788657,0.7464674137815644,0.9013080354779959,0.0001111111111111111,70.5,[70.5%],,,,
0,parallel,37,37,0.17024236500560808,0.8758598588689973,1.0573772490024567,0.0001111111111111111,65.8,[65.8%],,,,
0,parallel,38,38,0.1651822384233296,0.8827967243858531,1.0227971859276295,0.0001111111111111111,67.1,[67.1%],,,,
0,parallel,39,39,0.1604221118410511,0.9237293314330185,1.0486011356115341,0.0001111111111111111,66.6,[66.6%],,,,
0,parallel,40,40,0.15596198525877264,0.9888053604319126,1.2330357301980257,0.0001111111111111111,61.0,[61.0%],,,,
0,parallel,41,41,0.15180185867649415,1.0229949822908715,1.1215595826506615,0.0001111111111111111,66.8,[66.8%],,,,
0,parallel,42,42,0.14794173209421568,1.0447142207169835,1.1223760023713112,0.0001111111111111111,65.6,[65.6%],,,,
0,parallel,43,43,0.14438160551193718,1.013052125520344,1.1214465666562319,0.0001111111111111111,65.2,[65.2%],,,,
0,parallel,44,44,0.1411214789296587,0.979321954371054,1.0968456454575062,0.0001111111111111111,65.7,[65.7%],,,,
0,parallel,45,45,0.13816135234738022,1.284902892535246,1.3108955416828394,0.0001111111111111111,59.3,[59.3%],,,,
0,parallel,46,46,0.13550122576510173,1.148535175414025,1.2382892332971096,0.0001111111111111111,60.6,[60.6%],,,,
0,parallel,47,47,0.13314109918282327,1.1252520899229412,1.2216618955135345,0.0001111111111111111,61.5,[61.5%],,,,
0,parallel,48,48,0.13108097260054477,1.164001836806913,1.261979665607214,0.0001111111111111111,59.0,[59.0%],,,,
0,parallel,49,49,0.1293208460182663,1.0878223822086672,1.2108006291091442,0.0001111111111111111,61.3,[61.3%],,,,
0,parallel,50,50,0.1278607194359878,1.0900415913968147,1.1822154372930527,0.0001111111111111111,62.3,[62.3%],,,,
0,parallel,51,51,0.12670059285370935,1.0517911692208881,1.1696629859507084,0.0001111111111111111,62.3,[62.3%],,,,
0,parallel,52,52,0.12584046627143086,1.027363100383855,1.169664990156889,0.0001111111111111111,61.8,[61.8%],,,,
0,parallel,53,53,0.1252803396891524,0.9815578294705741,1.1638797223567963,0.0001111111111111111,62.7,[62.7%],,,,
0,parallel,54,54,0.1250202131068739,0.9710876058928574,1.1566513124853373,0.0001111111111111111,62.6,[62.6%],,,,
0,parallel,55,55,0.125,0.9695141911506653,1.1271592024713755,0.0001111111111111111,64.1,[64.1%],,,,
0,weights,1,56,0.125,0.9352922296222252,1.0944772455841303,0.0001111111111111111,64.1,[64.1%],,,,
0,weights,2,57,0.125,0.9222910683366317,1.057726662606001,0.0001111111111111111,65.3,[65.3%],,,,
0,weights,3,58,0.125,0.9098152020309545,1.0697220675647259,0.0001111111111111111,65.1,[65.1%],,,,
0,weights,4,59,0.125,0.9096904283837427,1.0699903704226017,0.0001111111111111111,64.9,[64.9%],,,,
0,weights,5,60,0.125,0.8875400054303906,1.073463225737214,0.0001111111111111111,64.4,[64.4%],,,,
0,weights,6,61,0.125,0.8788228623474701,1.05506094917655,0.0001111111111111111,65.9,[65.9%],,,,
0,weights,7,62,0.125,0.8775388900237747,1.0703099220991135,0.0001111111111111111,65.0,[65.0%],,,,
0,weights,8,63,0.125,0.8560984187488314,1.0315062925219536,0.0001111111111111111,66.2,[66.2%],,,,
0,weights,9,64,0.125,0.8377192450475089,1.0399821661412716,0.0001111111111111111,66.8,[66.8%],,,,
0,weights,10,65,0.125,0.8326565261128582,1.0444552041590214,0.0001111111111111111,67.6,[67.6%],,,,
0,weights,11,66,0.125,0.8253069112572489,1.01410092972219,0.0001111111111111111,66.0,[66.0%],,,,
0,weights,12,67,0.125,0.8147925085659269,1.0056927762925625,0.0001111111111111111,66.8,[66.8%],,,,
0,weights,13,68,0.125,0.8182615909395339,1.0071182884275913,0.0001111111111111111,68.1,[68.1%],,,,
0,weights,14,69,0.125,0.7940388740618017,1.0020192451775074,0.0001111111111111111,67.8,[67.8%],,,,
0,weights,15,70,0.125,0.787190672717517,1.034677255898714,0.0001111111111111111,65.9,[65.9%],,,,
0,weights,16,71,0.125,0.7753907494907137,0.9693396873772144,0.0001111111111111111,68.1,[68.1%],,,,
0,weights,17,72,0.125,0.7874008153058305,0.9814759790897369,0.0001111111111111111,68.3,[68.3%],,,,
0,weights,18,73,0.125,0.7704133542278145,1.0298334583640099,0.0001111111111111111,65.9,[65.9%],,,,
0,weights,19,74,0.125,0.7696630781209921,0.9701162651181221,0.0001111111111111111,68.3,[68.3%],,,,
0,weights,20,75,0.125,0.770205083904387,0.9877536296844482,0.0001111111111111111,68.2,[68.2%],,,,
0,weights,21,76,0.125,0.7497717368451855,0.9807795844972134,0.0001111111111111111,69.0,[69.0%],,,,
0,weights,22,77,0.125,0.752044470249852,1.0041311085224152,0.0001111111111111111,67.9,[67.9%],,,,
0,weights,23,78,0.125,0.730741340714165,0.9709434844553471,0.0001111111111111111,69.1,[69.1%],,,,
0,weights,24,79,0.125,0.729613457299486,0.9391900338232517,0.0001111111111111111,69.5,[69.5%],,,,
0,weights,25,80,0.125,0.7420980945418153,0.9505458921194077,0.0001111111111111111,69.4,[69.4%],69.4,[69.4%],69.4,[69.4%]
1,parallel,1,1,0.5,2.927645366403121,2.3300573527812958,0.0001111111111111111,39.7,"[69.4%, 10.0%]",,,,
1,parallel,2,2,0.5,2.2937383893169936,2.186207637190819,0.0001111111111111111,44.2,"[69.4%, 19.0%]",,,,
1,parallel,3,3,0.5,2.1203562851193585,2.0533242374658585,0.0001111111111111111,44.85,"[69.4%, 20.3%]",,,,
1,parallel,4,4,0.5,2.0354102985768376,1.9851201437413692,0.0001111111111111111,45.95,"[69.4%, 22.5%]",,,,
1,parallel,5,5,0.4905664156385195,1.956437288960324,1.8957528993487358,0.0001111111111111111,47.550000000000004,"[69.4%, 25.7%]",,,,
1,parallel,6,6,0.475906289056241,1.8885735439348825,1.8201463744044304,0.0001111111111111111,49.800000000000004,"[69.4%, 30.2%]",,,,
1,parallel,7,7,0.4615461624739625,1.7895673573771609,1.7258310206234455,0.0001111111111111111,53.35,"[69.4%, 37.3%]",,,,
1,parallel,8,8,0.447486035891684,1.6968776123433174,1.6845460012555122,0.0001111111111111111,54.2,"[69.4%, 39.0%]",,,,
1,parallel,9,9,0.4337259093094055,1.6216930407512038,1.6182095259428024,0.0001111111111111111,55.300000000000004,"[69.4%, 41.2%]",,,,
1,parallel,10,10,0.42026578272712706,1.5432318388661252,1.521857537329197,0.0001111111111111111,57.6,"[69.4%, 45.8%]",,,,
1,parallel,11,11,0.4071056561448486,1.45269040669067,1.456557758152485,0.0001111111111111111,59.25,"[69.4%, 49.1%]",,,,
1,parallel,12,12,0.39424552956257014,1.4056227765505827,1.4577368795871735,0.0001111111111111111,59.300000000000004,"[69.4%, 49.2%]",,,,
1,parallel,13,13,0.38168540298029163,1.3463146867631357,1.4299020431935787,0.0001111111111111111,59.85,"[69.4%, 50.3%]",,,,
1,parallel,14,14,0.36942527639801315,1.2877743598781055,1.3914254568517208,0.0001111111111111111,59.550000000000004,"[69.4%, 49.7%]",,,,
1,parallel,15,15,0.35746514981573463,1.2136799059336698,1.227722354233265,0.0001111111111111111,64.05000000000001,"[69.4%, 58.7%]",,,,
1,parallel,16,16,0.34580502323345613,1.1812182189543037,1.2355316653847694,0.0001111111111111111,63.150000000000006,"[69.4%, 56.9%]",,,,
1,parallel,17,17,0.33444489665117766,1.1405777252173122,1.2682298384606838,0.0001111111111111111,62.900000000000006,"[69.4%, 56.4%]",,,,
1,parallel,18,18,0.32338477006889915,1.1108843133419375,1.2568758074194193,0.0001111111111111111,61.6,"[69.4%, 53.8%]",,,,
1,parallel,19,19,0.3126246434866208,1.0778486555135702,1.190430387854576,0.0001111111111111111,63.800000000000004,"[69.4%, 58.2%]",,,,
1,parallel,20,20,0.30216451690434226,1.0476680994033813,1.1739178523421288,0.0001111111111111111,64.55000000000001,"[69.4%, 59.7%]",,,,
1,parallel,21,21,0.29200439032206377,1.0255711161637608,1.2144818045198917,0.0001111111111111111,64.4,"[69.4%, 59.4%]",,,,
1,parallel,22,22,0.2821442637397853,1.0096099240870415,1.120289158076048,0.0001111111111111111,65.4,"[69.4%, 61.4%]",,,,
1,parallel,23,23,0.27258413715750685,0.9809543950648247,1.2293011453002691,0.0001111111111111111,63.0,"[69.4%, 56.6%]",,,,
1,parallel,24,24,0.26332401057522836,1.032040354571765,1.1370159462094307,0.0001111111111111111,65.5,"[69.4%, 61.6%]",,,,
1,parallel,25,25,0.25436388399294985,0.9747495304180097,1.0657852813601494,0.0001111111111111111,65.6,"[69.4%, 61.8%]",,,,
1,parallel,26,26,0.24570375741067135,1.0020941495895386,1.0472168624401093,0.0001111111111111111,66.9,"[69.4%, 64.4%]",,,,
1,parallel,27,27,0.23734363082839288,0.9427924789959872,1.0722345598042011,0.0001111111111111111,66.6,"[69.4%, 63.8%]",,,,
1,parallel,28,28,0.22928350424611438,0.9804046576536154,1.217854280024767,0.0001111111111111111,64.9,"[69.4%, 60.4%]",,,,
1,parallel,29,29,0.2215233776638359,0.9124632681472392,1.0325900800526142,0.0001111111111111111,67.35,"[69.4%, 65.3%]",,,,
1,parallel,30,30,0.21406325108155744,0.927821513972705,1.0640277601778507,0.0001111111111111111,66.75,"[69.4%, 64.1%]",,,,
1,parallel,31,31,0.20690312449927897,0.9011659086505069,1.0543777234852314,0.0001111111111111111,66.7,"[69.4%, 64.0%]",,,,
1,parallel,32,32,0.20004299791700048,1.0052108440218093,1.072854645550251,0.0001111111111111111,66.4,"[69.4%, 63.4%]",,,,
1,parallel,33,33,0.193482871334722,0.9600575800183453,1.0244469046592712,0.0001111111111111111,67.5,"[69.4%, 65.6%]",,,,
1,parallel,34,34,0.1872227447524435,0.9549776489221597,1.253106478601694,0.0001111111111111111,64.1,"[69.4%, 58.8%]",,,,
1,parallel,35,35,0.18126261817016504,1.0068299875983708,1.1515584290027618,0.0001111111111111111,66.6,"[69.4%, 63.8%]",,,,
1,parallel,36,36,0.17560249158788657,0.9473142797433878,1.0994946099817753,0.0001111111111111111,66.0,"[69.4%, 62.6%]",,,,
1,parallel,37,37,0.17024236500560808,1.0284295338618605,1.06057308614254,0.0001111111111111111,66.75,"[69.4%, 64.1%]",,,,
1,parallel,38,38,0.1651822384233296,0.9539710652979114,1.0201105289161205,0.0001111111111111111,67.45,"[69.4%, 65.5%]",,,,
1,parallel,39,39,0.1604221118410511,0.9344213876543166,1.0746861211955547,0.0001111111111111111,66.45,"[69.4%, 63.5%]",,,,
1,parallel,40,40,0.15596198525877264,0.9931398154814032,1.1393400952219963,0.0001111111111111111,65.85,"[69.4%, 62.3%]",,,,
1,parallel,41,41,0.15180185867649415,1.0128723043429702,1.0697453618049622,0.0001111111111111111,67.15,"[69.4%, 64.9%]",,,,
1,parallel,42,42,0.14794173209421568,0.9616515002673185,1.0721128806471825,0.0001111111111111111,67.0,"[69.4%, 64.6%]",,,,
1,parallel,43,43,0.14438160551193718,0.9265514378306232,1.0945266224443913,0.0001111111111111111,67.2,"[69.4%, 65.0%]",,,,
1,parallel,44,44,0.1411214789296587,0.9128040565720087,1.000377133488655,0.0001111111111111111,68.35,"[69.4%, 67.3%]",,,,
1,parallel,45,45,0.13816135234738022,1.182507769216465,1.1612461619079113,0.0001111111111111111,66.15,"[69.4%, 62.9%]",,,,
1,parallel,46,46,0.13550122576510173,1.0486196204076839,1.1068739965558052,0.0001111111111111111,66.5,"[69.4%, 63.6%]",,,,
1,parallel,47,47,0.13314109918282327,0.9760399958755397,1.0438325218856335,0.0001111111111111111,67.2,"[69.4%, 65.0%]",,,,
1,parallel,48,48,0.13108097260054477,1.0131920636454714,1.0663425140082836,0.0001111111111111111,67.7,"[69.4%, 66.0%]",,,,
1,parallel,49,49,0.1293208460182663,0.9668325193320648,1.089441742748022,0.0001111111111111111,67.5,"[69.4%, 65.6%]",,,,
1,parallel,50,50,0.1278607194359878,0.9348606693593762,1.0563342720270157,0.0001111111111111111,67.5,"[69.4%, 65.6%]",,,,
1,parallel,51,51,0.12670059285370935,0.9096413918688327,1.0310205519199371,0.0001111111111111111,67.55000000000001,"[69.4%, 65.7%]",,,,
1,parallel,52,52,0.12584046627143086,0.87185546039026,1.0018827430903912,0.0001111111111111111,67.9,"[69.4%, 66.4%]",,,,
1,parallel,53,53,0.1252803396891524,0.8306071663959117,1.0182583890855312,0.0001111111111111111,68.0,"[69.4%, 66.6%]",,,,
1,parallel,54,54,0.1250202131068739,0.8307677069796792,1.0008543990552425,0.0001111111111111111,67.7,"[69.4%, 66.0%]",,,,
1,parallel,55,55,0.125,0.807347539859482,0.959106795489788,0.0001111111111111111,68.35,"[69.4%, 67.3%]",,,,
1,weights,1,56,0.125,0.7929446342625196,0.9698702841997147,0.0001111111111111111,68.85,"[69.4%, 68.3%]",,,,
1,weights,2,57,0.125,0.7998333882681931,0.9869933575391769,0.0001111111111111111,68.35,"[69.4%, 67.3%]",,,,
1,weights,3,58,0.125,0.7483701494675649,1.0862391628324986,0.0001111111111111111,67.05000000000001,"[69.4%, 64.7%]",,,,
1,weights,4,59,0.125,0.7542025890154175,0.9613556116819382,0.0001111111111111111,69.5,"[69.4%, 69.6%]",,,,
1,weights,5,60,0.125,0.731486400471458,0.9587526954710484,0.0001111111111111111,69.05000000000001,"[69.4%, 68.7%]",,,,
1,weights,6,61,0.125,0.7310475276995309,0.9563072416931391,0.0001111111111111111,68.2,"[69.4%, 67.0%]",,,,
1,weights,7,62,0.125,0.6980402116911321,0.9362257048487663,0.0001111111111111111,68.1,"[69.4%, 66.8%]",,,,
1,weights,8,63,0.125,0.6937608816955663,1.0203446708619595,0.0001111111111111111,67.35,"[69.4%, 65.3%]",,,,
1,weights,9,64,0.125,0.6889577881444858,0.9928742982447147,0.0001111111111111111,67.9,"[69.4%, 66.4%]",,,,
1,weights,10,65,0.125,0.6856075710133661,0.9281110316514969,0.0001111111111111111,68.6,"[69.4%, 67.8%]",,,,
1,weights,11,66,0.125,0.648893909363807,0.9422614350914955,0.0001111111111111111,68.45,"[69.4%, 67.5%]",,,,
1,weights,12,67,0.125,0.6635603286042998,0.9844964668154716,0.0001111111111111111,68.80000000000001,"[69.4%, 68.2%]",,,,
1,weights,13,68,0.125,0.6523836153217509,0.9539485797286034,0.0001111111111111111,69.35,"[69.4%, 69.3%]",,,,
1,weights,14,69,0.125,0.6169775611237635,0.9548359327018261,0.0001111111111111111,69.1,"[69.4%, 68.8%]",,,,
1,weights,15,70,0.125,0.617279463930975,0.9468557722866535,0.0001111111111111111,69.30000000000001,"[69.4%, 69.2%]",,,,
1,weights,16,71,0.125,0.6361381841611259,0.9269832335412502,0.0001111111111111111,69.35,"[69.4%, 69.3%]",,,,
1,weights,17,72,0.125,0.6291585764552974,0.9527072254568338,0.0001111111111111111,68.9,"[69.4%, 68.4%]",,,,
1,weights,18,73,0.125,0.6036889703967904,0.933599017560482,0.0001111111111111111,68.9,"[69.4%, 68.4%]",,,,
1,weights,19,74,0.125,0.5810366653943364,0.9062224477529526,0.0001111111111111111,69.45,"[69.4%, 69.5%]",,,,
1,weights,20,75,0.125,0.5753359021265295,0.9083090052008629,0.0001111111111111111,69.5,"[69.4%, 69.6%]",,,,
1,weights,21,76,0.125,0.5983672836158849,0.9650793559849262,0.0001111111111111111,68.80000000000001,"[69.4%, 68.2%]",,,,
1,weights,22,77,0.125,0.5660393253157411,0.9306067787110806,0.0001111111111111111,69.2,"[69.4%, 69.0%]",,,,
1,weights,23,78,0.125,0.5821000141433522,0.9442221187055111,0.0001111111111111111,69.85,"[69.4%, 70.3%]",,,,
1,weights,24,79,0.125,0.571998225359977,0.9368300847709179,0.0001111111111111111,69.4,"[69.4%, 69.4%]",,,,
1,weights,25,80,0.125,0.5842404976675782,0.9004181176424026,0.0001111111111111111,70.1,"[69.4%, 70.8%]",59.65,"[48.5%, 70.8%]",63.3,"[55.8%, 70.8%]"
2,parallel,1,1,0.5,3.1968537553956238,2.3531433567404747,0.0001111111111111111,50.06666666666666,"[69.4%, 70.8%, 10.0%]",,,,
2,parallel,2,2,0.5,2.205927104889592,2.067028447985649,0.0001111111111111111,55.333333333333336,"[69.4%, 70.8%, 25.8%]",,,,
2,parallel,3,3,0.5,1.876619959179359,1.8226028457283974,0.0001111111111111111,60.06666666666666,"[69.4%, 70.8%, 40.0%]",,,,
2,parallel,4,4,0.5,1.6934288317644144,1.7163976728916168,0.0001111111111111111,61.03333333333333,"[69.4%, 70.8%, 42.9%]",,,,
2,parallel,5,5,0.4905664156385195,1.53165179566492,1.4421625547111034,0.0001111111111111111,64.63333333333333,"[69.4%, 70.8%, 53.7%]",,,,
2,parallel,6,6,0.475906289056241,1.3641058282007146,1.5770453102886677,0.0001111111111111111,61.23333333333333,"[69.4%, 70.8%, 43.5%]",,,,
2,parallel,7,7,0.4615461624739625,1.2456201164028313,1.279032887890935,0.0001111111111111111,66.23333333333333,"[69.4%, 70.8%, 58.5%]",,,,
2,parallel,8,8,0.447486035891684,1.1562796257719208,1.179982190951705,0.0001111111111111111,67.5,"[69.4%, 70.8%, 62.3%]",,,,
2,parallel,9,9,0.4337259093094055,1.0501917766619333,1.0911655481904745,0.0001111111111111111,68.23333333333333,"[69.4%, 70.8%, 64.5%]",,,,
2,parallel,10,10,0.42026578272712706,0.9832213000406193,1.2013229159638286,0.0001111111111111111,67.2,"[69.4%, 70.8%, 61.4%]",,,,
2,parallel,11,11,0.4071056561448486,0.9557932901986038,0.9600014071911573,0.0001111111111111111,69.73333333333333,"[69.4%, 70.8%, 69.0%]",,,,
2,parallel,12,12,0.39424552956257014,0.9152634113649779,0.9558497797697783,0.0001111111111111111,70.16666666666667,"[69.4%, 70.8%, 70.3%]",,,,
2,parallel,13,13,0.38168540298029163,0.848548702046841,0.922136103734374,0.0001111111111111111,70.6,"[69.4%, 70.8%, 71.6%]",,,,
2,parallel,14,14,0.36942527639801315,0.800606352618978,0.9414526196196675,0.0001111111111111111,70.23333333333333,"[69.4%, 70.8%, 70.5%]",,,,
2,parallel,15,15,0.35746514981573463,0.8072782430467726,0.9307281970977783,0.0001111111111111111,69.73333333333333,"[69.4%, 70.8%, 69.0%]",,,,
2,parallel,16,16,0.34580502323345613,0.7492991640597959,0.8662716168910265,0.0001111111111111111,70.7,"[69.4%, 70.8%, 71.9%]",,,,
2,parallel,17,17,0.33444489665117766,0.7228268437747714,0.831560805439949,0.0001111111111111111,70.8,"[69.4%, 70.8%, 72.2%]",,,,
2,parallel,18,18,0.32338477006889915,0.7219915201392355,0.7962313098832965,0.0001111111111111111,71.53333333333333,"[69.4%, 70.8%, 74.4%]",,,,
2,parallel,19,19,0.3126246434866208,0.6715919680987732,0.9452251428738236,0.0001111111111111111,69.76666666666667,"[69.4%, 70.8%, 69.1%]",,,,
2,parallel,20,20,0.30216451690434226,0.7116941526720796,0.8539807880297303,0.0001111111111111111,70.6,"[69.4%, 70.8%, 71.6%]",,,,
2,parallel,21,21,0.29200439032206377,0.6494497173949133,0.882407907396555,0.0001111111111111111,70.86666666666666,"[69.4%, 70.8%, 72.4%]",,,,
2,parallel,22,22,0.2821442637397853,0.6659341258338735,0.8499568616971374,0.0001111111111111111,70.8,"[69.4%, 70.8%, 72.2%]",,,,
2,parallel,23,23,0.27258413715750685,0.6626978924002829,0.8226279867812991,0.0001111111111111111,71.39999999999999,"[69.4%, 70.8%, 74.0%]",,,,
2,parallel,24,24,0.26332401057522836,0.6920210530486288,0.8617565985769033,0.0001111111111111111,71.03333333333333,"[69.4%, 70.8%, 72.9%]",,,,
2,parallel,25,25,0.25436388399294985,0.6528939642483675,0.8092384785413742,0.0001111111111111111,71.2,"[69.4%, 70.8%, 73.4%]",,,,
2,parallel,26,26,0.24570375741067135,0.6340979813020441,1.0092965867370367,0.0001111111111111111,69.56666666666666,"[69.4%, 70.8%, 68.5%]",,,,
2,parallel,27,27,0.23734363082839288,0.6602232795727404,0.846517076715827,0.0001111111111111111,70.96666666666665,"[69.4%, 70.8%, 72.7%]",,,,
2,parallel,28,28,0.22928350424611438,0.6797762739507458,0.8504027146846056,0.0001111111111111111,70.93333333333332,"[69.4%, 70.8%, 72.6%]",,,,
2,parallel,29,29,0.2215233776638359,0.6229314138240452,0.8059030780568719,0.0001111111111111111,71.23333333333333,"[69.4%, 70.8%, 73.5%]",,,,
2,parallel,30,30,0.21406325108155744,0.732045549757873,0.8432308360934258,0.0001111111111111111,70.5,"[69.4%, 70.8%, 71.3%]",,,,
2,parallel,31,31,0.20690312449927897,0.6528495761412608,0.877598037943244,0.0001111111111111111,70.7,"[69.4%, 70.8%, 71.9%]",,,,
2,parallel,32,32,0.20004299791700048,0.7317255758032014,0.9319398906081915,0.0001111111111111111,70.13333333333333,"[69.4%, 70.8%, 70.2%]",,,,
2,parallel,33,33,0.193482871334722,0.69816458451597,0.8283006120473146,0.0001111111111111111,71.5,"[69.4%, 70.8%, 74.3%]",,,,
2,parallel,34,34,0.1872227447524435,0.6703209426206879,0.8751727193593979,0.0001111111111111111,70.63333333333333,"[69.4%, 70.8%, 71.7%]",,,,
2,parallel,35,35,0.18126261817016504,0.6630098431170741,0.8499408168718219,0.0001111111111111111,71.2,"[69.4%, 70.8%, 73.4%]",,,,
2,parallel,36,36,0.17560249158788657,0.6577752953088736,0.84176932182163,0.0001111111111111111,71.23333333333333,"[69.4%, 70.8%, 73.5%]",,,,
2,parallel,37,37,0.17024236500560808,0.7133469494837749,0.8743582498282194,0.0001111111111111111,71.26666666666667,"[69.4%, 70.8%, 73.6%]",,,,
2,parallel,38,38,0.1651822384233296,0.6828370743160006,0.9047950617969036,0.0001111111111111111,70.63333333333333,"[69.4%, 70.8%, 71.7%]",,,,
2,parallel,39,39,0.1604221118410511,0.676915352480321,0.8850321527570486,0.0001111111111111111,71.1,"[69.4%, 70.8%, 73.1%]",,,,
2,parallel,40,40,0.15596198525877264,0.7293970550917372,1.0600134627893567,0.0001111111111111111,69.16666666666667,"[69.4%, 70.8%, 67.3%]",,,,
2,parallel,41,41,0.15180185867649415,0.7398634032358097,0.8779883831739426,0.0001111111111111111,71.03333333333333,"[69.4%, 70.8%, 72.9%]",,,,
2,parallel,42,42,0.14794173209421568,0.7306327638746817,0.9297932786867023,0.0001111111111111111,69.93333333333332,"[69.4%, 70.8%, 69.6%]",,,,
2,parallel,43,43,0.14438160551193718,0.7122892590263222,0.8975278530269861,0.0001111111111111111,70.7,"[69.4%, 70.8%, 71.9%]",,,,
2,parallel,44,44,0.1411214789296587,0.6630583303638652,0.8722506798803806,0.0001111111111111111,70.73333333333333,"[69.4%, 70.8%, 72.0%]",,,,
2,parallel,45,45,0.13816135234738022,0.7617965989475008,1.012546919286251,0.0001111111111111111,69.3,"[69.4%, 70.8%, 67.7%]",,,,
2,parallel,46,46,0.13550122576510173,0.7176226920719389,0.8676465507596731,0.0001111111111111111,70.93333333333332,"[69.4%, 70.8%, 72.6%]",,,,
2,parallel,47,47,0.13314109918282327,0.6616489981548695,0.8920387020334601,0.0001111111111111111,71.13333333333333,"[69.4%, 70.8%, 73.2%]",,,,
2,parallel,48,48,0.13108097260054477,0.6954600384718255,0.9872020026668906,0.0001111111111111111,70.3,"[69.4%, 70.8%, 70.7%]",,,,
2,parallel,49,49,0.1293208460182663,0.624091469034364,0.9000038905069232,0.0001111111111111111,70.76666666666667,"[69.4%, 70.8%, 72.1%]",,,,
2,parallel,50,50,0.1278607194359878,0.6262832148165642,0.8113899324089289,0.0001111111111111111,71.8,"[69.4%, 70.8%, 75.2%]",,,,
2,parallel,51,51,0.12670059285370935,0.618062176376204,0.8566071409732103,0.0001111111111111111,70.6,"[69.4%, 70.8%, 71.6%]",,,,
2,parallel,52,52,0.12584046627143086,0.5918412631071066,0.8990156278014183,0.0001111111111111111,70.6,"[69.4%, 70.8%, 71.6%]",,,,
2,parallel,53,53,0.1252803396891524,0.5780973340137096,0.9118701815605164,0.0001111111111111111,70.93333333333332,"[69.4%, 70.8%, 72.6%]",,,,
2,parallel,54,54,0.1250202131068739,0.5608619017691552,0.8096615821123123,0.0001111111111111111,71.43333333333332,"[69.4%, 70.8%, 74.1%]",,,,
2,parallel,55,55,0.125,0.5628270325781424,0.8084405586123466,0.0001111111111111111,71.33333333333333,"[69.4%, 70.8%, 73.8%]",,,,
2,weights,1,56,0.125,0.5275354870135271,0.8751667868345976,0.0001111111111111111,71.23333333333333,"[69.4%, 70.8%, 73.5%]",,,,
2,weights,2,57,0.125,0.540065625045873,0.7979440614581108,0.0001111111111111111,71.5,"[69.4%, 70.8%, 74.3%]",,,,
2,weights,3,58,0.125,0.49874637587161,0.838891833089292,0.0001111111111111111,71.13333333333333,"[69.4%, 70.8%, 73.2%]",,,,
2,weights,4,59,0.125,0.49905965147139153,0.8030399139970541,0.0001111111111111111,71.63333333333333,"[69.4%, 70.8%, 74.7%]",,,,
2,weights,5,60,0.125,0.4792655991225303,0.755754029378295,0.0001111111111111111,72.16666666666667,"[69.4%, 70.8%, 76.3%]",,,,
2,weights,6,61,0.125,0.4660386812837818,0.819339974783361,0.0001111111111111111,71.73333333333333,"[69.4%, 70.8%, 75.0%]",,,,
2,weights,7,62,0.125,0.4733419857824905,0.8556512575596571,0.0001111111111111111,70.63333333333333,"[69.4%, 70.8%, 71.7%]",,,,
2,weights,8,63,0.125,0.4602465416434445,0.871788389980793,0.0001111111111111111,71.3,"[69.4%, 70.8%, 73.7%]",,,,
2,weights,9,64,0.125,0.44754767417907715,0.8125608647242188,0.0001111111111111111,71.6,"[69.4%, 70.8%, 74.6%]",,,,
2,weights,10,65,0.125,0.43573763287520106,0.8795410245656967,0.0001111111111111111,70.89999999999999,"[69.4%, 70.8%, 72.5%]",,,,
2,weights,11,66,0.125,0.4537298883063884,0.8249162323772907,0.0001111111111111111,71.33333333333333,"[69.4%, 70.8%, 73.8%]",,,,
2,weights,12,67,0.125,0.42284024233305,0.7895836466923356,0.0001111111111111111,71.53333333333333,"[69.4%, 70.8%, 74.4%]",,,,
2,weights,13,68,0.125,0.4168744509733176,0.7888401430100203,0.0001111111111111111,72.23333333333333,"[69.4%, 70.8%, 76.5%]",,,,
2,weights,14,69,0.125,0.4205380751739574,0.8125166702084243,0.0001111111111111111,71.7,"[69.4%, 70.8%, 74.9%]",,,,
2,weights,15,70,0.125,0.42801426671728304,0.7983551863580942,0.0001111111111111111,72.26666666666667,"[69.4%, 70.8%, 76.6%]",,,,
2,weights,16,71,0.125,0.3955182655702663,0.7658480824902654,0.0001111111111111111,72.33333333333333,"[69.4%, 70.8%, 76.8%]",,,,
2,weights,17,72,0.125,0.38591770544836795,0.8068181108683348,0.0001111111111111111,71.53333333333333,"[69.4%, 70.8%, 74.4%]",,,,
2,weights,18,73,0.125,0.3700297746477248,0.8141114199534059,0.0001111111111111111,71.93333333333332,"[69.4%, 70.8%, 75.6%]",,,,
2,weights,19,74,0.125,0.3651248739112782,0.8207618882879615,0.0001111111111111111,71.39999999999999,"[69.4%, 70.8%, 74.0%]",,,,
2,weights,20,75,0.125,0.3722007419866852,0.8332889098674059,0.0001111111111111111,71.2,"[69.4%, 70.8%, 73.4%]",,,,
2,weights,21,76,0.125,0.37958368696743927,0.7798237223178148,0.0001111111111111111,71.93333333333332,"[69.4%, 70.8%, 75.6%]",,,,
2,weights,22,77,0.125,0.3726999157968956,0.7733213528990746,0.0001111111111111111,72.06666666666666,"[69.4%, 70.8%, 76.0%]",,,,
2,weights,23,78,0.125,0.3454861973848524,0.7905608601868153,0.0001111111111111111,71.86666666666666,"[69.4%, 70.8%, 75.4%]",,,,
2,weights,24,79,0.125,0.33682222890702984,0.776489763520658,0.0001111111111111111,72.03333333333333,"[69.4%, 70.8%, 75.9%]",,,,
2,weights,25,80,0.125,0.35392318628256836,0.8413187228143215,0.0001111111111111111,71.39999999999999,"[69.4%, 70.8%, 74.0%]",62.96666666666667,"[44.1%, 70.8%, 74.0%]",64.8,"[55.8%, 70.8%, 67.8%]"
3,parallel,1,1,0.5,4.16025286988367,2.361229956150055,0.0001111111111111111,56.05,"[69.4%, 70.8%, 74.0%, 10.0%]",,,,
3,parallel,2,2,0.5,2.3456070574024057,2.325079560279846,0.0001111111111111111,56.05,"[69.4%, 70.8%, 74.0%, 10.0%]",,,,
3,parallel,3,3,0.5,2.3283450935460346,2.316489852964878,0.0001111111111111111,56.05,"[69.4%, 70.8%, 74.0%, 10.0%]",,,,
3,parallel,4,4,0.5,2.1298235624651367,1.943111166357994,0.0001111111111111111,60.5,"[69.4%, 70.8%, 74.0%, 27.8%]",,,,
3,parallel,5,5,0.4905664156385195,1.9013600198528435,1.8489913903176785,0.0001111111111111111,61.074999999999996,"[69.4%, 70.8%, 74.0%, 30.1%]",,,,
3,parallel,6,6,0.475906289056241,1.7435077323189265,1.6284737810492516,0.0001111111111111111,64.375,"[69.4%, 70.8%, 74.0%, 43.3%]",,,,
3,parallel,7,7,0.4615461624739625,1.5978895455976077,1.5563447251915932,0.0001111111111111111,64.85,"[69.4%, 70.8%, 74.0%, 45.2%]",,,,
3,parallel,8,8,0.447486035891684,1.4843426580670513,1.43115621432662,0.0001111111111111111,66.0,"[69.4%, 70.8%, 74.0%, 49.8%]",,,,
3,parallel,9,9,0.4337259093094055,1.388354013237772,1.3877943269908428,0.0001111111111111111,66.5,"[69.4%, 70.8%, 74.0%, 51.8%]",,,,
3,parallel,10,10,0.42026578272712706,1.313472019720681,1.2825436741113663,0.0001111111111111111,67.3,"[69.4%, 70.8%, 74.0%, 55.0%]",,,,
3,parallel,11,11,0.4071056561448486,1.2071228736563573,1.2773451078683138,0.0001111111111111111,67.77499999999999,"[69.4%, 70.8%, 74.0%, 56.9%]",,,,
3,parallel,12,12,0.39424552956257014,1.1986839914623695,1.2585403509438038,0.0001111111111111111,68.05,"[69.4%, 70.8%, 74.0%, 58.0%]",,,,
3,parallel,13,13,0.38168540298029163,1.1572776165189622,1.1408754717558622,0.0001111111111111111,68.95,"[69.4%, 70.8%, 74.0%, 61.6%]",,,,
3,parallel,14,14,0.36942527639801315,1.0956540205810643,1.1487272568047047,0.0001111111111111111,68.975,"[69.4%, 70.8%, 74.0%, 61.7%]",,,,
3,parallel,15,15,0.35746514981573463,1.0607865279233908,1.1518725920468569,0.0001111111111111111,69.2,"[69.4%, 70.8%, 74.0%, 62.6%]",,,,
3,parallel,16,16,0.34580502323345613,1.027924055540109,1.0939304679632187,0.0001111111111111111,69.65,"[69.4%, 70.8%, 74.0%, 64.4%]",,,,
3,parallel,17,17,0.33444489665117766,0.9840389807013017,1.0565178748220205,0.0001111111111111111,69.725,"[69.4%, 70.8%, 74.0%, 64.7%]",,,,
3,parallel,18,18,0.32338477006889915,0.963158812326721,1.0058766100555658,0.0001111111111111111,70.65,"[69.4%, 70.8%, 74.0%, 68.4%]",,,,
3,parallel,19,19,0.3126246434866208,0.8994097279596932,1.0445247925817966,0.0001111111111111111,69.65,"[69.4%, 70.8%, 74.0%, 64.4%]",,,,
3,parallel,20,20,0.30216451690434226,0.9106572127040429,1.0079660788178444,0.0001111111111111111,70.775,"[69.4%, 70.8%, 74.0%, 68.9%]",,,,
3,parallel,21,21,0.29200439032206377,0.8968767848195909,1.0283913686871529,0.0001111111111111111,70.275,"[69.4%, 70.8%, 74.0%, 66.9%]",,,,
3,parallel,22,22,0.2821442637397853,0.9171724289278441,1.110183797776699,0.0001111111111111111,69.05,"[69.4%, 70.8%, 74.0%, 62.0%]",,,,
3,parallel,23,23,0.27258413715750685,0.9475318374513071,1.056671991944313,0.0001111111111111111,69.65,"[69.4%, 70.8%, 74.0%, 64.4%]",,,,
3,parallel,24,24,0.26332401057522836,0.8835227157496199,1.003154257312417,0.0001111111111111111,70.3,"[69.4%, 70.8%, 74.0%, 67.0%]",,,,
3,parallel,25,25,0.25436388399294985,0.834286718806134,1.0582983158528805,0.0001111111111111111,69.65,"[69.4%, 70.8%, 74.0%, 64.4%]",,,,
3,parallel,26,26,0.24570375741067135,0.9227657921706574,1.0496447198092937,0.0001111111111111111,69.94999999999999,"[69.4%, 70.8%, 74.0%, 65.6%]",,,,
3,parallel,27,27,0.23734363082839288,0.8292105537426623,0.9699402824044228,0.0001111111111111111,70.75,"[69.4%, 70.8%, 74.0%, 68.8%]",,,,
3,parallel,28,28,0.22928350424611438,0.8714230354828171,1.0565332807600498,0.0001111111111111111,70.225,"[69.4%, 70.8%, 74.0%, 66.7%]",,,,
3,parallel,29,29,0.2215233776638359,0.8599442700042,1.018656063824892,0.0001111111111111111,70.4,"[69.4%, 70.8%, 74.0%, 67.4%]",,,,
3,parallel,30,30,0.21406325108155744,0.8954060847246195,1.01714289188385,0.0001111111111111111,70.15,"[69.4%, 70.8%, 74.0%, 66.4%]",,,,
3,parallel,31,31,0.20690312449927897,0.8555968864054619,1.0001229867339134,0.0001111111111111111,70.32499999999999,"[69.4%, 70.8%, 74.0%, 67.1%]",,,,
3,parallel,32,32,0.20004299791700048,0.8646334771868549,0.9478285238146782,0.0001111111111111111,70.85,"[69.4%, 70.8%, 74.0%, 69.2%]",,,,
3,parallel,33,33,0.193482871334722,0.8583791301220278,1.0476898234337568,0.0001111111111111111,70.175,"[69.4%, 70.8%, 74.0%, 66.5%]",,,,
3,parallel,34,34,0.1872227447524435,0.8643277679817586,1.0542660802602768,0.0001111111111111111,70.25,"[69.4%, 70.8%, 74.0%, 66.8%]",,,,
3,parallel,35,35,0.18126261817016504,0.8669436087336722,1.017282335087657,0.0001111111111111111,70.35,"[69.4%, 70.8%, 74.0%, 67.2%]",,,,
3,parallel,36,36,0.17560249158788657,0.8832799875283543,0.9866758771240711,0.0001111111111111111,70.425,"[69.4%, 70.8%, 74.0%, 67.5%]",,,,
3,parallel,37,37,0.17024236500560808,0.959457278251648,1.0535003282129765,0.0001111111111111111,69.875,"[69.4%, 70.8%, 74.0%, 65.3%]",,,,
3,parallel,38,38,0.1651822384233296,0.9075180458117135,1.0253201704472303,0.0001111111111111111,70.175,"[69.4%, 70.8%, 74.0%, 66.5%]",,,,
3,parallel,39,39,0.1604221118410511,0.9035508376133593,1.0058549828827381,0.0001111111111111111,70.725,"[69.4%, 70.8%, 74.0%, 68.7%]",,,,
3,parallel,40,40,0.15596198525877264,0.98276263550867,1.1067032404243946,0.0001111111111111111,69.55,"[69.4%, 70.8%, 74.0%, 64.0%]",,,,
3,parallel,41,41,0.15180185867649415,0.9553333713284021,1.0565005205571651,0.0001111111111111111,70.3,"[69.4%, 70.8%, 74.0%, 67.0%]",,,,
3,parallel,42,42,0.14794173209421568,0.9293085502672799,1.0449443738907576,0.0001111111111111111,70.375,"[69.4%, 70.8%, 74.0%, 67.3%]",,,,
3,parallel,43,43,0.14438160551193718,0.8901001086717919,1.0495224259793758,0.0001111111111111111,70.375,"[69.4%, 70.8%, 74.0%, 67.3%]",,,,
3,parallel,44,44,0.1411214789296587,0.8783446014681949,1.0210264585912228,0.0001111111111111111,70.625,"[69.4%, 70.8%, 74.0%, 68.3%]",,,,
3,parallel,45,45,0.13816135234738022,0.9835972231400164,1.0551602765917778,0.0001111111111111111,69.85,"[69.4%, 70.8%, 74.0%, 65.2%]",,,,
3,parallel,46,46,0.13550122576510173,0.8702167895021318,1.0549509152770042,0.0001111111111111111,69.925,"[69.4%, 70.8%, 74.0%, 65.5%]",,,,
3,parallel,47,47,0.13314109918282327,0.8542232030554663,1.0047635659575462,0.0001111111111111111,70.375,"[69.4%, 70.8%, 74.0%, 67.3%]",,,,
3,parallel,48,48,0.13108097260054477,0.9217629349684413,1.019551882520318,0.0001111111111111111,70.69999999999999,"[69.4%, 70.8%, 74.0%, 68.6%]",,,,
3,parallel,49,49,0.1293208460182663,0.8499868700775919,1.0034887474030256,0.0001111111111111111,70.525,"[69.4%, 70.8%, 74.0%, 67.9%]",,,,
3,parallel,50,50,0.1278607194359878,0.8640578117551683,1.0359285026788712,0.0001111111111111111,70.375,"[69.4%, 70.8%, 74.0%, 67.3%]",,,,
3,parallel,51,51,0.12670059285370935,0.8277648536464836,1.0089599657803774,0.0001111111111111111,70.6,"[69.4%, 70.8%, 74.0%, 68.2%]",,,,
3,parallel,52,52,0.12584046627143086,0.791348760075207,1.025577892549336,0.0001111111111111111,70.375,"[69.4%, 70.8%, 74.0%, 67.3%]",,,,
3,parallel,53,53,0.1252803396891524,0.7527209286448322,0.9858251139521599,0.0001111111111111111,70.94999999999999,"[69.4%, 70.8%, 74.0%, 69.6%]",,,,
3,parallel,54,54,0.1250202131068739,0.7593515049430388,0.9656785205006599,0.0001111111111111111,70.9,"[69.4%, 70.8%, 74.0%, 69.4%]",,,,
3,parallel,55,55,0.125,0.7197372792642328,1.0074712857604027,0.0001111111111111111,70.69999999999999,"[69.4%, 70.8%, 74.0%, 68.6%]",,,,
3,weights,1,56,0.125,0.7208378843114346,0.8906266242265701,0.0001111111111111111,71.57499999999999,"[69.4%, 70.8%, 74.0%, 72.1%]",,,,
3,weights,2,57,0.125,0.6713230442963068,0.9895682195201516,0.0001111111111111111,70.9,"[69.4%, 70.8%, 74.0%, 69.4%]",,,,
3,weights,3,58,0.125,0.6549844047691249,0.9331148751080036,0.0001111111111111111,71.32499999999999,"[69.4%, 70.8%, 74.0%, 71.1%]",,,,
3,weights,4,59,0.125,0.7008127373985097,0.8932866510003805,0.0001111111111111111,71.44999999999999,"[69.4%, 70.8%, 74.0%, 71.6%]",,,,
3,weights,5,60,0.125,0.6572406461721734,0.9098944999277592,0.0001111111111111111,71.625,"[69.4%, 70.8%, 74.0%, 72.3%]",,,,
3,weights,6,61,0.125,0.624928846766677,0.9075014051049948,0.0001111111111111111,71.69999999999999,"[69.4%, 70.8%, 74.0%, 72.6%]",,,,
3,weights,7,62,0.125,0.6053381905525546,0.9153618644922972,0.0001111111111111111,71.25,"[69.4%, 70.8%, 74.0%, 70.8%]",,,,
3,weights,8,63,0.125,0.6267470038389857,0.8915024492889643,0.0001111111111111111,71.675,"[69.4%, 70.8%, 74.0%, 72.5%]",,,,
3,weights,9,64,0.125,0.5862185079840165,0.9415691904723644,0.0001111111111111111,71.275,"[69.4%, 70.8%, 74.0%, 70.9%]",,,,
3,weights,10,65,0.125,0.5895065201234214,0.9386112075299025,0.0001111111111111111,71.5,"[69.4%, 70.8%, 74.0%, 71.8%]",,,,
3,weights,11,66,0.125,0.5822399398194084,0.879899038001895,0.0001111111111111111,71.65,"[69.4%, 70.8%, 74.0%, 72.4%]",,,,
3,weights,12,67,0.125,0.5696308178992211,0.8884779121726751,0.0001111111111111111,71.525,"[69.4%, 70.8%, 74.0%, 71.9%]",,,,
3,weights,13,68,0.125,0.5519675570952741,0.904562110081315,0.0001111111111111111,71.55,"[69.4%, 70.8%, 74.0%, 72.0%]",,,,
3,weights,14,69,0.125,0.5891353485374888,0.9135472849011421,0.0001111111111111111,71.3,"[69.4%, 70.8%, 74.0%, 71.0%]",,,,
3,weights,15,70,0.125,0.5517964766749853,0.9081096947193146,0.0001111111111111111,71.5,"[69.4%, 70.8%, 74.0%, 71.8%]",,,,
3,weights,16,71,0.125,0.5472943499872956,0.8828102368861437,0.0001111111111111111,71.525,"[69.4%, 70.8%, 74.0%, 71.9%]",,,,
3,weights,17,72,0.125,0.5308738988411578,0.8606056496500969,0.0001111111111111111,71.9,"[69.4%, 70.8%, 74.0%, 73.4%]",,,,
3,weights,18,73,0.125,0.5095708123113536,0.8703857008367777,0.0001111111111111111,71.6,"[69.4%, 70.8%, 74.0%, 72.2%]",,,,
3,weights,19,74,0.125,0.5214694372460812,0.8875201288610697,0.0001111111111111111,71.69999999999999,"[69.4%, 70.8%, 74.0%, 72.6%]",,,,
3,weights,20,75,0.125,0.5062142569053022,0.8231326099485159,0.0001111111111111111,72.175,"[69.4%, 70.8%, 74.0%, 74.5%]",,,,
3,weights,21,76,0.125,0.5137692418279527,0.8583267219364643,0.0001111111111111111,72.07499999999999,"[69.4%, 70.8%, 74.0%, 74.1%]",,,,
3,weights,22,77,0.125,0.48928435882435567,0.8515170942991972,0.0001111111111111111,72.07499999999999,"[69.4%, 70.8%, 74.0%, 74.1%]",,,,
3,weights,23,78,0.125,0.48848877432225624,0.8981128688901663,0.0001111111111111111,71.69999999999999,"[69.4%, 70.8%, 74.0%, 72.6%]",,,,
3,weights,24,79,0.125,0.47657229628744,0.835471061989665,0.0001111111111111111,72.19999999999999,"[69.4%, 70.8%, 74.0%, 74.6%]",,,,
3,weights,25,80,0.125,0.48668683329715007,0.8748119752854109,0.0001111111111111111,71.85,"[69.4%, 70.8%, 74.0%, 73.2%]",63.925,"[44.1%, 66.9%, 74.0%, 70.7%]",64.875,"[53.0%, 70.8%, 67.8%, 67.9%]"
4,parallel,1,1,0.5,5.2040266900122925,2.414302110671997,0.0001111111111111111,59.48,"[69.4%, 70.8%, 74.0%, 73.2%, 10.0%]",,,,
4,parallel,2,2,0.5,2.3551494411275358,2.32797209918499,0.0001111111111111111,59.48,"[69.4%, 70.8%, 74.0%, 73.2%, 10.0%]",,,,
4,parallel,3,3,0.5,2.2800376113457017,2.118630215525627,0.0001111111111111111,61.55999999999999,"[69.4%, 70.8%, 74.0%, 73.2%, 20.4%]",,,,
4,parallel,4,4,0.5,1.9915467364878594,1.8286812007427216,0.0001111111111111111,64.84,"[69.4%, 70.8%, 74.0%, 73.2%, 36.8%]",,,,
4,parallel,5,5,0.4905664156385195,1.6924468429782722,1.6169413477182388,0.0001111111111111111,65.78,"[69.4%, 70.8%, 74.0%, 73.2%, 41.5%]",,,,
4,parallel,6,6,0.475906289056241,1.5008662863622737,1.4322274308651686,0.0001111111111111111,67.3,"[69.4%, 70.8%, 74.0%, 73.2%, 49.1%]",,,,
4,parallel,7,7,0.4615461624739625,1.3299992310849926,1.4522277861833572,0.0001111111111111111,67.32,"[69.4%, 70.8%, 74.0%, 73.2%, 49.2%]",,,,
4,parallel,8,8,0.447486035891684,1.2698589095586463,1.2216169089078903,0.0001111111111111111,69.28,"[69.4%, 70.8%, 74.0%, 73.2%, 59.0%]",,,,
4,parallel,9,9,0.4337259093094055,1.1235741535319557,1.277209348976612,0.0001111111111111111,68.91999999999999,"[69.4%, 70.8%, 74.0%, 73.2%, 57.2%]",,,,
4,parallel,10,10,0.42026578272712706,1.0500356728517557,1.2272060085088015,0.0001111111111111111,69.2,"[69.4%, 70.8%, 74.0%, 73.2%, 58.6%]",,,,
4,parallel,11,11,0.4071056561448486,0.992283284664154,1.1273046769201756,0.0001111111111111111,69.74,"[69.4%, 70.8%, 74.0%, 73.2%, 61.3%]",,,,
4,parallel,12,12,0.39424552956257014,0.946872016297111,1.1267208866775036,0.0001111111111111111,69.96,"[69.4%, 70.8%, 74.0%, 73.2%, 62.4%]",,,,
4,parallel,13,13,0.38168540298029163,0.8922229469576969,1.06479880400002,0.0001111111111111111,70.1,"[69.4%, 70.8%, 74.0%, 73.2%, 63.1%]",,,,
4,parallel,14,14,0.36942527639801315,0.8686223052725007,0.9679786078631878,0.0001111111111111111,70.72,"[69.4%, 70.8%, 74.0%, 73.2%, 66.2%]",,,,
4,parallel,15,15,0.35746514981573463,0.8540051277679733,1.1163264568895102,0.0001111111111111111,70.1,"[69.4%, 70.8%, 74.0%, 73.2%, 63.1%]",,,,
4,parallel,16,16,0.34580502323345613,0.8144806472561027,1.0604832470417023,0.0001111111111111111,70.17999999999999,"[69.4%, 70.8%, 74.0%, 73.2%, 63.5%]",,,,
4,parallel,17,17,0.33444489665117766,0.7678239813333825,1.0400950759649277,0.0001111111111111111,70.75999999999999,"[69.4%, 70.8%, 74.0%, 73.2%, 66.4%]",,,,
4,parallel,18,18,0.32338477006889915,0.8044614972947519,1.130023502279073,0.0001111111111111111,70.1,"[69.4%, 70.8%, 74.0%, 73.2%, 63.1%]",,,,
4,parallel,19,19,0.3126246434866208,0.7195604601992837,1.0456664618104696,0.0001111111111111111,70.74,"[69.4%, 70.8%, 74.0%, 73.2%, 66.3%]",,,,
4,parallel,20,20,0.30216451690434226,0.7609715808795977,0.921860970556736,0.0001111111111111111,71.46,"[69.4%, 70.8%, 74.0%, 73.2%, 69.9%]",,,,
4,parallel,21,21,0.29200439032206377,0.748059552681597,1.0989946811459959,0.0001111111111111111,70.2,"[69.4%, 70.8%, 74.0%, 73.2%, 63.6%]",,,,
4,parallel,22,22,0.2821442637397853,0.697882581737977,0.8767165169119835,0.0001111111111111111,71.88,"[69.4%, 70.8%, 74.0%, 73.2%, 72.0%]",,,,
4,parallel,23,23,0.27258413715750685,0.7282819896936417,0.8739738799631596,0.0001111111111111111,71.91999999999999,"[69.4%, 70.8%, 74.0%, 73.2%, 72.2%]",,,,
4,parallel,24,24,0.26332401057522836,0.6890726451632343,1.0219382513314486,0.0001111111111111111,70.91999999999999,"[69.4%, 70.8%, 74.0%, 73.2%, 67.2%]",,,,
4,parallel,25,25,0.25436388399294985,0.7190785607959651,0.8910191804170609,0.0001111111111111111,71.6,"[69.4%, 70.8%, 74.0%, 73.2%, 70.6%]",,,,
4,parallel,26,26,0.24570375741067135,0.7833222060263911,0.9853468053042889,0.0001111111111111111,70.96,"[69.4%, 70.8%, 74.0%, 73.2%, 67.4%]",,,,
4,parallel,27,27,0.23734363082839288,0.7155788322038288,0.906622439622879,0.0001111111111111111,71.5,"[69.4%, 70.8%, 74.0%, 73.2%, 70.1%]",,,,
4,parallel,28,28,0.22928350424611438,0.7598478243320803,0.9144651554524899,0.0001111111111111111,71.47999999999999,"[69.4%, 70.8%, 74.0%, 73.2%, 70.0%]",,,,
4,parallel,29,29,0.2215233776638359,0.73456372565861,0.896647822111845,0.0001111111111111111,71.61999999999999,"[69.4%, 70.8%, 74.0%, 73.2%, 70.7%]",,,,
4,parallel,30,30,0.21406325108155744,0.7652644858330111,0.9228500761091709,0.0001111111111111111,71.6,"[69.4%, 70.8%, 74.0%, 73.2%, 70.6%]",,,,
4,parallel,31,31,0.20690312449927897,0.7358752270288105,1.0058682411909103,0.0001111111111111111,71.03999999999999,"[69.4%, 70.8%, 74.0%, 73.2%, 67.8%]",,,,
4,parallel,32,32,0.20004299791700048,0.7921313998065417,0.9125057030469179,0.0001111111111111111,71.4,"[69.4%, 70.8%, 74.0%, 73.2%, 69.6%]",,,,
4,parallel,33,33,0.193482871334722,0.7471511435659626,0.9944219589233398,0.0001111111111111111,71.17999999999999,"[69.4%, 70.8%, 74.0%, 73.2%, 68.5%]",,,,
4,parallel,34,34,0.1872227447524435,0.815819060500664,1.002614215016365,0.0001111111111111111,70.91999999999999,"[69.4%, 70.8%, 74.0%, 73.2%, 67.2%]",,,,
4,parallel,35,35,0.18126261817016504,0.8061433958856365,1.0758104948326945,0.0001111111111111111,70.44,"[69.4%, 70.8%, 74.0%, 73.2%, 64.8%]",,,,
4,parallel,36,36,0.17560249158788657,0.7933537446999852,1.0471403151750565,0.0001111111111111111,70.5,"[69.4%, 70.8%, 74.0%, 73.2%, 65.1%]",,,,
4,parallel,37,37,0.17024236500560808,0.9515419817423518,0.975826945155859,0.0001111111111111111,71.16,"[69.4%, 70.8%, 74.0%, 73.2%, 68.4%]",,,,
4,parallel,38,38,0.1651822384233296,0.846273007272165,0.9579107444733381,0.0001111111111111111,71.11999999999999,"[69.4%, 70.8%, 74.0%, 73.2%, 68.2%]",,,,
4,parallel,39,39,0.1604221118410511,0.8207913886142683,1.0413357065990567,0.0001111111111111111,70.8,"[69.4%, 70.8%, 74.0%, 73.2%, 66.6%]",,,,
4,parallel,40,40,0.15596198525877264,0.9969096953355814,1.21914891153574,0.0001111111111111111,69.34,"[69.4%, 70.8%, 74.0%, 73.2%, 59.3%]",,,,
4,parallel,41,41,0.15180185867649415,0.9882397674307039,1.1148249972611666,0.0001111111111111111,70.03999999999999,"[69.4%, 70.8%, 74.0%, 73.2%, 62.8%]",,,,
4,parallel,42,42,0.14794173209421568,0.9017330789113347,1.0327392853796482,0.0001111111111111111,70.78,"[69.4%, 70.8%, 74.0%, 73.2%, 66.5%]",,,,
4,parallel,43,43,0.14438160551193718,0.8542618962782847,0.9732591323554516,0.0001111111111111111,71.22,"[69.4%, 70.8%, 74.0%, 73.2%, 68.7%]",,,,
4,parallel,44,44,0.1411214789296587,0.8133512878719764,0.9891333393752575,0.0001111111111111111,71.24,"[69.4%, 70.8%, 74.0%, 73.2%, 68.8%]",,,,
4,parallel,45,45,0.13816135234738022,1.1241919405852692,1.0506658852100372,0.0001111111111111111,70.34,"[69.4%, 70.8%, 74.0%, 73.2%, 64.3%]",,,,
4,parallel,46,46,0.13550122576510173,0.9146441002435322,1.06870236992836,0.0001111111111111111,70.4,"[69.4%, 70.8%, 74.0%, 73.2%, 64.6%]",,,,
4,parallel,47,47,0.13314109918282327,0.8739058677154251,1.0191364381462336,0.0001111111111111111,70.84,"[69.4%, 70.8%, 74.0%, 73.2%, 66.8%]",,,,
4,parallel,48,48,0.13108097260054477,0.9140305670001839,1.0963569860905409,0.0001111111111111111,70.2,"[69.4%, 70.8%, 74.0%, 73.2%, 63.6%]",,,,
4,parallel,49,49,0.1293208460182663,0.8476091962826403,1.0002552382647991,0.0001111111111111111,70.75999999999999,"[69.4%, 70.8%, 74.0%, 73.2%, 66.4%]",,,,
4,parallel,50,50,0.1278607194359878,0.8017289653609071,0.9607050847262144,0.0001111111111111111,71.02,"[69.4%, 70.8%, 74.0%, 73.2%, 67.7%]",,,,
4,parallel,51,51,0.12670059285370935,0.7838227756415741,0.9972481895238161,0.0001111111111111111,70.78,"[69.4%, 70.8%, 74.0%, 73.2%, 66.5%]",,,,
4,parallel,52,52,0.12584046627143086,0.7550823205634009,1.0141182653605938,0.0001111111111111111,70.85999999999999,"[69.4%, 70.8%, 74.0%, 73.2%, 66.9%]",,,,
4,parallel,53,53,0.1252803396891524,0.7232313620138772,0.9646764006465673,0.0001111111111111111,71.11999999999999,"[69.4%, 70.8%, 74.0%, 73.2%, 68.2%]",,,,
4,parallel,54,54,0.1250202131068739,0.7096616829497905,0.9297981895506382,0.0001111111111111111,71.25999999999999,"[69.4%, 70.8%, 74.0%, 73.2%, 68.9%]",,,,
4,parallel,55,55,0.125,0.670686869681636,0.9673287905752659,0.0001111111111111111,71.05999999999999,"[69.4%, 70.8%, 74.0%, 73.2%, 67.9%]",,,,
4,weights,1,56,0.125,0.6802989942363545,0.8905762862414122,0.0001111111111111111,71.64,"[69.4%, 70.8%, 74.0%, 73.2%, 70.8%]",,,,
4,weights,2,57,0.125,0.6678406230256527,0.9450426362454891,0.0001111111111111111,71.11999999999999,"[69.4%, 70.8%, 74.0%, 73.2%, 68.2%]",,,,
4,weights,3,58,0.125,0.6530033189661896,0.9375349376350641,0.0001111111111111111,71.28,"[69.4%, 70.8%, 74.0%, 73.2%, 69.0%]",,,,
4,weights,4,59,0.125,0.6179667526408087,0.9125042222440243,0.0001111111111111111,71.82,"[69.4%, 70.8%, 74.0%, 73.2%, 71.7%]",,,,
4,weights,5,60,0.125,0.6183969340746915,0.9127966621890664,0.0001111111111111111,71.61999999999999,"[69.4%, 70.8%, 74.0%, 73.2%, 70.7%]",,,,
4,weights,6,61,0.125,0.638305028028126,0.8681571260094643,0.0001111111111111111,71.88,"[69.4%, 70.8%, 74.0%, 73.2%, 72.0%]",,,,
4,weights,7,62,0.125,0.606373164095456,0.9252478834241629,0.0001111111111111111,71.41999999999999,"[69.4%, 70.8%, 74.0%, 73.2%, 69.7%]",,,,
4,weights,8,63,0.125,0.6075175393231308,0.8820139300078154,0.0001111111111111111,71.72,"[69.4%, 70.8%, 74.0%, 73.2%, 71.2%]",,,,
4,weights,9,64,0.125,0.5868804239774053,0.9683405552059412,0.0001111111111111111,71.11999999999999,"[69.4%, 70.8%, 74.0%, 73.2%, 68.2%]",,,,
4,weights,10,65,0.125,0.5731380721436271,0.8920965772122145,0.0001111111111111111,71.7,"[69.4%, 70.8%, 74.0%, 73.2%, 71.1%]",,,,
4,weights,11,66,0.125,0.5609550804277009,0.9230577293783426,0.0001111111111111111,71.66,"[69.4%, 70.8%, 74.0%, 73.2%, 70.9%]",,,,
4,weights,12,67,0.125,0.5558818559857863,0.8662667088210583,0.0001111111111111111,71.5,"[69.4%, 70.8%, 74.0%, 73.2%, 70.1%]",,,,
4,weights,13,68,0.125,0.5461047838760328,0.8776414003223181,0.0001111111111111111,71.61999999999999,"[69.4%, 70.8%, 74.0%, 73.2%, 70.7%]",,,,
4,weights,14,69,0.125,0.5268235161334653,0.8783873431384563,0.0001111111111111111,71.8,"[69.4%, 70.8%, 74.0%, 73.2%, 71.6%]",,,,
4,weights,15,70,0.125,0.5279306984400447,0.9142468180507421,0.0001111111111111111,71.35999999999999,"[69.4%, 70.8%, 74.0%, 73.2%, 69.4%]",,,,
4,weights,16,71,0.125,0.5346640450290486,0.8688236065208912,0.0001111111111111111,71.61999999999999,"[69.4%, 70.8%, 74.0%, 73.2%, 70.7%]",,,,
4,weights,17,72,0.125,0.5221974102756645,0.9129458907991648,0.0001111111111111111,71.52,"[69.4%, 70.8%, 74.0%, 73.2%, 70.2%]",,,,
4,weights,18,73,0.125,0.5221561936638023,0.8473534379154444,0.0001111111111111111,71.85999999999999,"[69.4%, 70.8%, 74.0%, 73.2%, 71.9%]",,,,
4,weights,19,74,0.125,0.4926721068877208,0.8251475859433413,0.0001111111111111111,72.11999999999999,"[69.4%, 70.8%, 74.0%, 73.2%, 73.2%]",,,,
4,weights,20,75,0.125,0.4967303734414185,0.8468802757561207,0.0001111111111111111,71.91999999999999,"[69.4%, 70.8%, 74.0%, 73.2%, 72.2%]",,,,
4,weights,21,76,0.125,0.4960221433186833,0.8930837986990809,0.0001111111111111111,71.91999999999999,"[69.4%, 70.8%, 74.0%, 73.2%, 72.2%]",,,,
4,weights,22,77,0.125,0.5159188969225823,0.8842493239790201,0.0001111111111111111,71.74,"[69.4%, 70.8%, 74.0%, 73.2%, 71.3%]",,,,
4,weights,23,78,0.125,0.4558609209105938,0.8533888775855303,0.0001111111111111111,72.0,"[69.4%, 70.8%, 74.0%, 73.2%, 72.6%]",,,,
4,weights,24,79,0.125,0.46777029278912124,0.8831069637089968,0.0001111111111111111,72.0,"[69.4%, 70.8%, 74.0%, 73.2%, 72.6%]",,,,
4,weights,25,80,0.125,0.47518173784394807,0.8658239338546991,0.0001111111111111111,72.11999999999999,"[69.4%, 70.8%, 74.0%, 73.2%, 73.2%]",62.48,"[39.1%, 66.9%, 74.0%, 70.7%, 61.7%]",64.84,"[53.0%, 66.9%, 67.8%, 67.9%, 68.6%]"
5,parallel,1,1,0.5,6.648497014106074,2.5202444791793823,0.0001111111111111111,61.583333333333336,"[69.2%, 70.4%, 73.9%, 73.6%, 72.4%, 10.0%]",,,,
5,parallel,2,2,0.5,2.3817507345465163,2.334282472729683,0.0001111111111111111,61.56666666666666,"[69.0%, 70.3%, 74.0%, 73.7%, 72.4%, 10.0%]",,,,
5,parallel,3,3,0.5,2.3370349407196045,2.3233443796634674,0.0001111111111111111,61.53333333333333,"[68.8%, 70.3%, 74.1%, 73.5%, 72.5%, 10.0%]",,,,
5,parallel,4,4,0.5,2.273092460028733,2.1119786351919174,0.0001111111111111111,64.0,"[68.4%, 69.6%, 74.6%, 73.2%, 72.5%, 25.7%]",,,,
5,parallel,5,5,0.4905664156385195,1.9002499459665032,1.789014182984829,0.0001111111111111111,65.0,"[68.6%, 69.4%, 74.1%, 73.0%, 73.0%, 31.9%]",,,,
5,parallel,6,6,0.475906289056241,1.6362526446958132,1.6479746662080288,0.0001111111111111111,65.91666666666667,"[68.0%, 69.4%, 74.6%, 73.5%, 72.6%, 37.4%]",,,,
5,parallel,7,7,0.4615461624739625,1.4904321326485164,1.4052764419466257,0.0001111111111111111,67.43333333333332,"[66.9%, 69.8%, 74.1%, 73.9%, 72.1%, 47.8%]",,,,
5,parallel,8,8,0.447486035891684,1.3525518028041985,1.3320008888840675,0.0001111111111111111,67.76666666666667,"[65.9%, 69.8%, 74.0%, 74.0%, 71.6%, 51.3%]",,,,
5,parallel,9,9,0.4337259093094055,1.2235566626621197,1.2217264864593744,0.0001111111111111111,67.86666666666666,"[65.3%, 69.9%, 73.9%, 73.5%, 69.9%, 54.7%]",,,,
5,parallel,10,10,0.42026578272712706,1.1137835126888902,1.2908185133710504,0.0001111111111111111,68.33333333333333,"[65.6%, 69.6%, 74.8%, 73.7%, 71.8%, 54.5%]",,,,
5,parallel,11,11,0.4071056561448486,1.0311960585509674,1.134237796999514,0.0001111111111111111,68.60000000000001,"[65.5%, 69.2%, 74.9%, 72.1%, 71.3%, 58.6%]",,,,
5,parallel,12,12,0.39424552956257014,0.9878679679918893,1.188833774998784,0.0001111111111111111,68.41666666666667,"[65.5%, 69.1%, 75.0%, 72.0%, 69.6%, 59.3%]",,,,
5,parallel,13,13,0.38168540298029163,0.9407160146326958,1.0353576010093093,0.0001111111111111111,68.45,"[64.0%, 68.9%, 74.1%, 72.8%, 67.8%, 63.1%]",,,,
5,parallel,14,14,0.36942527639801315,0.8679184740102743,0.9836918693035841,0.0001111111111111111,69.01666666666667,"[64.9%, 68.9%, 74.3%, 71.8%, 69.3%, 64.9%]",,,,
5,parallel,15,15,0.35746514981573463,0.8644072654881055,1.0027323896065354,0.0001111111111111111,69.61666666666666,"[65.3%, 68.9%, 74.2%, 72.0%, 71.1%, 66.2%]",,,,
5,parallel,16,16,0.34580502323345613,0.7955161544341075,1.1426753401756287,0.0001111111111111111,68.16666666666667,"[64.6%, 68.1%, 74.4%, 72.7%, 69.4%, 59.8%]",,,,
5,parallel,17,17,0.33444489665117766,0.7909807464744472,0.8769004661589861,0.0001111111111111111,69.68333333333334,"[64.4%, 68.4%, 73.7%, 71.7%, 70.5%, 69.4%]",,,,
5,parallel,18,18,0.32338477006889915,0.759555699327324,0.8834338132292032,0.0001111111111111111,69.63333333333334,"[64.5%, 68.0%, 74.0%, 71.7%, 70.3%, 69.3%]",,,,
5,parallel,19,19,0.3126246434866208,0.7362843159633347,0.8468913463875651,0.0001111111111111111,69.96666666666665,"[64.8%, 68.3%, 73.8%, 72.9%, 68.0%, 72.0%]",,,,
5,parallel,20,20,0.30216451690434226,0.7267123726727087,0.9388588145375252,0.0001111111111111111,69.06666666666666,"[65.3%, 68.0%, 74.7%, 72.8%, 67.5%, 66.1%]",,,,
5,parallel,21,21,0.29200439032206377,0.7139152556280547,0.788653664290905,0.0001111111111111111,70.3,"[65.4%, 67.1%, 75.2%, 73.3%, 68.3%, 72.5%]",,,,
5,parallel,22,22,0.2821442637397853,0.7049746645402305,1.000489767640829,0.0001111111111111111,69.06666666666668,"[63.0%, 67.2%, 75.0%, 73.4%, 69.0%, 66.8%]",,,,
5,parallel,23,23,0.27258413715750685,0.7488945073719266,0.8903625337406993,0.0001111111111111111,69.23333333333333,"[63.0%, 66.9%, 74.7%, 73.2%, 67.5%, 70.1%]",,,,
5,parallel,24,24,0.26332401057522836,0.7239101178283933,0.9736675396561623,0.0001111111111111111,68.91666666666667,"[64.5%, 66.9%, 74.5%, 72.8%, 68.2%, 66.6%]",,,,
5,parallel,25,25,0.25436388399294985,0.681608616928511,0.933919336181134,0.0001111111111111111,69.61666666666667,"[64.7%, 66.4%, 74.5%, 72.8%, 69.7%, 69.6%]",,,,
5,parallel,26,26,0.24570375741067135,0.7466679434233074,0.9401664212346077,0.0001111111111111111,69.21666666666665,"[65.1%, 66.9%, 74.0%, 72.8%, 67.1%, 69.4%]",,,,
5,parallel,27,27,0.23734363082839288,0.7229849745201159,0.9000750174745917,0.0001111111111111111,69.05,"[64.3%, 66.5%, 74.6%, 72.8%, 68.2%, 67.9%]",,,,
5,parallel,28,28,0.22928350424611438,0.762467579751075,0.8854854768142104,0.0001111111111111111,69.56666666666668,"[64.9%, 66.7%, 74.7%, 72.3%, 70.3%, 68.5%]",,,,
5,parallel,29,29,0.2215233776638359,0.724663461310954,0.8434923058375716,0.0001111111111111111,69.45,"[64.9%, 66.3%, 75.2%, 72.3%, 68.3%, 69.7%]",,,,
5,parallel,30,30,0.21406325108155744,0.7639583070066911,0.9118584617972374,0.0001111111111111111,69.39999999999999,"[63.3%, 66.1%, 74.9%, 72.6%, 70.1%, 69.4%]",,,,
5,parallel,31,31,0.20690312449927897,0.703096161160288,0.8780870512127876,0.0001111111111111111,69.73333333333333,"[64.2%, 66.8%, 75.4%, 72.6%, 69.7%, 69.7%]",,,,
5,parallel,32,32,0.20004299791700048,0.7891565142553064,0.891527459025383,0.0001111111111111111,69.93333333333334,"[64.5%, 66.5%, 75.3%, 73.3%, 71.1%, 68.9%]",,,,
5,parallel,33,33,0.193482871334722,0.7526388824740543,0.8887284928932786,0.0001111111111111111,69.11666666666666,"[62.1%, 66.3%, 74.1%, 72.6%, 70.4%, 69.2%]",,,,
5,parallel,34,34,0.1872227447524435,0.8012453694886799,0.8767960760742426,0.0001111111111111111,69.05,"[63.0%, 66.2%, 74.8%, 73.0%, 68.5%, 68.8%]",,,,
5,parallel,35,35,0.18126261817016504,0.7479060669488544,0.8803587723523378,0.0001111111111111111,68.78333333333335,"[63.3%, 65.9%, 74.8%, 73.1%, 66.0%, 69.6%]",,,,
5,parallel,36,36,0.17560249158788657,0.7871255780322642,0.9065410476177931,0.0001111111111111111,68.8,"[63.0%, 65.4%, 74.5%, 72.8%, 68.8%, 68.3%]",,,,
5,parallel,37,37,0.17024236500560808,0.8627052027967912,0.921427708119154,0.0001111111111111111,68.48333333333333,"[62.9%, 65.4%, 74.0%, 71.7%, 68.2%, 68.7%]",,,,
5,parallel,38,38,0.1651822384233296,0.8203109812132919,0.9290663320571184,0.0001111111111111111,68.68333333333332,"[62.5%, 65.6%, 74.5%, 71.2%, 69.1%, 69.2%]",,,,
5,parallel,39,39,0.1604221118410511,0.7755692503120326,0.9291647216305137,0.0001111111111111111,69.0,"[63.3%, 65.3%, 75.0%, 71.6%, 69.0%, 69.8%]",,,,
5,parallel,40,40,0.15596198525877264,0.9521755296972734,1.2280129455029964,0.0001111111111111111,66.86666666666666,"[63.1%, 65.1%, 74.6%, 71.6%, 69.3%, 57.5%]",,,,
5,parallel,41,41,0.15180185867649415,0.9019527035423472,0.9772277045994997,0.0001111111111111111,68.11666666666666,"[62.1%, 65.2%, 74.9%, 72.1%, 69.1%, 65.3%]",,,,
5,parallel,42,42,0.14794173209421568,0.8686696132527122,1.04680928401649,0.0001111111111111111,67.89999999999999,"[61.7%, 65.2%, 74.8%, 72.0%, 68.5%, 65.2%]",,,,
5,parallel,43,43,0.14438160551193718,0.8513326116755039,0.9781910385936499,0.0001111111111111111,68.16666666666666,"[61.3%, 65.3%, 74.6%, 71.5%, 69.6%, 66.7%]",,,,
5,parallel,44,44,0.1411214789296587,0.7921360368970074,1.02495370618999,0.0001111111111111111,68.41666666666667,"[62.7%, 65.6%, 74.7%, 72.1%, 68.9%, 66.5%]",,,,
5,parallel,45,45,0.13816135234738022,1.1011827339099933,1.0556755531579256,0.0001111111111111111,68.18333333333335,"[63.8%, 65.7%, 74.8%, 72.4%, 67.1%, 65.3%]",,,,
5,parallel,46,46,0.13550122576510173,0.943019001921521,1.040657427161932,0.0001111111111111111,67.95,"[62.7%, 66.0%, 75.3%, 72.5%, 66.4%, 64.8%]",,,,
5,parallel,47,47,0.13314109918282327,0.8593755915195127,0.9501714818179607,0.0001111111111111111,68.48333333333333,"[62.8%, 65.6%, 75.4%, 72.5%, 67.1%, 67.5%]",,,,
5,parallel,48,48,0.13108097260054477,0.9199663498733617,0.9716939330101013,0.0001111111111111111,67.83333333333333,"[62.8%, 65.6%, 74.8%, 72.0%, 65.9%, 65.9%]",,,,
5,parallel,49,49,0.1293208460182663,0.849453312686727,1.0177721353247762,0.0001111111111111111,67.83333333333333,"[62.0%, 65.9%, 74.6%, 72.3%, 67.1%, 65.1%]",,,,
5,parallel,50,50,0.1278607194359878,0.8272875373876547,0.9819648079574108,0.0001111111111111111,68.0,"[62.6%, 65.9%, 74.5%, 72.5%, 65.6%, 66.9%]",,,,
5,parallel,51,51,0.12670059285370935,0.8028329271304456,0.9521004371345043,0.0001111111111111111,67.35000000000001,"[61.8%, 65.5%, 74.0%, 71.9%, 63.8%, 67.1%]",,,,
5,parallel,52,52,0.12584046627143086,0.7745093691952621,0.9346686108037829,0.0001111111111111111,67.60000000000001,"[61.2%, 65.8%, 74.4%, 72.0%, 65.3%, 66.9%]",,,,
5,parallel,53,53,0.1252803396891524,0.7553031286106834,0.9051870666444302,0.0001111111111111111,67.83333333333333,"[61.5%, 65.9%, 74.2%, 72.0%, 64.4%, 69.0%]",,,,
5,parallel,54,54,0.1250202131068739,0.6987365442740766,0.8932749079540372,0.0001111111111111111,68.33333333333333,"[61.7%, 66.2%, 74.6%, 71.9%, 66.4%, 69.2%]",,,,
5,parallel,55,55,0.125,0.6988109418108494,0.9528806433081627,0.0001111111111111111,67.96666666666665,"[60.9%, 66.0%, 73.9%, 72.1%, 67.0%, 67.9%]",,,,
5,weights,1,56,0.125,0.6651354703722121,0.9109781309962273,0.0001111111111111111,67.85000000000001,"[61.0%, 66.1%, 74.0%, 71.9%, 65.2%, 68.9%]",,,,
5,weights,2,57,0.125,0.6659595687178117,0.8778638988733292,0.0001111111111111111,67.91666666666667,"[60.7%, 66.1%, 74.0%, 71.8%, 64.3%, 70.6%]",,,,
5,weights,3,58,0.125,0.659860864093032,0.8667737953364849,0.0001111111111111111,68.23333333333333,"[60.9%, 66.3%, 73.8%, 72.7%, 65.9%, 69.8%]",,,,
5,weights,4,59,0.125,0.6272528658184824,0.8759945733472705,0.0001111111111111111,68.38333333333333,"[61.2%, 66.1%, 73.6%, 72.1%, 67.2%, 70.1%]",,,,
5,weights,5,60,0.125,0.6122852586492707,0.877253825776279,0.0001111111111111111,68.3,"[60.6%, 66.4%, 74.5%, 72.3%, 67.3%, 68.7%]",,,,
5,weights,6,61,0.125,0.602258742987355,0.8541616797447205,0.0001111111111111111,68.18333333333332,"[60.5%, 66.5%, 73.9%, 72.4%, 65.6%, 70.2%]",,,,
5,weights,7,62,0.125,0.5957584139666979,0.8671266748569906,0.0001111111111111111,68.31666666666666,"[60.2%, 66.3%, 73.9%, 72.4%, 67.1%, 70.0%]",,,,
5,weights,8,63,0.125,0.5609224571646014,0.8530653091147542,0.0001111111111111111,68.13333333333334,"[60.2%, 66.3%, 73.7%, 72.0%, 64.3%, 72.3%]",,,,
5,weights,9,64,0.125,0.5816666216035432,0.9037145934998989,0.0001111111111111111,67.96666666666665,"[60.5%, 66.1%, 73.7%, 71.6%, 66.2%, 69.7%]",,,,
5,weights,10,65,0.125,0.5846835337107694,0.8721300102770329,0.0001111111111111111,68.01666666666667,"[60.4%, 66.3%, 73.2%, 72.2%, 65.2%, 70.8%]",,,,
5,weights,11,66,0.125,0.5409514613543884,0.8969126576557755,0.0001111111111111111,68.05,"[60.3%, 65.9%, 73.0%, 72.6%, 65.8%, 70.7%]",,,,
5,weights,12,67,0.125,0.5503029955338828,0.7798916399478912,0.0001111111111111111,69.01666666666665,"[60.4%, 66.5%, 73.8%, 72.6%, 66.7%, 74.1%]",,,,
5,weights,13,68,0.125,0.5201710032511361,0.7940484820865095,0.0001111111111111111,68.63333333333334,"[60.1%, 66.3%, 73.3%, 72.4%, 65.9%, 73.8%]",,,,
5,weights,14,69,0.125,0.5293543497218361,0.8322784956544638,0.0001111111111111111,68.41666666666667,"[60.7%, 66.5%, 73.4%, 72.4%, 64.6%, 72.9%]",,,,
5,weights,15,70,0.125,0.52403944428963,0.8288810979574919,0.0001111111111111111,69.03333333333333,"[60.7%, 67.1%, 73.7%, 72.0%, 67.2%, 73.5%]",,,,
5,weights,16,71,0.125,0.5256095705907556,0.8054928556084633,0.0001111111111111111,69.1,"[60.3%, 66.5%, 73.4%, 72.7%, 68.0%, 73.7%]",,,,
5,weights,17,72,0.125,0.5034999236275878,0.8284509927034378,0.0001111111111111111,68.78333333333332,"[61.0%, 66.8%, 73.2%, 72.2%, 66.6%, 72.9%]",,,,
5,weights,18,73,0.125,0.505525151574159,0.8093016659840941,0.0001111111111111111,68.73333333333333,"[60.3%, 66.4%, 73.3%, 72.4%, 67.4%, 72.6%]",,,,
5,weights,19,74,0.125,0.4842729413811165,0.933099570684135,0.0001111111111111111,68.10000000000001,"[60.9%, 66.8%, 73.0%, 71.7%, 65.3%, 70.9%]",,,,
5,weights,20,75,0.125,0.5090369001219545,0.8529170784167945,0.0001111111111111111,68.6,"[60.6%, 66.3%, 73.3%, 71.7%, 66.9%, 72.8%]",,,,
5,weights,21,76,0.125,0.46943601230277293,0.800000524148345,0.0001111111111111111,68.66666666666667,"[60.6%, 66.4%, 73.9%, 72.5%, 65.7%, 72.9%]",,,,
5,weights,22,77,0.125,0.4699095110350017,0.7845954708755016,0.0001111111111111111,68.88333333333333,"[60.4%, 66.3%, 73.6%, 72.7%, 65.7%, 74.6%]",,,,
5,weights,23,78,0.125,0.4632150487431997,0.7462004916742444,0.0001111111111111111,69.10000000000001,"[60.2%, 66.1%, 73.2%, 72.2%, 66.9%, 76.0%]",,,,
5,weights,24,79,0.125,0.47187862035971656,0.7737782262265682,0.0001111111111111111,68.81666666666668,"[60.2%, 65.9%, 73.5%, 72.1%, 66.6%, 74.6%]",,,,
5,weights,25,80,0.125,0.45529285733458363,0.7817879212088883,0.0001111111111111111,68.63333333333334,"[60.3%, 65.7%, 73.8%, 72.4%, 65.1%, 74.5%]",55.36666666666665,"[25.5%, 48.7%, 73.8%, 63.7%, 51.4%, 69.1%]",61.150000000000006,"[51.0%, 57.2%, 61.9%, 63.7%, 58.6%, 74.5%]"
6,parallel,1,1,0.4,7.292789435084862,3.6483080834150314,0.0001111111111111111,58.57142857142857,"[60.7%, 66.3%, 73.8%, 70.0%, 64.8%, 74.4%, 0.0%]",,,,
6,parallel,2,2,0.4,2.7366264922709407,2.3669126629829407,0.0001111111111111111,60.05714285714286,"[60.8%, 66.4%, 73.7%, 70.4%, 64.7%, 74.4%, 10.0%]",,,,
6,parallel,3,3,0.4,2.3438707876809035,2.3232140839099884,0.0001111111111111111,60.05714285714286,"[60.9%, 66.3%, 73.8%, 70.4%, 64.7%, 74.3%, 10.0%]",,,,
6,parallel,4,4,0.4,2.3094877653484103,2.2188725620508194,0.0001111111111111111,61.12857142857143,"[60.9%, 66.2%, 73.8%, 70.0%, 64.8%, 74.4%, 17.8%]",,,,
6,parallel,5,5,0.3930820381349143,1.9801523127133334,1.8020247854292393,0.0001111111111111111,63.04285714285715,"[60.7%, 66.4%, 73.9%, 70.1%, 64.7%, 74.4%, 31.1%]",,,,
6,parallel,6,6,0.38233127864124344,1.727894651738903,1.6839208528399467,0.0001111111111111111,63.728571428571435,"[60.6%, 66.2%, 73.4%, 70.1%, 64.5%, 74.3%, 37.0%]",,,,
6,parallel,7,7,0.3718005191475725,1.4247791525683826,1.3816777002066374,0.0001111111111111111,64.8,"[60.6%, 65.3%, 73.6%, 68.1%, 64.7%, 74.3%, 47.0%]",,,,
6,parallel,8,8,0.3614897596539016,1.2558464656902264,1.178553033620119,0.0001111111111111111,66.57142857142857,"[60.7%, 65.9%, 73.3%, 69.8%, 64.8%, 74.5%, 57.0%]",,,,
6,parallel,9,9,0.35139900016023073,1.0974138507360145,1.2358363494277,0.0001111111111111111,66.42857142857143,"[60.5%, 65.3%, 73.1%, 70.1%, 64.6%, 74.7%, 56.7%]",,,,
6,parallel,10,10,0.34152824066655985,1.0242328892780255,1.090552382171154,0.0001111111111111111,66.9,"[60.8%, 65.0%, 73.3%, 70.4%, 64.5%, 74.6%, 59.7%]",,,,
6,parallel,11,11,0.33187748117288896,0.9436007587215568,0.9810358118265867,0.0001111111111111111,67.68571428571428,"[60.8%, 64.7%, 73.6%, 70.5%, 64.5%, 74.7%, 65.0%]",,,,
6,parallel,12,12,0.3224467216792181,0.892485529561586,0.9167245291173458,0.0001111111111111111,67.52857142857142,"[60.8%, 64.8%, 73.6%, 68.6%, 64.3%, 74.5%, 66.1%]",,,,
6,parallel,13,13,0.31323596218554717,0.8477231124533883,0.9038680922240019,0.0001111111111111111,67.77142857142857,"[60.7%, 64.8%, 73.0%, 69.8%, 64.4%, 74.4%, 67.3%]",,,,
6,parallel,14,14,0.30424520269187627,0.819271014838279,0.9005527459084988,0.0001111111111111111,68.02857142857142,"[60.8%, 64.8%, 73.4%, 68.8%, 64.6%, 74.5%, 69.3%]",,,,
6,parallel,15,15,0.29547444319820537,0.7793185507194905,0.8858645758591592,0.0001111111111111111,68.02857142857142,"[60.8%, 65.1%, 73.5%, 68.9%, 64.3%, 74.7%, 68.9%]",,,,
6,parallel,16,16,0.2869236837045345,0.7561609560175787,0.8197892792522907,0.0001111111111111111,68.11428571428571,"[60.5%, 64.9%, 73.4%, 68.0%, 64.5%, 74.5%, 71.0%]",,,,
6,parallel,17,17,0.2785929242108637,0.7209262108501,0.85393051430583,0.0001111111111111111,68.4,"[60.9%, 65.5%, 73.6%, 69.8%, 64.4%, 74.5%, 70.1%]",,,,
6,parallel,18,18,0.2704821647171928,0.7115407782264903,0.8476503398269415,0.0001111111111111111,68.64285714285714,"[61.1%, 66.0%, 73.5%, 69.9%, 64.4%, 74.7%, 70.9%]",,,,
6,parallel,19,19,0.26259140522352187,0.7023683654356606,0.858347749337554,0.0001111111111111111,68.65714285714286,"[61.2%, 66.4%, 73.5%, 70.3%, 64.5%, 74.5%, 70.2%]",,,,
6,parallel,20,20,0.254920645729851,0.6821720294560059,0.8106952961534262,0.0001111111111111111,68.91428571428573,"[61.1%, 65.7%, 73.1%, 70.8%, 64.4%, 74.5%, 72.8%]",,,,
6,parallel,21,21,0.2474698862361801,0.7066005792798875,0.8105837469920516,0.0001111111111111111,68.85714285714285,"[61.1%, 66.0%, 73.0%, 69.8%, 64.7%, 74.6%, 72.8%]",,,,
6,parallel,22,22,0.24023912674250925,0.6792029557348807,0.8374977875500917,0.0001111111111111111,68.64285714285714,"[61.2%, 65.8%, 73.1%, 70.1%, 64.4%, 74.7%, 71.2%]",,,,
6,parallel,23,23,0.23322836724883836,0.6468288687211049,0.7988377744331956,0.0001111111111111111,68.8,"[61.3%, 65.9%, 73.0%, 69.5%, 64.2%, 74.7%, 73.0%]",,,,
6,parallel,24,24,0.22643760775516747,0.6554608326169509,0.7652181135490537,0.0001111111111111111,68.99999999999999,"[61.3%, 65.9%, 73.5%, 69.6%, 64.4%, 74.4%, 73.9%]",,,,
6,parallel,25,25,0.21986684826149658,0.6206217068660108,0.7934373915195465,0.0001111111111111111,68.94285714285714,"[61.3%, 66.0%, 73.2%, 69.9%, 64.1%, 74.4%, 73.7%]",,,,
6,parallel,26,26,0.21351608876782568,0.6453214642367785,0.8174335239455104,0.0001111111111111111,68.60000000000001,"[61.4%, 65.5%, 72.7%, 69.0%, 64.2%, 74.3%, 73.1%]",,,,
6,parallel,27,27,0.2073853292741548,0.6146213634859158,0.7552611296996474,0.0001111111111111111,69.2,"[61.3%, 66.1%, 72.6%, 69.9%, 64.2%, 74.2%, 76.1%]",,,,
6,parallel,28,28,0.2014745697804839,0.6490064395379417,0.8032620381563902,0.0001111111111111111,68.72857142857143,"[61.4%, 65.8%, 72.6%, 70.9%, 64.1%, 74.3%, 72.0%]",,,,
6,parallel,29,29,0.19578381028681302,0.601363904114011,0.7561543947085738,0.0001111111111111111,69.12857142857143,"[61.7%, 65.7%, 72.8%, 70.9%, 64.1%, 74.4%, 74.3%]",,,,
6,parallel,30,30,0.19031305079314215,0.5875922256632696,0.7593416552990675,0.0001111111111111111,69.18571428571428,"[61.5%, 66.1%, 72.5%, 70.4%, 64.4%, 74.3%, 75.1%]",,,,
6,parallel,31,31,0.18506229129947124,0.638373823482779,0.7754955738782883,0.0001111111111111111,69.05714285714285,"[61.6%, 65.7%, 72.5%, 70.6%, 64.3%, 74.5%, 74.2%]",,,,
6,parallel,32,32,0.18003153180580037,0.6353216835215122,0.7648910982534289,0.0001111111111111111,69.04285714285716,"[61.3%, 66.3%, 72.3%, 70.6%, 64.3%, 74.4%, 74.1%]",,,,
6,parallel,33,33,0.17522077231212946,0.6480011717428135,0.7905959729105234,0.0001111111111111111,68.81428571428572,"[61.5%, 65.8%, 72.7%, 70.0%, 64.4%, 74.5%, 72.8%]",,,,
6,parallel,34,34,0.17063001281845858,0.6226657972305636,0.7825857941061258,0.0001111111111111111,68.94285714285714,"[61.6%, 66.0%, 72.8%, 69.7%, 64.6%, 74.3%, 73.6%]",,,,
6,parallel,35,35,0.1662592533247877,0.6219854758510107,0.7819438353180885,0.0001111111111111111,68.9,"[61.3%, 65.9%, 72.9%, 70.5%, 64.6%, 74.3%, 72.8%]",,,,
6,parallel,36,36,0.1621084938311168,0.6300900619995745,0.823959837667644,0.0001111111111111111,68.54285714285716,"[61.6%, 65.3%, 72.9%, 69.0%, 64.5%, 74.4%, 72.1%]",,,,
6,parallel,37,37,0.15817773433744592,0.5899198157123372,0.7655026530846953,0.0001111111111111111,68.91428571428571,"[61.5%, 65.6%, 72.4%, 69.7%, 64.9%, 74.2%, 74.1%]",,,,
6,parallel,38,38,0.15446697484377503,0.7004854645155654,0.8214608635753393,0.0001111111111111111,68.85714285714286,"[61.4%, 65.6%, 72.3%, 70.6%, 64.8%, 74.4%, 72.9%]",,,,
6,parallel,39,39,0.15097621535010414,0.6437969177584105,0.819377837702632,0.0001111111111111111,68.64285714285714,"[61.5%, 65.2%, 72.1%, 70.0%, 64.9%, 74.2%, 72.6%]",,,,
6,parallel,40,40,0.14770545585643327,0.6411720559566836,0.8293451545760036,0.0001111111111111111,68.55714285714286,"[61.5%, 65.9%, 72.1%, 69.1%, 64.8%, 74.2%, 72.3%]",,,,
6,parallel,41,41,0.14465469636276237,0.622952170387099,0.7378088505938649,0.0001111111111111111,69.11428571428573,"[61.4%, 66.1%, 72.2%, 69.9%, 64.6%, 74.2%, 75.4%]",,,,
6,parallel,42,42,0.1418239368690915,0.5951708438275736,0.7756274985149503,0.0001111111111111111,68.8142857142857,"[61.5%, 65.4%, 72.1%, 69.7%, 64.6%, 74.2%, 74.2%]",,,,
6,parallel,43,43,0.1392131773754206,0.768691735554345,0.8567892508581281,0.0001111111111111111,68.75714285714285,"[61.4%, 65.8%, 72.3%, 69.7%, 64.5%, 74.5%, 73.1%]",,,,
6,parallel,44,44,0.13682241788174973,0.6434998493405837,0.8076500333845615,0.0001111111111111111,68.60000000000001,"[61.2%, 65.5%, 72.4%, 69.3%, 64.5%, 74.4%, 72.9%]",,,,
6,parallel,45,45,0.13465165838807883,0.5931826462096805,0.7550119822844863,0.0001111111111111111,68.9,"[61.2%, 65.8%, 72.1%, 69.0%, 64.4%, 74.3%, 75.5%]",,,,
6,parallel,46,46,0.13270089889440795,0.6304558609859853,0.8119672862812877,0.0001111111111111111,68.7,"[61.3%, 66.0%, 72.2%, 68.9%, 64.5%, 74.5%, 73.5%]",,,,
6,parallel,47,47,0.13097013940073707,0.6064800239062007,0.7835020925849676,0.0001111111111111111,68.95714285714287,"[61.6%, 65.9%, 72.3%, 68.9%, 64.6%, 74.5%, 74.9%]",,,,
6,parallel,48,48,0.12945937990706619,0.5737218981302237,0.7514624260365963,0.0001111111111111111,69.07142857142857,"[61.5%, 65.4%, 72.2%, 68.9%, 64.6%, 74.5%, 76.4%]",,,,
6,parallel,49,49,0.1281686204133953,0.5775583258158044,0.7177901603281498,0.0001111111111111111,69.22857142857143,"[61.5%, 65.8%, 72.2%, 69.0%, 64.4%, 74.5%, 77.2%]",,,,
6,parallel,50,50,0.12709786091972441,0.5388595265678212,0.776860716752708,0.0001111111111111111,69.0,"[61.4%, 65.7%, 72.2%, 69.5%, 64.3%, 74.5%, 75.4%]",,,,
6,parallel,51,51,0.12624710142605353,0.5473087441317642,0.7262108121067286,0.0001111111111111111,69.00000000000001,"[61.3%, 65.0%, 72.2%, 68.3%, 64.3%, 74.6%, 77.3%]",,,,
6,parallel,52,52,0.12561634193238264,0.5182064127507089,0.7381295785307884,0.0001111111111111111,69.07142857142857,"[61.1%, 65.6%, 72.4%, 68.8%, 64.2%, 74.6%, 76.8%]",,,,
6,parallel,53,53,0.12520558243871174,0.4813241609666921,0.7642518561333418,0.0001111111111111111,68.74285714285713,"[61.1%, 66.0%, 72.5%, 68.3%, 64.2%, 74.5%, 74.6%]",,,,
6,parallel,54,54,0.12501482294504085,0.49364886555490617,0.7120338678359985,0.0001111111111111111,69.14285714285714,"[61.1%, 65.8%, 72.4%, 68.8%, 64.5%, 74.7%, 76.7%]",,,,
6,parallel,55,55,0.125,0.5139377822604361,0.6832052730023861,0.0001111111111111111,69.14285714285714,"[61.1%, 65.4%, 72.1%, 68.7%, 64.4%, 74.7%, 77.6%]",,,,
6,weights,1,56,0.125,0.49193203524698187,0.7009229026734829,0.0001111111111111111,69.17142857142856,"[61.1%, 65.6%, 72.3%, 69.1%, 64.7%, 74.6%, 76.8%]",,,,
6,weights,2,57,0.125,0.468346352818646,0.7576116807758808,0.0001111111111111111,69.04285714285716,"[61.1%, 66.1%, 72.7%, 69.1%, 64.6%, 74.6%, 75.1%]",,,,
6,weights,3,58,0.125,0.4608908118326453,0.7465071268379688,0.0001111111111111111,69.12857142857143,"[61.1%, 65.3%, 72.4%, 69.4%, 64.5%, 74.7%, 76.5%]",,,,
6,weights,4,59,0.125,0.45925438894501214,0.7022287659347057,0.0001111111111111111,69.17142857142858,"[61.2%, 65.6%, 72.4%, 69.4%, 64.5%, 74.6%, 76.5%]",,,,
6,weights,5,60,0.125,0.47214828092086164,0.6900696121156216,0.0001111111111111111,69.32857142857144,"[61.2%, 65.7%, 72.7%, 68.9%, 64.6%, 74.6%, 77.6%]",,,,
6,weights,6,61,0.125,0.4503341975468623,0.7397009627893567,0.0001111111111111111,69.05714285714285,"[61.1%, 65.6%, 72.6%, 69.1%, 64.5%, 74.6%, 75.9%]",,,,
6,weights,7,62,0.125,0.4230928717157509,0.6716578789055347,0.0001111111111111111,69.47142857142856,"[61.4%, 65.8%, 72.5%, 69.0%, 64.5%, 74.6%, 78.5%]",,,,
6,weights,8,63,0.125,0.4375333169215842,0.6999508515000343,0.0001111111111111111,69.31428571428573,"[61.0%, 65.7%, 72.4%, 69.1%, 64.6%, 74.6%, 77.8%]",,,,
6,weights,9,64,0.125,0.42721550374091427,0.6883575385436416,0.0001111111111111111,69.24285714285715,"[61.0%, 65.4%, 72.8%, 68.1%, 64.5%, 74.6%, 78.3%]",,,,
6,weights,10,65,0.125,0.39329035070878043,0.7357342261821032,0.0001111111111111111,69.18571428571428,"[61.2%, 65.7%, 72.7%, 69.0%, 64.7%, 74.5%, 76.5%]",,,,
6,weights,11,66,0.125,0.4074731350322313,0.7111064000055194,0.0001111111111111111,69.25714285714285,"[60.9%, 65.7%, 72.8%, 68.5%, 64.6%, 74.6%, 77.7%]",,,,
6,weights,12,67,0.125,0.392132021392448,0.6866008937358856,0.0001111111111111111,69.37142857142858,"[61.1%, 65.7%, 72.9%, 68.4%, 64.6%, 74.5%, 78.4%]",,,,
6,weights,13,68,0.125,0.38735750393022467,0.7426492776721716,0.0001111111111111111,69.07142857142857,"[61.0%, 65.4%, 72.6%, 68.4%, 64.7%, 74.5%, 76.9%]",,,,
6,weights,14,69,0.125,0.3959281381361092,0.6791720082983375,0.0001111111111111111,69.35714285714286,"[61.1%, 65.6%, 72.8%, 68.7%, 64.7%, 74.5%, 78.1%]",,,,
6,weights,15,70,0.125,0.38967603577088705,0.7104699835181236,0.0001111111111111111,69.34285714285714,"[61.2%, 65.2%, 72.8%, 69.4%, 64.7%, 74.5%, 77.6%]",,,,
6,weights,16,71,0.125,0.37870538234710693,0.6666060090065002,0.0001111111111111111,69.35714285714286,"[61.2%, 65.1%, 72.9%, 68.7%, 64.7%, 74.5%, 78.4%]",,,,
6,weights,17,72,0.125,0.3732855322570363,0.7124883942306042,0.0001111111111111111,69.34285714285714,"[61.1%, 65.0%, 72.8%, 69.5%, 64.6%, 74.5%, 77.9%]",,,,
6,weights,18,73,0.125,0.3554976629682734,0.6874411655589938,0.0001111111111111111,69.4,"[61.2%, 65.2%, 73.1%, 68.1%, 64.7%, 74.5%, 79.0%]",,,,
6,weights,19,74,0.125,0.3496517273066919,0.7259128568693995,0.0001111111111111111,69.24285714285715,"[61.4%, 64.9%, 73.1%, 68.9%, 64.8%, 74.6%, 77.0%]",,,,
6,weights,20,75,0.125,0.3592092760756046,0.6702216118574142,0.0001111111111111111,69.47142857142858,"[61.2%, 65.5%, 72.7%, 69.3%, 64.8%, 74.6%, 78.2%]",,,,
6,weights,21,76,0.125,0.35339720773546,0.6737700868397951,0.0001111111111111111,69.34285714285713,"[61.4%, 65.3%, 72.7%, 68.7%, 64.6%, 74.7%, 78.0%]",,,,
6,weights,22,77,0.125,0.3564551129371305,0.7243606708943844,0.0001111111111111111,69.37142857142858,"[61.1%, 65.0%, 72.7%, 69.9%, 64.8%, 74.6%, 77.5%]",,,,
6,weights,23,78,0.125,0.3350449568485912,0.7102614790201187,0.0001111111111111111,69.25714285714285,"[61.1%, 65.5%, 73.0%, 69.1%, 64.8%, 74.6%, 76.7%]",,,,
6,weights,24,79,0.125,0.33371280435519884,0.6973827192559838,0.0001111111111111111,69.37142857142858,"[61.2%, 65.4%, 73.0%, 68.7%, 64.8%, 74.6%, 77.9%]",,,,
6,weights,25,80,0.125,0.33036773463216007,0.7187494756653905,0.0001111111111111111,69.37142857142858,"[61.0%, 65.6%, 72.8%, 68.7%, 64.8%, 74.6%, 78.1%]",57.42857142857143,"[10.2%, 48.8%, 69.0%, 66.3%, 55.0%, 74.6%, 78.1%]",60.542857142857144,"[49.2%, 53.0%, 61.2%, 61.6%, 58.0%, 74.6%, 66.2%]"
7,parallel,1,1,0.3,7.092918552929842,3.9495477378368378,0.0001111111111111111,60.56250000000001,"[60.8%, 65.2%, 72.9%, 68.9%, 64.4%, 74.6%, 77.7%, 0.0%]",,,,
7,parallel,2,2,0.3,3.01413699041439,2.457236871123314,0.0001111111111111111,61.725,"[60.8%, 65.2%, 73.0%, 68.6%, 64.0%, 74.5%, 77.7%, 10.0%]",,,,
7,parallel,3,3,0.3,2.3813469409942627,2.350615441799164,0.0001111111111111111,61.699999999999996,"[60.8%, 65.1%, 73.1%, 68.2%, 64.3%, 74.4%, 77.7%, 10.0%]",,,,
7,parallel,4,4,0.3,2.338106589981272,2.342462182044983,0.0001111111111111111,61.6625,"[60.9%, 64.9%, 73.1%, 68.2%, 64.1%, 74.4%, 77.7%, 10.0%]",,,,
7,parallel,5,5,0.2955976606313091,2.3274349713627296,2.2933959513902664,0.0001111111111111111,62.7875,"[60.9%, 65.1%, 73.0%, 68.3%, 64.2%, 74.6%, 77.7%, 18.5%]",,,,
7,parallel,6,6,0.2887562682262458,2.1303350487841834,1.961424432694912,0.0001111111111111111,63.1125,"[60.4%, 65.2%, 72.8%, 68.4%, 64.6%, 74.4%, 77.8%, 21.3%]",,,,
7,parallel,7,7,0.2820548758211825,1.876919535141957,1.8658087067306042,0.0001111111111111111,63.97500000000001,"[60.3%, 65.3%, 73.1%, 68.4%, 65.1%, 74.2%, 77.9%, 27.5%]",,,,
7,parallel,8,8,0.27549348341611923,1.8292207883883127,1.7615663893520832,0.0001111111111111111,64.0125,"[59.8%, 65.3%, 73.3%, 68.1%, 65.2%, 74.3%, 77.3%, 28.8%]",,,,
7,parallel,9,9,0.2690720910110559,1.6692529554608502,1.6683225817978382,0.0001111111111111111,65.275,"[60.1%, 65.1%, 73.4%, 68.0%, 65.0%, 74.6%, 77.2%, 38.8%]",,,,
7,parallel,10,10,0.2627906986059926,1.5367590038082268,1.5474396646022797,0.0001111111111111111,65.825,"[60.1%, 65.1%, 73.0%, 68.0%, 64.7%, 74.3%, 77.5%, 43.9%]",,,,
7,parallel,11,11,0.25664930620092935,1.378184329859818,1.4603636991232634,0.0001111111111111111,66.1625,"[59.9%, 65.1%, 73.3%, 67.8%, 64.4%, 74.2%, 77.3%, 47.3%]",,,,
7,parallel,12,12,0.25064791379586604,1.2843579898906659,1.3639299254864454,0.0001111111111111111,66.675,"[60.1%, 65.0%, 72.9%, 67.9%, 64.5%, 74.3%, 77.2%, 51.5%]",,,,
7,parallel,13,13,0.24478652139080276,1.2319933817356448,1.247390292584896,0.0001111111111111111,67.275,"[60.2%, 65.1%, 73.0%, 68.0%, 64.5%, 74.4%, 77.1%, 55.9%]",,,,
7,parallel,14,14,0.23906512898573945,1.1644051633303678,1.205453921109438,0.0001111111111111111,67.26249999999999,"[60.2%, 65.0%, 73.0%, 68.2%, 63.9%, 74.4%, 77.5%, 55.9%]",,,,
7,parallel,15,15,0.23348373658067617,1.0997026125087013,1.269289480522275,0.0001111111111111111,67.3375,"[60.0%, 65.1%, 73.1%, 68.4%, 64.3%, 74.3%, 77.5%, 56.0%]",,,,
7,parallel,16,16,0.22804234417561287,1.0787751689741882,1.1702661793679,0.0001111111111111111,67.7125,"[60.0%, 64.9%, 72.9%, 68.3%, 64.3%, 74.2%, 77.4%, 59.7%]",,,,
7,parallel,17,17,0.2227409517705496,1.0171662599225588,1.1972492597997189,0.0001111111111111111,67.61250000000001,"[60.0%, 64.9%, 72.8%, 68.3%, 64.3%, 74.4%, 77.1%, 59.1%]",,,,
7,parallel,18,18,0.21757955936548629,1.0395814776420593,1.304960378445685,0.0001111111111111111,67.225,"[60.2%, 64.5%, 72.7%, 68.1%, 64.1%, 74.5%, 77.2%, 56.5%]",,,,
7,parallel,19,19,0.212558166960423,0.9956464352487009,1.1168631296604872,0.0001111111111111111,68.075,"[60.0%, 64.6%, 72.9%, 68.2%, 64.6%, 74.6%, 77.3%, 62.4%]",,,,
7,parallel,20,20,0.2076767745553597,0.974841867821126,1.0728264898061752,0.0001111111111111111,68.2875,"[60.2%, 64.8%, 73.2%, 68.1%, 64.2%, 74.5%, 77.0%, 64.3%]",,,,
7,parallel,21,21,0.2029353821502964,0.9565627793722515,1.0897073969244957,0.0001111111111111111,68.2625,"[60.2%, 64.6%, 73.2%, 68.1%, 64.8%, 74.2%, 77.2%, 63.8%]",,,,
7,parallel,22,22,0.19833398974523314,0.9406532758398901,1.134326913394034,0.0001111111111111111,67.86250000000001,"[60.6%, 64.7%, 73.0%, 68.0%, 64.4%, 74.2%, 77.3%, 60.7%]",,,,
7,parallel,23,23,0.19387259734016987,0.9130558514896827,1.1089955605566502,0.0001111111111111111,68.25,"[60.9%, 64.7%, 72.7%, 68.2%, 64.5%, 74.3%, 77.0%, 63.7%]",,,,
7,parallel,24,24,0.18955120493510658,0.9039290834076797,1.0016762018203735,0.0001111111111111111,68.8,"[61.1%, 65.0%, 72.8%, 68.0%, 64.1%, 74.2%, 77.2%, 68.0%]",,,,
7,parallel,25,25,0.18536981253004325,0.9353834941417356,1.052747760899365,0.0001111111111111111,68.1625,"[60.8%, 65.0%, 73.1%, 68.0%, 63.9%, 74.5%, 76.9%, 63.1%]",,,,
7,parallel,26,26,0.18132842012497996,0.8667861053460761,1.0004498809576035,0.0001111111111111111,68.52499999999999,"[60.7%, 65.0%, 73.3%, 68.1%, 63.4%, 74.5%, 76.9%, 66.3%]",,,,
7,parallel,27,27,0.17742702771991667,0.8542483848861501,1.0219000186771154,0.0001111111111111111,68.375,"[60.6%, 64.8%, 73.2%, 67.9%, 64.2%, 74.1%, 76.7%, 65.5%]",,,,
7,parallel,28,28,0.17366563531485338,0.8400994675068916,1.0386737156659365,0.0001111111111111111,68.44999999999999,"[60.6%, 65.0%, 73.1%, 68.1%, 64.4%, 74.1%, 76.7%, 65.6%]",,,,
7,parallel,29,29,0.1700442429097901,0.9439000562776493,1.037477845326066,0.0001111111111111111,68.3125,"[60.5%, 65.1%, 73.1%, 67.7%, 64.2%, 74.0%, 76.5%, 65.4%]",,,,
7,parallel,30,30,0.1665628505047268,0.8597313475005234,0.9955556802451611,0.0001111111111111111,68.375,"[60.4%, 65.0%, 73.2%, 67.7%, 64.2%, 74.0%, 76.6%, 65.9%]",,,,
7,parallel,31,31,0.1632214580996635,0.8402714759488649,0.977810749784112,0.0001111111111111111,68.725,"[60.0%, 65.1%, 73.0%, 67.7%, 64.1%, 73.9%, 76.8%, 69.2%]",,,,
7,parallel,32,32,0.16002006569460023,0.824444761004629,0.9529876271262765,0.0001111111111111111,68.575,"[60.2%, 65.6%, 72.9%, 67.6%, 63.8%, 73.9%, 77.0%, 67.6%]",,,,
7,parallel,33,33,0.15695867328953694,0.8158991947958741,0.9837030675262213,0.0001111111111111111,68.6125,"[60.5%, 65.7%, 73.0%, 67.7%, 63.4%, 74.1%, 77.1%, 67.4%]",,,,
7,parallel,34,34,0.15403728088447363,0.9349038404754445,0.9944525202736259,0.0001111111111111111,68.375,"[60.5%, 65.7%, 73.0%, 67.2%, 63.5%, 73.6%, 76.9%, 66.6%]",,,,
7,parallel,35,35,0.15125588847941035,0.8332056863398491,1.0051048370078206,0.0001111111111111111,68.55,"[60.5%, 65.3%, 73.0%, 67.6%, 63.5%, 74.1%, 76.8%, 67.6%]",,,,
7,parallel,36,36,0.14861449607434707,0.7991876353191424,0.9483998697251081,0.0001111111111111111,68.65,"[60.4%, 65.2%, 73.0%, 67.3%, 63.8%, 73.9%, 76.7%, 68.9%]",,,,
7,parallel,37,37,0.14611310366928376,0.8316249289090121,1.0228600362315774,0.0001111111111111111,68.375,"[60.3%, 65.2%, 73.4%, 67.7%, 63.8%, 74.2%, 76.6%, 65.8%]",,,,
7,parallel,38,38,0.14375171126422048,0.7808232952522326,0.9548003897070885,0.0001111111111111111,68.675,"[60.2%, 65.0%, 73.5%, 67.4%, 63.7%, 74.1%, 76.3%, 69.2%]",,,,
7,parallel,39,39,0.14153031885915718,0.7612074745606773,0.9409772353246808,0.0001111111111111111,68.55,"[60.4%, 65.1%, 73.5%, 67.4%, 63.3%, 73.6%, 76.3%, 68.8%]",,,,
7,parallel,40,40,0.1394489264540939,0.9982940441445459,1.0353266224265099,0.0001111111111111111,68.2,"[60.1%, 65.3%, 73.4%, 67.3%, 63.7%, 73.8%, 76.1%, 65.9%]",,,,
7,parallel,41,41,0.1375075340490306,0.8363314270973206,0.9783822670578957,0.0001111111111111111,68.3625,"[60.5%, 64.9%, 73.4%, 67.6%, 63.3%, 73.6%, 76.1%, 67.5%]",,,,
7,parallel,42,42,0.13570614164396733,0.8025768867021874,0.9128860477358103,0.0001111111111111111,68.725,"[60.3%, 64.8%, 73.2%, 67.6%, 63.4%, 73.7%, 76.0%, 70.8%]",,,,
7,parallel,43,43,0.13404474923890403,0.7780480596083629,0.9671538062393665,0.0001111111111111111,68.08749999999999,"[60.2%, 64.9%, 73.1%, 67.6%, 63.2%, 73.8%, 76.1%, 65.8%]",,,,
7,parallel,44,44,0.13252335683384073,0.861345425814013,0.9548793537542224,0.0001111111111111111,68.41250000000001,"[60.5%, 64.7%, 73.0%, 67.4%, 63.5%, 73.6%, 76.0%, 68.6%]",,,,
7,parallel,45,45,0.13114196442877743,0.7967995507053182,0.9341348093003035,0.0001111111111111111,68.42500000000001,"[60.6%, 64.4%, 72.8%, 68.0%, 63.1%, 73.4%, 76.1%, 69.0%]",,,,
7,parallel,46,46,0.12990057202371413,0.7520526602298399,0.9693238511681557,0.0001111111111111111,68.24999999999999,"[60.6%, 64.3%, 73.0%, 68.0%, 63.2%, 73.6%, 76.0%, 67.3%]",,,,
7,parallel,47,47,0.12879917961865087,0.7491270394264897,0.9694175850600004,0.0001111111111111111,68.2875,"[60.8%, 64.5%, 73.0%, 68.1%, 63.1%, 73.4%, 75.8%, 67.6%]",,,,
7,parallel,48,48,0.12783778721358757,0.7397715883164466,0.9674088787287474,0.0001111111111111111,68.4125,"[60.7%, 64.4%, 73.6%, 67.9%, 63.4%, 73.6%, 75.9%, 67.8%]",,,,
7,parallel,49,49,0.12701639480852428,0.6969853843314738,0.9577698959037662,0.0001111111111111111,68.60000000000001,"[60.4%, 64.7%, 73.5%, 67.5%, 63.8%, 73.4%, 76.0%, 69.5%]",,,,
7,parallel,50,50,0.126335002403461,0.707378932946845,0.9386328142136335,0.0001111111111111111,68.6375,"[60.7%, 64.8%, 73.6%, 67.9%, 63.5%, 73.4%, 76.0%, 69.2%]",,,,
7,parallel,51,51,0.1257936099983977,0.662168492999258,0.9087835690006614,0.0001111111111111111,68.62500000000001,"[60.8%, 64.7%, 73.3%, 67.9%, 63.1%, 73.2%, 75.8%, 70.2%]",,,,
7,parallel,52,52,0.1253922175933344,0.6528224239620981,0.9712783908471465,0.0001111111111111111,68.3,"[60.7%, 64.7%, 73.6%, 67.6%, 62.9%, 73.3%, 76.1%, 67.5%]",,,,
7,parallel,53,53,0.12513082518827112,0.6545647499682028,0.9595765359699726,0.0001111111111111111,68.55,"[60.9%, 64.6%, 73.5%, 67.7%, 63.3%, 73.4%, 76.0%, 69.0%]",,,,
7,parallel,54,54,0.1250094327832078,0.6628787159165249,0.930672868154943,0.0001111111111111111,68.60000000000001,"[60.9%, 64.7%, 73.5%, 67.6%, 63.0%, 73.3%, 76.1%, 69.7%]",,,,
7,parallel,55,55,0.125,0.6447840864899792,0.8842474967241287,0.0001111111111111111,68.73750000000001,"[60.8%, 64.5%, 73.4%, 67.5%, 63.0%, 73.4%, 76.1%, 71.2%]",,,,
7,weights,1,56,0.125,0.6357348927214176,0.8975909780710936,0.0001111111111111111,68.65,"[60.9%, 64.4%, 73.4%, 67.8%, 63.0%, 73.3%, 76.3%, 70.1%]",,,,
7,weights,2,57,0.125,0.6118084365808512,0.9277574047446251,0.0001111111111111111,68.64999999999999,"[60.9%, 64.6%, 73.4%, 67.8%, 63.0%, 73.6%, 76.1%, 69.8%]",,,,
7,weights,3,58,0.125,0.6024990496756155,0.8966846251860261,0.0001111111111111111,68.7,"[60.6%, 64.5%, 73.4%, 67.7%, 62.9%, 73.5%, 76.3%, 70.7%]",,,,
7,weights,4,59,0.125,0.6337122924720184,0.9583074618130922,0.0001111111111111111,68.44999999999999,"[60.6%, 64.7%, 73.3%, 67.7%, 62.9%, 73.6%, 76.2%, 68.6%]",,,,
7,weights,5,60,0.125,0.6144274722171735,0.9161072140559554,0.0001111111111111111,68.825,"[60.8%, 64.7%, 73.6%, 67.6%, 63.2%, 73.3%, 76.2%, 71.2%]",,,,
7,weights,6,61,0.125,0.5823039453995379,0.8882336034439504,0.0001111111111111111,68.82499999999999,"[60.5%, 64.6%, 73.4%, 67.7%, 63.4%, 73.5%, 76.2%, 71.3%]",,,,
7,weights,7,62,0.125,0.5917683624768559,0.9061068147420883,0.0001111111111111111,68.7,"[60.5%, 64.5%, 73.6%, 67.6%, 63.3%, 73.5%, 76.1%, 70.5%]",,,,
7,weights,8,63,0.125,0.588049082439157,0.837477351538837,0.0001111111111111111,68.975,"[60.2%, 64.7%, 73.5%, 67.7%, 63.4%, 73.4%, 76.2%, 72.7%]",,,,
7,weights,9,64,0.125,0.5664446904689451,0.8516421904787421,0.0001111111111111111,68.775,"[60.3%, 64.6%, 73.4%, 67.6%, 63.4%, 73.6%, 76.3%, 71.0%]",,,,
7,weights,10,65,0.125,0.5545363045191463,0.9143206551671028,0.0001111111111111111,68.6875,"[60.5%, 64.7%, 73.4%, 67.5%, 63.4%, 73.4%, 76.3%, 70.3%]",,,,
7,weights,11,66,0.125,0.5552303851405277,0.8751715645194054,0.0001111111111111111,68.825,"[60.4%, 64.6%, 73.5%, 67.4%, 63.6%, 73.5%, 76.2%, 71.4%]",,,,
7,weights,12,67,0.125,0.5502582460264617,0.8653963264077902,0.0001111111111111111,68.7,"[60.2%, 64.5%, 73.3%, 67.3%, 63.6%, 73.3%, 76.0%, 71.4%]",,,,
7,weights,13,68,0.125,0.5554968688306929,0.8364662798121572,0.0001111111111111111,68.725,"[60.0%, 64.8%, 73.4%, 67.4%, 62.9%, 73.4%, 75.9%, 72.0%]",,,,
7,weights,14,69,0.125,0.5186208429970319,0.8635095562785864,0.0001111111111111111,68.7625,"[60.2%, 64.7%, 73.4%, 67.1%, 63.2%, 73.7%, 76.1%, 71.7%]",,,,
7,weights,15,70,0.125,0.5282386669629737,0.8556051664054394,0.0001111111111111111,68.78750000000001,"[60.2%, 64.9%, 73.6%, 66.9%, 63.6%, 73.5%, 76.2%, 71.4%]",,,,
7,weights,16,71,0.125,0.5222044160848931,0.8590385830029845,0.0001111111111111111,69.0125,"[60.1%, 64.8%, 73.3%, 67.1%, 63.6%, 73.3%, 76.3%, 73.6%]",,,,
7,weights,17,72,0.125,0.5117627763295476,0.8533120844513178,0.0001111111111111111,68.7,"[59.7%, 64.5%, 73.4%, 66.8%, 63.2%, 73.4%, 76.2%, 72.4%]",,,,
7,weights,18,73,0.125,0.5096776227030573,0.9017507145181298,0.0001111111111111111,68.58749999999999,"[59.7%, 64.6%, 73.4%, 67.1%, 63.4%, 73.4%, 76.2%, 70.9%]",,,,
7,weights,19,74,0.125,0.5212264055315452,0.9461474134586751,0.0001111111111111111,68.3125,"[59.5%, 64.5%, 73.5%, 67.2%, 63.1%, 73.2%, 76.1%, 69.4%]",,,,
7,weights,20,75,0.125,0.5092851553536668,0.8560848021879792,0.0001111111111111111,68.72500000000001,"[59.9%, 64.6%, 73.4%, 67.2%, 63.6%, 73.3%, 75.9%, 71.9%]",,,,
7,weights,21,76,0.125,0.48522763237168515,0.8459591465070844,0.0001111111111111111,68.725,"[59.6%, 64.6%, 73.4%, 67.3%, 63.4%, 73.1%, 76.2%, 72.2%]",,,,
7,weights,22,77,0.125,0.5083994733381875,0.9161074864678085,0.0001111111111111111,68.475,"[59.5%, 64.4%, 73.7%, 67.2%, 63.2%, 73.3%, 76.1%, 70.4%]",,,,
7,weights,23,78,0.125,0.5097846916959256,0.9142295718193054,0.0001111111111111111,68.4125,"[59.6%, 64.4%, 73.5%, 66.9%, 63.0%, 73.2%, 75.9%, 70.8%]",,,,
7,weights,24,79,0.125,0.47681597705128825,0.8812927370890975,0.0001111111111111111,68.47500000000001,"[59.4%, 64.4%, 73.4%, 67.0%, 62.8%, 73.2%, 75.8%, 71.8%]",,,,
7,weights,25,80,0.125,0.46587964703765095,0.8795572109520435,0.0001111111111111111,68.7,"[60.0%, 64.6%, 73.4%, 67.1%, 63.4%, 73.3%, 75.6%, 72.2%]",54.6125,"[15.4%, 37.7%, 69.6%, 65.1%, 49.8%, 68.1%, 75.6%, 55.6%]",55.025,"[49.2%, 46.2%, 61.8%, 60.0%, 56.7%, 61.7%, 61.3%, 43.3%]"
8,parallel,1,1,0.2,6.097354979454717,4.116843491792679,0.0001111111111111111,61.76666666666668,"[59.2%, 64.4%, 73.0%, 66.9%, 63.3%, 73.4%, 75.8%, 71.9%, 8.0%]",,,,
8,parallel,2,2,0.2,3.238090771663038,2.5972075760364532,0.0001111111111111111,61.900000000000006,"[59.3%, 63.9%, 72.8%, 67.0%, 63.1%, 73.3%, 75.8%, 71.9%, 10.0%]",,,,
8,parallel,3,3,0.2,2.4359440169756925,2.366020083427429,0.0001111111111111111,61.900000000000006,"[59.4%, 63.8%, 72.7%, 67.0%, 63.0%, 73.1%, 75.7%, 71.9%, 10.5%]",,,,
8,parallel,4,4,0.2,2.34976895851425,2.331281676888466,0.0001111111111111111,61.82222222222223,"[59.5%, 63.5%, 72.5%, 67.1%, 63.0%, 73.1%, 75.7%, 72.0%, 10.0%]",,,,
8,parallel,5,5,0.19811328312770393,2.3379047037679936,2.3315503299236298,0.0001111111111111111,61.8111111111111,"[59.3%, 63.4%, 72.5%, 67.2%, 63.0%, 73.1%, 75.7%, 72.1%, 10.0%]",,,,
8,parallel,6,6,0.19518125781124823,2.3287886335879944,2.306577816605568,0.0001111111111111111,62.06666666666667,"[58.6%, 63.0%, 72.6%, 67.2%, 63.1%, 73.2%, 75.7%, 72.1%, 13.1%]",,,,
8,parallel,7,7,0.1923092324947925,2.121792648412004,2.0017410665750504,0.0001111111111111111,63.14444444444444,"[60.2%, 62.9%, 72.2%, 66.8%, 63.2%, 73.2%, 75.7%, 72.2%, 21.9%]",,,,
8,parallel,8,8,0.18949720717833682,1.9151039817665196,2.182562254369259,0.0001111111111111111,63.344444444444434,"[60.5%, 62.7%, 72.5%, 66.7%, 62.8%, 73.1%, 75.5%, 72.3%, 24.0%]",,,,
8,parallel,9,9,0.1867451818618811,1.8018656259850612,1.8870320096611977,0.0001111111111111111,64.6,"[61.1%, 62.9%, 72.1%, 66.6%, 63.0%, 73.0%, 75.8%, 72.4%, 34.5%]",,,,
8,parallel,10,10,0.18405315654542542,1.691326400901698,1.6021882705390453,0.0001111111111111111,65.5111111111111,"[61.2%, 63.0%, 72.2%, 66.6%, 63.2%, 72.9%, 75.9%, 72.3%, 42.3%]",,,,
8,parallel,11,11,0.18142113122896975,1.5615289980852152,1.5781834870576859,0.0001111111111111111,65.46666666666667,"[61.3%, 62.5%, 72.2%, 66.8%, 63.5%, 73.0%, 75.5%, 72.2%, 42.2%]",,,,
8,parallel,12,12,0.17884910591251402,1.5010505461994605,1.530695902183652,0.0001111111111111111,65.83333333333334,"[61.4%, 62.5%, 72.3%, 66.7%, 63.8%, 72.9%, 75.3%, 72.4%, 45.2%]",,,,
8,parallel,13,13,0.17633708059605832,1.4536167715169206,1.5168560855090618,0.0001111111111111111,65.9,"[61.5%, 62.4%, 72.3%, 66.7%, 63.5%, 72.9%, 75.5%, 72.6%, 45.7%]",,,,
8,parallel,14,14,0.17388505527960263,1.384404316733155,1.4517336394637823,0.0001111111111111111,65.84444444444445,"[61.5%, 62.3%, 72.3%, 66.6%, 63.5%, 72.9%, 74.7%, 72.6%, 46.2%]",,,,
8,parallel,15,15,0.17149302996314694,1.3678599452670617,1.4770130850374699,0.0001111111111111111,66.13333333333334,"[61.3%, 62.2%, 72.2%, 66.6%, 63.7%, 73.0%, 74.9%, 72.6%, 48.7%]",,,,
8,parallel,16,16,0.16916100464669123,1.3149668687506566,1.3312717601656914,0.0001111111111111111,66.67777777777776,"[61.3%, 62.3%, 72.3%, 66.8%, 64.0%, 73.2%, 74.7%, 72.5%, 53.0%]",,,,
8,parallel,17,17,0.16688897933023555,1.2900314338599579,1.3320932816714048,0.0001111111111111111,66.66666666666667,"[61.2%, 62.5%, 72.4%, 66.7%, 64.0%, 73.0%, 74.7%, 72.4%, 53.1%]",,,,
8,parallel,18,18,0.16467695401377985,1.2422588354424586,1.431901877745986,0.0001111111111111111,66.55555555555556,"[61.0%, 62.4%, 72.5%, 66.7%, 63.8%, 73.0%, 74.8%, 72.5%, 52.3%]",,,,
8,parallel,19,19,0.16252492869732416,1.2143943694573414,1.2807224243879318,0.0001111111111111111,66.92222222222223,"[60.4%, 62.2%, 72.5%, 66.6%, 63.8%, 73.0%, 75.0%, 72.6%, 56.2%]",,,,
8,parallel,20,20,0.16043290338086846,1.1594283422337304,1.244765492156148,0.0001111111111111111,67.23333333333335,"[60.9%, 62.3%, 72.7%, 66.6%, 64.1%, 73.1%, 75.0%, 72.7%, 57.7%]",,,,
8,parallel,21,21,0.15840087806441275,1.1255241783359382,1.2146708313375711,0.0001111111111111111,67.4,"[60.7%, 62.3%, 72.7%, 66.9%, 64.1%, 73.0%, 74.8%, 72.7%, 59.4%]",,,,
8,parallel,22,22,0.15642885274795706,1.1129092634478701,1.2181537225842476,0.0001111111111111111,67.45555555555555,"[61.4%, 62.2%, 72.6%, 66.9%, 64.3%, 73.1%, 74.9%, 72.4%, 59.3%]",,,,
8,parallel,23,23,0.15451682743150136,1.186977441552319,1.2828550338745117,0.0001111111111111111,66.96666666666667,"[61.2%, 62.0%, 72.6%, 66.6%, 64.0%, 73.1%, 74.9%, 72.6%, 55.7%]",,,,
8,parallel,24,24,0.15266480211504568,1.0817997425417356,1.2225896138697863,0.0001111111111111111,67.37777777777778,"[60.7%, 62.2%, 72.7%, 66.7%, 64.2%, 73.0%, 74.9%, 72.4%, 59.6%]",,,,
8,parallel,25,25,0.15087277679858999,1.0612747042993955,1.2770498394966125,0.0001111111111111111,67.51111111111112,"[60.8%, 63.2%, 72.8%, 66.7%, 64.2%, 73.1%, 74.8%, 72.3%, 59.7%]",,,,
8,parallel,26,26,0.14914075148213427,1.0348188009443162,1.1017468385398388,0.0001111111111111111,67.67777777777778,"[60.9%, 62.2%, 72.8%, 66.7%, 64.1%, 73.1%, 74.7%, 72.4%, 62.2%]",,,,
8,parallel,27,27,0.14746872616567858,1.0372020888932143,1.2215002458542585,0.0001111111111111111,67.55555555555556,"[61.3%, 62.2%, 72.9%, 66.6%, 64.1%, 73.2%, 75.0%, 72.6%, 60.1%]",,,,
8,parallel,28,28,0.14585670084922286,0.9799300054960614,1.1231597643345594,0.0001111111111111111,67.57777777777777,"[61.0%, 62.0%, 72.7%, 66.5%, 64.1%, 73.2%, 74.9%, 72.3%, 61.5%]",,,,
8,parallel,29,29,0.14430467553276718,0.978933408290525,1.0703156888484955,0.0001111111111111111,67.83333333333331,"[61.0%, 62.3%, 72.7%, 66.5%, 64.2%, 73.1%, 75.0%, 72.4%, 63.3%]",,,,
8,parallel,30,30,0.14281265021631148,0.9593165267871905,1.0736927445977926,0.0001111111111111111,67.80000000000001,"[61.3%, 62.1%, 72.5%, 66.4%, 63.9%, 73.1%, 75.0%, 72.2%, 63.7%]",,,,
8,parallel,31,31,0.14138062489985578,0.9370419224606285,1.098453413695097,0.0001111111111111111,67.68888888888888,"[60.7%, 62.2%, 72.7%, 66.2%, 63.8%, 73.1%, 74.9%, 72.3%, 63.3%]",,,,
8,parallel,32,32,0.1400085995834001,1.038934678971013,1.199338024482131,0.0001111111111111111,67.41111111111111,"[61.6%, 62.0%, 72.9%, 66.1%, 64.0%, 73.3%, 74.8%, 72.2%, 59.8%]",,,,
8,parallel,33,33,0.1386965742669444,1.0106107336056382,1.16635662317276,0.0001111111111111111,67.61111111111111,"[60.8%, 62.2%, 72.9%, 66.1%, 63.8%, 73.2%, 74.8%, 72.3%, 62.4%]",,,,
8,parallel,34,34,0.13744454895048872,0.9735007957567142,1.1950937816873193,0.0001111111111111111,67.54444444444444,"[62.0%, 62.3%, 73.0%, 66.0%, 63.7%, 73.2%, 75.0%, 72.3%, 60.4%]",,,,
8,parallel,35,35,0.136252523634033,0.9699307514142387,1.1490145679563284,0.0001111111111111111,67.41111111111111,"[60.5%, 61.6%, 73.0%, 66.1%, 63.5%, 73.3%, 74.8%, 72.2%, 61.7%]",,,,
8,parallel,36,36,0.1351204983175773,0.9255106758467758,1.0681788623332977,0.0001111111111111111,68.01111111111112,"[61.3%, 61.8%, 73.1%, 66.0%, 63.5%, 73.4%, 74.9%, 72.2%, 65.9%]",,,,
8,parallel,37,37,0.1340484730011216,0.9110730811010433,1.123901879414916,0.0001111111111111111,67.71111111111112,"[61.2%, 61.7%, 73.1%, 66.0%, 63.6%, 73.2%, 74.8%, 72.2%, 63.6%]",,,,
8,parallel,38,38,0.1330364476846659,0.9033553019354615,1.0307812802493572,0.0001111111111111111,67.76666666666667,"[61.2%, 61.9%, 73.1%, 66.0%, 63.7%, 73.2%, 74.9%, 72.1%, 63.8%]",,,,
8,parallel,39,39,0.13208442236821022,0.9190883953360063,1.056143301539123,0.0001111111111111111,67.83333333333333,"[60.9%, 61.8%, 73.1%, 65.9%, 63.4%, 73.2%, 75.0%, 72.0%, 65.2%]",,,,
8,parallel,40,40,0.13119239705175453,0.8605925221986408,1.0821945555508137,0.0001111111111111111,67.68888888888888,"[61.0%, 61.7%, 73.0%, 66.0%, 63.5%, 73.3%, 75.0%, 72.3%, 63.4%]",,,,
8,parallel,41,41,0.13036037173529882,0.8713541491122185,1.11576621606946,0.0001111111111111111,67.52222222222221,"[60.9%, 61.9%, 72.9%, 66.1%, 63.3%, 73.2%, 74.9%, 72.0%, 62.5%]",,,,
8,parallel,42,42,0.12958834641884315,0.8313659173023852,1.0807578302919865,0.0001111111111111111,67.75555555555556,"[60.9%, 61.7%, 73.0%, 66.0%, 63.4%, 73.3%, 75.0%, 71.9%, 64.6%]",,,,
8,parallel,43,43,0.12887632110238745,0.8356287064431589,1.1386951375752687,0.0001111111111111111,67.53333333333333,"[61.2%, 62.0%, 72.9%, 66.0%, 63.4%, 73.2%, 74.8%, 72.0%, 62.3%]",,,,
8,parallel,44,44,0.12822429578593175,0.8449019759516173,1.0332839600741863,0.0001111111111111111,67.92222222222223,"[61.0%, 61.9%, 72.9%, 66.0%, 63.6%, 73.2%, 74.9%, 72.1%, 65.7%]",,,,
8,parallel,45,45,0.12763227046947603,0.8001394566101364,1.098584403283894,0.0001111111111111111,67.76666666666667,"[60.9%, 61.7%, 72.9%, 65.9%, 63.7%, 73.2%, 74.9%, 72.1%, 64.6%]",,,,
8,parallel,46,46,0.12710024515302035,0.7918384392050248,1.0117305191233754,0.0001111111111111111,67.91111111111111,"[60.7%, 61.8%, 73.0%, 65.9%, 63.5%, 73.3%, 74.9%, 72.1%, 66.0%]",,,,
8,parallel,47,47,0.12662821983656466,0.7853387111349951,1.0589322373270988,0.0001111111111111111,67.82222222222224,"[60.3%, 61.7%, 72.8%, 65.9%, 63.3%, 73.3%, 74.8%, 72.0%, 66.3%]",,,,
8,parallel,48,48,0.12621619452010896,0.772224870663655,0.975725818425417,0.0001111111111111111,68.13333333333334,"[61.0%, 61.7%, 72.8%, 66.1%, 63.5%, 73.4%, 75.1%, 72.1%, 67.5%]",,,,
8,parallel,49,49,0.12586416920365326,0.764630719076229,1.0999314337968826,0.0001111111111111111,67.75555555555555,"[61.6%, 61.6%, 72.7%, 66.0%, 63.4%, 73.4%, 74.8%, 72.1%, 64.2%]",,,,
8,parallel,50,50,0.12557214388719756,0.7595036222210413,0.970227625221014,0.0001111111111111111,68.07777777777778,"[60.6%, 62.0%, 72.7%, 65.9%, 63.2%, 73.3%, 74.8%, 72.2%, 68.0%]",,,,
8,parallel,51,51,0.12534011857074187,0.7495635106593748,0.980809535831213,0.0001111111111111111,68.07777777777778,"[61.2%, 61.7%, 72.7%, 65.9%, 63.3%, 73.4%, 74.8%, 72.2%, 67.5%]",,,,
8,parallel,52,52,0.12516809325428618,0.7090412721603732,0.9926403881981969,0.0001111111111111111,68.04444444444444,"[60.8%, 61.9%, 72.6%, 65.8%, 63.4%, 73.4%, 74.7%, 72.2%, 67.6%]",,,,
8,parallel,53,53,0.12505606793783047,0.7297030936313581,1.0378220938146114,0.0001111111111111111,67.94444444444444,"[61.1%, 61.9%, 72.6%, 65.9%, 63.7%, 73.3%, 74.6%, 72.1%, 66.3%]",,,,
8,parallel,54,54,0.12500404262137477,0.6936858843399,1.0149642881006002,0.0001111111111111111,68.14444444444445,"[61.3%, 61.9%, 72.7%, 65.8%, 63.6%, 73.3%, 74.6%, 72.0%, 68.1%]",,,,
8,parallel,55,55,0.125,0.6779272616664066,1.0070684663951397,0.0001111111111111111,68.03333333333335,"[61.2%, 62.1%, 72.7%, 65.8%, 63.6%, 73.3%, 74.7%, 71.9%, 67.0%]",,,,
8,weights,1,56,0.125,0.6897603909048853,1.0110738268122077,0.0001111111111111111,67.96666666666667,"[61.1%, 61.5%, 72.4%, 65.9%, 63.8%, 73.3%, 74.7%, 72.0%, 67.0%]",,,,
8,weights,2,57,0.125,0.6727092364166356,0.9745361832901835,0.0001111111111111111,68.25555555555556,"[61.7%, 61.8%, 72.6%, 65.7%, 64.0%, 73.3%, 74.6%, 72.0%, 68.6%]",,,,
8,weights,3,58,0.125,0.648579348491717,0.9385672416538,0.0001111111111111111,68.24444444444444,"[61.2%, 62.0%, 72.7%, 65.8%, 63.8%, 73.2%, 74.6%, 72.0%, 68.9%]",,,,
8,weights,4,59,0.125,0.646869544364229,0.9168202383443713,0.0001111111111111111,68.28888888888889,"[61.2%, 61.8%, 72.4%, 65.7%, 64.0%, 73.3%, 74.7%, 72.0%, 69.5%]",,,,
8,weights,5,60,0.125,0.6592050115518933,0.9298365106806159,0.0001111111111111111,68.26666666666667,"[61.1%, 62.0%, 72.7%, 65.8%, 63.5%, 73.3%, 74.6%, 72.0%, 69.4%]",,,,
8,weights,6,61,0.125,0.6661218400997452,0.9286569617688656,0.0001111111111111111,68.27777777777777,"[61.3%, 62.0%, 72.6%, 65.8%, 63.6%, 73.3%, 74.8%, 71.8%, 69.3%]",,,,
8,weights,7,62,0.125,0.648514873619321,1.0005579572170973,0.0001111111111111111,68.1888888888889,"[61.2%, 62.0%, 72.7%, 65.8%, 63.6%, 73.3%, 74.7%, 71.9%, 68.5%]",,,,
8,weights,8,63,0.125,0.6199543261075322,0.9008451625704765,0.0001111111111111111,68.32222222222222,"[61.3%, 62.3%, 72.7%, 66.0%, 63.5%, 73.2%, 74.5%, 71.8%, 69.6%]",,,,
8,weights,9,64,0.125,0.6062131060075157,0.9710594275966287,0.0001111111111111111,68.42222222222222,"[61.4%, 62.4%, 72.7%, 66.0%, 63.5%, 73.2%, 74.7%, 72.1%, 69.8%]",,,,
8,weights,10,65,0.125,0.6123820796043058,1.0284706465899944,0.0001111111111111111,68.21111111111111,"[61.6%, 61.9%, 72.7%, 66.0%, 63.7%, 73.1%, 74.8%, 72.2%, 67.9%]",,,,
8,weights,11,66,0.125,0.6086931454984448,1.027362807188183,0.0001111111111111111,68.21111111111112,"[61.6%, 61.9%, 72.6%, 65.7%, 63.7%, 73.2%, 74.9%, 72.2%, 68.1%]",,,,
8,weights,12,67,0.125,0.6006267795079872,1.0202536871656775,0.0001111111111111111,68.14444444444445,"[60.9%, 62.4%, 72.7%, 65.6%, 63.7%, 73.4%, 74.6%, 72.2%, 67.8%]",,,,
8,weights,13,68,0.125,0.5860140427381177,0.8750103767961264,0.0001111111111111111,68.61111111111111,"[61.2%, 62.5%, 72.7%, 65.8%, 63.6%, 73.3%, 74.7%, 72.3%, 71.4%]",,,,
8,weights,14,69,0.125,0.5915267482588563,0.9549974016845226,0.0001111111111111111,68.23333333333332,"[61.0%, 61.9%, 72.8%, 65.7%, 63.4%, 73.3%, 74.7%, 72.3%, 69.0%]",,,,
8,weights,15,70,0.125,0.587160407365123,0.8959476938471198,0.0001111111111111111,68.34444444444443,"[61.5%, 62.2%, 72.6%, 65.7%, 63.4%, 73.2%, 74.7%, 72.3%, 69.5%]",,,,
8,weights,16,71,0.125,0.557878163796437,0.9548537889495492,0.0001111111111111111,68.19999999999999,"[61.5%, 61.9%, 72.6%, 65.7%, 63.4%, 73.2%, 74.7%, 72.2%, 68.6%]",,,,
8,weights,17,72,0.125,0.5454363490961776,0.9085580464452505,0.0001111111111111111,68.32222222222224,"[61.2%, 61.6%, 72.6%, 65.6%, 63.4%, 73.2%, 74.9%, 72.2%, 70.2%]",,,,
8,weights,18,73,0.125,0.5610957394672346,0.911350972019136,0.0001111111111111111,68.28888888888889,"[60.5%, 61.9%, 72.6%, 65.6%, 63.7%, 73.3%, 74.7%, 72.2%, 70.1%]",,,,
8,weights,19,74,0.125,0.5686921337737313,0.942851735278964,0.0001111111111111111,68.3,"[61.4%, 61.8%, 72.5%, 65.6%, 63.9%, 73.2%, 74.6%, 72.2%, 69.5%]",,,,
8,weights,20,75,0.125,0.5677301604536515,0.9369308864697814,0.0001111111111111111,68.28888888888888,"[60.9%, 61.7%, 72.6%, 65.6%, 63.7%, 73.2%, 74.6%, 72.3%, 70.0%]",,,,
8,weights,21,76,0.125,0.5539477675021449,0.8928117360919714,0.0001111111111111111,68.44444444444444,"[61.2%, 62.0%, 72.6%, 65.5%, 63.7%, 73.5%, 74.6%, 72.4%, 70.5%]",,,,
8,weights,22,77,0.125,0.5390512550933452,0.8577741542831063,0.0001111111111111111,68.56666666666666,"[61.5%, 62.1%, 72.7%, 65.5%, 63.7%, 73.5%, 74.9%, 72.4%, 70.8%]",,,,
8,weights,23,78,0.125,0.519470967823946,0.8531612679362297,0.0001111111111111111,68.44444444444444,"[61.6%, 61.6%, 72.6%, 65.3%, 63.5%, 73.5%, 74.8%, 72.3%, 70.8%]",,,,
8,weights,24,79,0.125,0.5097563398789756,0.989463503472507,0.0001111111111111111,68.22222222222221,"[61.3%, 62.2%, 72.6%, 65.4%, 63.9%, 73.2%, 74.7%, 72.4%, 68.3%]",,,,
8,weights,25,80,0.125,0.515478294484223,0.9562521483749151,0.0001111111111111111,68.38888888888889,"[61.4%, 62.0%, 72.6%, 65.1%, 63.8%, 73.2%, 74.7%, 72.3%, 70.4%]",53.900000000000006,"[9.1%, 31.3%, 72.6%, 63.1%, 47.2%, 68.3%, 71.2%, 58.5%, 63.8%]",57.333333333333336,"[49.7%, 62.0%, 66.5%, 56.6%, 54.5%, 60.6%, 60.5%, 45.9%, 59.7%]"
9,parallel,1,1,0.125,5.1029817092267775,3.7761780619621277,0.0001111111111111111,60.239999999999995,"[46.8%, 62.0%, 72.3%, 65.2%, 65.6%, 73.3%, 74.7%, 72.4%, 70.1%, 0.0%]",,,,
9,parallel,2,2,0.125,3.0017798731598675,2.5141165405511856,0.0001111111111111111,61.21,"[46.7%, 61.9%, 71.9%, 65.5%, 65.6%, 73.4%, 74.7%, 72.3%, 70.1%, 10.0%]",,,,
9,parallel,3,3,0.125,2.4183506180968464,2.366215154528618,0.0001111111111111111,61.169999999999995,"[47.0%, 61.6%, 71.9%, 65.5%, 65.4%, 73.4%, 74.7%, 72.2%, 70.0%, 10.0%]",,,,
9,parallel,4,4,0.125,2.3548518464535095,2.339543581008911,0.0001111111111111111,61.169999999999995,"[46.9%, 61.7%, 71.8%, 65.5%, 65.4%, 73.4%, 74.7%, 72.2%, 70.1%, 10.0%]",,,,
9,parallel,5,5,0.125,2.3339818580241145,2.3237527310848236,0.0001111111111111111,61.23,"[47.1%, 61.6%, 71.8%, 65.4%, 65.1%, 73.5%, 74.7%, 72.2%, 70.1%, 10.8%]",,,,
9,parallel,6,6,0.125,2.31570385679414,2.26397205889225,0.0001111111111111111,62.40000000000001,"[48.4%, 61.7%, 71.8%, 65.6%, 65.9%, 73.6%, 74.9%, 72.2%, 70.2%, 19.7%]",,,,
9,parallel,7,7,0.125,2.057109716572339,1.8777637109160423,0.0001111111111111111,62.86999999999999,"[49.2%, 61.8%, 71.6%, 65.6%, 58.0%, 72.7%, 75.0%, 72.4%, 70.6%, 31.8%]",,,,
9,parallel,8,8,0.125,1.8094053087355215,1.7958072908222675,0.0001111111111111111,63.85,"[56.3%, 61.5%, 71.9%, 65.6%, 57.7%, 72.5%, 75.0%, 72.4%, 69.6%, 36.0%]",,,,
9,parallel,9,9,0.125,1.6919619629654703,1.7153004258871078,0.0001111111111111111,64.1,"[52.5%, 61.6%, 71.8%, 65.5%, 61.1%, 73.2%, 75.1%, 72.3%, 70.4%, 37.5%]",,,,
9,parallel,10,10,0.125,1.6093681869627554,1.6232789419591427,0.0001111111111111111,64.97999999999999,"[55.8%, 61.9%, 71.6%, 65.6%, 60.6%, 72.7%, 75.1%, 72.6%, 70.3%, 43.6%]",,,,
9,parallel,11,11,0.125,1.5279271074488192,1.5207567140460014,0.0001111111111111111,65.09,"[53.2%, 62.1%, 71.4%, 65.8%, 60.8%, 72.8%, 75.2%, 72.5%, 70.5%, 46.6%]",,,,
9,parallel,12,12,0.125,1.4836509952062293,1.5479380264878273,0.0001111111111111111,65.15,"[55.0%, 62.3%, 71.2%, 65.5%, 61.0%, 72.9%, 75.0%, 72.6%, 70.1%, 45.9%]",,,,
9,parallel,13,13,0.125,1.4298318488688408,1.4511748775839806,0.0001111111111111111,65.42999999999999,"[54.6%, 62.2%, 71.3%, 65.7%, 58.9%, 72.4%, 75.0%, 72.6%, 70.3%, 51.3%]",,,,
9,parallel,14,14,0.125,1.335404777828651,1.371995821595192,0.0001111111111111111,65.55,"[51.9%, 62.2%, 71.3%, 65.6%, 60.3%, 72.7%, 75.0%, 72.5%, 70.6%, 53.4%]",,,,
9,parallel,15,15,0.125,1.2531216665159297,1.3273159377276897,0.0001111111111111111,65.63,"[55.8%, 62.3%, 70.9%, 65.7%, 58.3%, 71.2%, 75.1%, 72.2%, 69.8%, 55.0%]",,,,
9,parallel,16,16,0.125,1.2429242669781553,1.2852792032063007,0.0001111111111111111,65.53,"[54.4%, 62.2%, 70.9%, 65.8%, 57.4%, 71.4%, 75.2%, 72.2%, 69.9%, 55.9%]",,,,
9,parallel,17,17,0.125,1.1742952722537368,1.2789453640580177,0.0001111111111111111,65.85000000000001,"[54.7%, 62.1%, 70.9%, 65.8%, 57.6%, 71.1%, 75.2%, 72.4%, 70.0%, 58.7%]",,,,
9,parallel,18,18,0.125,1.1626742512364932,1.1664390824735165,0.0001111111111111111,66.29,"[53.5%, 62.1%, 70.8%, 65.7%, 59.3%, 71.2%, 75.0%, 72.4%, 70.2%, 62.7%]",,,,
9,parallel,19,19,0.125,1.105949415436274,1.2666328512132168,0.0001111111111111111,65.78999999999999,"[55.8%, 62.1%, 71.0%, 65.8%, 57.5%, 70.9%, 75.0%, 72.0%, 69.9%, 57.9%]",,,,
9,parallel,20,20,0.125,1.0687356598769562,1.1480809971690178,0.0001111111111111111,66.16999999999999,"[53.4%, 62.6%, 71.0%, 65.7%, 58.6%, 71.1%, 75.2%, 72.2%, 70.1%, 61.8%]",,,,
9,parallel,21,21,0.125,1.0286898492257806,1.2530035562813282,0.0001111111111111111,65.63,"[53.0%, 62.3%, 70.9%, 65.6%, 57.1%, 71.2%, 75.3%, 72.1%, 70.0%, 58.8%]",,,,
9,parallel,22,22,0.125,1.0283453057083902,1.0988648422062397,0.0001111111111111111,66.17,"[52.8%, 62.0%, 71.0%, 65.5%, 56.4%, 71.1%, 75.6%, 72.4%, 70.2%, 64.7%]",,,,
9,parallel,23,23,0.125,0.9801588775236395,1.14820571616292,0.0001111111111111111,65.62,"[52.1%, 62.3%, 71.0%, 65.9%, 54.5%, 70.0%, 75.4%, 72.3%, 70.5%, 62.2%]",,,,
9,parallel,24,24,0.125,0.9576879396468778,1.0799946524202824,0.0001111111111111111,65.99000000000001,"[53.0%, 62.4%, 71.1%, 65.6%, 54.9%, 69.9%, 75.3%, 72.3%, 70.7%, 64.7%]",,,,
9,parallel,25,25,0.125,0.9237185271480416,1.1543677188456059,0.0001111111111111111,65.64,"[52.6%, 62.2%, 70.9%, 65.5%, 54.5%, 70.0%, 75.3%, 72.2%, 70.4%, 62.8%]",,,,
9,parallel,26,26,0.125,0.9268229347241076,1.2149632759392262,0.0001111111111111111,65.28999999999999,"[52.2%, 62.5%, 70.9%, 65.8%, 54.4%, 70.1%, 75.2%, 72.0%, 70.2%, 59.6%]",,,,
9,parallel,27,27,0.125,0.9064299449135985,1.1306515969336033,0.0001111111111111111,65.41,"[51.9%, 62.3%, 71.1%, 66.0%, 53.9%, 69.9%, 75.5%, 72.1%, 70.5%, 60.9%]",,,,
9,parallel,28,28,0.125,0.8703654680070998,1.0502490922808647,0.0001111111111111111,65.72,"[52.7%, 62.1%, 70.9%, 65.7%, 53.5%, 69.8%, 75.3%, 72.4%, 70.3%, 64.5%]",,,,
9,parallel,29,29,0.125,0.8538357147687599,0.9974902085959911,0.0001111111111111111,66.08000000000001,"[51.8%, 62.2%, 70.9%, 65.6%, 54.1%, 69.9%, 75.6%, 72.6%, 70.6%, 67.5%]",,,,
9,parallel,30,30,0.125,0.8278987449181231,1.0659182518720627,0.0001111111111111111,65.79999999999998,"[51.8%, 62.4%, 71.0%, 65.5%, 53.6%, 70.1%, 75.7%, 72.2%, 70.8%, 64.9%]",,,,
9,parallel,31,31,0.125,0.8406093184706531,1.0056533962488174,0.0001111111111111111,66.13000000000001,"[52.6%, 62.4%, 70.8%, 65.5%, 53.0%, 70.4%, 75.5%, 72.3%, 70.6%, 68.2%]",,,,
9,parallel,32,32,0.125,0.8134568220452417,1.0342321917414665,0.0001111111111111111,65.77000000000001,"[53.1%, 62.4%, 71.2%, 65.6%, 50.6%, 70.1%, 75.3%, 72.2%, 70.6%, 66.6%]",,,,
9,parallel,33,33,0.125,0.7824176795120481,0.9910915866494179,0.0001111111111111111,66.08,"[53.5%, 62.4%, 71.4%, 65.7%, 51.4%, 70.0%, 75.3%, 72.3%, 70.4%, 68.4%]",,,,
9,parallel,34,34,0.125,0.7733679089365126,1.0443298034369946,0.0001111111111111111,65.82000000000001,"[51.2%, 62.5%, 71.1%, 65.7%, 53.2%, 70.3%, 75.5%, 72.3%, 70.2%, 66.2%]",,,,
9,parallel,35,35,0.125,0.7526036847995806,1.0182794481515884,0.0001111111111111111,65.72999999999999,"[52.5%, 62.6%, 70.8%, 65.5%, 51.4%, 70.0%, 75.3%, 72.2%, 70.3%, 66.7%]",,,,
9,parallel,36,36,0.125,0.7505613271194168,0.9795620255172253,0.0001111111111111111,65.81,"[51.6%, 62.5%, 70.9%, 65.8%, 51.3%, 70.0%, 75.3%, 72.3%, 70.3%, 68.1%]",,,,
9,parallel,37,37,0.125,0.7579957488216932,1.0183052513748407,0.0001111111111111111,65.85,"[51.5%, 62.9%, 70.8%, 65.8%, 51.5%, 70.1%, 75.2%, 72.1%, 70.6%, 68.0%]",,,,
9,parallel,38,38,0.125,0.733784242898603,0.9509925320744514,0.0001111111111111111,66.02000000000001,"[52.4%, 62.4%, 70.9%, 65.7%, 51.5%, 70.0%, 75.4%, 72.2%, 70.6%, 69.1%]",,,,
9,parallel,39,39,0.125,0.7369991586178164,0.9852102342993021,0.0001111111111111111,65.51,"[51.3%, 62.4%, 70.7%, 65.6%, 50.6%, 69.9%, 75.5%, 72.2%, 70.5%, 66.4%]",,,,
9,parallel,40,40,0.125,0.7159026947957051,0.9417605232447386,0.0001111111111111111,65.9,"[52.2%, 62.6%, 70.8%, 65.5%, 49.9%, 69.9%, 75.6%, 72.2%, 70.7%, 69.6%]",,,,
9,parallel,41,41,0.125,0.6846012450471709,0.9640196356922388,0.0001111111111111111,65.78999999999999,"[51.6%, 62.6%, 70.8%, 65.8%, 50.3%, 69.6%, 75.8%, 72.2%, 70.3%, 68.9%]",,,,
9,parallel,42,42,0.125,0.6805029077620446,0.9326269961893559,0.0001111111111111111,65.99,"[51.4%, 62.4%, 70.7%, 65.8%, 52.4%, 69.9%, 75.8%, 72.1%, 70.5%, 68.9%]",,,,
9,parallel,43,43,0.125,0.6654506110692326,0.9149729944765568,0.0001111111111111111,65.86,"[50.8%, 62.6%, 70.5%, 65.8%, 51.1%, 69.8%, 75.8%, 72.2%, 70.3%, 69.7%]",,,,
9,parallel,44,44,0.125,0.6502415609510639,0.8818125743418932,0.0001111111111111111,66.11,"[52.3%, 62.4%, 70.6%, 65.6%, 50.6%, 69.7%, 75.8%, 72.2%, 70.5%, 71.4%]",,,,
9,parallel,45,45,0.125,0.6495395170736916,0.9419207274913788,0.0001111111111111111,65.71000000000001,"[50.9%, 62.4%, 71.0%, 65.8%, 50.3%, 69.6%, 75.7%, 71.9%, 70.3%, 69.2%]",,,,
9,parallel,46,46,0.125,0.6539145142217225,0.8410829734057188,0.0001111111111111111,66.28999999999999,"[52.0%, 62.8%, 71.1%, 65.6%, 51.1%, 69.9%, 75.6%, 72.1%, 70.4%, 72.3%]",,,,
9,parallel,47,47,0.125,0.630673277604429,0.8509335741400719,0.0001111111111111111,66.22999999999999,"[51.1%, 62.6%, 71.0%, 65.5%, 52.2%, 69.9%, 75.7%, 72.2%, 70.5%, 71.6%]",,,,
9,parallel,48,48,0.125,0.6189543570898757,0.863754153251648,0.0001111111111111111,66.1,"[51.8%, 62.5%, 70.7%, 65.4%, 51.1%, 69.3%, 75.6%, 72.2%, 70.1%, 72.3%]",,,,
9,parallel,49,49,0.125,0.65108419973639,0.8707390613853931,0.0001111111111111111,65.81,"[50.9%, 62.7%, 70.7%, 65.6%, 50.2%, 69.2%, 75.6%, 72.1%, 70.2%, 70.9%]",,,,
9,parallel,50,50,0.125,0.5916485065900827,0.8762288894504309,0.0001111111111111111,65.98,"[51.5%, 62.3%, 71.0%, 65.6%, 49.8%, 69.7%, 75.5%, 72.0%, 70.2%, 72.2%]",,,,
9,parallel,51,51,0.125,0.5813907430141787,0.8195214122533798,0.0001111111111111111,66.03999999999999,"[51.1%, 62.6%, 70.8%, 65.3%, 50.8%, 69.1%, 75.5%, 72.1%, 70.3%, 72.8%]",,,,
9,parallel,52,52,0.125,0.5760864656937273,0.8381256777793169,0.0001111111111111111,65.95000000000002,"[51.3%, 62.5%, 70.8%, 65.5%, 50.2%, 69.3%, 75.3%, 72.2%, 70.7%, 71.7%]",,,,
9,parallel,53,53,0.125,0.557605941838856,0.8572607710957527,0.0001111111111111111,65.88000000000001,"[50.4%, 62.4%, 71.0%, 65.3%, 49.8%, 69.0%, 75.4%, 71.9%, 70.6%, 73.0%]",,,,
9,parallel,54,54,0.125,0.5417481328867659,0.8521839305758476,0.0001111111111111111,66.1,"[50.9%, 62.7%, 71.1%, 65.7%, 49.5%, 69.1%, 75.5%, 72.4%, 70.3%, 73.8%]",,,,
9,parallel,55,55,0.125,0.568713237213183,0.8840664364397526,0.0001111111111111111,65.6,"[49.0%, 62.5%, 71.2%, 65.4%, 49.4%, 68.7%, 75.5%, 72.2%, 70.1%, 72.0%]",,,,
9,weights,1,56,0.125,0.5264728103257432,0.8307120893150568,0.0001111111111111111,65.46000000000001,"[48.9%, 62.4%, 71.1%, 65.5%, 49.4%, 68.9%, 75.5%, 72.1%, 70.1%, 70.7%]",,,,
9,weights,2,57,0.125,0.5412543532969076,0.8347358535975218,0.0001111111111111111,65.77000000000001,"[49.6%, 62.3%, 71.1%, 65.3%, 49.8%, 69.0%, 75.5%, 72.5%, 70.4%, 72.2%]",,,,
9,weights,3,58,0.125,0.5292888234687757,0.8609833884984255,0.0001111111111111111,65.89,"[49.9%, 62.3%, 71.3%, 65.3%, 50.1%, 69.0%, 75.6%, 72.3%, 70.2%, 72.9%]",,,,
9,weights,4,59,0.125,0.529264596444142,0.8526980113238096,0.0001111111111111111,65.92,"[50.4%, 62.6%, 70.9%, 65.4%, 50.0%, 68.9%, 75.8%, 72.1%, 70.0%, 73.1%]",,,,
9,weights,5,60,0.125,0.5139202298242834,0.8843347746878862,0.0001111111111111111,65.67999999999999,"[49.9%, 62.3%, 70.8%, 65.4%, 49.5%, 68.9%, 75.7%, 72.2%, 70.4%, 71.7%]",,,,
9,weights,6,61,0.125,0.5076763509195062,0.8053717017173767,0.0001111111111111111,66.08,"[51.3%, 62.4%, 71.2%, 65.4%, 49.2%, 69.0%, 75.5%, 72.3%, 70.2%, 74.3%]",,,,
9,weights,7,62,0.125,0.5149730613714532,0.9682498592883348,0.0001111111111111111,65.64999999999999,"[50.2%, 62.2%, 71.3%, 65.6%, 50.0%, 69.4%, 75.6%, 72.3%, 70.3%, 69.6%]",,,,
9,weights,8,63,0.125,0.5266407081220723,0.864316813647747,0.0001111111111111111,65.82,"[50.3%, 62.3%, 71.4%, 65.5%, 48.2%, 69.0%, 75.8%, 72.4%, 70.4%, 72.9%]",,,,
9,weights,9,64,0.125,0.5166678228710271,0.8977139312773943,0.0001111111111111111,65.72999999999999,"[49.7%, 62.4%, 71.2%, 65.6%, 49.7%, 68.8%, 75.7%, 72.0%, 70.3%, 71.9%]",,,,
9,weights,10,65,0.125,0.5051931801098811,0.8891578074544668,0.0001111111111111111,65.97,"[51.2%, 62.4%, 71.1%, 65.4%, 49.7%, 69.0%, 75.5%, 72.3%, 70.2%, 72.9%]",,,,
9,weights,11,66,0.125,0.48459054246733463,0.9551872350275517,0.0001111111111111111,65.59,"[50.1%, 62.6%, 71.0%, 65.5%, 49.4%, 68.8%, 75.6%, 72.2%, 70.4%, 70.3%]",,,,
9,weights,12,67,0.125,0.5135830067381074,0.8149477951228619,0.0001111111111111111,65.75999999999999,"[51.1%, 62.3%, 71.0%, 65.3%, 48.4%, 68.5%, 75.5%, 72.3%, 69.9%, 73.3%]",,,,
9,weights,13,68,0.125,0.4898267437385607,0.8291773293167353,0.0001111111111111111,65.77999999999999,"[50.2%, 62.5%, 71.0%, 65.6%, 48.4%, 68.5%, 75.6%, 72.3%, 70.4%, 73.3%]",,,,
9,weights,14,69,0.125,0.4622924942759019,0.7493189182132483,0.0001111111111111111,65.85,"[49.6%, 62.3%, 71.1%, 65.6%, 47.2%, 68.8%, 75.5%, 72.3%, 70.3%, 75.8%]",,,,
9,weights,15,70,0.125,0.44729545769057694,0.7844788301736116,0.0001111111111111111,66.07000000000001,"[51.3%, 62.2%, 71.2%, 65.5%, 48.6%, 69.0%, 75.5%, 72.4%, 70.1%, 74.9%]",,,,
9,weights,16,71,0.125,0.4624037333304369,0.7611877359449863,0.0001111111111111111,66.01,"[50.3%, 62.2%, 71.2%, 65.6%, 48.9%, 68.8%, 75.6%, 72.4%, 70.0%, 75.1%]",,,,
9,weights,17,72,0.125,0.46070543987841545,0.8233425877988338,0.0001111111111111111,65.78999999999999,"[50.5%, 62.4%, 70.9%, 65.6%, 47.5%, 68.6%, 75.5%, 72.3%, 70.0%, 74.6%]",,,,
9,weights,18,73,0.125,0.4650839833141882,0.8219522684812546,0.0001111111111111111,65.96,"[50.4%, 62.4%, 70.8%, 65.5%, 48.8%, 68.9%, 75.3%, 72.5%, 70.1%, 74.9%]",,,,
9,weights,19,74,0.125,0.4431095551463622,0.7948012128472328,0.0001111111111111111,65.92,"[49.2%, 62.1%, 70.7%, 65.6%, 48.1%, 69.0%, 75.5%, 72.4%, 70.7%, 75.9%]",,,,
9,weights,20,75,0.125,0.448879410005823,0.9192381426692009,0.0001111111111111111,65.58,"[50.1%, 62.1%, 70.8%, 65.7%, 47.7%, 68.7%, 75.3%, 72.5%, 70.4%, 72.5%]",,,,
9,weights,21,76,0.125,0.43441916568369804,0.8466589897871017,0.0001111111111111111,65.5,"[49.4%, 61.8%, 70.9%, 65.4%, 47.5%, 68.7%, 75.3%, 72.7%, 70.4%, 72.9%]",,,,
9,weights,22,77,0.125,0.4279727239774752,0.7758452799171209,0.0001111111111111111,65.83000000000001,"[50.1%, 61.8%, 70.5%, 65.7%, 47.4%, 68.8%, 75.3%, 72.7%, 70.3%, 75.7%]",,,,
9,weights,23,78,0.125,0.41986912319177316,0.8411856163293123,0.0001111111111111111,65.76,"[50.3%, 62.1%, 71.1%, 65.6%, 47.4%, 68.6%, 75.3%, 72.6%, 70.7%, 73.9%]",,,,
9,weights,24,79,0.125,0.4279414077725592,0.8091915808618069,0.0001111111111111111,65.76,"[48.8%, 62.2%, 70.6%, 65.7%, 48.5%, 69.1%, 75.4%, 72.7%, 70.6%, 74.0%]",,,,
9,weights,25,80,0.125,0.402287523014636,0.7835742710158229,0.0001111111111111111,66.13000000000001,"[51.2%, 61.9%, 70.9%, 65.5%, 48.0%, 68.8%, 75.4%, 72.9%, 70.5%, 76.2%]",50.489999999999995,"[5.0%, 48.2%, 70.9%, 51.2%, 13.7%, 51.6%, 67.7%, 61.9%, 61.2%, 73.5%]",51.55999999999999,"[39.5%, 50.8%, 56.8%, 63.3%, 31.9%, 52.7%, 60.9%, 35.9%, 64.2%, 59.6%]"
