task_idx,phase,epoch_in_phase,global_epoch,kappa,train_loss,val_loss,lr,til_avg,til_per_task,cil_stand_avg,cil_stand_per_task,cil_znorm_avg,cil_znorm_per_task
0,parallel,1,1,0.5,2.5382204749916175,2.191437676548958,0.001,16.3,[16.3%],,,,
0,parallel,2,2,0.5,2.113976093787181,1.9749918803572655,0.001,29.9,[29.9%],,,,
0,parallel,3,3,0.5,1.9042724702931657,1.8061643987894058,0.001,37.2,[37.2%],,,,
0,parallel,4,4,0.5,1.7451266216326364,1.6258164122700691,0.001,45.2,[45.2%],,,,
0,parallel,5,5,0.4905664156385195,1.6254838916319836,1.5106396600604057,0.001,47.6,[47.6%],,,,
0,parallel,6,6,0.475906289056241,1.5283956105196024,1.430731013417244,0.001,49.6,[49.6%],,,,
0,parallel,7,7,0.4615461624739625,1.4402253220352945,1.4622125029563904,0.001,49.6,[49.6%],,,,
0,parallel,8,8,0.447486035891684,1.3272931168350992,1.2539085559546947,0.001,58.0,[58.0%],,,,
0,parallel,9,9,0.4337259093094055,1.253915011882782,1.2961525302380323,0.001,55.2,[55.2%],,,,
0,parallel,10,10,0.42026578272712706,1.223307343977916,1.2820710111409426,0.001,55.8,[55.8%],,,,
0,parallel,11,11,0.4071056561448486,1.1623144013972222,1.153675539419055,0.001,59.4,[59.4%],,,,
0,parallel,12,12,0.39424552956257014,1.116446778744082,1.2253728322684765,0.001,58.4,[58.4%],,,,
0,parallel,13,13,0.38168540298029163,1.1088109227675427,1.1993533596396446,0.001,58.8,[58.8%],,,,
0,parallel,14,14,0.36942527639801315,1.0179789104039156,1.2206579893827438,0.001,59.1,[59.1%],,,,
0,parallel,15,15,0.35746514981573463,1.0456567655635784,1.013676168397069,0.001,64.6,[64.6%],,,,
0,parallel,16,16,0.34580502323345613,0.983398394494117,1.0135516487061977,0.001,65.4,[65.4%],,,,
0,parallel,17,17,0.33444489665117766,0.9769605428357667,1.0027373917400837,0.001,66.7,[66.7%],,,,
0,parallel,18,18,0.32338477006889915,0.9513032225113881,1.0293884985148907,0.001,65.7,[65.7%],,,,
0,parallel,19,19,0.3126246434866208,0.9288762068446679,1.0406054658815265,0.001,65.6,[65.6%],,,,
0,parallel,20,20,0.30216451690434226,0.8843199814422221,1.0444241650402546,0.001,65.7,[65.7%],,,,
0,parallel,21,21,0.29200439032206377,0.9026178566715385,0.9480025097727776,0.001,67.8,[67.8%],,,,
0,parallel,22,22,0.2821442637397853,0.8462857505943202,0.9724816288799047,0.001,68.0,[68.0%],,,,
0,parallel,23,23,0.27258413715750685,0.8831672864624217,0.987165879458189,0.001,67.0,[67.0%],,,,
0,parallel,24,24,0.26332401057522836,0.900527326743814,1.0728302039206028,0.001,63.6,[63.6%],,,,
0,parallel,25,25,0.25436388399294985,0.8613578473465352,0.9788319505751133,0.001,67.0,[67.0%],,,,
0,parallel,26,26,0.24570375741067135,0.8244633708573594,1.0365220792591572,0.0003333333333333333,64.3,[64.3%],,,,
0,parallel,27,27,0.23734363082839288,0.7228629174111765,0.8691821750253439,0.0003333333333333333,69.3,[69.3%],,,,
0,parallel,28,28,0.22928350424611438,0.7424233748188501,0.9113404974341393,0.0003333333333333333,69.9,[69.9%],,,,
0,parallel,29,29,0.2215233776638359,0.7274489297142511,0.8693115916103125,0.0003333333333333333,70.3,[70.3%],,,,
0,parallel,30,30,0.21406325108155744,0.77956581719314,0.895312475040555,0.0003333333333333333,69.8,[69.8%],,,,
0,parallel,31,31,0.20690312449927897,0.7569150796419457,0.9049094133079052,0.0003333333333333333,69.1,[69.1%],,,,
0,parallel,32,32,0.20004299791700048,0.8179402902156492,0.9891903083771467,0.0001111111111111111,68.0,[68.0%],,,,
0,parallel,33,33,0.193482871334722,0.7668406446523304,0.8883882686495781,0.0001111111111111111,71.3,[71.3%],,,,
0,parallel,34,34,0.1872227447524435,0.8369360253026213,1.0056657195091248,0.0001111111111111111,67.1,[67.1%],,,,
0,parallel,35,35,0.18126261817016504,0.8807003339634666,0.9695313591510057,0.0001111111111111111,68.2,[68.2%],,,,
0,parallel,36,36,0.17560249158788657,0.8912055681023416,1.005059802904725,0.0001111111111111111,67.6,[67.6%],,,,
0,parallel,37,37,0.17024236500560808,1.018757255017003,1.2009358368813992,0.0001111111111111111,61.6,[61.6%],,,,
0,parallel,38,38,0.1651822384233296,0.9915184703054307,1.1355824060738087,0.0001111111111111111,64.0,[64.0%],,,,
0,parallel,39,39,0.1604221118410511,1.0236348313621328,1.1212312169373035,0.0001111111111111111,63.6,[63.6%],,,,
0,parallel,40,40,0.15596198525877264,1.049381517911259,1.2261857129633427,0.0001111111111111111,60.2,[60.2%],,,,
0,parallel,41,41,0.15180185867649415,1.097198559513575,1.1761644668877125,0.0001111111111111111,62.8,[62.8%],,,,
0,parallel,42,42,0.14794173209421568,1.1006819952892353,1.1962015964090824,0.0001111111111111111,63.6,[63.6%],,,,
0,parallel,43,43,0.14438160551193718,1.0978344128101687,1.2129720225930214,0.0001111111111111111,62.9,[62.9%],,,,
0,parallel,44,44,0.1411214789296587,1.0614720243441909,1.16886717826128,0.0001111111111111111,63.3,[63.3%],,,,
0,parallel,45,45,0.13816135234738022,1.425652896301656,1.3672027587890625,0.0001111111111111111,57.3,[57.3%],,,,
0,parallel,46,46,0.13550122576510173,1.2927359553832043,1.2812094688415527,0.0001111111111111111,60.2,[60.2%],,,,
0,parallel,47,47,0.13314109918282327,1.2042085803762268,1.2183042243123055,0.0001111111111111111,62.3,[62.3%],,,,
0,parallel,48,48,0.13108097260054477,1.2228496346292617,1.2421677261590958,0.0001111111111111111,61.1,[61.1%],,,,
0,parallel,49,49,0.1293208460182663,1.1756275311301025,1.1974221654236317,0.0001111111111111111,61.6,[61.6%],,,,
0,parallel,50,50,0.1278607194359878,1.157919600794587,1.1973679475486279,0.0001111111111111111,63.0,[63.0%],,,,
0,parallel,51,51,0.12670059285370935,1.10708423958549,1.1583698019385338,0.0001111111111111111,64.1,[64.1%],,,,
0,parallel,52,52,0.12584046627143086,1.07595465605772,1.1466604061424732,0.0001111111111111111,64.9,[64.9%],,,,
0,parallel,53,53,0.1252803396891524,1.0372117244744603,1.117884285748005,0.0001111111111111111,65.9,[65.9%],,,,
0,parallel,54,54,0.1250202131068739,1.030008926421781,1.1024402119219303,0.0001111111111111111,65.6,[65.6%],,,,
0,parallel,55,55,0.125,1.003736726845367,1.098500281572342,0.0001111111111111111,64.9,[64.9%],,,,
0,weights,1,56,0.125,0.9766676780543749,1.090128980576992,0.0001111111111111111,63.6,[63.6%],,,,
0,weights,2,57,0.125,0.9775839221628406,1.0819039158523083,0.0001111111111111111,66.5,[66.5%],,,,
0,weights,3,58,0.125,0.9658732844304435,1.0327372588217258,0.0001111111111111111,67.2,[67.2%],,,,
0,weights,4,59,0.125,0.9519404557686818,1.0345129631459713,0.0001111111111111111,67.6,[67.6%],,,,
0,weights,5,60,0.125,0.9476327284981932,1.0226888731122017,0.0001111111111111111,67.1,[67.1%],,,,
0,weights,6,61,0.125,0.9264264446270617,1.0025078803300858,0.0001111111111111111,67.6,[67.6%],,,,
0,weights,7,62,0.125,0.9122011322009412,1.0053939297795296,0.0001111111111111111,67.7,[67.7%],,,,
0,weights,8,63,0.125,0.9187007878400102,1.0034308806061745,0.0001111111111111111,68.4,[68.4%],,,,
0,weights,9,64,0.125,0.9008215937433364,1.0200234577059746,0.0001111111111111111,66.8,[66.8%],,,,
0,weights,10,65,0.125,0.8731294968460179,1.0307579524815083,0.0001111111111111111,66.5,[66.5%],,,,
0,weights,11,66,0.125,0.8666672887681406,1.0046630930155516,0.0001111111111111111,67.7,[67.7%],,,,
0,weights,12,67,0.125,0.8610011195834679,0.9873400256037712,0.0001111111111111111,67.2,[67.2%],,,,
0,weights,13,68,0.125,0.8489729882795599,1.0290740318596363,0.0001111111111111111,66.2,[66.2%],,,,
0,weights,14,69,0.125,0.8548952620240706,0.9853166230022907,0.0001111111111111111,67.4,[67.4%],,,,
0,weights,15,70,0.125,0.8405691875687128,0.9970492273569107,0.0001111111111111111,67.8,[67.8%],,,,
0,weights,16,71,0.125,0.8399687794190419,1.0003028959035873,0.0001111111111111111,67.6,[67.6%],,,,
0,weights,17,72,0.125,0.81653468971011,0.9756581671535969,0.0001111111111111111,68.4,[68.4%],,,,
0,weights,18,73,0.125,0.819791784014883,0.9514111839234829,0.0001111111111111111,69.1,[69.1%],,,,
0,weights,19,74,0.125,0.8051118398014503,0.9517124257981777,0.0001111111111111111,68.7,[68.7%],,,,
0,weights,20,75,0.125,0.816595521154283,0.9475546441972256,0.0001111111111111111,69.1,[69.1%],,,,
0,weights,21,76,0.125,0.7942788284036177,0.9461181052029133,0.0001111111111111111,69.1,[69.1%],,,,
0,weights,22,77,0.125,0.7974139934853662,0.9501819163560867,0.0001111111111111111,68.5,[68.5%],,,,
0,weights,23,78,0.125,0.7835402043559884,0.9461944457143545,0.0001111111111111111,69.0,[69.0%],,,,
0,weights,24,79,0.125,0.7863967418670654,0.9631877318024635,0.0001111111111111111,68.3,[68.3%],,,,
0,weights,25,80,0.125,0.786077618598938,0.9444527868181467,0.0001111111111111111,69.2,[69.2%],69.2,[69.2%],69.2,[69.2%]
1,parallel,1,1,0.5,2.8153036425385296,2.3307623714208603,0.0001111111111111111,39.6,"[69.2%, 10.0%]",,,,
1,parallel,2,2,0.5,2.2358211444903024,2.0697846859693527,0.0001111111111111111,44.3,"[69.2%, 19.4%]",,,,
1,parallel,3,3,0.5,2.0608665143387226,2.0111448168754578,0.0001111111111111111,45.650000000000006,"[69.2%, 22.1%]",,,,
1,parallel,4,4,0.5,1.952895414980152,1.8882296830415726,0.0001111111111111111,50.05,"[69.2%, 30.9%]",,,,
1,parallel,5,5,0.4905664156385195,1.887108854100674,1.8665342256426811,0.0001111111111111111,49.400000000000006,"[69.2%, 29.6%]",,,,
1,parallel,6,6,0.475906289056241,1.7706859066516538,1.796231433749199,0.0001111111111111111,52.85,"[69.2%, 36.5%]",,,,
1,parallel,7,7,0.4615461624739625,1.7225216461133352,1.7103321105241776,0.0001111111111111111,54.5,"[69.2%, 39.8%]",,,,
1,parallel,8,8,0.447486035891684,1.6322441387780104,1.6065925881266594,0.0001111111111111111,55.900000000000006,"[69.2%, 42.6%]",,,,
1,parallel,9,9,0.4337259093094055,1.5501123546045037,1.4862049743533134,0.0001111111111111111,59.5,"[69.2%, 49.8%]",,,,
1,parallel,10,10,0.42026578272712706,1.4844751750366598,1.4755452834069729,0.0001111111111111111,59.85,"[69.2%, 50.5%]",,,,
1,parallel,11,11,0.4071056561448486,1.411461496654945,1.4591975770890713,0.0001111111111111111,59.650000000000006,"[69.2%, 50.1%]",,,,
1,parallel,12,12,0.39424552956257014,1.3518259268772752,1.3403253816068172,0.0001111111111111111,61.85,"[69.2%, 54.5%]",,,,
1,parallel,13,13,0.38168540298029163,1.3029127800011937,1.3679777793586254,0.0001111111111111111,61.3,"[69.2%, 53.4%]",,,,
1,parallel,14,14,0.36942527639801315,1.2460389386249493,1.3493019528687,0.0001111111111111111,61.0,"[69.2%, 52.8%]",,,,
1,parallel,15,15,0.35746514981573463,1.2018889505651933,1.2192859426140785,0.0001111111111111111,64.05,"[69.2%, 58.9%]",,,,
1,parallel,16,16,0.34580502323345613,1.1487771227389951,1.256577704101801,0.0001111111111111111,63.55,"[69.2%, 57.9%]",,,,
1,parallel,17,17,0.33444489665117766,1.11915515495252,1.1955401562154293,0.0001111111111111111,64.65,"[69.2%, 60.1%]",,,,
1,parallel,18,18,0.32338477006889915,1.0602198997630348,1.2709130756556988,0.0001111111111111111,64.05,"[69.2%, 58.9%]",,,,
1,parallel,19,19,0.3126246434866208,1.0592024643209916,1.1134094595909119,0.0001111111111111111,66.15,"[69.2%, 63.1%]",,,,
1,parallel,20,20,0.30216451690434226,1.0184796316714226,1.2097099423408508,0.0001111111111111111,63.85,"[69.2%, 58.5%]",,,,
1,parallel,21,21,0.29200439032206377,1.0201582493661325,1.1091569550335407,0.0001111111111111111,66.55,"[69.2%, 63.9%]",,,,
1,parallel,22,22,0.2821442637397853,0.987289538866357,1.1597019415348768,0.0001111111111111111,65.7,"[69.2%, 62.2%]",,,,
1,parallel,23,23,0.27258413715750685,0.984520370447183,1.0340587683022022,0.0001111111111111111,67.45,"[69.2%, 65.7%]",,,,
1,parallel,24,24,0.26332401057522836,0.9890040996708448,1.2342588938772678,0.0001111111111111111,64.1,"[69.2%, 59.0%]",,,,
1,parallel,25,25,0.25436388399294985,0.9535638727719271,1.052090898156166,0.0001111111111111111,66.45,"[69.2%, 63.7%]",,,,
1,parallel,26,26,0.24570375741067135,0.9669456436664243,1.1270384453237057,0.0001111111111111111,65.85,"[69.2%, 62.5%]",,,,
1,parallel,27,27,0.23734363082839288,0.9319561923606486,1.1038785427808762,0.0001111111111111111,66.4,"[69.2%, 63.6%]",,,,
1,parallel,28,28,0.22928350424611438,0.9656552053705046,1.048308800905943,0.0001111111111111111,67.1,"[69.2%, 65.0%]",,,,
1,parallel,29,29,0.2215233776638359,0.9188805697839472,1.0574494302272797,0.0001111111111111111,66.6,"[69.2%, 64.0%]",,,,
1,parallel,30,30,0.21406325108155744,0.9837352648566041,1.0278283692896366,0.0001111111111111111,67.80000000000001,"[69.2%, 66.4%]",,,,
1,parallel,31,31,0.20690312449927897,0.9064998634253876,0.9920211620628834,0.0001111111111111111,67.7,"[69.2%, 66.2%]",,,,
1,parallel,32,32,0.20004299791700048,0.9768535509894166,1.0231234468519688,0.0001111111111111111,67.30000000000001,"[69.2%, 65.4%]",,,,
1,parallel,33,33,0.193482871334722,0.9370274053344244,1.0302489884197712,0.0001111111111111111,67.2,"[69.2%, 65.2%]",,,,
1,parallel,34,34,0.1872227447524435,0.9176075805591631,1.095541313290596,0.0001111111111111111,66.15,"[69.2%, 63.1%]",,,,
1,parallel,35,35,0.18126261817016504,0.8966375114042547,1.0094951130449772,0.0001111111111111111,67.95,"[69.2%, 66.7%]",,,,
1,parallel,36,36,0.17560249158788657,0.8919154096253311,1.0647950991988182,0.0001111111111111111,65.95,"[69.2%, 62.7%]",,,,
1,parallel,37,37,0.17024236500560808,1.002887842021411,1.1514092981815338,0.0001111111111111111,65.15,"[69.2%, 61.1%]",,,,
1,parallel,38,38,0.1651822384233296,0.9662057100972042,1.1428575329482555,0.0001111111111111111,65.45,"[69.2%, 61.7%]",,,,
1,parallel,39,39,0.1604221118410511,0.9458517681194257,1.1076650619506836,0.0001111111111111111,65.8,"[69.2%, 62.4%]",,,,
1,parallel,40,40,0.15596198525877264,1.0045562303518947,1.13902148604393,0.0001111111111111111,65.1,"[69.2%, 61.0%]",,,,
1,parallel,41,41,0.15180185867649415,0.9872695456577253,1.1117515973746777,0.0001111111111111111,66.4,"[69.2%, 63.6%]",,,,
1,parallel,42,42,0.14794173209421568,1.004121686084361,1.0944727957248688,0.0001111111111111111,66.35,"[69.2%, 63.5%]",,,,
1,parallel,43,43,0.14438160551193718,0.943174967282935,1.0773264430463314,0.0001111111111111111,67.15,"[69.2%, 65.1%]",,,,
1,parallel,44,44,0.1411214789296587,0.9008403986315184,1.070116639137268,0.0001111111111111111,67.15,"[69.2%, 65.1%]",,,,
1,parallel,45,45,0.13816135234738022,1.1823630785640282,1.1723754592239857,0.0001111111111111111,64.95,"[69.2%, 60.7%]",,,,
1,parallel,46,46,0.13550122576510173,1.0328496355044692,1.1121770218014717,0.0001111111111111111,66.05,"[69.2%, 62.9%]",,,,
1,parallel,47,47,0.13314109918282327,0.9714374406428277,1.0919784288853407,0.0001111111111111111,66.6,"[69.2%, 64.0%]",,,,
1,parallel,48,48,0.13108097260054477,1.0141529191898395,1.1523238383233547,0.0001111111111111111,64.55,"[69.2%, 59.9%]",,,,
1,parallel,49,49,0.1293208460182663,0.9468481231339371,1.0948649123311043,0.0001111111111111111,66.9,"[69.2%, 64.6%]",,,,
1,parallel,50,50,0.1278607194359878,0.9425740890865084,1.0564238168299198,0.0001111111111111111,67.4,"[69.2%, 65.6%]",,,,
1,parallel,51,51,0.12670059285370935,0.8798109504240977,1.100354690104723,0.0001111111111111111,66.0,"[69.2%, 62.8%]",,,,
1,parallel,52,52,0.12584046627143086,0.8716550763649277,1.0481087267398834,0.0001111111111111111,67.0,"[69.2%, 64.8%]",,,,
1,parallel,53,53,0.1252803396891524,0.8476163843010045,1.042802408337593,0.0001111111111111111,67.4,"[69.2%, 65.6%]",,,,
1,parallel,54,54,0.1250202131068739,0.8247686881053297,1.109593752771616,0.0001111111111111111,66.9,"[69.2%, 64.6%]",,,,
1,parallel,55,55,0.125,0.8032467003110089,1.0201499443501234,0.0001111111111111111,67.75,"[69.2%, 66.3%]",,,,
1,weights,1,56,0.125,0.7885935630979417,0.9878266490995884,0.0001111111111111111,68.9,"[69.2%, 68.6%]",,,,
1,weights,2,57,0.125,0.7854809957214549,1.033205073326826,0.0001111111111111111,68.05000000000001,"[69.2%, 66.9%]",,,,
1,weights,3,58,0.125,0.7685938213444963,1.0353867821395397,0.0001111111111111111,67.5,"[69.2%, 65.8%]",,,,
1,weights,4,59,0.125,0.7527378774896453,1.0269450601190329,0.0001111111111111111,67.7,"[69.2%, 66.2%]",,,,
1,weights,5,60,0.125,0.730905924039551,0.9446256048977375,0.0001111111111111111,68.85,"[69.2%, 68.5%]",,,,
1,weights,6,61,0.125,0.7155376389811311,0.9616263154894114,0.0001111111111111111,68.9,"[69.2%, 68.6%]",,,,
1,weights,7,62,0.125,0.7216760463352445,0.9813171736896038,0.0001111111111111111,68.80000000000001,"[69.2%, 68.4%]",,,,
1,weights,8,63,0.125,0.6800869050659711,0.9552981853485107,0.0001111111111111111,69.05000000000001,"[69.2%, 68.9%]",,,,
1,weights,9,64,0.125,0.6732709207866765,0.9196455739438534,0.0001111111111111111,69.5,"[69.2%, 69.8%]",,,,
1,weights,10,65,0.125,0.6618114811710164,0.9022130202502012,0.0001111111111111111,69.25,"[69.2%, 69.3%]",,,,
1,weights,11,66,0.125,0.6672181505945665,0.8987852446734905,0.0001111111111111111,69.30000000000001,"[69.2%, 69.4%]",,,,
1,weights,12,67,0.125,0.6228205410740043,0.949064839631319,0.0001111111111111111,69.0,"[69.2%, 68.8%]",,,,
1,weights,13,68,0.125,0.6244883375077308,0.9036409482359886,0.0001111111111111111,69.25,"[69.2%, 69.3%]",,,,
1,weights,14,69,0.125,0.6150854358190223,0.9253282342106104,0.0001111111111111111,69.4,"[69.2%, 69.6%]",,,,
1,weights,15,70,0.125,0.6161782764181306,0.9789749924093485,0.0001111111111111111,68.95,"[69.2%, 68.7%]",,,,
1,weights,16,71,0.125,0.6123254367067844,0.9755234569311142,0.0001111111111111111,68.65,"[69.2%, 68.1%]",,,,
1,weights,17,72,0.125,0.5848936898798882,0.9183863140642643,0.0001111111111111111,68.9,"[69.2%, 68.6%]",,,,
1,weights,18,73,0.125,0.5928934356079826,0.9050022177398205,0.0001111111111111111,69.9,"[69.2%, 70.6%]",,,,
1,weights,19,74,0.125,0.5890584320207185,0.9407443162053823,0.0001111111111111111,69.65,"[69.2%, 70.1%]",,,,
1,weights,20,75,0.125,0.5975508804939971,0.9133264496922493,0.0001111111111111111,69.15,"[69.2%, 69.1%]",,,,
1,weights,21,76,0.125,0.5624963392185259,0.9438529051840305,0.0001111111111111111,69.75,"[69.2%, 70.3%]",,,,
1,weights,22,77,0.125,0.5740238952485821,0.9480805210769176,0.0001111111111111111,69.0,"[69.2%, 68.8%]",,,,
1,weights,23,78,0.125,0.5619235261331631,0.947240948677063,0.0001111111111111111,69.55000000000001,"[69.2%, 69.9%]",,,,
1,weights,24,79,0.125,0.5822422677957559,0.9761146232485771,0.0001111111111111111,68.30000000000001,"[69.2%, 67.4%]",,,,
1,weights,25,80,0.125,0.5587760987161081,0.9288508258759975,0.0001111111111111111,69.6,"[69.2%, 70.0%]",59.0,"[48.0%, 70.0%]",64.9,"[59.8%, 70.0%]"
2,parallel,1,1,0.5,3.3729302581352525,2.348974287509918,0.0001111111111111111,49.73333333333333,"[69.2%, 70.0%, 10.0%]",,,,
2,parallel,2,2,0.5,2.33463486236862,2.295848071575165,0.0001111111111111111,52.96666666666666,"[69.2%, 70.0%, 19.7%]",,,,
2,parallel,3,3,0.5,2.1360246818276902,2.0205377489328384,0.0001111111111111111,55.166666666666664,"[69.2%, 70.0%, 26.3%]",,,,
2,parallel,4,4,0.5,1.9077972898000404,1.975535273551941,0.0001111111111111111,56.56666666666666,"[69.2%, 70.0%, 30.5%]",,,,
2,parallel,5,5,0.4905664156385195,1.7575706273694582,1.7162550203502178,0.0001111111111111111,59.93333333333333,"[69.2%, 70.0%, 40.6%]",,,,
2,parallel,6,6,0.475906289056241,1.6216401993473875,1.4779560677707195,0.0001111111111111111,64.1,"[69.2%, 70.0%, 53.1%]",,,,
2,parallel,7,7,0.4615461624739625,1.4616462248790114,1.4177217110991478,0.0001111111111111111,64.26666666666667,"[69.2%, 70.0%, 53.6%]",,,,
2,parallel,8,8,0.447486035891684,1.331554738026631,1.3943179603666067,0.0001111111111111111,64.3,"[69.2%, 70.0%, 53.7%]",,,,
2,parallel,9,9,0.4337259093094055,1.243846980831291,1.2578574698418379,0.0001111111111111111,65.89999999999999,"[69.2%, 70.0%, 58.5%]",,,,
2,parallel,10,10,0.42026578272712706,1.153522036498106,1.1813475769013166,0.0001111111111111111,66.73333333333333,"[69.2%, 70.0%, 61.0%]",,,,
2,parallel,11,11,0.4071056561448486,1.0771571231793753,1.1053598877042532,0.0001111111111111111,67.7,"[69.2%, 70.0%, 63.9%]",,,,
2,parallel,12,12,0.39424552956257014,0.9577781361869618,1.0508296191692352,0.0001111111111111111,68.96666666666665,"[69.2%, 70.0%, 67.7%]",,,,
2,parallel,13,13,0.38168540298029163,0.9123722435552862,0.9530213139951229,0.0001111111111111111,69.6,"[69.2%, 70.0%, 69.6%]",,,,
2,parallel,14,14,0.36942527639801315,0.8839429609383209,1.047572897747159,0.0001111111111111111,68.6,"[69.2%, 70.0%, 66.6%]",,,,
2,parallel,15,15,0.35746514981573463,0.8636431535588035,0.9475880078971386,0.0001111111111111111,69.63333333333333,"[69.2%, 70.0%, 69.7%]",,,,
2,parallel,16,16,0.34580502323345613,0.7992397146888927,0.9508468843996525,0.0001111111111111111,69.33333333333333,"[69.2%, 70.0%, 68.8%]",,,,
2,parallel,17,17,0.33444489665117766,0.8255134307885472,0.8992785438895226,0.0001111111111111111,70.53333333333333,"[69.2%, 70.0%, 72.4%]",,,,
2,parallel,18,18,0.32338477006889915,0.7984641481049454,0.9098509140312672,0.0001111111111111111,70.0,"[69.2%, 70.0%, 70.8%]",,,,
2,parallel,19,19,0.3126246434866208,0.7402782338329509,0.9204502012580633,0.0001111111111111111,69.76666666666667,"[69.2%, 70.0%, 70.1%]",,,,
2,parallel,20,20,0.30216451690434226,0.7159526144401936,0.8147941287606955,0.0001111111111111111,70.83333333333333,"[69.2%, 70.0%, 73.3%]",,,,
2,parallel,21,21,0.29200439032206377,0.7448746271525757,0.8196727745234966,0.0001111111111111111,71.06666666666666,"[69.2%, 70.0%, 74.0%]",,,,
2,parallel,22,22,0.2821442637397853,0.6926765962492062,0.9115452729165554,0.0001111111111111111,69.76666666666667,"[69.2%, 70.0%, 70.1%]",,,,
2,parallel,23,23,0.27258413715750685,0.7000587473187265,0.8550250064581633,0.0001111111111111111,70.46666666666665,"[69.2%, 70.0%, 72.2%]",,,,
2,parallel,24,24,0.26332401057522836,0.701677463477171,0.9075784124433994,0.0001111111111111111,69.8,"[69.2%, 70.0%, 70.2%]",,,,
2,parallel,25,25,0.25436388399294985,0.6885178911535046,0.7668966148048639,0.0001111111111111111,71.56666666666666,"[69.2%, 70.0%, 75.5%]",,,,
2,parallel,26,26,0.24570375741067135,0.6978897022295601,0.8909531440585852,0.0001111111111111111,70.23333333333333,"[69.2%, 70.0%, 71.5%]",,,,
2,parallel,27,27,0.23734363082839288,0.6746761165087736,0.8810288272798061,0.0001111111111111111,70.43333333333332,"[69.2%, 70.0%, 72.1%]",,,,
2,parallel,28,28,0.22928350424611438,0.6905254268948036,0.7528316089883447,0.0001111111111111111,72.06666666666666,"[69.2%, 70.0%, 77.0%]",,,,
2,parallel,29,29,0.2215233776638359,0.6690058644059338,0.7845600675791502,0.0001111111111111111,71.33333333333333,"[69.2%, 70.0%, 74.8%]",,,,
2,parallel,30,30,0.21406325108155744,0.6802881899513776,0.8603431154042482,0.0001111111111111111,70.5,"[69.2%, 70.0%, 72.3%]",,,,
2,parallel,31,31,0.20690312449927897,0.7271010709714286,0.7524261623620987,0.0001111111111111111,71.86666666666666,"[69.2%, 70.0%, 76.4%]",,,,
2,parallel,32,32,0.20004299791700048,0.705949325727511,0.808372525498271,0.0001111111111111111,71.63333333333333,"[69.2%, 70.0%, 75.7%]",,,,
2,parallel,33,33,0.193482871334722,0.6744264077536667,0.7860769964754581,0.0001111111111111111,71.7,"[69.2%, 70.0%, 75.9%]",,,,
2,parallel,34,34,0.1872227447524435,0.7078650197650813,0.9593835826963186,0.0001111111111111111,69.56666666666666,"[69.2%, 70.0%, 69.5%]",,,,
2,parallel,35,35,0.18126261817016504,0.71050246342828,0.8502417784184217,0.0001111111111111111,70.6,"[69.2%, 70.0%, 72.6%]",,,,
2,parallel,36,36,0.17560249158788657,0.6805770557515228,0.7971829529851675,0.0001111111111111111,71.33333333333333,"[69.2%, 70.0%, 74.8%]",,,,
2,parallel,37,37,0.17024236500560808,0.7534402967253818,0.8388921171426773,0.0001111111111111111,70.63333333333333,"[69.2%, 70.0%, 72.7%]",,,,
2,parallel,38,38,0.1651822384233296,0.7105833940868136,0.8189128460362554,0.0001111111111111111,70.76666666666667,"[69.2%, 70.0%, 73.1%]",,,,
2,parallel,39,39,0.1604221118410511,0.698178214362905,0.9274604516103864,0.0001111111111111111,69.43333333333332,"[69.2%, 70.0%, 69.1%]",,,,
2,parallel,40,40,0.15596198525877264,0.7193740493134607,0.8828940978273749,0.0001111111111111111,70.43333333333332,"[69.2%, 70.0%, 72.1%]",,,,
2,parallel,41,41,0.15180185867649415,0.7237937639031229,0.8287176955491304,0.0001111111111111111,70.96666666666665,"[69.2%, 70.0%, 73.7%]",,,,
2,parallel,42,42,0.14794173209421568,0.7069103351876705,0.8676226269453764,0.0001111111111111111,70.23333333333333,"[69.2%, 70.0%, 71.5%]",,,,
2,parallel,43,43,0.14438160551193718,0.7162600404854063,0.9764384739100933,0.0001111111111111111,69.1,"[69.2%, 70.0%, 68.1%]",,,,
2,parallel,44,44,0.1411214789296587,0.6719498445716086,0.8615101557224989,0.0001111111111111111,70.16666666666667,"[69.2%, 70.0%, 71.3%]",,,,
2,parallel,45,45,0.13816135234738022,0.8378506268881545,0.9135823622345924,0.0001111111111111111,69.63333333333333,"[69.2%, 70.0%, 69.7%]",,,,
2,parallel,46,46,0.13550122576510173,0.6953892428663713,0.8906651102006435,0.0001111111111111111,70.1,"[69.2%, 70.0%, 71.1%]",,,,
2,parallel,47,47,0.13314109918282327,0.6644166021407405,0.8299300344660878,0.0001111111111111111,71.06666666666666,"[69.2%, 70.0%, 74.0%]",,,,
2,parallel,48,48,0.13108097260054477,0.7303866759131227,0.9106881013140082,0.0001111111111111111,70.23333333333333,"[69.2%, 70.0%, 71.5%]",,,,
2,parallel,49,49,0.1293208460182663,0.6623306104653999,0.830575754866004,0.0001111111111111111,70.8,"[69.2%, 70.0%, 73.2%]",,,,
2,parallel,50,50,0.1278607194359878,0.6496149923982499,0.8597144493833184,0.0001111111111111111,70.46666666666665,"[69.2%, 70.0%, 72.2%]",,,,
2,parallel,51,51,0.12670059285370935,0.6512208720551261,0.8049691300839186,0.0001111111111111111,70.86666666666666,"[69.2%, 70.0%, 73.4%]",,,,
2,parallel,52,52,0.12584046627143086,0.6220849239373509,0.8344174916855991,0.0001111111111111111,70.83333333333333,"[69.2%, 70.0%, 73.3%]",,,,
2,parallel,53,53,0.1252803396891524,0.5934491089627713,0.8125442420132458,0.0001111111111111111,71.16666666666667,"[69.2%, 70.0%, 74.3%]",,,,
2,parallel,54,54,0.1250202131068739,0.5625489146649083,0.7959103891626,0.0001111111111111111,71.2,"[69.2%, 70.0%, 74.4%]",,,,
2,parallel,55,55,0.125,0.5625404518427728,0.748974185436964,0.0001111111111111111,71.93333333333332,"[69.2%, 70.0%, 76.6%]",,,,
2,weights,1,56,0.125,0.514264594150495,0.8150864383205771,0.0001111111111111111,71.13333333333333,"[69.2%, 70.0%, 74.2%]",,,,
2,weights,2,57,0.125,0.5088299850497064,0.7386006452143192,0.0001111111111111111,71.76666666666667,"[69.2%, 70.0%, 76.1%]",,,,
2,weights,3,58,0.125,0.513341947069651,0.8578462526202202,0.0001111111111111111,70.33333333333333,"[69.2%, 70.0%, 71.8%]",,,,
2,weights,4,59,0.125,0.5194117472141604,0.7187674753367901,0.0001111111111111111,72.0,"[69.2%, 70.0%, 76.8%]",,,,
2,weights,5,60,0.125,0.4922888822193387,0.7349234595894814,0.0001111111111111111,71.89999999999999,"[69.2%, 70.0%, 76.5%]",,,,
2,weights,6,61,0.125,0.46504619679873505,0.695540308021009,0.0001111111111111111,72.33333333333333,"[69.2%, 70.0%, 77.8%]",,,,
2,weights,7,62,0.125,0.48345489856563034,0.7770216884091496,0.0001111111111111111,71.43333333333332,"[69.2%, 70.0%, 75.1%]",,,,
2,weights,8,63,0.125,0.4585477128813538,0.7879833644255996,0.0001111111111111111,71.5,"[69.2%, 70.0%, 75.3%]",,,,
2,weights,9,64,0.125,0.44811173707624025,0.7342272102832794,0.0001111111111111111,71.7,"[69.2%, 70.0%, 75.9%]",,,,
2,weights,10,65,0.125,0.43370527010175247,0.7097296258434653,0.0001111111111111111,72.16666666666667,"[69.2%, 70.0%, 77.3%]",,,,
2,weights,11,66,0.125,0.44270356980305686,0.7619550246745348,0.0001111111111111111,71.86666666666666,"[69.2%, 70.0%, 76.4%]",,,,
2,weights,12,67,0.125,0.4226592060508607,0.7712208442389965,0.0001111111111111111,71.63333333333333,"[69.2%, 70.0%, 75.7%]",,,,
2,weights,13,68,0.125,0.4077721277746973,0.7062629461288452,0.0001111111111111111,72.3,"[69.2%, 70.0%, 77.7%]",,,,
2,weights,14,69,0.125,0.4239719602503354,0.7840871745720506,0.0001111111111111111,71.53333333333333,"[69.2%, 70.0%, 75.4%]",,,,
2,weights,15,70,0.125,0.423355481292628,0.7579631675034761,0.0001111111111111111,72.13333333333333,"[69.2%, 70.0%, 77.2%]",,,,
2,weights,16,71,0.125,0.4112715068497235,0.7446272075176239,0.0001111111111111111,71.73333333333333,"[69.2%, 70.0%, 76.0%]",,,,
2,weights,17,72,0.125,0.4240502578359616,0.7239404711872339,0.0001111111111111111,71.89999999999999,"[69.2%, 70.0%, 76.5%]",,,,
2,weights,18,73,0.125,0.3930213213721408,0.7343913931399584,0.0001111111111111111,72.13333333333333,"[69.2%, 70.0%, 77.2%]",,,,
2,weights,19,74,0.125,0.4022577025845081,0.8039701897650957,0.0001111111111111111,71.5,"[69.2%, 70.0%, 75.3%]",,,,
2,weights,20,75,0.125,0.37099628150463104,0.7973025646060705,0.0001111111111111111,71.26666666666667,"[69.2%, 70.0%, 74.6%]",,,,
2,weights,21,76,0.125,0.3745847121352636,0.6983107887208462,0.0001111111111111111,72.06666666666666,"[69.2%, 70.0%, 77.0%]",,,,
2,weights,22,77,0.125,0.3679215230896503,0.7644618432968855,0.0001111111111111111,71.89999999999999,"[69.2%, 70.0%, 76.5%]",,,,
2,weights,23,78,0.125,0.3722549829679199,0.7497878335416317,0.0001111111111111111,71.76666666666667,"[69.2%, 70.0%, 76.1%]",,,,
2,weights,24,79,0.125,0.38169010756890986,0.7361699575558305,0.0001111111111111111,71.8,"[69.2%, 70.0%, 76.2%]",,,,
2,weights,25,80,0.125,0.37542965970461883,0.7390900668688118,0.0001111111111111111,71.76666666666667,"[69.2%, 70.0%, 76.1%]",62.166666666666664,"[43.8%, 66.6%, 76.1%]",66.03333333333333,"[56.0%, 70.0%, 72.1%]"
3,parallel,1,1,0.5,3.836793679225294,2.3517604619264603,0.0001111111111111111,56.324999999999996,"[69.2%, 70.0%, 76.1%, 10.0%]",,,,
3,parallel,2,2,0.5,2.3448750338976896,2.328859180212021,0.0001111111111111111,56.324999999999996,"[69.2%, 70.0%, 76.1%, 10.0%]",,,,
3,parallel,3,3,0.5,2.3313880811763714,2.3068742752075195,0.0001111111111111111,57.449999999999996,"[69.2%, 70.0%, 76.1%, 14.5%]",,,,
3,parallel,4,4,0.5,2.1745634833468666,1.9954270124435425,0.0001111111111111111,60.449999999999996,"[69.2%, 70.0%, 76.1%, 26.5%]",,,,
3,parallel,5,5,0.4905664156385195,1.8864360489422762,1.7640558704733849,0.0001111111111111111,62.574999999999996,"[69.2%, 70.0%, 76.1%, 35.0%]",,,,
3,parallel,6,6,0.475906289056241,1.698329889321629,1.716223780065775,0.0001111111111111111,63.724999999999994,"[69.2%, 70.0%, 76.1%, 39.6%]",,,,
3,parallel,7,7,0.4615461624739625,1.5803511942489237,1.6237363703548908,0.0001111111111111111,64.475,"[69.2%, 70.0%, 76.1%, 42.6%]",,,,
3,parallel,8,8,0.447486035891684,1.490237426154221,1.5441459193825722,0.0001111111111111111,65.925,"[69.2%, 70.0%, 76.1%, 48.4%]",,,,
3,parallel,9,9,0.4337259093094055,1.405391223822968,1.4827785342931747,0.0001111111111111111,66.3,"[69.2%, 70.0%, 76.1%, 49.9%]",,,,
3,parallel,10,10,0.42026578272712706,1.327407337442229,1.3499966859817505,0.0001111111111111111,67.35,"[69.2%, 70.0%, 76.1%, 54.1%]",,,,
3,parallel,11,11,0.4071056561448486,1.2754143808461442,1.2929383516311646,0.0001111111111111111,68.14999999999999,"[69.2%, 70.0%, 76.1%, 57.3%]",,,,
3,parallel,12,12,0.39424552956257014,1.2194069880473464,1.24173229560256,0.0001111111111111111,68.675,"[69.2%, 70.0%, 76.1%, 59.4%]",,,,
3,parallel,13,13,0.38168540298029163,1.1643046140670776,1.243692822754383,0.0001111111111111111,68.175,"[69.2%, 70.0%, 76.1%, 57.4%]",,,,
3,parallel,14,14,0.36942527639801315,1.1133805211586287,1.1980595327913761,0.0001111111111111111,68.975,"[69.2%, 70.0%, 76.1%, 60.6%]",,,,
3,parallel,15,15,0.35746514981573463,1.067961750905725,1.254066750407219,0.0001111111111111111,68.725,"[69.2%, 70.0%, 76.1%, 59.6%]",,,,
3,parallel,16,16,0.34580502323345613,1.0438558549820622,1.1368778124451637,0.0001111111111111111,69.375,"[69.2%, 70.0%, 76.1%, 62.2%]",,,,
3,parallel,17,17,0.33444489665117766,1.0415546675271625,1.2002134509384632,0.0001111111111111111,68.94999999999999,"[69.2%, 70.0%, 76.1%, 60.5%]",,,,
3,parallel,18,18,0.32338477006889915,0.9937419514112835,1.1384738199412823,0.0001111111111111111,69.375,"[69.2%, 70.0%, 76.1%, 62.2%]",,,,
3,parallel,19,19,0.3126246434866208,0.9714367585846141,1.149978218600154,0.0001111111111111111,69.375,"[69.2%, 70.0%, 76.1%, 62.2%]",,,,
3,parallel,20,20,0.30216451690434226,0.9371738980842542,1.017193354666233,0.0001111111111111111,70.675,"[69.2%, 70.0%, 76.1%, 67.4%]",,,,
3,parallel,21,21,0.29200439032206377,0.9094265473039844,1.0845036674290895,0.0001111111111111111,69.975,"[69.2%, 70.0%, 76.1%, 64.6%]",,,,
3,parallel,22,22,0.2821442637397853,0.9074648958218249,0.9926293343305588,0.0001111111111111111,70.64999999999999,"[69.2%, 70.0%, 76.1%, 67.3%]",,,,
3,parallel,23,23,0.27258413715750685,0.9225949486599693,1.1265969779342413,0.0001111111111111111,70.0,"[69.2%, 70.0%, 76.1%, 64.7%]",,,,
3,parallel,24,24,0.26332401057522836,0.8876317022721979,1.0465537048876286,0.0001111111111111111,70.44999999999999,"[69.2%, 70.0%, 76.1%, 66.5%]",,,,
3,parallel,25,25,0.25436388399294985,0.8727016780949846,1.0692344456911087,0.0001111111111111111,70.3,"[69.2%, 70.0%, 76.1%, 65.9%]",,,,
3,parallel,26,26,0.24570375741067135,0.9113482983806466,1.1072944272309542,0.0001111111111111111,69.94999999999999,"[69.2%, 70.0%, 76.1%, 64.5%]",,,,
3,parallel,27,27,0.23734363082839288,0.8856381404248974,1.0109457802027464,0.0001111111111111111,70.57499999999999,"[69.2%, 70.0%, 76.1%, 67.0%]",,,,
3,parallel,28,28,0.22928350424611438,0.9423104871677447,0.9893851950764656,0.0001111111111111111,71.05,"[69.2%, 70.0%, 76.1%, 68.9%]",,,,
3,parallel,29,29,0.2215233776638359,0.8867242947409425,0.996634116396308,0.0001111111111111111,70.89999999999999,"[69.2%, 70.0%, 76.1%, 68.3%]",,,,
3,parallel,30,30,0.21406325108155744,0.8967922179004814,1.0797630362212658,0.0001111111111111111,70.19999999999999,"[69.2%, 70.0%, 76.1%, 65.5%]",,,,
3,parallel,31,31,0.20690312449927897,0.9092798436744304,1.0317139644175768,0.0001111111111111111,70.77499999999999,"[69.2%, 70.0%, 76.1%, 67.8%]",,,,
3,parallel,32,32,0.20004299791700048,0.9378662056560758,1.0893247090280056,0.0001111111111111111,70.3,"[69.2%, 70.0%, 76.1%, 65.9%]",,,,
3,parallel,33,33,0.193482871334722,0.9061698068546343,1.0767113119363785,0.0001111111111111111,70.425,"[69.2%, 70.0%, 76.1%, 66.4%]",,,,
3,parallel,34,34,0.1872227447524435,0.9500151834910429,1.1371089480817318,0.0001111111111111111,69.69999999999999,"[69.2%, 70.0%, 76.1%, 63.5%]",,,,
3,parallel,35,35,0.18126261817016504,0.9291542730753934,1.0713308732956648,0.0001111111111111111,70.27499999999999,"[69.2%, 70.0%, 76.1%, 65.8%]",,,,
3,parallel,36,36,0.17560249158788657,0.9304572849334041,1.1012397035956383,0.0001111111111111111,70.125,"[69.2%, 70.0%, 76.1%, 65.2%]",,,,
3,parallel,37,37,0.17024236500560808,1.092416650886777,1.2374224960803986,0.0001111111111111111,68.675,"[69.2%, 70.0%, 76.1%, 59.4%]",,,,
3,parallel,38,38,0.1651822384233296,0.9896380825887753,1.1522740982472897,0.0001111111111111111,69.19999999999999,"[69.2%, 70.0%, 76.1%, 61.5%]",,,,
3,parallel,39,39,0.1604221118410511,0.9652775261975541,1.069723416119814,0.0001111111111111111,69.875,"[69.2%, 70.0%, 76.1%, 64.2%]",,,,
3,parallel,40,40,0.15596198525877264,1.0476203274123277,1.1954977586865425,0.0001111111111111111,68.925,"[69.2%, 70.0%, 76.1%, 60.4%]",,,,
3,parallel,41,41,0.15180185867649415,1.0131744161436829,1.1018308773636818,0.0001111111111111111,70.07499999999999,"[69.2%, 70.0%, 76.1%, 65.0%]",,,,
3,parallel,42,42,0.14794173209421568,0.9710700723189342,1.072785247117281,0.0001111111111111111,70.125,"[69.2%, 70.0%, 76.1%, 65.2%]",,,,
3,parallel,43,43,0.14438160551193718,0.9578149620490738,1.0648365765810013,0.0001111111111111111,70.5,"[69.2%, 70.0%, 76.1%, 66.7%]",,,,
3,parallel,44,44,0.1411214789296587,0.8965107934384406,1.0531151052564383,0.0001111111111111111,70.375,"[69.2%, 70.0%, 76.1%, 66.2%]",,,,
3,parallel,45,45,0.13816135234738022,1.0327023026309436,1.1036154702305794,0.0001111111111111111,69.64999999999999,"[69.2%, 70.0%, 76.1%, 63.3%]",,,,
3,parallel,46,46,0.13550122576510173,0.9632356604443321,1.0750632919371128,0.0001111111111111111,70.3,"[69.2%, 70.0%, 76.1%, 65.9%]",,,,
3,parallel,47,47,0.13314109918282327,0.906176325641101,1.025960635393858,0.0001111111111111111,71.02499999999999,"[69.2%, 70.0%, 76.1%, 68.8%]",,,,
3,parallel,48,48,0.13108097260054477,0.9281187472464163,1.032914910465479,0.0001111111111111111,70.375,"[69.2%, 70.0%, 76.1%, 66.2%]",,,,
3,parallel,49,49,0.1293208460182663,0.8865817988975139,1.0778615735471249,0.0001111111111111111,69.85,"[69.2%, 70.0%, 76.1%, 64.1%]",,,,
3,parallel,50,50,0.1278607194359878,0.8616097358208669,1.0301384963095188,0.0001111111111111111,70.6,"[69.2%, 70.0%, 76.1%, 67.1%]",,,,
3,parallel,51,51,0.12670059285370935,0.8331774797620652,1.0543533712625504,0.0001111111111111111,70.44999999999999,"[69.2%, 70.0%, 76.1%, 66.5%]",,,,
3,parallel,52,52,0.12584046627143086,0.814880872829051,1.0437654256820679,0.0001111111111111111,70.475,"[69.2%, 70.0%, 76.1%, 66.6%]",,,,
3,parallel,53,53,0.1252803396891524,0.8054709079899366,1.006106898188591,0.0001111111111111111,70.57499999999999,"[69.2%, 70.0%, 76.1%, 67.0%]",,,,
3,parallel,54,54,0.1250202131068739,0.7925577284414557,0.9802787080407143,0.0001111111111111111,70.82499999999999,"[69.2%, 70.0%, 76.1%, 68.0%]",,,,
3,parallel,55,55,0.125,0.765034869879107,1.0062070973217487,0.0001111111111111111,70.57499999999999,"[69.2%, 70.0%, 76.1%, 67.0%]",,,,
3,weights,1,56,0.125,0.7627615189250512,0.9869929924607277,0.0001111111111111111,71.02499999999999,"[69.2%, 70.0%, 76.1%, 68.8%]",,,,
3,weights,2,57,0.125,0.7425062656402588,0.9911669231951237,0.0001111111111111111,71.02499999999999,"[69.2%, 70.0%, 76.1%, 68.8%]",,,,
3,weights,3,58,0.125,0.7345140678218648,0.9470362439751625,0.0001111111111111111,71.225,"[69.2%, 70.0%, 76.1%, 69.6%]",,,,
3,weights,4,59,0.125,0.70674986590313,0.9462898597121239,0.0001111111111111111,71.14999999999999,"[69.2%, 70.0%, 76.1%, 69.3%]",,,,
3,weights,5,60,0.125,0.6731529831886292,0.9716329053044319,0.0001111111111111111,70.975,"[69.2%, 70.0%, 76.1%, 68.6%]",,,,
3,weights,6,61,0.125,0.6948682458340367,0.916725117713213,0.0001111111111111111,71.44999999999999,"[69.2%, 70.0%, 76.1%, 70.5%]",,,,
3,weights,7,62,0.125,0.6603642239978041,0.9534031115472317,0.0001111111111111111,71.125,"[69.2%, 70.0%, 76.1%, 69.2%]",,,,
3,weights,8,63,0.125,0.6493309570264213,0.9313983656466007,0.0001111111111111111,71.5,"[69.2%, 70.0%, 76.1%, 70.7%]",,,,
3,weights,9,64,0.125,0.6396301313291622,0.9697106052190065,0.0001111111111111111,71.0,"[69.2%, 70.0%, 76.1%, 68.7%]",,,,
3,weights,10,65,0.125,0.6237958613075788,0.9521719068288803,0.0001111111111111111,71.3,"[69.2%, 70.0%, 76.1%, 69.9%]",,,,
3,weights,11,66,0.125,0.6151785773189762,0.9226216226816177,0.0001111111111111111,71.44999999999999,"[69.2%, 70.0%, 76.1%, 70.5%]",,,,
3,weights,12,67,0.125,0.5884140465832963,0.9629933349788189,0.0001111111111111111,71.07499999999999,"[69.2%, 70.0%, 76.1%, 69.0%]",,,,
3,weights,13,68,0.125,0.6040718132936502,0.9371856190264225,0.0001111111111111111,71.3,"[69.2%, 70.0%, 76.1%, 69.9%]",,,,
3,weights,14,69,0.125,0.5666715792981507,0.9658335000276566,0.0001111111111111111,71.175,"[69.2%, 70.0%, 76.1%, 69.4%]",,,,
3,weights,15,70,0.125,0.570000671510455,0.9257041662931442,0.0001111111111111111,71.82499999999999,"[69.2%, 70.0%, 76.1%, 72.0%]",,,,
3,weights,16,71,0.125,0.5761990939514546,0.9854918345808983,0.0001111111111111111,71.125,"[69.2%, 70.0%, 76.1%, 69.2%]",,,,
3,weights,17,72,0.125,0.5794205171397969,0.9427982326596975,0.0001111111111111111,71.5,"[69.2%, 70.0%, 76.1%, 70.7%]",,,,
3,weights,18,73,0.125,0.5657052280782144,0.9488576874136925,0.0001111111111111111,71.225,"[69.2%, 70.0%, 76.1%, 69.6%]",,,,
3,weights,19,74,0.125,0.571807908860943,0.8715009987354279,0.0001111111111111111,71.82499999999999,"[69.2%, 70.0%, 76.1%, 72.0%]",,,,
3,weights,20,75,0.125,0.5614650890796999,0.9430461302399635,0.0001111111111111111,71.35,"[69.2%, 70.0%, 76.1%, 70.1%]",,,,
3,weights,21,76,0.125,0.5401007204870635,0.8951883763074875,0.0001111111111111111,71.57499999999999,"[69.2%, 70.0%, 76.1%, 71.0%]",,,,
3,weights,22,77,0.125,0.5357333365120466,0.973390931263566,0.0001111111111111111,71.3,"[69.2%, 70.0%, 76.1%, 69.9%]",,,,
3,weights,23,78,0.125,0.5371149661420267,0.9061030112206936,0.0001111111111111111,71.55,"[69.2%, 70.0%, 76.1%, 70.9%]",,,,
3,weights,24,79,0.125,0.5255738689175135,0.8988789934664965,0.0001111111111111111,71.625,"[69.2%, 70.0%, 76.1%, 71.2%]",,,,
3,weights,25,80,0.125,0.5167125188097169,0.9205759800970554,0.0001111111111111111,71.5,"[69.2%, 70.0%, 76.1%, 70.7%]",63.1,"[43.8%, 66.6%, 76.1%, 65.9%]",66.0,"[56.0%, 70.0%, 72.1%, 65.9%]"
4,parallel,1,1,0.5,5.3311518717415725,2.3778290897607803,0.0001111111111111111,59.2,"[69.2%, 70.0%, 76.1%, 70.7%, 10.0%]",,,,
4,parallel,2,2,0.5,2.345308481892453,2.3349264711141586,0.0001111111111111111,59.6,"[69.2%, 70.0%, 76.1%, 70.7%, 12.0%]",,,,
4,parallel,3,3,0.5,2.29828831213939,2.167547293007374,0.0001111111111111111,61.52,"[69.2%, 70.0%, 76.1%, 70.7%, 21.6%]",,,,
4,parallel,4,4,0.5,1.9942352832118166,2.0359998997300863,0.0001111111111111111,63.06,"[69.2%, 70.0%, 76.1%, 70.7%, 29.3%]",,,,
4,parallel,5,5,0.4905664156385195,1.7689301530017127,1.6802150662988424,0.0001111111111111111,64.84,"[69.2%, 70.0%, 76.1%, 70.7%, 38.2%]",,,,
4,parallel,6,6,0.475906289056241,1.5876841560194763,1.5482456609606743,0.0001111111111111111,66.4,"[69.2%, 70.0%, 76.1%, 70.7%, 46.0%]",,,,
4,parallel,7,7,0.4615461624739625,1.4370351245131674,1.4347121082246304,0.0001111111111111111,67.14,"[69.2%, 70.0%, 76.1%, 70.7%, 49.7%]",,,,
4,parallel,8,8,0.447486035891684,1.2954098506818843,1.2556369937956333,0.0001111111111111111,68.44,"[69.2%, 70.0%, 76.1%, 70.7%, 56.2%]",,,,
4,parallel,9,9,0.4337259093094055,1.2037018084827857,1.187684878706932,0.0001111111111111111,69.36,"[69.2%, 70.0%, 76.1%, 70.7%, 60.8%]",,,,
4,parallel,10,10,0.42026578272712706,1.1117666182638724,1.1460926830768585,0.0001111111111111111,69.6,"[69.2%, 70.0%, 76.1%, 70.7%, 62.0%]",,,,
4,parallel,11,11,0.4071056561448486,1.0109090269366396,1.073671132326126,0.0001111111111111111,70.17999999999999,"[69.2%, 70.0%, 76.1%, 70.7%, 64.9%]",,,,
4,parallel,12,12,0.39424552956257014,0.9764335095127926,1.0906217526644468,0.0001111111111111111,69.94,"[69.2%, 70.0%, 76.1%, 70.7%, 63.7%]",,,,
4,parallel,13,13,0.38168540298029163,0.9312354190440117,1.0168636739253998,0.0001111111111111111,70.44,"[69.2%, 70.0%, 76.1%, 70.7%, 66.2%]",,,,
4,parallel,14,14,0.36942527639801315,0.865900508965118,1.048923060297966,0.0001111111111111111,70.28,"[69.2%, 70.0%, 76.1%, 70.7%, 65.4%]",,,,
4,parallel,15,15,0.35746514981573463,0.8346098005017147,1.035205878317356,0.0001111111111111111,70.38,"[69.2%, 70.0%, 76.1%, 70.7%, 65.9%]",,,,
4,parallel,16,16,0.34580502323345613,0.8044077467314804,0.9546902701258659,0.0001111111111111111,70.9,"[69.2%, 70.0%, 76.1%, 70.7%, 68.5%]",,,,
4,parallel,17,17,0.33444489665117766,0.7920560406733163,0.9114802163094282,0.0001111111111111111,70.97999999999999,"[69.2%, 70.0%, 76.1%, 70.7%, 68.9%]",,,,
4,parallel,18,18,0.32338477006889915,0.7512820612026166,0.9744786359369755,0.0001111111111111111,70.53999999999999,"[69.2%, 70.0%, 76.1%, 70.7%, 66.7%]",,,,
4,parallel,19,19,0.3126246434866208,0.7307791845707954,0.9495933726429939,0.0001111111111111111,70.76,"[69.2%, 70.0%, 76.1%, 70.7%, 67.8%]",,,,
4,parallel,20,20,0.30216451690434226,0.7582346438607083,1.0303186550736427,0.0001111111111111111,70.6,"[69.2%, 70.0%, 76.1%, 70.7%, 67.0%]",,,,
4,parallel,21,21,0.29200439032206377,0.7134263675801361,0.957574712112546,0.0001111111111111111,70.82000000000001,"[69.2%, 70.0%, 76.1%, 70.7%, 68.1%]",,,,
4,parallel,22,22,0.2821442637397853,0.6892415405828741,0.8800914194434881,0.0001111111111111111,71.2,"[69.2%, 70.0%, 76.1%, 70.7%, 70.0%]",,,,
4,parallel,23,23,0.27258413715750685,0.7458682958083817,0.9060889165848494,0.0001111111111111111,71.08,"[69.2%, 70.0%, 76.1%, 70.7%, 69.4%]",,,,
4,parallel,24,24,0.26332401057522836,0.7196209540095511,0.9656229056417942,0.0001111111111111111,70.34,"[69.2%, 70.0%, 76.1%, 70.7%, 65.7%]",,,,
4,parallel,25,25,0.25436388399294985,0.7022365524044519,0.9124476686120033,0.0001111111111111111,71.02000000000001,"[69.2%, 70.0%, 76.1%, 70.7%, 69.1%]",,,,
4,parallel,26,26,0.24570375741067135,0.7089518436902686,0.8946178937330842,0.0001111111111111111,71.12,"[69.2%, 70.0%, 76.1%, 70.7%, 69.6%]",,,,
4,parallel,27,27,0.23734363082839288,0.6881845563272887,0.882276114076376,0.0001111111111111111,71.24,"[69.2%, 70.0%, 76.1%, 70.7%, 70.2%]",,,,
4,parallel,28,28,0.22928350424611438,0.7289691341074207,0.9644453264772892,0.0001111111111111111,71.16,"[69.2%, 70.0%, 76.1%, 70.7%, 69.8%]",,,,
4,parallel,29,29,0.2215233776638359,0.7019115588333034,0.8197288904339075,0.0001111111111111111,71.82000000000001,"[69.2%, 70.0%, 76.1%, 70.7%, 73.1%]",,,,
4,parallel,30,30,0.21406325108155744,0.7529134950305842,0.9424599353224039,0.0001111111111111111,70.74,"[69.2%, 70.0%, 76.1%, 70.7%, 67.7%]",,,,
4,parallel,31,31,0.20690312449927897,0.7071963888180407,0.945676863193512,0.0001111111111111111,71.17999999999999,"[69.2%, 70.0%, 76.1%, 70.7%, 69.9%]",,,,
4,parallel,32,32,0.20004299791700048,0.7634521560578407,0.9014672618359327,0.0001111111111111111,71.06,"[69.2%, 70.0%, 76.1%, 70.7%, 69.3%]",,,,
4,parallel,33,33,0.193482871334722,0.7380334919766535,0.8756017703562975,0.0001111111111111111,71.8,"[69.2%, 70.0%, 76.1%, 70.7%, 73.0%]",,,,
4,parallel,34,34,0.1872227447524435,0.7612612258784378,0.9536148104816675,0.0001111111111111111,70.94,"[69.2%, 70.0%, 76.1%, 70.7%, 68.7%]",,,,
4,parallel,35,35,0.18126261817016504,0.750427551284621,0.885794828645885,0.0001111111111111111,71.36,"[69.2%, 70.0%, 76.1%, 70.7%, 70.8%]",,,,
4,parallel,36,36,0.17560249158788657,0.7458046912392483,0.9630320947617292,0.0001111111111111111,71.0,"[69.2%, 70.0%, 76.1%, 70.7%, 69.0%]",,,,
4,parallel,37,37,0.17024236500560808,0.7819269929505601,0.9758701343089342,0.0001111111111111111,70.36,"[69.2%, 70.0%, 76.1%, 70.7%, 65.8%]",,,,
4,parallel,38,38,0.1651822384233296,0.726235248619997,0.8356705419719219,0.0001111111111111111,71.64,"[69.2%, 70.0%, 76.1%, 70.7%, 72.2%]",,,,
4,parallel,39,39,0.1604221118410511,0.7030213939238198,0.9185225572437048,0.0001111111111111111,71.03999999999999,"[69.2%, 70.0%, 76.1%, 70.7%, 69.2%]",,,,
4,parallel,40,40,0.15596198525877264,0.8633126427855673,0.9768836162984371,0.0001111111111111111,70.53999999999999,"[69.2%, 70.0%, 76.1%, 70.7%, 66.7%]",,,,
4,parallel,41,41,0.15180185867649415,0.8571868870831743,0.9254822414368391,0.0001111111111111111,70.97999999999999,"[69.2%, 70.0%, 76.1%, 70.7%, 68.9%]",,,,
4,parallel,42,42,0.14794173209421568,0.810335783264305,0.8771528471261263,0.0001111111111111111,71.34,"[69.2%, 70.0%, 76.1%, 70.7%, 70.7%]",,,,
4,parallel,43,43,0.14438160551193718,0.7714235307295111,0.8332009548321366,0.0001111111111111111,71.7,"[69.2%, 70.0%, 76.1%, 70.7%, 72.5%]",,,,
4,parallel,44,44,0.1411214789296587,0.7407447880581964,0.8725424697622657,0.0001111111111111111,71.36,"[69.2%, 70.0%, 76.1%, 70.7%, 70.8%]",,,,
4,parallel,45,45,0.13816135234738022,0.9707949795300448,0.950852133333683,0.0001111111111111111,70.94,"[69.2%, 70.0%, 76.1%, 70.7%, 68.7%]",,,,
4,parallel,46,46,0.13550122576510173,0.8043722193452376,1.029019508510828,0.0001111111111111111,70.44,"[69.2%, 70.0%, 76.1%, 70.7%, 66.2%]",,,,
4,parallel,47,47,0.13314109918282327,0.7944649823858768,0.9100834839046001,0.0001111111111111111,71.3,"[69.2%, 70.0%, 76.1%, 70.7%, 70.5%]",,,,
4,parallel,48,48,0.13108097260054477,0.8102011031742338,0.9461742788553238,0.0001111111111111111,70.74,"[69.2%, 70.0%, 76.1%, 70.7%, 67.7%]",,,,
4,parallel,49,49,0.1293208460182663,0.7515981502925293,0.9080232661217451,0.0001111111111111111,71.17999999999999,"[69.2%, 70.0%, 76.1%, 70.7%, 69.9%]",,,,
4,parallel,50,50,0.1278607194359878,0.7547995395298246,0.8637120891362429,0.0001111111111111111,71.6,"[69.2%, 70.0%, 76.1%, 70.7%, 72.0%]",,,,
4,parallel,51,51,0.12670059285370935,0.7088602498362336,0.8593573328107595,0.0001111111111111111,71.56,"[69.2%, 70.0%, 76.1%, 70.7%, 71.8%]",,,,
4,parallel,52,52,0.12584046627143086,0.6972400146194652,0.8403106909245253,0.0001111111111111111,71.6,"[69.2%, 70.0%, 76.1%, 70.7%, 72.0%]",,,,
4,parallel,53,53,0.1252803396891524,0.6860702324517166,0.8452466204762459,0.0001111111111111111,71.5,"[69.2%, 70.0%, 76.1%, 70.7%, 71.5%]",,,,
4,parallel,54,54,0.1250202131068739,0.6275739352914351,0.8243150617927313,0.0001111111111111111,71.97999999999999,"[69.2%, 70.0%, 76.1%, 70.7%, 73.9%]",,,,
4,parallel,55,55,0.125,0.625114268894437,0.8146229851990938,0.0001111111111111111,71.86,"[69.2%, 70.0%, 76.1%, 70.7%, 73.3%]",,,,
4,weights,1,56,0.125,0.6250159359430965,0.8341665677726269,0.0001111111111111111,71.8,"[69.2%, 70.0%, 76.1%, 70.7%, 73.0%]",,,,
4,weights,2,57,0.125,0.6196976243695126,0.8067883886396885,0.0001111111111111111,71.86,"[69.2%, 70.0%, 76.1%, 70.7%, 73.3%]",,,,
4,weights,3,58,0.125,0.593183402019211,0.8276511961594224,0.0001111111111111111,71.8,"[69.2%, 70.0%, 76.1%, 70.7%, 73.0%]",,,,
4,weights,4,59,0.125,0.5704910223242603,0.8205929920077324,0.0001111111111111111,71.72,"[69.2%, 70.0%, 76.1%, 70.7%, 72.6%]",,,,
4,weights,5,60,0.125,0.5545450049110606,0.8327610343694687,0.0001111111111111111,71.66,"[69.2%, 70.0%, 76.1%, 70.7%, 72.3%]",,,,
4,weights,6,61,0.125,0.5500507513179055,0.8406542660668492,0.0001111111111111111,71.56,"[69.2%, 70.0%, 76.1%, 70.7%, 71.8%]",,,,
4,weights,7,62,0.125,0.5521123520558393,0.8100572731345892,0.0001111111111111111,72.12,"[69.2%, 70.0%, 76.1%, 70.7%, 74.6%]",,,,
4,weights,8,63,0.125,0.5645598033560982,0.870470317080617,0.0001111111111111111,71.58,"[69.2%, 70.0%, 76.1%, 70.7%, 71.9%]",,,,
4,weights,9,64,0.125,0.554742513955394,0.7829625960439444,0.0001111111111111111,72.26,"[69.2%, 70.0%, 76.1%, 70.7%, 75.3%]",,,,
4,weights,10,65,0.125,0.511606865291354,0.8025004528462887,0.0001111111111111111,72.02000000000001,"[69.2%, 70.0%, 76.1%, 70.7%, 74.1%]",,,,
4,weights,11,66,0.125,0.48649017041242576,0.8785981964319944,0.0001111111111111111,71.6,"[69.2%, 70.0%, 76.1%, 70.7%, 72.0%]",,,,
4,weights,12,67,0.125,0.5206555910880053,0.7751280814409256,0.0001111111111111111,72.22,"[69.2%, 70.0%, 76.1%, 70.7%, 75.1%]",,,,
4,weights,13,68,0.125,0.4891981141099447,0.7708088923245668,0.0001111111111111111,72.47999999999999,"[69.2%, 70.0%, 76.1%, 70.7%, 76.4%]",,,,
4,weights,14,69,0.125,0.47069486937945404,0.8160168379545212,0.0001111111111111111,71.88,"[69.2%, 70.0%, 76.1%, 70.7%, 73.4%]",,,,
4,weights,15,70,0.125,0.47691724760622917,0.8220043973997235,0.0001111111111111111,72.16,"[69.2%, 70.0%, 76.1%, 70.7%, 74.8%]",,,,
4,weights,16,71,0.125,0.4756445609316041,0.8282592575997114,0.0001111111111111111,72.06,"[69.2%, 70.0%, 76.1%, 70.7%, 74.3%]",,,,
4,weights,17,72,0.125,0.4713461029378674,0.7909561302512884,0.0001111111111111111,72.12,"[69.2%, 70.0%, 76.1%, 70.7%, 74.6%]",,,,
4,weights,18,73,0.125,0.4546972122750705,0.7800109032541513,0.0001111111111111111,72.24,"[69.2%, 70.0%, 76.1%, 70.7%, 75.2%]",,,,
4,weights,19,74,0.125,0.4769647521308706,0.8102846145629883,0.0001111111111111111,72.02000000000001,"[69.2%, 70.0%, 76.1%, 70.7%, 74.1%]",,,,
4,weights,20,75,0.125,0.43385202032101305,0.7799179498106241,0.0001111111111111111,72.34,"[69.2%, 70.0%, 76.1%, 70.7%, 75.7%]",,,,
4,weights,21,76,0.125,0.42423556452687783,0.8338562250137329,0.0001111111111111111,71.8,"[69.2%, 70.0%, 76.1%, 70.7%, 73.0%]",,,,
4,weights,22,77,0.125,0.4283367983902557,0.8434694521129131,0.0001111111111111111,71.86,"[69.2%, 70.0%, 76.1%, 70.7%, 73.3%]",,,,
4,weights,23,78,0.125,0.4111525412601761,0.7797841336578131,0.0001111111111111111,72.14,"[69.2%, 70.0%, 76.1%, 70.7%, 74.7%]",,,,
4,weights,24,79,0.125,0.41502553167976913,0.7562283053994179,0.0001111111111111111,72.36,"[69.2%, 70.0%, 76.1%, 70.7%, 75.8%]",,,,
4,weights,25,80,0.125,0.43569618123996107,0.7990722823888063,0.0001111111111111111,72.3,"[69.2%, 70.0%, 76.1%, 70.7%, 75.5%]",63.94,"[39.0%, 66.6%, 76.1%, 65.9%, 72.1%]",65.88000000000001,"[56.0%, 66.6%, 71.6%, 65.9%, 69.3%]"
5,parallel,1,1,0.5,6.280202600020397,2.5336278080940247,0.0001111111111111111,61.18333333333334,"[65.1%, 70.5%, 74.7%, 71.7%, 75.1%, 10.0%]",,,,
5,parallel,2,2,0.5,2.389240696460386,2.3351944983005524,0.0001111111111111111,61.13333333333333,"[64.9%, 70.4%, 74.7%, 71.6%, 75.2%, 10.0%]",,,,
5,parallel,3,3,0.5,2.330987770346147,2.3202403783798218,0.0001111111111111111,61.21666666666667,"[65.3%, 70.4%, 74.9%, 71.5%, 75.2%, 10.0%]",,,,
5,parallel,4,4,0.5,2.315720199029657,2.2851870730519295,0.0001111111111111111,62.583333333333336,"[65.9%, 70.1%, 75.2%, 71.4%, 74.9%, 18.0%]",,,,
5,parallel,5,5,0.4905664156385195,2.0148468108116826,1.7298863008618355,0.0001111111111111111,64.93333333333332,"[67.3%, 70.9%, 75.2%, 70.9%, 74.2%, 31.1%]",,,,
5,parallel,6,6,0.475906289056241,1.6635231835932671,1.5984145160764456,0.0001111111111111111,65.68333333333334,"[65.6%, 70.9%, 75.9%, 71.8%, 74.3%, 35.6%]",,,,
5,parallel,7,7,0.4615461624739625,1.5156992175911046,1.4019287265837193,0.0001111111111111111,67.8,"[66.3%, 71.3%, 75.9%, 71.3%, 74.8%, 47.2%]",,,,
5,parallel,8,8,0.447486035891684,1.2993320588824115,1.3118297643959522,0.0001111111111111111,67.74999999999999,"[64.6%, 70.4%, 76.7%, 71.1%, 74.3%, 49.4%]",,,,
5,parallel,9,9,0.4337259093094055,1.1948364776901053,1.210283499211073,0.0001111111111111111,69.28333333333332,"[66.6%, 70.7%, 75.5%, 70.6%, 74.4%, 57.9%]",,,,
5,parallel,10,10,0.42026578272712706,1.1150138906285734,1.2556079775094986,0.0001111111111111111,68.28333333333335,"[63.3%, 69.7%, 76.8%, 70.8%, 74.6%, 54.5%]",,,,
5,parallel,11,11,0.4071056561448486,1.0066494986980776,1.083244695328176,0.0001111111111111111,69.48333333333333,"[63.3%, 70.3%, 75.2%, 70.8%, 74.8%, 62.5%]",,,,
5,parallel,12,12,0.39424552956257014,0.961027897611449,0.9900252167135477,0.0001111111111111111,69.66666666666666,"[62.6%, 70.5%, 74.8%, 70.4%, 74.7%, 65.0%]",,,,
5,parallel,13,13,0.38168540298029163,0.8898940026005612,1.114946810528636,0.0001111111111111111,69.38333333333334,"[65.0%, 70.0%, 75.0%, 70.8%, 74.4%, 61.1%]",,,,
5,parallel,14,14,0.36942527639801315,0.8747398415698281,1.0707135573029518,0.0001111111111111111,69.25,"[64.6%, 69.3%, 74.8%, 70.7%, 74.6%, 61.5%]",,,,
5,parallel,15,15,0.35746514981573463,0.8113201449189005,0.9571298100054264,0.0001111111111111111,69.76666666666667,"[62.4%, 69.6%, 74.1%, 70.4%, 74.8%, 67.3%]",,,,
5,parallel,16,16,0.34580502323345613,0.7923518592798258,0.888378513045609,0.0001111111111111111,69.93333333333334,"[62.9%, 69.5%, 73.8%, 69.8%, 74.6%, 69.0%]",,,,
5,parallel,17,17,0.33444489665117766,0.7997235059738159,0.9000776764005423,0.0001111111111111111,70.2,"[64.3%, 69.9%, 73.8%, 69.6%, 74.4%, 69.2%]",,,,
5,parallel,18,18,0.32338477006889915,0.7644426452962658,0.877531785517931,0.0001111111111111111,70.39999999999999,"[64.4%, 70.4%, 73.8%, 70.0%, 74.9%, 68.9%]",,,,
5,parallel,19,19,0.3126246434866208,0.7096643368654614,0.8926647752523422,0.0001111111111111111,70.03333333333333,"[64.1%, 70.0%, 73.3%, 69.7%, 74.4%, 68.7%]",,,,
5,parallel,20,20,0.30216451690434226,0.7321124152292179,0.9655293021351099,0.0001111111111111111,69.01666666666667,"[62.4%, 69.7%, 73.2%, 69.2%, 74.3%, 65.3%]",,,,
5,parallel,21,21,0.29200439032206377,0.7185275652740575,0.848312484100461,0.0001111111111111111,69.91666666666666,"[61.1%, 69.9%, 74.0%, 69.9%, 74.4%, 70.2%]",,,,
5,parallel,22,22,0.2821442637397853,0.6846110758524907,0.8060128809884191,0.0001111111111111111,70.25,"[61.6%, 70.2%, 73.2%, 69.9%, 74.8%, 71.8%]",,,,
5,parallel,23,23,0.27258413715750685,0.6975952749010883,0.944898103363812,0.0001111111111111111,69.28333333333332,"[61.5%, 69.2%, 73.2%, 69.2%, 74.2%, 68.4%]",,,,
5,parallel,24,24,0.26332401057522836,0.7297984603085096,0.9477088376879692,0.0001111111111111111,69.2,"[63.2%, 70.1%, 72.0%, 69.0%, 74.2%, 66.7%]",,,,
5,parallel,25,25,0.25436388399294985,0.7122953262510179,0.9290334135293961,0.0001111111111111111,69.43333333333332,"[62.5%, 69.0%, 72.5%, 69.5%, 73.4%, 69.7%]",,,,
5,parallel,26,26,0.24570375741067135,0.7015532224993163,0.952328403480351,0.0001111111111111111,69.11666666666667,"[61.9%, 70.1%, 71.5%, 69.6%, 73.6%, 68.0%]",,,,
5,parallel,27,27,0.23734363082839288,0.693552791317807,0.9635814167559147,0.0001111111111111111,69.48333333333333,"[61.5%, 70.9%, 72.9%, 70.2%, 73.3%, 68.1%]",,,,
5,parallel,28,28,0.22928350424611438,0.7787231282342838,0.8946248274296522,0.0001111111111111111,69.60000000000001,"[61.9%, 70.9%, 73.3%, 69.6%, 73.9%, 68.0%]",,,,
5,parallel,29,29,0.2215233776638359,0.7053102462352077,0.8807970434427261,0.0001111111111111111,69.49999999999999,"[61.0%, 70.7%, 72.6%, 69.3%, 74.2%, 69.2%]",,,,
5,parallel,30,30,0.21406325108155744,0.7534315325791323,0.8627674002200365,0.0001111111111111111,69.63333333333334,"[62.1%, 69.7%, 72.4%, 68.3%, 74.1%, 71.2%]",,,,
5,parallel,31,31,0.20690312449927897,0.6853795730614964,0.95905601978302,0.0001111111111111111,69.33333333333333,"[62.3%, 70.8%, 73.2%, 69.0%, 74.2%, 66.5%]",,,,
5,parallel,32,32,0.20004299791700048,0.7570543511758877,0.8751075230538845,0.0001111111111111111,69.75,"[62.6%, 70.7%, 71.9%, 69.4%, 74.4%, 69.5%]",,,,
5,parallel,33,33,0.193482871334722,0.7445633939549893,0.9657709244638681,0.0001111111111111111,68.71666666666667,"[60.9%, 70.6%, 71.2%, 68.8%, 73.6%, 67.2%]",,,,
5,parallel,34,34,0.1872227447524435,0.7850884949859185,1.0217624325305223,0.0001111111111111111,68.5,"[62.3%, 70.3%, 70.7%, 69.0%, 73.6%, 65.1%]",,,,
5,parallel,35,35,0.18126261817016504,0.7833093291596521,0.9394211396574974,0.0001111111111111111,68.76666666666667,"[60.2%, 70.3%, 71.6%, 69.0%, 73.5%, 68.0%]",,,,
5,parallel,36,36,0.17560249158788657,0.7596110407310196,0.8948638178408146,0.0001111111111111111,69.56666666666666,"[61.2%, 70.8%, 71.1%, 70.2%, 73.6%, 70.5%]",,,,
5,parallel,37,37,0.17024236500560808,0.7840282543550564,0.9657015446573496,0.0001111111111111111,68.48333333333333,"[62.4%, 69.0%, 70.3%, 69.3%, 73.2%, 66.7%]",,,,
5,parallel,38,38,0.1651822384233296,0.7508185453052763,0.9175260160118341,0.0001111111111111111,68.58333333333334,"[60.5%, 69.3%, 70.3%, 69.1%, 73.3%, 69.0%]",,,,
5,parallel,39,39,0.1604221118410511,0.724330327556103,0.9297993928194046,0.0001111111111111111,68.58333333333333,"[61.9%, 68.6%, 70.3%, 69.3%, 73.3%, 68.1%]",,,,
5,parallel,40,40,0.15596198525877264,0.7879574951491778,0.9095568358898163,0.0001111111111111111,68.36666666666667,"[60.8%, 68.3%, 70.7%, 69.4%, 72.7%, 68.3%]",,,,
5,parallel,41,41,0.15180185867649415,0.801325910453555,0.9258009064942598,0.0001111111111111111,67.81666666666666,"[59.3%, 67.9%, 70.3%, 68.9%, 73.0%, 67.5%]",,,,
5,parallel,42,42,0.14794173209421568,0.7878246394139302,0.8745325058698654,0.0001111111111111111,68.58333333333334,"[60.2%, 68.2%, 71.2%, 69.1%, 72.8%, 70.0%]",,,,
5,parallel,43,43,0.14438160551193718,0.7500358940679815,0.9140508705750108,0.0001111111111111111,68.5,"[60.3%, 67.8%, 71.8%, 68.6%, 73.0%, 69.5%]",,,,
5,parallel,44,44,0.1411214789296587,0.7279966556573216,0.8427100647240877,0.0001111111111111111,68.96666666666665,"[62.3%, 67.8%, 70.6%, 69.0%, 72.7%, 71.4%]",,,,
5,parallel,45,45,0.13816135234738022,0.9798150930223586,1.0397345758974552,0.0001111111111111111,67.41666666666667,"[61.8%, 67.7%, 72.2%, 67.9%, 72.0%, 62.9%]",,,,
5,parallel,46,46,0.13550122576510173,0.8578502852705461,1.0087364930659533,0.0001111111111111111,67.76666666666667,"[62.3%, 67.5%, 71.6%, 68.3%, 72.1%, 64.8%]",,,,
5,parallel,47,47,0.13314109918282327,0.8077969073872023,0.8843441102653742,0.0001111111111111111,68.31666666666666,"[61.7%, 67.7%, 71.6%, 68.3%, 72.1%, 68.5%]",,,,
5,parallel,48,48,0.13108097260054477,0.7956744315503519,0.8706114515662193,0.0001111111111111111,68.49999999999999,"[62.1%, 67.7%, 71.1%, 68.3%, 72.1%, 69.7%]",,,,
5,parallel,49,49,0.1293208460182663,0.7457679215865799,0.9829182354733348,0.0001111111111111111,67.8,"[61.4%, 67.5%, 71.3%, 68.1%, 71.3%, 67.2%]",,,,
5,parallel,50,50,0.1278607194359878,0.7800977373424964,0.9483711384236813,0.0001111111111111111,67.78333333333335,"[60.5%, 67.3%, 71.2%, 68.8%, 71.4%, 67.5%]",,,,
5,parallel,51,51,0.12670059285370935,0.729613686664195,0.9050735998898745,0.0001111111111111111,67.86666666666666,"[60.6%, 67.3%, 70.9%, 68.2%, 71.4%, 68.8%]",,,,
5,parallel,52,52,0.12584046627143086,0.6804839093473893,0.8948135571554303,0.0001111111111111111,68.38333333333333,"[61.6%, 67.5%, 71.6%, 68.6%, 71.8%, 69.2%]",,,,
5,parallel,53,53,0.1252803396891524,0.6690370810182789,0.9402830079197884,0.0001111111111111111,67.91666666666667,"[61.5%, 67.6%, 71.5%, 67.5%, 71.8%, 67.6%]",,,,
5,parallel,54,54,0.1250202131068739,0.6424830816214597,0.8346548043191433,0.0001111111111111111,68.41666666666667,"[62.0%, 67.1%, 70.7%, 68.1%, 71.5%, 71.1%]",,,,
5,parallel,55,55,0.125,0.6366626873046537,0.8608680106699467,0.0001111111111111111,68.01666666666667,"[61.6%, 67.3%, 70.9%, 67.6%, 70.6%, 70.1%]",,,,
5,weights,1,56,0.125,0.6167107624343678,0.8635319247841835,0.0001111111111111111,67.95,"[61.0%, 66.9%, 70.8%, 67.4%, 71.2%, 70.4%]",,,,
5,weights,2,57,0.125,0.5942072151582453,0.8542329743504524,0.0001111111111111111,68.18333333333334,"[60.4%, 67.2%, 70.7%, 67.3%, 71.7%, 71.8%]",,,,
5,weights,3,58,0.125,0.5918379814564427,0.877557223662734,0.0001111111111111111,67.68333333333332,"[60.2%, 66.9%, 70.9%, 67.0%, 71.9%, 69.2%]",,,,
5,weights,4,59,0.125,0.5649253503431247,0.7959332577884197,0.0001111111111111111,68.39999999999999,"[60.7%, 67.0%, 71.0%, 67.5%, 71.5%, 72.7%]",,,,
5,weights,5,60,0.125,0.5746959700614591,0.8591107386164367,0.0001111111111111111,68.21666666666667,"[61.3%, 67.0%, 70.8%, 67.3%, 72.1%, 70.8%]",,,,
5,weights,6,61,0.125,0.5858242096780222,0.8180013662204146,0.0001111111111111111,68.6,"[61.4%, 67.4%, 70.9%, 67.3%, 71.9%, 72.7%]",,,,
5,weights,7,62,0.125,0.5405960328216795,0.7863622475415468,0.0001111111111111111,68.58333333333333,"[60.6%, 67.4%, 70.6%, 67.2%, 72.3%, 73.4%]",,,,
5,weights,8,63,0.125,0.5412516516597965,0.8418728336691856,0.0001111111111111111,68.23333333333333,"[61.5%, 67.1%, 70.8%, 66.5%, 71.8%, 71.7%]",,,,
5,weights,9,64,0.125,0.5460193368453014,0.76777876727283,0.0001111111111111111,68.60000000000001,"[61.2%, 67.4%, 71.5%, 67.1%, 71.3%, 73.1%]",,,,
5,weights,10,65,0.125,0.5197432625897324,0.7764694541692734,0.0001111111111111111,68.31666666666666,"[61.0%, 66.9%, 69.6%, 66.7%, 72.0%, 73.7%]",,,,
5,weights,11,66,0.125,0.49162588806091984,0.781780730932951,0.0001111111111111111,68.58333333333333,"[60.6%, 66.8%, 70.5%, 67.2%, 71.8%, 74.6%]",,,,
5,weights,12,67,0.125,0.49086351617227625,0.7905704565346241,0.0001111111111111111,68.50000000000001,"[60.6%, 67.5%, 70.7%, 66.9%, 71.5%, 73.8%]",,,,
5,weights,13,68,0.125,0.4824537052006661,0.8091954048722982,0.0001111111111111111,67.85000000000001,"[59.8%, 67.5%, 70.4%, 66.9%, 71.5%, 71.0%]",,,,
5,weights,14,69,0.125,0.48296130646633195,0.7764241602271795,0.0001111111111111111,68.64999999999999,"[61.2%, 67.4%, 70.2%, 67.5%, 71.5%, 74.1%]",,,,
5,weights,15,70,0.125,0.47731650234023226,0.7756792679429054,0.0001111111111111111,68.78333333333333,"[61.0%, 66.9%, 70.9%, 67.6%, 72.0%, 74.3%]",,,,
5,weights,16,71,0.125,0.4706237844274014,0.7440150752663612,0.0001111111111111111,69.14999999999999,"[61.5%, 66.8%, 70.6%, 67.8%, 72.0%, 76.2%]",,,,
5,weights,17,72,0.125,0.46259194518191904,0.7592547461390495,0.0001111111111111111,68.68333333333334,"[61.4%, 66.6%, 70.7%, 67.3%, 71.6%, 74.5%]",,,,
5,weights,18,73,0.125,0.45750988850110696,0.7426261734217405,0.0001111111111111111,68.81666666666668,"[61.2%, 66.9%, 70.8%, 67.1%, 72.1%, 74.8%]",,,,
5,weights,19,74,0.125,0.4497970682156237,0.8308787802234292,0.0001111111111111111,68.43333333333334,"[60.9%, 66.2%, 70.3%, 67.6%, 72.6%, 73.0%]",,,,
5,weights,20,75,0.125,0.4524619775482371,0.7525211870670319,0.0001111111111111111,68.53333333333333,"[60.5%, 66.1%, 70.2%, 67.1%, 72.1%, 75.2%]",,,,
5,weights,21,76,0.125,0.42967822242386733,0.7465165471658111,0.0001111111111111111,68.43333333333334,"[59.8%, 66.4%, 71.0%, 66.8%, 72.0%, 74.6%]",,,,
5,weights,22,77,0.125,0.4322601296479189,0.7531703179702163,0.0001111111111111111,68.64999999999999,"[61.0%, 66.7%, 71.3%, 66.8%, 72.2%, 73.9%]",,,,
5,weights,23,78,0.125,0.45190195512922504,0.7974930172786117,0.0001111111111111111,68.31666666666666,"[60.6%, 66.7%, 70.6%, 66.7%, 71.9%, 73.4%]",,,,
5,weights,24,79,0.125,0.4344023841468594,0.7755336556583643,0.0001111111111111111,68.36666666666666,"[60.0%, 67.1%, 70.5%, 66.2%, 71.7%, 74.7%]",,,,
5,weights,25,80,0.125,0.4258789574798149,0.8004197105765343,0.0001111111111111111,68.15,"[60.0%, 66.4%, 70.0%, 67.2%, 71.8%, 73.5%]",55.18333333333334,"[15.2%, 56.7%, 67.7%, 58.0%, 65.2%, 68.3%]",62.21666666666666,"[48.9%, 61.2%, 64.2%, 63.7%, 65.2%, 70.1%]"
6,parallel,1,1,0.4,7.026003055934664,3.6648993641138077,0.0001111111111111111,58.41428571428572,"[60.4%, 65.4%, 70.7%, 67.1%, 72.1%, 73.2%, 0.0%]",,,,
6,parallel,2,2,0.4,2.7150330181363262,2.366599977016449,0.0001111111111111111,59.771428571428565,"[60.4%, 65.2%, 70.7%, 67.1%, 71.8%, 73.2%, 10.0%]",,,,
6,parallel,3,3,0.4,2.3433994703655,2.338045984506607,0.0001111111111111111,59.785714285714285,"[60.5%, 65.3%, 70.7%, 67.0%, 71.8%, 73.2%, 10.0%]",,,,
6,parallel,4,4,0.4,2.330023765563965,2.320021390914917,0.0001111111111111111,60.300000000000004,"[60.8%, 65.3%, 70.7%, 67.1%, 71.8%, 73.3%, 13.1%]",,,,
6,parallel,5,5,0.3930820381349143,2.258843091469777,2.0539715588092804,0.0001111111111111111,61.67142857142857,"[60.7%, 66.5%, 70.8%, 67.1%, 71.9%, 72.9%, 21.8%]",,,,
6,parallel,6,6,0.38233127864124344,1.8749244333822517,1.725371342152357,0.0001111111111111111,63.17142857142857,"[60.3%, 66.5%, 70.8%, 66.8%, 71.6%, 73.2%, 33.0%]",,,,
6,parallel,7,7,0.3718005191475725,1.5894360632836064,1.45038553327322,0.0001111111111111111,65.31428571428572,"[60.4%, 66.3%, 70.8%, 66.7%, 71.8%, 73.2%, 48.0%]",,,,
6,parallel,8,8,0.3614897596539016,1.2483086397376242,1.2361732069402933,0.0001111111111111111,66.35714285714286,"[60.2%, 66.3%, 70.9%, 66.9%, 71.9%, 73.2%, 55.1%]",,,,
6,parallel,9,9,0.35139900016023073,1.118419902988627,1.0887668374925852,0.0001111111111111111,67.07142857142857,"[60.6%, 66.3%, 71.1%, 66.9%, 71.9%, 73.2%, 59.5%]",,,,
6,parallel,10,10,0.34152824066655985,1.0275430226627784,1.1025415547192097,0.0001111111111111111,67.11428571428571,"[60.6%, 66.3%, 71.1%, 67.0%, 71.8%, 73.2%, 59.8%]",,,,
6,parallel,11,11,0.33187748117288896,0.9500046945825408,1.0053062122315168,0.0001111111111111111,67.54285714285714,"[60.6%, 66.1%, 71.0%, 66.9%, 71.8%, 73.1%, 63.3%]",,,,
6,parallel,12,12,0.3224467216792181,0.9239046490645106,1.026313453912735,0.0001111111111111111,67.48571428571428,"[60.8%, 66.1%, 71.2%, 66.9%, 71.8%, 73.1%, 62.5%]",,,,
6,parallel,13,13,0.31323596218554717,0.8699187598650968,1.0373443309217691,0.0001111111111111111,67.5857142857143,"[60.3%, 66.2%, 71.3%, 66.9%, 71.6%, 73.0%, 63.8%]",,,,
6,parallel,14,14,0.30424520269187627,0.8315340152269677,0.9995405245572329,0.0001111111111111111,68.04285714285716,"[60.5%, 66.3%, 71.3%, 67.0%, 71.6%, 72.8%, 66.8%]",,,,
6,parallel,15,15,0.29547444319820537,0.8144640100153187,1.0001231245696545,0.0001111111111111111,67.95714285714286,"[60.7%, 66.6%, 71.3%, 66.9%, 71.6%, 73.4%, 65.2%]",,,,
6,parallel,16,16,0.2869236837045345,0.7648692847807196,0.9880591202527285,0.0001111111111111111,67.95714285714284,"[60.4%, 66.5%, 71.1%, 66.7%, 71.6%, 73.2%, 66.2%]",,,,
6,parallel,17,17,0.2785929242108637,0.7604740688317939,1.0323551036417484,0.0001111111111111111,68.07142857142857,"[60.6%, 66.4%, 71.0%, 66.8%, 71.5%, 73.2%, 67.0%]",,,,
6,parallel,18,18,0.2704821647171928,0.7239290158959883,0.8770850682631135,0.0001111111111111111,68.42857142857143,"[60.4%, 66.4%, 70.9%, 66.7%, 71.4%, 73.0%, 70.2%]",,,,
6,parallel,19,19,0.26259140522352187,0.7266849969761281,0.9152511265128851,0.0001111111111111111,68.31428571428572,"[60.4%, 66.5%, 71.0%, 66.7%, 71.4%, 73.0%, 69.2%]",,,,
6,parallel,20,20,0.254920645729851,0.7208870166464697,0.8239164426922798,0.0001111111111111111,68.58571428571429,"[60.5%, 65.9%, 70.9%, 66.6%, 71.3%, 73.0%, 71.9%]",,,,
6,parallel,21,21,0.2474698862361801,0.7021951856492441,0.8545646481215954,0.0001111111111111111,68.41428571428571,"[60.3%, 66.3%, 71.0%, 66.8%, 71.1%, 72.8%, 70.6%]",,,,
6,parallel,22,22,0.24023912674250925,0.6674884052216252,0.8836654480546713,0.0001111111111111111,68.24285714285715,"[60.3%, 66.2%, 70.9%, 66.8%, 71.2%, 72.8%, 69.5%]",,,,
6,parallel,23,23,0.23322836724883836,0.6630098019974141,0.9287226451560855,0.0001111111111111111,68.38571428571429,"[60.4%, 65.6%, 70.9%, 66.8%, 71.4%, 73.0%, 70.6%]",,,,
6,parallel,24,24,0.22643760775516747,0.7006437601167944,0.804048771969974,0.0001111111111111111,68.62857142857142,"[60.1%, 66.0%, 70.9%, 67.1%, 71.5%, 72.9%, 71.9%]",,,,
6,parallel,25,25,0.21986684826149658,0.6572720627241497,0.8332790974527597,0.0001111111111111111,68.69999999999999,"[60.3%, 65.7%, 70.7%, 66.6%, 71.4%, 72.9%, 73.3%]",,,,
6,parallel,26,26,0.21351608876782568,0.6594704985618591,0.8171566128730774,0.0001111111111111111,68.78571428571429,"[60.3%, 65.9%, 70.8%, 67.0%, 71.4%, 73.1%, 73.0%]",,,,
6,parallel,27,27,0.2073853292741548,0.6295239284068723,0.8144979435019195,0.0001111111111111111,68.5,"[60.5%, 65.7%, 70.8%, 66.8%, 71.3%, 73.0%, 71.4%]",,,,
6,parallel,28,28,0.2014745697804839,0.66168339456184,0.8428164627403021,0.0001111111111111111,68.72857142857143,"[60.5%, 65.9%, 70.8%, 67.3%, 71.4%, 73.0%, 72.2%]",,,,
6,parallel,29,29,0.19578381028681302,0.6142892879021319,0.8522714232094586,0.0001111111111111111,68.55714285714285,"[60.4%, 66.0%, 70.8%, 67.1%, 71.2%, 72.9%, 71.5%]",,,,
6,parallel,30,30,0.19031305079314215,0.6132219460191606,0.8389178309589624,0.0001111111111111111,68.52857142857144,"[60.2%, 66.0%, 70.7%, 67.1%, 71.3%, 72.9%, 71.5%]",,,,
6,parallel,31,31,0.18506229129947124,0.6326878598973721,0.873139139264822,0.0001111111111111111,68.52857142857142,"[59.9%, 65.4%, 70.6%, 67.0%, 71.4%, 72.8%, 72.6%]",,,,
6,parallel,32,32,0.18003153180580037,0.6091476765614522,0.7936192471534014,0.0001111111111111111,68.67142857142856,"[59.9%, 65.6%, 70.7%, 67.0%, 71.4%, 72.9%, 73.2%]",,,,
6,parallel,33,33,0.17522077231212946,0.5870526576343971,0.8635116517543793,0.0001111111111111111,68.47142857142856,"[60.1%, 65.6%, 70.8%, 67.2%, 71.5%, 72.6%, 71.5%]",,,,
6,parallel,34,34,0.17063001281845858,0.6567099863969827,0.7969778049737215,0.0001111111111111111,68.6,"[60.2%, 65.8%, 70.7%, 67.4%, 71.7%, 72.7%, 71.7%]",,,,
6,parallel,35,35,0.1662592533247877,0.650220995839638,0.7785577159374952,0.0001111111111111111,68.75714285714287,"[59.7%, 65.5%, 70.8%, 67.3%, 71.4%, 72.8%, 73.8%]",,,,
6,parallel,36,36,0.1621084938311168,0.6435403295710117,0.8482187977060676,0.0001111111111111111,68.6,"[60.1%, 65.8%, 70.8%, 67.3%, 71.4%, 72.6%, 72.2%]",,,,
6,parallel,37,37,0.15817773433744592,0.5982146878031236,0.7742264922708273,0.0001111111111111111,68.74285714285715,"[59.9%, 65.8%, 70.8%, 67.1%, 71.1%, 72.6%, 73.9%]",,,,
6,parallel,38,38,0.15446697484377503,0.7578606062297579,0.8715949999168515,0.0001111111111111111,68.32857142857144,"[60.0%, 65.8%, 71.0%, 66.9%, 71.7%, 72.6%, 70.3%]",,,,
6,parallel,39,39,0.15097621535010414,0.6885273562201971,0.8341520130634308,0.0001111111111111111,68.54285714285714,"[60.1%, 65.8%, 71.0%, 66.9%, 71.8%, 72.5%, 71.7%]",,,,
6,parallel,40,40,0.14770545585643327,0.6340372573725784,0.8321768026798964,0.0001111111111111111,68.60000000000001,"[60.4%, 65.7%, 71.0%, 67.0%, 71.7%, 72.4%, 72.0%]",,,,
6,parallel,41,41,0.14465469636276237,0.6106840040110335,0.8656157739460468,0.0001111111111111111,68.47142857142858,"[60.4%, 65.7%, 70.7%, 66.9%, 71.8%, 72.3%, 71.5%]",,,,
6,parallel,42,42,0.1418239368690915,0.6012989780570888,0.7348413411527872,0.0001111111111111111,68.82857142857142,"[60.3%, 65.8%, 70.5%, 66.8%, 71.7%, 72.6%, 74.1%]",,,,
6,parallel,43,43,0.1392131773754206,0.7155998858469951,0.8169114533811808,0.0001111111111111111,68.48571428571428,"[60.3%, 66.0%, 70.6%, 66.9%, 71.4%, 72.6%, 71.6%]",,,,
6,parallel,44,44,0.13682241788174973,0.6570976670784286,0.8309370018541813,0.0001111111111111111,68.54285714285713,"[60.4%, 65.9%, 70.6%, 67.0%, 71.5%, 72.3%, 72.1%]",,,,
6,parallel,45,45,0.13465165838807883,0.6086178093771392,0.8471061252057552,0.0001111111111111111,68.37142857142855,"[60.5%, 65.8%, 70.7%, 67.4%, 71.4%, 72.4%, 70.4%]",,,,
6,parallel,46,46,0.13270089889440795,0.6159609360030934,0.9534864565357566,0.0001111111111111111,68.02857142857142,"[60.6%, 65.8%, 70.8%, 67.4%, 71.7%, 72.7%, 67.2%]",,,,
6,parallel,47,47,0.13097013940073707,0.6015099168201036,0.8106231149286032,0.0001111111111111111,68.65714285714286,"[60.6%, 65.6%, 70.5%, 67.3%, 71.7%, 72.6%, 72.3%]",,,,
6,parallel,48,48,0.12945937990706619,0.5813417181938509,0.8106527188792825,0.0001111111111111111,68.6857142857143,"[60.7%, 66.0%, 70.4%, 67.2%, 71.9%, 72.5%, 72.1%]",,,,
6,parallel,49,49,0.1281686204133953,0.5657621324062347,0.8595468429848552,0.0001111111111111111,68.44285714285714,"[60.5%, 66.1%, 70.4%, 67.4%, 71.5%, 72.7%, 70.5%]",,,,
6,parallel,50,50,0.12709786091972441,0.5618893598453908,0.9523832323029637,0.0001111111111111111,68.05714285714285,"[60.4%, 66.2%, 70.6%, 67.0%, 71.5%, 72.6%, 68.1%]",,,,
6,parallel,51,51,0.12624710142605353,0.5384444724532622,0.7742384597659111,0.0001111111111111111,69.01428571428572,"[60.5%, 66.4%, 70.7%, 67.1%, 71.7%, 72.8%, 73.9%]",,,,
6,parallel,52,52,0.12561634193238264,0.5255831925174858,0.8814574889838696,0.0001111111111111111,68.34285714285714,"[60.8%, 66.2%, 70.6%, 67.0%, 71.7%, 72.5%, 69.6%]",,,,
6,parallel,53,53,0.12520558243871174,0.5107913969815532,0.800137777812779,0.0001111111111111111,68.61428571428571,"[60.6%, 66.1%, 70.6%, 67.3%, 71.7%, 72.4%, 71.6%]",,,,
6,parallel,54,54,0.12501482294504085,0.48464295268058777,0.7708842251449823,0.0001111111111111111,68.8,"[60.2%, 66.2%, 70.7%, 67.2%, 71.7%, 72.3%, 73.3%]",,,,
6,parallel,55,55,0.125,0.4828981417643873,0.8216025372967124,0.0001111111111111111,68.8,"[60.7%, 66.3%, 70.6%, 67.3%, 71.7%, 72.4%, 72.6%]",,,,
6,weights,1,56,0.125,0.48134878277778625,0.7916849125176668,0.0001111111111111111,68.89999999999999,"[60.3%, 66.1%, 70.7%, 67.1%, 71.6%, 72.5%, 74.0%]",,,,
6,weights,2,57,0.125,0.46632785019995293,0.773128904402256,0.0001111111111111111,68.82857142857142,"[60.1%, 65.9%, 70.4%, 67.3%, 71.5%, 72.7%, 73.9%]",,,,
6,weights,3,58,0.125,0.4594743911978565,0.7740746438503265,0.0001111111111111111,68.67142857142858,"[60.0%, 66.1%, 70.5%, 67.4%, 71.7%, 72.4%, 72.6%]",,,,
6,weights,4,59,0.125,0.43756039478356323,0.7779682530090213,0.0001111111111111111,68.78571428571429,"[60.5%, 65.9%, 70.5%, 67.0%, 71.8%, 72.4%, 73.4%]",,,,
6,weights,5,60,0.125,0.4482786419648158,0.7897257497534156,0.0001111111111111111,68.87142857142858,"[60.4%, 65.9%, 70.5%, 67.2%, 71.8%, 72.5%, 73.8%]",,,,
6,weights,6,61,0.125,0.4433781429182125,0.8108274107798934,0.0001111111111111111,68.58571428571429,"[60.3%, 66.1%, 70.5%, 67.2%, 71.4%, 72.2%, 72.4%]",,,,
6,weights,7,62,0.125,0.42032279508023324,0.7951526250690222,0.0001111111111111111,68.8142857142857,"[60.2%, 66.3%, 70.5%, 67.4%, 71.5%, 72.2%, 73.6%]",,,,
6,weights,8,63,0.125,0.4382406441094,0.7955610603094101,0.0001111111111111111,68.6857142857143,"[60.1%, 66.1%, 70.4%, 67.0%, 71.3%, 72.5%, 73.4%]",,,,
6,weights,9,64,0.125,0.41172678447976896,0.7835927079431713,0.0001111111111111111,68.88571428571429,"[60.0%, 65.9%, 70.5%, 67.4%, 71.2%, 72.4%, 74.8%]",,,,
6,weights,10,65,0.125,0.39657362295856957,0.7705061575397849,0.0001111111111111111,69.1,"[60.2%, 66.2%, 70.4%, 67.5%, 71.6%, 72.1%, 75.7%]",,,,
6,weights,11,66,0.125,0.4109031584443925,0.7655695425346494,0.0001111111111111111,68.82857142857142,"[59.9%, 66.0%, 70.3%, 67.2%, 71.6%, 72.2%, 74.6%]",,,,
6,weights,12,67,0.125,0.40848983635630787,0.8083489928394556,0.0001111111111111111,68.7,"[60.1%, 66.2%, 70.5%, 67.2%, 71.4%, 72.4%, 73.1%]",,,,
6,weights,13,68,0.125,0.3981892798520342,0.8008363349363208,0.0001111111111111111,68.72857142857143,"[60.2%, 66.1%, 70.4%, 67.4%, 71.0%, 72.5%, 73.5%]",,,,
6,weights,14,69,0.125,0.4064637914865832,0.7829882018268108,0.0001111111111111111,68.9,"[59.7%, 66.2%, 70.4%, 67.3%, 71.5%, 72.4%, 74.8%]",,,,
6,weights,15,70,0.125,0.39711126383346845,0.7736512999981642,0.0001111111111111111,69.05714285714285,"[60.1%, 66.2%, 70.5%, 67.5%, 71.3%, 72.7%, 75.1%]",,,,
6,weights,16,71,0.125,0.36062962128014503,0.779759363271296,0.0001111111111111111,68.85714285714286,"[59.7%, 65.9%, 70.6%, 67.3%, 71.4%, 72.6%, 74.5%]",,,,
6,weights,17,72,0.125,0.35571116737172576,0.784131265245378,0.0001111111111111111,69.0,"[59.8%, 65.9%, 70.6%, 67.3%, 71.4%, 72.8%, 75.2%]",,,,
6,weights,18,73,0.125,0.34724939463636545,0.7581061194650829,0.0001111111111111111,69.12857142857143,"[59.9%, 66.2%, 70.5%, 67.4%, 71.1%, 72.8%, 76.0%]",,,,
6,weights,19,74,0.125,0.34707144808165635,0.7010701894760132,0.0001111111111111111,69.31428571428572,"[60.0%, 66.1%, 70.7%, 67.4%, 71.3%, 72.5%, 77.2%]",,,,
6,weights,20,75,0.125,0.3440704545642756,0.7611925578676164,0.0001111111111111111,69.10000000000001,"[59.9%, 66.2%, 70.7%, 67.4%, 71.4%, 72.8%, 75.3%]",,,,
6,weights,21,76,0.125,0.3525821351552311,0.7453043758869171,0.0001111111111111111,69.27142857142857,"[59.9%, 65.9%, 70.5%, 67.5%, 71.6%, 72.7%, 76.8%]",,,,
6,weights,22,77,0.125,0.35597812393798106,0.7255281936377287,0.0001111111111111111,69.3142857142857,"[59.8%, 66.3%, 70.6%, 67.6%, 71.2%, 72.6%, 77.1%]",,,,
6,weights,23,78,0.125,0.3320048251484014,0.7426075804978609,0.0001111111111111111,69.3,"[60.0%, 66.4%, 70.7%, 67.7%, 71.3%, 72.7%, 76.3%]",,,,
6,weights,24,79,0.125,0.3279396725606315,0.7402873067185283,0.0001111111111111111,69.24285714285715,"[60.0%, 65.9%, 70.7%, 67.9%, 71.3%, 72.6%, 76.3%]",,,,
6,weights,25,80,0.125,0.30964827763883374,0.8340821843594313,0.0001111111111111111,68.91428571428571,"[59.9%, 66.3%, 70.6%, 67.8%, 71.2%, 72.7%, 73.9%]",55.028571428571425,"[5.4%, 61.0%, 64.4%, 57.9%, 68.8%, 62.7%, 65.0%]",62.342857142857135,"[47.9%, 64.1%, 64.4%, 67.8%, 67.1%, 65.4%, 59.7%]"
7,parallel,1,1,0.3,7.0701516640337205,4.002069130539894,0.0001111111111111111,60.22500000000001,"[60.3%, 65.7%, 70.3%, 67.4%, 71.3%, 73.2%, 73.6%, 0.0%]",,,,
7,parallel,2,2,0.3,2.969458688663531,2.4353296607732773,0.0001111111111111111,61.337500000000006,"[60.3%, 65.0%, 70.1%, 67.1%, 71.1%, 73.5%, 73.6%, 10.0%]",,,,
7,parallel,3,3,0.3,2.3752550173409377,2.3411919325590134,0.0001111111111111111,61.275000000000006,"[60.3%, 64.7%, 70.0%, 67.1%, 71.2%, 73.3%, 73.6%, 10.0%]",,,,
7,parallel,4,4,0.3,2.3327355173569693,2.319766491651535,0.0001111111111111111,61.262499999999996,"[60.1%, 64.4%, 70.1%, 67.2%, 71.1%, 73.5%, 73.7%, 10.0%]",,,,
7,parallel,5,5,0.2955976606313091,2.248970194707943,2.030182830989361,0.0001111111111111111,61.862500000000004,"[60.0%, 63.4%, 68.1%, 67.3%, 71.2%, 72.1%, 73.8%, 19.0%]",,,,
7,parallel,6,6,0.2887562682262458,1.94182518011407,1.8418556824326515,0.0001111111111111111,63.050000000000004,"[60.2%, 64.2%, 68.2%, 67.0%, 71.6%, 72.9%, 73.8%, 26.5%]",,,,
7,parallel,7,7,0.2820548758211825,1.7457753102990645,1.6471777111291885,0.0001111111111111111,63.94999999999999,"[60.4%, 63.4%, 66.1%, 66.7%, 71.5%, 70.5%, 73.6%, 39.4%]",,,,
7,parallel,8,8,0.27549348341611923,1.5805706268624415,1.558801107108593,0.0001111111111111111,64.275,"[60.2%, 62.6%, 66.7%, 67.3%, 71.7%, 69.1%, 73.2%, 43.4%]",,,,
7,parallel,9,9,0.2690720910110559,1.447982453092744,1.4301957916468382,0.0001111111111111111,65.225,"[60.4%, 63.3%, 68.4%, 67.3%, 71.3%, 70.9%, 73.2%, 47.0%]",,,,
7,parallel,10,10,0.2627906986059926,1.3835189297229429,1.3361916355788708,0.0001111111111111111,65.5625,"[60.5%, 63.6%, 67.7%, 67.2%, 71.3%, 70.9%, 72.9%, 50.4%]",,,,
7,parallel,11,11,0.25664930620092935,1.267022529734841,1.31978789716959,0.0001111111111111111,65.5875,"[60.5%, 62.8%, 68.6%, 67.3%, 71.3%, 70.5%, 72.8%, 50.9%]",,,,
7,parallel,12,12,0.25064791379586604,1.1590476639663116,1.182879013940692,0.0001111111111111111,66.8625,"[61.0%, 62.3%, 69.1%, 67.4%, 71.3%, 70.2%, 72.9%, 60.7%]",,,,
7,parallel,13,13,0.24478652139080276,1.1707064675379404,1.2044941689819098,0.0001111111111111111,66.8625,"[61.4%, 63.3%, 69.3%, 67.3%, 71.1%, 71.8%, 72.7%, 58.0%]",,,,
7,parallel,14,14,0.23906512898573945,1.0722024508669405,1.1031296588480473,0.0001111111111111111,67.2875,"[61.1%, 64.4%, 69.1%, 67.6%, 70.9%, 70.7%, 72.6%, 61.9%]",,,,
7,parallel,15,15,0.23348373658067617,1.075414465952523,1.1320499368011951,0.0001111111111111111,67.275,"[61.3%, 63.2%, 69.3%, 67.7%, 71.1%, 71.3%, 72.3%, 62.0%]",,,,
7,parallel,16,16,0.22804234417561287,1.006488501271115,1.1117557594552636,0.0001111111111111111,67.05,"[60.7%, 62.9%, 68.9%, 67.6%, 71.0%, 70.0%, 72.2%, 63.1%]",,,,
7,parallel,17,17,0.2227409517705496,0.9872098565101624,0.9784665033221245,0.0001111111111111111,67.96249999999999,"[60.8%, 63.9%, 69.6%, 67.9%, 71.1%, 71.0%, 72.4%, 67.0%]",,,,
7,parallel,18,18,0.21757955936548629,0.9520226694360564,1.0624325098469853,0.0001111111111111111,67.22500000000001,"[61.0%, 63.5%, 68.5%, 67.8%, 71.0%, 69.4%, 72.5%, 64.1%]",,,,
7,parallel,19,19,0.212558166960423,0.9505762993534909,1.1331714987754822,0.0001111111111111111,67.375,"[60.8%, 64.3%, 69.4%, 67.6%, 71.1%, 69.8%, 72.5%, 63.5%]",,,,
7,parallel,20,20,0.2076767745553597,0.9203186533119105,0.9892758652567863,0.0001111111111111111,67.6125,"[61.2%, 62.4%, 69.0%, 67.6%, 71.0%, 70.2%, 72.2%, 67.3%]",,,,
7,parallel,21,21,0.2029353821502964,0.9266998888571051,1.062265893444419,0.0001111111111111111,67.7125,"[61.1%, 62.8%, 70.1%, 67.7%, 70.9%, 71.3%, 72.3%, 65.5%]",,,,
7,parallel,22,22,0.19833398974523314,0.9045632836184924,1.1009691823273897,0.0001111111111111111,67.4125,"[60.6%, 63.0%, 70.3%, 67.9%, 70.8%, 70.4%, 72.5%, 63.8%]",,,,
7,parallel,23,23,0.19387259734016987,0.851797772736489,0.9838265553116798,0.0001111111111111111,67.88749999999999,"[60.1%, 65.0%, 69.9%, 67.9%, 70.7%, 70.0%, 72.1%, 67.4%]",,,,
7,parallel,24,24,0.18955120493510658,0.8315976677061636,0.9558048658072948,0.0001111111111111111,68.3375,"[60.6%, 64.9%, 70.8%, 67.8%, 70.7%, 71.0%, 72.3%, 68.6%]",,,,
7,parallel,25,25,0.18536981253004325,0.937252839154835,1.0036920355632901,0.0001111111111111111,68.0125,"[60.6%, 63.7%, 70.1%, 68.3%, 71.0%, 70.7%, 72.1%, 67.6%]",,,,
7,parallel,26,26,0.18132842012497996,0.8024961507018609,0.8844629228115082,0.0001111111111111111,68.53750000000001,"[60.7%, 64.5%, 70.3%, 68.1%, 70.9%, 70.6%, 72.3%, 70.9%]",,,,
7,parallel,27,27,0.17742702771991667,0.8496496141711368,0.9583337381482124,0.0001111111111111111,67.95,"[61.2%, 64.7%, 69.8%, 68.0%, 71.2%, 69.3%, 72.3%, 67.1%]",,,,
7,parallel,28,28,0.17366563531485338,0.8194955308226091,0.9864058801904321,0.0001111111111111111,68.175,"[61.0%, 64.2%, 70.3%, 68.2%, 71.2%, 70.4%, 72.2%, 67.9%]",,,,
7,parallel,29,29,0.1700442429097901,0.8473955679543411,0.9803984528407454,0.0001111111111111111,68.475,"[61.4%, 64.8%, 70.4%, 68.2%, 71.0%, 72.6%, 72.4%, 67.0%]",,,,
7,parallel,30,30,0.1665628505047268,0.8407195248181307,0.9430624339729548,0.0001111111111111111,68.51249999999999,"[61.0%, 64.6%, 70.3%, 67.9%, 70.9%, 72.5%, 72.6%, 68.3%]",,,,
7,parallel,31,31,0.1632214580996635,0.8277967228919645,1.0140853403136134,0.0001111111111111111,68.25,"[61.2%, 63.7%, 71.0%, 68.2%, 71.0%, 72.0%, 72.7%, 66.2%]",,,,
7,parallel,32,32,0.16002006569460023,0.7925440729418888,0.952483706176281,0.0001111111111111111,68.7,"[61.1%, 64.7%, 70.8%, 68.4%, 71.1%, 72.0%, 72.6%, 68.9%]",,,,
7,parallel,33,33,0.15695867328953694,0.7764706747441352,0.9318559840321541,0.0001111111111111111,68.6875,"[61.0%, 64.8%, 71.0%, 68.3%, 71.3%, 72.0%, 72.3%, 68.8%]",,,,
7,parallel,34,34,0.15403728088447363,0.9396933381316028,0.9616664275527,0.0001111111111111111,68.4625,"[60.9%, 63.9%, 70.5%, 68.2%, 71.2%, 72.2%, 72.3%, 68.5%]",,,,
7,parallel,35,35,0.15125588847941035,0.8361154960680611,0.9583109896630049,0.0001111111111111111,68.3125,"[60.6%, 64.5%, 69.5%, 68.0%, 70.9%, 73.4%, 72.2%, 67.4%]",,,,
7,parallel,36,36,0.14861449607434707,0.8254849993729894,0.9254280403256416,0.0001111111111111111,68.675,"[60.7%, 64.8%, 70.2%, 68.3%, 70.9%, 73.3%, 72.4%, 68.8%]",,,,
7,parallel,37,37,0.14611310366928376,0.7886154289487042,1.0526811527088284,0.0001111111111111111,68.2,"[60.5%, 64.8%, 70.2%, 68.1%, 71.4%, 73.0%, 72.3%, 65.3%]",,,,
7,parallel,38,38,0.14375171126422048,0.7793194279074669,0.9836515048518777,0.0001111111111111111,68.52499999999999,"[60.3%, 65.0%, 70.6%, 67.7%, 71.4%, 71.9%, 72.2%, 69.1%]",,,,
7,parallel,39,39,0.14153031885915718,0.7601829420162153,0.9478327631950378,0.0001111111111111111,68.6,"[60.4%, 64.7%, 70.7%, 67.8%, 71.1%, 72.9%, 72.2%, 69.0%]",,,,
7,parallel,40,40,0.1394489264540939,0.9575772787196727,0.9960225494578481,0.0001111111111111111,68.3625,"[60.5%, 64.7%, 70.2%, 67.8%, 71.0%, 72.9%, 72.4%, 67.4%]",,,,
7,parallel,41,41,0.1375075340490306,0.8586268002473856,0.9582481635734439,0.0001111111111111111,68.5375,"[60.5%, 65.1%, 70.5%, 67.9%, 71.3%, 72.7%, 72.4%, 67.9%]",,,,
7,parallel,42,42,0.13570614164396733,0.8261995609802536,1.0085831629112363,0.0001111111111111111,68.30000000000001,"[60.9%, 65.0%, 70.1%, 67.8%, 71.4%, 72.8%, 72.3%, 66.1%]",,,,
7,parallel,43,43,0.13404474923890403,0.7907364919215818,1.0167899942025542,0.0001111111111111111,68.625,"[60.9%, 65.6%, 70.5%, 67.6%, 71.5%, 73.1%, 72.4%, 67.4%]",,,,
7,parallel,44,44,0.13252335683384073,0.8165692219251319,0.9116369560360909,0.0001111111111111111,68.825,"[60.7%, 65.6%, 70.2%, 67.5%, 71.2%, 72.6%, 72.6%, 70.2%]",,,,
7,parallel,45,45,0.13114196442877743,0.8283701501315153,0.9667080799117684,0.0001111111111111111,68.8125,"[60.7%, 66.1%, 70.6%, 68.0%, 71.2%, 72.6%, 72.3%, 69.0%]",,,,
7,parallel,46,46,0.12990057202371413,0.7660463456111618,0.9290026444941759,0.0001111111111111111,68.7875,"[60.8%, 65.5%, 70.6%, 68.1%, 71.4%, 71.9%, 72.3%, 69.7%]",,,,
7,parallel,47,47,0.12879917961865087,0.7807224634327466,1.0298282243311405,0.0001111111111111111,68.6,"[60.7%, 65.4%, 70.3%, 68.1%, 71.3%, 72.7%, 72.5%, 67.8%]",,,,
7,parallel,48,48,0.12783778721358757,0.7695733399330815,0.872220117598772,0.0001111111111111111,68.8875,"[60.6%, 65.5%, 70.2%, 68.2%, 71.3%, 72.4%, 72.5%, 70.4%]",,,,
7,parallel,49,49,0.12701639480852428,0.7333198016202902,0.8897966565564275,0.0001111111111111111,69.03750000000001,"[60.6%, 65.3%, 70.4%, 67.9%, 71.3%, 71.8%, 72.6%, 72.4%]",,,,
7,parallel,50,50,0.126335002403461,0.7265217353271533,0.8717892337590456,0.0001111111111111111,68.96249999999999,"[60.5%, 65.5%, 70.0%, 67.8%, 71.7%, 72.3%, 72.6%, 71.3%]",,,,
7,parallel,51,51,0.1257936099983977,0.6881119088281559,0.8861319571733475,0.0001111111111111111,68.9875,"[60.4%, 65.1%, 70.4%, 67.8%, 71.2%, 72.2%, 72.7%, 72.1%]",,,,
7,parallel,52,52,0.1253922175933344,0.6903343570383289,0.8950783908367157,0.0001111111111111111,68.8,"[60.7%, 65.4%, 70.3%, 67.5%, 71.2%, 72.0%, 72.5%, 70.8%]",,,,
7,parallel,53,53,0.12513082518827112,0.6851616399952128,0.8875765055418015,0.0001111111111111111,68.825,"[61.0%, 64.8%, 70.3%, 67.7%, 71.3%, 72.3%, 72.6%, 70.6%]",,,,
7,parallel,54,54,0.1250094327832078,0.6873873053472254,0.907993801869452,0.0001111111111111111,68.9375,"[61.2%, 65.3%, 70.4%, 67.9%, 71.5%, 72.4%, 72.4%, 70.4%]",,,,
7,parallel,55,55,0.125,0.6384300823453106,0.9501142399385571,0.0001111111111111111,69.03750000000001,"[61.1%, 65.1%, 71.0%, 68.2%, 71.6%, 72.7%, 72.4%, 70.2%]",,,,
7,weights,1,56,0.125,0.6529962145075013,0.8741706218570471,0.0001111111111111111,69.27499999999999,"[61.0%, 65.6%, 71.1%, 68.2%, 71.4%, 72.4%, 72.5%, 72.0%]",,,,
7,weights,2,57,0.125,0.6255734847693504,0.8354706522077322,0.0001111111111111111,69.30000000000001,"[61.3%, 65.3%, 71.2%, 68.2%, 71.6%, 71.5%, 72.3%, 73.0%]",,,,
7,weights,3,58,0.125,0.6073896368093128,0.8494085092097521,0.0001111111111111111,69.1125,"[60.8%, 64.8%, 70.4%, 68.2%, 71.5%, 72.3%, 72.4%, 72.5%]",,,,
7,weights,4,59,0.125,0.598830819884433,0.8564446456730366,0.0001111111111111111,69.02499999999999,"[60.5%, 65.4%, 70.3%, 68.1%, 71.4%, 72.3%, 72.3%, 71.9%]",,,,
7,weights,5,60,0.125,0.6124276413193231,0.8437563069164753,0.0001111111111111111,69.25,"[60.4%, 65.1%, 70.5%, 68.2%, 71.4%, 72.4%, 72.2%, 73.8%]",,,,
7,weights,6,61,0.125,0.5912689981581289,0.8850696859881282,0.0001111111111111111,68.9875,"[60.6%, 65.5%, 70.2%, 68.1%, 71.4%, 72.6%, 72.3%, 71.2%]",,,,
7,weights,7,62,0.125,0.5862543624413165,0.9250509459525347,0.0001111111111111111,68.875,"[60.4%, 65.5%, 71.0%, 68.1%, 71.4%, 71.8%, 72.2%, 70.6%]",,,,
7,weights,8,63,0.125,0.5796091356609441,0.8565150666981936,0.0001111111111111111,69.18749999999999,"[60.6%, 65.3%, 70.8%, 68.2%, 71.4%, 72.2%, 72.1%, 72.9%]",,,,
7,weights,9,64,0.125,0.570554531450513,0.8275451250374317,0.0001111111111111111,69.275,"[60.5%, 65.3%, 70.8%, 67.8%, 71.3%, 72.4%, 72.4%, 73.7%]",,,,
7,weights,10,65,0.125,0.5814832256564612,0.819413622841239,0.0001111111111111111,69.375,"[61.2%, 65.1%, 70.8%, 68.0%, 71.4%, 71.8%, 72.4%, 74.3%]",,,,
7,weights,11,66,0.125,0.5673422487098959,0.8551050433889031,0.0001111111111111111,69.125,"[61.4%, 65.3%, 70.8%, 68.2%, 71.2%, 71.5%, 72.4%, 72.2%]",,,,
7,weights,12,67,0.125,0.5386797035042243,0.8206915454939008,0.0001111111111111111,69.35000000000001,"[61.0%, 65.5%, 70.5%, 68.1%, 71.3%, 72.1%, 72.6%, 73.7%]",,,,
7,weights,13,68,0.125,0.5428991200803202,0.8877574298530817,0.0001111111111111111,69.25,"[61.3%, 65.5%, 70.2%, 68.5%, 71.5%, 72.4%, 72.5%, 72.1%]",,,,
7,weights,14,69,0.125,0.5694542700731302,0.8460164926946163,0.0001111111111111111,69.275,"[60.6%, 65.6%, 70.3%, 68.1%, 71.4%, 72.3%, 72.5%, 73.4%]",,,,
7,weights,15,70,0.125,0.5164175540963306,0.8622922925278544,0.0001111111111111111,69.15,"[60.5%, 65.8%, 70.3%, 68.1%, 71.5%, 71.9%, 72.4%, 72.7%]",,,,
7,weights,16,71,0.125,0.5121334132891667,0.7856569029390812,0.0001111111111111111,69.475,"[60.5%, 65.7%, 70.7%, 68.1%, 71.6%, 71.8%, 72.6%, 74.8%]",,,,
7,weights,17,72,0.125,0.5233832214829288,0.8351342361420393,0.0001111111111111111,69.25,"[60.6%, 65.7%, 70.2%, 68.3%, 71.6%, 72.1%, 72.6%, 72.9%]",,,,
7,weights,18,73,0.125,0.5009517537642129,0.8653422715142369,0.0001111111111111111,68.96249999999999,"[60.9%, 65.6%, 69.8%, 68.3%, 71.4%, 71.4%, 72.5%, 71.8%]",,,,
7,weights,19,74,0.125,0.5412794038464751,0.8360342485830188,0.0001111111111111111,69.3125,"[61.1%, 65.5%, 69.8%, 68.4%, 71.5%, 72.1%, 72.7%, 73.4%]",,,,
7,weights,20,75,0.125,0.5183239160459253,0.8106439728289843,0.0001111111111111111,69.525,"[61.0%, 65.6%, 70.4%, 68.4%, 71.6%, 72.1%, 72.7%, 74.4%]",,,,
7,weights,21,76,0.125,0.5029361104663415,0.8404853502288461,0.0001111111111111111,69.1625,"[61.0%, 65.3%, 70.0%, 68.2%, 71.5%, 72.4%, 72.6%, 72.3%]",,,,
7,weights,22,77,0.125,0.5009475891725926,0.8493331121280789,0.0001111111111111111,69.125,"[60.8%, 65.5%, 69.8%, 68.3%, 71.1%, 72.2%, 72.7%, 72.6%]",,,,
7,weights,23,78,0.125,0.48999474584301816,0.830698873847723,0.0001111111111111111,69.4375,"[60.8%, 65.9%, 70.5%, 68.5%, 71.7%, 71.9%, 72.6%, 73.6%]",,,,
7,weights,24,79,0.125,0.47569974219497246,0.8651818288490176,0.0001111111111111111,69.07499999999999,"[60.7%, 65.7%, 70.6%, 68.3%, 71.2%, 71.7%, 72.6%, 71.8%]",,,,
7,weights,25,80,0.125,0.4757648261287544,0.8534904504194856,0.0001111111111111111,69.175,"[60.8%, 65.6%, 70.5%, 68.3%, 71.1%, 71.6%, 72.5%, 73.0%]",55.162499999999994,"[5.6%, 50.1%, 64.7%, 58.1%, 71.1%, 66.6%, 67.7%, 57.4%]",58.9375,"[52.8%, 54.3%, 64.7%, 63.4%, 64.5%, 64.4%, 50.4%, 57.0%]"
8,parallel,1,1,0.2,5.785747998877417,4.105278894305229,0.0001111111111111111,61.67777777777778,"[61.3%, 65.5%, 70.4%, 68.5%, 71.4%, 72.0%, 72.5%, 73.5%, 0.0%]",,,,
8,parallel,2,2,0.2,3.2515603017203416,2.6026089936494827,0.0001111111111111111,62.82222222222222,"[61.1%, 65.8%, 70.8%, 68.5%, 71.2%, 72.0%, 72.5%, 73.5%, 10.0%]",,,,
8,parallel,3,3,0.2,2.437095808077462,2.366572067141533,0.0001111111111111111,62.78888888888888,"[61.0%, 65.7%, 70.8%, 68.4%, 71.4%, 71.8%, 72.5%, 73.5%, 10.0%]",,,,
8,parallel,4,4,0.2,2.3476621772669537,2.3320521861314774,0.0001111111111111111,62.72222222222222,"[60.7%, 65.8%, 70.8%, 68.3%, 71.1%, 71.8%, 72.5%, 73.5%, 10.0%]",,,,
8,parallel,5,5,0.19811328312770393,2.335608449163316,2.3276823461055756,0.0001111111111111111,62.733333333333334,"[60.6%, 65.8%, 70.7%, 68.3%, 71.3%, 71.9%, 72.5%, 73.5%, 10.0%]",,,,
8,parallel,6,6,0.19518125781124823,2.3276777267456055,2.32750640809536,0.0001111111111111111,62.78888888888889,"[60.5%, 65.8%, 70.8%, 68.5%, 71.5%, 71.9%, 72.6%, 73.5%, 10.0%]",,,,
8,parallel,7,7,0.1923092324947925,2.3109790554529503,2.269867479801178,0.0001111111111111111,63.455555555555556,"[60.8%, 65.8%, 70.5%, 68.2%, 71.3%, 71.9%, 72.5%, 73.4%, 16.7%]",,,,
8,parallel,8,8,0.18949720717833682,2.1080591165566744,1.9743989408016205,0.0001111111111111111,64.21111111111111,"[58.8%, 65.8%, 70.6%, 68.4%, 71.4%, 71.8%, 72.5%, 73.1%, 25.5%]",,,,
8,parallel,9,9,0.1867451818618811,1.891994085492967,1.8676283061504364,0.0001111111111111111,64.93333333333334,"[59.1%, 66.1%, 71.0%, 68.3%, 71.3%, 71.8%, 72.6%, 73.1%, 31.1%]",,,,
8,parallel,10,10,0.18405315654542542,1.744819085809249,1.8263886012136936,0.0001111111111111111,65.28888888888889,"[58.8%, 66.0%, 71.0%, 68.3%, 71.1%, 72.1%, 72.7%, 73.1%, 34.5%]",,,,
8,parallel,11,11,0.18142113122896975,1.6407368137866636,1.6056136712431908,0.0001111111111111111,66.14444444444445,"[59.1%, 66.0%, 71.1%, 68.5%, 71.1%, 72.1%, 72.6%, 73.1%, 41.7%]",,,,
8,parallel,12,12,0.17884910591251402,1.594916799400426,1.557354111224413,0.0001111111111111111,66.35555555555555,"[58.9%, 66.0%, 71.1%, 68.4%, 71.0%, 72.1%, 72.4%, 72.9%, 44.4%]",,,,
8,parallel,13,13,0.17633708059605832,1.5155212818821775,1.5639563091099262,0.0001111111111111111,66.15555555555555,"[58.5%, 66.0%, 71.0%, 68.4%, 71.0%, 72.1%, 72.5%, 72.9%, 43.0%]",,,,
8,parallel,14,14,0.17388505527960263,1.4672812419601633,1.4557769633829594,0.0001111111111111111,66.75555555555556,"[58.4%, 65.9%, 70.6%, 68.3%, 71.0%, 72.1%, 72.6%, 73.2%, 48.7%]",,,,
8,parallel,15,15,0.17149302996314694,1.43155920203728,1.6798792369663715,0.0001111111111111111,65.93333333333334,"[60.0%, 65.8%, 70.6%, 68.1%, 71.3%, 72.1%, 72.6%, 72.9%, 40.0%]",,,,
8,parallel,16,16,0.16916100464669123,1.4012084158161018,1.4308440182358027,0.0001111111111111111,66.86666666666666,"[58.9%, 65.9%, 70.3%, 68.0%, 71.2%, 72.1%, 72.7%, 73.0%, 49.7%]",,,,
8,parallel,17,17,0.16688897933023555,1.3584094138085088,1.4055242240428925,0.0001111111111111111,67.04444444444444,"[59.6%, 65.8%, 70.6%, 68.0%, 71.3%, 72.2%, 72.7%, 72.9%, 50.3%]",,,,
8,parallel,18,18,0.16467695401377985,1.3252010360548767,1.3750875666737556,0.0001111111111111111,67.21111111111111,"[59.1%, 65.9%, 70.7%, 68.1%, 71.1%, 72.1%, 72.7%, 73.1%, 52.1%]",,,,
8,parallel,19,19,0.16252492869732416,1.3030412649806542,1.3501061908900738,0.0001111111111111111,67.21111111111111,"[58.8%, 66.0%, 70.6%, 67.8%, 71.1%, 72.1%, 72.6%, 73.1%, 52.8%]",,,,
8,parallel,20,20,0.16043290338086846,1.2311943362030802,1.3895248621702194,0.0001111111111111111,67.28888888888889,"[59.4%, 65.9%, 70.4%, 68.1%, 71.4%, 72.1%, 72.4%, 73.0%, 52.9%]",,,,
8,parallel,21,21,0.15840087806441275,1.204820380935186,1.2735021375119686,0.0001111111111111111,67.56666666666666,"[59.4%, 65.9%, 70.2%, 68.2%, 71.2%, 72.2%, 72.4%, 73.2%, 55.4%]",,,,
8,parallel,22,22,0.15642885274795706,1.1760878283766252,1.3068639487028122,0.0001111111111111111,67.57777777777778,"[59.9%, 66.2%, 69.9%, 67.9%, 71.2%, 72.1%, 72.6%, 73.7%, 54.7%]",,,,
8,parallel,23,23,0.15451682743150136,1.238772378692144,1.3312336280941963,0.0001111111111111111,67.32222222222222,"[57.9%, 66.1%, 70.5%, 67.9%, 71.1%, 72.1%, 72.5%, 73.5%, 54.3%]",,,,
8,parallel,24,24,0.15266480211504568,1.1651500538934636,1.2004188373684883,0.0001111111111111111,67.83333333333333,"[58.2%, 66.2%, 70.1%, 68.1%, 71.0%, 72.1%, 72.6%, 73.4%, 58.8%]",,,,
8,parallel,25,25,0.15087277679858999,1.1359542336645005,1.226919624954462,0.0001111111111111111,67.86666666666667,"[58.6%, 66.2%, 70.3%, 68.3%, 70.9%, 72.1%, 72.6%, 73.5%, 58.3%]",,,,
8,parallel,26,26,0.14914075148213427,1.0870135313347926,1.2333766017109156,0.0001111111111111111,67.78888888888889,"[58.5%, 66.1%, 70.0%, 68.1%, 71.0%, 72.1%, 72.6%, 73.6%, 58.1%]",,,,
8,parallel,27,27,0.14746872616567858,1.088205181345155,1.1700945273041725,0.0001111111111111111,68.21111111111111,"[58.8%, 66.3%, 70.1%, 68.3%, 70.7%, 71.9%, 72.7%, 73.7%, 61.4%]",,,,
8,parallel,28,28,0.14585670084922286,1.0583338496051258,1.1684196963906288,0.0001111111111111111,68.13333333333334,"[59.0%, 66.4%, 70.4%, 68.2%, 71.0%, 71.9%, 72.7%, 73.9%, 59.7%]",,,,
8,parallel,29,29,0.14430467553276718,1.0404149467432047,1.1310440823435783,0.0001111111111111111,68.16666666666667,"[58.6%, 66.5%, 70.4%, 68.3%, 71.0%, 71.9%, 72.7%, 73.8%, 60.3%]",,,,
8,parallel,30,30,0.14281265021631148,1.0111438903627517,1.1619014404714108,0.0001111111111111111,68.4111111111111,"[58.8%, 66.6%, 70.4%, 68.2%, 71.2%, 71.9%, 72.7%, 73.6%, 62.3%]",,,,
8,parallel,31,31,0.14138062489985578,1.0058948676797408,1.1010601036250591,0.0001111111111111111,68.36666666666666,"[58.6%, 66.5%, 69.9%, 67.9%, 71.0%, 71.9%, 72.6%, 73.8%, 63.1%]",,,,
8,parallel,32,32,0.1400085995834001,1.1516200190857997,1.2452170439064503,0.0001111111111111111,67.88888888888889,"[58.3%, 66.4%, 70.3%, 68.1%, 71.3%, 72.0%, 72.6%, 73.6%, 58.4%]",,,,
8,parallel,33,33,0.1386965742669444,1.091661638851407,1.2236950658261776,0.0001111111111111111,68.0,"[58.6%, 66.5%, 70.4%, 68.0%, 71.1%, 71.9%, 72.6%, 73.8%, 59.1%]",,,,
8,parallel,34,34,0.13744454895048872,1.0221429120136212,1.1847517900168896,0.0001111111111111111,67.88888888888887,"[58.4%, 66.3%, 70.0%, 68.1%, 71.1%, 71.9%, 72.6%, 73.8%, 58.8%]",,,,
8,parallel,35,35,0.136252523634033,1.0229676599744,1.1326320953667164,0.0001111111111111111,68.04444444444442,"[58.3%, 66.4%, 70.0%, 68.1%, 71.0%, 71.7%, 72.6%, 73.8%, 60.5%]",,,,
8,parallel,36,36,0.1351204983175773,0.9829605976237527,1.1248989570885897,0.0001111111111111111,68.04444444444444,"[58.2%, 66.5%, 69.7%, 67.8%, 71.3%, 71.9%, 72.5%, 73.9%, 60.6%]",,,,
8,parallel,37,37,0.1340484730011216,0.9644675420809395,1.120137743651867,0.0001111111111111111,68.12222222222222,"[57.9%, 66.6%, 70.0%, 68.1%, 71.0%, 71.8%, 72.6%, 73.5%, 61.6%]",,,,
8,parallel,38,38,0.1330364476846659,0.941928657549846,1.1049722954630852,0.0001111111111111111,68.17777777777778,"[58.4%, 66.5%, 70.0%, 67.8%, 71.1%, 71.8%, 72.6%, 73.7%, 61.7%]",,,,
8,parallel,39,39,0.13208442236821022,1.0089228138138977,1.1166421752423048,0.0001111111111111111,68.03333333333333,"[58.2%, 66.3%, 70.0%, 67.5%, 71.4%, 71.7%, 72.6%, 73.6%, 61.0%]",,,,
8,parallel,40,40,0.13119239705175453,0.9279846782925762,1.218535641208291,0.0001111111111111111,67.84444444444445,"[58.1%, 66.2%, 70.1%, 67.6%, 71.3%, 71.7%, 72.6%, 73.6%, 59.4%]",,,,
8,parallel,41,41,0.13036037173529882,0.9261917441706115,1.173369336873293,0.0001111111111111111,67.92222222222222,"[58.2%, 66.3%, 70.3%, 67.6%, 71.5%, 71.9%, 72.6%, 73.8%, 59.1%]",,,,
8,parallel,42,42,0.12958834641884315,0.8933486610273772,1.0592778604477644,0.0001111111111111111,68.16666666666669,"[58.2%, 66.3%, 70.1%, 67.5%, 71.3%, 71.8%, 72.4%, 73.7%, 62.2%]",,,,
8,parallel,43,43,0.12887632110238745,0.8813312898708295,1.1213838681578636,0.0001111111111111111,68.23333333333333,"[58.1%, 66.3%, 70.4%, 67.5%, 71.2%, 71.7%, 72.6%, 73.6%, 62.7%]",,,,
8,parallel,44,44,0.12822429578593175,0.874853101712239,1.041615679860115,0.0001111111111111111,68.38888888888889,"[58.1%, 66.3%, 69.9%, 67.4%, 71.3%, 71.7%, 72.7%, 73.7%, 64.4%]",,,,
8,parallel,45,45,0.12763227046947603,0.8463873395436927,1.105057479813695,0.0001111111111111111,68.17777777777779,"[58.2%, 66.3%, 69.8%, 67.4%, 71.2%, 71.8%, 72.6%, 73.7%, 62.6%]",,,,
8,parallel,46,46,0.12710024515302035,0.8717836269849464,1.097843986004591,0.0001111111111111111,68.22222222222223,"[58.0%, 66.3%, 69.8%, 67.5%, 71.3%, 71.8%, 72.7%, 73.8%, 62.8%]",,,,
8,parallel,47,47,0.12662821983656466,0.8497354889972301,1.053005425259471,0.0001111111111111111,68.3111111111111,"[58.1%, 66.4%, 70.0%, 67.4%, 71.5%, 71.7%, 72.5%, 73.7%, 63.5%]",,,,
8,parallel,48,48,0.12621619452010896,0.8248715996742249,1.0660470314323902,0.0001111111111111111,68.3,"[58.4%, 66.3%, 69.9%, 67.4%, 71.3%, 71.7%, 72.6%, 73.8%, 63.3%]",,,,
8,parallel,49,49,0.12586416920365326,0.7911368533025814,1.0058734342455864,0.0001111111111111111,68.54444444444444,"[57.1%, 66.3%, 70.0%, 67.6%, 71.3%, 71.7%, 72.5%, 73.8%, 66.6%]",,,,
8,parallel,50,50,0.12557214388719756,0.7835649059543127,1.1173549089580774,0.0001111111111111111,67.99999999999999,"[58.0%, 66.2%, 69.8%, 67.4%, 71.2%, 71.7%, 72.6%, 73.8%, 61.3%]",,,,
8,parallel,51,51,0.12534011857074187,0.7775922319557094,1.039780268445611,0.0001111111111111111,68.49999999999999,"[57.9%, 66.3%, 70.2%, 67.6%, 71.4%, 71.7%, 72.6%, 73.8%, 65.0%]",,,,
8,parallel,52,52,0.12516809325428618,0.7583591926701462,1.0468847043812275,0.0001111111111111111,68.4111111111111,"[57.8%, 66.3%, 69.9%, 67.6%, 71.4%, 71.7%, 72.6%, 74.0%, 64.4%]",,,,
8,parallel,53,53,0.12505606793783047,0.7558866984482053,1.0194385349750519,0.0001111111111111111,68.5111111111111,"[57.4%, 66.3%, 70.0%, 67.6%, 71.6%, 71.8%, 72.6%, 74.0%, 65.3%]",,,,
8,parallel,54,54,0.12500404262137477,0.7662056597727763,1.0306642223149538,0.0001111111111111111,68.42222222222222,"[57.9%, 66.3%, 70.1%, 67.5%, 71.5%, 71.8%, 72.6%, 74.0%, 64.1%]",,,,
8,parallel,55,55,0.125,0.7496421891677228,1.0188504997640848,0.0001111111111111111,68.57777777777778,"[57.6%, 66.2%, 69.9%, 67.6%, 71.5%, 71.7%, 72.6%, 74.0%, 66.1%]",,,,
8,weights,1,56,0.125,0.7345100567687916,1.0290721450001001,0.0001111111111111111,68.56666666666666,"[57.9%, 66.6%, 70.1%, 67.4%, 71.4%, 71.8%, 72.6%, 74.0%, 65.3%]",,,,
8,weights,2,57,0.125,0.7259099732471418,1.0274401865899563,0.0001111111111111111,68.4,"[57.5%, 66.3%, 70.2%, 67.3%, 71.3%, 71.8%, 72.7%, 73.8%, 64.7%]",,,,
8,weights,3,58,0.125,0.7247830599169188,1.0256571862846613,0.0001111111111111111,68.22222222222223,"[56.8%, 66.5%, 69.9%, 67.1%, 71.2%, 71.8%, 72.6%, 73.7%, 64.4%]",,,,
8,weights,4,59,0.125,0.720302335446394,1.0690925605595112,0.0001111111111111111,68.30000000000001,"[57.3%, 66.5%, 69.8%, 67.4%, 71.2%, 71.8%, 72.6%, 73.7%, 64.4%]",,,,
8,weights,5,60,0.125,0.7174850008155726,1.0099424235522747,0.0001111111111111111,68.46666666666667,"[57.6%, 66.5%, 70.1%, 67.3%, 71.1%, 71.9%, 72.6%, 73.7%, 65.4%]",,,,
8,weights,6,61,0.125,0.6789601162264619,0.9836840629577637,0.0001111111111111111,68.45555555555556,"[57.3%, 66.4%, 70.0%, 67.2%, 71.2%, 71.6%, 72.6%, 73.7%, 66.1%]",,,,
8,weights,7,62,0.125,0.6910319384894793,0.9712352119386196,0.0001111111111111111,68.65555555555555,"[57.3%, 66.4%, 69.8%, 67.3%, 71.1%, 71.7%, 72.5%, 73.8%, 68.0%]",,,,
8,weights,8,63,0.125,0.681029630989968,1.0108282677829266,0.0001111111111111111,68.51111111111112,"[57.4%, 66.3%, 69.9%, 67.1%, 71.3%, 71.8%, 72.6%, 73.7%, 66.5%]",,,,
8,weights,9,64,0.125,0.658342461420011,1.0063237380236387,0.0001111111111111111,68.43333333333334,"[57.6%, 66.3%, 69.9%, 67.1%, 71.3%, 71.8%, 72.6%, 73.8%, 65.5%]",,,,
8,weights,10,65,0.125,0.6469060171254074,0.9847273286432028,0.0001111111111111111,68.66666666666666,"[57.5%, 66.3%, 70.1%, 66.9%, 71.4%, 71.7%, 72.6%, 73.8%, 67.7%]",,,,
8,weights,11,66,0.125,0.6353251232376581,0.9543030969798565,0.0001111111111111111,68.61111111111111,"[57.4%, 66.3%, 70.0%, 66.9%, 71.1%, 71.7%, 72.6%, 73.8%, 67.7%]",,,,
8,weights,12,67,0.125,0.64684543532284,0.9978940421715379,0.0001111111111111111,68.64444444444445,"[57.5%, 66.3%, 70.1%, 67.0%, 71.2%, 71.7%, 72.6%, 73.8%, 67.6%]",,,,
8,weights,13,68,0.125,0.6304527362690696,0.9944040812551975,0.0001111111111111111,68.55555555555554,"[57.4%, 66.4%, 70.2%, 66.9%, 71.4%, 71.8%, 72.6%, 73.8%, 66.5%]",,,,
8,weights,14,69,0.125,0.6190554016753088,0.9645798057317734,0.0001111111111111111,68.71111111111111,"[57.5%, 66.5%, 70.1%, 67.1%, 71.4%, 71.8%, 72.6%, 73.8%, 67.6%]",,,,
8,weights,15,70,0.125,0.610441572681258,0.9509002659469843,0.0001111111111111111,68.82222222222222,"[57.4%, 66.4%, 70.0%, 67.0%, 71.3%, 71.9%, 72.6%, 73.9%, 68.9%]",,,,
8,weights,16,71,0.125,0.6140968882584874,0.9608783405274153,0.0001111111111111111,68.64444444444443,"[57.3%, 66.6%, 70.0%, 66.9%, 71.4%, 71.8%, 72.6%, 73.8%, 67.4%]",,,,
8,weights,17,72,0.125,0.6031676757184765,1.0082365926355124,0.0001111111111111111,68.5888888888889,"[57.4%, 66.6%, 69.7%, 66.9%, 71.3%, 71.9%, 72.7%, 73.8%, 67.0%]",,,,
8,weights,18,73,0.125,0.5978537386731256,0.9157367050647736,0.0001111111111111111,68.65555555555555,"[57.2%, 66.5%, 70.0%, 66.7%, 71.2%, 71.7%, 72.7%, 73.8%, 68.1%]",,,,
8,weights,19,74,0.125,0.5895072749898403,0.9081261325627565,0.0001111111111111111,68.8111111111111,"[57.2%, 66.4%, 69.4%, 67.0%, 71.2%, 71.7%, 72.5%, 73.8%, 70.1%]",,,,
8,weights,20,75,0.125,0.5744570563488369,0.9308080561459064,0.0001111111111111111,68.88888888888889,"[57.2%, 66.6%, 70.0%, 67.1%, 71.3%, 71.7%, 72.6%, 73.7%, 69.8%]",,,,
8,weights,21,76,0.125,0.5839936269235008,0.9549537599086761,0.0001111111111111111,68.8111111111111,"[57.2%, 66.6%, 70.0%, 67.1%, 71.2%, 71.6%, 72.6%, 73.8%, 69.2%]",,,,
8,weights,22,77,0.125,0.5591446983663342,0.9414447471499443,0.0001111111111111111,68.94444444444444,"[57.1%, 66.9%, 69.9%, 67.0%, 71.5%, 71.6%, 72.6%, 73.9%, 70.0%]",,,,
8,weights,23,78,0.125,0.5658409255969373,0.9613871965557337,0.0001111111111111111,68.75555555555555,"[56.8%, 66.8%, 70.1%, 67.0%, 71.6%, 71.6%, 72.6%, 73.8%, 68.5%]",,,,
8,weights,24,79,0.125,0.5475430854513675,0.9434310924261808,0.0001111111111111111,68.9,"[57.1%, 66.7%, 70.0%, 67.0%, 71.4%, 71.7%, 72.7%, 73.8%, 69.7%]",,,,
8,weights,25,80,0.125,0.5341775251340263,0.9339665919542313,0.0001111111111111111,68.82222222222221,"[56.7%, 66.6%, 70.1%, 67.0%, 71.4%, 71.7%, 72.7%, 73.8%, 69.4%]",55.94444444444444,"[5.5%, 55.9%, 64.2%, 57.7%, 69.3%, 66.6%, 67.9%, 57.5%, 58.9%]",57.666666666666664,"[41.0%, 64.1%, 64.2%, 58.0%, 65.3%, 68.4%, 45.7%, 57.5%, 54.8%]"
9,parallel,1,1,0.125,5.261711117587512,3.9015056043863297,0.0001111111111111111,61.68000000000001,"[57.3%, 63.0%, 69.9%, 67.4%, 71.9%, 71.3%, 72.9%, 73.2%, 69.9%, 0.0%]",,,,
9,parallel,2,2,0.125,3.1206449707852135,2.605767458677292,0.0001111111111111111,62.669999999999995,"[57.1%, 62.2%, 70.4%, 67.3%, 72.1%, 71.4%, 72.8%, 73.5%, 69.9%, 10.0%]",,,,
9,parallel,3,3,0.125,2.4697785347322876,2.387028753757477,0.0001111111111111111,62.669999999999995,"[56.9%, 62.0%, 70.6%, 67.4%, 72.0%, 71.5%, 72.9%, 73.5%, 69.9%, 10.0%]",,,,
9,parallel,4,4,0.125,2.365845016286343,2.346336469054222,0.0001111111111111111,62.67999999999999,"[57.1%, 61.9%, 70.6%, 67.3%, 71.9%, 71.5%, 72.9%, 73.7%, 69.9%, 10.0%]",,,,
9,parallel,5,5,0.125,2.3392510021789166,2.328210011124611,0.0001111111111111111,63.34000000000001,"[57.0%, 61.8%, 70.4%, 67.3%, 71.9%, 71.5%, 72.9%, 73.7%, 69.7%, 17.2%]",,,,
9,parallel,6,6,0.125,2.2569830960865263,2.14542443305254,0.0001111111111111111,63.55,"[57.0%, 60.9%, 69.5%, 67.1%, 72.1%, 71.3%, 73.0%, 74.2%, 69.8%, 20.6%]",,,,
9,parallel,7,7,0.125,2.062066281898112,1.9628643617033958,0.0001111111111111111,64.19000000000001,"[56.6%, 62.5%, 70.0%, 67.1%, 71.9%, 70.1%, 73.0%, 73.5%, 70.1%, 27.1%]",,,,
9,parallel,8,8,0.125,1.9383347381519367,1.9177069291472435,0.0001111111111111111,64.08,"[57.1%, 62.3%, 69.6%, 67.3%, 71.8%, 70.0%, 72.9%, 73.4%, 69.8%, 26.6%]",,,,
9,parallel,9,9,0.125,1.8917947117286393,1.9337432160973549,0.0001111111111111111,64.18,"[56.6%, 61.7%, 69.6%, 67.1%, 71.9%, 69.8%, 73.0%, 73.4%, 70.6%, 28.1%]",,,,
9,parallel,10,10,0.125,1.829908887042275,1.8369047492742538,0.0001111111111111111,64.31000000000002,"[56.5%, 61.7%, 69.6%, 66.7%, 71.8%, 69.9%, 73.1%, 73.6%, 70.1%, 30.1%]",,,,
9,parallel,11,11,0.125,1.7605257290828078,1.732896413654089,0.0001111111111111111,65.06,"[56.7%, 61.9%, 69.5%, 66.7%, 71.8%, 70.1%, 72.9%, 73.6%, 70.0%, 37.4%]",,,,
9,parallel,12,12,0.125,1.7039273796202261,1.6535350494086742,0.0001111111111111111,65.35000000000001,"[56.8%, 61.8%, 69.2%, 66.8%, 72.1%, 69.6%, 72.8%, 72.8%, 70.7%, 40.9%]",,,,
9,parallel,13,13,0.125,1.6297249130055875,1.6017608791589737,0.0001111111111111111,65.59,"[56.9%, 61.4%, 69.5%, 66.9%, 72.0%, 70.1%, 72.8%, 71.9%, 70.5%, 43.9%]",,,,
9,parallel,14,14,0.125,1.519935286497768,1.5102137103676796,0.0001111111111111111,66.23,"[57.0%, 61.5%, 69.0%, 66.6%, 72.4%, 69.8%, 72.8%, 73.2%, 70.4%, 49.6%]",,,,
9,parallel,15,15,0.125,1.4324338994448698,1.4762163162231445,0.0001111111111111111,66.05999999999999,"[57.2%, 60.9%, 69.4%, 66.7%, 72.2%, 69.6%, 73.0%, 72.8%, 70.5%, 48.3%]",,,,
9,parallel,16,16,0.125,1.3789572625220576,1.4471000544726849,0.0001111111111111111,66.3,"[56.9%, 61.8%, 69.4%, 66.7%, 72.3%, 70.3%, 72.7%, 72.9%, 70.5%, 49.5%]",,,,
9,parallel,17,17,0.125,1.312607644479486,1.4133258126676083,0.0001111111111111111,66.53,"[56.9%, 61.8%, 69.7%, 66.6%, 72.5%, 69.6%, 72.9%, 72.7%, 70.6%, 52.0%]",,,,
9,parallel,18,18,0.125,1.2774869143208372,1.2757436968386173,0.0001111111111111111,67.16000000000001,"[57.0%, 62.3%, 69.5%, 66.4%, 72.2%, 70.5%, 73.0%, 73.0%, 70.2%, 57.5%]",,,,
9,parallel,19,19,0.125,1.238703809961488,1.3042373321950436,0.0001111111111111111,66.77000000000001,"[57.0%, 60.8%, 69.8%, 66.0%, 72.0%, 69.9%, 73.1%, 72.6%, 69.9%, 56.6%]",,,,
9,parallel,20,20,0.125,1.20332109098193,1.3164881616830826,0.0001111111111111111,66.86999999999999,"[57.3%, 61.8%, 69.6%, 66.3%, 72.3%, 70.6%, 72.7%, 73.1%, 70.3%, 54.7%]",,,,
9,parallel,21,21,0.125,1.1431432162659079,1.1986795961856842,0.0001111111111111111,67.28,"[56.8%, 61.4%, 69.4%, 66.2%, 72.3%, 70.7%, 72.8%, 72.1%, 69.9%, 61.2%]",,,,
9,parallel,22,22,0.125,1.123601331740995,1.1889518611133099,0.0001111111111111111,67.5,"[56.7%, 62.3%, 68.8%, 66.2%, 72.5%, 71.3%, 72.7%, 72.8%, 70.0%, 61.7%]",,,,
9,parallel,23,23,0.125,1.1302276148071773,1.2117199376225471,0.0001111111111111111,67.53999999999999,"[57.0%, 62.8%, 69.4%, 66.4%, 72.6%, 70.8%, 72.6%, 72.9%, 69.9%, 61.0%]",,,,
9,parallel,24,24,0.125,1.0614243210116519,1.1383315660059452,0.0001111111111111111,67.50999999999999,"[56.9%, 62.9%, 68.7%, 66.4%, 72.3%, 71.0%, 72.7%, 72.1%, 70.3%, 61.8%]",,,,
9,parallel,25,25,0.125,1.0765869889078261,1.1493161469697952,0.0001111111111111111,67.47,"[56.7%, 62.1%, 68.7%, 66.3%, 72.4%, 70.7%, 72.6%, 72.5%, 69.9%, 62.8%]",,,,
9,parallel,26,26,0.125,1.0154323215726055,1.1149890571832657,0.0001111111111111111,67.58000000000001,"[57.4%, 63.2%, 68.6%, 66.2%, 72.6%, 70.4%, 72.6%, 72.9%, 70.2%, 61.7%]",,,,
9,parallel,27,27,0.125,1.018572624348387,1.1272626332938671,0.0001111111111111111,67.48,"[57.1%, 62.3%, 69.2%, 66.2%, 72.3%, 70.5%, 72.6%, 72.1%, 69.9%, 62.6%]",,,,
9,parallel,28,28,0.125,0.9783743446386313,1.0281763300299644,0.0001111111111111111,67.73,"[56.8%, 62.0%, 68.9%, 66.4%, 72.0%, 70.5%, 72.5%, 72.2%, 69.7%, 66.3%]",,,,
9,parallel,29,29,0.125,0.9659651087809212,1.1035333573818207,0.0001111111111111111,67.59,"[57.2%, 62.3%, 68.9%, 66.3%, 72.4%, 70.3%, 72.5%, 72.2%, 70.1%, 63.7%]",,,,
9,parallel,30,30,0.125,0.983794954004167,1.058582853525877,0.0001111111111111111,67.63000000000001,"[56.9%, 62.0%, 69.1%, 66.2%, 72.3%, 71.1%, 72.5%, 72.0%, 70.2%, 64.0%]",,,,
9,parallel,31,31,0.125,0.9273248367671725,1.0499860122799873,0.0001111111111111111,67.74000000000001,"[56.8%, 62.0%, 69.4%, 66.0%, 72.4%, 70.4%, 72.6%, 72.2%, 70.1%, 65.5%]",,,,
9,parallel,32,32,0.125,0.912818440153629,1.059510227292776,0.0001111111111111111,67.82000000000001,"[56.9%, 62.5%, 69.2%, 66.2%, 72.4%, 70.5%, 72.5%, 72.2%, 69.9%, 65.9%]",,,,
9,parallel,33,33,0.125,0.8972909586339057,1.0960528999567032,0.0001111111111111111,67.57,"[56.9%, 62.5%, 69.1%, 66.1%, 72.4%, 70.4%, 72.7%, 71.6%, 70.2%, 63.8%]",,,,
9,parallel,34,34,0.125,0.8985345001462139,1.0630506444722414,0.0001111111111111111,67.66999999999999,"[56.5%, 62.1%, 69.0%, 65.8%, 72.5%, 70.6%, 72.6%, 71.5%, 70.3%, 65.8%]",,,,
9,parallel,35,35,0.125,0.9084921245333515,1.0428937636315823,0.0001111111111111111,67.78999999999999,"[56.4%, 62.2%, 69.1%, 65.8%, 72.4%, 70.7%, 72.6%, 71.6%, 69.9%, 67.2%]",,,,
9,parallel,36,36,0.125,0.895625183853922,1.0431263260543346,0.0001111111111111111,67.62000000000002,"[56.5%, 61.5%, 69.3%, 65.9%, 72.4%, 70.8%, 72.5%, 71.4%, 69.7%, 66.2%]",,,,
9,parallel,37,37,0.125,0.8707544358470772,1.0071838721632957,0.0001111111111111111,67.86,"[56.7%, 62.9%, 69.4%, 65.7%, 72.3%, 70.8%, 72.3%, 71.5%, 69.5%, 67.5%]",,,,
9,parallel,38,38,0.125,0.8390435391589056,0.9595959391444921,0.0001111111111111111,68.02999999999999,"[56.5%, 62.7%, 69.3%, 65.9%, 72.5%, 71.0%, 72.4%, 71.4%, 69.8%, 68.8%]",,,,
9,parallel,39,39,0.125,0.8088753600663776,0.9694660156965256,0.0001111111111111111,68.09,"[56.5%, 62.1%, 70.1%, 65.5%, 72.5%, 70.6%, 72.3%, 71.4%, 69.8%, 70.1%]",,,,
9,parallel,40,40,0.125,0.7941721674007706,1.0140721052885056,0.0001111111111111111,67.70000000000002,"[56.5%, 62.9%, 69.4%, 65.6%, 72.3%, 70.9%, 72.3%, 71.2%, 69.7%, 66.2%]",,,,
9,parallel,41,41,0.125,0.7846064228045789,0.9812690392136574,0.0001111111111111111,67.78999999999999,"[56.3%, 61.9%, 69.7%, 65.6%, 72.2%, 70.8%, 72.4%, 71.2%, 69.8%, 68.0%]",,,,
9,parallel,42,42,0.125,0.7816377749925927,0.9396276511251926,0.0001111111111111111,67.82000000000001,"[56.3%, 62.4%, 69.2%, 65.4%, 72.2%, 70.7%, 72.3%, 71.0%, 70.0%, 68.7%]",,,,
9,parallel,43,43,0.125,0.7877812740168993,1.01091543212533,0.0001111111111111111,67.63,"[56.2%, 61.8%, 69.3%, 65.4%, 72.3%, 70.8%, 72.3%, 71.4%, 69.9%, 66.9%]",,,,
9,parallel,44,44,0.125,0.7537274439878101,0.9888126961886883,0.0001111111111111111,67.48,"[56.4%, 60.1%, 69.4%, 65.5%, 72.7%, 70.4%, 72.2%, 71.4%, 69.5%, 67.2%]",,,,
9,parallel,45,45,0.125,0.7431230484684811,0.9666496589779854,0.0001111111111111111,67.82,"[56.5%, 61.3%, 69.2%, 65.7%, 72.7%, 70.7%, 72.2%, 71.3%, 69.4%, 69.2%]",,,,
9,parallel,46,46,0.125,0.7363821237902098,0.9070532973855734,0.0001111111111111111,68.16,"[56.7%, 62.6%, 69.6%, 65.8%, 72.7%, 70.6%, 72.2%, 71.6%, 69.3%, 70.5%]",,,,
9,parallel,47,47,0.125,0.7160220180131212,0.9157768450677395,0.0001111111111111111,67.97,"[56.5%, 61.6%, 69.5%, 65.6%, 72.8%, 70.7%, 72.2%, 71.4%, 69.4%, 70.0%]",,,,
9,parallel,48,48,0.125,0.7022209823886051,0.9913953430950642,0.0001111111111111111,67.97,"[56.6%, 63.1%, 69.3%, 65.5%, 72.7%, 70.6%, 72.0%, 71.2%, 69.8%, 68.9%]",,,,
9,parallel,49,49,0.125,0.7251645217213449,0.9375391788780689,0.0001111111111111111,67.91999999999999,"[56.6%, 62.5%, 69.3%, 65.1%, 72.7%, 70.7%, 72.1%, 71.0%, 69.3%, 69.9%]",,,,
9,parallel,50,50,0.125,0.7039394465428365,0.9149792976677418,0.0001111111111111111,67.88,"[56.5%, 63.1%, 69.1%, 65.1%, 72.6%, 70.4%, 72.3%, 71.2%, 69.5%, 69.0%]",,,,
9,parallel,51,51,0.125,0.6991498406174816,0.9340087287127972,0.0001111111111111111,67.83,"[56.2%, 62.5%, 69.5%, 65.5%, 72.6%, 70.7%, 72.1%, 71.2%, 69.4%, 68.6%]",,,,
9,parallel,52,52,0.125,0.7021075502226625,0.9066852480173111,0.0001111111111111111,67.95,"[56.4%, 62.2%, 69.2%, 65.3%, 72.6%, 70.7%, 72.4%, 71.3%, 69.4%, 70.0%]",,,,
9,parallel,53,53,0.125,0.6847772556769697,0.9580705985426903,0.0001111111111111111,67.74,"[56.3%, 61.9%, 69.3%, 65.3%, 72.5%, 70.7%, 72.5%, 70.9%, 69.1%, 68.9%]",,,,
9,parallel,54,54,0.125,0.693797113774698,0.9904700443148613,0.0001111111111111111,67.81,"[56.3%, 61.9%, 69.3%, 65.7%, 72.6%, 70.6%, 72.6%, 71.7%, 69.3%, 68.1%]",,,,
9,parallel,55,55,0.125,0.653258532097068,0.9849020764231682,0.0001111111111111111,67.81,"[56.4%, 62.4%, 69.2%, 65.7%, 72.6%, 70.7%, 72.4%, 71.2%, 69.5%, 68.0%]",,,,
9,weights,1,56,0.125,0.6368468320822414,0.9619331322610378,0.0001111111111111111,67.71000000000001,"[56.2%, 61.7%, 69.4%, 65.5%, 72.7%, 70.1%, 72.4%, 71.5%, 69.2%, 68.4%]",,,,
9,weights,2,57,0.125,0.6473245198213602,0.9018501564860344,0.0001111111111111111,67.88,"[56.2%, 61.6%, 69.3%, 65.4%, 72.5%, 70.5%, 71.9%, 71.7%, 69.3%, 70.4%]",,,,
9,weights,3,58,0.125,0.6446798783314379,0.9591962210834026,0.0001111111111111111,67.75999999999999,"[56.3%, 61.9%, 69.2%, 65.4%, 72.4%, 70.5%, 72.1%, 71.8%, 69.4%, 68.6%]",,,,
9,weights,4,59,0.125,0.6214698156978511,0.9175351075828075,0.0001111111111111111,68.08,"[56.6%, 62.8%, 69.2%, 65.7%, 72.6%, 70.6%, 72.2%, 71.9%, 69.4%, 69.8%]",,,,
9,weights,5,60,0.125,0.6382118821898594,0.8791619585826993,0.0001111111111111111,68.1,"[56.4%, 62.1%, 69.4%, 65.7%, 72.5%, 70.5%, 72.3%, 71.7%, 69.6%, 70.8%]",,,,
9,weights,6,61,0.125,0.6173325716694699,0.9469557013362646,0.0001111111111111111,67.78,"[56.2%, 62.1%, 69.4%, 65.1%, 72.4%, 70.4%, 72.2%, 71.4%, 69.5%, 69.1%]",,,,
9,weights,7,62,0.125,0.6021760226804999,0.8999048601835966,0.0001111111111111111,68.07,"[56.1%, 62.0%, 69.5%, 65.6%, 72.5%, 70.5%, 72.1%, 71.8%, 69.5%, 71.1%]",,,,
9,weights,8,63,0.125,0.614135482643224,0.8544850870966911,0.0001111111111111111,68.32000000000001,"[56.5%, 61.3%, 69.4%, 65.2%, 72.4%, 70.5%, 72.1%, 72.1%, 69.5%, 74.2%]",,,,
9,weights,9,64,0.125,0.5916698016697848,0.8500259760767221,0.0001111111111111111,68.18,"[56.3%, 62.6%, 69.3%, 64.9%, 72.4%, 70.5%, 72.4%, 71.6%, 69.7%, 72.1%]",,,,
9,weights,10,65,0.125,0.5799466986444932,0.9152981229126453,0.0001111111111111111,67.88,"[56.4%, 61.5%, 69.3%, 65.0%, 72.5%, 70.5%, 72.4%, 71.6%, 69.3%, 70.3%]",,,,
9,weights,11,66,0.125,0.5887053323131574,0.890653483569622,0.0001111111111111111,67.97999999999999,"[56.1%, 60.9%, 69.3%, 65.2%, 72.4%, 70.5%, 72.4%, 71.5%, 69.6%, 71.9%]",,,,
9,weights,12,67,0.125,0.5858734329290027,0.8674031253904104,0.0001111111111111111,68.22,"[56.2%, 62.8%, 69.2%, 65.3%, 72.4%, 70.7%, 72.3%, 70.8%, 69.6%, 72.9%]",,,,
9,weights,13,68,0.125,0.5898180204101756,0.8585517667233944,0.0001111111111111111,68.25999999999999,"[56.2%, 63.1%, 69.1%, 65.5%, 72.5%, 70.4%, 72.4%, 71.6%, 69.9%, 71.9%]",,,,
9,weights,14,69,0.125,0.5467196318167674,0.8634085692465305,0.0001111111111111111,68.16000000000001,"[56.5%, 62.5%, 69.3%, 65.2%, 72.6%, 70.5%, 72.3%, 70.9%, 69.7%, 72.1%]",,,,
9,weights,15,70,0.125,0.5496283784697328,0.9496629200875759,0.0001111111111111111,67.97,"[56.5%, 62.3%, 69.1%, 65.2%, 72.6%, 70.6%, 72.4%, 71.5%, 69.4%, 70.1%]",,,,
9,weights,16,71,0.125,0.5767480923405176,0.8324639163911343,0.0001111111111111111,68.08,"[56.1%, 61.9%, 69.6%, 65.4%, 72.4%, 70.5%, 72.2%, 71.3%, 69.3%, 72.1%]",,,,
9,weights,17,72,0.125,0.5580341457566128,0.8613792359828949,0.0001111111111111111,68.16,"[56.4%, 61.4%, 69.9%, 65.5%, 72.4%, 70.8%, 72.4%, 71.3%, 69.4%, 72.1%]",,,,
9,weights,18,73,0.125,0.5358972843689255,0.8662116304039955,0.0001111111111111111,67.94000000000001,"[56.7%, 60.5%, 69.2%, 65.4%, 72.4%, 70.3%, 72.5%, 71.3%, 69.4%, 71.7%]",,,,
9,weights,19,74,0.125,0.5540139633643476,0.8676612991839647,0.0001111111111111111,68.05999999999999,"[56.6%, 62.5%, 69.1%, 65.1%, 72.3%, 70.8%, 72.2%, 71.0%, 69.6%, 71.4%]",,,,
9,weights,20,75,0.125,0.5318721619587911,0.8651299215853214,0.0001111111111111111,68.2,"[56.4%, 62.3%, 69.3%, 65.0%, 72.4%, 70.7%, 72.3%, 71.1%, 69.5%, 73.0%]",,,,
9,weights,21,76,0.125,0.5358275695692135,0.8937955033034086,0.0001111111111111111,68.03999999999999,"[56.6%, 61.5%, 69.2%, 65.1%, 72.3%, 70.6%, 72.3%, 71.6%, 69.4%, 71.8%]",,,,
9,weights,22,77,0.125,0.5250028186961065,0.8822453022003174,0.0001111111111111111,67.88,"[56.0%, 62.3%, 68.9%, 65.0%, 72.2%, 70.9%, 72.3%, 71.5%, 69.7%, 70.0%]",,,,
9,weights,23,78,0.125,0.5475885158852686,0.8680475484579802,0.0001111111111111111,68.21000000000001,"[55.9%, 62.5%, 69.1%, 65.3%, 72.2%, 70.8%, 72.5%, 71.3%, 69.6%, 72.9%]",,,,
9,weights,24,79,0.125,0.5311564855937716,0.886835366487503,0.0001111111111111111,68.09,"[56.0%, 62.1%, 69.2%, 65.4%, 72.1%, 70.6%, 72.5%, 71.6%, 69.6%, 71.8%]",,,,
9,weights,25,80,0.125,0.5046113680435133,0.8283140268176794,0.0001111111111111111,68.03999999999999,"[56.3%, 60.9%, 69.0%, 65.4%, 71.9%, 70.8%, 72.5%, 71.8%, 69.5%, 72.3%]",50.99,"[5.2%, 32.8%, 63.1%, 48.9%, 65.3%, 59.3%, 67.7%, 48.5%, 58.6%, 60.5%]",49.16,"[36.8%, 46.7%, 63.1%, 54.5%, 57.6%, 52.3%, 42.4%, 45.4%, 40.6%, 52.2%]"
