task_idx,phase,epoch_in_phase,global_epoch,kappa,train_loss,val_loss,lr,til_avg,til_per_task,cil_stand_avg,cil_stand_per_task,cil_znorm_avg,cil_znorm_per_task
0,parallel,1,1,0.125,3.4749632002432134,2.642169490456581,0.001,13,[13%],,,,
0,parallel,2,2,0.125,2.470304972008814,2.3849936425685883,0.001,13,[13%],,,,
0,parallel,3,3,0.125,2.3636692234232455,2.3447235822677612,0.001,13,[13%],,,,
0,parallel,4,4,0.125,2.33895824227152,2.330411821603775,0.001,13,[13%],,,,
0,parallel,5,5,0.125,2.328459612930877,2.32467021048069,0.001,13,[13%],,,,
0,parallel,6,6,0.125,2.322091226336322,2.3154242634773254,0.001,13,[13%],,,,
0,parallel,7,7,0.125,2.3199064490161363,2.315740466117859,0.001,13,[13%],,,,
0,parallel,8,8,0.125,2.3072452967679955,2.290713608264923,0.001,18.2,[18.2%],,,,
0,parallel,9,9,0.125,2.272896473920798,2.261652246117592,0.001,21.1,[21.1%],,,,
0,parallel,10,10,0.125,2.2370603024205074,2.2011424005031586,0.001,21.7,[21.7%],,,,
0,parallel,11,11,0.125,2.2018397548530677,2.1737021803855896,0.001,24.2,[24.2%],,,,
0,parallel,12,12,0.125,2.1956189795385432,2.199172168970108,0.001,18.5,[18.5%],,,,
0,parallel,13,13,0.125,2.175468315052081,2.152788758277893,0.001,25.7,[25.7%],,,,
0,parallel,14,14,0.125,2.143390628355968,2.1086757704615593,0.001,24.8,[24.8%],,,,
0,parallel,15,15,0.125,2.1211321746246723,2.059711739420891,0.001,28.3,[28.3%],,,,
0,parallel,16,16,0.125,2.086347567884228,2.0606708228588104,0.001,28.5,[28.5%],,,,
0,parallel,17,17,0.125,2.0592536337767977,1.9959387555718422,0.001,31.2,[31.2%],,,,
0,parallel,18,18,0.125,2.0255933245526085,2.0032252222299576,0.001,31.8,[31.8%],,,,
0,parallel,19,19,0.125,1.9934591432160969,1.9542212560772896,0.001,31.1,[31.1%],,,,
0,parallel,20,20,0.125,1.9432055331483673,1.8870840817689896,0.001,34.6,[34.6%],,,,
0,parallel,21,21,0.125,1.8979699475855767,1.8875174596905708,0.001,34.5,[34.5%],,,,
0,parallel,22,22,0.125,1.8712799503833433,1.7956026047468185,0.001,40.4,[40.4%],,,,
0,parallel,23,23,0.125,1.8080948727040351,1.7669255062937737,0.001,39.2,[39.2%],,,,
0,parallel,24,24,0.125,1.7686897063557105,1.6837230399250984,0.001,46.6,[46.6%],,,,
0,parallel,25,25,0.125,1.7289847180813174,1.7143258079886436,0.001,42.2,[42.2%],,,,
0,parallel,26,26,0.125,1.6993334142467644,1.66741643846035,0.001,43.9,[43.9%],,,,
0,parallel,27,27,0.125,1.654442764535735,1.6005782634019852,0.001,46.9,[46.9%],,,,
0,parallel,28,28,0.125,1.5788393262066418,1.6037636324763298,0.001,45.6,[45.6%],,,,
0,parallel,29,29,0.125,1.5536757541608206,1.4901286363601685,0.001,52.4,[52.4%],,,,
0,parallel,30,30,0.125,1.5229501678973814,1.4982762411236763,0.001,52.4,[52.4%],,,,
0,parallel,31,31,0.125,1.4888845078552826,1.4797445982694626,0.001,51.3,[51.3%],,,,
0,parallel,32,32,0.125,1.4704539806027956,1.5271097756922245,0.001,50.9,[50.9%],,,,
0,parallel,33,33,0.125,1.4290217704410795,1.463302619755268,0.001,53.4,[53.4%],,,,
0,parallel,34,34,0.125,1.3756506156317796,1.4327057860791683,0.001,53.8,[53.8%],,,,
0,parallel,35,35,0.125,1.3737825185437746,1.3953792229294777,0.001,54,[54%],,,,
0,parallel,36,36,0.125,1.3603398407561869,1.3780275881290436,0.001,55.1,[55.1%],,,,
0,parallel,37,37,0.125,1.308723647383195,1.3759463168680668,0.001,55.9,[55.9%],,,,
0,parallel,38,38,0.125,1.2852204864538168,1.3830765150487423,0.001,55.3,[55.3%],,,,
0,parallel,39,39,0.125,1.2944740758666509,1.324211973696947,0.001,57.3,[57.3%],,,,
0,parallel,40,40,0.125,1.2542105754719506,1.3865726999938488,0.001,54.7,[54.7%],,,,
0,parallel,41,41,0.125,1.2310475012924098,1.2426076754927635,0.001,60.3,[60.3%],,,,
0,parallel,42,42,0.125,1.19535964501055,1.2830867394804955,0.001,58.6,[58.6%],,,,
0,parallel,43,43,0.125,1.1982910278477246,1.2689713425934315,0.001,58.7,[58.7%],,,,
0,parallel,44,44,0.125,1.1755773568455177,1.2430030219256878,0.001,60.7,[60.7%],,,,
0,parallel,45,45,0.125,1.1572842115088353,1.253179231658578,0.001,60.5,[60.5%],,,,
0,parallel,46,46,0.125,1.1554929772509803,1.2004366051405668,0.001,62.1,[62.1%],,,,
0,parallel,47,47,0.125,1.10169451297084,1.2097047083079815,0.001,64,[64%],,,,
0,parallel,48,48,0.125,1.1072944500778295,1.1807931046932936,0.001,62.7,[62.7%],,,,
0,parallel,49,49,0.125,1.0936786826652816,1.1750290431082249,0.001,60.9,[60.9%],,,,
0,parallel,50,50,0.125,1.070552300803269,1.1489998139441013,0.001,64,[64%],,,,
0,parallel,51,51,0.125,1.0594972130618519,1.1612551398575306,0.001,63.2,[63.2%],,,,
0,parallel,52,52,0.125,1.0364306305028215,1.2231076937168837,0.001,62.1,[62.1%],,,,
0,parallel,53,53,0.125,1.0243006454238408,1.1416482776403427,0.001,65,[65%],,,,
0,parallel,54,54,0.125,1.009207291693627,1.1470483914017677,0.001,64.9,[64.9%],,,,
0,parallel,55,55,0.125,1.0377280108536346,1.1045282371342182,0.001,66.6,[66.6%],,,,
0,weights,1,56,0.125,0.982075100458121,1.1191564425826073,0.001,64.3,[64.3%],,,,
0,weights,2,57,0.125,0.9982035250603398,1.1294416710734367,0.001,66.5,[66.5%],,,,
0,weights,3,58,0.125,0.9735107527503485,1.082689443603158,0.001,66.4,[66.4%],,,,
0,weights,4,59,0.125,0.9495724741416641,1.0995980873703957,0.001,66.6,[66.6%],,,,
0,weights,5,60,0.125,0.9617403089245663,1.0416117683053017,0.001,68.6,[68.6%],,,,
0,weights,6,61,0.125,0.9482115756107282,1.1461273841559887,0.001,64.7,[64.7%],,,,
0,weights,7,62,0.125,0.9161806453632403,1.03940836712718,0.001,68.5,[68.5%],,,,
0,weights,8,63,0.125,0.9151868141150172,1.1289495266973972,0.001,65.6,[65.6%],,,,
0,weights,9,64,0.125,0.916257506684412,1.065582264214754,0.001,66.7,[66.7%],,,,
0,weights,10,65,0.125,0.8904621072962314,1.142850985750556,0.001,64.3,[64.3%],,,,
0,weights,11,66,0.125,0.874200459522537,1.0391159635037184,0.001,68,[68%],,,,
0,weights,12,67,0.125,0.8765495238424856,1.0797261856496334,0.001,67,[67%],,,,
0,weights,13,68,0.125,0.8695467967021314,1.0417989827692509,0.001,67.9,[67.9%],,,,
0,weights,14,69,0.125,0.8720014434826525,1.1191897094249725,0.001,66.1,[66.1%],,,,
0,weights,15,70,0.125,0.8408736511121823,1.0521652065217495,0.001,68.9,[68.9%],,,,
0,weights,16,71,0.125,0.8410947285121,1.0755965262651443,0.0003333333333333333,66.8,[66.8%],,,,
0,weights,17,72,0.125,0.7686278156087368,0.9737558495253325,0.0003333333333333333,70.1,[70.1%],,,,
0,weights,18,73,0.125,0.7498378018035164,0.988020621240139,0.0003333333333333333,69.3,[69.3%],,,,
0,weights,19,74,0.125,0.739009018563017,0.949486380442977,0.0003333333333333333,71.7,[71.7%],,,,
0,weights,20,75,0.125,0.7365608660480644,1.0048612877726555,0.0003333333333333333,69.4,[69.4%],,,,
0,weights,21,76,0.125,0.7316248952587948,0.9999740608036518,0.0003333333333333333,68.8,[68.8%],,,,
0,weights,22,77,0.125,0.7288414639762685,0.987089104950428,0.0003333333333333333,69.7,[69.7%],,,,
0,weights,23,78,0.125,0.712197757597211,0.980808624997735,0.0003333333333333333,69.1,[69.1%],,,,
0,weights,24,79,0.125,0.7309927382046664,0.9527158997952938,0.0001111111111111111,70.9,[70.9%],,,,
0,weights,25,80,0.125,0.6946638524532318,0.9515986423939466,0.0001111111111111111,71.3,[71.3%],68.3,[68.3%],74.5,[74.5%]
1,parallel,1,1,0.125,3.4701252104360845,2.623044043779373,0.0001111111111111111,42.15,"[71.3%, 13%]",,,,
1,parallel,2,2,0.125,2.4617033034940308,2.3831426054239273,0.0001111111111111111,42.15,"[71.3%, 13%]",,,,
1,parallel,3,3,0.125,2.360076364082626,2.3509854674339294,0.0001111111111111111,42.15,"[71.3%, 13%]",,,,
1,parallel,4,4,0.125,2.3393003336990934,2.334890738129616,0.0001111111111111111,42.15,"[71.3%, 13%]",,,,
1,parallel,5,5,0.125,2.327771129487436,2.326596289873123,0.0001111111111111111,42.15,"[71.3%, 13%]",,,,
1,parallel,6,6,0.125,2.321286808086347,2.3161716163158417,0.0001111111111111111,45.95,"[71.3%, 20.6%]",,,,
1,parallel,7,7,0.125,2.2854548043842557,2.2552591264247894,0.0001111111111111111,45.9,"[71.3%, 20.5%]",,,,
1,parallel,8,8,0.125,2.2074105467977403,2.160491794347763,0.0001111111111111111,46.7,"[71.3%, 22.1%]",,,,
1,parallel,9,9,0.125,2.1444046950038476,2.116859219968319,0.0001111111111111111,47.6,"[71.3%, 23.9%]",,,,
1,parallel,10,10,0.125,2.113030267667167,2.1076859831809998,0.0001111111111111111,46.6,"[71.3%, 21.9%]",,,,
1,parallel,11,11,0.125,2.079935989802397,2.0380857288837433,0.0001111111111111111,47.45,"[71.3%, 23.6%]",,,,
1,parallel,12,12,0.125,2.05010089844088,2.0235398337244987,0.0001111111111111111,47.4,"[71.3%, 23.5%]",,,,
1,parallel,13,13,0.125,2.034011929850035,2.0106036365032196,0.0001111111111111111,48.05,"[71.3%, 24.8%]",,,,
1,parallel,14,14,0.125,2.0096341069740586,2.005594424903393,0.0001111111111111111,47.65,"[71.3%, 24%]",,,,
1,parallel,15,15,0.125,1.9982817701146574,1.9770560264587402,0.0001111111111111111,48.3,"[71.3%, 25.3%]",,,,
1,parallel,16,16,0.125,1.9674688879447648,1.973253309726715,0.0001111111111111111,48.05,"[71.3%, 24.8%]",,,,
1,parallel,17,17,0.125,1.9598149302639538,1.9539976492524147,0.0001111111111111111,50.15,"[71.3%, 29%]",,,,
1,parallel,18,18,0.125,1.9441505595098567,1.9289000779390335,0.0001111111111111111,50.1,"[71.3%, 28.9%]",,,,
1,parallel,19,19,0.125,1.9136732409272013,1.930052176117897,0.0001111111111111111,50.8,"[71.3%, 30.3%]",,,,
1,parallel,20,20,0.125,1.876774644549889,1.9162836000323296,0.0001111111111111111,51.15,"[71.3%, 31%]",,,,
1,parallel,21,21,0.125,1.859446874147729,1.8485610857605934,0.0001111111111111111,50.55,"[71.3%, 29.8%]",,,,
1,parallel,22,22,0.125,1.8392788126498838,1.800220251083374,0.0001111111111111111,52.45,"[71.3%, 33.6%]",,,,
1,parallel,23,23,0.125,1.7888349339931826,1.8352740481495857,0.0001111111111111111,54.75,"[71.3%, 38.2%]",,,,
1,parallel,24,24,0.125,1.7483634541306314,1.7191331572830677,0.0001111111111111111,55.7,"[71.3%, 40.1%]",,,,
1,parallel,25,25,0.125,1.7144138450863995,1.6932813376188278,0.0001111111111111111,55.3,"[71.3%, 39.3%]",,,,
1,parallel,26,26,0.125,1.6699567339088344,1.7146909348666668,0.0001111111111111111,55.35,"[71.3%, 39.4%]",,,,
1,parallel,27,27,0.125,1.6636291651786128,1.6174855157732964,0.0001111111111111111,58.25,"[71.3%, 45.2%]",,,,
1,parallel,28,28,0.125,1.6031669438639773,1.6161032393574715,0.0001111111111111111,57.9,"[71.3%, 44.5%]",,,,
1,parallel,29,29,0.125,1.5865005662169638,1.6342020854353905,0.0001111111111111111,56.5,"[71.3%, 41.7%]",,,,
1,parallel,30,30,0.125,1.568923580495617,1.5540889464318752,0.0001111111111111111,59.7,"[71.3%, 48.1%]",,,,
1,parallel,31,31,0.125,1.5506569901599159,1.5263961181044579,0.0001111111111111111,61.15,"[71.3%, 51%]",,,,
1,parallel,32,32,0.125,1.510966220988503,1.4971262775361538,0.0001111111111111111,60.8,"[71.3%, 50.3%]",,,,
1,parallel,33,33,0.125,1.4845024815088586,1.4832480549812317,0.0001111111111111111,61.3,"[71.3%, 51.3%]",,,,
1,parallel,34,34,0.125,1.480448928060411,1.456933207809925,0.0001111111111111111,61.4,"[71.3%, 51.5%]",,,,
1,parallel,35,35,0.125,1.4470044525363777,1.426249261945486,0.0001111111111111111,62.4,"[71.3%, 53.5%]",,,,
1,parallel,36,36,0.125,1.4061183567288555,1.515722844749689,0.0001111111111111111,59.8,"[71.3%, 48.3%]",,,,
1,parallel,37,37,0.125,1.3947636688811869,1.4477339163422585,0.0001111111111111111,61.1,"[71.3%, 50.9%]",,,,
1,parallel,38,38,0.125,1.3693286678459071,1.3765611201524734,0.0001111111111111111,62.65,"[71.3%, 54%]",,,,
1,parallel,39,39,0.125,1.3403576733190803,1.4239578358829021,0.0001111111111111111,61.45,"[71.3%, 51.6%]",,,,
1,parallel,40,40,0.125,1.3367909660822228,1.368333350867033,0.0001111111111111111,62.9,"[71.3%, 54.5%]",,,,
1,parallel,41,41,0.125,1.3050422238398203,1.4044563919305801,0.0001111111111111111,62.55,"[71.3%, 53.8%]",,,,
1,parallel,42,42,0.125,1.2989049259620378,1.367555234581232,0.0001111111111111111,63.25,"[71.3%, 55.2%]",,,,
1,parallel,43,43,0.125,1.285461174536355,1.3347100093960762,0.0001111111111111111,64,"[71.3%, 56.7%]",,,,
1,parallel,44,44,0.125,1.2718019568467442,1.3058963045477867,0.0001111111111111111,64.2,"[71.3%, 57.1%]",,,,
1,parallel,45,45,0.125,1.2494218953048126,1.323398657143116,0.0001111111111111111,64.35,"[71.3%, 57.4%]",,,,
1,parallel,46,46,0.125,1.2145921135250526,1.2795476913452148,0.0001111111111111111,65.3,"[71.3%, 59.3%]",,,,
1,parallel,47,47,0.125,1.2023714071587672,1.3400030955672264,0.0001111111111111111,64.35,"[71.3%, 57.4%]",,,,
1,parallel,48,48,0.125,1.192690834968905,1.2542291767895222,0.0001111111111111111,65.95,"[71.3%, 60.6%]",,,,
1,parallel,49,49,0.125,1.180232169507425,1.2646988593041897,0.0001111111111111111,64.85,"[71.3%, 58.4%]",,,,
1,parallel,50,50,0.125,1.1629699234721027,1.2712281867861748,0.0001111111111111111,64.95,"[71.3%, 58.6%]",,,,
1,parallel,51,51,0.125,1.1418720830844928,1.2529700808227062,0.0001111111111111111,65.9,"[71.3%, 60.5%]",,,,
1,parallel,52,52,0.125,1.1109136931503876,1.2147903814911842,0.0001111111111111111,67,"[71.3%, 62.7%]",,,,
1,parallel,53,53,0.125,1.104804502257818,1.23247704282403,0.0001111111111111111,65.9,"[71.3%, 60.5%]",,,,
1,parallel,54,54,0.125,1.0935139776785163,1.2335214391350746,0.0001111111111111111,65.8,"[71.3%, 60.3%]",,,,
1,parallel,55,55,0.125,1.0660808946512923,1.2516590282320976,0.0001111111111111111,66.35,"[71.3%, 61.4%]",,,,
1,weights,1,56,0.125,1.0663537707509874,1.2012928798794746,0.0001111111111111111,66.75,"[71.3%, 62.2%]",,,,
1,weights,2,57,0.125,1.037518150444272,1.2054647505283356,0.0001111111111111111,65.75,"[71.3%, 60.2%]",,,,
1,weights,3,58,0.125,1.0284870840326141,1.1953401193022728,0.0001111111111111111,66.65,"[71.3%, 62%]",,,,
1,weights,4,59,0.125,1.0394239825538443,1.1927026733756065,0.0001111111111111111,66.75,"[71.3%, 62.2%]",,,,
1,weights,5,60,0.125,1.0229267213917985,1.1776449345052242,0.0001111111111111111,67.35,"[71.3%, 63.4%]",,,,
1,weights,6,61,0.125,0.9794318728809115,1.1805165819823742,0.0001111111111111111,66.95,"[71.3%, 62.6%]",,,,
1,weights,7,62,0.125,0.9965477676331242,1.1616030968725681,0.0001111111111111111,67.5,"[71.3%, 63.7%]",,,,
1,weights,8,63,0.125,0.9812134617491614,1.1627780422568321,0.0001111111111111111,67.25,"[71.3%, 63.2%]",,,,
1,weights,9,64,0.125,0.9788742005070553,1.1485071927309036,0.0001111111111111111,67.9,"[71.3%, 64.5%]",,,,
1,weights,10,65,0.125,0.9687575509276571,1.1427239626646042,0.0001111111111111111,67.8,"[71.3%, 64.3%]",,,,
1,weights,11,66,0.125,0.9293118617202663,1.1417098827660084,0.0001111111111111111,67.4,"[71.3%, 63.5%]",,,,
1,weights,12,67,0.125,0.9268540902228295,1.1959463134407997,0.0001111111111111111,66.95,"[71.3%, 62.6%]",,,,
1,weights,13,68,0.125,0.9304115915600257,1.1172053702175617,0.0001111111111111111,68.6,"[71.3%, 65.9%]",,,,
1,weights,14,69,0.125,0.9222657733325716,1.1077519096434116,0.0001111111111111111,68.3,"[71.3%, 65.3%]",,,,
1,weights,15,70,0.125,0.9130933812901944,1.1087540835142136,0.0001111111111111111,68.7,"[71.3%, 66.1%]",,,,
1,weights,16,71,0.125,0.8627684606781488,1.1216380558907986,0.0001111111111111111,67.6,"[71.3%, 63.9%]",,,,
1,weights,17,72,0.125,0.8654805214344701,1.1435478888452053,0.0001111111111111111,68.1,"[71.3%, 64.9%]",,,,
1,weights,18,73,0.125,0.8607341005832334,1.0881564915180206,0.0001111111111111111,68.95,"[71.3%, 66.6%]",,,,
1,weights,19,74,0.125,0.8654345636126362,1.1023163571953773,0.0001111111111111111,68.85,"[71.3%, 66.4%]",,,,
1,weights,20,75,0.125,0.8584514124484002,1.1486196219921112,0.0001111111111111111,68.1,"[71.3%, 64.9%]",,,,
1,weights,21,76,0.125,0.8785515812378896,1.1063735596835613,0.0001111111111111111,68.55,"[71.3%, 65.8%]",,,,
1,weights,22,77,0.125,0.8553943528404718,1.0623332858085632,0.0001111111111111111,68.85,"[71.3%, 66.4%]",,,,
1,weights,23,78,0.125,0.8418934526322763,1.1594454795122147,0.0001111111111111111,67.3,"[71.3%, 63.3%]",,,,
1,weights,24,79,0.125,0.8173562163793588,1.065128616988659,0.0001111111111111111,68.3,"[71.3%, 65.3%]",,,,
1,weights,25,80,0.125,0.8270104550108125,1.0831215046346188,0.0001111111111111111,68.45,"[71.3%, 65.6%]",63.8,"[65.0%, 62.6%]",68.35,"[67.9%, 68.8%]"
2,parallel,1,1,0.125,3.5303993315636357,2.675366833806038,0.0001111111111111111,49.966666666667,"[71.3%, 65.6%, 13%]",,,,
2,parallel,2,2,0.125,2.484592974940433,2.3871679306030273,0.0001111111111111111,49.966666666667,"[71.3%, 65.6%, 13%]",,,,
2,parallel,3,3,0.125,2.3665017327175866,2.3478983342647552,0.0001111111111111111,49.966666666667,"[71.3%, 65.6%, 13%]",,,,
2,parallel,4,4,0.125,2.341913325877129,2.3313595950603485,0.0001111111111111111,49.966666666667,"[71.3%, 65.6%, 13%]",,,,
2,parallel,5,5,0.125,2.3297672573524184,2.326427087187767,0.0001111111111111111,49.966666666667,"[71.3%, 65.6%, 13%]",,,,
2,parallel,6,6,0.125,2.321761079981357,2.3116194009780884,0.0001111111111111111,50.1,"[71.3%, 65.6%, 13.4%]",,,,
2,parallel,7,7,0.125,2.2827545962756193,2.2848881781101227,0.0001111111111111111,51.433333333333,"[71.3%, 65.6%, 17.4%]",,,,
2,parallel,8,8,0.125,2.2202875252011456,2.2111699879169464,0.0001111111111111111,52.333333333333,"[71.3%, 65.6%, 20.1%]",,,,
2,parallel,9,9,0.125,2.1470081896721562,2.1608037799596786,0.0001111111111111111,53.033333333333,"[71.3%, 65.6%, 22.2%]",,,,
2,parallel,10,10,0.125,2.1023475806924363,2.1370120346546173,0.0001111111111111111,53.633333333333,"[71.3%, 65.6%, 24%]",,,,
2,parallel,11,11,0.125,2.039939150025573,2.0266205593943596,0.0001111111111111111,55.3,"[71.3%, 65.6%, 29%]",,,,
2,parallel,12,12,0.125,1.9893298330186289,1.9664534777402878,0.0001111111111111111,55.6,"[71.3%, 65.6%, 29.9%]",,,,
2,parallel,13,13,0.125,1.9150721257245993,1.986538402736187,0.0001111111111111111,55.666666666667,"[71.3%, 65.6%, 30.1%]",,,,
2,parallel,14,14,0.125,1.8678173928321162,1.8751487210392952,0.0001111111111111111,57.266666666667,"[71.3%, 65.6%, 34.9%]",,,,
2,parallel,15,15,0.125,1.8063599670989603,1.8539542630314827,0.0001111111111111111,57.866666666667,"[71.3%, 65.6%, 36.7%]",,,,
2,parallel,16,16,0.125,1.7647919247422037,1.7768064588308334,0.0001111111111111111,59.5,"[71.3%, 65.6%, 41.6%]",,,,
2,parallel,17,17,0.125,1.7416812302191047,1.7408296465873718,0.0001111111111111111,60.233333333333,"[71.3%, 65.6%, 43.8%]",,,,
2,parallel,18,18,0.125,1.6769347492652604,1.746182456612587,0.0001111111111111111,60.166666666667,"[71.3%, 65.6%, 43.6%]",,,,
2,parallel,19,19,0.125,1.6503603398045408,1.6974342614412308,0.0001111111111111111,60.633333333333,"[71.3%, 65.6%, 45%]",,,,
2,parallel,20,20,0.125,1.56107430518428,1.5996200889348984,0.0001111111111111111,61.866666666667,"[71.3%, 65.6%, 48.7%]",,,,
2,parallel,21,21,0.125,1.5263688066337682,1.5511034168303013,0.0001111111111111111,63.233333333333,"[71.3%, 65.6%, 52.8%]",,,,
2,parallel,22,22,0.125,1.4728015314174603,1.5548109151422977,0.0001111111111111111,63.1,"[71.3%, 65.6%, 52.4%]",,,,
2,parallel,23,23,0.125,1.4415844452532032,1.514531310647726,0.0001111111111111111,63.433333333333,"[71.3%, 65.6%, 53.4%]",,,,
2,parallel,24,24,0.125,1.3892910525768618,1.453648492693901,0.0001111111111111111,64,"[71.3%, 65.6%, 55.1%]",,,,
2,parallel,25,25,0.125,1.358897479274605,1.4663789682090282,0.0001111111111111111,64.333333333333,"[71.3%, 65.6%, 56.1%]",,,,
2,parallel,26,26,0.125,1.3143500180184087,1.3908885568380356,0.0001111111111111111,64.533333333333,"[71.3%, 65.6%, 56.7%]",,,,
2,parallel,27,27,0.125,1.2573419960239265,1.3148831576108932,0.0001111111111111111,65.966666666667,"[71.3%, 65.6%, 61%]",,,,
2,parallel,28,28,0.125,1.2235206795644156,1.2544139362871647,0.0001111111111111111,66.366666666667,"[71.3%, 65.6%, 62.2%]",,,,
2,parallel,29,29,0.125,1.194640031343774,1.2692412696778774,0.0001111111111111111,65.966666666667,"[71.3%, 65.6%, 61%]",,,,
2,parallel,30,30,0.125,1.1575711814663079,1.2570554241538048,0.0001111111111111111,66.2,"[71.3%, 65.6%, 61.7%]",,,,
2,parallel,31,31,0.125,1.1233965648880488,1.1993702054023743,0.0001111111111111111,66.966666666667,"[71.3%, 65.6%, 64%]",,,,
2,parallel,32,32,0.125,1.0920384526252747,1.2462915051728487,0.0001111111111111111,66.066666666667,"[71.3%, 65.6%, 61.3%]",,,,
2,parallel,33,33,0.125,1.0751554596273205,1.1922360993921757,0.0001111111111111111,66.533333333333,"[71.3%, 65.6%, 62.7%]",,,,
2,parallel,34,34,0.125,1.0411041907117338,1.1517248190939426,0.0001111111111111111,67.233333333333,"[71.3%, 65.6%, 64.8%]",,,,
2,parallel,35,35,0.125,1.010905630980866,1.1478102654218674,0.0001111111111111111,67.566666666667,"[71.3%, 65.6%, 65.8%]",,,,
2,parallel,36,36,0.125,1.0136977373799192,1.1386242881417274,0.0001111111111111111,67.9,"[71.3%, 65.6%, 66.8%]",,,,
2,parallel,37,37,0.125,0.9580723477315299,1.0439160652458668,0.0001111111111111111,68.9,"[71.3%, 65.6%, 69.8%]",,,,
2,parallel,38,38,0.125,0.9248924655250356,1.0279112197458744,0.0001111111111111111,68.8,"[71.3%, 65.6%, 69.5%]",,,,
2,parallel,39,39,0.125,0.9510912842388395,1.035008780658245,0.0001111111111111111,68.633333333333,"[71.3%, 65.6%, 69%]",,,,
2,parallel,40,40,0.125,0.9276660341250745,1.0382512509822845,0.0001111111111111111,68.533333333333,"[71.3%, 65.6%, 68.7%]",,,,
2,parallel,41,41,0.125,0.8847619627095475,0.9791132602840662,0.0001111111111111111,69.7,"[71.3%, 65.6%, 72.2%]",,,,
2,parallel,42,42,0.125,0.8915904443475264,0.9919499848037958,0.0001111111111111111,69.566666666667,"[71.3%, 65.6%, 71.8%]",,,,
2,parallel,43,43,0.125,0.8506228584277479,0.9604551233351231,0.0001111111111111111,69.966666666667,"[71.3%, 65.6%, 73%]",,,,
2,parallel,44,44,0.125,0.8149917046480541,1.0304245799779892,0.0001111111111111111,68.866666666667,"[71.3%, 65.6%, 69.7%]",,,,
2,parallel,45,45,0.125,0.8235542200788667,1.0180276669561863,0.0001111111111111111,68.466666666667,"[71.3%, 65.6%, 68.5%]",,,,
2,parallel,46,46,0.125,0.8145465307597872,0.9435909427702427,0.0001111111111111111,69.4,"[71.3%, 65.6%, 71.3%]",,,,
2,parallel,47,47,0.125,0.7854613808891441,0.9343280456960201,0.0001111111111111111,69.866666666667,"[71.3%, 65.6%, 72.7%]",,,,
2,parallel,48,48,0.125,0.818996475467199,1.0349434670060873,0.0001111111111111111,69,"[71.3%, 65.6%, 70.1%]",,,,
2,parallel,49,49,0.125,0.7786879995955697,0.9079947005957365,0.0001111111111111111,70.233333333333,"[71.3%, 65.6%, 73.8%]",,,,
2,parallel,50,50,0.125,0.7653128731099865,0.9617825914174318,0.0001111111111111111,70.166666666667,"[71.3%, 65.6%, 73.6%]",,,,
2,parallel,51,51,0.125,0.7533920365798322,0.8762277737259865,0.0001111111111111111,71,"[71.3%, 65.6%, 76.1%]",,,,
2,parallel,52,52,0.125,0.7344457050667533,0.9716486744582653,0.0001111111111111111,69.866666666667,"[71.3%, 65.6%, 72.7%]",,,,
2,parallel,53,53,0.125,0.7147554347786722,0.993890181183815,0.0001111111111111111,69,"[71.3%, 65.6%, 70.1%]",,,,
2,parallel,54,54,0.125,0.7271288882327985,0.8650185614824295,0.0001111111111111111,71.2,"[71.3%, 65.6%, 76.7%]",,,,
2,parallel,55,55,0.125,0.7311598734010624,0.852193234488368,0.0001111111111111111,70.733333333333,"[71.3%, 65.6%, 75.3%]",,,,
2,weights,1,56,0.125,0.6856240724460988,0.8877547197043896,0.0001111111111111111,70.6,"[71.3%, 65.6%, 74.9%]",,,,
2,weights,2,57,0.125,0.6915603566773331,0.8415287863463163,0.0001111111111111111,70.966666666667,"[71.3%, 65.6%, 76%]",,,,
2,weights,3,58,0.125,0.6938267331334609,0.8895566128194332,0.0001111111111111111,70.6,"[71.3%, 65.6%, 74.9%]",,,,
2,weights,4,59,0.125,0.6602827721758734,0.9148943144828081,0.0001111111111111111,69.933333333333,"[71.3%, 65.6%, 72.9%]",,,,
2,weights,5,60,0.125,0.6738052062595947,0.8717057593166828,0.0001111111111111111,70.466666666667,"[71.3%, 65.6%, 74.5%]",,,,
2,weights,6,61,0.125,0.6462335054632984,0.8990266993641853,0.0001111111111111111,70.366666666667,"[71.3%, 65.6%, 74.2%]",,,,
2,weights,7,62,0.125,0.651806611426269,0.7845365554094315,0.0001111111111111111,71.833333333333,"[71.3%, 65.6%, 78.6%]",,,,
2,weights,8,63,0.125,0.6324799494652809,0.916087182238698,0.0001111111111111111,70.566666666667,"[71.3%, 65.6%, 74.8%]",,,,
2,weights,9,64,0.125,0.617110820887964,0.7788272351026535,0.0001111111111111111,71.933333333333,"[71.3%, 65.6%, 78.9%]",,,,
2,weights,10,65,0.125,0.6008894862253454,0.8294587675482035,0.0001111111111111111,71.433333333333,"[71.3%, 65.6%, 77.4%]",,,,
2,weights,11,66,0.125,0.6203314612937879,0.8429349549114704,0.0001111111111111111,70.866666666667,"[71.3%, 65.6%, 75.7%]",,,,
2,weights,12,67,0.125,0.586941871461989,0.8058352191001177,0.0001111111111111111,71.733333333333,"[71.3%, 65.6%, 78.3%]",,,,
2,weights,13,68,0.125,0.600577722999114,0.8000594265758991,0.0001111111111111111,71.8,"[71.3%, 65.6%, 78.5%]",,,,
2,weights,14,69,0.125,0.5719669936578485,0.8060363512486219,0.0001111111111111111,71.7,"[71.3%, 65.6%, 78.2%]",,,,
2,weights,15,70,0.125,0.5728688300410404,0.796019934117794,0.0001111111111111111,71.233333333333,"[71.3%, 65.6%, 76.8%]",,,,
2,weights,16,71,0.125,0.5637133464783053,0.8762382846325636,0.0001111111111111111,70.3,"[71.3%, 65.6%, 74%]",,,,
2,weights,17,72,0.125,0.5813320973251439,0.8030131831765175,0.0001111111111111111,71.033333333333,"[71.3%, 65.6%, 76.2%]",,,,
2,weights,18,73,0.125,0.5620966191533245,0.8362956345081329,0.0001111111111111111,70.666666666667,"[71.3%, 65.6%, 75.1%]",,,,
2,weights,19,74,0.125,0.5610236050207403,0.889200959354639,0.0001111111111111111,70.733333333333,"[71.3%, 65.6%, 75.3%]",,,,
2,weights,20,75,0.125,0.5504558840884438,0.8202238567173481,0.0001111111111111111,71.1,"[71.3%, 65.6%, 76.4%]",,,,
2,weights,21,76,0.125,0.5353333105014849,0.7574879135936499,0.0001111111111111111,71.4,"[71.3%, 65.6%, 77.3%]",,,,
2,weights,22,77,0.125,0.5346639333646509,0.7691583447158337,0.0001111111111111111,71.966666666667,"[71.3%, 65.6%, 79%]",,,,
2,weights,23,78,0.125,0.52386811130409,0.7511761132627726,0.0001111111111111111,72.366666666667,"[71.3%, 65.6%, 80.2%]",,,,
2,weights,24,79,0.125,0.5212655211739903,0.731489272788167,0.0001111111111111111,72.533333333333,"[71.3%, 65.6%, 80.7%]",,,,
2,weights,25,80,0.125,0.5021304114709927,0.8312270119786263,0.0001111111111111111,71.433333333333,"[71.3%, 65.6%, 77.4%]",58.43333333333334,"[54.9%, 46.0%, 74.4%]",69.033333333333,"[65.1%, 68.8%, 73.2%]"
3,parallel,1,1,0.125,3.53822234612477,2.66714109480381,0.0001111111111111111,56.825,"[71.3%, 65.6%, 77.4%, 13%]",,,,
3,parallel,2,2,0.125,2.4834562162809735,2.387673005461693,0.0001111111111111111,56.825,"[71.3%, 65.6%, 77.4%, 13%]",,,,
3,parallel,3,3,0.125,2.365458361710174,2.3461143523454666,0.0001111111111111111,56.825,"[71.3%, 65.6%, 77.4%, 13%]",,,,
3,parallel,4,4,0.125,2.338790806033943,2.32864947617054,0.0001111111111111111,56.825,"[71.3%, 65.6%, 77.4%, 13%]",,,,
3,parallel,5,5,0.125,2.3296411399599872,2.3217692375183105,0.0001111111111111111,56.825,"[71.3%, 65.6%, 77.4%, 13%]",,,,
3,parallel,6,6,0.125,2.3217775882044926,2.320677950978279,0.0001111111111111111,56.825,"[71.3%, 65.6%, 77.4%, 13%]",,,,
3,parallel,7,7,0.125,2.3201025226448158,2.319853812456131,0.0001111111111111111,56.825,"[71.3%, 65.6%, 77.4%, 13%]",,,,
3,parallel,8,8,0.125,2.319283461268944,2.3164605796337128,0.0001111111111111111,56.825,"[71.3%, 65.6%, 77.4%, 13%]",,,,
3,parallel,9,9,0.125,2.316002537932577,2.31802074611187,0.0001111111111111111,56.825,"[71.3%, 65.6%, 77.4%, 13%]",,,,
3,parallel,10,10,0.125,2.314545417133766,2.3139016032218933,0.0001111111111111111,56.825,"[71.3%, 65.6%, 77.4%, 13%]",,,,
3,parallel,11,11,0.125,2.3116062472138226,2.2958334535360336,0.0001111111111111111,56.825,"[71.3%, 65.6%, 77.4%, 13%]",,,,
3,parallel,12,12,0.125,2.286026595514032,2.267940431833267,0.0001111111111111111,57.95,"[71.3%, 65.6%, 77.4%, 17.5%]",,,,
3,parallel,13,13,0.125,2.2395499265646635,2.228186532855034,0.0001111111111111111,57.8,"[71.3%, 65.6%, 77.4%, 16.9%]",,,,
3,parallel,14,14,0.125,2.199717983414855,2.1734506338834763,0.0001111111111111111,59,"[71.3%, 65.6%, 77.4%, 21.7%]",,,,
3,parallel,15,15,0.125,2.146023080318789,2.1242885291576385,0.0001111111111111111,59.675,"[71.3%, 65.6%, 77.4%, 24.4%]",,,,
3,parallel,16,16,0.125,2.1049565740778475,2.0996430665254593,0.0001111111111111111,59.375,"[71.3%, 65.6%, 77.4%, 23.2%]",,,,
3,parallel,17,17,0.125,2.0784375592123103,2.0293037965893745,0.0001111111111111111,61.025,"[71.3%, 65.6%, 77.4%, 29.8%]",,,,
3,parallel,18,18,0.125,2.0284948183011404,1.994244433939457,0.0001111111111111111,61.225,"[71.3%, 65.6%, 77.4%, 30.6%]",,,,
3,parallel,19,19,0.125,1.9784165198289896,1.9587715566158295,0.0001111111111111111,60.95,"[71.3%, 65.6%, 77.4%, 29.5%]",,,,
3,parallel,20,20,0.125,1.9443685374682462,1.9284025728702545,0.0001111111111111111,61.425,"[71.3%, 65.6%, 77.4%, 31.4%]",,,,
3,parallel,21,21,0.125,1.895143955568724,1.9103983640670776,0.0001111111111111111,61.5,"[71.3%, 65.6%, 77.4%, 31.7%]",,,,
3,parallel,22,22,0.125,1.8711190374591682,1.876670092344284,0.0001111111111111111,61.55,"[71.3%, 65.6%, 77.4%, 31.9%]",,,,
3,parallel,23,23,0.125,1.8359967319271233,1.8945504240691662,0.0001111111111111111,61.425,"[71.3%, 65.6%, 77.4%, 31.4%]",,,,
3,parallel,24,24,0.125,1.8154906064649172,1.8195975758135319,0.0001111111111111111,61.875,"[71.3%, 65.6%, 77.4%, 33.2%]",,,,
3,parallel,25,25,0.125,1.7732199475735049,1.8071190901100636,0.0001111111111111111,62.4,"[71.3%, 65.6%, 77.4%, 35.3%]",,,,
3,parallel,26,26,0.125,1.747278307057634,1.7833503298461437,0.0001111111111111111,62.4,"[71.3%, 65.6%, 77.4%, 35.3%]",,,,
3,parallel,27,27,0.125,1.7235075295725955,1.759944811463356,0.0001111111111111111,63.125,"[71.3%, 65.6%, 77.4%, 38.2%]",,,,
3,parallel,28,28,0.125,1.7128519981722288,1.7602640688419342,0.0001111111111111111,62.775,"[71.3%, 65.6%, 77.4%, 36.8%]",,,,
3,parallel,29,29,0.125,1.6773225959343245,1.7099781222641468,0.0001111111111111111,63.625,"[71.3%, 65.6%, 77.4%, 40.2%]",,,,
3,parallel,30,30,0.125,1.6613866256762155,1.6903351992368698,0.0001111111111111111,63.6,"[71.3%, 65.6%, 77.4%, 40.1%]",,,,
3,parallel,31,31,0.125,1.6523754626889773,1.683932363986969,0.0001111111111111111,63.925,"[71.3%, 65.6%, 77.4%, 41.4%]",,,,
3,parallel,32,32,0.125,1.6103246951405006,1.6592739671468735,0.0001111111111111111,64.325,"[71.3%, 65.6%, 77.4%, 43%]",,,,
3,parallel,33,33,0.125,1.5710415025300617,1.6322860457003117,0.0001111111111111111,64.6,"[71.3%, 65.6%, 77.4%, 44.1%]",,,,
3,parallel,34,34,0.125,1.5627817790719527,1.608926072716713,0.0001111111111111111,64.8,"[71.3%, 65.6%, 77.4%, 44.9%]",,,,
3,parallel,35,35,0.125,1.524537673479394,1.5907034128904343,0.0001111111111111111,64.925,"[71.3%, 65.6%, 77.4%, 45.4%]",,,,
3,parallel,36,36,0.125,1.5190667457218412,1.5799739696085453,0.0001111111111111111,65.1,"[71.3%, 65.6%, 77.4%, 46.1%]",,,,
3,parallel,37,37,0.125,1.4947389183165152,1.5292268134653568,0.0001111111111111111,66.025,"[71.3%, 65.6%, 77.4%, 49.8%]",,,,
3,parallel,38,38,0.125,1.4812626370900794,1.5237253569066525,0.0001111111111111111,65.55,"[71.3%, 65.6%, 77.4%, 47.9%]",,,,
3,parallel,39,39,0.125,1.4273463246188587,1.5437277033925056,0.0001111111111111111,65.7,"[71.3%, 65.6%, 77.4%, 48.5%]",,,,
3,parallel,40,40,0.125,1.435073712204076,1.502010703086853,0.0001111111111111111,66.3,"[71.3%, 65.6%, 77.4%, 50.9%]",,,,
3,parallel,41,41,0.125,1.4076807106597513,1.5218757055699825,0.0001111111111111111,66.1,"[71.3%, 65.6%, 77.4%, 50.1%]",,,,
3,parallel,42,42,0.125,1.3881477977656111,1.442905105650425,0.0001111111111111111,67.025,"[71.3%, 65.6%, 77.4%, 53.8%]",,,,
3,parallel,43,43,0.125,1.3574394319630876,1.4515929073095322,0.0001111111111111111,66.55,"[71.3%, 65.6%, 77.4%, 51.9%]",,,,
3,parallel,44,44,0.125,1.365105874930756,1.468116570264101,0.0001111111111111111,66.25,"[71.3%, 65.6%, 77.4%, 50.7%]",,,,
3,parallel,45,45,0.125,1.3162576548660858,1.41159662976861,0.0001111111111111111,67.25,"[71.3%, 65.6%, 77.4%, 54.7%]",,,,
3,parallel,46,46,0.125,1.3245114178597173,1.3787660710513592,0.0001111111111111111,67.475,"[71.3%, 65.6%, 77.4%, 55.6%]",,,,
3,parallel,47,47,0.125,1.3116947985902618,1.3591011427342892,0.0001111111111111111,67.675,"[71.3%, 65.6%, 77.4%, 56.4%]",,,,
3,parallel,48,48,0.125,1.2985489836222008,1.3855441361665726,0.0001111111111111111,67.375,"[71.3%, 65.6%, 77.4%, 55.2%]",,,,
3,parallel,49,49,0.125,1.2706950178629235,1.3358652479946613,0.0001111111111111111,68.1,"[71.3%, 65.6%, 77.4%, 58.1%]",,,,
3,parallel,50,50,0.125,1.2393043109133273,1.3471015505492687,0.0001111111111111111,68.1,"[71.3%, 65.6%, 77.4%, 58.1%]",,,,
3,parallel,51,51,0.125,1.2330114441581919,1.3240885771811008,0.0001111111111111111,68.275,"[71.3%, 65.6%, 77.4%, 58.8%]",,,,
3,parallel,52,52,0.125,1.2334468960762024,1.32664929702878,0.0001111111111111111,67.55,"[71.3%, 65.6%, 77.4%, 55.9%]",,,,
3,parallel,53,53,0.125,1.1985530853271484,1.3033833727240562,0.0001111111111111111,68,"[71.3%, 65.6%, 77.4%, 57.7%]",,,,
3,parallel,54,54,0.125,1.1830915431433087,1.273977942764759,0.0001111111111111111,68.35,"[71.3%, 65.6%, 77.4%, 59.1%]",,,,
3,parallel,55,55,0.125,1.1748130049886583,1.246598456054926,0.0001111111111111111,68.8,"[71.3%, 65.6%, 77.4%, 60.9%]",,,,
3,weights,1,56,0.125,1.1447875379007073,1.2874745763838291,0.0001111111111111111,68.375,"[71.3%, 65.6%, 77.4%, 59.2%]",,,,
3,weights,2,57,0.125,1.133766316160371,1.2819364555180073,0.0001111111111111111,68.4,"[71.3%, 65.6%, 77.4%, 59.3%]",,,,
3,weights,3,58,0.125,1.1360036760945864,1.2692383136600256,0.0001111111111111111,68.95,"[71.3%, 65.6%, 77.4%, 61.5%]",,,,
3,weights,4,59,0.125,1.1339655918411062,1.2745783030986786,0.0001111111111111111,67.975,"[71.3%, 65.6%, 77.4%, 57.6%]",,,,
3,weights,5,60,0.125,1.11631455753423,1.2785032726824284,0.0001111111111111111,68.35,"[71.3%, 65.6%, 77.4%, 59.1%]",,,,
3,weights,6,61,0.125,1.1023341289049462,1.2818551547825336,0.0001111111111111111,68.175,"[71.3%, 65.6%, 77.4%, 58.4%]",,,,
3,weights,7,62,0.125,1.0940454730504676,1.238002985715866,0.0001111111111111111,68.75,"[71.3%, 65.6%, 77.4%, 60.7%]",,,,
3,weights,8,63,0.125,1.0756683538231668,1.2481408193707466,0.0001111111111111111,68.825,"[71.3%, 65.6%, 77.4%, 61%]",,,,
3,weights,9,64,0.125,1.045456189897996,1.2130835950374603,0.0001111111111111111,69.375,"[71.3%, 65.6%, 77.4%, 63.2%]",,,,
3,weights,10,65,0.125,1.0435925359967388,1.2102096751332283,0.0001111111111111111,69.025,"[71.3%, 65.6%, 77.4%, 61.8%]",,,,
3,weights,11,66,0.125,1.0331164990799337,1.2734005264937878,0.0001111111111111111,68.575,"[71.3%, 65.6%, 77.4%, 60%]",,,,
3,weights,12,67,0.125,1.0394115172609497,1.2113776542246342,0.0001111111111111111,69.275,"[71.3%, 65.6%, 77.4%, 62.8%]",,,,
3,weights,13,68,0.125,1.011705665648738,1.2039331588894129,0.0001111111111111111,69.375,"[71.3%, 65.6%, 77.4%, 63.2%]",,,,
3,weights,14,69,0.125,1.0168601078323172,1.2210526838898659,0.0001111111111111111,69.1,"[71.3%, 65.6%, 77.4%, 62.1%]",,,,
3,weights,15,70,0.125,0.9850266424915458,1.206070989370346,0.0001111111111111111,69.15,"[71.3%, 65.6%, 77.4%, 62.3%]",,,,
3,weights,16,71,0.125,0.9636728280707251,1.1761175021529198,0.0001111111111111111,69.575,"[71.3%, 65.6%, 77.4%, 64%]",,,,
3,weights,17,72,0.125,0.9769889463352252,1.1666010692715645,0.0001111111111111111,69.775,"[71.3%, 65.6%, 77.4%, 64.8%]",,,,
3,weights,18,73,0.125,0.9434762038762057,1.1887898594141006,0.0001111111111111111,69.4,"[71.3%, 65.6%, 77.4%, 63.3%]",,,,
3,weights,19,74,0.125,0.9429546926594987,1.1933991387486458,0.0001111111111111111,69.525,"[71.3%, 65.6%, 77.4%, 63.8%]",,,,
3,weights,20,75,0.125,0.9394679152512853,1.1911252364516258,0.0001111111111111111,69.175,"[71.3%, 65.6%, 77.4%, 62.4%]",,,,
3,weights,21,76,0.125,0.9159030620055862,1.1780351214110851,0.0001111111111111111,69.25,"[71.3%, 65.6%, 77.4%, 62.7%]",,,,
3,weights,22,77,0.125,0.9255642883385284,1.2342420630156994,0.0001111111111111111,69.125,"[71.3%, 65.6%, 77.4%, 62.2%]",,,,
3,weights,23,78,0.125,0.9249792393249802,1.1771867014467716,0.0001111111111111111,69.475,"[71.3%, 65.6%, 77.4%, 63.6%]",,,,
3,weights,24,79,0.125,0.9093369600139086,1.1423523724079132,0.0001111111111111111,70.175,"[71.3%, 65.6%, 77.4%, 66.4%]",,,,
3,weights,25,80,0.125,0.885129557757438,1.153501182794571,0.0001111111111111111,69.95,"[71.3%, 65.6%, 77.4%, 65.5%]",51.675000000000004,"[54.9%, 42.5%, 74.4%, 34.9%]",65.925,"[65.1%, 61.3%, 72.7%, 64.6%]"
4,parallel,1,1,0.125,3.520397684242152,2.6586120277643204,0.0001111111111111111,58.56,"[71.3%, 65.6%, 77.4%, 65.5%, 13%]",,,,
4,parallel,2,2,0.125,2.477816980096358,2.386351987719536,0.0001111111111111111,58.56,"[71.3%, 65.6%, 77.4%, 65.5%, 13%]",,,,
4,parallel,3,3,0.125,2.3649929746796814,2.3436215221881866,0.0001111111111111111,58.56,"[71.3%, 65.6%, 77.4%, 65.5%, 13%]",,,,
4,parallel,4,4,0.125,2.3400491581687444,2.3276372253894806,0.0001111111111111111,58.56,"[71.3%, 65.6%, 77.4%, 65.5%, 13%]",,,,
4,parallel,5,5,0.125,2.3289653470244587,2.3224818408489227,0.0001111111111111111,58.56,"[71.3%, 65.6%, 77.4%, 65.5%, 13%]",,,,
4,parallel,6,6,0.125,2.3238626039480863,2.3154515475034714,0.0001111111111111111,58.56,"[71.3%, 65.6%, 77.4%, 65.5%, 13%]",,,,
4,parallel,7,7,0.125,2.3206370148477675,2.3185643702745438,0.0001111111111111111,58.56,"[71.3%, 65.6%, 77.4%, 65.5%, 13%]",,,,
4,parallel,8,8,0.125,2.3090789740598656,2.2935704588890076,0.0001111111111111111,60.4,"[71.3%, 65.6%, 77.4%, 65.5%, 22.2%]",,,,
4,parallel,9,9,0.125,2.2434738225574735,2.1743390262126923,0.0001111111111111111,61.36,"[71.3%, 65.6%, 77.4%, 65.5%, 27%]",,,,
4,parallel,10,10,0.125,2.1412055250964586,2.134964570403099,0.0001111111111111111,60.42,"[71.3%, 65.6%, 77.4%, 65.5%, 22.3%]",,,,
4,parallel,11,11,0.125,2.023736950717395,1.9821735471487045,0.0001111111111111111,61.84,"[71.3%, 65.6%, 77.4%, 65.5%, 29.4%]",,,,
4,parallel,12,12,0.125,1.9463357397272616,1.9348411336541176,0.0001111111111111111,62,"[71.3%, 65.6%, 77.4%, 65.5%, 30.2%]",,,,
4,parallel,13,13,0.125,1.8746394281145893,1.957457274198532,0.0001111111111111111,62,"[71.3%, 65.6%, 77.4%, 65.5%, 30.2%]",,,,
4,parallel,14,14,0.125,1.8308709618411487,1.8461510241031647,0.0001111111111111111,62.72,"[71.3%, 65.6%, 77.4%, 65.5%, 33.8%]",,,,
4,parallel,15,15,0.125,1.772555891471573,1.7936615161597729,0.0001111111111111111,63.54,"[71.3%, 65.6%, 77.4%, 65.5%, 37.9%]",,,,
4,parallel,16,16,0.125,1.738675749754604,1.8318037614226341,0.0001111111111111111,63.16,"[71.3%, 65.6%, 77.4%, 65.5%, 36%]",,,,
4,parallel,17,17,0.125,1.721057861666136,1.7932089641690254,0.0001111111111111111,63.32,"[71.3%, 65.6%, 77.4%, 65.5%, 36.8%]",,,,
4,parallel,18,18,0.125,1.6841930709307706,1.7176672965288162,0.0001111111111111111,64,"[71.3%, 65.6%, 77.4%, 65.5%, 40.2%]",,,,
4,parallel,19,19,0.125,1.6188704243189171,1.7550223022699356,0.0001111111111111111,63.58,"[71.3%, 65.6%, 77.4%, 65.5%, 38.1%]",,,,
4,parallel,20,20,0.125,1.6065944418122498,1.637364700436592,0.0001111111111111111,64.2,"[71.3%, 65.6%, 77.4%, 65.5%, 41.2%]",,,,
4,parallel,21,21,0.125,1.573409018637259,1.715994406491518,0.0001111111111111111,64.16,"[71.3%, 65.6%, 77.4%, 65.5%, 41%]",,,,
4,parallel,22,22,0.125,1.5596191188957118,1.7029347829520702,0.0001111111111111111,64.56,"[71.3%, 65.6%, 77.4%, 65.5%, 43%]",,,,
4,parallel,23,23,0.125,1.5418665182741382,1.6214175373315811,0.0001111111111111111,65.36,"[71.3%, 65.6%, 77.4%, 65.5%, 47%]",,,,
4,parallel,24,24,0.125,1.5090410362316082,1.5555002763867378,0.0001111111111111111,65.6,"[71.3%, 65.6%, 77.4%, 65.5%, 48.2%]",,,,
4,parallel,25,25,0.125,1.4866885429696193,1.51293608173728,0.0001111111111111111,66.02,"[71.3%, 65.6%, 77.4%, 65.5%, 50.3%]",,,,
4,parallel,26,26,0.125,1.4596149710160267,1.5229898914694786,0.0001111111111111111,65.7,"[71.3%, 65.6%, 77.4%, 65.5%, 48.7%]",,,,
4,parallel,27,27,0.125,1.4367677788191204,1.4456621073186398,0.0001111111111111111,66.38,"[71.3%, 65.6%, 77.4%, 65.5%, 52.1%]",,,,
4,parallel,28,28,0.125,1.4130823838559887,1.569414857774973,0.0001111111111111111,65.24,"[71.3%, 65.6%, 77.4%, 65.5%, 46.4%]",,,,
4,parallel,29,29,0.125,1.417449981351442,1.5661949552595615,0.0001111111111111111,65.38,"[71.3%, 65.6%, 77.4%, 65.5%, 47.1%]",,,,
4,parallel,30,30,0.125,1.3611167231692543,1.4394596330821514,0.0001111111111111111,66.58,"[71.3%, 65.6%, 77.4%, 65.5%, 53.1%]",,,,
4,parallel,31,31,0.125,1.341793383224101,1.4363651424646378,0.0001111111111111111,66.34,"[71.3%, 65.6%, 77.4%, 65.5%, 51.9%]",,,,
4,parallel,32,32,0.125,1.3230543166776247,1.4830171577632427,0.0001111111111111111,66.06,"[71.3%, 65.6%, 77.4%, 65.5%, 50.5%]",,,,
4,parallel,33,33,0.125,1.3080415921875193,1.3424364030361176,0.0001111111111111111,67.4,"[71.3%, 65.6%, 77.4%, 65.5%, 57.2%]",,,,
4,parallel,34,34,0.125,1.2796669926824449,1.3558612018823624,0.0001111111111111111,67.08,"[71.3%, 65.6%, 77.4%, 65.5%, 55.6%]",,,,
4,parallel,35,35,0.125,1.2572628983968421,1.392884761095047,0.0001111111111111111,67.36,"[71.3%, 65.6%, 77.4%, 65.5%, 57%]",,,,
4,parallel,36,36,0.125,1.239864477628394,1.3888376094400883,0.0001111111111111111,66.98,"[71.3%, 65.6%, 77.4%, 65.5%, 55.1%]",,,,
4,parallel,37,37,0.125,1.2301815899112556,1.5348201859742403,0.0001111111111111111,66.06,"[71.3%, 65.6%, 77.4%, 65.5%, 50.5%]",,,,
4,parallel,38,38,0.125,1.2275610566139221,1.3125884793698788,0.0001111111111111111,67.38,"[71.3%, 65.6%, 77.4%, 65.5%, 57.1%]",,,,
4,parallel,39,39,0.125,1.1884572717207897,1.2693829014897346,0.0001111111111111111,67.4,"[71.3%, 65.6%, 77.4%, 65.5%, 57.2%]",,,,
4,parallel,40,40,0.125,1.1756026412867293,1.2492527067661285,0.0001111111111111111,67.84,"[71.3%, 65.6%, 77.4%, 65.5%, 59.4%]",,,,
4,parallel,41,41,0.125,1.1632027731666081,1.341659765690565,0.0001111111111111111,67.3,"[71.3%, 65.6%, 77.4%, 65.5%, 56.7%]",,,,
4,parallel,42,42,0.125,1.1380708534506303,1.2175459936261177,0.0001111111111111111,67.9,"[71.3%, 65.6%, 77.4%, 65.5%, 59.7%]",,,,
4,parallel,43,43,0.125,1.1191949037056934,1.2714476473629475,0.0001111111111111111,68,"[71.3%, 65.6%, 77.4%, 65.5%, 60.2%]",,,,
4,parallel,44,44,0.125,1.137149474288844,1.2614762410521507,0.0001111111111111111,67.78,"[71.3%, 65.6%, 77.4%, 65.5%, 59.1%]",,,,
4,parallel,45,45,0.125,1.1016490753692916,1.2734009567648172,0.0001111111111111111,68.1,"[71.3%, 65.6%, 77.4%, 65.5%, 60.7%]",,,,
4,parallel,46,46,0.125,1.106302277951301,1.2322606109082699,0.0001111111111111111,68.28,"[71.3%, 65.6%, 77.4%, 65.5%, 61.6%]",,,,
4,parallel,47,47,0.125,1.0550294390207604,1.2295605018734932,0.0001111111111111111,68.08,"[71.3%, 65.6%, 77.4%, 65.5%, 60.6%]",,,,
4,parallel,48,48,0.125,1.0429898666430124,1.2141407523304224,0.0001111111111111111,68.32,"[71.3%, 65.6%, 77.4%, 65.5%, 61.8%]",,,,
4,parallel,49,49,0.125,1.0575494985037213,1.249222707003355,0.0001111111111111111,67.9,"[71.3%, 65.6%, 77.4%, 65.5%, 59.7%]",,,,
4,parallel,50,50,0.125,1.0431557893753052,1.1706866398453712,0.0001111111111111111,68.7,"[71.3%, 65.6%, 77.4%, 65.5%, 63.7%]",,,,
4,parallel,51,51,0.125,1.012559777573694,1.133234852924943,0.0001111111111111111,68.72,"[71.3%, 65.6%, 77.4%, 65.5%, 63.8%]",,,,
4,parallel,52,52,0.125,0.9982369504397428,1.180207036435604,0.0001111111111111111,68.58,"[71.3%, 65.6%, 77.4%, 65.5%, 63.1%]",,,,
4,parallel,53,53,0.125,1.0005505439601368,1.2160156648606062,0.0001111111111111111,68.6,"[71.3%, 65.6%, 77.4%, 65.5%, 63.2%]",,,,
4,parallel,54,54,0.125,0.9590059051030799,1.1051372438669205,0.0001111111111111111,69.14,"[71.3%, 65.6%, 77.4%, 65.5%, 65.9%]",,,,
4,parallel,55,55,0.125,0.9383320223681534,1.125520247966051,0.0001111111111111111,68.82,"[71.3%, 65.6%, 77.4%, 65.5%, 64.3%]",,,,
4,weights,1,56,0.125,0.9261599884757513,1.155787305906415,0.0001111111111111111,68.74,"[71.3%, 65.6%, 77.4%, 65.5%, 63.9%]",,,,
4,weights,2,57,0.125,0.9416851469233066,1.174449298530817,0.0001111111111111111,68.92,"[71.3%, 65.6%, 77.4%, 65.5%, 64.8%]",,,,
4,weights,3,58,0.125,0.9333101375193535,1.1178666278719902,0.0001111111111111111,69.02,"[71.3%, 65.6%, 77.4%, 65.5%, 65.3%]",,,,
4,weights,4,59,0.125,0.9211874204345897,1.1407197825610638,0.0001111111111111111,68.8,"[71.3%, 65.6%, 77.4%, 65.5%, 64.2%]",,,,
4,weights,5,60,0.125,0.8805937110623226,1.0816613174974918,0.0001111111111111111,69.48,"[71.3%, 65.6%, 77.4%, 65.5%, 67.6%]",,,,
4,weights,6,61,0.125,0.8655846571620507,1.1547805108129978,0.0001111111111111111,69.02,"[71.3%, 65.6%, 77.4%, 65.5%, 65.3%]",,,,
4,weights,7,62,0.125,0.8909952881969984,1.1562267653644085,0.0001111111111111111,68.82,"[71.3%, 65.6%, 77.4%, 65.5%, 64.3%]",,,,
4,weights,8,63,0.125,0.8616482494752619,1.2010096246376634,0.0001111111111111111,69.02,"[71.3%, 65.6%, 77.4%, 65.5%, 65.3%]",,,,
4,weights,9,64,0.125,0.8477836213534391,1.0277703739702702,0.0001111111111111111,69.88,"[71.3%, 65.6%, 77.4%, 65.5%, 69.6%]",,,,
4,weights,10,65,0.125,0.8267230719705171,1.0848115123808384,0.0001111111111111111,69.1,"[71.3%, 65.6%, 77.4%, 65.5%, 65.7%]",,,,
4,weights,11,66,0.125,0.844287983978851,1.0757396258413792,0.0001111111111111111,69.18,"[71.3%, 65.6%, 77.4%, 65.5%, 66.1%]",,,,
4,weights,12,67,0.125,0.8261940577362157,1.1286248117685318,0.0001111111111111111,69.24,"[71.3%, 65.6%, 77.4%, 65.5%, 66.4%]",,,,
4,weights,13,68,0.125,0.8250087903270239,1.0937613621354103,0.0001111111111111111,69.08,"[71.3%, 65.6%, 77.4%, 65.5%, 65.6%]",,,,
4,weights,14,69,0.125,0.7988022746919077,1.2222342863678932,0.0001111111111111111,68.5,"[71.3%, 65.6%, 77.4%, 65.5%, 62.7%]",,,,
4,weights,15,70,0.125,0.7937734794767597,1.117032254114747,0.0001111111111111111,69.42,"[71.3%, 65.6%, 77.4%, 65.5%, 67.3%]",,,,
4,weights,16,71,0.125,0.7768777865397779,1.0081228502094746,0.0001111111111111111,69.92,"[71.3%, 65.6%, 77.4%, 65.5%, 69.8%]",,,,
4,weights,17,72,0.125,0.7653634540642364,1.0054930783808231,0.0001111111111111111,69.64,"[71.3%, 65.6%, 77.4%, 65.5%, 68.4%]",,,,
4,weights,18,73,0.125,0.7808781982977179,1.0192557908594608,0.0001111111111111111,69.68,"[71.3%, 65.6%, 77.4%, 65.5%, 68.6%]",,,,
4,weights,19,74,0.125,0.7416409601139117,1.0494742300361395,0.0001111111111111111,69.62,"[71.3%, 65.6%, 77.4%, 65.5%, 68.3%]",,,,
4,weights,20,75,0.125,0.7285607725004607,1.020634664222598,0.0001111111111111111,69.72,"[71.3%, 65.6%, 77.4%, 65.5%, 68.8%]",,,,
4,weights,21,76,0.125,0.7334146790112122,1.1580430399626493,0.0001111111111111111,69.18,"[71.3%, 65.6%, 77.4%, 65.5%, 66.1%]",,,,
4,weights,22,77,0.125,0.7317724118504343,1.0473705101758242,0.0001111111111111111,69.66,"[71.3%, 65.6%, 77.4%, 65.5%, 68.5%]",,,,
4,weights,23,78,0.125,0.7357662659657153,1.0329178413376212,0.0001111111111111111,69.82,"[71.3%, 65.6%, 77.4%, 65.5%, 69.3%]",,,,
4,weights,24,79,0.125,0.716363720124281,1.0607495717704296,0.0001111111111111111,69.62,"[71.3%, 65.6%, 77.4%, 65.5%, 68.3%]",,,,
4,weights,25,80,0.125,0.7448476202125791,0.9985522665083408,0.0001111111111111111,69.88,"[71.3%, 65.6%, 77.4%, 65.5%, 69.6%]",49.56,"[54.9%, 42.5%, 74.4%, 34.9%, 41.1%]",65.22,"[65.1%, 61.3%, 69.2%, 64.6%, 65.9%]"
5,parallel,1,1,0.125,3.5482778669912602,2.686225950717926,0.0001111111111111111,60.4,"[71.3%, 65.6%, 77.4%, 65.5%, 69.6%, 13%]",,,,
5,parallel,2,2,0.125,2.4891386394259296,2.3931991904973984,0.0001111111111111111,60.4,"[71.3%, 65.6%, 77.4%, 65.5%, 69.6%, 13%]",,,,
5,parallel,3,3,0.125,2.3676336867899836,2.345806062221527,0.0001111111111111111,60.4,"[71.3%, 65.6%, 77.4%, 65.5%, 69.6%, 13%]",,,,
5,parallel,4,4,0.125,2.3434431945221332,2.333119362592697,0.0001111111111111111,60.4,"[71.3%, 65.6%, 77.4%, 65.5%, 69.6%, 13%]",,,,
5,parallel,5,5,0.125,2.3300453107568284,2.3234290778636932,0.0001111111111111111,60.4,"[71.3%, 65.6%, 77.4%, 65.5%, 69.6%, 13%]",,,,
5,parallel,6,6,0.125,2.324109967750839,2.3186283707618713,0.0001111111111111111,60.4,"[71.3%, 65.6%, 77.4%, 65.5%, 69.6%, 13%]",,,,
5,parallel,7,7,0.125,2.319349605825883,2.3188134282827377,0.0001111111111111111,60.4,"[71.3%, 65.6%, 77.4%, 65.5%, 69.6%, 13%]",,,,
5,parallel,8,8,0.125,2.3190008054805706,2.313526928424835,0.0001111111111111111,60.4,"[71.3%, 65.6%, 77.4%, 65.5%, 69.6%, 13%]",,,,
5,parallel,9,9,0.125,2.3001647478417504,2.2663167491555214,0.0001111111111111111,61.483333333333,"[71.3%, 65.6%, 77.4%, 65.5%, 69.6%, 19.5%]",,,,
5,parallel,10,10,0.125,2.243073457404028,2.192781113088131,0.0001111111111111111,62.266666666667,"[71.3%, 65.6%, 77.4%, 65.5%, 69.6%, 24.2%]",,,,
5,parallel,11,11,0.125,2.158940595916555,2.1020329669117928,0.0001111111111111111,62.8,"[71.3%, 65.6%, 77.4%, 65.5%, 69.6%, 27.4%]",,,,
5,parallel,12,12,0.125,2.0674242882788936,2.0108203515410423,0.0001111111111111111,62.816666666667,"[71.3%, 65.6%, 77.4%, 65.5%, 69.6%, 27.5%]",,,,
5,parallel,13,13,0.125,1.990337765669521,1.991366408765316,0.0001111111111111111,62.433333333333,"[71.3%, 65.6%, 77.4%, 65.5%, 69.6%, 25.2%]",,,,
5,parallel,14,14,0.125,1.9294686166546013,1.862098291516304,0.0001111111111111111,63.95,"[71.3%, 65.6%, 77.4%, 65.5%, 69.6%, 34.3%]",,,,
5,parallel,15,15,0.125,1.8463928548595574,1.79639133810997,0.0001111111111111111,64.133333333333,"[71.3%, 65.6%, 77.4%, 65.5%, 69.6%, 35.4%]",,,,
5,parallel,16,16,0.125,1.758194568790967,1.7443374209105968,0.0001111111111111111,64.45,"[71.3%, 65.6%, 77.4%, 65.5%, 69.6%, 37.3%]",,,,
5,parallel,17,17,0.125,1.711564133438883,1.674162294715643,0.0001111111111111111,65.35,"[71.3%, 65.6%, 77.4%, 65.5%, 69.6%, 42.7%]",,,,
5,parallel,18,18,0.125,1.6494613916059084,1.627173263579607,0.0001111111111111111,65.166666666667,"[71.3%, 65.6%, 77.4%, 65.5%, 69.6%, 41.6%]",,,,
5,parallel,19,19,0.125,1.6017536287066303,1.5781385265290737,0.0001111111111111111,65.3,"[71.3%, 65.6%, 77.4%, 65.5%, 69.6%, 42.4%]",,,,
5,parallel,20,20,0.125,1.5586300001868718,1.5791111774742603,0.0001111111111111111,65.35,"[71.3%, 65.6%, 77.4%, 65.5%, 69.6%, 42.7%]",,,,
5,parallel,21,21,0.125,1.5151052505155154,1.5987676121294498,0.0001111111111111111,65.433333333333,"[71.3%, 65.6%, 77.4%, 65.5%, 69.6%, 43.2%]",,,,
5,parallel,22,22,0.125,1.4869715563858612,1.5703248493373394,0.0001111111111111111,65.483333333333,"[71.3%, 65.6%, 77.4%, 65.5%, 69.6%, 43.5%]",,,,
5,parallel,23,23,0.125,1.46982087968271,1.456669393926859,0.0001111111111111111,66.266666666667,"[71.3%, 65.6%, 77.4%, 65.5%, 69.6%, 48.2%]",,,,
5,parallel,24,24,0.125,1.4173146727718884,1.4479891657829285,0.0001111111111111111,66.583333333333,"[71.3%, 65.6%, 77.4%, 65.5%, 69.6%, 50.1%]",,,,
5,parallel,25,25,0.125,1.3967792942554136,1.4602486193180084,0.0001111111111111111,66.05,"[71.3%, 65.6%, 77.4%, 65.5%, 69.6%, 46.9%]",,,,
5,parallel,26,26,0.125,1.3436051712760442,1.4645881578326225,0.0001111111111111111,66.2,"[71.3%, 65.6%, 77.4%, 65.5%, 69.6%, 47.8%]",,,,
5,parallel,27,27,0.125,1.3376898758019073,1.4340941794216633,0.0001111111111111111,66.333333333333,"[71.3%, 65.6%, 77.4%, 65.5%, 69.6%, 48.6%]",,,,
5,parallel,28,28,0.125,1.3076753948308244,1.3584088273346424,0.0001111111111111111,66.916666666667,"[71.3%, 65.6%, 77.4%, 65.5%, 69.6%, 52.1%]",,,,
5,parallel,29,29,0.125,1.2970294454429723,1.338498417288065,0.0001111111111111111,66.933333333333,"[71.3%, 65.6%, 77.4%, 65.5%, 69.6%, 52.2%]",,,,
5,parallel,30,30,0.125,1.2747001421602466,1.3103445246815681,0.0001111111111111111,67.133333333333,"[71.3%, 65.6%, 77.4%, 65.5%, 69.6%, 53.4%]",,,,
5,parallel,31,31,0.125,1.2421047649806058,1.3696679137647152,0.0001111111111111111,66.816666666667,"[71.3%, 65.6%, 77.4%, 65.5%, 69.6%, 51.5%]",,,,
5,parallel,32,32,0.125,1.2296860829184326,1.3321872055530548,0.0001111111111111111,67.45,"[71.3%, 65.6%, 77.4%, 65.5%, 69.6%, 55.3%]",,,,
5,parallel,33,33,0.125,1.1874676625939864,1.300379168242216,0.0001111111111111111,67.266666666667,"[71.3%, 65.6%, 77.4%, 65.5%, 69.6%, 54.2%]",,,,
5,parallel,34,34,0.125,1.1948898208292225,1.2418643981218338,0.0001111111111111111,67.833333333333,"[71.3%, 65.6%, 77.4%, 65.5%, 69.6%, 57.6%]",,,,
5,parallel,35,35,0.125,1.1660058822812913,1.2639007791876793,0.0001111111111111111,67.55,"[71.3%, 65.6%, 77.4%, 65.5%, 69.6%, 55.9%]",,,,
5,parallel,36,36,0.125,1.1245408065711395,1.2703563459217548,0.0001111111111111111,67.666666666667,"[71.3%, 65.6%, 77.4%, 65.5%, 69.6%, 56.6%]",,,,
5,parallel,37,37,0.125,1.1304638249964654,1.2072968371212482,0.0001111111111111111,68.016666666667,"[71.3%, 65.6%, 77.4%, 65.5%, 69.6%, 58.7%]",,,,
5,parallel,38,38,0.125,1.104708973365494,1.2449882552027702,0.0001111111111111111,67.766666666667,"[71.3%, 65.6%, 77.4%, 65.5%, 69.6%, 57.2%]",,,,
5,parallel,39,39,0.125,1.0644229514689385,1.182589065283537,0.0001111111111111111,68.4,"[71.3%, 65.6%, 77.4%, 65.5%, 69.6%, 61%]",,,,
5,parallel,40,40,0.125,1.0699249294739734,1.2011804841458797,0.0001111111111111111,68.266666666667,"[71.3%, 65.6%, 77.4%, 65.5%, 69.6%, 60.2%]",,,,
5,parallel,41,41,0.125,1.0384023393256754,1.181582521647215,0.0001111111111111111,68.233333333333,"[71.3%, 65.6%, 77.4%, 65.5%, 69.6%, 60%]",,,,
5,parallel,42,42,0.125,1.0306336193145076,1.2485490404069424,0.0001111111111111111,68.116666666667,"[71.3%, 65.6%, 77.4%, 65.5%, 69.6%, 59.3%]",,,,
5,parallel,43,43,0.125,1.0108506837977638,1.161376141011715,0.0001111111111111111,68.4,"[71.3%, 65.6%, 77.4%, 65.5%, 69.6%, 61%]",,,,
5,parallel,44,44,0.125,1.030102040194258,1.1440173853188753,0.0001111111111111111,68.783333333333,"[71.3%, 65.6%, 77.4%, 65.5%, 69.6%, 63.3%]",,,,
5,parallel,45,45,0.125,0.9580944987792003,1.1758696492761374,0.0001111111111111111,68.433333333333,"[71.3%, 65.6%, 77.4%, 65.5%, 69.6%, 61.2%]",,,,
5,parallel,46,46,0.125,0.9773275022265278,1.160603003576398,0.0001111111111111111,68.533333333333,"[71.3%, 65.6%, 77.4%, 65.5%, 69.6%, 61.8%]",,,,
5,parallel,47,47,0.125,0.9713507256930387,1.1915307063609362,0.0001111111111111111,68.533333333333,"[71.3%, 65.6%, 77.4%, 65.5%, 69.6%, 61.8%]",,,,
5,parallel,48,48,0.125,0.9421304698231854,1.1432951893657446,0.0001111111111111111,68.383333333333,"[71.3%, 65.6%, 77.4%, 65.5%, 69.6%, 60.9%]",,,,
5,parallel,49,49,0.125,0.9428460205657573,1.1490640053525567,0.0001111111111111111,68.466666666667,"[71.3%, 65.6%, 77.4%, 65.5%, 69.6%, 61.4%]",,,,
5,parallel,50,50,0.125,0.9205792516092711,1.1462334152311087,0.0001111111111111111,68.7,"[71.3%, 65.6%, 77.4%, 65.5%, 69.6%, 62.8%]",,,,
5,parallel,51,51,0.125,0.9038635552683963,1.1257569696754217,0.0001111111111111111,68.583333333333,"[71.3%, 65.6%, 77.4%, 65.5%, 69.6%, 62.1%]",,,,
5,parallel,52,52,0.125,0.9016660957396785,1.1034361850470304,0.0001111111111111111,68.933333333333,"[71.3%, 65.6%, 77.4%, 65.5%, 69.6%, 64.2%]",,,,
5,parallel,53,53,0.125,0.869193768199486,1.0791478753089905,0.0001111111111111111,69.266666666667,"[71.3%, 65.6%, 77.4%, 65.5%, 69.6%, 66.2%]",,,,
5,parallel,54,54,0.125,0.8595896883855892,1.1088865604251623,0.0001111111111111111,69,"[71.3%, 65.6%, 77.4%, 65.5%, 69.6%, 64.6%]",,,,
5,parallel,55,55,0.125,0.8491645296917686,1.0660660695284605,0.0001111111111111111,69.05,"[71.3%, 65.6%, 77.4%, 65.5%, 69.6%, 64.9%]",,,,
5,weights,1,56,0.125,0.8540799904473221,1.1226257644593716,0.0001111111111111111,69,"[71.3%, 65.6%, 77.4%, 65.5%, 69.6%, 64.6%]",,,,
5,weights,2,57,0.125,0.8719047926649263,1.0811368376016617,0.0001111111111111111,69.016666666667,"[71.3%, 65.6%, 77.4%, 65.5%, 69.6%, 64.7%]",,,,
5,weights,3,58,0.125,0.8253153607815127,1.043576080352068,0.0001111111111111111,69.15,"[71.3%, 65.6%, 77.4%, 65.5%, 69.6%, 65.5%]",,,,
5,weights,4,59,0.125,0.8162139774877814,1.0895497938618064,0.0001111111111111111,69.1,"[71.3%, 65.6%, 77.4%, 65.5%, 69.6%, 65.2%]",,,,
5,weights,5,60,0.125,0.8064943182317517,1.135506210848689,0.0001111111111111111,68.866666666667,"[71.3%, 65.6%, 77.4%, 65.5%, 69.6%, 63.8%]",,,,
5,weights,6,61,0.125,0.8034731451469131,1.0926623549312353,0.0001111111111111111,68.966666666667,"[71.3%, 65.6%, 77.4%, 65.5%, 69.6%, 64.4%]",,,,
5,weights,7,62,0.125,0.7855593962005422,1.0836911033838987,0.0001111111111111111,69.066666666667,"[71.3%, 65.6%, 77.4%, 65.5%, 69.6%, 65%]",,,,
5,weights,8,63,0.125,0.8004788944992838,1.0486979577690363,0.0001111111111111111,69.116666666667,"[71.3%, 65.6%, 77.4%, 65.5%, 69.6%, 65.3%]",,,,
5,weights,9,64,0.125,0.7695696029482009,1.0515363067388535,0.0001111111111111111,69.383333333333,"[71.3%, 65.6%, 77.4%, 65.5%, 69.6%, 66.9%]",,,,
5,weights,10,65,0.125,0.7829340070108824,1.0733905397355556,0.0001111111111111111,69.35,"[71.3%, 65.6%, 77.4%, 65.5%, 69.6%, 66.7%]",,,,
5,weights,11,66,0.125,0.7508400195761572,1.0652587544173002,0.0001111111111111111,69.183333333333,"[71.3%, 65.6%, 77.4%, 65.5%, 69.6%, 65.7%]",,,,
5,weights,12,67,0.125,0.7662419669235809,1.0415830165147781,0.0001111111111111111,69.383333333333,"[71.3%, 65.6%, 77.4%, 65.5%, 69.6%, 66.9%]",,,,
5,weights,13,68,0.125,0.746963308581823,1.0476303696632385,0.0001111111111111111,69.533333333333,"[71.3%, 65.6%, 77.4%, 65.5%, 69.6%, 67.8%]",,,,
5,weights,14,69,0.125,0.7557216052767597,1.0311580002307892,0.0001111111111111111,69.4,"[71.3%, 65.6%, 77.4%, 65.5%, 69.6%, 67%]",,,,
5,weights,15,70,0.125,0.7446210241015954,1.0387125667184591,0.0001111111111111111,69.583333333333,"[71.3%, 65.6%, 77.4%, 65.5%, 69.6%, 68.1%]",,,,
5,weights,16,71,0.125,0.7156828177880638,1.0386526891961694,0.0001111111111111111,69.633333333333,"[71.3%, 65.6%, 77.4%, 65.5%, 69.6%, 68.4%]",,,,
5,weights,17,72,0.125,0.7099485435063326,1.0072006043046713,0.0001111111111111111,69.616666666667,"[71.3%, 65.6%, 77.4%, 65.5%, 69.6%, 68.3%]",,,,
5,weights,18,73,0.125,0.7157053294815595,1.026428634300828,0.0001111111111111111,69.633333333333,"[71.3%, 65.6%, 77.4%, 65.5%, 69.6%, 68.4%]",,,,
5,weights,19,74,0.125,0.6922877042353908,1.0115026906132698,0.0001111111111111111,69.55,"[71.3%, 65.6%, 77.4%, 65.5%, 69.6%, 67.9%]",,,,
5,weights,20,75,0.125,0.7082236507270909,1.0547121465206146,0.0001111111111111111,69.583333333333,"[71.3%, 65.6%, 77.4%, 65.5%, 69.6%, 68.1%]",,,,
5,weights,21,76,0.125,0.6814357310156279,1.0394780319184065,0.0001111111111111111,69.583333333333,"[71.3%, 65.6%, 77.4%, 65.5%, 69.6%, 68.1%]",,,,
5,weights,22,77,0.125,0.6765998190716852,1.0333447493612766,0.0001111111111111111,69.5,"[71.3%, 65.6%, 77.4%, 65.5%, 69.6%, 67.6%]",,,,
5,weights,23,78,0.125,0.6791000188905981,1.052537452429533,0.0001111111111111111,69.333333333333,"[71.3%, 65.6%, 77.4%, 65.5%, 69.6%, 66.6%]",,,,
5,weights,24,79,0.125,0.666221569987792,1.036372896283865,0.0001111111111111111,69.75,"[71.3%, 65.6%, 77.4%, 65.5%, 69.6%, 69.1%]",,,,
5,weights,25,80,0.125,0.6685765249819695,1.0626449082046747,0.0001111111111111111,69.666666666667,"[71.3%, 65.6%, 77.4%, 65.5%, 69.6%, 68.6%]",48.18333333333334,"[50.7%, 42.5%, 74.4%, 31.1%, 41.1%, 49.3%]",62.433333333333,"[65.1%, 61.3%, 69.2%, 60.8%, 61.8%, 56.4%]"
6,parallel,1,1,0.125,3.6387495873849605,2.7710079550743103,0.0001111111111111111,61.571428571429,"[71.3%, 65.6%, 77.4%, 65.5%, 69.6%, 68.6%, 13%]",,,,
6,parallel,2,2,0.125,2.5290525895130784,2.4113940000534058,0.0001111111111111111,61.571428571429,"[71.3%, 65.6%, 77.4%, 65.5%, 69.6%, 68.6%, 13%]",,,,
6,parallel,3,3,0.125,2.3789272761043114,2.3495614528656006,0.0001111111111111111,61.571428571429,"[71.3%, 65.6%, 77.4%, 65.5%, 69.6%, 68.6%, 13%]",,,,
6,parallel,4,4,0.125,2.3431171978576275,2.3333140909671783,0.0001111111111111111,61.571428571429,"[71.3%, 65.6%, 77.4%, 65.5%, 69.6%, 68.6%, 13%]",,,,
6,parallel,5,5,0.125,2.331052891815765,2.3273253738880157,0.0001111111111111111,61.571428571429,"[71.3%, 65.6%, 77.4%, 65.5%, 69.6%, 68.6%, 13%]",,,,
6,parallel,6,6,0.125,2.3273179712174814,2.319798991084099,0.0001111111111111111,61.571428571429,"[71.3%, 65.6%, 77.4%, 65.5%, 69.6%, 68.6%, 13%]",,,,
6,parallel,7,7,0.125,2.3208944103385827,2.320555329322815,0.0001111111111111111,61.571428571429,"[71.3%, 65.6%, 77.4%, 65.5%, 69.6%, 68.6%, 13%]",,,,
6,parallel,8,8,0.125,2.319772777678091,2.317785307765007,0.0001111111111111111,61.571428571429,"[71.3%, 65.6%, 77.4%, 65.5%, 69.6%, 68.6%, 13%]",,,,
6,parallel,9,9,0.125,2.2978563550152358,2.256355494260788,0.0001111111111111111,62.785714285714,"[71.3%, 65.6%, 77.4%, 65.5%, 69.6%, 68.6%, 21.5%]",,,,
6,parallel,10,10,0.125,2.1947135261342496,2.171248234808445,0.0001111111111111111,62.6,"[71.3%, 65.6%, 77.4%, 65.5%, 69.6%, 68.6%, 20.2%]",,,,
6,parallel,11,11,0.125,2.09259983557689,2.027964599430561,0.0001111111111111111,63.628571428571,"[71.3%, 65.6%, 77.4%, 65.5%, 69.6%, 68.6%, 27.4%]",,,,
6,parallel,12,12,0.125,2.0214453664007066,1.9894917383790016,0.0001111111111111111,63.328571428571,"[71.3%, 65.6%, 77.4%, 65.5%, 69.6%, 68.6%, 25.3%]",,,,
6,parallel,13,13,0.125,1.9674155002907863,1.9436129033565521,0.0001111111111111111,63.885714285714,"[71.3%, 65.6%, 77.4%, 65.5%, 69.6%, 68.6%, 29.2%]",,,,
6,parallel,14,14,0.125,1.914213023608244,1.866046991199255,0.0001111111111111111,64.228571428571,"[71.3%, 65.6%, 77.4%, 65.5%, 69.6%, 68.6%, 31.6%]",,,,
6,parallel,15,15,0.125,1.8653590317013897,1.8194029107689857,0.0001111111111111111,64.528571428571,"[71.3%, 65.6%, 77.4%, 65.5%, 69.6%, 68.6%, 33.7%]",,,,
6,parallel,16,16,0.125,1.8162039322189139,1.7685239389538765,0.0001111111111111111,64.6,"[71.3%, 65.6%, 77.4%, 65.5%, 69.6%, 68.6%, 34.2%]",,,,
6,parallel,17,17,0.125,1.7629262797440155,1.7093876004219055,0.0001111111111111111,65.542857142857,"[71.3%, 65.6%, 77.4%, 65.5%, 69.6%, 68.6%, 40.8%]",,,,
6,parallel,18,18,0.125,1.7160613567014285,1.67294105514884,0.0001111111111111111,65.271428571429,"[71.3%, 65.6%, 77.4%, 65.5%, 69.6%, 68.6%, 38.9%]",,,,
6,parallel,19,19,0.125,1.6704706828805465,1.6111804191023111,0.0001111111111111111,65.914285714286,"[71.3%, 65.6%, 77.4%, 65.5%, 69.6%, 68.6%, 43.4%]",,,,
6,parallel,20,20,0.125,1.6320971401431892,1.577437236905098,0.0001111111111111111,66.457142857143,"[71.3%, 65.6%, 77.4%, 65.5%, 69.6%, 68.6%, 47.2%]",,,,
6,parallel,21,21,0.125,1.5844037125382242,1.5529064908623695,0.0001111111111111111,66.014285714286,"[71.3%, 65.6%, 77.4%, 65.5%, 69.6%, 68.6%, 44.1%]",,,,
6,parallel,22,22,0.125,1.5196556939354426,1.5065429471433163,0.0001111111111111111,66.542857142857,"[71.3%, 65.6%, 77.4%, 65.5%, 69.6%, 68.6%, 47.8%]",,,,
6,parallel,23,23,0.125,1.4768282718296293,1.4534570090472698,0.0001111111111111111,66.742857142857,"[71.3%, 65.6%, 77.4%, 65.5%, 69.6%, 68.6%, 49.2%]",,,,
6,parallel,24,24,0.125,1.449439681029018,1.4064571857452393,0.0001111111111111111,67.042857142857,"[71.3%, 65.6%, 77.4%, 65.5%, 69.6%, 68.6%, 51.3%]",,,,
6,parallel,25,25,0.125,1.4048379025881803,1.395531453192234,0.0001111111111111111,67.185714285714,"[71.3%, 65.6%, 77.4%, 65.5%, 69.6%, 68.6%, 52.3%]",,,,
6,parallel,26,26,0.125,1.3539482566374768,1.3034393023699522,0.0001111111111111111,67.542857142857,"[71.3%, 65.6%, 77.4%, 65.5%, 69.6%, 68.6%, 54.8%]",,,,
6,parallel,27,27,0.125,1.3226341356205036,1.2907970268279314,0.0001111111111111111,67.7,"[71.3%, 65.6%, 77.4%, 65.5%, 69.6%, 68.6%, 55.9%]",,,,
6,parallel,28,28,0.125,1.2903498003754434,1.2627053912729025,0.0001111111111111111,67.885714285714,"[71.3%, 65.6%, 77.4%, 65.5%, 69.6%, 68.6%, 57.2%]",,,,
6,parallel,29,29,0.125,1.2566034590141684,1.2543376963585615,0.0001111111111111111,68.071428571429,"[71.3%, 65.6%, 77.4%, 65.5%, 69.6%, 68.6%, 58.5%]",,,,
6,parallel,30,30,0.125,1.2262500177455853,1.198266375809908,0.0001111111111111111,68.014285714286,"[71.3%, 65.6%, 77.4%, 65.5%, 69.6%, 68.6%, 58.1%]",,,,
6,parallel,31,31,0.125,1.2048326421387587,1.1564399395138025,0.0001111111111111111,68.342857142857,"[71.3%, 65.6%, 77.4%, 65.5%, 69.6%, 68.6%, 60.4%]",,,,
6,parallel,32,32,0.125,1.1766940498653846,1.2010217513889074,0.0001111111111111111,68.085714285714,"[71.3%, 65.6%, 77.4%, 65.5%, 69.6%, 68.6%, 58.6%]",,,,
6,parallel,33,33,0.125,1.159959908527664,1.1500217225402594,0.0001111111111111111,68.428571428571,"[71.3%, 65.6%, 77.4%, 65.5%, 69.6%, 68.6%, 61%]",,,,
6,parallel,34,34,0.125,1.1264724497553669,1.1274925917387009,0.0001111111111111111,68.414285714286,"[71.3%, 65.6%, 77.4%, 65.5%, 69.6%, 68.6%, 60.9%]",,,,
6,parallel,35,35,0.125,1.0978196572653856,1.1393847335129976,0.0001111111111111111,68.442857142857,"[71.3%, 65.6%, 77.4%, 65.5%, 69.6%, 68.6%, 61.1%]",,,,
6,parallel,36,36,0.125,1.1191026877753343,1.1246866546571255,0.0001111111111111111,68.657142857143,"[71.3%, 65.6%, 77.4%, 65.5%, 69.6%, 68.6%, 62.6%]",,,,
6,parallel,37,37,0.125,1.0861593733859967,1.1470007821917534,0.0001111111111111111,68.371428571429,"[71.3%, 65.6%, 77.4%, 65.5%, 69.6%, 68.6%, 60.6%]",,,,
6,parallel,38,38,0.125,1.041637036619307,1.0735197830945253,0.0001111111111111111,68.914285714286,"[71.3%, 65.6%, 77.4%, 65.5%, 69.6%, 68.6%, 64.4%]",,,,
6,parallel,39,39,0.125,1.0513703053510641,1.1529010441154242,0.0001111111111111111,68.257142857143,"[71.3%, 65.6%, 77.4%, 65.5%, 69.6%, 68.6%, 59.8%]",,,,
6,parallel,40,40,0.125,1.0448290592507472,1.0513152186758816,0.0001111111111111111,69.1,"[71.3%, 65.6%, 77.4%, 65.5%, 69.6%, 68.6%, 65.7%]",,,,
6,parallel,41,41,0.125,1.0310579613794255,1.0697161834686995,0.0001111111111111111,68.771428571429,"[71.3%, 65.6%, 77.4%, 65.5%, 69.6%, 68.6%, 63.4%]",,,,
6,parallel,42,42,0.125,1.004623951791208,1.0283433902077377,0.0001111111111111111,69.1,"[71.3%, 65.6%, 77.4%, 65.5%, 69.6%, 68.6%, 65.7%]",,,,
6,parallel,43,43,0.125,1.0062858062454416,1.0743038225919008,0.0001111111111111111,68.9,"[71.3%, 65.6%, 77.4%, 65.5%, 69.6%, 68.6%, 64.3%]",,,,
6,parallel,44,44,0.125,0.9914107850835293,1.12989151943475,0.0001111111111111111,68.6,"[71.3%, 65.6%, 77.4%, 65.5%, 69.6%, 68.6%, 62.2%]",,,,
6,parallel,45,45,0.125,0.9581027295016036,1.0708800507709384,0.0001111111111111111,68.871428571429,"[71.3%, 65.6%, 77.4%, 65.5%, 69.6%, 68.6%, 64.1%]",,,,
6,parallel,46,46,0.125,0.9373533099512511,1.024368381127715,0.0001111111111111111,68.985714285714,"[71.3%, 65.6%, 77.4%, 65.5%, 69.6%, 68.6%, 64.9%]",,,,
6,parallel,47,47,0.125,0.9440100117574765,0.9856449821963906,0.0001111111111111111,69.071428571429,"[71.3%, 65.6%, 77.4%, 65.5%, 69.6%, 68.6%, 65.5%]",,,,
6,parallel,48,48,0.125,0.9341151254086555,1.0023161014541984,0.0001111111111111111,69.385714285714,"[71.3%, 65.6%, 77.4%, 65.5%, 69.6%, 68.6%, 67.7%]",,,,
6,parallel,49,49,0.125,0.9053269496446923,1.0319215804338455,0.0001111111111111111,69.042857142857,"[71.3%, 65.6%, 77.4%, 65.5%, 69.6%, 68.6%, 65.3%]",,,,
6,parallel,50,50,0.125,0.911029884332343,0.9959718864411116,0.0001111111111111111,69.157142857143,"[71.3%, 65.6%, 77.4%, 65.5%, 69.6%, 68.6%, 66.1%]",,,,
6,parallel,51,51,0.125,0.8979995529862899,0.9485940206795931,0.0001111111111111111,69.271428571429,"[71.3%, 65.6%, 77.4%, 65.5%, 69.6%, 68.6%, 66.9%]",,,,
6,parallel,52,52,0.125,0.8684180861786951,0.9797265818342566,0.0001111111111111111,69.314285714286,"[71.3%, 65.6%, 77.4%, 65.5%, 69.6%, 68.6%, 67.2%]",,,,
6,parallel,53,53,0.125,0.8896511068826989,0.9351690746843815,0.0001111111111111111,69.371428571429,"[71.3%, 65.6%, 77.4%, 65.5%, 69.6%, 68.6%, 67.6%]",,,,
6,parallel,54,54,0.125,0.8621422193850143,1.1234296206384897,0.0001111111111111111,68.771428571429,"[71.3%, 65.6%, 77.4%, 65.5%, 69.6%, 68.6%, 63.4%]",,,,
6,parallel,55,55,0.125,0.8467827114877822,0.9595544133335352,0.0001111111111111111,69.414285714286,"[71.3%, 65.6%, 77.4%, 65.5%, 69.6%, 68.6%, 67.9%]",,,,
6,weights,1,56,0.125,0.8527232333074642,0.9822870837524533,0.0001111111111111111,69.271428571429,"[71.3%, 65.6%, 77.4%, 65.5%, 69.6%, 68.6%, 66.9%]",,,,
6,weights,2,57,0.125,0.8358472231068189,0.9225950194522738,0.0001111111111111111,69.357142857143,"[71.3%, 65.6%, 77.4%, 65.5%, 69.6%, 68.6%, 67.5%]",,,,
6,weights,3,58,0.125,0.8162836115571517,0.9854382537305355,0.0001111111111111111,69.357142857143,"[71.3%, 65.6%, 77.4%, 65.5%, 69.6%, 68.6%, 67.5%]",,,,
6,weights,4,59,0.125,0.8149687097042422,0.9539228584617376,0.0001111111111111111,69.528571428571,"[71.3%, 65.6%, 77.4%, 65.5%, 69.6%, 68.6%, 68.7%]",,,,
6,weights,5,60,0.125,0.7967391715774054,0.9377367692068219,0.0001111111111111111,69.642857142857,"[71.3%, 65.6%, 77.4%, 65.5%, 69.6%, 68.6%, 69.5%]",,,,
6,weights,6,61,0.125,0.7889110140408142,0.95502601377666,0.0001111111111111111,69.628571428571,"[71.3%, 65.6%, 77.4%, 65.5%, 69.6%, 68.6%, 69.4%]",,,,
6,weights,7,62,0.125,0.7920754061469549,0.9604529356583953,0.0001111111111111111,69.6,"[71.3%, 65.6%, 77.4%, 65.5%, 69.6%, 68.6%, 69.2%]",,,,
6,weights,8,63,0.125,0.7761023293567609,0.945755179040134,0.0001111111111111111,69.571428571429,"[71.3%, 65.6%, 77.4%, 65.5%, 69.6%, 68.6%, 69%]",,,,
6,weights,9,64,0.125,0.7669581974608989,0.8736715316772461,0.0001111111111111111,69.785714285714,"[71.3%, 65.6%, 77.4%, 65.5%, 69.6%, 68.6%, 70.5%]",,,,
6,weights,10,65,0.125,0.76062088940717,0.9059915607795119,0.0001111111111111111,69.642857142857,"[71.3%, 65.6%, 77.4%, 65.5%, 69.6%, 68.6%, 69.5%]",,,,
6,weights,11,66,0.125,0.7648047548306139,0.9354822062887251,0.0001111111111111111,69.628571428571,"[71.3%, 65.6%, 77.4%, 65.5%, 69.6%, 68.6%, 69.4%]",,,,
6,weights,12,67,0.125,0.7590820234787615,0.8789443029090762,0.0001111111111111111,69.742857142857,"[71.3%, 65.6%, 77.4%, 65.5%, 69.6%, 68.6%, 70.2%]",,,,
6,weights,13,68,0.125,0.7371666948252087,0.8960046507418156,0.0001111111111111111,69.728571428571,"[71.3%, 65.6%, 77.4%, 65.5%, 69.6%, 68.6%, 70.1%]",,,,
6,weights,14,69,0.125,0.7590078945401348,0.909256836399436,0.0001111111111111111,69.714285714286,"[71.3%, 65.6%, 77.4%, 65.5%, 69.6%, 68.6%, 70%]",,,,
6,weights,15,70,0.125,0.7341362743438045,0.9248440349474549,0.0001111111111111111,69.571428571429,"[71.3%, 65.6%, 77.4%, 65.5%, 69.6%, 68.6%, 69%]",,,,
6,weights,16,71,0.125,0.7146616740317284,0.9424858530983329,0.0001111111111111111,69.414285714286,"[71.3%, 65.6%, 77.4%, 65.5%, 69.6%, 68.6%, 67.9%]",,,,
6,weights,17,72,0.125,0.7029937618895422,0.9116907408460975,0.0001111111111111111,69.728571428571,"[71.3%, 65.6%, 77.4%, 65.5%, 69.6%, 68.6%, 70.1%]",,,,
6,weights,18,73,0.125,0.702018375638165,0.8820157554000616,0.0001111111111111111,69.757142857143,"[71.3%, 65.6%, 77.4%, 65.5%, 69.6%, 68.6%, 70.3%]",,,,
6,weights,19,74,0.125,0.6950335049931007,0.9016850469633937,0.0001111111111111111,69.714285714286,"[71.3%, 65.6%, 77.4%, 65.5%, 69.6%, 68.6%, 70%]",,,,
6,weights,20,75,0.125,0.6952424105964129,0.8955159951001406,0.0001111111111111111,69.928571428571,"[71.3%, 65.6%, 77.4%, 65.5%, 69.6%, 68.6%, 71.5%]",,,,
6,weights,21,76,0.125,0.6849232150029533,0.9141681650653481,0.0001111111111111111,69.728571428571,"[71.3%, 65.6%, 77.4%, 65.5%, 69.6%, 68.6%, 70.1%]",,,,
6,weights,22,77,0.125,0.6806123464167873,0.8487423215992749,0.0001111111111111111,70.214285714286,"[71.3%, 65.6%, 77.4%, 65.5%, 69.6%, 68.6%, 73.5%]",,,,
6,weights,23,78,0.125,0.6862179316297362,0.8772470382973552,0.0001111111111111111,69.828571428571,"[71.3%, 65.6%, 77.4%, 65.5%, 69.6%, 68.6%, 70.8%]",,,,
6,weights,24,79,0.125,0.6635101082958753,0.8640982080250978,0.0001111111111111111,70.014285714286,"[71.3%, 65.6%, 77.4%, 65.5%, 69.6%, 68.6%, 72.1%]",,,,
6,weights,25,80,0.125,0.6591990691951558,0.8460426032543182,0.0001111111111111111,69.914285714286,"[71.3%, 65.6%, 77.4%, 65.5%, 69.6%, 68.6%, 71.4%]",48.65714285714286,"[50.7%, 42.5%, 74.4%, 31.1%, 41.1%, 49.3%, 51.5%]",61.214285714286,"[59.4%, 61.3%, 69.2%, 60.8%, 65.9%, 54.2%, 57.7%]"
7,parallel,1,1,0.125,3.515843521190595,2.6733670234680176,0.0001111111111111111,62.8,"[71.3%, 65.6%, 77.4%, 65.5%, 69.6%, 68.6%, 71.4%, 13%]",,,,
7,parallel,2,2,0.125,2.4842640418040602,2.3878233581781387,0.0001111111111111111,62.8,"[71.3%, 65.6%, 77.4%, 65.5%, 69.6%, 68.6%, 71.4%, 13%]",,,,
7,parallel,3,3,0.125,2.366912808599351,2.3477241694927216,0.0001111111111111111,62.8,"[71.3%, 65.6%, 77.4%, 65.5%, 69.6%, 68.6%, 71.4%, 13%]",,,,
7,parallel,4,4,0.125,2.340133790728412,2.3280065059661865,0.0001111111111111111,62.8,"[71.3%, 65.6%, 77.4%, 65.5%, 69.6%, 68.6%, 71.4%, 13%]",,,,
7,parallel,5,5,0.125,2.329751262181922,2.324413165450096,0.0001111111111111111,62.8,"[71.3%, 65.6%, 77.4%, 65.5%, 69.6%, 68.6%, 71.4%, 13%]",,,,
7,parallel,6,6,0.125,2.3228533660309223,2.322380632162094,0.0001111111111111111,63.0875,"[71.3%, 65.6%, 77.4%, 65.5%, 69.6%, 68.6%, 71.4%, 15.3%]",,,,
7,parallel,7,7,0.125,2.304345550416391,2.2825004905462265,0.0001111111111111111,63.475,"[71.3%, 65.6%, 77.4%, 65.5%, 69.6%, 68.6%, 71.4%, 18.4%]",,,,
7,parallel,8,8,0.125,2.23765688002864,2.1937964260578156,0.0001111111111111111,63.8,"[71.3%, 65.6%, 77.4%, 65.5%, 69.6%, 68.6%, 71.4%, 21%]",,,,
7,parallel,9,9,0.125,2.1399490199511564,2.0850110426545143,0.0001111111111111111,64.2375,"[71.3%, 65.6%, 77.4%, 65.5%, 69.6%, 68.6%, 71.4%, 24.5%]",,,,
7,parallel,10,10,0.125,2.04719191865076,2.032994046807289,0.0001111111111111111,63.8625,"[71.3%, 65.6%, 77.4%, 65.5%, 69.6%, 68.6%, 71.4%, 21.5%]",,,,
7,parallel,11,11,0.125,1.9536028783532637,1.9349511489272118,0.0001111111111111111,64.4375,"[71.3%, 65.6%, 77.4%, 65.5%, 69.6%, 68.6%, 71.4%, 26.1%]",,,,
7,parallel,12,12,0.125,1.9177038216892677,1.902000293135643,0.0001111111111111111,64.4875,"[71.3%, 65.6%, 77.4%, 65.5%, 69.6%, 68.6%, 71.4%, 26.5%]",,,,
7,parallel,13,13,0.125,1.8720793844778327,1.8565417230129242,0.0001111111111111111,64.675,"[71.3%, 65.6%, 77.4%, 65.5%, 69.6%, 68.6%, 71.4%, 28%]",,,,
7,parallel,14,14,0.125,1.8430535114264186,1.8335399329662323,0.0001111111111111111,64.95,"[71.3%, 65.6%, 77.4%, 65.5%, 69.6%, 68.6%, 71.4%, 30.2%]",,,,
7,parallel,15,15,0.125,1.8212271732620047,1.8147489354014397,0.0001111111111111111,64.975,"[71.3%, 65.6%, 77.4%, 65.5%, 69.6%, 68.6%, 71.4%, 30.4%]",,,,
7,parallel,16,16,0.125,1.7987045683438265,1.7970267459750175,0.0001111111111111111,65.3125,"[71.3%, 65.6%, 77.4%, 65.5%, 69.6%, 68.6%, 71.4%, 33.1%]",,,,
7,parallel,17,17,0.125,1.7638217406936838,1.7903336733579636,0.0001111111111111111,65.0375,"[71.3%, 65.6%, 77.4%, 65.5%, 69.6%, 68.6%, 71.4%, 30.9%]",,,,
7,parallel,18,18,0.125,1.72467400152472,1.8208743035793304,0.0001111111111111111,65.05,"[71.3%, 65.6%, 77.4%, 65.5%, 69.6%, 68.6%, 71.4%, 31%]",,,,
7,parallel,19,19,0.125,1.7115361102019684,1.7155550122261047,0.0001111111111111111,65.7125,"[71.3%, 65.6%, 77.4%, 65.5%, 69.6%, 68.6%, 71.4%, 36.3%]",,,,
7,parallel,20,20,0.125,1.684809988058066,1.708156943321228,0.0001111111111111111,66.1,"[71.3%, 65.6%, 77.4%, 65.5%, 69.6%, 68.6%, 71.4%, 39.4%]",,,,
7,parallel,21,21,0.125,1.6708947012696085,1.6920060887932777,0.0001111111111111111,66.05,"[71.3%, 65.6%, 77.4%, 65.5%, 69.6%, 68.6%, 71.4%, 39%]",,,,
7,parallel,22,22,0.125,1.635745315612117,1.7091507837176323,0.0001111111111111111,66.2125,"[71.3%, 65.6%, 77.4%, 65.5%, 69.6%, 68.6%, 71.4%, 40.3%]",,,,
7,parallel,23,23,0.125,1.626608730871466,1.594349630177021,0.0001111111111111111,66.8375,"[71.3%, 65.6%, 77.4%, 65.5%, 69.6%, 68.6%, 71.4%, 45.3%]",,,,
7,parallel,24,24,0.125,1.6014956250975403,1.567112073302269,0.0001111111111111111,67.1,"[71.3%, 65.6%, 77.4%, 65.5%, 69.6%, 68.6%, 71.4%, 47.4%]",,,,
7,parallel,25,25,0.125,1.5357894505126566,1.5445477701723576,0.0001111111111111111,67.1875,"[71.3%, 65.6%, 77.4%, 65.5%, 69.6%, 68.6%, 71.4%, 48.1%]",,,,
7,parallel,26,26,0.125,1.4955665521983859,1.5241818092763424,0.0001111111111111111,67.275,"[71.3%, 65.6%, 77.4%, 65.5%, 69.6%, 68.6%, 71.4%, 48.8%]",,,,
7,parallel,27,27,0.125,1.4264138589931439,1.5290729366242886,0.0001111111111111111,67.1875,"[71.3%, 65.6%, 77.4%, 65.5%, 69.6%, 68.6%, 71.4%, 48.1%]",,,,
7,parallel,28,28,0.125,1.421392884435533,1.4597656354308128,0.0001111111111111111,67.7,"[71.3%, 65.6%, 77.4%, 65.5%, 69.6%, 68.6%, 71.4%, 52.2%]",,,,
7,parallel,29,29,0.125,1.364655527887465,1.4631845243275166,0.0001111111111111111,67.4375,"[71.3%, 65.6%, 77.4%, 65.5%, 69.6%, 68.6%, 71.4%, 50.1%]",,,,
7,parallel,30,30,0.125,1.3234507343437099,1.4534853212535381,0.0001111111111111111,67.625,"[71.3%, 65.6%, 77.4%, 65.5%, 69.6%, 68.6%, 71.4%, 51.6%]",,,,
7,parallel,31,31,0.125,1.3120486675938474,1.3661608416587114,0.0001111111111111111,67.925,"[71.3%, 65.6%, 77.4%, 65.5%, 69.6%, 68.6%, 71.4%, 54%]",,,,
7,parallel,32,32,0.125,1.260826076887831,1.3214429840445518,0.0001111111111111111,68.25,"[71.3%, 65.6%, 77.4%, 65.5%, 69.6%, 68.6%, 71.4%, 56.6%]",,,,
7,parallel,33,33,0.125,1.2276600984078418,1.3055661171674728,0.0001111111111111111,68.3375,"[71.3%, 65.6%, 77.4%, 65.5%, 69.6%, 68.6%, 71.4%, 57.3%]",,,,
7,parallel,34,34,0.125,1.2046856246417081,1.2566521912813187,0.0001111111111111111,68.575,"[71.3%, 65.6%, 77.4%, 65.5%, 69.6%, 68.6%, 71.4%, 59.2%]",,,,
7,parallel,35,35,0.125,1.1796124200277691,1.23881671205163,0.0001111111111111111,68.4625,"[71.3%, 65.6%, 77.4%, 65.5%, 69.6%, 68.6%, 71.4%, 58.3%]",,,,
7,parallel,36,36,0.125,1.1484708740741392,1.2283085957169533,0.0001111111111111111,68.475,"[71.3%, 65.6%, 77.4%, 65.5%, 69.6%, 68.6%, 71.4%, 58.4%]",,,,
7,parallel,37,37,0.125,1.1291231211227706,1.210369996726513,0.0001111111111111111,68.575,"[71.3%, 65.6%, 77.4%, 65.5%, 69.6%, 68.6%, 71.4%, 59.2%]",,,,
7,parallel,38,38,0.125,1.111775885654401,1.2694032117724419,0.0001111111111111111,68.4625,"[71.3%, 65.6%, 77.4%, 65.5%, 69.6%, 68.6%, 71.4%, 58.3%]",,,,
7,parallel,39,39,0.125,1.1090352210817458,1.2321447301656008,0.0001111111111111111,68.925,"[71.3%, 65.6%, 77.4%, 65.5%, 69.6%, 68.6%, 71.4%, 62%]",,,,
7,parallel,40,40,0.125,1.0797832185709024,1.1883698627352715,0.0001111111111111111,68.95,"[71.3%, 65.6%, 77.4%, 65.5%, 69.6%, 68.6%, 71.4%, 62.2%]",,,,
7,parallel,41,41,0.125,1.0529500132874599,1.2366759963333607,0.0001111111111111111,68.6,"[71.3%, 65.6%, 77.4%, 65.5%, 69.6%, 68.6%, 71.4%, 59.4%]",,,,
7,parallel,42,42,0.125,1.031590694868112,1.159883689135313,0.0001111111111111111,68.975,"[71.3%, 65.6%, 77.4%, 65.5%, 69.6%, 68.6%, 71.4%, 62.4%]",,,,
7,parallel,43,43,0.125,1.0144180338593978,1.0964292474091053,0.0001111111111111111,69.3125,"[71.3%, 65.6%, 77.4%, 65.5%, 69.6%, 68.6%, 71.4%, 65.1%]",,,,
7,parallel,44,44,0.125,1.035486050044434,1.1066421624273062,0.0001111111111111111,69.3,"[71.3%, 65.6%, 77.4%, 65.5%, 69.6%, 68.6%, 71.4%, 65%]",,,,
7,parallel,45,45,0.125,0.9774269993546643,1.085602842271328,0.0001111111111111111,69.3125,"[71.3%, 65.6%, 77.4%, 65.5%, 69.6%, 68.6%, 71.4%, 65.1%]",,,,
7,parallel,46,46,0.125,0.9857018310812455,1.1007356848567724,0.0001111111111111111,69.3375,"[71.3%, 65.6%, 77.4%, 65.5%, 69.6%, 68.6%, 71.4%, 65.3%]",,,,
7,parallel,47,47,0.125,0.9726324511479728,1.0876873973757029,0.0001111111111111111,69.325,"[71.3%, 65.6%, 77.4%, 65.5%, 69.6%, 68.6%, 71.4%, 65.2%]",,,,
7,parallel,48,48,0.125,0.9588207768488534,1.0897949542850256,0.0001111111111111111,69.375,"[71.3%, 65.6%, 77.4%, 65.5%, 69.6%, 68.6%, 71.4%, 65.6%]",,,,
7,parallel,49,49,0.125,0.9413070580627345,1.0674665793776512,0.0001111111111111111,69.2875,"[71.3%, 65.6%, 77.4%, 65.5%, 69.6%, 68.6%, 71.4%, 64.9%]",,,,
7,parallel,50,50,0.125,0.9116481089893775,1.0837832558900118,0.0001111111111111111,69.3875,"[71.3%, 65.6%, 77.4%, 65.5%, 69.6%, 68.6%, 71.4%, 65.7%]",,,,
7,parallel,51,51,0.125,0.9009063915361332,1.0696332659572363,0.0001111111111111111,69.5,"[71.3%, 65.6%, 77.4%, 65.5%, 69.6%, 68.6%, 71.4%, 66.6%]",,,,
7,parallel,52,52,0.125,0.8889837778067287,1.0395204331725836,0.0001111111111111111,69.675,"[71.3%, 65.6%, 77.4%, 65.5%, 69.6%, 68.6%, 71.4%, 68%]",,,,
7,parallel,53,53,0.125,0.9041695979577077,1.0484724752604961,0.0001111111111111111,69.65,"[71.3%, 65.6%, 77.4%, 65.5%, 69.6%, 68.6%, 71.4%, 67.8%]",,,,
7,parallel,54,54,0.125,0.8910456767565087,1.090250013396144,0.0001111111111111111,69.4375,"[71.3%, 65.6%, 77.4%, 65.5%, 69.6%, 68.6%, 71.4%, 66.1%]",,,,
7,parallel,55,55,0.125,0.872021068500567,1.0773218888789415,0.0001111111111111111,69.5125,"[71.3%, 65.6%, 77.4%, 65.5%, 69.6%, 68.6%, 71.4%, 66.7%]",,,,
7,weights,1,56,0.125,0.850301087279863,0.9913447089493275,0.0001111111111111111,69.85,"[71.3%, 65.6%, 77.4%, 65.5%, 69.6%, 68.6%, 71.4%, 69.4%]",,,,
7,weights,2,57,0.125,0.8296893042854115,1.0174441933631897,0.0001111111111111111,69.8125,"[71.3%, 65.6%, 77.4%, 65.5%, 69.6%, 68.6%, 71.4%, 69.1%]",,,,
7,weights,3,58,0.125,0.8123755900165702,1.0819287616759539,0.0001111111111111111,69.725,"[71.3%, 65.6%, 77.4%, 65.5%, 69.6%, 68.6%, 71.4%, 68.4%]",,,,
7,weights,4,59,0.125,0.8266441693788842,1.0493561048060656,0.0001111111111111111,69.5125,"[71.3%, 65.6%, 77.4%, 65.5%, 69.6%, 68.6%, 71.4%, 66.7%]",,,,
7,weights,5,60,0.125,0.8186782847476911,1.0112083554267883,0.0001111111111111111,69.8375,"[71.3%, 65.6%, 77.4%, 65.5%, 69.6%, 68.6%, 71.4%, 69.3%]",,,,
7,weights,6,61,0.125,0.7898384264752835,0.9878907520323992,0.0001111111111111111,69.8625,"[71.3%, 65.6%, 77.4%, 65.5%, 69.6%, 68.6%, 71.4%, 69.5%]",,,,
7,weights,7,62,0.125,0.7813240780106073,1.0022657681256533,0.0001111111111111111,69.6625,"[71.3%, 65.6%, 77.4%, 65.5%, 69.6%, 68.6%, 71.4%, 67.9%]",,,,
7,weights,8,63,0.125,0.7716420707823355,0.9937113635241985,0.0001111111111111111,69.9,"[71.3%, 65.6%, 77.4%, 65.5%, 69.6%, 68.6%, 71.4%, 69.8%]",,,,
7,weights,9,64,0.125,0.7825034509731245,1.0307046845555305,0.0001111111111111111,69.925,"[71.3%, 65.6%, 77.4%, 65.5%, 69.6%, 68.6%, 71.4%, 70%]",,,,
7,weights,10,65,0.125,0.7657332503342931,1.0048379329964519,0.0001111111111111111,70.1375,"[71.3%, 65.6%, 77.4%, 65.5%, 69.6%, 68.6%, 71.4%, 71.7%]",,,,
7,weights,11,66,0.125,0.7761266635188574,0.9803530983626842,0.0001111111111111111,70.0375,"[71.3%, 65.6%, 77.4%, 65.5%, 69.6%, 68.6%, 71.4%, 70.9%]",,,,
7,weights,12,67,0.125,0.7349793160263496,0.993904460221529,0.0001111111111111111,69.8375,"[71.3%, 65.6%, 77.4%, 65.5%, 69.6%, 68.6%, 71.4%, 69.3%]",,,,
7,weights,13,68,0.125,0.747151093769677,0.9462373405694962,0.0001111111111111111,70.0625,"[71.3%, 65.6%, 77.4%, 65.5%, 69.6%, 68.6%, 71.4%, 71.1%]",,,,
7,weights,14,69,0.125,0.7210499391525607,0.9835834465920925,0.0001111111111111111,70.075,"[71.3%, 65.6%, 77.4%, 65.5%, 69.6%, 68.6%, 71.4%, 71.2%]",,,,
7,weights,15,70,0.125,0.7190718156627461,0.9694591425359249,0.0001111111111111111,70.1125,"[71.3%, 65.6%, 77.4%, 65.5%, 69.6%, 68.6%, 71.4%, 71.5%]",,,,
7,weights,16,71,0.125,0.7114265217811246,0.9359977189451456,0.0001111111111111111,70.2125,"[71.3%, 65.6%, 77.4%, 65.5%, 69.6%, 68.6%, 71.4%, 72.3%]",,,,
7,weights,17,72,0.125,0.7169321368012247,0.9712502956390381,0.0001111111111111111,69.775,"[71.3%, 65.6%, 77.4%, 65.5%, 69.6%, 68.6%, 71.4%, 68.8%]",,,,
7,weights,18,73,0.125,0.6962532508599607,0.9952363334596157,0.0001111111111111111,69.9625,"[71.3%, 65.6%, 77.4%, 65.5%, 69.6%, 68.6%, 71.4%, 70.3%]",,,,
7,weights,19,74,0.125,0.6994003653526306,0.9920123405754566,0.0001111111111111111,69.925,"[71.3%, 65.6%, 77.4%, 65.5%, 69.6%, 68.6%, 71.4%, 70%]",,,,
7,weights,20,75,0.125,0.6743497674978232,0.922200994566083,0.0001111111111111111,70.325,"[71.3%, 65.6%, 77.4%, 65.5%, 69.6%, 68.6%, 71.4%, 73.2%]",,,,
7,weights,21,76,0.125,0.6690117641340328,0.9967642650008202,0.0001111111111111111,69.9875,"[71.3%, 65.6%, 77.4%, 65.5%, 69.6%, 68.6%, 71.4%, 70.5%]",,,,
7,weights,22,77,0.125,0.646051523428929,0.9827846083790064,0.0001111111111111111,70.075,"[71.3%, 65.6%, 77.4%, 65.5%, 69.6%, 68.6%, 71.4%, 71.2%]",,,,
7,weights,23,78,0.125,0.6532259458982492,0.981933506205678,0.0001111111111111111,70.1875,"[71.3%, 65.6%, 77.4%, 65.5%, 69.6%, 68.6%, 71.4%, 72.1%]",,,,
7,weights,24,79,0.125,0.6603792128683645,0.9357096441090107,0.0001111111111111111,70.2,"[71.3%, 65.6%, 77.4%, 65.5%, 69.6%, 68.6%, 71.4%, 72.2%]",,,,
7,weights,25,80,0.125,0.6306333602229252,0.946603449061513,0.0001111111111111111,70.15,"[71.3%, 65.6%, 77.4%, 65.5%, 69.6%, 68.6%, 71.4%, 71.8%]",49.3125,"[50.7%, 42.5%, 74.4%, 31.1%, 41.1%, 49.3%, 51.5%, 53.9%]",60.225,"[65.1%, 61.3%, 59.2%, 60.8%, 61.8%, 57.7%, 57.7%, 58.2%]"
8,parallel,1,1,0.125,3.764721137058886,2.5043095350265503,0.0001111111111111111,63.777777777778,"[71.1%, 65.4%, 78.1%, 65.1%, 69.4%, 68.3%, 71.6%, 72%, 13%]",,,,
8,parallel,2,2,0.125,2.395661459693426,2.353611409664154,0.0001111111111111111,63.811111111111,"[71.1%, 65.8%, 77.8%, 65.2%, 69.6%, 68.4%, 71.3%, 72.1%, 13%]",,,,
8,parallel,3,3,0.125,2.339291992066782,2.3152207136154175,0.0001111111111111111,64.377777777778,"[71%, 66.2%, 77.7%, 65.4%, 69.3%, 68.5%, 71.3%, 71.9%, 18.1%]",,,,
8,parallel,4,4,0.125,2.2909395845630502,2.255131207406521,0.0001111111111111111,64.7,"[71.1%, 67%, 78%, 65.1%, 69.2%, 68.9%, 71.3%, 71.4%, 20.3%]",,,,
8,parallel,5,5,0.125,2.2214565216740474,2.171818770468235,0.0001111111111111111,64.622222222222,"[71.6%, 67%, 78.1%, 65.5%, 68.8%, 68.4%, 71.6%, 70%, 20.6%]",,,,
8,parallel,6,6,0.125,2.1330646155755733,2.060762993991375,0.0001111111111111111,65.033333333333,"[71.4%, 66.9%, 77.5%, 64.5%, 67.9%, 68.1%, 71.7%, 70.8%, 26.5%]",,,,
8,parallel,7,7,0.125,2.0312939339046236,1.9951863810420036,0.0001111111111111111,64.833333333333,"[70.8%, 66.8%, 77.5%, 64.7%, 68%, 68.5%, 71.1%, 67.4%, 28.7%]",,,,
8,parallel,8,8,0.125,1.9458579428588287,1.9010583087801933,0.0001111111111111111,64.977777777778,"[70.3%, 66.9%, 76.7%, 64.6%, 68%, 67.6%, 71.8%, 64.3%, 34.6%]",,,,
8,parallel,9,9,0.125,1.871865123133116,1.9039231538772583,0.0001111111111111111,64.933333333333,"[70.9%, 66.8%, 76.4%, 64.8%, 68.9%, 67.3%, 72.1%, 65.4%, 31.8%]",,,,
8,parallel,10,10,0.125,1.8204518239709395,1.7833552658557892,0.0001111111111111111,65.2,"[70.1%, 66.7%, 76.1%, 64.7%, 68%, 67.3%, 72.2%, 64.6%, 37.1%]",,,,
8,parallel,11,11,0.125,1.752269079413595,1.723950244486332,0.0001111111111111111,65.6,"[69.9%, 67.1%, 76%, 65.3%, 68.8%, 67.4%, 72.2%, 63.8%, 39.9%]",,,,
8,parallel,12,12,0.125,1.7021339799784407,1.661471776664257,0.0001111111111111111,65.144444444444,"[70%, 67.2%, 76.3%, 65.3%, 69%, 67.6%, 71.9%, 57.1%, 41.9%]",,,,
8,parallel,13,13,0.125,1.6735138289536102,1.723195943981409,0.0001111111111111111,64.388888888889,"[69.8%, 67.5%, 75.8%, 65%, 68.7%, 67.3%, 71.4%, 55.6%, 38.4%]",,,,
8,parallel,14,14,0.125,1.6294027280203904,1.7413018606603146,0.0001111111111111111,64.377777777778,"[69.6%, 67%, 75.2%, 64.3%, 68.1%, 66.9%, 71.7%, 59.1%, 37.5%]",,,,
8,parallel,15,15,0.125,1.602552146851262,1.7199780531227589,0.0001111111111111111,64.344444444444,"[69.9%, 67.5%, 74.7%, 64.8%, 68.7%, 67.1%, 71.9%, 54%, 40.5%]",,,,
8,parallel,16,16,0.125,1.5993242565589616,1.7235537245869637,0.0001111111111111111,64.155555555556,"[69%, 66.8%, 75.2%, 64.5%, 67.4%, 66.6%, 71.5%, 57.2%, 39.2%]",,,,
8,parallel,17,17,0.125,1.550219004667258,1.5859650112688541,0.0001111111111111111,65.5,"[69.2%, 66.6%, 75.6%, 64.8%, 68.3%, 66.9%, 71.5%, 59.7%, 46.9%]",,,,
8,parallel,18,18,0.125,1.513583130474332,1.511966798454523,0.0001111111111111111,65.666666666667,"[69.8%, 66.8%, 75.4%, 64.8%, 68.2%, 66.9%, 71.2%, 58.5%, 49.4%]",,,,
8,parallel,19,19,0.125,1.4976163046269477,1.5455218777060509,0.0001111111111111111,65.533333333333,"[69.4%, 67.3%, 75.8%, 64.3%, 68.6%, 66.3%, 71.6%, 57.4%, 49.1%]",,,,
8,parallel,20,20,0.125,1.4671563770197615,1.5144815295934677,0.0001111111111111111,65.966666666667,"[69.3%, 66.9%, 75.1%, 64.8%, 68.4%, 66.4%, 71.6%, 60.5%, 50.7%]",,,,
8,parallel,21,21,0.125,1.4529076060162316,1.4957934506237507,0.0001111111111111111,65.3,"[69.6%, 67.4%, 75%, 64.2%, 68.4%, 66.4%, 71.6%, 55.9%, 49.2%]",,,,
8,parallel,22,22,0.125,1.4197700989397266,1.4405965954065323,0.0001111111111111111,65.822222222222,"[69.3%, 67.1%, 74.8%, 64.6%, 68.1%, 66.1%, 71.5%, 58.1%, 52.8%]",,,,
8,parallel,23,23,0.125,1.4007874259465858,1.5803041532635689,0.0001111111111111111,64.788888888889,"[69.4%, 66.9%, 75.1%, 64.2%, 68.1%, 66.3%, 71.4%, 54.2%, 47.5%]",,,,
8,parallel,24,24,0.125,1.386652738233156,1.459717657417059,0.0001111111111111111,65.9,"[69.5%, 67.1%, 74.9%, 64.2%, 67.2%, 66.4%, 71.6%, 60.6%, 51.6%]",,,,
8,parallel,25,25,0.125,1.3338759579235995,1.442886471748352,0.0001111111111111111,65.811111111111,"[69.3%, 67%, 75.4%, 63.9%, 67.2%, 66.1%, 71.5%, 58.6%, 53.3%]",,,,
8,parallel,26,26,0.125,1.3284777010543436,1.4008721951395273,0.0001111111111111111,65.777777777778,"[69.7%, 67%, 74.8%, 63.9%, 66.9%, 66.7%, 71.2%, 58.1%, 53.7%]",,,,
8,parallel,27,27,0.125,1.3047614520109152,1.4433397892862558,0.0001111111111111111,65.888888888889,"[69.5%, 67.4%, 74.6%, 64.2%, 67.5%, 66.8%, 71.5%, 59.4%, 52.1%]",,,,
8,parallel,28,28,0.125,1.2703401816042164,1.3778586313128471,0.0001111111111111111,66.311111111111,"[70%, 67%, 74.9%, 64.4%, 66.3%, 66.4%, 71.4%, 59.9%, 56.5%]",,,,
8,parallel,29,29,0.125,1.2533938009527665,1.465625785291195,0.0001111111111111111,66.277777777778,"[70.5%, 67%, 75.3%, 64%, 66.4%, 66.1%, 71.6%, 61.1%, 54.5%]",,,,
8,parallel,30,30,0.125,1.26105975501145,1.4428694937378168,0.0001111111111111111,66.244444444444,"[70.5%, 66.8%, 75.2%, 63.7%, 66.2%, 65.9%, 71.5%, 61.6%, 54.8%]",,,,
8,parallel,31,31,0.125,1.229121752932102,1.4257117789238691,0.0001111111111111111,66.077777777778,"[70.8%, 67.1%, 75.8%, 63.7%, 66.5%, 65.9%, 71.6%, 58.2%, 55.1%]",,,,
8,parallel,32,32,0.125,1.1976369551465482,1.3462133593857288,0.0001111111111111111,67.055555555556,"[70.3%, 67.3%, 75.5%, 63.8%, 65.6%, 65.9%, 71.7%, 65.4%, 58%]",,,,
8,parallel,33,33,0.125,1.1924112567418739,1.2748595215380192,0.0001111111111111111,67.166666666667,"[70.6%, 66.9%, 75.9%, 63.2%, 66.3%, 66%, 71.4%, 64.7%, 59.5%]",,,,
8,parallel,34,34,0.125,1.1657211131687406,1.308833783492446,0.0001111111111111111,66.888888888889,"[70.5%, 66.7%, 75.8%, 63.2%, 66.1%, 65.8%, 71.7%, 62.8%, 59.4%]",,,,
8,parallel,35,35,0.125,1.1314117923567566,1.2698552887886763,0.0001111111111111111,66.511111111111,"[70%, 66.9%, 76%, 63.5%, 65%, 65.4%, 71.4%, 61.5%, 58.9%]",,,,
8,parallel,36,36,0.125,1.1390371994127202,1.3045621179044247,0.0001111111111111111,66.211111111111,"[70.4%, 67.1%, 75.1%, 63.2%, 64.9%, 65.9%, 71.5%, 59.5%, 58.3%]",,,,
8,parallel,37,37,0.125,1.115087344299389,1.2779163680970669,0.0001111111111111111,67.333333333333,"[70.1%, 66.8%, 76.4%, 63.4%, 65.4%, 65.7%, 71.5%, 65.9%, 60.8%]",,,,
8,parallel,38,38,0.125,1.0889599708062183,1.2600792720913887,0.0001111111111111111,67.022222222222,"[70.5%, 66.8%, 75.6%, 62.9%, 65.3%, 65.9%, 71.6%, 62.8%, 61.8%]",,,,
8,parallel,39,39,0.125,1.0736327435396895,1.2665624879300594,0.0001111111111111111,66.988888888889,"[70.2%, 66.7%, 74.9%, 63%, 65.2%, 66.2%, 71.6%, 63.9%, 61.2%]",,,,
8,parallel,40,40,0.125,1.0818686515470095,1.169282365590334,0.0001111111111111111,67.188888888889,"[70.1%, 67.6%, 74.7%, 63.5%, 65.9%, 66%, 71.8%, 61.4%, 63.7%]",,,,
8,parallel,41,41,0.125,1.0456496175331405,1.2481882274150848,0.0001111111111111111,67.322222222222,"[70.8%, 66.9%, 75%, 63.4%, 65.1%, 66.3%, 71.8%, 64.4%, 62.2%]",,,,
8,parallel,42,42,0.125,1.034612835208072,1.2539287209510803,0.0001111111111111111,66.533333333333,"[70.7%, 67.4%, 75.2%, 62.9%, 63.7%, 66.1%, 72%, 59.9%, 60.9%]",,,,
8,parallel,43,43,0.125,1.0137848310832736,1.1812157202512026,0.0001111111111111111,67.033333333333,"[71%, 67.2%, 75%, 63%, 64.4%, 66.2%, 71.9%, 61.3%, 63.3%]",,,,
8,parallel,44,44,0.125,1.0012834932230696,1.2629455868154764,0.0001111111111111111,66.7,"[70.7%, 66.8%, 75.1%, 62.8%, 65.1%, 65.7%, 72%, 60.3%, 61.8%]",,,,
8,parallel,45,45,0.125,0.9844436302215238,1.1269046813249588,0.0001111111111111111,67.133333333333,"[70.4%, 66.9%, 75.4%, 62.7%, 65.6%, 66.1%, 71.8%, 59.7%, 65.6%]",,,,
8,parallel,46,46,0.125,0.9723963986469221,1.20600064098835,0.0001111111111111111,67.011111111111,"[70.4%, 66.8%, 75.4%, 62.9%, 65.1%, 66.1%, 71.7%, 60.1%, 64.6%]",,,,
8,parallel,47,47,0.125,0.9314785079111026,1.2358722109347582,0.0001111111111111111,66.688888888889,"[70.5%, 67.3%, 74.8%, 62.9%, 64.8%, 66.2%, 71.5%, 59.4%, 62.8%]",,,,
8,parallel,48,48,0.125,0.9262915691242942,1.1847631558775902,0.0001111111111111111,67.011111111111,"[70.3%, 67.1%, 75.2%, 63%, 64.7%, 66.5%, 71.4%, 61.2%, 63.7%]",,,,
8,parallel,49,49,0.125,0.922022218191171,1.22009851410985,0.0001111111111111111,66.455555555556,"[69.8%, 67.1%, 74.7%, 62.7%, 62.8%, 66.4%, 71.2%, 60.2%, 63.2%]",,,,
8,parallel,50,50,0.125,0.9532520846475528,1.1536398380994797,0.0001111111111111111,67.166666666667,"[70.4%, 67.6%, 75%, 62.9%, 64.9%, 66.3%, 71.3%, 60.5%, 65.6%]",,,,
8,parallel,51,51,0.125,0.9053725690781316,1.2383127566426992,0.0001111111111111111,66.966666666667,"[71%, 66.9%, 75.1%, 62.7%, 64.6%, 65.9%, 71.5%, 59.9%, 65.1%]",,,,
8,parallel,52,52,0.125,0.8826109646241876,1.1835113670676947,0.0001111111111111111,66.888888888889,"[70.6%, 67.4%, 75.2%, 62.9%, 63.7%, 66.3%, 71.2%, 60.7%, 64%]",,,,
8,parallel,53,53,0.125,0.8986075973208947,1.1721041910350323,0.0001111111111111111,67.033333333333,"[70.3%, 67.1%, 75.5%, 63%, 64.5%, 66.7%, 71.3%, 60.8%, 64.1%]",,,,
8,parallel,54,54,0.125,0.8663053022155279,1.1142281349748373,0.0001111111111111111,67.2,"[70.2%, 67.3%, 75%, 63.2%, 63.4%, 66%, 71.3%, 60.9%, 67.5%]",,,,
8,parallel,55,55,0.125,0.8539754808703556,1.158767039887607,0.0001111111111111111,67.388888888889,"[70.2%, 67%, 74.6%, 63.1%, 63.4%, 66%, 71.6%, 64%, 66.6%]",,,,
8,weights,1,56,0.125,0.8592354994785937,1.2355796378105879,0.0001111111111111111,67.177777777778,"[70.3%, 67.8%, 75.2%, 63.4%, 63.3%, 65.7%, 71.6%, 63.9%, 63.4%]",,,,
8,weights,2,57,0.125,0.8360287079328224,1.0729660708457232,0.0001111111111111111,66.855555555556,"[70.1%, 66.8%, 74.2%, 62.9%, 62.8%, 66.2%, 71.6%, 60.4%, 66.7%]",,,,
8,weights,3,58,0.125,0.8238932980766779,1.1589206494390965,0.0001111111111111111,67.122222222222,"[70.6%, 66.9%, 75%, 62.9%, 63.9%, 65.8%, 71.6%, 60.5%, 66.9%]",,,,
8,weights,4,59,0.125,0.8340240807472905,1.1723368782550097,0.0001111111111111111,66.933333333333,"[70.2%, 66.8%, 75.3%, 63.2%, 63.2%, 66%, 71.5%, 61.2%, 65%]",,,,
8,weights,5,60,0.125,0.8072425855111472,1.1585213281214237,0.0001111111111111111,67.355555555556,"[70.6%, 67.6%, 75.2%, 62.6%, 63.4%, 66.6%, 71.8%, 61.7%, 66.7%]",,,,
8,weights,6,61,0.125,0.8032488125034526,1.0959617206826806,0.0001111111111111111,67.388888888889,"[69.9%, 67.1%, 74.7%, 62.9%, 63.8%, 66.4%, 71.7%, 62.7%, 67.3%]",,,,
8,weights,7,62,0.125,0.8122013679033593,1.0973848700523376,0.0001111111111111111,67.488888888889,"[70.2%, 67.2%, 74.2%, 62.8%, 63.2%, 66.2%, 71.6%, 64.8%, 67.2%]",,,,
8,weights,8,63,0.125,0.7730137886880319,1.1203813273459673,0.0001111111111111111,67.3,"[70.1%, 67.5%, 75%, 62.7%, 65.6%, 66.1%, 71.6%, 60.2%, 66.9%]",,,,
8,weights,9,64,0.125,0.7901331042941613,1.066738954745233,0.0001111111111111111,67.177777777778,"[70.6%, 67.6%, 75%, 63.1%, 63.6%, 65.7%, 71.6%, 59.9%, 67.5%]",,,,
8,weights,10,65,0.125,0.7871986008897612,1.0864010378718376,0.0001111111111111111,67.122222222222,"[70.1%, 67.5%, 74.7%, 62.9%, 62.5%, 66.5%, 71.8%, 61.8%, 66.3%]",,,,
8,weights,11,66,0.125,0.7641219549541232,1.1891390513628721,0.0001111111111111111,66.877777777778,"[70.6%, 67.6%, 74.9%, 62%, 63.2%, 66.3%, 71.4%, 59.8%, 66.1%]",,,,
8,weights,12,67,0.125,0.7743339485759977,1.0723013449460268,0.0001111111111111111,67.088888888889,"[70.8%, 67.6%, 74.3%, 62.3%, 63%, 66%, 71.2%, 61%, 67.6%]",,,,
8,weights,13,68,0.125,0.7311956516549557,1.1038841493427753,0.0001111111111111111,66.944444444444,"[70.4%, 67.4%, 74.8%, 62.2%, 63.3%, 65.8%, 71.3%, 60.3%, 67%]",,,,
8,weights,14,69,0.125,0.7208163334599024,1.1144362892955542,0.0001111111111111111,67.222222222222,"[70.4%, 67.5%, 74.8%, 62.5%, 62.7%, 65.9%, 71.1%, 63.3%, 66.8%]",,,,
8,weights,15,70,0.125,0.7431736867639083,1.0981244072318077,0.0001111111111111111,66.866666666667,"[70.6%, 67.1%, 74.9%, 62.5%, 62%, 65.9%, 71.3%, 60.2%, 67.3%]",,,,
8,weights,16,71,0.125,0.7259130360959452,1.1044627167284489,0.0001111111111111111,67.288888888889,"[70%, 67.7%, 74.6%, 62.7%, 62.3%, 65.9%, 71.3%, 63.3%, 67.8%]",,,,
8,weights,17,72,0.125,0.702575865425641,1.0969402454793453,0.0001111111111111111,67.077777777778,"[70.6%, 67.5%, 74.6%, 62.6%, 62.7%, 65.9%, 71.6%, 61.6%, 66.6%]",,,,
8,weights,18,73,0.125,0.7468954860409603,1.0714456429705024,0.0001111111111111111,67.044444444444,"[70.4%, 67.8%, 74.1%, 62.5%, 62.5%, 66%, 71.5%, 61.8%, 66.8%]",,,,
8,weights,19,74,0.125,0.6922142207622528,1.0235541258007288,0.0001111111111111111,67.311111111111,"[70.2%, 67.4%, 74.5%, 62.5%, 63%, 65.9%, 71.7%, 61.4%, 69.2%]",,,,
8,weights,20,75,0.125,0.6804631971105745,1.1048425929620862,0.0001111111111111111,66.766666666667,"[70.4%, 67.7%, 74.3%, 62.7%, 62.1%, 66%, 71.5%, 58.9%, 67.3%]",,,,
8,weights,21,76,0.125,0.6761977776319166,1.0677972566336393,0.0001111111111111111,67.211111111111,"[70.2%, 67.5%, 74.5%, 62.8%, 62.4%, 66.4%, 71.5%, 61.2%, 68.4%]",,,,
8,weights,22,77,0.125,0.6714541093458103,1.020189791917801,0.0001111111111111111,67.233333333333,"[70%, 67.4%, 74.6%, 62.7%, 62.2%, 66.7%, 71.1%, 61.4%, 69%]",,,,
8,weights,23,78,0.125,0.6795628055741515,1.110857673920691,0.0001111111111111111,67.288888888889,"[70.1%, 67.7%, 74.5%, 62.5%, 62.6%, 67%, 71.2%, 61.7%, 68.3%]",,,,
8,weights,24,79,0.125,0.6643763120415844,1.0764064099639654,0.0001111111111111111,67.211111111111,"[70.9%, 67.6%, 74.6%, 62.4%, 62.9%, 66.4%, 71%, 61.1%, 68%]",,,,
8,weights,25,80,0.125,0.677701964785781,1.0018272045999765,0.0001111111111111111,67.255555555556,"[70.2%, 67.7%, 74.7%, 62.1%, 62.6%, 66.6%, 71%, 60.1%, 70.3%]",45.94444444444444,"[47.4%, 34.4%, 67.6%, 32.3%, 21.1%, 56.3%, 42.1%, 45.0%, 67.3%]",57.266666666667,"[57.4%, 63.3%, 57.4%, 59%, 50.2%, 65.6%, 56.5%, 45%, 61%]"
9,parallel,1,1,0.125,3.934410291382029,2.499415025115013,0.0001111111111111111,62.14,"[70.4%, 67.5%, 74.9%, 62.7%, 64.3%, 66.2%, 71.4%, 60.4%, 70.6%, 13%]",,,,
9,parallel,2,2,0.125,2.3936195796049096,2.3535092920064926,0.0001111111111111111,62.13,"[70.2%, 67.5%, 74.8%, 62.8%, 64%, 66.1%, 71.6%, 60.5%, 70.8%, 13%]",,,,
9,parallel,3,3,0.125,2.335438166992574,2.325451985001564,0.0001111111111111111,62.4,"[70.6%, 67.5%, 74.9%, 63%, 63.6%, 66%, 71.2%, 60.4%, 70.4%, 16.4%]",,,,
9,parallel,4,4,0.125,2.284860970098761,2.25187985599041,0.0001111111111111111,62.58,"[69.7%, 67.1%, 74.8%, 62.9%, 64%, 66.4%, 70.9%, 60.8%, 71%, 18.2%]",,,,
9,parallel,5,5,0.125,2.1954561366310603,2.1565573289990425,0.0001111111111111111,62.76,"[70.6%, 67%, 74.6%, 62.1%, 65.4%, 66%, 71%, 58.4%, 70.2%, 22.3%]",,,,
9,parallel,6,6,0.125,2.1043422418304636,2.0925935208797455,0.0001111111111111111,62.75,"[70.4%, 66.9%, 74.3%, 62.3%, 63.1%, 66.2%, 70.8%, 56.1%, 70.8%, 26.6%]",,,,
9,parallel,7,7,0.125,2.043600788599328,2.023541398346424,0.0001111111111111111,63.07,"[70.2%, 66.5%, 74.2%, 61.5%, 64.1%, 66.3%, 70.7%, 56.4%, 69.6%, 31.2%]",,,,
9,parallel,8,8,0.125,1.9402177801615075,2.0128591284155846,0.0001111111111111111,62.85,"[71.1%, 66.5%, 74.2%, 61.4%, 63.6%, 66.2%, 71.3%, 53.6%, 69.2%, 31.4%]",,,,
9,parallel,9,9,0.125,1.887434361856195,1.9323861598968506,0.0001111111111111111,63.09,"[69.6%, 66.7%, 74.2%, 61.3%, 63.6%, 66%, 70.9%, 55.9%, 69.5%, 33.2%]",,,,
9,parallel,10,10,0.125,1.8044115833089323,1.8371372073888779,0.0001111111111111111,63.99,"[70.8%, 66.6%, 74.1%, 61.7%, 63.3%, 65.7%, 71.2%, 55.8%, 69.2%, 41.5%]",,,,
9,parallel,11,11,0.125,1.7308826959585841,1.7848723381757736,0.0001111111111111111,63.67,"[69.9%, 66.4%, 74%, 61.6%, 62.6%, 65.8%, 71.3%, 55.1%, 68.4%, 41.6%]",,,,
9,parallel,12,12,0.125,1.6559021457841125,1.6684766933321953,0.0001111111111111111,64.05,"[69.8%, 66.7%, 73.8%, 61.1%, 63.1%, 65.6%, 70.9%, 54.5%, 68.2%, 46.8%]",,,,
9,parallel,13,13,0.125,1.5710803481596936,1.5834262035787106,0.0001111111111111111,64.6,"[70.2%, 66.6%, 74%, 61.6%, 62.8%, 65.6%, 71.3%, 54.4%, 68.4%, 51.1%]",,,,
9,parallel,14,14,0.125,1.4841428195373922,1.5089355632662773,0.0001111111111111111,64.7,"[70.8%, 66.3%, 74.1%, 61.3%, 62.3%, 65.5%, 70.8%, 54.8%, 68.4%, 52.7%]",,,,
9,parallel,15,15,0.125,1.4519711325440225,1.4777407385408878,0.0001111111111111111,64.88,"[70%, 66.7%, 74%, 61.9%, 62.6%, 65.6%, 70.9%, 55.3%, 68.3%, 53.5%]",,,,
9,parallel,16,16,0.125,1.3902360412138928,1.5411687903106213,0.0001111111111111111,64.62,"[70%, 66.3%, 73.9%, 61.8%, 62.7%, 65.9%, 70.4%, 55.8%, 69%, 50.4%]",,,,
9,parallel,17,17,0.125,1.332736066625088,1.3934618458151817,0.0001111111111111111,64.83,"[70.2%, 66.2%, 73.7%, 60.9%, 62.9%, 65.4%, 70.8%, 53.6%, 68.1%, 56.5%]",,,,
9,parallel,18,18,0.125,1.2809150633932669,1.295176763087511,0.0001111111111111111,65.19,"[70.1%, 66.4%, 73.5%, 61.9%, 62.4%, 65.8%, 70.8%, 54.9%, 67.9%, 58.2%]",,,,
9,parallel,19,19,0.125,1.246968700161463,1.3842686377465725,0.0001111111111111111,65.35,"[69.6%, 66.4%, 73.6%, 62.2%, 62.2%, 65.7%, 70.9%, 58%, 68.5%, 56.4%]",,,,
9,parallel,20,20,0.125,1.2109412490567075,1.2528268210589886,0.0001111111111111111,65.65,"[70%, 66.3%, 73.8%, 62.1%, 62.3%, 65.6%, 71%, 57%, 68.2%, 60.2%]",,,,
9,parallel,21,21,0.125,1.1824514473540872,1.2480655498802662,0.0001111111111111111,65.39,"[69.3%, 66.4%, 73.7%, 61.4%, 63%, 65.9%, 70.8%, 55.8%, 68.2%, 59.4%]",,,,
9,parallel,22,22,0.125,1.1621873665459548,1.2213743329048157,0.0001111111111111111,65.96,"[70%, 66.3%, 73.7%, 61.8%, 63.4%, 65.7%, 70.9%, 57%, 67.9%, 62.9%]",,,,
9,parallel,23,23,0.125,1.1423943427544605,1.1912653036415577,0.0001111111111111111,65.91,"[69.3%, 66.2%, 73.9%, 61.4%, 62.9%, 65.4%, 70.8%, 56.1%, 68.8%, 64.3%]",,,,
9,parallel,24,24,0.125,1.0939416153521477,1.2633244581520557,0.0001111111111111111,65.31,"[69.6%, 66.5%, 73.5%, 61.4%, 61.8%, 65.7%, 71%, 55.2%, 68.5%, 59.9%]",,,,
9,parallel,25,25,0.125,1.0881258573713182,1.1249579675495625,0.0001111111111111111,65.66,"[68.9%, 66%, 73.5%, 61.3%, 62.6%, 65.5%, 70.7%, 55%, 68.5%, 64.6%]",,,,
9,parallel,26,26,0.125,1.0516888529439516,1.1453987061977386,0.0001111111111111111,65.75,"[69.1%, 66%, 73.8%, 61.7%, 63.1%, 65.4%, 70.3%, 55%, 68.5%, 64.6%]",,,,
9,parallel,27,27,0.125,1.0078418571737748,1.102820724248886,0.0001111111111111111,65.95,"[69.2%, 66.1%, 73.5%, 61.6%, 62.3%, 65.5%, 70.8%, 54.1%, 68.8%, 67.6%]",,,,
9,parallel,28,28,0.125,1.0015802270249476,1.256546601653099,0.0001111111111111111,65.32,"[69.2%, 66.1%, 73.4%, 61.8%, 61.9%, 65.6%, 71%, 54.6%, 68.3%, 61.3%]",,,,
9,parallel,29,29,0.125,1.0031230540215215,1.055730864405632,0.0001111111111111111,65.9,"[69.1%, 65.8%, 73.4%, 61.3%, 61.9%, 65.3%, 70.9%, 55%, 68.3%, 68%]",,,,
9,parallel,30,30,0.125,0.9341883531099633,1.0778558198362589,0.0001111111111111111,65.77,"[68.3%, 65.9%, 73.7%, 61%, 61.8%, 65.2%, 70.6%, 54.8%, 68.4%, 68%]",,,,
9,parallel,31,31,0.125,0.9374623027028917,1.1170457042753696,0.0001111111111111111,65.89,"[68.8%, 65.8%, 73.7%, 61.6%, 61.9%, 65.4%, 70.8%, 55.4%, 68%, 67.5%]",,,,
9,parallel,32,32,0.125,0.9361161981956868,1.1792194582521915,0.0001111111111111111,65.54,"[69.1%, 65.6%, 74.1%, 61.2%, 61.9%, 65.6%, 70.6%, 54.8%, 68.2%, 64.3%]",,,,
9,parallel,33,33,0.125,0.9178281871578361,1.0700070895254612,0.0001111111111111111,65.49,"[68.5%, 65.5%, 73.9%, 61%, 61.2%, 65.1%, 70.4%, 54.4%, 68.4%, 66.5%]",,,,
9,parallel,34,34,0.125,0.8630361753174022,1.0500383339822292,0.0001111111111111111,65.7,"[68.9%, 65.7%, 73.5%, 61%, 61.8%, 65%, 70.1%, 53.6%, 68%, 69.4%]",,,,
9,parallel,35,35,0.125,0.8360239846419685,0.9919804595410824,0.0001111111111111111,65.69,"[68.3%, 65.6%, 73.6%, 60.9%, 62.1%, 64.5%, 69.9%, 53.6%, 67.6%, 70.8%]",,,,
9,parallel,36,36,0.125,0.8255962363526791,0.9512184485793114,0.0001111111111111111,65.89,"[69%, 65.8%, 73.9%, 60.9%, 61.6%, 64.8%, 69.5%, 52.4%, 67.8%, 73.2%]",,,,
9,parallel,37,37,0.125,0.8088541857049435,0.9725156016647816,0.0001111111111111111,65.77,"[68.9%, 65.6%, 74%, 60.9%, 61.7%, 64.2%, 69.9%, 53.4%, 67.9%, 71.2%]",,,,
9,parallel,38,38,0.125,0.8080827209013927,0.9275671821087599,0.0001111111111111111,66.12,"[68.7%, 65.9%, 74%, 60.8%, 61.4%, 64.8%, 69.7%, 53.9%, 68%, 74%]",,,,
9,parallel,39,39,0.125,0.8156107754646977,1.0750672947615385,0.0001111111111111111,65.38,"[68.6%, 66.1%, 74.1%, 61%, 61.5%, 64.8%, 69.6%, 53.5%, 67.2%, 67.4%]",,,,
9,parallel,40,40,0.125,0.7799537977840327,1.0422964598983526,0.0001111111111111111,65.47,"[68.7%, 66.2%, 74%, 60.4%, 61.1%, 64.7%, 69.4%, 52.9%, 68.2%, 69.1%]",,,,
9,parallel,41,41,0.125,0.7916325711751286,0.9907870497554541,0.0001111111111111111,65.85,"[68.5%, 66.1%, 73.8%, 60.4%, 61.7%, 65%, 69.3%, 54.9%, 67.5%, 71.3%]",,,,
9,parallel,42,42,0.125,0.76114156615885,0.9926297292113304,0.0001111111111111111,65.76,"[68.5%, 66.1%, 73.8%, 60.6%, 61.6%, 64.8%, 68.8%, 53.7%, 68.3%, 71.4%]",,,,
9,parallel,43,43,0.125,0.7498524426659451,0.896659454330802,0.0001111111111111111,66.29,"[69.3%, 66.4%, 73.8%, 60.8%, 61.6%, 65.1%, 69.6%, 54.4%, 67.8%, 74.1%]",,,,
9,parallel,44,44,0.125,0.7388449903530411,1.0014797523617744,0.0001111111111111111,65.73,"[69.3%, 65.9%, 73.9%, 60.7%, 60.7%, 64.9%, 69.5%, 53.5%, 68.4%, 70.5%]",,,,
9,parallel,45,45,0.125,0.7262484287913842,0.8878346607089043,0.0001111111111111111,66.17,"[69.1%, 66.1%, 73.9%, 60.6%, 61.7%, 65.1%, 69.4%, 53.4%, 68%, 74.4%]",,,,
9,parallel,46,46,0.125,0.7077601838715469,0.9741766639053822,0.0001111111111111111,65.69,"[69.2%, 65.6%, 73.9%, 59.9%, 61.5%, 64.8%, 68.9%, 53.1%, 67.7%, 72.3%]",,,,
9,parallel,47,47,0.125,0.6901182283329058,0.9104065522551537,0.0001111111111111111,65.81,"[68.9%, 65.5%, 73.9%, 60.1%, 60.6%, 65.1%, 69.1%, 53%, 67.6%, 74.3%]",,,,
9,parallel,48,48,0.125,0.7025532062295117,0.9660491198301315,0.0001111111111111111,65.81,"[69.3%, 65.6%, 73.9%, 60.7%, 60.7%, 64.9%, 69%, 53%, 67.8%, 73.2%]",,,,
9,parallel,49,49,0.125,0.6845570278318622,0.9431852120906115,0.0001111111111111111,65.93,"[69.3%, 65.6%, 74.1%, 60.5%, 61.3%, 64.5%, 69.2%, 52.6%, 68.4%, 73.8%]",,,,
9,parallel,50,50,0.125,0.6671525160723095,0.9644227176904678,0.0001111111111111111,65.76,"[69.1%, 65.7%, 74%, 60.6%, 61%, 64.7%, 69.2%, 51.8%, 68.5%, 73%]",,,,
9,parallel,51,51,0.125,0.6857724170896071,0.9191188849508762,0.0001111111111111111,65.77,"[68.9%, 65.7%, 74.2%, 60.2%, 60.9%, 65%, 69.2%, 52.3%, 68.2%, 73.1%]",,,,
9,parallel,52,52,0.125,0.6326798370367364,0.9056293675675988,0.0001111111111111111,65.83,"[68.3%, 65.9%, 74.1%, 60.3%, 60.2%, 64.7%, 69.3%, 52%, 68.3%, 75.2%]",,,,
9,parallel,53,53,0.125,0.6279985014396378,0.9745495542883873,0.0001111111111111111,65.69,"[68.6%, 66.2%, 74.1%, 60.4%, 60.2%, 65%, 69%, 52.7%, 68.3%, 72.4%]",,,,
9,parallel,54,54,0.125,0.6183187131640278,0.9311075452715158,0.0001111111111111111,65.86,"[68.8%, 65.9%, 74.1%, 60.4%, 60.5%, 65.1%, 68.8%, 53.1%, 68.1%, 73.8%]",,,,
9,parallel,55,55,0.125,0.6012270322328881,0.8538271337747574,0.0001111111111111111,66.05,"[68.9%, 65.7%, 74.2%, 60.6%, 60.2%, 65.1%, 68.9%, 53.6%, 68%, 75.3%]",,,,
9,weights,1,56,0.125,0.6098449264146104,0.9480403624475002,0.0001111111111111111,65.8,"[68.7%, 65.8%, 74.3%, 60%, 59.9%, 65%, 69%, 52.6%, 68%, 74.7%]",,,,
9,weights,2,57,0.125,0.6023909785325015,0.8916585706174374,0.0001111111111111111,65.83,"[68.6%, 65.7%, 73.9%, 59.8%, 60.1%, 64.9%, 69%, 53%, 67.8%, 75.5%]",,,,
9,weights,3,58,0.125,0.6266366379170478,0.8649106081575155,0.0001111111111111111,65.53,"[68.7%, 65.6%, 74%, 60.2%, 60%, 64.9%, 68.4%, 50.5%, 67.8%, 75.2%]",,,,
9,weights,4,59,0.125,0.5916098544869242,0.9310174062848091,0.0001111111111111111,65.75,"[68.7%, 65.6%, 74.2%, 60.6%, 60.3%, 65%, 68.9%, 52.7%, 68.5%, 73%]",,,,
9,weights,5,60,0.125,0.6090858828606485,0.8714236337691545,0.0001111111111111111,65.78,"[68.7%, 65.7%, 74%, 60.4%, 60.1%, 64.8%, 68.6%, 51.7%, 68.4%, 75.4%]",,,,
9,weights,6,61,0.125,0.5878472701658176,0.9765363279730082,0.0001111111111111111,65.56,"[68.7%, 65.5%, 73.8%, 60.4%, 60.3%, 64.8%, 68.8%, 52.6%, 68%, 72.7%]",,,,
9,weights,7,62,0.125,0.5771665343000919,0.8530090842396021,0.0001111111111111111,65.48,"[68.8%, 65.5%, 74%, 59.7%, 59.6%, 64.5%, 68.9%, 50.6%, 67.2%, 76%]",,,,
9,weights,8,63,0.125,0.5763395224945455,0.8841883912682533,0.0001111111111111111,65.77,"[68.8%, 65.5%, 74.1%, 60.2%, 60.3%, 65.2%, 69.1%, 51.2%, 67.6%, 75.7%]",,,,
9,weights,9,64,0.125,0.5263220388678056,0.8421008549630642,0.0001111111111111111,65.72,"[68.5%, 65.3%, 74.2%, 60.3%, 59.4%, 65%, 68.6%, 50.9%, 67.7%, 77.3%]",,,,
9,weights,10,65,0.125,0.5209380501433264,0.9689918495714664,0.0001111111111111111,65.64,"[68.7%, 65.6%, 74.1%, 60.5%, 59.6%, 65.1%, 69%, 52%, 67.5%, 74.3%]",,,,
9,weights,11,66,0.125,0.5565011320234854,0.9049935527145863,0.0001111111111111111,65.57,"[68.9%, 65.7%, 74%, 60.5%, 59.5%, 64.6%, 68.5%, 51.5%, 68.1%, 74.4%]",,,,
9,weights,12,67,0.125,0.5311175184913829,0.8741641379892826,0.0001111111111111111,65.73,"[69.2%, 65.3%, 74%, 60.6%, 59.6%, 65.1%, 68.9%, 52.1%, 67.2%, 75.3%]",,,,
9,weights,13,68,0.125,0.509008934792084,0.9218459371477365,0.0001111111111111111,65.85,"[68.9%, 65.5%, 73.8%, 60.6%, 59.9%, 64.9%, 69.3%, 52.6%, 67.8%, 75.2%]",,,,
9,weights,14,69,0.125,0.5375629610653165,0.864383190870285,0.0001111111111111111,65.68,"[69.3%, 65.2%, 73.9%, 60.6%, 60.4%, 65.1%, 68.6%, 53.2%, 67.3%, 73.2%]",,,,
9,weights,15,70,0.125,0.5389212349170371,0.8574535399675369,0.0001111111111111111,65.89,"[68.8%, 65.4%, 74.1%, 60.1%, 59.8%, 64.9%, 68.5%, 53%, 66.9%, 77.4%]",,,,
9,weights,16,71,0.125,0.5535736653623702,0.8735725022852421,0.0001111111111111111,65.65,"[68.8%, 65.1%, 74%, 60.2%, 59.5%, 64.8%, 68.4%, 52.7%, 67.2%, 75.8%]",,,,
9,weights,17,72,0.125,0.5370250093408778,0.8999242316931486,0.0001111111111111111,65.65,"[68.9%, 65.1%, 74%, 60.6%, 59.6%, 65%, 68.6%, 51.8%, 67.3%, 75.6%]",,,,
9,weights,18,73,0.125,0.5046823915046982,0.8511459175497293,0.0001111111111111111,65.69,"[68.9%, 65%, 74.4%, 60.2%, 59.6%, 65%, 68.1%, 52.8%, 67.3%, 75.6%]",,,,
9,weights,19,74,0.125,0.5183046486558793,0.9337133280932903,0.0001111111111111111,65.42,"[69%, 65%, 74.1%, 60.4%, 59.9%, 65%, 68.1%, 52.3%, 67%, 73.4%]",,,,
9,weights,20,75,0.125,0.49579894203173963,0.838994899764657,0.0001111111111111111,65.67,"[68.7%, 65%, 74.3%, 60.2%, 59.8%, 65%, 68.3%, 52%, 67.2%, 76.2%]",,,,
9,weights,21,76,0.125,0.4868804389917398,0.8667781613767147,0.0001111111111111111,65.48,"[68.5%, 65.1%, 74.5%, 60.2%, 58.9%, 64.5%, 68.4%, 51.5%, 67.1%, 76.1%]",,,,
9,weights,22,77,0.125,0.4835262364601787,0.8761072307825089,0.0001111111111111111,65.52,"[69.1%, 65%, 74.7%, 60%, 59.5%, 64.5%, 68.5%, 50.4%, 66.8%, 76.7%]",,,,
9,weights,23,78,0.125,0.46965779420695725,0.871375322341919,0.0001111111111111111,65.65,"[69.1%, 65%, 74.5%, 60.5%, 59.3%, 65%, 68.6%, 51.3%, 66.9%, 76.3%]",,,,
9,weights,24,79,0.125,0.47253396239461776,0.8189222477376461,0.0001111111111111111,65.8,"[69.3%, 64.7%, 74.6%, 60.2%, 59.7%, 65.1%, 68.5%, 51%, 67%, 77.9%]",,,,
9,weights,25,80,0.125,0.4463014389517941,0.9097734242677689,0.0001111111111111111,65.43,"[68.9%, 64.7%, 74.6%, 60.4%, 60.1%, 64.7%, 68.4%, 49.8%, 67.3%, 75.4%]",36.93,"[41.9%, 25.3%, 63.8%, 17.4%, 21.4%, 43.4%, 25.2%, 20.2%, 40.2%, 70.5%]",53.88,"[48.1%, 60.6%, 53.8%, 53.9%, 50.3%, 64.5%, 55.2%, 33.8%, 55.1%, 63.5%]"
