task_idx,phase,epoch_in_phase,global_epoch,kappa,train_loss,val_loss,lr,til_avg,til_per_task,cil_stand_avg,cil_stand_per_task,cil_znorm_avg,cil_znorm_per_task
0,parallel,1,1,0.5,2.2619389414787294,1.6189773678779602,0.001,28.8,[28.8%],,,,
0,parallel,2,2,0.5,1.5283675581216811,1.3896868228912354,0.001,47.6,[47.6%],,,,
0,parallel,3,3,0.5,1.34057437479496,1.1910310164093971,0.001,53.2,[53.2%],,,,
0,parallel,4,4,0.5,1.1224186152219773,1.195392269641161,0.001,51.2,[51.2%],,,,
0,parallel,5,5,0.49560501500000004,1.03220334649086,1.0133026093244553,0.001,59.2,[59.2%],,,,
0,parallel,6,6,0.478245375,0.9786215633153915,1.0036835744976997,0.001,53.2,[53.2%],,,,
0,parallel,7,7,0.461238215,1.0189633592963219,0.9241929352283478,0.001,62.2,[62.2%],,,,
0,parallel,8,8,0.4445835350000001,0.8877076074481011,0.8839147761464119,0.001,62.4,[62.4%],,,,
0,parallel,9,9,0.42828133500000004,0.8741711348295211,0.8945042453706264,0.001,62.6,[62.6%],,,,
0,parallel,10,10,0.412331615,0.8102907210588455,0.9642944727092981,0.001,60.8,[60.8%],,,,
0,parallel,11,11,0.39673437500000003,0.8122534632682801,0.9662486035376787,0.001,58.6,[58.6%],,,,
0,parallel,12,12,0.38148961499999995,0.8005710184574127,1.002616111189127,0.001,60.0,[60.0%],,,,
0,parallel,13,13,0.36659733499999997,0.8350352972745896,0.9744953848421574,0.0003333333333333333,61.2,[61.2%],,,,
0,parallel,14,14,0.352057535,0.7500524610280991,0.9497956652194262,0.0003333333333333333,63.0,[63.0%],,,,
0,parallel,15,15,0.33787021500000003,0.6980182833969593,0.7770836763083935,0.0003333333333333333,68.6,[68.6%],,,,
0,parallel,16,16,0.324035375,0.6842045247554779,0.7650853730738163,0.0003333333333333333,68.4,[68.4%],,,,
0,parallel,17,17,0.310553015,0.6912551924586297,0.7524782456457615,0.0003333333333333333,71.0,[71.0%],,,,
0,parallel,18,18,0.29742313499999995,0.6785063110291958,0.8089372739195824,0.0003333333333333333,68.4,[68.4%],,,,
0,parallel,19,19,0.28464573500000007,0.6802270337939262,0.8456128975376487,0.0003333333333333333,67.6,[67.6%],,,,
0,parallel,20,20,0.272220815,0.7056947082281113,0.7738368958234787,0.0003333333333333333,69.4,[69.4%],,,,
0,parallel,21,21,0.26014837500000004,0.7428948819637299,0.8069416284561157,0.0003333333333333333,67.8,[67.8%],,,,
0,parallel,22,22,0.248428415,0.7193853557109833,0.7735444195568562,0.0001111111111111111,68.8,[68.8%],,,,
0,parallel,23,23,0.23706093499999997,0.6756907224655151,0.7925834748893976,0.0001111111111111111,69.0,[69.0%],,,,
0,parallel,24,24,0.22604593499999998,0.7659750446677208,0.8641176447272301,0.0001111111111111111,67.2,[67.2%],,,,
0,parallel,25,25,0.21538341499999997,0.8012129247188569,0.9473704695701599,0.0001111111111111111,64.6,[64.6%],,,,
0,parallel,26,26,0.20507337499999995,0.790711610019207,0.8811897858977318,0.0001111111111111111,66.8,[66.8%],,,,
0,parallel,27,27,0.19511581499999997,0.8429226510226726,0.9195386357605457,0.0001111111111111111,65.2,[65.2%],,,,
0,parallel,28,28,0.18551073499999993,0.86637914031744,0.9555758200585842,0.0001111111111111111,63.6,[63.6%],,,,
0,parallel,29,29,0.17625813499999998,0.8213477626442909,0.9509187079966068,0.0001111111111111111,62.4,[62.4%],,,,
0,parallel,30,30,0.16735801499999997,0.9294588893651963,1.0051339268684387,0.0001111111111111111,63.4,[63.4%],,,,
0,parallel,31,31,0.158810375,0.9030396625399589,0.9783428311347961,0.0001111111111111111,66.0,[66.0%],,,,
0,parallel,32,32,0.15061521499999997,1.0343592926859855,1.0183789879083633,0.0001111111111111111,63.8,[63.8%],,,,
0,parallel,33,33,0.14277253500000003,0.9946623802185058,1.0405923202633858,0.0001111111111111111,64.6,[64.6%],,,,
0,parallel,34,34,0.135282335,1.0866789534687995,1.1503950357437134,0.0001111111111111111,58.8,[58.8%],,,,
0,parallel,35,35,0.12814461500000002,1.1087459370493888,1.1608819663524628,0.0001111111111111111,60.2,[60.2%],,,,
0,parallel,36,36,0.12135937499999999,1.30656701028347,1.202846609055996,0.0001111111111111111,58.8,[58.8%],,,,
0,parallel,37,37,0.114926615,1.2535860598087312,1.2339332178235054,0.0001111111111111111,56.6,[56.6%],,,,
0,parallel,38,38,0.10884633499999999,1.3001935109496117,1.2596834897994995,0.0001111111111111111,56.6,[56.6%],,,,
0,parallel,39,39,0.10311853499999998,1.2875899165868758,1.259594239294529,0.0001111111111111111,58.0,[58.0%],,,,
0,parallel,40,40,0.097743215,1.3057896435260772,1.2566078305244446,0.0001111111111111111,60.6,[60.6%],,,,
0,parallel,41,41,0.092720375,1.3871741592884064,1.3136554062366486,0.0001111111111111111,59.4,[59.4%],,,,
0,parallel,42,42,0.088050015,1.3324840098619462,1.266540303826332,0.0001111111111111111,60.2,[60.2%],,,,
0,parallel,43,43,0.08373213499999999,1.3379525661468505,1.2826293259859085,0.0001111111111111111,59.8,[59.8%],,,,
0,parallel,44,44,0.07976673499999999,1.3193952769041062,1.279928594827652,0.0001111111111111111,58.0,[58.0%],,,,
0,parallel,45,45,0.07615381499999999,1.6586443543434144,1.583847627043724,0.0001111111111111111,42.0,[42.0%],,,,
0,parallel,46,46,0.072893375,1.5322858452796937,1.5632420629262924,0.0001111111111111111,44.2,[44.2%],,,,
0,parallel,47,47,0.069985415,1.554761177301407,1.529064491391182,0.0001111111111111111,45.8,[45.8%],,,,
0,parallel,48,48,0.067429935,1.5131969511508943,1.512439340353012,0.0001111111111111111,48.4,[48.4%],,,,
0,parallel,49,49,0.06522693499999999,1.4699318885803223,1.4803110361099243,0.0001111111111111111,48.4,[48.4%],,,,
0,parallel,50,50,0.06337641499999999,1.4805768609046936,1.4865632802248,0.0001111111111111111,49.6,[49.6%],,,,
0,parallel,51,51,0.06187837499999999,1.7033796906471252,1.6158960312604904,0.0001111111111111111,38.8,[38.8%],,,,
0,parallel,52,52,0.060732814999999996,1.599424570798874,1.5415449142456055,0.0001111111111111111,42.4,[42.4%],,,,
0,parallel,53,53,0.059939734999999994,1.5913854867219925,1.5373398065567017,0.0001111111111111111,47.0,[47.0%],,,,
0,parallel,54,54,0.059499134999999995,1.5448671728372574,1.5022245198488235,0.0001111111111111111,47.0,[47.0%],,,,
0,parallel,55,55,0.059399999999999994,1.4860257625579834,1.470901444554329,0.0001111111111111111,46.8,[46.8%],,,,
0,weights,1,56,0.059399999999999994,1.4439938157796859,1.437493458390236,0.0001111111111111111,51.0,[51.0%],,,,
0,weights,2,57,0.059399999999999994,1.4239164143800735,1.4002985805273056,0.0001111111111111111,52.8,[52.8%],,,,
0,weights,3,58,0.059399999999999994,1.3965832889080048,1.398209735751152,0.0001111111111111111,51.6,[51.6%],,,,
0,weights,4,59,0.059399999999999994,1.3723068982362747,1.4076848477125168,0.0001111111111111111,48.4,[48.4%],,,,
0,weights,5,60,0.059399999999999994,1.3752053052186965,1.364773005247116,0.0001111111111111111,50.0,[50.0%],,,,
0,weights,6,61,0.059399999999999994,1.3297682285308838,1.35511314868927,0.0001111111111111111,50.4,[50.4%],,,,
0,weights,7,62,0.059399999999999994,1.319361937046051,1.3510652109980583,0.0001111111111111111,50.6,[50.6%],,,,
0,weights,8,63,0.059399999999999994,1.2892692029476165,1.3186103031039238,0.0001111111111111111,53.2,[53.2%],,,,
0,weights,9,64,0.059399999999999994,1.2747925877571107,1.301148161292076,0.0001111111111111111,54.2,[54.2%],,,,
0,weights,10,65,0.059399999999999994,1.257358780503273,1.3004103004932404,0.0001111111111111111,52.4,[52.4%],,,,
0,weights,11,66,0.059399999999999994,1.2378771722316741,1.304878644645214,0.0001111111111111111,53.0,[53.0%],,,,
0,weights,12,67,0.059399999999999994,1.2236786395311356,1.2745178788900375,0.0001111111111111111,53.6,[53.6%],,,,
0,weights,13,68,0.059399999999999994,1.2113993525505067,1.2449203804135323,0.0001111111111111111,53.6,[53.6%],,,,
0,weights,14,69,0.059399999999999994,1.1817457765340804,1.2533665001392365,0.0001111111111111111,55.4,[55.4%],,,,
0,weights,15,70,0.059399999999999994,1.181539461016655,1.2144245877861977,0.0001111111111111111,55.8,[55.8%],,,,
0,weights,16,71,0.059399999999999994,1.1882669031620026,1.201830878853798,0.0001111111111111111,57.0,[57.0%],,,,
0,weights,17,72,0.059399999999999994,1.1584993481636048,1.2010866552591324,0.0001111111111111111,56.2,[56.2%],,,,
0,weights,18,73,0.059399999999999994,1.1482883036136626,1.2217862159013748,0.0001111111111111111,55.2,[55.2%],,,,
0,weights,19,74,0.059399999999999994,1.1278625965118407,1.2166896238923073,0.0001111111111111111,55.8,[55.8%],,,,
0,weights,20,75,0.059399999999999994,1.1482913672924042,1.2108460888266563,0.0001111111111111111,55.0,[55.0%],,,,
0,weights,21,76,0.059399999999999994,1.1280800819396972,1.1647153869271278,0.0001111111111111111,57.4,[57.4%],,,,
0,weights,22,77,0.059399999999999994,1.1333906918764114,1.1882625073194504,0.0001111111111111111,56.8,[56.8%],,,,
0,weights,23,78,0.059399999999999994,1.101406691968441,1.1665680557489395,0.0001111111111111111,55.8,[55.8%],,,,
0,weights,24,79,0.059399999999999994,1.0826199546456337,1.173250399529934,0.0001111111111111111,56.4,[56.4%],,,,
0,weights,25,80,0.059399999999999994,1.0850960552692412,1.1543244868516922,0.0001111111111111111,57.6,[57.6%],57.6,[57.6%],57.6,[57.6%]
1,parallel,1,1,0.5,2.8148630917072297,1.6812119483947754,0.0001111111111111111,38.8,"[57.6%, 20.0%]",,,,
1,parallel,2,2,0.5,1.658988806605339,1.6184578239917755,0.0001111111111111111,41.2,"[57.6%, 24.8%]",,,,
1,parallel,3,3,0.5,1.5806562453508377,1.5271333456039429,0.0001111111111111111,44.7,"[57.6%, 31.8%]",,,,
1,parallel,4,4,0.5,1.4515145748853684,1.4213321059942245,0.0001111111111111111,48.8,"[57.6%, 40.0%]",,,,
1,parallel,5,5,0.49559462000000004,1.3284175872802735,1.280091866850853,0.0001111111111111111,54.2,"[57.6%, 50.8%]",,,,
1,parallel,6,6,0.47819392105263153,1.2301201313734054,1.3391712978482246,0.0001111111111111111,54.8,"[57.6%, 52.0%]",,,,
1,parallel,7,7,0.4611465357894737,1.1963516667485237,1.2099110558629036,0.0001111111111111111,55.8,"[57.6%, 54.0%]",,,,
1,parallel,8,8,0.44445246421052637,1.0734133094549179,0.9379523023962975,0.0001111111111111111,62.7,"[57.6%, 67.8%]",,,,
1,parallel,9,9,0.42811170631578954,0.9579431474208832,0.9697302058339119,0.0001111111111111111,61.099999999999994,"[57.6%, 64.6%]",,,,
1,parallel,10,10,0.41212426210526315,0.893665038049221,0.8758281022310257,0.0001111111111111111,63.8,"[57.6%, 70.0%]",,,,
1,parallel,11,11,0.39649013157894736,0.8900749325752259,0.9880912750959396,0.0001111111111111111,60.3,"[57.6%, 63.0%]",,,,
1,parallel,12,12,0.38120931473684205,0.829761403799057,0.7156446054577827,0.0001111111111111111,67.0,"[57.6%, 76.4%]",,,,
1,parallel,13,13,0.36628181157894735,0.7893490478396415,0.7754776552319527,0.0001111111111111111,65.4,"[57.6%, 73.2%]",,,,
1,parallel,14,14,0.35170762210526313,0.7869423806667328,0.9181833490729332,0.0001111111111111111,62.0,"[57.6%, 66.4%]",,,,
1,parallel,15,15,0.3374867463157895,0.8017099365592003,0.7853619903326035,0.0001111111111111111,64.5,"[57.6%, 71.4%]",,,,
1,parallel,16,16,0.3236191842105263,0.7223191551864148,0.6809263452887535,0.0001111111111111111,67.1,"[57.6%, 76.6%]",,,,
1,parallel,17,17,0.3101049357894737,0.7126231513917446,0.8393450602889061,0.0001111111111111111,63.8,"[57.6%, 70.0%]",,,,
1,parallel,18,18,0.2969440010526315,0.6492673814296722,0.619101345539093,0.0001111111111111111,68.2,"[57.6%, 78.8%]",,,,
1,parallel,19,19,0.2841363800000001,0.589519738778472,0.6708489805459976,0.0001111111111111111,67.4,"[57.6%, 77.2%]",,,,
1,parallel,20,20,0.27168207263157895,0.6208066195249557,0.7708961665630341,0.0001111111111111111,65.2,"[57.6%, 72.8%]",,,,
1,parallel,21,21,0.2595810789473684,0.6917817480862141,0.6667130216956139,0.0001111111111111111,66.8,"[57.6%, 76.0%]",,,,
1,parallel,22,22,0.24783339894736844,0.6403477512300014,0.6380200274288654,0.0001111111111111111,67.9,"[57.6%, 78.2%]",,,,
1,parallel,23,23,0.23643903263157895,0.6550665833055973,0.7949967682361603,0.0001111111111111111,63.7,"[57.6%, 69.8%]",,,,
1,parallel,24,24,0.22539798,0.7547070398926735,0.8407896906137466,0.0001111111111111111,63.3,"[57.6%, 69.0%]",,,,
1,parallel,25,25,0.21471024105263156,0.7564102411270142,0.6817173101007938,0.0001111111111111111,67.2,"[57.6%, 76.8%]",,,,
1,parallel,26,26,0.20437581578947367,0.5859183169901371,0.6824520714581013,0.0001111111111111111,67.1,"[57.6%, 76.6%]",,,,
1,parallel,27,27,0.1943947042105263,0.6754264131188392,0.773687805980444,0.0001111111111111111,66.1,"[57.6%, 74.6%]",,,,
1,parallel,28,28,0.18476690631578943,0.6852519383653999,0.7435964196920395,0.0001111111111111111,66.2,"[57.6%, 74.8%]",,,,
1,parallel,29,29,0.17549242210526314,0.5873226135969162,0.7739611491560936,0.0001111111111111111,66.4,"[57.6%, 75.2%]",,,,
1,parallel,30,30,0.16657125157894737,0.7399523682892323,0.8829049989581108,0.0001111111111111111,63.2,"[57.6%, 68.8%]",,,,
1,parallel,31,31,0.1580033947368421,0.6062862277030945,0.7354329526424408,0.0001111111111111111,66.7,"[57.6%, 75.8%]",,,,
1,parallel,32,32,0.14978885157894734,0.7405994892120361,0.7254460081458092,0.0001111111111111111,66.4,"[57.6%, 75.2%]",,,,
1,parallel,33,33,0.1419276221052632,0.7398568987846375,0.7064454257488251,0.0001111111111111111,67.0,"[57.6%, 76.4%]",,,,
1,parallel,34,34,0.13441970631578948,0.7006278291344643,0.6784506142139435,0.0001111111111111111,67.8,"[57.6%, 78.0%]",,,,
1,parallel,35,35,0.12726510421052634,0.6776884235441685,0.7729903310537338,0.0001111111111111111,65.6,"[57.6%, 73.6%]",,,,
1,parallel,36,36,0.12046381578947368,0.9015161395072937,0.7686286643147469,0.0001111111111111111,66.5,"[57.6%, 75.4%]",,,,
1,parallel,37,37,0.11401584105263157,0.7257687635719776,0.7466329038143158,0.0001111111111111111,66.0,"[57.6%, 74.4%]",,,,
1,parallel,38,38,0.10792117999999998,0.8011638849973679,0.8514131456613541,0.0001111111111111111,63.900000000000006,"[57.6%, 70.2%]",,,,
1,parallel,39,39,0.10217983263157893,0.77472323179245,0.8070042692124844,0.0001111111111111111,64.6,"[57.6%, 71.6%]",,,,
1,parallel,40,40,0.09679179894736842,0.7549073092639447,0.9714051745831966,0.0001111111111111111,60.900000000000006,"[57.6%, 64.2%]",,,,
1,parallel,41,41,0.09175707894736843,0.8976115316152573,0.8655360192060471,0.0001111111111111111,64.1,"[57.6%, 70.6%]",,,,
1,parallel,42,42,0.08707567263157895,0.848472061753273,0.8305808752775192,0.0001111111111111111,65.5,"[57.6%, 73.4%]",,,,
1,parallel,43,43,0.08274757999999999,0.8297393813729286,0.8486047312617302,0.0001111111111111111,65.0,"[57.6%, 72.4%]",,,,
1,parallel,44,44,0.07877280105263157,0.8035712584853172,0.9696295894682407,0.0001111111111111111,61.3,"[57.6%, 65.0%]",,,,
1,parallel,45,45,0.07515133578947367,1.0054473489522935,0.9058678075671196,0.0001111111111111111,63.2,"[57.6%, 68.8%]",,,,
1,parallel,46,46,0.07188318421052632,0.9249772995710372,0.9199778214097023,0.0001111111111111111,63.5,"[57.6%, 69.4%]",,,,
1,parallel,47,47,0.06896834631578948,0.9928715661168098,1.0130417495965958,0.0001111111111111111,62.2,"[57.6%, 66.8%]",,,,
1,parallel,48,48,0.06640682210526315,0.8998733684420586,0.9919917955994606,0.0001111111111111111,60.900000000000006,"[57.6%, 64.2%]",,,,
1,parallel,49,49,0.06419861157894736,0.9320890679955482,0.9452341124415398,0.0001111111111111111,61.900000000000006,"[57.6%, 66.2%]",,,,
1,parallel,50,50,0.062343714736842096,1.2765460044145585,1.2716322168707848,0.0001111111111111111,55.1,"[57.6%, 52.6%]",,,,
1,parallel,51,51,0.06084213157894736,1.0836371809244156,1.0336128175258636,0.0001111111111111111,59.400000000000006,"[57.6%, 61.2%]",,,,
1,parallel,52,52,0.05969386210526316,1.0480216458439826,0.9691086485981941,0.0001111111111111111,61.400000000000006,"[57.6%, 65.2%]",,,,
1,parallel,53,53,0.05889890631578947,0.9672044828534127,0.9846405163407326,0.0001111111111111111,60.400000000000006,"[57.6%, 63.2%]",,,,
1,parallel,54,54,0.058457264210526313,0.9339703150093556,0.9412630870938301,0.0001111111111111111,62.7,"[57.6%, 67.8%]",,,,
1,parallel,55,55,0.0583578947368421,0.8983900487422943,1.0424754470586777,0.0001111111111111111,60.5,"[57.6%, 63.4%]",,,,
1,weights,1,56,0.0583578947368421,0.880091841518879,0.9724301397800446,0.0001111111111111111,60.8,"[57.6%, 64.0%]",,,,
1,weights,2,57,0.0583578947368421,0.8224492505192756,0.8609887734055519,0.0001111111111111111,63.400000000000006,"[57.6%, 69.2%]",,,,
1,weights,3,58,0.0583578947368421,0.8377594634890556,0.9478917866945267,0.0001111111111111111,61.2,"[57.6%, 64.8%]",,,,
1,weights,4,59,0.0583578947368421,0.804056741297245,0.917322650551796,0.0001111111111111111,61.3,"[57.6%, 65.0%]",,,,
1,weights,5,60,0.0583578947368421,0.7898449689149857,0.8563732802867889,0.0001111111111111111,63.8,"[57.6%, 70.0%]",,,,
1,weights,6,61,0.0583578947368421,0.8608004882931709,0.8915698155760765,0.0001111111111111111,62.099999999999994,"[57.6%, 66.6%]",,,,
1,weights,7,62,0.0583578947368421,0.8073099955916405,0.8249344974756241,0.0001111111111111111,63.900000000000006,"[57.6%, 70.2%]",,,,
1,weights,8,63,0.0583578947368421,0.7303857937455177,0.8331231325864792,0.0001111111111111111,63.0,"[57.6%, 68.4%]",,,,
1,weights,9,64,0.0583578947368421,0.6919830486178398,0.7644081339240074,0.0001111111111111111,65.6,"[57.6%, 73.6%]",,,,
1,weights,10,65,0.0583578947368421,0.721200093626976,0.7933059856295586,0.0001111111111111111,65.0,"[57.6%, 72.4%]",,,,
1,weights,11,66,0.0583578947368421,0.7603097409009933,0.7806776240468025,0.0001111111111111111,64.9,"[57.6%, 72.2%]",,,,
1,weights,12,67,0.0583578947368421,0.7236440263688564,0.8230208083987236,0.0001111111111111111,63.599999999999994,"[57.6%, 69.6%]",,,,
1,weights,13,68,0.0583578947368421,0.6531114429235458,0.8269774839282036,0.0001111111111111111,63.5,"[57.6%, 69.4%]",,,,
1,weights,14,69,0.0583578947368421,0.682679632306099,0.7370796278119087,0.0001111111111111111,65.3,"[57.6%, 73.0%]",,,,
1,weights,15,70,0.0583578947368421,0.669556588679552,0.8502132669091225,0.0001111111111111111,64.3,"[57.6%, 71.0%]",,,,
1,weights,16,71,0.0583578947368421,0.6518222585320472,0.7743001282215118,0.0001111111111111111,64.7,"[57.6%, 71.8%]",,,,
1,weights,17,72,0.0583578947368421,0.6800229027867317,0.7664053589105606,0.0001111111111111111,65.2,"[57.6%, 72.8%]",,,,
1,weights,18,73,0.0583578947368421,0.6604458414018154,0.7115109786391258,0.0001111111111111111,66.3,"[57.6%, 75.0%]",,,,
1,weights,19,74,0.0583578947368421,0.6871086619794369,0.7479686327278614,0.0001111111111111111,65.1,"[57.6%, 72.6%]",,,,
1,weights,20,75,0.0583578947368421,0.6299391657114028,0.7781175598502159,0.0001111111111111111,64.9,"[57.6%, 72.2%]",,,,
1,weights,21,76,0.0583578947368421,0.6401805661618709,0.8979164212942123,0.0001111111111111111,62.400000000000006,"[57.6%, 67.2%]",,,,
1,weights,22,77,0.0583578947368421,0.6241685904562473,0.7245782688260078,0.0001111111111111111,66.1,"[57.6%, 74.6%]",,,,
1,weights,23,78,0.0583578947368421,0.658633392304182,0.7382267639040947,0.0001111111111111111,66.2,"[57.6%, 74.8%]",,,,
1,weights,24,79,0.0583578947368421,0.6299716383218765,0.769654855132103,0.0001111111111111111,65.8,"[57.6%, 74.0%]",,,,
1,weights,25,80,0.0583578947368421,0.6330441728234291,0.8798425272107124,0.0001111111111111111,64.2,"[57.6%, 70.8%]",40.9,"[11.0%, 70.8%]",54.2,"[46.8%, 61.6%]"
2,parallel,1,1,0.5,3.9607129603624345,1.887995421886444,0.0001111111111111111,49.46666666666667,"[57.6%, 70.8%, 20.0%]",,,,
2,parallel,2,2,0.5,1.7140310108661652,1.6498418301343918,0.0001111111111111111,49.93333333333334,"[57.6%, 70.8%, 21.4%]",,,,
2,parallel,3,3,0.5,1.6381594717502594,1.629279226064682,0.0001111111111111111,49.46666666666667,"[57.6%, 70.8%, 20.0%]",,,,
2,parallel,4,4,0.5,1.5573524832725525,1.5006270557641983,0.0001111111111111111,54.46666666666667,"[57.6%, 70.8%, 35.0%]",,,,
2,parallel,5,5,0.49558422500000004,1.440576082468033,1.3248882666230202,0.0001111111111111111,56.73333333333333,"[57.6%, 70.8%, 41.8%]",,,,
2,parallel,6,6,0.47814246710526315,1.390579390525818,1.2852097153663635,0.0001111111111111111,57.666666666666664,"[57.6%, 70.8%, 44.6%]",,,,
2,parallel,7,7,0.46105485657894735,1.3398467212915421,1.2496957257390022,0.0001111111111111111,58.666666666666664,"[57.6%, 70.8%, 47.6%]",,,,
2,parallel,8,8,0.4443213934210527,1.3419019043445588,1.2467107102274895,0.0001111111111111111,57.4,"[57.6%, 70.8%, 43.8%]",,,,
2,parallel,9,9,0.427942077631579,1.2266538560390472,1.1729193180799484,0.0001111111111111111,58.73333333333333,"[57.6%, 70.8%, 47.8%]",,,,
2,parallel,10,10,0.4119169092105263,1.2398039877414704,1.213219702243805,0.0001111111111111111,59.0,"[57.6%, 70.8%, 48.6%]",,,,
2,parallel,11,11,0.39624588815789474,1.1827170521020889,1.1195608526468277,0.0001111111111111111,61.0,"[57.6%, 70.8%, 54.6%]",,,,
2,parallel,12,12,0.38092901447368416,1.1081054344773293,1.071804441511631,0.0001111111111111111,61.6,"[57.6%, 70.8%, 56.4%]",,,,
2,parallel,13,13,0.3659662881578947,1.0329888299107552,1.008444257080555,0.0001111111111111111,62.53333333333334,"[57.6%, 70.8%, 59.2%]",,,,
2,parallel,14,14,0.3513577092105263,1.0175823710858822,0.9477839507162571,0.0001111111111111111,64.26666666666667,"[57.6%, 70.8%, 64.4%]",,,,
2,parallel,15,15,0.337103277631579,0.9535881847143173,0.8986244425177574,0.0001111111111111111,64.93333333333334,"[57.6%, 70.8%, 66.4%]",,,,
2,parallel,16,16,0.3232029934210527,0.9256989106535911,0.8934012576937675,0.0001111111111111111,65.33333333333333,"[57.6%, 70.8%, 67.6%]",,,,
2,parallel,17,17,0.30965685657894737,0.8668780371546745,0.8075317367911339,0.0001111111111111111,66.39999999999999,"[57.6%, 70.8%, 70.8%]",,,,
2,parallel,18,18,0.2964648671052631,0.9163327522575855,0.7950491197407246,0.0001111111111111111,67.26666666666667,"[57.6%, 70.8%, 73.4%]",,,,
2,parallel,19,19,0.28362702500000003,0.8035396382212638,0.8247903250157833,0.0001111111111111111,66.39999999999999,"[57.6%, 70.8%, 70.8%]",,,,
2,parallel,20,20,0.27114333026315796,0.8128643751144409,0.7494784630835056,0.0001111111111111111,66.86666666666667,"[57.6%, 70.8%, 72.2%]",,,,
2,parallel,21,21,0.25901378289473687,0.795398724079132,0.7611271850764751,0.0001111111111111111,67.33333333333333,"[57.6%, 70.8%, 73.6%]",,,,
2,parallel,22,22,0.24723838289473687,0.7370771031826735,0.7187565304338932,0.0001111111111111111,67.53333333333335,"[57.6%, 70.8%, 74.2%]",,,,
2,parallel,23,23,0.2358171302631579,0.7085487999022007,0.7619281709194183,0.0001111111111111111,67.13333333333334,"[57.6%, 70.8%, 73.0%]",,,,
2,parallel,24,24,0.224750025,0.7725121475756168,0.7760557197034359,0.0001111111111111111,66.2,"[57.6%, 70.8%, 70.2%]",,,,
2,parallel,25,25,0.21403706710526316,0.7026536427438259,0.8197303935885429,0.0001111111111111111,65.06666666666666,"[57.6%, 70.8%, 66.8%]",,,,
2,parallel,26,26,0.20367825657894734,0.6911963507533073,0.7083743773400784,0.0001111111111111111,67.46666666666667,"[57.6%, 70.8%, 74.0%]",,,,
2,parallel,27,27,0.19367359342105261,0.7440527565777302,0.745565764605999,0.0001111111111111111,67.0,"[57.6%, 70.8%, 72.6%]",,,,
2,parallel,28,28,0.1840230776315789,0.7267114605754614,0.7624007239937782,0.0001111111111111111,66.66666666666667,"[57.6%, 70.8%, 71.6%]",,,,
2,parallel,29,29,0.1747267092105263,0.7186219096183777,0.7939567416906357,0.0001111111111111111,66.39999999999999,"[57.6%, 70.8%, 70.8%]",,,,
2,parallel,30,30,0.16578448815789473,0.7900268718600273,0.7587098442018032,0.0001111111111111111,67.13333333333334,"[57.6%, 70.8%, 73.0%]",,,,
2,parallel,31,31,0.1571964144736842,0.9090164780616761,0.7982663288712502,0.0001111111111111111,66.06666666666666,"[57.6%, 70.8%, 69.8%]",,,,
2,parallel,32,32,0.1489624881578947,0.7946435332298278,0.7888117879629135,0.0001111111111111111,66.60000000000001,"[57.6%, 70.8%, 71.4%]",,,,
2,parallel,33,33,0.14108270921052635,0.7705517970025539,0.7817439120262861,0.0001111111111111111,66.33333333333333,"[57.6%, 70.8%, 70.6%]",,,,
2,parallel,34,34,0.13355707763157895,0.8045997202396393,0.720083873718977,0.0001111111111111111,68.33333333333333,"[57.6%, 70.8%, 76.6%]",,,,
2,parallel,35,35,0.12638559342105266,0.7337083429098129,0.887743391096592,0.0001111111111111111,64.86666666666667,"[57.6%, 70.8%, 66.2%]",,,,
2,parallel,36,36,0.11956825657894737,0.8728782594203949,0.776870459318161,0.0001111111111111111,67.13333333333334,"[57.6%, 70.8%, 73.0%]",,,,
2,parallel,37,37,0.11310506710526316,0.8753615945577622,0.8283782005310059,0.0001111111111111111,66.2,"[57.6%, 70.8%, 70.2%]",,,,
2,parallel,38,38,0.106996025,0.9413540400564671,0.849220909178257,0.0001111111111111111,66.39999999999999,"[57.6%, 70.8%, 70.8%]",,,,
2,parallel,39,39,0.10124113026315787,0.9029301285743714,0.8962140455842018,0.0001111111111111111,66.06666666666666,"[57.6%, 70.8%, 69.8%]",,,,
2,parallel,40,40,0.09584038289473684,0.8868392959237099,0.8425725698471069,0.0001111111111111111,66.66666666666667,"[57.6%, 70.8%, 71.6%]",,,,
2,parallel,41,41,0.09079378289473684,1.0784309089183808,0.9938923567533493,0.0001111111111111111,64.2,"[57.6%, 70.8%, 64.2%]",,,,
2,parallel,42,42,0.08610133026315789,0.9510900795459747,0.9259638637304306,0.0001111111111111111,64.86666666666667,"[57.6%, 70.8%, 66.2%]",,,,
2,parallel,43,43,0.08176302499999999,0.9738859385251999,0.9159154742956161,0.0001111111111111111,65.60000000000001,"[57.6%, 70.8%, 68.4%]",,,,
2,parallel,44,44,0.07777886710526315,1.0839712187647819,1.0339083597064018,0.0001111111111111111,64.0,"[57.6%, 70.8%, 63.6%]",,,,
2,parallel,45,45,0.07414885657894736,1.0118686765432359,0.9985764920711517,0.0001111111111111111,63.93333333333334,"[57.6%, 70.8%, 63.4%]",,,,
2,parallel,46,46,0.07087299342105263,0.984713938832283,0.948120042681694,0.0001111111111111111,64.93333333333334,"[57.6%, 70.8%, 66.4%]",,,,
2,parallel,47,47,0.06795127763157895,1.0794957801699638,0.9688473641872406,0.0001111111111111111,64.73333333333333,"[57.6%, 70.8%, 65.8%]",,,,
2,parallel,48,48,0.06538370921052632,0.9990799829363823,0.9831686243414879,0.0001111111111111111,65.06666666666666,"[57.6%, 70.8%, 66.8%]",,,,
2,parallel,49,49,0.06317028815789473,0.9549548149108886,0.9508864730596542,0.0001111111111111111,65.39999999999999,"[57.6%, 70.8%, 67.8%]",,,,
2,parallel,50,50,0.06131101447368421,1.2786433175206184,1.1692899093031883,0.0001111111111111111,61.73333333333333,"[57.6%, 70.8%, 56.8%]",,,,
2,parallel,51,51,0.059805888157894734,1.1543572470545769,1.0762920156121254,0.0001111111111111111,63.73333333333333,"[57.6%, 70.8%, 62.8%]",,,,
2,parallel,52,52,0.05865490921052632,1.0593394190073013,1.0342899039387703,0.0001111111111111111,64.0,"[57.6%, 70.8%, 63.6%]",,,,
2,parallel,53,53,0.05785807763157895,1.0689374193549157,1.0308017134666443,0.0001111111111111111,63.53333333333334,"[57.6%, 70.8%, 62.2%]",,,,
2,parallel,54,54,0.05741539342105263,0.9920115098357201,0.9373776689171791,0.0001111111111111111,65.13333333333334,"[57.6%, 70.8%, 67.0%]",,,,
2,parallel,55,55,0.05731578947368421,0.9775736629962921,0.9639890268445015,0.0001111111111111111,64.86666666666667,"[57.6%, 70.8%, 66.2%]",,,,
2,weights,1,56,0.05731578947368421,0.9602259546518326,0.9493700712919235,0.0001111111111111111,64.73333333333333,"[57.6%, 70.8%, 65.8%]",,,,
2,weights,2,57,0.05731578947368421,1.0092212215065957,0.9417208284139633,0.0001111111111111111,64.73333333333333,"[57.6%, 70.8%, 65.8%]",,,,
2,weights,3,58,0.05731578947368421,0.9118087887763977,0.8715930357575417,0.0001111111111111111,66.2,"[57.6%, 70.8%, 70.2%]",,,,
2,weights,4,59,0.05731578947368421,0.8664844259619713,0.848840668797493,0.0001111111111111111,65.93333333333334,"[57.6%, 70.8%, 69.4%]",,,,
2,weights,5,60,0.05731578947368421,0.8645301014184952,0.9211496561765671,0.0001111111111111111,65.13333333333334,"[57.6%, 70.8%, 67.0%]",,,,
2,weights,6,61,0.05731578947368421,0.8695642620325088,0.8924462199211121,0.0001111111111111111,65.26666666666667,"[57.6%, 70.8%, 67.4%]",,,,
2,weights,7,62,0.05731578947368421,0.8421761199831963,0.8511020839214325,0.0001111111111111111,66.13333333333334,"[57.6%, 70.8%, 70.0%]",,,,
2,weights,8,63,0.05731578947368421,0.861217451095581,0.8870921805500984,0.0001111111111111111,65.8,"[57.6%, 70.8%, 69.0%]",,,,
2,weights,9,64,0.05731578947368421,0.8683059573173523,0.8784601800143719,0.0001111111111111111,65.13333333333334,"[57.6%, 70.8%, 67.0%]",,,,
2,weights,10,65,0.05731578947368421,0.8066609472036361,0.8345112465322018,0.0001111111111111111,66.2,"[57.6%, 70.8%, 70.2%]",,,,
2,weights,11,66,0.05731578947368421,0.8224222764372826,0.8511540703475475,0.0001111111111111111,65.73333333333333,"[57.6%, 70.8%, 68.8%]",,,,
2,weights,12,67,0.05731578947368421,0.8251356512308121,0.8517947718501091,0.0001111111111111111,66.0,"[57.6%, 70.8%, 69.6%]",,,,
2,weights,13,68,0.05731578947368421,0.8483592629432678,0.8314051404595375,0.0001111111111111111,66.06666666666666,"[57.6%, 70.8%, 69.8%]",,,,
2,weights,14,69,0.05731578947368421,0.7704899348318577,0.810790129005909,0.0001111111111111111,66.06666666666666,"[57.6%, 70.8%, 69.8%]",,,,
2,weights,15,70,0.05731578947368421,0.7800988391041755,0.8433353789150715,0.0001111111111111111,65.73333333333333,"[57.6%, 70.8%, 68.8%]",,,,
2,weights,16,71,0.05731578947368421,0.8150536552071571,0.8095698058605194,0.0001111111111111111,66.0,"[57.6%, 70.8%, 69.6%]",,,,
2,weights,17,72,0.05731578947368421,0.7850333586335182,0.779085423797369,0.0001111111111111111,66.8,"[57.6%, 70.8%, 72.0%]",,,,
2,weights,18,73,0.05731578947368421,0.7340402364730835,0.7760796248912811,0.0001111111111111111,66.53333333333335,"[57.6%, 70.8%, 71.2%]",,,,
2,weights,19,74,0.05731578947368421,0.7352217905223369,0.8037667274475098,0.0001111111111111111,66.46666666666667,"[57.6%, 70.8%, 71.0%]",,,,
2,weights,20,75,0.05731578947368421,0.763369907438755,0.772355929017067,0.0001111111111111111,66.93333333333334,"[57.6%, 70.8%, 72.4%]",,,,
2,weights,21,76,0.05731578947368421,0.7681708469986915,0.7722379714250565,0.0001111111111111111,67.33333333333333,"[57.6%, 70.8%, 73.6%]",,,,
2,weights,22,77,0.05731578947368421,0.7176430702209473,0.7768240496516228,0.0001111111111111111,66.2,"[57.6%, 70.8%, 70.2%]",,,,
2,weights,23,78,0.05731578947368421,0.7099495247006417,0.7448719814419746,0.0001111111111111111,67.46666666666667,"[57.6%, 70.8%, 74.0%]",,,,
2,weights,24,79,0.05731578947368421,0.7528263583779335,0.7857680097222328,0.0001111111111111111,66.60000000000001,"[57.6%, 70.8%, 71.4%]",,,,
2,weights,25,80,0.05731578947368421,0.7157048940658569,0.7611902877688408,0.0001111111111111111,66.46666666666667,"[57.6%, 70.8%, 71.0%]",47.26666666666667,"[0.0%, 70.8%, 71.0%]",47.133333333333326,"[45.4%, 51.8%, 44.2%]"
3,parallel,1,1,0.5,4.617601782083511,2.085886850953102,0.0001111111111111111,54.85,"[57.6%, 70.8%, 71.0%, 20.0%]",,,,
3,parallel,2,2,0.5,1.7535917818546296,1.6484659910202026,0.0001111111111111111,54.85,"[57.6%, 70.8%, 71.0%, 20.0%]",,,,
3,parallel,3,3,0.5,1.6375689446926116,1.615798443555832,0.0001111111111111111,54.85,"[57.6%, 70.8%, 71.0%, 20.0%]",,,,
3,parallel,4,4,0.5,1.542763528227806,1.4411309957504272,0.0001111111111111111,59.3,"[57.6%, 70.8%, 71.0%, 37.8%]",,,,
3,parallel,5,5,0.49557383,1.4134108185768128,1.3360950574278831,0.0001111111111111111,60.0,"[57.6%, 70.8%, 71.0%, 40.6%]",,,,
3,parallel,6,6,0.4780910131578947,1.341960683465004,1.2714734449982643,0.0001111111111111111,61.8,"[57.6%, 70.8%, 71.0%, 47.8%]",,,,
3,parallel,7,7,0.460963177368421,1.2606620997190476,1.3731565922498703,0.0001111111111111111,59.95,"[57.6%, 70.8%, 71.0%, 40.4%]",,,,
3,parallel,8,8,0.444190322631579,1.2663076162338256,1.1978037878870964,0.0001111111111111111,62.0,"[57.6%, 70.8%, 71.0%, 48.6%]",,,,
3,parallel,9,9,0.4277724489473685,1.1658725142478943,1.2054393514990807,0.0001111111111111111,61.1,"[57.6%, 70.8%, 71.0%, 45.0%]",,,,
3,parallel,10,10,0.4117095563157895,1.164526492357254,1.1818592324852943,0.0001111111111111111,61.85,"[57.6%, 70.8%, 71.0%, 48.0%]",,,,
3,parallel,11,11,0.39600164473684213,1.1195388168096543,1.106117159128189,0.0001111111111111111,63.85,"[57.6%, 70.8%, 71.0%, 56.0%]",,,,
3,parallel,12,12,0.38064871421052626,1.078238919377327,1.0681352354586124,0.0001111111111111111,64.0,"[57.6%, 70.8%, 71.0%, 56.6%]",,,,
3,parallel,13,13,0.3656507647368421,1.0749845072627067,1.0448209941387177,0.0001111111111111111,64.35,"[57.6%, 70.8%, 71.0%, 58.0%]",,,,
3,parallel,14,14,0.35100779631578943,1.053444728255272,0.9719029814004898,0.0001111111111111111,64.85,"[57.6%, 70.8%, 71.0%, 60.0%]",,,,
3,parallel,15,15,0.33671980894736847,0.9377751171588897,0.9704086855053902,0.0001111111111111111,65.15,"[57.6%, 70.8%, 71.0%, 61.2%]",,,,
3,parallel,16,16,0.322786802631579,0.8993712365627289,0.9090854972600937,0.0001111111111111111,65.45,"[57.6%, 70.8%, 71.0%, 62.4%]",,,,
3,parallel,17,17,0.30920877736842106,0.9017767950892448,0.9190794602036476,0.0001111111111111111,65.7,"[57.6%, 70.8%, 71.0%, 63.4%]",,,,
3,parallel,18,18,0.2959857331578947,0.8629263252019882,0.8994498327374458,0.0001111111111111111,66.0,"[57.6%, 70.8%, 71.0%, 64.6%]",,,,
3,parallel,19,19,0.2831176700000001,0.8684563592076302,0.9704940393567085,0.0001111111111111111,65.3,"[57.6%, 70.8%, 71.0%, 61.8%]",,,,
3,parallel,20,20,0.2706045878947369,0.8819660827517509,0.8385610096156597,0.0001111111111111111,66.45,"[57.6%, 70.8%, 71.0%, 66.4%]",,,,
3,parallel,21,21,0.2584464868421053,0.8649691648781299,0.8486299514770508,0.0001111111111111111,66.75,"[57.6%, 70.8%, 71.0%, 67.6%]",,,,
3,parallel,22,22,0.24664336684210528,0.830523219704628,0.8635571449995041,0.0001111111111111111,66.2,"[57.6%, 70.8%, 71.0%, 65.4%]",,,,
3,parallel,23,23,0.23519522789473685,0.7925552986562252,0.8254004120826721,0.0001111111111111111,66.6,"[57.6%, 70.8%, 71.0%, 67.0%]",,,,
3,parallel,24,24,0.22410207,0.8029473170638084,0.8913879320025444,0.0001111111111111111,65.6,"[57.6%, 70.8%, 71.0%, 63.0%]",,,,
3,parallel,25,25,0.21336389315789472,0.8247027099132538,0.8284765332937241,0.0001111111111111111,66.75,"[57.6%, 70.8%, 71.0%, 67.6%]",,,,
3,parallel,26,26,0.20298069736842103,0.8509414002299309,1.0188224352896214,0.0001111111111111111,65.35,"[57.6%, 70.8%, 71.0%, 62.0%]",,,,
3,parallel,27,27,0.1929524826315789,0.8741423279047013,0.9465239532291889,0.0001111111111111111,65.6,"[57.6%, 70.8%, 71.0%, 63.0%]",,,,
3,parallel,28,28,0.18327924894736838,0.8606556236743927,0.9078844338655472,0.0001111111111111111,66.25,"[57.6%, 70.8%, 71.0%, 65.6%]",,,,
3,parallel,29,29,0.17396099631578946,0.7961961179971695,0.8841442093253136,0.0001111111111111111,66.25,"[57.6%, 70.8%, 71.0%, 65.6%]",,,,
3,parallel,30,30,0.1649977247368421,0.8691104218363762,0.8725423030555248,0.0001111111111111111,66.2,"[57.6%, 70.8%, 71.0%, 65.4%]",,,,
3,parallel,31,31,0.1563894342105263,0.8314242541790009,0.8385246880352497,0.0001111111111111111,66.75,"[57.6%, 70.8%, 71.0%, 67.6%]",,,,
3,parallel,32,32,0.1481361247368421,0.8721333116292953,0.9437966756522655,0.0001111111111111111,66.25,"[57.6%, 70.8%, 71.0%, 65.6%]",,,,
3,parallel,33,33,0.1402377963157895,1.0482787862420082,0.9810174852609634,0.0001111111111111111,65.55,"[57.6%, 70.8%, 71.0%, 62.8%]",,,,
3,parallel,34,34,0.13269444894736843,0.9130476817488671,0.9696056246757507,0.0001111111111111111,65.65,"[57.6%, 70.8%, 71.0%, 63.2%]",,,,
3,parallel,35,35,0.12550608263157895,0.8846000894904137,0.9340914711356163,0.0001111111111111111,66.0,"[57.6%, 70.8%, 71.0%, 64.6%]",,,,
3,parallel,36,36,0.11867269736842105,1.0059809684753418,1.0018086433410645,0.0001111111111111111,65.3,"[57.6%, 70.8%, 71.0%, 61.8%]",,,,
3,parallel,37,37,0.11219429315789474,0.8486985191702843,0.9263418689370155,0.0001111111111111111,65.9,"[57.6%, 70.8%, 71.0%, 64.2%]",,,,
3,parallel,38,38,0.10607086999999998,1.065133847296238,1.0398026257753372,0.0001111111111111111,64.8,"[57.6%, 70.8%, 71.0%, 59.8%]",,,,
3,parallel,39,39,0.10030242789473683,1.0350270435214042,0.9452136680483818,0.0001111111111111111,65.5,"[57.6%, 70.8%, 71.0%, 62.6%]",,,,
3,parallel,40,40,0.09488896684210527,0.9885982275009155,1.0342241376638412,0.0001111111111111111,65.05,"[57.6%, 70.8%, 71.0%, 60.8%]",,,,
3,parallel,41,41,0.08983048684210526,1.1115552380681037,1.0265552699565887,0.0001111111111111111,64.75,"[57.6%, 70.8%, 71.0%, 59.6%]",,,,
3,parallel,42,42,0.08512698789473684,1.0148401349782943,1.079262524843216,0.0001111111111111111,64.25,"[57.6%, 70.8%, 71.0%, 57.6%]",,,,
3,parallel,43,43,0.08077846999999999,1.0283924520015717,1.032387137413025,0.0001111111111111111,64.35,"[57.6%, 70.8%, 71.0%, 58.0%]",,,,
3,parallel,44,44,0.07678493315789472,1.187114655971527,1.076475366950035,0.0001111111111111111,64.35,"[57.6%, 70.8%, 71.0%, 58.0%]",,,,
3,parallel,45,45,0.07314637736842104,1.1109114840626717,1.0724424719810486,0.0001111111111111111,64.8,"[57.6%, 70.8%, 71.0%, 59.8%]",,,,
3,parallel,46,46,0.06986280263157896,1.0940572708845138,1.101178526878357,0.0001111111111111111,64.55,"[57.6%, 70.8%, 71.0%, 58.8%]",,,,
3,parallel,47,47,0.06693420894736843,1.0897269651293755,1.0666991546750069,0.0001111111111111111,63.95,"[57.6%, 70.8%, 71.0%, 56.4%]",,,,
3,parallel,48,48,0.06436059631578947,1.036778563261032,0.9908581674098969,0.0001111111111111111,65.35,"[57.6%, 70.8%, 71.0%, 62.0%]",,,,
3,parallel,49,49,0.0621419647368421,1.3341477394104004,1.2879344448447227,0.0001111111111111111,61.55,"[57.6%, 70.8%, 71.0%, 46.8%]",,,,
3,parallel,50,50,0.06027831421052631,1.2421372294425965,1.2167436629533768,0.0001111111111111111,62.5,"[57.6%, 70.8%, 71.0%, 50.6%]",,,,
3,parallel,51,51,0.058769644736842104,1.1806450873613357,1.1716361343860626,0.0001111111111111111,62.95,"[57.6%, 70.8%, 71.0%, 52.4%]",,,,
3,parallel,52,52,0.057615956315789474,1.153083512187004,1.0970660746097565,0.0001111111111111111,64.1,"[57.6%, 70.8%, 71.0%, 57.0%]",,,,
3,parallel,53,53,0.05681724894736842,1.1064162403345108,1.1519690304994583,0.0001111111111111111,63.1,"[57.6%, 70.8%, 71.0%, 53.0%]",,,,
3,parallel,54,54,0.05637352263157895,1.0976790189743042,1.1533416137099266,0.0001111111111111111,62.95,"[57.6%, 70.8%, 71.0%, 52.4%]",,,,
3,parallel,55,55,0.056273684210526316,1.1036659881472588,1.0777999088168144,0.0001111111111111111,64.45,"[57.6%, 70.8%, 71.0%, 58.4%]",,,,
3,weights,1,56,0.056273684210526316,1.061275912821293,1.0736203640699387,0.0001111111111111111,63.900000000000006,"[57.6%, 70.8%, 71.0%, 56.2%]",,,,
3,weights,2,57,0.056273684210526316,1.05062784999609,1.0536200255155563,0.0001111111111111111,64.15,"[57.6%, 70.8%, 71.0%, 57.2%]",,,,
3,weights,3,58,0.056273684210526316,1.0382826447486877,1.067564532160759,0.0001111111111111111,63.900000000000006,"[57.6%, 70.8%, 71.0%, 56.2%]",,,,
3,weights,4,59,0.056273684210526316,1.058801384270191,1.0414789617061615,0.0001111111111111111,64.3,"[57.6%, 70.8%, 71.0%, 57.8%]",,,,
3,weights,5,60,0.056273684210526316,1.0449713602662087,1.08613146468997,0.0001111111111111111,63.75,"[57.6%, 70.8%, 71.0%, 55.6%]",,,,
3,weights,6,61,0.056273684210526316,1.0348302751779557,1.0271476209163666,0.0001111111111111111,64.3,"[57.6%, 70.8%, 71.0%, 57.8%]",,,,
3,weights,7,62,0.056273684210526316,0.9792049333453179,1.0312973037362099,0.0001111111111111111,64.5,"[57.6%, 70.8%, 71.0%, 58.6%]",,,,
3,weights,8,63,0.056273684210526316,0.9910758897662163,1.1515798941254616,0.0001111111111111111,63.150000000000006,"[57.6%, 70.8%, 71.0%, 53.2%]",,,,
3,weights,9,64,0.056273684210526316,1.0249159887433053,1.0052984803915024,0.0001111111111111111,64.45,"[57.6%, 70.8%, 71.0%, 58.4%]",,,,
3,weights,10,65,0.056273684210526316,0.9718442723155022,0.9637087285518646,0.0001111111111111111,65.05,"[57.6%, 70.8%, 71.0%, 60.8%]",,,,
3,weights,11,66,0.056273684210526316,0.9326034143567086,1.0195077061653137,0.0001111111111111111,64.45,"[57.6%, 70.8%, 71.0%, 58.4%]",,,,
3,weights,12,67,0.056273684210526316,0.9517299816012382,1.0685956999659538,0.0001111111111111111,63.95,"[57.6%, 70.8%, 71.0%, 56.4%]",,,,
3,weights,13,68,0.056273684210526316,0.9751202180981636,0.9826448783278465,0.0001111111111111111,65.0,"[57.6%, 70.8%, 71.0%, 60.6%]",,,,
3,weights,14,69,0.056273684210526316,0.92966737896204,1.010068640112877,0.0001111111111111111,64.95,"[57.6%, 70.8%, 71.0%, 60.4%]",,,,
3,weights,15,70,0.056273684210526316,0.9232752993702888,0.9637022688984871,0.0001111111111111111,65.05,"[57.6%, 70.8%, 71.0%, 60.8%]",,,,
3,weights,16,71,0.056273684210526316,0.9450937300920487,0.9790620654821396,0.0001111111111111111,64.8,"[57.6%, 70.8%, 71.0%, 59.8%]",,,,
3,weights,17,72,0.056273684210526316,0.9102983862161637,0.9731272682547569,0.0001111111111111111,64.75,"[57.6%, 70.8%, 71.0%, 59.6%]",,,,
3,weights,18,73,0.056273684210526316,0.9104737997055053,0.998972661793232,0.0001111111111111111,64.75,"[57.6%, 70.8%, 71.0%, 59.6%]",,,,
3,weights,19,74,0.056273684210526316,0.9217910453677177,0.9739738628268242,0.0001111111111111111,64.85,"[57.6%, 70.8%, 71.0%, 60.0%]",,,,
3,weights,20,75,0.056273684210526316,0.8786040991544724,0.9768912717700005,0.0001111111111111111,64.65,"[57.6%, 70.8%, 71.0%, 59.2%]",,,,
3,weights,21,76,0.056273684210526316,0.9296589866280556,0.9393807612359524,0.0001111111111111111,65.5,"[57.6%, 70.8%, 71.0%, 62.6%]",,,,
3,weights,22,77,0.056273684210526316,0.8796809896826744,0.9544284790754318,0.0001111111111111111,65.2,"[57.6%, 70.8%, 71.0%, 61.4%]",,,,
3,weights,23,78,0.056273684210526316,0.9398512169718742,0.9818043932318687,0.0001111111111111111,64.85,"[57.6%, 70.8%, 71.0%, 60.0%]",,,,
3,weights,24,79,0.056273684210526316,0.9082843765616417,0.9497294947504997,0.0001111111111111111,65.05,"[57.6%, 70.8%, 71.0%, 60.8%]",,,,
3,weights,25,80,0.056273684210526316,0.8725629523396492,0.9447278454899788,0.0001111111111111111,65.5,"[57.6%, 70.8%, 71.0%, 62.6%]",37.95,"[0.0%, 70.8%, 71.0%, 10.0%]",41.05,"[45.4%, 35.2%, 35.4%, 48.2%]"
4,parallel,1,1,0.5,5.988597500324249,2.6337444484233856,0.0001111111111111111,56.4,"[57.6%, 70.8%, 71.0%, 62.6%, 20.0%]",,,,
4,parallel,2,2,0.5,1.8985101759433747,1.6614114791154861,0.0001111111111111111,56.4,"[57.6%, 70.8%, 71.0%, 62.6%, 20.0%]",,,,
4,parallel,3,3,0.5,1.6488745480775833,1.634725272655487,0.0001111111111111111,56.4,"[57.6%, 70.8%, 71.0%, 62.6%, 20.0%]",,,,
4,parallel,4,4,0.5,1.5886284977197647,1.437496766448021,0.0001111111111111111,61.6,"[57.6%, 70.8%, 71.0%, 62.6%, 46.0%]",,,,
4,parallel,5,5,0.495563435,1.241005076467991,1.0762553662061691,0.0001111111111111111,62.92,"[57.6%, 70.8%, 71.0%, 62.6%, 52.6%]",,,,
4,parallel,6,6,0.47803955921052627,1.047715649008751,1.003781445324421,0.0001111111111111111,64.64,"[57.6%, 70.8%, 71.0%, 62.6%, 61.2%]",,,,
4,parallel,7,7,0.46087149815789474,0.9176887407898903,0.904778502881527,0.0001111111111111111,64.64,"[57.6%, 70.8%, 71.0%, 62.6%, 61.2%]",,,,
4,parallel,8,8,0.4440592518421053,0.8592160105705261,0.9324445948004723,0.0001111111111111111,66.2,"[57.6%, 70.8%, 71.0%, 62.6%, 69.0%]",,,,
4,parallel,9,9,0.42760282026315793,0.7927600771188736,0.7130714133381844,0.0001111111111111111,67.64,"[57.6%, 70.8%, 71.0%, 62.6%, 76.2%]",,,,
4,parallel,10,10,0.41150220342105265,0.6831137657165527,0.6239465586841106,0.0001111111111111111,68.12,"[57.6%, 70.8%, 71.0%, 62.6%, 78.6%]",,,,
4,parallel,11,11,0.39575740131578946,0.6411784179508686,0.6444453820586205,0.0001111111111111111,68.2,"[57.6%, 70.8%, 71.0%, 62.6%, 79.0%]",,,,
4,parallel,12,12,0.38036841394736837,0.5467751935124397,0.5608105845749378,0.0001111111111111111,68.64,"[57.6%, 70.8%, 71.0%, 62.6%, 81.2%]",,,,
4,parallel,13,13,0.3653352413157895,0.5681523017585277,0.5457088500261307,0.0001111111111111111,68.76,"[57.6%, 70.8%, 71.0%, 62.6%, 81.8%]",,,,
4,parallel,14,14,0.3506578834210526,0.5357331950217485,0.5731092039495707,0.0001111111111111111,68.52000000000001,"[57.6%, 70.8%, 71.0%, 62.6%, 80.6%]",,,,
4,parallel,15,15,0.3363363402631579,0.499679734185338,0.503548301756382,0.0001111111111111111,68.64,"[57.6%, 70.8%, 71.0%, 62.6%, 81.2%]",,,,
4,parallel,16,16,0.3223706118421053,0.4612190186977386,0.5182624496519566,0.0001111111111111111,69.08,"[57.6%, 70.8%, 71.0%, 62.6%, 83.4%]",,,,
4,parallel,17,17,0.30876069815789475,0.5015689767897129,0.4527502506971359,0.0001111111111111111,69.44,"[57.6%, 70.8%, 71.0%, 62.6%, 85.2%]",,,,
4,parallel,18,18,0.2955065992105263,0.48292487785220145,0.5006919074803591,0.0001111111111111111,69.12,"[57.6%, 70.8%, 71.0%, 62.6%, 83.6%]",,,,
4,parallel,19,19,0.28260831500000005,0.46538908705115317,0.4822607636451721,0.0001111111111111111,69.16,"[57.6%, 70.8%, 71.0%, 62.6%, 83.8%]",,,,
4,parallel,20,20,0.27006584552631585,0.43907885774970057,0.5495011955499649,0.0001111111111111111,69.0,"[57.6%, 70.8%, 71.0%, 62.6%, 83.0%]",,,,
4,parallel,21,21,0.25787919078947374,0.4145503737032413,0.5277418997138739,0.0001111111111111111,69.16,"[57.6%, 70.8%, 71.0%, 62.6%, 83.8%]",,,,
4,parallel,22,22,0.24604835078947374,0.422846382856369,0.5170371308922768,0.0001111111111111111,69.08,"[57.6%, 70.8%, 71.0%, 62.6%, 83.4%]",,,,
4,parallel,23,23,0.23457332552631582,0.4392044976353645,0.48671548813581467,0.0001111111111111111,69.4,"[57.6%, 70.8%, 71.0%, 62.6%, 85.0%]",,,,
4,parallel,24,24,0.223454115,0.39823808409273626,0.435504712164402,0.0001111111111111111,69.32000000000001,"[57.6%, 70.8%, 71.0%, 62.6%, 84.6%]",,,,
4,parallel,25,25,0.2126907192105263,0.46413282081484797,0.4660598784685135,0.0001111111111111111,69.36,"[57.6%, 70.8%, 71.0%, 62.6%, 84.8%]",,,,
4,parallel,26,26,0.20228313815789473,0.44004619363695385,0.48343705013394356,0.0001111111111111111,69.12,"[57.6%, 70.8%, 71.0%, 62.6%, 83.6%]",,,,
4,parallel,27,27,0.19223137184210526,0.3907303810119629,0.4561777887865901,0.0001111111111111111,69.28,"[57.6%, 70.8%, 71.0%, 62.6%, 84.4%]",,,,
4,parallel,28,28,0.18253542026315783,0.4127425730228424,0.4097792375832796,0.0001111111111111111,69.6,"[57.6%, 70.8%, 71.0%, 62.6%, 86.0%]",,,,
4,parallel,29,29,0.17319528342105261,0.4144207552075386,0.4492833688855171,0.0001111111111111111,69.44,"[57.6%, 70.8%, 71.0%, 62.6%, 85.2%]",,,,
4,parallel,30,30,0.1642109613157895,0.42519878782331944,0.4792088661342859,0.0001111111111111111,69.36,"[57.6%, 70.8%, 71.0%, 62.6%, 84.8%]",,,,
4,parallel,31,31,0.15558245394736842,0.4587106313556433,0.4913717620074749,0.0001111111111111111,69.4,"[57.6%, 70.8%, 71.0%, 62.6%, 85.0%]",,,,
4,parallel,32,32,0.14730976131578946,0.4569913737475872,0.4999192897230387,0.0001111111111111111,69.28,"[57.6%, 70.8%, 71.0%, 62.6%, 84.4%]",,,,
4,parallel,33,33,0.13939288342105266,0.5218367926776409,0.5459028035402298,0.0001111111111111111,68.84,"[57.6%, 70.8%, 71.0%, 62.6%, 82.2%]",,,,
4,parallel,34,34,0.1318318202631579,0.4850206062197685,0.46639494970440865,0.0001111111111111111,69.47999999999999,"[57.6%, 70.8%, 71.0%, 62.6%, 85.4%]",,,,
4,parallel,35,35,0.12462657184210528,0.5127164028584957,0.49742304906249046,0.0001111111111111111,69.28,"[57.6%, 70.8%, 71.0%, 62.6%, 84.4%]",,,,
4,parallel,36,36,0.11777713815789474,0.49369538500905036,0.5694445315748453,0.0001111111111111111,68.76,"[57.6%, 70.8%, 71.0%, 62.6%, 81.8%]",,,,
4,parallel,37,37,0.11128351921052632,0.5260794267058373,0.5071010831743479,0.0001111111111111111,69.08,"[57.6%, 70.8%, 71.0%, 62.6%, 83.4%]",,,,
4,parallel,38,38,0.105145715,0.5491531074047089,0.49449827149510384,0.0001111111111111111,69.32000000000001,"[57.6%, 70.8%, 71.0%, 62.6%, 84.6%]",,,,
4,parallel,39,39,0.09936372552631578,0.5434214353561402,0.5104423314332962,0.0001111111111111111,69.4,"[57.6%, 70.8%, 71.0%, 62.6%, 85.0%]",,,,
4,parallel,40,40,0.09393755078947369,0.4646736942231655,0.42750085704028606,0.0001111111111111111,69.88,"[57.6%, 70.8%, 71.0%, 62.6%, 87.4%]",,,,
4,parallel,41,41,0.0888671907894737,0.632097277790308,0.5496099218726158,0.0001111111111111111,68.8,"[57.6%, 70.8%, 71.0%, 62.6%, 82.0%]",,,,
4,parallel,42,42,0.0841526455263158,0.584479597210884,0.583759605884552,0.0001111111111111111,68.76,"[57.6%, 70.8%, 71.0%, 62.6%, 81.8%]",,,,
4,parallel,43,43,0.07979391499999999,0.5517610244452953,0.5990000180900097,0.0001111111111111111,68.56,"[57.6%, 70.8%, 71.0%, 62.6%, 80.8%]",,,,
4,parallel,44,44,0.07579099921052632,0.8829245679080486,0.600484624505043,0.0001111111111111111,68.28,"[57.6%, 70.8%, 71.0%, 62.6%, 79.4%]",,,,
4,parallel,45,45,0.07214389815789474,0.6862649664282798,0.6744830273091793,0.0001111111111111111,67.96000000000001,"[57.6%, 70.8%, 71.0%, 62.6%, 77.8%]",,,,
4,parallel,46,46,0.06885261184210527,0.6645520441234112,0.5545311011373997,0.0001111111111111111,68.8,"[57.6%, 70.8%, 71.0%, 62.6%, 82.0%]",,,,
4,parallel,47,47,0.0659171402631579,0.591419717296958,0.6584149710834026,0.0001111111111111111,68.0,"[57.6%, 70.8%, 71.0%, 62.6%, 78.0%]",,,,
4,parallel,48,48,0.06333748342105264,0.5787032127380372,0.6077596079558134,0.0001111111111111111,68.08,"[57.6%, 70.8%, 71.0%, 62.6%, 78.4%]",,,,
4,parallel,49,49,0.061113641315789474,0.7964387938380242,0.6865873597562313,0.0001111111111111111,67.76,"[57.6%, 70.8%, 71.0%, 62.6%, 76.8%]",,,,
4,parallel,50,50,0.05924561394736842,0.6743416212499141,0.6537450533360243,0.0001111111111111111,67.92,"[57.6%, 70.8%, 71.0%, 62.6%, 77.6%]",,,,
4,parallel,51,51,0.057733401315789475,0.6800130501389503,0.6563508324325085,0.0001111111111111111,68.03999999999999,"[57.6%, 70.8%, 71.0%, 62.6%, 78.2%]",,,,
4,parallel,52,52,0.05657700342105264,0.6715294636785984,0.5822307765483856,0.0001111111111111111,68.72,"[57.6%, 70.8%, 71.0%, 62.6%, 81.6%]",,,,
4,parallel,53,53,0.0557764202631579,0.574585922062397,0.5925857834517956,0.0001111111111111111,68.4,"[57.6%, 70.8%, 71.0%, 62.6%, 80.0%]",,,,
4,parallel,54,54,0.05533165184210526,0.5411274164915085,0.5610659942030907,0.0001111111111111111,68.64,"[57.6%, 70.8%, 71.0%, 62.6%, 81.2%]",,,,
4,parallel,55,55,0.05523157894736842,0.5128763142973185,0.5592440441250801,0.0001111111111111111,68.72,"[57.6%, 70.8%, 71.0%, 62.6%, 81.6%]",,,,
4,weights,1,56,0.05523157894736842,0.4875151127576828,0.5608920473605394,0.0001111111111111111,68.6,"[57.6%, 70.8%, 71.0%, 62.6%, 81.0%]",,,,
4,weights,2,57,0.05523157894736842,0.5087190415710211,0.5202136412262917,0.0001111111111111111,68.8,"[57.6%, 70.8%, 71.0%, 62.6%, 82.0%]",,,,
4,weights,3,58,0.05523157894736842,0.488513770699501,0.510822469368577,0.0001111111111111111,68.96000000000001,"[57.6%, 70.8%, 71.0%, 62.6%, 82.8%]",,,,
4,weights,4,59,0.05523157894736842,0.4593596667051315,0.5108484923839569,0.0001111111111111111,68.96000000000001,"[57.6%, 70.8%, 71.0%, 62.6%, 82.8%]",,,,
4,weights,5,60,0.05523157894736842,0.4571498554199934,0.5023995656520128,0.0001111111111111111,69.0,"[57.6%, 70.8%, 71.0%, 62.6%, 83.0%]",,,,
4,weights,6,61,0.05523157894736842,0.4336950443685055,0.5870503950864077,0.0001111111111111111,68.24,"[57.6%, 70.8%, 71.0%, 62.6%, 79.2%]",,,,
4,weights,7,62,0.05523157894736842,0.43810884207487105,0.465935280546546,0.0001111111111111111,69.16,"[57.6%, 70.8%, 71.0%, 62.6%, 83.8%]",,,,
4,weights,8,63,0.05523157894736842,0.45148756727576256,0.5288266241550446,0.0001111111111111111,68.92,"[57.6%, 70.8%, 71.0%, 62.6%, 82.6%]",,,,
4,weights,9,64,0.05523157894736842,0.43567750714719294,0.4582157228142023,0.0001111111111111111,69.32000000000001,"[57.6%, 70.8%, 71.0%, 62.6%, 84.6%]",,,,
4,weights,10,65,0.05523157894736842,0.40107150431722405,0.47438804619014263,0.0001111111111111111,69.16,"[57.6%, 70.8%, 71.0%, 62.6%, 83.8%]",,,,
4,weights,11,66,0.05523157894736842,0.40248998813331127,0.47684304416179657,0.0001111111111111111,69.03999999999999,"[57.6%, 70.8%, 71.0%, 62.6%, 83.2%]",,,,
4,weights,12,67,0.05523157894736842,0.37846887223422526,0.48107175901532173,0.0001111111111111111,68.76,"[57.6%, 70.8%, 71.0%, 62.6%, 81.8%]",,,,
4,weights,13,68,0.05523157894736842,0.49274426363408563,0.5125935412943363,0.0001111111111111111,68.76,"[57.6%, 70.8%, 71.0%, 62.6%, 81.8%]",,,,
4,weights,14,69,0.05523157894736842,0.38292997479438784,0.43901851028203964,0.0001111111111111111,69.12,"[57.6%, 70.8%, 71.0%, 62.6%, 83.6%]",,,,
4,weights,15,70,0.05523157894736842,0.37942684888839723,0.49635783582925797,0.0001111111111111111,68.84,"[57.6%, 70.8%, 71.0%, 62.6%, 82.2%]",,,,
4,weights,16,71,0.05523157894736842,0.38035996854305265,0.49982164800167084,0.0001111111111111111,69.03999999999999,"[57.6%, 70.8%, 71.0%, 62.6%, 83.2%]",,,,
4,weights,17,72,0.05523157894736842,0.3778531037271023,0.4433695785701275,0.0001111111111111111,69.47999999999999,"[57.6%, 70.8%, 71.0%, 62.6%, 85.4%]",,,,
4,weights,18,73,0.05523157894736842,0.3729508237913251,0.45577760227024555,0.0001111111111111111,69.28,"[57.6%, 70.8%, 71.0%, 62.6%, 84.4%]",,,,
4,weights,19,74,0.05523157894736842,0.3727479476481676,0.4640012811869383,0.0001111111111111111,69.12,"[57.6%, 70.8%, 71.0%, 62.6%, 83.6%]",,,,
4,weights,20,75,0.05523157894736842,0.35952868722379205,0.41168387793004513,0.0001111111111111111,69.72,"[57.6%, 70.8%, 71.0%, 62.6%, 86.6%]",,,,
4,weights,21,76,0.05523157894736842,0.3497200392186642,0.47497344948351383,0.0001111111111111111,69.44,"[57.6%, 70.8%, 71.0%, 62.6%, 85.2%]",,,,
4,weights,22,77,0.05523157894736842,0.36766798309981824,0.42535265535116196,0.0001111111111111111,69.47999999999999,"[57.6%, 70.8%, 71.0%, 62.6%, 85.4%]",,,,
4,weights,23,78,0.05523157894736842,0.34552059061825274,0.38836050778627396,0.0001111111111111111,69.8,"[57.6%, 70.8%, 71.0%, 62.6%, 87.0%]",,,,
4,weights,24,79,0.05523157894736842,0.3539708498865366,0.4199224207550287,0.0001111111111111111,69.47999999999999,"[57.6%, 70.8%, 71.0%, 62.6%, 85.4%]",,,,
4,weights,25,80,0.05523157894736842,0.3378907421603799,0.417726531624794,0.0001111111111111111,69.56,"[57.6%, 70.8%, 71.0%, 62.6%, 85.8%]",36.48,"[0.0%, 42.0%, 44.6%, 10.0%, 85.8%]",53.6,"[45.4%, 44.4%, 44.2%, 48.2%, 85.8%]"
5,parallel,1,1,0.5,7.339876681566238,3.196458876132965,0.0001111111111111111,57.96666666666667,"[57.6%, 70.8%, 71.0%, 62.6%, 85.8%, 0.0%]",,,,
5,parallel,2,2,0.5,2.0775491833686828,1.683520033955574,0.0001111111111111111,61.300000000000004,"[57.6%, 70.8%, 71.0%, 62.6%, 85.8%, 20.0%]",,,,
5,parallel,3,3,0.5,1.6596704244613647,1.6407057493925095,0.0001111111111111111,61.300000000000004,"[57.6%, 70.8%, 71.0%, 62.6%, 85.8%, 20.0%]",,,,
5,parallel,4,4,0.5,1.6428374141454696,1.6266413778066635,0.0001111111111111111,61.300000000000004,"[57.6%, 70.8%, 71.0%, 62.6%, 85.8%, 20.0%]",,,,
5,parallel,5,5,0.49555304,1.6261720448732375,1.6435159891843796,0.0001111111111111111,61.300000000000004,"[57.6%, 70.8%, 71.0%, 62.6%, 85.8%, 20.0%]",,,,
5,parallel,6,6,0.4779881052631579,1.6348853677511215,1.6200567781925201,0.0001111111111111111,61.300000000000004,"[57.6%, 70.8%, 71.0%, 62.6%, 85.8%, 20.0%]",,,,
5,parallel,7,7,0.4607798189473684,1.6167790085077285,1.5795407593250275,0.0001111111111111111,62.800000000000004,"[57.6%, 70.8%, 71.0%, 62.6%, 85.8%, 29.0%]",,,,
5,parallel,8,8,0.44392818105263165,1.5500671446323395,1.4410468488931656,0.0001111111111111111,63.53333333333333,"[57.6%, 70.8%, 71.0%, 62.6%, 85.8%, 33.4%]",,,,
5,parallel,9,9,0.42743319157894744,1.4529061228036881,1.3511175364255905,0.0001111111111111111,64.73333333333333,"[57.6%, 70.8%, 71.0%, 62.6%, 85.8%, 40.6%]",,,,
5,parallel,10,10,0.41129485052631576,1.361783355474472,1.2343251556158066,0.0001111111111111111,67.03333333333333,"[57.6%, 70.8%, 71.0%, 62.6%, 85.8%, 54.4%]",,,,
5,parallel,11,11,0.39551315789473684,1.266156679391861,1.178447462618351,0.0001111111111111111,67.06666666666668,"[57.6%, 70.8%, 71.0%, 62.6%, 85.8%, 54.6%]",,,,
5,parallel,12,12,0.38008811368421047,1.202351027727127,1.2098599299788475,0.0001111111111111111,67.23333333333333,"[57.6%, 70.8%, 71.0%, 62.6%, 85.8%, 55.6%]",,,,
5,parallel,13,13,0.3650197178947368,1.1365216299891472,1.1062609106302261,0.0001111111111111111,67.3,"[57.6%, 70.8%, 71.0%, 62.6%, 85.8%, 56.0%]",,,,
5,parallel,14,14,0.35030797052631574,1.0312872752547264,1.0405569151043892,0.0001111111111111111,68.33333333333333,"[57.6%, 70.8%, 71.0%, 62.6%, 85.8%, 62.2%]",,,,
5,parallel,15,15,0.3359528715789474,1.0502619922161103,0.9788530692458153,0.0001111111111111111,68.46666666666667,"[57.6%, 70.8%, 71.0%, 62.6%, 85.8%, 63.0%]",,,,
5,parallel,16,16,0.3219544210526316,0.9462274849414826,0.9500711411237717,0.0001111111111111111,68.8,"[57.6%, 70.8%, 71.0%, 62.6%, 85.8%, 65.0%]",,,,
5,parallel,17,17,0.3083126189473684,0.8946789190173149,0.9425015226006508,0.0001111111111111111,69.06666666666666,"[57.6%, 70.8%, 71.0%, 62.6%, 85.8%, 66.6%]",,,,
5,parallel,18,18,0.2950274652631579,0.8761238411068917,0.9716561995446682,0.0001111111111111111,68.83333333333333,"[57.6%, 70.8%, 71.0%, 62.6%, 85.8%, 65.2%]",,,,
5,parallel,19,19,0.28209896000000007,0.8639684379100799,0.8314685598015785,0.0001111111111111111,69.96666666666667,"[57.6%, 70.8%, 71.0%, 62.6%, 85.8%, 72.0%]",,,,
5,parallel,20,20,0.2695271031578948,0.8182472497224808,0.8133603744208813,0.0001111111111111111,69.60000000000001,"[57.6%, 70.8%, 71.0%, 62.6%, 85.8%, 69.8%]",,,,
5,parallel,21,21,0.25731189473684213,0.8100078210234642,0.8699624203145504,0.0001111111111111111,69.13333333333334,"[57.6%, 70.8%, 71.0%, 62.6%, 85.8%, 67.0%]",,,,
5,parallel,22,22,0.24545333473684214,0.8207969680428505,0.8946189843118191,0.0001111111111111111,69.06666666666666,"[57.6%, 70.8%, 71.0%, 62.6%, 85.8%, 66.6%]",,,,
5,parallel,23,23,0.23395142315789474,0.8316895321011544,0.95512212254107,0.0001111111111111111,68.53333333333333,"[57.6%, 70.8%, 71.0%, 62.6%, 85.8%, 63.4%]",,,,
5,parallel,24,24,0.22280616,0.7978644467890262,0.823068905621767,0.0001111111111111111,69.53333333333335,"[57.6%, 70.8%, 71.0%, 62.6%, 85.8%, 69.4%]",,,,
5,parallel,25,25,0.2120175452631579,0.7730208963155747,0.7904645912349224,0.0001111111111111111,69.96666666666667,"[57.6%, 70.8%, 71.0%, 62.6%, 85.8%, 72.0%]",,,,
5,parallel,26,26,0.20158557894736842,0.8542232364416122,0.9755664840340614,0.0001111111111111111,68.53333333333333,"[57.6%, 70.8%, 71.0%, 62.6%, 85.8%, 63.4%]",,,,
5,parallel,27,27,0.19151026105263158,0.8424892127513885,0.8386565670371056,0.0001111111111111111,69.53333333333335,"[57.6%, 70.8%, 71.0%, 62.6%, 85.8%, 69.4%]",,,,
5,parallel,28,28,0.18179159157894734,0.8127891659736634,0.9257813505828381,0.0001111111111111111,68.8,"[57.6%, 70.8%, 71.0%, 62.6%, 85.8%, 65.0%]",,,,
5,parallel,29,29,0.1724295705263158,0.7738712549209594,0.8318997919559479,0.0001111111111111111,69.73333333333333,"[57.6%, 70.8%, 71.0%, 62.6%, 85.8%, 70.6%]",,,,
5,parallel,30,30,0.16342419789473683,0.864222651720047,0.819480873644352,0.0001111111111111111,69.66666666666667,"[57.6%, 70.8%, 71.0%, 62.6%, 85.8%, 70.2%]",,,,
5,parallel,31,31,0.15477547368421052,0.835959930717945,0.8443447090685368,0.0001111111111111111,69.10000000000001,"[57.6%, 70.8%, 71.0%, 62.6%, 85.8%, 66.8%]",,,,
5,parallel,32,32,0.14648339789473683,0.8160045683383942,0.7457600980997086,0.0001111111111111111,70.56666666666666,"[57.6%, 70.8%, 71.0%, 62.6%, 85.8%, 75.6%]",,,,
5,parallel,33,33,0.13854797052631582,0.9137660697102546,0.8229557685554028,0.0001111111111111111,69.46666666666667,"[57.6%, 70.8%, 71.0%, 62.6%, 85.8%, 69.0%]",,,,
5,parallel,34,34,0.13096919157894737,0.8263188049197197,0.8224269524216652,0.0001111111111111111,69.83333333333333,"[57.6%, 70.8%, 71.0%, 62.6%, 85.8%, 71.2%]",,,,
5,parallel,35,35,0.12374706105263159,0.9052957847714425,0.8008599951863289,0.0001111111111111111,70.10000000000001,"[57.6%, 70.8%, 71.0%, 62.6%, 85.8%, 72.8%]",,,,
5,parallel,36,36,0.11688157894736842,0.8656378343701363,0.9197503365576267,0.0001111111111111111,69.16666666666667,"[57.6%, 70.8%, 71.0%, 62.6%, 85.8%, 67.2%]",,,,
5,parallel,37,37,0.1103727452631579,0.8135861471295357,0.9620313122868538,0.0001111111111111111,68.93333333333334,"[57.6%, 70.8%, 71.0%, 62.6%, 85.8%, 65.8%]",,,,
5,parallel,38,38,0.10422055999999999,0.9400824248790741,0.8574961945414543,0.0001111111111111111,69.43333333333334,"[57.6%, 70.8%, 71.0%, 62.6%, 85.8%, 68.8%]",,,,
5,parallel,39,39,0.09842502315789473,0.8827266588807106,0.8465406075119972,0.0001111111111111111,69.7,"[57.6%, 70.8%, 71.0%, 62.6%, 85.8%, 70.4%]",,,,
5,parallel,40,40,0.09298613473684211,1.0383816212415695,0.8858528845012188,0.0001111111111111111,69.66666666666667,"[57.6%, 70.8%, 71.0%, 62.6%, 85.8%, 70.2%]",,,,
5,parallel,41,41,0.08790389473684213,0.9155010372400284,0.8625550791621208,0.0001111111111111111,69.46666666666667,"[57.6%, 70.8%, 71.0%, 62.6%, 85.8%, 69.0%]",,,,
5,parallel,42,42,0.08317830315789473,0.9142211765050888,0.8748757168650627,0.0001111111111111111,69.39999999999999,"[57.6%, 70.8%, 71.0%, 62.6%, 85.8%, 68.6%]",,,,
5,parallel,43,43,0.07880936,0.883295826613903,0.9307359755039215,0.0001111111111111111,68.96666666666667,"[57.6%, 70.8%, 71.0%, 62.6%, 85.8%, 66.0%]",,,,
5,parallel,44,44,0.0747970652631579,1.0529464408755302,0.9721053428947926,0.0001111111111111111,68.93333333333334,"[57.6%, 70.8%, 71.0%, 62.6%, 85.8%, 65.8%]",,,,
5,parallel,45,45,0.07114141894736842,0.9914442494511604,0.9638899713754654,0.0001111111111111111,68.56666666666668,"[57.6%, 70.8%, 71.0%, 62.6%, 85.8%, 63.6%]",,,,
5,parallel,46,46,0.0678424210526316,0.9840390026569367,0.9041886553168297,0.0001111111111111111,69.3,"[57.6%, 70.8%, 71.0%, 62.6%, 85.8%, 68.0%]",,,,
5,parallel,47,47,0.06490007157894738,0.9520025424659252,0.9312649592757225,0.0001111111111111111,69.10000000000001,"[57.6%, 70.8%, 71.0%, 62.6%, 85.8%, 66.8%]",,,,
5,parallel,48,48,0.06231437052631579,1.1722847267985343,1.100388303399086,0.0001111111111111111,68.16666666666667,"[57.6%, 70.8%, 71.0%, 62.6%, 85.8%, 61.2%]",,,,
5,parallel,49,49,0.060085317894736846,1.0852372914552688,1.0345572233200073,0.0001111111111111111,68.33333333333333,"[57.6%, 70.8%, 71.0%, 62.6%, 85.8%, 62.2%]",,,,
5,parallel,50,50,0.05821291368421053,1.0720924094319344,1.007679283618927,0.0001111111111111111,68.73333333333333,"[57.6%, 70.8%, 71.0%, 62.6%, 85.8%, 64.6%]",,,,
5,parallel,51,51,0.056697157894736845,1.0494188576936723,0.9705467224121094,0.0001111111111111111,68.93333333333334,"[57.6%, 70.8%, 71.0%, 62.6%, 85.8%, 65.8%]",,,,
5,parallel,52,52,0.055538050526315795,1.0113764509558678,0.9714933037757874,0.0001111111111111111,68.76666666666667,"[57.6%, 70.8%, 71.0%, 62.6%, 85.8%, 64.8%]",,,,
5,parallel,53,53,0.054735591578947376,0.9577101916074753,0.9669065773487091,0.0001111111111111111,68.73333333333333,"[57.6%, 70.8%, 71.0%, 62.6%, 85.8%, 64.6%]",,,,
5,parallel,54,54,0.05428978105263158,1.1285360157489777,0.9951788708567619,0.0001111111111111111,68.4,"[57.6%, 70.8%, 71.0%, 62.6%, 85.8%, 62.6%]",,,,
5,parallel,55,55,0.05418947368421053,0.9876715198159218,0.9859499856829643,0.0001111111111111111,68.43333333333334,"[57.6%, 70.8%, 71.0%, 62.6%, 85.8%, 62.8%]",,,,
5,weights,1,56,0.05418947368421053,0.9627856180071831,0.9590258672833443,0.0001111111111111111,68.8,"[57.6%, 70.8%, 71.0%, 62.6%, 85.8%, 65.0%]",,,,
5,weights,2,57,0.05418947368421053,0.9450634226202965,0.9806345701217651,0.0001111111111111111,68.2,"[57.6%, 70.8%, 71.0%, 62.6%, 85.8%, 61.4%]",,,,
5,weights,3,58,0.05418947368421053,0.911541947722435,0.9423479847609997,0.0001111111111111111,68.73333333333333,"[57.6%, 70.8%, 71.0%, 62.6%, 85.8%, 64.6%]",,,,
5,weights,4,59,0.05418947368421053,0.8908204287290573,0.8882728815078735,0.0001111111111111111,69.13333333333334,"[57.6%, 70.8%, 71.0%, 62.6%, 85.8%, 67.0%]",,,,
5,weights,5,60,0.05418947368421053,0.874566774070263,0.9171090312302113,0.0001111111111111111,68.8,"[57.6%, 70.8%, 71.0%, 62.6%, 85.8%, 65.0%]",,,,
5,weights,6,61,0.05418947368421053,0.9087923467159271,0.9048764556646347,0.0001111111111111111,69.10000000000001,"[57.6%, 70.8%, 71.0%, 62.6%, 85.8%, 66.8%]",,,,
5,weights,7,62,0.05418947368421053,0.8576921105384827,0.9308982565999031,0.0001111111111111111,68.76666666666667,"[57.6%, 70.8%, 71.0%, 62.6%, 85.8%, 64.8%]",,,,
5,weights,8,63,0.05418947368421053,0.8297671779990197,0.9062748402357101,0.0001111111111111111,69.0,"[57.6%, 70.8%, 71.0%, 62.6%, 85.8%, 66.2%]",,,,
5,weights,9,64,0.05418947368421053,0.8374541208148003,0.8314144015312195,0.0001111111111111111,69.36666666666667,"[57.6%, 70.8%, 71.0%, 62.6%, 85.8%, 68.4%]",,,,
5,weights,10,65,0.05418947368421053,0.8312135338783264,0.8568213433027267,0.0001111111111111111,69.39999999999999,"[57.6%, 70.8%, 71.0%, 62.6%, 85.8%, 68.6%]",,,,
5,weights,11,66,0.05418947368421053,0.8188169077038765,0.8560399673879147,0.0001111111111111111,69.56666666666666,"[57.6%, 70.8%, 71.0%, 62.6%, 85.8%, 69.6%]",,,,
5,weights,12,67,0.05418947368421053,0.8460048839449883,0.8333311453461647,0.0001111111111111111,69.73333333333333,"[57.6%, 70.8%, 71.0%, 62.6%, 85.8%, 70.6%]",,,,
5,weights,13,68,0.05418947368421053,0.8178224056959152,0.8102295100688934,0.0001111111111111111,69.96666666666667,"[57.6%, 70.8%, 71.0%, 62.6%, 85.8%, 72.0%]",,,,
5,weights,14,69,0.05418947368421053,0.7901274412870407,0.8767083287239075,0.0001111111111111111,69.10000000000001,"[57.6%, 70.8%, 71.0%, 62.6%, 85.8%, 66.8%]",,,,
5,weights,15,70,0.05418947368421053,0.7753943039104343,0.8178272843360901,0.0001111111111111111,69.66666666666667,"[57.6%, 70.8%, 71.0%, 62.6%, 85.8%, 70.2%]",,,,
5,weights,16,71,0.05418947368421053,0.7914751961827278,0.8498231507837772,0.0001111111111111111,69.26666666666667,"[57.6%, 70.8%, 71.0%, 62.6%, 85.8%, 67.8%]",,,,
5,weights,17,72,0.05418947368421053,0.80208620429039,0.787180233746767,0.0001111111111111111,69.56666666666666,"[57.6%, 70.8%, 71.0%, 62.6%, 85.8%, 69.6%]",,,,
5,weights,18,73,0.05418947368421053,0.7607215061783791,0.8178550824522972,0.0001111111111111111,69.53333333333335,"[57.6%, 70.8%, 71.0%, 62.6%, 85.8%, 69.4%]",,,,
5,weights,19,74,0.05418947368421053,0.8239803701639176,0.8180504590272903,0.0001111111111111111,69.73333333333333,"[57.6%, 70.8%, 71.0%, 62.6%, 85.8%, 70.6%]",,,,
5,weights,20,75,0.05418947368421053,0.7608319163322449,0.8034507855772972,0.0001111111111111111,69.86666666666667,"[57.6%, 70.8%, 71.0%, 62.6%, 85.8%, 71.4%]",,,,
5,weights,21,76,0.05418947368421053,0.7207674540579319,0.8525733761489391,0.0001111111111111111,69.46666666666667,"[57.6%, 70.8%, 71.0%, 62.6%, 85.8%, 69.0%]",,,,
5,weights,22,77,0.05418947368421053,0.7268874119967222,0.8453483060002327,0.0001111111111111111,69.7,"[57.6%, 70.8%, 71.0%, 62.6%, 85.8%, 70.4%]",,,,
5,weights,23,78,0.05418947368421053,0.7366794496774673,0.7570287212729454,0.0001111111111111111,70.03333333333335,"[57.6%, 70.8%, 71.0%, 62.6%, 85.8%, 72.4%]",,,,
5,weights,24,79,0.05418947368421053,0.7936564184725284,0.8157451897859573,0.0001111111111111111,69.43333333333334,"[57.6%, 70.8%, 71.0%, 62.6%, 85.8%, 68.8%]",,,,
5,weights,25,80,0.05418947368421053,0.8124270647764206,0.8538212031126022,0.0001111111111111111,69.33333333333333,"[57.6%, 70.8%, 71.0%, 62.6%, 85.8%, 68.2%]",33.86666666666667,"[0.0%, 42.0%, 44.6%, 10.0%, 85.8%, 20.8%]",48.800000000000004,"[45.4%, 35.4%, 44.2%, 44.2%, 85.8%, 37.8%]"
6,parallel,1,1,0.5,8.157627952098846,3.9126099348068237,0.0001111111111111111,59.42857142857143,"[57.6%, 70.8%, 71.0%, 62.6%, 85.8%, 68.2%, 0.0%]",,,,
6,parallel,2,2,0.5,2.3843627333641053,1.718440666794777,0.0001111111111111111,62.285714285714285,"[57.6%, 70.8%, 71.0%, 62.6%, 85.8%, 68.2%, 20.0%]",,,,
6,parallel,3,3,0.5,1.6725306808948517,1.6484302580356598,0.0001111111111111111,62.285714285714285,"[57.6%, 70.8%, 71.0%, 62.6%, 85.8%, 68.2%, 20.0%]",,,,
6,parallel,4,4,0.5,1.6470491111278533,1.6418410241603851,0.0001111111111111111,62.285714285714285,"[57.6%, 70.8%, 71.0%, 62.6%, 85.8%, 68.2%, 20.0%]",,,,
6,parallel,5,5,0.495542645,1.6322763770818711,1.6246299743652344,0.0001111111111111111,63.25714285714286,"[57.6%, 70.8%, 71.0%, 62.6%, 85.8%, 68.2%, 26.8%]",,,,
6,parallel,6,6,0.47793665131578944,1.5233040273189544,1.3522267863154411,0.0001111111111111111,65.2,"[57.6%, 70.8%, 71.0%, 62.6%, 85.8%, 68.2%, 40.4%]",,,,
6,parallel,7,7,0.4606881397368421,1.3151252627372743,1.2497552186250687,0.0001111111111111111,65.37142857142858,"[57.6%, 70.8%, 71.0%, 62.6%, 85.8%, 68.2%, 41.6%]",,,,
6,parallel,8,8,0.44379711026315793,1.2372768133878709,1.2066717967391014,0.0001111111111111111,66.02857142857142,"[57.6%, 70.8%, 71.0%, 62.6%, 85.8%, 68.2%, 46.2%]",,,,
6,parallel,9,9,0.4272635628947369,1.2040081053972245,1.1538034081459045,0.0001111111111111111,67.11428571428571,"[57.6%, 70.8%, 71.0%, 62.6%, 85.8%, 68.2%, 53.8%]",,,,
6,parallel,10,10,0.4110874976315789,1.101083019375801,0.9813070520758629,0.0001111111111111111,68.28571428571429,"[57.6%, 70.8%, 71.0%, 62.6%, 85.8%, 68.2%, 62.0%]",,,,
6,parallel,11,11,0.3952689144736843,1.017243242263794,0.9474614001810551,0.0001111111111111111,68.82857142857144,"[57.6%, 70.8%, 71.0%, 62.6%, 85.8%, 68.2%, 65.8%]",,,,
6,parallel,12,12,0.37980781342105263,0.9289491772651672,0.8401002958416939,0.0001111111111111111,69.4,"[57.6%, 70.8%, 71.0%, 62.6%, 85.8%, 68.2%, 69.8%]",,,,
6,parallel,13,13,0.3647041944736842,0.8639631673693657,0.7891376093029976,0.0001111111111111111,69.31428571428572,"[57.6%, 70.8%, 71.0%, 62.6%, 85.8%, 68.2%, 69.2%]",,,,
6,parallel,14,14,0.34995805763157894,0.8239285558462143,0.8063476495444775,0.0001111111111111111,69.57142857142857,"[57.6%, 70.8%, 71.0%, 62.6%, 85.8%, 68.2%, 71.0%]",,,,
6,parallel,15,15,0.3355694028947369,0.8411923125386238,0.8841168414801359,0.0001111111111111111,69.11428571428571,"[57.6%, 70.8%, 71.0%, 62.6%, 85.8%, 68.2%, 67.8%]",,,,
6,parallel,16,16,0.321538230263158,0.7623751491308213,0.7513946816325188,0.0001111111111111111,70.0,"[57.6%, 70.8%, 71.0%, 62.6%, 85.8%, 68.2%, 74.0%]",,,,
6,parallel,17,17,0.30786453973684214,0.7440795585513115,0.698421273380518,0.0001111111111111111,70.31428571428572,"[57.6%, 70.8%, 71.0%, 62.6%, 85.8%, 68.2%, 76.2%]",,,,
6,parallel,18,18,0.2945483313157895,0.6837058812379837,0.7115492820739746,0.0001111111111111111,70.05714285714285,"[57.6%, 70.8%, 71.0%, 62.6%, 85.8%, 68.2%, 74.4%]",,,,
6,parallel,19,19,0.2815896050000001,0.6946786507964134,0.7443422190845013,0.0001111111111111111,69.74285714285715,"[57.6%, 70.8%, 71.0%, 62.6%, 85.8%, 68.2%, 72.2%]",,,,
6,parallel,20,20,0.26898836078947375,0.6890051141381264,0.7401690548285842,0.0001111111111111111,69.94285714285715,"[57.6%, 70.8%, 71.0%, 62.6%, 85.8%, 68.2%, 73.6%]",,,,
6,parallel,21,21,0.25674459868421057,0.775393620878458,0.7496744319796562,0.0001111111111111111,69.85714285714286,"[57.6%, 70.8%, 71.0%, 62.6%, 85.8%, 68.2%, 73.0%]",,,,
6,parallel,22,22,0.24485831868421057,0.6868789173662663,0.647534366697073,0.0001111111111111111,70.62857142857142,"[57.6%, 70.8%, 71.0%, 62.6%, 85.8%, 68.2%, 78.4%]",,,,
6,parallel,23,23,0.2333295207894737,0.7113425612449646,0.6683068387210369,0.0001111111111111111,70.28571428571429,"[57.6%, 70.8%, 71.0%, 62.6%, 85.8%, 68.2%, 76.0%]",,,,
6,parallel,24,24,0.222158205,0.73610600233078,0.6790382117033005,0.0001111111111111111,70.42857142857143,"[57.6%, 70.8%, 71.0%, 62.6%, 85.8%, 68.2%, 77.0%]",,,,
6,parallel,25,25,0.21134437131578948,0.6757809288799763,0.6151020005345345,0.0001111111111111111,70.82857142857144,"[57.6%, 70.8%, 71.0%, 62.6%, 85.8%, 68.2%, 79.8%]",,,,
6,parallel,26,26,0.2008880197368421,0.6994363378733397,0.6806815266609192,0.0001111111111111111,70.62857142857142,"[57.6%, 70.8%, 71.0%, 62.6%, 85.8%, 68.2%, 78.4%]",,,,
6,parallel,27,27,0.19078915026315788,0.6659863695502282,0.7649342827498913,0.0001111111111111111,69.74285714285715,"[57.6%, 70.8%, 71.0%, 62.6%, 85.8%, 68.2%, 72.2%]",,,,
6,parallel,28,28,0.1810477628947368,0.7557604394853115,0.7366426512598991,0.0001111111111111111,70.05714285714285,"[57.6%, 70.8%, 71.0%, 62.6%, 85.8%, 68.2%, 74.4%]",,,,
6,parallel,29,29,0.17166385763157896,0.6869624547660351,0.7628964371979237,0.0001111111111111111,70.0,"[57.6%, 70.8%, 71.0%, 62.6%, 85.8%, 68.2%, 74.0%]",,,,
6,parallel,30,30,0.16263743447368423,0.6570243380963803,0.620051920413971,0.0001111111111111111,70.97142857142858,"[57.6%, 70.8%, 71.0%, 62.6%, 85.8%, 68.2%, 80.8%]",,,,
6,parallel,31,31,0.15396849342105262,0.7611559331417084,0.7108675055205822,0.0001111111111111111,70.02857142857142,"[57.6%, 70.8%, 71.0%, 62.6%, 85.8%, 68.2%, 74.2%]",,,,
6,parallel,32,32,0.14565703447368422,0.7097268231213093,0.640375167131424,0.0001111111111111111,70.65714285714286,"[57.6%, 70.8%, 71.0%, 62.6%, 85.8%, 68.2%, 78.6%]",,,,
6,parallel,33,33,0.13770305763157897,0.7935336783528328,0.6646356843411922,0.0001111111111111111,70.42857142857143,"[57.6%, 70.8%, 71.0%, 62.6%, 85.8%, 68.2%, 77.0%]",,,,
6,parallel,34,34,0.13010656289473688,0.7371459931135178,0.7798072192817926,0.0001111111111111111,69.65714285714286,"[57.6%, 70.8%, 71.0%, 62.6%, 85.8%, 68.2%, 71.6%]",,,,
6,parallel,35,35,0.12286755026315792,0.8892247155308723,0.7909315675497055,0.0001111111111111111,69.8,"[57.6%, 70.8%, 71.0%, 62.6%, 85.8%, 68.2%, 72.6%]",,,,
6,parallel,36,36,0.11598601973684211,0.7909342139959336,0.8610601760447025,0.0001111111111111111,69.31428571428572,"[57.6%, 70.8%, 71.0%, 62.6%, 85.8%, 68.2%, 69.2%]",,,,
6,parallel,37,37,0.10946197131578948,0.7656029805541038,0.6849571764469147,0.0001111111111111111,70.34285714285714,"[57.6%, 70.8%, 71.0%, 62.6%, 85.8%, 68.2%, 76.4%]",,,,
6,parallel,38,38,0.103295405,0.8824501723051071,0.7976430132985115,0.0001111111111111111,69.74285714285715,"[57.6%, 70.8%, 71.0%, 62.6%, 85.8%, 68.2%, 72.2%]",,,,
6,parallel,39,39,0.09748632078947367,0.7792401954531669,0.7676933258771896,0.0001111111111111111,70.11428571428571,"[57.6%, 70.8%, 71.0%, 62.6%, 85.8%, 68.2%, 74.8%]",,,,
6,parallel,40,40,0.09203471868421054,1.0515244349837303,0.901170652359724,0.0001111111111111111,69.08571428571429,"[57.6%, 70.8%, 71.0%, 62.6%, 85.8%, 68.2%, 67.6%]",,,,
6,parallel,41,41,0.08694059868421053,0.917864203453064,0.8092657811939716,0.0001111111111111111,69.8,"[57.6%, 70.8%, 71.0%, 62.6%, 85.8%, 68.2%, 72.6%]",,,,
6,parallel,42,42,0.08220396078947369,0.8968724876642227,0.8831079788506031,0.0001111111111111111,69.42857142857143,"[57.6%, 70.8%, 71.0%, 62.6%, 85.8%, 68.2%, 70.0%]",,,,
6,parallel,43,43,0.077824805,1.0824438855051994,0.9268687665462494,0.0001111111111111111,69.2,"[57.6%, 70.8%, 71.0%, 62.6%, 85.8%, 68.2%, 68.4%]",,,,
6,parallel,44,44,0.07380313131578947,0.9514383405447007,0.8984416201710701,0.0001111111111111111,69.37142857142858,"[57.6%, 70.8%, 71.0%, 62.6%, 85.8%, 68.2%, 69.6%]",,,,
6,parallel,45,45,0.0701389397368421,0.9711863547563553,0.918725548312068,0.0001111111111111111,69.37142857142858,"[57.6%, 70.8%, 71.0%, 62.6%, 85.8%, 68.2%, 69.6%]",,,,
6,parallel,46,46,0.0668322302631579,0.9375674232840538,0.8590974472463131,0.0001111111111111111,69.71428571428571,"[57.6%, 70.8%, 71.0%, 62.6%, 85.8%, 68.2%, 72.0%]",,,,
6,parallel,47,47,0.06388300289473685,0.9381526172161102,0.8820926453918219,0.0001111111111111111,69.48571428571428,"[57.6%, 70.8%, 71.0%, 62.6%, 85.8%, 68.2%, 70.4%]",,,,
6,parallel,48,48,0.06129125763157896,1.3276910364627839,1.148541133850813,0.0001111111111111111,67.48571428571428,"[57.6%, 70.8%, 71.0%, 62.6%, 85.8%, 68.2%, 56.4%]",,,,
6,parallel,49,49,0.05905699447368422,1.119551269710064,1.1232567206025124,0.0001111111111111111,67.77142857142857,"[57.6%, 70.8%, 71.0%, 62.6%, 85.8%, 68.2%, 58.4%]",,,,
6,parallel,50,50,0.05718021342105264,1.0449281275272368,0.9834822863340378,0.0001111111111111111,68.77142857142857,"[57.6%, 70.8%, 71.0%, 62.6%, 85.8%, 68.2%, 65.4%]",,,,
6,parallel,51,51,0.055660914473684216,1.011443892121315,1.0017666965723038,0.0001111111111111111,68.57142857142857,"[57.6%, 70.8%, 71.0%, 62.6%, 85.8%, 68.2%, 64.0%]",,,,
6,parallel,52,52,0.05449909763157896,1.0763258039951324,1.0130405239760876,0.0001111111111111111,68.48571428571428,"[57.6%, 70.8%, 71.0%, 62.6%, 85.8%, 68.2%, 63.4%]",,,,
6,parallel,53,53,0.05369476289473685,0.9954798549413681,0.9798433519899845,0.0001111111111111111,68.54285714285714,"[57.6%, 70.8%, 71.0%, 62.6%, 85.8%, 68.2%, 63.8%]",,,,
6,parallel,54,54,0.0532479102631579,0.9825290769338608,0.9313383363187313,0.0001111111111111111,69.11428571428571,"[57.6%, 70.8%, 71.0%, 62.6%, 85.8%, 68.2%, 67.8%]",,,,
6,parallel,55,55,0.05314736842105264,0.9672661006450654,0.9647268503904343,0.0001111111111111111,68.45714285714286,"[57.6%, 70.8%, 71.0%, 62.6%, 85.8%, 68.2%, 63.2%]",,,,
6,weights,1,56,0.05314736842105264,0.9240567609667778,0.8816312067210674,0.0001111111111111111,69.31428571428572,"[57.6%, 70.8%, 71.0%, 62.6%, 85.8%, 68.2%, 69.2%]",,,,
6,weights,2,57,0.05314736842105264,0.9522559642791748,0.9277749694883823,0.0001111111111111111,69.08571428571429,"[57.6%, 70.8%, 71.0%, 62.6%, 85.8%, 68.2%, 67.6%]",,,,
6,weights,3,58,0.05314736842105264,0.908627749979496,0.9030185416340828,0.0001111111111111111,68.8,"[57.6%, 70.8%, 71.0%, 62.6%, 85.8%, 68.2%, 65.6%]",,,,
6,weights,4,59,0.05314736842105264,0.8968339487910271,0.8766143694519997,0.0001111111111111111,69.05714285714285,"[57.6%, 70.8%, 71.0%, 62.6%, 85.8%, 68.2%, 67.4%]",,,,
6,weights,5,60,0.05314736842105264,0.8722403258085251,0.895869754254818,0.0001111111111111111,68.82857142857144,"[57.6%, 70.8%, 71.0%, 62.6%, 85.8%, 68.2%, 65.8%]",,,,
6,weights,6,61,0.05314736842105264,0.8658342577517033,0.829137209802866,0.0001111111111111111,69.28571428571429,"[57.6%, 70.8%, 71.0%, 62.6%, 85.8%, 68.2%, 69.0%]",,,,
6,weights,7,62,0.05314736842105264,0.8601743504405022,0.8384441956877708,0.0001111111111111111,69.68571428571428,"[57.6%, 70.8%, 71.0%, 62.6%, 85.8%, 68.2%, 71.8%]",,,,
6,weights,8,63,0.05314736842105264,0.8551085606217385,0.8181827701628208,0.0001111111111111111,69.4,"[57.6%, 70.8%, 71.0%, 62.6%, 85.8%, 68.2%, 69.8%]",,,,
6,weights,9,64,0.05314736842105264,0.8357179343700409,0.8838307410478592,0.0001111111111111111,68.88571428571429,"[57.6%, 70.8%, 71.0%, 62.6%, 85.8%, 68.2%, 66.2%]",,,,
6,weights,10,65,0.05314736842105264,0.8195275126025081,0.832594521343708,0.0001111111111111111,69.4,"[57.6%, 70.8%, 71.0%, 62.6%, 85.8%, 68.2%, 69.8%]",,,,
6,weights,11,66,0.05314736842105264,0.8251649826765061,0.8190263025462627,0.0001111111111111111,69.65714285714286,"[57.6%, 70.8%, 71.0%, 62.6%, 85.8%, 68.2%, 71.6%]",,,,
6,weights,12,67,0.05314736842105264,0.8252077549695969,0.8554037045687437,0.0001111111111111111,69.34285714285714,"[57.6%, 70.8%, 71.0%, 62.6%, 85.8%, 68.2%, 69.4%]",,,,
6,weights,13,68,0.05314736842105264,0.8183517307043076,0.7794686444103718,0.0001111111111111111,69.85714285714286,"[57.6%, 70.8%, 71.0%, 62.6%, 85.8%, 68.2%, 73.0%]",,,,
6,weights,14,69,0.05314736842105264,0.8085007026791573,0.7958555072546005,0.0001111111111111111,69.74285714285715,"[57.6%, 70.8%, 71.0%, 62.6%, 85.8%, 68.2%, 72.2%]",,,,
6,weights,15,70,0.05314736842105264,0.7742691457271575,0.8295928835868835,0.0001111111111111111,69.6,"[57.6%, 70.8%, 71.0%, 62.6%, 85.8%, 68.2%, 71.2%]",,,,
6,weights,16,71,0.05314736842105264,0.8216968148946762,0.8026230558753014,0.0001111111111111111,69.28571428571429,"[57.6%, 70.8%, 71.0%, 62.6%, 85.8%, 68.2%, 69.0%]",,,,
6,weights,17,72,0.05314736842105264,0.7671999279409647,0.7763033173978329,0.0001111111111111111,69.77142857142857,"[57.6%, 70.8%, 71.0%, 62.6%, 85.8%, 68.2%, 72.4%]",,,,
6,weights,18,73,0.05314736842105264,0.750185351073742,0.8165492936968803,0.0001111111111111111,69.57142857142857,"[57.6%, 70.8%, 71.0%, 62.6%, 85.8%, 68.2%, 71.0%]",,,,
6,weights,19,74,0.05314736842105264,0.7658271409571171,0.8596562407910824,0.0001111111111111111,69.05714285714285,"[57.6%, 70.8%, 71.0%, 62.6%, 85.8%, 68.2%, 67.4%]",,,,
6,weights,20,75,0.05314736842105264,0.7557078629732132,0.8224846757948399,0.0001111111111111111,69.34285714285714,"[57.6%, 70.8%, 71.0%, 62.6%, 85.8%, 68.2%, 69.4%]",,,,
6,weights,21,76,0.05314736842105264,0.7624836653470993,0.7778965383768082,0.0001111111111111111,70.02857142857142,"[57.6%, 70.8%, 71.0%, 62.6%, 85.8%, 68.2%, 74.2%]",,,,
6,weights,22,77,0.05314736842105264,0.7567997194826603,0.7812297604978085,0.0001111111111111111,69.94285714285715,"[57.6%, 70.8%, 71.0%, 62.6%, 85.8%, 68.2%, 73.6%]",,,,
6,weights,23,78,0.05314736842105264,0.7261161155998707,0.7966156918555498,0.0001111111111111111,69.65714285714286,"[57.6%, 70.8%, 71.0%, 62.6%, 85.8%, 68.2%, 71.6%]",,,,
6,weights,24,79,0.05314736842105264,0.755335520207882,0.7717059217393398,0.0001111111111111111,69.62857142857142,"[57.6%, 70.8%, 71.0%, 62.6%, 85.8%, 68.2%, 71.4%]",,,,
6,weights,25,80,0.05314736842105264,0.7454449936747551,0.7494434528052807,0.0001111111111111111,69.91428571428571,"[57.6%, 70.8%, 71.0%, 62.6%, 85.8%, 68.2%, 73.4%]",32.114285714285714,"[0.0%, 42.0%, 44.6%, 10.0%, 85.8%, 20.8%, 21.6%]",47.885714285714286,"[45.4%, 35.4%, 44.2%, 48.2%, 85.8%, 47.0%, 29.2%]"
7,parallel,1,1,0.5,9.434559106826782,4.977752506732941,0.0001111111111111111,61.175,"[57.6%, 70.8%, 71.0%, 62.6%, 85.8%, 68.2%, 73.4%, 0.0%]",,,,
7,parallel,2,2,0.5,2.9732284009456635,1.766132727265358,0.0001111111111111111,63.675,"[57.6%, 70.8%, 71.0%, 62.6%, 85.8%, 68.2%, 73.4%, 20.0%]",,,,
7,parallel,3,3,0.5,1.678839549422264,1.6505987793207169,0.0001111111111111111,63.675,"[57.6%, 70.8%, 71.0%, 62.6%, 85.8%, 68.2%, 73.4%, 20.0%]",,,,
7,parallel,4,4,0.5,1.6478188633918762,1.6251969188451767,0.0001111111111111111,63.724999999999994,"[57.6%, 70.8%, 71.0%, 62.6%, 85.8%, 68.2%, 73.4%, 20.4%]",,,,
7,parallel,5,5,0.49553225,1.62585209608078,1.6003319770097733,0.0001111111111111111,64.725,"[57.6%, 70.8%, 71.0%, 62.6%, 85.8%, 68.2%, 73.4%, 28.4%]",,,,
7,parallel,6,6,0.477885197368421,1.51621156334877,1.4642835706472397,0.0001111111111111111,65.675,"[57.6%, 70.8%, 71.0%, 62.6%, 85.8%, 68.2%, 73.4%, 36.0%]",,,,
7,parallel,7,7,0.46059646052631575,1.4306387335062027,1.4167865812778473,0.0001111111111111111,65.825,"[57.6%, 70.8%, 71.0%, 62.6%, 85.8%, 68.2%, 73.4%, 37.2%]",,,,
7,parallel,8,8,0.44366603947368427,1.293090133368969,1.2492895498871803,0.0001111111111111111,66.89999999999999,"[57.6%, 70.8%, 71.0%, 62.6%, 85.8%, 68.2%, 73.4%, 45.8%]",,,,
7,parallel,9,9,0.4270939342105264,1.1909455865621568,1.2123649939894676,0.0001111111111111111,67.52499999999999,"[57.6%, 70.8%, 71.0%, 62.6%, 85.8%, 68.2%, 73.4%, 50.8%]",,,,
7,parallel,10,10,0.4108801447368421,1.0856981143355369,1.114315815269947,0.0001111111111111111,68.225,"[57.6%, 70.8%, 71.0%, 62.6%, 85.8%, 68.2%, 73.4%, 56.4%]",,,,
7,parallel,11,11,0.39502467105263156,1.022546075284481,1.0601774528622627,0.0001111111111111111,68.575,"[57.6%, 70.8%, 71.0%, 62.6%, 85.8%, 68.2%, 73.4%, 59.2%]",,,,
7,parallel,12,12,0.3795275131578947,0.9694249659776688,1.1000807583332062,0.0001111111111111111,68.3,"[57.6%, 70.8%, 71.0%, 62.6%, 85.8%, 68.2%, 73.4%, 57.0%]",,,,
7,parallel,13,13,0.36438867105263156,0.9576618999242783,1.0455616563558578,0.0001111111111111111,69.05,"[57.6%, 70.8%, 71.0%, 62.6%, 85.8%, 68.2%, 73.4%, 63.0%]",,,,
7,parallel,14,14,0.3496081447368421,1.0141961380839348,0.9891707003116608,0.0001111111111111111,69.3,"[57.6%, 70.8%, 71.0%, 62.6%, 85.8%, 68.2%, 73.4%, 65.0%]",,,,
7,parallel,15,15,0.33518593421052634,0.8628750219941139,0.8989484012126923,0.0001111111111111111,69.85,"[57.6%, 70.8%, 71.0%, 62.6%, 85.8%, 68.2%, 73.4%, 69.4%]",,,,
7,parallel,16,16,0.32112203947368423,0.8747769936919212,1.0040968284010887,0.0001111111111111111,69.14999999999999,"[57.6%, 70.8%, 71.0%, 62.6%, 85.8%, 68.2%, 73.4%, 63.8%]",,,,
7,parallel,17,17,0.30741646052631577,0.9030309215188026,0.9633154794573784,0.0001111111111111111,69.35,"[57.6%, 70.8%, 71.0%, 62.6%, 85.8%, 68.2%, 73.4%, 65.4%]",,,,
7,parallel,18,18,0.294069197368421,0.8537503540515899,0.9217025339603424,0.0001111111111111111,69.35,"[57.6%, 70.8%, 71.0%, 62.6%, 85.8%, 68.2%, 73.4%, 65.4%]",,,,
7,parallel,19,19,0.2810802500000001,0.758059698343277,0.9314481914043427,0.0001111111111111111,69.55,"[57.6%, 70.8%, 71.0%, 62.6%, 85.8%, 68.2%, 73.4%, 67.0%]",,,,
7,parallel,20,20,0.2684496184210527,0.7855303898453713,0.965934120118618,0.0001111111111111111,69.35,"[57.6%, 70.8%, 71.0%, 62.6%, 85.8%, 68.2%, 73.4%, 65.4%]",,,,
7,parallel,21,21,0.25617730263157895,0.7876815482974052,0.9082830250263214,0.0001111111111111111,69.725,"[57.6%, 70.8%, 71.0%, 62.6%, 85.8%, 68.2%, 73.4%, 68.4%]",,,,
7,parallel,22,22,0.24426330263157897,0.7665776520967483,0.9380683749914169,0.0001111111111111111,69.52499999999999,"[57.6%, 70.8%, 71.0%, 62.6%, 85.8%, 68.2%, 73.4%, 66.8%]",,,,
7,parallel,23,23,0.23270761842105264,0.7998187258839607,0.925163596868515,0.0001111111111111111,69.8,"[57.6%, 70.8%, 71.0%, 62.6%, 85.8%, 68.2%, 73.4%, 69.0%]",,,,
7,parallel,24,24,0.22151025,0.8140542641282081,0.9599218368530273,0.0001111111111111111,69.425,"[57.6%, 70.8%, 71.0%, 62.6%, 85.8%, 68.2%, 73.4%, 66.0%]",,,,
7,parallel,25,25,0.21067119736842105,0.8129740327596664,0.905470684170723,0.0001111111111111111,69.64999999999999,"[57.6%, 70.8%, 71.0%, 62.6%, 85.8%, 68.2%, 73.4%, 67.8%]",,,,
7,parallel,26,26,0.20019046052631578,0.8205224946141243,0.8622834011912346,0.0001111111111111111,69.8,"[57.6%, 70.8%, 71.0%, 62.6%, 85.8%, 68.2%, 73.4%, 69.0%]",,,,
7,parallel,27,27,0.1900680394736842,0.7459180742502213,0.9130740240216255,0.0001111111111111111,69.5,"[57.6%, 70.8%, 71.0%, 62.6%, 85.8%, 68.2%, 73.4%, 66.6%]",,,,
7,parallel,28,28,0.1803039342105263,0.8369354099035263,0.9417927041649818,0.0001111111111111111,69.625,"[57.6%, 70.8%, 71.0%, 62.6%, 85.8%, 68.2%, 73.4%, 67.6%]",,,,
7,parallel,29,29,0.1708981447368421,0.8067601427435875,1.0460080206394196,0.0001111111111111111,68.85,"[57.6%, 70.8%, 71.0%, 62.6%, 85.8%, 68.2%, 73.4%, 61.4%]",,,,
7,parallel,30,30,0.16185067105263157,0.7679043928161263,0.9157141894102097,0.0001111111111111111,69.52499999999999,"[57.6%, 70.8%, 71.0%, 62.6%, 85.8%, 68.2%, 73.4%, 66.8%]",,,,
7,parallel,31,31,0.15316151315789472,0.8545984193682671,0.9637423828244209,0.0001111111111111111,69.175,"[57.6%, 70.8%, 71.0%, 62.6%, 85.8%, 68.2%, 73.4%, 64.0%]",,,,
7,parallel,32,32,0.14483067105263156,0.827520702779293,0.8910933285951614,0.0001111111111111111,69.675,"[57.6%, 70.8%, 71.0%, 62.6%, 85.8%, 68.2%, 73.4%, 68.0%]",,,,
7,parallel,33,33,0.13685814473684213,0.8939611315727234,0.968290850520134,0.0001111111111111111,69.225,"[57.6%, 70.8%, 71.0%, 62.6%, 85.8%, 68.2%, 73.4%, 64.4%]",,,,
7,parallel,34,34,0.12924393421052632,0.8611637279391289,0.9272168129682541,0.0001111111111111111,69.475,"[57.6%, 70.8%, 71.0%, 62.6%, 85.8%, 68.2%, 73.4%, 66.4%]",,,,
7,parallel,35,35,0.12198803947368422,0.8480928599834442,0.9958223775029182,0.0001111111111111111,69.0,"[57.6%, 70.8%, 71.0%, 62.6%, 85.8%, 68.2%, 73.4%, 62.6%]",,,,
7,parallel,36,36,0.11509046052631577,0.8419236019253731,0.9917148724198341,0.0001111111111111111,68.975,"[57.6%, 70.8%, 71.0%, 62.6%, 85.8%, 68.2%, 73.4%, 62.4%]",,,,
7,parallel,37,37,0.10855119736842106,1.0190807715058328,1.0500346794724464,0.0001111111111111111,69.02499999999999,"[57.6%, 70.8%, 71.0%, 62.6%, 85.8%, 68.2%, 73.4%, 62.8%]",,,,
7,parallel,38,38,0.10237025,0.8980131909251213,0.9939857125282288,0.0001111111111111111,69.05,"[57.6%, 70.8%, 71.0%, 62.6%, 85.8%, 68.2%, 73.4%, 63.0%]",,,,
7,parallel,39,39,0.09654761842105261,0.9061973586678504,1.0090944543480873,0.0001111111111111111,68.89999999999999,"[57.6%, 70.8%, 71.0%, 62.6%, 85.8%, 68.2%, 73.4%, 61.8%]",,,,
7,parallel,40,40,0.09108330263157896,1.0991426080465316,1.080946870148182,0.0001111111111111111,68.475,"[57.6%, 70.8%, 71.0%, 62.6%, 85.8%, 68.2%, 73.4%, 58.4%]",,,,
7,parallel,41,41,0.08597730263157895,0.9878844305872917,1.0264552906155586,0.0001111111111111111,68.925,"[57.6%, 70.8%, 71.0%, 62.6%, 85.8%, 68.2%, 73.4%, 62.0%]",,,,
7,parallel,42,42,0.08122961842105263,0.9560054510831832,1.0140902325510979,0.0001111111111111111,68.875,"[57.6%, 70.8%, 71.0%, 62.6%, 85.8%, 68.2%, 73.4%, 61.6%]",,,,
7,parallel,43,43,0.07684025,1.1672063380479814,1.1088642328977585,0.0001111111111111111,68.6,"[57.6%, 70.8%, 71.0%, 62.6%, 85.8%, 68.2%, 73.4%, 59.4%]",,,,
7,parallel,44,44,0.07280919736842104,1.0379664421081543,1.1237413212656975,0.0001111111111111111,68.5,"[57.6%, 70.8%, 71.0%, 62.6%, 85.8%, 68.2%, 73.4%, 58.6%]",,,,
7,parallel,45,45,0.06913646052631578,1.0377028182148933,1.1618744060397148,0.0001111111111111111,68.39999999999999,"[57.6%, 70.8%, 71.0%, 62.6%, 85.8%, 68.2%, 73.4%, 57.8%]",,,,
7,parallel,46,46,0.06582203947368422,1.0390303522348403,1.059685692191124,0.0001111111111111111,68.725,"[57.6%, 70.8%, 71.0%, 62.6%, 85.8%, 68.2%, 73.4%, 60.4%]",,,,
7,parallel,47,47,0.06286593421052632,0.9824146777391434,1.025384820997715,0.0001111111111111111,69.2,"[57.6%, 70.8%, 71.0%, 62.6%, 85.8%, 68.2%, 73.4%, 64.2%]",,,,
7,parallel,48,48,0.0602681447368421,1.32926504611969,1.269187569618225,0.0001111111111111111,67.5,"[57.6%, 70.8%, 71.0%, 62.6%, 85.8%, 68.2%, 73.4%, 50.6%]",,,,
7,parallel,49,49,0.05802867105263157,1.218445646762848,1.2508747279644012,0.0001111111111111111,67.925,"[57.6%, 70.8%, 71.0%, 62.6%, 85.8%, 68.2%, 73.4%, 54.0%]",,,,
7,parallel,50,50,0.05614751315789473,1.1414800241589547,1.179659590125084,0.0001111111111111111,68.225,"[57.6%, 70.8%, 71.0%, 62.6%, 85.8%, 68.2%, 73.4%, 56.4%]",,,,
7,parallel,51,51,0.05462467105263157,1.1758219689130782,1.223288118839264,0.0001111111111111111,68.075,"[57.6%, 70.8%, 71.0%, 62.6%, 85.8%, 68.2%, 73.4%, 55.2%]",,,,
7,parallel,52,52,0.0534601447368421,1.1280221045017242,1.1524886041879654,0.0001111111111111111,68.35,"[57.6%, 70.8%, 71.0%, 62.6%, 85.8%, 68.2%, 73.4%, 57.4%]",,,,
7,parallel,53,53,0.05265393421052631,1.0952505961060524,1.132368564605713,0.0001111111111111111,68.425,"[57.6%, 70.8%, 71.0%, 62.6%, 85.8%, 68.2%, 73.4%, 58.0%]",,,,
7,parallel,54,54,0.052206039473684206,1.070148316025734,1.1164000034332275,0.0001111111111111111,68.64999999999999,"[57.6%, 70.8%, 71.0%, 62.6%, 85.8%, 68.2%, 73.4%, 59.8%]",,,,
7,parallel,55,55,0.05210526315789473,1.0412552058696747,1.103356659412384,0.0001111111111111111,68.575,"[57.6%, 70.8%, 71.0%, 62.6%, 85.8%, 68.2%, 73.4%, 59.2%]",,,,
7,weights,1,56,0.05210526315789473,1.0106336697936058,1.08877632021904,0.0001111111111111111,68.5,"[57.6%, 70.8%, 71.0%, 62.6%, 85.8%, 68.2%, 73.4%, 58.6%]",,,,
7,weights,2,57,0.05210526315789473,0.9968336924910546,1.0824888572096825,0.0001111111111111111,68.475,"[57.6%, 70.8%, 71.0%, 62.6%, 85.8%, 68.2%, 73.4%, 58.4%]",,,,
7,weights,3,58,0.05210526315789473,1.0372103065252305,1.050854742527008,0.0001111111111111111,68.675,"[57.6%, 70.8%, 71.0%, 62.6%, 85.8%, 68.2%, 73.4%, 60.0%]",,,,
7,weights,4,59,0.05210526315789473,0.9797695621848106,1.0729016810655594,0.0001111111111111111,68.725,"[57.6%, 70.8%, 71.0%, 62.6%, 85.8%, 68.2%, 73.4%, 60.4%]",,,,
7,weights,5,60,0.05210526315789473,0.9892984002828598,1.0291058272123337,0.0001111111111111111,68.7,"[57.6%, 70.8%, 71.0%, 62.6%, 85.8%, 68.2%, 73.4%, 60.2%]",,,,
7,weights,6,61,0.05210526315789473,0.9631025776267051,1.0182411670684814,0.0001111111111111111,68.77499999999999,"[57.6%, 70.8%, 71.0%, 62.6%, 85.8%, 68.2%, 73.4%, 60.8%]",,,,
7,weights,7,62,0.05210526315789473,0.9580154031515121,1.0403534099459648,0.0001111111111111111,68.825,"[57.6%, 70.8%, 71.0%, 62.6%, 85.8%, 68.2%, 73.4%, 61.2%]",,,,
7,weights,8,63,0.05210526315789473,0.9745903849601746,1.0414490327239037,0.0001111111111111111,68.825,"[57.6%, 70.8%, 71.0%, 62.6%, 85.8%, 68.2%, 73.4%, 61.2%]",,,,
7,weights,9,64,0.05210526315789473,0.9527808517217636,1.0239620506763458,0.0001111111111111111,69.02499999999999,"[57.6%, 70.8%, 71.0%, 62.6%, 85.8%, 68.2%, 73.4%, 62.8%]",,,,
7,weights,10,65,0.05210526315789473,0.9314399756491184,1.0422134697437286,0.0001111111111111111,68.89999999999999,"[57.6%, 70.8%, 71.0%, 62.6%, 85.8%, 68.2%, 73.4%, 61.8%]",,,,
7,weights,11,66,0.05210526315789473,0.8944923862814903,1.053858496248722,0.0001111111111111111,68.85,"[57.6%, 70.8%, 71.0%, 62.6%, 85.8%, 68.2%, 73.4%, 61.4%]",,,,
7,weights,12,67,0.05210526315789473,0.8952628031373024,1.02227234095335,0.0001111111111111111,69.1,"[57.6%, 70.8%, 71.0%, 62.6%, 85.8%, 68.2%, 73.4%, 63.4%]",,,,
7,weights,13,68,0.05210526315789473,0.8991122096776962,1.012272022664547,0.0001111111111111111,68.725,"[57.6%, 70.8%, 71.0%, 62.6%, 85.8%, 68.2%, 73.4%, 60.4%]",,,,
7,weights,14,69,0.05210526315789473,0.8627228274941444,0.9834264516830444,0.0001111111111111111,69.075,"[57.6%, 70.8%, 71.0%, 62.6%, 85.8%, 68.2%, 73.4%, 63.2%]",,,,
7,weights,15,70,0.05210526315789473,0.8633329093456268,0.9983302652835846,0.0001111111111111111,69.0,"[57.6%, 70.8%, 71.0%, 62.6%, 85.8%, 68.2%, 73.4%, 62.6%]",,,,
7,weights,16,71,0.05210526315789473,0.8622563153505325,0.9535691142082214,0.0001111111111111111,69.475,"[57.6%, 70.8%, 71.0%, 62.6%, 85.8%, 68.2%, 73.4%, 66.4%]",,,,
7,weights,17,72,0.05210526315789473,0.8889117702841759,0.9824880808591843,0.0001111111111111111,69.225,"[57.6%, 70.8%, 71.0%, 62.6%, 85.8%, 68.2%, 73.4%, 64.4%]",,,,
7,weights,18,73,0.05210526315789473,0.8437200382351875,0.9885223433375359,0.0001111111111111111,69.1,"[57.6%, 70.8%, 71.0%, 62.6%, 85.8%, 68.2%, 73.4%, 63.4%]",,,,
7,weights,19,74,0.05210526315789473,0.8204214587807656,0.948301412165165,0.0001111111111111111,69.25,"[57.6%, 70.8%, 71.0%, 62.6%, 85.8%, 68.2%, 73.4%, 64.6%]",,,,
7,weights,20,75,0.05210526315789473,0.819252473115921,0.9448520988225937,0.0001111111111111111,69.35,"[57.6%, 70.8%, 71.0%, 62.6%, 85.8%, 68.2%, 73.4%, 65.4%]",,,,
7,weights,21,76,0.05210526315789473,0.8115423351526261,0.9454816728830338,0.0001111111111111111,69.2,"[57.6%, 70.8%, 71.0%, 62.6%, 85.8%, 68.2%, 73.4%, 64.2%]",,,,
7,weights,22,77,0.05210526315789473,0.8096325039863587,0.8998347520828247,0.0001111111111111111,69.85,"[57.6%, 70.8%, 71.0%, 62.6%, 85.8%, 68.2%, 73.4%, 69.4%]",,,,
7,weights,23,78,0.05210526315789473,0.8140964567661285,0.9733942896127701,0.0001111111111111111,69.125,"[57.6%, 70.8%, 71.0%, 62.6%, 85.8%, 68.2%, 73.4%, 63.6%]",,,,
7,weights,24,79,0.05210526315789473,0.8198495432734489,0.97576704621315,0.0001111111111111111,69.2,"[57.6%, 70.8%, 71.0%, 62.6%, 85.8%, 68.2%, 73.4%, 64.2%]",,,,
7,weights,25,80,0.05210526315789473,0.8006978645920754,0.9836181774735451,0.0001111111111111111,69.05,"[57.6%, 70.8%, 71.0%, 62.6%, 85.8%, 68.2%, 73.4%, 63.0%]",31.224999999999998,"[0.0%, 42.0%, 44.6%, 10.0%, 85.8%, 20.8%, 21.6%, 25.0%]",45.37500000000001,"[45.4%, 35.4%, 44.2%, 44.2%, 85.8%, 37.8%, 37.6%, 32.6%]"
8,parallel,1,1,0.5,11.872652196884156,6.454786419868469,0.0001111111111111111,61.37777777777777,"[57.6%, 70.8%, 71.0%, 62.6%, 85.8%, 68.2%, 73.4%, 63.0%, 0.0%]",,,,
8,parallel,2,2,0.5,4.285009247064591,2.3153424859046936,0.0001111111111111111,63.599999999999994,"[57.6%, 70.8%, 71.0%, 62.6%, 85.8%, 68.2%, 73.4%, 63.0%, 20.0%]",,,,
8,parallel,3,3,0.5,1.8185449212789535,1.6556906402111053,0.0001111111111111111,63.599999999999994,"[57.6%, 70.8%, 71.0%, 62.6%, 85.8%, 68.2%, 73.4%, 63.0%, 20.0%]",,,,
8,parallel,4,4,0.5,1.6539892464876176,1.6369142830371857,0.0001111111111111111,63.599999999999994,"[57.6%, 70.8%, 71.0%, 62.6%, 85.8%, 68.2%, 73.4%, 63.0%, 20.0%]",,,,
8,parallel,5,5,0.495521855,1.6369554311037064,1.6492824852466583,0.0001111111111111111,63.599999999999994,"[57.6%, 70.8%, 71.0%, 62.6%, 85.8%, 68.2%, 73.4%, 63.0%, 20.0%]",,,,
8,parallel,6,6,0.4778337434210526,1.6460090011358262,1.6234960556030273,0.0001111111111111111,63.599999999999994,"[57.6%, 70.8%, 71.0%, 62.6%, 85.8%, 68.2%, 73.4%, 63.0%, 20.0%]",,,,
8,parallel,7,7,0.4605047813157895,1.6314418375492097,1.6221528202295303,0.0001111111111111111,63.599999999999994,"[57.6%, 70.8%, 71.0%, 62.6%, 85.8%, 68.2%, 73.4%, 63.0%, 20.0%]",,,,
8,parallel,8,8,0.4435349686842106,1.6360018849372864,1.6341633051633835,0.0001111111111111111,63.599999999999994,"[57.6%, 70.8%, 71.0%, 62.6%, 85.8%, 68.2%, 73.4%, 63.0%, 20.0%]",,,,
8,parallel,9,9,0.42692430552631583,1.6107174396514892,1.5500059127807617,0.0001111111111111111,65.08888888888889,"[57.6%, 70.8%, 71.0%, 62.6%, 85.8%, 68.2%, 73.4%, 63.0%, 33.4%]",,,,
8,parallel,10,10,0.41067279184210526,1.4483633100986482,1.373007394373417,0.0001111111111111111,65.77777777777777,"[57.6%, 70.8%, 71.0%, 62.6%, 85.8%, 68.2%, 73.4%, 63.0%, 39.6%]",,,,
8,parallel,11,11,0.39478042763157895,1.310563012957573,1.2658566758036613,0.0001111111111111111,66.17777777777778,"[57.6%, 70.8%, 71.0%, 62.6%, 85.8%, 68.2%, 73.4%, 63.0%, 43.2%]",,,,
8,parallel,12,12,0.37924721289473684,1.231672216951847,1.467650081962347,0.0001111111111111111,66.02222222222221,"[57.6%, 70.8%, 71.0%, 62.6%, 85.8%, 68.2%, 73.4%, 63.0%, 41.8%]",,,,
8,parallel,13,13,0.36407314763157894,1.1678737953305245,1.1658442914485931,0.0001111111111111111,67.0,"[57.6%, 70.8%, 71.0%, 62.6%, 85.8%, 68.2%, 73.4%, 63.0%, 50.6%]",,,,
8,parallel,14,14,0.34925823184210525,1.0990877494215965,1.1078541353344917,0.0001111111111111111,67.11111111111111,"[57.6%, 70.8%, 71.0%, 62.6%, 85.8%, 68.2%, 73.4%, 63.0%, 51.6%]",,,,
8,parallel,15,15,0.3348024655263158,1.1113363340497018,1.2832292467355728,0.0001111111111111111,66.44444444444444,"[57.6%, 70.8%, 71.0%, 62.6%, 85.8%, 68.2%, 73.4%, 63.0%, 45.6%]",,,,
8,parallel,16,16,0.3207058486842106,1.0403761506080627,1.0879085659980774,0.0001111111111111111,67.44444444444444,"[57.6%, 70.8%, 71.0%, 62.6%, 85.8%, 68.2%, 73.4%, 63.0%, 54.6%]",,,,
8,parallel,17,17,0.30696838131578946,0.9723718255758286,1.0006577484309673,0.0001111111111111111,67.82222222222222,"[57.6%, 70.8%, 71.0%, 62.6%, 85.8%, 68.2%, 73.4%, 63.0%, 58.0%]",,,,
8,parallel,18,18,0.2935900634210526,0.9342975229024887,0.9941373094916344,0.0001111111111111111,68.08888888888889,"[57.6%, 70.8%, 71.0%, 62.6%, 85.8%, 68.2%, 73.4%, 63.0%, 60.4%]",,,,
8,parallel,19,19,0.28057089500000004,0.9742801070213318,1.0123999416828156,0.0001111111111111111,68.11111111111111,"[57.6%, 70.8%, 71.0%, 62.6%, 85.8%, 68.2%, 73.4%, 63.0%, 60.6%]",,,,
8,parallel,20,20,0.26791087605263164,0.8980067797005177,0.9299476370215416,0.0001111111111111111,68.17777777777778,"[57.6%, 70.8%, 71.0%, 62.6%, 85.8%, 68.2%, 73.4%, 63.0%, 61.2%]",,,,
8,parallel,21,21,0.2556100065789474,0.8917808204889297,0.9400163665413857,0.0001111111111111111,68.4,"[57.6%, 70.8%, 71.0%, 62.6%, 85.8%, 68.2%, 73.4%, 63.0%, 63.2%]",,,,
8,parallel,22,22,0.24366828657894737,0.8966566756367683,0.8318517878651619,0.0001111111111111111,68.93333333333334,"[57.6%, 70.8%, 71.0%, 62.6%, 85.8%, 68.2%, 73.4%, 63.0%, 68.0%]",,,,
8,parallel,23,23,0.23208571605263156,0.8672746121883392,1.027515608817339,0.0001111111111111111,68.28888888888889,"[57.6%, 70.8%, 71.0%, 62.6%, 85.8%, 68.2%, 73.4%, 63.0%, 62.2%]",,,,
8,parallel,24,24,0.220862295,0.8270725931972265,0.8684158697724342,0.0001111111111111111,68.86666666666666,"[57.6%, 70.8%, 71.0%, 62.6%, 85.8%, 68.2%, 73.4%, 63.0%, 67.4%]",,,,
8,parallel,25,25,0.20999802342105262,0.881274189054966,0.8864644132554531,0.0001111111111111111,68.68888888888888,"[57.6%, 70.8%, 71.0%, 62.6%, 85.8%, 68.2%, 73.4%, 63.0%, 65.8%]",,,,
8,parallel,26,26,0.19949290131578945,0.8630572021007538,0.9109698496758938,0.0001111111111111111,68.8,"[57.6%, 70.8%, 71.0%, 62.6%, 85.8%, 68.2%, 73.4%, 63.0%, 66.8%]",,,,
8,parallel,27,27,0.1893469286842105,0.8611622527241707,0.9359781611710787,0.0001111111111111111,68.44444444444444,"[57.6%, 70.8%, 71.0%, 62.6%, 85.8%, 68.2%, 73.4%, 63.0%, 63.6%]",,,,
8,parallel,28,28,0.17956010552631574,0.8789362624287606,0.8414835184812546,0.0001111111111111111,68.77777777777777,"[57.6%, 70.8%, 71.0%, 62.6%, 85.8%, 68.2%, 73.4%, 63.0%, 66.6%]",,,,
8,parallel,29,29,0.17013243184210525,0.9570363491773606,0.9079554863274097,0.0001111111111111111,68.46666666666665,"[57.6%, 70.8%, 71.0%, 62.6%, 85.8%, 68.2%, 73.4%, 63.0%, 63.8%]",,,,
8,parallel,30,30,0.16106390763157893,0.8528587967157364,0.8448554873466492,0.0001111111111111111,68.8,"[57.6%, 70.8%, 71.0%, 62.6%, 85.8%, 68.2%, 73.4%, 63.0%, 66.8%]",,,,
8,parallel,31,31,0.15235453289473683,0.8542268171906471,0.9086718373000622,0.0001111111111111111,68.77777777777777,"[57.6%, 70.8%, 71.0%, 62.6%, 85.8%, 68.2%, 73.4%, 63.0%, 66.6%]",,,,
8,parallel,32,32,0.14400430763157893,0.8698885247111321,0.785456195473671,0.0001111111111111111,69.04444444444444,"[57.6%, 70.8%, 71.0%, 62.6%, 85.8%, 68.2%, 73.4%, 63.0%, 69.0%]",,,,
8,parallel,33,33,0.1360132318421053,0.9477871775627136,1.032769151031971,0.0001111111111111111,68.3111111111111,"[57.6%, 70.8%, 71.0%, 62.6%, 85.8%, 68.2%, 73.4%, 63.0%, 62.4%]",,,,
8,parallel,34,34,0.1283813055263158,0.9861540511250496,0.9192902632057667,0.0001111111111111111,68.62222222222222,"[57.6%, 70.8%, 71.0%, 62.6%, 85.8%, 68.2%, 73.4%, 63.0%, 65.2%]",,,,
8,parallel,35,35,0.12110852868421054,0.942803430557251,0.9042300283908844,0.0001111111111111111,68.71111111111111,"[57.6%, 70.8%, 71.0%, 62.6%, 85.8%, 68.2%, 73.4%, 63.0%, 66.0%]",,,,
8,parallel,36,36,0.11419490131578947,0.9817174360156059,0.9120579920709133,0.0001111111111111111,68.68888888888888,"[57.6%, 70.8%, 71.0%, 62.6%, 85.8%, 68.2%, 73.4%, 63.0%, 65.8%]",,,,
8,parallel,37,37,0.10764042342105262,1.0067091852426528,1.1077160947024822,0.0001111111111111111,67.82222222222222,"[57.6%, 70.8%, 71.0%, 62.6%, 85.8%, 68.2%, 73.4%, 63.0%, 58.0%]",,,,
8,parallel,38,38,0.10144509499999999,0.9931469909846783,0.9279962703585625,0.0001111111111111111,68.4,"[57.6%, 70.8%, 71.0%, 62.6%, 85.8%, 68.2%, 73.4%, 63.0%, 63.2%]",,,,
8,parallel,39,39,0.09560891605263155,0.9266445800662041,0.9001447781920433,0.0001111111111111111,68.71111111111111,"[57.6%, 70.8%, 71.0%, 62.6%, 85.8%, 68.2%, 73.4%, 63.0%, 66.0%]",,,,
8,parallel,40,40,0.09013188657894738,1.3797691971063615,1.1604416519403458,0.0001111111111111111,66.77777777777777,"[57.6%, 70.8%, 71.0%, 62.6%, 85.8%, 68.2%, 73.4%, 63.0%, 48.6%]",,,,
8,parallel,41,41,0.08501400657894737,1.0999436557292939,1.1480048298835754,0.0001111111111111111,67.26666666666667,"[57.6%, 70.8%, 71.0%, 62.6%, 85.8%, 68.2%, 73.4%, 63.0%, 53.0%]",,,,
8,parallel,42,42,0.08025527605263158,1.0198021546006202,1.2171140909194946,0.0001111111111111111,67.02222222222221,"[57.6%, 70.8%, 71.0%, 62.6%, 85.8%, 68.2%, 73.4%, 63.0%, 50.8%]",,,,
8,parallel,43,43,0.075855695,1.2346049040555953,1.0994316563010216,0.0001111111111111111,67.46666666666665,"[57.6%, 70.8%, 71.0%, 62.6%, 85.8%, 68.2%, 73.4%, 63.0%, 54.8%]",,,,
8,parallel,44,44,0.07181526342105263,1.129816497862339,1.081796571612358,0.0001111111111111111,67.71111111111111,"[57.6%, 70.8%, 71.0%, 62.6%, 85.8%, 68.2%, 73.4%, 63.0%, 57.0%]",,,,
8,parallel,45,45,0.06813398131578946,1.1724725678563117,1.0851917639374733,0.0001111111111111111,67.46666666666665,"[57.6%, 70.8%, 71.0%, 62.6%, 85.8%, 68.2%, 73.4%, 63.0%, 54.8%]",,,,
8,parallel,46,46,0.06481184868421054,1.087340910732746,1.1523113548755646,0.0001111111111111111,67.13333333333333,"[57.6%, 70.8%, 71.0%, 62.6%, 85.8%, 68.2%, 73.4%, 63.0%, 51.8%]",,,,
8,parallel,47,47,0.0618488655263158,1.326913344860077,1.2520075291395187,0.0001111111111111111,66.95555555555556,"[57.6%, 70.8%, 71.0%, 62.6%, 85.8%, 68.2%, 73.4%, 63.0%, 50.2%]",,,,
8,parallel,48,48,0.059245031842105264,1.238524003326893,1.138600841164589,0.0001111111111111111,67.24444444444444,"[57.6%, 70.8%, 71.0%, 62.6%, 85.8%, 68.2%, 73.4%, 63.0%, 52.8%]",,,,
8,parallel,49,49,0.05700034763157895,1.1972352981567382,1.1360246986150742,0.0001111111111111111,67.28888888888889,"[57.6%, 70.8%, 71.0%, 62.6%, 85.8%, 68.2%, 73.4%, 63.0%, 53.2%]",,,,
8,parallel,50,50,0.05511481289473684,1.1553767889738082,1.0876595303416252,0.0001111111111111111,67.75555555555555,"[57.6%, 70.8%, 71.0%, 62.6%, 85.8%, 68.2%, 73.4%, 63.0%, 57.4%]",,,,
8,parallel,51,51,0.05358842763157895,1.1975974813103676,1.1380836963653564,0.0001111111111111111,67.28888888888889,"[57.6%, 70.8%, 71.0%, 62.6%, 85.8%, 68.2%, 73.4%, 63.0%, 53.2%]",,,,
8,parallel,52,52,0.052421191842105266,1.1581966295838355,1.0770678520202637,0.0001111111111111111,67.77777777777777,"[57.6%, 70.8%, 71.0%, 62.6%, 85.8%, 68.2%, 73.4%, 63.0%, 57.6%]",,,,
8,parallel,53,53,0.051613105526315796,1.1066576339304448,1.065014399588108,0.0001111111111111111,67.75555555555555,"[57.6%, 70.8%, 71.0%, 62.6%, 85.8%, 68.2%, 73.4%, 63.0%, 57.4%]",,,,
8,parallel,54,54,0.05116416868421053,1.089194305241108,1.1107922345399857,0.0001111111111111111,67.3111111111111,"[57.6%, 70.8%, 71.0%, 62.6%, 85.8%, 68.2%, 73.4%, 63.0%, 53.4%]",,,,
8,parallel,55,55,0.051063157894736845,1.052148962020874,1.0505261719226837,0.0001111111111111111,67.66666666666667,"[57.6%, 70.8%, 71.0%, 62.6%, 85.8%, 68.2%, 73.4%, 63.0%, 56.6%]",,,,
8,weights,1,56,0.051063157894736845,1.0637679740786552,1.0323906242847443,0.0001111111111111111,68.04444444444444,"[57.6%, 70.8%, 71.0%, 62.6%, 85.8%, 68.2%, 73.4%, 63.0%, 60.0%]",,,,
8,weights,2,57,0.051063157894736845,1.0140647873282433,0.9953682646155357,0.0001111111111111111,68.3111111111111,"[57.6%, 70.8%, 71.0%, 62.6%, 85.8%, 68.2%, 73.4%, 63.0%, 62.4%]",,,,
8,weights,3,58,0.051063157894736845,1.0161685362458228,1.0345789641141891,0.0001111111111111111,67.6,"[57.6%, 70.8%, 71.0%, 62.6%, 85.8%, 68.2%, 73.4%, 63.0%, 56.0%]",,,,
8,weights,4,59,0.051063157894736845,1.0099057093262673,0.9641133248806,0.0001111111111111111,68.28888888888889,"[57.6%, 70.8%, 71.0%, 62.6%, 85.8%, 68.2%, 73.4%, 63.0%, 62.2%]",,,,
8,weights,5,60,0.051063157894736845,1.0171211138367653,0.9872194230556488,0.0001111111111111111,68.26666666666667,"[57.6%, 70.8%, 71.0%, 62.6%, 85.8%, 68.2%, 73.4%, 63.0%, 62.0%]",,,,
8,weights,6,61,0.051063157894736845,0.9672711163759231,0.9363658055663109,0.0001111111111111111,68.53333333333333,"[57.6%, 70.8%, 71.0%, 62.6%, 85.8%, 68.2%, 73.4%, 63.0%, 64.4%]",,,,
8,weights,7,62,0.051063157894736845,0.9419886127114296,0.9457360506057739,0.0001111111111111111,68.19999999999999,"[57.6%, 70.8%, 71.0%, 62.6%, 85.8%, 68.2%, 73.4%, 63.0%, 61.4%]",,,,
8,weights,8,63,0.051063157894736845,0.901240985095501,0.9907805249094963,0.0001111111111111111,68.15555555555555,"[57.6%, 70.8%, 71.0%, 62.6%, 85.8%, 68.2%, 73.4%, 63.0%, 61.0%]",,,,
8,weights,9,64,0.051063157894736845,0.9206293508410454,1.022820144891739,0.0001111111111111111,68.04444444444444,"[57.6%, 70.8%, 71.0%, 62.6%, 85.8%, 68.2%, 73.4%, 63.0%, 60.0%]",,,,
8,weights,10,65,0.051063157894736845,0.9632485270500183,0.9410021901130676,0.0001111111111111111,68.62222222222222,"[57.6%, 70.8%, 71.0%, 62.6%, 85.8%, 68.2%, 73.4%, 63.0%, 65.2%]",,,,
8,weights,11,66,0.051063157894736845,0.9155047133564949,0.904454730451107,0.0001111111111111111,68.55555555555556,"[57.6%, 70.8%, 71.0%, 62.6%, 85.8%, 68.2%, 73.4%, 63.0%, 64.6%]",,,,
8,weights,12,67,0.051063157894736845,0.8927172720432281,0.9100071713328362,0.0001111111111111111,68.51111111111112,"[57.6%, 70.8%, 71.0%, 62.6%, 85.8%, 68.2%, 73.4%, 63.0%, 64.2%]",,,,
8,weights,13,68,0.051063157894736845,0.8851640358567238,0.8895976692438126,0.0001111111111111111,68.37777777777778,"[57.6%, 70.8%, 71.0%, 62.6%, 85.8%, 68.2%, 73.4%, 63.0%, 63.0%]",,,,
8,weights,14,69,0.051063157894736845,0.848836587369442,0.896952323615551,0.0001111111111111111,68.66666666666667,"[57.6%, 70.8%, 71.0%, 62.6%, 85.8%, 68.2%, 73.4%, 63.0%, 65.6%]",,,,
8,weights,15,70,0.051063157894736845,0.8355457663536072,0.8764748312532902,0.0001111111111111111,68.84444444444445,"[57.6%, 70.8%, 71.0%, 62.6%, 85.8%, 68.2%, 73.4%, 63.0%, 67.2%]",,,,
8,weights,16,71,0.051063157894736845,0.8401885867118836,0.8633140921592712,0.0001111111111111111,68.64444444444445,"[57.6%, 70.8%, 71.0%, 62.6%, 85.8%, 68.2%, 73.4%, 63.0%, 65.4%]",,,,
8,weights,17,72,0.051063157894736845,0.8353987708687782,0.8479471951723099,0.0001111111111111111,68.71111111111111,"[57.6%, 70.8%, 71.0%, 62.6%, 85.8%, 68.2%, 73.4%, 63.0%, 66.0%]",,,,
8,weights,18,73,0.051063157894736845,0.8175308167934418,0.9136519804596901,0.0001111111111111111,68.53333333333333,"[57.6%, 70.8%, 71.0%, 62.6%, 85.8%, 68.2%, 73.4%, 63.0%, 64.4%]",,,,
8,weights,19,74,0.051063157894736845,0.8151222966611386,0.8562639355659485,0.0001111111111111111,68.6,"[57.6%, 70.8%, 71.0%, 62.6%, 85.8%, 68.2%, 73.4%, 63.0%, 65.0%]",,,,
8,weights,20,75,0.051063157894736845,0.7950529843568802,0.9043773487210274,0.0001111111111111111,68.42222222222222,"[57.6%, 70.8%, 71.0%, 62.6%, 85.8%, 68.2%, 73.4%, 63.0%, 63.4%]",,,,
8,weights,21,76,0.051063157894736845,0.8019026182591915,0.8633156344294548,0.0001111111111111111,68.71111111111111,"[57.6%, 70.8%, 71.0%, 62.6%, 85.8%, 68.2%, 73.4%, 63.0%, 66.0%]",,,,
8,weights,22,77,0.051063157894736845,0.7774232156574726,0.8688151761889458,0.0001111111111111111,68.57777777777777,"[57.6%, 70.8%, 71.0%, 62.6%, 85.8%, 68.2%, 73.4%, 63.0%, 64.8%]",,,,
8,weights,23,78,0.051063157894736845,0.7580102011561394,0.8894658796489239,0.0001111111111111111,68.35555555555555,"[57.6%, 70.8%, 71.0%, 62.6%, 85.8%, 68.2%, 73.4%, 63.0%, 62.8%]",,,,
8,weights,24,79,0.051063157894736845,0.7835469290614128,0.8343358896672726,0.0001111111111111111,68.9111111111111,"[57.6%, 70.8%, 71.0%, 62.6%, 85.8%, 68.2%, 73.4%, 63.0%, 67.8%]",,,,
8,weights,25,80,0.051063157894736845,0.7603108569979667,0.8493960574269295,0.0001111111111111111,69.0,"[57.6%, 70.8%, 71.0%, 62.6%, 85.8%, 68.2%, 73.4%, 63.0%, 68.6%]",31.422222222222217,"[0.0%, 42.0%, 44.6%, 10.0%, 85.8%, 20.8%, 21.6%, 25.0%, 33.0%]",41.84444444444445,"[45.4%, 35.4%, 35.4%, 44.2%, 85.8%, 37.8%, 29.2%, 24.8%, 38.6%]"
9,parallel,1,1,0.5,12.95019577741623,7.137517750263214,0.0001111111111111111,62.1,"[57.6%, 70.8%, 71.0%, 62.6%, 85.8%, 68.2%, 73.4%, 63.0%, 68.6%, 0.0%]",,,,
9,parallel,2,2,0.5,4.9719091832637785,2.81789693236351,0.0001111111111111111,62.1,"[57.6%, 70.8%, 71.0%, 62.6%, 85.8%, 68.2%, 73.4%, 63.0%, 68.6%, 0.0%]",,,,
9,parallel,3,3,0.5,1.983347523212433,1.6778133064508438,0.0001111111111111111,64.1,"[57.6%, 70.8%, 71.0%, 62.6%, 85.8%, 68.2%, 73.4%, 63.0%, 68.6%, 20.0%]",,,,
9,parallel,4,4,0.5,1.651558992266655,1.6178769767284393,0.0001111111111111111,65.02000000000001,"[57.6%, 70.8%, 71.0%, 62.6%, 85.8%, 68.2%, 73.4%, 63.0%, 68.6%, 29.2%]",,,,
9,parallel,5,5,0.49551146,1.5587129771709443,1.487351268529892,0.0001111111111111111,65.44,"[57.6%, 70.8%, 71.0%, 62.6%, 85.8%, 68.2%, 73.4%, 63.0%, 68.6%, 33.4%]",,,,
9,parallel,6,6,0.4777822894736842,1.354048776626587,1.2321640327572823,0.0001111111111111111,66.08,"[57.6%, 70.8%, 71.0%, 62.6%, 85.8%, 68.2%, 73.4%, 63.0%, 68.6%, 39.8%]",,,,
9,parallel,7,7,0.46041310210526315,1.130341811478138,1.0478169471025467,0.0001111111111111111,67.7,"[57.6%, 70.8%, 71.0%, 62.6%, 85.8%, 68.2%, 73.4%, 63.0%, 68.6%, 56.0%]",,,,
9,parallel,8,8,0.4434038978947369,0.976405818760395,1.0611433200538158,0.0001111111111111111,67.36,"[57.6%, 70.8%, 71.0%, 62.6%, 85.8%, 68.2%, 73.4%, 63.0%, 68.6%, 52.6%]",,,,
9,parallel,9,9,0.42675467684210533,0.9685499012470246,0.8819069713354111,0.0001111111111111111,68.44,"[57.6%, 70.8%, 71.0%, 62.6%, 85.8%, 68.2%, 73.4%, 63.0%, 68.6%, 63.4%]",,,,
9,parallel,10,10,0.4104654389473684,0.8809442594647408,0.8388909250497818,0.0001111111111111111,68.97999999999999,"[57.6%, 70.8%, 71.0%, 62.6%, 85.8%, 68.2%, 73.4%, 63.0%, 68.6%, 68.8%]",,,,
9,parallel,11,11,0.39453618421052633,0.7338757008314133,0.7973316609859467,0.0001111111111111111,69.22,"[57.6%, 70.8%, 71.0%, 62.6%, 85.8%, 68.2%, 73.4%, 63.0%, 68.6%, 71.2%]",,,,
9,parallel,12,12,0.37896691263157894,0.71216706559062,0.7807735055685043,0.0001111111111111111,69.12,"[57.6%, 70.8%, 71.0%, 62.6%, 85.8%, 68.2%, 73.4%, 63.0%, 68.6%, 70.2%]",,,,
9,parallel,13,13,0.3637576242105263,0.6943460054695606,0.7910482920706272,0.0001111111111111111,69.32000000000001,"[57.6%, 70.8%, 71.0%, 62.6%, 85.8%, 68.2%, 73.4%, 63.0%, 68.6%, 72.2%]",,,,
9,parallel,14,14,0.3489083189473684,0.6628425545990467,0.7248963713645935,0.0001111111111111111,69.7,"[57.6%, 70.8%, 71.0%, 62.6%, 85.8%, 68.2%, 73.4%, 63.0%, 68.6%, 76.0%]",,,,
9,parallel,15,15,0.3344189968421053,0.5951618231832981,0.6304059214890003,0.0001111111111111111,70.0,"[57.6%, 70.8%, 71.0%, 62.6%, 85.8%, 68.2%, 73.4%, 63.0%, 68.6%, 79.0%]",,,,
9,parallel,16,16,0.3202896578947369,0.5983131356537342,0.8054937832057476,0.0001111111111111111,69.32000000000001,"[57.6%, 70.8%, 71.0%, 62.6%, 85.8%, 68.2%, 73.4%, 63.0%, 68.6%, 72.2%]",,,,
9,parallel,17,17,0.30652030210526315,0.6012433871626854,0.6117933988571167,0.0001111111111111111,70.03999999999999,"[57.6%, 70.8%, 71.0%, 62.6%, 85.8%, 68.2%, 73.4%, 63.0%, 68.6%, 79.4%]",,,,
9,parallel,18,18,0.29311092947368417,0.5603835675865412,0.5997306108474731,0.0001111111111111111,70.1,"[57.6%, 70.8%, 71.0%, 62.6%, 85.8%, 68.2%, 73.4%, 63.0%, 68.6%, 80.0%]",,,,
9,parallel,19,19,0.28006154000000005,0.5069123527035118,0.6095739491283894,0.0001111111111111111,69.97999999999999,"[57.6%, 70.8%, 71.0%, 62.6%, 85.8%, 68.2%, 73.4%, 63.0%, 68.6%, 78.8%]",,,,
9,parallel,20,20,0.2673721336842106,0.48341519236564634,0.611764520406723,0.0001111111111111111,70.14,"[57.6%, 70.8%, 71.0%, 62.6%, 85.8%, 68.2%, 73.4%, 63.0%, 68.6%, 80.4%]",,,,
9,parallel,21,21,0.25504271052631583,0.5200487390160561,0.6867843251675367,0.0001111111111111111,69.67999999999999,"[57.6%, 70.8%, 71.0%, 62.6%, 85.8%, 68.2%, 73.4%, 63.0%, 68.6%, 75.8%]",,,,
9,parallel,22,22,0.2430732705263158,0.5158679649233818,0.6135763302445412,0.0001111111111111111,70.17999999999999,"[57.6%, 70.8%, 71.0%, 62.6%, 85.8%, 68.2%, 73.4%, 63.0%, 68.6%, 80.8%]",,,,
9,parallel,23,23,0.2314638136842105,0.5346030399203301,0.7293809093534946,0.0001111111111111111,69.64,"[57.6%, 70.8%, 71.0%, 62.6%, 85.8%, 68.2%, 73.4%, 63.0%, 68.6%, 75.4%]",,,,
9,parallel,24,24,0.22021433999999998,0.5185738541185856,0.6276787854731083,0.0001111111111111111,70.03999999999999,"[57.6%, 70.8%, 71.0%, 62.6%, 85.8%, 68.2%, 73.4%, 63.0%, 68.6%, 79.4%]",,,,
9,parallel,25,25,0.20932484947368418,0.5247027102857829,0.6150401122868061,0.0001111111111111111,69.96000000000001,"[57.6%, 70.8%, 71.0%, 62.6%, 85.8%, 68.2%, 73.4%, 63.0%, 68.6%, 78.6%]",,,,
9,parallel,26,26,0.19879534210526312,0.5310766220092773,0.636548388749361,0.0001111111111111111,69.94,"[57.6%, 70.8%, 71.0%, 62.6%, 85.8%, 68.2%, 73.4%, 63.0%, 68.6%, 78.4%]",,,,
9,parallel,27,27,0.18862581789473679,0.5325713283382356,0.5912134610116482,0.0001111111111111111,70.06,"[57.6%, 70.8%, 71.0%, 62.6%, 85.8%, 68.2%, 73.4%, 63.0%, 68.6%, 79.6%]",,,,
9,parallel,28,28,0.17881627684210522,0.6955989807844162,0.6430969461798668,0.0001111111111111111,69.9,"[57.6%, 70.8%, 71.0%, 62.6%, 85.8%, 68.2%, 73.4%, 63.0%, 68.6%, 78.0%]",,,,
9,parallel,29,29,0.1693667189473684,0.707038139551878,0.6305912137031555,0.0001111111111111111,69.88,"[57.6%, 70.8%, 71.0%, 62.6%, 85.8%, 68.2%, 73.4%, 63.0%, 68.6%, 77.8%]",,,,
9,parallel,30,30,0.1602771442105263,0.6078011602163315,0.6948314867913723,0.0001111111111111111,69.7,"[57.6%, 70.8%, 71.0%, 62.6%, 85.8%, 68.2%, 73.4%, 63.0%, 68.6%, 76.0%]",,,,
9,parallel,31,31,0.15154755263157893,0.6510114744305611,0.6929414346814156,0.0001111111111111111,69.72,"[57.6%, 70.8%, 71.0%, 62.6%, 85.8%, 68.2%, 73.4%, 63.0%, 68.6%, 76.2%]",,,,
9,parallel,32,32,0.1431779442105263,0.592008838802576,0.6938302591443062,0.0001111111111111111,69.74,"[57.6%, 70.8%, 71.0%, 62.6%, 85.8%, 68.2%, 73.4%, 63.0%, 68.6%, 76.4%]",,,,
9,parallel,33,33,0.13516831894736844,0.7339376240968705,0.6953800544142723,0.0001111111111111111,69.76,"[57.6%, 70.8%, 71.0%, 62.6%, 85.8%, 68.2%, 73.4%, 63.0%, 68.6%, 76.6%]",,,,
9,parallel,34,34,0.12751867684210527,0.6200899340212345,0.6901382133364677,0.0001111111111111111,69.72,"[57.6%, 70.8%, 71.0%, 62.6%, 85.8%, 68.2%, 73.4%, 63.0%, 68.6%, 76.2%]",,,,
9,parallel,35,35,0.12022901789473686,0.7871256060898304,0.7944412156939507,0.0001111111111111111,69.3,"[57.6%, 70.8%, 71.0%, 62.6%, 85.8%, 68.2%, 73.4%, 63.0%, 68.6%, 72.0%]",,,,
9,parallel,36,36,0.11329934210526316,0.6989104107022286,0.7035079002380371,0.0001111111111111111,69.58,"[57.6%, 70.8%, 71.0%, 62.6%, 85.8%, 68.2%, 73.4%, 63.0%, 68.6%, 74.8%]",,,,
9,parallel,37,37,0.10672964947368421,0.9046566173434257,0.8499093763530254,0.0001111111111111111,68.94,"[57.6%, 70.8%, 71.0%, 62.6%, 85.8%, 68.2%, 73.4%, 63.0%, 68.6%, 68.4%]",,,,
9,parallel,38,38,0.10051993999999999,0.7387520156800746,0.7640104182064533,0.0001111111111111111,69.32000000000001,"[57.6%, 70.8%, 71.0%, 62.6%, 85.8%, 68.2%, 73.4%, 63.0%, 68.6%, 72.2%]",,,,
9,parallel,39,39,0.0946702136842105,0.6713616326451302,0.7174365781247616,0.0001111111111111111,69.5,"[57.6%, 70.8%, 71.0%, 62.6%, 85.8%, 68.2%, 73.4%, 63.0%, 68.6%, 74.0%]",,,,
9,parallel,40,40,0.0891804705263158,0.8314793605357409,0.8066814616322517,0.0001111111111111111,69.12,"[57.6%, 70.8%, 71.0%, 62.6%, 85.8%, 68.2%, 73.4%, 63.0%, 68.6%, 70.2%]",,,,
9,parallel,41,41,0.0840507105263158,0.789627043902874,0.7534415684640408,0.0001111111111111111,69.46000000000001,"[57.6%, 70.8%, 71.0%, 62.6%, 85.8%, 68.2%, 73.4%, 63.0%, 68.6%, 73.6%]",,,,
9,parallel,42,42,0.07928093368421052,0.7488778874278068,0.8524435833096504,0.0001111111111111111,68.9,"[57.6%, 70.8%, 71.0%, 62.6%, 85.8%, 68.2%, 73.4%, 63.0%, 68.6%, 68.0%]",,,,
9,parallel,43,43,0.07487114,1.0679058209061623,0.8750713616609573,0.0001111111111111111,68.96000000000001,"[57.6%, 70.8%, 71.0%, 62.6%, 85.8%, 68.2%, 73.4%, 63.0%, 68.6%, 68.6%]",,,,
9,parallel,44,44,0.0708213294736842,0.8312784723937512,0.830629974603653,0.0001111111111111111,69.17999999999999,"[57.6%, 70.8%, 71.0%, 62.6%, 85.8%, 68.2%, 73.4%, 63.0%, 68.6%, 70.8%]",,,,
9,parallel,45,45,0.06713150210526314,0.8339321136474609,0.8186519518494606,0.0001111111111111111,69.24,"[57.6%, 70.8%, 71.0%, 62.6%, 85.8%, 68.2%, 73.4%, 63.0%, 68.6%, 71.4%]",,,,
9,parallel,46,46,0.06380165789473685,0.8158601492643356,0.8044610470533371,0.0001111111111111111,69.17999999999999,"[57.6%, 70.8%, 71.0%, 62.6%, 85.8%, 68.2%, 73.4%, 63.0%, 68.6%, 70.8%]",,,,
9,parallel,47,47,0.06083179684210527,1.090839372575283,0.9751100167632103,0.0001111111111111111,68.56,"[57.6%, 70.8%, 71.0%, 62.6%, 85.8%, 68.2%, 73.4%, 63.0%, 68.6%, 64.6%]",,,,
9,parallel,48,48,0.05822191894736842,0.9651129722595215,0.9379240944981575,0.0001111111111111111,68.78,"[57.6%, 70.8%, 71.0%, 62.6%, 85.8%, 68.2%, 73.4%, 63.0%, 68.6%, 66.8%]",,,,
9,parallel,49,49,0.055972024210526314,0.916049288213253,0.8822139948606491,0.0001111111111111111,69.16,"[57.6%, 70.8%, 71.0%, 62.6%, 85.8%, 68.2%, 73.4%, 63.0%, 68.6%, 70.6%]",,,,
9,parallel,50,50,0.054082112631578944,0.9418130099773407,0.9262863472104073,0.0001111111111111111,68.67999999999999,"[57.6%, 70.8%, 71.0%, 62.6%, 85.8%, 68.2%, 73.4%, 63.0%, 68.6%, 65.8%]",,,,
9,parallel,51,51,0.05255218421052631,0.9342371687293053,0.8994947820901871,0.0001111111111111111,68.82000000000001,"[57.6%, 70.8%, 71.0%, 62.6%, 85.8%, 68.2%, 73.4%, 63.0%, 68.6%, 67.2%]",,,,
9,parallel,52,52,0.051382238947368424,0.8457325026392937,0.8596456348896027,0.0001111111111111111,68.92,"[57.6%, 70.8%, 71.0%, 62.6%, 85.8%, 68.2%, 73.4%, 63.0%, 68.6%, 68.2%]",,,,
9,parallel,53,53,0.05057227684210526,0.8459621235728264,0.8432594500482082,0.0001111111111111111,69.06,"[57.6%, 70.8%, 71.0%, 62.6%, 85.8%, 68.2%, 73.4%, 63.0%, 68.6%, 69.6%]",,,,
9,parallel,54,54,0.05012229789473684,0.8148229256272316,0.8545261695981026,0.0001111111111111111,68.94,"[57.6%, 70.8%, 71.0%, 62.6%, 85.8%, 68.2%, 73.4%, 63.0%, 68.6%, 68.4%]",,,,
9,parallel,55,55,0.050021052631578945,0.7767116084694863,0.8288500159978867,0.0001111111111111111,69.1,"[57.6%, 70.8%, 71.0%, 62.6%, 85.8%, 68.2%, 73.4%, 63.0%, 68.6%, 70.0%]",,,,
9,weights,1,56,0.050021052631578945,0.7672702506184578,0.8138335049152374,0.0001111111111111111,69.22,"[57.6%, 70.8%, 71.0%, 62.6%, 85.8%, 68.2%, 73.4%, 63.0%, 68.6%, 71.2%]",,,,
9,weights,2,57,0.050021052631578945,0.7308889597654342,0.8437498509883881,0.0001111111111111111,69.14,"[57.6%, 70.8%, 71.0%, 62.6%, 85.8%, 68.2%, 73.4%, 63.0%, 68.6%, 70.4%]",,,,
9,weights,3,58,0.050021052631578945,0.7452064774930477,0.8011586554348469,0.0001111111111111111,69.28,"[57.6%, 70.8%, 71.0%, 62.6%, 85.8%, 68.2%, 73.4%, 63.0%, 68.6%, 71.8%]",,,,
9,weights,4,59,0.050021052631578945,0.7193423941731453,0.8126373998820782,0.0001111111111111111,69.32000000000001,"[57.6%, 70.8%, 71.0%, 62.6%, 85.8%, 68.2%, 73.4%, 63.0%, 68.6%, 72.2%]",,,,
9,weights,5,60,0.050021052631578945,0.7422939516603947,0.8092168420553207,0.0001111111111111111,69.17999999999999,"[57.6%, 70.8%, 71.0%, 62.6%, 85.8%, 68.2%, 73.4%, 63.0%, 68.6%, 70.8%]",,,,
9,weights,6,61,0.050021052631578945,0.7530738174915313,0.8235291391611099,0.0001111111111111111,69.16,"[57.6%, 70.8%, 71.0%, 62.6%, 85.8%, 68.2%, 73.4%, 63.0%, 68.6%, 70.6%]",,,,
9,weights,7,62,0.050021052631578945,0.7196789488196373,0.7560588493943214,0.0001111111111111111,69.56,"[57.6%, 70.8%, 71.0%, 62.6%, 85.8%, 68.2%, 73.4%, 63.0%, 68.6%, 74.6%]",,,,
9,weights,8,63,0.050021052631578945,0.6726769305765629,0.7879530601203442,0.0001111111111111111,69.16,"[57.6%, 70.8%, 71.0%, 62.6%, 85.8%, 68.2%, 73.4%, 63.0%, 68.6%, 70.6%]",,,,
9,weights,9,64,0.050021052631578945,0.6652730099856854,0.7456982843577862,0.0001111111111111111,69.38,"[57.6%, 70.8%, 71.0%, 62.6%, 85.8%, 68.2%, 73.4%, 63.0%, 68.6%, 72.8%]",,,,
9,weights,10,65,0.050021052631578945,0.6363685019314289,0.7150527164340019,0.0001111111111111111,69.7,"[57.6%, 70.8%, 71.0%, 62.6%, 85.8%, 68.2%, 73.4%, 63.0%, 68.6%, 76.0%]",,,,
9,weights,11,66,0.050021052631578945,0.6835097603499889,0.7291405610740185,0.0001111111111111111,69.56,"[57.6%, 70.8%, 71.0%, 62.6%, 85.8%, 68.2%, 73.4%, 63.0%, 68.6%, 74.6%]",,,,
9,weights,12,67,0.050021052631578945,0.6414271131157875,0.7705732770264149,0.0001111111111111111,69.44,"[57.6%, 70.8%, 71.0%, 62.6%, 85.8%, 68.2%, 73.4%, 63.0%, 68.6%, 73.4%]",,,,
9,weights,13,68,0.050021052631578945,0.6246024556457996,0.705618180334568,0.0001111111111111111,69.66,"[57.6%, 70.8%, 71.0%, 62.6%, 85.8%, 68.2%, 73.4%, 63.0%, 68.6%, 75.6%]",,,,
9,weights,14,69,0.050021052631578945,0.6547827862203122,0.7152836062014103,0.0001111111111111111,69.4,"[57.6%, 70.8%, 71.0%, 62.6%, 85.8%, 68.2%, 73.4%, 63.0%, 68.6%, 73.0%]",,,,
9,weights,15,70,0.050021052631578945,0.6532197654247284,0.7319219447672367,0.0001111111111111111,69.34,"[57.6%, 70.8%, 71.0%, 62.6%, 85.8%, 68.2%, 73.4%, 63.0%, 68.6%, 72.4%]",,,,
9,weights,16,71,0.050021052631578945,0.6356693856418133,0.6823690384626389,0.0001111111111111111,69.67999999999999,"[57.6%, 70.8%, 71.0%, 62.6%, 85.8%, 68.2%, 73.4%, 63.0%, 68.6%, 75.8%]",,,,
9,weights,17,72,0.050021052631578945,0.6366140507161617,0.7060115188360214,0.0001111111111111111,69.7,"[57.6%, 70.8%, 71.0%, 62.6%, 85.8%, 68.2%, 73.4%, 63.0%, 68.6%, 76.0%]",,,,
9,weights,18,73,0.050021052631578945,0.5969359822571277,0.7139936834573746,0.0001111111111111111,69.62,"[57.6%, 70.8%, 71.0%, 62.6%, 85.8%, 68.2%, 73.4%, 63.0%, 68.6%, 75.2%]",,,,
9,weights,19,74,0.050021052631578945,0.62235067486763,0.7045473083853722,0.0001111111111111111,69.4,"[57.6%, 70.8%, 71.0%, 62.6%, 85.8%, 68.2%, 73.4%, 63.0%, 68.6%, 73.0%]",,,,
9,weights,20,75,0.050021052631578945,0.5950566858053208,0.679017324000597,0.0001111111111111111,69.64,"[57.6%, 70.8%, 71.0%, 62.6%, 85.8%, 68.2%, 73.4%, 63.0%, 68.6%, 75.4%]",,,,
9,weights,21,76,0.050021052631578945,0.5931485258042812,0.7046447806060314,0.0001111111111111111,69.53999999999999,"[57.6%, 70.8%, 71.0%, 62.6%, 85.8%, 68.2%, 73.4%, 63.0%, 68.6%, 74.4%]",,,,
9,weights,22,77,0.050021052631578945,0.6019094660878181,0.8173454944044352,0.0001111111111111111,69.26,"[57.6%, 70.8%, 71.0%, 62.6%, 85.8%, 68.2%, 73.4%, 63.0%, 68.6%, 71.6%]",,,,
9,weights,23,78,0.050021052631578945,0.5942208424210549,0.6885623931884766,0.0001111111111111111,69.58,"[57.6%, 70.8%, 71.0%, 62.6%, 85.8%, 68.2%, 73.4%, 63.0%, 68.6%, 74.8%]",,,,
9,weights,24,79,0.050021052631578945,0.5516108115203678,0.7202764749526978,0.0001111111111111111,69.36,"[57.6%, 70.8%, 71.0%, 62.6%, 85.8%, 68.2%, 73.4%, 63.0%, 68.6%, 72.6%]",,,,
9,weights,25,80,0.050021052631578945,0.5566468715667725,0.6703996248543262,0.0001111111111111111,69.8,"[57.6%, 70.8%, 71.0%, 62.6%, 85.8%, 68.2%, 73.4%, 63.0%, 68.6%, 77.0%]",34.459999999999994,"[0.0%, 42.0%, 44.6%, 10.0%, 85.8%, 20.8%, 21.6%, 25.0%, 33.0%, 61.8%]",41.2,"[45.4%, 35.4%, 28.0%, 44.2%, 75.2%, 37.8%, 29.2%, 24.8%, 40.0%, 52.0%]"
10,parallel,1,1,0.5,16.185328125953674,8.361234903335571,0.0001111111111111111,63.50909090909092,"[57.4%, 70.6%, 71.0%, 62.6%, 85.8%, 68.8%, 73.4%, 63.2%, 68.6%, 77.2%, 0.0%]",,,,
10,parallel,2,2,0.5,5.776506525278092,3.5113588869571686,0.0001111111111111111,63.50909090909091,"[57.8%, 70.6%, 71.0%, 62.6%, 85.8%, 68.6%, 73.4%, 63.0%, 68.6%, 77.2%, 0.0%]",,,,
10,parallel,3,3,0.5,2.3671830505132676,1.7923223674297333,0.0001111111111111111,65.25454545454546,"[57.6%, 69.8%, 71.2%, 62.4%, 85.8%, 68.8%, 73.4%, 63.0%, 68.6%, 77.2%, 20.0%]",,,,
10,parallel,4,4,0.5,1.7149971842765808,1.6701499670743942,0.0001111111111111111,65.23636363636365,"[57.6%, 69.8%, 71.0%, 62.2%, 85.8%, 69.0%, 73.4%, 63.0%, 68.6%, 77.2%, 20.0%]",,,,
10,parallel,5,5,0.495501065,1.6708645880222321,1.6665789484977722,0.0001111111111111111,65.49090909090908,"[57.8%, 69.8%, 71.0%, 62.2%, 85.8%, 69.0%, 73.4%, 63.0%, 68.8%, 77.2%, 22.4%]",,,,
10,parallel,6,6,0.4777308355263158,1.7005133956670762,1.6592762768268585,0.0001111111111111111,65.25454545454546,"[57.8%, 69.8%, 71.0%, 62.2%, 85.8%, 68.8%, 73.4%, 63.0%, 68.8%, 77.2%, 20.0%]",,,,
10,parallel,7,7,0.4603214228947368,1.6985055327415466,1.6555828601121902,0.0001111111111111111,65.25454545454546,"[57.8%, 69.8%, 71.0%, 62.2%, 85.8%, 68.8%, 73.4%, 63.0%, 68.8%, 77.2%, 20.0%]",,,,
10,parallel,8,8,0.4432728271052632,1.6502050191164017,1.646991342306137,0.0001111111111111111,65.25454545454546,"[57.8%, 69.8%, 71.0%, 62.2%, 85.8%, 68.8%, 73.4%, 63.0%, 68.8%, 77.2%, 20.0%]",,,,
10,parallel,9,9,0.4265850481578948,1.645472636818886,1.615398719906807,0.0001111111111111111,66.52727272727273,"[57.8%, 69.8%, 71.0%, 62.2%, 85.8%, 68.8%, 73.4%, 63.0%, 68.8%, 77.2%, 34.0%]",,,,
10,parallel,10,10,0.4102580860526316,1.5262353092432022,1.3568025454878807,0.0001111111111111111,66.90909090909092,"[57.8%, 69.8%, 71.0%, 62.2%, 85.8%, 68.8%, 73.4%, 63.0%, 68.8%, 77.2%, 38.2%]",,,,
10,parallel,11,11,0.39429194078947366,1.2113852113485337,1.031005848199129,0.0001111111111111111,68.90909090909092,"[57.8%, 69.8%, 71.0%, 62.2%, 85.8%, 68.8%, 73.4%, 63.0%, 68.8%, 77.2%, 60.2%]",,,,
10,parallel,12,12,0.37868661236842105,0.9744914382696152,0.8419625479727983,0.0001111111111111111,69.61818181818182,"[57.8%, 69.8%, 71.0%, 62.2%, 85.8%, 68.8%, 73.4%, 63.0%, 68.8%, 77.2%, 68.0%]",,,,
10,parallel,13,13,0.3634421007894737,0.800677689909935,0.7579491510987282,0.0001111111111111111,69.47272727272728,"[57.8%, 69.8%, 71.0%, 62.2%, 85.8%, 68.8%, 73.4%, 63.0%, 68.8%, 77.2%, 66.4%]",,,,
10,parallel,14,14,0.34855840605263155,0.7046617679297924,0.8382903523743153,0.0001111111111111111,69.4,"[57.8%, 69.8%, 71.0%, 62.2%, 85.8%, 68.8%, 73.4%, 63.0%, 68.8%, 77.2%, 65.6%]",,,,
10,parallel,15,15,0.3340355281578948,0.6393090926110745,0.672061413526535,0.0001111111111111111,70.2909090909091,"[57.8%, 69.8%, 71.0%, 62.2%, 85.8%, 68.8%, 73.4%, 63.0%, 68.8%, 77.2%, 75.4%]",,,,
10,parallel,16,16,0.3198734671052632,0.6013307362794876,0.6739476248621941,0.0001111111111111111,70.01818181818182,"[57.8%, 69.8%, 71.0%, 62.2%, 85.8%, 68.8%, 73.4%, 63.0%, 68.8%, 77.2%, 72.4%]",,,,
10,parallel,17,17,0.30607222289473685,0.6085053525865078,0.5987099930644035,0.0001111111111111111,70.4,"[57.8%, 69.8%, 71.0%, 62.2%, 85.8%, 68.8%, 73.4%, 63.0%, 68.8%, 77.2%, 76.6%]",,,,
10,parallel,18,18,0.29263179552631574,0.5489087559282779,0.5476714465767145,0.0001111111111111111,70.69090909090909,"[57.8%, 69.8%, 71.0%, 62.2%, 85.8%, 68.8%, 73.4%, 63.0%, 68.8%, 77.2%, 79.8%]",,,,
10,parallel,19,19,0.27955218500000006,0.517964367941022,0.6467306762933731,0.0001111111111111111,70.30909090909091,"[57.8%, 69.8%, 71.0%, 62.2%, 85.8%, 68.8%, 73.4%, 63.0%, 68.8%, 77.2%, 75.6%]",,,,
10,parallel,20,20,0.26683339131578954,0.48964721634984015,0.6372554525732994,0.0001111111111111111,70.34545454545456,"[57.8%, 69.8%, 71.0%, 62.2%, 85.8%, 68.8%, 73.4%, 63.0%, 68.8%, 77.2%, 76.0%]",,,,
10,parallel,21,21,0.2544754144736842,0.49562643487006425,0.5417419970035553,0.0001111111111111111,70.87272727272727,"[57.8%, 69.8%, 71.0%, 62.2%, 85.8%, 68.8%, 73.4%, 63.0%, 68.8%, 77.2%, 81.8%]",,,,
10,parallel,22,22,0.24247825447368423,0.5080160185694694,0.5120708802714944,0.0001111111111111111,70.76363636363637,"[57.8%, 69.8%, 71.0%, 62.2%, 85.8%, 68.8%, 73.4%, 63.0%, 68.8%, 77.2%, 80.6%]",,,,
10,parallel,23,23,0.2308419113157895,0.5205289909616113,0.5713838050141931,0.0001111111111111111,70.74545454545455,"[57.8%, 69.8%, 71.0%, 62.2%, 85.8%, 68.8%, 73.4%, 63.0%, 68.8%, 77.2%, 80.4%]",,,,
10,parallel,24,24,0.219566385,0.4529416859149933,0.5071331150829792,0.0001111111111111111,70.78181818181818,"[57.8%, 69.8%, 71.0%, 62.2%, 85.8%, 68.8%, 73.4%, 63.0%, 68.8%, 77.2%, 80.8%]",,,,
10,parallel,25,25,0.20865167552631578,0.4972341232001781,0.5072732735425234,0.0001111111111111111,70.87272727272727,"[57.8%, 69.8%, 71.0%, 62.2%, 85.8%, 68.8%, 73.4%, 63.0%, 68.8%, 77.2%, 81.8%]",,,,
10,parallel,26,26,0.19809778289473684,0.5239605896174908,0.5913421828299761,0.0001111111111111111,70.58181818181819,"[57.8%, 69.8%, 71.0%, 62.2%, 85.8%, 68.8%, 73.4%, 63.0%, 68.8%, 77.2%, 78.6%]",,,,
10,parallel,27,27,0.18790470710526314,0.4667279489338398,0.514125993475318,0.0001111111111111111,70.74545454545455,"[57.8%, 69.8%, 71.0%, 62.2%, 85.8%, 68.8%, 73.4%, 63.0%, 68.8%, 77.2%, 80.4%]",,,,
10,parallel,28,28,0.1780724481578947,0.477470844425261,0.5290287518873811,0.0001111111111111111,70.74545454545455,"[57.8%, 69.8%, 71.0%, 62.2%, 85.8%, 68.8%, 73.4%, 63.0%, 68.8%, 77.2%, 80.4%]",,,,
10,parallel,29,29,0.16860100605263156,0.5711347874253988,0.6201546024531126,0.0001111111111111111,70.34545454545456,"[57.8%, 69.8%, 71.0%, 62.2%, 85.8%, 68.8%, 73.4%, 63.0%, 68.8%, 77.2%, 76.0%]",,,,
10,parallel,30,30,0.1594903807894737,0.4996593602001667,0.5235938876867294,0.0001111111111111111,70.90909090909092,"[57.8%, 69.8%, 71.0%, 62.2%, 85.8%, 68.8%, 73.4%, 63.0%, 68.8%, 77.2%, 82.2%]",,,,
10,parallel,31,31,0.15074057236842106,0.6456612452864647,0.6479202471673489,0.0001111111111111111,70.25454545454546,"[57.8%, 69.8%, 71.0%, 62.2%, 85.8%, 68.8%, 73.4%, 63.0%, 68.8%, 77.2%, 75.0%]",,,,
10,parallel,32,32,0.14235158078947366,0.5558550044894218,0.559736754745245,0.0001111111111111111,70.65454545454546,"[57.8%, 69.8%, 71.0%, 62.2%, 85.8%, 68.8%, 73.4%, 63.0%, 68.8%, 77.2%, 79.4%]",,,,
10,parallel,33,33,0.1343234060526316,0.5988711908459663,0.5833472348749638,0.0001111111111111111,70.65454545454546,"[57.8%, 69.8%, 71.0%, 62.2%, 85.8%, 68.8%, 73.4%, 63.0%, 68.8%, 77.2%, 79.4%]",,,,
10,parallel,34,34,0.12665604815789475,0.5325953610241413,0.6328753214329481,0.0001111111111111111,70.58181818181819,"[57.8%, 69.8%, 71.0%, 62.2%, 85.8%, 68.8%, 73.4%, 63.0%, 68.8%, 77.2%, 78.6%]",,,,
10,parallel,35,35,0.11934950710526318,0.7182795256376266,0.6590544376522303,0.0001111111111111111,70.38181818181819,"[57.8%, 69.8%, 71.0%, 62.2%, 85.8%, 68.8%, 73.4%, 63.0%, 68.8%, 77.2%, 76.4%]",,,,
10,parallel,36,36,0.11240378289473685,0.6109278686344624,0.5922508928924799,0.0001111111111111111,70.56363636363636,"[57.8%, 69.8%, 71.0%, 62.2%, 85.8%, 68.8%, 73.4%, 63.0%, 68.8%, 77.2%, 78.4%]",,,,
10,parallel,37,37,0.1058188755263158,0.6600230015814305,0.6922299284487963,0.0001111111111111111,70.10909090909091,"[57.8%, 69.8%, 71.0%, 62.2%, 85.8%, 68.8%, 73.4%, 63.0%, 68.8%, 77.2%, 73.4%]",,,,
10,parallel,38,38,0.09959478499999999,0.6444885283708572,0.6555199529975653,0.0001111111111111111,70.34545454545456,"[57.8%, 69.8%, 71.0%, 62.2%, 85.8%, 68.8%, 73.4%, 63.0%, 68.8%, 77.2%, 76.0%]",,,,
10,parallel,39,39,0.09373151131578947,0.8084498785436154,0.7486080303788185,0.0001111111111111111,69.87272727272727,"[57.8%, 69.8%, 71.0%, 62.2%, 85.8%, 68.8%, 73.4%, 63.0%, 68.8%, 77.2%, 70.8%]",,,,
10,parallel,40,40,0.08822905447368423,0.709679001942277,0.7044316120445728,0.0001111111111111111,70.32727272727273,"[57.8%, 69.8%, 71.0%, 62.2%, 85.8%, 68.8%, 73.4%, 63.0%, 68.8%, 77.2%, 75.8%]",,,,
10,parallel,41,41,0.08308741447368423,0.640584559738636,0.6934352200478315,0.0001111111111111111,70.27272727272728,"[57.8%, 69.8%, 71.0%, 62.2%, 85.8%, 68.8%, 73.4%, 63.0%, 68.8%, 77.2%, 75.2%]",,,,
10,parallel,42,42,0.07830659131578949,0.6588355623185634,0.6833968292921782,0.0001111111111111111,70.43636363636364,"[57.8%, 69.8%, 71.0%, 62.2%, 85.8%, 68.8%, 73.4%, 63.0%, 68.8%, 77.2%, 77.0%]",,,,
10,parallel,43,43,0.073886585,1.0985444858670235,0.8917013965547085,0.0001111111111111111,69.4909090909091,"[57.8%, 69.8%, 71.0%, 62.2%, 85.8%, 68.8%, 73.4%, 63.0%, 68.8%, 77.2%, 66.6%]",,,,
10,parallel,44,44,0.06982739552631578,0.9143342047929763,0.7978679649531841,0.0001111111111111111,69.87272727272727,"[57.8%, 69.8%, 71.0%, 62.2%, 85.8%, 68.8%, 73.4%, 63.0%, 68.8%, 77.2%, 70.8%]",,,,
10,parallel,45,45,0.06612902289473684,0.8212434597313404,0.7936405651271343,0.0001111111111111111,69.87272727272727,"[57.8%, 69.8%, 71.0%, 62.2%, 85.8%, 68.8%, 73.4%, 63.0%, 68.8%, 77.2%, 70.8%]",,,,
10,parallel,46,46,0.06279146710526318,0.7390145987272263,0.7677385807037354,0.0001111111111111111,69.98181818181818,"[57.8%, 69.8%, 71.0%, 62.2%, 85.8%, 68.8%, 73.4%, 63.0%, 68.8%, 77.2%, 72.0%]",,,,
10,parallel,47,47,0.05981472815789475,1.1791408851742744,1.0865709409117699,0.0001111111111111111,68.4909090909091,"[57.8%, 69.8%, 71.0%, 62.2%, 85.8%, 68.8%, 73.4%, 63.0%, 68.8%, 77.2%, 55.6%]",,,,
10,parallel,48,48,0.057198806052631584,0.9893005922436714,0.9843353256583214,0.0001111111111111111,68.92727272727274,"[57.8%, 69.8%, 71.0%, 62.2%, 85.8%, 68.8%, 73.4%, 63.0%, 68.8%, 77.2%, 60.4%]",,,,
10,parallel,49,49,0.05494370078947369,0.9045137777924538,0.9374581463634968,0.0001111111111111111,69.14545454545454,"[57.8%, 69.8%, 71.0%, 62.2%, 85.8%, 68.8%, 73.4%, 63.0%, 68.8%, 77.2%, 62.8%]",,,,
10,parallel,50,50,0.053049412368421055,0.8950530782341957,0.9034138023853302,0.0001111111111111111,69.4909090909091,"[57.8%, 69.8%, 71.0%, 62.2%, 85.8%, 68.8%, 73.4%, 63.0%, 68.8%, 77.2%, 66.6%]",,,,
10,parallel,51,51,0.05151594078947369,0.8512936033308506,0.8851459994912148,0.0001111111111111111,69.47272727272728,"[57.8%, 69.8%, 71.0%, 62.2%, 85.8%, 68.8%, 73.4%, 63.0%, 68.8%, 77.2%, 66.4%]",,,,
10,parallel,52,52,0.05034328605263159,0.8279566988348961,0.8743835687637329,0.0001111111111111111,69.56363636363636,"[57.8%, 69.8%, 71.0%, 62.2%, 85.8%, 68.8%, 73.4%, 63.0%, 68.8%, 77.2%, 67.4%]",,,,
10,parallel,53,53,0.049531448157894745,0.7752043694257736,0.8726442530751228,0.0001111111111111111,69.56363636363636,"[57.8%, 69.8%, 71.0%, 62.2%, 85.8%, 68.8%, 73.4%, 63.0%, 68.8%, 77.2%, 67.4%]",,,,
10,parallel,54,54,0.04908042710526316,0.779886794090271,0.8187714517116547,0.0001111111111111111,69.65454545454546,"[57.8%, 69.8%, 71.0%, 62.2%, 85.8%, 68.8%, 73.4%, 63.0%, 68.8%, 77.2%, 68.4%]",,,,
10,parallel,55,55,0.04897894736842106,0.7550488993525505,0.8231103308498859,0.0001111111111111111,69.60000000000001,"[57.8%, 69.8%, 71.0%, 62.2%, 85.8%, 68.8%, 73.4%, 63.0%, 68.8%, 77.2%, 67.8%]",,,,
10,weights,1,56,0.04897894736842106,0.7208751633763313,0.7749770637601614,0.0001111111111111111,69.81818181818183,"[57.8%, 69.8%, 71.0%, 62.2%, 85.8%, 68.8%, 73.4%, 63.0%, 68.8%, 77.2%, 70.2%]",,,,
10,weights,2,57,0.04897894736842106,0.7076463893055915,0.8049886394292116,0.0001111111111111111,69.70909090909092,"[57.8%, 69.8%, 71.0%, 62.2%, 85.8%, 68.8%, 73.4%, 63.0%, 68.8%, 77.2%, 69.0%]",,,,
10,weights,3,58,0.04897894736842106,0.7126252859830856,0.769601371139288,0.0001111111111111111,69.81818181818183,"[57.8%, 69.8%, 71.0%, 62.2%, 85.8%, 68.8%, 73.4%, 63.0%, 68.8%, 77.2%, 70.2%]",,,,
10,weights,4,59,0.04897894736842106,0.684197599440813,0.77413434907794,0.0001111111111111111,70.01818181818182,"[57.8%, 69.8%, 71.0%, 62.2%, 85.8%, 68.8%, 73.4%, 63.0%, 68.8%, 77.2%, 72.4%]",,,,
10,weights,5,60,0.04897894736842106,0.6946893721818924,0.7759834676980972,0.0001111111111111111,69.87272727272727,"[57.8%, 69.8%, 71.0%, 62.2%, 85.8%, 68.8%, 73.4%, 63.0%, 68.8%, 77.2%, 70.8%]",,,,
10,weights,6,61,0.04897894736842106,0.7153355419635773,0.7434849571436644,0.0001111111111111111,70.00000000000001,"[57.8%, 69.8%, 71.0%, 62.2%, 85.8%, 68.8%, 73.4%, 63.0%, 68.8%, 77.2%, 72.2%]",,,,
10,weights,7,62,0.04897894736842106,0.6930135652422905,0.7926925644278526,0.0001111111111111111,69.63636363636364,"[57.8%, 69.8%, 71.0%, 62.2%, 85.8%, 68.8%, 73.4%, 63.0%, 68.8%, 77.2%, 68.2%]",,,,
10,weights,8,63,0.04897894736842106,0.6548745341598987,0.777635894715786,0.0001111111111111111,69.89090909090909,"[57.8%, 69.8%, 71.0%, 62.2%, 85.8%, 68.8%, 73.4%, 63.0%, 68.8%, 77.2%, 71.0%]",,,,
10,weights,9,64,0.04897894736842106,0.6450657609850168,0.7300616502761841,0.0001111111111111111,69.98181818181818,"[57.8%, 69.8%, 71.0%, 62.2%, 85.8%, 68.8%, 73.4%, 63.0%, 68.8%, 77.2%, 72.0%]",,,,
10,weights,10,65,0.04897894736842106,0.6416273236274719,0.7293166518211365,0.0001111111111111111,69.98181818181818,"[57.8%, 69.8%, 71.0%, 62.2%, 85.8%, 68.8%, 73.4%, 63.0%, 68.8%, 77.2%, 72.0%]",,,,
10,weights,11,66,0.04897894736842106,0.6354530610144138,0.7062552962452173,0.0001111111111111111,70.14545454545454,"[57.8%, 69.8%, 71.0%, 62.2%, 85.8%, 68.8%, 73.4%, 63.0%, 68.8%, 77.2%, 73.8%]",,,,
10,weights,12,67,0.04897894736842106,0.6421417951583862,0.7325096689164639,0.0001111111111111111,70.00000000000001,"[57.8%, 69.8%, 71.0%, 62.2%, 85.8%, 68.8%, 73.4%, 63.0%, 68.8%, 77.2%, 72.2%]",,,,
10,weights,13,68,0.04897894736842106,0.6345181085169316,0.7323575094342232,0.0001111111111111111,70.10909090909091,"[57.8%, 69.8%, 71.0%, 62.2%, 85.8%, 68.8%, 73.4%, 63.0%, 68.8%, 77.2%, 73.4%]",,,,
10,weights,14,69,0.04897894736842106,0.6067649969831109,0.6944123823195696,0.0001111111111111111,70.21818181818183,"[57.8%, 69.8%, 71.0%, 62.2%, 85.8%, 68.8%, 73.4%, 63.0%, 68.8%, 77.2%, 74.6%]",,,,
10,weights,15,70,0.04897894736842106,0.6406264699995518,0.6704615745693445,0.0001111111111111111,70.23636363636363,"[57.8%, 69.8%, 71.0%, 62.2%, 85.8%, 68.8%, 73.4%, 63.0%, 68.8%, 77.2%, 74.8%]",,,,
10,weights,16,71,0.04897894736842106,0.6077023066580296,0.7118478491902351,0.0001111111111111111,70.18181818181819,"[57.8%, 69.8%, 71.0%, 62.2%, 85.8%, 68.8%, 73.4%, 63.0%, 68.8%, 77.2%, 74.2%]",,,,
10,weights,17,72,0.04897894736842106,0.6148345068097114,0.6994977630674839,0.0001111111111111111,70.05454545454546,"[57.8%, 69.8%, 71.0%, 62.2%, 85.8%, 68.8%, 73.4%, 63.0%, 68.8%, 77.2%, 72.8%]",,,,
10,weights,18,73,0.04897894736842106,0.621955256164074,0.6801603492349386,0.0001111111111111111,70.4,"[57.8%, 69.8%, 71.0%, 62.2%, 85.8%, 68.8%, 73.4%, 63.0%, 68.8%, 77.2%, 76.6%]",,,,
10,weights,19,74,0.04897894736842106,0.5942701131105423,0.6940926797688007,0.0001111111111111111,70.10909090909091,"[57.8%, 69.8%, 71.0%, 62.2%, 85.8%, 68.8%, 73.4%, 63.0%, 68.8%, 77.2%, 73.4%]",,,,
10,weights,20,75,0.04897894736842106,0.5885882198810577,0.7074057962745428,0.0001111111111111111,70.12727272727274,"[57.8%, 69.8%, 71.0%, 62.2%, 85.8%, 68.8%, 73.4%, 63.0%, 68.8%, 77.2%, 73.6%]",,,,
10,weights,21,76,0.04897894736842106,0.5846356853842736,0.6898187063634396,0.0001111111111111111,70.23636363636363,"[57.8%, 69.8%, 71.0%, 62.2%, 85.8%, 68.8%, 73.4%, 63.0%, 68.8%, 77.2%, 74.8%]",,,,
10,weights,22,77,0.04897894736842106,0.5962675131857396,0.708198307082057,0.0001111111111111111,70.2909090909091,"[57.8%, 69.8%, 71.0%, 62.2%, 85.8%, 68.8%, 73.4%, 63.0%, 68.8%, 77.2%, 75.4%]",,,,
10,weights,23,78,0.04897894736842106,0.6086410455405712,0.7765385825186968,0.0001111111111111111,69.94545454545455,"[57.8%, 69.8%, 71.0%, 62.2%, 85.8%, 68.8%, 73.4%, 63.0%, 68.8%, 77.2%, 71.6%]",,,,
10,weights,24,79,0.04897894736842106,0.6222612120211124,0.6966431513428688,0.0001111111111111111,70.09090909090911,"[57.8%, 69.8%, 71.0%, 62.2%, 85.8%, 68.8%, 73.4%, 63.0%, 68.8%, 77.2%, 73.2%]",,,,
10,weights,25,80,0.04897894736842106,0.5789470173418522,0.6561870481818914,0.0001111111111111111,70.27272727272728,"[57.8%, 69.8%, 71.0%, 62.2%, 85.8%, 68.8%, 73.4%, 63.0%, 68.8%, 77.2%, 75.2%]",31.49090909090909,"[0.0%, 34.2%, 44.6%, 10.0%, 85.8%, 10.2%, 21.6%, 9.6%, 33.0%, 52.2%, 45.2%]",42.054545454545455,"[45.6%, 28.4%, 44.2%, 43.8%, 75.8%, 37.8%, 29.2%, 24.8%, 40.2%, 52.2%, 40.6%]"
11,parallel,1,1,0.45,18.96401047706604,10.703034162521362,0.0001111111111111111,64.19999999999999,"[57.0%, 69.4%, 70.6%, 62.4%, 85.8%, 68.8%, 73.4%, 62.8%, 68.4%, 77.0%, 74.8%, 0.0%]",,,,
11,parallel,2,2,0.45,7.9424630284309385,5.571085214614868,0.0001111111111111111,64.31666666666665,"[57.2%, 69.8%, 71.2%, 62.4%, 85.8%, 68.8%, 73.6%, 62.8%, 68.4%, 76.8%, 75.0%, 0.0%]",,,,
11,parallel,3,3,0.45,3.5517145931720733,1.9995813965797424,0.0001111111111111111,65.93333333333334,"[57.4%, 69.6%, 71.2%, 62.4%, 85.8%, 68.6%, 73.6%, 62.6%, 68.4%, 76.6%, 75.0%, 20.0%]",,,,
11,parallel,4,4,0.45,1.7644986510276794,1.6702175289392471,0.0001111111111111111,65.96666666666667,"[57.4%, 69.6%, 71.4%, 62.4%, 85.8%, 68.6%, 73.8%, 62.6%, 68.4%, 76.6%, 75.0%, 20.0%]",,,,
11,parallel,5,5,0.44598942,1.6933465391397475,1.668458268046379,0.0001111111111111111,65.96666666666667,"[57.4%, 69.6%, 71.4%, 62.4%, 85.8%, 68.6%, 73.8%, 62.6%, 68.4%, 76.6%, 75.0%, 20.0%]",,,,
11,parallel,6,6,0.4301481315789474,1.7299057453870774,1.675454095005989,0.0001111111111111111,65.96666666666667,"[57.4%, 69.6%, 71.4%, 62.6%, 85.8%, 68.6%, 73.6%, 62.6%, 68.4%, 76.6%, 75.0%, 20.0%]",,,,
11,parallel,7,7,0.4146284936842105,1.6781954765319824,1.657650202512741,0.0001111111111111111,65.96666666666667,"[57.4%, 69.6%, 71.4%, 62.6%, 85.8%, 68.6%, 73.6%, 62.6%, 68.4%, 76.6%, 75.0%, 20.0%]",,,,
11,parallel,8,8,0.3994305063157895,1.656663030385971,1.6477509140968323,0.0001111111111111111,65.96666666666667,"[57.4%, 69.6%, 71.4%, 62.6%, 85.8%, 68.6%, 73.6%, 62.6%, 68.4%, 76.6%, 75.0%, 20.0%]",,,,
11,parallel,9,9,0.38455416947368426,1.662176278233528,1.6400797367095947,0.0001111111111111111,65.96666666666667,"[57.4%, 69.6%, 71.4%, 62.6%, 85.8%, 68.6%, 73.6%, 62.6%, 68.4%, 76.6%, 75.0%, 20.0%]",,,,
11,parallel,10,10,0.3699994831578947,1.6448582321405412,1.6161568611860275,0.0001111111111111111,66.66666666666667,"[57.4%, 69.6%, 71.4%, 62.6%, 85.8%, 68.6%, 73.6%, 62.6%, 68.4%, 76.6%, 75.0%, 28.4%]",,,,
11,parallel,11,11,0.35576644736842106,1.5771481662988662,1.4533186107873917,0.0001111111111111111,67.60000000000001,"[57.4%, 69.6%, 71.4%, 62.6%, 85.8%, 68.6%, 73.6%, 62.6%, 68.4%, 76.6%, 75.0%, 39.6%]",,,,
11,parallel,12,12,0.3418550621052631,1.398742425441742,1.3599853739142418,0.0001111111111111111,67.53333333333333,"[57.4%, 69.6%, 71.4%, 62.6%, 85.8%, 68.6%, 73.6%, 62.6%, 68.4%, 76.6%, 75.0%, 38.8%]",,,,
11,parallel,13,13,0.32826532736842107,1.3011222004890441,1.2372532412409782,0.0001111111111111111,68.26666666666667,"[57.4%, 69.6%, 71.4%, 62.6%, 85.8%, 68.6%, 73.6%, 62.6%, 68.4%, 76.6%, 75.0%, 47.6%]",,,,
11,parallel,14,14,0.31499724315789474,1.1655602693557738,1.1877601519227028,0.0001111111111111111,68.5,"[57.4%, 69.6%, 71.4%, 62.6%, 85.8%, 68.6%, 73.6%, 62.6%, 68.4%, 76.6%, 75.0%, 50.4%]",,,,
11,parallel,15,15,0.30205080947368423,1.0836094439029693,1.0795626416802406,0.0001111111111111111,69.03333333333333,"[57.4%, 69.6%, 71.4%, 62.6%, 85.8%, 68.6%, 73.6%, 62.6%, 68.4%, 76.6%, 75.0%, 56.8%]",,,,
11,parallel,16,16,0.2894260263157895,1.0321601197123527,1.0018555037677288,0.0001111111111111111,69.25,"[57.4%, 69.6%, 71.4%, 62.6%, 85.8%, 68.6%, 73.6%, 62.6%, 68.4%, 76.6%, 75.0%, 59.4%]",,,,
11,parallel,17,17,0.2771228936842105,0.9728657603263855,1.0577827654778957,0.0001111111111111111,69.03333333333333,"[57.4%, 69.6%, 71.4%, 62.6%, 85.8%, 68.6%, 73.6%, 62.6%, 68.4%, 76.6%, 75.0%, 56.8%]",,,,
11,parallel,18,18,0.26514141157894733,0.9171332135796547,0.9848969131708145,0.0001111111111111111,69.35000000000001,"[57.4%, 69.6%, 71.4%, 62.6%, 85.8%, 68.6%, 73.6%, 62.6%, 68.4%, 76.6%, 75.0%, 60.6%]",,,,
11,parallel,19,19,0.25348158000000004,0.9056943088769913,0.9108638390898705,0.0001111111111111111,69.76666666666667,"[57.4%, 69.6%, 71.4%, 62.6%, 85.8%, 68.6%, 73.6%, 62.6%, 68.4%, 76.6%, 75.0%, 65.6%]",,,,
11,parallel,20,20,0.24214339894736847,0.9309246450662613,0.8839117102324963,0.0001111111111111111,69.60000000000001,"[57.4%, 69.6%, 71.4%, 62.6%, 85.8%, 68.6%, 73.6%, 62.6%, 68.4%, 76.6%, 75.0%, 63.6%]",,,,
11,parallel,21,21,0.23112686842105268,0.8215405642986298,0.9555477164685726,0.0001111111111111111,69.60000000000001,"[57.4%, 69.6%, 71.4%, 62.6%, 85.8%, 68.6%, 73.6%, 62.6%, 68.4%, 76.6%, 75.0%, 63.6%]",,,,
11,parallel,22,22,0.22043198842105266,0.7868617042899132,0.9191195145249367,0.0001111111111111111,69.68333333333334,"[57.4%, 69.6%, 71.4%, 62.6%, 85.8%, 68.6%, 73.6%, 62.6%, 68.4%, 76.6%, 75.0%, 64.6%]",,,,
11,parallel,23,23,0.21005875894736842,0.8274027913808822,0.8434005118906498,0.0001111111111111111,69.9,"[57.4%, 69.6%, 71.4%, 62.6%, 85.8%, 68.6%, 73.6%, 62.6%, 68.4%, 76.6%, 75.0%, 67.2%]",,,,
11,parallel,24,24,0.20000718,0.8160487592220307,0.8613152392208576,0.0001111111111111111,69.85000000000001,"[57.4%, 69.6%, 71.4%, 62.6%, 85.8%, 68.6%, 73.6%, 62.6%, 68.4%, 76.6%, 75.0%, 66.6%]",,,,
11,parallel,25,25,0.19027725157894737,0.7209877908229828,0.9763834588229656,0.0001111111111111111,69.45,"[57.4%, 69.6%, 71.4%, 62.6%, 85.8%, 68.6%, 73.6%, 62.6%, 68.4%, 76.6%, 75.0%, 61.8%]",,,,
11,parallel,26,26,0.1808689736842105,0.8244504481554031,0.9211344458162785,0.0001111111111111111,69.63333333333334,"[57.4%, 69.6%, 71.4%, 62.6%, 85.8%, 68.6%, 73.6%, 62.6%, 68.4%, 76.6%, 75.0%, 64.0%]",,,,
11,parallel,27,27,0.17178234631578945,0.7889404118061065,0.9736694432795048,0.0001111111111111111,69.46666666666667,"[57.4%, 69.6%, 71.4%, 62.6%, 85.8%, 68.6%, 73.6%, 62.6%, 68.4%, 76.6%, 75.0%, 62.0%]",,,,
11,parallel,28,28,0.16301736947368417,0.7809110216796398,1.0256101042032242,0.0001111111111111111,69.48333333333333,"[57.4%, 69.6%, 71.4%, 62.6%, 85.8%, 68.6%, 73.6%, 62.6%, 68.4%, 76.6%, 75.0%, 62.2%]",,,,
11,parallel,29,29,0.15457404315789475,0.8071341395378113,0.9580595605075359,0.0001111111111111111,69.68333333333334,"[57.4%, 69.6%, 71.4%, 62.6%, 85.8%, 68.6%, 73.6%, 62.6%, 68.4%, 76.6%, 75.0%, 64.6%]",,,,
11,parallel,30,30,0.14645236736842104,0.7714996054768563,0.9043611958622932,0.0001111111111111111,69.78333333333333,"[57.4%, 69.6%, 71.4%, 62.6%, 85.8%, 68.6%, 73.6%, 62.6%, 68.4%, 76.6%, 75.0%, 65.8%]",,,,
11,parallel,31,31,0.13865234210526314,0.9003555595874786,0.8618507757782936,0.0001111111111111111,69.71666666666667,"[57.4%, 69.6%, 71.4%, 62.6%, 85.8%, 68.6%, 73.6%, 62.6%, 68.4%, 76.6%, 75.0%, 65.0%]",,,,
11,parallel,32,32,0.13117396736842105,0.7993272110819817,0.9315687529742718,0.0001111111111111111,69.68333333333334,"[57.4%, 69.6%, 71.4%, 62.6%, 85.8%, 68.6%, 73.6%, 62.6%, 68.4%, 76.6%, 75.0%, 64.6%]",,,,
11,parallel,33,33,0.12401724315789475,0.9282959803938866,0.9504521489143372,0.0001111111111111111,69.58333333333333,"[57.4%, 69.6%, 71.4%, 62.6%, 85.8%, 68.6%, 73.6%, 62.6%, 68.4%, 76.6%, 75.0%, 63.4%]",,,,
11,parallel,34,34,0.1171821694736842,0.8853130087256431,0.9001499265432358,0.0001111111111111111,69.8,"[57.4%, 69.6%, 71.4%, 62.6%, 85.8%, 68.6%, 73.6%, 62.6%, 68.4%, 76.6%, 75.0%, 66.0%]",,,,
11,parallel,35,35,0.11066874631578949,0.7964274048805237,0.8985598124563694,0.0001111111111111111,69.88333333333334,"[57.4%, 69.6%, 71.4%, 62.6%, 85.8%, 68.6%, 73.6%, 62.6%, 68.4%, 76.6%, 75.0%, 67.0%]",,,,
11,parallel,36,36,0.10447697368421052,0.9781097516417503,0.8936263397336006,0.0001111111111111111,69.81666666666668,"[57.4%, 69.6%, 71.4%, 62.6%, 85.8%, 68.6%, 73.6%, 62.6%, 68.4%, 76.6%, 75.0%, 66.2%]",,,,
11,parallel,37,37,0.09860685157894737,0.9170677065849304,0.9327967390418053,0.0001111111111111111,69.75,"[57.4%, 69.6%, 71.4%, 62.6%, 85.8%, 68.6%, 73.6%, 62.6%, 68.4%, 76.6%, 75.0%, 65.4%]",,,,
11,parallel,38,38,0.09305838,0.9825530856847763,1.0365594252943993,0.0001111111111111111,69.53333333333333,"[57.4%, 69.6%, 71.4%, 62.6%, 85.8%, 68.6%, 73.6%, 62.6%, 68.4%, 76.6%, 75.0%, 62.8%]",,,,
11,parallel,39,39,0.08783155894736841,0.8816774964332581,0.9512949660420418,0.0001111111111111111,69.60000000000001,"[57.4%, 69.6%, 71.4%, 62.6%, 85.8%, 68.6%, 73.6%, 62.6%, 68.4%, 76.6%, 75.0%, 63.6%]",,,,
11,parallel,40,40,0.08292638842105264,0.8728552848100662,0.9447476044297218,0.0001111111111111111,69.7,"[57.4%, 69.6%, 71.4%, 62.6%, 85.8%, 68.6%, 73.6%, 62.6%, 68.4%, 76.6%, 75.0%, 64.8%]",,,,
11,parallel,41,41,0.07834286842105263,0.8537809163331985,0.9818915948271751,0.0001111111111111111,69.46666666666667,"[57.4%, 69.6%, 71.4%, 62.6%, 85.8%, 68.6%, 73.6%, 62.6%, 68.4%, 76.6%, 75.0%, 62.0%]",,,,
11,parallel,42,42,0.07408099894736841,1.0937786653637886,1.064866654574871,0.0001111111111111111,69.13333333333334,"[57.4%, 69.6%, 71.4%, 62.6%, 85.8%, 68.6%, 73.6%, 62.6%, 68.4%, 76.6%, 75.0%, 58.0%]",,,,
11,parallel,43,43,0.07014078,0.9705583736300468,1.108607031404972,0.0001111111111111111,68.85000000000001,"[57.4%, 69.6%, 71.4%, 62.6%, 85.8%, 68.6%, 73.6%, 62.6%, 68.4%, 76.6%, 75.0%, 54.6%]",,,,
11,parallel,44,44,0.06652221157894736,0.9580642387270928,0.977373756468296,0.0001111111111111111,69.31666666666668,"[57.4%, 69.6%, 71.4%, 62.6%, 85.8%, 68.6%, 73.6%, 62.6%, 68.4%, 76.6%, 75.0%, 60.2%]",,,,
11,parallel,45,45,0.06322529368421052,0.997149159014225,1.0144756883382797,0.0001111111111111111,69.36666666666666,"[57.4%, 69.6%, 71.4%, 62.6%, 85.8%, 68.6%, 73.6%, 62.6%, 68.4%, 76.6%, 75.0%, 60.8%]",,,,
11,parallel,46,46,0.06025002631578948,1.1926105812191963,1.1022995337843895,0.0001111111111111111,69.06666666666668,"[57.4%, 69.6%, 71.4%, 62.6%, 85.8%, 68.6%, 73.6%, 62.6%, 68.4%, 76.6%, 75.0%, 57.2%]",,,,
11,parallel,47,47,0.05759640947368422,1.0765652075409888,1.1045178547501564,0.0001111111111111111,68.91666666666667,"[57.4%, 69.6%, 71.4%, 62.6%, 85.8%, 68.6%, 73.6%, 62.6%, 68.4%, 76.6%, 75.0%, 55.4%]",,,,
11,parallel,48,48,0.055264443157894735,1.0581516936421393,1.0621454790234566,0.0001111111111111111,69.10000000000001,"[57.4%, 69.6%, 71.4%, 62.6%, 85.8%, 68.6%, 73.6%, 62.6%, 68.4%, 76.6%, 75.0%, 57.6%]",,,,
11,parallel,49,49,0.053254127368421056,1.0391564279794694,1.101667858660221,0.0001111111111111111,68.93333333333334,"[57.4%, 69.6%, 71.4%, 62.6%, 85.8%, 68.6%, 73.6%, 62.6%, 68.4%, 76.6%, 75.0%, 55.6%]",,,,
11,parallel,50,50,0.05156546210526316,1.010768508911133,1.0342384353280067,0.0001111111111111111,69.43333333333334,"[57.4%, 69.6%, 71.4%, 62.6%, 85.8%, 68.6%, 73.6%, 62.6%, 68.4%, 76.6%, 75.0%, 61.6%]",,,,
11,parallel,51,51,0.05019844736842105,1.017255114018917,1.07725477963686,0.0001111111111111111,68.95,"[57.4%, 69.6%, 71.4%, 62.6%, 85.8%, 68.6%, 73.6%, 62.6%, 68.4%, 76.6%, 75.0%, 55.8%]",,,,
11,parallel,52,52,0.04915308315789474,0.9354266583919525,1.0446933284401894,0.0001111111111111111,69.11666666666666,"[57.4%, 69.6%, 71.4%, 62.6%, 85.8%, 68.6%, 73.6%, 62.6%, 68.4%, 76.6%, 75.0%, 57.8%]",,,,
11,parallel,53,53,0.04842936947368421,0.9889951452612877,1.0541003569960594,0.0001111111111111111,69.2,"[57.4%, 69.6%, 71.4%, 62.6%, 85.8%, 68.6%, 73.6%, 62.6%, 68.4%, 76.6%, 75.0%, 58.8%]",,,,
11,parallel,54,54,0.04802730631578948,0.9328206360340119,1.0209511294960976,0.0001111111111111111,69.28333333333333,"[57.4%, 69.6%, 71.4%, 62.6%, 85.8%, 68.6%, 73.6%, 62.6%, 68.4%, 76.6%, 75.0%, 59.8%]",,,,
11,parallel,55,55,0.04793684210526316,0.9087573364377022,1.0219907388091087,0.0001111111111111111,69.25,"[57.4%, 69.6%, 71.4%, 62.6%, 85.8%, 68.6%, 73.6%, 62.6%, 68.4%, 76.6%, 75.0%, 59.4%]",,,,
11,weights,1,56,0.04793684210526316,0.9032673627138138,1.024090476334095,0.0001111111111111111,69.16666666666667,"[57.4%, 69.6%, 71.4%, 62.6%, 85.8%, 68.6%, 73.6%, 62.6%, 68.4%, 76.6%, 75.0%, 58.4%]",,,,
11,weights,2,57,0.04793684210526316,0.8941188305616379,1.04763038828969,0.0001111111111111111,69.2,"[57.4%, 69.6%, 71.4%, 62.6%, 85.8%, 68.6%, 73.6%, 62.6%, 68.4%, 76.6%, 75.0%, 58.8%]",,,,
11,weights,3,58,0.04793684210526316,0.9009231582283974,1.0355702750384808,0.0001111111111111111,69.10000000000001,"[57.4%, 69.6%, 71.4%, 62.6%, 85.8%, 68.6%, 73.6%, 62.6%, 68.4%, 76.6%, 75.0%, 57.6%]",,,,
11,weights,4,59,0.04793684210526316,0.8514319308102131,0.9445358477532864,0.0001111111111111111,69.45,"[57.4%, 69.6%, 71.4%, 62.6%, 85.8%, 68.6%, 73.6%, 62.6%, 68.4%, 76.6%, 75.0%, 61.8%]",,,,
11,weights,5,60,0.04793684210526316,0.8556276232004165,0.9791375696659088,0.0001111111111111111,69.43333333333334,"[57.4%, 69.6%, 71.4%, 62.6%, 85.8%, 68.6%, 73.6%, 62.6%, 68.4%, 76.6%, 75.0%, 61.6%]",,,,
11,weights,6,61,0.04793684210526316,0.829606244713068,0.9723002836108208,0.0001111111111111111,69.31666666666668,"[57.4%, 69.6%, 71.4%, 62.6%, 85.8%, 68.6%, 73.6%, 62.6%, 68.4%, 76.6%, 75.0%, 60.2%]",,,,
11,weights,7,62,0.04793684210526316,0.8138167306780815,0.9206548556685448,0.0001111111111111111,69.58333333333333,"[57.4%, 69.6%, 71.4%, 62.6%, 85.8%, 68.6%, 73.6%, 62.6%, 68.4%, 76.6%, 75.0%, 63.4%]",,,,
11,weights,8,63,0.04793684210526316,0.8237747207283974,0.9396987371146679,0.0001111111111111111,69.51666666666667,"[57.4%, 69.6%, 71.4%, 62.6%, 85.8%, 68.6%, 73.6%, 62.6%, 68.4%, 76.6%, 75.0%, 62.6%]",,,,
11,weights,9,64,0.04793684210526316,0.8097693383693695,0.9724862575531006,0.0001111111111111111,69.46666666666667,"[57.4%, 69.6%, 71.4%, 62.6%, 85.8%, 68.6%, 73.6%, 62.6%, 68.4%, 76.6%, 75.0%, 62.0%]",,,,
11,weights,10,65,0.04793684210526316,0.7867822736501694,0.9071300625801086,0.0001111111111111111,69.58333333333333,"[57.4%, 69.6%, 71.4%, 62.6%, 85.8%, 68.6%, 73.6%, 62.6%, 68.4%, 76.6%, 75.0%, 63.4%]",,,,
11,weights,11,66,0.04793684210526316,0.783003567904234,0.9569505862891674,0.0001111111111111111,69.33333333333333,"[57.4%, 69.6%, 71.4%, 62.6%, 85.8%, 68.6%, 73.6%, 62.6%, 68.4%, 76.6%, 75.0%, 60.4%]",,,,
11,weights,12,67,0.04793684210526316,0.7776005998253822,0.9312681183218956,0.0001111111111111111,69.5,"[57.4%, 69.6%, 71.4%, 62.6%, 85.8%, 68.6%, 73.6%, 62.6%, 68.4%, 76.6%, 75.0%, 62.4%]",,,,
11,weights,13,68,0.04793684210526316,0.7528799258172512,0.8972807601094246,0.0001111111111111111,69.65,"[57.4%, 69.6%, 71.4%, 62.6%, 85.8%, 68.6%, 73.6%, 62.6%, 68.4%, 76.6%, 75.0%, 64.2%]",,,,
11,weights,14,69,0.04793684210526316,0.7407590381801128,0.906612079590559,0.0001111111111111111,69.43333333333334,"[57.4%, 69.6%, 71.4%, 62.6%, 85.8%, 68.6%, 73.6%, 62.6%, 68.4%, 76.6%, 75.0%, 61.6%]",,,,
11,weights,15,70,0.04793684210526316,0.7507698684930801,0.9102420397102833,0.0001111111111111111,69.48333333333333,"[57.4%, 69.6%, 71.4%, 62.6%, 85.8%, 68.6%, 73.6%, 62.6%, 68.4%, 76.6%, 75.0%, 62.2%]",,,,
11,weights,16,71,0.04793684210526316,0.7319613240659237,0.8819518834352493,0.0001111111111111111,69.68333333333334,"[57.4%, 69.6%, 71.4%, 62.6%, 85.8%, 68.6%, 73.6%, 62.6%, 68.4%, 76.6%, 75.0%, 64.6%]",,,,
11,weights,17,72,0.04793684210526316,0.7250142216682434,0.9194404445588589,0.0001111111111111111,69.60000000000001,"[57.4%, 69.6%, 71.4%, 62.6%, 85.8%, 68.6%, 73.6%, 62.6%, 68.4%, 76.6%, 75.0%, 63.6%]",,,,
11,weights,18,73,0.04793684210526316,0.7362202167510986,0.8957064226269722,0.0001111111111111111,69.65,"[57.4%, 69.6%, 71.4%, 62.6%, 85.8%, 68.6%, 73.6%, 62.6%, 68.4%, 76.6%, 75.0%, 64.2%]",,,,
11,weights,19,74,0.04793684210526316,0.7111158184707165,0.9378524944186211,0.0001111111111111111,69.61666666666666,"[57.4%, 69.6%, 71.4%, 62.6%, 85.8%, 68.6%, 73.6%, 62.6%, 68.4%, 76.6%, 75.0%, 63.8%]",,,,
11,weights,20,75,0.04793684210526316,0.7327001765370369,0.8826678246259689,0.0001111111111111111,69.55,"[57.4%, 69.6%, 71.4%, 62.6%, 85.8%, 68.6%, 73.6%, 62.6%, 68.4%, 76.6%, 75.0%, 63.0%]",,,,
11,weights,21,76,0.04793684210526316,0.7211511366069316,0.8528948798775673,0.0001111111111111111,69.7,"[57.4%, 69.6%, 71.4%, 62.6%, 85.8%, 68.6%, 73.6%, 62.6%, 68.4%, 76.6%, 75.0%, 64.8%]",,,,
11,weights,22,77,0.04793684210526316,0.709115569293499,0.8716466575860977,0.0001111111111111111,69.7,"[57.4%, 69.6%, 71.4%, 62.6%, 85.8%, 68.6%, 73.6%, 62.6%, 68.4%, 76.6%, 75.0%, 64.8%]",,,,
11,weights,23,78,0.04793684210526316,0.6990796327590942,0.877395324409008,0.0001111111111111111,69.66666666666667,"[57.4%, 69.6%, 71.4%, 62.6%, 85.8%, 68.6%, 73.6%, 62.6%, 68.4%, 76.6%, 75.0%, 64.4%]",,,,
11,weights,24,79,0.04793684210526316,0.6966166839003562,0.8645319379866123,0.0001111111111111111,69.68333333333334,"[57.4%, 69.6%, 71.4%, 62.6%, 85.8%, 68.6%, 73.6%, 62.6%, 68.4%, 76.6%, 75.0%, 64.6%]",,,,
11,weights,25,80,0.04793684210526316,0.6922691479325295,0.8622396066784859,0.0001111111111111111,69.73333333333333,"[57.4%, 69.6%, 71.4%, 62.6%, 85.8%, 68.6%, 73.6%, 62.6%, 68.4%, 76.6%, 75.0%, 65.2%]",32.583333333333336,"[0.0%, 34.2%, 36.0%, 10.2%, 85.8%, 10.2%, 31.8%, 25.0%, 32.6%, 61.4%, 33.2%, 30.6%]",43.583333333333336,"[45.4%, 28.0%, 44.4%, 44.2%, 85.8%, 37.8%, 39.6%, 24.6%, 48.4%, 52.0%, 53.0%, 19.8%]"
12,parallel,1,1,0.4,18.808604621887206,10.085829138755798,0.0001111111111111111,64.36923076923077,"[57.4%, 69.6%, 71.6%, 62.6%, 86.0%, 68.8%, 73.6%, 62.6%, 68.0%, 76.6%, 75.0%, 65.0%, 0.0%]",,,,
12,parallel,2,2,0.4,7.744547367095947,5.821480929851532,0.0001111111111111111,64.43076923076923,"[57.2%, 69.6%, 71.8%, 62.6%, 86.6%, 68.4%, 73.6%, 62.8%, 68.0%, 76.8%, 75.2%, 65.0%, 0.0%]",,,,
12,parallel,3,3,0.4,4.302024394273758,2.8735143542289734,0.0001111111111111111,64.5076923076923,"[57.4%, 69.8%, 72.0%, 62.6%, 86.6%, 68.4%, 73.8%, 63.0%, 68.0%, 76.8%, 75.2%, 65.0%, 0.0%]",,,,
12,parallel,4,4,0.4,2.191524276137352,1.8101084679365158,0.0001111111111111111,66.06153846153846,"[57.2%, 69.8%, 71.8%, 62.6%, 86.6%, 68.6%, 73.8%, 63.2%, 68.0%, 76.8%, 75.2%, 65.2%, 20.0%]",,,,
12,parallel,5,5,0.39647777500000003,1.7865024864673615,1.720746487379074,0.0001111111111111111,66.06153846153846,"[57.2%, 70.0%, 71.8%, 62.6%, 86.6%, 68.6%, 73.8%, 63.2%, 68.0%, 76.8%, 75.2%, 65.0%, 20.0%]",,,,
12,parallel,6,6,0.38256542763157897,1.8292587608098985,1.7144076824188232,0.0001111111111111111,66.04615384615384,"[57.2%, 69.8%, 71.8%, 62.6%, 86.6%, 68.6%, 73.8%, 63.2%, 68.0%, 76.8%, 75.2%, 65.0%, 20.0%]",,,,
12,parallel,7,7,0.3689355644736842,1.7579632073640823,1.690187856554985,0.0001111111111111111,66.04615384615384,"[57.2%, 69.8%, 71.8%, 62.6%, 86.6%, 68.6%, 73.8%, 63.2%, 68.0%, 76.8%, 75.2%, 65.0%, 20.0%]",,,,
12,parallel,8,8,0.3555881855263159,1.6873908728361129,1.6603398025035858,0.0001111111111111111,66.04615384615384,"[57.2%, 69.8%, 71.8%, 62.6%, 86.6%, 68.6%, 73.8%, 63.2%, 68.0%, 76.8%, 75.2%, 65.0%, 20.0%]",,,,
12,parallel,9,9,0.34252329078947374,1.671971756219864,1.647608369588852,0.0001111111111111111,66.04615384615384,"[57.2%, 69.8%, 71.8%, 62.6%, 86.6%, 68.6%, 73.8%, 63.2%, 68.0%, 76.8%, 75.2%, 65.0%, 20.0%]",,,,
12,parallel,10,10,0.3297408802631579,1.6642897516489028,1.639272078871727,0.0001111111111111111,66.04615384615384,"[57.2%, 69.8%, 71.8%, 62.6%, 86.6%, 68.6%, 73.8%, 63.2%, 68.0%, 76.8%, 75.2%, 65.0%, 20.0%]",,,,
12,parallel,11,11,0.31724095394736845,1.5372918874025345,1.3701624795794487,0.0001111111111111111,67.44615384615385,"[57.2%, 69.8%, 71.8%, 62.6%, 86.6%, 68.6%, 73.8%, 63.2%, 68.0%, 76.8%, 75.2%, 65.0%, 38.2%]",,,,
12,parallel,12,12,0.30502351184210524,1.3099328219890594,1.229395605623722,0.0001111111111111111,67.46153846153847,"[57.2%, 69.8%, 71.8%, 62.6%, 86.6%, 68.6%, 73.8%, 63.2%, 68.0%, 76.8%, 75.2%, 65.0%, 38.4%]",,,,
12,parallel,13,13,0.29308855394736844,1.2350025177001953,1.1902231648564339,0.0001111111111111111,68.06153846153846,"[57.2%, 69.8%, 71.8%, 62.6%, 86.6%, 68.6%, 73.8%, 63.2%, 68.0%, 76.8%, 75.2%, 65.0%, 46.2%]",,,,
12,parallel,14,14,0.2814360802631579,1.1384378850460053,1.096776831895113,0.0001111111111111111,68.2923076923077,"[57.2%, 69.8%, 71.8%, 62.6%, 86.6%, 68.6%, 73.8%, 63.2%, 68.0%, 76.8%, 75.2%, 65.0%, 49.2%]",,,,
12,parallel,15,15,0.27006609078947375,1.0433203518390655,1.0099363587796688,0.0001111111111111111,68.67692307692309,"[57.2%, 69.8%, 71.8%, 62.6%, 86.6%, 68.6%, 73.8%, 63.2%, 68.0%, 76.8%, 75.2%, 65.0%, 54.2%]",,,,
12,parallel,16,16,0.2589785855263158,0.9629477024078369,0.9463078081607819,0.0001111111111111111,68.92307692307692,"[57.2%, 69.8%, 71.8%, 62.6%, 86.6%, 68.6%, 73.8%, 63.2%, 68.0%, 76.8%, 75.2%, 65.0%, 57.4%]",,,,
12,parallel,17,17,0.24817356447368422,0.8423756629228591,0.9058559760451317,0.0001111111111111111,69.32307692307693,"[57.2%, 69.8%, 71.8%, 62.6%, 86.6%, 68.6%, 73.8%, 63.2%, 68.0%, 76.8%, 75.2%, 65.0%, 62.6%]",,,,
12,parallel,18,18,0.23765102763157894,0.7010788060724735,0.7164241187274456,0.0001111111111111111,69.64615384615385,"[57.2%, 69.8%, 71.8%, 62.6%, 86.6%, 68.6%, 73.8%, 63.2%, 68.0%, 76.8%, 75.2%, 65.0%, 66.8%]",,,,
12,parallel,19,19,0.22741097500000007,0.6651141084730625,0.6675542574375868,0.0001111111111111111,69.8923076923077,"[57.2%, 69.8%, 71.8%, 62.6%, 86.6%, 68.6%, 73.8%, 63.2%, 68.0%, 76.8%, 75.2%, 65.0%, 70.0%]",,,,
12,parallel,20,20,0.2174534065789474,0.6413251854479313,0.7394967470318079,0.0001111111111111111,69.67692307692309,"[57.2%, 69.8%, 71.8%, 62.6%, 86.6%, 68.6%, 73.8%, 63.2%, 68.0%, 76.8%, 75.2%, 65.0%, 67.2%]",,,,
12,parallel,21,21,0.2077783223684211,0.6130945958197117,0.6944703720510006,0.0001111111111111111,69.9846153846154,"[57.2%, 69.8%, 71.8%, 62.6%, 86.6%, 68.6%, 73.8%, 63.2%, 68.0%, 76.8%, 75.2%, 65.0%, 71.2%]",,,,
12,parallel,22,22,0.19838572236842109,0.6124483488500119,0.7347868927754462,0.0001111111111111111,69.76923076923077,"[57.2%, 69.8%, 71.8%, 62.6%, 86.6%, 68.6%, 73.8%, 63.2%, 68.0%, 76.8%, 75.2%, 65.0%, 68.4%]",,,,
12,parallel,23,23,0.18927560657894738,0.5916686713695526,0.7083834018558264,0.0001111111111111111,69.96923076923078,"[57.2%, 69.8%, 71.8%, 62.6%, 86.6%, 68.6%, 73.8%, 63.2%, 68.0%, 76.8%, 75.2%, 65.0%, 71.0%]",,,,
12,parallel,24,24,0.180447975,0.5994401108473539,0.764027014374733,0.0001111111111111111,69.84615384615384,"[57.2%, 69.8%, 71.8%, 62.6%, 86.6%, 68.6%, 73.8%, 63.2%, 68.0%, 76.8%, 75.2%, 65.0%, 69.4%]",,,,
12,parallel,25,25,0.17190282763157896,0.5848693326115608,0.6954068690538406,0.0001111111111111111,70.12307692307692,"[57.2%, 69.8%, 71.8%, 62.6%, 86.6%, 68.6%, 73.8%, 63.2%, 68.0%, 76.8%, 75.2%, 65.0%, 73.0%]",,,,
12,parallel,26,26,0.1636401644736842,0.6166349500417709,0.8825175072997808,0.0001111111111111111,69.66153846153847,"[57.2%, 69.8%, 71.8%, 62.6%, 86.6%, 68.6%, 73.8%, 63.2%, 68.0%, 76.8%, 75.2%, 65.0%, 67.0%]",,,,
12,parallel,27,27,0.15565998552631577,0.6583111487329006,0.6851442474871874,0.0001111111111111111,69.84615384615384,"[57.2%, 69.8%, 71.8%, 62.6%, 86.6%, 68.6%, 73.8%, 63.2%, 68.0%, 76.8%, 75.2%, 65.0%, 69.4%]",,,,
12,parallel,28,28,0.14796229078947365,0.5997318804264069,0.7432034946978092,0.0001111111111111111,69.96923076923078,"[57.2%, 69.8%, 71.8%, 62.6%, 86.6%, 68.6%, 73.8%, 63.2%, 68.0%, 76.8%, 75.2%, 65.0%, 71.0%]",,,,
12,parallel,29,29,0.1405470802631579,0.6649583093822002,0.6895752381533384,0.0001111111111111111,69.9846153846154,"[57.2%, 69.8%, 71.8%, 62.6%, 86.6%, 68.6%, 73.8%, 63.2%, 68.0%, 76.8%, 75.2%, 65.0%, 71.2%]",,,,
12,parallel,30,30,0.13341435394736845,0.61878073066473,0.6571196839213371,0.0001111111111111111,69.90769230769232,"[57.2%, 69.8%, 71.8%, 62.6%, 86.6%, 68.6%, 73.8%, 63.2%, 68.0%, 76.8%, 75.2%, 65.0%, 70.2%]",,,,
12,parallel,31,31,0.12656411184210525,0.5807894907891751,0.7380455229431391,0.0001111111111111111,69.83076923076923,"[57.2%, 69.8%, 71.8%, 62.6%, 86.6%, 68.6%, 73.8%, 63.2%, 68.0%, 76.8%, 75.2%, 65.0%, 69.2%]",,,,
12,parallel,32,32,0.11999635394736842,0.5884476423263549,0.6589333945885301,0.0001111111111111111,70.0923076923077,"[57.2%, 69.8%, 71.8%, 62.6%, 86.6%, 68.6%, 73.8%, 63.2%, 68.0%, 76.8%, 75.2%, 65.0%, 72.6%]",,,,
12,parallel,33,33,0.11371108026315792,0.5628423815593123,0.6162644810974598,0.0001111111111111111,69.95384615384616,"[57.2%, 69.8%, 71.8%, 62.6%, 86.6%, 68.6%, 73.8%, 63.2%, 68.0%, 76.8%, 75.2%, 65.0%, 70.8%]",,,,
12,parallel,34,34,0.10770829078947369,0.7759890004992485,0.721193253993988,0.0001111111111111111,69.83076923076923,"[57.2%, 69.8%, 71.8%, 62.6%, 86.6%, 68.6%, 73.8%, 63.2%, 68.0%, 76.8%, 75.2%, 65.0%, 69.2%]",,,,
12,parallel,35,35,0.1019879855263158,0.6445683427155018,0.7524650916457176,0.0001111111111111111,69.83076923076923,"[57.2%, 69.8%, 71.8%, 62.6%, 86.6%, 68.6%, 73.8%, 63.2%, 68.0%, 76.8%, 75.2%, 65.0%, 69.2%]",,,,
12,parallel,36,36,0.09655016447368422,0.6315357096493244,0.7282951679080725,0.0001111111111111111,69.84615384615384,"[57.2%, 69.8%, 71.8%, 62.6%, 86.6%, 68.6%, 73.8%, 63.2%, 68.0%, 76.8%, 75.2%, 65.0%, 69.4%]",,,,
12,parallel,37,37,0.09139482763157895,0.7054898455739022,0.795349657535553,0.0001111111111111111,69.8,"[57.2%, 69.8%, 71.8%, 62.6%, 86.6%, 68.6%, 73.8%, 63.2%, 68.0%, 76.8%, 75.2%, 65.0%, 68.8%]",,,,
12,parallel,38,38,0.086521975,0.6416639558970928,0.7361638639122248,0.0001111111111111111,69.73846153846154,"[57.2%, 69.8%, 71.8%, 62.6%, 86.6%, 68.6%, 73.8%, 63.2%, 68.0%, 76.8%, 75.2%, 65.0%, 68.0%]",,,,
12,parallel,39,39,0.08193160657894735,0.6358022183179856,0.7607622528448701,0.0001111111111111111,69.61538461538461,"[57.2%, 69.8%, 71.8%, 62.6%, 86.6%, 68.6%, 73.8%, 63.2%, 68.0%, 76.8%, 75.2%, 65.0%, 66.4%]",,,,
12,parallel,40,40,0.07762372236842106,0.9803814947605133,0.834586538374424,0.0001111111111111111,69.55384615384615,"[57.2%, 69.8%, 71.8%, 62.6%, 86.6%, 68.6%, 73.8%, 63.2%, 68.0%, 76.8%, 75.2%, 65.0%, 65.6%]",,,,
12,parallel,41,41,0.07359832236842107,0.7667699344456196,0.7532733995467424,0.0001111111111111111,69.75384615384615,"[57.2%, 69.8%, 71.8%, 62.6%, 86.6%, 68.6%, 73.8%, 63.2%, 68.0%, 76.8%, 75.2%, 65.0%, 68.2%]",,,,
12,parallel,42,42,0.06985540657894737,0.7072969377040863,0.7896654978394508,0.0001111111111111111,69.8,"[57.2%, 69.8%, 71.8%, 62.6%, 86.6%, 68.6%, 73.8%, 63.2%, 68.0%, 76.8%, 75.2%, 65.0%, 68.8%]",,,,
12,parallel,43,43,0.066394975,0.7120322212576866,0.7969949543476105,0.0001111111111111111,69.70769230769231,"[57.2%, 69.8%, 71.8%, 62.6%, 86.6%, 68.6%, 73.8%, 63.2%, 68.0%, 76.8%, 75.2%, 65.0%, 67.6%]",,,,
12,parallel,44,44,0.06321702763157895,0.6652396790683269,0.7541234269738197,0.0001111111111111111,69.78461538461539,"[57.2%, 69.8%, 71.8%, 62.6%, 86.6%, 68.6%, 73.8%, 63.2%, 68.0%, 76.8%, 75.2%, 65.0%, 68.6%]",,,,
12,parallel,45,45,0.06032156447368421,0.9539207801222801,0.9153356105089188,0.0001111111111111111,69.41538461538461,"[57.2%, 69.8%, 71.8%, 62.6%, 86.6%, 68.6%, 73.8%, 63.2%, 68.0%, 76.8%, 75.2%, 65.0%, 63.8%]",,,,
12,parallel,46,46,0.0577085855263158,0.7549695856869221,0.8368139453232288,0.0001111111111111111,69.55384615384615,"[57.2%, 69.8%, 71.8%, 62.6%, 86.6%, 68.6%, 73.8%, 63.2%, 68.0%, 76.8%, 75.2%, 65.0%, 65.6%]",,,,
12,parallel,47,47,0.05537809078947369,0.7261318750679493,0.7240765951573849,0.0001111111111111111,69.76923076923077,"[57.2%, 69.8%, 71.8%, 62.6%, 86.6%, 68.6%, 73.8%, 63.2%, 68.0%, 76.8%, 75.2%, 65.0%, 68.4%]",,,,
12,parallel,48,48,0.0533300802631579,0.7561815991997719,0.8819723948836327,0.0001111111111111111,69.47692307692309,"[57.2%, 69.8%, 71.8%, 62.6%, 86.6%, 68.6%, 73.8%, 63.2%, 68.0%, 76.8%, 75.2%, 65.0%, 64.6%]",,,,
12,parallel,49,49,0.051564553947368426,0.7423761751502752,0.7730797063559294,0.0001111111111111111,69.72307692307692,"[57.2%, 69.8%, 71.8%, 62.6%, 86.6%, 68.6%, 73.8%, 63.2%, 68.0%, 76.8%, 75.2%, 65.0%, 67.8%]",,,,
12,parallel,50,50,0.05008151184210526,0.7082578092813492,0.73228595033288,0.0001111111111111111,69.67692307692309,"[57.2%, 69.8%, 71.8%, 62.6%, 86.6%, 68.6%, 73.8%, 63.2%, 68.0%, 76.8%, 75.2%, 65.0%, 67.2%]",,,,
12,parallel,51,51,0.048880953947368425,0.6789801850914955,0.7503090780228376,0.0001111111111111111,69.8,"[57.2%, 69.8%, 71.8%, 62.6%, 86.6%, 68.6%, 73.8%, 63.2%, 68.0%, 76.8%, 75.2%, 65.0%, 68.8%]",,,,
12,parallel,52,52,0.0479628802631579,0.6784626238048077,0.7228060755878687,0.0001111111111111111,69.81538461538462,"[57.2%, 69.8%, 71.8%, 62.6%, 86.6%, 68.6%, 73.8%, 63.2%, 68.0%, 76.8%, 75.2%, 65.0%, 69.0%]",,,,
12,parallel,53,53,0.04732729078947369,0.662075337767601,0.7114862129092216,0.0001111111111111111,70.01538461538462,"[57.2%, 69.8%, 71.8%, 62.6%, 86.6%, 68.6%, 73.8%, 63.2%, 68.0%, 76.8%, 75.2%, 65.0%, 71.6%]",,,,
12,parallel,54,54,0.04697418552631579,0.6214808009564876,0.6819419898092747,0.0001111111111111111,69.87692307692308,"[57.2%, 69.8%, 71.8%, 62.6%, 86.6%, 68.6%, 73.8%, 63.2%, 68.0%, 76.8%, 75.2%, 65.0%, 69.8%]",,,,
12,parallel,55,55,0.04689473684210527,0.6286850288510323,0.7690305169671774,0.0001111111111111111,69.8923076923077,"[57.2%, 69.8%, 71.8%, 62.6%, 86.6%, 68.6%, 73.8%, 63.2%, 68.0%, 76.8%, 75.2%, 65.0%, 70.0%]",,,,
12,weights,1,56,0.04689473684210527,0.5966832347214222,0.7759468015283346,0.0001111111111111111,69.93846153846154,"[57.2%, 69.8%, 71.8%, 62.6%, 86.6%, 68.6%, 73.8%, 63.2%, 68.0%, 76.8%, 75.2%, 65.0%, 70.6%]",,,,
12,weights,2,57,0.04689473684210527,0.6480393625795842,0.6814777925610542,0.0001111111111111111,69.8923076923077,"[57.2%, 69.8%, 71.8%, 62.6%, 86.6%, 68.6%, 73.8%, 63.2%, 68.0%, 76.8%, 75.2%, 65.0%, 70.0%]",,,,
12,weights,3,58,0.04689473684210527,0.5940290115773678,0.6645241174846888,0.0001111111111111111,69.84615384615384,"[57.2%, 69.8%, 71.8%, 62.6%, 86.6%, 68.6%, 73.8%, 63.2%, 68.0%, 76.8%, 75.2%, 65.0%, 69.4%]",,,,
12,weights,4,59,0.04689473684210527,0.5723046794533729,0.6739701293408871,0.0001111111111111111,69.87692307692308,"[57.2%, 69.8%, 71.8%, 62.6%, 86.6%, 68.6%, 73.8%, 63.2%, 68.0%, 76.8%, 75.2%, 65.0%, 69.8%]",,,,
12,weights,5,60,0.04689473684210527,0.5760328598320484,0.6645231172442436,0.0001111111111111111,70.01538461538462,"[57.2%, 69.8%, 71.8%, 62.6%, 86.6%, 68.6%, 73.8%, 63.2%, 68.0%, 76.8%, 75.2%, 65.0%, 71.6%]",,,,
12,weights,6,61,0.04689473684210527,0.5622242651879787,0.680931257084012,0.0001111111111111111,70.06153846153846,"[57.2%, 69.8%, 71.8%, 62.6%, 86.6%, 68.6%, 73.8%, 63.2%, 68.0%, 76.8%, 75.2%, 65.0%, 72.2%]",,,,
12,weights,7,62,0.04689473684210527,0.5845679104328155,0.7703517563641071,0.0001111111111111111,69.83076923076923,"[57.2%, 69.8%, 71.8%, 62.6%, 86.6%, 68.6%, 73.8%, 63.2%, 68.0%, 76.8%, 75.2%, 65.0%, 69.2%]",,,,
12,weights,8,63,0.04689473684210527,0.5527578465640545,0.7312048841267824,0.0001111111111111111,69.81538461538462,"[57.2%, 69.8%, 71.8%, 62.6%, 86.6%, 68.6%, 73.8%, 63.2%, 68.0%, 76.8%, 75.2%, 65.0%, 69.0%]",,,,
12,weights,9,64,0.04689473684210527,0.5587794408202171,0.6718617184087634,0.0001111111111111111,69.9846153846154,"[57.2%, 69.8%, 71.8%, 62.6%, 86.6%, 68.6%, 73.8%, 63.2%, 68.0%, 76.8%, 75.2%, 65.0%, 71.2%]",,,,
12,weights,10,65,0.04689473684210527,0.5556967720389366,0.67732198163867,0.0001111111111111111,69.9846153846154,"[57.2%, 69.8%, 71.8%, 62.6%, 86.6%, 68.6%, 73.8%, 63.2%, 68.0%, 76.8%, 75.2%, 65.0%, 71.2%]",,,,
12,weights,11,66,0.04689473684210527,0.5552411258220673,0.6639949753880501,0.0001111111111111111,70.04615384615384,"[57.2%, 69.8%, 71.8%, 62.6%, 86.6%, 68.6%, 73.8%, 63.2%, 68.0%, 76.8%, 75.2%, 65.0%, 72.0%]",,,,
12,weights,12,67,0.04689473684210527,0.5739942044019699,0.6863269750028849,0.0001111111111111111,69.8923076923077,"[57.2%, 69.8%, 71.8%, 62.6%, 86.6%, 68.6%, 73.8%, 63.2%, 68.0%, 76.8%, 75.2%, 65.0%, 70.0%]",,,,
12,weights,13,68,0.04689473684210527,0.5368064031004905,0.6678828597068787,0.0001111111111111111,69.92307692307692,"[57.2%, 69.8%, 71.8%, 62.6%, 86.6%, 68.6%, 73.8%, 63.2%, 68.0%, 76.8%, 75.2%, 65.0%, 70.4%]",,,,
12,weights,14,69,0.04689473684210527,0.5306992024183274,0.71017970982939,0.0001111111111111111,69.6923076923077,"[57.2%, 69.8%, 71.8%, 62.6%, 86.6%, 68.6%, 73.8%, 63.2%, 68.0%, 76.8%, 75.2%, 65.0%, 67.4%]",,,,
12,weights,15,70,0.04689473684210527,0.5615121953189373,0.7010642671957612,0.0001111111111111111,69.86153846153846,"[57.2%, 69.8%, 71.8%, 62.6%, 86.6%, 68.6%, 73.8%, 63.2%, 68.0%, 76.8%, 75.2%, 65.0%, 69.6%]",,,,
12,weights,16,71,0.04689473684210527,0.5207443781197071,0.6925917956978083,0.0001111111111111111,69.81538461538462,"[57.2%, 69.8%, 71.8%, 62.6%, 86.6%, 68.6%, 73.8%, 63.2%, 68.0%, 76.8%, 75.2%, 65.0%, 69.0%]",,,,
12,weights,17,72,0.04689473684210527,0.5117825910449028,0.6209292691200972,0.0001111111111111111,70.04615384615384,"[57.2%, 69.8%, 71.8%, 62.6%, 86.6%, 68.6%, 73.8%, 63.2%, 68.0%, 76.8%, 75.2%, 65.0%, 72.0%]",,,,
12,weights,18,73,0.04689473684210527,0.5501681081950665,0.6190485022962093,0.0001111111111111111,70.06153846153846,"[57.2%, 69.8%, 71.8%, 62.6%, 86.6%, 68.6%, 73.8%, 63.2%, 68.0%, 76.8%, 75.2%, 65.0%, 72.2%]",,,,
12,weights,19,74,0.04689473684210527,0.5244198575615883,0.6175985476002097,0.0001111111111111111,70.12307692307692,"[57.2%, 69.8%, 71.8%, 62.6%, 86.6%, 68.6%, 73.8%, 63.2%, 68.0%, 76.8%, 75.2%, 65.0%, 73.0%]",,,,
12,weights,20,75,0.04689473684210527,0.5246679909527302,0.6443298272788525,0.0001111111111111111,70.04615384615384,"[57.2%, 69.8%, 71.8%, 62.6%, 86.6%, 68.6%, 73.8%, 63.2%, 68.0%, 76.8%, 75.2%, 65.0%, 72.0%]",,,,
12,weights,21,76,0.04689473684210527,0.5401169538497925,0.6295869620516896,0.0001111111111111111,70.13846153846154,"[57.2%, 69.8%, 71.8%, 62.6%, 86.6%, 68.6%, 73.8%, 63.2%, 68.0%, 76.8%, 75.2%, 65.0%, 73.2%]",,,,
12,weights,22,77,0.04689473684210527,0.522844959795475,0.6741243358701468,0.0001111111111111111,69.9846153846154,"[57.2%, 69.8%, 71.8%, 62.6%, 86.6%, 68.6%, 73.8%, 63.2%, 68.0%, 76.8%, 75.2%, 65.0%, 71.2%]",,,,
12,weights,23,78,0.04689473684210527,0.5073261111974716,0.6222494840621948,0.0001111111111111111,70.2,"[57.2%, 69.8%, 71.8%, 62.6%, 86.6%, 68.6%, 73.8%, 63.2%, 68.0%, 76.8%, 75.2%, 65.0%, 74.0%]",,,,
12,weights,24,79,0.04689473684210527,0.4960034117102623,0.6360592152923346,0.0001111111111111111,70.2,"[57.2%, 69.8%, 71.8%, 62.6%, 86.6%, 68.6%, 73.8%, 63.2%, 68.0%, 76.8%, 75.2%, 65.0%, 74.0%]",,,,
12,weights,25,80,0.04689473684210527,0.4849922493100166,0.6132982773706317,0.0001111111111111111,70.21538461538462,"[57.2%, 69.8%, 71.8%, 62.6%, 86.6%, 68.6%, 73.8%, 63.2%, 68.0%, 76.8%, 75.2%, 65.0%, 74.2%]",33.06153846153846,"[0.0%, 34.2%, 44.8%, 10.2%, 86.6%, 10.2%, 31.8%, 17.4%, 32.6%, 61.6%, 33.2%, 21.0%, 46.2%]",43.338461538461544,"[45.2%, 34.6%, 44.6%, 44.2%, 66.8%, 46.6%, 39.6%, 24.8%, 38.6%, 52.2%, 53.0%, 27.0%, 46.2%]"
13,parallel,1,1,0.35,14.338688969612122,8.21557891368866,0.0001111111111111111,65.2,"[57.2%, 69.8%, 71.8%, 62.6%, 86.6%, 68.6%, 73.8%, 63.2%, 68.0%, 76.6%, 75.2%, 65.4%, 74.0%, 0.0%]",,,,
13,parallel,2,2,0.35,6.306509459018708,4.652334749698639,0.0001111111111111111,65.2,"[57.4%, 69.6%, 71.8%, 62.6%, 86.6%, 68.6%, 73.6%, 63.2%, 68.0%, 76.6%, 75.4%, 65.4%, 74.0%, 0.0%]",,,,
13,parallel,3,3,0.35,3.460354095697403,2.4746428430080414,0.0001111111111111111,65.19999999999999,"[57.4%, 69.6%, 71.8%, 63.0%, 86.6%, 68.2%, 73.6%, 63.4%, 68.0%, 76.4%, 75.4%, 65.4%, 74.0%, 0.0%]",,,,
13,parallel,4,4,0.35,2.0815926462411882,1.8368404507637024,0.0001111111111111111,66.61428571428571,"[57.4%, 69.8%, 71.8%, 63.0%, 86.6%, 68.2%, 73.4%, 63.4%, 68.0%, 76.4%, 75.2%, 65.4%, 74.0%, 20.0%]",,,,
13,parallel,5,5,0.34696613,1.808893746137619,1.737263023853302,0.0001111111111111111,66.58571428571429,"[57.4%, 69.8%, 71.8%, 63.0%, 86.6%, 68.6%, 73.4%, 63.0%, 68.0%, 76.4%, 75.0%, 65.2%, 74.0%, 20.0%]",,,,
13,parallel,6,6,0.3349827236842105,1.812512743473053,1.726407766342163,0.0001111111111111111,66.57142857142857,"[57.4%, 69.6%, 71.8%, 63.0%, 86.6%, 68.6%, 73.4%, 63.0%, 68.0%, 76.4%, 75.0%, 65.2%, 74.0%, 20.0%]",,,,
13,parallel,7,7,0.3232426352631579,1.8358955264091492,1.7144572734832764,0.0001111111111111111,66.55714285714286,"[57.2%, 69.6%, 71.8%, 63.0%, 86.6%, 68.6%, 73.4%, 63.0%, 68.0%, 76.4%, 75.0%, 65.2%, 74.0%, 20.0%]",,,,
13,parallel,8,8,0.3117458647368421,1.7270736575126648,1.679337427020073,0.0001111111111111111,66.55714285714286,"[57.2%, 69.6%, 71.8%, 63.0%, 86.6%, 68.6%, 73.4%, 63.0%, 68.0%, 76.4%, 75.0%, 65.2%, 74.0%, 20.0%]",,,,
13,parallel,9,9,0.3004924121052632,1.679026934504509,1.6510299742221832,0.0001111111111111111,67.2,"[57.2%, 69.6%, 71.8%, 63.0%, 86.6%, 68.6%, 73.4%, 63.0%, 68.0%, 76.4%, 75.0%, 65.2%, 74.0%, 29.0%]",,,,
13,parallel,10,10,0.289482277368421,1.6542614817619323,1.5862001478672028,0.0001111111111111111,67.55714285714286,"[57.2%, 69.6%, 71.8%, 63.0%, 86.6%, 68.6%, 73.4%, 63.0%, 68.0%, 76.4%, 75.0%, 65.2%, 74.0%, 34.0%]",,,,
13,parallel,11,11,0.2787154605263158,1.4885488837957381,1.3913404121994972,0.0001111111111111111,67.57142857142858,"[57.2%, 69.6%, 71.8%, 63.0%, 86.6%, 68.6%, 73.4%, 63.0%, 68.0%, 76.4%, 75.0%, 65.2%, 74.0%, 34.2%]",,,,
13,parallel,12,12,0.2681919615789473,1.3284143060445786,1.353214330971241,0.0001111111111111111,67.71428571428572,"[57.2%, 69.6%, 71.8%, 63.0%, 86.6%, 68.6%, 73.4%, 63.0%, 68.0%, 76.4%, 75.0%, 65.2%, 74.0%, 36.2%]",,,,
13,parallel,13,13,0.2579117805263158,1.320300853252411,1.2946086674928665,0.0001111111111111111,68.47142857142858,"[57.2%, 69.6%, 71.8%, 63.0%, 86.6%, 68.6%, 73.4%, 63.0%, 68.0%, 76.4%, 75.0%, 65.2%, 74.0%, 46.8%]",,,,
13,parallel,14,14,0.24787491736842102,1.251129189133644,1.2476760745048523,0.0001111111111111111,68.88571428571429,"[57.2%, 69.6%, 71.8%, 63.0%, 86.6%, 68.6%, 73.4%, 63.0%, 68.0%, 76.4%, 75.0%, 65.2%, 74.0%, 52.6%]",,,,
13,parallel,15,15,0.23808137210526317,1.170377530157566,1.096405677497387,0.0001111111111111111,68.77142857142857,"[57.2%, 69.6%, 71.8%, 63.0%, 86.6%, 68.6%, 73.4%, 63.0%, 68.0%, 76.4%, 75.0%, 65.2%, 74.0%, 51.0%]",,,,
13,parallel,16,16,0.2285311447368421,1.0276220843195916,0.9795687422156334,0.0001111111111111111,69.04285714285714,"[57.2%, 69.6%, 71.8%, 63.0%, 86.6%, 68.6%, 73.4%, 63.0%, 68.0%, 76.4%, 75.0%, 65.2%, 74.0%, 54.8%]",,,,
13,parallel,17,17,0.21922423526315787,0.9646006323397159,0.9991658665239811,0.0001111111111111111,69.08571428571429,"[57.2%, 69.6%, 71.8%, 63.0%, 86.6%, 68.6%, 73.4%, 63.0%, 68.0%, 76.4%, 75.0%, 65.2%, 74.0%, 55.4%]",,,,
13,parallel,18,18,0.2101606436842105,0.9683947503566742,0.9857652634382248,0.0001111111111111111,69.17142857142858,"[57.2%, 69.6%, 71.8%, 63.0%, 86.6%, 68.6%, 73.4%, 63.0%, 68.0%, 76.4%, 75.0%, 65.2%, 74.0%, 56.6%]",,,,
13,parallel,19,19,0.20134037000000005,1.0553402230143547,1.032708566635847,0.0001111111111111111,69.00000000000001,"[57.2%, 69.6%, 71.8%, 63.0%, 86.6%, 68.6%, 73.4%, 63.0%, 68.0%, 76.4%, 75.0%, 65.2%, 74.0%, 54.2%]",,,,
13,parallel,20,20,0.19276341421052634,1.0002634823322296,0.9383918941020966,0.0001111111111111111,69.8,"[57.2%, 69.6%, 71.8%, 63.0%, 86.6%, 68.6%, 73.4%, 63.0%, 68.0%, 76.4%, 75.0%, 65.2%, 74.0%, 65.4%]",,,,
13,parallel,21,21,0.18442977631578947,0.919939287006855,0.940875168889761,0.0001111111111111111,69.4,"[57.2%, 69.6%, 71.8%, 63.0%, 86.6%, 68.6%, 73.4%, 63.0%, 68.0%, 76.4%, 75.0%, 65.2%, 74.0%, 59.8%]",,,,
13,parallel,22,22,0.17633945631578948,0.9139032512903214,0.869541734457016,0.0001111111111111111,69.84285714285714,"[57.2%, 69.6%, 71.8%, 63.0%, 86.6%, 68.6%, 73.4%, 63.0%, 68.0%, 76.4%, 75.0%, 65.2%, 74.0%, 66.0%]",,,,
13,parallel,23,23,0.1684924542105263,0.8632045239210129,0.8242794126272202,0.0001111111111111111,69.82857142857144,"[57.2%, 69.6%, 71.8%, 63.0%, 86.6%, 68.6%, 73.4%, 63.0%, 68.0%, 76.4%, 75.0%, 65.2%, 74.0%, 65.8%]",,,,
13,parallel,24,24,0.16088877,0.8162640869617462,0.8393185287714005,0.0001111111111111111,69.95714285714287,"[57.2%, 69.6%, 71.8%, 63.0%, 86.6%, 68.6%, 73.4%, 63.0%, 68.0%, 76.4%, 75.0%, 65.2%, 74.0%, 67.6%]",,,,
13,parallel,25,25,0.1535284036842105,0.8671052534133196,0.8683388605713844,0.0001111111111111111,69.77142857142857,"[57.2%, 69.6%, 71.8%, 63.0%, 86.6%, 68.6%, 73.4%, 63.0%, 68.0%, 76.4%, 75.0%, 65.2%, 74.0%, 65.0%]",,,,
13,parallel,26,26,0.14641135526315785,0.7849194124341011,0.7912799026817083,0.0001111111111111111,70.04285714285714,"[57.2%, 69.6%, 71.8%, 63.0%, 86.6%, 68.6%, 73.4%, 63.0%, 68.0%, 76.4%, 75.0%, 65.2%, 74.0%, 68.8%]",,,,
13,parallel,27,27,0.13953762473684206,0.8345006704330444,0.8404824361205101,0.0001111111111111111,69.9,"[57.2%, 69.6%, 71.8%, 63.0%, 86.6%, 68.6%, 73.4%, 63.0%, 68.0%, 76.4%, 75.0%, 65.2%, 74.0%, 66.8%]",,,,
13,parallel,28,28,0.13290721210526313,0.7773199252784252,0.7766214832663536,0.0001111111111111111,70.21428571428572,"[57.2%, 69.6%, 71.8%, 63.0%, 86.6%, 68.6%, 73.4%, 63.0%, 68.0%, 76.4%, 75.0%, 65.2%, 74.0%, 71.2%]",,,,
13,parallel,29,29,0.12652011736842106,0.7508192211389542,0.8513444885611534,0.0001111111111111111,69.88571428571429,"[57.2%, 69.6%, 71.8%, 63.0%, 86.6%, 68.6%, 73.4%, 63.0%, 68.0%, 76.4%, 75.0%, 65.2%, 74.0%, 66.6%]",,,,
13,parallel,30,30,0.12037634052631578,0.8702981725335122,0.8081651963293552,0.0001111111111111111,70.02857142857144,"[57.2%, 69.6%, 71.8%, 63.0%, 86.6%, 68.6%, 73.4%, 63.0%, 68.0%, 76.4%, 75.0%, 65.2%, 74.0%, 68.6%]",,,,
13,parallel,31,31,0.11447588157894736,0.8044873133301735,0.8250404372811317,0.0001111111111111111,70.01428571428572,"[57.2%, 69.6%, 71.8%, 63.0%, 86.6%, 68.6%, 73.4%, 63.0%, 68.0%, 76.4%, 75.0%, 65.2%, 74.0%, 68.4%]",,,,
13,parallel,32,32,0.10881874052631577,0.9065349444746971,0.8735772967338562,0.0001111111111111111,69.9857142857143,"[57.2%, 69.6%, 71.8%, 63.0%, 86.6%, 68.6%, 73.4%, 63.0%, 68.0%, 76.4%, 75.0%, 65.2%, 74.0%, 68.0%]",,,,
13,parallel,33,33,0.10340491736842106,0.8134832233190536,0.8214340731501579,0.0001111111111111111,70.07142857142858,"[57.2%, 69.6%, 71.8%, 63.0%, 86.6%, 68.6%, 73.4%, 63.0%, 68.0%, 76.4%, 75.0%, 65.2%, 74.0%, 69.2%]",,,,
13,parallel,34,34,0.09823441210526315,0.7960038095712662,0.776563499122858,0.0001111111111111111,70.22857142857143,"[57.2%, 69.6%, 71.8%, 63.0%, 86.6%, 68.6%, 73.4%, 63.0%, 68.0%, 76.4%, 75.0%, 65.2%, 74.0%, 71.4%]",,,,
13,parallel,35,35,0.09330722473684211,0.9182156234979629,0.8693848475813866,0.0001111111111111111,69.81428571428572,"[57.2%, 69.6%, 71.8%, 63.0%, 86.6%, 68.6%, 73.4%, 63.0%, 68.0%, 76.4%, 75.0%, 65.2%, 74.0%, 65.6%]",,,,
13,parallel,36,36,0.0886233552631579,0.8332586407661438,0.8123786337673664,0.0001111111111111111,70.02857142857144,"[57.2%, 69.6%, 71.8%, 63.0%, 86.6%, 68.6%, 73.4%, 63.0%, 68.0%, 76.4%, 75.0%, 65.2%, 74.0%, 68.6%]",,,,
13,parallel,37,37,0.08418280368421052,0.8075034528970718,0.7816294617950916,0.0001111111111111111,70.10000000000001,"[57.2%, 69.6%, 71.8%, 63.0%, 86.6%, 68.6%, 73.4%, 63.0%, 68.0%, 76.4%, 75.0%, 65.2%, 74.0%, 69.6%]",,,,
13,parallel,38,38,0.07998556999999999,0.7776762202382088,0.7813920900225639,0.0001111111111111111,70.12857142857143,"[57.2%, 69.6%, 71.8%, 63.0%, 86.6%, 68.6%, 73.4%, 63.0%, 68.0%, 76.4%, 75.0%, 65.2%, 74.0%, 70.0%]",,,,
13,parallel,39,39,0.0760316542105263,1.1294405296444894,0.945769801735878,0.0001111111111111111,69.72857142857143,"[57.2%, 69.6%, 71.8%, 63.0%, 86.6%, 68.6%, 73.4%, 63.0%, 68.0%, 76.4%, 75.0%, 65.2%, 74.0%, 64.4%]",,,,
13,parallel,40,40,0.07232105631578947,0.9022311568260193,0.9279489181935787,0.0001111111111111111,69.62857142857143,"[57.2%, 69.6%, 71.8%, 63.0%, 86.6%, 68.6%, 73.4%, 63.0%, 68.0%, 76.4%, 75.0%, 65.2%, 74.0%, 63.0%]",,,,
13,parallel,41,41,0.06885377631578947,1.0756166189908982,0.9007669016718864,0.0001111111111111111,69.8,"[57.2%, 69.6%, 71.8%, 63.0%, 86.6%, 68.6%, 73.4%, 63.0%, 68.0%, 76.4%, 75.0%, 65.2%, 74.0%, 65.4%]",,,,
13,parallel,42,42,0.06562981421052631,0.8968463093042374,0.8547510020434856,0.0001111111111111111,70.05714285714286,"[57.2%, 69.6%, 71.8%, 63.0%, 86.6%, 68.6%, 73.4%, 63.0%, 68.0%, 76.4%, 75.0%, 65.2%, 74.0%, 69.0%]",,,,
13,parallel,43,43,0.06264917,0.8255038842558861,0.8135452792048454,0.0001111111111111111,70.14285714285715,"[57.2%, 69.6%, 71.8%, 63.0%, 86.6%, 68.6%, 73.4%, 63.0%, 68.0%, 76.4%, 75.0%, 65.2%, 74.0%, 70.2%]",,,,
13,parallel,44,44,0.05991184368421052,1.150294119119644,0.9801497831940651,0.0001111111111111111,69.61428571428571,"[57.2%, 69.6%, 71.8%, 63.0%, 86.6%, 68.6%, 73.4%, 63.0%, 68.0%, 76.4%, 75.0%, 65.2%, 74.0%, 62.8%]",,,,
13,parallel,45,45,0.057417835263157885,0.9059608414769172,0.9256076626479626,0.0001111111111111111,69.67142857142858,"[57.2%, 69.6%, 71.8%, 63.0%, 86.6%, 68.6%, 73.4%, 63.0%, 68.0%, 76.4%, 75.0%, 65.2%, 74.0%, 63.6%]",,,,
13,parallel,46,46,0.05516714473684211,0.8802128836512566,0.8642759583890438,0.0001111111111111111,70.04285714285714,"[57.2%, 69.6%, 71.8%, 63.0%, 86.6%, 68.6%, 73.4%, 63.0%, 68.0%, 76.4%, 75.0%, 65.2%, 74.0%, 68.8%]",,,,
13,parallel,47,47,0.05315977210526316,0.9469385266304016,0.9033174477517605,0.0001111111111111111,69.77142857142857,"[57.2%, 69.6%, 71.8%, 63.0%, 86.6%, 68.6%, 73.4%, 63.0%, 68.0%, 76.4%, 75.0%, 65.2%, 74.0%, 65.0%]",,,,
13,parallel,48,48,0.05139571736842105,0.9077285468578339,0.9188682697713375,0.0001111111111111111,69.64285714285715,"[57.2%, 69.6%, 71.8%, 63.0%, 86.6%, 68.6%, 73.4%, 63.0%, 68.0%, 76.4%, 75.0%, 65.2%, 74.0%, 63.2%]",,,,
13,parallel,49,49,0.04987498052631579,0.9293361350893974,0.8574729152023792,0.0001111111111111111,69.81428571428572,"[57.2%, 69.6%, 71.8%, 63.0%, 86.6%, 68.6%, 73.4%, 63.0%, 68.0%, 76.4%, 75.0%, 65.2%, 74.0%, 65.6%]",,,,
13,parallel,50,50,0.04859756157894737,0.8542604431509971,0.8704599365592003,0.0001111111111111111,70.02857142857144,"[57.2%, 69.6%, 71.8%, 63.0%, 86.6%, 68.6%, 73.4%, 63.0%, 68.0%, 76.4%, 75.0%, 65.2%, 74.0%, 68.6%]",,,,
13,parallel,51,51,0.047563460526315784,0.8108967140316963,0.8374781422317028,0.0001111111111111111,70.05714285714286,"[57.2%, 69.6%, 71.8%, 63.0%, 86.6%, 68.6%, 73.4%, 63.0%, 68.0%, 76.4%, 75.0%, 65.2%, 74.0%, 69.0%]",,,,
13,parallel,52,52,0.046772677368421056,1.1799316465854646,1.1486883759498596,0.0001111111111111111,69.01428571428572,"[57.2%, 69.6%, 71.8%, 63.0%, 86.6%, 68.6%, 73.4%, 63.0%, 68.0%, 76.4%, 75.0%, 65.2%, 74.0%, 54.4%]",,,,
13,parallel,53,53,0.046225212105263154,1.059203739464283,1.0436379350721836,0.0001111111111111111,69.44285714285715,"[57.2%, 69.6%, 71.8%, 63.0%, 86.6%, 68.6%, 73.4%, 63.0%, 68.0%, 76.4%, 75.0%, 65.2%, 74.0%, 60.4%]",,,,
13,parallel,54,54,0.045921064736842106,1.006442952156067,0.9977577738463879,0.0001111111111111111,69.47142857142858,"[57.2%, 69.6%, 71.8%, 63.0%, 86.6%, 68.6%, 73.4%, 63.0%, 68.0%, 76.4%, 75.0%, 65.2%, 74.0%, 60.8%]",,,,
13,parallel,55,55,0.04585263157894737,0.9733678653836251,0.8931210376322269,0.0001111111111111111,69.72857142857143,"[57.2%, 69.6%, 71.8%, 63.0%, 86.6%, 68.6%, 73.4%, 63.0%, 68.0%, 76.4%, 75.0%, 65.2%, 74.0%, 64.4%]",,,,
13,weights,1,56,0.04585263157894737,0.963748250901699,0.9012999087572098,0.0001111111111111111,69.7,"[57.2%, 69.6%, 71.8%, 63.0%, 86.6%, 68.6%, 73.4%, 63.0%, 68.0%, 76.4%, 75.0%, 65.2%, 74.0%, 64.0%]",,,,
13,weights,2,57,0.04585263157894737,0.8778806671500206,0.8997935354709625,0.0001111111111111111,69.78571428571429,"[57.2%, 69.6%, 71.8%, 63.0%, 86.6%, 68.6%, 73.4%, 63.0%, 68.0%, 76.4%, 75.0%, 65.2%, 74.0%, 65.2%]",,,,
13,weights,3,58,0.04585263157894737,0.8714726850390434,0.8898914828896523,0.0001111111111111111,69.75714285714285,"[57.2%, 69.6%, 71.8%, 63.0%, 86.6%, 68.6%, 73.4%, 63.0%, 68.0%, 76.4%, 75.0%, 65.2%, 74.0%, 64.8%]",,,,
13,weights,4,59,0.04585263157894737,0.8248224854469299,0.8350525759160519,0.0001111111111111111,70.07142857142858,"[57.2%, 69.6%, 71.8%, 63.0%, 86.6%, 68.6%, 73.4%, 63.0%, 68.0%, 76.4%, 75.0%, 65.2%, 74.0%, 69.2%]",,,,
13,weights,5,60,0.04585263157894737,0.8119623608887195,0.8228223584592342,0.0001111111111111111,69.91428571428573,"[57.2%, 69.6%, 71.8%, 63.0%, 86.6%, 68.6%, 73.4%, 63.0%, 68.0%, 76.4%, 75.0%, 65.2%, 74.0%, 67.0%]",,,,
13,weights,6,61,0.04585263157894737,0.8438097968697548,0.8213453479111195,0.0001111111111111111,69.94285714285715,"[57.2%, 69.6%, 71.8%, 63.0%, 86.6%, 68.6%, 73.4%, 63.0%, 68.0%, 76.4%, 75.0%, 65.2%, 74.0%, 67.4%]",,,,
13,weights,7,62,0.04585263157894737,0.8433432728052139,0.8389218784868717,0.0001111111111111111,69.94285714285715,"[57.2%, 69.6%, 71.8%, 63.0%, 86.6%, 68.6%, 73.4%, 63.0%, 68.0%, 76.4%, 75.0%, 65.2%, 74.0%, 67.4%]",,,,
13,weights,8,63,0.04585263157894737,0.7957567006349564,0.8239090107381344,0.0001111111111111111,69.88571428571429,"[57.2%, 69.6%, 71.8%, 63.0%, 86.6%, 68.6%, 73.4%, 63.0%, 68.0%, 76.4%, 75.0%, 65.2%, 74.0%, 66.6%]",,,,
13,weights,9,64,0.04585263157894737,0.7981062948703765,0.7896770387887955,0.0001111111111111111,70.04285714285714,"[57.2%, 69.6%, 71.8%, 63.0%, 86.6%, 68.6%, 73.4%, 63.0%, 68.0%, 76.4%, 75.0%, 65.2%, 74.0%, 68.8%]",,,,
13,weights,10,65,0.04585263157894737,0.7752665847539901,0.8194868415594101,0.0001111111111111111,69.87142857142858,"[57.2%, 69.6%, 71.8%, 63.0%, 86.6%, 68.6%, 73.4%, 63.0%, 68.0%, 76.4%, 75.0%, 65.2%, 74.0%, 66.4%]",,,,
13,weights,11,66,0.04585263157894737,0.7910214826464653,0.8046094141900539,0.0001111111111111111,70.17142857142858,"[57.2%, 69.6%, 71.8%, 63.0%, 86.6%, 68.6%, 73.4%, 63.0%, 68.0%, 76.4%, 75.0%, 65.2%, 74.0%, 70.6%]",,,,
13,weights,12,67,0.04585263157894737,0.8274373084306716,0.785528551787138,0.0001111111111111111,70.2,"[57.2%, 69.6%, 71.8%, 63.0%, 86.6%, 68.6%, 73.4%, 63.0%, 68.0%, 76.4%, 75.0%, 65.2%, 74.0%, 71.0%]",,,,
13,weights,13,68,0.04585263157894737,0.7429134599864483,0.8001762870699167,0.0001111111111111111,69.9857142857143,"[57.2%, 69.6%, 71.8%, 63.0%, 86.6%, 68.6%, 73.4%, 63.0%, 68.0%, 76.4%, 75.0%, 65.2%, 74.0%, 68.0%]",,,,
13,weights,14,69,0.04585263157894737,0.7868176266551018,0.775648420676589,0.0001111111111111111,70.10000000000001,"[57.2%, 69.6%, 71.8%, 63.0%, 86.6%, 68.6%, 73.4%, 63.0%, 68.0%, 76.4%, 75.0%, 65.2%, 74.0%, 69.6%]",,,,
13,weights,15,70,0.04585263157894737,0.7814727395772934,0.7754002287983894,0.0001111111111111111,70.04285714285714,"[57.2%, 69.6%, 71.8%, 63.0%, 86.6%, 68.6%, 73.4%, 63.0%, 68.0%, 76.4%, 75.0%, 65.2%, 74.0%, 68.8%]",,,,
13,weights,16,71,0.04585263157894737,0.7232969030737877,0.7629968971014023,0.0001111111111111111,70.04285714285714,"[57.2%, 69.6%, 71.8%, 63.0%, 86.6%, 68.6%, 73.4%, 63.0%, 68.0%, 76.4%, 75.0%, 65.2%, 74.0%, 68.8%]",,,,
13,weights,17,72,0.04585263157894737,0.7126378908753395,0.7573776617646217,0.0001111111111111111,70.21428571428572,"[57.2%, 69.6%, 71.8%, 63.0%, 86.6%, 68.6%, 73.4%, 63.0%, 68.0%, 76.4%, 75.0%, 65.2%, 74.0%, 71.2%]",,,,
13,weights,18,73,0.04585263157894737,0.7528221026062966,0.78815533593297,0.0001111111111111111,69.87142857142858,"[57.2%, 69.6%, 71.8%, 63.0%, 86.6%, 68.6%, 73.4%, 63.0%, 68.0%, 76.4%, 75.0%, 65.2%, 74.0%, 66.4%]",,,,
13,weights,19,74,0.04585263157894737,0.7666642367839813,0.7616070322692394,0.0001111111111111111,70.22857142857143,"[57.2%, 69.6%, 71.8%, 63.0%, 86.6%, 68.6%, 73.4%, 63.0%, 68.0%, 76.4%, 75.0%, 65.2%, 74.0%, 71.4%]",,,,
13,weights,20,75,0.04585263157894737,0.7148255802690983,0.7649959847331047,0.0001111111111111111,70.18571428571428,"[57.2%, 69.6%, 71.8%, 63.0%, 86.6%, 68.6%, 73.4%, 63.0%, 68.0%, 76.4%, 75.0%, 65.2%, 74.0%, 70.8%]",,,,
13,weights,21,76,0.04585263157894737,0.7001278281211853,0.7477276176214218,0.0001111111111111111,70.24285714285715,"[57.2%, 69.6%, 71.8%, 63.0%, 86.6%, 68.6%, 73.4%, 63.0%, 68.0%, 76.4%, 75.0%, 65.2%, 74.0%, 71.6%]",,,,
13,weights,22,77,0.04585263157894737,0.7009420149028301,0.7904022224247456,0.0001111111111111111,70.24285714285715,"[57.2%, 69.6%, 71.8%, 63.0%, 86.6%, 68.6%, 73.4%, 63.0%, 68.0%, 76.4%, 75.0%, 65.2%, 74.0%, 71.6%]",,,,
13,weights,23,78,0.04585263157894737,0.7503619372844696,0.7240781411528587,0.0001111111111111111,70.21428571428572,"[57.2%, 69.6%, 71.8%, 63.0%, 86.6%, 68.6%, 73.4%, 63.0%, 68.0%, 76.4%, 75.0%, 65.2%, 74.0%, 71.2%]",,,,
13,weights,24,79,0.04585263157894737,0.7095856592059135,0.7368045374751091,0.0001111111111111111,70.32857142857144,"[57.2%, 69.6%, 71.8%, 63.0%, 86.6%, 68.6%, 73.4%, 63.0%, 68.0%, 76.4%, 75.0%, 65.2%, 74.0%, 72.8%]",,,,
13,weights,25,80,0.04585263157894737,0.7256152331829071,0.7430778481066227,0.0001111111111111111,70.27142857142857,"[57.2%, 69.6%, 71.8%, 63.0%, 86.6%, 68.6%, 73.4%, 63.0%, 68.0%, 76.4%, 75.0%, 65.2%, 74.0%, 72.0%]",31.428571428571427,"[0.0%, 41.4%, 44.8%, 10.2%, 86.6%, 10.2%, 21.8%, 9.6%, 32.6%, 51.8%, 33.2%, 21.0%, 46.2%, 30.6%]",41.04285714285715,"[45.2%, 42.2%, 28.4%, 44.2%, 66.8%, 37.8%, 39.8%, 32.4%, 38.6%, 51.8%, 53.0%, 0.0%, 46.2%, 48.2%]"
14,parallel,1,1,0.3,15.25016725063324,9.135681748390198,0.0001111111111111111,65.62666666666667,"[57.4%, 69.6%, 71.8%, 63.0%, 86.6%, 68.4%, 73.4%, 63.2%, 68.0%, 76.4%, 75.0%, 65.4%, 74.0%, 72.2%, 0.0%]",,,,
14,parallel,2,2,0.3,7.312682008743286,5.670363485813141,0.0001111111111111111,65.64000000000001,"[57.2%, 69.8%, 71.8%, 63.0%, 86.6%, 68.4%, 73.4%, 63.2%, 68.2%, 76.4%, 75.2%, 65.2%, 74.0%, 72.2%, 0.0%]",,,,
14,parallel,3,3,0.3,4.354819113016129,3.133364588022232,0.0001111111111111111,65.61333333333336,"[57.2%, 69.8%, 71.8%, 62.8%, 86.6%, 68.4%, 73.4%, 63.2%, 68.2%, 76.2%, 75.2%, 65.2%, 74.0%, 72.2%, 0.0%]",,,,
14,parallel,4,4,0.3,2.416386437416077,1.953641414642334,0.0001111111111111111,67.00000000000001,"[57.2%, 70.2%, 71.8%, 62.8%, 86.6%, 68.4%, 73.4%, 63.2%, 68.6%, 76.2%, 75.2%, 65.2%, 74.0%, 72.2%, 20.0%]",,,,
14,parallel,5,5,0.297454485,1.8475915014743804,1.7557783424854279,0.0001111111111111111,66.98666666666668,"[57.2%, 70.0%, 71.8%, 62.8%, 86.6%, 68.4%, 73.4%, 63.2%, 68.6%, 76.2%, 75.2%, 65.2%, 74.0%, 72.2%, 20.0%]",,,,
14,parallel,6,6,0.2874000197368421,1.8693489730358124,1.7586569786071777,0.0001111111111111111,66.98666666666668,"[57.2%, 70.0%, 71.8%, 62.8%, 86.6%, 68.4%, 73.4%, 63.2%, 68.6%, 76.2%, 75.2%, 65.2%, 74.0%, 72.2%, 20.0%]",,,,
14,parallel,7,7,0.2775497060526316,1.852275800704956,1.737175390124321,0.0001111111111111111,66.97333333333334,"[57.0%, 70.0%, 71.8%, 62.8%, 86.6%, 68.4%, 73.4%, 63.2%, 68.6%, 76.2%, 75.2%, 65.2%, 74.0%, 72.2%, 20.0%]",,,,
14,parallel,8,8,0.2679035439473685,1.8067197352647781,1.7222407758235931,0.0001111111111111111,66.97333333333334,"[57.0%, 70.0%, 71.8%, 62.8%, 86.6%, 68.4%, 73.4%, 63.2%, 68.6%, 76.2%, 75.2%, 65.2%, 74.0%, 72.2%, 20.0%]",,,,
14,parallel,9,9,0.25846153342105266,1.6993928879499436,1.6676854193210602,0.0001111111111111111,66.97333333333334,"[57.0%, 70.0%, 71.8%, 62.8%, 86.6%, 68.4%, 73.4%, 63.2%, 68.6%, 76.2%, 75.2%, 65.2%, 74.0%, 72.2%, 20.0%]",,,,
14,parallel,10,10,0.2492236744736842,1.685157135128975,1.6601754873991013,0.0001111111111111111,66.97333333333334,"[57.0%, 70.0%, 71.8%, 62.8%, 86.6%, 68.4%, 73.4%, 63.2%, 68.6%, 76.2%, 75.2%, 65.2%, 74.0%, 72.2%, 20.0%]",,,,
14,parallel,11,11,0.24018996710526314,1.71295208632946,1.6742929816246033,0.0001111111111111111,66.97333333333334,"[57.0%, 70.0%, 71.8%, 62.8%, 86.6%, 68.4%, 73.4%, 63.2%, 68.6%, 76.2%, 75.2%, 65.2%, 74.0%, 72.2%, 20.0%]",,,,
14,parallel,12,12,0.23136041131578944,1.742405539751053,1.6907347589731216,0.0001111111111111111,66.97333333333334,"[57.0%, 70.0%, 71.8%, 62.8%, 86.6%, 68.4%, 73.4%, 63.2%, 68.6%, 76.2%, 75.2%, 65.2%, 74.0%, 72.2%, 20.0%]",,,,
14,parallel,13,13,0.22273500710526314,1.6700235247611999,1.6493249386548996,0.0001111111111111111,66.97333333333334,"[57.0%, 70.0%, 71.8%, 62.8%, 86.6%, 68.4%, 73.4%, 63.2%, 68.6%, 76.2%, 75.2%, 65.2%, 74.0%, 72.2%, 20.0%]",,,,
14,parallel,14,14,0.2143137544736842,1.6633453071117401,1.644111007452011,0.0001111111111111111,66.97333333333334,"[57.0%, 70.0%, 71.8%, 62.8%, 86.6%, 68.4%, 73.4%, 63.2%, 68.6%, 76.2%, 75.2%, 65.2%, 74.0%, 72.2%, 20.0%]",,,,
14,parallel,15,15,0.20609665342105263,1.6401250213384628,1.5469066500663757,0.0001111111111111111,67.94666666666669,"[57.0%, 70.0%, 71.8%, 62.8%, 86.6%, 68.4%, 73.4%, 63.2%, 68.6%, 76.2%, 75.2%, 65.2%, 74.0%, 72.2%, 34.6%]",,,,
14,parallel,16,16,0.19808370394736843,1.4601675778627397,1.427100993692875,0.0001111111111111111,68.08000000000001,"[57.0%, 70.0%, 71.8%, 62.8%, 86.6%, 68.4%, 73.4%, 63.2%, 68.6%, 76.2%, 75.2%, 65.2%, 74.0%, 72.2%, 36.6%]",,,,
14,parallel,17,17,0.19027490605263156,1.3146486937999726,1.2665535546839237,0.0001111111111111111,68.45333333333335,"[57.0%, 70.0%, 71.8%, 62.8%, 86.6%, 68.4%, 73.4%, 63.2%, 68.6%, 76.2%, 75.2%, 65.2%, 74.0%, 72.2%, 42.2%]",,,,
14,parallel,18,18,0.1826702597368421,1.2899623930454254,1.2639408633112907,0.0001111111111111111,68.92000000000002,"[57.0%, 70.0%, 71.8%, 62.8%, 86.6%, 68.4%, 73.4%, 63.2%, 68.6%, 76.2%, 75.2%, 65.2%, 74.0%, 72.2%, 49.2%]",,,,
14,parallel,19,19,0.17526976500000002,1.1078945867717267,1.0620191283524036,0.0001111111111111111,69.34666666666668,"[57.0%, 70.0%, 71.8%, 62.8%, 86.6%, 68.4%, 73.4%, 63.2%, 68.6%, 76.2%, 75.2%, 65.2%, 74.0%, 72.2%, 55.6%]",,,,
14,parallel,20,20,0.16807342184210528,1.0445416912436485,1.0220905616879463,0.0001111111111111111,69.42666666666669,"[57.0%, 70.0%, 71.8%, 62.8%, 86.6%, 68.4%, 73.4%, 63.2%, 68.6%, 76.2%, 75.2%, 65.2%, 74.0%, 72.2%, 56.8%]",,,,
14,parallel,21,21,0.1610812302631579,1.004884523153305,1.0084478110074997,0.0001111111111111111,69.81333333333335,"[57.0%, 70.0%, 71.8%, 62.8%, 86.6%, 68.4%, 73.4%, 63.2%, 68.6%, 76.2%, 75.2%, 65.2%, 74.0%, 72.2%, 62.6%]",,,,
14,parallel,22,22,0.1542931902631579,0.9400593921542167,0.9275543056428432,0.0001111111111111111,69.73333333333335,"[57.0%, 70.0%, 71.8%, 62.8%, 86.6%, 68.4%, 73.4%, 63.2%, 68.6%, 76.2%, 75.2%, 65.2%, 74.0%, 72.2%, 61.4%]",,,,
14,parallel,23,23,0.14770930184210526,0.9081867441534996,0.8830441497266293,0.0001111111111111111,69.96000000000002,"[57.0%, 70.0%, 71.8%, 62.8%, 86.6%, 68.4%, 73.4%, 63.2%, 68.6%, 76.2%, 75.2%, 65.2%, 74.0%, 72.2%, 64.8%]",,,,
14,parallel,24,24,0.141329565,0.8364011004567147,0.8708758130669594,0.0001111111111111111,70.06666666666668,"[57.0%, 70.0%, 71.8%, 62.8%, 86.6%, 68.4%, 73.4%, 63.2%, 68.6%, 76.2%, 75.2%, 65.2%, 74.0%, 72.2%, 66.4%]",,,,
14,parallel,25,25,0.1351539797368421,0.885801599919796,0.9651111327111721,0.0001111111111111111,69.84000000000002,"[57.0%, 70.0%, 71.8%, 62.8%, 86.6%, 68.4%, 73.4%, 63.2%, 68.6%, 76.2%, 75.2%, 65.2%, 74.0%, 72.2%, 63.0%]",,,,
14,parallel,26,26,0.12918254605263157,0.8265912607312202,0.8251031301915646,0.0001111111111111111,70.26666666666668,"[57.0%, 70.0%, 71.8%, 62.8%, 86.6%, 68.4%, 73.4%, 63.2%, 68.6%, 76.2%, 75.2%, 65.2%, 74.0%, 72.2%, 69.4%]",,,,
14,parallel,27,27,0.1234152639473684,0.9151093140244484,0.9096724763512611,0.0001111111111111111,69.89333333333336,"[57.0%, 70.0%, 71.8%, 62.8%, 86.6%, 68.4%, 73.4%, 63.2%, 68.6%, 76.2%, 75.2%, 65.2%, 74.0%, 72.2%, 63.8%]",,,,
14,parallel,28,28,0.11785213342105261,0.7514916971325875,0.7944527082145214,0.0001111111111111111,70.50666666666669,"[57.0%, 70.0%, 71.8%, 62.8%, 86.6%, 68.4%, 73.4%, 63.2%, 68.6%, 76.2%, 75.2%, 65.2%, 74.0%, 72.2%, 73.0%]",,,,
14,parallel,29,29,0.11249315447368421,0.7262755200266838,0.8461386933922768,0.0001111111111111111,70.21333333333335,"[57.0%, 70.0%, 71.8%, 62.8%, 86.6%, 68.4%, 73.4%, 63.2%, 68.6%, 76.2%, 75.2%, 65.2%, 74.0%, 72.2%, 68.6%]",,,,
14,parallel,30,30,0.10733832710526314,0.7834589660167695,0.8177896775305271,0.0001111111111111111,70.30666666666669,"[57.0%, 70.0%, 71.8%, 62.8%, 86.6%, 68.4%, 73.4%, 63.2%, 68.6%, 76.2%, 75.2%, 65.2%, 74.0%, 72.2%, 70.0%]",,,,
14,parallel,31,31,0.10238765131578947,0.7364041969180107,0.7623731046915054,0.0001111111111111111,70.48000000000002,"[57.0%, 70.0%, 71.8%, 62.8%, 86.6%, 68.4%, 73.4%, 63.2%, 68.6%, 76.2%, 75.2%, 65.2%, 74.0%, 72.2%, 72.6%]",,,,
14,parallel,32,32,0.09764112710526315,0.7941074818372726,0.7927766479551792,0.0001111111111111111,70.34666666666668,"[57.0%, 70.0%, 71.8%, 62.8%, 86.6%, 68.4%, 73.4%, 63.2%, 68.6%, 76.2%, 75.2%, 65.2%, 74.0%, 72.2%, 70.6%]",,,,
14,parallel,33,33,0.09309875447368422,0.8476725399494172,0.9124341048300266,0.0001111111111111111,69.93333333333335,"[57.0%, 70.0%, 71.8%, 62.8%, 86.6%, 68.4%, 73.4%, 63.2%, 68.6%, 76.2%, 75.2%, 65.2%, 74.0%, 72.2%, 64.4%]",,,,
14,parallel,34,34,0.08876053342105264,0.8069154515862464,0.7546295300126076,0.0001111111111111111,70.49333333333335,"[57.0%, 70.0%, 71.8%, 62.8%, 86.6%, 68.4%, 73.4%, 63.2%, 68.6%, 76.2%, 75.2%, 65.2%, 74.0%, 72.2%, 72.8%]",,,,
14,parallel,35,35,0.08462646394736842,0.7392131596803665,0.7694966569542885,0.0001111111111111111,70.32000000000001,"[57.0%, 70.0%, 71.8%, 62.8%, 86.6%, 68.4%, 73.4%, 63.2%, 68.6%, 76.2%, 75.2%, 65.2%, 74.0%, 72.2%, 70.2%]",,,,
14,parallel,36,36,0.08069654605263157,0.7051516279578209,0.8236197531223297,0.0001111111111111111,70.37333333333336,"[57.0%, 70.0%, 71.8%, 62.8%, 86.6%, 68.4%, 73.4%, 63.2%, 68.6%, 76.2%, 75.2%, 65.2%, 74.0%, 72.2%, 71.0%]",,,,
14,parallel,37,37,0.0769707797368421,1.1733448132872581,0.9413108825683594,0.0001111111111111111,70.1066666666667,"[57.0%, 70.0%, 71.8%, 62.8%, 86.6%, 68.4%, 73.4%, 63.2%, 68.6%, 76.2%, 75.2%, 65.2%, 74.0%, 72.2%, 67.0%]",,,,
14,parallel,38,38,0.073449165,0.8887611716985703,0.9243753142654896,0.0001111111111111111,70.00000000000001,"[57.0%, 70.0%, 71.8%, 62.8%, 86.6%, 68.4%, 73.4%, 63.2%, 68.6%, 76.2%, 75.2%, 65.2%, 74.0%, 72.2%, 65.4%]",,,,
14,parallel,39,39,0.07013170184210525,1.0017934381961822,0.9095860198140144,0.0001111111111111111,70.25333333333334,"[57.0%, 70.0%, 71.8%, 62.8%, 86.6%, 68.4%, 73.4%, 63.2%, 68.6%, 76.2%, 75.2%, 65.2%, 74.0%, 72.2%, 69.2%]",,,,
14,parallel,40,40,0.0670183902631579,0.8376025855541229,0.8835675120353699,0.0001111111111111111,70.08000000000001,"[57.0%, 70.0%, 71.8%, 62.8%, 86.6%, 68.4%, 73.4%, 63.2%, 68.6%, 76.2%, 75.2%, 65.2%, 74.0%, 72.2%, 66.6%]",,,,
14,parallel,41,41,0.0641092302631579,0.8081158980727196,0.8390234000980854,0.0001111111111111111,70.29333333333335,"[57.0%, 70.0%, 71.8%, 62.8%, 86.6%, 68.4%, 73.4%, 63.2%, 68.6%, 76.2%, 75.2%, 65.2%, 74.0%, 72.2%, 69.8%]",,,,
14,parallel,42,42,0.06140422184210526,1.3815206557512283,1.0523880496621132,0.0001111111111111111,69.86666666666669,"[57.0%, 70.0%, 71.8%, 62.8%, 86.6%, 68.4%, 73.4%, 63.2%, 68.6%, 76.2%, 75.2%, 65.2%, 74.0%, 72.2%, 63.4%]",,,,
14,parallel,43,43,0.058903365,1.0837699472904205,0.9496051445603371,0.0001111111111111111,70.02666666666669,"[57.0%, 70.0%, 71.8%, 62.8%, 86.6%, 68.4%, 73.4%, 63.2%, 68.6%, 76.2%, 75.2%, 65.2%, 74.0%, 72.2%, 65.8%]",,,,
14,parallel,44,44,0.056606659736842105,0.9966996476054192,0.9180613830685616,0.0001111111111111111,70.02666666666669,"[57.0%, 70.0%, 71.8%, 62.8%, 86.6%, 68.4%, 73.4%, 63.2%, 68.6%, 76.2%, 75.2%, 65.2%, 74.0%, 72.2%, 65.8%]",,,,
14,parallel,45,45,0.05451410605263157,1.0975159838795663,0.9861887246370316,0.0001111111111111111,69.84000000000002,"[57.0%, 70.0%, 71.8%, 62.8%, 86.6%, 68.4%, 73.4%, 63.2%, 68.6%, 76.2%, 75.2%, 65.2%, 74.0%, 72.2%, 63.0%]",,,,
14,parallel,46,46,0.05262570394736843,0.9624548215419054,0.9291369467973709,0.0001111111111111111,70.05333333333334,"[57.0%, 70.0%, 71.8%, 62.8%, 86.6%, 68.4%, 73.4%, 63.2%, 68.6%, 76.2%, 75.2%, 65.2%, 74.0%, 72.2%, 66.2%]",,,,
14,parallel,47,47,0.050941453421052635,0.8739878684282303,0.8748520612716675,0.0001111111111111111,70.14666666666669,"[57.0%, 70.0%, 71.8%, 62.8%, 86.6%, 68.4%, 73.4%, 63.2%, 68.6%, 76.2%, 75.2%, 65.2%, 74.0%, 72.2%, 67.6%]",,,,
14,parallel,48,48,0.04946135447368421,0.8808189779520035,0.9115763381123543,0.0001111111111111111,69.94666666666669,"[57.0%, 70.0%, 71.8%, 62.8%, 86.6%, 68.4%, 73.4%, 63.2%, 68.6%, 76.2%, 75.2%, 65.2%, 74.0%, 72.2%, 64.6%]",,,,
14,parallel,49,49,0.04818540710526316,0.8287264704704285,0.8713793978095055,0.0001111111111111111,70.1066666666667,"[57.0%, 70.0%, 71.8%, 62.8%, 86.6%, 68.4%, 73.4%, 63.2%, 68.6%, 76.2%, 75.2%, 65.2%, 74.0%, 72.2%, 67.0%]",,,,
14,parallel,50,50,0.04711361131578947,0.8064717866480351,0.8615504950284958,0.0001111111111111111,70.26666666666668,"[57.0%, 70.0%, 71.8%, 62.8%, 86.6%, 68.4%, 73.4%, 63.2%, 68.6%, 76.2%, 75.2%, 65.2%, 74.0%, 72.2%, 69.4%]",,,,
14,parallel,51,51,0.04624596710526316,1.5138315439224244,1.2981416881084442,0.0001111111111111111,68.80000000000001,"[57.0%, 70.0%, 71.8%, 62.8%, 86.6%, 68.4%, 73.4%, 63.2%, 68.6%, 76.2%, 75.2%, 65.2%, 74.0%, 72.2%, 47.4%]",,,,
14,parallel,52,52,0.045582474473684215,1.2326619297266006,1.1512906029820442,0.0001111111111111111,69.36000000000003,"[57.0%, 70.0%, 71.8%, 62.8%, 86.6%, 68.4%, 73.4%, 63.2%, 68.6%, 76.2%, 75.2%, 65.2%, 74.0%, 72.2%, 55.8%]",,,,
14,parallel,53,53,0.04512313342105263,1.1147428631782532,1.1208162978291512,0.0001111111111111111,69.40000000000002,"[57.0%, 70.0%, 71.8%, 62.8%, 86.6%, 68.4%, 73.4%, 63.2%, 68.6%, 76.2%, 75.2%, 65.2%, 74.0%, 72.2%, 56.4%]",,,,
14,parallel,54,54,0.04486794394736842,1.0897864371538162,1.0422882288694382,0.0001111111111111111,69.70666666666669,"[57.0%, 70.0%, 71.8%, 62.8%, 86.6%, 68.4%, 73.4%, 63.2%, 68.6%, 76.2%, 75.2%, 65.2%, 74.0%, 72.2%, 61.0%]",,,,
14,parallel,55,55,0.044810526315789474,1.0008907586336135,1.003766193985939,0.0001111111111111111,69.64000000000003,"[57.0%, 70.0%, 71.8%, 62.8%, 86.6%, 68.4%, 73.4%, 63.2%, 68.6%, 76.2%, 75.2%, 65.2%, 74.0%, 72.2%, 60.0%]",,,,
14,weights,1,56,0.044810526315789474,0.9497182875871658,0.9631484299898148,0.0001111111111111111,69.86666666666669,"[57.0%, 70.0%, 71.8%, 62.8%, 86.6%, 68.4%, 73.4%, 63.2%, 68.6%, 76.2%, 75.2%, 65.2%, 74.0%, 72.2%, 63.4%]",,,,
14,weights,2,57,0.044810526315789474,0.9248821690678597,0.9602522924542427,0.0001111111111111111,69.76000000000002,"[57.0%, 70.0%, 71.8%, 62.8%, 86.6%, 68.4%, 73.4%, 63.2%, 68.6%, 76.2%, 75.2%, 65.2%, 74.0%, 72.2%, 61.8%]",,,,
14,weights,3,58,0.044810526315789474,0.9178799301385879,0.9572364389896393,0.0001111111111111111,69.92000000000002,"[57.0%, 70.0%, 71.8%, 62.8%, 86.6%, 68.4%, 73.4%, 63.2%, 68.6%, 76.2%, 75.2%, 65.2%, 74.0%, 72.2%, 64.2%]",,,,
14,weights,4,59,0.044810526315789474,0.8767107404768467,0.917744867503643,0.0001111111111111111,70.05333333333334,"[57.0%, 70.0%, 71.8%, 62.8%, 86.6%, 68.4%, 73.4%, 63.2%, 68.6%, 76.2%, 75.2%, 65.2%, 74.0%, 72.2%, 66.2%]",,,,
14,weights,5,60,0.044810526315789474,0.8650524511933326,0.900335893034935,0.0001111111111111111,70.04000000000002,"[57.0%, 70.0%, 71.8%, 62.8%, 86.6%, 68.4%, 73.4%, 63.2%, 68.6%, 76.2%, 75.2%, 65.2%, 74.0%, 72.2%, 66.0%]",,,,
14,weights,6,61,0.044810526315789474,0.8378943845629692,0.869858805090189,0.0001111111111111111,70.13333333333335,"[57.0%, 70.0%, 71.8%, 62.8%, 86.6%, 68.4%, 73.4%, 63.2%, 68.6%, 76.2%, 75.2%, 65.2%, 74.0%, 72.2%, 67.4%]",,,,
14,weights,7,62,0.044810526315789474,0.8261272475123406,0.8657128810882568,0.0001111111111111111,70.21333333333335,"[57.0%, 70.0%, 71.8%, 62.8%, 86.6%, 68.4%, 73.4%, 63.2%, 68.6%, 76.2%, 75.2%, 65.2%, 74.0%, 72.2%, 68.6%]",,,,
14,weights,8,63,0.044810526315789474,0.8217964619398117,0.8855260647833347,0.0001111111111111111,69.97333333333336,"[57.0%, 70.0%, 71.8%, 62.8%, 86.6%, 68.4%, 73.4%, 63.2%, 68.6%, 76.2%, 75.2%, 65.2%, 74.0%, 72.2%, 65.0%]",,,,
14,weights,9,64,0.044810526315789474,0.8270075991749763,0.8529246784746647,0.0001111111111111111,70.13333333333335,"[57.0%, 70.0%, 71.8%, 62.8%, 86.6%, 68.4%, 73.4%, 63.2%, 68.6%, 76.2%, 75.2%, 65.2%, 74.0%, 72.2%, 67.4%]",,,,
14,weights,10,65,0.044810526315789474,0.8152682438492775,0.8470353856682777,0.0001111111111111111,70.06666666666668,"[57.0%, 70.0%, 71.8%, 62.8%, 86.6%, 68.4%, 73.4%, 63.2%, 68.6%, 76.2%, 75.2%, 65.2%, 74.0%, 72.2%, 66.4%]",,,,
14,weights,11,66,0.044810526315789474,0.7986026108264923,0.839357428252697,0.0001111111111111111,70.24000000000002,"[57.0%, 70.0%, 71.8%, 62.8%, 86.6%, 68.4%, 73.4%, 63.2%, 68.6%, 76.2%, 75.2%, 65.2%, 74.0%, 72.2%, 69.0%]",,,,
14,weights,12,67,0.044810526315789474,0.7709174416959286,0.8240835405886173,0.0001111111111111111,70.18666666666668,"[57.0%, 70.0%, 71.8%, 62.8%, 86.6%, 68.4%, 73.4%, 63.2%, 68.6%, 76.2%, 75.2%, 65.2%, 74.0%, 72.2%, 68.2%]",,,,
14,weights,13,68,0.044810526315789474,0.7799089327454567,0.8328137248754501,0.0001111111111111111,70.25333333333334,"[57.0%, 70.0%, 71.8%, 62.8%, 86.6%, 68.4%, 73.4%, 63.2%, 68.6%, 76.2%, 75.2%, 65.2%, 74.0%, 72.2%, 69.2%]",,,,
14,weights,14,69,0.044810526315789474,0.8210388407111168,0.8299631886184216,0.0001111111111111111,70.21333333333335,"[57.0%, 70.0%, 71.8%, 62.8%, 86.6%, 68.4%, 73.4%, 63.2%, 68.6%, 76.2%, 75.2%, 65.2%, 74.0%, 72.2%, 68.6%]",,,,
14,weights,15,70,0.044810526315789474,0.764317236840725,0.806722667068243,0.0001111111111111111,70.28000000000002,"[57.0%, 70.0%, 71.8%, 62.8%, 86.6%, 68.4%, 73.4%, 63.2%, 68.6%, 76.2%, 75.2%, 65.2%, 74.0%, 72.2%, 69.6%]",,,,
14,weights,16,71,0.044810526315789474,0.7485808454453945,0.8149521350860596,0.0001111111111111111,70.21333333333335,"[57.0%, 70.0%, 71.8%, 62.8%, 86.6%, 68.4%, 73.4%, 63.2%, 68.6%, 76.2%, 75.2%, 65.2%, 74.0%, 72.2%, 68.6%]",,,,
14,weights,17,72,0.044810526315789474,0.7430054977536201,0.8219180181622505,0.0001111111111111111,70.22666666666669,"[57.0%, 70.0%, 71.8%, 62.8%, 86.6%, 68.4%, 73.4%, 63.2%, 68.6%, 76.2%, 75.2%, 65.2%, 74.0%, 72.2%, 68.8%]",,,,
14,weights,18,73,0.044810526315789474,0.7479191318154335,0.7775400243699551,0.0001111111111111111,70.38666666666668,"[57.0%, 70.0%, 71.8%, 62.8%, 86.6%, 68.4%, 73.4%, 63.2%, 68.6%, 76.2%, 75.2%, 65.2%, 74.0%, 72.2%, 71.2%]",,,,
14,weights,19,74,0.044810526315789474,0.7433804109692573,0.8204322792589664,0.0001111111111111111,70.17333333333336,"[57.0%, 70.0%, 71.8%, 62.8%, 86.6%, 68.4%, 73.4%, 63.2%, 68.6%, 76.2%, 75.2%, 65.2%, 74.0%, 72.2%, 68.0%]",,,,
14,weights,20,75,0.044810526315789474,0.7560941025614738,0.790624737739563,0.0001111111111111111,70.24000000000002,"[57.0%, 70.0%, 71.8%, 62.8%, 86.6%, 68.4%, 73.4%, 63.2%, 68.6%, 76.2%, 75.2%, 65.2%, 74.0%, 72.2%, 69.0%]",,,,
14,weights,21,76,0.044810526315789474,0.7321937844157219,0.7989074923098087,0.0001111111111111111,70.30666666666669,"[57.0%, 70.0%, 71.8%, 62.8%, 86.6%, 68.4%, 73.4%, 63.2%, 68.6%, 76.2%, 75.2%, 65.2%, 74.0%, 72.2%, 70.0%]",,,,
14,weights,22,77,0.044810526315789474,0.7494488224387169,0.7953458279371262,0.0001111111111111111,70.21333333333335,"[57.0%, 70.0%, 71.8%, 62.8%, 86.6%, 68.4%, 73.4%, 63.2%, 68.6%, 76.2%, 75.2%, 65.2%, 74.0%, 72.2%, 68.6%]",,,,
14,weights,23,78,0.044810526315789474,0.7128241926431655,0.7917962074279785,0.0001111111111111111,70.22666666666669,"[57.0%, 70.0%, 71.8%, 62.8%, 86.6%, 68.4%, 73.4%, 63.2%, 68.6%, 76.2%, 75.2%, 65.2%, 74.0%, 72.2%, 68.8%]",,,,
14,weights,24,79,0.044810526315789474,0.7246489509940147,0.816024549305439,0.0001111111111111111,70.26666666666668,"[57.0%, 70.0%, 71.8%, 62.8%, 86.6%, 68.4%, 73.4%, 63.2%, 68.6%, 76.2%, 75.2%, 65.2%, 74.0%, 72.2%, 69.4%]",,,,
14,weights,25,80,0.044810526315789474,0.7462916076183319,0.7960611283779144,0.0001111111111111111,70.34666666666668,"[57.0%, 70.0%, 71.8%, 62.8%, 86.6%, 68.4%, 73.4%, 63.2%, 68.6%, 76.2%, 75.2%, 65.2%, 74.0%, 72.2%, 70.6%]",30.799999999999997,"[0.0%, 41.6%, 44.8%, 10.2%, 86.6%, 10.2%, 21.8%, 9.6%, 33.0%, 51.6%, 33.2%, 21.0%, 46.2%, 30.8%, 21.4%]",38.92,"[45.2%, 35.2%, 28.4%, 44.0%, 56.0%, 37.8%, 37.4%, 41.4%, 48.6%, 51.6%, 53.0%, 0.0%, 46.2%, 39.4%, 19.6%]"
15,parallel,1,1,0.25,18.08707399368286,11.312674880027771,0.0001111111111111111,65.89999999999999,"[57.0%, 69.8%, 71.8%, 62.8%, 86.6%, 68.2%, 73.0%, 63.2%, 68.4%, 76.0%, 75.4%, 65.2%, 74.0%, 72.4%, 70.6%, 0.0%]",,,,
15,parallel,2,2,0.25,8.678136968612671,6.358472108840942,0.0001111111111111111,65.94999999999999,"[57.0%, 69.8%, 71.8%, 62.8%, 86.6%, 68.4%, 73.0%, 63.0%, 68.4%, 76.0%, 75.8%, 65.2%, 74.4%, 72.4%, 70.6%, 0.0%]",,,,
15,parallel,3,3,0.25,4.4554104745388035,2.7479070127010345,0.0001111111111111111,65.96249999999999,"[57.0%, 69.8%, 71.8%, 62.8%, 86.6%, 68.8%, 73.0%, 63.0%, 68.4%, 76.0%, 75.8%, 65.0%, 74.4%, 72.4%, 70.6%, 0.0%]",,,,
15,parallel,4,4,0.25,2.118191522359848,1.7979859560728073,0.0001111111111111111,67.21249999999999,"[57.0%, 69.8%, 71.8%, 62.8%, 86.6%, 68.8%, 73.0%, 63.0%, 68.4%, 76.0%, 76.0%, 64.8%, 74.4%, 72.4%, 70.6%, 20.0%]",,,,
15,parallel,5,5,0.24794284,1.8139968693256379,1.7473544776439667,0.0001111111111111111,67.21249999999999,"[57.0%, 69.8%, 71.8%, 62.8%, 86.6%, 68.8%, 73.0%, 63.0%, 68.4%, 76.0%, 76.0%, 64.8%, 74.4%, 72.4%, 70.6%, 20.0%]",,,,
15,parallel,6,6,0.23981731578947368,1.8029514312744142,1.7209872901439667,0.0001111111111111111,67.19999999999999,"[57.0%, 69.8%, 71.8%, 62.8%, 86.6%, 68.8%, 73.0%, 63.0%, 68.4%, 76.0%, 76.0%, 64.8%, 74.2%, 72.4%, 70.6%, 20.0%]",,,,
15,parallel,7,7,0.23185677684210526,1.7347030192613602,1.69033844769001,0.0001111111111111111,67.19999999999999,"[57.0%, 69.8%, 71.8%, 62.8%, 86.6%, 68.8%, 73.0%, 63.0%, 68.4%, 76.0%, 76.0%, 64.8%, 74.2%, 72.4%, 70.6%, 20.0%]",,,,
15,parallel,8,8,0.22406122315789478,1.6910813271999359,1.665544405579567,0.0001111111111111111,67.19999999999999,"[57.0%, 69.8%, 71.8%, 62.8%, 86.6%, 68.8%, 73.0%, 63.0%, 68.4%, 76.0%, 76.0%, 64.8%, 74.2%, 72.4%, 70.6%, 20.0%]",,,,
15,parallel,9,9,0.21643065473684214,1.673386749625206,1.661695510149002,0.0001111111111111111,67.19999999999999,"[57.0%, 69.8%, 71.8%, 62.8%, 86.6%, 68.8%, 73.0%, 63.0%, 68.4%, 76.0%, 76.0%, 64.8%, 74.2%, 72.4%, 70.6%, 20.0%]",,,,
15,parallel,10,10,0.2089650715789474,1.6821107417345047,1.6600756794214249,0.0001111111111111111,67.19999999999999,"[57.0%, 69.8%, 71.8%, 62.8%, 86.6%, 68.8%, 73.0%, 63.0%, 68.4%, 76.0%, 76.0%, 64.8%, 74.2%, 72.4%, 70.6%, 20.0%]",,,,
15,parallel,11,11,0.20166447368421053,1.6551048785448075,1.641302451491356,0.0001111111111111111,67.19999999999999,"[57.0%, 69.8%, 71.8%, 62.8%, 86.6%, 68.8%, 73.0%, 63.0%, 68.4%, 76.0%, 76.0%, 64.8%, 74.2%, 72.4%, 70.6%, 20.0%]",,,,
15,parallel,12,12,0.19452886105263156,1.687191864848137,1.6641802787780762,0.0001111111111111111,67.19999999999999,"[57.0%, 69.8%, 71.8%, 62.8%, 86.6%, 68.8%, 73.0%, 63.0%, 68.4%, 76.0%, 76.0%, 64.8%, 74.2%, 72.4%, 70.6%, 20.0%]",,,,
15,parallel,13,13,0.18755823368421054,1.656926029920578,1.645167976617813,0.0001111111111111111,67.19999999999999,"[57.0%, 69.8%, 71.8%, 62.8%, 86.6%, 68.8%, 73.0%, 63.0%, 68.4%, 76.0%, 76.0%, 64.8%, 74.2%, 72.4%, 70.6%, 20.0%]",,,,
15,parallel,14,14,0.18075259157894735,1.6891985267400742,1.6633574962615967,0.0001111111111111111,67.19999999999999,"[57.0%, 69.8%, 71.8%, 62.8%, 86.6%, 68.8%, 73.0%, 63.0%, 68.4%, 76.0%, 76.0%, 64.8%, 74.2%, 72.4%, 70.6%, 20.0%]",,,,
15,parallel,15,15,0.1741119347368421,1.6543131917715073,1.6435829102993011,0.0001111111111111111,67.19999999999999,"[57.0%, 69.8%, 71.8%, 62.8%, 86.6%, 68.8%, 73.0%, 63.0%, 68.4%, 76.0%, 76.0%, 64.8%, 74.2%, 72.4%, 70.6%, 20.0%]",,,,
15,parallel,16,16,0.16763626315789476,1.7125325679779053,1.685950219631195,0.0001111111111111111,67.19999999999999,"[57.0%, 69.8%, 71.8%, 62.8%, 86.6%, 68.8%, 73.0%, 63.0%, 68.4%, 76.0%, 76.0%, 64.8%, 74.2%, 72.4%, 70.6%, 20.0%]",,,,
15,parallel,17,17,0.16132557684210527,1.694306868314743,1.6727382987737656,0.0001111111111111111,67.19999999999999,"[57.0%, 69.8%, 71.8%, 62.8%, 86.6%, 68.8%, 73.0%, 63.0%, 68.4%, 76.0%, 76.0%, 64.8%, 74.2%, 72.4%, 70.6%, 20.0%]",,,,
15,parallel,18,18,0.15517987578947368,1.6762335687875747,1.6584486216306686,0.0001111111111111111,67.19999999999999,"[57.0%, 69.8%, 71.8%, 62.8%, 86.6%, 68.8%, 73.0%, 63.0%, 68.4%, 76.0%, 76.0%, 64.8%, 74.2%, 72.4%, 70.6%, 20.0%]",,,,
15,parallel,19,19,0.14919916000000005,1.677424043416977,1.6574592888355255,0.0001111111111111111,67.19999999999999,"[57.0%, 69.8%, 71.8%, 62.8%, 86.6%, 68.8%, 73.0%, 63.0%, 68.4%, 76.0%, 76.0%, 64.8%, 74.2%, 72.4%, 70.6%, 20.0%]",,,,
15,parallel,20,20,0.14338342947368424,1.6982914984226227,1.6677485704421997,0.0001111111111111111,67.19999999999999,"[57.0%, 69.8%, 71.8%, 62.8%, 86.6%, 68.8%, 73.0%, 63.0%, 68.4%, 76.0%, 76.0%, 64.8%, 74.2%, 72.4%, 70.6%, 20.0%]",,,,
15,parallel,21,21,0.13773268421052634,1.7694382905960082,1.6892223507165909,0.0001111111111111111,67.19999999999999,"[57.0%, 69.8%, 71.8%, 62.8%, 86.6%, 68.8%, 73.0%, 63.0%, 68.4%, 76.0%, 76.0%, 64.8%, 74.2%, 72.4%, 70.6%, 20.0%]",,,,
15,parallel,22,22,0.13224692421052633,1.742792895436287,1.6916313022375107,0.0001111111111111111,67.19999999999999,"[57.0%, 69.8%, 71.8%, 62.8%, 86.6%, 68.8%, 73.0%, 63.0%, 68.4%, 76.0%, 76.0%, 64.8%, 74.2%, 72.4%, 70.6%, 20.0%]",,,,
15,parallel,23,23,0.12692614947368422,1.6702119141817093,1.6491753309965134,0.0001111111111111111,67.19999999999999,"[57.0%, 69.8%, 71.8%, 62.8%, 86.6%, 68.8%, 73.0%, 63.0%, 68.4%, 76.0%, 76.0%, 64.8%, 74.2%, 72.4%, 70.6%, 20.0%]",,,,
15,parallel,24,24,0.12177036000000001,1.6738269716501235,1.657217025756836,0.0001111111111111111,67.19999999999999,"[57.0%, 69.8%, 71.8%, 62.8%, 86.6%, 68.8%, 73.0%, 63.0%, 68.4%, 76.0%, 76.0%, 64.8%, 74.2%, 72.4%, 70.6%, 20.0%]",,,,
15,parallel,25,25,0.11677955578947369,1.7067036092281342,1.6658891141414642,0.0001111111111111111,67.19999999999999,"[57.0%, 69.8%, 71.8%, 62.8%, 86.6%, 68.8%, 73.0%, 63.0%, 68.4%, 76.0%, 76.0%, 64.8%, 74.2%, 72.4%, 70.6%, 20.0%]",,,,
15,parallel,26,26,0.11195373684210526,1.546153324842453,1.4999756589531898,0.0001111111111111111,68.225,"[57.0%, 69.8%, 71.8%, 62.8%, 86.6%, 68.8%, 73.0%, 63.0%, 68.4%, 76.0%, 76.0%, 64.8%, 74.2%, 72.4%, 70.6%, 36.4%]",,,,
15,parallel,27,27,0.10729290315789473,1.3911706686019898,1.3107474073767662,0.0001111111111111111,68.36249999999998,"[57.0%, 69.8%, 71.8%, 62.8%, 86.6%, 68.8%, 73.0%, 63.0%, 68.4%, 76.0%, 76.0%, 64.8%, 74.2%, 72.4%, 70.6%, 38.6%]",,,,
15,parallel,28,28,0.10279705473684209,1.3131724387407302,1.3081348985433578,0.0001111111111111111,68.39999999999999,"[57.0%, 69.8%, 71.8%, 62.8%, 86.6%, 68.8%, 73.0%, 63.0%, 68.4%, 76.0%, 76.0%, 64.8%, 74.2%, 72.4%, 70.6%, 39.2%]",,,,
15,parallel,29,29,0.09846619157894737,1.2958172380924224,1.2940236926078796,0.0001111111111111111,68.26249999999999,"[57.0%, 69.8%, 71.8%, 62.8%, 86.6%, 68.8%, 73.0%, 63.0%, 68.4%, 76.0%, 76.0%, 64.8%, 74.2%, 72.4%, 70.6%, 37.0%]",,,,
15,parallel,30,30,0.09430031368421053,1.304098454117775,1.2745320536196232,0.0001111111111111111,68.43749999999999,"[57.0%, 69.8%, 71.8%, 62.8%, 86.6%, 68.8%, 73.0%, 63.0%, 68.4%, 76.0%, 76.0%, 64.8%, 74.2%, 72.4%, 70.6%, 39.8%]",,,,
15,parallel,31,31,0.09029942105263158,1.3571583181619644,1.264575555920601,0.0001111111111111111,68.37499999999999,"[57.0%, 69.8%, 71.8%, 62.8%, 86.6%, 68.8%, 73.0%, 63.0%, 68.4%, 76.0%, 76.0%, 64.8%, 74.2%, 72.4%, 70.6%, 38.8%]",,,,
15,parallel,32,32,0.08646351368421051,1.2362737879157066,1.2344143465161324,0.0001111111111111111,68.81249999999999,"[57.0%, 69.8%, 71.8%, 62.8%, 86.6%, 68.8%, 73.0%, 63.0%, 68.4%, 76.0%, 76.0%, 64.8%, 74.2%, 72.4%, 70.6%, 45.8%]",,,,
15,parallel,33,33,0.08279259157894739,1.2219109743833543,1.23126570135355,0.0001111111111111111,68.52499999999999,"[57.0%, 69.8%, 71.8%, 62.8%, 86.6%, 68.8%, 73.0%, 63.0%, 68.4%, 76.0%, 76.0%, 64.8%, 74.2%, 72.4%, 70.6%, 41.2%]",,,,
15,parallel,34,34,0.07928665473684211,1.2224731042981147,1.2444483563303947,0.0001111111111111111,68.62499999999999,"[57.0%, 69.8%, 71.8%, 62.8%, 86.6%, 68.8%, 73.0%, 63.0%, 68.4%, 76.0%, 76.0%, 64.8%, 74.2%, 72.4%, 70.6%, 42.8%]",,,,
15,parallel,35,35,0.07594570315789476,1.3105087667703628,1.3226561397314072,0.0001111111111111111,68.24999999999999,"[57.0%, 69.8%, 71.8%, 62.8%, 86.6%, 68.8%, 73.0%, 63.0%, 68.4%, 76.0%, 76.0%, 64.8%, 74.2%, 72.4%, 70.6%, 36.8%]",,,,
15,parallel,36,36,0.07276973684210528,1.289919263124466,1.241897776722908,0.0001111111111111111,68.56249999999999,"[57.0%, 69.8%, 71.8%, 62.8%, 86.6%, 68.8%, 73.0%, 63.0%, 68.4%, 76.0%, 76.0%, 64.8%, 74.2%, 72.4%, 70.6%, 41.8%]",,,,
15,parallel,37,37,0.06975875578947369,1.2543517366051673,1.226102065294981,0.0001111111111111111,68.62499999999999,"[57.0%, 69.8%, 71.8%, 62.8%, 86.6%, 68.8%, 73.0%, 63.0%, 68.4%, 76.0%, 76.0%, 64.8%, 74.2%, 72.4%, 70.6%, 42.8%]",,,,
15,parallel,38,38,0.06691276,1.2705935299396516,1.288523681461811,0.0001111111111111111,68.39999999999999,"[57.0%, 69.8%, 71.8%, 62.8%, 86.6%, 68.8%, 73.0%, 63.0%, 68.4%, 76.0%, 76.0%, 64.8%, 74.2%, 72.4%, 70.6%, 39.2%]",,,,
15,parallel,39,39,0.06423174947368421,1.241401380300522,1.218718633055687,0.0001111111111111111,68.62499999999999,"[57.0%, 69.8%, 71.8%, 62.8%, 86.6%, 68.8%, 73.0%, 63.0%, 68.4%, 76.0%, 76.0%, 64.8%, 74.2%, 72.4%, 70.6%, 42.8%]",,,,
15,parallel,40,40,0.06171572421052632,1.364573237299919,1.3054262064397335,0.0001111111111111111,68.38749999999999,"[57.0%, 69.8%, 71.8%, 62.8%, 86.6%, 68.8%, 73.0%, 63.0%, 68.4%, 76.0%, 76.0%, 64.8%, 74.2%, 72.4%, 70.6%, 39.0%]",,,,
15,parallel,41,41,0.05936468421052632,1.394058695435524,1.4015499893575907,0.0001111111111111111,68.52499999999999,"[57.0%, 69.8%, 71.8%, 62.8%, 86.6%, 68.8%, 73.0%, 63.0%, 68.4%, 76.0%, 76.0%, 64.8%, 74.2%, 72.4%, 70.6%, 41.2%]",,,,
15,parallel,42,42,0.05717862947368421,1.3047266006469727,1.2773710507899523,0.0001111111111111111,68.68749999999999,"[57.0%, 69.8%, 71.8%, 62.8%, 86.6%, 68.8%, 73.0%, 63.0%, 68.4%, 76.0%, 76.0%, 64.8%, 74.2%, 72.4%, 70.6%, 43.8%]",,,,
15,parallel,43,43,0.05515756,1.2698829114437102,1.2341746762394905,0.0001111111111111111,68.57499999999999,"[57.0%, 69.8%, 71.8%, 62.8%, 86.6%, 68.8%, 73.0%, 63.0%, 68.4%, 76.0%, 76.0%, 64.8%, 74.2%, 72.4%, 70.6%, 42.0%]",,,,
15,parallel,44,44,0.05330147578947368,1.2502397164702415,1.2282833717763424,0.0001111111111111111,68.74999999999999,"[57.0%, 69.8%, 71.8%, 62.8%, 86.6%, 68.8%, 73.0%, 63.0%, 68.4%, 76.0%, 76.0%, 64.8%, 74.2%, 72.4%, 70.6%, 44.8%]",,,,
15,parallel,45,45,0.05161037684210526,1.2616515070199967,1.2387482896447182,0.0001111111111111111,68.67499999999998,"[57.0%, 69.8%, 71.8%, 62.8%, 86.6%, 68.8%, 73.0%, 63.0%, 68.4%, 76.0%, 76.0%, 64.8%, 74.2%, 72.4%, 70.6%, 43.6%]",,,,
15,parallel,46,46,0.05008426315789474,1.2441563710570336,1.2534888964146376,0.0001111111111111111,68.61249999999998,"[57.0%, 69.8%, 71.8%, 62.8%, 86.6%, 68.8%, 73.0%, 63.0%, 68.4%, 76.0%, 76.0%, 64.8%, 74.2%, 72.4%, 70.6%, 42.6%]",,,,
15,parallel,47,47,0.04872313473684211,1.6326962113380432,1.5145248547196388,0.0001111111111111111,68.69999999999999,"[57.0%, 69.8%, 71.8%, 62.8%, 86.6%, 68.8%, 73.0%, 63.0%, 68.4%, 76.0%, 76.0%, 64.8%, 74.2%, 72.4%, 70.6%, 44.0%]",,,,
15,parallel,48,48,0.047526991578947374,1.3951137125492097,1.3058524541556835,0.0001111111111111111,68.725,"[57.0%, 69.8%, 71.8%, 62.8%, 86.6%, 68.8%, 73.0%, 63.0%, 68.4%, 76.0%, 76.0%, 64.8%, 74.2%, 72.4%, 70.6%, 44.4%]",,,,
15,parallel,49,49,0.04649583368421053,1.4410605669021606,1.4001378789544106,0.0001111111111111111,68.18749999999999,"[57.0%, 69.8%, 71.8%, 62.8%, 86.6%, 68.8%, 73.0%, 63.0%, 68.4%, 76.0%, 76.0%, 64.8%, 74.2%, 72.4%, 70.6%, 35.8%]",,,,
15,parallel,50,50,0.04562966105263158,1.3434647619724274,1.2775308415293694,0.0001111111111111111,68.44999999999999,"[57.0%, 69.8%, 71.8%, 62.8%, 86.6%, 68.8%, 73.0%, 63.0%, 68.4%, 76.0%, 76.0%, 64.8%, 74.2%, 72.4%, 70.6%, 40.0%]",,,,
15,parallel,51,51,0.044928473684210525,1.2977039784193038,1.2557832561433315,0.0001111111111111111,68.42499999999998,"[57.0%, 69.8%, 71.8%, 62.8%, 86.6%, 68.8%, 73.0%, 63.0%, 68.4%, 76.0%, 76.0%, 64.8%, 74.2%, 72.4%, 70.6%, 39.6%]",,,,
15,parallel,52,52,0.04439227157894737,1.3464190870523454,1.2812883481383324,0.0001111111111111111,68.58749999999999,"[57.0%, 69.8%, 71.8%, 62.8%, 86.6%, 68.8%, 73.0%, 63.0%, 68.4%, 76.0%, 76.0%, 64.8%, 74.2%, 72.4%, 70.6%, 42.2%]",,,,
15,parallel,53,53,0.044021054736842105,1.285926353931427,1.2529417425394058,0.0001111111111111111,68.64999999999999,"[57.0%, 69.8%, 71.8%, 62.8%, 86.6%, 68.8%, 73.0%, 63.0%, 68.4%, 76.0%, 76.0%, 64.8%, 74.2%, 72.4%, 70.6%, 43.2%]",,,,
15,parallel,54,54,0.04381482315789474,1.2710840165615083,1.2669085413217545,0.0001111111111111111,68.51249999999999,"[57.0%, 69.8%, 71.8%, 62.8%, 86.6%, 68.8%, 73.0%, 63.0%, 68.4%, 76.0%, 76.0%, 64.8%, 74.2%, 72.4%, 70.6%, 41.0%]",,,,
15,parallel,55,55,0.04376842105263158,1.2592579677700997,1.2745426632463932,0.0001111111111111111,68.58749999999999,"[57.0%, 69.8%, 71.8%, 62.8%, 86.6%, 68.8%, 73.0%, 63.0%, 68.4%, 76.0%, 76.0%, 64.8%, 74.2%, 72.4%, 70.6%, 42.2%]",,,,
15,weights,1,56,0.04376842105263158,1.240314045548439,1.2434351220726967,0.0001111111111111111,68.6,"[57.0%, 69.8%, 71.8%, 62.8%, 86.6%, 68.8%, 73.0%, 63.0%, 68.4%, 76.0%, 76.0%, 64.8%, 74.2%, 72.4%, 70.6%, 42.4%]",,,,
15,weights,2,57,0.04376842105263158,1.2451514989137649,1.2210022769868374,0.0001111111111111111,68.76249999999999,"[57.0%, 69.8%, 71.8%, 62.8%, 86.6%, 68.8%, 73.0%, 63.0%, 68.4%, 76.0%, 76.0%, 64.8%, 74.2%, 72.4%, 70.6%, 45.0%]",,,,
15,weights,3,58,0.04376842105263158,1.2433202892541886,1.207090999931097,0.0001111111111111111,68.61249999999998,"[57.0%, 69.8%, 71.8%, 62.8%, 86.6%, 68.8%, 73.0%, 63.0%, 68.4%, 76.0%, 76.0%, 64.8%, 74.2%, 72.4%, 70.6%, 42.6%]",,,,
15,weights,4,59,0.04376842105263158,1.2096933707594872,1.2289489805698395,0.0001111111111111111,68.69999999999999,"[57.0%, 69.8%, 71.8%, 62.8%, 86.6%, 68.8%, 73.0%, 63.0%, 68.4%, 76.0%, 76.0%, 64.8%, 74.2%, 72.4%, 70.6%, 44.0%]",,,,
15,weights,5,60,0.04376842105263158,1.211200562119484,1.2129533998668194,0.0001111111111111111,68.62499999999999,"[57.0%, 69.8%, 71.8%, 62.8%, 86.6%, 68.8%, 73.0%, 63.0%, 68.4%, 76.0%, 76.0%, 64.8%, 74.2%, 72.4%, 70.6%, 42.8%]",,,,
15,weights,6,61,0.04376842105263158,1.1895631551742554,1.1900136768817902,0.0001111111111111111,68.74999999999999,"[57.0%, 69.8%, 71.8%, 62.8%, 86.6%, 68.8%, 73.0%, 63.0%, 68.4%, 76.0%, 76.0%, 64.8%, 74.2%, 72.4%, 70.6%, 44.8%]",,,,
15,weights,7,62,0.04376842105263158,1.1889223605394363,1.1844407245516777,0.0001111111111111111,68.7875,"[57.0%, 69.8%, 71.8%, 62.8%, 86.6%, 68.8%, 73.0%, 63.0%, 68.4%, 76.0%, 76.0%, 64.8%, 74.2%, 72.4%, 70.6%, 45.4%]",,,,
15,weights,8,63,0.04376842105263158,1.2031333655118943,1.195982675999403,0.0001111111111111111,68.77499999999999,"[57.0%, 69.8%, 71.8%, 62.8%, 86.6%, 68.8%, 73.0%, 63.0%, 68.4%, 76.0%, 76.0%, 64.8%, 74.2%, 72.4%, 70.6%, 45.2%]",,,,
15,weights,9,64,0.04376842105263158,1.1991398870944976,1.1779504790902138,0.0001111111111111111,68.79999999999998,"[57.0%, 69.8%, 71.8%, 62.8%, 86.6%, 68.8%, 73.0%, 63.0%, 68.4%, 76.0%, 76.0%, 64.8%, 74.2%, 72.4%, 70.6%, 45.6%]",,,,
15,weights,10,65,0.04376842105263158,1.1909727543592452,1.1726074442267418,0.0001111111111111111,69.01249999999999,"[57.0%, 69.8%, 71.8%, 62.8%, 86.6%, 68.8%, 73.0%, 63.0%, 68.4%, 76.0%, 76.0%, 64.8%, 74.2%, 72.4%, 70.6%, 49.0%]",,,,
15,weights,11,66,0.04376842105263158,1.1720444083213806,1.1947186589241028,0.0001111111111111111,68.93749999999999,"[57.0%, 69.8%, 71.8%, 62.8%, 86.6%, 68.8%, 73.0%, 63.0%, 68.4%, 76.0%, 76.0%, 64.8%, 74.2%, 72.4%, 70.6%, 47.8%]",,,,
15,weights,12,67,0.04376842105263158,1.1617508128285408,1.185921810567379,0.0001111111111111111,68.61249999999998,"[57.0%, 69.8%, 71.8%, 62.8%, 86.6%, 68.8%, 73.0%, 63.0%, 68.4%, 76.0%, 76.0%, 64.8%, 74.2%, 72.4%, 70.6%, 42.6%]",,,,
15,weights,13,68,0.04376842105263158,1.1895076304674148,1.167433138936758,0.0001111111111111111,68.92499999999998,"[57.0%, 69.8%, 71.8%, 62.8%, 86.6%, 68.8%, 73.0%, 63.0%, 68.4%, 76.0%, 76.0%, 64.8%, 74.2%, 72.4%, 70.6%, 47.6%]",,,,
15,weights,14,69,0.04376842105263158,1.1745179772377015,1.1651367917656898,0.0001111111111111111,68.92499999999998,"[57.0%, 69.8%, 71.8%, 62.8%, 86.6%, 68.8%, 73.0%, 63.0%, 68.4%, 76.0%, 76.0%, 64.8%, 74.2%, 72.4%, 70.6%, 47.6%]",,,,
15,weights,15,70,0.04376842105263158,1.1786553800106048,1.1630271784961224,0.0001111111111111111,68.88749999999999,"[57.0%, 69.8%, 71.8%, 62.8%, 86.6%, 68.8%, 73.0%, 63.0%, 68.4%, 76.0%, 76.0%, 64.8%, 74.2%, 72.4%, 70.6%, 47.0%]",,,,
15,weights,16,71,0.04376842105263158,1.1615863770246506,1.1909308098256588,0.0001111111111111111,68.99999999999999,"[57.0%, 69.8%, 71.8%, 62.8%, 86.6%, 68.8%, 73.0%, 63.0%, 68.4%, 76.0%, 76.0%, 64.8%, 74.2%, 72.4%, 70.6%, 48.8%]",,,,
15,weights,17,72,0.04376842105263158,1.158138245344162,1.1654689237475395,0.0001111111111111111,69.0375,"[57.0%, 69.8%, 71.8%, 62.8%, 86.6%, 68.8%, 73.0%, 63.0%, 68.4%, 76.0%, 76.0%, 64.8%, 74.2%, 72.4%, 70.6%, 49.4%]",,,,
15,weights,18,73,0.04376842105263158,1.1573394268751145,1.1658876650035381,0.0001111111111111111,69.07499999999999,"[57.0%, 69.8%, 71.8%, 62.8%, 86.6%, 68.8%, 73.0%, 63.0%, 68.4%, 76.0%, 76.0%, 64.8%, 74.2%, 72.4%, 70.6%, 50.0%]",,,,
15,weights,19,74,0.04376842105263158,1.1390451520681382,1.1792363822460175,0.0001111111111111111,69.18749999999999,"[57.0%, 69.8%, 71.8%, 62.8%, 86.6%, 68.8%, 73.0%, 63.0%, 68.4%, 76.0%, 76.0%, 64.8%, 74.2%, 72.4%, 70.6%, 51.8%]",,,,
15,weights,20,75,0.04376842105263158,1.14207793623209,1.15986829996109,0.0001111111111111111,68.98749999999998,"[57.0%, 69.8%, 71.8%, 62.8%, 86.6%, 68.8%, 73.0%, 63.0%, 68.4%, 76.0%, 76.0%, 64.8%, 74.2%, 72.4%, 70.6%, 48.6%]",,,,
15,weights,21,76,0.04376842105263158,1.1439229160547257,1.1854486018419266,0.0001111111111111111,68.98749999999998,"[57.0%, 69.8%, 71.8%, 62.8%, 86.6%, 68.8%, 73.0%, 63.0%, 68.4%, 76.0%, 76.0%, 64.8%, 74.2%, 72.4%, 70.6%, 48.6%]",,,,
15,weights,22,77,0.04376842105263158,1.1486661344766618,1.1454938724637032,0.0001111111111111111,69.19999999999999,"[57.0%, 69.8%, 71.8%, 62.8%, 86.6%, 68.8%, 73.0%, 63.0%, 68.4%, 76.0%, 76.0%, 64.8%, 74.2%, 72.4%, 70.6%, 52.0%]",,,,
15,weights,23,78,0.04376842105263158,1.1076516270637513,1.1694731451570988,0.0001111111111111111,69.14999999999999,"[57.0%, 69.8%, 71.8%, 62.8%, 86.6%, 68.8%, 73.0%, 63.0%, 68.4%, 76.0%, 76.0%, 64.8%, 74.2%, 72.4%, 70.6%, 51.2%]",,,,
15,weights,24,79,0.04376842105263158,1.1310641393065453,1.1522748842835426,0.0001111111111111111,68.93749999999999,"[57.0%, 69.8%, 71.8%, 62.8%, 86.6%, 68.8%, 73.0%, 63.0%, 68.4%, 76.0%, 76.0%, 64.8%, 74.2%, 72.4%, 70.6%, 47.8%]",,,,
15,weights,25,80,0.04376842105263158,1.128380425274372,1.1361707262694836,0.0001111111111111111,69.17499999999998,"[57.0%, 69.8%, 71.8%, 62.8%, 86.6%, 68.8%, 73.0%, 63.0%, 68.4%, 76.0%, 76.0%, 64.8%, 74.2%, 72.4%, 70.6%, 51.6%]",28.924999999999997,"[0.0%, 41.6%, 44.8%, 10.2%, 86.6%, 10.2%, 21.6%, 9.6%, 32.6%, 51.4%, 23.0%, 21.0%, 46.4%, 30.8%, 21.4%, 11.6%]",36.525,"[45.2%, 28.2%, 19.4%, 44.0%, 56.0%, 38.0%, 45.2%, 25.0%, 48.4%, 41.4%, 53.4%, 0.0%, 46.4%, 48.6%, 19.6%, 25.6%]"
16,parallel,1,1,0.2,18.02932448387146,12.63547146320343,0.0001111111111111111,65.10588235294117,"[57.0%, 69.8%, 71.8%, 62.8%, 86.6%, 68.8%, 73.0%, 63.0%, 68.4%, 76.0%, 76.0%, 64.8%, 74.2%, 72.4%, 70.6%, 51.6%, 0.0%]",,,,
16,parallel,2,2,0.2,10.71052851676941,8.84548807144165,0.0001111111111111111,65.08235294117647,"[57.0%, 69.8%, 71.8%, 62.6%, 86.6%, 68.6%, 73.0%, 63.0%, 68.4%, 76.0%, 76.0%, 64.8%, 74.2%, 72.4%, 70.6%, 51.6%, 0.0%]",,,,
16,parallel,3,3,0.2,7.236851787567138,5.555591642856598,0.0001111111111111111,65.07058823529411,"[56.8%, 69.8%, 71.8%, 62.6%, 86.6%, 68.6%, 73.0%, 63.0%, 68.4%, 76.0%, 76.0%, 64.8%, 74.2%, 72.4%, 70.6%, 51.6%, 0.0%]",,,,
16,parallel,4,4,0.2,4.060553425550461,2.679053783416748,0.0001111111111111111,65.09411764705882,"[56.8%, 69.8%, 71.8%, 62.8%, 86.6%, 68.6%, 73.0%, 63.0%, 68.4%, 76.0%, 76.0%, 65.0%, 74.2%, 72.4%, 70.6%, 51.6%, 0.0%]",,,,
16,parallel,5,5,0.198431195,2.1525732040405274,1.8303783386945724,0.0001111111111111111,66.28235294117647,"[56.6%, 69.8%, 71.8%, 63.2%, 86.6%, 68.6%, 73.0%, 63.0%, 68.4%, 76.0%, 76.0%, 65.0%, 74.2%, 72.4%, 70.6%, 51.6%, 20.0%]",,,,
16,parallel,6,6,0.19223461184210527,1.8798243582248688,1.749049499630928,0.0001111111111111111,66.25882352941176,"[56.4%, 69.8%, 71.8%, 63.0%, 86.6%, 68.6%, 73.0%, 63.0%, 68.4%, 76.0%, 76.0%, 65.0%, 74.2%, 72.4%, 70.6%, 51.6%, 20.0%]",,,,
16,parallel,7,7,0.18616384763157895,1.7559324234724045,1.7118439078330994,0.0001111111111111111,66.25882352941176,"[56.4%, 69.8%, 71.8%, 63.0%, 86.6%, 68.6%, 73.0%, 63.0%, 68.4%, 76.0%, 76.0%, 65.0%, 74.2%, 72.4%, 70.6%, 51.6%, 20.0%]",,,,
16,parallel,8,8,0.18021890236842109,1.6978015691041946,1.6687424778938293,0.0001111111111111111,66.25882352941176,"[56.4%, 69.8%, 71.8%, 63.0%, 86.6%, 68.6%, 73.0%, 63.0%, 68.4%, 76.0%, 76.0%, 65.0%, 74.2%, 72.4%, 70.6%, 51.6%, 20.0%]",,,,
16,parallel,9,9,0.1743997760526316,1.6958074152469635,1.6690857708454132,0.0001111111111111111,66.25882352941176,"[56.4%, 69.8%, 71.8%, 63.0%, 86.6%, 68.6%, 73.0%, 63.0%, 68.4%, 76.0%, 76.0%, 65.0%, 74.2%, 72.4%, 70.6%, 51.6%, 20.0%]",,,,
16,parallel,10,10,0.16870646868421055,1.6646798402071,1.650383174419403,0.0001111111111111111,66.25882352941176,"[56.4%, 69.8%, 71.8%, 63.0%, 86.6%, 68.6%, 73.0%, 63.0%, 68.4%, 76.0%, 76.0%, 65.0%, 74.2%, 72.4%, 70.6%, 51.6%, 20.0%]",,,,
16,parallel,11,11,0.1631389802631579,1.7007608294487,1.683334693312645,0.0001111111111111111,66.25882352941176,"[56.4%, 69.8%, 71.8%, 63.0%, 86.6%, 68.6%, 73.0%, 63.0%, 68.4%, 76.0%, 76.0%, 65.0%, 74.2%, 72.4%, 70.6%, 51.6%, 20.0%]",,,,
16,parallel,12,12,0.1576973107894737,1.724933820962906,1.6844739317893982,0.0001111111111111111,66.25882352941176,"[56.4%, 69.8%, 71.8%, 63.0%, 86.6%, 68.6%, 73.0%, 63.0%, 68.4%, 76.0%, 76.0%, 65.0%, 74.2%, 72.4%, 70.6%, 51.6%, 20.0%]",,,,
16,parallel,13,13,0.1523814602631579,1.6743154793977737,1.65626922249794,0.0001111111111111111,66.25882352941176,"[56.4%, 69.8%, 71.8%, 63.0%, 86.6%, 68.6%, 73.0%, 63.0%, 68.4%, 76.0%, 76.0%, 65.0%, 74.2%, 72.4%, 70.6%, 51.6%, 20.0%]",,,,
16,parallel,14,14,0.14719142868421053,1.6829264283180236,1.664352685213089,0.0001111111111111111,66.25882352941176,"[56.4%, 69.8%, 71.8%, 63.0%, 86.6%, 68.6%, 73.0%, 63.0%, 68.4%, 76.0%, 76.0%, 65.0%, 74.2%, 72.4%, 70.6%, 51.6%, 20.0%]",,,,
16,parallel,15,15,0.1421272160526316,1.6585936814546585,1.6443633884191513,0.0001111111111111111,66.25882352941176,"[56.4%, 69.8%, 71.8%, 63.0%, 86.6%, 68.6%, 73.0%, 63.0%, 68.4%, 76.0%, 76.0%, 65.0%, 74.2%, 72.4%, 70.6%, 51.6%, 20.0%]",,,,
16,parallel,16,16,0.13718882236842106,1.6719989240169526,1.6557428240776062,0.0001111111111111111,66.25882352941176,"[56.4%, 69.8%, 71.8%, 63.0%, 86.6%, 68.6%, 73.0%, 63.0%, 68.4%, 76.0%, 76.0%, 65.0%, 74.2%, 72.4%, 70.6%, 51.6%, 20.0%]",,,,
16,parallel,17,17,0.13237624763157896,1.6530525743961335,1.6403284221887589,0.0001111111111111111,66.25882352941176,"[56.4%, 69.8%, 71.8%, 63.0%, 86.6%, 68.6%, 73.0%, 63.0%, 68.4%, 76.0%, 76.0%, 65.0%, 74.2%, 72.4%, 70.6%, 51.6%, 20.0%]",,,,
16,parallel,18,18,0.12768949184210526,1.6438530296087266,1.635152667760849,0.0001111111111111111,66.25882352941176,"[56.4%, 69.8%, 71.8%, 63.0%, 86.6%, 68.6%, 73.0%, 63.0%, 68.4%, 76.0%, 76.0%, 65.0%, 74.2%, 72.4%, 70.6%, 51.6%, 20.0%]",,,,
16,parallel,19,19,0.12312855500000003,1.641727903485298,1.632822260260582,0.0001111111111111111,66.25882352941176,"[56.4%, 69.8%, 71.8%, 63.0%, 86.6%, 68.6%, 73.0%, 63.0%, 68.4%, 76.0%, 76.0%, 65.0%, 74.2%, 72.4%, 70.6%, 51.6%, 20.0%]",,,,
16,parallel,20,20,0.11869343710526317,1.633319506049156,1.6197111904621124,0.0001111111111111111,67.41176470588233,"[56.4%, 69.8%, 71.8%, 63.0%, 86.6%, 68.6%, 73.0%, 63.0%, 68.4%, 76.0%, 76.0%, 65.0%, 74.2%, 72.4%, 70.6%, 51.6%, 39.6%]",,,,
16,parallel,21,21,0.11438413815789475,1.6084278672933578,1.4765997678041458,0.0001111111111111111,67.18823529411763,"[56.4%, 69.8%, 71.8%, 63.0%, 86.6%, 68.6%, 73.0%, 63.0%, 68.4%, 76.0%, 76.0%, 65.0%, 74.2%, 72.4%, 70.6%, 51.6%, 35.8%]",,,,
16,parallel,22,22,0.11020065815789476,1.366707941889763,1.3522222563624382,0.0001111111111111111,67.30588235294117,"[56.4%, 69.8%, 71.8%, 63.0%, 86.6%, 68.6%, 73.0%, 63.0%, 68.4%, 76.0%, 76.0%, 65.0%, 74.2%, 72.4%, 70.6%, 51.6%, 37.8%]",,,,
16,parallel,23,23,0.10614299710526318,1.3017679750919342,1.3019926622509956,0.0001111111111111111,67.43529411764705,"[56.4%, 69.8%, 71.8%, 63.0%, 86.6%, 68.6%, 73.0%, 63.0%, 68.4%, 76.0%, 76.0%, 65.0%, 74.2%, 72.4%, 70.6%, 51.6%, 40.0%]",,,,
16,parallel,24,24,0.102211155,1.2684338212013244,1.29377119243145,0.0001111111111111111,67.4470588235294,"[56.4%, 69.8%, 71.8%, 63.0%, 86.6%, 68.6%, 73.0%, 63.0%, 68.4%, 76.0%, 76.0%, 65.0%, 74.2%, 72.4%, 70.6%, 51.6%, 40.2%]",,,,
16,parallel,25,25,0.09840513184210527,1.2271696776151657,1.2737585380673409,0.0001111111111111111,67.48235294117646,"[56.4%, 69.8%, 71.8%, 63.0%, 86.6%, 68.6%, 73.0%, 63.0%, 68.4%, 76.0%, 76.0%, 65.0%, 74.2%, 72.4%, 70.6%, 51.6%, 40.8%]",,,,
16,parallel,26,26,0.09472492763157894,1.2205973237752914,1.2221044972538948,0.0001111111111111111,67.91764705882352,"[56.4%, 69.8%, 71.8%, 63.0%, 86.6%, 68.6%, 73.0%, 63.0%, 68.4%, 76.0%, 76.0%, 65.0%, 74.2%, 72.4%, 70.6%, 51.6%, 48.2%]",,,,
16,parallel,27,27,0.09117054236842104,1.3007382214069367,1.3294155597686768,0.0001111111111111111,67.42352941176469,"[56.4%, 69.8%, 71.8%, 63.0%, 86.6%, 68.6%, 73.0%, 63.0%, 68.4%, 76.0%, 76.0%, 65.0%, 74.2%, 72.4%, 70.6%, 51.6%, 39.8%]",,,,
16,parallel,28,28,0.08774197605263157,1.2057528376579285,1.2610219866037369,0.0001111111111111111,67.54117647058823,"[56.4%, 69.8%, 71.8%, 63.0%, 86.6%, 68.6%, 73.0%, 63.0%, 68.4%, 76.0%, 76.0%, 65.0%, 74.2%, 72.4%, 70.6%, 51.6%, 41.8%]",,,,
16,parallel,29,29,0.08443922868421053,1.1962327301502227,1.2989966049790382,0.0001111111111111111,67.58823529411764,"[56.4%, 69.8%, 71.8%, 63.0%, 86.6%, 68.6%, 73.0%, 63.0%, 68.4%, 76.0%, 76.0%, 65.0%, 74.2%, 72.4%, 70.6%, 51.6%, 42.6%]",,,,
16,parallel,30,30,0.0812623002631579,1.1522405728697778,1.3570218682289124,0.0001111111111111111,67.62352941176471,"[56.4%, 69.8%, 71.8%, 63.0%, 86.6%, 68.6%, 73.0%, 63.0%, 68.4%, 76.0%, 76.0%, 65.0%, 74.2%, 72.4%, 70.6%, 51.6%, 43.2%]",,,,
16,parallel,31,31,0.0782111907894737,1.1784707322716712,1.2778502106666565,0.0001111111111111111,67.69411764705882,"[56.4%, 69.8%, 71.8%, 63.0%, 86.6%, 68.6%, 73.0%, 63.0%, 68.4%, 76.0%, 76.0%, 65.0%, 74.2%, 72.4%, 70.6%, 51.6%, 44.4%]",,,,
16,parallel,32,32,0.0752859002631579,1.351530334353447,1.3119408562779427,0.0001111111111111111,67.21176470588235,"[56.4%, 69.8%, 71.8%, 63.0%, 86.6%, 68.6%, 73.0%, 63.0%, 68.4%, 76.0%, 76.0%, 65.0%, 74.2%, 72.4%, 70.6%, 51.6%, 36.2%]",,,,
16,parallel,33,33,0.07248642868421054,1.2806926190853118,1.2931803464889526,0.0001111111111111111,67.8941176470588,"[56.4%, 69.8%, 71.8%, 63.0%, 86.6%, 68.6%, 73.0%, 63.0%, 68.4%, 76.0%, 76.0%, 65.0%, 74.2%, 72.4%, 70.6%, 51.6%, 47.8%]",,,,
16,parallel,34,34,0.06981277605263159,1.2535928457975387,1.262410044670105,0.0001111111111111111,67.51764705882353,"[56.4%, 69.8%, 71.8%, 63.0%, 86.6%, 68.6%, 73.0%, 63.0%, 68.4%, 76.0%, 76.0%, 65.0%, 74.2%, 72.4%, 70.6%, 51.6%, 41.4%]",,,,
16,parallel,35,35,0.06726494236842107,1.2091616213321685,1.1860320419073105,0.0001111111111111111,67.85882352941177,"[56.4%, 69.8%, 71.8%, 63.0%, 86.6%, 68.6%, 73.0%, 63.0%, 68.4%, 76.0%, 76.0%, 65.0%, 74.2%, 72.4%, 70.6%, 51.6%, 47.2%]",,,,
16,parallel,36,36,0.06484292763157895,1.1874948903918265,1.1909702643752098,0.0001111111111111111,67.99999999999999,"[56.4%, 69.8%, 71.8%, 63.0%, 86.6%, 68.6%, 73.0%, 63.0%, 68.4%, 76.0%, 76.0%, 65.0%, 74.2%, 72.4%, 70.6%, 51.6%, 49.6%]",,,,
16,parallel,37,37,0.06254673184210527,1.1697120442986488,1.1390614956617355,0.0001111111111111111,68.04705882352941,"[56.4%, 69.8%, 71.8%, 63.0%, 86.6%, 68.6%, 73.0%, 63.0%, 68.4%, 76.0%, 76.0%, 65.0%, 74.2%, 72.4%, 70.6%, 51.6%, 50.4%]",,,,
16,parallel,38,38,0.060376355,1.3756517082452775,1.3514078631997108,0.0001111111111111111,67.35294117647058,"[56.4%, 69.8%, 71.8%, 63.0%, 86.6%, 68.6%, 73.0%, 63.0%, 68.4%, 76.0%, 76.0%, 65.0%, 74.2%, 72.4%, 70.6%, 51.6%, 38.6%]",,,,
16,parallel,39,39,0.05833179710526316,1.2794825047254563,1.261506587266922,0.0001111111111111111,67.70588235294116,"[56.4%, 69.8%, 71.8%, 63.0%, 86.6%, 68.6%, 73.0%, 63.0%, 68.4%, 76.0%, 76.0%, 65.0%, 74.2%, 72.4%, 70.6%, 51.6%, 44.6%]",,,,
16,parallel,40,40,0.05641305815789474,1.256877425312996,1.3788085877895355,0.0001111111111111111,67.4470588235294,"[56.4%, 69.8%, 71.8%, 63.0%, 86.6%, 68.6%, 73.0%, 63.0%, 68.4%, 76.0%, 76.0%, 65.0%, 74.2%, 72.4%, 70.6%, 51.6%, 40.2%]",,,,
16,parallel,41,41,0.054620138157894745,1.372482693195343,1.264929212629795,0.0001111111111111111,67.56470588235294,"[56.4%, 69.8%, 71.8%, 63.0%, 86.6%, 68.6%, 73.0%, 63.0%, 68.4%, 76.0%, 76.0%, 65.0%, 74.2%, 72.4%, 70.6%, 51.6%, 42.2%]",,,,
16,parallel,42,42,0.05295303710526316,1.2180431008338928,1.2412744909524918,0.0001111111111111111,67.68235294117646,"[56.4%, 69.8%, 71.8%, 63.0%, 86.6%, 68.6%, 73.0%, 63.0%, 68.4%, 76.0%, 76.0%, 65.0%, 74.2%, 72.4%, 70.6%, 51.6%, 44.2%]",,,,
16,parallel,43,43,0.051411755,1.20089989900589,1.204305276274681,0.0001111111111111111,67.81176470588235,"[56.4%, 69.8%, 71.8%, 63.0%, 86.6%, 68.6%, 73.0%, 63.0%, 68.4%, 76.0%, 76.0%, 65.0%, 74.2%, 72.4%, 70.6%, 51.6%, 46.4%]",,,,
16,parallel,44,44,0.049996291842105266,1.171988445520401,1.2275490537285805,0.0001111111111111111,67.6705882352941,"[56.4%, 69.8%, 71.8%, 63.0%, 86.6%, 68.6%, 73.0%, 63.0%, 68.4%, 76.0%, 76.0%, 65.0%, 74.2%, 72.4%, 70.6%, 51.6%, 44.0%]",,,,
16,parallel,45,45,0.04870664763157895,1.1592852964997291,1.2617066130042076,0.0001111111111111111,67.74117647058823,"[56.4%, 69.8%, 71.8%, 63.0%, 86.6%, 68.6%, 73.0%, 63.0%, 68.4%, 76.0%, 76.0%, 65.0%, 74.2%, 72.4%, 70.6%, 51.6%, 45.2%]",,,,
16,parallel,46,46,0.047542822368421056,1.1591032505035401,1.1805827096104622,0.0001111111111111111,67.87058823529412,"[56.4%, 69.8%, 71.8%, 63.0%, 86.6%, 68.6%, 73.0%, 63.0%, 68.4%, 76.0%, 76.0%, 65.0%, 74.2%, 72.4%, 70.6%, 51.6%, 47.4%]",,,,
16,parallel,47,47,0.046504816052631584,1.5504953622817994,1.4816070720553398,0.0001111111111111111,67.30588235294117,"[56.4%, 69.8%, 71.8%, 63.0%, 86.6%, 68.6%, 73.0%, 63.0%, 68.4%, 76.0%, 76.0%, 65.0%, 74.2%, 72.4%, 70.6%, 51.6%, 37.8%]",,,,
16,parallel,48,48,0.04559262868421053,1.3382043182849883,1.376654364168644,0.0001111111111111111,67.19999999999999,"[56.4%, 69.8%, 71.8%, 63.0%, 86.6%, 68.6%, 73.0%, 63.0%, 68.4%, 76.0%, 76.0%, 65.0%, 74.2%, 72.4%, 70.6%, 51.6%, 36.0%]",,,,
16,parallel,49,49,0.0448062602631579,1.2638445883989333,1.4037452414631844,0.0001111111111111111,67.30588235294117,"[56.4%, 69.8%, 71.8%, 63.0%, 86.6%, 68.6%, 73.0%, 63.0%, 68.4%, 76.0%, 76.0%, 65.0%, 74.2%, 72.4%, 70.6%, 51.6%, 37.8%]",,,,
16,parallel,50,50,0.044145710789473686,1.2286672323942185,1.3284478262066841,0.0001111111111111111,67.65882352941175,"[56.4%, 69.8%, 71.8%, 63.0%, 86.6%, 68.6%, 73.0%, 63.0%, 68.4%, 76.0%, 76.0%, 65.0%, 74.2%, 72.4%, 70.6%, 51.6%, 43.8%]",,,,
16,parallel,51,51,0.0436109802631579,1.2125925570726395,1.2821068465709686,0.0001111111111111111,67.6,"[56.4%, 69.8%, 71.8%, 63.0%, 86.6%, 68.6%, 73.0%, 63.0%, 68.4%, 76.0%, 76.0%, 65.0%, 74.2%, 72.4%, 70.6%, 51.6%, 42.8%]",,,,
16,parallel,52,52,0.04320206868421053,1.2161717236042022,1.3349249362945557,0.0001111111111111111,67.50588235294117,"[56.4%, 69.8%, 71.8%, 63.0%, 86.6%, 68.6%, 73.0%, 63.0%, 68.4%, 76.0%, 76.0%, 65.0%, 74.2%, 72.4%, 70.6%, 51.6%, 41.2%]",,,,
16,parallel,53,53,0.042918976052631584,1.214229354262352,1.3393306583166122,0.0001111111111111111,67.42352941176469,"[56.4%, 69.8%, 71.8%, 63.0%, 86.6%, 68.6%, 73.0%, 63.0%, 68.4%, 76.0%, 76.0%, 65.0%, 74.2%, 72.4%, 70.6%, 51.6%, 39.8%]",,,,
16,parallel,54,54,0.042761702368421056,1.1738687694072723,1.1768974289298058,0.0001111111111111111,67.90588235294116,"[56.4%, 69.8%, 71.8%, 63.0%, 86.6%, 68.6%, 73.0%, 63.0%, 68.4%, 76.0%, 76.0%, 65.0%, 74.2%, 72.4%, 70.6%, 51.6%, 48.0%]",,,,
16,parallel,55,55,0.04272631578947369,1.164709571003914,1.339610181748867,0.0001111111111111111,67.62352941176471,"[56.4%, 69.8%, 71.8%, 63.0%, 86.6%, 68.6%, 73.0%, 63.0%, 68.4%, 76.0%, 76.0%, 65.0%, 74.2%, 72.4%, 70.6%, 51.6%, 43.2%]",,,,
16,weights,1,56,0.04272631578947369,1.1334737122058869,1.4362231865525246,0.0001111111111111111,67.34117647058824,"[56.4%, 69.8%, 71.8%, 63.0%, 86.6%, 68.6%, 73.0%, 63.0%, 68.4%, 76.0%, 76.0%, 65.0%, 74.2%, 72.4%, 70.6%, 51.6%, 38.4%]",,,,
16,weights,2,57,0.04272631578947369,1.1415188387036324,1.5144592300057411,0.0001111111111111111,67.28235294117647,"[56.4%, 69.8%, 71.8%, 63.0%, 86.6%, 68.6%, 73.0%, 63.0%, 68.4%, 76.0%, 76.0%, 65.0%, 74.2%, 72.4%, 70.6%, 51.6%, 37.4%]",,,,
16,weights,3,58,0.04272631578947369,1.1177791774272918,1.1470720991492271,0.0001111111111111111,68.03529411764706,"[56.4%, 69.8%, 71.8%, 63.0%, 86.6%, 68.6%, 73.0%, 63.0%, 68.4%, 76.0%, 76.0%, 65.0%, 74.2%, 72.4%, 70.6%, 51.6%, 50.2%]",,,,
16,weights,4,59,0.04272631578947369,1.1059595704078675,1.4232254773378372,0.0001111111111111111,67.25882352941176,"[56.4%, 69.8%, 71.8%, 63.0%, 86.6%, 68.6%, 73.0%, 63.0%, 68.4%, 76.0%, 76.0%, 65.0%, 74.2%, 72.4%, 70.6%, 51.6%, 37.0%]",,,,
16,weights,5,60,0.04272631578947369,1.0996055468916892,1.1303496733307838,0.0001111111111111111,67.99999999999999,"[56.4%, 69.8%, 71.8%, 63.0%, 86.6%, 68.6%, 73.0%, 63.0%, 68.4%, 76.0%, 76.0%, 65.0%, 74.2%, 72.4%, 70.6%, 51.6%, 49.6%]",,,,
16,weights,6,61,0.04272631578947369,1.0947008818387984,1.2405151575803757,0.0001111111111111111,67.96470588235293,"[56.4%, 69.8%, 71.8%, 63.0%, 86.6%, 68.6%, 73.0%, 63.0%, 68.4%, 76.0%, 76.0%, 65.0%, 74.2%, 72.4%, 70.6%, 51.6%, 49.0%]",,,,
16,weights,7,62,0.04272631578947369,1.089269582927227,1.1591984257102013,0.0001111111111111111,68.01176470588234,"[56.4%, 69.8%, 71.8%, 63.0%, 86.6%, 68.6%, 73.0%, 63.0%, 68.4%, 76.0%, 76.0%, 65.0%, 74.2%, 72.4%, 70.6%, 51.6%, 49.8%]",,,,
16,weights,8,63,0.04272631578947369,1.090625414252281,1.1378857418894768,0.0001111111111111111,68.09411764705882,"[56.4%, 69.8%, 71.8%, 63.0%, 86.6%, 68.6%, 73.0%, 63.0%, 68.4%, 76.0%, 76.0%, 65.0%, 74.2%, 72.4%, 70.6%, 51.6%, 51.2%]",,,,
16,weights,9,64,0.04272631578947369,1.0545503452420235,1.2206206694245338,0.0001111111111111111,68.09411764705882,"[56.4%, 69.8%, 71.8%, 63.0%, 86.6%, 68.6%, 73.0%, 63.0%, 68.4%, 76.0%, 76.0%, 65.0%, 74.2%, 72.4%, 70.6%, 51.6%, 51.2%]",,,,
16,weights,10,65,0.04272631578947369,1.058202588558197,1.1932893618941307,0.0001111111111111111,68.08235294117647,"[56.4%, 69.8%, 71.8%, 63.0%, 86.6%, 68.6%, 73.0%, 63.0%, 68.4%, 76.0%, 76.0%, 65.0%, 74.2%, 72.4%, 70.6%, 51.6%, 51.0%]",,,,
16,weights,11,66,0.04272631578947369,1.0282795593142509,1.1119161024689674,0.0001111111111111111,68.2470588235294,"[56.4%, 69.8%, 71.8%, 63.0%, 86.6%, 68.6%, 73.0%, 63.0%, 68.4%, 76.0%, 76.0%, 65.0%, 74.2%, 72.4%, 70.6%, 51.6%, 53.8%]",,,,
16,weights,12,67,0.04272631578947369,1.0234763100743294,1.0671566873788834,0.0001111111111111111,68.38823529411764,"[56.4%, 69.8%, 71.8%, 63.0%, 86.6%, 68.6%, 73.0%, 63.0%, 68.4%, 76.0%, 76.0%, 65.0%, 74.2%, 72.4%, 70.6%, 51.6%, 56.2%]",,,,
16,weights,13,68,0.04272631578947369,1.050261516869068,1.1495150104165077,0.0001111111111111111,68.16470588235293,"[56.4%, 69.8%, 71.8%, 63.0%, 86.6%, 68.6%, 73.0%, 63.0%, 68.4%, 76.0%, 76.0%, 65.0%, 74.2%, 72.4%, 70.6%, 51.6%, 52.4%]",,,,
16,weights,14,69,0.04272631578947369,1.0115569099783897,1.106623686850071,0.0001111111111111111,68.27058823529411,"[56.4%, 69.8%, 71.8%, 63.0%, 86.6%, 68.6%, 73.0%, 63.0%, 68.4%, 76.0%, 76.0%, 65.0%, 74.2%, 72.4%, 70.6%, 51.6%, 54.2%]",,,,
16,weights,15,70,0.04272631578947369,1.0364019393920898,1.0842719227075577,0.0001111111111111111,68.41176470588233,"[56.4%, 69.8%, 71.8%, 63.0%, 86.6%, 68.6%, 73.0%, 63.0%, 68.4%, 76.0%, 76.0%, 65.0%, 74.2%, 72.4%, 70.6%, 51.6%, 56.6%]",,,,
16,weights,16,71,0.04272631578947369,1.0133251681923867,1.1034926921129227,0.0001111111111111111,68.21176470588235,"[56.4%, 69.8%, 71.8%, 63.0%, 86.6%, 68.6%, 73.0%, 63.0%, 68.4%, 76.0%, 76.0%, 65.0%, 74.2%, 72.4%, 70.6%, 51.6%, 53.2%]",,,,
16,weights,17,72,0.04272631578947369,1.0273142889142037,1.0904604345560074,0.0001111111111111111,68.35294117647058,"[56.4%, 69.8%, 71.8%, 63.0%, 86.6%, 68.6%, 73.0%, 63.0%, 68.4%, 76.0%, 76.0%, 65.0%, 74.2%, 72.4%, 70.6%, 51.6%, 55.6%]",,,,
16,weights,18,73,0.04272631578947369,1.0120453804731369,1.0302888229489326,0.0001111111111111111,68.41176470588233,"[56.4%, 69.8%, 71.8%, 63.0%, 86.6%, 68.6%, 73.0%, 63.0%, 68.4%, 76.0%, 76.0%, 65.0%, 74.2%, 72.4%, 70.6%, 51.6%, 56.6%]",,,,
16,weights,19,74,0.04272631578947369,0.9990028381347656,1.0926522091031075,0.0001111111111111111,68.32941176470588,"[56.4%, 69.8%, 71.8%, 63.0%, 86.6%, 68.6%, 73.0%, 63.0%, 68.4%, 76.0%, 76.0%, 65.0%, 74.2%, 72.4%, 70.6%, 51.6%, 55.2%]",,,,
16,weights,20,75,0.04272631578947369,0.9926592290401459,1.0964169539511204,0.0001111111111111111,68.12941176470588,"[56.4%, 69.8%, 71.8%, 63.0%, 86.6%, 68.6%, 73.0%, 63.0%, 68.4%, 76.0%, 76.0%, 65.0%, 74.2%, 72.4%, 70.6%, 51.6%, 51.8%]",,,,
16,weights,21,76,0.04272631578947369,0.9931786313652993,1.1184032335877419,0.0001111111111111111,68.31764705882352,"[56.4%, 69.8%, 71.8%, 63.0%, 86.6%, 68.6%, 73.0%, 63.0%, 68.4%, 76.0%, 76.0%, 65.0%, 74.2%, 72.4%, 70.6%, 51.6%, 55.0%]",,,,
16,weights,22,77,0.04272631578947369,0.9581465497612953,1.0872027948498726,0.0001111111111111111,68.2470588235294,"[56.4%, 69.8%, 71.8%, 63.0%, 86.6%, 68.6%, 73.0%, 63.0%, 68.4%, 76.0%, 76.0%, 65.0%, 74.2%, 72.4%, 70.6%, 51.6%, 53.8%]",,,,
16,weights,23,78,0.04272631578947369,0.9625071853399276,1.0818354040384293,0.0001111111111111111,68.36470588235294,"[56.4%, 69.8%, 71.8%, 63.0%, 86.6%, 68.6%, 73.0%, 63.0%, 68.4%, 76.0%, 76.0%, 65.0%, 74.2%, 72.4%, 70.6%, 51.6%, 55.8%]",,,,
16,weights,24,79,0.04272631578947369,0.9695261865854263,1.1956587880849838,0.0001111111111111111,68.17647058823528,"[56.4%, 69.8%, 71.8%, 63.0%, 86.6%, 68.6%, 73.0%, 63.0%, 68.4%, 76.0%, 76.0%, 65.0%, 74.2%, 72.4%, 70.6%, 51.6%, 52.6%]",,,,
16,weights,25,80,0.04272631578947369,0.9415945321321487,1.1497731246054173,0.0001111111111111111,68.19999999999999,"[56.4%, 69.8%, 71.8%, 63.0%, 86.6%, 68.6%, 73.0%, 63.0%, 68.4%, 76.0%, 76.0%, 65.0%, 74.2%, 72.4%, 70.6%, 51.6%, 53.0%]",27.84705882352941,"[0.0%, 41.6%, 44.8%, 10.2%, 86.6%, 10.2%, 21.6%, 9.6%, 32.6%, 51.4%, 23.0%, 21.0%, 46.4%, 30.8%, 21.4%, 11.6%, 10.6%]",35.69411764705882,"[45.0%, 16.8%, 28.4%, 44.6%, 56.0%, 38.0%, 21.6%, 17.2%, 48.4%, 41.4%, 53.4%, 8.0%, 46.4%, 48.6%, 30.8%, 31.6%, 30.6%]"
17,parallel,1,1,0.15,11.531867527961731,8.222763776779175,0.0001111111111111111,64.4111111111111,"[56.4%, 69.8%, 71.8%, 63.0%, 86.6%, 68.6%, 73.0%, 63.0%, 68.4%, 76.0%, 76.0%, 65.0%, 74.2%, 72.4%, 70.6%, 51.6%, 53.0%, 0.0%]",,,,
17,parallel,2,2,0.15,7.1673165440559385,6.25050014257431,0.0001111111111111111,64.4111111111111,"[56.4%, 69.8%, 71.8%, 63.0%, 86.6%, 68.6%, 73.0%, 63.0%, 68.4%, 76.0%, 76.0%, 65.0%, 74.2%, 72.4%, 70.6%, 51.6%, 53.0%, 0.0%]",,,,
17,parallel,3,3,0.15,5.471017694473266,4.677376449108124,0.0001111111111111111,64.4111111111111,"[56.4%, 69.8%, 71.8%, 63.0%, 86.6%, 68.6%, 73.0%, 63.0%, 68.4%, 76.0%, 76.0%, 65.0%, 74.2%, 72.4%, 70.6%, 51.6%, 53.0%, 0.0%]",,,,
17,parallel,4,4,0.15,3.9434100806713106,3.222170352935791,0.0001111111111111111,64.4111111111111,"[56.4%, 69.8%, 71.8%, 63.0%, 86.6%, 68.6%, 73.0%, 63.0%, 68.4%, 76.0%, 76.0%, 65.0%, 74.2%, 72.4%, 70.6%, 51.6%, 53.0%, 0.0%]",,,,
17,parallel,5,5,0.14891955,2.688354641199112,2.250034213066101,0.0001111111111111111,65.52222222222221,"[56.4%, 69.8%, 71.8%, 63.0%, 86.6%, 68.6%, 73.0%, 63.0%, 68.4%, 76.0%, 76.0%, 65.0%, 74.2%, 72.4%, 70.6%, 51.6%, 53.0%, 20.0%]",,,,
17,parallel,6,6,0.14465190789473684,2.1772073924541475,1.9532004743814468,0.0001111111111111111,65.52222222222221,"[56.4%, 69.8%, 71.8%, 63.0%, 86.6%, 68.6%, 73.0%, 63.0%, 68.4%, 76.0%, 76.0%, 65.0%, 74.2%, 72.4%, 70.6%, 51.6%, 53.0%, 20.0%]",,,,
17,parallel,7,7,0.14047091842105264,2.0062873393297194,1.8544415384531021,0.0001111111111111111,65.52222222222221,"[56.4%, 69.8%, 71.8%, 63.0%, 86.6%, 68.6%, 73.0%, 63.0%, 68.4%, 76.0%, 76.0%, 65.0%, 74.2%, 72.4%, 70.6%, 51.6%, 53.0%, 20.0%]",,,,
17,parallel,8,8,0.1363765815789474,1.9050556004047394,1.7947925925254822,0.0001111111111111111,65.52222222222221,"[56.4%, 69.8%, 71.8%, 63.0%, 86.6%, 68.6%, 73.0%, 63.0%, 68.4%, 76.0%, 76.0%, 65.0%, 74.2%, 72.4%, 70.6%, 51.6%, 53.0%, 20.0%]",,,,
17,parallel,9,9,0.13236889736842106,1.8813462495803832,1.7782088816165924,0.0001111111111111111,65.52222222222221,"[56.4%, 69.8%, 71.8%, 63.0%, 86.6%, 68.6%, 73.0%, 63.0%, 68.4%, 76.0%, 76.0%, 65.0%, 74.2%, 72.4%, 70.6%, 51.6%, 53.0%, 20.0%]",,,,
17,parallel,10,10,0.12844786578947368,1.7658968150615693,1.7242771089076996,0.0001111111111111111,65.52222222222221,"[56.4%, 69.8%, 71.8%, 63.0%, 86.6%, 68.6%, 73.0%, 63.0%, 68.4%, 76.0%, 76.0%, 65.0%, 74.2%, 72.4%, 70.6%, 51.6%, 53.0%, 20.0%]",,,,
17,parallel,11,11,0.12461348684210526,1.7049194157123566,1.6842300742864609,0.0001111111111111111,65.52222222222221,"[56.4%, 69.8%, 71.8%, 63.0%, 86.6%, 68.6%, 73.0%, 63.0%, 68.4%, 76.0%, 76.0%, 65.0%, 74.2%, 72.4%, 70.6%, 51.6%, 53.0%, 20.0%]",,,,
17,parallel,12,12,0.12086576052631579,1.6776398092508316,1.6656192541122437,0.0001111111111111111,65.52222222222221,"[56.4%, 69.8%, 71.8%, 63.0%, 86.6%, 68.6%, 73.0%, 63.0%, 68.4%, 76.0%, 76.0%, 65.0%, 74.2%, 72.4%, 70.6%, 51.6%, 53.0%, 20.0%]",,,,
17,parallel,13,13,0.11720468684210526,1.6591573089361191,1.6517919898033142,0.0001111111111111111,65.52222222222221,"[56.4%, 69.8%, 71.8%, 63.0%, 86.6%, 68.6%, 73.0%, 63.0%, 68.4%, 76.0%, 76.0%, 65.0%, 74.2%, 72.4%, 70.6%, 51.6%, 53.0%, 20.0%]",,,,
17,parallel,14,14,0.11363026578947368,1.6508732050657273,1.6440017521381378,0.0001111111111111111,65.52222222222221,"[56.4%, 69.8%, 71.8%, 63.0%, 86.6%, 68.6%, 73.0%, 63.0%, 68.4%, 76.0%, 76.0%, 65.0%, 74.2%, 72.4%, 70.6%, 51.6%, 53.0%, 20.0%]",,,,
17,parallel,15,15,0.11014249736842106,1.6450467497110366,1.6389839798212051,0.0001111111111111111,65.52222222222221,"[56.4%, 69.8%, 71.8%, 63.0%, 86.6%, 68.6%, 73.0%, 63.0%, 68.4%, 76.0%, 76.0%, 65.0%, 74.2%, 72.4%, 70.6%, 51.6%, 53.0%, 20.0%]",,,,
17,parallel,16,16,0.10674138157894737,1.640864646434784,1.6340456753969193,0.0001111111111111111,65.52222222222221,"[56.4%, 69.8%, 71.8%, 63.0%, 86.6%, 68.6%, 73.0%, 63.0%, 68.4%, 76.0%, 76.0%, 65.0%, 74.2%, 72.4%, 70.6%, 51.6%, 53.0%, 20.0%]",,,,
17,parallel,17,17,0.10342691842105263,1.6714298397302627,1.6725788712501526,0.0001111111111111111,65.52222222222221,"[56.4%, 69.8%, 71.8%, 63.0%, 86.6%, 68.6%, 73.0%, 63.0%, 68.4%, 76.0%, 76.0%, 65.0%, 74.2%, 72.4%, 70.6%, 51.6%, 53.0%, 20.0%]",,,,
17,parallel,18,18,0.10019910789473684,1.7448180258274077,1.703524336218834,0.0001111111111111111,65.52222222222221,"[56.4%, 69.8%, 71.8%, 63.0%, 86.6%, 68.6%, 73.0%, 63.0%, 68.4%, 76.0%, 76.0%, 65.0%, 74.2%, 72.4%, 70.6%, 51.6%, 53.0%, 20.0%]",,,,
17,parallel,19,19,0.09705795000000002,1.764286568760872,1.719830259680748,0.0001111111111111111,65.52222222222221,"[56.4%, 69.8%, 71.8%, 63.0%, 86.6%, 68.6%, 73.0%, 63.0%, 68.4%, 76.0%, 76.0%, 65.0%, 74.2%, 72.4%, 70.6%, 51.6%, 53.0%, 20.0%]",,,,
17,parallel,20,20,0.0940034447368421,1.689766213297844,1.6645444631576538,0.0001111111111111111,65.52222222222221,"[56.4%, 69.8%, 71.8%, 63.0%, 86.6%, 68.6%, 73.0%, 63.0%, 68.4%, 76.0%, 76.0%, 65.0%, 74.2%, 72.4%, 70.6%, 51.6%, 53.0%, 20.0%]",,,,
17,parallel,21,21,0.09103559210526316,1.6596857756376266,1.645182192325592,0.0001111111111111111,65.52222222222221,"[56.4%, 69.8%, 71.8%, 63.0%, 86.6%, 68.6%, 73.0%, 63.0%, 68.4%, 76.0%, 76.0%, 65.0%, 74.2%, 72.4%, 70.6%, 51.6%, 53.0%, 20.0%]",,,,
17,parallel,22,22,0.08815439210526316,1.6430850952863694,1.6362998634576797,0.0001111111111111111,65.52222222222221,"[56.4%, 69.8%, 71.8%, 63.0%, 86.6%, 68.6%, 73.0%, 63.0%, 68.4%, 76.0%, 76.0%, 65.0%, 74.2%, 72.4%, 70.6%, 51.6%, 53.0%, 20.0%]",,,,
17,parallel,23,23,0.0853598447368421,1.6426428258419037,1.636382520198822,0.0001111111111111111,65.52222222222221,"[56.4%, 69.8%, 71.8%, 63.0%, 86.6%, 68.6%, 73.0%, 63.0%, 68.4%, 76.0%, 76.0%, 65.0%, 74.2%, 72.4%, 70.6%, 51.6%, 53.0%, 20.0%]",,,,
17,parallel,24,24,0.08265195,1.6363267183303833,1.6344896107912064,0.0001111111111111111,65.52222222222221,"[56.4%, 69.8%, 71.8%, 63.0%, 86.6%, 68.6%, 73.0%, 63.0%, 68.4%, 76.0%, 76.0%, 65.0%, 74.2%, 72.4%, 70.6%, 51.6%, 53.0%, 20.0%]",,,,
17,parallel,25,25,0.08003070789473685,1.6367339879274367,1.6295835375785828,0.0001111111111111111,65.52222222222221,"[56.4%, 69.8%, 71.8%, 63.0%, 86.6%, 68.6%, 73.0%, 63.0%, 68.4%, 76.0%, 76.0%, 65.0%, 74.2%, 72.4%, 70.6%, 51.6%, 53.0%, 20.0%]",,,,
17,parallel,26,26,0.07749611842105263,1.6301221966743469,1.6211141496896744,0.0001111111111111111,65.56666666666666,"[56.4%, 69.8%, 71.8%, 63.0%, 86.6%, 68.6%, 73.0%, 63.0%, 68.4%, 76.0%, 76.0%, 65.0%, 74.2%, 72.4%, 70.6%, 51.6%, 53.0%, 20.8%]",,,,
17,parallel,27,27,0.07504818157894737,1.6210509955883026,1.582551285624504,0.0001111111111111111,66.06666666666666,"[56.4%, 69.8%, 71.8%, 63.0%, 86.6%, 68.6%, 73.0%, 63.0%, 68.4%, 76.0%, 76.0%, 65.0%, 74.2%, 72.4%, 70.6%, 51.6%, 53.0%, 29.8%]",,,,
17,parallel,28,28,0.07268689736842104,1.5246242851018905,1.4173977673053741,0.0001111111111111111,66.28888888888888,"[56.4%, 69.8%, 71.8%, 63.0%, 86.6%, 68.6%, 73.0%, 63.0%, 68.4%, 76.0%, 76.0%, 65.0%, 74.2%, 72.4%, 70.6%, 51.6%, 53.0%, 33.8%]",,,,
17,parallel,29,29,0.07041226578947368,1.4732538044452668,1.4005290418863297,0.0001111111111111111,66.3111111111111,"[56.4%, 69.8%, 71.8%, 63.0%, 86.6%, 68.6%, 73.0%, 63.0%, 68.4%, 76.0%, 76.0%, 65.0%, 74.2%, 72.4%, 70.6%, 51.6%, 53.0%, 34.2%]",,,,
17,parallel,30,30,0.06822428684210527,1.4470658123493194,1.379819244146347,0.0001111111111111111,66.43333333333334,"[56.4%, 69.8%, 71.8%, 63.0%, 86.6%, 68.6%, 73.0%, 63.0%, 68.4%, 76.0%, 76.0%, 65.0%, 74.2%, 72.4%, 70.6%, 51.6%, 53.0%, 36.4%]",,,,
17,parallel,31,31,0.06612296052631579,1.4088928759098054,1.3488812744617462,0.0001111111111111111,66.3111111111111,"[56.4%, 69.8%, 71.8%, 63.0%, 86.6%, 68.6%, 73.0%, 63.0%, 68.4%, 76.0%, 76.0%, 65.0%, 74.2%, 72.4%, 70.6%, 51.6%, 53.0%, 34.2%]",,,,
17,parallel,32,32,0.06410828684210526,1.3832484275102614,1.3194226175546646,0.0001111111111111111,66.95555555555555,"[56.4%, 69.8%, 71.8%, 63.0%, 86.6%, 68.6%, 73.0%, 63.0%, 68.4%, 76.0%, 76.0%, 65.0%, 74.2%, 72.4%, 70.6%, 51.6%, 53.0%, 45.8%]",,,,
17,parallel,33,33,0.06218026578947369,1.4577041268348694,1.3944793492555618,0.0001111111111111111,66.54444444444444,"[56.4%, 69.8%, 71.8%, 63.0%, 86.6%, 68.6%, 73.0%, 63.0%, 68.4%, 76.0%, 76.0%, 65.0%, 74.2%, 72.4%, 70.6%, 51.6%, 53.0%, 38.4%]",,,,
17,parallel,34,34,0.06033889736842106,1.484816598892212,1.4302656054496765,0.0001111111111111111,66.56666666666666,"[56.4%, 69.8%, 71.8%, 63.0%, 86.6%, 68.6%, 73.0%, 63.0%, 68.4%, 76.0%, 76.0%, 65.0%, 74.2%, 72.4%, 70.6%, 51.6%, 53.0%, 38.8%]",,,,
17,parallel,35,35,0.058584181578947375,1.4375138223171233,1.3747315108776093,0.0001111111111111111,66.55555555555554,"[56.4%, 69.8%, 71.8%, 63.0%, 86.6%, 68.6%, 73.0%, 63.0%, 68.4%, 76.0%, 76.0%, 65.0%, 74.2%, 72.4%, 70.6%, 51.6%, 53.0%, 38.6%]",,,,
17,parallel,36,36,0.05691611842105264,1.3990231990814208,1.3339077830314636,0.0001111111111111111,66.57777777777777,"[56.4%, 69.8%, 71.8%, 63.0%, 86.6%, 68.6%, 73.0%, 63.0%, 68.4%, 76.0%, 76.0%, 65.0%, 74.2%, 72.4%, 70.6%, 51.6%, 53.0%, 39.0%]",,,,
17,parallel,37,37,0.05533470789473685,1.456634971499443,1.3439942300319672,0.0001111111111111111,66.86666666666666,"[56.4%, 69.8%, 71.8%, 63.0%, 86.6%, 68.6%, 73.0%, 63.0%, 68.4%, 76.0%, 76.0%, 65.0%, 74.2%, 72.4%, 70.6%, 51.6%, 53.0%, 44.2%]",,,,
17,parallel,38,38,0.053839950000000004,1.4296096026897431,1.3175166845321655,0.0001111111111111111,66.83333333333331,"[56.4%, 69.8%, 71.8%, 63.0%, 86.6%, 68.6%, 73.0%, 63.0%, 68.4%, 76.0%, 76.0%, 65.0%, 74.2%, 72.4%, 70.6%, 51.6%, 53.0%, 43.6%]",,,,
17,parallel,39,39,0.052431844736842106,1.374386414885521,1.3110125362873077,0.0001111111111111111,66.85555555555555,"[56.4%, 69.8%, 71.8%, 63.0%, 86.6%, 68.6%, 73.0%, 63.0%, 68.4%, 76.0%, 76.0%, 65.0%, 74.2%, 72.4%, 70.6%, 51.6%, 53.0%, 44.0%]",,,,
17,parallel,40,40,0.051110392105263164,1.3302310824394226,1.3220978826284409,0.0001111111111111111,66.76666666666667,"[56.4%, 69.8%, 71.8%, 63.0%, 86.6%, 68.6%, 73.0%, 63.0%, 68.4%, 76.0%, 76.0%, 65.0%, 74.2%, 72.4%, 70.6%, 51.6%, 53.0%, 42.4%]",,,,
17,parallel,41,41,0.04987559210526316,1.3782030880451202,1.299225315451622,0.0001111111111111111,66.82222222222222,"[56.4%, 69.8%, 71.8%, 63.0%, 86.6%, 68.6%, 73.0%, 63.0%, 68.4%, 76.0%, 76.0%, 65.0%, 74.2%, 72.4%, 70.6%, 51.6%, 53.0%, 43.4%]",,,,
17,parallel,42,42,0.04872744473684211,1.3496180057525635,1.3019991666078568,0.0001111111111111111,66.76666666666667,"[56.4%, 69.8%, 71.8%, 63.0%, 86.6%, 68.6%, 73.0%, 63.0%, 68.4%, 76.0%, 76.0%, 65.0%, 74.2%, 72.4%, 70.6%, 51.6%, 53.0%, 42.4%]",,,,
17,parallel,43,43,0.047665950000000006,1.3291002094745636,1.2543879747390747,0.0001111111111111111,67.0111111111111,"[56.4%, 69.8%, 71.8%, 63.0%, 86.6%, 68.6%, 73.0%, 63.0%, 68.4%, 76.0%, 76.0%, 65.0%, 74.2%, 72.4%, 70.6%, 51.6%, 53.0%, 46.8%]",,,,
17,parallel,44,44,0.04669110789473685,1.4462481498718263,1.4170489758253098,0.0001111111111111111,66.34444444444443,"[56.4%, 69.8%, 71.8%, 63.0%, 86.6%, 68.6%, 73.0%, 63.0%, 68.4%, 76.0%, 76.0%, 65.0%, 74.2%, 72.4%, 70.6%, 51.6%, 53.0%, 34.8%]",,,,
17,parallel,45,45,0.045802918421052635,1.4115838766098023,1.3718583136796951,0.0001111111111111111,66.55555555555554,"[56.4%, 69.8%, 71.8%, 63.0%, 86.6%, 68.6%, 73.0%, 63.0%, 68.4%, 76.0%, 76.0%, 65.0%, 74.2%, 72.4%, 70.6%, 51.6%, 53.0%, 38.6%]",,,,
17,parallel,46,46,0.045001381578947376,1.3734024167060852,1.3315569013357162,0.0001111111111111111,66.71111111111111,"[56.4%, 69.8%, 71.8%, 63.0%, 86.6%, 68.6%, 73.0%, 63.0%, 68.4%, 76.0%, 76.0%, 65.0%, 74.2%, 72.4%, 70.6%, 51.6%, 53.0%, 41.4%]",,,,
17,parallel,47,47,0.04428649736842106,1.3563929885625838,1.3069390878081322,0.0001111111111111111,66.87777777777778,"[56.4%, 69.8%, 71.8%, 63.0%, 86.6%, 68.6%, 73.0%, 63.0%, 68.4%, 76.0%, 76.0%, 65.0%, 74.2%, 72.4%, 70.6%, 51.6%, 53.0%, 44.4%]",,,,
17,parallel,48,48,0.04365826578947369,1.3487043499946594,1.2692251726984978,0.0001111111111111111,66.95555555555555,"[56.4%, 69.8%, 71.8%, 63.0%, 86.6%, 68.6%, 73.0%, 63.0%, 68.4%, 76.0%, 76.0%, 65.0%, 74.2%, 72.4%, 70.6%, 51.6%, 53.0%, 45.8%]",,,,
17,parallel,49,49,0.04311668684210527,1.3514263600111007,1.2858728170394897,0.0001111111111111111,66.75555555555555,"[56.4%, 69.8%, 71.8%, 63.0%, 86.6%, 68.6%, 73.0%, 63.0%, 68.4%, 76.0%, 76.0%, 65.0%, 74.2%, 72.4%, 70.6%, 51.6%, 53.0%, 42.2%]",,,,
17,parallel,50,50,0.042661760526315796,1.3330750167369843,1.2685703784227371,0.0001111111111111111,66.93333333333334,"[56.4%, 69.8%, 71.8%, 63.0%, 86.6%, 68.6%, 73.0%, 63.0%, 68.4%, 76.0%, 76.0%, 65.0%, 74.2%, 72.4%, 70.6%, 51.6%, 53.0%, 45.4%]",,,,
17,parallel,51,51,0.042293486842105266,1.321080031991005,1.2426906824111938,0.0001111111111111111,66.93333333333334,"[56.4%, 69.8%, 71.8%, 63.0%, 86.6%, 68.6%, 73.0%, 63.0%, 68.4%, 76.0%, 76.0%, 65.0%, 74.2%, 72.4%, 70.6%, 51.6%, 53.0%, 45.4%]",,,,
17,parallel,52,52,0.04201186578947369,1.3045954406261444,1.244556374847889,0.0001111111111111111,66.97777777777777,"[56.4%, 69.8%, 71.8%, 63.0%, 86.6%, 68.6%, 73.0%, 63.0%, 68.4%, 76.0%, 76.0%, 65.0%, 74.2%, 72.4%, 70.6%, 51.6%, 53.0%, 46.2%]",,,,
17,parallel,53,53,0.041816897368421056,1.2942702680826188,1.2306441590189934,0.0001111111111111111,67.06666666666666,"[56.4%, 69.8%, 71.8%, 63.0%, 86.6%, 68.6%, 73.0%, 63.0%, 68.4%, 76.0%, 76.0%, 65.0%, 74.2%, 72.4%, 70.6%, 51.6%, 53.0%, 47.8%]",,,,
17,parallel,54,54,0.04170858157894738,1.2837225407361985,1.208718404173851,0.0001111111111111111,66.98888888888888,"[56.4%, 69.8%, 71.8%, 63.0%, 86.6%, 68.6%, 73.0%, 63.0%, 68.4%, 76.0%, 76.0%, 65.0%, 74.2%, 72.4%, 70.6%, 51.6%, 53.0%, 46.4%]",,,,
17,parallel,55,55,0.041684210526315796,1.2925574898719787,1.2291409894824028,0.0001111111111111111,66.95555555555555,"[56.4%, 69.8%, 71.8%, 63.0%, 86.6%, 68.6%, 73.0%, 63.0%, 68.4%, 76.0%, 76.0%, 65.0%, 74.2%, 72.4%, 70.6%, 51.6%, 53.0%, 45.8%]",,,,
17,weights,1,56,0.041684210526315796,1.2814661592245102,1.226930096745491,0.0001111111111111111,66.84444444444443,"[56.4%, 69.8%, 71.8%, 63.0%, 86.6%, 68.6%, 73.0%, 63.0%, 68.4%, 76.0%, 76.0%, 65.0%, 74.2%, 72.4%, 70.6%, 51.6%, 53.0%, 43.8%]",,,,
17,weights,2,57,0.041684210526315796,1.2499158725142478,1.207423448562622,0.0001111111111111111,66.99999999999999,"[56.4%, 69.8%, 71.8%, 63.0%, 86.6%, 68.6%, 73.0%, 63.0%, 68.4%, 76.0%, 76.0%, 65.0%, 74.2%, 72.4%, 70.6%, 51.6%, 53.0%, 46.6%]",,,,
17,weights,3,58,0.041684210526315796,1.2200847774744035,1.1938040629029274,0.0001111111111111111,67.1,"[56.4%, 69.8%, 71.8%, 63.0%, 86.6%, 68.6%, 73.0%, 63.0%, 68.4%, 76.0%, 76.0%, 65.0%, 74.2%, 72.4%, 70.6%, 51.6%, 53.0%, 48.4%]",,,,
17,weights,4,59,0.041684210526315796,1.2188242107629776,1.184858776628971,0.0001111111111111111,67.08888888888889,"[56.4%, 69.8%, 71.8%, 63.0%, 86.6%, 68.6%, 73.0%, 63.0%, 68.4%, 76.0%, 76.0%, 65.0%, 74.2%, 72.4%, 70.6%, 51.6%, 53.0%, 48.2%]",,,,
17,weights,5,60,0.041684210526315796,1.2139758184552192,1.1910850182175636,0.0001111111111111111,67.17777777777776,"[56.4%, 69.8%, 71.8%, 63.0%, 86.6%, 68.6%, 73.0%, 63.0%, 68.4%, 76.0%, 76.0%, 65.0%, 74.2%, 72.4%, 70.6%, 51.6%, 53.0%, 49.8%]",,,,
17,weights,6,61,0.041684210526315796,1.2030989825725555,1.1662676632404327,0.0001111111111111111,67.22222222222221,"[56.4%, 69.8%, 71.8%, 63.0%, 86.6%, 68.6%, 73.0%, 63.0%, 68.4%, 76.0%, 76.0%, 65.0%, 74.2%, 72.4%, 70.6%, 51.6%, 53.0%, 50.6%]",,,,
17,weights,7,62,0.041684210526315796,1.184865865111351,1.1858357414603233,0.0001111111111111111,67.23333333333332,"[56.4%, 69.8%, 71.8%, 63.0%, 86.6%, 68.6%, 73.0%, 63.0%, 68.4%, 76.0%, 76.0%, 65.0%, 74.2%, 72.4%, 70.6%, 51.6%, 53.0%, 50.8%]",,,,
17,weights,8,63,0.041684210526315796,1.1800126448273658,1.1548780053853989,0.0001111111111111111,67.16666666666666,"[56.4%, 69.8%, 71.8%, 63.0%, 86.6%, 68.6%, 73.0%, 63.0%, 68.4%, 76.0%, 76.0%, 65.0%, 74.2%, 72.4%, 70.6%, 51.6%, 53.0%, 49.6%]",,,,
17,weights,9,64,0.041684210526315796,1.1825315624475479,1.1321266740560532,0.0001111111111111111,67.4111111111111,"[56.4%, 69.8%, 71.8%, 63.0%, 86.6%, 68.6%, 73.0%, 63.0%, 68.4%, 76.0%, 76.0%, 65.0%, 74.2%, 72.4%, 70.6%, 51.6%, 53.0%, 54.0%]",,,,
17,weights,10,65,0.041684210526315796,1.1505267098546028,1.1301062777638435,0.0001111111111111111,67.3111111111111,"[56.4%, 69.8%, 71.8%, 63.0%, 86.6%, 68.6%, 73.0%, 63.0%, 68.4%, 76.0%, 76.0%, 65.0%, 74.2%, 72.4%, 70.6%, 51.6%, 53.0%, 52.2%]",,,,
17,weights,11,66,0.041684210526315796,1.1553638756275177,1.0993675291538239,0.0001111111111111111,67.43333333333334,"[56.4%, 69.8%, 71.8%, 63.0%, 86.6%, 68.6%, 73.0%, 63.0%, 68.4%, 76.0%, 76.0%, 65.0%, 74.2%, 72.4%, 70.6%, 51.6%, 53.0%, 54.4%]",,,,
17,weights,12,67,0.041684210526315796,1.1290218561887742,1.1080748289823532,0.0001111111111111111,67.33333333333331,"[56.4%, 69.8%, 71.8%, 63.0%, 86.6%, 68.6%, 73.0%, 63.0%, 68.4%, 76.0%, 76.0%, 65.0%, 74.2%, 72.4%, 70.6%, 51.6%, 53.0%, 52.6%]",,,,
17,weights,13,68,0.041684210526315796,1.0972240209579467,1.0888915061950684,0.0001111111111111111,67.47777777777777,"[56.4%, 69.8%, 71.8%, 63.0%, 86.6%, 68.6%, 73.0%, 63.0%, 68.4%, 76.0%, 76.0%, 65.0%, 74.2%, 72.4%, 70.6%, 51.6%, 53.0%, 55.2%]",,,,
17,weights,14,69,0.041684210526315796,1.1374122738838195,1.075053133070469,0.0001111111111111111,67.47777777777777,"[56.4%, 69.8%, 71.8%, 63.0%, 86.6%, 68.6%, 73.0%, 63.0%, 68.4%, 76.0%, 76.0%, 65.0%, 74.2%, 72.4%, 70.6%, 51.6%, 53.0%, 55.2%]",,,,
17,weights,15,70,0.041684210526315796,1.0852359652519226,1.0700488835573196,0.0001111111111111111,67.48888888888888,"[56.4%, 69.8%, 71.8%, 63.0%, 86.6%, 68.6%, 73.0%, 63.0%, 68.4%, 76.0%, 76.0%, 65.0%, 74.2%, 72.4%, 70.6%, 51.6%, 53.0%, 55.4%]",,,,
17,weights,16,71,0.041684210526315796,1.0911469474434852,1.1146094501018524,0.0001111111111111111,67.35555555555555,"[56.4%, 69.8%, 71.8%, 63.0%, 86.6%, 68.6%, 73.0%, 63.0%, 68.4%, 76.0%, 76.0%, 65.0%, 74.2%, 72.4%, 70.6%, 51.6%, 53.0%, 53.0%]",,,,
17,weights,17,72,0.041684210526315796,1.1152074605226516,1.0684862658381462,0.0001111111111111111,67.57777777777777,"[56.4%, 69.8%, 71.8%, 63.0%, 86.6%, 68.6%, 73.0%, 63.0%, 68.4%, 76.0%, 76.0%, 65.0%, 74.2%, 72.4%, 70.6%, 51.6%, 53.0%, 57.0%]",,,,
17,weights,18,73,0.041684210526315796,1.079059125483036,1.078188180923462,0.0001111111111111111,67.52222222222221,"[56.4%, 69.8%, 71.8%, 63.0%, 86.6%, 68.6%, 73.0%, 63.0%, 68.4%, 76.0%, 76.0%, 65.0%, 74.2%, 72.4%, 70.6%, 51.6%, 53.0%, 56.0%]",,,,
17,weights,19,74,0.041684210526315796,1.0496187523007392,1.0794234424829483,0.0001111111111111111,67.48888888888888,"[56.4%, 69.8%, 71.8%, 63.0%, 86.6%, 68.6%, 73.0%, 63.0%, 68.4%, 76.0%, 76.0%, 65.0%, 74.2%, 72.4%, 70.6%, 51.6%, 53.0%, 55.4%]",,,,
17,weights,20,75,0.041684210526315796,1.0548288270831108,1.078761838376522,0.0001111111111111111,67.57777777777777,"[56.4%, 69.8%, 71.8%, 63.0%, 86.6%, 68.6%, 73.0%, 63.0%, 68.4%, 76.0%, 76.0%, 65.0%, 74.2%, 72.4%, 70.6%, 51.6%, 53.0%, 57.0%]",,,,
17,weights,21,76,0.041684210526315796,1.0245253175497055,1.0381796061992645,0.0001111111111111111,67.67777777777776,"[56.4%, 69.8%, 71.8%, 63.0%, 86.6%, 68.6%, 73.0%, 63.0%, 68.4%, 76.0%, 76.0%, 65.0%, 74.2%, 72.4%, 70.6%, 51.6%, 53.0%, 58.8%]",,,,
17,weights,22,77,0.041684210526315796,1.0229269176721574,1.0508298426866531,0.0001111111111111111,67.6222222222222,"[56.4%, 69.8%, 71.8%, 63.0%, 86.6%, 68.6%, 73.0%, 63.0%, 68.4%, 76.0%, 76.0%, 65.0%, 74.2%, 72.4%, 70.6%, 51.6%, 53.0%, 57.8%]",,,,
17,weights,23,78,0.041684210526315796,1.0413452938199044,1.0412260219454765,0.0001111111111111111,67.69999999999999,"[56.4%, 69.8%, 71.8%, 63.0%, 86.6%, 68.6%, 73.0%, 63.0%, 68.4%, 76.0%, 76.0%, 65.0%, 74.2%, 72.4%, 70.6%, 51.6%, 53.0%, 59.2%]",,,,
17,weights,24,79,0.041684210526315796,1.0152837187051773,1.0471046417951584,0.0001111111111111111,67.6111111111111,"[56.4%, 69.8%, 71.8%, 63.0%, 86.6%, 68.6%, 73.0%, 63.0%, 68.4%, 76.0%, 76.0%, 65.0%, 74.2%, 72.4%, 70.6%, 51.6%, 53.0%, 57.6%]",,,,
17,weights,25,80,0.041684210526315796,1.023831084370613,1.0410681068897247,0.0001111111111111111,67.67777777777776,"[56.4%, 69.8%, 71.8%, 63.0%, 86.6%, 68.6%, 73.0%, 63.0%, 68.4%, 76.0%, 76.0%, 65.0%, 74.2%, 72.4%, 70.6%, 51.6%, 53.0%, 58.8%]",26.299999999999997,"[0.0%, 41.6%, 44.8%, 10.2%, 86.6%, 10.2%, 21.6%, 9.6%, 32.6%, 51.4%, 23.0%, 21.0%, 46.4%, 30.8%, 21.4%, 11.6%, 10.6%, 0.0%]",34.84444444444444,"[45.0%, 9.8%, 19.4%, 44.6%, 56.0%, 38.0%, 21.6%, 17.2%, 38.8%, 41.4%, 53.4%, 15.4%, 46.4%, 48.6%, 20.6%, 25.6%, 30.6%, 54.8%]"
18,parallel,1,1,0.1,10.651277458667755,7.39738667011261,0.0001111111111111111,64.1157894736842,"[56.4%, 69.8%, 71.8%, 63.0%, 86.6%, 68.6%, 73.0%, 63.0%, 68.4%, 76.0%, 76.0%, 65.0%, 74.2%, 72.4%, 70.6%, 51.6%, 53.0%, 58.8%, 0.0%]",,,,
18,parallel,2,2,0.1,6.755086207389832,6.203064799308777,0.0001111111111111111,64.1157894736842,"[56.4%, 69.8%, 71.8%, 63.0%, 86.6%, 68.6%, 73.0%, 63.0%, 68.4%, 76.0%, 76.0%, 65.0%, 74.2%, 72.4%, 70.6%, 51.6%, 53.0%, 58.8%, 0.0%]",,,,
18,parallel,3,3,0.1,5.726922559738159,5.247215747833252,0.0001111111111111111,64.1157894736842,"[56.4%, 69.8%, 71.8%, 63.0%, 86.6%, 68.6%, 73.0%, 63.0%, 68.4%, 76.0%, 76.0%, 65.0%, 74.2%, 72.4%, 70.6%, 51.6%, 53.0%, 58.8%, 0.0%]",,,,
18,parallel,4,4,0.1,4.838478469848633,4.442818582057953,0.0001111111111111111,64.1157894736842,"[56.4%, 69.8%, 71.8%, 63.0%, 86.6%, 68.6%, 73.0%, 63.0%, 68.4%, 76.0%, 76.0%, 65.0%, 74.2%, 72.4%, 70.6%, 51.6%, 53.0%, 58.8%, 0.0%]",,,,
18,parallel,5,5,0.099407905,4.073538887500763,3.7108960151672363,0.0001111111111111111,64.1157894736842,"[56.4%, 69.8%, 71.8%, 63.0%, 86.6%, 68.6%, 73.0%, 63.0%, 68.4%, 76.0%, 76.0%, 65.0%, 74.2%, 72.4%, 70.6%, 51.6%, 53.0%, 58.8%, 0.0%]",,,,
18,parallel,6,6,0.09706920394736843,3.279714423418045,2.771928131580353,0.0001111111111111111,65.16842105263157,"[56.4%, 69.8%, 71.8%, 63.0%, 86.6%, 68.6%, 73.0%, 63.0%, 68.4%, 76.0%, 76.0%, 65.0%, 74.2%, 72.4%, 70.6%, 51.6%, 53.0%, 58.8%, 20.0%]",,,,
18,parallel,7,7,0.09477798921052633,2.367336755990982,2.043149083852768,0.0001111111111111111,65.16842105263157,"[56.4%, 69.8%, 71.8%, 63.0%, 86.6%, 68.6%, 73.0%, 63.0%, 68.4%, 76.0%, 76.0%, 65.0%, 74.2%, 72.4%, 70.6%, 51.6%, 53.0%, 58.8%, 20.0%]",,,,
18,parallel,8,8,0.0925342607894737,2.053781068325043,1.858193263411522,0.0001111111111111111,65.16842105263157,"[56.4%, 69.8%, 71.8%, 63.0%, 86.6%, 68.6%, 73.0%, 63.0%, 68.4%, 76.0%, 76.0%, 65.0%, 74.2%, 72.4%, 70.6%, 51.6%, 53.0%, 58.8%, 20.0%]",,,,
18,parallel,9,9,0.09033801868421054,1.7909906327724456,1.7380502820014954,0.0001111111111111111,65.16842105263157,"[56.4%, 69.8%, 71.8%, 63.0%, 86.6%, 68.6%, 73.0%, 63.0%, 68.4%, 76.0%, 76.0%, 65.0%, 74.2%, 72.4%, 70.6%, 51.6%, 53.0%, 58.8%, 20.0%]",,,,
18,parallel,10,10,0.08818926289473684,1.7235748916864395,1.692284181714058,0.0001111111111111111,65.16842105263157,"[56.4%, 69.8%, 71.8%, 63.0%, 86.6%, 68.6%, 73.0%, 63.0%, 68.4%, 76.0%, 76.0%, 65.0%, 74.2%, 72.4%, 70.6%, 51.6%, 53.0%, 58.8%, 20.0%]",,,,
18,parallel,11,11,0.08608799342105264,1.731732541322708,1.704372152686119,0.0001111111111111111,65.16842105263157,"[56.4%, 69.8%, 71.8%, 63.0%, 86.6%, 68.6%, 73.0%, 63.0%, 68.4%, 76.0%, 76.0%, 65.0%, 74.2%, 72.4%, 70.6%, 51.6%, 53.0%, 58.8%, 20.0%]",,,,
18,parallel,12,12,0.0840342102631579,1.701766249537468,1.675403207540512,0.0001111111111111111,65.16842105263157,"[56.4%, 69.8%, 71.8%, 63.0%, 86.6%, 68.6%, 73.0%, 63.0%, 68.4%, 76.0%, 76.0%, 65.0%, 74.2%, 72.4%, 70.6%, 51.6%, 53.0%, 58.8%, 20.0%]",,,,
18,parallel,13,13,0.08202791342105265,1.6713147193193436,1.6592051535844803,0.0001111111111111111,65.16842105263157,"[56.4%, 69.8%, 71.8%, 63.0%, 86.6%, 68.6%, 73.0%, 63.0%, 68.4%, 76.0%, 76.0%, 65.0%, 74.2%, 72.4%, 70.6%, 51.6%, 53.0%, 58.8%, 20.0%]",,,,
18,parallel,14,14,0.08006910289473684,1.6795930474996568,1.6747229397296906,0.0001111111111111111,65.16842105263157,"[56.4%, 69.8%, 71.8%, 63.0%, 86.6%, 68.6%, 73.0%, 63.0%, 68.4%, 76.0%, 76.0%, 65.0%, 74.2%, 72.4%, 70.6%, 51.6%, 53.0%, 58.8%, 20.0%]",,,,
18,parallel,15,15,0.07815777868421053,1.6680216252803803,1.6600332707166672,0.0001111111111111111,65.16842105263157,"[56.4%, 69.8%, 71.8%, 63.0%, 86.6%, 68.6%, 73.0%, 63.0%, 68.4%, 76.0%, 76.0%, 65.0%, 74.2%, 72.4%, 70.6%, 51.6%, 53.0%, 58.8%, 20.0%]",,,,
18,parallel,16,16,0.07629394078947369,1.6661708921194076,1.6549659371376038,0.0001111111111111111,65.16842105263157,"[56.4%, 69.8%, 71.8%, 63.0%, 86.6%, 68.6%, 73.0%, 63.0%, 68.4%, 76.0%, 76.0%, 65.0%, 74.2%, 72.4%, 70.6%, 51.6%, 53.0%, 58.8%, 20.0%]",,,,
18,parallel,17,17,0.07447758921052633,1.652460652589798,1.6464790850877762,0.0001111111111111111,65.16842105263157,"[56.4%, 69.8%, 71.8%, 63.0%, 86.6%, 68.6%, 73.0%, 63.0%, 68.4%, 76.0%, 76.0%, 65.0%, 74.2%, 72.4%, 70.6%, 51.6%, 53.0%, 58.8%, 20.0%]",,,,
18,parallel,18,18,0.07270872394736842,1.6928055703639984,1.6705153286457062,0.0001111111111111111,65.22105263157894,"[56.4%, 69.8%, 71.8%, 63.0%, 86.6%, 68.6%, 73.0%, 63.0%, 68.4%, 76.0%, 76.0%, 65.0%, 74.2%, 72.4%, 70.6%, 51.6%, 53.0%, 58.8%, 21.0%]",,,,
18,parallel,19,19,0.07098734500000001,1.663944560289383,1.655001014471054,0.0001111111111111111,65.16842105263157,"[56.4%, 69.8%, 71.8%, 63.0%, 86.6%, 68.6%, 73.0%, 63.0%, 68.4%, 76.0%, 76.0%, 65.0%, 74.2%, 72.4%, 70.6%, 51.6%, 53.0%, 58.8%, 20.0%]",,,,
18,parallel,20,20,0.06931345236842107,1.6682982295751572,1.6585537791252136,0.0001111111111111111,65.16842105263157,"[56.4%, 69.8%, 71.8%, 63.0%, 86.6%, 68.6%, 73.0%, 63.0%, 68.4%, 76.0%, 76.0%, 65.0%, 74.2%, 72.4%, 70.6%, 51.6%, 53.0%, 58.8%, 20.0%]",,,,
18,parallel,21,21,0.0676870460526316,1.654746377468109,1.6471289545297623,0.0001111111111111111,65.16842105263157,"[56.4%, 69.8%, 71.8%, 63.0%, 86.6%, 68.6%, 73.0%, 63.0%, 68.4%, 76.0%, 76.0%, 65.0%, 74.2%, 72.4%, 70.6%, 51.6%, 53.0%, 58.8%, 20.0%]",,,,
18,parallel,22,22,0.06610812605263158,1.6463091969490051,1.6429769694805145,0.0001111111111111111,65.16842105263157,"[56.4%, 69.8%, 71.8%, 63.0%, 86.6%, 68.6%, 73.0%, 63.0%, 68.4%, 76.0%, 76.0%, 65.0%, 74.2%, 72.4%, 70.6%, 51.6%, 53.0%, 58.8%, 20.0%]",,,,
18,parallel,23,23,0.06457669236842106,1.6413095086812972,1.634485125541687,0.0001111111111111111,65.16842105263157,"[56.4%, 69.8%, 71.8%, 63.0%, 86.6%, 68.6%, 73.0%, 63.0%, 68.4%, 76.0%, 76.0%, 65.0%, 74.2%, 72.4%, 70.6%, 51.6%, 53.0%, 58.8%, 20.0%]",,,,
18,parallel,24,24,0.063092745,1.6782783359289168,1.665578618645668,0.0001111111111111111,65.16842105263157,"[56.4%, 69.8%, 71.8%, 63.0%, 86.6%, 68.6%, 73.0%, 63.0%, 68.4%, 76.0%, 76.0%, 65.0%, 74.2%, 72.4%, 70.6%, 51.6%, 53.0%, 58.8%, 20.0%]",,,,
18,parallel,25,25,0.061656283947368426,1.6613768875598907,1.651389703154564,0.0001111111111111111,65.16842105263157,"[56.4%, 69.8%, 71.8%, 63.0%, 86.6%, 68.6%, 73.0%, 63.0%, 68.4%, 76.0%, 76.0%, 65.0%, 74.2%, 72.4%, 70.6%, 51.6%, 53.0%, 58.8%, 20.0%]",,,,
18,parallel,26,26,0.060267309210526324,1.6486310213804245,1.6442024558782578,0.0001111111111111111,65.16842105263157,"[56.4%, 69.8%, 71.8%, 63.0%, 86.6%, 68.6%, 73.0%, 63.0%, 68.4%, 76.0%, 76.0%, 65.0%, 74.2%, 72.4%, 70.6%, 51.6%, 53.0%, 58.8%, 20.0%]",,,,
18,parallel,27,27,0.058925820789473685,1.6425157546997071,1.6361391097307205,0.0001111111111111111,65.16842105263157,"[56.4%, 69.8%, 71.8%, 63.0%, 86.6%, 68.6%, 73.0%, 63.0%, 68.4%, 76.0%, 76.0%, 65.0%, 74.2%, 72.4%, 70.6%, 51.6%, 53.0%, 58.8%, 20.0%]",,,,
18,parallel,28,28,0.05763181868421052,1.651617082953453,1.6416334360837936,0.0001111111111111111,65.16842105263157,"[56.4%, 69.8%, 71.8%, 63.0%, 86.6%, 68.6%, 73.0%, 63.0%, 68.4%, 76.0%, 76.0%, 65.0%, 74.2%, 72.4%, 70.6%, 51.6%, 53.0%, 58.8%, 20.0%]",,,,
18,parallel,29,29,0.05638530289473685,1.6831652224063873,1.6823378205299377,0.0001111111111111111,65.16842105263157,"[56.4%, 69.8%, 71.8%, 63.0%, 86.6%, 68.6%, 73.0%, 63.0%, 68.4%, 76.0%, 76.0%, 65.0%, 74.2%, 72.4%, 70.6%, 51.6%, 53.0%, 58.8%, 20.0%]",,,,
18,parallel,30,30,0.05518627342105264,1.6726955741643905,1.6617249697446823,0.0001111111111111111,65.16842105263157,"[56.4%, 69.8%, 71.8%, 63.0%, 86.6%, 68.6%, 73.0%, 63.0%, 68.4%, 76.0%, 76.0%, 65.0%, 74.2%, 72.4%, 70.6%, 51.6%, 53.0%, 58.8%, 20.0%]",,,,
18,parallel,31,31,0.0540347302631579,1.6625534027814866,1.6500361412763596,0.0001111111111111111,65.16842105263157,"[56.4%, 69.8%, 71.8%, 63.0%, 86.6%, 68.6%, 73.0%, 63.0%, 68.4%, 76.0%, 76.0%, 65.0%, 74.2%, 72.4%, 70.6%, 51.6%, 53.0%, 58.8%, 20.0%]",,,,
18,parallel,32,32,0.052930673421052635,1.6468479067087174,1.6422706842422485,0.0001111111111111111,65.16842105263157,"[56.4%, 69.8%, 71.8%, 63.0%, 86.6%, 68.6%, 73.0%, 63.0%, 68.4%, 76.0%, 76.0%, 65.0%, 74.2%, 72.4%, 70.6%, 51.6%, 53.0%, 58.8%, 20.0%]",,,,
18,parallel,33,33,0.05187410289473685,1.6588744521141052,1.6511829644441605,0.0001111111111111111,65.16842105263157,"[56.4%, 69.8%, 71.8%, 63.0%, 86.6%, 68.6%, 73.0%, 63.0%, 68.4%, 76.0%, 76.0%, 65.0%, 74.2%, 72.4%, 70.6%, 51.6%, 53.0%, 58.8%, 20.0%]",,,,
18,parallel,34,34,0.05086501868421053,1.647844624519348,1.6442142874002457,0.0001111111111111111,65.2421052631579,"[56.4%, 69.8%, 71.8%, 63.0%, 86.6%, 68.6%, 73.0%, 63.0%, 68.4%, 76.0%, 76.0%, 65.0%, 74.2%, 72.4%, 70.6%, 51.6%, 53.0%, 58.8%, 21.4%]",,,,
18,parallel,35,35,0.04990342078947369,1.6446797639131545,1.6365218758583069,0.0001111111111111111,65.43157894736841,"[56.4%, 69.8%, 71.8%, 63.0%, 86.6%, 68.6%, 73.0%, 63.0%, 68.4%, 76.0%, 76.0%, 65.0%, 74.2%, 72.4%, 70.6%, 51.6%, 53.0%, 58.8%, 25.0%]",,,,
18,parallel,36,36,0.04898930921052633,1.6321489632129669,1.6164652407169342,0.0001111111111111111,65.82105263157894,"[56.4%, 69.8%, 71.8%, 63.0%, 86.6%, 68.6%, 73.0%, 63.0%, 68.4%, 76.0%, 76.0%, 65.0%, 74.2%, 72.4%, 70.6%, 51.6%, 53.0%, 58.8%, 32.4%]",,,,
18,parallel,37,37,0.048122683947368426,1.644301822781563,1.5864022076129913,0.0001111111111111111,65.6736842105263,"[56.4%, 69.8%, 71.8%, 63.0%, 86.6%, 68.6%, 73.0%, 63.0%, 68.4%, 76.0%, 76.0%, 65.0%, 74.2%, 72.4%, 70.6%, 51.6%, 53.0%, 58.8%, 29.6%]",,,,
18,parallel,38,38,0.04730354500000001,1.4814843028783797,1.3538594990968704,0.0001111111111111111,65.97894736842105,"[56.4%, 69.8%, 71.8%, 63.0%, 86.6%, 68.6%, 73.0%, 63.0%, 68.4%, 76.0%, 76.0%, 65.0%, 74.2%, 72.4%, 70.6%, 51.6%, 53.0%, 58.8%, 35.4%]",,,,
18,parallel,39,39,0.046531892368421056,1.5903832077980042,1.4014252722263336,0.0001111111111111111,65.8736842105263,"[56.4%, 69.8%, 71.8%, 63.0%, 86.6%, 68.6%, 73.0%, 63.0%, 68.4%, 76.0%, 76.0%, 65.0%, 74.2%, 72.4%, 70.6%, 51.6%, 53.0%, 58.8%, 33.4%]",,,,
18,parallel,40,40,0.04580772605263159,1.359947967529297,1.2703260630369186,0.0001111111111111111,66.1578947368421,"[56.4%, 69.8%, 71.8%, 63.0%, 86.6%, 68.6%, 73.0%, 63.0%, 68.4%, 76.0%, 76.0%, 65.0%, 74.2%, 72.4%, 70.6%, 51.6%, 53.0%, 58.8%, 38.8%]",,,,
18,parallel,41,41,0.04513104605263159,1.305192878842354,1.2443937957286835,0.0001111111111111111,66.18947368421053,"[56.4%, 69.8%, 71.8%, 63.0%, 86.6%, 68.6%, 73.0%, 63.0%, 68.4%, 76.0%, 76.0%, 65.0%, 74.2%, 72.4%, 70.6%, 51.6%, 53.0%, 58.8%, 39.4%]",,,,
18,parallel,42,42,0.04450185236842106,1.280430221557617,1.2357915043830872,0.0001111111111111111,66.16842105263157,"[56.4%, 69.8%, 71.8%, 63.0%, 86.6%, 68.6%, 73.0%, 63.0%, 68.4%, 76.0%, 76.0%, 65.0%, 74.2%, 72.4%, 70.6%, 51.6%, 53.0%, 58.8%, 39.0%]",,,,
18,parallel,43,43,0.04392014500000001,1.2597745597362517,1.2058324590325356,0.0001111111111111111,66.19999999999999,"[56.4%, 69.8%, 71.8%, 63.0%, 86.6%, 68.6%, 73.0%, 63.0%, 68.4%, 76.0%, 76.0%, 65.0%, 74.2%, 72.4%, 70.6%, 51.6%, 53.0%, 58.8%, 39.6%]",,,,
18,parallel,44,44,0.04338592394736843,1.2648331761360168,1.180721789598465,0.0001111111111111111,66.39999999999999,"[56.4%, 69.8%, 71.8%, 63.0%, 86.6%, 68.6%, 73.0%, 63.0%, 68.4%, 76.0%, 76.0%, 65.0%, 74.2%, 72.4%, 70.6%, 51.6%, 53.0%, 58.8%, 43.4%]",,,,
18,parallel,45,45,0.04289918921052632,1.2228373110294342,1.1712766289710999,0.0001111111111111111,66.44210526315788,"[56.4%, 69.8%, 71.8%, 63.0%, 86.6%, 68.6%, 73.0%, 63.0%, 68.4%, 76.0%, 76.0%, 65.0%, 74.2%, 72.4%, 70.6%, 51.6%, 53.0%, 58.8%, 44.2%]",,,,
18,parallel,46,46,0.042459940789473696,1.1840996146202087,1.1518055647611618,0.0001111111111111111,66.71578947368421,"[56.4%, 69.8%, 71.8%, 63.0%, 86.6%, 68.6%, 73.0%, 63.0%, 68.4%, 76.0%, 76.0%, 65.0%, 74.2%, 72.4%, 70.6%, 51.6%, 53.0%, 58.8%, 49.4%]",,,,
18,parallel,47,47,0.04206817868421053,1.1690180420875549,1.1078411787748337,0.0001111111111111111,66.76842105263158,"[56.4%, 69.8%, 71.8%, 63.0%, 86.6%, 68.6%, 73.0%, 63.0%, 68.4%, 76.0%, 76.0%, 65.0%, 74.2%, 72.4%, 70.6%, 51.6%, 53.0%, 58.8%, 50.4%]",,,,
18,parallel,48,48,0.04172390289473685,1.151475152373314,1.104971095919609,0.0001111111111111111,66.90526315789472,"[56.4%, 69.8%, 71.8%, 63.0%, 86.6%, 68.6%, 73.0%, 63.0%, 68.4%, 76.0%, 76.0%, 65.0%, 74.2%, 72.4%, 70.6%, 51.6%, 53.0%, 58.8%, 53.0%]",,,,
18,parallel,49,49,0.04142711342105264,1.1464516147971153,1.0882798582315445,0.0001111111111111111,66.99999999999999,"[56.4%, 69.8%, 71.8%, 63.0%, 86.6%, 68.6%, 73.0%, 63.0%, 68.4%, 76.0%, 76.0%, 65.0%, 74.2%, 72.4%, 70.6%, 51.6%, 53.0%, 58.8%, 54.8%]",,,,
18,parallel,50,50,0.0411778102631579,1.119589811563492,1.0614706873893738,0.0001111111111111111,67.17894736842105,"[56.4%, 69.8%, 71.8%, 63.0%, 86.6%, 68.6%, 73.0%, 63.0%, 68.4%, 76.0%, 76.0%, 65.0%, 74.2%, 72.4%, 70.6%, 51.6%, 53.0%, 58.8%, 58.2%]",,,,
18,parallel,51,51,0.04097599342105264,1.1287815019488334,1.0654159784317017,0.0001111111111111111,67.04210526315788,"[56.4%, 69.8%, 71.8%, 63.0%, 86.6%, 68.6%, 73.0%, 63.0%, 68.4%, 76.0%, 76.0%, 65.0%, 74.2%, 72.4%, 70.6%, 51.6%, 53.0%, 58.8%, 55.6%]",,,,
18,parallel,52,52,0.04082166289473685,1.118512934446335,1.0414716303348541,0.0001111111111111111,67.1578947368421,"[56.4%, 69.8%, 71.8%, 63.0%, 86.6%, 68.6%, 73.0%, 63.0%, 68.4%, 76.0%, 76.0%, 65.0%, 74.2%, 72.4%, 70.6%, 51.6%, 53.0%, 58.8%, 57.8%]",,,,
18,parallel,53,53,0.040714818684210535,1.0861667692661285,1.0527469664812088,0.0001111111111111111,67.14736842105262,"[56.4%, 69.8%, 71.8%, 63.0%, 86.6%, 68.6%, 73.0%, 63.0%, 68.4%, 76.0%, 76.0%, 65.0%, 74.2%, 72.4%, 70.6%, 51.6%, 53.0%, 58.8%, 57.6%]",,,,
18,parallel,54,54,0.04065546078947369,1.065921188890934,0.9961450099945068,0.0001111111111111111,67.23157894736842,"[56.4%, 69.8%, 71.8%, 63.0%, 86.6%, 68.6%, 73.0%, 63.0%, 68.4%, 76.0%, 76.0%, 65.0%, 74.2%, 72.4%, 70.6%, 51.6%, 53.0%, 58.8%, 59.2%]",,,,
18,parallel,55,55,0.0406421052631579,1.0384621813893318,0.9952106699347496,0.0001111111111111111,67.23157894736842,"[56.4%, 69.8%, 71.8%, 63.0%, 86.6%, 68.6%, 73.0%, 63.0%, 68.4%, 76.0%, 76.0%, 65.0%, 74.2%, 72.4%, 70.6%, 51.6%, 53.0%, 58.8%, 59.2%]",,,,
18,weights,1,56,0.0406421052631579,1.0216414391994477,1.0046014711260796,0.0001111111111111111,67.21052631578947,"[56.4%, 69.8%, 71.8%, 63.0%, 86.6%, 68.6%, 73.0%, 63.0%, 68.4%, 76.0%, 76.0%, 65.0%, 74.2%, 72.4%, 70.6%, 51.6%, 53.0%, 58.8%, 58.8%]",,,,
18,weights,2,57,0.0406421052631579,1.0283161126077176,0.9754390046000481,0.0001111111111111111,67.38947368421051,"[56.4%, 69.8%, 71.8%, 63.0%, 86.6%, 68.6%, 73.0%, 63.0%, 68.4%, 76.0%, 76.0%, 65.0%, 74.2%, 72.4%, 70.6%, 51.6%, 53.0%, 58.8%, 62.2%]",,,,
18,weights,3,58,0.0406421052631579,0.9876620128750802,1.0286141857504845,0.0001111111111111111,67.30526315789473,"[56.4%, 69.8%, 71.8%, 63.0%, 86.6%, 68.6%, 73.0%, 63.0%, 68.4%, 76.0%, 76.0%, 65.0%, 74.2%, 72.4%, 70.6%, 51.6%, 53.0%, 58.8%, 60.6%]",,,,
18,weights,4,59,0.0406421052631579,0.9962908983230591,0.96551563590765,0.0001111111111111111,67.44210526315788,"[56.4%, 69.8%, 71.8%, 63.0%, 86.6%, 68.6%, 73.0%, 63.0%, 68.4%, 76.0%, 76.0%, 65.0%, 74.2%, 72.4%, 70.6%, 51.6%, 53.0%, 58.8%, 63.2%]",,,,
18,weights,5,60,0.0406421052631579,0.9976981744170189,0.9581244513392448,0.0001111111111111111,67.41052631578945,"[56.4%, 69.8%, 71.8%, 63.0%, 86.6%, 68.6%, 73.0%, 63.0%, 68.4%, 76.0%, 76.0%, 65.0%, 74.2%, 72.4%, 70.6%, 51.6%, 53.0%, 58.8%, 62.6%]",,,,
18,weights,6,61,0.0406421052631579,0.9488916724920273,0.9457989409565926,0.0001111111111111111,67.42105263157893,"[56.4%, 69.8%, 71.8%, 63.0%, 86.6%, 68.6%, 73.0%, 63.0%, 68.4%, 76.0%, 76.0%, 65.0%, 74.2%, 72.4%, 70.6%, 51.6%, 53.0%, 58.8%, 62.8%]",,,,
18,weights,7,62,0.0406421052631579,0.9308813661336899,0.9206256791949272,0.0001111111111111111,67.57894736842104,"[56.4%, 69.8%, 71.8%, 63.0%, 86.6%, 68.6%, 73.0%, 63.0%, 68.4%, 76.0%, 76.0%, 65.0%, 74.2%, 72.4%, 70.6%, 51.6%, 53.0%, 58.8%, 65.8%]",,,,
18,weights,8,63,0.0406421052631579,0.9307020857930184,0.9042741507291794,0.0001111111111111111,67.49473684210525,"[56.4%, 69.8%, 71.8%, 63.0%, 86.6%, 68.6%, 73.0%, 63.0%, 68.4%, 76.0%, 76.0%, 65.0%, 74.2%, 72.4%, 70.6%, 51.6%, 53.0%, 58.8%, 64.2%]",,,,
18,weights,9,64,0.0406421052631579,0.9362182721495629,0.8848594799637794,0.0001111111111111111,67.62105263157893,"[56.4%, 69.8%, 71.8%, 63.0%, 86.6%, 68.6%, 73.0%, 63.0%, 68.4%, 76.0%, 76.0%, 65.0%, 74.2%, 72.4%, 70.6%, 51.6%, 53.0%, 58.8%, 66.6%]",,,,
18,weights,10,65,0.0406421052631579,0.9001576781272889,0.8716020658612251,0.0001111111111111111,67.6,"[56.4%, 69.8%, 71.8%, 63.0%, 86.6%, 68.6%, 73.0%, 63.0%, 68.4%, 76.0%, 76.0%, 65.0%, 74.2%, 72.4%, 70.6%, 51.6%, 53.0%, 58.8%, 66.2%]",,,,
18,weights,11,66,0.0406421052631579,0.9305019035935402,0.8607109934091568,0.0001111111111111111,67.54736842105262,"[56.4%, 69.8%, 71.8%, 63.0%, 86.6%, 68.6%, 73.0%, 63.0%, 68.4%, 76.0%, 76.0%, 65.0%, 74.2%, 72.4%, 70.6%, 51.6%, 53.0%, 58.8%, 65.2%]",,,,
18,weights,12,67,0.0406421052631579,0.8728678226470947,0.9012147039175034,0.0001111111111111111,67.46315789473682,"[56.4%, 69.8%, 71.8%, 63.0%, 86.6%, 68.6%, 73.0%, 63.0%, 68.4%, 76.0%, 76.0%, 65.0%, 74.2%, 72.4%, 70.6%, 51.6%, 53.0%, 58.8%, 63.6%]",,,,
18,weights,13,68,0.0406421052631579,0.8809899851679802,0.8540380448102951,0.0001111111111111111,67.48421052631578,"[56.4%, 69.8%, 71.8%, 63.0%, 86.6%, 68.6%, 73.0%, 63.0%, 68.4%, 76.0%, 76.0%, 65.0%, 74.2%, 72.4%, 70.6%, 51.6%, 53.0%, 58.8%, 64.0%]",,,,
18,weights,14,69,0.0406421052631579,0.8326958868652582,0.8802356421947479,0.0001111111111111111,67.52631578947367,"[56.4%, 69.8%, 71.8%, 63.0%, 86.6%, 68.6%, 73.0%, 63.0%, 68.4%, 76.0%, 76.0%, 65.0%, 74.2%, 72.4%, 70.6%, 51.6%, 53.0%, 58.8%, 64.8%]",,,,
18,weights,15,70,0.0406421052631579,0.8300394847989082,0.8507542833685875,0.0001111111111111111,67.57894736842104,"[56.4%, 69.8%, 71.8%, 63.0%, 86.6%, 68.6%, 73.0%, 63.0%, 68.4%, 76.0%, 76.0%, 65.0%, 74.2%, 72.4%, 70.6%, 51.6%, 53.0%, 58.8%, 65.8%]",,,,
18,weights,16,71,0.0406421052631579,0.821346940100193,0.8860243260860443,0.0001111111111111111,67.45263157894736,"[56.4%, 69.8%, 71.8%, 63.0%, 86.6%, 68.6%, 73.0%, 63.0%, 68.4%, 76.0%, 76.0%, 65.0%, 74.2%, 72.4%, 70.6%, 51.6%, 53.0%, 58.8%, 63.4%]",,,,
18,weights,17,72,0.0406421052631579,0.8274705365300179,0.8096062541007996,0.0001111111111111111,67.61052631578947,"[56.4%, 69.8%, 71.8%, 63.0%, 86.6%, 68.6%, 73.0%, 63.0%, 68.4%, 76.0%, 76.0%, 65.0%, 74.2%, 72.4%, 70.6%, 51.6%, 53.0%, 58.8%, 66.4%]",,,,
18,weights,18,73,0.0406421052631579,0.7876512840390205,0.7975295670330524,0.0001111111111111111,67.69473684210526,"[56.4%, 69.8%, 71.8%, 63.0%, 86.6%, 68.6%, 73.0%, 63.0%, 68.4%, 76.0%, 76.0%, 65.0%, 74.2%, 72.4%, 70.6%, 51.6%, 53.0%, 58.8%, 68.0%]",,,,
18,weights,19,74,0.0406421052631579,0.8314134731888772,0.8014805503189564,0.0001111111111111111,67.64210526315789,"[56.4%, 69.8%, 71.8%, 63.0%, 86.6%, 68.6%, 73.0%, 63.0%, 68.4%, 76.0%, 76.0%, 65.0%, 74.2%, 72.4%, 70.6%, 51.6%, 53.0%, 58.8%, 67.0%]",,,,
18,weights,20,75,0.0406421052631579,0.8330872625112533,0.8077862188220024,0.0001111111111111111,67.6736842105263,"[56.4%, 69.8%, 71.8%, 63.0%, 86.6%, 68.6%, 73.0%, 63.0%, 68.4%, 76.0%, 76.0%, 65.0%, 74.2%, 72.4%, 70.6%, 51.6%, 53.0%, 58.8%, 67.6%]",,,,
18,weights,21,76,0.0406421052631579,0.8116248041391373,0.843475230038166,0.0001111111111111111,67.6,"[56.4%, 69.8%, 71.8%, 63.0%, 86.6%, 68.6%, 73.0%, 63.0%, 68.4%, 76.0%, 76.0%, 65.0%, 74.2%, 72.4%, 70.6%, 51.6%, 53.0%, 58.8%, 66.2%]",,,,
18,weights,22,77,0.0406421052631579,0.8181488186120986,0.8082282021641731,0.0001111111111111111,67.6,"[56.4%, 69.8%, 71.8%, 63.0%, 86.6%, 68.6%, 73.0%, 63.0%, 68.4%, 76.0%, 76.0%, 65.0%, 74.2%, 72.4%, 70.6%, 51.6%, 53.0%, 58.8%, 66.2%]",,,,
18,weights,23,78,0.0406421052631579,0.8199539929628372,0.801119688898325,0.0001111111111111111,67.69473684210526,"[56.4%, 69.8%, 71.8%, 63.0%, 86.6%, 68.6%, 73.0%, 63.0%, 68.4%, 76.0%, 76.0%, 65.0%, 74.2%, 72.4%, 70.6%, 51.6%, 53.0%, 58.8%, 68.0%]",,,,
18,weights,24,79,0.0406421052631579,0.773373244702816,0.7991979382932186,0.0001111111111111111,67.65263157894736,"[56.4%, 69.8%, 71.8%, 63.0%, 86.6%, 68.6%, 73.0%, 63.0%, 68.4%, 76.0%, 76.0%, 65.0%, 74.2%, 72.4%, 70.6%, 51.6%, 53.0%, 58.8%, 67.2%]",,,,
18,weights,25,80,0.0406421052631579,0.7994501486420631,0.7788207307457924,0.0001111111111111111,67.74736842105263,"[56.4%, 69.8%, 71.8%, 63.0%, 86.6%, 68.6%, 73.0%, 63.0%, 68.4%, 76.0%, 76.0%, 65.0%, 74.2%, 72.4%, 70.6%, 51.6%, 53.0%, 58.8%, 69.0%]",24.91578947368421,"[0.0%, 41.6%, 44.8%, 10.2%, 86.6%, 10.2%, 21.6%, 9.6%, 32.6%, 51.4%, 23.0%, 21.0%, 46.4%, 30.8%, 21.4%, 11.6%, 10.6%, 0.0%, 0.0%]",33.694736842105264,"[45.0%, 16.8%, 28.4%, 44.6%, 56.0%, 38.0%, 18.0%, 17.2%, 38.8%, 32.2%, 42.0%, 8.0%, 46.4%, 39.6%, 30.8%, 31.6%, 30.6%, 49.2%, 27.0%]"
19,parallel,1,1,0.05,5.706382942199707,5.302624404430389,0.0001111111111111111,64.35999999999999,"[56.4%, 69.8%, 71.8%, 63.0%, 86.6%, 68.6%, 73.0%, 63.0%, 68.4%, 76.0%, 76.0%, 65.0%, 74.2%, 72.4%, 70.6%, 51.6%, 53.0%, 58.8%, 69.0%, 0.0%]",,,,
19,parallel,2,2,0.05,5.133418500423431,4.977569401264191,0.0001111111111111111,64.35999999999999,"[56.4%, 69.8%, 71.8%, 63.0%, 86.6%, 68.6%, 73.0%, 63.0%, 68.4%, 76.0%, 76.0%, 65.0%, 74.2%, 72.4%, 70.6%, 51.6%, 53.0%, 58.8%, 69.0%, 0.0%]",,,,
19,parallel,3,3,0.05,4.8751222610473635,4.783111155033112,0.0001111111111111111,64.35999999999999,"[56.4%, 69.8%, 71.8%, 63.0%, 86.6%, 68.6%, 73.0%, 63.0%, 68.4%, 76.0%, 76.0%, 65.0%, 74.2%, 72.4%, 70.6%, 51.6%, 53.0%, 58.8%, 69.0%, 0.0%]",,,,
19,parallel,4,4,0.05,4.6939772963523865,4.594937205314636,0.0001111111111111111,64.35999999999999,"[56.4%, 69.8%, 71.8%, 63.0%, 86.6%, 68.6%, 73.0%, 63.0%, 68.4%, 76.0%, 76.0%, 65.0%, 74.2%, 72.4%, 70.6%, 51.6%, 53.0%, 58.8%, 69.0%, 0.0%]",,,,
19,parallel,5,5,0.049896260000000005,4.4729526996612545,4.311062037944794,0.0001111111111111111,64.35999999999999,"[56.4%, 69.8%, 71.8%, 63.0%, 86.6%, 68.6%, 73.0%, 63.0%, 68.4%, 76.0%, 76.0%, 65.0%, 74.2%, 72.4%, 70.6%, 51.6%, 53.0%, 58.8%, 69.0%, 0.0%]",,,,
19,parallel,6,6,0.0494865,4.063048440217972,3.7755006551742554,0.0001111111111111111,64.35999999999999,"[56.4%, 69.8%, 71.8%, 63.0%, 86.6%, 68.6%, 73.0%, 63.0%, 68.4%, 76.0%, 76.0%, 65.0%, 74.2%, 72.4%, 70.6%, 51.6%, 53.0%, 58.8%, 69.0%, 0.0%]",,,,
19,parallel,7,7,0.04908506,3.50515655875206,3.2360627353191376,0.0001111111111111111,64.35999999999999,"[56.4%, 69.8%, 71.8%, 63.0%, 86.6%, 68.6%, 73.0%, 63.0%, 68.4%, 76.0%, 76.0%, 65.0%, 74.2%, 72.4%, 70.6%, 51.6%, 53.0%, 58.8%, 69.0%, 0.0%]",,,,
19,parallel,8,8,0.04869194,3.1793118476867677,2.953527420759201,0.0001111111111111111,64.35999999999999,"[56.4%, 69.8%, 71.8%, 63.0%, 86.6%, 68.6%, 73.0%, 63.0%, 68.4%, 76.0%, 76.0%, 65.0%, 74.2%, 72.4%, 70.6%, 51.6%, 53.0%, 58.8%, 69.0%, 0.0%]",,,,
19,parallel,9,9,0.048307140000000005,2.7648562133312224,2.5817056596279144,0.0001111111111111111,65.35999999999999,"[56.4%, 69.8%, 71.8%, 63.0%, 86.6%, 68.6%, 73.0%, 63.0%, 68.4%, 76.0%, 76.0%, 65.0%, 74.2%, 72.4%, 70.6%, 51.6%, 53.0%, 58.8%, 69.0%, 20.0%]",,,,
19,parallel,10,10,0.04793066,2.4354138493537905,2.2948497235774994,0.0001111111111111111,65.35999999999999,"[56.4%, 69.8%, 71.8%, 63.0%, 86.6%, 68.6%, 73.0%, 63.0%, 68.4%, 76.0%, 76.0%, 65.0%, 74.2%, 72.4%, 70.6%, 51.6%, 53.0%, 58.8%, 69.0%, 20.0%]",,,,
19,parallel,11,11,0.04756250000000001,2.192085975408554,2.0952606201171875,0.0001111111111111111,65.35999999999999,"[56.4%, 69.8%, 71.8%, 63.0%, 86.6%, 68.6%, 73.0%, 63.0%, 68.4%, 76.0%, 76.0%, 65.0%, 74.2%, 72.4%, 70.6%, 51.6%, 53.0%, 58.8%, 69.0%, 20.0%]",,,,
19,parallel,12,12,0.04720266000000001,2.026483750343323,1.96355701982975,0.0001111111111111111,65.35999999999999,"[56.4%, 69.8%, 71.8%, 63.0%, 86.6%, 68.6%, 73.0%, 63.0%, 68.4%, 76.0%, 76.0%, 65.0%, 74.2%, 72.4%, 70.6%, 51.6%, 53.0%, 58.8%, 69.0%, 20.0%]",,,,
19,parallel,13,13,0.046851140000000006,1.9161258518695832,1.8630242198705673,0.0001111111111111111,65.35999999999999,"[56.4%, 69.8%, 71.8%, 63.0%, 86.6%, 68.6%, 73.0%, 63.0%, 68.4%, 76.0%, 76.0%, 65.0%, 74.2%, 72.4%, 70.6%, 51.6%, 53.0%, 58.8%, 69.0%, 20.0%]",,,,
19,parallel,14,14,0.046507940000000005,1.8318519324064255,1.8053184747695923,0.0001111111111111111,65.35999999999999,"[56.4%, 69.8%, 71.8%, 63.0%, 86.6%, 68.6%, 73.0%, 63.0%, 68.4%, 76.0%, 76.0%, 65.0%, 74.2%, 72.4%, 70.6%, 51.6%, 53.0%, 58.8%, 69.0%, 20.0%]",,,,
19,parallel,15,15,0.04617306000000001,1.785721528530121,1.7669924348592758,0.0001111111111111111,65.35999999999999,"[56.4%, 69.8%, 71.8%, 63.0%, 86.6%, 68.6%, 73.0%, 63.0%, 68.4%, 76.0%, 76.0%, 65.0%, 74.2%, 72.4%, 70.6%, 51.6%, 53.0%, 58.8%, 69.0%, 20.0%]",,,,
19,parallel,16,16,0.045846500000000005,1.7526929020881652,1.7383032441139221,0.0001111111111111111,65.35999999999999,"[56.4%, 69.8%, 71.8%, 63.0%, 86.6%, 68.6%, 73.0%, 63.0%, 68.4%, 76.0%, 76.0%, 65.0%, 74.2%, 72.4%, 70.6%, 51.6%, 53.0%, 58.8%, 69.0%, 20.0%]",,,,
19,parallel,17,17,0.04552826000000001,1.7284318566322328,1.7179147601127625,0.0001111111111111111,65.35999999999999,"[56.4%, 69.8%, 71.8%, 63.0%, 86.6%, 68.6%, 73.0%, 63.0%, 68.4%, 76.0%, 76.0%, 65.0%, 74.2%, 72.4%, 70.6%, 51.6%, 53.0%, 58.8%, 69.0%, 20.0%]",,,,
19,parallel,18,18,0.04521834,1.7102889955043792,1.701824888586998,0.0001111111111111111,65.35999999999999,"[56.4%, 69.8%, 71.8%, 63.0%, 86.6%, 68.6%, 73.0%, 63.0%, 68.4%, 76.0%, 76.0%, 65.0%, 74.2%, 72.4%, 70.6%, 51.6%, 53.0%, 58.8%, 69.0%, 20.0%]",,,,
19,parallel,19,19,0.04491674000000001,1.6961203396320343,1.6889498382806778,0.0001111111111111111,65.35999999999999,"[56.4%, 69.8%, 71.8%, 63.0%, 86.6%, 68.6%, 73.0%, 63.0%, 68.4%, 76.0%, 76.0%, 65.0%, 74.2%, 72.4%, 70.6%, 51.6%, 53.0%, 58.8%, 69.0%, 20.0%]",,,,
19,parallel,20,20,0.044623460000000004,1.6850000858306884,1.6787480115890503,0.0001111111111111111,65.35999999999999,"[56.4%, 69.8%, 71.8%, 63.0%, 86.6%, 68.6%, 73.0%, 63.0%, 68.4%, 76.0%, 76.0%, 65.0%, 74.2%, 72.4%, 70.6%, 51.6%, 53.0%, 58.8%, 69.0%, 20.0%]",,,,
19,parallel,21,21,0.04433850000000001,1.6761285066604614,1.6714952141046524,0.0001111111111111111,65.35999999999999,"[56.4%, 69.8%, 71.8%, 63.0%, 86.6%, 68.6%, 73.0%, 63.0%, 68.4%, 76.0%, 76.0%, 65.0%, 74.2%, 72.4%, 70.6%, 51.6%, 53.0%, 58.8%, 69.0%, 20.0%]",,,,
19,parallel,22,22,0.04406186000000001,1.668181124329567,1.6642034500837326,0.0001111111111111111,65.35999999999999,"[56.4%, 69.8%, 71.8%, 63.0%, 86.6%, 68.6%, 73.0%, 63.0%, 68.4%, 76.0%, 76.0%, 65.0%, 74.2%, 72.4%, 70.6%, 51.6%, 53.0%, 58.8%, 69.0%, 20.0%]",,,,
19,parallel,23,23,0.043793540000000006,1.6627392768859863,1.6592276245355606,0.0001111111111111111,65.35999999999999,"[56.4%, 69.8%, 71.8%, 63.0%, 86.6%, 68.6%, 73.0%, 63.0%, 68.4%, 76.0%, 76.0%, 65.0%, 74.2%, 72.4%, 70.6%, 51.6%, 53.0%, 58.8%, 69.0%, 20.0%]",,,,
19,parallel,24,24,0.04353354000000001,1.6572765767574311,1.6540145725011826,0.0001111111111111111,65.35999999999999,"[56.4%, 69.8%, 71.8%, 63.0%, 86.6%, 68.6%, 73.0%, 63.0%, 68.4%, 76.0%, 76.0%, 65.0%, 74.2%, 72.4%, 70.6%, 51.6%, 53.0%, 58.8%, 69.0%, 20.0%]",,,,
19,parallel,25,25,0.043281860000000005,1.653729757666588,1.6504597663879395,0.0001111111111111111,65.35999999999999,"[56.4%, 69.8%, 71.8%, 63.0%, 86.6%, 68.6%, 73.0%, 63.0%, 68.4%, 76.0%, 76.0%, 65.0%, 74.2%, 72.4%, 70.6%, 51.6%, 53.0%, 58.8%, 69.0%, 20.0%]",,,,
19,parallel,26,26,0.04303850000000001,1.6504021525382995,1.6468084156513214,0.0001111111111111111,65.35999999999999,"[56.4%, 69.8%, 71.8%, 63.0%, 86.6%, 68.6%, 73.0%, 63.0%, 68.4%, 76.0%, 76.0%, 65.0%, 74.2%, 72.4%, 70.6%, 51.6%, 53.0%, 58.8%, 69.0%, 20.0%]",,,,
19,parallel,27,27,0.04280346000000001,1.6468772560358047,1.6442191451787949,0.0001111111111111111,65.35999999999999,"[56.4%, 69.8%, 71.8%, 63.0%, 86.6%, 68.6%, 73.0%, 63.0%, 68.4%, 76.0%, 76.0%, 65.0%, 74.2%, 72.4%, 70.6%, 51.6%, 53.0%, 58.8%, 69.0%, 20.0%]",,,,
19,parallel,28,28,0.04257674000000001,1.6428296953439712,1.6421836614608765,0.0001111111111111111,65.35999999999999,"[56.4%, 69.8%, 71.8%, 63.0%, 86.6%, 68.6%, 73.0%, 63.0%, 68.4%, 76.0%, 76.0%, 65.0%, 74.2%, 72.4%, 70.6%, 51.6%, 53.0%, 58.8%, 69.0%, 20.0%]",,,,
19,parallel,29,29,0.04235834000000001,1.6406843692064286,1.639342039823532,0.0001111111111111111,65.35999999999999,"[56.4%, 69.8%, 71.8%, 63.0%, 86.6%, 68.6%, 73.0%, 63.0%, 68.4%, 76.0%, 76.0%, 65.0%, 74.2%, 72.4%, 70.6%, 51.6%, 53.0%, 58.8%, 69.0%, 20.0%]",,,,
19,parallel,30,30,0.04214826000000001,1.6387517660856248,1.63721564412117,0.0001111111111111111,65.35999999999999,"[56.4%, 69.8%, 71.8%, 63.0%, 86.6%, 68.6%, 73.0%, 63.0%, 68.4%, 76.0%, 76.0%, 65.0%, 74.2%, 72.4%, 70.6%, 51.6%, 53.0%, 58.8%, 69.0%, 20.0%]",,,,
19,parallel,31,31,0.04194650000000001,1.6370797783136368,1.6349323391914368,0.0001111111111111111,65.35999999999999,"[56.4%, 69.8%, 71.8%, 63.0%, 86.6%, 68.6%, 73.0%, 63.0%, 68.4%, 76.0%, 76.0%, 65.0%, 74.2%, 72.4%, 70.6%, 51.6%, 53.0%, 58.8%, 69.0%, 20.0%]",,,,
19,parallel,32,32,0.04175306000000001,1.6345846682786942,1.6337486505508423,0.0001111111111111111,65.35999999999999,"[56.4%, 69.8%, 71.8%, 63.0%, 86.6%, 68.6%, 73.0%, 63.0%, 68.4%, 76.0%, 76.0%, 65.0%, 74.2%, 72.4%, 70.6%, 51.6%, 53.0%, 58.8%, 69.0%, 20.0%]",,,,
19,parallel,33,33,0.04156794000000001,1.6338916659355163,1.6322582215070724,0.0001111111111111111,65.35999999999999,"[56.4%, 69.8%, 71.8%, 63.0%, 86.6%, 68.6%, 73.0%, 63.0%, 68.4%, 76.0%, 76.0%, 65.0%, 74.2%, 72.4%, 70.6%, 51.6%, 53.0%, 58.8%, 69.0%, 20.0%]",,,,
19,parallel,34,34,0.04139114000000001,1.6323603719472886,1.6314123570919037,0.0001111111111111111,65.35999999999999,"[56.4%, 69.8%, 71.8%, 63.0%, 86.6%, 68.6%, 73.0%, 63.0%, 68.4%, 76.0%, 76.0%, 65.0%, 74.2%, 72.4%, 70.6%, 51.6%, 53.0%, 58.8%, 69.0%, 20.0%]",,,,
19,parallel,35,35,0.04122266000000001,1.6303982704877853,1.6301545351743698,0.0001111111111111111,65.35999999999999,"[56.4%, 69.8%, 71.8%, 63.0%, 86.6%, 68.6%, 73.0%, 63.0%, 68.4%, 76.0%, 76.0%, 65.0%, 74.2%, 72.4%, 70.6%, 51.6%, 53.0%, 58.8%, 69.0%, 20.0%]",,,,
19,parallel,36,36,0.04106250000000001,1.6300251722335815,1.628657951951027,0.0001111111111111111,65.35999999999999,"[56.4%, 69.8%, 71.8%, 63.0%, 86.6%, 68.6%, 73.0%, 63.0%, 68.4%, 76.0%, 76.0%, 65.0%, 74.2%, 72.4%, 70.6%, 51.6%, 53.0%, 58.8%, 69.0%, 20.0%]",,,,
19,parallel,37,37,0.04091066000000001,1.6281289994716643,1.6278776228427887,0.0001111111111111111,65.35999999999999,"[56.4%, 69.8%, 71.8%, 63.0%, 86.6%, 68.6%, 73.0%, 63.0%, 68.4%, 76.0%, 76.0%, 65.0%, 74.2%, 72.4%, 70.6%, 51.6%, 53.0%, 58.8%, 69.0%, 20.0%]",,,,
19,parallel,38,38,0.04076714000000001,1.6281704783439637,1.6264559477567673,0.0001111111111111111,65.35999999999999,"[56.4%, 69.8%, 71.8%, 63.0%, 86.6%, 68.6%, 73.0%, 63.0%, 68.4%, 76.0%, 76.0%, 65.0%, 74.2%, 72.4%, 70.6%, 51.6%, 53.0%, 58.8%, 69.0%, 20.0%]",,,,
19,parallel,39,39,0.04063194000000001,1.6269224017858506,1.6255175918340683,0.0001111111111111111,65.35999999999999,"[56.4%, 69.8%, 71.8%, 63.0%, 86.6%, 68.6%, 73.0%, 63.0%, 68.4%, 76.0%, 76.0%, 65.0%, 74.2%, 72.4%, 70.6%, 51.6%, 53.0%, 58.8%, 69.0%, 20.0%]",,,,
19,parallel,40,40,0.04050506000000001,1.6267730265855789,1.6251575946807861,0.0001111111111111111,65.35999999999999,"[56.4%, 69.8%, 71.8%, 63.0%, 86.6%, 68.6%, 73.0%, 63.0%, 68.4%, 76.0%, 76.0%, 65.0%, 74.2%, 72.4%, 70.6%, 51.6%, 53.0%, 58.8%, 69.0%, 20.0%]",,,,
19,parallel,41,41,0.04038650000000001,1.625236016511917,1.6240504533052444,0.0001111111111111111,65.35999999999999,"[56.4%, 69.8%, 71.8%, 63.0%, 86.6%, 68.6%, 73.0%, 63.0%, 68.4%, 76.0%, 76.0%, 65.0%, 74.2%, 72.4%, 70.6%, 51.6%, 53.0%, 58.8%, 69.0%, 20.0%]",,,,
19,parallel,42,42,0.04027626000000001,1.625664010643959,1.623020976781845,0.0001111111111111111,65.35999999999999,"[56.4%, 69.8%, 71.8%, 63.0%, 86.6%, 68.6%, 73.0%, 63.0%, 68.4%, 76.0%, 76.0%, 65.0%, 74.2%, 72.4%, 70.6%, 51.6%, 53.0%, 58.8%, 69.0%, 20.0%]",,,,
19,parallel,43,43,0.04017434000000001,1.624823135137558,1.6232795715332031,0.0001111111111111111,65.35999999999999,"[56.4%, 69.8%, 71.8%, 63.0%, 86.6%, 68.6%, 73.0%, 63.0%, 68.4%, 76.0%, 76.0%, 65.0%, 74.2%, 72.4%, 70.6%, 51.6%, 53.0%, 58.8%, 69.0%, 20.0%]",,,,
19,parallel,44,44,0.04008074000000001,1.6235126852989197,1.6227125078439713,0.0001111111111111111,65.35999999999999,"[56.4%, 69.8%, 71.8%, 63.0%, 86.6%, 68.6%, 73.0%, 63.0%, 68.4%, 76.0%, 76.0%, 65.0%, 74.2%, 72.4%, 70.6%, 51.6%, 53.0%, 58.8%, 69.0%, 20.0%]",,,,
19,parallel,45,45,0.03999546000000001,1.6227235466241836,1.6218063086271286,0.0001111111111111111,65.35999999999999,"[56.4%, 69.8%, 71.8%, 63.0%, 86.6%, 68.6%, 73.0%, 63.0%, 68.4%, 76.0%, 76.0%, 65.0%, 74.2%, 72.4%, 70.6%, 51.6%, 53.0%, 58.8%, 69.0%, 20.0%]",,,,
19,parallel,46,46,0.03991850000000001,1.6222682178020478,1.6210278123617172,0.0001111111111111111,65.35999999999999,"[56.4%, 69.8%, 71.8%, 63.0%, 86.6%, 68.6%, 73.0%, 63.0%, 68.4%, 76.0%, 76.0%, 65.0%, 74.2%, 72.4%, 70.6%, 51.6%, 53.0%, 58.8%, 69.0%, 20.0%]",,,,
19,parallel,47,47,0.03984986000000001,1.6216095119714737,1.6203176528215408,0.0001111111111111111,65.35999999999999,"[56.4%, 69.8%, 71.8%, 63.0%, 86.6%, 68.6%, 73.0%, 63.0%, 68.4%, 76.0%, 76.0%, 65.0%, 74.2%, 72.4%, 70.6%, 51.6%, 53.0%, 58.8%, 69.0%, 20.0%]",,,,
19,parallel,48,48,0.03978954000000001,1.6212086826562881,1.6206337660551071,0.0001111111111111111,65.35999999999999,"[56.4%, 69.8%, 71.8%, 63.0%, 86.6%, 68.6%, 73.0%, 63.0%, 68.4%, 76.0%, 76.0%, 65.0%, 74.2%, 72.4%, 70.6%, 51.6%, 53.0%, 58.8%, 69.0%, 20.0%]",,,,
19,parallel,49,49,0.03973754000000001,1.6210858076810837,1.6198502331972122,0.0001111111111111111,65.35999999999999,"[56.4%, 69.8%, 71.8%, 63.0%, 86.6%, 68.6%, 73.0%, 63.0%, 68.4%, 76.0%, 76.0%, 65.0%, 74.2%, 72.4%, 70.6%, 51.6%, 53.0%, 58.8%, 69.0%, 20.0%]",,,,
19,parallel,50,50,0.03969386000000001,1.619992259144783,1.6191525012254715,0.0001111111111111111,65.35999999999999,"[56.4%, 69.8%, 71.8%, 63.0%, 86.6%, 68.6%, 73.0%, 63.0%, 68.4%, 76.0%, 76.0%, 65.0%, 74.2%, 72.4%, 70.6%, 51.6%, 53.0%, 58.8%, 69.0%, 20.0%]",,,,
19,parallel,51,51,0.03965850000000001,1.6203254222869874,1.6193656027317047,0.0001111111111111111,65.35999999999999,"[56.4%, 69.8%, 71.8%, 63.0%, 86.6%, 68.6%, 73.0%, 63.0%, 68.4%, 76.0%, 76.0%, 65.0%, 74.2%, 72.4%, 70.6%, 51.6%, 53.0%, 58.8%, 69.0%, 20.0%]",,,,
19,parallel,52,52,0.03963146000000001,1.6206726521253585,1.6188549548387527,0.0001111111111111111,65.35999999999999,"[56.4%, 69.8%, 71.8%, 63.0%, 86.6%, 68.6%, 73.0%, 63.0%, 68.4%, 76.0%, 76.0%, 65.0%, 74.2%, 72.4%, 70.6%, 51.6%, 53.0%, 58.8%, 69.0%, 20.0%]",,,,
19,parallel,53,53,0.03961274000000001,1.619957959651947,1.6185526996850967,0.0001111111111111111,65.35999999999999,"[56.4%, 69.8%, 71.8%, 63.0%, 86.6%, 68.6%, 73.0%, 63.0%, 68.4%, 76.0%, 76.0%, 65.0%, 74.2%, 72.4%, 70.6%, 51.6%, 53.0%, 58.8%, 69.0%, 20.0%]",,,,
19,parallel,54,54,0.039602340000000014,1.6194431215524674,1.6176988333463669,0.0001111111111111111,65.35999999999999,"[56.4%, 69.8%, 71.8%, 63.0%, 86.6%, 68.6%, 73.0%, 63.0%, 68.4%, 76.0%, 76.0%, 65.0%, 74.2%, 72.4%, 70.6%, 51.6%, 53.0%, 58.8%, 69.0%, 20.0%]",,,,
19,parallel,55,55,0.03960000000000001,1.6187529653310775,1.6175938993692398,0.0001111111111111111,65.35999999999999,"[56.4%, 69.8%, 71.8%, 63.0%, 86.6%, 68.6%, 73.0%, 63.0%, 68.4%, 76.0%, 76.0%, 65.0%, 74.2%, 72.4%, 70.6%, 51.6%, 53.0%, 58.8%, 69.0%, 20.0%]",,,,
19,weights,1,56,0.03960000000000001,1.6185756087303163,1.6174755543470383,0.0001111111111111111,65.35999999999999,"[56.4%, 69.8%, 71.8%, 63.0%, 86.6%, 68.6%, 73.0%, 63.0%, 68.4%, 76.0%, 76.0%, 65.0%, 74.2%, 72.4%, 70.6%, 51.6%, 53.0%, 58.8%, 69.0%, 20.0%]",,,,
19,weights,2,57,0.03960000000000001,1.6193744033575057,1.6180451810359955,0.0001111111111111111,65.35999999999999,"[56.4%, 69.8%, 71.8%, 63.0%, 86.6%, 68.6%, 73.0%, 63.0%, 68.4%, 76.0%, 76.0%, 65.0%, 74.2%, 72.4%, 70.6%, 51.6%, 53.0%, 58.8%, 69.0%, 20.0%]",,,,
19,weights,3,58,0.03960000000000001,1.6182983338832855,1.6166938841342926,0.0001111111111111111,65.35999999999999,"[56.4%, 69.8%, 71.8%, 63.0%, 86.6%, 68.6%, 73.0%, 63.0%, 68.4%, 76.0%, 76.0%, 65.0%, 74.2%, 72.4%, 70.6%, 51.6%, 53.0%, 58.8%, 69.0%, 20.0%]",,,,
19,weights,4,59,0.03960000000000001,1.6177728801965714,1.616891548037529,0.0001111111111111111,65.35999999999999,"[56.4%, 69.8%, 71.8%, 63.0%, 86.6%, 68.6%, 73.0%, 63.0%, 68.4%, 76.0%, 76.0%, 65.0%, 74.2%, 72.4%, 70.6%, 51.6%, 53.0%, 58.8%, 69.0%, 20.0%]",,,,
19,weights,5,60,0.03960000000000001,1.617827796936035,1.6163566261529922,0.0001111111111111111,65.35999999999999,"[56.4%, 69.8%, 71.8%, 63.0%, 86.6%, 68.6%, 73.0%, 63.0%, 68.4%, 76.0%, 76.0%, 65.0%, 74.2%, 72.4%, 70.6%, 51.6%, 53.0%, 58.8%, 69.0%, 20.0%]",,,,
19,weights,6,61,0.03960000000000001,1.6180739939212798,1.6169832050800323,0.0001111111111111111,65.35999999999999,"[56.4%, 69.8%, 71.8%, 63.0%, 86.6%, 68.6%, 73.0%, 63.0%, 68.4%, 76.0%, 76.0%, 65.0%, 74.2%, 72.4%, 70.6%, 51.6%, 53.0%, 58.8%, 69.0%, 20.0%]",,,,
19,weights,7,62,0.03960000000000001,1.6172337144613267,1.61600361764431,0.0001111111111111111,65.35999999999999,"[56.4%, 69.8%, 71.8%, 63.0%, 86.6%, 68.6%, 73.0%, 63.0%, 68.4%, 76.0%, 76.0%, 65.0%, 74.2%, 72.4%, 70.6%, 51.6%, 53.0%, 58.8%, 69.0%, 20.0%]",,,,
19,weights,8,63,0.03960000000000001,1.6168538063764573,1.616108164191246,0.0001111111111111111,65.35999999999999,"[56.4%, 69.8%, 71.8%, 63.0%, 86.6%, 68.6%, 73.0%, 63.0%, 68.4%, 76.0%, 76.0%, 65.0%, 74.2%, 72.4%, 70.6%, 51.6%, 53.0%, 58.8%, 69.0%, 20.0%]",,,,
19,weights,9,64,0.03960000000000001,1.618092629313469,1.61613230407238,0.0001111111111111111,65.35999999999999,"[56.4%, 69.8%, 71.8%, 63.0%, 86.6%, 68.6%, 73.0%, 63.0%, 68.4%, 76.0%, 76.0%, 65.0%, 74.2%, 72.4%, 70.6%, 51.6%, 53.0%, 58.8%, 69.0%, 20.0%]",,,,
19,weights,10,65,0.03960000000000001,1.6172207653522492,1.6147825121879578,0.0001111111111111111,65.35999999999999,"[56.4%, 69.8%, 71.8%, 63.0%, 86.6%, 68.6%, 73.0%, 63.0%, 68.4%, 76.0%, 76.0%, 65.0%, 74.2%, 72.4%, 70.6%, 51.6%, 53.0%, 58.8%, 69.0%, 20.0%]",,,,
19,weights,11,66,0.03960000000000001,1.6168686419725418,1.6155558824539185,0.0001111111111111111,65.35999999999999,"[56.4%, 69.8%, 71.8%, 63.0%, 86.6%, 68.6%, 73.0%, 63.0%, 68.4%, 76.0%, 76.0%, 65.0%, 74.2%, 72.4%, 70.6%, 51.6%, 53.0%, 58.8%, 69.0%, 20.0%]",,,,
19,weights,12,67,0.03960000000000001,1.617050677537918,1.6150297969579697,0.0001111111111111111,65.35999999999999,"[56.4%, 69.8%, 71.8%, 63.0%, 86.6%, 68.6%, 73.0%, 63.0%, 68.4%, 76.0%, 76.0%, 65.0%, 74.2%, 72.4%, 70.6%, 51.6%, 53.0%, 58.8%, 69.0%, 20.0%]",,,,
19,weights,13,68,0.03960000000000001,1.6161445260047913,1.6145386099815369,0.0001111111111111111,65.35999999999999,"[56.4%, 69.8%, 71.8%, 63.0%, 86.6%, 68.6%, 73.0%, 63.0%, 68.4%, 76.0%, 76.0%, 65.0%, 74.2%, 72.4%, 70.6%, 51.6%, 53.0%, 58.8%, 69.0%, 20.0%]",,,,
19,weights,14,69,0.03960000000000001,1.6163606196641922,1.6144807785749435,0.0001111111111111111,65.35999999999999,"[56.4%, 69.8%, 71.8%, 63.0%, 86.6%, 68.6%, 73.0%, 63.0%, 68.4%, 76.0%, 76.0%, 65.0%, 74.2%, 72.4%, 70.6%, 51.6%, 53.0%, 58.8%, 69.0%, 20.0%]",,,,
19,weights,15,70,0.03960000000000001,1.61625235080719,1.6145127564668655,0.0001111111111111111,65.35999999999999,"[56.4%, 69.8%, 71.8%, 63.0%, 86.6%, 68.6%, 73.0%, 63.0%, 68.4%, 76.0%, 76.0%, 65.0%, 74.2%, 72.4%, 70.6%, 51.6%, 53.0%, 58.8%, 69.0%, 20.0%]",,,,
19,weights,16,71,0.03960000000000001,1.6157795548439027,1.614987462759018,0.0001111111111111111,65.35999999999999,"[56.4%, 69.8%, 71.8%, 63.0%, 86.6%, 68.6%, 73.0%, 63.0%, 68.4%, 76.0%, 76.0%, 65.0%, 74.2%, 72.4%, 70.6%, 51.6%, 53.0%, 58.8%, 69.0%, 20.0%]",,,,
19,weights,17,72,0.03960000000000001,1.6157421827316285,1.614181637763977,0.0001111111111111111,65.35999999999999,"[56.4%, 69.8%, 71.8%, 63.0%, 86.6%, 68.6%, 73.0%, 63.0%, 68.4%, 76.0%, 76.0%, 65.0%, 74.2%, 72.4%, 70.6%, 51.6%, 53.0%, 58.8%, 69.0%, 20.0%]",,,,
19,weights,18,73,0.03960000000000001,1.6158940106630326,1.613983616232872,0.0001111111111111111,65.35999999999999,"[56.4%, 69.8%, 71.8%, 63.0%, 86.6%, 68.6%, 73.0%, 63.0%, 68.4%, 76.0%, 76.0%, 65.0%, 74.2%, 72.4%, 70.6%, 51.6%, 53.0%, 58.8%, 69.0%, 20.0%]",,,,
19,weights,19,74,0.03960000000000001,1.6158293902873992,1.6144444197416306,0.0001111111111111111,65.35999999999999,"[56.4%, 69.8%, 71.8%, 63.0%, 86.6%, 68.6%, 73.0%, 63.0%, 68.4%, 76.0%, 76.0%, 65.0%, 74.2%, 72.4%, 70.6%, 51.6%, 53.0%, 58.8%, 69.0%, 20.0%]",,,,
19,weights,20,75,0.03960000000000001,1.6156182616949082,1.6144251823425293,0.0001111111111111111,65.35999999999999,"[56.4%, 69.8%, 71.8%, 63.0%, 86.6%, 68.6%, 73.0%, 63.0%, 68.4%, 76.0%, 76.0%, 65.0%, 74.2%, 72.4%, 70.6%, 51.6%, 53.0%, 58.8%, 69.0%, 20.0%]",,,,
19,weights,21,76,0.03960000000000001,1.6151614397764207,1.613541841506958,0.0001111111111111111,65.35999999999999,"[56.4%, 69.8%, 71.8%, 63.0%, 86.6%, 68.6%, 73.0%, 63.0%, 68.4%, 76.0%, 76.0%, 65.0%, 74.2%, 72.4%, 70.6%, 51.6%, 53.0%, 58.8%, 69.0%, 20.0%]",,,,
19,weights,22,77,0.03960000000000001,1.6148009300231934,1.6143186539411545,0.0001111111111111111,65.35999999999999,"[56.4%, 69.8%, 71.8%, 63.0%, 86.6%, 68.6%, 73.0%, 63.0%, 68.4%, 76.0%, 76.0%, 65.0%, 74.2%, 72.4%, 70.6%, 51.6%, 53.0%, 58.8%, 69.0%, 20.0%]",,,,
19,weights,23,78,0.03960000000000001,1.6149300515651703,1.6144733875989914,0.0001111111111111111,65.35999999999999,"[56.4%, 69.8%, 71.8%, 63.0%, 86.6%, 68.6%, 73.0%, 63.0%, 68.4%, 76.0%, 76.0%, 65.0%, 74.2%, 72.4%, 70.6%, 51.6%, 53.0%, 58.8%, 69.0%, 20.0%]",,,,
19,weights,24,79,0.03960000000000001,1.6153984844684601,1.6146278083324432,0.0001111111111111111,65.35999999999999,"[56.4%, 69.8%, 71.8%, 63.0%, 86.6%, 68.6%, 73.0%, 63.0%, 68.4%, 76.0%, 76.0%, 65.0%, 74.2%, 72.4%, 70.6%, 51.6%, 53.0%, 58.8%, 69.0%, 20.0%]",,,,
19,weights,25,80,0.03960000000000001,1.6137974500656127,1.6146405190229416,0.0001111111111111111,65.35999999999999,"[56.4%, 69.8%, 71.8%, 63.0%, 86.6%, 68.6%, 73.0%, 63.0%, 68.4%, 76.0%, 76.0%, 65.0%, 74.2%, 72.4%, 70.6%, 51.6%, 53.0%, 58.8%, 69.0%, 20.0%]",23.669999999999998,"[0.0%, 41.6%, 44.8%, 10.2%, 86.6%, 10.2%, 21.6%, 9.6%, 32.6%, 51.4%, 23.0%, 21.0%, 46.4%, 30.8%, 21.4%, 11.6%, 10.6%, 0.0%, 0.0%, 0.0%]",32.32,"[45.0%, 9.8%, 28.4%, 44.6%, 56.0%, 38.0%, 29.4%, 17.2%, 38.8%, 32.2%, 53.4%, 0.0%, 34.8%, 39.6%, 41.2%, 25.6%, 30.6%, 54.8%, 27.0%, 0.0%]"
