task_idx,phase,epoch_in_phase,global_epoch,kappa,train_loss,val_loss,lr,til_avg,til_per_task,cil_stand_avg,cil_stand_per_task,cil_znorm_avg,cil_znorm_per_task
0,parallel,1,1,0.5,2.2723667353391646,1.5566274672746658,0.001,36.6,[36.6%],,,,
0,parallel,2,2,0.5,1.518729743361473,1.4185037165880203,0.001,40.4,[40.4%],,,,
0,parallel,3,3,0.5,1.3897186547517777,1.2760376408696175,0.001,50.8,[50.8%],,,,
0,parallel,4,4,0.5,1.224062967300415,1.377966519445181,0.001,42.0,[42.0%],,,,
0,parallel,5,5,0.49560501500000004,1.1786250561475753,1.276506669819355,0.001,49.0,[49.0%],,,,
0,parallel,6,6,0.478245375,1.1683146387338639,1.0784328654408455,0.001,53.8,[53.8%],,,,
0,parallel,7,7,0.461238215,1.0428932055830955,0.9903069473803043,0.001,56.6,[56.6%],,,,
0,parallel,8,8,0.4445835350000001,0.9301168456673622,1.0568361096084118,0.001,56.4,[56.4%],,,,
0,parallel,9,9,0.42828133500000004,0.9566330164670944,0.945633627474308,0.001,61.8,[61.8%],,,,
0,parallel,10,10,0.412331615,0.8464425697922706,1.0414770934730768,0.001,59.2,[59.2%],,,,
0,parallel,11,11,0.39673437500000003,0.8274474710226059,0.8545358739793301,0.001,66.4,[66.4%],,,,
0,parallel,12,12,0.38148961499999995,0.7882824659347534,0.8531295340508223,0.001,63.0,[63.0%],,,,
0,parallel,13,13,0.36659733499999997,0.7602564141154289,0.7886230461299419,0.001,64.2,[64.2%],,,,
0,parallel,14,14,0.352057535,0.7748652383685112,0.9696887210011482,0.001,61.0,[61.0%],,,,
0,parallel,15,15,0.33787021500000003,0.7965231359004974,0.8029426485300064,0.001,66.0,[66.0%],,,,
0,parallel,16,16,0.324035375,0.7566290214657784,0.8879356449469924,0.001,64.2,[64.2%],,,,
0,parallel,17,17,0.310553015,0.7461516574025154,0.7670782012864947,0.001,68.6,[68.6%],,,,
0,parallel,18,18,0.29742313499999995,0.7035503551363945,0.7696180390194058,0.001,67.4,[67.4%],,,,
0,parallel,19,19,0.28464573500000007,0.7440039157867432,0.7743247225880623,0.001,67.4,[67.4%],,,,
0,parallel,20,20,0.272220815,0.7002985939383507,0.7490763049572706,0.001,66.8,[66.8%],,,,
0,parallel,21,21,0.26014837500000004,0.6958146765828133,1.141392458230257,0.001,55.6,[55.6%],,,,
0,parallel,22,22,0.248428415,0.7406401813030243,0.7523754220455885,0.001,69.2,[69.2%],,,,
0,parallel,23,23,0.23706093499999997,0.6897100500762463,0.9975683856755495,0.001,62.2,[62.2%],,,,
0,parallel,24,24,0.22604593499999998,0.7473972052335739,0.7915411293506622,0.001,65.6,[65.6%],,,,
0,parallel,25,25,0.21538341499999997,0.679827281832695,0.8187356572598219,0.0003333333333333333,65.2,[65.2%],,,,
0,parallel,26,26,0.20507337499999995,0.6264061778783798,0.8276381622999907,0.0003333333333333333,64.2,[64.2%],,,,
0,parallel,27,27,0.19511581499999997,0.6639960050582886,0.7813809644430876,0.0003333333333333333,66.0,[66.0%],,,,
0,parallel,28,28,0.18551073499999993,0.7057435020804406,0.8065179362893105,0.0003333333333333333,68.0,[68.0%],,,,
0,parallel,29,29,0.17625813499999998,0.6792624346911907,0.7773695103824139,0.0003333333333333333,68.4,[68.4%],,,,
0,parallel,30,30,0.16735801499999997,0.8379118546843529,0.8747731186449528,0.0001111111111111111,63.8,[63.8%],,,,
0,parallel,31,31,0.158810375,0.737738586217165,0.8981974460184574,0.0001111111111111111,64.0,[64.0%],,,,
0,parallel,32,32,0.15061521499999997,0.9123921021819115,0.9032939821481705,0.0001111111111111111,62.8,[62.8%],,,,
0,parallel,33,33,0.14277253500000003,0.8522190652787686,0.9049509316682816,0.0001111111111111111,64.6,[64.6%],,,,
0,parallel,34,34,0.135282335,0.9620925083756446,0.9880589619278908,0.0001111111111111111,60.8,[60.8%],,,,
0,parallel,35,35,0.12814461500000002,0.9524437576532364,0.9962733313441277,0.0001111111111111111,63.2,[63.2%],,,,
0,parallel,36,36,0.12135937499999999,1.060163563489914,1.0528280213475227,0.0001111111111111111,58.8,[58.8%],,,,
0,parallel,37,37,0.114926615,1.0389964982867241,1.1022155247628689,0.0001111111111111111,60.2,[60.2%],,,,
0,parallel,38,38,0.10884633499999999,1.1952139005064963,1.198640514165163,0.0001111111111111111,57.6,[57.6%],,,,
0,parallel,39,39,0.10311853499999998,1.1844861283898354,1.1948453485965729,0.0001111111111111111,60.6,[60.6%],,,,
0,parallel,40,40,0.097743215,1.173735362291336,1.2030433267354965,0.0001111111111111111,59.6,[59.6%],,,,
0,parallel,41,41,0.092720375,1.3654301673173905,1.3906105607748032,0.0001111111111111111,52.4,[52.4%],,,,
0,parallel,42,42,0.088050015,1.3210150301456451,1.3208444193005562,0.0001111111111111111,53.6,[53.6%],,,,
0,parallel,43,43,0.08373213499999999,1.3572731733322143,1.3639229983091354,0.0001111111111111111,57.0,[57.0%],,,,
0,parallel,44,44,0.07976673499999999,1.3036470219492913,1.32160996645689,0.0001111111111111111,56.6,[56.6%],,,,
0,parallel,45,45,0.07615381499999999,1.5408561944961547,1.387747123837471,0.0001111111111111111,53.2,[53.2%],,,,
0,parallel,46,46,0.072893375,1.4605059504508973,1.3748322129249573,0.0001111111111111111,53.8,[53.8%],,,,
0,parallel,47,47,0.069985415,1.4744464010000229,1.4344386160373688,0.0001111111111111111,52.4,[52.4%],,,,
0,parallel,48,48,0.067429935,1.4309725880622863,1.3894806802272797,0.0001111111111111111,54.4,[54.4%],,,,
0,parallel,49,49,0.06522693499999999,1.3875693678855896,1.3726668059825897,0.0001111111111111111,54.2,[54.2%],,,,
0,parallel,50,50,0.06337641499999999,1.36058429479599,1.3330236449837685,0.0001111111111111111,54.2,[54.2%],,,,
0,parallel,51,51,0.06187837499999999,1.5573483735322953,1.4184693396091461,0.0001111111111111111,50.8,[50.8%],,,,
0,parallel,52,52,0.060732814999999996,1.431711158156395,1.3690304309129715,0.0001111111111111111,53.0,[53.0%],,,,
0,parallel,53,53,0.059939734999999994,1.4334595292806624,1.3881542310118675,0.0001111111111111111,51.0,[51.0%],,,,
0,parallel,54,54,0.059499134999999995,1.3801403164863586,1.3312906995415688,0.0001111111111111111,55.4,[55.4%],,,,
0,parallel,55,55,0.059399999999999994,1.3344479501247406,1.3276675716042519,0.0001111111111111111,54.0,[54.0%],,,,
0,weights,1,56,0.059399999999999994,1.3192109286785125,1.2766618207097054,0.0001111111111111111,56.6,[56.6%],,,,
0,weights,2,57,0.059399999999999994,1.282072541117668,1.2809109538793564,0.0001111111111111111,56.4,[56.4%],,,,
0,weights,3,58,0.059399999999999994,1.2565254241228103,1.2526599168777466,0.0001111111111111111,55.4,[55.4%],,,,
0,weights,4,59,0.059399999999999994,1.2429729133844376,1.2279955223202705,0.0001111111111111111,56.2,[56.2%],,,,
0,weights,5,60,0.059399999999999994,1.2210245579481125,1.2382990270853043,0.0001111111111111111,54.2,[54.2%],,,,
0,weights,6,61,0.059399999999999994,1.1937449783086778,1.2157905474305153,0.0001111111111111111,56.4,[56.4%],,,,
0,weights,7,62,0.059399999999999994,1.1693313091993331,1.1808396354317665,0.0001111111111111111,57.8,[57.8%],,,,
0,weights,8,63,0.059399999999999994,1.1542708039283753,1.1958832442760468,0.0001111111111111111,56.0,[56.0%],,,,
0,weights,9,64,0.059399999999999994,1.1654135942459107,1.1727095246315002,0.0001111111111111111,56.2,[56.2%],,,,
0,weights,10,65,0.059399999999999994,1.1507079541683196,1.15861776471138,0.0001111111111111111,57.4,[57.4%],,,,
0,weights,11,66,0.059399999999999994,1.1378387570381165,1.1663438752293587,0.0001111111111111111,56.6,[56.6%],,,,
0,weights,12,67,0.059399999999999994,1.1126538127660752,1.141686126589775,0.0001111111111111111,57.2,[57.2%],,,,
0,weights,13,68,0.059399999999999994,1.1027653217315674,1.130061075091362,0.0001111111111111111,57.8,[57.8%],,,,
0,weights,14,69,0.059399999999999994,1.0935931637883187,1.1135635823011398,0.0001111111111111111,58.8,[58.8%],,,,
0,weights,15,70,0.059399999999999994,1.071541780233383,1.1245179772377014,0.0001111111111111111,57.8,[57.8%],,,,
0,weights,16,71,0.059399999999999994,1.0664294317364693,1.1085119917988777,0.0001111111111111111,58.6,[58.6%],,,,
0,weights,17,72,0.059399999999999994,1.0696226865053178,1.095145806670189,0.0001111111111111111,58.6,[58.6%],,,,
0,weights,18,73,0.059399999999999994,1.0637543976306916,1.0807408392429352,0.0001111111111111111,59.0,[59.0%],,,,
0,weights,19,74,0.059399999999999994,1.0405354499816895,1.0833286046981812,0.0001111111111111111,59.8,[59.8%],,,,
0,weights,20,75,0.059399999999999994,1.0269665107131005,1.0607861280441284,0.0001111111111111111,60.4,[60.4%],,,,
0,weights,21,76,0.059399999999999994,1.0450685635209083,1.0585799813270569,0.0001111111111111111,59.6,[59.6%],,,,
0,weights,22,77,0.059399999999999994,1.0407672867178916,1.0584557875990868,0.0001111111111111111,59.6,[59.6%],,,,
0,weights,23,78,0.059399999999999994,1.020675627887249,1.0649369433522224,0.0001111111111111111,59.2,[59.2%],,,,
0,weights,24,79,0.059399999999999994,0.9983939006924629,1.0401229038834572,0.0001111111111111111,61.0,[61.0%],,,,
0,weights,25,80,0.059399999999999994,1.0053080648183823,1.049152486026287,0.0001111111111111111,61.6,[61.6%],61.6,[61.6%],61.6,[61.6%]
1,parallel,1,1,0.5,2.9902501165866853,1.7155793458223343,0.0001111111111111111,40.8,"[61.6%, 20.0%]",,,,
1,parallel,2,2,0.5,1.65398608148098,1.618834763765335,0.0001111111111111111,43.5,"[61.6%, 25.4%]",,,,
1,parallel,3,3,0.5,1.576876136660576,1.563139945268631,0.0001111111111111111,44.7,"[61.6%, 27.8%]",,,,
1,parallel,4,4,0.5,1.507427731156349,1.4693767353892326,0.0001111111111111111,50.3,"[61.6%, 39.0%]",,,,
1,parallel,5,5,0.49559462000000004,1.3820898473262786,1.4670824706554413,0.0001111111111111111,51.1,"[61.6%, 40.6%]",,,,
1,parallel,6,6,0.47819392105263153,1.3209951400756836,1.4208215177059174,0.0001111111111111111,53.1,"[61.6%, 44.6%]",,,,
1,parallel,7,7,0.4611465357894737,1.2515548795461655,1.2699560672044754,0.0001111111111111111,54.8,"[61.6%, 48.0%]",,,,
1,parallel,8,8,0.44445246421052637,1.1534047096967697,1.1990027576684952,0.0001111111111111111,56.8,"[61.6%, 52.0%]",,,,
1,parallel,9,9,0.42811170631578954,1.1241685599088669,1.1636984795331955,0.0001111111111111111,59.0,"[61.6%, 56.4%]",,,,
1,parallel,10,10,0.41212426210526315,1.0765355601906776,0.9986452385783195,0.0001111111111111111,62.8,"[61.6%, 64.0%]",,,,
1,parallel,11,11,0.39649013157894736,0.9589574486017227,0.9708519577980042,0.0001111111111111111,62.7,"[61.6%, 63.8%]",,,,
1,parallel,12,12,0.38120931473684205,0.9368268206715584,0.980074118822813,0.0001111111111111111,63.599999999999994,"[61.6%, 65.6%]",,,,
1,parallel,13,13,0.36628181157894735,0.9066916778683662,1.015702411532402,0.0001111111111111111,61.400000000000006,"[61.6%, 61.2%]",,,,
1,parallel,14,14,0.35170762210526313,0.8315834790468216,0.9240530878305435,0.0001111111111111111,63.8,"[61.6%, 66.0%]",,,,
1,parallel,15,15,0.3374867463157895,0.89415188357234,1.0043124854564667,0.0001111111111111111,62.1,"[61.6%, 62.6%]",,,,
1,parallel,16,16,0.3236191842105263,0.8198004320263863,0.8606978058815002,0.0001111111111111111,64.9,"[61.6%, 68.2%]",,,,
1,parallel,17,17,0.3101049357894737,0.7570436611771584,0.9220275655388832,0.0001111111111111111,64.2,"[61.6%, 66.8%]",,,,
1,parallel,18,18,0.2969440010526315,0.7850491493940354,0.8537996336817741,0.0001111111111111111,65.3,"[61.6%, 69.0%]",,,,
1,parallel,19,19,0.2841363800000001,0.7555033847689628,0.6843911558389664,0.0001111111111111111,69.4,"[61.6%, 77.2%]",,,,
1,parallel,20,20,0.27168207263157895,0.7771976575255394,0.8810812383890152,0.0001111111111111111,65.2,"[61.6%, 68.8%]",,,,
1,parallel,21,21,0.2595810789473684,0.777776338160038,0.8128518797457218,0.0001111111111111111,67.1,"[61.6%, 72.6%]",,,,
1,parallel,22,22,0.24783339894736844,0.8008184343576431,0.8970181345939636,0.0001111111111111111,65.0,"[61.6%, 68.4%]",,,,
1,parallel,23,23,0.23643903263157895,0.7009481817483902,0.7772341072559357,0.0001111111111111111,66.5,"[61.6%, 71.4%]",,,,
1,parallel,24,24,0.22539798,0.8160712406039238,0.8952223137021065,0.0001111111111111111,64.4,"[61.6%, 67.2%]",,,,
1,parallel,25,25,0.21471024105263156,0.7031618833541871,0.7583244666457176,0.0001111111111111111,67.9,"[61.6%, 74.2%]",,,,
1,parallel,26,26,0.20437581578947367,0.677429911494255,0.7230216898024082,0.0001111111111111111,68.9,"[61.6%, 76.2%]",,,,
1,parallel,27,27,0.1943947042105263,0.7357791632413864,0.8382291160523891,0.0001111111111111111,65.5,"[61.6%, 69.4%]",,,,
1,parallel,28,28,0.18476690631578943,0.7763722866773606,0.7614476382732391,0.0001111111111111111,68.1,"[61.6%, 74.6%]",,,,
1,parallel,29,29,0.17549242210526314,0.6699164498597383,0.8962135538458824,0.0001111111111111111,64.8,"[61.6%, 68.0%]",,,,
1,parallel,30,30,0.16657125157894737,0.7034104183316231,0.773539911955595,0.0001111111111111111,67.3,"[61.6%, 73.0%]",,,,
1,parallel,31,31,0.1580033947368421,0.7358485214412213,0.86936966329813,0.0001111111111111111,65.7,"[61.6%, 69.8%]",,,,
1,parallel,32,32,0.14978885157894734,0.7695111513137818,0.7237666957080364,0.0001111111111111111,69.3,"[61.6%, 77.0%]",,,,
1,parallel,33,33,0.1419276221052632,0.7254067361354828,0.7789261788129807,0.0001111111111111111,66.7,"[61.6%, 71.8%]",,,,
1,parallel,34,34,0.13441970631578948,0.853099063038826,0.871530257165432,0.0001111111111111111,65.7,"[61.6%, 69.8%]",,,,
1,parallel,35,35,0.12726510421052634,0.7685776233673096,0.8144475445151329,0.0001111111111111111,66.7,"[61.6%, 71.8%]",,,,
1,parallel,36,36,0.12046381578947368,0.9023751080036163,0.8514609858393669,0.0001111111111111111,65.8,"[61.6%, 70.0%]",,,,
1,parallel,37,37,0.11401584105263157,0.8418217472732067,0.9151149615645409,0.0001111111111111111,64.6,"[61.6%, 67.6%]",,,,
1,parallel,38,38,0.10792117999999998,0.8427428416907787,0.8554956912994385,0.0001111111111111111,66.0,"[61.6%, 70.4%]",,,,
1,parallel,39,39,0.10217983263157893,0.7745064735412598,0.9078487232327461,0.0001111111111111111,64.6,"[61.6%, 67.6%]",,,,
1,parallel,40,40,0.09679179894736842,0.7898596495389938,0.9485078528523445,0.0001111111111111111,64.5,"[61.6%, 67.4%]",,,,
1,parallel,41,41,0.09175707894736843,0.9083049386739731,0.8845097497105598,0.0001111111111111111,64.3,"[61.6%, 67.0%]",,,,
1,parallel,42,42,0.08707567263157895,0.8060292676091194,0.8843104243278503,0.0001111111111111111,65.0,"[61.6%, 68.4%]",,,,
1,parallel,43,43,0.08274757999999999,0.8694872766733169,1.0701079219579697,0.0001111111111111111,60.1,"[61.6%, 58.6%]",,,,
1,parallel,44,44,0.07877280105263157,0.8355384126305581,0.88564233481884,0.0001111111111111111,64.9,"[61.6%, 68.2%]",,,,
1,parallel,45,45,0.07515133578947367,1.0762519627809524,0.980763241648674,0.0001111111111111111,62.400000000000006,"[61.6%, 63.2%]",,,,
1,parallel,46,46,0.07188318421052632,1.004139107465744,0.9537764117121696,0.0001111111111111111,63.2,"[61.6%, 64.8%]",,,,
1,parallel,47,47,0.06896834631578948,0.9860866516828537,1.062730923295021,0.0001111111111111111,61.5,"[61.6%, 61.4%]",,,,
1,parallel,48,48,0.06640682210526315,0.9298105917870998,0.9512639939785004,0.0001111111111111111,63.8,"[61.6%, 66.0%]",,,,
1,parallel,49,49,0.06419861157894736,0.9169923536479473,0.9309298694133759,0.0001111111111111111,64.7,"[61.6%, 67.8%]",,,,
1,parallel,50,50,0.062343714736842096,1.0202911630272866,1.1168788969516754,0.0001111111111111111,60.7,"[61.6%, 59.8%]",,,,
1,parallel,51,51,0.06084213157894736,0.9766699656844139,0.9186699464917183,0.0001111111111111111,63.8,"[61.6%, 66.0%]",,,,
1,parallel,52,52,0.05969386210526316,0.9467850223183631,0.9368210062384605,0.0001111111111111111,63.5,"[61.6%, 65.4%]",,,,
1,parallel,53,53,0.05889890631578947,0.8891442283987999,0.8953108116984367,0.0001111111111111111,64.7,"[61.6%, 67.8%]",,,,
1,parallel,54,54,0.058457264210526313,0.9272858425974846,0.9160862527787685,0.0001111111111111111,63.0,"[61.6%, 64.4%]",,,,
1,parallel,55,55,0.0583578947368421,0.8660242944955826,0.9192981570959091,0.0001111111111111111,64.3,"[61.6%, 67.0%]",,,,
1,weights,1,56,0.0583578947368421,0.8494589999318123,1.0363032594323158,0.0001111111111111111,62.5,"[61.6%, 63.4%]",,,,
1,weights,2,57,0.0583578947368421,0.8642914384603501,0.918338730931282,0.0001111111111111111,64.2,"[61.6%, 66.8%]",,,,
1,weights,3,58,0.0583578947368421,0.8082186952233315,0.9230344295501709,0.0001111111111111111,63.900000000000006,"[61.6%, 66.2%]",,,,
1,weights,4,59,0.0583578947368421,0.8099017485976219,0.8823506906628609,0.0001111111111111111,66.1,"[61.6%, 70.6%]",,,,
1,weights,5,60,0.0583578947368421,0.8113860279321671,0.8666896224021912,0.0001111111111111111,65.1,"[61.6%, 68.6%]",,,,
1,weights,6,61,0.0583578947368421,0.7531975671648979,0.9240318536758423,0.0001111111111111111,63.400000000000006,"[61.6%, 65.2%]",,,,
1,weights,7,62,0.0583578947368421,0.7448501452803612,0.8789999783039093,0.0001111111111111111,64.0,"[61.6%, 66.4%]",,,,
1,weights,8,63,0.0583578947368421,0.7336904928088188,0.896439328789711,0.0001111111111111111,64.7,"[61.6%, 67.8%]",,,,
1,weights,9,64,0.0583578947368421,0.7446435198187829,0.8281805291771889,0.0001111111111111111,65.3,"[61.6%, 69.0%]",,,,
1,weights,10,65,0.0583578947368421,0.6874546632170677,0.9637376517057419,0.0001111111111111111,62.5,"[61.6%, 63.4%]",,,,
1,weights,11,66,0.0583578947368421,0.7263456642627716,0.8793689757585526,0.0001111111111111111,64.3,"[61.6%, 67.0%]",,,,
1,weights,12,67,0.0583578947368421,0.6973515875637532,0.8042624592781067,0.0001111111111111111,66.2,"[61.6%, 70.8%]",,,,
1,weights,13,68,0.0583578947368421,0.6984298914670944,0.8404404390603304,0.0001111111111111111,64.7,"[61.6%, 67.8%]",,,,
1,weights,14,69,0.0583578947368421,0.7851316273212433,0.9135967493057251,0.0001111111111111111,65.1,"[61.6%, 68.6%]",,,,
1,weights,15,70,0.0583578947368421,0.675582793354988,0.8870789408683777,0.0001111111111111111,64.9,"[61.6%, 68.2%]",,,,
1,weights,16,71,0.0583578947368421,0.6475670389831066,0.7992090992629528,0.0001111111111111111,65.9,"[61.6%, 70.2%]",,,,
1,weights,17,72,0.0583578947368421,0.6567977979779244,0.9381671920418739,0.0001111111111111111,63.5,"[61.6%, 65.4%]",,,,
1,weights,18,73,0.0583578947368421,0.6998363614082337,0.9630359038710594,0.0001111111111111111,63.900000000000006,"[61.6%, 66.2%]",,,,
1,weights,19,74,0.0583578947368421,0.638806839287281,0.8792091533541679,0.0001111111111111111,64.8,"[61.6%, 68.0%]",,,,
1,weights,20,75,0.0583578947368421,0.6768831379711628,0.8307947069406509,0.0001111111111111111,66.7,"[61.6%, 71.8%]",,,,
1,weights,21,76,0.0583578947368421,0.7046762436628342,0.752288207411766,0.0001111111111111111,67.2,"[61.6%, 72.8%]",,,,
1,weights,22,77,0.0583578947368421,0.6300279520452022,0.7512133941054344,0.0001111111111111111,67.5,"[61.6%, 73.4%]",,,,
1,weights,23,78,0.0583578947368421,0.6380921043455601,0.7933956980705261,0.0001111111111111111,67.4,"[61.6%, 73.2%]",,,,
1,weights,24,79,0.0583578947368421,0.6295532375574112,0.8973095417022705,0.0001111111111111111,63.599999999999994,"[61.6%, 65.6%]",,,,
1,weights,25,80,0.0583578947368421,0.6488760814070702,0.8527303636074066,0.0001111111111111111,65.3,"[61.6%, 69.0%]",45.2,"[21.4%, 69.0%]",49.6,"[46.2%, 53.0%]"
2,parallel,1,1,0.5,4.032056885957718,1.8952121138572693,0.0001111111111111111,50.199999999999996,"[61.6%, 69.0%, 20.0%]",,,,
2,parallel,2,2,0.5,1.7076581746339798,1.6497413665056229,0.0001111111111111111,50.199999999999996,"[61.6%, 69.0%, 20.0%]",,,,
2,parallel,3,3,0.5,1.6394880443811417,1.6304167658090591,0.0001111111111111111,50.199999999999996,"[61.6%, 69.0%, 20.0%]",,,,
2,parallel,4,4,0.5,1.6199036180973052,1.5621488988399506,0.0001111111111111111,54.73333333333333,"[61.6%, 69.0%, 33.6%]",,,,
2,parallel,5,5,0.49558422500000004,1.482964915037155,1.3761268109083176,0.0001111111111111111,55.93333333333334,"[61.6%, 69.0%, 37.2%]",,,,
2,parallel,6,6,0.47814246710526315,1.363809809088707,1.2666677087545395,0.0001111111111111111,57.73333333333333,"[61.6%, 69.0%, 42.6%]",,,,
2,parallel,7,7,0.46105485657894735,1.3273020654916763,1.2766291201114655,0.0001111111111111111,58.4,"[61.6%, 69.0%, 44.6%]",,,,
2,parallel,8,8,0.4443213934210527,1.3455972999334336,1.2610623091459274,0.0001111111111111111,59.26666666666667,"[61.6%, 69.0%, 47.2%]",,,,
2,parallel,9,9,0.427942077631579,1.2612294167280198,1.1846346110105515,0.0001111111111111111,58.93333333333334,"[61.6%, 69.0%, 46.2%]",,,,
2,parallel,10,10,0.4119169092105263,1.2157967746257783,1.2034602612257004,0.0001111111111111111,60.26666666666667,"[61.6%, 69.0%, 50.2%]",,,,
2,parallel,11,11,0.39624588815789474,1.1523929789662362,1.1886170879006386,0.0001111111111111111,59.73333333333333,"[61.6%, 69.0%, 48.6%]",,,,
2,parallel,12,12,0.38092901447368416,1.128343003988266,1.0654738917946815,0.0001111111111111111,62.73333333333333,"[61.6%, 69.0%, 57.6%]",,,,
2,parallel,13,13,0.3659662881578947,1.0740751668810844,1.004067339003086,0.0001111111111111111,63.93333333333334,"[61.6%, 69.0%, 61.2%]",,,,
2,parallel,14,14,0.3513577092105263,0.9998092159628869,0.9612152278423309,0.0001111111111111111,65.13333333333333,"[61.6%, 69.0%, 64.8%]",,,,
2,parallel,15,15,0.337103277631579,0.9771031141281128,0.9385866597294807,0.0001111111111111111,64.8,"[61.6%, 69.0%, 63.8%]",,,,
2,parallel,16,16,0.3232029934210527,0.9449653774499893,0.8969806507229805,0.0001111111111111111,65.8,"[61.6%, 69.0%, 66.8%]",,,,
2,parallel,17,17,0.30965685657894737,0.8865912154316902,0.9274417497217655,0.0001111111111111111,65.33333333333333,"[61.6%, 69.0%, 65.4%]",,,,
2,parallel,18,18,0.2964648671052631,0.8964239910244942,0.8674424067139626,0.0001111111111111111,65.73333333333333,"[61.6%, 69.0%, 66.6%]",,,,
2,parallel,19,19,0.28362702500000003,0.7894786775112153,0.8768275044858456,0.0001111111111111111,66.8,"[61.6%, 69.0%, 69.8%]",,,,
2,parallel,20,20,0.27114333026315796,0.8312301531434059,0.8816204220056534,0.0001111111111111111,66.06666666666666,"[61.6%, 69.0%, 67.6%]",,,,
2,parallel,21,21,0.25901378289473687,0.8044733107089996,0.7727981582283974,0.0001111111111111111,68.33333333333333,"[61.6%, 69.0%, 74.4%]",,,,
2,parallel,22,22,0.24723838289473687,0.7686422325670719,0.809577964246273,0.0001111111111111111,66.73333333333333,"[61.6%, 69.0%, 69.6%]",,,,
2,parallel,23,23,0.2358171302631579,0.7186689838767052,0.7410582154989243,0.0001111111111111111,68.06666666666666,"[61.6%, 69.0%, 73.6%]",,,,
2,parallel,24,24,0.224750025,0.712701640278101,0.7543472722172737,0.0001111111111111111,67.60000000000001,"[61.6%, 69.0%, 72.2%]",,,,
2,parallel,25,25,0.21403706710526316,0.7132553085684776,0.7352829277515411,0.0001111111111111111,68.53333333333333,"[61.6%, 69.0%, 75.0%]",,,,
2,parallel,26,26,0.20367825657894734,0.713243692368269,0.7659632377326488,0.0001111111111111111,68.13333333333333,"[61.6%, 69.0%, 73.8%]",,,,
2,parallel,27,27,0.19367359342105261,0.7494872868061065,0.7893599793314934,0.0001111111111111111,67.33333333333333,"[61.6%, 69.0%, 71.4%]",,,,
2,parallel,28,28,0.1840230776315789,0.7550090052187443,0.6887890473008156,0.0001111111111111111,68.66666666666667,"[61.6%, 69.0%, 75.4%]",,,,
2,parallel,29,29,0.1747267092105263,0.7132839798927307,0.7252618353813887,0.0001111111111111111,68.39999999999999,"[61.6%, 69.0%, 74.6%]",,,,
2,parallel,30,30,0.16578448815789473,0.8078501835465431,0.7553759962320328,0.0001111111111111111,67.73333333333333,"[61.6%, 69.0%, 72.6%]",,,,
2,parallel,31,31,0.1571964144736842,0.6947164177894593,0.6998092383146286,0.0001111111111111111,68.53333333333333,"[61.6%, 69.0%, 75.0%]",,,,
2,parallel,32,32,0.1489624881578947,0.6969042174518109,0.705109529197216,0.0001111111111111111,69.13333333333333,"[61.6%, 69.0%, 76.8%]",,,,
2,parallel,33,33,0.14108270921052635,0.7808338522911071,0.7609391808509827,0.0001111111111111111,67.86666666666666,"[61.6%, 69.0%, 73.0%]",,,,
2,parallel,34,34,0.13355707763157895,0.8860700830817223,0.799782283604145,0.0001111111111111111,67.13333333333333,"[61.6%, 69.0%, 70.8%]",,,,
2,parallel,35,35,0.12638559342105266,0.8210822895169259,0.7944436073303223,0.0001111111111111111,67.2,"[61.6%, 69.0%, 71.0%]",,,,
2,parallel,36,36,0.11956825657894737,0.8823487445712089,0.8237785249948502,0.0001111111111111111,66.93333333333334,"[61.6%, 69.0%, 70.2%]",,,,
2,parallel,37,37,0.11310506710526316,0.8415490418672562,0.8052168749272823,0.0001111111111111111,67.53333333333333,"[61.6%, 69.0%, 72.0%]",,,,
2,parallel,38,38,0.106996025,0.9280697748064994,0.8770318664610386,0.0001111111111111111,66.53333333333333,"[61.6%, 69.0%, 69.0%]",,,,
2,parallel,39,39,0.10124113026315787,0.8569003745913506,0.9572710692882538,0.0001111111111111111,65.39999999999999,"[61.6%, 69.0%, 65.6%]",,,,
2,parallel,40,40,0.09584038289473684,0.8465854167938233,0.8036952838301659,0.0001111111111111111,67.2,"[61.6%, 69.0%, 71.0%]",,,,
2,parallel,41,41,0.09079378289473684,1.009443249553442,0.8572850897908211,0.0001111111111111111,67.06666666666666,"[61.6%, 69.0%, 70.6%]",,,,
2,parallel,42,42,0.08610133026315789,0.8790194496512413,0.8113114163279533,0.0001111111111111111,67.33333333333333,"[61.6%, 69.0%, 71.4%]",,,,
2,parallel,43,43,0.08176302499999999,0.9193752780556679,0.83739323168993,0.0001111111111111111,67.66666666666667,"[61.6%, 69.0%, 72.4%]",,,,
2,parallel,44,44,0.07777886710526315,0.9973640128970146,0.9712681770324707,0.0001111111111111111,65.53333333333333,"[61.6%, 69.0%, 66.0%]",,,,
2,parallel,45,45,0.07414885657894736,0.9983412131667138,0.9403141066431999,0.0001111111111111111,65.8,"[61.6%, 69.0%, 66.8%]",,,,
2,parallel,46,46,0.07087299342105263,0.9719681859016418,0.8721659481525421,0.0001111111111111111,66.86666666666666,"[61.6%, 69.0%, 70.0%]",,,,
2,parallel,47,47,0.06795127763157895,1.0095444701611995,0.9888872690498829,0.0001111111111111111,64.66666666666667,"[61.6%, 69.0%, 63.4%]",,,,
2,parallel,48,48,0.06538370921052632,0.9297374702990056,0.9669143855571747,0.0001111111111111111,65.0,"[61.6%, 69.0%, 64.4%]",,,,
2,parallel,49,49,0.06317028815789473,0.8920634746551513,0.8948717713356018,0.0001111111111111111,66.39999999999999,"[61.6%, 69.0%, 68.6%]",,,,
2,parallel,50,50,0.06131101447368421,1.3368152648210525,1.119987390935421,0.0001111111111111111,63.333333333333336,"[61.6%, 69.0%, 59.4%]",,,,
2,parallel,51,51,0.059805888157894734,1.1586614280939103,1.0390247404575348,0.0001111111111111111,64.0,"[61.6%, 69.0%, 61.4%]",,,,
2,parallel,52,52,0.05865490921052632,1.044638678431511,1.0254164040088654,0.0001111111111111111,63.86666666666667,"[61.6%, 69.0%, 61.0%]",,,,
2,parallel,53,53,0.05785807763157895,1.0681706853210926,1.0091339871287346,0.0001111111111111111,64.33333333333333,"[61.6%, 69.0%, 62.4%]",,,,
2,parallel,54,54,0.05741539342105263,0.9781400069594384,0.9344522580504417,0.0001111111111111111,65.46666666666665,"[61.6%, 69.0%, 65.8%]",,,,
2,parallel,55,55,0.05731578947368421,1.0239508137106896,0.9254619777202606,0.0001111111111111111,65.33333333333333,"[61.6%, 69.0%, 65.4%]",,,,
2,weights,1,56,0.05731578947368421,0.9636768803000451,0.8937397077679634,0.0001111111111111111,65.93333333333334,"[61.6%, 69.0%, 67.2%]",,,,
2,weights,2,57,0.05731578947368421,0.9178069740533829,0.9385592639446259,0.0001111111111111111,65.0,"[61.6%, 69.0%, 64.4%]",,,,
2,weights,3,58,0.05731578947368421,0.8964586675167083,0.8836630135774612,0.0001111111111111111,66.06666666666666,"[61.6%, 69.0%, 67.6%]",,,,
2,weights,4,59,0.05731578947368421,0.8813464894890786,0.8567737862467766,0.0001111111111111111,66.33333333333333,"[61.6%, 69.0%, 68.4%]",,,,
2,weights,5,60,0.05731578947368421,0.8792677387595177,0.8616173416376114,0.0001111111111111111,65.60000000000001,"[61.6%, 69.0%, 66.2%]",,,,
2,weights,6,61,0.05731578947368421,0.8558724686503411,0.8487592935562134,0.0001111111111111111,66.06666666666666,"[61.6%, 69.0%, 67.6%]",,,,
2,weights,7,62,0.05731578947368421,0.8498452037572861,0.8589174151420593,0.0001111111111111111,65.73333333333333,"[61.6%, 69.0%, 66.6%]",,,,
2,weights,8,63,0.05731578947368421,0.8620910301804543,0.8440973460674286,0.0001111111111111111,66.13333333333333,"[61.6%, 69.0%, 67.8%]",,,,
2,weights,9,64,0.05731578947368421,0.8335390284657478,0.8842764385044575,0.0001111111111111111,65.2,"[61.6%, 69.0%, 65.0%]",,,,
2,weights,10,65,0.05731578947368421,0.8723214872181415,0.8340824022889137,0.0001111111111111111,66.8,"[61.6%, 69.0%, 69.8%]",,,,
2,weights,11,66,0.05731578947368421,0.795697332918644,0.7929393649101257,0.0001111111111111111,67.13333333333333,"[61.6%, 69.0%, 70.8%]",,,,
2,weights,12,67,0.05731578947368421,0.798473148047924,0.7642470113933086,0.0001111111111111111,68.0,"[61.6%, 69.0%, 73.4%]",,,,
2,weights,13,68,0.05731578947368421,0.8264652401208877,0.8398736864328384,0.0001111111111111111,66.39999999999999,"[61.6%, 69.0%, 68.6%]",,,,
2,weights,14,69,0.05731578947368421,0.8232701018452644,0.7849964126944542,0.0001111111111111111,67.66666666666667,"[61.6%, 69.0%, 72.4%]",,,,
2,weights,15,70,0.05731578947368421,0.7837628200650215,0.78791618719697,0.0001111111111111111,67.53333333333333,"[61.6%, 69.0%, 72.0%]",,,,
2,weights,16,71,0.05731578947368421,0.7733307346701622,0.7985313646495342,0.0001111111111111111,66.39999999999999,"[61.6%, 69.0%, 68.6%]",,,,
2,weights,17,72,0.05731578947368421,0.7949730589985847,0.8218817189335823,0.0001111111111111111,66.26666666666667,"[61.6%, 69.0%, 68.2%]",,,,
2,weights,18,73,0.05731578947368421,0.7747418701648712,0.7513836100697517,0.0001111111111111111,67.73333333333333,"[61.6%, 69.0%, 72.6%]",,,,
2,weights,19,74,0.05731578947368421,0.7640577688813209,0.7912663742899895,0.0001111111111111111,66.60000000000001,"[61.6%, 69.0%, 69.2%]",,,,
2,weights,20,75,0.05731578947368421,0.7711266711354255,0.7726398520171642,0.0001111111111111111,66.39999999999999,"[61.6%, 69.0%, 68.6%]",,,,
2,weights,21,76,0.05731578947368421,0.758930392563343,0.7366764694452286,0.0001111111111111111,67.93333333333334,"[61.6%, 69.0%, 73.2%]",,,,
2,weights,22,77,0.05731578947368421,0.7294919416308403,0.7755631618201733,0.0001111111111111111,66.93333333333334,"[61.6%, 69.0%, 70.2%]",,,,
2,weights,23,78,0.05731578947368421,0.7314954321831465,0.7533073425292969,0.0001111111111111111,67.2,"[61.6%, 69.0%, 71.0%]",,,,
2,weights,24,79,0.05731578947368421,0.7314514316618442,0.753944531083107,0.0001111111111111111,67.8,"[61.6%, 69.0%, 72.8%]",,,,
2,weights,25,80,0.05731578947368421,0.7712445303797721,0.7405013516545296,0.0001111111111111111,68.26666666666667,"[61.6%, 69.0%, 74.2%]",47.73333333333333,"[0.0%, 69.0%, 74.2%]",54.866666666666674,"[46.2%, 53.0%, 65.4%]"
3,parallel,1,1,0.5,4.87717068195343,2.174256682395935,0.0001111111111111111,56.2,"[61.6%, 69.0%, 74.2%, 20.0%]",,,,
3,parallel,2,2,0.5,1.782741755247116,1.6517994552850723,0.0001111111111111111,56.2,"[61.6%, 69.0%, 74.2%, 20.0%]",,,,
3,parallel,3,3,0.5,1.6430091619491578,1.5766422003507614,0.0001111111111111111,60.35,"[61.6%, 69.0%, 74.2%, 36.6%]",,,,
3,parallel,4,4,0.5,1.4686008781194686,1.3828347474336624,0.0001111111111111111,61.0,"[61.6%, 69.0%, 74.2%, 39.2%]",,,,
3,parallel,5,5,0.49557383,1.3412806153297425,1.2976032719016075,0.0001111111111111111,61.5,"[61.6%, 69.0%, 74.2%, 41.2%]",,,,
3,parallel,6,6,0.4780910131578947,1.2503804981708526,1.2375908866524696,0.0001111111111111111,62.900000000000006,"[61.6%, 69.0%, 74.2%, 46.8%]",,,,
3,parallel,7,7,0.460963177368421,1.2172074437141418,1.2686326652765274,0.0001111111111111111,62.150000000000006,"[61.6%, 69.0%, 74.2%, 43.8%]",,,,
3,parallel,8,8,0.444190322631579,1.1385319709777832,1.2934850305318832,0.0001111111111111111,62.75,"[61.6%, 69.0%, 74.2%, 46.2%]",,,,
3,parallel,9,9,0.4277724489473685,1.106487725675106,1.0876660868525505,0.0001111111111111111,65.60000000000001,"[61.6%, 69.0%, 74.2%, 57.6%]",,,,
3,parallel,10,10,0.4117095563157895,1.0201580032706261,1.024590328335762,0.0001111111111111111,65.95,"[61.6%, 69.0%, 74.2%, 59.0%]",,,,
3,parallel,11,11,0.39600164473684213,0.9703431233763695,0.9992461167275906,0.0001111111111111111,66.3,"[61.6%, 69.0%, 74.2%, 60.4%]",,,,
3,parallel,12,12,0.38064871421052626,0.9489527627825737,0.9732984825968742,0.0001111111111111111,66.85000000000001,"[61.6%, 69.0%, 74.2%, 62.6%]",,,,
3,parallel,13,13,0.3656507647368421,0.9393981985747815,1.0320388674736023,0.0001111111111111111,65.75,"[61.6%, 69.0%, 74.2%, 58.2%]",,,,
3,parallel,14,14,0.35100779631578943,0.9095879554748535,1.022571086883545,0.0001111111111111111,66.4,"[61.6%, 69.0%, 74.2%, 60.8%]",,,,
3,parallel,15,15,0.33671980894736847,0.907644721865654,0.9903965517878532,0.0001111111111111111,66.25,"[61.6%, 69.0%, 74.2%, 60.2%]",,,,
3,parallel,16,16,0.322786802631579,0.8939052641391754,0.9199338927865028,0.0001111111111111111,66.9,"[61.6%, 69.0%, 74.2%, 62.8%]",,,,
3,parallel,17,17,0.30920877736842106,0.8370313957333565,0.943519826978445,0.0001111111111111111,66.7,"[61.6%, 69.0%, 74.2%, 62.0%]",,,,
3,parallel,18,18,0.2959857331578947,0.8271404586732387,0.9100179821252823,0.0001111111111111111,67.10000000000001,"[61.6%, 69.0%, 74.2%, 63.6%]",,,,
3,parallel,19,19,0.2831176700000001,0.8420266762375832,0.9280758537352085,0.0001111111111111111,67.2,"[61.6%, 69.0%, 74.2%, 64.0%]",,,,
3,parallel,20,20,0.2706045878947369,0.8472693920135498,0.948108546435833,0.0001111111111111111,66.25,"[61.6%, 69.0%, 74.2%, 60.2%]",,,,
3,parallel,21,21,0.2584464868421053,0.812478306889534,0.9392937012016773,0.0001111111111111111,67.0,"[61.6%, 69.0%, 74.2%, 63.2%]",,,,
3,parallel,22,22,0.24664336684210528,0.8260799169540405,0.8568750061094761,0.0001111111111111111,67.80000000000001,"[61.6%, 69.0%, 74.2%, 66.4%]",,,,
3,parallel,23,23,0.23519522789473685,0.7925395682454109,0.8761535063385963,0.0001111111111111111,67.65,"[61.6%, 69.0%, 74.2%, 65.8%]",,,,
3,parallel,24,24,0.22410207,0.7947096116840839,0.9131129533052444,0.0001111111111111111,67.5,"[61.6%, 69.0%, 74.2%, 65.2%]",,,,
3,parallel,25,25,0.21336389315789472,0.769120666384697,0.8674630001187325,0.0001111111111111111,68.4,"[61.6%, 69.0%, 74.2%, 68.8%]",,,,
3,parallel,26,26,0.20298069736842103,0.8190407700836658,0.8717507682740688,0.0001111111111111111,67.85,"[61.6%, 69.0%, 74.2%, 66.6%]",,,,
3,parallel,27,27,0.1929524826315789,0.7655333504080772,0.837166391313076,0.0001111111111111111,68.30000000000001,"[61.6%, 69.0%, 74.2%, 68.4%]",,,,
3,parallel,28,28,0.18327924894736838,0.8617573887109756,0.83870580047369,0.0001111111111111111,68.65,"[61.6%, 69.0%, 74.2%, 69.8%]",,,,
3,parallel,29,29,0.17396099631578946,0.7903815552592277,0.9313090741634369,0.0001111111111111111,67.15,"[61.6%, 69.0%, 74.2%, 63.8%]",,,,
3,parallel,30,30,0.1649977247368421,0.83020900785923,0.8719078302383423,0.0001111111111111111,68.05000000000001,"[61.6%, 69.0%, 74.2%, 67.4%]",,,,
3,parallel,31,31,0.1563894342105263,0.8007811456918716,0.8579089120030403,0.0001111111111111111,68.4,"[61.6%, 69.0%, 74.2%, 68.8%]",,,,
3,parallel,32,32,0.1481361247368421,0.893705067038536,0.8399120755493641,0.0001111111111111111,68.65,"[61.6%, 69.0%, 74.2%, 69.8%]",,,,
3,parallel,33,33,0.1402377963157895,1.0197765976190567,0.8716141358017921,0.0001111111111111111,68.65,"[61.6%, 69.0%, 74.2%, 69.8%]",,,,
3,parallel,34,34,0.13269444894736843,0.8773023739457131,0.8712324425578117,0.0001111111111111111,67.6,"[61.6%, 69.0%, 74.2%, 65.6%]",,,,
3,parallel,35,35,0.12550608263157895,0.8003129228949547,0.8609948456287384,0.0001111111111111111,68.30000000000001,"[61.6%, 69.0%, 74.2%, 68.4%]",,,,
3,parallel,36,36,0.11867269736842105,0.9530232816934585,0.8663898520171642,0.0001111111111111111,68.30000000000001,"[61.6%, 69.0%, 74.2%, 68.4%]",,,,
3,parallel,37,37,0.11219429315789474,0.9289756372570992,0.9125367701053619,0.0001111111111111111,67.85,"[61.6%, 69.0%, 74.2%, 66.6%]",,,,
3,parallel,38,38,0.10607086999999998,1.0835401609539985,1.0401047393679619,0.0001111111111111111,66.0,"[61.6%, 69.0%, 74.2%, 59.2%]",,,,
3,parallel,39,39,0.10030242789473683,1.060386836528778,1.0211298987269402,0.0001111111111111111,66.5,"[61.6%, 69.0%, 74.2%, 61.2%]",,,,
3,parallel,40,40,0.09488896684210527,0.967972955852747,0.9467481225728989,0.0001111111111111111,67.4,"[61.6%, 69.0%, 74.2%, 64.8%]",,,,
3,parallel,41,41,0.08983048684210526,1.1317928448319434,1.0241894200444221,0.0001111111111111111,66.60000000000001,"[61.6%, 69.0%, 74.2%, 61.6%]",,,,
3,parallel,42,42,0.08512698789473684,1.0432082578539847,1.0399631708860397,0.0001111111111111111,66.5,"[61.6%, 69.0%, 74.2%, 61.2%]",,,,
3,parallel,43,43,0.08077846999999999,0.9781377017498016,0.9923355057835579,0.0001111111111111111,66.7,"[61.6%, 69.0%, 74.2%, 62.0%]",,,,
3,parallel,44,44,0.07678493315789472,1.1420400068163872,1.1474998146295547,0.0001111111111111111,64.8,"[61.6%, 69.0%, 74.2%, 54.4%]",,,,
3,parallel,45,45,0.07314637736842104,1.094249951839447,1.1051496043801308,0.0001111111111111111,65.25,"[61.6%, 69.0%, 74.2%, 56.2%]",,,,
3,parallel,46,46,0.06986280263157896,1.116314922273159,1.0539047606289387,0.0001111111111111111,66.3,"[61.6%, 69.0%, 74.2%, 60.4%]",,,,
3,parallel,47,47,0.06693420894736843,1.0562262445688249,1.0009808726608753,0.0001111111111111111,67.10000000000001,"[61.6%, 69.0%, 74.2%, 63.6%]",,,,
3,parallel,48,48,0.06436059631578947,1.0580490216612817,1.0603674724698067,0.0001111111111111111,66.5,"[61.6%, 69.0%, 74.2%, 61.2%]",,,,
3,parallel,49,49,0.0621419647368421,1.212625153362751,1.1835063621401787,0.0001111111111111111,65.0,"[61.6%, 69.0%, 74.2%, 55.2%]",,,,
3,parallel,50,50,0.06027831421052631,1.1957887038588524,1.1438461244106293,0.0001111111111111111,65.45,"[61.6%, 69.0%, 74.2%, 57.0%]",,,,
3,parallel,51,51,0.058769644736842104,1.1607795268297196,1.1359340697526932,0.0001111111111111111,65.7,"[61.6%, 69.0%, 74.2%, 58.0%]",,,,
3,parallel,52,52,0.057615956315789474,1.1363600596785546,1.1630360260605812,0.0001111111111111111,65.35000000000001,"[61.6%, 69.0%, 74.2%, 56.6%]",,,,
3,parallel,53,53,0.05681724894736842,1.0884043663740157,1.131643384695053,0.0001111111111111111,65.15,"[61.6%, 69.0%, 74.2%, 55.8%]",,,,
3,parallel,54,54,0.05637352263157895,1.08843924254179,1.0721631795167923,0.0001111111111111111,66.05,"[61.6%, 69.0%, 74.2%, 59.4%]",,,,
3,parallel,55,55,0.056273684210526316,1.0529312118887901,1.0785508528351784,0.0001111111111111111,65.7,"[61.6%, 69.0%, 74.2%, 58.0%]",,,,
3,weights,1,56,0.056273684210526316,1.0444207057356834,1.0690329521894455,0.0001111111111111111,65.95,"[61.6%, 69.0%, 74.2%, 59.0%]",,,,
3,weights,2,57,0.056273684210526316,1.033181259036064,1.057356096804142,0.0001111111111111111,66.05,"[61.6%, 69.0%, 74.2%, 59.4%]",,,,
3,weights,3,58,0.056273684210526316,0.9956316739320755,1.0754713267087936,0.0001111111111111111,65.7,"[61.6%, 69.0%, 74.2%, 58.0%]",,,,
3,weights,4,59,0.056273684210526316,0.9875206127762794,1.0440113693475723,0.0001111111111111111,66.25,"[61.6%, 69.0%, 74.2%, 60.2%]",,,,
3,weights,5,60,0.056273684210526316,0.9891154378652572,1.0438205152750015,0.0001111111111111111,65.9,"[61.6%, 69.0%, 74.2%, 58.8%]",,,,
3,weights,6,61,0.056273684210526316,0.9692041739821434,1.0329348407685757,0.0001111111111111111,65.85000000000001,"[61.6%, 69.0%, 74.2%, 58.6%]",,,,
3,weights,7,62,0.056273684210526316,0.9438628643751145,1.021519336849451,0.0001111111111111111,66.5,"[61.6%, 69.0%, 74.2%, 61.2%]",,,,
3,weights,8,63,0.056273684210526316,0.9113872200250626,1.0153575390577316,0.0001111111111111111,66.55,"[61.6%, 69.0%, 74.2%, 61.4%]",,,,
3,weights,9,64,0.056273684210526316,0.9373779088258744,0.9924664199352264,0.0001111111111111111,66.55,"[61.6%, 69.0%, 74.2%, 61.4%]",,,,
3,weights,10,65,0.056273684210526316,0.9331599205732346,0.9892833456397057,0.0001111111111111111,66.55,"[61.6%, 69.0%, 74.2%, 61.4%]",,,,
3,weights,11,66,0.056273684210526316,0.8957529157400131,1.0071868300437927,0.0001111111111111111,66.8,"[61.6%, 69.0%, 74.2%, 62.4%]",,,,
3,weights,12,67,0.056273684210526316,0.8986867591738701,1.001906581223011,0.0001111111111111111,66.5,"[61.6%, 69.0%, 74.2%, 61.2%]",,,,
3,weights,13,68,0.056273684210526316,0.9034869059920311,0.9826073572039604,0.0001111111111111111,66.95,"[61.6%, 69.0%, 74.2%, 63.0%]",,,,
3,weights,14,69,0.056273684210526316,0.8443463943898678,0.9491954669356346,0.0001111111111111111,67.15,"[61.6%, 69.0%, 74.2%, 63.8%]",,,,
3,weights,15,70,0.056273684210526316,0.8490759953856468,1.0061166249215603,0.0001111111111111111,66.9,"[61.6%, 69.0%, 74.2%, 62.8%]",,,,
3,weights,16,71,0.056273684210526316,0.8753303408622741,1.010997161269188,0.0001111111111111111,66.2,"[61.6%, 69.0%, 74.2%, 60.0%]",,,,
3,weights,17,72,0.056273684210526316,0.8479770958423615,0.947672963142395,0.0001111111111111111,67.10000000000001,"[61.6%, 69.0%, 74.2%, 63.6%]",,,,
3,weights,18,73,0.056273684210526316,0.850712588429451,0.9313024133443832,0.0001111111111111111,67.4,"[61.6%, 69.0%, 74.2%, 64.8%]",,,,
3,weights,19,74,0.056273684210526316,0.8777612954378128,0.9580874666571617,0.0001111111111111111,66.95,"[61.6%, 69.0%, 74.2%, 63.0%]",,,,
3,weights,20,75,0.056273684210526316,0.8684726551175117,0.9720523506402969,0.0001111111111111111,66.8,"[61.6%, 69.0%, 74.2%, 62.4%]",,,,
3,weights,21,76,0.056273684210526316,0.8383847594261169,0.9435151815414429,0.0001111111111111111,67.5,"[61.6%, 69.0%, 74.2%, 65.2%]",,,,
3,weights,22,77,0.056273684210526316,0.8595948800444603,0.889316014945507,0.0001111111111111111,67.65,"[61.6%, 69.0%, 74.2%, 65.8%]",,,,
3,weights,23,78,0.056273684210526316,0.8400872454047204,0.9274307899177074,0.0001111111111111111,67.85,"[61.6%, 69.0%, 74.2%, 66.6%]",,,,
3,weights,24,79,0.056273684210526316,0.7926208540797234,0.9122236147522926,0.0001111111111111111,67.85,"[61.6%, 69.0%, 74.2%, 66.6%]",,,,
3,weights,25,80,0.056273684210526316,0.7989835545420647,0.9022561460733414,0.0001111111111111111,67.9,"[61.6%, 69.0%, 74.2%, 66.8%]",45.0,"[0.0%, 69.0%, 74.2%, 36.8%]",52.800000000000004,"[46.2%, 53.0%, 65.4%, 46.6%]"
4,parallel,1,1,0.5,5.790291726589203,2.7145681977272034,0.0001111111111111111,58.32000000000001,"[61.6%, 69.0%, 74.2%, 66.8%, 20.0%]",,,,
4,parallel,2,2,0.5,1.9218134611845017,1.6597436517477036,0.0001111111111111111,58.32000000000001,"[61.6%, 69.0%, 74.2%, 66.8%, 20.0%]",,,,
4,parallel,3,3,0.5,1.6537218242883682,1.640343338251114,0.0001111111111111111,58.32000000000001,"[61.6%, 69.0%, 74.2%, 66.8%, 20.0%]",,,,
4,parallel,4,4,0.5,1.5647292613983155,1.4203964620828629,0.0001111111111111111,61.6,"[61.6%, 69.0%, 74.2%, 66.8%, 36.4%]",,,,
4,parallel,5,5,0.495563435,1.2669652342796325,1.1387589201331139,0.0001111111111111111,65.84,"[61.6%, 69.0%, 74.2%, 66.8%, 57.6%]",,,,
4,parallel,6,6,0.47803955921052627,1.0378650069236754,0.9796818494796753,0.0001111111111111111,66.92,"[61.6%, 69.0%, 74.2%, 66.8%, 63.0%]",,,,
4,parallel,7,7,0.46087149815789474,0.8687547236680985,0.7627923712134361,0.0001111111111111111,69.24000000000001,"[61.6%, 69.0%, 74.2%, 66.8%, 74.6%]",,,,
4,parallel,8,8,0.4440592518421053,0.7082312673330307,0.9739190824329853,0.0001111111111111111,67.44000000000001,"[61.6%, 69.0%, 74.2%, 66.8%, 65.6%]",,,,
4,parallel,9,9,0.42760282026315793,0.7186493091285229,0.665247555822134,0.0001111111111111111,69.76,"[61.6%, 69.0%, 74.2%, 66.8%, 77.2%]",,,,
4,parallel,10,10,0.41150220342105265,0.706061927229166,0.5836570411920547,0.0001111111111111111,70.8,"[61.6%, 69.0%, 74.2%, 66.8%, 82.4%]",,,,
4,parallel,11,11,0.39575740131578946,0.6124524287879467,0.5568663533776999,0.0001111111111111111,70.76,"[61.6%, 69.0%, 74.2%, 66.8%, 82.2%]",,,,
4,parallel,12,12,0.38036841394736837,0.5213320538401603,0.4750453159213066,0.0001111111111111111,71.12,"[61.6%, 69.0%, 74.2%, 66.8%, 84.0%]",,,,
4,parallel,13,13,0.3653352413157895,0.5001623868942261,0.5215264298021793,0.0001111111111111111,70.96000000000001,"[61.6%, 69.0%, 74.2%, 66.8%, 83.2%]",,,,
4,parallel,14,14,0.3506578834210526,0.45203088968992233,0.43305554799735546,0.0001111111111111111,71.52000000000001,"[61.6%, 69.0%, 74.2%, 66.8%, 86.0%]",,,,
4,parallel,15,15,0.3363363402631579,0.4247401412576437,0.5200928188860416,0.0001111111111111111,71.12,"[61.6%, 69.0%, 74.2%, 66.8%, 84.0%]",,,,
4,parallel,16,16,0.3223706118421053,0.4603216752409935,0.39138346165418625,0.0001111111111111111,71.84,"[61.6%, 69.0%, 74.2%, 66.8%, 87.6%]",,,,
4,parallel,17,17,0.30876069815789475,0.3935083182528615,0.39500603824853897,0.0001111111111111111,71.68,"[61.6%, 69.0%, 74.2%, 66.8%, 86.8%]",,,,
4,parallel,18,18,0.2955065992105263,0.39210471101105215,0.4268438834697008,0.0001111111111111111,71.4,"[61.6%, 69.0%, 74.2%, 66.8%, 85.4%]",,,,
4,parallel,19,19,0.28260831500000005,0.4061789732426405,0.3837914075702429,0.0001111111111111111,72.0,"[61.6%, 69.0%, 74.2%, 66.8%, 88.4%]",,,,
4,parallel,20,20,0.27006584552631585,0.43916909098625184,0.42632273491472006,0.0001111111111111111,71.72,"[61.6%, 69.0%, 74.2%, 66.8%, 87.0%]",,,,
4,parallel,21,21,0.25787919078947374,0.4154289446771145,0.36985725350677967,0.0001111111111111111,71.92,"[61.6%, 69.0%, 74.2%, 66.8%, 88.0%]",,,,
4,parallel,22,22,0.24604835078947374,0.3836118157953024,0.4088857099413872,0.0001111111111111111,71.32000000000001,"[61.6%, 69.0%, 74.2%, 66.8%, 85.0%]",,,,
4,parallel,23,23,0.23457332552631582,0.3984414219856262,0.3903563804924488,0.0001111111111111111,72.0,"[61.6%, 69.0%, 74.2%, 66.8%, 88.4%]",,,,
4,parallel,24,24,0.223454115,0.4983358234167099,0.5204614326357841,0.0001111111111111111,70.88000000000001,"[61.6%, 69.0%, 74.2%, 66.8%, 82.8%]",,,,
4,parallel,25,25,0.2126907192105263,0.44432716369628905,0.40991177409887314,0.0001111111111111111,71.76,"[61.6%, 69.0%, 74.2%, 66.8%, 87.2%]",,,,
4,parallel,26,26,0.20228313815789473,0.4413413841277361,0.4144732188433409,0.0001111111111111111,71.8,"[61.6%, 69.0%, 74.2%, 66.8%, 87.4%]",,,,
4,parallel,27,27,0.19223137184210526,0.3788034863770008,0.3922068737447262,0.0001111111111111111,71.84,"[61.6%, 69.0%, 74.2%, 66.8%, 87.6%]",,,,
4,parallel,28,28,0.18253542026315783,0.4528693206608295,0.45716405287384987,0.0001111111111111111,71.24000000000001,"[61.6%, 69.0%, 74.2%, 66.8%, 84.6%]",,,,
4,parallel,29,29,0.17319528342105261,0.40415353178977964,0.4397876597940922,0.0001111111111111111,71.24000000000001,"[61.6%, 69.0%, 74.2%, 66.8%, 84.6%]",,,,
4,parallel,30,30,0.1642109613157895,0.406060966104269,0.4538772664964199,0.0001111111111111111,71.32000000000001,"[61.6%, 69.0%, 74.2%, 66.8%, 85.0%]",,,,
4,parallel,31,31,0.15558245394736842,0.5133590549230576,0.5390321426093578,0.0001111111111111111,71.24000000000001,"[61.6%, 69.0%, 74.2%, 66.8%, 84.6%]",,,,
4,parallel,32,32,0.14730976131578946,0.49877775460481644,0.5095505639910698,0.0001111111111111111,71.28,"[61.6%, 69.0%, 74.2%, 66.8%, 84.8%]",,,,
4,parallel,33,33,0.13939288342105266,0.44770153015851977,0.5145031921565533,0.0001111111111111111,71.16,"[61.6%, 69.0%, 74.2%, 66.8%, 84.2%]",,,,
4,parallel,34,34,0.1318318202631579,0.4360507532954216,0.4611634202301502,0.0001111111111111111,71.48,"[61.6%, 69.0%, 74.2%, 66.8%, 85.8%]",,,,
4,parallel,35,35,0.12462657184210528,0.5280624859035015,0.5527363233268261,0.0001111111111111111,70.92,"[61.6%, 69.0%, 74.2%, 66.8%, 83.0%]",,,,
4,parallel,36,36,0.11777713815789474,0.47230701632797717,0.4801372569054365,0.0001111111111111111,71.52000000000001,"[61.6%, 69.0%, 74.2%, 66.8%, 86.0%]",,,,
4,parallel,37,37,0.11128351921052632,0.4905254777520895,0.5307805053889751,0.0001111111111111111,70.8,"[61.6%, 69.0%, 74.2%, 66.8%, 82.4%]",,,,
4,parallel,38,38,0.105145715,0.6018999762833118,0.5619239583611488,0.0001111111111111111,70.8,"[61.6%, 69.0%, 74.2%, 66.8%, 82.4%]",,,,
4,parallel,39,39,0.09936372552631578,0.6059895783662796,0.5406859219074249,0.0001111111111111111,70.84,"[61.6%, 69.0%, 74.2%, 66.8%, 82.6%]",,,,
4,parallel,40,40,0.09393755078947369,0.5395520478487015,0.5413878746330738,0.0001111111111111111,70.88000000000001,"[61.6%, 69.0%, 74.2%, 66.8%, 82.8%]",,,,
4,parallel,41,41,0.0888671907894737,0.6934027634561062,0.6339614242315292,0.0001111111111111111,70.04,"[61.6%, 69.0%, 74.2%, 66.8%, 78.6%]",,,,
4,parallel,42,42,0.0841526455263158,0.6116858452558518,0.758914940059185,0.0001111111111111111,69.4,"[61.6%, 69.0%, 74.2%, 66.8%, 75.4%]",,,,
4,parallel,43,43,0.07979391499999999,0.6348753482103348,0.6210689023137093,0.0001111111111111111,70.36,"[61.6%, 69.0%, 74.2%, 66.8%, 80.2%]",,,,
4,parallel,44,44,0.07579099921052632,0.6655324399471283,0.8126359805464745,0.0001111111111111111,68.48,"[61.6%, 69.0%, 74.2%, 66.8%, 70.8%]",,,,
4,parallel,45,45,0.07214389815789474,0.7268573649227619,0.6747224442660809,0.0001111111111111111,70.04,"[61.6%, 69.0%, 74.2%, 66.8%, 78.6%]",,,,
4,parallel,46,46,0.06885261184210527,0.6426408924162388,0.6199345029890537,0.0001111111111111111,70.24000000000001,"[61.6%, 69.0%, 74.2%, 66.8%, 79.6%]",,,,
4,parallel,47,47,0.0659171402631579,0.6572931088507176,0.6677197776734829,0.0001111111111111111,69.88000000000001,"[61.6%, 69.0%, 74.2%, 66.8%, 77.8%]",,,,
4,parallel,48,48,0.06333748342105264,0.6368023850023746,0.6342533491551876,0.0001111111111111111,70.12,"[61.6%, 69.0%, 74.2%, 66.8%, 79.0%]",,,,
4,parallel,49,49,0.061113641315789474,1.0298614591360091,0.8166814893484116,0.0001111111111111111,68.8,"[61.6%, 69.0%, 74.2%, 66.8%, 72.4%]",,,,
4,parallel,50,50,0.05924561394736842,0.7600957080721855,0.6775166541337967,0.0001111111111111111,69.6,"[61.6%, 69.0%, 74.2%, 66.8%, 76.4%]",,,,
4,parallel,51,51,0.057733401315789475,0.6976123958826065,0.7406384944915771,0.0001111111111111111,69.04,"[61.6%, 69.0%, 74.2%, 66.8%, 73.6%]",,,,
4,parallel,52,52,0.05657700342105264,0.7033898651599884,0.7277701906859875,0.0001111111111111111,69.68,"[61.6%, 69.0%, 74.2%, 66.8%, 76.8%]",,,,
4,parallel,53,53,0.0557764202631579,0.6325378831475973,0.7580131571739912,0.0001111111111111111,68.92,"[61.6%, 69.0%, 74.2%, 66.8%, 73.0%]",,,,
4,parallel,54,54,0.05533165184210526,0.6024833209812641,0.6274752616882324,0.0001111111111111111,70.04,"[61.6%, 69.0%, 74.2%, 66.8%, 78.6%]",,,,
4,parallel,55,55,0.05523157894736842,0.5607002303004265,0.5714718960225582,0.0001111111111111111,70.6,"[61.6%, 69.0%, 74.2%, 66.8%, 81.4%]",,,,
4,weights,1,56,0.05523157894736842,0.5446555458009243,0.5786615312099457,0.0001111111111111111,70.6,"[61.6%, 69.0%, 74.2%, 66.8%, 81.4%]",,,,
4,weights,2,57,0.05523157894736842,0.5313763044774532,0.577455285936594,0.0001111111111111111,70.36,"[61.6%, 69.0%, 74.2%, 66.8%, 80.2%]",,,,
4,weights,3,58,0.05523157894736842,0.5290074370801449,0.5147210396826267,0.0001111111111111111,70.6,"[61.6%, 69.0%, 74.2%, 66.8%, 81.4%]",,,,
4,weights,4,59,0.05523157894736842,0.5123248748481274,0.520526085048914,0.0001111111111111111,70.76,"[61.6%, 69.0%, 74.2%, 66.8%, 82.2%]",,,,
4,weights,5,60,0.05523157894736842,0.5063605137169361,0.5546405538916588,0.0001111111111111111,70.4,"[61.6%, 69.0%, 74.2%, 66.8%, 80.4%]",,,,
4,weights,6,61,0.05523157894736842,0.4554320603609085,0.51193056255579,0.0001111111111111111,70.68,"[61.6%, 69.0%, 74.2%, 66.8%, 81.8%]",,,,
4,weights,7,62,0.05523157894736842,0.4453832320868969,0.5011040084064007,0.0001111111111111111,70.92,"[61.6%, 69.0%, 74.2%, 66.8%, 83.0%]",,,,
4,weights,8,63,0.05523157894736842,0.44237279891967773,0.4647645838558674,0.0001111111111111111,71.36,"[61.6%, 69.0%, 74.2%, 66.8%, 85.2%]",,,,
4,weights,9,64,0.05523157894736842,0.49368176944553854,0.5015894286334515,0.0001111111111111111,71.0,"[61.6%, 69.0%, 74.2%, 66.8%, 83.4%]",,,,
4,weights,10,65,0.05523157894736842,0.4322431206703186,0.46858084574341774,0.0001111111111111111,71.08000000000001,"[61.6%, 69.0%, 74.2%, 66.8%, 83.8%]",,,,
4,weights,11,66,0.05523157894736842,0.424283492192626,0.4564124159514904,0.0001111111111111111,71.24000000000001,"[61.6%, 69.0%, 74.2%, 66.8%, 84.6%]",,,,
4,weights,12,67,0.05523157894736842,0.4361005935817957,0.4838632121682167,0.0001111111111111111,70.96000000000001,"[61.6%, 69.0%, 74.2%, 66.8%, 83.2%]",,,,
4,weights,13,68,0.05523157894736842,0.4088255435228348,0.5208164732903242,0.0001111111111111111,70.92,"[61.6%, 69.0%, 74.2%, 66.8%, 83.0%]",,,,
4,weights,14,69,0.05523157894736842,0.4244911588728428,0.48207297176122665,0.0001111111111111111,71.28,"[61.6%, 69.0%, 74.2%, 66.8%, 84.8%]",,,,
4,weights,15,70,0.05523157894736842,0.40633300840854647,0.45917029306292534,0.0001111111111111111,71.32000000000001,"[61.6%, 69.0%, 74.2%, 66.8%, 85.0%]",,,,
4,weights,16,71,0.05523157894736842,0.4312520768493414,0.4856553375720978,0.0001111111111111111,71.12,"[61.6%, 69.0%, 74.2%, 66.8%, 84.0%]",,,,
4,weights,17,72,0.05523157894736842,0.4072101045399904,0.4534842036664486,0.0001111111111111111,71.32000000000001,"[61.6%, 69.0%, 74.2%, 66.8%, 85.0%]",,,,
4,weights,18,73,0.05523157894736842,0.362526161968708,0.42887990176677704,0.0001111111111111111,71.28,"[61.6%, 69.0%, 74.2%, 66.8%, 84.8%]",,,,
4,weights,19,74,0.05523157894736842,0.3771864719688892,0.4706723913550377,0.0001111111111111111,70.88000000000001,"[61.6%, 69.0%, 74.2%, 66.8%, 82.8%]",,,,
4,weights,20,75,0.05523157894736842,0.3800006669014692,0.39947720989584923,0.0001111111111111111,71.36,"[61.6%, 69.0%, 74.2%, 66.8%, 85.2%]",,,,
4,weights,21,76,0.05523157894736842,0.350756898149848,0.45672039687633514,0.0001111111111111111,71.2,"[61.6%, 69.0%, 74.2%, 66.8%, 84.4%]",,,,
4,weights,22,77,0.05523157894736842,0.32404821645468473,0.43874235451221466,0.0001111111111111111,71.28,"[61.6%, 69.0%, 74.2%, 66.8%, 84.8%]",,,,
4,weights,23,78,0.05523157894736842,0.3397199552506208,0.4702626597136259,0.0001111111111111111,71.16,"[61.6%, 69.0%, 74.2%, 66.8%, 84.2%]",,,,
4,weights,24,79,0.05523157894736842,0.38094208389520645,0.43597258254885674,0.0001111111111111111,71.16,"[61.6%, 69.0%, 74.2%, 66.8%, 84.2%]",,,,
4,weights,25,80,0.05523157894736842,0.32213294189423325,0.4447436239570379,0.0001111111111111111,71.48,"[61.6%, 69.0%, 74.2%, 66.8%, 85.8%]",32.48,"[0.0%, 17.4%, 39.4%, 19.8%, 85.8%]",59.4,"[46.2%, 44.2%, 65.4%, 55.4%, 85.8%]"
5,parallel,1,1,0.5,6.845597070455551,3.4970224499702454,0.0001111111111111111,59.56666666666667,"[61.6%, 69.0%, 74.2%, 66.8%, 85.8%, 0.0%]",,,,
5,parallel,2,2,0.5,2.227932009100914,1.6945530027151108,0.0001111111111111111,62.900000000000006,"[61.6%, 69.0%, 74.2%, 66.8%, 85.8%, 20.0%]",,,,
5,parallel,3,3,0.5,1.6655845284461974,1.638482078909874,0.0001111111111111111,62.900000000000006,"[61.6%, 69.0%, 74.2%, 66.8%, 85.8%, 20.0%]",,,,
5,parallel,4,4,0.5,1.637825107574463,1.6298866271972656,0.0001111111111111111,62.900000000000006,"[61.6%, 69.0%, 74.2%, 66.8%, 85.8%, 20.0%]",,,,
5,parallel,5,5,0.49555304,1.6340515553951263,1.6235370337963104,0.0001111111111111111,62.900000000000006,"[61.6%, 69.0%, 74.2%, 66.8%, 85.8%, 20.0%]",,,,
5,parallel,6,6,0.4779881052631579,1.6312135249376296,1.6165341436862946,0.0001111111111111111,63.70000000000001,"[61.6%, 69.0%, 74.2%, 66.8%, 85.8%, 24.8%]",,,,
5,parallel,7,7,0.4607798189473684,1.5948589384555816,1.5131889581680298,0.0001111111111111111,65.73333333333333,"[61.6%, 69.0%, 74.2%, 66.8%, 85.8%, 37.0%]",,,,
5,parallel,8,8,0.44392818105263165,1.484387156367302,1.3825139999389648,0.0001111111111111111,67.06666666666668,"[61.6%, 69.0%, 74.2%, 66.8%, 85.8%, 45.0%]",,,,
5,parallel,9,9,0.42743319157894744,1.3718532145023346,1.2432720437645912,0.0001111111111111111,68.06666666666668,"[61.6%, 69.0%, 74.2%, 66.8%, 85.8%, 51.0%]",,,,
5,parallel,10,10,0.41129485052631576,1.2615709513425828,1.1704330742359161,0.0001111111111111111,68.8,"[61.6%, 69.0%, 74.2%, 66.8%, 85.8%, 55.4%]",,,,
5,parallel,11,11,0.39551315789473684,1.1381396666169166,1.130014792084694,0.0001111111111111111,69.16666666666667,"[61.6%, 69.0%, 74.2%, 66.8%, 85.8%, 57.6%]",,,,
5,parallel,12,12,0.38008811368421047,1.0911137983202934,1.0926126576960087,0.0001111111111111111,68.93333333333334,"[61.6%, 69.0%, 74.2%, 66.8%, 85.8%, 56.2%]",,,,
5,parallel,13,13,0.3650197178947368,1.0894759468734265,1.1465701833367348,0.0001111111111111111,69.00000000000001,"[61.6%, 69.0%, 74.2%, 66.8%, 85.8%, 56.6%]",,,,
5,parallel,14,14,0.35030797052631574,0.9298176601529121,0.9679344072937965,0.0001111111111111111,70.10000000000001,"[61.6%, 69.0%, 74.2%, 66.8%, 85.8%, 63.2%]",,,,
5,parallel,15,15,0.3359528715789474,0.904812154173851,0.9101649597287178,0.0001111111111111111,70.43333333333334,"[61.6%, 69.0%, 74.2%, 66.8%, 85.8%, 65.2%]",,,,
5,parallel,16,16,0.3219544210526316,0.8709895417094231,0.9965231940150261,0.0001111111111111111,70.03333333333335,"[61.6%, 69.0%, 74.2%, 66.8%, 85.8%, 62.8%]",,,,
5,parallel,17,17,0.3083126189473684,0.9224264949560166,0.906374491751194,0.0001111111111111111,70.4,"[61.6%, 69.0%, 74.2%, 66.8%, 85.8%, 65.0%]",,,,
5,parallel,18,18,0.2950274652631579,0.8288030855357646,0.8278109207749367,0.0001111111111111111,71.23333333333333,"[61.6%, 69.0%, 74.2%, 66.8%, 85.8%, 70.0%]",,,,
5,parallel,19,19,0.28209896000000007,0.8041427798569203,0.8136385157704353,0.0001111111111111111,71.06666666666668,"[61.6%, 69.0%, 74.2%, 66.8%, 85.8%, 69.0%]",,,,
5,parallel,20,20,0.2695271031578948,0.8416718989610672,0.7770624682307243,0.0001111111111111111,71.60000000000001,"[61.6%, 69.0%, 74.2%, 66.8%, 85.8%, 72.2%]",,,,
5,parallel,21,21,0.25731189473684213,0.8412984386086464,0.8094503730535507,0.0001111111111111111,71.43333333333334,"[61.6%, 69.0%, 74.2%, 66.8%, 85.8%, 71.2%]",,,,
5,parallel,22,22,0.24545333473684214,0.79533821195364,0.8359868004918098,0.0001111111111111111,71.10000000000001,"[61.6%, 69.0%, 74.2%, 66.8%, 85.8%, 69.2%]",,,,
5,parallel,23,23,0.23395142315789474,0.8189785361289978,0.794317789375782,0.0001111111111111111,71.36666666666667,"[61.6%, 69.0%, 74.2%, 66.8%, 85.8%, 70.8%]",,,,
5,parallel,24,24,0.22280616,0.8158663451671601,0.7922113835811615,0.0001111111111111111,71.66666666666667,"[61.6%, 69.0%, 74.2%, 66.8%, 85.8%, 72.6%]",,,,
5,parallel,25,25,0.2120175452631579,0.8012188747525215,0.7968405932188034,0.0001111111111111111,71.13333333333334,"[61.6%, 69.0%, 74.2%, 66.8%, 85.8%, 69.4%]",,,,
5,parallel,26,26,0.20158557894736842,0.8236884027719498,0.8100872337818146,0.0001111111111111111,71.43333333333334,"[61.6%, 69.0%, 74.2%, 66.8%, 85.8%, 71.2%]",,,,
5,parallel,27,27,0.19151026105263158,0.841133001446724,0.7768090143799782,0.0001111111111111111,71.13333333333334,"[61.6%, 69.0%, 74.2%, 66.8%, 85.8%, 69.4%]",,,,
5,parallel,28,28,0.18179159157894734,0.8096896126866341,0.7294833287596703,0.0001111111111111111,71.93333333333334,"[61.6%, 69.0%, 74.2%, 66.8%, 85.8%, 74.2%]",,,,
5,parallel,29,29,0.1724295705263158,0.7590114369988441,0.7809678316116333,0.0001111111111111111,71.56666666666668,"[61.6%, 69.0%, 74.2%, 66.8%, 85.8%, 72.0%]",,,,
5,parallel,30,30,0.16342419789473683,0.7868678271770477,0.7670966535806656,0.0001111111111111111,71.33333333333333,"[61.6%, 69.0%, 74.2%, 66.8%, 85.8%, 70.6%]",,,,
5,parallel,31,31,0.15477547368421052,0.7899269685149193,0.8751967065036297,0.0001111111111111111,70.76666666666667,"[61.6%, 69.0%, 74.2%, 66.8%, 85.8%, 67.2%]",,,,
5,parallel,32,32,0.14648339789473683,0.7983889192342758,0.8308629877865314,0.0001111111111111111,71.06666666666668,"[61.6%, 69.0%, 74.2%, 66.8%, 85.8%, 69.0%]",,,,
5,parallel,33,33,0.13854797052631582,0.8475841969251633,0.8186670318245888,0.0001111111111111111,71.46666666666668,"[61.6%, 69.0%, 74.2%, 66.8%, 85.8%, 71.4%]",,,,
5,parallel,34,34,0.13096919157894737,0.7823558695614338,0.786868330091238,0.0001111111111111111,71.56666666666668,"[61.6%, 69.0%, 74.2%, 66.8%, 85.8%, 72.0%]",,,,
5,parallel,35,35,0.12374706105263159,0.8372146934270859,0.8682294338941574,0.0001111111111111111,71.0,"[61.6%, 69.0%, 74.2%, 66.8%, 85.8%, 68.6%]",,,,
5,parallel,36,36,0.11688157894736842,0.8948240458965302,0.8583539947867393,0.0001111111111111111,70.93333333333334,"[61.6%, 69.0%, 74.2%, 66.8%, 85.8%, 68.2%]",,,,
5,parallel,37,37,0.1103727452631579,0.8885919824242592,0.8890363276004791,0.0001111111111111111,70.9,"[61.6%, 69.0%, 74.2%, 66.8%, 85.8%, 68.0%]",,,,
5,parallel,38,38,0.10422055999999999,0.9649458438158035,0.906145341694355,0.0001111111111111111,70.73333333333333,"[61.6%, 69.0%, 74.2%, 66.8%, 85.8%, 67.0%]",,,,
5,parallel,39,39,0.09842502315789473,0.9426453098654747,0.874920018017292,0.0001111111111111111,71.2,"[61.6%, 69.0%, 74.2%, 66.8%, 85.8%, 69.8%]",,,,
5,parallel,40,40,0.09298613473684211,0.9819353863596916,0.921162024140358,0.0001111111111111111,70.86666666666667,"[61.6%, 69.0%, 74.2%, 66.8%, 85.8%, 67.8%]",,,,
5,parallel,41,41,0.08790389473684213,0.9476543188095092,0.9388154968619347,0.0001111111111111111,70.93333333333334,"[61.6%, 69.0%, 74.2%, 66.8%, 85.8%, 68.2%]",,,,
5,parallel,42,42,0.08317830315789473,0.993419960141182,0.9454187974333763,0.0001111111111111111,70.5,"[61.6%, 69.0%, 74.2%, 66.8%, 85.8%, 65.6%]",,,,
5,parallel,43,43,0.07880936,0.9408999398350716,0.9201417788863182,0.0001111111111111111,70.83333333333333,"[61.6%, 69.0%, 74.2%, 66.8%, 85.8%, 67.6%]",,,,
5,parallel,44,44,0.0747970652631579,1.0716301187872888,0.9249893724918365,0.0001111111111111111,70.7,"[61.6%, 69.0%, 74.2%, 66.8%, 85.8%, 66.8%]",,,,
5,parallel,45,45,0.07114141894736842,1.0160303816199303,0.9288760423660278,0.0001111111111111111,70.73333333333333,"[61.6%, 69.0%, 74.2%, 66.8%, 85.8%, 67.0%]",,,,
5,parallel,46,46,0.0678424210526316,1.0064669266343116,0.9109786935150623,0.0001111111111111111,70.9,"[61.6%, 69.0%, 74.2%, 66.8%, 85.8%, 68.0%]",,,,
5,parallel,47,47,0.06490007157894738,0.9615873083472252,0.9305238053202629,0.0001111111111111111,70.53333333333335,"[61.6%, 69.0%, 74.2%, 66.8%, 85.8%, 65.8%]",,,,
5,parallel,48,48,0.06231437052631579,1.2401425793766976,1.1593301370739937,0.0001111111111111111,68.93333333333334,"[61.6%, 69.0%, 74.2%, 66.8%, 85.8%, 56.2%]",,,,
5,parallel,49,49,0.060085317894736846,1.1249820679426192,1.0380766317248344,0.0001111111111111111,69.93333333333334,"[61.6%, 69.0%, 74.2%, 66.8%, 85.8%, 62.2%]",,,,
5,parallel,50,50,0.05821291368421053,1.041860707104206,1.0199183523654938,0.0001111111111111111,70.2,"[61.6%, 69.0%, 74.2%, 66.8%, 85.8%, 63.8%]",,,,
5,parallel,51,51,0.056697157894736845,1.0069541394710542,0.9398827850818634,0.0001111111111111111,70.83333333333333,"[61.6%, 69.0%, 74.2%, 66.8%, 85.8%, 67.6%]",,,,
5,parallel,52,52,0.055538050526315795,0.9573790580034256,1.0015565752983093,0.0001111111111111111,70.16666666666667,"[61.6%, 69.0%, 74.2%, 66.8%, 85.8%, 63.6%]",,,,
5,parallel,53,53,0.054735591578947376,0.8965833008289337,0.8976976796984673,0.0001111111111111111,70.80000000000001,"[61.6%, 69.0%, 74.2%, 66.8%, 85.8%, 67.4%]",,,,
5,parallel,54,54,0.05428978105263158,1.1011784076690674,0.9594962894916534,0.0001111111111111111,70.43333333333334,"[61.6%, 69.0%, 74.2%, 66.8%, 85.8%, 65.2%]",,,,
5,parallel,55,55,0.05418947368421053,1.0208180740475654,1.0414310693740845,0.0001111111111111111,69.4,"[61.6%, 69.0%, 74.2%, 66.8%, 85.8%, 59.0%]",,,,
5,weights,1,56,0.05418947368421053,0.9211598448455334,0.9036051407456398,0.0001111111111111111,71.0,"[61.6%, 69.0%, 74.2%, 66.8%, 85.8%, 68.6%]",,,,
5,weights,2,57,0.05418947368421053,0.8957397967576981,0.9313519448041916,0.0001111111111111111,70.30000000000001,"[61.6%, 69.0%, 74.2%, 66.8%, 85.8%, 64.4%]",,,,
5,weights,3,58,0.05418947368421053,0.914069989323616,0.872716635465622,0.0001111111111111111,70.73333333333333,"[61.6%, 69.0%, 74.2%, 66.8%, 85.8%, 67.0%]",,,,
5,weights,4,59,0.05418947368421053,0.8789032265543938,0.8685622811317444,0.0001111111111111111,70.66666666666667,"[61.6%, 69.0%, 74.2%, 66.8%, 85.8%, 66.6%]",,,,
5,weights,5,60,0.05418947368421053,0.8620567589998245,0.9832671880722046,0.0001111111111111111,69.73333333333333,"[61.6%, 69.0%, 74.2%, 66.8%, 85.8%, 61.0%]",,,,
5,weights,6,61,0.05418947368421053,0.8473615884780884,0.8562593311071396,0.0001111111111111111,70.76666666666667,"[61.6%, 69.0%, 74.2%, 66.8%, 85.8%, 67.2%]",,,,
5,weights,7,62,0.05418947368421053,0.8613377958536148,0.8567397147417068,0.0001111111111111111,70.9,"[61.6%, 69.0%, 74.2%, 66.8%, 85.8%, 68.0%]",,,,
5,weights,8,63,0.05418947368421053,0.8106018118560314,0.8564800769090652,0.0001111111111111111,70.66666666666667,"[61.6%, 69.0%, 74.2%, 66.8%, 85.8%, 66.6%]",,,,
5,weights,9,64,0.05418947368421053,0.8092321902513504,0.8085744120180607,0.0001111111111111111,71.33333333333333,"[61.6%, 69.0%, 74.2%, 66.8%, 85.8%, 70.6%]",,,,
5,weights,10,65,0.05418947368421053,0.8356438636779785,0.8564842045307159,0.0001111111111111111,70.76666666666667,"[61.6%, 69.0%, 74.2%, 66.8%, 85.8%, 67.2%]",,,,
5,weights,11,66,0.05418947368421053,0.8084310188889503,0.7856518663465977,0.0001111111111111111,71.43333333333334,"[61.6%, 69.0%, 74.2%, 66.8%, 85.8%, 71.2%]",,,,
5,weights,12,67,0.05418947368421053,0.7977853193879128,0.8133799508213997,0.0001111111111111111,71.43333333333334,"[61.6%, 69.0%, 74.2%, 66.8%, 85.8%, 71.2%]",,,,
5,weights,13,68,0.05418947368421053,0.8101342752575874,0.7865375280380249,0.0001111111111111111,71.53333333333335,"[61.6%, 69.0%, 74.2%, 66.8%, 85.8%, 71.8%]",,,,
5,weights,14,69,0.05418947368421053,0.7709270574152469,0.8062777817249298,0.0001111111111111111,71.16666666666667,"[61.6%, 69.0%, 74.2%, 66.8%, 85.8%, 69.6%]",,,,
5,weights,15,70,0.05418947368421053,0.7841325178742409,0.7830489836633205,0.0001111111111111111,71.56666666666668,"[61.6%, 69.0%, 74.2%, 66.8%, 85.8%, 72.0%]",,,,
5,weights,16,71,0.05418947368421053,0.7555469244718551,0.7580353990197182,0.0001111111111111111,71.60000000000001,"[61.6%, 69.0%, 74.2%, 66.8%, 85.8%, 72.2%]",,,,
5,weights,17,72,0.05418947368421053,0.7334652677178383,0.770935170352459,0.0001111111111111111,71.7,"[61.6%, 69.0%, 74.2%, 66.8%, 85.8%, 72.8%]",,,,
5,weights,18,73,0.05418947368421053,0.7608555421233177,0.7596985921263695,0.0001111111111111111,71.76666666666667,"[61.6%, 69.0%, 74.2%, 66.8%, 85.8%, 73.2%]",,,,
5,weights,19,74,0.05418947368421053,0.7520499661564827,0.7993309423327446,0.0001111111111111111,71.4,"[61.6%, 69.0%, 74.2%, 66.8%, 85.8%, 71.0%]",,,,
5,weights,20,75,0.05418947368421053,0.7636085845530033,0.8091342262923717,0.0001111111111111111,71.36666666666667,"[61.6%, 69.0%, 74.2%, 66.8%, 85.8%, 70.8%]",,,,
5,weights,21,76,0.05418947368421053,0.7574516423046589,0.7868076264858246,0.0001111111111111111,71.33333333333333,"[61.6%, 69.0%, 74.2%, 66.8%, 85.8%, 70.6%]",,,,
5,weights,22,77,0.05418947368421053,0.7344828322529793,0.8172300904989243,0.0001111111111111111,71.13333333333334,"[61.6%, 69.0%, 74.2%, 66.8%, 85.8%, 69.4%]",,,,
5,weights,23,78,0.05418947368421053,0.717776283621788,0.7996060326695442,0.0001111111111111111,71.26666666666667,"[61.6%, 69.0%, 74.2%, 66.8%, 85.8%, 70.2%]",,,,
5,weights,24,79,0.05418947368421053,0.7355146631598473,0.7796014919877052,0.0001111111111111111,71.46666666666668,"[61.6%, 69.0%, 74.2%, 66.8%, 85.8%, 71.4%]",,,,
5,weights,25,80,0.05418947368421053,0.7084213808178902,0.792756013572216,0.0001111111111111111,71.10000000000001,"[61.6%, 69.0%, 74.2%, 66.8%, 85.8%, 69.2%]",34.599999999999994,"[0.0%, 17.4%, 39.4%, 19.8%, 85.8%, 45.2%]",59.56666666666666,"[46.2%, 44.2%, 65.4%, 46.6%, 85.8%, 69.2%]"
6,parallel,1,1,0.5,8.056711840629578,4.045214802026749,0.0001111111111111111,60.94285714285714,"[61.6%, 69.0%, 74.2%, 66.8%, 85.8%, 69.2%, 0.0%]",,,,
6,parallel,2,2,0.5,2.4649691730737686,1.7237232476472855,0.0001111111111111111,63.800000000000004,"[61.6%, 69.0%, 74.2%, 66.8%, 85.8%, 69.2%, 20.0%]",,,,
6,parallel,3,3,0.5,1.6718447029590606,1.6429254710674286,0.0001111111111111111,63.800000000000004,"[61.6%, 69.0%, 74.2%, 66.8%, 85.8%, 69.2%, 20.0%]",,,,
6,parallel,4,4,0.5,1.6390597939491272,1.6266086250543594,0.0001111111111111111,63.800000000000004,"[61.6%, 69.0%, 74.2%, 66.8%, 85.8%, 69.2%, 20.0%]",,,,
6,parallel,5,5,0.495542645,1.627913972735405,1.6245518773794174,0.0001111111111111111,63.800000000000004,"[61.6%, 69.0%, 74.2%, 66.8%, 85.8%, 69.2%, 20.0%]",,,,
6,parallel,6,6,0.47793665131578944,1.6279316604137422,1.6184533089399338,0.0001111111111111111,63.800000000000004,"[61.6%, 69.0%, 74.2%, 66.8%, 85.8%, 69.2%, 20.0%]",,,,
6,parallel,7,7,0.4606881397368421,1.5980179756879807,1.4638954997062683,0.0001111111111111111,66.51428571428572,"[61.6%, 69.0%, 74.2%, 66.8%, 85.8%, 69.2%, 39.0%]",,,,
6,parallel,8,8,0.44379711026315793,1.3766554832458495,1.3022186011075974,0.0001111111111111111,68.02857142857144,"[61.6%, 69.0%, 74.2%, 66.8%, 85.8%, 69.2%, 49.6%]",,,,
6,parallel,9,9,0.4272635628947369,1.216826942563057,1.0805458575487137,0.0001111111111111111,69.97142857142858,"[61.6%, 69.0%, 74.2%, 66.8%, 85.8%, 69.2%, 63.2%]",,,,
6,parallel,10,10,0.4110874976315789,1.0113305255770684,0.9453399032354355,0.0001111111111111111,70.0,"[61.6%, 69.0%, 74.2%, 66.8%, 85.8%, 69.2%, 63.4%]",,,,
6,parallel,11,11,0.3952689144736843,0.9244610637426376,0.976913757622242,0.0001111111111111111,70.0,"[61.6%, 69.0%, 74.2%, 66.8%, 85.8%, 69.2%, 63.4%]",,,,
6,parallel,12,12,0.37980781342105263,0.8641650810837745,1.0389858689159155,0.0001111111111111111,69.4,"[61.6%, 69.0%, 74.2%, 66.8%, 85.8%, 69.2%, 59.2%]",,,,
6,parallel,13,13,0.3647041944736842,0.8520247414708138,0.7781762853264809,0.0001111111111111111,71.45714285714287,"[61.6%, 69.0%, 74.2%, 66.8%, 85.8%, 69.2%, 73.6%]",,,,
6,parallel,14,14,0.34995805763157894,0.7348701968789101,0.8303805068135262,0.0001111111111111111,70.77142857142857,"[61.6%, 69.0%, 74.2%, 66.8%, 85.8%, 69.2%, 68.8%]",,,,
6,parallel,15,15,0.3355694028947369,0.7672363936901092,0.6697765104472637,0.0001111111111111111,71.88571428571429,"[61.6%, 69.0%, 74.2%, 66.8%, 85.8%, 69.2%, 76.6%]",,,,
6,parallel,16,16,0.321538230263158,0.6911186814308167,0.6725615635514259,0.0001111111111111111,72.05714285714286,"[61.6%, 69.0%, 74.2%, 66.8%, 85.8%, 69.2%, 77.8%]",,,,
6,parallel,17,17,0.30786453973684214,0.7225206054747104,0.648117084056139,0.0001111111111111111,72.05714285714286,"[61.6%, 69.0%, 74.2%, 66.8%, 85.8%, 69.2%, 77.8%]",,,,
6,parallel,18,18,0.2945483313157895,0.6953533098101616,0.7172359116375446,0.0001111111111111111,71.60000000000001,"[61.6%, 69.0%, 74.2%, 66.8%, 85.8%, 69.2%, 74.6%]",,,,
6,parallel,19,19,0.2815896050000001,0.6653379738330841,0.7142298631370068,0.0001111111111111111,71.71428571428571,"[61.6%, 69.0%, 74.2%, 66.8%, 85.8%, 69.2%, 75.4%]",,,,
6,parallel,20,20,0.26898836078947375,0.7475621223449707,0.6440090984106064,0.0001111111111111111,71.91428571428573,"[61.6%, 69.0%, 74.2%, 66.8%, 85.8%, 69.2%, 76.8%]",,,,
6,parallel,21,21,0.25674459868421057,0.6138811808079481,0.6127253361046314,0.0001111111111111111,72.22857142857143,"[61.6%, 69.0%, 74.2%, 66.8%, 85.8%, 69.2%, 79.0%]",,,,
6,parallel,22,22,0.24485831868421057,0.6249164037406445,0.6036427095532417,0.0001111111111111111,72.11428571428571,"[61.6%, 69.0%, 74.2%, 66.8%, 85.8%, 69.2%, 78.2%]",,,,
6,parallel,23,23,0.2333295207894737,0.645818536914885,0.7081015631556511,0.0001111111111111111,71.42857142857143,"[61.6%, 69.0%, 74.2%, 66.8%, 85.8%, 69.2%, 73.4%]",,,,
6,parallel,24,24,0.222158205,0.6257250845432282,0.6090208850800991,0.0001111111111111111,72.08571428571429,"[61.6%, 69.0%, 74.2%, 66.8%, 85.8%, 69.2%, 78.0%]",,,,
6,parallel,25,25,0.21134437131578948,0.7044671349227428,0.7091157212853432,0.0001111111111111111,71.42857142857143,"[61.6%, 69.0%, 74.2%, 66.8%, 85.8%, 69.2%, 73.4%]",,,,
6,parallel,26,26,0.2008880197368421,0.7385147094726563,0.637626301497221,0.0001111111111111111,72.22857142857143,"[61.6%, 69.0%, 74.2%, 66.8%, 85.8%, 69.2%, 79.0%]",,,,
6,parallel,27,27,0.19078915026315788,0.5768006607890129,0.6166189275681973,0.0001111111111111111,71.91428571428573,"[61.6%, 69.0%, 74.2%, 66.8%, 85.8%, 69.2%, 76.8%]",,,,
6,parallel,28,28,0.1810477628947368,0.6438430711627007,0.6637560352683067,0.0001111111111111111,71.94285714285715,"[61.6%, 69.0%, 74.2%, 66.8%, 85.8%, 69.2%, 77.0%]",,,,
6,parallel,29,29,0.17166385763157896,0.7316920928657055,0.6595516614615917,0.0001111111111111111,71.77142857142857,"[61.6%, 69.0%, 74.2%, 66.8%, 85.8%, 69.2%, 75.8%]",,,,
6,parallel,30,30,0.16263743447368423,0.6586946673691273,0.7638310212641954,0.0001111111111111111,71.22857142857143,"[61.6%, 69.0%, 74.2%, 66.8%, 85.8%, 69.2%, 72.0%]",,,,
6,parallel,31,31,0.15396849342105262,0.6900300100445748,0.6788873914629221,0.0001111111111111111,71.88571428571429,"[61.6%, 69.0%, 74.2%, 66.8%, 85.8%, 69.2%, 76.6%]",,,,
6,parallel,32,32,0.14565703447368422,0.6593071281909942,0.6289447918534279,0.0001111111111111111,72.0,"[61.6%, 69.0%, 74.2%, 66.8%, 85.8%, 69.2%, 77.4%]",,,,
6,parallel,33,33,0.13770305763157897,0.7559445723891258,0.7132203951478004,0.0001111111111111111,71.77142857142857,"[61.6%, 69.0%, 74.2%, 66.8%, 85.8%, 69.2%, 75.8%]",,,,
6,parallel,34,34,0.13010656289473688,0.737045294046402,0.7033748030662537,0.0001111111111111111,72.0,"[61.6%, 69.0%, 74.2%, 66.8%, 85.8%, 69.2%, 77.4%]",,,,
6,parallel,35,35,0.12286755026315792,0.8438169047236442,0.6784599646925926,0.0001111111111111111,72.0,"[61.6%, 69.0%, 74.2%, 66.8%, 85.8%, 69.2%, 77.4%]",,,,
6,parallel,36,36,0.11598601973684211,0.7748624891042709,0.6672167032957077,0.0001111111111111111,72.02857142857144,"[61.6%, 69.0%, 74.2%, 66.8%, 85.8%, 69.2%, 77.6%]",,,,
6,parallel,37,37,0.10946197131578948,0.7612181022763252,0.6860204376280308,0.0001111111111111111,71.88571428571429,"[61.6%, 69.0%, 74.2%, 66.8%, 85.8%, 69.2%, 76.6%]",,,,
6,parallel,38,38,0.103295405,1.0320759251713754,0.8339363858103752,0.0001111111111111111,71.2,"[61.6%, 69.0%, 74.2%, 66.8%, 85.8%, 69.2%, 71.8%]",,,,
6,parallel,39,39,0.09748632078947367,0.9171445563435554,0.778809417039156,0.0001111111111111111,71.51428571428572,"[61.6%, 69.0%, 74.2%, 66.8%, 85.8%, 69.2%, 74.0%]",,,,
6,parallel,40,40,0.09203471868421054,1.0022909596562386,0.887095469981432,0.0001111111111111111,71.0,"[61.6%, 69.0%, 74.2%, 66.8%, 85.8%, 69.2%, 70.4%]",,,,
6,parallel,41,41,0.08694059868421053,0.9416106447577477,0.8417137525975704,0.0001111111111111111,71.25714285714285,"[61.6%, 69.0%, 74.2%, 66.8%, 85.8%, 69.2%, 72.2%]",,,,
6,parallel,42,42,0.08220396078947369,0.9349273309111595,0.809670727699995,0.0001111111111111111,71.37142857142858,"[61.6%, 69.0%, 74.2%, 66.8%, 85.8%, 69.2%, 73.0%]",,,,
6,parallel,43,43,0.077824805,0.9579324401915074,0.8566456213593483,0.0001111111111111111,70.97142857142858,"[61.6%, 69.0%, 74.2%, 66.8%, 85.8%, 69.2%, 70.2%]",,,,
6,parallel,44,44,0.07380313131578947,0.9156534492969512,0.8129999302327633,0.0001111111111111111,71.4857142857143,"[61.6%, 69.0%, 74.2%, 66.8%, 85.8%, 69.2%, 73.8%]",,,,
6,parallel,45,45,0.0701389397368421,0.9163936719298362,0.8088349364697933,0.0001111111111111111,71.4,"[61.6%, 69.0%, 74.2%, 66.8%, 85.8%, 69.2%, 73.2%]",,,,
6,parallel,46,46,0.0668322302631579,0.8514542251825332,0.783852081745863,0.0001111111111111111,71.45714285714287,"[61.6%, 69.0%, 74.2%, 66.8%, 85.8%, 69.2%, 73.6%]",,,,
6,parallel,47,47,0.06388300289473685,0.8704000905156135,0.7974722720682621,0.0001111111111111111,71.31428571428572,"[61.6%, 69.0%, 74.2%, 66.8%, 85.8%, 69.2%, 72.6%]",,,,
6,parallel,48,48,0.06129125763157896,1.1492922976613045,0.9549349248409271,0.0001111111111111111,70.37142857142858,"[61.6%, 69.0%, 74.2%, 66.8%, 85.8%, 69.2%, 66.0%]",,,,
6,parallel,49,49,0.05905699447368422,0.9787305817008018,0.8629252910614014,0.0001111111111111111,71.14285714285714,"[61.6%, 69.0%, 74.2%, 66.8%, 85.8%, 69.2%, 71.4%]",,,,
6,parallel,50,50,0.05718021342105264,0.9569907188415527,0.8902625553309917,0.0001111111111111111,70.82857142857144,"[61.6%, 69.0%, 74.2%, 66.8%, 85.8%, 69.2%, 69.2%]",,,,
6,parallel,51,51,0.055660914473684216,0.9476399417966604,0.8752279076725245,0.0001111111111111111,71.0,"[61.6%, 69.0%, 74.2%, 66.8%, 85.8%, 69.2%, 70.4%]",,,,
6,parallel,52,52,0.05449909763157896,1.0308592408895492,0.8966683074831963,0.0001111111111111111,71.02857142857144,"[61.6%, 69.0%, 74.2%, 66.8%, 85.8%, 69.2%, 70.6%]",,,,
6,parallel,53,53,0.05369476289473685,0.9267350658774376,0.8531572856009007,0.0001111111111111111,71.11428571428571,"[61.6%, 69.0%, 74.2%, 66.8%, 85.8%, 69.2%, 71.2%]",,,,
6,parallel,54,54,0.0532479102631579,0.8825236618518829,0.8379687704145908,0.0001111111111111111,71.31428571428572,"[61.6%, 69.0%, 74.2%, 66.8%, 85.8%, 69.2%, 72.6%]",,,,
6,parallel,55,55,0.05314736842105264,0.8593583106994629,0.839219905436039,0.0001111111111111111,71.0,"[61.6%, 69.0%, 74.2%, 66.8%, 85.8%, 69.2%, 70.4%]",,,,
6,weights,1,56,0.05314736842105264,0.877706977725029,0.8516736887395382,0.0001111111111111111,71.05714285714286,"[61.6%, 69.0%, 74.2%, 66.8%, 85.8%, 69.2%, 70.8%]",,,,
6,weights,2,57,0.05314736842105264,0.8302378207445145,0.8492915295064449,0.0001111111111111111,70.57142857142857,"[61.6%, 69.0%, 74.2%, 66.8%, 85.8%, 69.2%, 67.4%]",,,,
6,weights,3,58,0.05314736842105264,0.8137328952550889,0.7645540609955788,0.0001111111111111111,71.4,"[61.6%, 69.0%, 74.2%, 66.8%, 85.8%, 69.2%, 73.2%]",,,,
6,weights,4,59,0.05314736842105264,0.7648614585399628,0.7510038912296295,0.0001111111111111111,71.45714285714287,"[61.6%, 69.0%, 74.2%, 66.8%, 85.8%, 69.2%, 73.6%]",,,,
6,weights,5,60,0.05314736842105264,0.7622041042894125,0.8040504697710276,0.0001111111111111111,71.11428571428571,"[61.6%, 69.0%, 74.2%, 66.8%, 85.8%, 69.2%, 71.2%]",,,,
6,weights,6,61,0.05314736842105264,0.766650827229023,0.7679386958479881,0.0001111111111111111,71.37142857142858,"[61.6%, 69.0%, 74.2%, 66.8%, 85.8%, 69.2%, 73.0%]",,,,
6,weights,7,62,0.05314736842105264,0.7520372770726681,0.7365805692970753,0.0001111111111111111,71.54285714285714,"[61.6%, 69.0%, 74.2%, 66.8%, 85.8%, 69.2%, 74.2%]",,,,
6,weights,8,63,0.05314736842105264,0.7253258794546127,0.749412726610899,0.0001111111111111111,71.34285714285714,"[61.6%, 69.0%, 74.2%, 66.8%, 85.8%, 69.2%, 72.8%]",,,,
6,weights,9,64,0.05314736842105264,0.7343358099460602,0.746271513402462,0.0001111111111111111,71.42857142857143,"[61.6%, 69.0%, 74.2%, 66.8%, 85.8%, 69.2%, 73.4%]",,,,
6,weights,10,65,0.05314736842105264,0.7274320602416993,0.7683567143976688,0.0001111111111111111,71.08571428571429,"[61.6%, 69.0%, 74.2%, 66.8%, 85.8%, 69.2%, 71.0%]",,,,
6,weights,11,66,0.05314736842105264,0.7447558604180813,0.7537466250360012,0.0001111111111111111,71.34285714285714,"[61.6%, 69.0%, 74.2%, 66.8%, 85.8%, 69.2%, 72.8%]",,,,
6,weights,12,67,0.05314736842105264,0.7080050602555275,0.7227522060275078,0.0001111111111111111,71.54285714285714,"[61.6%, 69.0%, 74.2%, 66.8%, 85.8%, 69.2%, 74.2%]",,,,
6,weights,13,68,0.05314736842105264,0.6933341726660729,0.7835152633488178,0.0001111111111111111,71.17142857142858,"[61.6%, 69.0%, 74.2%, 66.8%, 85.8%, 69.2%, 71.6%]",,,,
6,weights,14,69,0.05314736842105264,0.695767305791378,0.6945190392434597,0.0001111111111111111,71.74285714285715,"[61.6%, 69.0%, 74.2%, 66.8%, 85.8%, 69.2%, 75.6%]",,,,
6,weights,15,70,0.05314736842105264,0.6831030130386353,0.6910661049187183,0.0001111111111111111,71.60000000000001,"[61.6%, 69.0%, 74.2%, 66.8%, 85.8%, 69.2%, 74.6%]",,,,
6,weights,16,71,0.05314736842105264,0.707905039191246,0.6893352642655373,0.0001111111111111111,71.8,"[61.6%, 69.0%, 74.2%, 66.8%, 85.8%, 69.2%, 76.0%]",,,,
6,weights,17,72,0.05314736842105264,0.7025029562413693,0.7011977098882198,0.0001111111111111111,71.42857142857143,"[61.6%, 69.0%, 74.2%, 66.8%, 85.8%, 69.2%, 73.4%]",,,,
6,weights,18,73,0.05314736842105264,0.6468714265152812,0.7269474007189274,0.0001111111111111111,71.8,"[61.6%, 69.0%, 74.2%, 66.8%, 85.8%, 69.2%, 76.0%]",,,,
6,weights,19,74,0.05314736842105264,0.6701821759343147,0.7242856808006763,0.0001111111111111111,71.28571428571429,"[61.6%, 69.0%, 74.2%, 66.8%, 85.8%, 69.2%, 72.4%]",,,,
6,weights,20,75,0.05314736842105264,0.6856717191636562,0.6959709823131561,0.0001111111111111111,71.4,"[61.6%, 69.0%, 74.2%, 66.8%, 85.8%, 69.2%, 73.2%]",,,,
6,weights,21,76,0.05314736842105264,0.6903777845203877,0.715567946434021,0.0001111111111111111,71.54285714285714,"[61.6%, 69.0%, 74.2%, 66.8%, 85.8%, 69.2%, 74.2%]",,,,
6,weights,22,77,0.05314736842105264,0.667335856705904,0.661461815237999,0.0001111111111111111,71.82857142857144,"[61.6%, 69.0%, 74.2%, 66.8%, 85.8%, 69.2%, 76.2%]",,,,
6,weights,23,78,0.05314736842105264,0.6493546277284622,0.7137936316430569,0.0001111111111111111,71.54285714285714,"[61.6%, 69.0%, 74.2%, 66.8%, 85.8%, 69.2%, 74.2%]",,,,
6,weights,24,79,0.05314736842105264,0.6405713230371475,0.7659824304282665,0.0001111111111111111,71.25714285714285,"[61.6%, 69.0%, 74.2%, 66.8%, 85.8%, 69.2%, 72.2%]",,,,
6,weights,25,80,0.05314736842105264,0.6314549677073955,0.7199567221105099,0.0001111111111111111,71.51428571428572,"[61.6%, 69.0%, 74.2%, 66.8%, 85.8%, 69.2%, 74.0%]",38.97142857142857,"[0.0%, 17.4%, 39.4%, 19.8%, 85.8%, 45.2%, 65.2%]",62.885714285714286,"[46.2%, 53.0%, 65.4%, 46.6%, 85.8%, 69.2%, 74.0%]"
7,parallel,1,1,0.5,9.731984186172486,5.249184966087341,0.0001111111111111111,62.575,"[61.6%, 69.0%, 74.2%, 66.8%, 85.8%, 69.2%, 74.0%, 0.0%]",,,,
7,parallel,2,2,0.5,3.278858596086502,1.8467719554901123,0.0001111111111111111,65.425,"[61.6%, 69.0%, 74.2%, 66.8%, 85.8%, 69.2%, 74.0%, 22.8%]",,,,
7,parallel,3,3,0.5,1.6952554315328598,1.642282634973526,0.0001111111111111111,65.075,"[61.6%, 69.0%, 74.2%, 66.8%, 85.8%, 69.2%, 74.0%, 20.0%]",,,,
7,parallel,4,4,0.5,1.6436199694871902,1.6301700472831726,0.0001111111111111111,65.075,"[61.6%, 69.0%, 74.2%, 66.8%, 85.8%, 69.2%, 74.0%, 20.0%]",,,,
7,parallel,5,5,0.49553225,1.6201528638601304,1.5797539353370667,0.0001111111111111111,66.575,"[61.6%, 69.0%, 74.2%, 66.8%, 85.8%, 69.2%, 74.0%, 32.0%]",,,,
7,parallel,6,6,0.477885197368421,1.5048237174749375,1.4489123076200485,0.0001111111111111111,66.675,"[61.6%, 69.0%, 74.2%, 66.8%, 85.8%, 69.2%, 74.0%, 32.8%]",,,,
7,parallel,7,7,0.46059646052631575,1.346700409054756,1.3195572644472122,0.0001111111111111111,67.875,"[61.6%, 69.0%, 74.2%, 66.8%, 85.8%, 69.2%, 74.0%, 42.4%]",,,,
7,parallel,8,8,0.44366603947368427,1.2154553696513175,1.2189648300409317,0.0001111111111111111,69.025,"[61.6%, 69.0%, 74.2%, 66.8%, 85.8%, 69.2%, 74.0%, 51.6%]",,,,
7,parallel,9,9,0.4270939342105264,1.1645383521914483,1.1235101968050003,0.0001111111111111111,69.5,"[61.6%, 69.0%, 74.2%, 66.8%, 85.8%, 69.2%, 74.0%, 55.4%]",,,,
7,parallel,10,10,0.4108801447368421,1.0513189643621446,1.0799270793795586,0.0001111111111111111,69.95,"[61.6%, 69.0%, 74.2%, 66.8%, 85.8%, 69.2%, 74.0%, 59.0%]",,,,
7,parallel,11,11,0.39502467105263156,1.0283003523945808,1.1604989990592003,0.0001111111111111111,69.25,"[61.6%, 69.0%, 74.2%, 66.8%, 85.8%, 69.2%, 74.0%, 53.4%]",,,,
7,parallel,12,12,0.3795275131578947,0.9501289367675781,1.0421857461333275,0.0001111111111111111,70.3,"[61.6%, 69.0%, 74.2%, 66.8%, 85.8%, 69.2%, 74.0%, 61.8%]",,,,
7,parallel,13,13,0.36438867105263156,0.9587352804839611,0.9504913240671158,0.0001111111111111111,70.825,"[61.6%, 69.0%, 74.2%, 66.8%, 85.8%, 69.2%, 74.0%, 66.0%]",,,,
7,parallel,14,14,0.3496081447368421,0.8659219369292259,0.8875205218791962,0.0001111111111111111,70.9,"[61.6%, 69.0%, 74.2%, 66.8%, 85.8%, 69.2%, 74.0%, 66.6%]",,,,
7,parallel,15,15,0.33518593421052634,0.8477157816290856,0.8970172628760338,0.0001111111111111111,71.22500000000001,"[61.6%, 69.0%, 74.2%, 66.8%, 85.8%, 69.2%, 74.0%, 69.2%]",,,,
7,parallel,16,16,0.32112203947368423,0.8364074647426605,0.9221454709768295,0.0001111111111111111,70.65,"[61.6%, 69.0%, 74.2%, 66.8%, 85.8%, 69.2%, 74.0%, 64.6%]",,,,
7,parallel,17,17,0.30741646052631577,0.8414075672626495,0.9357780963182449,0.0001111111111111111,70.8,"[61.6%, 69.0%, 74.2%, 66.8%, 85.8%, 69.2%, 74.0%, 65.8%]",,,,
7,parallel,18,18,0.294069197368421,0.7981490299105645,0.9245992600917816,0.0001111111111111111,70.825,"[61.6%, 69.0%, 74.2%, 66.8%, 85.8%, 69.2%, 74.0%, 66.0%]",,,,
7,parallel,19,19,0.2810802500000001,0.7797763526439667,0.8769273683428764,0.0001111111111111111,71.2,"[61.6%, 69.0%, 74.2%, 66.8%, 85.8%, 69.2%, 74.0%, 69.0%]",,,,
7,parallel,20,20,0.2684496184210527,0.7214355647563935,0.8649734929203987,0.0001111111111111111,71.15,"[61.6%, 69.0%, 74.2%, 66.8%, 85.8%, 69.2%, 74.0%, 68.6%]",,,,
7,parallel,21,21,0.25617730263157895,0.7630781561136246,0.8320259153842926,0.0001111111111111111,71.075,"[61.6%, 69.0%, 74.2%, 66.8%, 85.8%, 69.2%, 74.0%, 68.0%]",,,,
7,parallel,22,22,0.24426330263157897,0.7996072188019753,0.8605450317263603,0.0001111111111111111,71.125,"[61.6%, 69.0%, 74.2%, 66.8%, 85.8%, 69.2%, 74.0%, 68.4%]",,,,
7,parallel,23,23,0.23270761842105264,0.789441429078579,0.8241067603230476,0.0001111111111111111,71.125,"[61.6%, 69.0%, 74.2%, 66.8%, 85.8%, 69.2%, 74.0%, 68.4%]",,,,
7,parallel,24,24,0.22151025,0.7420287936925888,0.9137694165110588,0.0001111111111111111,70.675,"[61.6%, 69.0%, 74.2%, 66.8%, 85.8%, 69.2%, 74.0%, 64.8%]",,,,
7,parallel,25,25,0.21067119736842105,0.7755491584539413,0.8480507954955101,0.0001111111111111111,71.025,"[61.6%, 69.0%, 74.2%, 66.8%, 85.8%, 69.2%, 74.0%, 67.6%]",,,,
7,parallel,26,26,0.20019046052631578,0.7269511893391609,0.8768998607993126,0.0001111111111111111,71.10000000000001,"[61.6%, 69.0%, 74.2%, 66.8%, 85.8%, 69.2%, 74.0%, 68.2%]",,,,
7,parallel,27,27,0.1900680394736842,0.6909956589341164,0.8895141407847404,0.0001111111111111111,71.125,"[61.6%, 69.0%, 74.2%, 66.8%, 85.8%, 69.2%, 74.0%, 68.4%]",,,,
7,parallel,28,28,0.1803039342105263,0.7220874853432179,0.8472667932510376,0.0001111111111111111,71.10000000000001,"[61.6%, 69.0%, 74.2%, 66.8%, 85.8%, 69.2%, 74.0%, 68.2%]",,,,
7,parallel,29,29,0.1708981447368421,0.7609531305730343,0.8762355670332909,0.0001111111111111111,71.22500000000001,"[61.6%, 69.0%, 74.2%, 66.8%, 85.8%, 69.2%, 74.0%, 69.2%]",,,,
7,parallel,30,30,0.16185067105263157,0.7430647283792495,0.9299379959702492,0.0001111111111111111,70.625,"[61.6%, 69.0%, 74.2%, 66.8%, 85.8%, 69.2%, 74.0%, 64.4%]",,,,
7,parallel,31,31,0.15316151315789472,0.9554682716727256,0.9204680472612381,0.0001111111111111111,70.97500000000001,"[61.6%, 69.0%, 74.2%, 66.8%, 85.8%, 69.2%, 74.0%, 67.2%]",,,,
7,parallel,32,32,0.14483067105263156,0.8610960811376571,0.8614485040307045,0.0001111111111111111,71.175,"[61.6%, 69.0%, 74.2%, 66.8%, 85.8%, 69.2%, 74.0%, 68.8%]",,,,
7,parallel,33,33,0.13685814473684213,0.9307335615158081,0.9219163879752159,0.0001111111111111111,70.925,"[61.6%, 69.0%, 74.2%, 66.8%, 85.8%, 69.2%, 74.0%, 66.8%]",,,,
7,parallel,34,34,0.12924393421052632,0.8531858801841736,0.8839444443583488,0.0001111111111111111,71.15,"[61.6%, 69.0%, 74.2%, 66.8%, 85.8%, 69.2%, 74.0%, 68.6%]",,,,
7,parallel,35,35,0.12198803947368422,0.9449105843901634,0.9749903976917267,0.0001111111111111111,70.55,"[61.6%, 69.0%, 74.2%, 66.8%, 85.8%, 69.2%, 74.0%, 63.8%]",,,,
7,parallel,36,36,0.11509046052631577,0.8917116716504097,0.9304424524307251,0.0001111111111111111,70.95,"[61.6%, 69.0%, 74.2%, 66.8%, 85.8%, 69.2%, 74.0%, 67.0%]",,,,
7,parallel,37,37,0.10855119736842106,1.0132559388875961,1.0070734694600105,0.0001111111111111111,70.45,"[61.6%, 69.0%, 74.2%, 66.8%, 85.8%, 69.2%, 74.0%, 63.0%]",,,,
7,parallel,38,38,0.10237025,0.976733110845089,0.9978619068861008,0.0001111111111111111,70.575,"[61.6%, 69.0%, 74.2%, 66.8%, 85.8%, 69.2%, 74.0%, 64.0%]",,,,
7,parallel,39,39,0.09654761842105261,1.0010685190558433,0.9604428857564926,0.0001111111111111111,70.875,"[61.6%, 69.0%, 74.2%, 66.8%, 85.8%, 69.2%, 74.0%, 66.4%]",,,,
7,parallel,40,40,0.09108330263157896,1.1418491140007974,1.0613860487937927,0.0001111111111111111,70.10000000000001,"[61.6%, 69.0%, 74.2%, 66.8%, 85.8%, 69.2%, 74.0%, 60.2%]",,,,
7,parallel,41,41,0.08597730263157895,0.9928319320082665,0.9950910583138466,0.0001111111111111111,70.5,"[61.6%, 69.0%, 74.2%, 66.8%, 85.8%, 69.2%, 74.0%, 63.4%]",,,,
7,parallel,42,42,0.08122961842105263,1.0338089972734452,1.010287843644619,0.0001111111111111111,70.35000000000001,"[61.6%, 69.0%, 74.2%, 66.8%, 85.8%, 69.2%, 74.0%, 62.2%]",,,,
7,parallel,43,43,0.07684025,1.1824159562587737,1.131700076162815,0.0001111111111111111,69.825,"[61.6%, 69.0%, 74.2%, 66.8%, 85.8%, 69.2%, 74.0%, 58.0%]",,,,
7,parallel,44,44,0.07280919736842104,1.0814837738871574,1.0821629390120506,0.0001111111111111111,70.075,"[61.6%, 69.0%, 74.2%, 66.8%, 85.8%, 69.2%, 74.0%, 60.0%]",,,,
7,parallel,45,45,0.06913646052631578,1.0895234040915966,1.0477943420410156,0.0001111111111111111,70.175,"[61.6%, 69.0%, 74.2%, 66.8%, 85.8%, 69.2%, 74.0%, 60.8%]",,,,
7,parallel,46,46,0.06582203947368422,1.0478838592767716,1.0559165999293327,0.0001111111111111111,70.025,"[61.6%, 69.0%, 74.2%, 66.8%, 85.8%, 69.2%, 74.0%, 59.6%]",,,,
7,parallel,47,47,0.06286593421052632,1.0020416676998138,1.0347434356808662,0.0001111111111111111,70.35000000000001,"[61.6%, 69.0%, 74.2%, 66.8%, 85.8%, 69.2%, 74.0%, 62.2%]",,,,
7,parallel,48,48,0.0602681447368421,1.5560951292514802,1.3946145623922348,0.0001111111111111111,67.825,"[61.6%, 69.0%, 74.2%, 66.8%, 85.8%, 69.2%, 74.0%, 42.0%]",,,,
7,parallel,49,49,0.05802867105263157,1.3670624941587448,1.3518601804971695,0.0001111111111111111,68.125,"[61.6%, 69.0%, 74.2%, 66.8%, 85.8%, 69.2%, 74.0%, 44.4%]",,,,
7,parallel,50,50,0.05614751315789473,1.2798271507024765,1.2431355267763138,0.0001111111111111111,69.3,"[61.6%, 69.0%, 74.2%, 66.8%, 85.8%, 69.2%, 74.0%, 53.8%]",,,,
7,parallel,51,51,0.05462467105263157,1.2580492928624154,1.3581339418888092,0.0001111111111111111,68.525,"[61.6%, 69.0%, 74.2%, 66.8%, 85.8%, 69.2%, 74.0%, 47.6%]",,,,
7,parallel,52,52,0.0534601447368421,1.1991918057203292,1.2376015186309814,0.0001111111111111111,69.22500000000001,"[61.6%, 69.0%, 74.2%, 66.8%, 85.8%, 69.2%, 74.0%, 53.2%]",,,,
7,parallel,53,53,0.05265393421052631,1.1956324353814125,1.2114257514476776,0.0001111111111111111,69.175,"[61.6%, 69.0%, 74.2%, 66.8%, 85.8%, 69.2%, 74.0%, 52.8%]",,,,
7,parallel,54,54,0.052206039473684206,1.1359069898724556,1.196063570678234,0.0001111111111111111,69.325,"[61.6%, 69.0%, 74.2%, 66.8%, 85.8%, 69.2%, 74.0%, 54.0%]",,,,
7,parallel,55,55,0.05210526315789473,1.1607359305024147,1.1844679936766624,0.0001111111111111111,69.45,"[61.6%, 69.0%, 74.2%, 66.8%, 85.8%, 69.2%, 74.0%, 55.0%]",,,,
7,weights,1,56,0.05210526315789473,1.0808041736483573,1.1361573487520218,0.0001111111111111111,69.775,"[61.6%, 69.0%, 74.2%, 66.8%, 85.8%, 69.2%, 74.0%, 57.6%]",,,,
7,weights,2,57,0.05210526315789473,1.0713144585490226,1.1060329005122185,0.0001111111111111111,69.85000000000001,"[61.6%, 69.0%, 74.2%, 66.8%, 85.8%, 69.2%, 74.0%, 58.2%]",,,,
7,weights,3,58,0.05210526315789473,1.0671480596065521,1.135250024497509,0.0001111111111111111,69.8,"[61.6%, 69.0%, 74.2%, 66.8%, 85.8%, 69.2%, 74.0%, 57.8%]",,,,
7,weights,4,59,0.05210526315789473,1.0415395736694335,1.0907484218478203,0.0001111111111111111,70.10000000000001,"[61.6%, 69.0%, 74.2%, 66.8%, 85.8%, 69.2%, 74.0%, 60.2%]",,,,
7,weights,5,60,0.05210526315789473,1.0357736065983771,1.0667861923575401,0.0001111111111111111,70.3,"[61.6%, 69.0%, 74.2%, 66.8%, 85.8%, 69.2%, 74.0%, 61.8%]",,,,
7,weights,6,61,0.05210526315789473,1.0147953517735004,1.102861687541008,0.0001111111111111111,69.525,"[61.6%, 69.0%, 74.2%, 66.8%, 85.8%, 69.2%, 74.0%, 55.6%]",,,,
7,weights,7,62,0.05210526315789473,0.9900730043649674,1.0593919232487679,0.0001111111111111111,70.2,"[61.6%, 69.0%, 74.2%, 66.8%, 85.8%, 69.2%, 74.0%, 61.0%]",,,,
7,weights,8,63,0.05210526315789473,0.9786223232746124,1.1077222973108292,0.0001111111111111111,69.95,"[61.6%, 69.0%, 74.2%, 66.8%, 85.8%, 69.2%, 74.0%, 59.0%]",,,,
7,weights,9,64,0.05210526315789473,0.9898452505469322,1.031003676354885,0.0001111111111111111,69.9,"[61.6%, 69.0%, 74.2%, 66.8%, 85.8%, 69.2%, 74.0%, 58.6%]",,,,
7,weights,10,65,0.05210526315789473,0.9852556064724922,1.0145757272839546,0.0001111111111111111,70.05,"[61.6%, 69.0%, 74.2%, 66.8%, 85.8%, 69.2%, 74.0%, 59.8%]",,,,
7,weights,11,66,0.05210526315789473,0.975998367369175,1.0487393513321877,0.0001111111111111111,70.175,"[61.6%, 69.0%, 74.2%, 66.8%, 85.8%, 69.2%, 74.0%, 60.8%]",,,,
7,weights,12,67,0.05210526315789473,0.9498725220561027,1.0116958320140839,0.0001111111111111111,70.15,"[61.6%, 69.0%, 74.2%, 66.8%, 85.8%, 69.2%, 74.0%, 60.6%]",,,,
7,weights,13,68,0.05210526315789473,0.964319483935833,0.988475538790226,0.0001111111111111111,70.5,"[61.6%, 69.0%, 74.2%, 66.8%, 85.8%, 69.2%, 74.0%, 63.4%]",,,,
7,weights,14,69,0.05210526315789473,0.9533485837280751,1.0332746133208275,0.0001111111111111111,69.97500000000001,"[61.6%, 69.0%, 74.2%, 66.8%, 85.8%, 69.2%, 74.0%, 59.2%]",,,,
7,weights,15,70,0.05210526315789473,0.9252968728542328,0.9659001678228378,0.0001111111111111111,70.35000000000001,"[61.6%, 69.0%, 74.2%, 66.8%, 85.8%, 69.2%, 74.0%, 62.2%]",,,,
7,weights,16,71,0.05210526315789473,0.9087201848626136,0.9773877710103989,0.0001111111111111111,70.325,"[61.6%, 69.0%, 74.2%, 66.8%, 85.8%, 69.2%, 74.0%, 62.0%]",,,,
7,weights,17,72,0.05210526315789473,0.9115973368287087,0.9497045502066612,0.0001111111111111111,70.625,"[61.6%, 69.0%, 74.2%, 66.8%, 85.8%, 69.2%, 74.0%, 64.4%]",,,,
7,weights,18,73,0.05210526315789473,0.8881887510418892,0.9711708351969719,0.0001111111111111111,70.675,"[61.6%, 69.0%, 74.2%, 66.8%, 85.8%, 69.2%, 74.0%, 64.8%]",,,,
7,weights,19,74,0.05210526315789473,0.8979405120015145,1.01192057877779,0.0001111111111111111,70.425,"[61.6%, 69.0%, 74.2%, 66.8%, 85.8%, 69.2%, 74.0%, 62.8%]",,,,
7,weights,20,75,0.05210526315789473,0.9755755439400673,0.9455237612128258,0.0001111111111111111,70.45,"[61.6%, 69.0%, 74.2%, 66.8%, 85.8%, 69.2%, 74.0%, 63.0%]",,,,
7,weights,21,76,0.05210526315789473,0.8979872986674309,1.0001859217882156,0.0001111111111111111,70.10000000000001,"[61.6%, 69.0%, 74.2%, 66.8%, 85.8%, 69.2%, 74.0%, 60.2%]",,,,
7,weights,22,77,0.05210526315789473,0.9158708095550537,0.9611424207687378,0.0001111111111111111,70.7,"[61.6%, 69.0%, 74.2%, 66.8%, 85.8%, 69.2%, 74.0%, 65.0%]",,,,
7,weights,23,78,0.05210526315789473,0.8685784503817559,0.9559752568602562,0.0001111111111111111,70.47500000000001,"[61.6%, 69.0%, 74.2%, 66.8%, 85.8%, 69.2%, 74.0%, 63.2%]",,,,
7,weights,24,79,0.05210526315789473,0.8811662003397942,0.9527241513133049,0.0001111111111111111,70.55,"[61.6%, 69.0%, 74.2%, 66.8%, 85.8%, 69.2%, 74.0%, 63.8%]",,,,
7,weights,25,80,0.05210526315789473,0.8880681082606315,0.9256304576992989,0.0001111111111111111,70.9,"[61.6%, 69.0%, 74.2%, 66.8%, 85.8%, 69.2%, 74.0%, 66.6%]",36.175,"[0.0%, 17.4%, 39.4%, 19.8%, 85.8%, 45.2%, 65.2%, 16.6%]",56.375,"[46.2%, 53.0%, 45.6%, 46.6%, 85.8%, 69.2%, 64.6%, 40.0%]"
8,parallel,1,1,0.5,11.418694961071015,6.150861620903015,0.0001111111111111111,63.022222222222226,"[61.6%, 69.0%, 74.2%, 66.8%, 85.8%, 69.2%, 74.0%, 66.6%, 0.0%]",,,,
8,parallel,2,2,0.5,3.816553455591202,1.9558901935815811,0.0001111111111111111,65.24444444444445,"[61.6%, 69.0%, 74.2%, 66.8%, 85.8%, 69.2%, 74.0%, 66.6%, 20.0%]",,,,
8,parallel,3,3,0.5,1.733147794008255,1.6498681902885437,0.0001111111111111111,65.24444444444445,"[61.6%, 69.0%, 74.2%, 66.8%, 85.8%, 69.2%, 74.0%, 66.6%, 20.0%]",,,,
8,parallel,4,4,0.5,1.6378153353929519,1.6426391750574112,0.0001111111111111111,65.24444444444445,"[61.6%, 69.0%, 74.2%, 66.8%, 85.8%, 69.2%, 74.0%, 66.6%, 20.0%]",,,,
8,parallel,5,5,0.495521855,1.6477965414524078,1.6288135051727295,0.0001111111111111111,65.24444444444445,"[61.6%, 69.0%, 74.2%, 66.8%, 85.8%, 69.2%, 74.0%, 66.6%, 20.0%]",,,,
8,parallel,6,6,0.4778337434210526,1.6309717297554016,1.6221639215946198,0.0001111111111111111,65.46666666666667,"[61.6%, 69.0%, 74.2%, 66.8%, 85.8%, 69.2%, 74.0%, 66.6%, 22.0%]",,,,
8,parallel,7,7,0.4605047813157895,1.6093729048967362,1.5617738515138626,0.0001111111111111111,66.6888888888889,"[61.6%, 69.0%, 74.2%, 66.8%, 85.8%, 69.2%, 74.0%, 66.6%, 33.0%]",,,,
8,parallel,8,8,0.4435349686842106,1.4890922367572785,1.3924025669693947,0.0001111111111111111,67.0,"[61.6%, 69.0%, 74.2%, 66.8%, 85.8%, 69.2%, 74.0%, 66.6%, 35.8%]",,,,
8,parallel,9,9,0.42692430552631583,1.2936669260263443,1.5853203311562538,0.0001111111111111111,66.82222222222224,"[61.6%, 69.0%, 74.2%, 66.8%, 85.8%, 69.2%, 74.0%, 66.6%, 34.2%]",,,,
8,parallel,10,10,0.41067279184210526,1.2269050449132919,1.2845282293856144,0.0001111111111111111,68.22222222222223,"[61.6%, 69.0%, 74.2%, 66.8%, 85.8%, 69.2%, 74.0%, 66.6%, 46.8%]",,,,
8,parallel,11,11,0.39478042763157895,1.1103988200426103,1.055397018790245,0.0001111111111111111,68.86666666666667,"[61.6%, 69.0%, 74.2%, 66.8%, 85.8%, 69.2%, 74.0%, 66.6%, 52.6%]",,,,
8,parallel,12,12,0.37924721289473684,1.0944874614477158,1.0100880935788155,0.0001111111111111111,69.60000000000001,"[61.6%, 69.0%, 74.2%, 66.8%, 85.8%, 69.2%, 74.0%, 66.6%, 59.2%]",,,,
8,parallel,13,13,0.36407314763157894,1.0066713958978653,0.9899971038103104,0.0001111111111111111,69.86666666666667,"[61.6%, 69.0%, 74.2%, 66.8%, 85.8%, 69.2%, 74.0%, 66.6%, 61.6%]",,,,
8,parallel,14,14,0.34925823184210525,0.9783832982182503,0.9339175671339035,0.0001111111111111111,69.95555555555556,"[61.6%, 69.0%, 74.2%, 66.8%, 85.8%, 69.2%, 74.0%, 66.6%, 62.4%]",,,,
8,parallel,15,15,0.3348024655263158,0.9593223243951797,0.9972373433411121,0.0001111111111111111,69.88888888888889,"[61.6%, 69.0%, 74.2%, 66.8%, 85.8%, 69.2%, 74.0%, 66.6%, 61.8%]",,,,
8,parallel,16,16,0.3207058486842106,0.8913299269974232,0.9251279160380363,0.0001111111111111111,69.88888888888889,"[61.6%, 69.0%, 74.2%, 66.8%, 85.8%, 69.2%, 74.0%, 66.6%, 61.8%]",,,,
8,parallel,17,17,0.30696838131578946,0.8692156441509724,0.9559461288154125,0.0001111111111111111,69.62222222222222,"[61.6%, 69.0%, 74.2%, 66.8%, 85.8%, 69.2%, 74.0%, 66.6%, 59.4%]",,,,
8,parallel,18,18,0.2935900634210526,0.8696281000971794,0.8926221691071987,0.0001111111111111111,70.3777777777778,"[61.6%, 69.0%, 74.2%, 66.8%, 85.8%, 69.2%, 74.0%, 66.6%, 66.2%]",,,,
8,parallel,19,19,0.28057089500000004,0.8500065393745899,0.870445903390646,0.0001111111111111111,70.17777777777778,"[61.6%, 69.0%, 74.2%, 66.8%, 85.8%, 69.2%, 74.0%, 66.6%, 64.4%]",,,,
8,parallel,20,20,0.26791087605263164,0.7873523086309433,0.8044834360480309,0.0001111111111111111,70.64444444444445,"[61.6%, 69.0%, 74.2%, 66.8%, 85.8%, 69.2%, 74.0%, 66.6%, 68.6%]",,,,
8,parallel,21,21,0.2556100065789474,0.770875395834446,0.8421679362654686,0.0001111111111111111,70.51111111111112,"[61.6%, 69.0%, 74.2%, 66.8%, 85.8%, 69.2%, 74.0%, 66.6%, 67.4%]",,,,
8,parallel,22,22,0.24366828657894737,0.777086628228426,0.8283167965710163,0.0001111111111111111,70.55555555555556,"[61.6%, 69.0%, 74.2%, 66.8%, 85.8%, 69.2%, 74.0%, 66.6%, 67.8%]",,,,
8,parallel,23,23,0.23208571605263156,0.7345845777541399,0.9189845025539398,0.0001111111111111111,70.02222222222223,"[61.6%, 69.0%, 74.2%, 66.8%, 85.8%, 69.2%, 74.0%, 66.6%, 63.0%]",,,,
8,parallel,24,24,0.220862295,0.7237065725028515,0.7982908897101879,0.0001111111111111111,70.66666666666667,"[61.6%, 69.0%, 74.2%, 66.8%, 85.8%, 69.2%, 74.0%, 66.6%, 68.8%]",,,,
8,parallel,25,25,0.20999802342105262,0.736872623115778,0.7840086817741394,0.0001111111111111111,71.04444444444445,"[61.6%, 69.0%, 74.2%, 66.8%, 85.8%, 69.2%, 74.0%, 66.6%, 72.2%]",,,,
8,parallel,26,26,0.19949290131578945,0.7638433530926705,0.7660817801952362,0.0001111111111111111,71.0,"[61.6%, 69.0%, 74.2%, 66.8%, 85.8%, 69.2%, 74.0%, 66.6%, 71.8%]",,,,
8,parallel,27,27,0.1893469286842105,0.7390365324914455,0.7670680359005928,0.0001111111111111111,71.0,"[61.6%, 69.0%, 74.2%, 66.8%, 85.8%, 69.2%, 74.0%, 66.6%, 71.8%]",,,,
8,parallel,28,28,0.17956010552631574,0.7863964676856995,0.7993422858417034,0.0001111111111111111,70.77777777777777,"[61.6%, 69.0%, 74.2%, 66.8%, 85.8%, 69.2%, 74.0%, 66.6%, 69.8%]",,,,
8,parallel,29,29,0.17013243184210525,0.8123404622077942,0.8513562083244324,0.0001111111111111111,70.57777777777778,"[61.6%, 69.0%, 74.2%, 66.8%, 85.8%, 69.2%, 74.0%, 66.6%, 68.0%]",,,,
8,parallel,30,30,0.16106390763157893,0.7891257643699646,0.932141799479723,0.0001111111111111111,70.04444444444445,"[61.6%, 69.0%, 74.2%, 66.8%, 85.8%, 69.2%, 74.0%, 66.6%, 63.2%]",,,,
8,parallel,31,31,0.15235453289473683,0.8709987863898278,0.8376621082425117,0.0001111111111111111,70.6888888888889,"[61.6%, 69.0%, 74.2%, 66.8%, 85.8%, 69.2%, 74.0%, 66.6%, 69.0%]",,,,
8,parallel,32,32,0.14400430763157893,0.8167347282171249,0.8074040822684765,0.0001111111111111111,70.62222222222222,"[61.6%, 69.0%, 74.2%, 66.8%, 85.8%, 69.2%, 74.0%, 66.6%, 68.4%]",,,,
8,parallel,33,33,0.1360132318421053,0.8710638970136643,0.8368924111127853,0.0001111111111111111,70.82222222222224,"[61.6%, 69.0%, 74.2%, 66.8%, 85.8%, 69.2%, 74.0%, 66.6%, 70.2%]",,,,
8,parallel,34,34,0.1283813055263158,0.8340827345848083,0.8107524439692497,0.0001111111111111111,71.04444444444445,"[61.6%, 69.0%, 74.2%, 66.8%, 85.8%, 69.2%, 74.0%, 66.6%, 72.2%]",,,,
8,parallel,35,35,0.12110852868421054,0.9103270307183265,0.9962392877787352,0.0001111111111111111,70.13333333333334,"[61.6%, 69.0%, 74.2%, 66.8%, 85.8%, 69.2%, 74.0%, 66.6%, 64.0%]",,,,
8,parallel,36,36,0.11419490131578947,0.8393046572804451,0.9498431235551834,0.0001111111111111111,70.24444444444445,"[61.6%, 69.0%, 74.2%, 66.8%, 85.8%, 69.2%, 74.0%, 66.6%, 65.0%]",,,,
8,parallel,37,37,0.10764042342105262,0.8497836291790009,0.8829709850251675,0.0001111111111111111,70.6888888888889,"[61.6%, 69.0%, 74.2%, 66.8%, 85.8%, 69.2%, 74.0%, 66.6%, 69.0%]",,,,
8,parallel,38,38,0.10144509499999999,0.8789586737751961,0.8233133256435394,0.0001111111111111111,70.95555555555556,"[61.6%, 69.0%, 74.2%, 66.8%, 85.8%, 69.2%, 74.0%, 66.6%, 71.4%]",,,,
8,parallel,39,39,0.09560891605263155,0.8703363358974456,0.8736222721636295,0.0001111111111111111,70.77777777777777,"[61.6%, 69.0%, 74.2%, 66.8%, 85.8%, 69.2%, 74.0%, 66.6%, 69.8%]",,,,
8,parallel,40,40,0.09013188657894738,1.001650133728981,0.9058579877018929,0.0001111111111111111,70.57777777777778,"[61.6%, 69.0%, 74.2%, 66.8%, 85.8%, 69.2%, 74.0%, 66.6%, 68.0%]",,,,
8,parallel,41,41,0.08501400657894737,0.9639813452959061,0.9710124805569649,0.0001111111111111111,70.22222222222223,"[61.6%, 69.0%, 74.2%, 66.8%, 85.8%, 69.2%, 74.0%, 66.6%, 64.8%]",,,,
8,parallel,42,42,0.08025527605263158,0.9060864344239234,0.9043204970657825,0.0001111111111111111,70.44444444444444,"[61.6%, 69.0%, 74.2%, 66.8%, 85.8%, 69.2%, 74.0%, 66.6%, 66.8%]",,,,
8,parallel,43,43,0.075855695,1.232057723402977,1.0653370842337608,0.0001111111111111111,69.4888888888889,"[61.6%, 69.0%, 74.2%, 66.8%, 85.8%, 69.2%, 74.0%, 66.6%, 58.2%]",,,,
8,parallel,44,44,0.07181526342105263,1.0699434742331504,0.9782995879650116,0.0001111111111111111,70.0,"[61.6%, 69.0%, 74.2%, 66.8%, 85.8%, 69.2%, 74.0%, 66.6%, 62.8%]",,,,
8,parallel,45,45,0.06813398131578946,1.0838685259222984,1.0362104997038841,0.0001111111111111111,69.44444444444444,"[61.6%, 69.0%, 74.2%, 66.8%, 85.8%, 69.2%, 74.0%, 66.6%, 57.8%]",,,,
8,parallel,46,46,0.06481184868421054,1.0410397812724113,0.9483245946466923,0.0001111111111111111,70.13333333333334,"[61.6%, 69.0%, 74.2%, 66.8%, 85.8%, 69.2%, 74.0%, 66.6%, 64.0%]",,,,
8,parallel,47,47,0.0618488655263158,1.165666550397873,1.1608780398964882,0.0001111111111111111,68.95555555555556,"[61.6%, 69.0%, 74.2%, 66.8%, 85.8%, 69.2%, 74.0%, 66.6%, 53.4%]",,,,
8,parallel,48,48,0.059245031842105264,1.1854483127593993,1.1035949438810349,0.0001111111111111111,69.31111111111112,"[61.6%, 69.0%, 74.2%, 66.8%, 85.8%, 69.2%, 74.0%, 66.6%, 56.6%]",,,,
8,parallel,49,49,0.05700034763157895,1.121179275214672,1.0177302733063698,0.0001111111111111111,69.93333333333334,"[61.6%, 69.0%, 74.2%, 66.8%, 85.8%, 69.2%, 74.0%, 66.6%, 62.2%]",,,,
8,parallel,50,50,0.05511481289473684,1.049373634159565,1.0598159059882164,0.0001111111111111111,69.55555555555556,"[61.6%, 69.0%, 74.2%, 66.8%, 85.8%, 69.2%, 74.0%, 66.6%, 58.8%]",,,,
8,parallel,51,51,0.05358842763157895,1.1602706551551818,1.0429001674056053,0.0001111111111111111,69.91111111111111,"[61.6%, 69.0%, 74.2%, 66.8%, 85.8%, 69.2%, 74.0%, 66.6%, 62.0%]",,,,
8,parallel,52,52,0.052421191842105266,1.0719296380877494,1.0117335692048073,0.0001111111111111111,70.06666666666666,"[61.6%, 69.0%, 74.2%, 66.8%, 85.8%, 69.2%, 74.0%, 66.6%, 63.4%]",,,,
8,parallel,53,53,0.051613105526315796,1.0195264726877213,0.9824604354798794,0.0001111111111111111,70.13333333333334,"[61.6%, 69.0%, 74.2%, 66.8%, 85.8%, 69.2%, 74.0%, 66.6%, 64.0%]",,,,
8,parallel,54,54,0.05116416868421053,0.9853618785738945,0.9497330449521542,0.0001111111111111111,70.4,"[61.6%, 69.0%, 74.2%, 66.8%, 85.8%, 69.2%, 74.0%, 66.6%, 66.4%]",,,,
8,parallel,55,55,0.051063157894736845,0.9861410200595856,0.9561392962932587,0.0001111111111111111,70.42222222222223,"[61.6%, 69.0%, 74.2%, 66.8%, 85.8%, 69.2%, 74.0%, 66.6%, 66.6%]",,,,
8,weights,1,56,0.051063157894736845,0.9779268026351928,0.943631574511528,0.0001111111111111111,70.31111111111112,"[61.6%, 69.0%, 74.2%, 66.8%, 85.8%, 69.2%, 74.0%, 66.6%, 65.6%]",,,,
8,weights,2,57,0.051063157894736845,0.945869654417038,0.9423124305903912,0.0001111111111111111,70.11111111111111,"[61.6%, 69.0%, 74.2%, 66.8%, 85.8%, 69.2%, 74.0%, 66.6%, 63.8%]",,,,
8,weights,3,58,0.051063157894736845,0.9560672357678414,0.9722675606608391,0.0001111111111111111,70.0888888888889,"[61.6%, 69.0%, 74.2%, 66.8%, 85.8%, 69.2%, 74.0%, 66.6%, 63.6%]",,,,
8,weights,4,59,0.051063157894736845,0.9360667139291763,0.9037233255803585,0.0001111111111111111,70.60000000000001,"[61.6%, 69.0%, 74.2%, 66.8%, 85.8%, 69.2%, 74.0%, 66.6%, 68.2%]",,,,
8,weights,5,60,0.051063157894736845,0.907774631679058,0.9239212162792683,0.0001111111111111111,70.42222222222223,"[61.6%, 69.0%, 74.2%, 66.8%, 85.8%, 69.2%, 74.0%, 66.6%, 66.6%]",,,,
8,weights,6,61,0.051063157894736845,0.8774260967969895,0.8624821044504642,0.0001111111111111111,70.66666666666667,"[61.6%, 69.0%, 74.2%, 66.8%, 85.8%, 69.2%, 74.0%, 66.6%, 68.8%]",,,,
8,weights,7,62,0.051063157894736845,0.8481713697314263,0.8703009262681007,0.0001111111111111111,70.71111111111112,"[61.6%, 69.0%, 74.2%, 66.8%, 85.8%, 69.2%, 74.0%, 66.6%, 69.2%]",,,,
8,weights,8,63,0.051063157894736845,0.829155458509922,0.8879771903157234,0.0001111111111111111,70.4888888888889,"[61.6%, 69.0%, 74.2%, 66.8%, 85.8%, 69.2%, 74.0%, 66.6%, 67.2%]",,,,
8,weights,9,64,0.051063157894736845,0.8216991350054741,0.9095344133675098,0.0001111111111111111,70.35555555555555,"[61.6%, 69.0%, 74.2%, 66.8%, 85.8%, 69.2%, 74.0%, 66.6%, 66.0%]",,,,
8,weights,10,65,0.051063157894736845,0.8352223590016365,0.8386118412017822,0.0001111111111111111,70.77777777777777,"[61.6%, 69.0%, 74.2%, 66.8%, 85.8%, 69.2%, 74.0%, 66.6%, 69.8%]",,,,
8,weights,11,66,0.051063157894736845,0.804010234773159,0.8735207468271255,0.0001111111111111111,70.53333333333335,"[61.6%, 69.0%, 74.2%, 66.8%, 85.8%, 69.2%, 74.0%, 66.6%, 67.6%]",,,,
8,weights,12,67,0.051063157894736845,0.8472464427351951,0.8489192500710487,0.0001111111111111111,70.62222222222222,"[61.6%, 69.0%, 74.2%, 66.8%, 85.8%, 69.2%, 74.0%, 66.6%, 68.4%]",,,,
8,weights,13,68,0.051063157894736845,0.8252777129411697,0.8453941605985165,0.0001111111111111111,70.71111111111112,"[61.6%, 69.0%, 74.2%, 66.8%, 85.8%, 69.2%, 74.0%, 66.6%, 69.2%]",,,,
8,weights,14,69,0.051063157894736845,0.8043652340769768,0.8615326248109341,0.0001111111111111111,70.55555555555556,"[61.6%, 69.0%, 74.2%, 66.8%, 85.8%, 69.2%, 74.0%, 66.6%, 67.8%]",,,,
8,weights,15,70,0.051063157894736845,0.7693606480956078,0.8297265321016312,0.0001111111111111111,70.62222222222222,"[61.6%, 69.0%, 74.2%, 66.8%, 85.8%, 69.2%, 74.0%, 66.6%, 68.4%]",,,,
8,weights,16,71,0.051063157894736845,0.8320434212684631,0.8827710971236229,0.0001111111111111111,70.4888888888889,"[61.6%, 69.0%, 74.2%, 66.8%, 85.8%, 69.2%, 74.0%, 66.6%, 67.2%]",,,,
8,weights,17,72,0.051063157894736845,0.7896372899413109,0.795715756714344,0.0001111111111111111,70.88888888888889,"[61.6%, 69.0%, 74.2%, 66.8%, 85.8%, 69.2%, 74.0%, 66.6%, 70.8%]",,,,
8,weights,18,73,0.051063157894736845,0.7920595377683639,0.8155556917190552,0.0001111111111111111,70.75555555555556,"[61.6%, 69.0%, 74.2%, 66.8%, 85.8%, 69.2%, 74.0%, 66.6%, 69.6%]",,,,
8,weights,19,74,0.051063157894736845,0.7686364069581032,0.7939581833779812,0.0001111111111111111,70.86666666666667,"[61.6%, 69.0%, 74.2%, 66.8%, 85.8%, 69.2%, 74.0%, 66.6%, 70.6%]",,,,
8,weights,20,75,0.051063157894736845,0.7618845656514168,0.8074348829686642,0.0001111111111111111,70.84444444444445,"[61.6%, 69.0%, 74.2%, 66.8%, 85.8%, 69.2%, 74.0%, 66.6%, 70.4%]",,,,
8,weights,21,76,0.051063157894736845,0.7670154884457588,0.8428194597363472,0.0001111111111111111,70.86666666666667,"[61.6%, 69.0%, 74.2%, 66.8%, 85.8%, 69.2%, 74.0%, 66.6%, 70.6%]",,,,
8,weights,22,77,0.051063157894736845,0.7838287852704525,0.8064026236534119,0.0001111111111111111,70.66666666666667,"[61.6%, 69.0%, 74.2%, 66.8%, 85.8%, 69.2%, 74.0%, 66.6%, 68.8%]",,,,
8,weights,23,78,0.051063157894736845,0.7432453528046608,0.7688946314156055,0.0001111111111111111,71.02222222222223,"[61.6%, 69.0%, 74.2%, 66.8%, 85.8%, 69.2%, 74.0%, 66.6%, 72.0%]",,,,
8,weights,24,79,0.051063157894736845,0.7227132767438889,0.7783489003777504,0.0001111111111111111,71.15555555555557,"[61.6%, 69.0%, 74.2%, 66.8%, 85.8%, 69.2%, 74.0%, 66.6%, 73.2%]",,,,
8,weights,25,80,0.051063157894736845,0.7285741940140724,0.7942178659141064,0.0001111111111111111,70.97777777777779,"[61.6%, 69.0%, 74.2%, 66.8%, 85.8%, 69.2%, 74.0%, 66.6%, 71.6%]",37.71111111111111,"[0.0%, 17.4%, 39.4%, 19.8%, 85.8%, 45.2%, 65.2%, 16.6%, 50.0%]",57.37777777777777,"[46.2%, 53.0%, 55.4%, 36.8%, 85.8%, 69.2%, 74.0%, 32.6%, 63.4%]"
9,parallel,1,1,0.5,14.006923031806945,7.488294839859009,0.0001111111111111111,63.88000000000001,"[61.6%, 69.0%, 74.2%, 66.8%, 85.8%, 69.2%, 74.0%, 66.6%, 71.6%, 0.0%]",,,,
9,parallel,2,2,0.5,5.008871603012085,2.8124652802944183,0.0001111111111111111,65.88000000000001,"[61.6%, 69.0%, 74.2%, 66.8%, 85.8%, 69.2%, 74.0%, 66.6%, 71.6%, 20.0%]",,,,
9,parallel,3,3,0.5,1.9915490746498108,1.6856147944927216,0.0001111111111111111,65.88000000000001,"[61.6%, 69.0%, 74.2%, 66.8%, 85.8%, 69.2%, 74.0%, 66.6%, 71.6%, 20.0%]",,,,
9,parallel,4,4,0.5,1.6620840549468994,1.6393022388219833,0.0001111111111111111,65.92,"[61.6%, 69.0%, 74.2%, 66.8%, 85.8%, 69.2%, 74.0%, 66.6%, 71.6%, 20.4%]",,,,
9,parallel,5,5,0.49551146,1.6343594461679458,1.612486869096756,0.0001111111111111111,65.88000000000001,"[61.6%, 69.0%, 74.2%, 66.8%, 85.8%, 69.2%, 74.0%, 66.6%, 71.6%, 20.0%]",,,,
9,parallel,6,6,0.4777822894736842,1.566736713051796,1.4483898431062698,0.0001111111111111111,67.50000000000001,"[61.6%, 69.0%, 74.2%, 66.8%, 85.8%, 69.2%, 74.0%, 66.6%, 71.6%, 36.2%]",,,,
9,parallel,7,7,0.46041310210526315,1.3591639041900634,1.2505992576479912,0.0001111111111111111,68.14000000000001,"[61.6%, 69.0%, 74.2%, 66.8%, 85.8%, 69.2%, 74.0%, 66.6%, 71.6%, 42.6%]",,,,
9,parallel,8,8,0.4434038978947369,1.129372750222683,1.0302932262420654,0.0001111111111111111,69.70000000000002,"[61.6%, 69.0%, 74.2%, 66.8%, 85.8%, 69.2%, 74.0%, 66.6%, 71.6%, 58.2%]",,,,
9,parallel,9,9,0.42675467684210533,0.9609606221318245,0.9191432073712349,0.0001111111111111111,70.30000000000001,"[61.6%, 69.0%, 74.2%, 66.8%, 85.8%, 69.2%, 74.0%, 66.6%, 71.6%, 64.2%]",,,,
9,parallel,10,10,0.4104654389473684,0.8290908321738243,0.8751915469765663,0.0001111111111111111,70.26,"[61.6%, 69.0%, 74.2%, 66.8%, 85.8%, 69.2%, 74.0%, 66.6%, 71.6%, 63.8%]",,,,
9,parallel,11,11,0.39453618421052633,0.7486430376768112,0.8323869854211807,0.0001111111111111111,70.92,"[61.6%, 69.0%, 74.2%, 66.8%, 85.8%, 69.2%, 74.0%, 66.6%, 71.6%, 70.4%]",,,,
9,parallel,12,12,0.37896691263157894,0.7208988040685653,0.7737874202430248,0.0001111111111111111,71.12,"[61.6%, 69.0%, 74.2%, 66.8%, 85.8%, 69.2%, 74.0%, 66.6%, 71.6%, 72.4%]",,,,
9,parallel,13,13,0.3637576242105263,0.6367083445191384,0.7895696461200714,0.0001111111111111111,71.08000000000001,"[61.6%, 69.0%, 74.2%, 66.8%, 85.8%, 69.2%, 74.0%, 66.6%, 71.6%, 72.0%]",,,,
9,parallel,14,14,0.3489083189473684,0.6281139690428972,0.7720027063041925,0.0001111111111111111,71.20000000000002,"[61.6%, 69.0%, 74.2%, 66.8%, 85.8%, 69.2%, 74.0%, 66.6%, 71.6%, 73.2%]",,,,
9,parallel,15,15,0.3344189968421053,0.5685670919716358,0.6438888758420944,0.0001111111111111111,71.64000000000001,"[61.6%, 69.0%, 74.2%, 66.8%, 85.8%, 69.2%, 74.0%, 66.6%, 71.6%, 77.6%]",,,,
9,parallel,16,16,0.3202896578947369,0.555639736354351,0.7481463961303234,0.0001111111111111111,71.08000000000001,"[61.6%, 69.0%, 74.2%, 66.8%, 85.8%, 69.2%, 74.0%, 66.6%, 71.6%, 72.0%]",,,,
9,parallel,17,17,0.30652030210526315,0.509152661729604,0.6148093529045582,0.0001111111111111111,71.78,"[61.6%, 69.0%, 74.2%, 66.8%, 85.8%, 69.2%, 74.0%, 66.6%, 71.6%, 79.0%]",,,,
9,parallel,18,18,0.29311092947368417,0.5292945297434926,0.655994363129139,0.0001111111111111111,71.66,"[61.6%, 69.0%, 74.2%, 66.8%, 85.8%, 69.2%, 74.0%, 66.6%, 71.6%, 77.8%]",,,,
9,parallel,19,19,0.28006154000000005,0.5048622960224748,0.6353782583028078,0.0001111111111111111,71.80000000000001,"[61.6%, 69.0%, 74.2%, 66.8%, 85.8%, 69.2%, 74.0%, 66.6%, 71.6%, 79.2%]",,,,
9,parallel,20,20,0.2673721336842106,0.4595744997262955,0.5388782136142254,0.0001111111111111111,72.18,"[61.6%, 69.0%, 74.2%, 66.8%, 85.8%, 69.2%, 74.0%, 66.6%, 71.6%, 83.0%]",,,,
9,parallel,21,21,0.25504271052631583,0.49255702570080756,0.5605473443865776,0.0001111111111111111,72.04,"[61.6%, 69.0%, 74.2%, 66.8%, 85.8%, 69.2%, 74.0%, 66.6%, 71.6%, 81.6%]",,,,
9,parallel,22,22,0.2430732705263158,0.5063648205250502,0.5193011686205864,0.0001111111111111111,72.10000000000001,"[61.6%, 69.0%, 74.2%, 66.8%, 85.8%, 69.2%, 74.0%, 66.6%, 71.6%, 82.2%]",,,,
9,parallel,23,23,0.2314638136842105,0.46486962363123896,0.5193379111588001,0.0001111111111111111,72.14000000000001,"[61.6%, 69.0%, 74.2%, 66.8%, 85.8%, 69.2%, 74.0%, 66.6%, 71.6%, 82.6%]",,,,
9,parallel,24,24,0.22021433999999998,0.4524133652448654,0.5521547049283981,0.0001111111111111111,72.18,"[61.6%, 69.0%, 74.2%, 66.8%, 85.8%, 69.2%, 74.0%, 66.6%, 71.6%, 83.0%]",,,,
9,parallel,25,25,0.20932484947368418,0.48523296415805817,0.4956234432756901,0.0001111111111111111,72.30000000000001,"[61.6%, 69.0%, 74.2%, 66.8%, 85.8%, 69.2%, 74.0%, 66.6%, 71.6%, 84.2%]",,,,
9,parallel,26,26,0.19879534210526312,0.4848204508423805,0.5517672039568424,0.0001111111111111111,72.10000000000001,"[61.6%, 69.0%, 74.2%, 66.8%, 85.8%, 69.2%, 74.0%, 66.6%, 71.6%, 82.2%]",,,,
9,parallel,27,27,0.18862581789473679,0.4972577016800642,0.5339801348745823,0.0001111111111111111,72.06,"[61.6%, 69.0%, 74.2%, 66.8%, 85.8%, 69.2%, 74.0%, 66.6%, 71.6%, 81.8%]",,,,
9,parallel,28,28,0.17881627684210522,0.48072160258889196,0.6219888627529144,0.0001111111111111111,71.70000000000002,"[61.6%, 69.0%, 74.2%, 66.8%, 85.8%, 69.2%, 74.0%, 66.6%, 71.6%, 78.2%]",,,,
9,parallel,29,29,0.1693667189473684,0.600054071098566,0.5681156553328037,0.0001111111111111111,71.94000000000001,"[61.6%, 69.0%, 74.2%, 66.8%, 85.8%, 69.2%, 74.0%, 66.6%, 71.6%, 80.6%]",,,,
9,parallel,30,30,0.1602771442105263,0.5077603615820407,0.5521710105240345,0.0001111111111111111,71.98,"[61.6%, 69.0%, 74.2%, 66.8%, 85.8%, 69.2%, 74.0%, 66.6%, 71.6%, 81.0%]",,,,
9,parallel,31,31,0.15154755263157893,0.5547809548676014,0.7168517913669348,0.0001111111111111111,71.26,"[61.6%, 69.0%, 74.2%, 66.8%, 85.8%, 69.2%, 74.0%, 66.6%, 71.6%, 73.8%]",,,,
9,parallel,32,32,0.1431779442105263,0.4972080856561661,0.6079106666147709,0.0001111111111111111,71.66,"[61.6%, 69.0%, 74.2%, 66.8%, 85.8%, 69.2%, 74.0%, 66.6%, 71.6%, 77.8%]",,,,
9,parallel,33,33,0.13516831894736844,0.5219236657023429,0.6123064607381821,0.0001111111111111111,71.82000000000001,"[61.6%, 69.0%, 74.2%, 66.8%, 85.8%, 69.2%, 74.0%, 66.6%, 71.6%, 79.4%]",,,,
9,parallel,34,34,0.12751867684210527,0.4955169908702374,0.6199368536472321,0.0001111111111111111,71.96000000000001,"[61.6%, 69.0%, 74.2%, 66.8%, 85.8%, 69.2%, 74.0%, 66.6%, 71.6%, 80.8%]",,,,
9,parallel,35,35,0.12022901789473686,0.5941016048192977,0.6197999641299248,0.0001111111111111111,71.76,"[61.6%, 69.0%, 74.2%, 66.8%, 85.8%, 69.2%, 74.0%, 66.6%, 71.6%, 78.8%]",,,,
9,parallel,36,36,0.11329934210526316,0.5525991842150688,0.6461466569453478,0.0001111111111111111,71.66,"[61.6%, 69.0%, 74.2%, 66.8%, 85.8%, 69.2%, 74.0%, 66.6%, 71.6%, 77.8%]",,,,
9,parallel,37,37,0.10672964947368421,0.7877069391310215,0.6823852397501469,0.0001111111111111111,71.52000000000001,"[61.6%, 69.0%, 74.2%, 66.8%, 85.8%, 69.2%, 74.0%, 66.6%, 71.6%, 76.4%]",,,,
9,parallel,38,38,0.10051993999999999,0.6707794331014156,0.6689077205955982,0.0001111111111111111,71.58000000000001,"[61.6%, 69.0%, 74.2%, 66.8%, 85.8%, 69.2%, 74.0%, 66.6%, 71.6%, 77.0%]",,,,
9,parallel,39,39,0.0946702136842105,0.6815580919384956,0.6687884293496609,0.0001111111111111111,71.54,"[61.6%, 69.0%, 74.2%, 66.8%, 85.8%, 69.2%, 74.0%, 66.6%, 71.6%, 76.6%]",,,,
9,parallel,40,40,0.0891804705263158,0.7599548399448395,0.7412495091557503,0.0001111111111111111,71.22,"[61.6%, 69.0%, 74.2%, 66.8%, 85.8%, 69.2%, 74.0%, 66.6%, 71.6%, 73.4%]",,,,
9,parallel,41,41,0.0840507105263158,0.7756742388010025,0.7349482327699661,0.0001111111111111111,71.22,"[61.6%, 69.0%, 74.2%, 66.8%, 85.8%, 69.2%, 74.0%, 66.6%, 71.6%, 73.4%]",,,,
9,parallel,42,42,0.07928093368421052,0.783245600014925,0.687256395816803,0.0001111111111111111,71.58000000000001,"[61.6%, 69.0%, 74.2%, 66.8%, 85.8%, 69.2%, 74.0%, 66.6%, 71.6%, 77.0%]",,,,
9,parallel,43,43,0.07487114,0.9305034890770912,0.8604518100619316,0.0001111111111111111,70.68,"[61.6%, 69.0%, 74.2%, 66.8%, 85.8%, 69.2%, 74.0%, 66.6%, 71.6%, 68.0%]",,,,
9,parallel,44,44,0.0708213294736842,0.7983909413218498,0.8300058878958225,0.0001111111111111111,70.96000000000001,"[61.6%, 69.0%, 74.2%, 66.8%, 85.8%, 69.2%, 74.0%, 66.6%, 71.6%, 70.8%]",,,,
9,parallel,45,45,0.06713150210526314,0.8240183681249619,0.8266410827636719,0.0001111111111111111,71.04,"[61.6%, 69.0%, 74.2%, 66.8%, 85.8%, 69.2%, 74.0%, 66.6%, 71.6%, 71.6%]",,,,
9,parallel,46,46,0.06380165789473685,0.7267300546169281,0.7798887379467487,0.0001111111111111111,71.12,"[61.6%, 69.0%, 74.2%, 66.8%, 85.8%, 69.2%, 74.0%, 66.6%, 71.6%, 72.4%]",,,,
9,parallel,47,47,0.06083179684210527,0.9687582373619079,0.9100862219929695,0.0001111111111111111,70.68,"[61.6%, 69.0%, 74.2%, 66.8%, 85.8%, 69.2%, 74.0%, 66.6%, 71.6%, 68.0%]",,,,
9,parallel,48,48,0.05822191894736842,0.860809676349163,0.8775782473385334,0.0001111111111111111,70.78,"[61.6%, 69.0%, 74.2%, 66.8%, 85.8%, 69.2%, 74.0%, 66.6%, 71.6%, 69.0%]",,,,
9,parallel,49,49,0.055972024210526314,0.8109660193324089,0.8743135519325733,0.0001111111111111111,70.56,"[61.6%, 69.0%, 74.2%, 66.8%, 85.8%, 69.2%, 74.0%, 66.6%, 71.6%, 66.8%]",,,,
9,parallel,50,50,0.054082112631578944,0.8720857426524162,0.8516365885734558,0.0001111111111111111,70.9,"[61.6%, 69.0%, 74.2%, 66.8%, 85.8%, 69.2%, 74.0%, 66.6%, 71.6%, 70.2%]",,,,
9,parallel,51,51,0.05255218421052631,0.8371546506881714,0.8828694336116314,0.0001111111111111111,70.68,"[61.6%, 69.0%, 74.2%, 66.8%, 85.8%, 69.2%, 74.0%, 66.6%, 71.6%, 68.0%]",,,,
9,parallel,52,52,0.051382238947368424,0.803510482609272,0.8096696995198727,0.0001111111111111111,71.16,"[61.6%, 69.0%, 74.2%, 66.8%, 85.8%, 69.2%, 74.0%, 66.6%, 71.6%, 72.8%]",,,,
9,parallel,53,53,0.05057227684210526,0.84731754809618,0.8309197351336479,0.0001111111111111111,71.00000000000001,"[61.6%, 69.0%, 74.2%, 66.8%, 85.8%, 69.2%, 74.0%, 66.6%, 71.6%, 71.2%]",,,,
9,parallel,54,54,0.05012229789473684,0.7633327439427375,0.8423230275511742,0.0001111111111111111,70.96000000000001,"[61.6%, 69.0%, 74.2%, 66.8%, 85.8%, 69.2%, 74.0%, 66.6%, 71.6%, 70.8%]",,,,
9,parallel,55,55,0.050021052631578945,0.7413924261927605,0.8432936817407608,0.0001111111111111111,70.88000000000001,"[61.6%, 69.0%, 74.2%, 66.8%, 85.8%, 69.2%, 74.0%, 66.6%, 71.6%, 70.0%]",,,,
9,weights,1,56,0.050021052631578945,0.7457406762987375,0.837103646248579,0.0001111111111111111,70.98,"[61.6%, 69.0%, 74.2%, 66.8%, 85.8%, 69.2%, 74.0%, 66.6%, 71.6%, 71.0%]",,,,
9,weights,2,57,0.050021052631578945,0.7383791610598565,0.8418425284326077,0.0001111111111111111,70.92,"[61.6%, 69.0%, 74.2%, 66.8%, 85.8%, 69.2%, 74.0%, 66.6%, 71.6%, 70.4%]",,,,
9,weights,3,58,0.050021052631578945,0.7371089309453964,0.7853829972445965,0.0001111111111111111,71.02000000000001,"[61.6%, 69.0%, 74.2%, 66.8%, 85.8%, 69.2%, 74.0%, 66.6%, 71.6%, 71.4%]",,,,
9,weights,4,59,0.050021052631578945,0.7025289610028267,0.7638655975461006,0.0001111111111111111,71.00000000000001,"[61.6%, 69.0%, 74.2%, 66.8%, 85.8%, 69.2%, 74.0%, 66.6%, 71.6%, 71.2%]",,,,
9,weights,5,60,0.050021052631578945,0.6848432198166847,0.758025148883462,0.0001111111111111111,71.08000000000001,"[61.6%, 69.0%, 74.2%, 66.8%, 85.8%, 69.2%, 74.0%, 66.6%, 71.6%, 72.0%]",,,,
9,weights,6,61,0.050021052631578945,0.6909734569489956,0.7273315265774727,0.0001111111111111111,71.24000000000001,"[61.6%, 69.0%, 74.2%, 66.8%, 85.8%, 69.2%, 74.0%, 66.6%, 71.6%, 73.6%]",,,,
9,weights,7,62,0.050021052631578945,0.667533016204834,0.7770263068377972,0.0001111111111111111,70.9,"[61.6%, 69.0%, 74.2%, 66.8%, 85.8%, 69.2%, 74.0%, 66.6%, 71.6%, 70.2%]",,,,
9,weights,8,63,0.050021052631578945,0.6463185410015285,0.7932990454137325,0.0001111111111111111,71.00000000000001,"[61.6%, 69.0%, 74.2%, 66.8%, 85.8%, 69.2%, 74.0%, 66.6%, 71.6%, 71.2%]",,,,
9,weights,9,64,0.050021052631578945,0.6638771869242192,0.7335994392633438,0.0001111111111111111,71.14000000000001,"[61.6%, 69.0%, 74.2%, 66.8%, 85.8%, 69.2%, 74.0%, 66.6%, 71.6%, 72.6%]",,,,
9,weights,10,65,0.050021052631578945,0.6148619577288628,0.729753166437149,0.0001111111111111111,71.4,"[61.6%, 69.0%, 74.2%, 66.8%, 85.8%, 69.2%, 74.0%, 66.6%, 71.6%, 75.2%]",,,,
9,weights,11,66,0.050021052631578945,0.6196817085146904,0.7247494086623192,0.0001111111111111111,71.36,"[61.6%, 69.0%, 74.2%, 66.8%, 85.8%, 69.2%, 74.0%, 66.6%, 71.6%, 74.8%]",,,,
9,weights,12,67,0.050021052631578945,0.5991839043796062,0.7156891077756882,0.0001111111111111111,71.18,"[61.6%, 69.0%, 74.2%, 66.8%, 85.8%, 69.2%, 74.0%, 66.6%, 71.6%, 73.0%]",,,,
9,weights,13,68,0.050021052631578945,0.6097254499793052,0.726633045822382,0.0001111111111111111,71.08000000000001,"[61.6%, 69.0%, 74.2%, 66.8%, 85.8%, 69.2%, 74.0%, 66.6%, 71.6%, 72.0%]",,,,
9,weights,14,69,0.050021052631578945,0.6195153526961803,0.7395426630973816,0.0001111111111111111,71.18,"[61.6%, 69.0%, 74.2%, 66.8%, 85.8%, 69.2%, 74.0%, 66.6%, 71.6%, 73.0%]",,,,
9,weights,15,70,0.050021052631578945,0.6236372850835323,0.6790283173322678,0.0001111111111111111,71.52000000000001,"[61.6%, 69.0%, 74.2%, 66.8%, 85.8%, 69.2%, 74.0%, 66.6%, 71.6%, 76.4%]",,,,
9,weights,16,71,0.050021052631578945,0.5859425611793995,0.6808896474540234,0.0001111111111111111,71.56,"[61.6%, 69.0%, 74.2%, 66.8%, 85.8%, 69.2%, 74.0%, 66.6%, 71.6%, 76.8%]",,,,
9,weights,17,72,0.050021052631578945,0.6149390324950218,0.7025501579046249,0.0001111111111111111,71.36,"[61.6%, 69.0%, 74.2%, 66.8%, 85.8%, 69.2%, 74.0%, 66.6%, 71.6%, 74.8%]",,,,
9,weights,18,73,0.050021052631578945,0.5864518716931343,0.6884597465395927,0.0001111111111111111,71.54,"[61.6%, 69.0%, 74.2%, 66.8%, 85.8%, 69.2%, 74.0%, 66.6%, 71.6%, 76.6%]",,,,
9,weights,19,74,0.050021052631578945,0.5912144176661969,0.6941520571708679,0.0001111111111111111,71.34,"[61.6%, 69.0%, 74.2%, 66.8%, 85.8%, 69.2%, 74.0%, 66.6%, 71.6%, 74.6%]",,,,
9,weights,20,75,0.050021052631578945,0.5789848871529102,0.7168212160468102,0.0001111111111111111,71.14000000000001,"[61.6%, 69.0%, 74.2%, 66.8%, 85.8%, 69.2%, 74.0%, 66.6%, 71.6%, 72.6%]",,,,
9,weights,21,76,0.050021052631578945,0.553199315443635,0.7061746120452881,0.0001111111111111111,71.26,"[61.6%, 69.0%, 74.2%, 66.8%, 85.8%, 69.2%, 74.0%, 66.6%, 71.6%, 73.8%]",,,,
9,weights,22,77,0.050021052631578945,0.544989450275898,0.7249415516853333,0.0001111111111111111,71.26,"[61.6%, 69.0%, 74.2%, 66.8%, 85.8%, 69.2%, 74.0%, 66.6%, 71.6%, 73.8%]",,,,
9,weights,23,78,0.050021052631578945,0.5382920578122139,0.7146113254129887,0.0001111111111111111,71.30000000000001,"[61.6%, 69.0%, 74.2%, 66.8%, 85.8%, 69.2%, 74.0%, 66.6%, 71.6%, 74.2%]",,,,
9,weights,24,79,0.050021052631578945,0.5644130133092403,0.6676824614405632,0.0001111111111111111,71.58000000000001,"[61.6%, 69.0%, 74.2%, 66.8%, 85.8%, 69.2%, 74.0%, 66.6%, 71.6%, 77.0%]",,,,
9,weights,25,80,0.050021052631578945,0.5502049535512924,0.6513806656002998,0.0001111111111111111,71.58000000000001,"[61.6%, 69.0%, 74.2%, 66.8%, 85.8%, 69.2%, 74.0%, 66.6%, 71.6%, 77.0%]",39.16,"[0.0%, 17.4%, 39.4%, 19.8%, 85.8%, 45.2%, 65.2%, 16.6%, 50.0%, 52.2%]",56.94,"[46.2%, 44.4%, 65.4%, 46.6%, 74.8%, 69.2%, 64.6%, 42.6%, 63.4%, 52.2%]"
10,parallel,1,1,0.5,15.41124382019043,8.244317829608917,0.0001111111111111111,64.98181818181818,"[61.6%, 69.2%, 74.0%, 67.0%, 85.8%, 68.8%, 73.8%, 66.4%, 71.6%, 76.6%, 0.0%]",,,,
10,parallel,2,2,0.5,5.631992268562317,3.2652579247951508,0.0001111111111111111,64.98181818181818,"[62.0%, 69.2%, 74.0%, 67.0%, 85.8%, 68.6%, 73.6%, 66.4%, 71.6%, 76.6%, 0.0%]",,,,
10,parallel,3,3,0.5,2.182201933860779,1.7252597212791443,0.0001111111111111111,66.76363636363637,"[61.8%, 69.2%, 74.0%, 67.0%, 85.8%, 68.6%, 73.6%, 66.4%, 71.4%, 76.6%, 20.0%]",,,,
10,parallel,4,4,0.5,1.6794023960828781,1.6473207771778107,0.0001111111111111111,66.76363636363637,"[61.8%, 69.2%, 74.0%, 67.0%, 85.8%, 68.6%, 73.6%, 66.4%, 71.4%, 76.6%, 20.0%]",,,,
10,parallel,5,5,0.495501065,1.6505822509527206,1.6365870088338852,0.0001111111111111111,66.74545454545455,"[61.6%, 69.2%, 74.0%, 67.0%, 85.8%, 68.6%, 73.6%, 66.4%, 71.4%, 76.6%, 20.0%]",,,,
10,parallel,6,6,0.4777308355263158,1.6918300360441207,1.6387934982776642,0.0001111111111111111,67.87272727272727,"[61.6%, 69.2%, 74.0%, 67.0%, 85.8%, 68.6%, 73.6%, 66.4%, 71.4%, 76.6%, 32.4%]",,,,
10,parallel,7,7,0.4603214228947368,1.6690208554267882,1.5437866896390915,0.0001111111111111111,68.32727272727273,"[61.6%, 69.2%, 74.0%, 67.0%, 85.8%, 68.6%, 73.6%, 66.4%, 71.4%, 76.6%, 37.4%]",,,,
10,parallel,8,8,0.4432728271052632,1.372765764594078,1.2431915774941444,0.0001111111111111111,68.43636363636364,"[61.6%, 69.2%, 74.0%, 67.0%, 85.8%, 68.6%, 73.6%, 66.4%, 71.4%, 76.6%, 38.6%]",,,,
10,parallel,9,9,0.4265850481578948,1.2185408934950828,1.1943469569087029,0.0001111111111111111,69.41818181818182,"[61.6%, 69.2%, 74.0%, 67.0%, 85.8%, 68.6%, 73.6%, 66.4%, 71.4%, 76.6%, 49.4%]",,,,
10,parallel,10,10,0.4102580860526316,1.0624058827757836,0.9526099134236574,0.0001111111111111111,70.18181818181819,"[61.6%, 69.2%, 74.0%, 67.0%, 85.8%, 68.6%, 73.6%, 66.4%, 71.4%, 76.6%, 57.8%]",,,,
10,parallel,11,11,0.39429194078947366,0.8374183014035225,0.7840319573879242,0.0001111111111111111,71.38181818181819,"[61.6%, 69.2%, 74.0%, 67.0%, 85.8%, 68.6%, 73.6%, 66.4%, 71.4%, 76.6%, 71.0%]",,,,
10,parallel,12,12,0.37868661236842105,0.747012397646904,0.9846570612862706,0.0001111111111111111,70.60000000000001,"[61.6%, 69.2%, 74.0%, 67.0%, 85.8%, 68.6%, 73.6%, 66.4%, 71.4%, 76.6%, 62.4%]",,,,
10,parallel,13,13,0.3634421007894737,0.6683080345392227,0.6691680941730738,0.0001111111111111111,71.4909090909091,"[61.6%, 69.2%, 74.0%, 67.0%, 85.8%, 68.6%, 73.6%, 66.4%, 71.4%, 76.6%, 72.2%]",,,,
10,parallel,14,14,0.34855840605263155,0.63118294775486,0.6644776146858931,0.0001111111111111111,71.74545454545455,"[61.6%, 69.2%, 74.0%, 67.0%, 85.8%, 68.6%, 73.6%, 66.4%, 71.4%, 76.6%, 75.0%]",,,,
10,parallel,15,15,0.3340355281578948,0.6113277897238731,0.7505483590066433,0.0001111111111111111,71.43636363636364,"[61.6%, 69.2%, 74.0%, 67.0%, 85.8%, 68.6%, 73.6%, 66.4%, 71.4%, 76.6%, 71.6%]",,,,
10,parallel,16,16,0.3198734671052632,0.5500839278101921,0.6081935409456491,0.0001111111111111111,72.03636363636365,"[61.6%, 69.2%, 74.0%, 67.0%, 85.8%, 68.6%, 73.6%, 66.4%, 71.4%, 76.6%, 78.2%]",,,,
10,parallel,17,17,0.30607222289473685,0.4916335180401802,0.7032661214470863,0.0001111111111111111,71.78181818181818,"[61.6%, 69.2%, 74.0%, 67.0%, 85.8%, 68.6%, 73.6%, 66.4%, 71.4%, 76.6%, 75.4%]",,,,
10,parallel,18,18,0.29263179552631574,0.5451432935893535,0.5779408160597086,0.0001111111111111111,72.10909090909091,"[61.6%, 69.2%, 74.0%, 67.0%, 85.8%, 68.6%, 73.6%, 66.4%, 71.4%, 76.6%, 79.0%]",,,,
10,parallel,19,19,0.27955218500000006,0.477367290481925,0.5751702506095171,0.0001111111111111111,71.98181818181818,"[61.6%, 69.2%, 74.0%, 67.0%, 85.8%, 68.6%, 73.6%, 66.4%, 71.4%, 76.6%, 77.6%]",,,,
10,parallel,20,20,0.26683339131578954,0.49068576097488403,0.6099091097712517,0.0001111111111111111,72.0909090909091,"[61.6%, 69.2%, 74.0%, 67.0%, 85.8%, 68.6%, 73.6%, 66.4%, 71.4%, 76.6%, 78.8%]",,,,
10,parallel,21,21,0.2544754144736842,0.48940392807126043,0.5520835630595684,0.0001111111111111111,72.16363636363637,"[61.6%, 69.2%, 74.0%, 67.0%, 85.8%, 68.6%, 73.6%, 66.4%, 71.4%, 76.6%, 79.6%]",,,,
10,parallel,22,22,0.24247825447368423,0.5387083247303963,0.5744035830721259,0.0001111111111111111,72.21818181818183,"[61.6%, 69.2%, 74.0%, 67.0%, 85.8%, 68.6%, 73.6%, 66.4%, 71.4%, 76.6%, 80.2%]",,,,
10,parallel,23,23,0.2308419113157895,0.5699848210439086,0.5630844943225384,0.0001111111111111111,72.18181818181819,"[61.6%, 69.2%, 74.0%, 67.0%, 85.8%, 68.6%, 73.6%, 66.4%, 71.4%, 76.6%, 79.8%]",,,,
10,parallel,24,24,0.219566385,0.4377989284694195,0.518872294574976,0.0001111111111111111,72.32727272727273,"[61.6%, 69.2%, 74.0%, 67.0%, 85.8%, 68.6%, 73.6%, 66.4%, 71.4%, 76.6%, 81.4%]",,,,
10,parallel,25,25,0.20865167552631578,0.48985771238803866,0.6428792756050825,0.0001111111111111111,71.9090909090909,"[61.6%, 69.2%, 74.0%, 67.0%, 85.8%, 68.6%, 73.6%, 66.4%, 71.4%, 76.6%, 76.8%]",,,,
10,parallel,26,26,0.19809778289473684,0.6126728281378746,0.6033905670046806,0.0001111111111111111,71.92727272727274,"[61.6%, 69.2%, 74.0%, 67.0%, 85.8%, 68.6%, 73.6%, 66.4%, 71.4%, 76.6%, 77.0%]",,,,
10,parallel,27,27,0.18790470710526314,0.45374938677996396,0.5328765269368887,0.0001111111111111111,72.12727272727274,"[61.6%, 69.2%, 74.0%, 67.0%, 85.8%, 68.6%, 73.6%, 66.4%, 71.4%, 76.6%, 79.2%]",,,,
10,parallel,28,28,0.1780724481578947,0.5374857306480407,0.617694541811943,0.0001111111111111111,71.83636363636364,"[61.6%, 69.2%, 74.0%, 67.0%, 85.8%, 68.6%, 73.6%, 66.4%, 71.4%, 76.6%, 76.0%]",,,,
10,parallel,29,29,0.16860100605263156,0.5752893321216106,0.5648102071136236,0.0001111111111111111,72.01818181818182,"[61.6%, 69.2%, 74.0%, 67.0%, 85.8%, 68.6%, 73.6%, 66.4%, 71.4%, 76.6%, 78.0%]",,,,
10,parallel,30,30,0.1594903807894737,0.5767439559102059,0.6343038082122803,0.0001111111111111111,71.72727272727273,"[61.6%, 69.2%, 74.0%, 67.0%, 85.8%, 68.6%, 73.6%, 66.4%, 71.4%, 76.6%, 74.8%]",,,,
10,parallel,31,31,0.15074057236842106,0.5938236862421036,0.6564291547983885,0.0001111111111111111,71.94545454545455,"[61.6%, 69.2%, 74.0%, 67.0%, 85.8%, 68.6%, 73.6%, 66.4%, 71.4%, 76.6%, 77.2%]",,,,
10,parallel,32,32,0.14235158078947366,0.595731820166111,0.5550768487155437,0.0001111111111111111,72.32727272727273,"[61.6%, 69.2%, 74.0%, 67.0%, 85.8%, 68.6%, 73.6%, 66.4%, 71.4%, 76.6%, 81.4%]",,,,
10,parallel,33,33,0.1343234060526316,0.5711691424250602,0.5916089825332165,0.0001111111111111111,72.0,"[61.6%, 69.2%, 74.0%, 67.0%, 85.8%, 68.6%, 73.6%, 66.4%, 71.4%, 76.6%, 77.8%]",,,,
10,parallel,34,34,0.12665604815789475,0.5481756992638112,0.5571244582533836,0.0001111111111111111,72.25454545454546,"[61.6%, 69.2%, 74.0%, 67.0%, 85.8%, 68.6%, 73.6%, 66.4%, 71.4%, 76.6%, 80.6%]",,,,
10,parallel,35,35,0.11934950710526318,0.6187454588711262,0.5651855133473873,0.0001111111111111111,72.14545454545454,"[61.6%, 69.2%, 74.0%, 67.0%, 85.8%, 68.6%, 73.6%, 66.4%, 71.4%, 76.6%, 79.4%]",,,,
10,parallel,36,36,0.11240378289473685,0.6160150751471519,0.5882425084710121,0.0001111111111111111,72.0909090909091,"[61.6%, 69.2%, 74.0%, 67.0%, 85.8%, 68.6%, 73.6%, 66.4%, 71.4%, 76.6%, 78.8%]",,,,
10,parallel,37,37,0.1058188755263158,0.6735038459300995,0.6236914843320847,0.0001111111111111111,71.96363636363637,"[61.6%, 69.2%, 74.0%, 67.0%, 85.8%, 68.6%, 73.6%, 66.4%, 71.4%, 76.6%, 77.4%]",,,,
10,parallel,38,38,0.09959478499999999,0.6219646828249097,0.5942700281739235,0.0001111111111111111,72.18181818181819,"[61.6%, 69.2%, 74.0%, 67.0%, 85.8%, 68.6%, 73.6%, 66.4%, 71.4%, 76.6%, 79.8%]",,,,
10,parallel,39,39,0.09373151131578947,0.7365794770419598,0.7144075278192759,0.0001111111111111111,71.69090909090909,"[61.6%, 69.2%, 74.0%, 67.0%, 85.8%, 68.6%, 73.6%, 66.4%, 71.4%, 76.6%, 74.4%]",,,,
10,parallel,40,40,0.08822905447368423,0.6807436481118202,0.6741601321846247,0.0001111111111111111,71.85454545454546,"[61.6%, 69.2%, 74.0%, 67.0%, 85.8%, 68.6%, 73.6%, 66.4%, 71.4%, 76.6%, 76.2%]",,,,
10,parallel,41,41,0.08308741447368423,0.68342956751585,0.6948417071253061,0.0001111111111111111,71.63636363636364,"[61.6%, 69.2%, 74.0%, 67.0%, 85.8%, 68.6%, 73.6%, 66.4%, 71.4%, 76.6%, 73.8%]",,,,
10,parallel,42,42,0.07830659131578949,0.6343934230506421,0.5998522471636534,0.0001111111111111111,72.07272727272728,"[61.6%, 69.2%, 74.0%, 67.0%, 85.8%, 68.6%, 73.6%, 66.4%, 71.4%, 76.6%, 78.6%]",,,,
10,parallel,43,43,0.073886585,1.1582073345780373,0.8820806555449963,0.0001111111111111111,70.70909090909092,"[61.6%, 69.2%, 74.0%, 67.0%, 85.8%, 68.6%, 73.6%, 66.4%, 71.4%, 76.6%, 63.6%]",,,,
10,parallel,44,44,0.06982739552631578,0.9180996969342232,0.8038273602724075,0.0001111111111111111,71.2,"[61.6%, 69.2%, 74.0%, 67.0%, 85.8%, 68.6%, 73.6%, 66.4%, 71.4%, 76.6%, 69.0%]",,,,
10,parallel,45,45,0.06612902289473684,0.8204045183956623,0.7623595371842384,0.0001111111111111111,71.41818181818182,"[61.6%, 69.2%, 74.0%, 67.0%, 85.8%, 68.6%, 73.6%, 66.4%, 71.4%, 76.6%, 71.4%]",,,,
10,parallel,46,46,0.06279146710526318,0.7273402363061905,0.746893547475338,0.0001111111111111111,71.34545454545456,"[61.6%, 69.2%, 74.0%, 67.0%, 85.8%, 68.6%, 73.6%, 66.4%, 71.4%, 76.6%, 70.6%]",,,,
10,parallel,47,47,0.05981472815789475,1.1192735105752945,0.906191498041153,0.0001111111111111111,70.87272727272727,"[61.6%, 69.2%, 74.0%, 67.0%, 85.8%, 68.6%, 73.6%, 66.4%, 71.4%, 76.6%, 65.4%]",,,,
10,parallel,48,48,0.057198806052631584,1.0139527112245559,0.8917597215622663,0.0001111111111111111,70.60000000000001,"[61.6%, 69.2%, 74.0%, 67.0%, 85.8%, 68.6%, 73.6%, 66.4%, 71.4%, 76.6%, 62.4%]",,,,
10,parallel,49,49,0.05494370078947369,0.889707537740469,0.8447156511247158,0.0001111111111111111,70.96363636363637,"[61.6%, 69.2%, 74.0%, 67.0%, 85.8%, 68.6%, 73.6%, 66.4%, 71.4%, 76.6%, 66.4%]",,,,
10,parallel,50,50,0.053049412368421055,0.9548738867044448,0.8255544118583202,0.0001111111111111111,71.10909090909091,"[61.6%, 69.2%, 74.0%, 67.0%, 85.8%, 68.6%, 73.6%, 66.4%, 71.4%, 76.6%, 68.0%]",,,,
10,parallel,51,51,0.05151594078947369,0.8947003945708275,0.8371983543038368,0.0001111111111111111,70.9090909090909,"[61.6%, 69.2%, 74.0%, 67.0%, 85.8%, 68.6%, 73.6%, 66.4%, 71.4%, 76.6%, 65.8%]",,,,
10,parallel,52,52,0.05034328605263159,0.8922598689794541,0.825368445366621,0.0001111111111111111,71.03636363636365,"[61.6%, 69.2%, 74.0%, 67.0%, 85.8%, 68.6%, 73.6%, 66.4%, 71.4%, 76.6%, 67.2%]",,,,
10,parallel,53,53,0.049531448157894745,0.8088770434260368,0.7843274846673012,0.0001111111111111111,71.30909090909091,"[61.6%, 69.2%, 74.0%, 67.0%, 85.8%, 68.6%, 73.6%, 66.4%, 71.4%, 76.6%, 70.2%]",,,,
10,parallel,54,54,0.04908042710526316,0.8013794250786305,0.784434711560607,0.0001111111111111111,71.07272727272728,"[61.6%, 69.2%, 74.0%, 67.0%, 85.8%, 68.6%, 73.6%, 66.4%, 71.4%, 76.6%, 67.6%]",,,,
10,parallel,55,55,0.04897894736842106,0.7797327697277069,0.7616546973586082,0.0001111111111111111,71.32727272727273,"[61.6%, 69.2%, 74.0%, 67.0%, 85.8%, 68.6%, 73.6%, 66.4%, 71.4%, 76.6%, 70.4%]",,,,
10,weights,1,56,0.04897894736842106,0.7398189574480056,0.7803559489548206,0.0001111111111111111,71.2,"[61.6%, 69.2%, 74.0%, 67.0%, 85.8%, 68.6%, 73.6%, 66.4%, 71.4%, 76.6%, 69.0%]",,,,
10,weights,2,57,0.04897894736842106,0.7533679351210594,0.7192225139588118,0.0001111111111111111,71.4,"[61.6%, 69.2%, 74.0%, 67.0%, 85.8%, 68.6%, 73.6%, 66.4%, 71.4%, 76.6%, 71.2%]",,,,
10,weights,3,58,0.04897894736842106,0.731292188167572,0.7151089496910572,0.0001111111111111111,71.45454545454545,"[61.6%, 69.2%, 74.0%, 67.0%, 85.8%, 68.6%, 73.6%, 66.4%, 71.4%, 76.6%, 71.8%]",,,,
10,weights,4,59,0.04897894736842106,0.752258588373661,0.717812430113554,0.0001111111111111111,71.50909090909092,"[61.6%, 69.2%, 74.0%, 67.0%, 85.8%, 68.6%, 73.6%, 66.4%, 71.4%, 76.6%, 72.4%]",,,,
10,weights,5,60,0.04897894736842106,0.7206351526081562,0.7090115621685982,0.0001111111111111111,71.65454545454546,"[61.6%, 69.2%, 74.0%, 67.0%, 85.8%, 68.6%, 73.6%, 66.4%, 71.4%, 76.6%, 74.0%]",,,,
10,weights,6,61,0.04897894736842106,0.7141682870686055,0.7201494760811329,0.0001111111111111111,71.45454545454545,"[61.6%, 69.2%, 74.0%, 67.0%, 85.8%, 68.6%, 73.6%, 66.4%, 71.4%, 76.6%, 71.8%]",,,,
10,weights,7,62,0.04897894736842106,0.7055960312485695,0.6931843981146812,0.0001111111111111111,71.50909090909092,"[61.6%, 69.2%, 74.0%, 67.0%, 85.8%, 68.6%, 73.6%, 66.4%, 71.4%, 76.6%, 72.4%]",,,,
10,weights,8,63,0.04897894736842106,0.6686351045966148,0.6817496661096811,0.0001111111111111111,71.74545454545455,"[61.6%, 69.2%, 74.0%, 67.0%, 85.8%, 68.6%, 73.6%, 66.4%, 71.4%, 76.6%, 75.0%]",,,,
10,weights,9,64,0.04897894736842106,0.662551786750555,0.6924197003245354,0.0001111111111111111,71.4909090909091,"[61.6%, 69.2%, 74.0%, 67.0%, 85.8%, 68.6%, 73.6%, 66.4%, 71.4%, 76.6%, 72.2%]",,,,
10,weights,10,65,0.04897894736842106,0.6579434409737587,0.6663827951997519,0.0001111111111111111,71.61818181818182,"[61.6%, 69.2%, 74.0%, 67.0%, 85.8%, 68.6%, 73.6%, 66.4%, 71.4%, 76.6%, 73.6%]",,,,
10,weights,11,66,0.04897894736842106,0.668225497752428,0.6550157144665718,0.0001111111111111111,71.65454545454546,"[61.6%, 69.2%, 74.0%, 67.0%, 85.8%, 68.6%, 73.6%, 66.4%, 71.4%, 76.6%, 74.0%]",,,,
10,weights,12,67,0.04897894736842106,0.6368682146072387,0.6512145176529884,0.0001111111111111111,71.67272727272729,"[61.6%, 69.2%, 74.0%, 67.0%, 85.8%, 68.6%, 73.6%, 66.4%, 71.4%, 76.6%, 74.2%]",,,,
10,weights,13,68,0.04897894736842106,0.6427413716912269,0.6558144278824329,0.0001111111111111111,71.74545454545455,"[61.6%, 69.2%, 74.0%, 67.0%, 85.8%, 68.6%, 73.6%, 66.4%, 71.4%, 76.6%, 75.0%]",,,,
10,weights,14,69,0.04897894736842106,0.6452677004039288,0.6429519187659025,0.0001111111111111111,71.9090909090909,"[61.6%, 69.2%, 74.0%, 67.0%, 85.8%, 68.6%, 73.6%, 66.4%, 71.4%, 76.6%, 76.8%]",,,,
10,weights,15,70,0.04897894736842106,0.6452258788049221,0.635855209082365,0.0001111111111111111,71.85454545454546,"[61.6%, 69.2%, 74.0%, 67.0%, 85.8%, 68.6%, 73.6%, 66.4%, 71.4%, 76.6%, 76.2%]",,,,
10,weights,16,71,0.04897894736842106,0.6616540208458901,0.653692863881588,0.0001111111111111111,71.58181818181819,"[61.6%, 69.2%, 74.0%, 67.0%, 85.8%, 68.6%, 73.6%, 66.4%, 71.4%, 76.6%, 73.2%]",,,,
10,weights,17,72,0.04897894736842106,0.6061049971729517,0.6275789756327868,0.0001111111111111111,71.70909090909092,"[61.6%, 69.2%, 74.0%, 67.0%, 85.8%, 68.6%, 73.6%, 66.4%, 71.4%, 76.6%, 74.6%]",,,,
10,weights,18,73,0.04897894736842106,0.6127130158245564,0.6057974882423878,0.0001111111111111111,71.96363636363637,"[61.6%, 69.2%, 74.0%, 67.0%, 85.8%, 68.6%, 73.6%, 66.4%, 71.4%, 76.6%, 77.4%]",,,,
10,weights,19,74,0.04897894736842106,0.5851161390542984,0.6082763597369194,0.0001111111111111111,71.83636363636364,"[61.6%, 69.2%, 74.0%, 67.0%, 85.8%, 68.6%, 73.6%, 66.4%, 71.4%, 76.6%, 76.0%]",,,,
10,weights,20,75,0.04897894736842106,0.6163396619260311,0.6232568509876728,0.0001111111111111111,71.83636363636364,"[61.6%, 69.2%, 74.0%, 67.0%, 85.8%, 68.6%, 73.6%, 66.4%, 71.4%, 76.6%, 76.0%]",,,,
10,weights,21,76,0.04897894736842106,0.6113797910511494,0.593117481097579,0.0001111111111111111,71.92727272727274,"[61.6%, 69.2%, 74.0%, 67.0%, 85.8%, 68.6%, 73.6%, 66.4%, 71.4%, 76.6%, 77.0%]",,,,
10,weights,22,77,0.04897894736842106,0.6136401750147342,0.6147171389311552,0.0001111111111111111,71.83636363636364,"[61.6%, 69.2%, 74.0%, 67.0%, 85.8%, 68.6%, 73.6%, 66.4%, 71.4%, 76.6%, 76.0%]",,,,
10,weights,23,78,0.04897894736842106,0.6240644242614508,0.6036972310394049,0.0001111111111111111,72.07272727272728,"[61.6%, 69.2%, 74.0%, 67.0%, 85.8%, 68.6%, 73.6%, 66.4%, 71.4%, 76.6%, 78.6%]",,,,
10,weights,24,79,0.04897894736842106,0.5926276408135891,0.6285519506782293,0.0001111111111111111,71.74545454545455,"[61.6%, 69.2%, 74.0%, 67.0%, 85.8%, 68.6%, 73.6%, 66.4%, 71.4%, 76.6%, 75.0%]",,,,
10,weights,25,80,0.04897894736842106,0.6298803262412548,0.6262339111417532,0.0001111111111111111,71.94545454545455,"[61.6%, 69.2%, 74.0%, 67.0%, 85.8%, 68.6%, 73.6%, 66.4%, 71.4%, 76.6%, 77.2%]",37.01818181818182,"[0.0%, 17.4%, 39.4%, 9.4%, 85.8%, 36.4%, 65.0%, 16.4%, 50.0%, 51.8%, 35.6%]",50.61818181818182,"[46.4%, 53.2%, 55.4%, 28.4%, 74.8%, 62.4%, 64.2%, 32.4%, 63.0%, 41.0%, 35.6%]"
11,parallel,1,1,0.45,16.513685512542725,9.076014757156372,0.0001111111111111111,65.93333333333332,"[61.6%, 68.8%, 73.8%, 67.0%, 85.8%, 69.4%, 73.4%, 66.4%, 71.4%, 76.4%, 77.2%, 0.0%]",,,,
11,parallel,2,2,0.45,6.768352830410004,4.708024203777313,0.0001111111111111111,65.8,"[61.6%, 68.8%, 73.8%, 67.0%, 85.8%, 69.2%, 73.0%, 66.4%, 71.2%, 75.8%, 77.0%, 0.0%]",,,,
11,parallel,3,3,0.45,3.198291426897049,2.104063168168068,0.0001111111111111111,67.39999999999999,"[61.6%, 68.8%, 73.8%, 66.8%, 86.0%, 68.4%, 73.0%, 66.4%, 71.2%, 75.8%, 77.0%, 20.0%]",,,,
11,parallel,4,4,0.45,1.8422089517116547,1.712099775671959,0.0001111111111111111,67.4,"[61.6%, 68.6%, 73.8%, 66.6%, 86.0%, 68.6%, 73.0%, 66.6%, 71.4%, 75.6%, 77.0%, 20.0%]",,,,
11,parallel,5,5,0.44598942,1.705690786242485,1.6793825775384903,0.0001111111111111111,67.36666666666666,"[61.6%, 68.6%, 73.8%, 66.6%, 86.0%, 68.2%, 73.0%, 66.6%, 71.4%, 75.6%, 77.0%, 20.0%]",,,,
11,parallel,6,6,0.4301481315789474,1.7865100771188736,1.6980876177549362,0.0001111111111111111,67.36666666666666,"[61.6%, 68.6%, 73.8%, 66.6%, 86.0%, 68.2%, 73.0%, 66.6%, 71.4%, 75.6%, 77.0%, 20.0%]",,,,
11,parallel,7,7,0.4146284936842105,1.740793478488922,1.675303190946579,0.0001111111111111111,67.36666666666666,"[61.6%, 68.6%, 73.8%, 66.6%, 86.0%, 68.2%, 73.0%, 66.6%, 71.4%, 75.6%, 77.0%, 20.0%]",,,,
11,parallel,8,8,0.3994305063157895,1.677758690714836,1.6477544903755188,0.0001111111111111111,67.36666666666666,"[61.6%, 68.6%, 73.8%, 66.6%, 86.0%, 68.2%, 73.0%, 66.6%, 71.4%, 75.6%, 77.0%, 20.0%]",,,,
11,parallel,9,9,0.38455416947368426,1.6891008228063584,1.6556041836738586,0.0001111111111111111,67.36666666666666,"[61.6%, 68.6%, 73.8%, 66.6%, 86.0%, 68.2%, 73.0%, 66.6%, 71.4%, 75.6%, 77.0%, 20.0%]",,,,
11,parallel,10,10,0.3699994831578947,1.6472033947706222,1.6374322026968002,0.0001111111111111111,67.36666666666666,"[61.6%, 68.6%, 73.8%, 66.6%, 86.0%, 68.2%, 73.0%, 66.6%, 71.4%, 75.6%, 77.0%, 20.0%]",,,,
11,parallel,11,11,0.35576644736842106,1.6297365516424178,1.6129340678453445,0.0001111111111111111,68.08333333333333,"[61.6%, 68.6%, 73.8%, 66.6%, 86.0%, 68.2%, 73.0%, 66.6%, 71.4%, 75.6%, 77.0%, 28.6%]",,,,
11,parallel,12,12,0.3418550621052631,1.4846392691135406,1.457575410604477,0.0001111111111111111,68.38333333333334,"[61.6%, 68.6%, 73.8%, 66.6%, 86.0%, 68.2%, 73.0%, 66.6%, 71.4%, 75.6%, 77.0%, 32.2%]",,,,
11,parallel,13,13,0.32826532736842107,1.3467845618724823,1.299378089606762,0.0001111111111111111,69.56666666666666,"[61.6%, 68.6%, 73.8%, 66.6%, 86.0%, 68.2%, 73.0%, 66.6%, 71.4%, 75.6%, 77.0%, 46.4%]",,,,
11,parallel,14,14,0.31499724315789474,1.2139506563544273,1.1449634209275246,0.0001111111111111111,69.96666666666667,"[61.6%, 68.6%, 73.8%, 66.6%, 86.0%, 68.2%, 73.0%, 66.6%, 71.4%, 75.6%, 77.0%, 51.2%]",,,,
11,parallel,15,15,0.30205080947368423,1.1088651418685913,1.237630520015955,0.0001111111111111111,69.95,"[61.6%, 68.6%, 73.8%, 66.6%, 86.0%, 68.2%, 73.0%, 66.6%, 71.4%, 75.6%, 77.0%, 51.0%]",,,,
11,parallel,16,16,0.2894260263157895,1.056676472723484,1.085201695561409,0.0001111111111111111,70.23333333333333,"[61.6%, 68.6%, 73.8%, 66.6%, 86.0%, 68.2%, 73.0%, 66.6%, 71.4%, 75.6%, 77.0%, 54.4%]",,,,
11,parallel,17,17,0.2771228936842105,0.9752214208245278,1.02768125385046,0.0001111111111111111,70.6,"[61.6%, 68.6%, 73.8%, 66.6%, 86.0%, 68.2%, 73.0%, 66.6%, 71.4%, 75.6%, 77.0%, 58.8%]",,,,
11,parallel,18,18,0.26514141157894733,0.9500204846262932,1.168886236846447,0.0001111111111111111,70.16666666666667,"[61.6%, 68.6%, 73.8%, 66.6%, 86.0%, 68.2%, 73.0%, 66.6%, 71.4%, 75.6%, 77.0%, 53.6%]",,,,
11,parallel,19,19,0.25348158000000004,0.9508563473820686,0.9818409718573093,0.0001111111111111111,70.73333333333333,"[61.6%, 68.6%, 73.8%, 66.6%, 86.0%, 68.2%, 73.0%, 66.6%, 71.4%, 75.6%, 77.0%, 60.4%]",,,,
11,parallel,20,20,0.24214339894736847,0.8796309173107147,0.950845368206501,0.0001111111111111111,70.85,"[61.6%, 68.6%, 73.8%, 66.6%, 86.0%, 68.2%, 73.0%, 66.6%, 71.4%, 75.6%, 77.0%, 61.8%]",,,,
11,parallel,21,21,0.23112686842105268,0.892799936234951,0.916142176836729,0.0001111111111111111,70.86666666666666,"[61.6%, 68.6%, 73.8%, 66.6%, 86.0%, 68.2%, 73.0%, 66.6%, 71.4%, 75.6%, 77.0%, 62.0%]",,,,
11,parallel,22,22,0.22043198842105266,0.8225220024585724,0.930586539208889,0.0001111111111111111,71.1,"[61.6%, 68.6%, 73.8%, 66.6%, 86.0%, 68.2%, 73.0%, 66.6%, 71.4%, 75.6%, 77.0%, 64.8%]",,,,
11,parallel,23,23,0.21005875894736842,0.896177226305008,0.980325561016798,0.0001111111111111111,70.85,"[61.6%, 68.6%, 73.8%, 66.6%, 86.0%, 68.2%, 73.0%, 66.6%, 71.4%, 75.6%, 77.0%, 61.8%]",,,,
11,parallel,24,24,0.20000718,0.812179782986641,0.8943067938089371,0.0001111111111111111,71.28333333333333,"[61.6%, 68.6%, 73.8%, 66.6%, 86.0%, 68.2%, 73.0%, 66.6%, 71.4%, 75.6%, 77.0%, 67.0%]",,,,
11,parallel,25,25,0.19027725157894737,0.7845821186900139,0.877958320081234,0.0001111111111111111,71.23333333333333,"[61.6%, 68.6%, 73.8%, 66.6%, 86.0%, 68.2%, 73.0%, 66.6%, 71.4%, 75.6%, 77.0%, 66.4%]",,,,
11,parallel,26,26,0.1808689736842105,0.8666923612356185,0.9067838042974472,0.0001111111111111111,71.08333333333333,"[61.6%, 68.6%, 73.8%, 66.6%, 86.0%, 68.2%, 73.0%, 66.6%, 71.4%, 75.6%, 77.0%, 64.6%]",,,,
11,parallel,27,27,0.17178234631578945,0.8882682964205741,0.8967062905430794,0.0001111111111111111,71.1,"[61.6%, 68.6%, 73.8%, 66.6%, 86.0%, 68.2%, 73.0%, 66.6%, 71.4%, 75.6%, 77.0%, 64.8%]",,,,
11,parallel,28,28,0.16301736947368417,0.8110602878034114,0.8818469047546387,0.0001111111111111111,71.2,"[61.6%, 68.6%, 73.8%, 66.6%, 86.0%, 68.2%, 73.0%, 66.6%, 71.4%, 75.6%, 77.0%, 66.0%]",,,,
11,parallel,29,29,0.15457404315789475,0.8500632494688034,0.8808230459690094,0.0001111111111111111,71.35,"[61.6%, 68.6%, 73.8%, 66.6%, 86.0%, 68.2%, 73.0%, 66.6%, 71.4%, 75.6%, 77.0%, 67.8%]",,,,
11,parallel,30,30,0.14645236736842104,0.7960900202393532,1.0173994302749634,0.0001111111111111111,70.83333333333333,"[61.6%, 68.6%, 73.8%, 66.6%, 86.0%, 68.2%, 73.0%, 66.6%, 71.4%, 75.6%, 77.0%, 61.6%]",,,,
11,parallel,31,31,0.13865234210526314,0.8315095365047455,0.948707640171051,0.0001111111111111111,71.23333333333333,"[61.6%, 68.6%, 73.8%, 66.6%, 86.0%, 68.2%, 73.0%, 66.6%, 71.4%, 75.6%, 77.0%, 66.4%]",,,,
11,parallel,32,32,0.13117396736842105,0.7656710788607597,0.8660730831325054,0.0001111111111111111,71.21666666666667,"[61.6%, 68.6%, 73.8%, 66.6%, 86.0%, 68.2%, 73.0%, 66.6%, 71.4%, 75.6%, 77.0%, 66.2%]",,,,
11,parallel,33,33,0.12401724315789475,0.8854217752814293,0.9989952594041824,0.0001111111111111111,70.88333333333334,"[61.6%, 68.6%, 73.8%, 66.6%, 86.0%, 68.2%, 73.0%, 66.6%, 71.4%, 75.6%, 77.0%, 62.2%]",,,,
11,parallel,34,34,0.1171821694736842,0.8634525373578071,0.9533246904611588,0.0001111111111111111,71.05,"[61.6%, 68.6%, 73.8%, 66.6%, 86.0%, 68.2%, 73.0%, 66.6%, 71.4%, 75.6%, 77.0%, 64.2%]",,,,
11,parallel,35,35,0.11066874631578949,0.8480599917471409,0.869175523519516,0.0001111111111111111,71.18333333333332,"[61.6%, 68.6%, 73.8%, 66.6%, 86.0%, 68.2%, 73.0%, 66.6%, 71.4%, 75.6%, 77.0%, 65.8%]",,,,
11,parallel,36,36,0.10447697368421052,0.9258273154497146,1.0174672827124596,0.0001111111111111111,70.56666666666666,"[61.6%, 68.6%, 73.8%, 66.6%, 86.0%, 68.2%, 73.0%, 66.6%, 71.4%, 75.6%, 77.0%, 58.4%]",,,,
11,parallel,37,37,0.09860685157894737,0.8952467575669288,0.9668563902378082,0.0001111111111111111,70.83333333333333,"[61.6%, 68.6%, 73.8%, 66.6%, 86.0%, 68.2%, 73.0%, 66.6%, 71.4%, 75.6%, 77.0%, 61.6%]",,,,
11,parallel,38,38,0.09305838,0.9377677798271179,0.9962045438587666,0.0001111111111111111,70.76666666666667,"[61.6%, 68.6%, 73.8%, 66.6%, 86.0%, 68.2%, 73.0%, 66.6%, 71.4%, 75.6%, 77.0%, 60.8%]",,,,
11,parallel,39,39,0.08783155894736841,0.8708573013544083,0.9149787202477455,0.0001111111111111111,71.1,"[61.6%, 68.6%, 73.8%, 66.6%, 86.0%, 68.2%, 73.0%, 66.6%, 71.4%, 75.6%, 77.0%, 64.8%]",,,,
11,parallel,40,40,0.08292638842105264,0.8825208842754364,0.9272781722247601,0.0001111111111111111,71.1,"[61.6%, 68.6%, 73.8%, 66.6%, 86.0%, 68.2%, 73.0%, 66.6%, 71.4%, 75.6%, 77.0%, 64.8%]",,,,
11,parallel,41,41,0.07834286842105263,0.8709487751126289,0.9061919003725052,0.0001111111111111111,71.13333333333334,"[61.6%, 68.6%, 73.8%, 66.6%, 86.0%, 68.2%, 73.0%, 66.6%, 71.4%, 75.6%, 77.0%, 65.2%]",,,,
11,parallel,42,42,0.07408099894736841,1.0594304844737052,1.022448107600212,0.0001111111111111111,70.71666666666667,"[61.6%, 68.6%, 73.8%, 66.6%, 86.0%, 68.2%, 73.0%, 66.6%, 71.4%, 75.6%, 77.0%, 60.2%]",,,,
11,parallel,43,43,0.07014078,1.0602007418870927,0.9593160971999168,0.0001111111111111111,70.91666666666667,"[61.6%, 68.6%, 73.8%, 66.6%, 86.0%, 68.2%, 73.0%, 66.6%, 71.4%, 75.6%, 77.0%, 62.6%]",,,,
11,parallel,44,44,0.06652221157894736,0.9772701293230057,0.9670278951525688,0.0001111111111111111,70.93333333333332,"[61.6%, 68.6%, 73.8%, 66.6%, 86.0%, 68.2%, 73.0%, 66.6%, 71.4%, 75.6%, 77.0%, 62.8%]",,,,
11,parallel,45,45,0.06322529368421052,0.994171904027462,1.0201915130019188,0.0001111111111111111,70.6,"[61.6%, 68.6%, 73.8%, 66.6%, 86.0%, 68.2%, 73.0%, 66.6%, 71.4%, 75.6%, 77.0%, 58.8%]",,,,
11,parallel,46,46,0.06025002631578948,1.202091021835804,1.0643966495990753,0.0001111111111111111,70.26666666666667,"[61.6%, 68.6%, 73.8%, 66.6%, 86.0%, 68.2%, 73.0%, 66.6%, 71.4%, 75.6%, 77.0%, 54.8%]",,,,
11,parallel,47,47,0.05759640947368422,1.0628441542387008,1.0288019701838493,0.0001111111111111111,70.45,"[61.6%, 68.6%, 73.8%, 66.6%, 86.0%, 68.2%, 73.0%, 66.6%, 71.4%, 75.6%, 77.0%, 57.0%]",,,,
11,parallel,48,48,0.055264443157894735,1.014404122531414,1.021497368812561,0.0001111111111111111,70.56666666666666,"[61.6%, 68.6%, 73.8%, 66.6%, 86.0%, 68.2%, 73.0%, 66.6%, 71.4%, 75.6%, 77.0%, 58.4%]",,,,
11,parallel,49,49,0.053254127368421056,1.111032558977604,1.0718506276607513,0.0001111111111111111,70.3,"[61.6%, 68.6%, 73.8%, 66.6%, 86.0%, 68.2%, 73.0%, 66.6%, 71.4%, 75.6%, 77.0%, 55.2%]",,,,
11,parallel,50,50,0.05156546210526316,1.0146956086158752,1.026475928723812,0.0001111111111111111,70.76666666666667,"[61.6%, 68.6%, 73.8%, 66.6%, 86.0%, 68.2%, 73.0%, 66.6%, 71.4%, 75.6%, 77.0%, 60.8%]",,,,
11,parallel,51,51,0.05019844736842105,0.996837055683136,1.0360279232263565,0.0001111111111111111,70.53333333333333,"[61.6%, 68.6%, 73.8%, 66.6%, 86.0%, 68.2%, 73.0%, 66.6%, 71.4%, 75.6%, 77.0%, 58.0%]",,,,
11,parallel,52,52,0.04915308315789474,0.9295540392398834,1.0285856314003468,0.0001111111111111111,70.71666666666667,"[61.6%, 68.6%, 73.8%, 66.6%, 86.0%, 68.2%, 73.0%, 66.6%, 71.4%, 75.6%, 77.0%, 60.2%]",,,,
11,parallel,53,53,0.04842936947368421,0.9174251720309258,0.9680868610739708,0.0001111111111111111,71.01666666666667,"[61.6%, 68.6%, 73.8%, 66.6%, 86.0%, 68.2%, 73.0%, 66.6%, 71.4%, 75.6%, 77.0%, 63.8%]",,,,
11,parallel,54,54,0.04802730631578948,0.9167419865727424,0.9798750951886177,0.0001111111111111111,70.8,"[61.6%, 68.6%, 73.8%, 66.6%, 86.0%, 68.2%, 73.0%, 66.6%, 71.4%, 75.6%, 77.0%, 61.2%]",,,,
11,parallel,55,55,0.04793684210526316,0.8938831254839897,0.9586647748947144,0.0001111111111111111,70.8,"[61.6%, 68.6%, 73.8%, 66.6%, 86.0%, 68.2%, 73.0%, 66.6%, 71.4%, 75.6%, 77.0%, 61.2%]",,,,
11,weights,1,56,0.04793684210526316,0.8767604991793633,0.960551992058754,0.0001111111111111111,70.86666666666666,"[61.6%, 68.6%, 73.8%, 66.6%, 86.0%, 68.2%, 73.0%, 66.6%, 71.4%, 75.6%, 77.0%, 62.0%]",,,,
11,weights,2,57,0.04793684210526316,0.873506237566471,0.9435195401310921,0.0001111111111111111,71.0,"[61.6%, 68.6%, 73.8%, 66.6%, 86.0%, 68.2%, 73.0%, 66.6%, 71.4%, 75.6%, 77.0%, 63.6%]",,,,
11,weights,3,58,0.04793684210526316,0.8577652245759964,0.9530240073800087,0.0001111111111111111,70.85,"[61.6%, 68.6%, 73.8%, 66.6%, 86.0%, 68.2%, 73.0%, 66.6%, 71.4%, 75.6%, 77.0%, 61.8%]",,,,
11,weights,4,59,0.04793684210526316,0.8392693758010864,0.9434816464781761,0.0001111111111111111,70.96666666666667,"[61.6%, 68.6%, 73.8%, 66.6%, 86.0%, 68.2%, 73.0%, 66.6%, 71.4%, 75.6%, 77.0%, 63.2%]",,,,
11,weights,5,60,0.04793684210526316,0.8633478969335556,0.9870679415762424,0.0001111111111111111,70.91666666666667,"[61.6%, 68.6%, 73.8%, 66.6%, 86.0%, 68.2%, 73.0%, 66.6%, 71.4%, 75.6%, 77.0%, 62.6%]",,,,
11,weights,6,61,0.04793684210526316,0.8459689594805241,0.9421374052762985,0.0001111111111111111,70.95,"[61.6%, 68.6%, 73.8%, 66.6%, 86.0%, 68.2%, 73.0%, 66.6%, 71.4%, 75.6%, 77.0%, 63.0%]",,,,
11,weights,7,62,0.04793684210526316,0.8042390391230583,0.9060705080628395,0.0001111111111111111,71.08333333333333,"[61.6%, 68.6%, 73.8%, 66.6%, 86.0%, 68.2%, 73.0%, 66.6%, 71.4%, 75.6%, 77.0%, 64.6%]",,,,
11,weights,8,63,0.04793684210526316,0.7685128264129162,0.9023762866854668,0.0001111111111111111,71.05,"[61.6%, 68.6%, 73.8%, 66.6%, 86.0%, 68.2%, 73.0%, 66.6%, 71.4%, 75.6%, 77.0%, 64.2%]",,,,
11,weights,9,64,0.04793684210526316,0.8037350431084633,0.9075465351343155,0.0001111111111111111,71.06666666666666,"[61.6%, 68.6%, 73.8%, 66.6%, 86.0%, 68.2%, 73.0%, 66.6%, 71.4%, 75.6%, 77.0%, 64.4%]",,,,
11,weights,10,65,0.04793684210526316,0.7925329253077507,0.9023092538118362,0.0001111111111111111,71.13333333333334,"[61.6%, 68.6%, 73.8%, 66.6%, 86.0%, 68.2%, 73.0%, 66.6%, 71.4%, 75.6%, 77.0%, 65.2%]",,,,
11,weights,11,66,0.04793684210526316,0.7726226687431336,0.9150902479887009,0.0001111111111111111,71.05,"[61.6%, 68.6%, 73.8%, 66.6%, 86.0%, 68.2%, 73.0%, 66.6%, 71.4%, 75.6%, 77.0%, 64.2%]",,,,
11,weights,12,67,0.04793684210526316,0.7814085133373737,0.9282970950007439,0.0001111111111111111,70.93333333333332,"[61.6%, 68.6%, 73.8%, 66.6%, 86.0%, 68.2%, 73.0%, 66.6%, 71.4%, 75.6%, 77.0%, 62.8%]",,,,
11,weights,13,68,0.04793684210526316,0.7555461570620536,0.9382809698581696,0.0001111111111111111,70.95,"[61.6%, 68.6%, 73.8%, 66.6%, 86.0%, 68.2%, 73.0%, 66.6%, 71.4%, 75.6%, 77.0%, 63.0%]",,,,
11,weights,14,69,0.04793684210526316,0.752208236604929,0.8864549323916435,0.0001111111111111111,71.25,"[61.6%, 68.6%, 73.8%, 66.6%, 86.0%, 68.2%, 73.0%, 66.6%, 71.4%, 75.6%, 77.0%, 66.6%]",,,,
11,weights,15,70,0.04793684210526316,0.7554712817072868,0.9016348645091057,0.0001111111111111111,71.05,"[61.6%, 68.6%, 73.8%, 66.6%, 86.0%, 68.2%, 73.0%, 66.6%, 71.4%, 75.6%, 77.0%, 64.2%]",,,,
11,weights,16,71,0.04793684210526316,0.7800242528319359,0.8835361190140247,0.0001111111111111111,71.08333333333333,"[61.6%, 68.6%, 73.8%, 66.6%, 86.0%, 68.2%, 73.0%, 66.6%, 71.4%, 75.6%, 77.0%, 64.6%]",,,,
11,weights,17,72,0.04793684210526316,0.7367127299308777,0.8756220303475857,0.0001111111111111111,71.16666666666667,"[61.6%, 68.6%, 73.8%, 66.6%, 86.0%, 68.2%, 73.0%, 66.6%, 71.4%, 75.6%, 77.0%, 65.6%]",,,,
11,weights,18,73,0.04793684210526316,0.7165012612938881,0.8770010620355606,0.0001111111111111111,71.2,"[61.6%, 68.6%, 73.8%, 66.6%, 86.0%, 68.2%, 73.0%, 66.6%, 71.4%, 75.6%, 77.0%, 66.0%]",,,,
11,weights,19,74,0.04793684210526316,0.7002160005271435,0.8907587230205536,0.0001111111111111111,71.11666666666666,"[61.6%, 68.6%, 73.8%, 66.6%, 86.0%, 68.2%, 73.0%, 66.6%, 71.4%, 75.6%, 77.0%, 65.0%]",,,,
11,weights,20,75,0.04793684210526316,0.712856350839138,0.8940913639962673,0.0001111111111111111,71.03333333333333,"[61.6%, 68.6%, 73.8%, 66.6%, 86.0%, 68.2%, 73.0%, 66.6%, 71.4%, 75.6%, 77.0%, 64.0%]",,,,
11,weights,21,76,0.04793684210526316,0.7211168617010116,0.8729130700230598,0.0001111111111111111,71.13333333333334,"[61.6%, 68.6%, 73.8%, 66.6%, 86.0%, 68.2%, 73.0%, 66.6%, 71.4%, 75.6%, 77.0%, 65.2%]",,,,
11,weights,22,77,0.04793684210526316,0.7271337658166885,0.8551144190132618,0.0001111111111111111,71.3,"[61.6%, 68.6%, 73.8%, 66.6%, 86.0%, 68.2%, 73.0%, 66.6%, 71.4%, 75.6%, 77.0%, 67.2%]",,,,
11,weights,23,78,0.04793684210526316,0.7007123477756977,0.8718545846641064,0.0001111111111111111,71.23333333333333,"[61.6%, 68.6%, 73.8%, 66.6%, 86.0%, 68.2%, 73.0%, 66.6%, 71.4%, 75.6%, 77.0%, 66.4%]",,,,
11,weights,24,79,0.04793684210526316,0.682801621221006,0.863566517829895,0.0001111111111111111,71.26666666666667,"[61.6%, 68.6%, 73.8%, 66.6%, 86.0%, 68.2%, 73.0%, 66.6%, 71.4%, 75.6%, 77.0%, 66.8%]",,,,
11,weights,25,80,0.04793684210526316,0.6747204266488552,0.8343026451766491,0.0001111111111111111,71.41666666666667,"[61.6%, 68.6%, 73.8%, 66.6%, 86.0%, 68.2%, 73.0%, 66.6%, 71.4%, 75.6%, 77.0%, 68.6%]",35.43333333333334,"[0.0%, 17.4%, 29.6%, 9.2%, 86.0%, 44.6%, 64.4%, 16.6%, 50.0%, 51.2%, 24.6%, 31.6%]",51.366666666666674,"[46.4%, 44.2%, 65.0%, 36.6%, 74.8%, 68.2%, 73.0%, 32.6%, 71.4%, 51.2%, 34.4%, 18.6%]"
12,parallel,1,1,0.4,16.335783553123473,8.997504591941833,0.0001111111111111111,65.95384615384614,"[61.4%, 68.6%, 73.8%, 67.0%, 85.8%, 68.2%, 73.0%, 66.6%, 71.4%, 75.8%, 77.0%, 68.8%, 0.0%]",,,,
12,parallel,2,2,0.4,6.619199740886688,4.672415912151337,0.0001111111111111111,66.03076923076922,"[61.8%, 69.0%, 73.8%, 67.2%, 85.8%, 68.0%, 73.0%, 66.6%, 71.4%, 76.0%, 77.0%, 68.8%, 0.0%]",,,,
12,parallel,3,3,0.4,3.3317476749420165,2.2992295622825623,0.0001111111111111111,67.61538461538461,"[61.8%, 69.2%, 73.8%, 67.4%, 85.8%, 68.0%, 73.0%, 66.6%, 71.4%, 76.2%, 77.0%, 68.8%, 20.0%]",,,,
12,parallel,4,4,0.4,1.96419959962368,1.7769516855478287,0.0001111111111111111,67.56923076923077,"[61.4%, 68.8%, 73.8%, 67.4%, 85.8%, 68.0%, 72.8%, 66.6%, 71.4%, 76.4%, 77.2%, 68.8%, 20.0%]",,,,
12,parallel,5,5,0.39647777500000003,1.7620530009269715,1.7107758820056915,0.0001111111111111111,67.55384615384615,"[61.0%, 68.8%, 73.8%, 67.6%, 85.8%, 68.0%, 72.8%, 66.6%, 71.4%, 76.4%, 77.2%, 68.8%, 20.0%]",,,,
12,parallel,6,6,0.38256542763157897,1.8110297054052353,1.7147736996412277,0.0001111111111111111,67.53846153846153,"[60.6%, 68.8%, 73.8%, 67.6%, 85.8%, 68.0%, 72.8%, 66.6%, 71.4%, 76.4%, 77.4%, 68.8%, 20.0%]",,,,
12,parallel,7,7,0.3689355644736842,1.7389709115028382,1.6823225766420364,0.0001111111111111111,67.55384615384615,"[60.8%, 68.8%, 73.8%, 67.6%, 85.8%, 68.0%, 72.8%, 66.6%, 71.4%, 76.4%, 77.4%, 68.8%, 20.0%]",,,,
12,parallel,8,8,0.3555881855263159,1.672853210568428,1.6496413350105286,0.0001111111111111111,67.55384615384615,"[60.8%, 68.8%, 73.8%, 67.6%, 85.8%, 68.0%, 72.8%, 66.6%, 71.4%, 76.4%, 77.4%, 68.8%, 20.0%]",,,,
12,parallel,9,9,0.34252329078947374,1.6513840585947037,1.6318429559469223,0.0001111111111111111,67.55384615384615,"[60.8%, 68.8%, 73.8%, 67.6%, 85.8%, 68.0%, 72.8%, 66.6%, 71.4%, 76.4%, 77.4%, 68.8%, 20.0%]",,,,
12,parallel,10,10,0.3297408802631579,1.583982092142105,1.4815379828214645,0.0001111111111111111,68.64615384615385,"[60.8%, 68.8%, 73.8%, 67.6%, 85.8%, 68.0%, 72.8%, 66.6%, 71.4%, 76.4%, 77.4%, 68.8%, 34.2%]",,,,
12,parallel,11,11,0.31724095394736845,1.3590023905038833,1.2515403479337692,0.0001111111111111111,68.93846153846154,"[60.8%, 68.8%, 73.8%, 67.6%, 85.8%, 68.0%, 72.8%, 66.6%, 71.4%, 76.4%, 77.4%, 68.8%, 38.0%]",,,,
12,parallel,12,12,0.30502351184210524,1.2362393200397492,1.191583838313818,0.0001111111111111111,68.95384615384616,"[60.8%, 68.8%, 73.8%, 67.6%, 85.8%, 68.0%, 72.8%, 66.6%, 71.4%, 76.4%, 77.4%, 68.8%, 38.2%]",,,,
12,parallel,13,13,0.29308855394736844,1.1600781753659248,1.111523874104023,0.0001111111111111111,69.87692307692308,"[60.8%, 68.8%, 73.8%, 67.6%, 85.8%, 68.0%, 72.8%, 66.6%, 71.4%, 76.4%, 77.4%, 68.8%, 50.2%]",,,,
12,parallel,14,14,0.2814360802631579,1.0045525059103966,1.125050712376833,0.0001111111111111111,70.44615384615385,"[60.8%, 68.8%, 73.8%, 67.6%, 85.8%, 68.0%, 72.8%, 66.6%, 71.4%, 76.4%, 77.4%, 68.8%, 57.6%]",,,,
12,parallel,15,15,0.27006609078947375,0.9168919503688813,0.9366316515952349,0.0001111111111111111,70.61538461538461,"[60.8%, 68.8%, 73.8%, 67.6%, 85.8%, 68.0%, 72.8%, 66.6%, 71.4%, 76.4%, 77.4%, 68.8%, 59.8%]",,,,
12,parallel,16,16,0.2589785855263158,0.7953421384096145,0.8533400315791368,0.0001111111111111111,70.87692307692308,"[60.8%, 68.8%, 73.8%, 67.6%, 85.8%, 68.0%, 72.8%, 66.6%, 71.4%, 76.4%, 77.4%, 68.8%, 63.2%]",,,,
12,parallel,17,17,0.24817356447368422,0.7436796963214874,0.7058563455939293,0.0001111111111111111,71.67692307692307,"[60.8%, 68.8%, 73.8%, 67.6%, 85.8%, 68.0%, 72.8%, 66.6%, 71.4%, 76.4%, 77.4%, 68.8%, 73.6%]",,,,
12,parallel,18,18,0.23765102763157894,0.6912834003567696,0.6933804359287024,0.0001111111111111111,71.53846153846153,"[60.8%, 68.8%, 73.8%, 67.6%, 85.8%, 68.0%, 72.8%, 66.6%, 71.4%, 76.4%, 77.4%, 68.8%, 71.8%]",,,,
12,parallel,19,19,0.22741097500000007,0.6326121889054775,0.682349200360477,0.0001111111111111111,71.44615384615385,"[60.8%, 68.8%, 73.8%, 67.6%, 85.8%, 68.0%, 72.8%, 66.6%, 71.4%, 76.4%, 77.4%, 68.8%, 70.6%]",,,,
12,parallel,20,20,0.2174534065789474,0.6351221539080143,0.6540157198905945,0.0001111111111111111,71.63076923076923,"[60.8%, 68.8%, 73.8%, 67.6%, 85.8%, 68.0%, 72.8%, 66.6%, 71.4%, 76.4%, 77.4%, 68.8%, 73.0%]",,,,
12,parallel,21,21,0.2077783223684211,0.5501926727592945,0.6605979353189468,0.0001111111111111111,71.61538461538461,"[60.8%, 68.8%, 73.8%, 67.6%, 85.8%, 68.0%, 72.8%, 66.6%, 71.4%, 76.4%, 77.4%, 68.8%, 72.8%]",,,,
12,parallel,22,22,0.19838572236842109,0.5788087822496891,0.5867304531857371,0.0001111111111111111,71.8153846153846,"[60.8%, 68.8%, 73.8%, 67.6%, 85.8%, 68.0%, 72.8%, 66.6%, 71.4%, 76.4%, 77.4%, 68.8%, 75.4%]",,,,
12,parallel,23,23,0.18927560657894738,0.5164426621049643,0.7848975453525782,0.0001111111111111111,71.53846153846153,"[60.8%, 68.8%, 73.8%, 67.6%, 85.8%, 68.0%, 72.8%, 66.6%, 71.4%, 76.4%, 77.4%, 68.8%, 71.8%]",,,,
12,parallel,24,24,0.180447975,0.5129994012415409,0.6031677257269621,0.0001111111111111111,71.89230769230768,"[60.8%, 68.8%, 73.8%, 67.6%, 85.8%, 68.0%, 72.8%, 66.6%, 71.4%, 76.4%, 77.4%, 68.8%, 76.4%]",,,,
12,parallel,25,25,0.17190282763157896,0.5138767331838607,0.5981190726161003,0.0001111111111111111,71.84615384615384,"[60.8%, 68.8%, 73.8%, 67.6%, 85.8%, 68.0%, 72.8%, 66.6%, 71.4%, 76.4%, 77.4%, 68.8%, 75.8%]",,,,
12,parallel,26,26,0.1636401644736842,0.6269271045923233,0.704200217500329,0.0001111111111111111,71.8153846153846,"[60.8%, 68.8%, 73.8%, 67.6%, 85.8%, 68.0%, 72.8%, 66.6%, 71.4%, 76.4%, 77.4%, 68.8%, 75.4%]",,,,
12,parallel,27,27,0.15565998552631577,0.5581702716648579,0.6500418577343225,0.0001111111111111111,71.83076923076922,"[60.8%, 68.8%, 73.8%, 67.6%, 85.8%, 68.0%, 72.8%, 66.6%, 71.4%, 76.4%, 77.4%, 68.8%, 75.6%]",,,,
12,parallel,28,28,0.14796229078947365,0.5750969097018241,0.6592087475582957,0.0001111111111111111,72.0153846153846,"[60.8%, 68.8%, 73.8%, 67.6%, 85.8%, 68.0%, 72.8%, 66.6%, 71.4%, 76.4%, 77.4%, 68.8%, 78.0%]",,,,
12,parallel,29,29,0.1405470802631579,0.5885059379041195,0.6615904932841659,0.0001111111111111111,71.9076923076923,"[60.8%, 68.8%, 73.8%, 67.6%, 85.8%, 68.0%, 72.8%, 66.6%, 71.4%, 76.4%, 77.4%, 68.8%, 76.6%]",,,,
12,parallel,30,30,0.13341435394736845,0.4886253409087658,0.7632559738121927,0.0001111111111111111,71.73846153846154,"[60.8%, 68.8%, 73.8%, 67.6%, 85.8%, 68.0%, 72.8%, 66.6%, 71.4%, 76.4%, 77.4%, 68.8%, 74.4%]",,,,
12,parallel,31,31,0.12656411184210525,0.5395626112818718,0.7679334105923772,0.0001111111111111111,71.8153846153846,"[60.8%, 68.8%, 73.8%, 67.6%, 85.8%, 68.0%, 72.8%, 66.6%, 71.4%, 76.4%, 77.4%, 68.8%, 75.4%]",,,,
12,parallel,32,32,0.11999635394736842,0.5159600436687469,0.6524374103173614,0.0001111111111111111,71.89230769230768,"[60.8%, 68.8%, 73.8%, 67.6%, 85.8%, 68.0%, 72.8%, 66.6%, 71.4%, 76.4%, 77.4%, 68.8%, 76.4%]",,,,
12,parallel,33,33,0.11371108026315792,0.49995035752654077,0.7415251894854009,0.0001111111111111111,71.66153846153846,"[60.8%, 68.8%, 73.8%, 67.6%, 85.8%, 68.0%, 72.8%, 66.6%, 71.4%, 76.4%, 77.4%, 68.8%, 73.4%]",,,,
12,parallel,34,34,0.10770829078947369,0.62891890630126,0.6435012919828296,0.0001111111111111111,71.8,"[60.8%, 68.8%, 73.8%, 67.6%, 85.8%, 68.0%, 72.8%, 66.6%, 71.4%, 76.4%, 77.4%, 68.8%, 75.2%]",,,,
12,parallel,35,35,0.1019879855263158,0.5779010415077209,0.6437384802848101,0.0001111111111111111,71.87692307692308,"[60.8%, 68.8%, 73.8%, 67.6%, 85.8%, 68.0%, 72.8%, 66.6%, 71.4%, 76.4%, 77.4%, 68.8%, 76.2%]",,,,
12,parallel,36,36,0.09655016447368422,0.548025956004858,0.766254180110991,0.0001111111111111111,71.64615384615385,"[60.8%, 68.8%, 73.8%, 67.6%, 85.8%, 68.0%, 72.8%, 66.6%, 71.4%, 76.4%, 77.4%, 68.8%, 73.2%]",,,,
12,parallel,37,37,0.09139482763157895,0.8077299788594245,0.7667249515652657,0.0001111111111111111,71.35384615384615,"[60.8%, 68.8%, 73.8%, 67.6%, 85.8%, 68.0%, 72.8%, 66.6%, 71.4%, 76.4%, 77.4%, 68.8%, 69.4%]",,,,
12,parallel,38,38,0.086521975,0.6134403891861439,0.6739745624363422,0.0001111111111111111,71.66153846153846,"[60.8%, 68.8%, 73.8%, 67.6%, 85.8%, 68.0%, 72.8%, 66.6%, 71.4%, 76.4%, 77.4%, 68.8%, 73.4%]",,,,
12,parallel,39,39,0.08193160657894735,0.662194873392582,0.7674041092395782,0.0001111111111111111,71.5076923076923,"[60.8%, 68.8%, 73.8%, 67.6%, 85.8%, 68.0%, 72.8%, 66.6%, 71.4%, 76.4%, 77.4%, 68.8%, 71.4%]",,,,
12,parallel,40,40,0.07762372236842106,0.8065322712063789,0.9188434332609177,0.0001111111111111111,71.16923076923077,"[60.8%, 68.8%, 73.8%, 67.6%, 85.8%, 68.0%, 72.8%, 66.6%, 71.4%, 76.4%, 77.4%, 68.8%, 67.0%]",,,,
12,parallel,41,41,0.07359832236842107,0.6927851505577565,0.8185801170766354,0.0001111111111111111,71.36923076923077,"[60.8%, 68.8%, 73.8%, 67.6%, 85.8%, 68.0%, 72.8%, 66.6%, 71.4%, 76.4%, 77.4%, 68.8%, 69.6%]",,,,
12,parallel,42,42,0.06985540657894737,0.7422732681035995,0.7354487106204033,0.0001111111111111111,71.53846153846153,"[60.8%, 68.8%, 73.8%, 67.6%, 85.8%, 68.0%, 72.8%, 66.6%, 71.4%, 76.4%, 77.4%, 68.8%, 71.8%]",,,,
12,parallel,43,43,0.066394975,0.7095164246857166,0.7151000984013081,0.0001111111111111111,71.55384615384615,"[60.8%, 68.8%, 73.8%, 67.6%, 85.8%, 68.0%, 72.8%, 66.6%, 71.4%, 76.4%, 77.4%, 68.8%, 72.0%]",,,,
12,parallel,44,44,0.06321702763157895,0.6236627362668514,0.7428098134696484,0.0001111111111111111,71.67692307692307,"[60.8%, 68.8%, 73.8%, 67.6%, 85.8%, 68.0%, 72.8%, 66.6%, 71.4%, 76.4%, 77.4%, 68.8%, 73.6%]",,,,
12,parallel,45,45,0.06032156447368421,0.8127184316515923,0.8738049529492855,0.0001111111111111111,71.26153846153846,"[60.8%, 68.8%, 73.8%, 67.6%, 85.8%, 68.0%, 72.8%, 66.6%, 71.4%, 76.4%, 77.4%, 68.8%, 68.2%]",,,,
12,parallel,46,46,0.0577085855263158,0.7166614413261414,0.8698616065084934,0.0001111111111111111,71.24615384615385,"[60.8%, 68.8%, 73.8%, 67.6%, 85.8%, 68.0%, 72.8%, 66.6%, 71.4%, 76.4%, 77.4%, 68.8%, 68.0%]",,,,
12,parallel,47,47,0.05537809078947369,0.6669474504888058,0.7428241744637489,0.0001111111111111111,71.56923076923077,"[60.8%, 68.8%, 73.8%, 67.6%, 85.8%, 68.0%, 72.8%, 66.6%, 71.4%, 76.4%, 77.4%, 68.8%, 72.2%]",,,,
12,parallel,48,48,0.0533300802631579,0.7814521845430136,0.9428808391094208,0.0001111111111111111,71.07692307692307,"[60.8%, 68.8%, 73.8%, 67.6%, 85.8%, 68.0%, 72.8%, 66.6%, 71.4%, 76.4%, 77.4%, 68.8%, 65.8%]",,,,
12,parallel,49,49,0.051564553947368426,0.6645143337547779,0.7339766435325146,0.0001111111111111111,71.52307692307691,"[60.8%, 68.8%, 73.8%, 67.6%, 85.8%, 68.0%, 72.8%, 66.6%, 71.4%, 76.4%, 77.4%, 68.8%, 71.6%]",,,,
12,parallel,50,50,0.05008151184210526,0.6905629068613053,0.8450490571558475,0.0001111111111111111,71.30769230769229,"[60.8%, 68.8%, 73.8%, 67.6%, 85.8%, 68.0%, 72.8%, 66.6%, 71.4%, 76.4%, 77.4%, 68.8%, 68.8%]",,,,
12,parallel,51,51,0.048880953947368425,0.6386316835880279,0.7297966908663511,0.0001111111111111111,71.63076923076923,"[60.8%, 68.8%, 73.8%, 67.6%, 85.8%, 68.0%, 72.8%, 66.6%, 71.4%, 76.4%, 77.4%, 68.8%, 73.0%]",,,,
12,parallel,52,52,0.0479628802631579,0.6269814573228359,0.777131799608469,0.0001111111111111111,71.5076923076923,"[60.8%, 68.8%, 73.8%, 67.6%, 85.8%, 68.0%, 72.8%, 66.6%, 71.4%, 76.4%, 77.4%, 68.8%, 71.4%]",,,,
12,parallel,53,53,0.04732729078947369,0.6088520953431725,0.6844109240919352,0.0001111111111111111,71.69230769230768,"[60.8%, 68.8%, 73.8%, 67.6%, 85.8%, 68.0%, 72.8%, 66.6%, 71.4%, 76.4%, 77.4%, 68.8%, 73.8%]",,,,
12,parallel,54,54,0.04697418552631579,0.5518012963235378,0.7181612700223923,0.0001111111111111111,71.55384615384615,"[60.8%, 68.8%, 73.8%, 67.6%, 85.8%, 68.0%, 72.8%, 66.6%, 71.4%, 76.4%, 77.4%, 68.8%, 72.0%]",,,,
12,parallel,55,55,0.04689473684210527,0.55839070007205,0.7027630619704723,0.0001111111111111111,71.6,"[60.8%, 68.8%, 73.8%, 67.6%, 85.8%, 68.0%, 72.8%, 66.6%, 71.4%, 76.4%, 77.4%, 68.8%, 72.6%]",,,,
12,weights,1,56,0.04689473684210527,0.5445728987455368,0.6771567352116108,0.0001111111111111111,71.72307692307692,"[60.8%, 68.8%, 73.8%, 67.6%, 85.8%, 68.0%, 72.8%, 66.6%, 71.4%, 76.4%, 77.4%, 68.8%, 74.2%]",,,,
12,weights,2,57,0.04689473684210527,0.5428803011775016,0.7290170602500439,0.0001111111111111111,71.76923076923076,"[60.8%, 68.8%, 73.8%, 67.6%, 85.8%, 68.0%, 72.8%, 66.6%, 71.4%, 76.4%, 77.4%, 68.8%, 74.8%]",,,,
12,weights,3,58,0.04689473684210527,0.5477646887302399,0.7048013918101788,0.0001111111111111111,71.75384615384615,"[60.8%, 68.8%, 73.8%, 67.6%, 85.8%, 68.0%, 72.8%, 66.6%, 71.4%, 76.4%, 77.4%, 68.8%, 74.6%]",,,,
12,weights,4,59,0.04689473684210527,0.5450230196118355,0.742623901925981,0.0001111111111111111,71.75384615384615,"[60.8%, 68.8%, 73.8%, 67.6%, 85.8%, 68.0%, 72.8%, 66.6%, 71.4%, 76.4%, 77.4%, 68.8%, 74.6%]",,,,
12,weights,5,60,0.04689473684210527,0.5358288787305355,0.7090666275471449,0.0001111111111111111,71.6,"[60.8%, 68.8%, 73.8%, 67.6%, 85.8%, 68.0%, 72.8%, 66.6%, 71.4%, 76.4%, 77.4%, 68.8%, 72.6%]",,,,
12,weights,6,61,0.04689473684210527,0.5196851775050163,0.7288424279540777,0.0001111111111111111,71.66153846153846,"[60.8%, 68.8%, 73.8%, 67.6%, 85.8%, 68.0%, 72.8%, 66.6%, 71.4%, 76.4%, 77.4%, 68.8%, 73.4%]",,,,
12,weights,7,62,0.04689473684210527,0.4929928854107857,0.6418953165411949,0.0001111111111111111,71.92307692307692,"[60.8%, 68.8%, 73.8%, 67.6%, 85.8%, 68.0%, 72.8%, 66.6%, 71.4%, 76.4%, 77.4%, 68.8%, 76.8%]",,,,
12,weights,8,63,0.04689473684210527,0.5031344003975391,0.6618282049894333,0.0001111111111111111,71.8153846153846,"[60.8%, 68.8%, 73.8%, 67.6%, 85.8%, 68.0%, 72.8%, 66.6%, 71.4%, 76.4%, 77.4%, 68.8%, 75.4%]",,,,
12,weights,9,64,0.04689473684210527,0.4667142853140831,0.6688341312110424,0.0001111111111111111,71.83076923076922,"[60.8%, 68.8%, 73.8%, 67.6%, 85.8%, 68.0%, 72.8%, 66.6%, 71.4%, 76.4%, 77.4%, 68.8%, 75.6%]",,,,
12,weights,10,65,0.04689473684210527,0.4581288732588291,0.6217253375798464,0.0001111111111111111,71.8153846153846,"[60.8%, 68.8%, 73.8%, 67.6%, 85.8%, 68.0%, 72.8%, 66.6%, 71.4%, 76.4%, 77.4%, 68.8%, 75.4%]",,,,
12,weights,11,66,0.04689473684210527,0.4897740468382835,0.6162802260369062,0.0001111111111111111,71.93846153846154,"[60.8%, 68.8%, 73.8%, 67.6%, 85.8%, 68.0%, 72.8%, 66.6%, 71.4%, 76.4%, 77.4%, 68.8%, 77.0%]",,,,
12,weights,12,67,0.04689473684210527,0.4729217603802681,0.6238396428525448,0.0001111111111111111,71.9076923076923,"[60.8%, 68.8%, 73.8%, 67.6%, 85.8%, 68.0%, 72.8%, 66.6%, 71.4%, 76.4%, 77.4%, 68.8%, 76.6%]",,,,
12,weights,13,68,0.04689473684210527,0.4872063145041466,0.6160444160923362,0.0001111111111111111,71.89230769230768,"[60.8%, 68.8%, 73.8%, 67.6%, 85.8%, 68.0%, 72.8%, 66.6%, 71.4%, 76.4%, 77.4%, 68.8%, 76.4%]",,,,
12,weights,14,69,0.04689473684210527,0.4760636568069458,0.6227597231045365,0.0001111111111111111,71.89230769230768,"[60.8%, 68.8%, 73.8%, 67.6%, 85.8%, 68.0%, 72.8%, 66.6%, 71.4%, 76.4%, 77.4%, 68.8%, 76.4%]",,,,
12,weights,15,70,0.04689473684210527,0.4839177545160055,0.6092226430773735,0.0001111111111111111,71.93846153846154,"[60.8%, 68.8%, 73.8%, 67.6%, 85.8%, 68.0%, 72.8%, 66.6%, 71.4%, 76.4%, 77.4%, 68.8%, 77.0%]",,,,
12,weights,16,71,0.04689473684210527,0.4497808001935482,0.5741817876696587,0.0001111111111111111,72.03076923076922,"[60.8%, 68.8%, 73.8%, 67.6%, 85.8%, 68.0%, 72.8%, 66.6%, 71.4%, 76.4%, 77.4%, 68.8%, 78.2%]",,,,
12,weights,17,72,0.04689473684210527,0.4697072088718414,0.574692559428513,0.0001111111111111111,71.95384615384616,"[60.8%, 68.8%, 73.8%, 67.6%, 85.8%, 68.0%, 72.8%, 66.6%, 71.4%, 76.4%, 77.4%, 68.8%, 77.2%]",,,,
12,weights,18,73,0.04689473684210527,0.4610060080885887,0.5695910574868321,0.0001111111111111111,72.1076923076923,"[60.8%, 68.8%, 73.8%, 67.6%, 85.8%, 68.0%, 72.8%, 66.6%, 71.4%, 76.4%, 77.4%, 68.8%, 79.2%]",,,,
12,weights,19,74,0.04689473684210527,0.442746689543128,0.6352422134950757,0.0001111111111111111,71.93846153846154,"[60.8%, 68.8%, 73.8%, 67.6%, 85.8%, 68.0%, 72.8%, 66.6%, 71.4%, 76.4%, 77.4%, 68.8%, 77.0%]",,,,
12,weights,20,75,0.04689473684210527,0.43788143396377566,0.6197724882513285,0.0001111111111111111,71.95384615384616,"[60.8%, 68.8%, 73.8%, 67.6%, 85.8%, 68.0%, 72.8%, 66.6%, 71.4%, 76.4%, 77.4%, 68.8%, 77.2%]",,,,
12,weights,21,76,0.04689473684210527,0.41706337183713915,0.6002841396257281,0.0001111111111111111,72.06153846153846,"[60.8%, 68.8%, 73.8%, 67.6%, 85.8%, 68.0%, 72.8%, 66.6%, 71.4%, 76.4%, 77.4%, 68.8%, 78.6%]",,,,
12,weights,22,77,0.04689473684210527,0.41674828343093395,0.6219661943614483,0.0001111111111111111,71.93846153846154,"[60.8%, 68.8%, 73.8%, 67.6%, 85.8%, 68.0%, 72.8%, 66.6%, 71.4%, 76.4%, 77.4%, 68.8%, 77.0%]",,,,
12,weights,23,78,0.04689473684210527,0.41663997508585454,0.6213001245632768,0.0001111111111111111,71.95384615384616,"[60.8%, 68.8%, 73.8%, 67.6%, 85.8%, 68.0%, 72.8%, 66.6%, 71.4%, 76.4%, 77.4%, 68.8%, 77.2%]",,,,
12,weights,24,79,0.04689473684210527,0.4037559550255537,0.6353814769536257,0.0001111111111111111,71.9076923076923,"[60.8%, 68.8%, 73.8%, 67.6%, 85.8%, 68.0%, 72.8%, 66.6%, 71.4%, 76.4%, 77.4%, 68.8%, 76.6%]",,,,
12,weights,25,80,0.04689473684210527,0.4026497232029215,0.5748360101133585,0.0001111111111111111,71.95384615384616,"[60.8%, 68.8%, 73.8%, 67.6%, 85.8%, 68.0%, 72.8%, 66.6%, 71.4%, 76.4%, 77.4%, 68.8%, 77.2%]",37.06153846153847,"[0.0%, 17.4%, 29.6%, 9.4%, 85.8%, 36.0%, 72.8%, 16.6%, 50.0%, 51.8%, 24.6%, 31.6%, 56.2%]",49.630769230769246,"[46.4%, 53.4%, 55.0%, 28.4%, 75.6%, 68.0%, 63.6%, 32.6%, 71.4%, 41.4%, 34.6%, 18.6%, 56.2%]"
13,parallel,1,1,0.35,15.542359542846679,9.05333137512207,0.0001111111111111111,66.85714285714285,"[60.4%, 69.0%, 73.8%, 67.6%, 86.0%, 68.2%, 72.8%, 66.8%, 71.8%, 76.4%, 77.4%, 68.6%, 77.2%, 0.0%]",,,,
13,parallel,2,2,0.35,7.041358995437622,5.274325370788574,0.0001111111111111111,66.82857142857144,"[60.6%, 68.8%, 74.0%, 67.6%, 86.0%, 68.2%, 72.8%, 66.4%, 71.8%, 76.4%, 77.2%, 68.6%, 77.2%, 0.0%]",,,,
13,parallel,3,3,0.35,3.918065130710602,2.7396815717220306,0.0001111111111111111,66.82857142857144,"[60.6%, 68.8%, 74.2%, 67.6%, 86.2%, 68.2%, 72.8%, 66.2%, 71.6%, 76.4%, 77.2%, 68.6%, 77.2%, 0.0%]",,,,
13,parallel,4,4,0.35,2.1795237392187117,1.8512903451919556,0.0001111111111111111,68.21428571428571,"[60.6%, 68.6%, 74.4%, 67.4%, 86.2%, 68.2%, 72.8%, 66.2%, 71.6%, 76.4%, 76.8%, 68.6%, 77.2%, 20.0%]",,,,
13,parallel,5,5,0.34696613,1.7950457751750946,1.7268794029951096,0.0001111111111111111,68.27142857142857,"[60.6%, 69.0%, 74.2%, 67.4%, 86.4%, 68.2%, 72.8%, 66.4%, 71.6%, 76.6%, 76.8%, 68.6%, 77.2%, 20.0%]",,,,
13,parallel,6,6,0.3349827236842105,1.8555050820112229,1.7491357624530792,0.0001111111111111111,68.27142857142857,"[60.6%, 69.0%, 74.2%, 67.4%, 86.4%, 68.2%, 72.8%, 66.4%, 71.6%, 76.6%, 76.8%, 68.6%, 77.2%, 20.0%]",,,,
13,parallel,7,7,0.3232426352631579,1.831473183631897,1.7202456146478653,0.0001111111111111111,68.25714285714285,"[60.6%, 68.8%, 74.2%, 67.4%, 86.4%, 68.2%, 72.8%, 66.4%, 71.6%, 76.6%, 76.8%, 68.6%, 77.2%, 20.0%]",,,,
13,parallel,8,8,0.3117458647368421,1.7256235152482986,1.6832648366689682,0.0001111111111111111,68.25714285714285,"[60.6%, 68.8%, 74.2%, 67.4%, 86.4%, 68.2%, 72.8%, 66.4%, 71.6%, 76.6%, 76.8%, 68.6%, 77.2%, 20.0%]",,,,
13,parallel,9,9,0.3004924121052632,1.7117113143205642,1.675457015633583,0.0001111111111111111,68.25714285714285,"[60.6%, 68.8%, 74.2%, 67.4%, 86.4%, 68.2%, 72.8%, 66.4%, 71.6%, 76.6%, 76.8%, 68.6%, 77.2%, 20.0%]",,,,
13,parallel,10,10,0.289482277368421,1.7005641967058183,1.6717893928289413,0.0001111111111111111,68.25714285714285,"[60.6%, 68.8%, 74.2%, 67.4%, 86.4%, 68.2%, 72.8%, 66.4%, 71.6%, 76.6%, 76.8%, 68.6%, 77.2%, 20.0%]",,,,
13,parallel,11,11,0.2787154605263158,1.6541190326213837,1.617931291460991,0.0001111111111111111,69.0,"[60.6%, 68.8%, 74.2%, 67.4%, 86.4%, 68.2%, 72.8%, 66.4%, 71.6%, 76.6%, 76.8%, 68.6%, 77.2%, 30.4%]",,,,
13,parallel,12,12,0.2681919615789473,1.5321270823478699,1.4728658720850945,0.0001111111111111111,69.45714285714286,"[60.6%, 68.8%, 74.2%, 67.4%, 86.4%, 68.2%, 72.8%, 66.4%, 71.6%, 76.6%, 76.8%, 68.6%, 77.2%, 36.8%]",,,,
13,parallel,13,13,0.2579117805263158,1.382042182981968,1.3042747154831886,0.0001111111111111111,70.1,"[60.6%, 68.8%, 74.2%, 67.4%, 86.4%, 68.2%, 72.8%, 66.4%, 71.6%, 76.6%, 76.8%, 68.6%, 77.2%, 45.8%]",,,,
13,parallel,14,14,0.24787491736842102,1.338987547159195,1.2294610068202019,0.0001111111111111111,70.17142857142856,"[60.6%, 68.8%, 74.2%, 67.4%, 86.4%, 68.2%, 72.8%, 66.4%, 71.6%, 76.6%, 76.8%, 68.6%, 77.2%, 46.8%]",,,,
13,parallel,15,15,0.23808137210526317,1.1722736001014709,1.1019693613052368,0.0001111111111111111,70.42857142857143,"[60.6%, 68.8%, 74.2%, 67.4%, 86.4%, 68.2%, 72.8%, 66.4%, 71.6%, 76.6%, 76.8%, 68.6%, 77.2%, 50.4%]",,,,
13,parallel,16,16,0.2285311447368421,1.0651080936193467,1.0230625122785568,0.0001111111111111111,70.62857142857143,"[60.6%, 68.8%, 74.2%, 67.4%, 86.4%, 68.2%, 72.8%, 66.4%, 71.6%, 76.6%, 76.8%, 68.6%, 77.2%, 53.2%]",,,,
13,parallel,17,17,0.21922423526315787,1.0298974350094796,0.961903527379036,0.0001111111111111111,70.88571428571429,"[60.6%, 68.8%, 74.2%, 67.4%, 86.4%, 68.2%, 72.8%, 66.4%, 71.6%, 76.6%, 76.8%, 68.6%, 77.2%, 56.8%]",,,,
13,parallel,18,18,0.2101606436842105,0.9464269317686558,0.9442445337772369,0.0001111111111111111,71.11428571428571,"[60.6%, 68.8%, 74.2%, 67.4%, 86.4%, 68.2%, 72.8%, 66.4%, 71.6%, 76.6%, 76.8%, 68.6%, 77.2%, 60.0%]",,,,
13,parallel,19,19,0.20134037000000005,0.9326391637325286,0.9069132953882217,0.0001111111111111111,71.22857142857143,"[60.6%, 68.8%, 74.2%, 67.4%, 86.4%, 68.2%, 72.8%, 66.4%, 71.6%, 76.6%, 76.8%, 68.6%, 77.2%, 61.6%]",,,,
13,parallel,20,20,0.19276341421052634,0.9168272122740746,0.9000690244138241,0.0001111111111111111,71.38571428571429,"[60.6%, 68.8%, 74.2%, 67.4%, 86.4%, 68.2%, 72.8%, 66.4%, 71.6%, 76.6%, 76.8%, 68.6%, 77.2%, 63.8%]",,,,
13,parallel,21,21,0.18442977631578947,0.9323503740131855,0.8115824833512306,0.0001111111111111111,71.65714285714286,"[60.6%, 68.8%, 74.2%, 67.4%, 86.4%, 68.2%, 72.8%, 66.4%, 71.6%, 76.6%, 76.8%, 68.6%, 77.2%, 67.6%]",,,,
13,parallel,22,22,0.17633945631578948,0.8055595383048058,0.7663196548819542,0.0001111111111111111,71.81428571428572,"[60.6%, 68.8%, 74.2%, 67.4%, 86.4%, 68.2%, 72.8%, 66.4%, 71.6%, 76.6%, 76.8%, 68.6%, 77.2%, 69.8%]",,,,
13,parallel,23,23,0.1684924542105263,0.8380614183843136,0.8008543290197849,0.0001111111111111111,71.8,"[60.6%, 68.8%, 74.2%, 67.4%, 86.4%, 68.2%, 72.8%, 66.4%, 71.6%, 76.6%, 76.8%, 68.6%, 77.2%, 69.6%]",,,,
13,parallel,24,24,0.16088877,0.7763785943388939,0.7095796689391136,0.0001111111111111111,72.11428571428571,"[60.6%, 68.8%, 74.2%, 67.4%, 86.4%, 68.2%, 72.8%, 66.4%, 71.6%, 76.6%, 76.8%, 68.6%, 77.2%, 74.0%]",,,,
13,parallel,25,25,0.1535284036842105,0.8188186168670655,0.7254810947924852,0.0001111111111111111,72.01428571428572,"[60.6%, 68.8%, 74.2%, 67.4%, 86.4%, 68.2%, 72.8%, 66.4%, 71.6%, 76.6%, 76.8%, 68.6%, 77.2%, 72.6%]",,,,
13,parallel,26,26,0.14641135526315785,0.7748828157782555,0.7366737611591816,0.0001111111111111111,71.91428571428573,"[60.6%, 68.8%, 74.2%, 67.4%, 86.4%, 68.2%, 72.8%, 66.4%, 71.6%, 76.6%, 76.8%, 68.6%, 77.2%, 71.2%]",,,,
13,parallel,27,27,0.13953762473684206,0.8657314345240593,0.7604133076965809,0.0001111111111111111,71.84285714285714,"[60.6%, 68.8%, 74.2%, 67.4%, 86.4%, 68.2%, 72.8%, 66.4%, 71.6%, 76.6%, 76.8%, 68.6%, 77.2%, 70.2%]",,,,
13,parallel,28,28,0.13290721210526313,0.7810023471713066,0.7177309915423393,0.0001111111111111111,71.9857142857143,"[60.6%, 68.8%, 74.2%, 67.4%, 86.4%, 68.2%, 72.8%, 66.4%, 71.6%, 76.6%, 76.8%, 68.6%, 77.2%, 72.2%]",,,,
13,parallel,29,29,0.12652011736842106,0.7109698206186295,0.693610493093729,0.0001111111111111111,72.04285714285714,"[60.6%, 68.8%, 74.2%, 67.4%, 86.4%, 68.2%, 72.8%, 66.4%, 71.6%, 76.6%, 76.8%, 68.6%, 77.2%, 73.0%]",,,,
13,parallel,30,30,0.12037634052631578,0.7539861604571343,0.7269078250974417,0.0001111111111111111,72.04285714285714,"[60.6%, 68.8%, 74.2%, 67.4%, 86.4%, 68.2%, 72.8%, 66.4%, 71.6%, 76.6%, 76.8%, 68.6%, 77.2%, 73.0%]",,,,
13,parallel,31,31,0.11447588157894736,0.839869038015604,0.7787291370332241,0.0001111111111111111,71.97142857142858,"[60.6%, 68.8%, 74.2%, 67.4%, 86.4%, 68.2%, 72.8%, 66.4%, 71.6%, 76.6%, 76.8%, 68.6%, 77.2%, 72.0%]",,,,
13,parallel,32,32,0.10881874052631577,0.8321971833705902,0.7481986619532108,0.0001111111111111111,71.95714285714286,"[60.6%, 68.8%, 74.2%, 67.4%, 86.4%, 68.2%, 72.8%, 66.4%, 71.6%, 76.6%, 76.8%, 68.6%, 77.2%, 71.8%]",,,,
13,parallel,33,33,0.10340491736842106,0.723911988735199,0.7412650249898434,0.0001111111111111111,71.94285714285715,"[60.6%, 68.8%, 74.2%, 67.4%, 86.4%, 68.2%, 72.8%, 66.4%, 71.6%, 76.6%, 76.8%, 68.6%, 77.2%, 71.6%]",,,,
13,parallel,34,34,0.09823441210526315,0.79236049503088,0.7576676085591316,0.0001111111111111111,71.87142857142858,"[60.6%, 68.8%, 74.2%, 67.4%, 86.4%, 68.2%, 72.8%, 66.4%, 71.6%, 76.6%, 76.8%, 68.6%, 77.2%, 70.6%]",,,,
13,parallel,35,35,0.09330722473684211,0.8954553917050362,0.7902732081711292,0.0001111111111111111,71.91428571428573,"[60.6%, 68.8%, 74.2%, 67.4%, 86.4%, 68.2%, 72.8%, 66.4%, 71.6%, 76.6%, 76.8%, 68.6%, 77.2%, 71.2%]",,,,
13,parallel,36,36,0.0886233552631579,0.7922146305441856,0.7765495218336582,0.0001111111111111111,71.95714285714286,"[60.6%, 68.8%, 74.2%, 67.4%, 86.4%, 68.2%, 72.8%, 66.4%, 71.6%, 76.6%, 76.8%, 68.6%, 77.2%, 71.8%]",,,,
13,parallel,37,37,0.08418280368421052,0.824301066249609,0.7450063731521368,0.0001111111111111111,71.9,"[60.6%, 68.8%, 74.2%, 67.4%, 86.4%, 68.2%, 72.8%, 66.4%, 71.6%, 76.6%, 76.8%, 68.6%, 77.2%, 71.0%]",,,,
13,parallel,38,38,0.07998556999999999,0.765771110355854,0.7238213140517473,0.0001111111111111111,71.9,"[60.6%, 68.8%, 74.2%, 67.4%, 86.4%, 68.2%, 72.8%, 66.4%, 71.6%, 76.6%, 76.8%, 68.6%, 77.2%, 71.0%]",,,,
13,parallel,39,39,0.0760316542105263,1.0110906213521957,0.8894342668354511,0.0001111111111111111,71.3,"[60.6%, 68.8%, 74.2%, 67.4%, 86.4%, 68.2%, 72.8%, 66.4%, 71.6%, 76.6%, 76.8%, 68.6%, 77.2%, 62.6%]",,,,
13,parallel,40,40,0.07232105631578947,0.8919474769383668,0.8605440594255924,0.0001111111111111111,71.41428571428573,"[60.6%, 68.8%, 74.2%, 67.4%, 86.4%, 68.2%, 72.8%, 66.4%, 71.6%, 76.6%, 76.8%, 68.6%, 77.2%, 64.2%]",,,,
13,parallel,41,41,0.06885377631578947,0.861234375834465,0.8873662017285824,0.0001111111111111111,71.34285714285714,"[60.6%, 68.8%, 74.2%, 67.4%, 86.4%, 68.2%, 72.8%, 66.4%, 71.6%, 76.6%, 76.8%, 68.6%, 77.2%, 63.2%]",,,,
13,parallel,42,42,0.06562981421052631,0.8150237694382667,0.7856285348534584,0.0001111111111111111,71.72857142857143,"[60.6%, 68.8%, 74.2%, 67.4%, 86.4%, 68.2%, 72.8%, 66.4%, 71.6%, 76.6%, 76.8%, 68.6%, 77.2%, 68.6%]",,,,
13,parallel,43,43,0.06264917,0.7886531509459018,0.7654225528240204,0.0001111111111111111,71.74285714285715,"[60.6%, 68.8%, 74.2%, 67.4%, 86.4%, 68.2%, 72.8%, 66.4%, 71.6%, 76.6%, 76.8%, 68.6%, 77.2%, 68.8%]",,,,
13,parallel,44,44,0.05991184368421052,0.938328318297863,0.7914662323892117,0.0001111111111111111,71.67142857142856,"[60.6%, 68.8%, 74.2%, 67.4%, 86.4%, 68.2%, 72.8%, 66.4%, 71.6%, 76.6%, 76.8%, 68.6%, 77.2%, 67.8%]",,,,
13,parallel,45,45,0.057417835263157885,0.8506207346916199,0.7801850885152817,0.0001111111111111111,71.78571428571429,"[60.6%, 68.8%, 74.2%, 67.4%, 86.4%, 68.2%, 72.8%, 66.4%, 71.6%, 76.6%, 76.8%, 68.6%, 77.2%, 69.4%]",,,,
13,parallel,46,46,0.05516714473684211,0.7972840145230293,0.7738786190748215,0.0001111111111111111,71.74285714285715,"[60.6%, 68.8%, 74.2%, 67.4%, 86.4%, 68.2%, 72.8%, 66.4%, 71.6%, 76.6%, 76.8%, 68.6%, 77.2%, 68.8%]",,,,
13,parallel,47,47,0.05315977210526316,0.9312448590993881,0.7986982241272926,0.0001111111111111111,71.9,"[60.6%, 68.8%, 74.2%, 67.4%, 86.4%, 68.2%, 72.8%, 66.4%, 71.6%, 76.6%, 76.8%, 68.6%, 77.2%, 71.0%]",,,,
13,parallel,48,48,0.05139571736842105,0.8493091806769371,0.7759398929774761,0.0001111111111111111,71.81428571428572,"[60.6%, 68.8%, 74.2%, 67.4%, 86.4%, 68.2%, 72.8%, 66.4%, 71.6%, 76.6%, 76.8%, 68.6%, 77.2%, 69.8%]",,,,
13,parallel,49,49,0.04987498052631579,0.8104761302471161,0.7954935431480408,0.0001111111111111111,71.88571428571429,"[60.6%, 68.8%, 74.2%, 67.4%, 86.4%, 68.2%, 72.8%, 66.4%, 71.6%, 76.6%, 76.8%, 68.6%, 77.2%, 70.8%]",,,,
13,parallel,50,50,0.04859756157894737,0.8083885326981545,0.7747588977217674,0.0001111111111111111,71.85714285714286,"[60.6%, 68.8%, 74.2%, 67.4%, 86.4%, 68.2%, 72.8%, 66.4%, 71.6%, 76.6%, 76.8%, 68.6%, 77.2%, 70.4%]",,,,
13,parallel,51,51,0.047563460526315784,0.7667916774749756,0.7577298283576965,0.0001111111111111111,71.81428571428572,"[60.6%, 68.8%, 74.2%, 67.4%, 86.4%, 68.2%, 72.8%, 66.4%, 71.6%, 76.6%, 76.8%, 68.6%, 77.2%, 69.8%]",,,,
13,parallel,52,52,0.046772677368421056,1.0350317761301995,0.9650097638368607,0.0001111111111111111,71.1,"[60.6%, 68.8%, 74.2%, 67.4%, 86.4%, 68.2%, 72.8%, 66.4%, 71.6%, 76.6%, 76.8%, 68.6%, 77.2%, 59.8%]",,,,
13,parallel,53,53,0.046225212105263154,0.9521321199834347,0.8708636462688446,0.0001111111111111111,71.4,"[60.6%, 68.8%, 74.2%, 67.4%, 86.4%, 68.2%, 72.8%, 66.4%, 71.6%, 76.6%, 76.8%, 68.6%, 77.2%, 64.0%]",,,,
13,parallel,54,54,0.045921064736842106,0.9285340145230293,0.8532044030725956,0.0001111111111111111,71.24285714285715,"[60.6%, 68.8%, 74.2%, 67.4%, 86.4%, 68.2%, 72.8%, 66.4%, 71.6%, 76.6%, 76.8%, 68.6%, 77.2%, 61.8%]",,,,
13,parallel,55,55,0.04585263157894737,0.8880800008773804,0.8184385374188423,0.0001111111111111111,71.55714285714286,"[60.6%, 68.8%, 74.2%, 67.4%, 86.4%, 68.2%, 72.8%, 66.4%, 71.6%, 76.6%, 76.8%, 68.6%, 77.2%, 66.2%]",,,,
13,weights,1,56,0.04585263157894737,0.8350302256643772,0.8199207652360201,0.0001111111111111111,71.64285714285714,"[60.6%, 68.8%, 74.2%, 67.4%, 86.4%, 68.2%, 72.8%, 66.4%, 71.6%, 76.6%, 76.8%, 68.6%, 77.2%, 67.4%]",,,,
13,weights,2,57,0.04585263157894737,0.8323858484625817,0.7954544574022293,0.0001111111111111111,71.62857142857143,"[60.6%, 68.8%, 74.2%, 67.4%, 86.4%, 68.2%, 72.8%, 66.4%, 71.6%, 76.6%, 76.8%, 68.6%, 77.2%, 67.2%]",,,,
13,weights,3,58,0.04585263157894737,0.80521230250597,0.7798060849308968,0.0001111111111111111,71.64285714285714,"[60.6%, 68.8%, 74.2%, 67.4%, 86.4%, 68.2%, 72.8%, 66.4%, 71.6%, 76.6%, 76.8%, 68.6%, 77.2%, 67.4%]",,,,
13,weights,4,59,0.04585263157894737,0.8053176179528236,0.79338738322258,0.0001111111111111111,71.65714285714286,"[60.6%, 68.8%, 74.2%, 67.4%, 86.4%, 68.2%, 72.8%, 66.4%, 71.6%, 76.6%, 76.8%, 68.6%, 77.2%, 67.6%]",,,,
13,weights,5,60,0.04585263157894737,0.8046437919139862,0.798603679984808,0.0001111111111111111,71.67142857142856,"[60.6%, 68.8%, 74.2%, 67.4%, 86.4%, 68.2%, 72.8%, 66.4%, 71.6%, 76.6%, 76.8%, 68.6%, 77.2%, 67.8%]",,,,
13,weights,6,61,0.04585263157894737,0.7914159899577499,0.7906144075095654,0.0001111111111111111,71.61428571428571,"[60.6%, 68.8%, 74.2%, 67.4%, 86.4%, 68.2%, 72.8%, 66.4%, 71.6%, 76.6%, 76.8%, 68.6%, 77.2%, 67.0%]",,,,
13,weights,7,62,0.04585263157894737,0.7874979600310326,0.7662347853183746,0.0001111111111111111,71.64285714285714,"[60.6%, 68.8%, 74.2%, 67.4%, 86.4%, 68.2%, 72.8%, 66.4%, 71.6%, 76.6%, 76.8%, 68.6%, 77.2%, 67.4%]",,,,
13,weights,8,63,0.04585263157894737,0.7731027826666832,0.7694999016821384,0.0001111111111111111,71.71428571428571,"[60.6%, 68.8%, 74.2%, 67.4%, 86.4%, 68.2%, 72.8%, 66.4%, 71.6%, 76.6%, 76.8%, 68.6%, 77.2%, 68.4%]",,,,
13,weights,9,64,0.04585263157894737,0.7653905600309372,0.7542244270443916,0.0001111111111111111,71.68571428571428,"[60.6%, 68.8%, 74.2%, 67.4%, 86.4%, 68.2%, 72.8%, 66.4%, 71.6%, 76.6%, 76.8%, 68.6%, 77.2%, 68.0%]",,,,
13,weights,10,65,0.04585263157894737,0.7911658748984337,0.7463526576757431,0.0001111111111111111,71.81428571428572,"[60.6%, 68.8%, 74.2%, 67.4%, 86.4%, 68.2%, 72.8%, 66.4%, 71.6%, 76.6%, 76.8%, 68.6%, 77.2%, 69.8%]",,,,
13,weights,11,66,0.04585263157894737,0.7495681829750538,0.771956916898489,0.0001111111111111111,71.8,"[60.6%, 68.8%, 74.2%, 67.4%, 86.4%, 68.2%, 72.8%, 66.4%, 71.6%, 76.6%, 76.8%, 68.6%, 77.2%, 69.6%]",,,,
13,weights,12,67,0.04585263157894737,0.726000664383173,0.7373562827706337,0.0001111111111111111,71.77142857142857,"[60.6%, 68.8%, 74.2%, 67.4%, 86.4%, 68.2%, 72.8%, 66.4%, 71.6%, 76.6%, 76.8%, 68.6%, 77.2%, 69.2%]",,,,
13,weights,13,68,0.04585263157894737,0.7523038074374199,0.7428024746477604,0.0001111111111111111,71.84285714285714,"[60.6%, 68.8%, 74.2%, 67.4%, 86.4%, 68.2%, 72.8%, 66.4%, 71.6%, 76.6%, 76.8%, 68.6%, 77.2%, 70.2%]",,,,
13,weights,14,69,0.04585263157894737,0.7436079651117324,0.7366550341248512,0.0001111111111111111,71.8,"[60.6%, 68.8%, 74.2%, 67.4%, 86.4%, 68.2%, 72.8%, 66.4%, 71.6%, 76.6%, 76.8%, 68.6%, 77.2%, 69.6%]",,,,
13,weights,15,70,0.04585263157894737,0.7568501368165016,0.7107438370585442,0.0001111111111111111,71.95714285714286,"[60.6%, 68.8%, 74.2%, 67.4%, 86.4%, 68.2%, 72.8%, 66.4%, 71.6%, 76.6%, 76.8%, 68.6%, 77.2%, 71.8%]",,,,
13,weights,16,71,0.04585263157894737,0.7154474705457687,0.7370261028409004,0.0001111111111111111,71.8,"[60.6%, 68.8%, 74.2%, 67.4%, 86.4%, 68.2%, 72.8%, 66.4%, 71.6%, 76.6%, 76.8%, 68.6%, 77.2%, 69.6%]",,,,
13,weights,17,72,0.04585263157894737,0.7052035454660655,0.701475128531456,0.0001111111111111111,71.84285714285714,"[60.6%, 68.8%, 74.2%, 67.4%, 86.4%, 68.2%, 72.8%, 66.4%, 71.6%, 76.6%, 76.8%, 68.6%, 77.2%, 70.2%]",,,,
13,weights,18,73,0.04585263157894737,0.7122973211109638,0.7104726359248161,0.0001111111111111111,71.8,"[60.6%, 68.8%, 74.2%, 67.4%, 86.4%, 68.2%, 72.8%, 66.4%, 71.6%, 76.6%, 76.8%, 68.6%, 77.2%, 69.6%]",,,,
13,weights,19,74,0.04585263157894737,0.6919451162219048,0.742926187813282,0.0001111111111111111,71.81428571428572,"[60.6%, 68.8%, 74.2%, 67.4%, 86.4%, 68.2%, 72.8%, 66.4%, 71.6%, 76.6%, 76.8%, 68.6%, 77.2%, 69.8%]",,,,
13,weights,20,75,0.04585263157894737,0.7297481715679168,0.7452697232365608,0.0001111111111111111,71.88571428571429,"[60.6%, 68.8%, 74.2%, 67.4%, 86.4%, 68.2%, 72.8%, 66.4%, 71.6%, 76.6%, 76.8%, 68.6%, 77.2%, 70.8%]",,,,
13,weights,21,76,0.04585263157894737,0.6996807303279639,0.7319743372499943,0.0001111111111111111,71.85714285714286,"[60.6%, 68.8%, 74.2%, 67.4%, 86.4%, 68.2%, 72.8%, 66.4%, 71.6%, 76.6%, 76.8%, 68.6%, 77.2%, 70.4%]",,,,
13,weights,22,77,0.04585263157894737,0.68000068962574,0.7486880496144295,0.0001111111111111111,71.81428571428572,"[60.6%, 68.8%, 74.2%, 67.4%, 86.4%, 68.2%, 72.8%, 66.4%, 71.6%, 76.6%, 76.8%, 68.6%, 77.2%, 69.8%]",,,,
13,weights,23,78,0.04585263157894737,0.6942737460136413,0.7120217010378838,0.0001111111111111111,71.87142857142858,"[60.6%, 68.8%, 74.2%, 67.4%, 86.4%, 68.2%, 72.8%, 66.4%, 71.6%, 76.6%, 76.8%, 68.6%, 77.2%, 70.6%]",,,,
13,weights,24,79,0.04585263157894737,0.6840627923607826,0.7337079979479313,0.0001111111111111111,71.84285714285714,"[60.6%, 68.8%, 74.2%, 67.4%, 86.4%, 68.2%, 72.8%, 66.4%, 71.6%, 76.6%, 76.8%, 68.6%, 77.2%, 70.2%]",,,,
13,weights,25,80,0.04585263157894737,0.6963714048266411,0.7284408248960972,0.0001111111111111111,71.81428571428572,"[60.6%, 68.8%, 74.2%, 67.4%, 86.4%, 68.2%, 72.8%, 66.4%, 71.6%, 76.6%, 76.8%, 68.6%, 77.2%, 69.8%]",35.42857142857143,"[0.0%, 17.4%, 29.4%, 9.2%, 86.4%, 35.8%, 55.2%, 16.6%, 50.0%, 52.4%, 24.6%, 31.6%, 56.2%, 31.2%]",48.48571428571429,"[46.0%, 44.4%, 45.4%, 36.8%, 75.2%, 62.0%, 63.6%, 32.6%, 63.2%, 52.4%, 35.4%, 18.6%, 56.2%, 47.0%]"
14,parallel,1,1,0.3,15.798258924484253,10.313804388046265,0.0001111111111111111,67.10666666666665,"[61.4%, 69.0%, 74.4%, 67.6%, 86.4%, 68.2%, 72.8%, 66.4%, 71.6%, 76.4%, 76.8%, 68.6%, 77.2%, 69.8%, 0.0%]",,,,
14,parallel,2,2,0.3,8.373951888084411,6.533776760101318,0.0001111111111111111,67.06666666666668,"[61.2%, 69.0%, 74.4%, 67.2%, 86.4%, 68.6%, 72.6%, 66.2%, 71.6%, 76.2%, 76.8%, 68.6%, 77.4%, 69.8%, 0.0%]",,,,
14,parallel,3,3,0.3,4.9979997158050535,3.43623885512352,0.0001111111111111111,67.05333333333333,"[61.2%, 68.4%, 74.4%, 66.8%, 86.4%, 68.6%, 72.6%, 66.6%, 71.6%, 76.4%, 76.8%, 68.8%, 77.4%, 69.8%, 0.0%]",,,,
14,parallel,4,4,0.3,2.547039258480072,1.9734106361865997,0.0001111111111111111,68.30666666666666,"[60.6%, 68.4%, 74.4%, 66.4%, 86.4%, 68.6%, 72.8%, 66.6%, 71.6%, 76.4%, 76.8%, 68.6%, 77.2%, 69.8%, 20.0%]",,,,
14,parallel,5,5,0.297454485,1.860814693570137,1.7617035210132599,0.0001111111111111111,68.27999999999999,"[60.6%, 68.4%, 74.4%, 66.2%, 86.2%, 68.6%, 72.8%, 66.6%, 71.6%, 76.6%, 76.8%, 68.6%, 77.0%, 69.8%, 20.0%]",,,,
14,parallel,6,6,0.2874000197368421,1.927642074227333,1.7732995748519897,0.0001111111111111111,68.29333333333334,"[60.6%, 68.4%, 74.4%, 66.2%, 86.2%, 68.8%, 72.8%, 66.6%, 71.6%, 76.6%, 76.8%, 68.6%, 77.0%, 69.8%, 20.0%]",,,,
14,parallel,7,7,0.2775497060526316,1.8740728110074998,1.7516982704401016,0.0001111111111111111,68.29333333333334,"[60.6%, 68.4%, 74.4%, 66.2%, 86.2%, 68.8%, 72.8%, 66.6%, 71.6%, 76.6%, 76.8%, 68.6%, 77.0%, 69.8%, 20.0%]",,,,
14,parallel,8,8,0.2679035439473685,1.8119771838188172,1.713810607790947,0.0001111111111111111,68.30666666666666,"[60.8%, 68.4%, 74.4%, 66.2%, 86.2%, 68.8%, 72.8%, 66.6%, 71.6%, 76.6%, 76.8%, 68.6%, 77.0%, 69.8%, 20.0%]",,,,
14,parallel,9,9,0.25846153342105266,1.7234567910432816,1.679034635424614,0.0001111111111111111,68.30666666666666,"[60.8%, 68.4%, 74.4%, 66.2%, 86.2%, 68.8%, 72.8%, 66.6%, 71.6%, 76.6%, 76.8%, 68.6%, 77.0%, 69.8%, 20.0%]",,,,
14,parallel,10,10,0.2492236744736842,1.6679842978715897,1.6521635353565216,0.0001111111111111111,68.30666666666666,"[60.8%, 68.4%, 74.4%, 66.2%, 86.2%, 68.8%, 72.8%, 66.6%, 71.6%, 76.6%, 76.8%, 68.6%, 77.0%, 69.8%, 20.0%]",,,,
14,parallel,11,11,0.24018996710526314,1.6410981237888336,1.607832208275795,0.0001111111111111111,68.30666666666666,"[60.8%, 68.4%, 74.4%, 66.2%, 86.2%, 68.8%, 72.8%, 66.6%, 71.6%, 76.6%, 76.8%, 68.6%, 77.0%, 69.8%, 20.0%]",,,,
14,parallel,12,12,0.23136041131578944,1.5467879503965378,1.3531424701213837,0.0001111111111111111,69.66666666666667,"[60.8%, 68.4%, 74.4%, 66.2%, 86.2%, 68.8%, 72.8%, 66.6%, 71.6%, 76.6%, 76.8%, 68.6%, 77.0%, 69.8%, 40.4%]",,,,
14,parallel,13,13,0.22273500710526314,1.277600023150444,1.1539773121476173,0.0001111111111111111,70.17333333333333,"[60.8%, 68.4%, 74.4%, 66.2%, 86.2%, 68.8%, 72.8%, 66.6%, 71.6%, 76.6%, 76.8%, 68.6%, 77.0%, 69.8%, 48.0%]",,,,
14,parallel,14,14,0.2143137544736842,1.0716728210449218,1.0994894281029701,0.0001111111111111111,70.17333333333333,"[60.8%, 68.4%, 74.4%, 66.2%, 86.2%, 68.8%, 72.8%, 66.6%, 71.6%, 76.6%, 76.8%, 68.6%, 77.0%, 69.8%, 48.0%]",,,,
14,parallel,15,15,0.20609665342105263,0.9361209958791733,0.8446938619017601,0.0001111111111111111,71.54666666666667,"[60.8%, 68.4%, 74.4%, 66.2%, 86.2%, 68.8%, 72.8%, 66.6%, 71.6%, 76.6%, 76.8%, 68.6%, 77.0%, 69.8%, 68.6%]",,,,
14,parallel,16,16,0.19808370394736843,0.786488775908947,0.911835664883256,0.0001111111111111111,71.36,"[60.8%, 68.4%, 74.4%, 66.2%, 86.2%, 68.8%, 72.8%, 66.6%, 71.6%, 76.6%, 76.8%, 68.6%, 77.0%, 69.8%, 65.8%]",,,,
14,parallel,17,17,0.19027490605263156,0.8321423634886742,0.7304822839796543,0.0001111111111111111,71.64,"[60.8%, 68.4%, 74.4%, 66.2%, 86.2%, 68.8%, 72.8%, 66.6%, 71.6%, 76.6%, 76.8%, 68.6%, 77.0%, 69.8%, 70.0%]",,,,
14,parallel,18,18,0.1826702597368421,0.7489903651177883,0.8084890749305487,0.0001111111111111111,71.66666666666667,"[60.8%, 68.4%, 74.4%, 66.2%, 86.2%, 68.8%, 72.8%, 66.6%, 71.6%, 76.6%, 76.8%, 68.6%, 77.0%, 69.8%, 70.4%]",,,,
14,parallel,19,19,0.17526976500000002,0.7229888908565044,0.760776499286294,0.0001111111111111111,71.8,"[60.8%, 68.4%, 74.4%, 66.2%, 86.2%, 68.8%, 72.8%, 66.6%, 71.6%, 76.6%, 76.8%, 68.6%, 77.0%, 69.8%, 72.4%]",,,,
14,parallel,20,20,0.16807342184210528,0.759264624863863,0.819150410592556,0.0001111111111111111,71.77333333333333,"[60.8%, 68.4%, 74.4%, 66.2%, 86.2%, 68.8%, 72.8%, 66.6%, 71.6%, 76.6%, 76.8%, 68.6%, 77.0%, 69.8%, 72.0%]",,,,
14,parallel,21,21,0.1610812302631579,0.7147171385586262,0.7219634018838406,0.0001111111111111111,71.92,"[60.8%, 68.4%, 74.4%, 66.2%, 86.2%, 68.8%, 72.8%, 66.6%, 71.6%, 76.6%, 76.8%, 68.6%, 77.0%, 69.8%, 74.2%]",,,,
14,parallel,22,22,0.1542931902631579,0.7559351161122322,0.7253930792212486,0.0001111111111111111,71.83999999999999,"[60.8%, 68.4%, 74.4%, 66.2%, 86.2%, 68.8%, 72.8%, 66.6%, 71.6%, 76.6%, 76.8%, 68.6%, 77.0%, 69.8%, 73.0%]",,,,
14,parallel,23,23,0.14770930184210526,0.6833532609045505,0.7778447270393372,0.0001111111111111111,71.81333333333333,"[60.8%, 68.4%, 74.4%, 66.2%, 86.2%, 68.8%, 72.8%, 66.6%, 71.6%, 76.6%, 76.8%, 68.6%, 77.0%, 69.8%, 72.6%]",,,,
14,parallel,24,24,0.141329565,0.671757698059082,0.7528509423136711,0.0001111111111111111,71.77333333333333,"[60.8%, 68.4%, 74.4%, 66.2%, 86.2%, 68.8%, 72.8%, 66.6%, 71.6%, 76.6%, 76.8%, 68.6%, 77.0%, 69.8%, 72.0%]",,,,
14,parallel,25,25,0.1351539797368421,0.781907995045185,0.7727723810821772,0.0001111111111111111,71.78666666666666,"[60.8%, 68.4%, 74.4%, 66.2%, 86.2%, 68.8%, 72.8%, 66.6%, 71.6%, 76.6%, 76.8%, 68.6%, 77.0%, 69.8%, 72.2%]",,,,
14,parallel,26,26,0.12918254605263157,0.6906869590282441,0.71742133051157,0.0001111111111111111,71.97333333333333,"[60.8%, 68.4%, 74.4%, 66.2%, 86.2%, 68.8%, 72.8%, 66.6%, 71.6%, 76.6%, 76.8%, 68.6%, 77.0%, 69.8%, 75.0%]",,,,
14,parallel,27,27,0.1234152639473684,0.7772721759974957,0.7152550369501114,0.0001111111111111111,71.98666666666666,"[60.8%, 68.4%, 74.4%, 66.2%, 86.2%, 68.8%, 72.8%, 66.6%, 71.6%, 76.6%, 76.8%, 68.6%, 77.0%, 69.8%, 75.2%]",,,,
14,parallel,28,28,0.11785213342105261,0.7189976580440998,0.7188499681651592,0.0001111111111111111,72.06666666666666,"[60.8%, 68.4%, 74.4%, 66.2%, 86.2%, 68.8%, 72.8%, 66.6%, 71.6%, 76.6%, 76.8%, 68.6%, 77.0%, 69.8%, 76.4%]",,,,
14,parallel,29,29,0.11249315447368421,0.7853239238262176,0.7281983382999897,0.0001111111111111111,72.08,"[60.8%, 68.4%, 74.4%, 66.2%, 86.2%, 68.8%, 72.8%, 66.6%, 71.6%, 76.6%, 76.8%, 68.6%, 77.0%, 69.8%, 76.6%]",,,,
14,parallel,30,30,0.10733832710526314,0.8706891149282455,0.7480271384119987,0.0001111111111111111,71.90666666666667,"[60.8%, 68.4%, 74.4%, 66.2%, 86.2%, 68.8%, 72.8%, 66.6%, 71.6%, 76.6%, 76.8%, 68.6%, 77.0%, 69.8%, 74.0%]",,,,
14,parallel,31,31,0.10238765131578947,0.6808368027210235,0.712077472358942,0.0001111111111111111,71.85333333333332,"[60.8%, 68.4%, 74.4%, 66.2%, 86.2%, 68.8%, 72.8%, 66.6%, 71.6%, 76.6%, 76.8%, 68.6%, 77.0%, 69.8%, 73.2%]",,,,
14,parallel,32,32,0.09764112710526315,0.7155219249427318,0.7201113626360893,0.0001111111111111111,71.90666666666667,"[60.8%, 68.4%, 74.4%, 66.2%, 86.2%, 68.8%, 72.8%, 66.6%, 71.6%, 76.6%, 76.8%, 68.6%, 77.0%, 69.8%, 74.0%]",,,,
14,parallel,33,33,0.09309875447368422,0.8759754166007042,0.8422539345920086,0.0001111111111111111,71.6,"[60.8%, 68.4%, 74.4%, 66.2%, 86.2%, 68.8%, 72.8%, 66.6%, 71.6%, 76.6%, 76.8%, 68.6%, 77.0%, 69.8%, 69.4%]",,,,
14,parallel,34,34,0.08876053342105264,0.7550855413079262,0.801450353115797,0.0001111111111111111,71.69333333333334,"[60.8%, 68.4%, 74.4%, 66.2%, 86.2%, 68.8%, 72.8%, 66.6%, 71.6%, 76.6%, 76.8%, 68.6%, 77.0%, 69.8%, 70.8%]",,,,
14,parallel,35,35,0.08462646394736842,0.7640520006418228,0.8083034176379442,0.0001111111111111111,71.86666666666666,"[60.8%, 68.4%, 74.4%, 66.2%, 86.2%, 68.8%, 72.8%, 66.6%, 71.6%, 76.6%, 76.8%, 68.6%, 77.0%, 69.8%, 73.4%]",,,,
14,parallel,36,36,0.08069654605263157,0.725434535741806,0.7113878354430199,0.0001111111111111111,72.05333333333333,"[60.8%, 68.4%, 74.4%, 66.2%, 86.2%, 68.8%, 72.8%, 66.6%, 71.6%, 76.6%, 76.8%, 68.6%, 77.0%, 69.8%, 76.2%]",,,,
14,parallel,37,37,0.0769707797368421,1.0836024969816207,0.9834774658083916,0.0001111111111111111,71.37333333333332,"[60.8%, 68.4%, 74.4%, 66.2%, 86.2%, 68.8%, 72.8%, 66.6%, 71.6%, 76.6%, 76.8%, 68.6%, 77.0%, 69.8%, 66.0%]",,,,
14,parallel,38,38,0.073449165,0.8773557215929031,0.9598579294979572,0.0001111111111111111,71.34666666666666,"[60.8%, 68.4%, 74.4%, 66.2%, 86.2%, 68.8%, 72.8%, 66.6%, 71.6%, 76.6%, 76.8%, 68.6%, 77.0%, 69.8%, 65.6%]",,,,
14,parallel,39,39,0.07013170184210525,0.8874563559889793,0.8860196098685265,0.0001111111111111111,71.57333333333332,"[60.8%, 68.4%, 74.4%, 66.2%, 86.2%, 68.8%, 72.8%, 66.6%, 71.6%, 76.6%, 76.8%, 68.6%, 77.0%, 69.8%, 69.0%]",,,,
14,parallel,40,40,0.0670183902631579,0.8490922719240188,0.8223681561648846,0.0001111111111111111,71.54666666666667,"[60.8%, 68.4%, 74.4%, 66.2%, 86.2%, 68.8%, 72.8%, 66.6%, 71.6%, 76.6%, 76.8%, 68.6%, 77.0%, 69.8%, 68.6%]",,,,
14,parallel,41,41,0.0641092302631579,0.7938759908080101,0.8193041905760765,0.0001111111111111111,71.68,"[60.8%, 68.4%, 74.4%, 66.2%, 86.2%, 68.8%, 72.8%, 66.6%, 71.6%, 76.6%, 76.8%, 68.6%, 77.0%, 69.8%, 70.6%]",,,,
14,parallel,42,42,0.06140422184210526,1.043550617992878,0.9091629311442375,0.0001111111111111111,71.52,"[60.8%, 68.4%, 74.4%, 66.2%, 86.2%, 68.8%, 72.8%, 66.6%, 71.6%, 76.6%, 76.8%, 68.6%, 77.0%, 69.8%, 68.2%]",,,,
14,parallel,43,43,0.058903365,0.9458209440112114,0.8919666483998299,0.0001111111111111111,71.48,"[60.8%, 68.4%, 74.4%, 66.2%, 86.2%, 68.8%, 72.8%, 66.6%, 71.6%, 76.6%, 76.8%, 68.6%, 77.0%, 69.8%, 67.6%]",,,,
14,parallel,44,44,0.056606659736842105,0.9791667550802231,0.9586424380540848,0.0001111111111111111,71.24,"[60.8%, 68.4%, 74.4%, 66.2%, 86.2%, 68.8%, 72.8%, 66.6%, 71.6%, 76.6%, 76.8%, 68.6%, 77.0%, 69.8%, 64.0%]",,,,
14,parallel,45,45,0.05451410605263157,0.9504698723554611,0.8751114755868912,0.0001111111111111111,71.53333333333333,"[60.8%, 68.4%, 74.4%, 66.2%, 86.2%, 68.8%, 72.8%, 66.6%, 71.6%, 76.6%, 76.8%, 68.6%, 77.0%, 69.8%, 68.4%]",,,,
14,parallel,46,46,0.05262570394736843,0.858823585510254,0.8312414921820164,0.0001111111111111111,71.77333333333333,"[60.8%, 68.4%, 74.4%, 66.2%, 86.2%, 68.8%, 72.8%, 66.6%, 71.6%, 76.6%, 76.8%, 68.6%, 77.0%, 69.8%, 72.0%]",,,,
14,parallel,47,47,0.050941453421052635,0.8131808787584305,0.8049313947558403,0.0001111111111111111,71.57333333333332,"[60.8%, 68.4%, 74.4%, 66.2%, 86.2%, 68.8%, 72.8%, 66.6%, 71.6%, 76.6%, 76.8%, 68.6%, 77.0%, 69.8%, 69.0%]",,,,
14,parallel,48,48,0.04946135447368421,0.8134851321578026,0.8201423324644566,0.0001111111111111111,71.57333333333332,"[60.8%, 68.4%, 74.4%, 66.2%, 86.2%, 68.8%, 72.8%, 66.6%, 71.6%, 76.6%, 76.8%, 68.6%, 77.0%, 69.8%, 69.0%]",,,,
14,parallel,49,49,0.04818540710526316,0.7720138937234878,0.8078120723366737,0.0001111111111111111,71.6,"[60.8%, 68.4%, 74.4%, 66.2%, 86.2%, 68.8%, 72.8%, 66.6%, 71.6%, 76.6%, 76.8%, 68.6%, 77.0%, 69.8%, 69.4%]",,,,
14,parallel,50,50,0.04711361131578947,0.7434040740132332,0.7698178142309189,0.0001111111111111111,71.82666666666667,"[60.8%, 68.4%, 74.4%, 66.2%, 86.2%, 68.8%, 72.8%, 66.6%, 71.6%, 76.6%, 76.8%, 68.6%, 77.0%, 69.8%, 72.8%]",,,,
14,parallel,51,51,0.04624596710526316,1.2400806188583373,1.2258158847689629,0.0001111111111111111,70.36,"[60.8%, 68.4%, 74.4%, 66.2%, 86.2%, 68.8%, 72.8%, 66.6%, 71.6%, 76.6%, 76.8%, 68.6%, 77.0%, 69.8%, 50.8%]",,,,
14,parallel,52,52,0.045582474473684215,1.0849915817379951,1.1508458778262138,0.0001111111111111111,70.45333333333333,"[60.8%, 68.4%, 74.4%, 66.2%, 86.2%, 68.8%, 72.8%, 66.6%, 71.6%, 76.6%, 76.8%, 68.6%, 77.0%, 69.8%, 52.2%]",,,,
14,parallel,53,53,0.04512313342105263,0.9971994236111641,1.0493718162178993,0.0001111111111111111,70.8,"[60.8%, 68.4%, 74.4%, 66.2%, 86.2%, 68.8%, 72.8%, 66.6%, 71.6%, 76.6%, 76.8%, 68.6%, 77.0%, 69.8%, 57.4%]",,,,
14,parallel,54,54,0.04486794394736842,0.9735900059342384,0.9950009658932686,0.0001111111111111111,71.02666666666667,"[60.8%, 68.4%, 74.4%, 66.2%, 86.2%, 68.8%, 72.8%, 66.6%, 71.6%, 76.6%, 76.8%, 68.6%, 77.0%, 69.8%, 60.8%]",,,,
14,parallel,55,55,0.044810526315789474,0.940817129611969,1.0369498059153557,0.0001111111111111111,70.86666666666666,"[60.8%, 68.4%, 74.4%, 66.2%, 86.2%, 68.8%, 72.8%, 66.6%, 71.6%, 76.6%, 76.8%, 68.6%, 77.0%, 69.8%, 58.4%]",,,,
14,weights,1,56,0.044810526315789474,0.9200659349560738,0.9930003061890602,0.0001111111111111111,70.89333333333335,"[60.8%, 68.4%, 74.4%, 66.2%, 86.2%, 68.8%, 72.8%, 66.6%, 71.6%, 76.6%, 76.8%, 68.6%, 77.0%, 69.8%, 58.8%]",,,,
14,weights,2,57,0.044810526315789474,0.9174240201711654,1.008353739976883,0.0001111111111111111,70.90666666666667,"[60.8%, 68.4%, 74.4%, 66.2%, 86.2%, 68.8%, 72.8%, 66.6%, 71.6%, 76.6%, 76.8%, 68.6%, 77.0%, 69.8%, 59.0%]",,,,
14,weights,3,58,0.044810526315789474,0.8998896732926369,0.9632979743182659,0.0001111111111111111,71.03999999999999,"[60.8%, 68.4%, 74.4%, 66.2%, 86.2%, 68.8%, 72.8%, 66.6%, 71.6%, 76.6%, 76.8%, 68.6%, 77.0%, 69.8%, 61.0%]",,,,
14,weights,4,59,0.044810526315789474,0.9148995041847229,0.9815828278660774,0.0001111111111111111,71.0,"[60.8%, 68.4%, 74.4%, 66.2%, 86.2%, 68.8%, 72.8%, 66.6%, 71.6%, 76.6%, 76.8%, 68.6%, 77.0%, 69.8%, 60.4%]",,,,
14,weights,5,60,0.044810526315789474,0.8586218684911728,0.9602116420865059,0.0001111111111111111,70.98666666666666,"[60.8%, 68.4%, 74.4%, 66.2%, 86.2%, 68.8%, 72.8%, 66.6%, 71.6%, 76.6%, 76.8%, 68.6%, 77.0%, 69.8%, 60.2%]",,,,
14,weights,6,61,0.044810526315789474,0.8420649260282517,0.9858294762670994,0.0001111111111111111,71.02666666666667,"[60.8%, 68.4%, 74.4%, 66.2%, 86.2%, 68.8%, 72.8%, 66.6%, 71.6%, 76.6%, 76.8%, 68.6%, 77.0%, 69.8%, 60.8%]",,,,
14,weights,7,62,0.044810526315789474,0.8133574649691582,0.9664310775697231,0.0001111111111111111,71.11999999999999,"[60.8%, 68.4%, 74.4%, 66.2%, 86.2%, 68.8%, 72.8%, 66.6%, 71.6%, 76.6%, 76.8%, 68.6%, 77.0%, 69.8%, 62.2%]",,,,
14,weights,8,63,0.044810526315789474,0.7960645325481892,0.8747342936694622,0.0001111111111111111,71.17333333333333,"[60.8%, 68.4%, 74.4%, 66.2%, 86.2%, 68.8%, 72.8%, 66.6%, 71.6%, 76.6%, 76.8%, 68.6%, 77.0%, 69.8%, 63.0%]",,,,
14,weights,9,64,0.044810526315789474,0.796258419752121,0.9095475785434246,0.0001111111111111111,71.16000000000001,"[60.8%, 68.4%, 74.4%, 66.2%, 86.2%, 68.8%, 72.8%, 66.6%, 71.6%, 76.6%, 76.8%, 68.6%, 77.0%, 69.8%, 62.8%]",,,,
14,weights,10,65,0.044810526315789474,0.8138802513480187,0.8959848470985889,0.0001111111111111111,71.32,"[60.8%, 68.4%, 74.4%, 66.2%, 86.2%, 68.8%, 72.8%, 66.6%, 71.6%, 76.6%, 76.8%, 68.6%, 77.0%, 69.8%, 65.2%]",,,,
14,weights,11,66,0.044810526315789474,0.7706495240330696,0.789677057415247,0.0001111111111111111,71.48,"[60.8%, 68.4%, 74.4%, 66.2%, 86.2%, 68.8%, 72.8%, 66.6%, 71.6%, 76.6%, 76.8%, 68.6%, 77.0%, 69.8%, 67.6%]",,,,
14,weights,12,67,0.044810526315789474,0.7648767158389091,0.7724164612591267,0.0001111111111111111,71.61333333333333,"[60.8%, 68.4%, 74.4%, 66.2%, 86.2%, 68.8%, 72.8%, 66.6%, 71.6%, 76.6%, 76.8%, 68.6%, 77.0%, 69.8%, 69.6%]",,,,
14,weights,13,68,0.044810526315789474,0.7500071130692959,0.7930219806730747,0.0001111111111111111,71.62666666666668,"[60.8%, 68.4%, 74.4%, 66.2%, 86.2%, 68.8%, 72.8%, 66.6%, 71.6%, 76.6%, 76.8%, 68.6%, 77.0%, 69.8%, 69.8%]",,,,
14,weights,14,69,0.044810526315789474,0.7502548947930336,0.8398587666451931,0.0001111111111111111,71.50666666666666,"[60.8%, 68.4%, 74.4%, 66.2%, 86.2%, 68.8%, 72.8%, 66.6%, 71.6%, 76.6%, 76.8%, 68.6%, 77.0%, 69.8%, 68.0%]",,,,
14,weights,15,70,0.044810526315789474,0.7198829773813487,0.8187316339462996,0.0001111111111111111,71.50666666666666,"[60.8%, 68.4%, 74.4%, 66.2%, 86.2%, 68.8%, 72.8%, 66.6%, 71.6%, 76.6%, 76.8%, 68.6%, 77.0%, 69.8%, 68.0%]",,,,
14,weights,16,71,0.044810526315789474,0.7556365355849266,0.835466954857111,0.0001111111111111111,71.56,"[60.8%, 68.4%, 74.4%, 66.2%, 86.2%, 68.8%, 72.8%, 66.6%, 71.6%, 76.6%, 76.8%, 68.6%, 77.0%, 69.8%, 68.8%]",,,,
14,weights,17,72,0.044810526315789474,0.7568265706300735,0.8612089958041906,0.0001111111111111111,71.54666666666667,"[60.8%, 68.4%, 74.4%, 66.2%, 86.2%, 68.8%, 72.8%, 66.6%, 71.6%, 76.6%, 76.8%, 68.6%, 77.0%, 69.8%, 68.6%]",,,,
14,weights,18,73,0.044810526315789474,0.748517444729805,0.7250185795128345,0.0001111111111111111,71.77333333333333,"[60.8%, 68.4%, 74.4%, 66.2%, 86.2%, 68.8%, 72.8%, 66.6%, 71.6%, 76.6%, 76.8%, 68.6%, 77.0%, 69.8%, 72.0%]",,,,
14,weights,19,74,0.044810526315789474,0.7311517976224422,0.7798932045698166,0.0001111111111111111,71.6,"[60.8%, 68.4%, 74.4%, 66.2%, 86.2%, 68.8%, 72.8%, 66.6%, 71.6%, 76.6%, 76.8%, 68.6%, 77.0%, 69.8%, 69.4%]",,,,
14,weights,20,75,0.044810526315789474,0.7204674653708935,0.7957973778247833,0.0001111111111111111,71.62666666666668,"[60.8%, 68.4%, 74.4%, 66.2%, 86.2%, 68.8%, 72.8%, 66.6%, 71.6%, 76.6%, 76.8%, 68.6%, 77.0%, 69.8%, 69.8%]",,,,
14,weights,21,76,0.044810526315789474,0.7233664348721505,0.7921822611242533,0.0001111111111111111,71.70666666666666,"[60.8%, 68.4%, 74.4%, 66.2%, 86.2%, 68.8%, 72.8%, 66.6%, 71.6%, 76.6%, 76.8%, 68.6%, 77.0%, 69.8%, 71.0%]",,,,
14,weights,22,77,0.044810526315789474,0.7325144320726394,0.7788164503872395,0.0001111111111111111,71.58666666666666,"[60.8%, 68.4%, 74.4%, 66.2%, 86.2%, 68.8%, 72.8%, 66.6%, 71.6%, 76.6%, 76.8%, 68.6%, 77.0%, 69.8%, 69.2%]",,,,
14,weights,23,78,0.044810526315789474,0.6950306477025151,0.7514208294451237,0.0001111111111111111,71.78666666666666,"[60.8%, 68.4%, 74.4%, 66.2%, 86.2%, 68.8%, 72.8%, 66.6%, 71.6%, 76.6%, 76.8%, 68.6%, 77.0%, 69.8%, 72.2%]",,,,
14,weights,24,79,0.044810526315789474,0.6752584896981716,0.7655671872198582,0.0001111111111111111,71.57333333333332,"[60.8%, 68.4%, 74.4%, 66.2%, 86.2%, 68.8%, 72.8%, 66.6%, 71.6%, 76.6%, 76.8%, 68.6%, 77.0%, 69.8%, 69.0%]",,,,
14,weights,25,80,0.044810526315789474,0.6638238485902548,0.7835136540234089,0.0001111111111111111,71.52,"[60.8%, 68.4%, 74.4%, 66.2%, 86.2%, 68.8%, 72.8%, 66.6%, 71.6%, 76.6%, 76.8%, 68.6%, 77.0%, 69.8%, 68.2%]",32.49333333333333,"[0.0%, 17.4%, 29.6%, 9.4%, 86.2%, 27.4%, 38.0%, 16.6%, 32.6%, 52.2%, 24.6%, 31.6%, 56.2%, 31.2%, 34.4%]",50.33333333333335,"[46.2%, 53.0%, 55.0%, 28.4%, 75.0%, 68.8%, 72.8%, 23.0%, 71.6%, 52.2%, 42.2%, 34.6%, 56.2%, 47.0%, 29.0%]"
15,parallel,1,1,0.25,17.942480659484865,11.974644422531128,0.0001111111111111111,67.0375,"[60.6%, 68.4%, 74.2%, 66.2%, 86.2%, 68.8%, 72.8%, 66.6%, 71.6%, 76.6%, 77.0%, 68.6%, 77.0%, 69.8%, 68.2%, 0.0%]",,,,
15,parallel,2,2,0.25,9.585879313945771,7.565585494041443,0.0001111111111111111,67.03750000000001,"[60.6%, 68.4%, 74.2%, 66.4%, 86.0%, 68.8%, 72.8%, 66.6%, 71.6%, 76.6%, 77.0%, 68.6%, 77.0%, 69.8%, 68.2%, 0.0%]",,,,
15,parallel,3,3,0.25,5.945174884796143,4.298713058233261,0.0001111111111111111,67.025,"[60.6%, 68.4%, 74.2%, 66.4%, 86.0%, 68.8%, 72.8%, 66.4%, 71.6%, 76.6%, 77.0%, 68.6%, 77.0%, 69.8%, 68.2%, 0.0%]",,,,
15,parallel,4,4,0.25,3.0763268053531645,2.1987478137016296,0.0001111111111111111,68.3,"[60.6%, 68.4%, 74.4%, 66.4%, 86.2%, 68.8%, 72.8%, 66.4%, 71.6%, 76.6%, 77.0%, 68.6%, 77.0%, 69.8%, 68.2%, 20.0%]",,,,
15,parallel,5,5,0.24794284,2.0755870670080183,1.8776678442955017,0.0001111111111111111,68.3125,"[60.6%, 68.4%, 74.6%, 66.4%, 86.2%, 68.8%, 72.8%, 66.4%, 71.6%, 76.6%, 77.0%, 68.6%, 77.0%, 69.8%, 68.2%, 20.0%]",,,,
15,parallel,6,6,0.23981731578947368,1.973096114397049,1.7853702753782272,0.0001111111111111111,68.325,"[60.6%, 68.4%, 74.6%, 66.4%, 86.2%, 68.8%, 72.8%, 66.4%, 71.6%, 76.6%, 77.0%, 68.6%, 77.0%, 70.0%, 68.2%, 20.0%]",,,,
15,parallel,7,7,0.23185677684210526,1.8243669003248215,1.72613163292408,0.0001111111111111111,68.325,"[60.6%, 68.4%, 74.6%, 66.4%, 86.2%, 68.8%, 72.8%, 66.4%, 71.6%, 76.6%, 77.0%, 68.6%, 77.0%, 70.0%, 68.2%, 20.0%]",,,,
15,parallel,8,8,0.22406122315789478,1.7769648551940918,1.7082136124372482,0.0001111111111111111,68.325,"[60.6%, 68.4%, 74.6%, 66.4%, 86.2%, 68.8%, 72.8%, 66.4%, 71.6%, 76.6%, 77.0%, 68.6%, 77.0%, 70.0%, 68.2%, 20.0%]",,,,
15,parallel,9,9,0.21643065473684214,1.7054835081100463,1.6784245669841766,0.0001111111111111111,68.325,"[60.6%, 68.4%, 74.6%, 66.4%, 86.2%, 68.8%, 72.8%, 66.4%, 71.6%, 76.6%, 77.0%, 68.6%, 77.0%, 70.0%, 68.2%, 20.0%]",,,,
15,parallel,10,10,0.2089650715789474,1.753629419207573,1.6999600380659103,0.0001111111111111111,68.325,"[60.6%, 68.4%, 74.6%, 66.4%, 86.2%, 68.8%, 72.8%, 66.4%, 71.6%, 76.6%, 77.0%, 68.6%, 77.0%, 70.0%, 68.2%, 20.0%]",,,,
15,parallel,11,11,0.20166447368421053,1.6892543584108353,1.6619503945112228,0.0001111111111111111,68.325,"[60.6%, 68.4%, 74.6%, 66.4%, 86.2%, 68.8%, 72.8%, 66.4%, 71.6%, 76.6%, 77.0%, 68.6%, 77.0%, 70.0%, 68.2%, 20.0%]",,,,
15,parallel,12,12,0.19452886105263156,1.6826710134744645,1.6635051518678665,0.0001111111111111111,68.325,"[60.6%, 68.4%, 74.6%, 66.4%, 86.2%, 68.8%, 72.8%, 66.4%, 71.6%, 76.6%, 77.0%, 68.6%, 77.0%, 70.0%, 68.2%, 20.0%]",,,,
15,parallel,13,13,0.18755823368421054,1.690011927485466,1.665536716580391,0.0001111111111111111,68.325,"[60.6%, 68.4%, 74.6%, 66.4%, 86.2%, 68.8%, 72.8%, 66.4%, 71.6%, 76.6%, 77.0%, 68.6%, 77.0%, 70.0%, 68.2%, 20.0%]",,,,
15,parallel,14,14,0.18075259157894735,1.6644567906856538,1.6444482803344727,0.0001111111111111111,68.325,"[60.6%, 68.4%, 74.6%, 66.4%, 86.2%, 68.8%, 72.8%, 66.4%, 71.6%, 76.6%, 77.0%, 68.6%, 77.0%, 70.0%, 68.2%, 20.0%]",,,,
15,parallel,15,15,0.1741119347368421,1.6757555186748505,1.6550385802984238,0.0001111111111111111,68.325,"[60.6%, 68.4%, 74.6%, 66.4%, 86.2%, 68.8%, 72.8%, 66.4%, 71.6%, 76.6%, 77.0%, 68.6%, 77.0%, 70.0%, 68.2%, 20.0%]",,,,
15,parallel,16,16,0.16763626315789476,1.7233570337295532,1.6848264187574387,0.0001111111111111111,68.325,"[60.6%, 68.4%, 74.6%, 66.4%, 86.2%, 68.8%, 72.8%, 66.4%, 71.6%, 76.6%, 77.0%, 68.6%, 77.0%, 70.0%, 68.2%, 20.0%]",,,,
15,parallel,17,17,0.16132557684210527,1.691128733754158,1.668922409415245,0.0001111111111111111,68.35000000000001,"[60.6%, 68.4%, 74.6%, 66.4%, 86.2%, 68.8%, 72.8%, 66.4%, 71.6%, 76.6%, 77.0%, 68.6%, 77.0%, 70.0%, 68.2%, 20.4%]",,,,
15,parallel,18,18,0.15517987578947368,1.7098351001739502,1.6774682402610779,0.0001111111111111111,68.325,"[60.6%, 68.4%, 74.6%, 66.4%, 86.2%, 68.8%, 72.8%, 66.4%, 71.6%, 76.6%, 77.0%, 68.6%, 77.0%, 70.0%, 68.2%, 20.0%]",,,,
15,parallel,19,19,0.14919916000000005,1.66571064889431,1.6551348567008972,0.0001111111111111111,68.325,"[60.6%, 68.4%, 74.6%, 66.4%, 86.2%, 68.8%, 72.8%, 66.4%, 71.6%, 76.6%, 77.0%, 68.6%, 77.0%, 70.0%, 68.2%, 20.0%]",,,,
15,parallel,20,20,0.14338342947368424,1.8766904950141907,1.7536844313144684,0.0001111111111111111,68.325,"[60.6%, 68.4%, 74.6%, 66.4%, 86.2%, 68.8%, 72.8%, 66.4%, 71.6%, 76.6%, 77.0%, 68.6%, 77.0%, 70.0%, 68.2%, 20.0%]",,,,
15,parallel,21,21,0.13773268421052634,1.7072550147771834,1.6770641803741455,0.0001111111111111111,68.325,"[60.6%, 68.4%, 74.6%, 66.4%, 86.2%, 68.8%, 72.8%, 66.4%, 71.6%, 76.6%, 77.0%, 68.6%, 77.0%, 70.0%, 68.2%, 20.0%]",,,,
15,parallel,22,22,0.13224692421052633,1.668815514445305,1.6502516120672226,0.0001111111111111111,68.325,"[60.6%, 68.4%, 74.6%, 66.4%, 86.2%, 68.8%, 72.8%, 66.4%, 71.6%, 76.6%, 77.0%, 68.6%, 77.0%, 70.0%, 68.2%, 20.0%]",,,,
15,parallel,23,23,0.12692614947368422,1.6898440033197404,1.6786522269248962,0.0001111111111111111,68.325,"[60.6%, 68.4%, 74.6%, 66.4%, 86.2%, 68.8%, 72.8%, 66.4%, 71.6%, 76.6%, 77.0%, 68.6%, 77.0%, 70.0%, 68.2%, 20.0%]",,,,
15,parallel,24,24,0.12177036000000001,1.6650220304727554,1.6541466414928436,0.0001111111111111111,68.325,"[60.6%, 68.4%, 74.6%, 66.4%, 86.2%, 68.8%, 72.8%, 66.4%, 71.6%, 76.6%, 77.0%, 68.6%, 77.0%, 70.0%, 68.2%, 20.0%]",,,,
15,parallel,25,25,0.11677955578947369,1.650774285197258,1.6383870095014572,0.0001111111111111111,68.325,"[60.6%, 68.4%, 74.6%, 66.4%, 86.2%, 68.8%, 72.8%, 66.4%, 71.6%, 76.6%, 77.0%, 68.6%, 77.0%, 70.0%, 68.2%, 20.0%]",,,,
15,parallel,26,26,0.11195373684210526,1.7150275200605392,1.6784641593694687,0.0001111111111111111,68.325,"[60.6%, 68.4%, 74.6%, 66.4%, 86.2%, 68.8%, 72.8%, 66.4%, 71.6%, 76.6%, 77.0%, 68.6%, 77.0%, 70.0%, 68.2%, 20.0%]",,,,
15,parallel,27,27,0.10729290315789473,2.024021381139755,1.820723533630371,0.0001111111111111111,68.325,"[60.6%, 68.4%, 74.6%, 66.4%, 86.2%, 68.8%, 72.8%, 66.4%, 71.6%, 76.6%, 77.0%, 68.6%, 77.0%, 70.0%, 68.2%, 20.0%]",,,,
15,parallel,28,28,0.10279705473684209,1.7432600498199462,1.6908804774284363,0.0001111111111111111,68.325,"[60.6%, 68.4%, 74.6%, 66.4%, 86.2%, 68.8%, 72.8%, 66.4%, 71.6%, 76.6%, 77.0%, 68.6%, 77.0%, 70.0%, 68.2%, 20.0%]",,,,
15,parallel,29,29,0.09846619157894737,1.72127622961998,1.6812644004821777,0.0001111111111111111,68.325,"[60.6%, 68.4%, 74.6%, 66.4%, 86.2%, 68.8%, 72.8%, 66.4%, 71.6%, 76.6%, 77.0%, 68.6%, 77.0%, 70.0%, 68.2%, 20.0%]",,,,
15,parallel,30,30,0.09430031368421053,1.7490102529525757,1.6973446905612946,0.0001111111111111111,68.325,"[60.6%, 68.4%, 74.6%, 66.4%, 86.2%, 68.8%, 72.8%, 66.4%, 71.6%, 76.6%, 77.0%, 68.6%, 77.0%, 70.0%, 68.2%, 20.0%]",,,,
15,parallel,31,31,0.09029942105263158,1.6818444013595581,1.661093071103096,0.0001111111111111111,68.325,"[60.6%, 68.4%, 74.6%, 66.4%, 86.2%, 68.8%, 72.8%, 66.4%, 71.6%, 76.6%, 77.0%, 68.6%, 77.0%, 70.0%, 68.2%, 20.0%]",,,,
15,parallel,32,32,0.08646351368421051,1.6566828817129136,1.6443946361541748,0.0001111111111111111,68.325,"[60.6%, 68.4%, 74.6%, 66.4%, 86.2%, 68.8%, 72.8%, 66.4%, 71.6%, 76.6%, 77.0%, 68.6%, 77.0%, 70.0%, 68.2%, 20.0%]",,,,
15,parallel,33,33,0.08279259157894739,1.6643010973930359,1.6498133540153503,0.0001111111111111111,68.325,"[60.6%, 68.4%, 74.6%, 66.4%, 86.2%, 68.8%, 72.8%, 66.4%, 71.6%, 76.6%, 77.0%, 68.6%, 77.0%, 70.0%, 68.2%, 20.0%]",,,,
15,parallel,34,34,0.07928665473684211,1.6537059247493744,1.6430087238550186,0.0001111111111111111,68.47500000000001,"[60.6%, 68.4%, 74.6%, 66.4%, 86.2%, 68.8%, 72.8%, 66.4%, 71.6%, 76.6%, 77.0%, 68.6%, 77.0%, 70.0%, 68.2%, 22.4%]",,,,
15,parallel,35,35,0.07594570315789476,1.6855838656425477,1.6771981567144394,0.0001111111111111111,68.325,"[60.6%, 68.4%, 74.6%, 66.4%, 86.2%, 68.8%, 72.8%, 66.4%, 71.6%, 76.6%, 77.0%, 68.6%, 77.0%, 70.0%, 68.2%, 20.0%]",,,,
15,parallel,36,36,0.07276973684210528,1.6811629801988601,1.6569054573774338,0.0001111111111111111,68.325,"[60.6%, 68.4%, 74.6%, 66.4%, 86.2%, 68.8%, 72.8%, 66.4%, 71.6%, 76.6%, 77.0%, 68.6%, 77.0%, 70.0%, 68.2%, 20.0%]",,,,
15,parallel,37,37,0.06975875578947369,1.7720320612192153,1.7040338218212128,0.0001111111111111111,68.325,"[60.6%, 68.4%, 74.6%, 66.4%, 86.2%, 68.8%, 72.8%, 66.4%, 71.6%, 76.6%, 77.0%, 68.6%, 77.0%, 70.0%, 68.2%, 20.0%]",,,,
15,parallel,38,38,0.06691276,1.6835156977176666,1.6611329764127731,0.0001111111111111111,68.325,"[60.6%, 68.4%, 74.6%, 66.4%, 86.2%, 68.8%, 72.8%, 66.4%, 71.6%, 76.6%, 77.0%, 68.6%, 77.0%, 70.0%, 68.2%, 20.0%]",,,,
15,parallel,39,39,0.06423174947368421,1.6547773122787475,1.6437212377786636,0.0001111111111111111,68.325,"[60.6%, 68.4%, 74.6%, 66.4%, 86.2%, 68.8%, 72.8%, 66.4%, 71.6%, 76.6%, 77.0%, 68.6%, 77.0%, 70.0%, 68.2%, 20.0%]",,,,
15,parallel,40,40,0.06171572421052632,1.6439521223306657,1.6353129595518112,0.0001111111111111111,68.35000000000001,"[60.6%, 68.4%, 74.6%, 66.4%, 86.2%, 68.8%, 72.8%, 66.4%, 71.6%, 76.6%, 77.0%, 68.6%, 77.0%, 70.0%, 68.2%, 20.4%]",,,,
15,parallel,41,41,0.05936468421052632,1.656819474697113,1.6475546061992645,0.0001111111111111111,68.325,"[60.6%, 68.4%, 74.6%, 66.4%, 86.2%, 68.8%, 72.8%, 66.4%, 71.6%, 76.6%, 77.0%, 68.6%, 77.0%, 70.0%, 68.2%, 20.0%]",,,,
15,parallel,42,42,0.05717862947368421,1.6439644306898118,1.6419934332370758,0.0001111111111111111,68.325,"[60.6%, 68.4%, 74.6%, 66.4%, 86.2%, 68.8%, 72.8%, 66.4%, 71.6%, 76.6%, 77.0%, 68.6%, 77.0%, 70.0%, 68.2%, 20.0%]",,,,
15,parallel,43,43,0.05515756,1.598992368578911,1.4897228479385376,0.0001111111111111111,69.275,"[60.6%, 68.4%, 74.6%, 66.4%, 86.2%, 68.8%, 72.8%, 66.4%, 71.6%, 76.6%, 77.0%, 68.6%, 77.0%, 70.0%, 68.2%, 35.2%]",,,,
15,parallel,44,44,0.05330147578947368,1.4482927560806274,1.371554747223854,0.0001111111111111111,69.45,"[60.6%, 68.4%, 74.6%, 66.4%, 86.2%, 68.8%, 72.8%, 66.4%, 71.6%, 76.6%, 77.0%, 68.6%, 77.0%, 70.0%, 68.2%, 38.0%]",,,,
15,parallel,45,45,0.05161037684210526,1.4013409823179246,1.3496313765645027,0.0001111111111111111,69.6125,"[60.6%, 68.4%, 74.6%, 66.4%, 86.2%, 68.8%, 72.8%, 66.4%, 71.6%, 76.6%, 77.0%, 68.6%, 77.0%, 70.0%, 68.2%, 40.6%]",,,,
15,parallel,46,46,0.05008426315789474,1.3618854343891145,1.355003833770752,0.0001111111111111111,69.575,"[60.6%, 68.4%, 74.6%, 66.4%, 86.2%, 68.8%, 72.8%, 66.4%, 71.6%, 76.6%, 77.0%, 68.6%, 77.0%, 70.0%, 68.2%, 40.0%]",,,,
15,parallel,47,47,0.04872313473684211,1.3219376713037492,1.3155734837055206,0.0001111111111111111,69.575,"[60.6%, 68.4%, 74.6%, 66.4%, 86.2%, 68.8%, 72.8%, 66.4%, 71.6%, 76.6%, 77.0%, 68.6%, 77.0%, 70.0%, 68.2%, 40.0%]",,,,
15,parallel,48,48,0.047526991578947374,1.3022431403398513,1.3261893577873707,0.0001111111111111111,69.375,"[60.6%, 68.4%, 74.6%, 66.4%, 86.2%, 68.8%, 72.8%, 66.4%, 71.6%, 76.6%, 77.0%, 68.6%, 77.0%, 70.0%, 68.2%, 36.8%]",,,,
15,parallel,49,49,0.04649583368421053,1.4244427025318145,1.3239013329148293,0.0001111111111111111,69.6125,"[60.6%, 68.4%, 74.6%, 66.4%, 86.2%, 68.8%, 72.8%, 66.4%, 71.6%, 76.6%, 77.0%, 68.6%, 77.0%, 70.0%, 68.2%, 40.6%]",,,,
15,parallel,50,50,0.04562966105263158,1.295245149731636,1.2759170196950436,0.0001111111111111111,69.5625,"[60.6%, 68.4%, 74.6%, 66.4%, 86.2%, 68.8%, 72.8%, 66.4%, 71.6%, 76.6%, 77.0%, 68.6%, 77.0%, 70.0%, 68.2%, 39.8%]",,,,
15,parallel,51,51,0.044928473684210525,1.3111722111701964,1.3316502571105957,0.0001111111111111111,69.425,"[60.6%, 68.4%, 74.6%, 66.4%, 86.2%, 68.8%, 72.8%, 66.4%, 71.6%, 76.6%, 77.0%, 68.6%, 77.0%, 70.0%, 68.2%, 37.6%]",,,,
15,parallel,52,52,0.04439227157894737,1.382428202033043,1.3526988737285137,0.0001111111111111111,69.525,"[60.6%, 68.4%, 74.6%, 66.4%, 86.2%, 68.8%, 72.8%, 66.4%, 71.6%, 76.6%, 77.0%, 68.6%, 77.0%, 70.0%, 68.2%, 39.2%]",,,,
15,parallel,53,53,0.044021054736842105,1.3142475098371507,1.3190072774887085,0.0001111111111111111,69.60000000000001,"[60.6%, 68.4%, 74.6%, 66.4%, 86.2%, 68.8%, 72.8%, 66.4%, 71.6%, 76.6%, 77.0%, 68.6%, 77.0%, 70.0%, 68.2%, 40.4%]",,,,
15,parallel,54,54,0.04381482315789474,1.2781295031309128,1.3044738173484802,0.0001111111111111111,69.5125,"[60.6%, 68.4%, 74.6%, 66.4%, 86.2%, 68.8%, 72.8%, 66.4%, 71.6%, 76.6%, 77.0%, 68.6%, 77.0%, 70.0%, 68.2%, 39.0%]",,,,
15,parallel,55,55,0.04376842105263158,1.25982309281826,1.3064461573958397,0.0001111111111111111,69.55,"[60.6%, 68.4%, 74.6%, 66.4%, 86.2%, 68.8%, 72.8%, 66.4%, 71.6%, 76.6%, 77.0%, 68.6%, 77.0%, 70.0%, 68.2%, 39.6%]",,,,
15,weights,1,56,0.04376842105263158,1.2682106643915176,1.2484814040362835,0.0001111111111111111,69.66250000000001,"[60.6%, 68.4%, 74.6%, 66.4%, 86.2%, 68.8%, 72.8%, 66.4%, 71.6%, 76.6%, 77.0%, 68.6%, 77.0%, 70.0%, 68.2%, 41.4%]",,,,
15,weights,2,57,0.04376842105263158,1.2581813752651214,1.2396498583257198,0.0001111111111111111,69.72500000000001,"[60.6%, 68.4%, 74.6%, 66.4%, 86.2%, 68.8%, 72.8%, 66.4%, 71.6%, 76.6%, 77.0%, 68.6%, 77.0%, 70.0%, 68.2%, 42.4%]",,,,
15,weights,3,58,0.04376842105263158,1.2296746671199799,1.230287168174982,0.0001111111111111111,69.6875,"[60.6%, 68.4%, 74.6%, 66.4%, 86.2%, 68.8%, 72.8%, 66.4%, 71.6%, 76.6%, 77.0%, 68.6%, 77.0%, 70.0%, 68.2%, 41.8%]",,,,
15,weights,4,59,0.04376842105263158,1.2436312645673753,1.2151068598031998,0.0001111111111111111,69.8625,"[60.6%, 68.4%, 74.6%, 66.4%, 86.2%, 68.8%, 72.8%, 66.4%, 71.6%, 76.6%, 77.0%, 68.6%, 77.0%, 70.0%, 68.2%, 44.6%]",,,,
15,weights,5,60,0.04376842105263158,1.2269282788038254,1.2073383890092373,0.0001111111111111111,69.97500000000001,"[60.6%, 68.4%, 74.6%, 66.4%, 86.2%, 68.8%, 72.8%, 66.4%, 71.6%, 76.6%, 77.0%, 68.6%, 77.0%, 70.0%, 68.2%, 46.4%]",,,,
15,weights,6,61,0.04376842105263158,1.2053881496191026,1.2115238439291716,0.0001111111111111111,69.9,"[60.6%, 68.4%, 74.6%, 66.4%, 86.2%, 68.8%, 72.8%, 66.4%, 71.6%, 76.6%, 77.0%, 68.6%, 77.0%, 70.0%, 68.2%, 45.2%]",,,,
15,weights,7,62,0.04376842105263158,1.1955215506255628,1.1986941136419773,0.0001111111111111111,69.875,"[60.6%, 68.4%, 74.6%, 66.4%, 86.2%, 68.8%, 72.8%, 66.4%, 71.6%, 76.6%, 77.0%, 68.6%, 77.0%, 70.0%, 68.2%, 44.8%]",,,,
15,weights,8,63,0.04376842105263158,1.2022229105234146,1.1918736398220062,0.0001111111111111111,69.9625,"[60.6%, 68.4%, 74.6%, 66.4%, 86.2%, 68.8%, 72.8%, 66.4%, 71.6%, 76.6%, 77.0%, 68.6%, 77.0%, 70.0%, 68.2%, 46.2%]",,,,
15,weights,9,64,0.04376842105263158,1.2143380776047707,1.1934589967131615,0.0001111111111111111,70.03750000000001,"[60.6%, 68.4%, 74.6%, 66.4%, 86.2%, 68.8%, 72.8%, 66.4%, 71.6%, 76.6%, 77.0%, 68.6%, 77.0%, 70.0%, 68.2%, 47.4%]",,,,
15,weights,10,65,0.04376842105263158,1.2305849701166154,1.1843231804668903,0.0001111111111111111,70.2625,"[60.6%, 68.4%, 74.6%, 66.4%, 86.2%, 68.8%, 72.8%, 66.4%, 71.6%, 76.6%, 77.0%, 68.6%, 77.0%, 70.0%, 68.2%, 51.0%]",,,,
15,weights,11,66,0.04376842105263158,1.1404168784618378,1.135065209120512,0.0001111111111111111,70.1125,"[60.6%, 68.4%, 74.6%, 66.4%, 86.2%, 68.8%, 72.8%, 66.4%, 71.6%, 76.6%, 77.0%, 68.6%, 77.0%, 70.0%, 68.2%, 48.6%]",,,,
15,weights,12,67,0.04376842105263158,1.1162514969706536,1.1131949052214622,0.0001111111111111111,70.1375,"[60.6%, 68.4%, 74.6%, 66.4%, 86.2%, 68.8%, 72.8%, 66.4%, 71.6%, 76.6%, 77.0%, 68.6%, 77.0%, 70.0%, 68.2%, 49.0%]",,,,
15,weights,13,68,0.04376842105263158,1.1340372636914253,1.1081435829401016,0.0001111111111111111,70.5,"[60.6%, 68.4%, 74.6%, 66.4%, 86.2%, 68.8%, 72.8%, 66.4%, 71.6%, 76.6%, 77.0%, 68.6%, 77.0%, 70.0%, 68.2%, 54.8%]",,,,
15,weights,14,69,0.04376842105263158,1.1222006872296333,1.1041461192071438,0.0001111111111111111,70.3625,"[60.6%, 68.4%, 74.6%, 66.4%, 86.2%, 68.8%, 72.8%, 66.4%, 71.6%, 76.6%, 77.0%, 68.6%, 77.0%, 70.0%, 68.2%, 52.6%]",,,,
15,weights,15,70,0.04376842105263158,1.1026618674397468,1.1780537888407707,0.0001111111111111111,69.97500000000001,"[60.6%, 68.4%, 74.6%, 66.4%, 86.2%, 68.8%, 72.8%, 66.4%, 71.6%, 76.6%, 77.0%, 68.6%, 77.0%, 70.0%, 68.2%, 46.4%]",,,,
15,weights,16,71,0.04376842105263158,1.1003001928329468,1.088250320404768,0.0001111111111111111,70.325,"[60.6%, 68.4%, 74.6%, 66.4%, 86.2%, 68.8%, 72.8%, 66.4%, 71.6%, 76.6%, 77.0%, 68.6%, 77.0%, 70.0%, 68.2%, 52.0%]",,,,
15,weights,17,72,0.04376842105263158,1.0743507236242293,1.117884088307619,0.0001111111111111111,70.1875,"[60.6%, 68.4%, 74.6%, 66.4%, 86.2%, 68.8%, 72.8%, 66.4%, 71.6%, 76.6%, 77.0%, 68.6%, 77.0%, 70.0%, 68.2%, 49.8%]",,,,
15,weights,18,73,0.04376842105263158,1.0734596326947212,1.2701272740960121,0.0001111111111111111,70.0,"[60.6%, 68.4%, 74.6%, 66.4%, 86.2%, 68.8%, 72.8%, 66.4%, 71.6%, 76.6%, 77.0%, 68.6%, 77.0%, 70.0%, 68.2%, 46.8%]",,,,
15,weights,19,74,0.04376842105263158,1.1203721538186073,1.066276529803872,0.0001111111111111111,70.325,"[60.6%, 68.4%, 74.6%, 66.4%, 86.2%, 68.8%, 72.8%, 66.4%, 71.6%, 76.6%, 77.0%, 68.6%, 77.0%, 70.0%, 68.2%, 52.0%]",,,,
15,weights,20,75,0.04376842105263158,1.0625653982162475,1.0593296028673649,0.0001111111111111111,70.525,"[60.6%, 68.4%, 74.6%, 66.4%, 86.2%, 68.8%, 72.8%, 66.4%, 71.6%, 76.6%, 77.0%, 68.6%, 77.0%, 70.0%, 68.2%, 55.2%]",,,,
15,weights,21,76,0.04376842105263158,1.0340499594807624,1.0722221806645393,0.0001111111111111111,70.35000000000001,"[60.6%, 68.4%, 74.6%, 66.4%, 86.2%, 68.8%, 72.8%, 66.4%, 71.6%, 76.6%, 77.0%, 68.6%, 77.0%, 70.0%, 68.2%, 52.4%]",,,,
15,weights,22,77,0.04376842105263158,1.038251380622387,1.0981508865952492,0.0001111111111111111,70.325,"[60.6%, 68.4%, 74.6%, 66.4%, 86.2%, 68.8%, 72.8%, 66.4%, 71.6%, 76.6%, 77.0%, 68.6%, 77.0%, 70.0%, 68.2%, 52.0%]",,,,
15,weights,23,78,0.04376842105263158,1.0603153243660928,1.1865096502006054,0.0001111111111111111,70.325,"[60.6%, 68.4%, 74.6%, 66.4%, 86.2%, 68.8%, 72.8%, 66.4%, 71.6%, 76.6%, 77.0%, 68.6%, 77.0%, 70.0%, 68.2%, 52.0%]",,,,
15,weights,24,79,0.04376842105263158,1.079013668000698,1.2004317305982113,0.0001111111111111111,70.2,"[60.6%, 68.4%, 74.6%, 66.4%, 86.2%, 68.8%, 72.8%, 66.4%, 71.6%, 76.6%, 77.0%, 68.6%, 77.0%, 70.0%, 68.2%, 50.0%]",,,,
15,weights,25,80,0.04376842105263158,1.0576926290988922,1.059463046491146,0.0001111111111111111,70.5625,"[60.6%, 68.4%, 74.6%, 66.4%, 86.2%, 68.8%, 72.8%, 66.4%, 71.6%, 76.6%, 77.0%, 68.6%, 77.0%, 70.0%, 68.2%, 55.8%]",31.012500000000003,"[0.0%, 26.0%, 29.6%, 9.4%, 86.2%, 27.4%, 38.0%, 16.6%, 32.6%, 41.8%, 24.6%, 31.6%, 56.2%, 31.2%, 34.4%, 10.6%]",48.80000000000001,"[46.0%, 53.0%, 44.4%, 28.4%, 75.0%, 68.8%, 72.8%, 32.6%, 63.2%, 32.6%, 54.2%, 28.0%, 56.2%, 47.0%, 34.4%, 44.2%]"
16,parallel,1,1,0.2,17.62735800743103,12.269970774650574,0.0001111111111111111,66.41176470588235,"[60.6%, 68.4%, 74.6%, 66.4%, 86.2%, 68.8%, 72.8%, 66.4%, 71.6%, 76.6%, 77.0%, 68.6%, 76.8%, 70.0%, 68.2%, 56.0%, 0.0%]",,,,
16,parallel,2,2,0.2,10.245937156677247,8.413426756858826,0.0001111111111111111,66.39999999999999,"[60.6%, 68.4%, 74.6%, 66.4%, 86.2%, 68.8%, 72.8%, 66.4%, 71.6%, 76.6%, 76.8%, 68.4%, 77.0%, 70.0%, 68.2%, 56.0%, 0.0%]",,,,
16,parallel,3,3,0.2,6.76646636724472,5.0364686250686646,0.0001111111111111111,66.39999999999999,"[60.6%, 68.4%, 74.6%, 66.4%, 86.2%, 68.8%, 73.0%, 66.4%, 71.6%, 76.6%, 76.8%, 68.2%, 77.0%, 70.0%, 68.2%, 56.0%, 0.0%]",,,,
16,parallel,4,4,0.2,3.6670507907867433,2.5125894844532013,0.0001111111111111111,67.5764705882353,"[60.6%, 68.4%, 74.6%, 66.4%, 86.2%, 68.8%, 72.8%, 66.4%, 71.6%, 76.6%, 76.8%, 68.4%, 77.0%, 70.0%, 68.2%, 56.0%, 20.0%]",,,,
16,parallel,5,5,0.198431195,2.0841795980930327,1.8259232938289642,0.0001111111111111111,67.5764705882353,"[60.6%, 68.4%, 74.6%, 66.4%, 86.2%, 68.8%, 72.8%, 66.4%, 71.6%, 76.6%, 76.8%, 68.4%, 77.0%, 70.0%, 68.2%, 56.0%, 20.0%]",,,,
16,parallel,6,6,0.19223461184210527,1.8958963215351106,1.769007921218872,0.0001111111111111111,67.5764705882353,"[60.6%, 68.4%, 74.6%, 66.4%, 86.2%, 68.8%, 72.8%, 66.4%, 71.6%, 76.6%, 76.8%, 68.4%, 77.0%, 70.0%, 68.2%, 56.0%, 20.0%]",,,,
16,parallel,7,7,0.18616384763157895,1.7813748657703399,1.7276044934988022,0.0001111111111111111,67.5764705882353,"[60.6%, 68.4%, 74.6%, 66.4%, 86.2%, 68.8%, 72.8%, 66.4%, 71.6%, 76.6%, 76.8%, 68.4%, 77.0%, 70.0%, 68.2%, 56.0%, 20.0%]",,,,
16,parallel,8,8,0.18021890236842109,1.7318572252988815,1.7056200206279755,0.0001111111111111111,67.5764705882353,"[60.6%, 68.4%, 74.6%, 66.4%, 86.2%, 68.8%, 72.8%, 66.4%, 71.6%, 76.6%, 76.8%, 68.4%, 77.0%, 70.0%, 68.2%, 56.0%, 20.0%]",,,,
16,parallel,9,9,0.1743997760526316,1.7389064878225327,1.6957722008228302,0.0001111111111111111,67.5764705882353,"[60.6%, 68.4%, 74.6%, 66.4%, 86.2%, 68.8%, 72.8%, 66.4%, 71.6%, 76.6%, 76.8%, 68.4%, 77.0%, 70.0%, 68.2%, 56.0%, 20.0%]",,,,
16,parallel,10,10,0.16870646868421055,1.7479821890592575,1.6969597041606903,0.0001111111111111111,67.5764705882353,"[60.6%, 68.4%, 74.6%, 66.4%, 86.2%, 68.8%, 72.8%, 66.4%, 71.6%, 76.6%, 76.8%, 68.4%, 77.0%, 70.0%, 68.2%, 56.0%, 20.0%]",,,,
16,parallel,11,11,0.1631389802631579,1.6937714248895646,1.6694125533103943,0.0001111111111111111,67.5764705882353,"[60.6%, 68.4%, 74.6%, 66.4%, 86.2%, 68.8%, 72.8%, 66.4%, 71.6%, 76.6%, 76.8%, 68.4%, 77.0%, 70.0%, 68.2%, 56.0%, 20.0%]",,,,
16,parallel,12,12,0.1576973107894737,1.7582104295492171,1.7254422903060913,0.0001111111111111111,67.5764705882353,"[60.6%, 68.4%, 74.6%, 66.4%, 86.2%, 68.8%, 72.8%, 66.4%, 71.6%, 76.6%, 76.8%, 68.4%, 77.0%, 70.0%, 68.2%, 56.0%, 20.0%]",,,,
16,parallel,13,13,0.1523814602631579,1.772116369009018,1.7121792435646057,0.0001111111111111111,67.5764705882353,"[60.6%, 68.4%, 74.6%, 66.4%, 86.2%, 68.8%, 72.8%, 66.4%, 71.6%, 76.6%, 76.8%, 68.4%, 77.0%, 70.0%, 68.2%, 56.0%, 20.0%]",,,,
16,parallel,14,14,0.14719142868421053,1.7089035391807557,1.6866250187158585,0.0001111111111111111,67.5764705882353,"[60.6%, 68.4%, 74.6%, 66.4%, 86.2%, 68.8%, 72.8%, 66.4%, 71.6%, 76.6%, 76.8%, 68.4%, 77.0%, 70.0%, 68.2%, 56.0%, 20.0%]",,,,
16,parallel,15,15,0.1421272160526316,1.7204141467809677,1.7065778374671936,0.0001111111111111111,67.5764705882353,"[60.6%, 68.4%, 74.6%, 66.4%, 86.2%, 68.8%, 72.8%, 66.4%, 71.6%, 76.6%, 76.8%, 68.4%, 77.0%, 70.0%, 68.2%, 56.0%, 20.0%]",,,,
16,parallel,16,16,0.13718882236842106,1.7355866938829423,1.6997582018375397,0.0001111111111111111,67.5764705882353,"[60.6%, 68.4%, 74.6%, 66.4%, 86.2%, 68.8%, 72.8%, 66.4%, 71.6%, 76.6%, 76.8%, 68.4%, 77.0%, 70.0%, 68.2%, 56.0%, 20.0%]",,,,
16,parallel,17,17,0.13237624763157896,1.6859545916318894,1.6638527512550354,0.0001111111111111111,67.5764705882353,"[60.6%, 68.4%, 74.6%, 66.4%, 86.2%, 68.8%, 72.8%, 66.4%, 71.6%, 76.6%, 76.8%, 68.4%, 77.0%, 70.0%, 68.2%, 56.0%, 20.0%]",,,,
16,parallel,18,18,0.12768949184210526,1.6569100260734557,1.646558940410614,0.0001111111111111111,67.5764705882353,"[60.6%, 68.4%, 74.6%, 66.4%, 86.2%, 68.8%, 72.8%, 66.4%, 71.6%, 76.6%, 76.8%, 68.4%, 77.0%, 70.0%, 68.2%, 56.0%, 20.0%]",,,,
16,parallel,19,19,0.12312855500000003,1.6449293434619903,1.6376446634531021,0.0001111111111111111,67.5764705882353,"[60.6%, 68.4%, 74.6%, 66.4%, 86.2%, 68.8%, 72.8%, 66.4%, 71.6%, 76.6%, 76.8%, 68.4%, 77.0%, 70.0%, 68.2%, 56.0%, 20.0%]",,,,
16,parallel,20,20,0.11869343710526317,1.6391377329826355,1.6337243616580963,0.0001111111111111111,67.5764705882353,"[60.6%, 68.4%, 74.6%, 66.4%, 86.2%, 68.8%, 72.8%, 66.4%, 71.6%, 76.6%, 76.8%, 68.4%, 77.0%, 70.0%, 68.2%, 56.0%, 20.0%]",,,,
16,parallel,21,21,0.11438413815789475,1.6325360149145127,1.6149410009384155,0.0001111111111111111,68.21176470588235,"[60.6%, 68.4%, 74.6%, 66.4%, 86.2%, 68.8%, 72.8%, 66.4%, 71.6%, 76.6%, 76.8%, 68.4%, 77.0%, 70.0%, 68.2%, 56.0%, 30.8%]",,,,
16,parallel,22,22,0.11020065815789476,1.641219401359558,1.5047540217638016,0.0001111111111111111,68.19999999999999,"[60.6%, 68.4%, 74.6%, 66.4%, 86.2%, 68.8%, 72.8%, 66.4%, 71.6%, 76.6%, 76.8%, 68.4%, 77.0%, 70.0%, 68.2%, 56.0%, 30.6%]",,,,
16,parallel,23,23,0.10614299710526318,1.3950651824474334,1.4688382297754288,0.0001111111111111111,68.36470588235295,"[60.6%, 68.4%, 74.6%, 66.4%, 86.2%, 68.8%, 72.8%, 66.4%, 71.6%, 76.6%, 76.8%, 68.4%, 77.0%, 70.0%, 68.2%, 56.0%, 33.4%]",,,,
16,parallel,24,24,0.102211155,1.2755348086357117,1.236608274281025,0.0001111111111111111,68.5764705882353,"[60.6%, 68.4%, 74.6%, 66.4%, 86.2%, 68.8%, 72.8%, 66.4%, 71.6%, 76.6%, 76.8%, 68.4%, 77.0%, 70.0%, 68.2%, 56.0%, 37.0%]",,,,
16,parallel,25,25,0.09840513184210527,1.2667877972126007,1.5678563714027405,0.0001111111111111111,68.32941176470588,"[60.6%, 68.4%, 74.6%, 66.4%, 86.2%, 68.8%, 72.8%, 66.4%, 71.6%, 76.6%, 76.8%, 68.4%, 77.0%, 70.0%, 68.2%, 56.0%, 32.8%]",,,,
16,parallel,26,26,0.09472492763157894,1.2588429003953934,1.2269882932305336,0.0001111111111111111,68.90588235294116,"[60.6%, 68.4%, 74.6%, 66.4%, 86.2%, 68.8%, 72.8%, 66.4%, 71.6%, 76.6%, 76.8%, 68.4%, 77.0%, 70.0%, 68.2%, 56.0%, 42.6%]",,,,
16,parallel,27,27,0.09117054236842104,1.5385841339826585,1.3667374029755592,0.0001111111111111111,68.63529411764705,"[60.6%, 68.4%, 74.6%, 66.4%, 86.2%, 68.8%, 72.8%, 66.4%, 71.6%, 76.6%, 76.8%, 68.4%, 77.0%, 70.0%, 68.2%, 56.0%, 38.0%]",,,,
16,parallel,28,28,0.08774197605263157,1.3038977891206742,1.2787117958068848,0.0001111111111111111,68.70588235294117,"[60.6%, 68.4%, 74.6%, 66.4%, 86.2%, 68.8%, 72.8%, 66.4%, 71.6%, 76.6%, 76.8%, 68.4%, 77.0%, 70.0%, 68.2%, 56.0%, 39.2%]",,,,
16,parallel,29,29,0.08443922868421053,1.2308491110801696,1.202386423945427,0.0001111111111111111,68.96470588235293,"[60.6%, 68.4%, 74.6%, 66.4%, 86.2%, 68.8%, 72.8%, 66.4%, 71.6%, 76.6%, 76.8%, 68.4%, 77.0%, 70.0%, 68.2%, 56.0%, 43.6%]",,,,
16,parallel,30,30,0.0812623002631579,1.202331829071045,1.2176038846373558,0.0001111111111111111,68.88235294117646,"[60.6%, 68.4%, 74.6%, 66.4%, 86.2%, 68.8%, 72.8%, 66.4%, 71.6%, 76.6%, 76.8%, 68.4%, 77.0%, 70.0%, 68.2%, 56.0%, 42.2%]",,,,
16,parallel,31,31,0.0782111907894737,1.1868958264589309,1.1416080743074417,0.0001111111111111111,69.10588235294118,"[60.6%, 68.4%, 74.6%, 66.4%, 86.2%, 68.8%, 72.8%, 66.4%, 71.6%, 76.6%, 76.8%, 68.4%, 77.0%, 70.0%, 68.2%, 56.0%, 46.0%]",,,,
16,parallel,32,32,0.0752859002631579,1.3340020507574082,1.3230914399027824,0.0001111111111111111,68.69411764705882,"[60.6%, 68.4%, 74.6%, 66.4%, 86.2%, 68.8%, 72.8%, 66.4%, 71.6%, 76.6%, 76.8%, 68.4%, 77.0%, 70.0%, 68.2%, 56.0%, 39.0%]",,,,
16,parallel,33,33,0.07248642868421054,1.252511441707611,1.2401824966073036,0.0001111111111111111,68.84705882352941,"[60.6%, 68.4%, 74.6%, 66.4%, 86.2%, 68.8%, 72.8%, 66.4%, 71.6%, 76.6%, 76.8%, 68.4%, 77.0%, 70.0%, 68.2%, 56.0%, 41.6%]",,,,
16,parallel,34,34,0.06981277605263159,1.2734856963157655,1.3354816883802414,0.0001111111111111111,68.68235294117646,"[60.6%, 68.4%, 74.6%, 66.4%, 86.2%, 68.8%, 72.8%, 66.4%, 71.6%, 76.6%, 76.8%, 68.4%, 77.0%, 70.0%, 68.2%, 56.0%, 38.8%]",,,,
16,parallel,35,35,0.06726494236842107,1.2348303198814392,1.3282244428992271,0.0001111111111111111,68.69411764705882,"[60.6%, 68.4%, 74.6%, 66.4%, 86.2%, 68.8%, 72.8%, 66.4%, 71.6%, 76.6%, 76.8%, 68.4%, 77.0%, 70.0%, 68.2%, 56.0%, 39.0%]",,,,
16,parallel,36,36,0.06484292763157895,1.2755808144807816,1.2645761370658875,0.0001111111111111111,69.07058823529412,"[60.6%, 68.4%, 74.6%, 66.4%, 86.2%, 68.8%, 72.8%, 66.4%, 71.6%, 76.6%, 76.8%, 68.4%, 77.0%, 70.0%, 68.2%, 56.0%, 45.4%]",,,,
16,parallel,37,37,0.06254673184210527,1.2153471201658248,1.2346731126308441,0.0001111111111111111,69.0,"[60.6%, 68.4%, 74.6%, 66.4%, 86.2%, 68.8%, 72.8%, 66.4%, 71.6%, 76.6%, 76.8%, 68.4%, 77.0%, 70.0%, 68.2%, 56.0%, 44.2%]",,,,
16,parallel,38,38,0.060376355,1.378245609998703,1.6424833536148071,0.0001111111111111111,68.2235294117647,"[60.6%, 68.4%, 74.6%, 66.4%, 86.2%, 68.8%, 72.8%, 66.4%, 71.6%, 76.6%, 76.8%, 68.4%, 77.0%, 70.0%, 68.2%, 56.0%, 31.0%]",,,,
16,parallel,39,39,0.05833179710526316,1.270288322865963,1.3849130794405937,0.0001111111111111111,68.65882352941176,"[60.6%, 68.4%, 74.6%, 66.4%, 86.2%, 68.8%, 72.8%, 66.4%, 71.6%, 76.6%, 76.8%, 68.4%, 77.0%, 70.0%, 68.2%, 56.0%, 38.4%]",,,,
16,parallel,40,40,0.05641305815789474,1.2274133563041687,1.3270567953586578,0.0001111111111111111,68.94117647058823,"[60.6%, 68.4%, 74.6%, 66.4%, 86.2%, 68.8%, 72.8%, 66.4%, 71.6%, 76.6%, 76.8%, 68.4%, 77.0%, 70.0%, 68.2%, 56.0%, 43.2%]",,,,
16,parallel,41,41,0.054620138157894745,1.1949370875954628,1.2980318665504456,0.0001111111111111111,68.94117647058823,"[60.6%, 68.4%, 74.6%, 66.4%, 86.2%, 68.8%, 72.8%, 66.4%, 71.6%, 76.6%, 76.8%, 68.4%, 77.0%, 70.0%, 68.2%, 56.0%, 43.2%]",,,,
16,parallel,42,42,0.05295303710526316,1.1765495419502259,1.2584626972675323,0.0001111111111111111,69.10588235294118,"[60.6%, 68.4%, 74.6%, 66.4%, 86.2%, 68.8%, 72.8%, 66.4%, 71.6%, 76.6%, 76.8%, 68.4%, 77.0%, 70.0%, 68.2%, 56.0%, 46.0%]",,,,
16,parallel,43,43,0.051411755,1.1571220204234123,1.2398578971624374,0.0001111111111111111,69.43529411764705,"[60.6%, 68.4%, 74.6%, 66.4%, 86.2%, 68.8%, 72.8%, 66.4%, 71.6%, 76.6%, 76.8%, 68.4%, 77.0%, 70.0%, 68.2%, 56.0%, 51.6%]",,,,
16,parallel,44,44,0.049996291842105266,1.1844361156225205,1.1720139756798744,0.0001111111111111111,69.37647058823529,"[60.6%, 68.4%, 74.6%, 66.4%, 86.2%, 68.8%, 72.8%, 66.4%, 71.6%, 76.6%, 76.8%, 68.4%, 77.0%, 70.0%, 68.2%, 56.0%, 50.6%]",,,,
16,parallel,45,45,0.04870664763157895,1.2279508277773856,1.5455957800149918,0.0001111111111111111,68.90588235294116,"[60.6%, 68.4%, 74.6%, 66.4%, 86.2%, 68.8%, 72.8%, 66.4%, 71.6%, 76.6%, 76.8%, 68.4%, 77.0%, 70.0%, 68.2%, 56.0%, 42.6%]",,,,
16,parallel,46,46,0.047542822368421056,1.1838325396180154,1.3139033913612366,0.0001111111111111111,69.17647058823529,"[60.6%, 68.4%, 74.6%, 66.4%, 86.2%, 68.8%, 72.8%, 66.4%, 71.6%, 76.6%, 76.8%, 68.4%, 77.0%, 70.0%, 68.2%, 56.0%, 47.2%]",,,,
16,parallel,47,47,0.046504816052631584,1.6374908804893493,1.5701949745416641,0.0001111111111111111,68.17647058823529,"[60.6%, 68.4%, 74.6%, 66.4%, 86.2%, 68.8%, 72.8%, 66.4%, 71.6%, 76.6%, 76.8%, 68.4%, 77.0%, 70.0%, 68.2%, 56.0%, 30.2%]",,,,
16,parallel,48,48,0.04559262868421053,1.3594093382358552,1.8081455677747726,0.0001111111111111111,68.03529411764706,"[60.6%, 68.4%, 74.6%, 66.4%, 86.2%, 68.8%, 72.8%, 66.4%, 71.6%, 76.6%, 76.8%, 68.4%, 77.0%, 70.0%, 68.2%, 56.0%, 27.8%]",,,,
16,parallel,49,49,0.0448062602631579,1.3228475749492645,1.4180951192975044,0.0001111111111111111,68.76470588235294,"[60.6%, 68.4%, 74.6%, 66.4%, 86.2%, 68.8%, 72.8%, 66.4%, 71.6%, 76.6%, 76.8%, 68.4%, 77.0%, 70.0%, 68.2%, 56.0%, 40.2%]",,,,
16,parallel,50,50,0.044145710789473686,1.2400234058499335,1.529745675623417,0.0001111111111111111,68.55294117647058,"[60.6%, 68.4%, 74.6%, 66.4%, 86.2%, 68.8%, 72.8%, 66.4%, 71.6%, 76.6%, 76.8%, 68.4%, 77.0%, 70.0%, 68.2%, 56.0%, 36.6%]",,,,
16,parallel,51,51,0.0436109802631579,1.2325135886669158,1.3062683790922165,0.0001111111111111111,68.95294117647059,"[60.6%, 68.4%, 74.6%, 66.4%, 86.2%, 68.8%, 72.8%, 66.4%, 71.6%, 76.6%, 76.8%, 68.4%, 77.0%, 70.0%, 68.2%, 56.0%, 43.4%]",,,,
16,parallel,52,52,0.04320206868421053,1.2101976603269577,1.4442209750413895,0.0001111111111111111,68.84705882352941,"[60.6%, 68.4%, 74.6%, 66.4%, 86.2%, 68.8%, 72.8%, 66.4%, 71.6%, 76.6%, 76.8%, 68.4%, 77.0%, 70.0%, 68.2%, 56.0%, 41.6%]",,,,
16,parallel,53,53,0.042918976052631584,1.2210777074098587,1.4117305055260658,0.0001111111111111111,68.76470588235294,"[60.6%, 68.4%, 74.6%, 66.4%, 86.2%, 68.8%, 72.8%, 66.4%, 71.6%, 76.6%, 76.8%, 68.4%, 77.0%, 70.0%, 68.2%, 56.0%, 40.2%]",,,,
16,parallel,54,54,0.042761702368421056,1.1669129326939582,1.4875855147838593,0.0001111111111111111,68.83529411764707,"[60.6%, 68.4%, 74.6%, 66.4%, 86.2%, 68.8%, 72.8%, 66.4%, 71.6%, 76.6%, 76.8%, 68.4%, 77.0%, 70.0%, 68.2%, 56.0%, 41.4%]",,,,
16,parallel,55,55,0.04272631578947369,1.1589429378509521,1.4976274967193604,0.0001111111111111111,68.81176470588235,"[60.6%, 68.4%, 74.6%, 66.4%, 86.2%, 68.8%, 72.8%, 66.4%, 71.6%, 76.6%, 76.8%, 68.4%, 77.0%, 70.0%, 68.2%, 56.0%, 41.0%]",,,,
16,weights,1,56,0.04272631578947369,1.133754524588585,1.4529724717140198,0.0001111111111111111,68.87058823529412,"[60.6%, 68.4%, 74.6%, 66.4%, 86.2%, 68.8%, 72.8%, 66.4%, 71.6%, 76.6%, 76.8%, 68.4%, 77.0%, 70.0%, 68.2%, 56.0%, 42.0%]",,,,
16,weights,2,57,0.04272631578947369,1.1334438934922217,1.3097973391413689,0.0001111111111111111,69.11764705882354,"[60.6%, 68.4%, 74.6%, 66.4%, 86.2%, 68.8%, 72.8%, 66.4%, 71.6%, 76.6%, 76.8%, 68.4%, 77.0%, 70.0%, 68.2%, 56.0%, 46.2%]",,,,
16,weights,3,58,0.04272631578947369,1.1359729543328285,1.3006812781095505,0.0001111111111111111,69.04705882352941,"[60.6%, 68.4%, 74.6%, 66.4%, 86.2%, 68.8%, 72.8%, 66.4%, 71.6%, 76.6%, 76.8%, 68.4%, 77.0%, 70.0%, 68.2%, 56.0%, 45.0%]",,,,
16,weights,4,59,0.04272631578947369,1.1219587743282318,1.4127507954835892,0.0001111111111111111,68.94117647058823,"[60.6%, 68.4%, 74.6%, 66.4%, 86.2%, 68.8%, 72.8%, 66.4%, 71.6%, 76.6%, 76.8%, 68.4%, 77.0%, 70.0%, 68.2%, 56.0%, 43.2%]",,,,
16,weights,5,60,0.04272631578947369,1.1094010010361672,1.278236709535122,0.0001111111111111111,69.14117647058822,"[60.6%, 68.4%, 74.6%, 66.4%, 86.2%, 68.8%, 72.8%, 66.4%, 71.6%, 76.6%, 76.8%, 68.4%, 77.0%, 70.0%, 68.2%, 56.0%, 46.6%]",,,,
16,weights,6,61,0.04272631578947369,1.1126480743288993,1.4389843344688416,0.0001111111111111111,68.90588235294116,"[60.6%, 68.4%, 74.6%, 66.4%, 86.2%, 68.8%, 72.8%, 66.4%, 71.6%, 76.6%, 76.8%, 68.4%, 77.0%, 70.0%, 68.2%, 56.0%, 42.6%]",,,,
16,weights,7,62,0.04272631578947369,1.0881322197616101,1.4489551782608032,0.0001111111111111111,68.87058823529412,"[60.6%, 68.4%, 74.6%, 66.4%, 86.2%, 68.8%, 72.8%, 66.4%, 71.6%, 76.6%, 76.8%, 68.4%, 77.0%, 70.0%, 68.2%, 56.0%, 42.0%]",,,,
16,weights,8,63,0.04272631578947369,1.0905157044529914,1.3181737437844276,0.0001111111111111111,69.12941176470588,"[60.6%, 68.4%, 74.6%, 66.4%, 86.2%, 68.8%, 72.8%, 66.4%, 71.6%, 76.6%, 76.8%, 68.4%, 77.0%, 70.0%, 68.2%, 56.0%, 46.4%]",,,,
16,weights,9,64,0.04272631578947369,1.0703126177191735,1.2832751721143723,0.0001111111111111111,69.03529411764706,"[60.6%, 68.4%, 74.6%, 66.4%, 86.2%, 68.8%, 72.8%, 66.4%, 71.6%, 76.6%, 76.8%, 68.4%, 77.0%, 70.0%, 68.2%, 56.0%, 44.8%]",,,,
16,weights,10,65,0.04272631578947369,1.0533576920628547,1.1623343899846077,0.0001111111111111111,69.34117647058824,"[60.6%, 68.4%, 74.6%, 66.4%, 86.2%, 68.8%, 72.8%, 66.4%, 71.6%, 76.6%, 76.8%, 68.4%, 77.0%, 70.0%, 68.2%, 56.0%, 50.0%]",,,,
16,weights,11,66,0.04272631578947369,1.0614456564188004,1.3249648958444595,0.0001111111111111111,69.11764705882354,"[60.6%, 68.4%, 74.6%, 66.4%, 86.2%, 68.8%, 72.8%, 66.4%, 71.6%, 76.6%, 76.8%, 68.4%, 77.0%, 70.0%, 68.2%, 56.0%, 46.2%]",,,,
16,weights,12,67,0.04272631578947369,1.064407892525196,1.4235323555767536,0.0001111111111111111,69.04705882352941,"[60.6%, 68.4%, 74.6%, 66.4%, 86.2%, 68.8%, 72.8%, 66.4%, 71.6%, 76.6%, 76.8%, 68.4%, 77.0%, 70.0%, 68.2%, 56.0%, 45.0%]",,,,
16,weights,13,68,0.04272631578947369,1.071208368241787,1.2935838736593723,0.0001111111111111111,69.16470588235293,"[60.6%, 68.4%, 74.6%, 66.4%, 86.2%, 68.8%, 72.8%, 66.4%, 71.6%, 76.6%, 76.8%, 68.4%, 77.0%, 70.0%, 68.2%, 56.0%, 47.0%]",,,,
16,weights,14,69,0.04272631578947369,1.064982907474041,1.319120280444622,0.0001111111111111111,69.10588235294118,"[60.6%, 68.4%, 74.6%, 66.4%, 86.2%, 68.8%, 72.8%, 66.4%, 71.6%, 76.6%, 76.8%, 68.4%, 77.0%, 70.0%, 68.2%, 56.0%, 46.0%]",,,,
16,weights,15,70,0.04272631578947369,1.049613344669342,1.2491011321544647,0.0001111111111111111,69.23529411764706,"[60.6%, 68.4%, 74.6%, 66.4%, 86.2%, 68.8%, 72.8%, 66.4%, 71.6%, 76.6%, 76.8%, 68.4%, 77.0%, 70.0%, 68.2%, 56.0%, 48.2%]",,,,
16,weights,16,71,0.04272631578947369,1.0533866673707961,1.2849769070744514,0.0001111111111111111,69.30588235294118,"[60.6%, 68.4%, 74.6%, 66.4%, 86.2%, 68.8%, 72.8%, 66.4%, 71.6%, 76.6%, 76.8%, 68.4%, 77.0%, 70.0%, 68.2%, 56.0%, 49.4%]",,,,
16,weights,17,72,0.04272631578947369,1.0446201965212822,1.2900546230375767,0.0001111111111111111,69.32941176470588,"[60.6%, 68.4%, 74.6%, 66.4%, 86.2%, 68.8%, 72.8%, 66.4%, 71.6%, 76.6%, 76.8%, 68.4%, 77.0%, 70.0%, 68.2%, 56.0%, 49.8%]",,,,
16,weights,18,73,0.04272631578947369,1.0508405566215515,1.3560408353805542,0.0001111111111111111,69.19999999999999,"[60.6%, 68.4%, 74.6%, 66.4%, 86.2%, 68.8%, 72.8%, 66.4%, 71.6%, 76.6%, 76.8%, 68.4%, 77.0%, 70.0%, 68.2%, 56.0%, 47.6%]",,,,
16,weights,19,74,0.04272631578947369,1.0318183526396751,1.2475161626935005,0.0001111111111111111,69.41176470588235,"[60.6%, 68.4%, 74.6%, 66.4%, 86.2%, 68.8%, 72.8%, 66.4%, 71.6%, 76.6%, 76.8%, 68.4%, 77.0%, 70.0%, 68.2%, 56.0%, 51.2%]",,,,
16,weights,20,75,0.04272631578947369,1.0250141054391861,1.1656781770288944,0.0001111111111111111,69.48235294117647,"[60.6%, 68.4%, 74.6%, 66.4%, 86.2%, 68.8%, 72.8%, 66.4%, 71.6%, 76.6%, 76.8%, 68.4%, 77.0%, 70.0%, 68.2%, 56.0%, 52.4%]",,,,
16,weights,21,76,0.04272631578947369,1.0311001166701317,1.2794676683843136,0.0001111111111111111,69.37647058823529,"[60.6%, 68.4%, 74.6%, 66.4%, 86.2%, 68.8%, 72.8%, 66.4%, 71.6%, 76.6%, 76.8%, 68.4%, 77.0%, 70.0%, 68.2%, 56.0%, 50.6%]",,,,
16,weights,22,77,0.04272631578947369,1.0155044734477996,1.2203739993274212,0.0001111111111111111,69.38823529411764,"[60.6%, 68.4%, 74.6%, 66.4%, 86.2%, 68.8%, 72.8%, 66.4%, 71.6%, 76.6%, 76.8%, 68.4%, 77.0%, 70.0%, 68.2%, 56.0%, 50.8%]",,,,
16,weights,23,78,0.04272631578947369,1.017870770394802,1.3765588887035847,0.0001111111111111111,69.09411764705882,"[60.6%, 68.4%, 74.6%, 66.4%, 86.2%, 68.8%, 72.8%, 66.4%, 71.6%, 76.6%, 76.8%, 68.4%, 77.0%, 70.0%, 68.2%, 56.0%, 45.8%]",,,,
16,weights,24,79,0.04272631578947369,0.9886018723249436,1.2466421835124493,0.0001111111111111111,69.28235294117647,"[60.6%, 68.4%, 74.6%, 66.4%, 86.2%, 68.8%, 72.8%, 66.4%, 71.6%, 76.6%, 76.8%, 68.4%, 77.0%, 70.0%, 68.2%, 56.0%, 49.0%]",,,,
16,weights,25,80,0.04272631578947369,1.000927883386612,1.2619604878127575,0.0001111111111111111,69.25882352941176,"[60.6%, 68.4%, 74.6%, 66.4%, 86.2%, 68.8%, 72.8%, 66.4%, 71.6%, 76.6%, 76.8%, 68.4%, 77.0%, 70.0%, 68.2%, 56.0%, 48.6%]",30.423529411764708,"[0.0%, 26.0%, 29.6%, 9.4%, 86.2%, 27.4%, 38.2%, 16.6%, 32.6%, 41.8%, 24.6%, 31.8%, 56.0%, 31.2%, 34.4%, 10.6%, 20.8%]",44.788235294117655,"[46.0%, 43.4%, 47.0%, 28.4%, 75.0%, 68.8%, 63.6%, 32.6%, 71.6%, 20.2%, 45.6%, 28.2%, 56.0%, 47.0%, 22.4%, 33.6%, 32.0%]"
17,parallel,1,1,0.15,13.952804064750671,10.177116751670837,0.0001111111111111111,65.4111111111111,"[60.6%, 68.4%, 74.6%, 66.4%, 86.2%, 68.8%, 72.8%, 66.4%, 71.6%, 76.6%, 76.8%, 68.4%, 77.0%, 70.0%, 68.2%, 56.0%, 48.6%, 0.0%]",,,,
17,parallel,2,2,0.15,8.457772517204285,7.142175555229187,0.0001111111111111111,65.4111111111111,"[60.6%, 68.4%, 74.6%, 66.4%, 86.2%, 68.8%, 72.8%, 66.4%, 71.6%, 76.6%, 76.8%, 68.4%, 77.0%, 70.0%, 68.2%, 56.0%, 48.6%, 0.0%]",,,,
17,parallel,3,3,0.15,6.148130762577057,5.15702611207962,0.0001111111111111111,65.4111111111111,"[60.6%, 68.4%, 74.6%, 66.4%, 86.2%, 68.8%, 72.8%, 66.4%, 71.6%, 76.6%, 76.8%, 68.4%, 77.0%, 70.0%, 68.2%, 56.0%, 48.6%, 0.0%]",,,,
17,parallel,4,4,0.15,4.336188793182373,3.5268906354904175,0.0001111111111111111,65.4111111111111,"[60.6%, 68.4%, 74.6%, 66.4%, 86.2%, 68.8%, 72.8%, 66.4%, 71.6%, 76.6%, 76.8%, 68.4%, 77.0%, 70.0%, 68.2%, 56.0%, 48.6%, 0.0%]",,,,
17,parallel,5,5,0.14891955,2.8413185596466066,2.27998024225235,0.0001111111111111111,66.52222222222221,"[60.6%, 68.4%, 74.6%, 66.4%, 86.2%, 68.8%, 72.8%, 66.4%, 71.6%, 76.6%, 76.8%, 68.4%, 77.0%, 70.0%, 68.2%, 56.0%, 48.6%, 20.0%]",,,,
17,parallel,6,6,0.14465190789473684,1.9836887061595916,1.8337082266807556,0.0001111111111111111,66.52222222222221,"[60.6%, 68.4%, 74.6%, 66.4%, 86.2%, 68.8%, 72.8%, 66.4%, 71.6%, 76.6%, 76.8%, 68.4%, 77.0%, 70.0%, 68.2%, 56.0%, 48.6%, 20.0%]",,,,
17,parallel,7,7,0.14047091842105264,1.787650790810585,1.73338121175766,0.0001111111111111111,66.52222222222221,"[60.6%, 68.4%, 74.6%, 66.4%, 86.2%, 68.8%, 72.8%, 66.4%, 71.6%, 76.6%, 76.8%, 68.4%, 77.0%, 70.0%, 68.2%, 56.0%, 48.6%, 20.0%]",,,,
17,parallel,8,8,0.1363765815789474,1.7638823866844178,1.7256473898887634,0.0001111111111111111,66.52222222222221,"[60.6%, 68.4%, 74.6%, 66.4%, 86.2%, 68.8%, 72.8%, 66.4%, 71.6%, 76.6%, 76.8%, 68.4%, 77.0%, 70.0%, 68.2%, 56.0%, 48.6%, 20.0%]",,,,
17,parallel,9,9,0.13236889736842106,1.7084669798612595,1.6851721554994583,0.0001111111111111111,66.52222222222221,"[60.6%, 68.4%, 74.6%, 66.4%, 86.2%, 68.8%, 72.8%, 66.4%, 71.6%, 76.6%, 76.8%, 68.4%, 77.0%, 70.0%, 68.2%, 56.0%, 48.6%, 20.0%]",,,,
17,parallel,10,10,0.12844786578947368,1.6771129190921783,1.6651625782251358,0.0001111111111111111,66.52222222222221,"[60.6%, 68.4%, 74.6%, 66.4%, 86.2%, 68.8%, 72.8%, 66.4%, 71.6%, 76.6%, 76.8%, 68.4%, 77.0%, 70.0%, 68.2%, 56.0%, 48.6%, 20.0%]",,,,
17,parallel,11,11,0.12461348684210526,1.6740749537944795,1.659748911857605,0.0001111111111111111,66.52222222222221,"[60.6%, 68.4%, 74.6%, 66.4%, 86.2%, 68.8%, 72.8%, 66.4%, 71.6%, 76.6%, 76.8%, 68.4%, 77.0%, 70.0%, 68.2%, 56.0%, 48.6%, 20.0%]",,,,
17,parallel,12,12,0.12086576052631579,1.686449360847473,1.6703119277954102,0.0001111111111111111,66.52222222222221,"[60.6%, 68.4%, 74.6%, 66.4%, 86.2%, 68.8%, 72.8%, 66.4%, 71.6%, 76.6%, 76.8%, 68.4%, 77.0%, 70.0%, 68.2%, 56.0%, 48.6%, 20.0%]",,,,
17,parallel,13,13,0.11720468684210526,1.6612511068582534,1.6517334431409836,0.0001111111111111111,66.52222222222221,"[60.6%, 68.4%, 74.6%, 66.4%, 86.2%, 68.8%, 72.8%, 66.4%, 71.6%, 76.6%, 76.8%, 68.4%, 77.0%, 70.0%, 68.2%, 56.0%, 48.6%, 20.0%]",,,,
17,parallel,14,14,0.11363026578947368,1.6833191990852356,1.6625156849622726,0.0001111111111111111,66.52222222222221,"[60.6%, 68.4%, 74.6%, 66.4%, 86.2%, 68.8%, 72.8%, 66.4%, 71.6%, 76.6%, 76.8%, 68.4%, 77.0%, 70.0%, 68.2%, 56.0%, 48.6%, 20.0%]",,,,
17,parallel,15,15,0.11014249736842106,1.6632671117782594,1.651858314871788,0.0001111111111111111,66.52222222222221,"[60.6%, 68.4%, 74.6%, 66.4%, 86.2%, 68.8%, 72.8%, 66.4%, 71.6%, 76.6%, 76.8%, 68.4%, 77.0%, 70.0%, 68.2%, 56.0%, 48.6%, 20.0%]",,,,
17,parallel,16,16,0.10674138157894737,1.6927617907524108,1.6737658977508545,0.0001111111111111111,66.52222222222221,"[60.6%, 68.4%, 74.6%, 66.4%, 86.2%, 68.8%, 72.8%, 66.4%, 71.6%, 76.6%, 76.8%, 68.4%, 77.0%, 70.0%, 68.2%, 56.0%, 48.6%, 20.0%]",,,,
17,parallel,17,17,0.10342691842105263,1.7843545228242874,1.7494930028915405,0.0001111111111111111,66.52222222222221,"[60.6%, 68.4%, 74.6%, 66.4%, 86.2%, 68.8%, 72.8%, 66.4%, 71.6%, 76.6%, 76.8%, 68.4%, 77.0%, 70.0%, 68.2%, 56.0%, 48.6%, 20.0%]",,,,
17,parallel,18,18,0.10019910789473684,1.736832821369171,1.695034220814705,0.0001111111111111111,66.52222222222221,"[60.6%, 68.4%, 74.6%, 66.4%, 86.2%, 68.8%, 72.8%, 66.4%, 71.6%, 76.6%, 76.8%, 68.4%, 77.0%, 70.0%, 68.2%, 56.0%, 48.6%, 20.0%]",,,,
17,parallel,19,19,0.09705795000000002,1.6807052433490752,1.6649879068136215,0.0001111111111111111,66.52222222222221,"[60.6%, 68.4%, 74.6%, 66.4%, 86.2%, 68.8%, 72.8%, 66.4%, 71.6%, 76.6%, 76.8%, 68.4%, 77.0%, 70.0%, 68.2%, 56.0%, 48.6%, 20.0%]",,,,
17,parallel,20,20,0.0940034447368421,1.6582697749137878,1.6480928659439087,0.0001111111111111111,66.55555555555554,"[60.6%, 68.4%, 74.6%, 66.4%, 86.2%, 68.8%, 72.8%, 66.4%, 71.6%, 76.6%, 76.8%, 68.4%, 77.0%, 70.0%, 68.2%, 56.0%, 48.6%, 20.6%]",,,,
17,parallel,21,21,0.09103559210526316,1.6657155454158783,1.6526619046926498,0.0001111111111111111,66.52222222222221,"[60.6%, 68.4%, 74.6%, 66.4%, 86.2%, 68.8%, 72.8%, 66.4%, 71.6%, 76.6%, 76.8%, 68.4%, 77.0%, 70.0%, 68.2%, 56.0%, 48.6%, 20.0%]",,,,
17,parallel,22,22,0.08815439210526316,1.6568009048700332,1.6447785943746567,0.0001111111111111111,66.52222222222221,"[60.6%, 68.4%, 74.6%, 66.4%, 86.2%, 68.8%, 72.8%, 66.4%, 71.6%, 76.6%, 76.8%, 68.4%, 77.0%, 70.0%, 68.2%, 56.0%, 48.6%, 20.0%]",,,,
17,parallel,23,23,0.0853598447368421,1.6647211223840714,1.6597287356853485,0.0001111111111111111,66.52222222222221,"[60.6%, 68.4%, 74.6%, 66.4%, 86.2%, 68.8%, 72.8%, 66.4%, 71.6%, 76.6%, 76.8%, 68.4%, 77.0%, 70.0%, 68.2%, 56.0%, 48.6%, 20.0%]",,,,
17,parallel,24,24,0.08265195,1.6578623354434967,1.6490848660469055,0.0001111111111111111,66.52222222222221,"[60.6%, 68.4%, 74.6%, 66.4%, 86.2%, 68.8%, 72.8%, 66.4%, 71.6%, 76.6%, 76.8%, 68.4%, 77.0%, 70.0%, 68.2%, 56.0%, 48.6%, 20.0%]",,,,
17,parallel,25,25,0.08003070789473685,1.648407718539238,1.6394321471452713,0.0001111111111111111,66.52222222222221,"[60.6%, 68.4%, 74.6%, 66.4%, 86.2%, 68.8%, 72.8%, 66.4%, 71.6%, 76.6%, 76.8%, 68.4%, 77.0%, 70.0%, 68.2%, 56.0%, 48.6%, 20.0%]",,,,
17,parallel,26,26,0.07749611842105263,1.6429226726293564,1.629679262638092,0.0001111111111111111,66.52222222222221,"[60.6%, 68.4%, 74.6%, 66.4%, 86.2%, 68.8%, 72.8%, 66.4%, 71.6%, 76.6%, 76.8%, 68.4%, 77.0%, 70.0%, 68.2%, 56.0%, 48.6%, 20.0%]",,,,
17,parallel,27,27,0.07504818157894737,1.6297118991613389,1.6268291026353836,0.0001111111111111111,66.52222222222221,"[60.6%, 68.4%, 74.6%, 66.4%, 86.2%, 68.8%, 72.8%, 66.4%, 71.6%, 76.6%, 76.8%, 68.4%, 77.0%, 70.0%, 68.2%, 56.0%, 48.6%, 20.0%]",,,,
17,parallel,28,28,0.07268689736842104,1.6306717723608017,1.6259312182664871,0.0001111111111111111,66.53333333333333,"[60.6%, 68.4%, 74.6%, 66.4%, 86.2%, 68.8%, 72.8%, 66.4%, 71.6%, 76.6%, 76.8%, 68.4%, 77.0%, 70.0%, 68.2%, 56.0%, 48.6%, 20.2%]",,,,
17,parallel,29,29,0.07041226578947368,1.6254463344812393,1.6193206757307053,0.0001111111111111111,66.54444444444444,"[60.6%, 68.4%, 74.6%, 66.4%, 86.2%, 68.8%, 72.8%, 66.4%, 71.6%, 76.6%, 76.8%, 68.4%, 77.0%, 70.0%, 68.2%, 56.0%, 48.6%, 20.4%]",,,,
17,parallel,30,30,0.06822428684210527,1.6360508441925048,1.6264046281576157,0.0001111111111111111,66.74444444444444,"[60.6%, 68.4%, 74.6%, 66.4%, 86.2%, 68.8%, 72.8%, 66.4%, 71.6%, 76.6%, 76.8%, 68.4%, 77.0%, 70.0%, 68.2%, 56.0%, 48.6%, 24.0%]",,,,
17,parallel,31,31,0.06612296052631579,1.6255546867847444,1.590129554271698,0.0001111111111111111,67.15555555555555,"[60.6%, 68.4%, 74.6%, 66.4%, 86.2%, 68.8%, 72.8%, 66.4%, 71.6%, 76.6%, 76.8%, 68.4%, 77.0%, 70.0%, 68.2%, 56.0%, 48.6%, 31.4%]",,,,
17,parallel,32,32,0.06410828684210526,1.5614499926567078,1.5144115388393402,0.0001111111111111111,67.1,"[60.6%, 68.4%, 74.6%, 66.4%, 86.2%, 68.8%, 72.8%, 66.4%, 71.6%, 76.6%, 76.8%, 68.4%, 77.0%, 70.0%, 68.2%, 56.0%, 48.6%, 30.4%]",,,,
17,parallel,33,33,0.06218026578947369,1.540145117044449,1.5156386196613312,0.0001111111111111111,67.22222222222221,"[60.6%, 68.4%, 74.6%, 66.4%, 86.2%, 68.8%, 72.8%, 66.4%, 71.6%, 76.6%, 76.8%, 68.4%, 77.0%, 70.0%, 68.2%, 56.0%, 48.6%, 32.6%]",,,,
17,parallel,34,34,0.06033889736842106,1.492636862397194,1.5209050625562668,0.0001111111111111111,67.32222222222222,"[60.6%, 68.4%, 74.6%, 66.4%, 86.2%, 68.8%, 72.8%, 66.4%, 71.6%, 76.6%, 76.8%, 68.4%, 77.0%, 70.0%, 68.2%, 56.0%, 48.6%, 34.4%]",,,,
17,parallel,35,35,0.058584181578947375,1.4281623721122743,1.451115369796753,0.0001111111111111111,67.42222222222222,"[60.6%, 68.4%, 74.6%, 66.4%, 86.2%, 68.8%, 72.8%, 66.4%, 71.6%, 76.6%, 76.8%, 68.4%, 77.0%, 70.0%, 68.2%, 56.0%, 48.6%, 36.2%]",,,,
17,parallel,36,36,0.05691611842105264,1.3889471292495728,1.4557128846645355,0.0001111111111111111,67.33333333333331,"[60.6%, 68.4%, 74.6%, 66.4%, 86.2%, 68.8%, 72.8%, 66.4%, 71.6%, 76.6%, 76.8%, 68.4%, 77.0%, 70.0%, 68.2%, 56.0%, 48.6%, 34.6%]",,,,
17,parallel,37,37,0.05533470789473685,1.386796098947525,1.3432233855128288,0.0001111111111111111,67.76666666666667,"[60.6%, 68.4%, 74.6%, 66.4%, 86.2%, 68.8%, 72.8%, 66.4%, 71.6%, 76.6%, 76.8%, 68.4%, 77.0%, 70.0%, 68.2%, 56.0%, 48.6%, 42.4%]",,,,
17,parallel,38,38,0.053839950000000004,1.4168720096349716,1.320149004459381,0.0001111111111111111,67.84444444444443,"[60.6%, 68.4%, 74.6%, 66.4%, 86.2%, 68.8%, 72.8%, 66.4%, 71.6%, 76.6%, 76.8%, 68.4%, 77.0%, 70.0%, 68.2%, 56.0%, 48.6%, 43.8%]",,,,
17,parallel,39,39,0.052431844736842106,1.3568948656320572,1.3288036435842514,0.0001111111111111111,67.88888888888887,"[60.6%, 68.4%, 74.6%, 66.4%, 86.2%, 68.8%, 72.8%, 66.4%, 71.6%, 76.6%, 76.8%, 68.4%, 77.0%, 70.0%, 68.2%, 56.0%, 48.6%, 44.6%]",,,,
17,parallel,40,40,0.051110392105263164,1.3031027525663377,1.2136415094137192,0.0001111111111111111,67.96666666666665,"[60.6%, 68.4%, 74.6%, 66.4%, 86.2%, 68.8%, 72.8%, 66.4%, 71.6%, 76.6%, 76.8%, 68.4%, 77.0%, 70.0%, 68.2%, 56.0%, 48.6%, 46.0%]",,,,
17,parallel,41,41,0.04987559210526316,1.2859087467193604,1.2344398349523544,0.0001111111111111111,67.88888888888887,"[60.6%, 68.4%, 74.6%, 66.4%, 86.2%, 68.8%, 72.8%, 66.4%, 71.6%, 76.6%, 76.8%, 68.4%, 77.0%, 70.0%, 68.2%, 56.0%, 48.6%, 44.6%]",,,,
17,parallel,42,42,0.04872744473684211,1.2675741285085678,1.210519976913929,0.0001111111111111111,67.89999999999999,"[60.6%, 68.4%, 74.6%, 66.4%, 86.2%, 68.8%, 72.8%, 66.4%, 71.6%, 76.6%, 76.8%, 68.4%, 77.0%, 70.0%, 68.2%, 56.0%, 48.6%, 44.8%]",,,,
17,parallel,43,43,0.047665950000000006,1.2039725631475449,1.1824361681938171,0.0001111111111111111,68.05555555555554,"[60.6%, 68.4%, 74.6%, 66.4%, 86.2%, 68.8%, 72.8%, 66.4%, 71.6%, 76.6%, 76.8%, 68.4%, 77.0%, 70.0%, 68.2%, 56.0%, 48.6%, 47.6%]",,,,
17,parallel,44,44,0.04669110789473685,1.4728845596313476,1.3610107898712158,0.0001111111111111111,67.84444444444443,"[60.6%, 68.4%, 74.6%, 66.4%, 86.2%, 68.8%, 72.8%, 66.4%, 71.6%, 76.6%, 76.8%, 68.4%, 77.0%, 70.0%, 68.2%, 56.0%, 48.6%, 43.8%]",,,,
17,parallel,45,45,0.045802918421052635,1.3373443752527236,1.2847668528556824,0.0001111111111111111,68.0111111111111,"[60.6%, 68.4%, 74.6%, 66.4%, 86.2%, 68.8%, 72.8%, 66.4%, 71.6%, 76.6%, 76.8%, 68.4%, 77.0%, 70.0%, 68.2%, 56.0%, 48.6%, 46.8%]",,,,
17,parallel,46,46,0.045001381578947376,1.2788017600774766,1.272716224193573,0.0001111111111111111,67.94444444444443,"[60.6%, 68.4%, 74.6%, 66.4%, 86.2%, 68.8%, 72.8%, 66.4%, 71.6%, 76.6%, 76.8%, 68.4%, 77.0%, 70.0%, 68.2%, 56.0%, 48.6%, 45.6%]",,,,
17,parallel,47,47,0.04428649736842106,1.2412845581769942,1.2309785187244415,0.0001111111111111111,68.04444444444444,"[60.6%, 68.4%, 74.6%, 66.4%, 86.2%, 68.8%, 72.8%, 66.4%, 71.6%, 76.6%, 76.8%, 68.4%, 77.0%, 70.0%, 68.2%, 56.0%, 48.6%, 47.4%]",,,,
17,parallel,48,48,0.04365826578947369,1.2189001500606538,1.1913777142763138,0.0001111111111111111,68.1222222222222,"[60.6%, 68.4%, 74.6%, 66.4%, 86.2%, 68.8%, 72.8%, 66.4%, 71.6%, 76.6%, 76.8%, 68.4%, 77.0%, 70.0%, 68.2%, 56.0%, 48.6%, 48.8%]",,,,
17,parallel,49,49,0.04311668684210527,1.1855107069015502,1.1988320499658585,0.0001111111111111111,68.1111111111111,"[60.6%, 68.4%, 74.6%, 66.4%, 86.2%, 68.8%, 72.8%, 66.4%, 71.6%, 76.6%, 76.8%, 68.4%, 77.0%, 70.0%, 68.2%, 56.0%, 48.6%, 48.6%]",,,,
17,parallel,50,50,0.042661760526315796,1.2001783460378648,1.1952212676405907,0.0001111111111111111,68.17777777777776,"[60.6%, 68.4%, 74.6%, 66.4%, 86.2%, 68.8%, 72.8%, 66.4%, 71.6%, 76.6%, 76.8%, 68.4%, 77.0%, 70.0%, 68.2%, 56.0%, 48.6%, 49.8%]",,,,
17,parallel,51,51,0.042293486842105266,1.1496186062693596,1.2449995279312134,0.0001111111111111111,68.07777777777777,"[60.6%, 68.4%, 74.6%, 66.4%, 86.2%, 68.8%, 72.8%, 66.4%, 71.6%, 76.6%, 76.8%, 68.4%, 77.0%, 70.0%, 68.2%, 56.0%, 48.6%, 48.0%]",,,,
17,parallel,52,52,0.04201186578947369,1.1654738545417787,1.1319412216544151,0.0001111111111111111,68.19999999999999,"[60.6%, 68.4%, 74.6%, 66.4%, 86.2%, 68.8%, 72.8%, 66.4%, 71.6%, 76.6%, 76.8%, 68.4%, 77.0%, 70.0%, 68.2%, 56.0%, 48.6%, 50.2%]",,,,
17,parallel,53,53,0.041816897368421056,1.1323148399591445,1.1424457654356956,0.0001111111111111111,68.18888888888888,"[60.6%, 68.4%, 74.6%, 66.4%, 86.2%, 68.8%, 72.8%, 66.4%, 71.6%, 76.6%, 76.8%, 68.4%, 77.0%, 70.0%, 68.2%, 56.0%, 48.6%, 50.0%]",,,,
17,parallel,54,54,0.04170858157894738,1.1250716134905816,1.1125069484114647,0.0001111111111111111,68.21111111111111,"[60.6%, 68.4%, 74.6%, 66.4%, 86.2%, 68.8%, 72.8%, 66.4%, 71.6%, 76.6%, 76.8%, 68.4%, 77.0%, 70.0%, 68.2%, 56.0%, 48.6%, 50.4%]",,,,
17,parallel,55,55,0.041684210526315796,1.0958628863096238,1.1021088808774948,0.0001111111111111111,68.23333333333332,"[60.6%, 68.4%, 74.6%, 66.4%, 86.2%, 68.8%, 72.8%, 66.4%, 71.6%, 76.6%, 76.8%, 68.4%, 77.0%, 70.0%, 68.2%, 56.0%, 48.6%, 50.8%]",,,,
17,weights,1,56,0.041684210526315796,1.1060905247926711,1.0788306593894958,0.0001111111111111111,68.43333333333334,"[60.6%, 68.4%, 74.6%, 66.4%, 86.2%, 68.8%, 72.8%, 66.4%, 71.6%, 76.6%, 76.8%, 68.4%, 77.0%, 70.0%, 68.2%, 56.0%, 48.6%, 54.4%]",,,,
17,weights,2,57,0.041684210526315796,1.0830747291445733,1.0599182322621346,0.0001111111111111111,68.39999999999999,"[60.6%, 68.4%, 74.6%, 66.4%, 86.2%, 68.8%, 72.8%, 66.4%, 71.6%, 76.6%, 76.8%, 68.4%, 77.0%, 70.0%, 68.2%, 56.0%, 48.6%, 53.8%]",,,,
17,weights,3,58,0.041684210526315796,1.0728761196136474,1.0760014057159424,0.0001111111111111111,68.28888888888888,"[60.6%, 68.4%, 74.6%, 66.4%, 86.2%, 68.8%, 72.8%, 66.4%, 71.6%, 76.6%, 76.8%, 68.4%, 77.0%, 70.0%, 68.2%, 56.0%, 48.6%, 51.8%]",,,,
17,weights,4,59,0.041684210526315796,1.0612094834446908,1.0801830887794495,0.0001111111111111111,68.36666666666666,"[60.6%, 68.4%, 74.6%, 66.4%, 86.2%, 68.8%, 72.8%, 66.4%, 71.6%, 76.6%, 76.8%, 68.4%, 77.0%, 70.0%, 68.2%, 56.0%, 48.6%, 53.2%]",,,,
17,weights,5,60,0.041684210526315796,1.0446470573544502,1.0493266955018044,0.0001111111111111111,68.37777777777778,"[60.6%, 68.4%, 74.6%, 66.4%, 86.2%, 68.8%, 72.8%, 66.4%, 71.6%, 76.6%, 76.8%, 68.4%, 77.0%, 70.0%, 68.2%, 56.0%, 48.6%, 53.4%]",,,,
17,weights,6,61,0.041684210526315796,1.0391602262854576,1.027052454650402,0.0001111111111111111,68.54444444444444,"[60.6%, 68.4%, 74.6%, 66.4%, 86.2%, 68.8%, 72.8%, 66.4%, 71.6%, 76.6%, 76.8%, 68.4%, 77.0%, 70.0%, 68.2%, 56.0%, 48.6%, 56.4%]",,,,
17,weights,7,62,0.041684210526315796,1.0381965562701225,1.04940814524889,0.0001111111111111111,68.44444444444443,"[60.6%, 68.4%, 74.6%, 66.4%, 86.2%, 68.8%, 72.8%, 66.4%, 71.6%, 76.6%, 76.8%, 68.4%, 77.0%, 70.0%, 68.2%, 56.0%, 48.6%, 54.6%]",,,,
17,weights,8,63,0.041684210526315796,1.0255440562963485,1.035369910299778,0.0001111111111111111,68.49999999999999,"[60.6%, 68.4%, 74.6%, 66.4%, 86.2%, 68.8%, 72.8%, 66.4%, 71.6%, 76.6%, 76.8%, 68.4%, 77.0%, 70.0%, 68.2%, 56.0%, 48.6%, 55.6%]",,,,
17,weights,9,64,0.041684210526315796,1.0216153293848038,1.0049854964017868,0.0001111111111111111,68.6222222222222,"[60.6%, 68.4%, 74.6%, 66.4%, 86.2%, 68.8%, 72.8%, 66.4%, 71.6%, 76.6%, 76.8%, 68.4%, 77.0%, 70.0%, 68.2%, 56.0%, 48.6%, 57.8%]",,,,
17,weights,10,65,0.041684210526315796,0.9912313416600227,1.009064495563507,0.0001111111111111111,68.5111111111111,"[60.6%, 68.4%, 74.6%, 66.4%, 86.2%, 68.8%, 72.8%, 66.4%, 71.6%, 76.6%, 76.8%, 68.4%, 77.0%, 70.0%, 68.2%, 56.0%, 48.6%, 55.8%]",,,,
17,weights,11,66,0.041684210526315796,0.9983065888285637,0.9875402674078941,0.0001111111111111111,68.55555555555554,"[60.6%, 68.4%, 74.6%, 66.4%, 86.2%, 68.8%, 72.8%, 66.4%, 71.6%, 76.6%, 76.8%, 68.4%, 77.0%, 70.0%, 68.2%, 56.0%, 48.6%, 56.6%]",,,,
17,weights,12,67,0.041684210526315796,1.0101333126425742,0.9661042168736458,0.0001111111111111111,68.84444444444443,"[60.6%, 68.4%, 74.6%, 66.4%, 86.2%, 68.8%, 72.8%, 66.4%, 71.6%, 76.6%, 76.8%, 68.4%, 77.0%, 70.0%, 68.2%, 56.0%, 48.6%, 61.8%]",,,,
17,weights,13,68,0.041684210526315796,1.0012874215841294,0.9697409719228745,0.0001111111111111111,68.69999999999999,"[60.6%, 68.4%, 74.6%, 66.4%, 86.2%, 68.8%, 72.8%, 66.4%, 71.6%, 76.6%, 76.8%, 68.4%, 77.0%, 70.0%, 68.2%, 56.0%, 48.6%, 59.2%]",,,,
17,weights,14,69,0.041684210526315796,0.9655098065733909,0.9964324906468391,0.0001111111111111111,68.58888888888889,"[60.6%, 68.4%, 74.6%, 66.4%, 86.2%, 68.8%, 72.8%, 66.4%, 71.6%, 76.6%, 76.8%, 68.4%, 77.0%, 70.0%, 68.2%, 56.0%, 48.6%, 57.2%]",,,,
17,weights,15,70,0.041684210526315796,0.9737828329205513,0.9669054299592972,0.0001111111111111111,68.64444444444445,"[60.6%, 68.4%, 74.6%, 66.4%, 86.2%, 68.8%, 72.8%, 66.4%, 71.6%, 76.6%, 76.8%, 68.4%, 77.0%, 70.0%, 68.2%, 56.0%, 48.6%, 58.2%]",,,,
17,weights,16,71,0.041684210526315796,0.9843408271670342,0.9562999978661537,0.0001111111111111111,68.76666666666667,"[60.6%, 68.4%, 74.6%, 66.4%, 86.2%, 68.8%, 72.8%, 66.4%, 71.6%, 76.6%, 76.8%, 68.4%, 77.0%, 70.0%, 68.2%, 56.0%, 48.6%, 60.4%]",,,,
17,weights,17,72,0.041684210526315796,0.9648290202021599,0.9581169113516808,0.0001111111111111111,68.72222222222221,"[60.6%, 68.4%, 74.6%, 66.4%, 86.2%, 68.8%, 72.8%, 66.4%, 71.6%, 76.6%, 76.8%, 68.4%, 77.0%, 70.0%, 68.2%, 56.0%, 48.6%, 59.6%]",,,,
17,weights,18,73,0.041684210526315796,0.9377793148159981,0.9742195680737495,0.0001111111111111111,68.68888888888888,"[60.6%, 68.4%, 74.6%, 66.4%, 86.2%, 68.8%, 72.8%, 66.4%, 71.6%, 76.6%, 76.8%, 68.4%, 77.0%, 70.0%, 68.2%, 56.0%, 48.6%, 59.0%]",,,,
17,weights,19,74,0.041684210526315796,0.9624354630708695,0.9969657137989998,0.0001111111111111111,68.64444444444445,"[60.6%, 68.4%, 74.6%, 66.4%, 86.2%, 68.8%, 72.8%, 66.4%, 71.6%, 76.6%, 76.8%, 68.4%, 77.0%, 70.0%, 68.2%, 56.0%, 48.6%, 58.2%]",,,,
17,weights,20,75,0.041684210526315796,0.9348366215825081,0.9816235825419426,0.0001111111111111111,68.67777777777776,"[60.6%, 68.4%, 74.6%, 66.4%, 86.2%, 68.8%, 72.8%, 66.4%, 71.6%, 76.6%, 76.8%, 68.4%, 77.0%, 70.0%, 68.2%, 56.0%, 48.6%, 58.8%]",,,,
17,weights,21,76,0.041684210526315796,0.9300751596689224,0.9660908728837967,0.0001111111111111111,68.69999999999999,"[60.6%, 68.4%, 74.6%, 66.4%, 86.2%, 68.8%, 72.8%, 66.4%, 71.6%, 76.6%, 76.8%, 68.4%, 77.0%, 70.0%, 68.2%, 56.0%, 48.6%, 59.2%]",,,,
17,weights,22,77,0.041684210526315796,0.9399951219558715,0.9279320240020752,0.0001111111111111111,68.8111111111111,"[60.6%, 68.4%, 74.6%, 66.4%, 86.2%, 68.8%, 72.8%, 66.4%, 71.6%, 76.6%, 76.8%, 68.4%, 77.0%, 70.0%, 68.2%, 56.0%, 48.6%, 61.2%]",,,,
17,weights,23,78,0.041684210526315796,0.9308148622512817,0.914869099855423,0.0001111111111111111,68.83333333333331,"[60.6%, 68.4%, 74.6%, 66.4%, 86.2%, 68.8%, 72.8%, 66.4%, 71.6%, 76.6%, 76.8%, 68.4%, 77.0%, 70.0%, 68.2%, 56.0%, 48.6%, 61.6%]",,,,
17,weights,24,79,0.041684210526315796,0.9351736173033715,0.9399203211069107,0.0001111111111111111,68.71111111111111,"[60.6%, 68.4%, 74.6%, 66.4%, 86.2%, 68.8%, 72.8%, 66.4%, 71.6%, 76.6%, 76.8%, 68.4%, 77.0%, 70.0%, 68.2%, 56.0%, 48.6%, 59.4%]",,,,
17,weights,25,80,0.041684210526315796,0.9197080075740814,0.9503235593438148,0.0001111111111111111,68.78888888888888,"[60.6%, 68.4%, 74.6%, 66.4%, 86.2%, 68.8%, 72.8%, 66.4%, 71.6%, 76.6%, 76.8%, 68.4%, 77.0%, 70.0%, 68.2%, 56.0%, 48.6%, 60.8%]",28.733333333333334,"[0.0%, 26.0%, 29.6%, 9.4%, 86.2%, 27.4%, 38.2%, 16.6%, 32.6%, 41.8%, 24.6%, 31.8%, 56.0%, 31.2%, 34.4%, 10.6%, 20.8%, 0.0%]",42.01111111111111,"[35.0%, 34.8%, 55.2%, 28.4%, 75.0%, 62.6%, 72.8%, 24.6%, 50.0%, 22.2%, 34.8%, 28.2%, 56.0%, 47.0%, 22.4%, 44.2%, 26.6%, 36.4%]"
18,parallel,1,1,0.1,8.867782974243164,6.835994899272919,0.0001111111111111111,65.16842105263157,"[60.6%, 68.4%, 74.6%, 66.4%, 86.2%, 68.8%, 72.8%, 66.4%, 71.6%, 76.6%, 76.8%, 68.4%, 77.0%, 70.0%, 68.2%, 56.0%, 48.6%, 60.8%, 0.0%]",,,,
18,parallel,2,2,0.1,6.208394074440003,5.713993549346924,0.0001111111111111111,65.16842105263157,"[60.6%, 68.4%, 74.6%, 66.4%, 86.2%, 68.8%, 72.8%, 66.4%, 71.6%, 76.6%, 76.8%, 68.4%, 77.0%, 70.0%, 68.2%, 56.0%, 48.6%, 60.8%, 0.0%]",,,,
18,parallel,3,3,0.1,5.378083753585815,5.070956528186798,0.0001111111111111111,65.16842105263157,"[60.6%, 68.4%, 74.6%, 66.4%, 86.2%, 68.8%, 72.8%, 66.4%, 71.6%, 76.6%, 76.8%, 68.4%, 77.0%, 70.0%, 68.2%, 56.0%, 48.6%, 60.8%, 0.0%]",,,,
18,parallel,4,4,0.1,4.819428443908691,4.581156075000763,0.0001111111111111111,65.16842105263157,"[60.6%, 68.4%, 74.6%, 66.4%, 86.2%, 68.8%, 72.8%, 66.4%, 71.6%, 76.6%, 76.8%, 68.4%, 77.0%, 70.0%, 68.2%, 56.0%, 48.6%, 60.8%, 0.0%]",,,,
18,parallel,5,5,0.099407905,4.361085522174835,4.1123703718185425,0.0001111111111111111,65.16842105263157,"[60.6%, 68.4%, 74.6%, 66.4%, 86.2%, 68.8%, 72.8%, 66.4%, 71.6%, 76.6%, 76.8%, 68.4%, 77.0%, 70.0%, 68.2%, 56.0%, 48.6%, 60.8%, 0.0%]",,,,
18,parallel,6,6,0.09706920394736843,3.8744165897369385,3.5716456472873688,0.0001111111111111111,65.16842105263157,"[60.6%, 68.4%, 74.6%, 66.4%, 86.2%, 68.8%, 72.8%, 66.4%, 71.6%, 76.6%, 76.8%, 68.4%, 77.0%, 70.0%, 68.2%, 56.0%, 48.6%, 60.8%, 0.0%]",,,,
18,parallel,7,7,0.09477798921052633,3.304922008514404,3.0177261233329773,0.0001111111111111111,65.16842105263157,"[60.6%, 68.4%, 74.6%, 66.4%, 86.2%, 68.8%, 72.8%, 66.4%, 71.6%, 76.6%, 76.8%, 68.4%, 77.0%, 70.0%, 68.2%, 56.0%, 48.6%, 60.8%, 0.0%]",,,,
18,parallel,8,8,0.0925342607894737,2.7597704231739044,2.511151671409607,0.0001111111111111111,66.22105263157894,"[60.6%, 68.4%, 74.6%, 66.4%, 86.2%, 68.8%, 72.8%, 66.4%, 71.6%, 76.6%, 76.8%, 68.4%, 77.0%, 70.0%, 68.2%, 56.0%, 48.6%, 60.8%, 20.0%]",,,,
18,parallel,9,9,0.09033801868421054,2.324600577354431,2.1510997116565704,0.0001111111111111111,66.22105263157894,"[60.6%, 68.4%, 74.6%, 66.4%, 86.2%, 68.8%, 72.8%, 66.4%, 71.6%, 76.6%, 76.8%, 68.4%, 77.0%, 70.0%, 68.2%, 56.0%, 48.6%, 60.8%, 20.0%]",,,,
18,parallel,10,10,0.08818926289473684,2.029969018697739,1.9163248986005783,0.0001111111111111111,66.22105263157894,"[60.6%, 68.4%, 74.6%, 66.4%, 86.2%, 68.8%, 72.8%, 66.4%, 71.6%, 76.6%, 76.8%, 68.4%, 77.0%, 70.0%, 68.2%, 56.0%, 48.6%, 60.8%, 20.0%]",,,,
18,parallel,11,11,0.08608799342105264,1.846443247795105,1.7835472226142883,0.0001111111111111111,66.22105263157894,"[60.6%, 68.4%, 74.6%, 66.4%, 86.2%, 68.8%, 72.8%, 66.4%, 71.6%, 76.6%, 76.8%, 68.4%, 77.0%, 70.0%, 68.2%, 56.0%, 48.6%, 60.8%, 20.0%]",,,,
18,parallel,12,12,0.0840342102631579,1.7541412740945816,1.7178091406822205,0.0001111111111111111,66.22105263157894,"[60.6%, 68.4%, 74.6%, 66.4%, 86.2%, 68.8%, 72.8%, 66.4%, 71.6%, 76.6%, 76.8%, 68.4%, 77.0%, 70.0%, 68.2%, 56.0%, 48.6%, 60.8%, 20.0%]",,,,
18,parallel,13,13,0.08202791342105265,1.7077651143074035,1.6902288049459457,0.0001111111111111111,66.22105263157894,"[60.6%, 68.4%, 74.6%, 66.4%, 86.2%, 68.8%, 72.8%, 66.4%, 71.6%, 76.6%, 76.8%, 68.4%, 77.0%, 70.0%, 68.2%, 56.0%, 48.6%, 60.8%, 20.0%]",,,,
18,parallel,14,14,0.08006910289473684,1.6820686429738998,1.6724955141544342,0.0001111111111111111,66.22105263157894,"[60.6%, 68.4%, 74.6%, 66.4%, 86.2%, 68.8%, 72.8%, 66.4%, 71.6%, 76.6%, 76.8%, 68.4%, 77.0%, 70.0%, 68.2%, 56.0%, 48.6%, 60.8%, 20.0%]",,,,
18,parallel,15,15,0.07815777868421053,1.6666213542222976,1.6595685929059982,0.0001111111111111111,66.22105263157894,"[60.6%, 68.4%, 74.6%, 66.4%, 86.2%, 68.8%, 72.8%, 66.4%, 71.6%, 76.6%, 76.8%, 68.4%, 77.0%, 70.0%, 68.2%, 56.0%, 48.6%, 60.8%, 20.0%]",,,,
18,parallel,16,16,0.07629394078947369,1.7540095448493958,1.7215136140584946,0.0001111111111111111,66.22105263157894,"[60.6%, 68.4%, 74.6%, 66.4%, 86.2%, 68.8%, 72.8%, 66.4%, 71.6%, 76.6%, 76.8%, 68.4%, 77.0%, 70.0%, 68.2%, 56.0%, 48.6%, 60.8%, 20.0%]",,,,
18,parallel,17,17,0.07447758921052633,1.7059460490942002,1.6904454082250595,0.0001111111111111111,66.22105263157894,"[60.6%, 68.4%, 74.6%, 66.4%, 86.2%, 68.8%, 72.8%, 66.4%, 71.6%, 76.6%, 76.8%, 68.4%, 77.0%, 70.0%, 68.2%, 56.0%, 48.6%, 60.8%, 20.0%]",,,,
18,parallel,18,18,0.07270872394736842,1.8775015205144883,1.7979754656553268,0.0001111111111111111,66.22105263157894,"[60.6%, 68.4%, 74.6%, 66.4%, 86.2%, 68.8%, 72.8%, 66.4%, 71.6%, 76.6%, 76.8%, 68.4%, 77.0%, 70.0%, 68.2%, 56.0%, 48.6%, 60.8%, 20.0%]",,,,
18,parallel,19,19,0.07098734500000001,1.7580779850482942,1.7212388515472412,0.0001111111111111111,66.22105263157894,"[60.6%, 68.4%, 74.6%, 66.4%, 86.2%, 68.8%, 72.8%, 66.4%, 71.6%, 76.6%, 76.8%, 68.4%, 77.0%, 70.0%, 68.2%, 56.0%, 48.6%, 60.8%, 20.0%]",,,,
18,parallel,20,20,0.06931345236842107,1.7057277053594588,1.6841523498296738,0.0001111111111111111,66.22105263157894,"[60.6%, 68.4%, 74.6%, 66.4%, 86.2%, 68.8%, 72.8%, 66.4%, 71.6%, 76.6%, 76.8%, 68.4%, 77.0%, 70.0%, 68.2%, 56.0%, 48.6%, 60.8%, 20.0%]",,,,
18,parallel,21,21,0.0676870460526316,1.6733802527189254,1.6630103141069412,0.0001111111111111111,66.22105263157894,"[60.6%, 68.4%, 74.6%, 66.4%, 86.2%, 68.8%, 72.8%, 66.4%, 71.6%, 76.6%, 76.8%, 68.4%, 77.0%, 70.0%, 68.2%, 56.0%, 48.6%, 60.8%, 20.0%]",,,,
18,parallel,22,22,0.06610812605263158,1.6592838972806931,1.6506897956132889,0.0001111111111111111,66.22105263157894,"[60.6%, 68.4%, 74.6%, 66.4%, 86.2%, 68.8%, 72.8%, 66.4%, 71.6%, 76.6%, 76.8%, 68.4%, 77.0%, 70.0%, 68.2%, 56.0%, 48.6%, 60.8%, 20.0%]",,,,
18,parallel,23,23,0.06457669236842106,1.6483881443738937,1.6443241238594055,0.0001111111111111111,66.22105263157894,"[60.6%, 68.4%, 74.6%, 66.4%, 86.2%, 68.8%, 72.8%, 66.4%, 71.6%, 76.6%, 76.8%, 68.4%, 77.0%, 70.0%, 68.2%, 56.0%, 48.6%, 60.8%, 20.0%]",,,,
18,parallel,24,24,0.063092745,1.6418951034545899,1.6374300420284271,0.0001111111111111111,66.22105263157894,"[60.6%, 68.4%, 74.6%, 66.4%, 86.2%, 68.8%, 72.8%, 66.4%, 71.6%, 76.6%, 76.8%, 68.4%, 77.0%, 70.0%, 68.2%, 56.0%, 48.6%, 60.8%, 20.0%]",,,,
18,parallel,25,25,0.061656283947368426,1.637899896502495,1.6335508972406387,0.0001111111111111111,66.13684210526316,"[60.6%, 68.4%, 74.6%, 66.4%, 86.2%, 68.8%, 72.8%, 66.4%, 71.6%, 76.6%, 76.8%, 68.4%, 77.0%, 70.0%, 68.2%, 56.0%, 48.6%, 60.8%, 18.4%]",,,,
18,parallel,26,26,0.060267309210526324,1.640293475985527,1.6392480731010437,0.0001111111111111111,66.42105263157893,"[60.6%, 68.4%, 74.6%, 66.4%, 86.2%, 68.8%, 72.8%, 66.4%, 71.6%, 76.6%, 76.8%, 68.4%, 77.0%, 70.0%, 68.2%, 56.0%, 48.6%, 60.8%, 23.8%]",,,,
18,parallel,27,27,0.058925820789473685,1.6389092922210693,1.6346322894096375,0.0001111111111111111,66.29473684210525,"[60.6%, 68.4%, 74.6%, 66.4%, 86.2%, 68.8%, 72.8%, 66.4%, 71.6%, 76.6%, 76.8%, 68.4%, 77.0%, 70.0%, 68.2%, 56.0%, 48.6%, 60.8%, 21.4%]",,,,
18,parallel,28,28,0.05763181868421052,1.6350551545619965,1.630819171667099,0.0001111111111111111,66.22105263157894,"[60.6%, 68.4%, 74.6%, 66.4%, 86.2%, 68.8%, 72.8%, 66.4%, 71.6%, 76.6%, 76.8%, 68.4%, 77.0%, 70.0%, 68.2%, 56.0%, 48.6%, 60.8%, 20.0%]",,,,
18,parallel,29,29,0.05638530289473685,1.636420664191246,1.6293678730726242,0.0001111111111111111,66.6736842105263,"[60.6%, 68.4%, 74.6%, 66.4%, 86.2%, 68.8%, 72.8%, 66.4%, 71.6%, 76.6%, 76.8%, 68.4%, 77.0%, 70.0%, 68.2%, 56.0%, 48.6%, 60.8%, 28.6%]",,,,
18,parallel,30,30,0.05518627342105264,1.5890150517225266,1.656915120780468,0.0001111111111111111,66.29473684210525,"[60.6%, 68.4%, 74.6%, 66.4%, 86.2%, 68.8%, 72.8%, 66.4%, 71.6%, 76.6%, 76.8%, 68.4%, 77.0%, 70.0%, 68.2%, 56.0%, 48.6%, 60.8%, 21.4%]",,,,
18,parallel,31,31,0.0540347302631579,1.4589755058288574,1.358757883310318,0.0001111111111111111,67.18947368421053,"[60.6%, 68.4%, 74.6%, 66.4%, 86.2%, 68.8%, 72.8%, 66.4%, 71.6%, 76.6%, 76.8%, 68.4%, 77.0%, 70.0%, 68.2%, 56.0%, 48.6%, 60.8%, 38.4%]",,,,
18,parallel,32,32,0.052930673421052635,1.3546988472342492,1.269611470401287,0.0001111111111111111,67.46315789473682,"[60.6%, 68.4%, 74.6%, 66.4%, 86.2%, 68.8%, 72.8%, 66.4%, 71.6%, 76.6%, 76.8%, 68.4%, 77.0%, 70.0%, 68.2%, 56.0%, 48.6%, 60.8%, 43.6%]",,,,
18,parallel,33,33,0.05187410289473685,1.364366814494133,1.4196217954158783,0.0001111111111111111,67.06315789473683,"[60.6%, 68.4%, 74.6%, 66.4%, 86.2%, 68.8%, 72.8%, 66.4%, 71.6%, 76.6%, 76.8%, 68.4%, 77.0%, 70.0%, 68.2%, 56.0%, 48.6%, 60.8%, 36.0%]",,,,
18,parallel,34,34,0.05086501868421053,1.3295545518398284,1.2199621796607971,0.0001111111111111111,67.54736842105262,"[60.6%, 68.4%, 74.6%, 66.4%, 86.2%, 68.8%, 72.8%, 66.4%, 71.6%, 76.6%, 76.8%, 68.4%, 77.0%, 70.0%, 68.2%, 56.0%, 48.6%, 60.8%, 45.2%]",,,,
18,parallel,35,35,0.04990342078947369,1.2190531730651855,1.17941764742136,0.0001111111111111111,67.64210526315789,"[60.6%, 68.4%, 74.6%, 66.4%, 86.2%, 68.8%, 72.8%, 66.4%, 71.6%, 76.6%, 76.8%, 68.4%, 77.0%, 70.0%, 68.2%, 56.0%, 48.6%, 60.8%, 47.0%]",,,,
18,parallel,36,36,0.04898930921052633,1.2083327502012253,1.228969432413578,0.0001111111111111111,67.37894736842104,"[60.6%, 68.4%, 74.6%, 66.4%, 86.2%, 68.8%, 72.8%, 66.4%, 71.6%, 76.6%, 76.8%, 68.4%, 77.0%, 70.0%, 68.2%, 56.0%, 48.6%, 60.8%, 42.0%]",,,,
18,parallel,37,37,0.048122683947368426,1.1997676014900207,1.3185936212539673,0.0001111111111111111,67.09473684210525,"[60.6%, 68.4%, 74.6%, 66.4%, 86.2%, 68.8%, 72.8%, 66.4%, 71.6%, 76.6%, 76.8%, 68.4%, 77.0%, 70.0%, 68.2%, 56.0%, 48.6%, 60.8%, 36.6%]",,,,
18,parallel,38,38,0.04730354500000001,1.1637045860290527,1.1559172049164772,0.0001111111111111111,67.63157894736841,"[60.6%, 68.4%, 74.6%, 66.4%, 86.2%, 68.8%, 72.8%, 66.4%, 71.6%, 76.6%, 76.8%, 68.4%, 77.0%, 70.0%, 68.2%, 56.0%, 48.6%, 60.8%, 46.8%]",,,,
18,parallel,39,39,0.046531892368421056,1.6110559165477754,1.3940127715468407,0.0001111111111111111,67.10526315789473,"[60.6%, 68.4%, 74.6%, 66.4%, 86.2%, 68.8%, 72.8%, 66.4%, 71.6%, 76.6%, 76.8%, 68.4%, 77.0%, 70.0%, 68.2%, 56.0%, 48.6%, 60.8%, 36.8%]",,,,
18,parallel,40,40,0.04580772605263159,1.3966109246015548,1.2846880853176117,0.0001111111111111111,67.26315789473684,"[60.6%, 68.4%, 74.6%, 66.4%, 86.2%, 68.8%, 72.8%, 66.4%, 71.6%, 76.6%, 76.8%, 68.4%, 77.0%, 70.0%, 68.2%, 56.0%, 48.6%, 60.8%, 39.8%]",,,,
18,parallel,41,41,0.04513104605263159,1.3949406772851944,1.2532162740826607,0.0001111111111111111,67.5157894736842,"[60.6%, 68.4%, 74.6%, 66.4%, 86.2%, 68.8%, 72.8%, 66.4%, 71.6%, 76.6%, 76.8%, 68.4%, 77.0%, 70.0%, 68.2%, 56.0%, 48.6%, 60.8%, 44.6%]",,,,
18,parallel,42,42,0.04450185236842106,1.3242238879203796,1.2063561975955963,0.0001111111111111111,67.52631578947367,"[60.6%, 68.4%, 74.6%, 66.4%, 86.2%, 68.8%, 72.8%, 66.4%, 71.6%, 76.6%, 76.8%, 68.4%, 77.0%, 70.0%, 68.2%, 56.0%, 48.6%, 60.8%, 44.8%]",,,,
18,parallel,43,43,0.04392014500000001,1.3036042541265487,1.2311207950115204,0.0001111111111111111,67.41052631578945,"[60.6%, 68.4%, 74.6%, 66.4%, 86.2%, 68.8%, 72.8%, 66.4%, 71.6%, 76.6%, 76.8%, 68.4%, 77.0%, 70.0%, 68.2%, 56.0%, 48.6%, 60.8%, 42.6%]",,,,
18,parallel,44,44,0.04338592394736843,1.2619483530521394,1.2133020162582397,0.0001111111111111111,67.43157894736841,"[60.6%, 68.4%, 74.6%, 66.4%, 86.2%, 68.8%, 72.8%, 66.4%, 71.6%, 76.6%, 76.8%, 68.4%, 77.0%, 70.0%, 68.2%, 56.0%, 48.6%, 60.8%, 43.0%]",,,,
18,parallel,45,45,0.04289918921052632,1.2878297358751296,1.1950901225209236,0.0001111111111111111,67.38947368421051,"[60.6%, 68.4%, 74.6%, 66.4%, 86.2%, 68.8%, 72.8%, 66.4%, 71.6%, 76.6%, 76.8%, 68.4%, 77.0%, 70.0%, 68.2%, 56.0%, 48.6%, 60.8%, 42.2%]",,,,
18,parallel,46,46,0.042459940789473696,1.2447524607181548,1.202776424586773,0.0001111111111111111,67.45263157894736,"[60.6%, 68.4%, 74.6%, 66.4%, 86.2%, 68.8%, 72.8%, 66.4%, 71.6%, 76.6%, 76.8%, 68.4%, 77.0%, 70.0%, 68.2%, 56.0%, 48.6%, 60.8%, 43.4%]",,,,
18,parallel,47,47,0.04206817868421053,1.2308932423591614,1.1962703242897987,0.0001111111111111111,67.49473684210525,"[60.6%, 68.4%, 74.6%, 66.4%, 86.2%, 68.8%, 72.8%, 66.4%, 71.6%, 76.6%, 76.8%, 68.4%, 77.0%, 70.0%, 68.2%, 56.0%, 48.6%, 60.8%, 44.2%]",,,,
18,parallel,48,48,0.04172390289473685,1.2000217974185943,1.1713236570358276,0.0001111111111111111,67.61052631578947,"[60.6%, 68.4%, 74.6%, 66.4%, 86.2%, 68.8%, 72.8%, 66.4%, 71.6%, 76.6%, 76.8%, 68.4%, 77.0%, 70.0%, 68.2%, 56.0%, 48.6%, 60.8%, 46.4%]",,,,
18,parallel,49,49,0.04142711342105264,1.2026170372962952,1.1636547446250916,0.0001111111111111111,67.62105263157893,"[60.6%, 68.4%, 74.6%, 66.4%, 86.2%, 68.8%, 72.8%, 66.4%, 71.6%, 76.6%, 76.8%, 68.4%, 77.0%, 70.0%, 68.2%, 56.0%, 48.6%, 60.8%, 46.6%]",,,,
18,parallel,50,50,0.0411778102631579,1.1704934626817702,1.1726751178503036,0.0001111111111111111,67.53684210526315,"[60.6%, 68.4%, 74.6%, 66.4%, 86.2%, 68.8%, 72.8%, 66.4%, 71.6%, 76.6%, 76.8%, 68.4%, 77.0%, 70.0%, 68.2%, 56.0%, 48.6%, 60.8%, 45.0%]",,,,
18,parallel,51,51,0.04097599342105264,1.1763270527124405,1.166130442172289,0.0001111111111111111,67.68421052631578,"[60.6%, 68.4%, 74.6%, 66.4%, 86.2%, 68.8%, 72.8%, 66.4%, 71.6%, 76.6%, 76.8%, 68.4%, 77.0%, 70.0%, 68.2%, 56.0%, 48.6%, 60.8%, 47.8%]",,,,
18,parallel,52,52,0.04082166289473685,1.1848977208137512,1.1454829722642899,0.0001111111111111111,67.66315789473684,"[60.6%, 68.4%, 74.6%, 66.4%, 86.2%, 68.8%, 72.8%, 66.4%, 71.6%, 76.6%, 76.8%, 68.4%, 77.0%, 70.0%, 68.2%, 56.0%, 48.6%, 60.8%, 47.4%]",,,,
18,parallel,53,53,0.040714818684210535,1.1790749341249467,1.1826032474637032,0.0001111111111111111,67.6736842105263,"[60.6%, 68.4%, 74.6%, 66.4%, 86.2%, 68.8%, 72.8%, 66.4%, 71.6%, 76.6%, 76.8%, 68.4%, 77.0%, 70.0%, 68.2%, 56.0%, 48.6%, 60.8%, 47.6%]",,,,
18,parallel,54,54,0.04065546078947369,1.1446304440498352,1.1425954028964043,0.0001111111111111111,67.76842105263158,"[60.6%, 68.4%, 74.6%, 66.4%, 86.2%, 68.8%, 72.8%, 66.4%, 71.6%, 76.6%, 76.8%, 68.4%, 77.0%, 70.0%, 68.2%, 56.0%, 48.6%, 60.8%, 49.4%]",,,,
18,parallel,55,55,0.0406421052631579,1.1397526845335961,1.12271086871624,0.0001111111111111111,67.88421052631577,"[60.6%, 68.4%, 74.6%, 66.4%, 86.2%, 68.8%, 72.8%, 66.4%, 71.6%, 76.6%, 76.8%, 68.4%, 77.0%, 70.0%, 68.2%, 56.0%, 48.6%, 60.8%, 51.6%]",,,,
18,weights,1,56,0.0406421052631579,1.1134678155183793,1.1085962727665901,0.0001111111111111111,67.95789473684209,"[60.6%, 68.4%, 74.6%, 66.4%, 86.2%, 68.8%, 72.8%, 66.4%, 71.6%, 76.6%, 76.8%, 68.4%, 77.0%, 70.0%, 68.2%, 56.0%, 48.6%, 60.8%, 53.0%]",,,,
18,weights,2,57,0.0406421052631579,1.1082457572221756,1.160160206258297,0.0001111111111111111,67.85263157894735,"[60.6%, 68.4%, 74.6%, 66.4%, 86.2%, 68.8%, 72.8%, 66.4%, 71.6%, 76.6%, 76.8%, 68.4%, 77.0%, 70.0%, 68.2%, 56.0%, 48.6%, 60.8%, 51.0%]",,,,
18,weights,3,58,0.0406421052631579,1.0904730588197709,1.122386947274208,0.0001111111111111111,67.92631578947368,"[60.6%, 68.4%, 74.6%, 66.4%, 86.2%, 68.8%, 72.8%, 66.4%, 71.6%, 76.6%, 76.8%, 68.4%, 77.0%, 70.0%, 68.2%, 56.0%, 48.6%, 60.8%, 52.4%]",,,,
18,weights,4,59,0.0406421052631579,1.07624604254961,1.172095611691475,0.0001111111111111111,67.73684210526315,"[60.6%, 68.4%, 74.6%, 66.4%, 86.2%, 68.8%, 72.8%, 66.4%, 71.6%, 76.6%, 76.8%, 68.4%, 77.0%, 70.0%, 68.2%, 56.0%, 48.6%, 60.8%, 48.8%]",,,,
18,weights,5,60,0.0406421052631579,1.0740389555692673,1.086137093603611,0.0001111111111111111,67.98947368421051,"[60.6%, 68.4%, 74.6%, 66.4%, 86.2%, 68.8%, 72.8%, 66.4%, 71.6%, 76.6%, 76.8%, 68.4%, 77.0%, 70.0%, 68.2%, 56.0%, 48.6%, 60.8%, 53.6%]",,,,
18,weights,6,61,0.0406421052631579,1.0784909591078757,1.0799254849553108,0.0001111111111111111,68.06315789473683,"[60.6%, 68.4%, 74.6%, 66.4%, 86.2%, 68.8%, 72.8%, 66.4%, 71.6%, 76.6%, 76.8%, 68.4%, 77.0%, 70.0%, 68.2%, 56.0%, 48.6%, 60.8%, 55.0%]",,,,
18,weights,7,62,0.0406421052631579,1.0960077151656151,1.0538480877876282,0.0001111111111111111,68.06315789473683,"[60.6%, 68.4%, 74.6%, 66.4%, 86.2%, 68.8%, 72.8%, 66.4%, 71.6%, 76.6%, 76.8%, 68.4%, 77.0%, 70.0%, 68.2%, 56.0%, 48.6%, 60.8%, 55.0%]",,,,
18,weights,8,63,0.0406421052631579,1.0723385393619538,1.12544184923172,0.0001111111111111111,67.9157894736842,"[60.6%, 68.4%, 74.6%, 66.4%, 86.2%, 68.8%, 72.8%, 66.4%, 71.6%, 76.6%, 76.8%, 68.4%, 77.0%, 70.0%, 68.2%, 56.0%, 48.6%, 60.8%, 52.2%]",,,,
18,weights,9,64,0.0406421052631579,1.0637447565793992,1.0359248742461205,0.0001111111111111111,68.17894736842105,"[60.6%, 68.4%, 74.6%, 66.4%, 86.2%, 68.8%, 72.8%, 66.4%, 71.6%, 76.6%, 76.8%, 68.4%, 77.0%, 70.0%, 68.2%, 56.0%, 48.6%, 60.8%, 57.2%]",,,,
18,weights,10,65,0.0406421052631579,1.047510178387165,1.0225598402321339,0.0001111111111111111,68.22105263157894,"[60.6%, 68.4%, 74.6%, 66.4%, 86.2%, 68.8%, 72.8%, 66.4%, 71.6%, 76.6%, 76.8%, 68.4%, 77.0%, 70.0%, 68.2%, 56.0%, 48.6%, 60.8%, 58.0%]",,,,
18,weights,11,66,0.0406421052631579,1.0329864114522933,1.0096389949321747,0.0001111111111111111,68.14736842105262,"[60.6%, 68.4%, 74.6%, 66.4%, 86.2%, 68.8%, 72.8%, 66.4%, 71.6%, 76.6%, 76.8%, 68.4%, 77.0%, 70.0%, 68.2%, 56.0%, 48.6%, 60.8%, 56.6%]",,,,
18,weights,12,67,0.0406421052631579,1.0028878435492516,1.038342334330082,0.0001111111111111111,68.04210526315788,"[60.6%, 68.4%, 74.6%, 66.4%, 86.2%, 68.8%, 72.8%, 66.4%, 71.6%, 76.6%, 76.8%, 68.4%, 77.0%, 70.0%, 68.2%, 56.0%, 48.6%, 60.8%, 54.6%]",,,,
18,weights,13,68,0.0406421052631579,0.9880147181451321,1.023431584239006,0.0001111111111111111,68.1157894736842,"[60.6%, 68.4%, 74.6%, 66.4%, 86.2%, 68.8%, 72.8%, 66.4%, 71.6%, 76.6%, 76.8%, 68.4%, 77.0%, 70.0%, 68.2%, 56.0%, 48.6%, 60.8%, 56.0%]",,,,
18,weights,14,69,0.0406421052631579,0.9846640765666962,1.014801248908043,0.0001111111111111111,68.1578947368421,"[60.6%, 68.4%, 74.6%, 66.4%, 86.2%, 68.8%, 72.8%, 66.4%, 71.6%, 76.6%, 76.8%, 68.4%, 77.0%, 70.0%, 68.2%, 56.0%, 48.6%, 60.8%, 56.8%]",,,,
18,weights,15,70,0.0406421052631579,0.9987976536154747,1.0293674692511559,0.0001111111111111111,68.08421052631579,"[60.6%, 68.4%, 74.6%, 66.4%, 86.2%, 68.8%, 72.8%, 66.4%, 71.6%, 76.6%, 76.8%, 68.4%, 77.0%, 70.0%, 68.2%, 56.0%, 48.6%, 60.8%, 55.4%]",,,,
18,weights,16,71,0.0406421052631579,1.0050525084137916,1.0111461356282234,0.0001111111111111111,68.18947368421053,"[60.6%, 68.4%, 74.6%, 66.4%, 86.2%, 68.8%, 72.8%, 66.4%, 71.6%, 76.6%, 76.8%, 68.4%, 77.0%, 70.0%, 68.2%, 56.0%, 48.6%, 60.8%, 57.4%]",,,,
18,weights,17,72,0.0406421052631579,1.0113257795572281,1.0046810880303383,0.0001111111111111111,68.14736842105262,"[60.6%, 68.4%, 74.6%, 66.4%, 86.2%, 68.8%, 72.8%, 66.4%, 71.6%, 76.6%, 76.8%, 68.4%, 77.0%, 70.0%, 68.2%, 56.0%, 48.6%, 60.8%, 56.6%]",,,,
18,weights,18,73,0.0406421052631579,0.9659289255738258,0.9873652309179306,0.0001111111111111111,68.23157894736842,"[60.6%, 68.4%, 74.6%, 66.4%, 86.2%, 68.8%, 72.8%, 66.4%, 71.6%, 76.6%, 76.8%, 68.4%, 77.0%, 70.0%, 68.2%, 56.0%, 48.6%, 60.8%, 58.2%]",,,,
18,weights,19,74,0.0406421052631579,0.954351295530796,0.979671835899353,0.0001111111111111111,68.22105263157894,"[60.6%, 68.4%, 74.6%, 66.4%, 86.2%, 68.8%, 72.8%, 66.4%, 71.6%, 76.6%, 76.8%, 68.4%, 77.0%, 70.0%, 68.2%, 56.0%, 48.6%, 60.8%, 58.0%]",,,,
18,weights,20,75,0.0406421052631579,0.955439169704914,0.9874748215079308,0.0001111111111111111,68.22105263157894,"[60.6%, 68.4%, 74.6%, 66.4%, 86.2%, 68.8%, 72.8%, 66.4%, 71.6%, 76.6%, 76.8%, 68.4%, 77.0%, 70.0%, 68.2%, 56.0%, 48.6%, 60.8%, 58.0%]",,,,
18,weights,21,76,0.0406421052631579,0.9547797560691833,0.9633143991231918,0.0001111111111111111,68.26315789473684,"[60.6%, 68.4%, 74.6%, 66.4%, 86.2%, 68.8%, 72.8%, 66.4%, 71.6%, 76.6%, 76.8%, 68.4%, 77.0%, 70.0%, 68.2%, 56.0%, 48.6%, 60.8%, 58.8%]",,,,
18,weights,22,77,0.0406421052631579,0.9330313593149185,0.9529478661715984,0.0001111111111111111,68.25263157894736,"[60.6%, 68.4%, 74.6%, 66.4%, 86.2%, 68.8%, 72.8%, 66.4%, 71.6%, 76.6%, 76.8%, 68.4%, 77.0%, 70.0%, 68.2%, 56.0%, 48.6%, 60.8%, 58.6%]",,,,
18,weights,23,78,0.0406421052631579,0.9369374945759773,0.9866993129253387,0.0001111111111111111,68.23157894736842,"[60.6%, 68.4%, 74.6%, 66.4%, 86.2%, 68.8%, 72.8%, 66.4%, 71.6%, 76.6%, 76.8%, 68.4%, 77.0%, 70.0%, 68.2%, 56.0%, 48.6%, 60.8%, 58.2%]",,,,
18,weights,24,79,0.0406421052631579,0.9141893818974495,0.9644582383334637,0.0001111111111111111,68.25263157894736,"[60.6%, 68.4%, 74.6%, 66.4%, 86.2%, 68.8%, 72.8%, 66.4%, 71.6%, 76.6%, 76.8%, 68.4%, 77.0%, 70.0%, 68.2%, 56.0%, 48.6%, 60.8%, 58.6%]",,,,
18,weights,25,80,0.0406421052631579,0.9312730014324189,1.0129302889108658,0.0001111111111111111,68.22105263157894,"[60.6%, 68.4%, 74.6%, 66.4%, 86.2%, 68.8%, 72.8%, 66.4%, 71.6%, 76.6%, 76.8%, 68.4%, 77.0%, 70.0%, 68.2%, 56.0%, 48.6%, 60.8%, 58.0%]",27.600000000000005,"[0.0%, 26.0%, 29.6%, 9.4%, 86.2%, 27.4%, 38.2%, 16.6%, 32.6%, 41.8%, 24.6%, 31.8%, 56.0%, 31.2%, 34.4%, 10.6%, 20.8%, 0.0%, 7.2%]",40.63157894736842,"[35.0%, 34.8%, 64.6%, 28.4%, 75.0%, 54.0%, 63.6%, 16.2%, 57.0%, 22.2%, 45.6%, 18.8%, 56.0%, 47.0%, 16.6%, 34.2%, 26.6%, 43.0%, 33.4%]"
19,parallel,1,1,0.05,5.564480483531952,5.22478848695755,0.0001111111111111111,64.80999999999999,"[60.6%, 68.4%, 74.6%, 66.4%, 86.2%, 68.8%, 72.8%, 66.4%, 71.6%, 76.6%, 76.8%, 68.4%, 77.0%, 70.0%, 68.2%, 56.0%, 48.6%, 60.8%, 58.0%, 0.0%]",,,,
19,parallel,2,2,0.05,5.11934175491333,5.030056059360504,0.0001111111111111111,64.80999999999999,"[60.6%, 68.4%, 74.6%, 66.4%, 86.2%, 68.8%, 72.8%, 66.4%, 71.6%, 76.6%, 76.8%, 68.4%, 77.0%, 70.0%, 68.2%, 56.0%, 48.6%, 60.8%, 58.0%, 0.0%]",,,,
19,parallel,3,3,0.05,4.957276773452759,4.892408013343811,0.0001111111111111111,64.80999999999999,"[60.6%, 68.4%, 74.6%, 66.4%, 86.2%, 68.8%, 72.8%, 66.4%, 71.6%, 76.6%, 76.8%, 68.4%, 77.0%, 70.0%, 68.2%, 56.0%, 48.6%, 60.8%, 58.0%, 0.0%]",,,,
19,parallel,4,4,0.05,4.838963758945465,4.786356151103973,0.0001111111111111111,64.80999999999999,"[60.6%, 68.4%, 74.6%, 66.4%, 86.2%, 68.8%, 72.8%, 66.4%, 71.6%, 76.6%, 76.8%, 68.4%, 77.0%, 70.0%, 68.2%, 56.0%, 48.6%, 60.8%, 58.0%, 0.0%]",,,,
19,parallel,5,5,0.049896260000000005,4.7271445989608765,4.641947627067566,0.0001111111111111111,64.80999999999999,"[60.6%, 68.4%, 74.6%, 66.4%, 86.2%, 68.8%, 72.8%, 66.4%, 71.6%, 76.6%, 76.8%, 68.4%, 77.0%, 70.0%, 68.2%, 56.0%, 48.6%, 60.8%, 58.0%, 0.0%]",,,,
19,parallel,6,6,0.0494865,4.477616643905639,4.266106724739075,0.0001111111111111111,64.80999999999999,"[60.6%, 68.4%, 74.6%, 66.4%, 86.2%, 68.8%, 72.8%, 66.4%, 71.6%, 76.6%, 76.8%, 68.4%, 77.0%, 70.0%, 68.2%, 56.0%, 48.6%, 60.8%, 58.0%, 0.0%]",,,,
19,parallel,7,7,0.04908506,4.011894619464874,3.720569282770157,0.0001111111111111111,64.80999999999999,"[60.6%, 68.4%, 74.6%, 66.4%, 86.2%, 68.8%, 72.8%, 66.4%, 71.6%, 76.6%, 76.8%, 68.4%, 77.0%, 70.0%, 68.2%, 56.0%, 48.6%, 60.8%, 58.0%, 0.0%]",,,,
19,parallel,8,8,0.04869194,3.43979229927063,3.1534727811813354,0.0001111111111111111,64.80999999999999,"[60.6%, 68.4%, 74.6%, 66.4%, 86.2%, 68.8%, 72.8%, 66.4%, 71.6%, 76.6%, 76.8%, 68.4%, 77.0%, 70.0%, 68.2%, 56.0%, 48.6%, 60.8%, 58.0%, 0.0%]",,,,
19,parallel,9,9,0.048307140000000005,2.904492086172104,2.6613769829273224,0.0001111111111111111,65.80999999999999,"[60.6%, 68.4%, 74.6%, 66.4%, 86.2%, 68.8%, 72.8%, 66.4%, 71.6%, 76.6%, 76.8%, 68.4%, 77.0%, 70.0%, 68.2%, 56.0%, 48.6%, 60.8%, 58.0%, 20.0%]",,,,
19,parallel,10,10,0.04793066,2.4734761118888855,2.301370531320572,0.0001111111111111111,65.80999999999999,"[60.6%, 68.4%, 74.6%, 66.4%, 86.2%, 68.8%, 72.8%, 66.4%, 71.6%, 76.6%, 76.8%, 68.4%, 77.0%, 70.0%, 68.2%, 56.0%, 48.6%, 60.8%, 58.0%, 20.0%]",,,,
19,parallel,11,11,0.04756250000000001,2.179425525665283,2.070545017719269,0.0001111111111111111,65.80999999999999,"[60.6%, 68.4%, 74.6%, 66.4%, 86.2%, 68.8%, 72.8%, 66.4%, 71.6%, 76.6%, 76.8%, 68.4%, 77.0%, 70.0%, 68.2%, 56.0%, 48.6%, 60.8%, 58.0%, 20.0%]",,,,
19,parallel,12,12,0.04720266000000001,1.9933306872844696,1.9213429540395737,0.0001111111111111111,65.80999999999999,"[60.6%, 68.4%, 74.6%, 66.4%, 86.2%, 68.8%, 72.8%, 66.4%, 71.6%, 76.6%, 76.8%, 68.4%, 77.0%, 70.0%, 68.2%, 56.0%, 48.6%, 60.8%, 58.0%, 20.0%]",,,,
19,parallel,13,13,0.046851140000000006,1.8546416997909545,1.791117012500763,0.0001111111111111111,65.80999999999999,"[60.6%, 68.4%, 74.6%, 66.4%, 86.2%, 68.8%, 72.8%, 66.4%, 71.6%, 76.6%, 76.8%, 68.4%, 77.0%, 70.0%, 68.2%, 56.0%, 48.6%, 60.8%, 58.0%, 20.0%]",,,,
19,parallel,14,14,0.046507940000000005,1.763357999920845,1.7385813146829605,0.0001111111111111111,65.80999999999999,"[60.6%, 68.4%, 74.6%, 66.4%, 86.2%, 68.8%, 72.8%, 66.4%, 71.6%, 76.6%, 76.8%, 68.4%, 77.0%, 70.0%, 68.2%, 56.0%, 48.6%, 60.8%, 58.0%, 20.0%]",,,,
19,parallel,15,15,0.04617306000000001,1.7238240540027618,1.7090982645750046,0.0001111111111111111,65.80999999999999,"[60.6%, 68.4%, 74.6%, 66.4%, 86.2%, 68.8%, 72.8%, 66.4%, 71.6%, 76.6%, 76.8%, 68.4%, 77.0%, 70.0%, 68.2%, 56.0%, 48.6%, 60.8%, 58.0%, 20.0%]",,,,
19,parallel,16,16,0.045846500000000005,1.6999083518981934,1.68966343998909,0.0001111111111111111,65.80999999999999,"[60.6%, 68.4%, 74.6%, 66.4%, 86.2%, 68.8%, 72.8%, 66.4%, 71.6%, 76.6%, 76.8%, 68.4%, 77.0%, 70.0%, 68.2%, 56.0%, 48.6%, 60.8%, 58.0%, 20.0%]",,,,
19,parallel,17,17,0.04552826000000001,1.6818334728479385,1.6735197752714157,0.0001111111111111111,65.80999999999999,"[60.6%, 68.4%, 74.6%, 66.4%, 86.2%, 68.8%, 72.8%, 66.4%, 71.6%, 76.6%, 76.8%, 68.4%, 77.0%, 70.0%, 68.2%, 56.0%, 48.6%, 60.8%, 58.0%, 20.0%]",,,,
19,parallel,18,18,0.04521834,1.670633640885353,1.6615403145551682,0.0001111111111111111,65.80999999999999,"[60.6%, 68.4%, 74.6%, 66.4%, 86.2%, 68.8%, 72.8%, 66.4%, 71.6%, 76.6%, 76.8%, 68.4%, 77.0%, 70.0%, 68.2%, 56.0%, 48.6%, 60.8%, 58.0%, 20.0%]",,,,
19,parallel,19,19,0.04491674000000001,1.660087490081787,1.654231995344162,0.0001111111111111111,65.80999999999999,"[60.6%, 68.4%, 74.6%, 66.4%, 86.2%, 68.8%, 72.8%, 66.4%, 71.6%, 76.6%, 76.8%, 68.4%, 77.0%, 70.0%, 68.2%, 56.0%, 48.6%, 60.8%, 58.0%, 20.0%]",,,,
19,parallel,20,20,0.044623460000000004,1.6513764142990113,1.6469237953424454,0.0001111111111111111,65.80999999999999,"[60.6%, 68.4%, 74.6%, 66.4%, 86.2%, 68.8%, 72.8%, 66.4%, 71.6%, 76.6%, 76.8%, 68.4%, 77.0%, 70.0%, 68.2%, 56.0%, 48.6%, 60.8%, 58.0%, 20.0%]",,,,
19,parallel,21,21,0.04433850000000001,1.6460697054862976,1.642918974161148,0.0001111111111111111,65.80999999999999,"[60.6%, 68.4%, 74.6%, 66.4%, 86.2%, 68.8%, 72.8%, 66.4%, 71.6%, 76.6%, 76.8%, 68.4%, 77.0%, 70.0%, 68.2%, 56.0%, 48.6%, 60.8%, 58.0%, 20.0%]",,,,
19,parallel,22,22,0.04406186000000001,1.6422729581594466,1.6389088183641434,0.0001111111111111111,65.80999999999999,"[60.6%, 68.4%, 74.6%, 66.4%, 86.2%, 68.8%, 72.8%, 66.4%, 71.6%, 76.6%, 76.8%, 68.4%, 77.0%, 70.0%, 68.2%, 56.0%, 48.6%, 60.8%, 58.0%, 20.0%]",,,,
19,parallel,23,23,0.043793540000000006,1.6384395778179168,1.6358350217342377,0.0001111111111111111,65.80999999999999,"[60.6%, 68.4%, 74.6%, 66.4%, 86.2%, 68.8%, 72.8%, 66.4%, 71.6%, 76.6%, 76.8%, 68.4%, 77.0%, 70.0%, 68.2%, 56.0%, 48.6%, 60.8%, 58.0%, 20.0%]",,,,
19,parallel,24,24,0.04353354000000001,1.6355254113674165,1.6335726380348206,0.0001111111111111111,65.80999999999999,"[60.6%, 68.4%, 74.6%, 66.4%, 86.2%, 68.8%, 72.8%, 66.4%, 71.6%, 76.6%, 76.8%, 68.4%, 77.0%, 70.0%, 68.2%, 56.0%, 48.6%, 60.8%, 58.0%, 20.0%]",,,,
19,parallel,25,25,0.043281860000000005,1.6346753150224687,1.631617233157158,0.0001111111111111111,65.80999999999999,"[60.6%, 68.4%, 74.6%, 66.4%, 86.2%, 68.8%, 72.8%, 66.4%, 71.6%, 76.6%, 76.8%, 68.4%, 77.0%, 70.0%, 68.2%, 56.0%, 48.6%, 60.8%, 58.0%, 20.0%]",,,,
19,parallel,26,26,0.04303850000000001,1.6315307080745698,1.6295548230409622,0.0001111111111111111,65.80999999999999,"[60.6%, 68.4%, 74.6%, 66.4%, 86.2%, 68.8%, 72.8%, 66.4%, 71.6%, 76.6%, 76.8%, 68.4%, 77.0%, 70.0%, 68.2%, 56.0%, 48.6%, 60.8%, 58.0%, 20.0%]",,,,
19,parallel,27,27,0.04280346000000001,1.63116152882576,1.6276424527168274,0.0001111111111111111,65.80999999999999,"[60.6%, 68.4%, 74.6%, 66.4%, 86.2%, 68.8%, 72.8%, 66.4%, 71.6%, 76.6%, 76.8%, 68.4%, 77.0%, 70.0%, 68.2%, 56.0%, 48.6%, 60.8%, 58.0%, 20.0%]",,,,
19,parallel,28,28,0.04257674000000001,1.6275344043970108,1.6262060850858688,0.0001111111111111111,65.80999999999999,"[60.6%, 68.4%, 74.6%, 66.4%, 86.2%, 68.8%, 72.8%, 66.4%, 71.6%, 76.6%, 76.8%, 68.4%, 77.0%, 70.0%, 68.2%, 56.0%, 48.6%, 60.8%, 58.0%, 20.0%]",,,,
19,parallel,29,29,0.04235834000000001,1.6268049508333207,1.6251185834407806,0.0001111111111111111,65.80999999999999,"[60.6%, 68.4%, 74.6%, 66.4%, 86.2%, 68.8%, 72.8%, 66.4%, 71.6%, 76.6%, 76.8%, 68.4%, 77.0%, 70.0%, 68.2%, 56.0%, 48.6%, 60.8%, 58.0%, 20.0%]",,,,
19,parallel,30,30,0.04214826000000001,1.6266693890094757,1.624339297413826,0.0001111111111111111,65.80999999999999,"[60.6%, 68.4%, 74.6%, 66.4%, 86.2%, 68.8%, 72.8%, 66.4%, 71.6%, 76.6%, 76.8%, 68.4%, 77.0%, 70.0%, 68.2%, 56.0%, 48.6%, 60.8%, 58.0%, 20.0%]",,,,
19,parallel,31,31,0.04194650000000001,1.6252025693655014,1.6238189935684204,0.0001111111111111111,65.80999999999999,"[60.6%, 68.4%, 74.6%, 66.4%, 86.2%, 68.8%, 72.8%, 66.4%, 71.6%, 76.6%, 76.8%, 68.4%, 77.0%, 70.0%, 68.2%, 56.0%, 48.6%, 60.8%, 58.0%, 20.0%]",,,,
19,parallel,32,32,0.04175306000000001,1.6248606145381927,1.622312217950821,0.0001111111111111111,65.80999999999999,"[60.6%, 68.4%, 74.6%, 66.4%, 86.2%, 68.8%, 72.8%, 66.4%, 71.6%, 76.6%, 76.8%, 68.4%, 77.0%, 70.0%, 68.2%, 56.0%, 48.6%, 60.8%, 58.0%, 20.0%]",,,,
19,parallel,33,33,0.04156794000000001,1.6240623980760573,1.621157944202423,0.0001111111111111111,65.80999999999999,"[60.6%, 68.4%, 74.6%, 66.4%, 86.2%, 68.8%, 72.8%, 66.4%, 71.6%, 76.6%, 76.8%, 68.4%, 77.0%, 70.0%, 68.2%, 56.0%, 48.6%, 60.8%, 58.0%, 20.0%]",,,,
19,parallel,34,34,0.04139114000000001,1.62204866707325,1.6200004667043686,0.0001111111111111111,65.80999999999999,"[60.6%, 68.4%, 74.6%, 66.4%, 86.2%, 68.8%, 72.8%, 66.4%, 71.6%, 76.6%, 76.8%, 68.4%, 77.0%, 70.0%, 68.2%, 56.0%, 48.6%, 60.8%, 58.0%, 20.0%]",,,,
19,parallel,35,35,0.04122266000000001,1.6218986928462982,1.619277909398079,0.0001111111111111111,65.80999999999999,"[60.6%, 68.4%, 74.6%, 66.4%, 86.2%, 68.8%, 72.8%, 66.4%, 71.6%, 76.6%, 76.8%, 68.4%, 77.0%, 70.0%, 68.2%, 56.0%, 48.6%, 60.8%, 58.0%, 20.0%]",,,,
19,parallel,36,36,0.04106250000000001,1.6215411961078643,1.6186646223068237,0.0001111111111111111,65.80999999999999,"[60.6%, 68.4%, 74.6%, 66.4%, 86.2%, 68.8%, 72.8%, 66.4%, 71.6%, 76.6%, 76.8%, 68.4%, 77.0%, 70.0%, 68.2%, 56.0%, 48.6%, 60.8%, 58.0%, 20.0%]",,,,
19,parallel,37,37,0.04091066000000001,1.6204508364200592,1.616230696439743,0.0001111111111111111,66.32,"[60.6%, 68.4%, 74.6%, 66.4%, 86.2%, 68.8%, 72.8%, 66.4%, 71.6%, 76.6%, 76.8%, 68.4%, 77.0%, 70.0%, 68.2%, 56.0%, 48.6%, 60.8%, 58.0%, 30.2%]",,,,
19,parallel,38,38,0.04076714000000001,1.605219566822052,1.5686265975236893,0.0001111111111111111,66.17999999999999,"[60.6%, 68.4%, 74.6%, 66.4%, 86.2%, 68.8%, 72.8%, 66.4%, 71.6%, 76.6%, 76.8%, 68.4%, 77.0%, 70.0%, 68.2%, 56.0%, 48.6%, 60.8%, 58.0%, 27.4%]",,,,
19,parallel,39,39,0.04063194000000001,1.513157206773758,1.460453912615776,0.0001111111111111111,66.63,"[60.6%, 68.4%, 74.6%, 66.4%, 86.2%, 68.8%, 72.8%, 66.4%, 71.6%, 76.6%, 76.8%, 68.4%, 77.0%, 70.0%, 68.2%, 56.0%, 48.6%, 60.8%, 58.0%, 36.4%]",,,,
19,parallel,40,40,0.04050506000000001,1.4360254228115081,1.4414086043834686,0.0001111111111111111,66.58999999999999,"[60.6%, 68.4%, 74.6%, 66.4%, 86.2%, 68.8%, 72.8%, 66.4%, 71.6%, 76.6%, 76.8%, 68.4%, 77.0%, 70.0%, 68.2%, 56.0%, 48.6%, 60.8%, 58.0%, 35.6%]",,,,
19,parallel,41,41,0.04038650000000001,1.4022763401269913,1.4308575689792633,0.0001111111111111111,66.57,"[60.6%, 68.4%, 74.6%, 66.4%, 86.2%, 68.8%, 72.8%, 66.4%, 71.6%, 76.6%, 76.8%, 68.4%, 77.0%, 70.0%, 68.2%, 56.0%, 48.6%, 60.8%, 58.0%, 35.2%]",,,,
19,parallel,42,42,0.04027626000000001,1.367975002527237,1.36519156396389,0.0001111111111111111,66.91999999999999,"[60.6%, 68.4%, 74.6%, 66.4%, 86.2%, 68.8%, 72.8%, 66.4%, 71.6%, 76.6%, 76.8%, 68.4%, 77.0%, 70.0%, 68.2%, 56.0%, 48.6%, 60.8%, 58.0%, 42.2%]",,,,
19,parallel,43,43,0.04017434000000001,1.3788445323705674,1.3410729691386223,0.0001111111111111111,66.83,"[60.6%, 68.4%, 74.6%, 66.4%, 86.2%, 68.8%, 72.8%, 66.4%, 71.6%, 76.6%, 76.8%, 68.4%, 77.0%, 70.0%, 68.2%, 56.0%, 48.6%, 60.8%, 58.0%, 40.4%]",,,,
19,parallel,44,44,0.04008074000000001,1.347022259235382,1.3631261512637138,0.0001111111111111111,66.85,"[60.6%, 68.4%, 74.6%, 66.4%, 86.2%, 68.8%, 72.8%, 66.4%, 71.6%, 76.6%, 76.8%, 68.4%, 77.0%, 70.0%, 68.2%, 56.0%, 48.6%, 60.8%, 58.0%, 40.8%]",,,,
19,parallel,45,45,0.03999546000000001,1.3021173804998398,1.3152940794825554,0.0001111111111111111,67.04999999999998,"[60.6%, 68.4%, 74.6%, 66.4%, 86.2%, 68.8%, 72.8%, 66.4%, 71.6%, 76.6%, 76.8%, 68.4%, 77.0%, 70.0%, 68.2%, 56.0%, 48.6%, 60.8%, 58.0%, 44.8%]",,,,
19,parallel,46,46,0.03991850000000001,1.312177586555481,1.2937014624476433,0.0001111111111111111,67.08,"[60.6%, 68.4%, 74.6%, 66.4%, 86.2%, 68.8%, 72.8%, 66.4%, 71.6%, 76.6%, 76.8%, 68.4%, 77.0%, 70.0%, 68.2%, 56.0%, 48.6%, 60.8%, 58.0%, 45.4%]",,,,
19,parallel,47,47,0.03984986000000001,1.2565914332866668,1.2617024928331375,0.0001111111111111111,67.24999999999999,"[60.6%, 68.4%, 74.6%, 66.4%, 86.2%, 68.8%, 72.8%, 66.4%, 71.6%, 76.6%, 76.8%, 68.4%, 77.0%, 70.0%, 68.2%, 56.0%, 48.6%, 60.8%, 58.0%, 48.8%]",,,,
19,parallel,48,48,0.03978954000000001,1.2320287108421326,1.2343415692448616,0.0001111111111111111,67.38999999999999,"[60.6%, 68.4%, 74.6%, 66.4%, 86.2%, 68.8%, 72.8%, 66.4%, 71.6%, 76.6%, 76.8%, 68.4%, 77.0%, 70.0%, 68.2%, 56.0%, 48.6%, 60.8%, 58.0%, 51.6%]",,,,
19,parallel,49,49,0.03973754000000001,1.175872254371643,1.2125710994005203,0.0001111111111111111,67.47,"[60.6%, 68.4%, 74.6%, 66.4%, 86.2%, 68.8%, 72.8%, 66.4%, 71.6%, 76.6%, 76.8%, 68.4%, 77.0%, 70.0%, 68.2%, 56.0%, 48.6%, 60.8%, 58.0%, 53.2%]",,,,
19,parallel,50,50,0.03969386000000001,1.1444015339016915,1.1764971315860748,0.0001111111111111111,67.46,"[60.6%, 68.4%, 74.6%, 66.4%, 86.2%, 68.8%, 72.8%, 66.4%, 71.6%, 76.6%, 76.8%, 68.4%, 77.0%, 70.0%, 68.2%, 56.0%, 48.6%, 60.8%, 58.0%, 53.0%]",,,,
19,parallel,51,51,0.03965850000000001,1.1100149661302567,1.1374444216489792,0.0001111111111111111,67.67999999999999,"[60.6%, 68.4%, 74.6%, 66.4%, 86.2%, 68.8%, 72.8%, 66.4%, 71.6%, 76.6%, 76.8%, 68.4%, 77.0%, 70.0%, 68.2%, 56.0%, 48.6%, 60.8%, 58.0%, 57.4%]",,,,
19,parallel,52,52,0.03963146000000001,1.095559561252594,1.1613773927092552,0.0001111111111111111,67.47,"[60.6%, 68.4%, 74.6%, 66.4%, 86.2%, 68.8%, 72.8%, 66.4%, 71.6%, 76.6%, 76.8%, 68.4%, 77.0%, 70.0%, 68.2%, 56.0%, 48.6%, 60.8%, 58.0%, 53.2%]",,,,
19,parallel,53,53,0.03961274000000001,1.0640081122517586,1.10503314062953,0.0001111111111111111,67.63,"[60.6%, 68.4%, 74.6%, 66.4%, 86.2%, 68.8%, 72.8%, 66.4%, 71.6%, 76.6%, 76.8%, 68.4%, 77.0%, 70.0%, 68.2%, 56.0%, 48.6%, 60.8%, 58.0%, 56.4%]",,,,
19,parallel,54,54,0.039602340000000014,1.1150540560483932,1.1115895733237267,0.0001111111111111111,67.57,"[60.6%, 68.4%, 74.6%, 66.4%, 86.2%, 68.8%, 72.8%, 66.4%, 71.6%, 76.6%, 76.8%, 68.4%, 77.0%, 70.0%, 68.2%, 56.0%, 48.6%, 60.8%, 58.0%, 55.2%]",,,,
19,parallel,55,55,0.03960000000000001,1.090193285048008,1.1271176859736443,0.0001111111111111111,67.57,"[60.6%, 68.4%, 74.6%, 66.4%, 86.2%, 68.8%, 72.8%, 66.4%, 71.6%, 76.6%, 76.8%, 68.4%, 77.0%, 70.0%, 68.2%, 56.0%, 48.6%, 60.8%, 58.0%, 55.2%]",,,,
19,weights,1,56,0.03960000000000001,1.0522841036319732,1.1136634647846222,0.0001111111111111111,67.60999999999999,"[60.6%, 68.4%, 74.6%, 66.4%, 86.2%, 68.8%, 72.8%, 66.4%, 71.6%, 76.6%, 76.8%, 68.4%, 77.0%, 70.0%, 68.2%, 56.0%, 48.6%, 60.8%, 58.0%, 56.0%]",,,,
19,weights,2,57,0.03960000000000001,1.0359008952975273,1.0852984115481377,0.0001111111111111111,67.69999999999999,"[60.6%, 68.4%, 74.6%, 66.4%, 86.2%, 68.8%, 72.8%, 66.4%, 71.6%, 76.6%, 76.8%, 68.4%, 77.0%, 70.0%, 68.2%, 56.0%, 48.6%, 60.8%, 58.0%, 57.8%]",,,,
19,weights,3,58,0.03960000000000001,0.9914682283997536,1.0643090642988682,0.0001111111111111111,67.73999999999998,"[60.6%, 68.4%, 74.6%, 66.4%, 86.2%, 68.8%, 72.8%, 66.4%, 71.6%, 76.6%, 76.8%, 68.4%, 77.0%, 70.0%, 68.2%, 56.0%, 48.6%, 60.8%, 58.0%, 58.6%]",,,,
19,weights,4,59,0.03960000000000001,0.9759804502129554,1.0547077506780624,0.0001111111111111111,67.83,"[60.6%, 68.4%, 74.6%, 66.4%, 86.2%, 68.8%, 72.8%, 66.4%, 71.6%, 76.6%, 76.8%, 68.4%, 77.0%, 70.0%, 68.2%, 56.0%, 48.6%, 60.8%, 58.0%, 60.4%]",,,,
19,weights,5,60,0.03960000000000001,0.9841038018465043,1.0511142909526825,0.0001111111111111111,67.79999999999998,"[60.6%, 68.4%, 74.6%, 66.4%, 86.2%, 68.8%, 72.8%, 66.4%, 71.6%, 76.6%, 76.8%, 68.4%, 77.0%, 70.0%, 68.2%, 56.0%, 48.6%, 60.8%, 58.0%, 59.8%]",,,,
19,weights,6,61,0.03960000000000001,0.9929322525858879,1.037680670619011,0.0001111111111111111,67.85,"[60.6%, 68.4%, 74.6%, 66.4%, 86.2%, 68.8%, 72.8%, 66.4%, 71.6%, 76.6%, 76.8%, 68.4%, 77.0%, 70.0%, 68.2%, 56.0%, 48.6%, 60.8%, 58.0%, 60.8%]",,,,
19,weights,7,62,0.03960000000000001,0.9734173282980919,1.0833878815174103,0.0001111111111111111,67.68999999999998,"[60.6%, 68.4%, 74.6%, 66.4%, 86.2%, 68.8%, 72.8%, 66.4%, 71.6%, 76.6%, 76.8%, 68.4%, 77.0%, 70.0%, 68.2%, 56.0%, 48.6%, 60.8%, 58.0%, 57.6%]",,,,
19,weights,8,63,0.03960000000000001,0.9613453507423401,1.05387182533741,0.0001111111111111111,67.83,"[60.6%, 68.4%, 74.6%, 66.4%, 86.2%, 68.8%, 72.8%, 66.4%, 71.6%, 76.6%, 76.8%, 68.4%, 77.0%, 70.0%, 68.2%, 56.0%, 48.6%, 60.8%, 58.0%, 60.4%]",,,,
19,weights,9,64,0.03960000000000001,0.9581078082323075,1.114676222205162,0.0001111111111111111,67.77,"[60.6%, 68.4%, 74.6%, 66.4%, 86.2%, 68.8%, 72.8%, 66.4%, 71.6%, 76.6%, 76.8%, 68.4%, 77.0%, 70.0%, 68.2%, 56.0%, 48.6%, 60.8%, 58.0%, 59.2%]",,,,
19,weights,10,65,0.03960000000000001,0.9879310727119446,1.0354715511202812,0.0001111111111111111,67.88,"[60.6%, 68.4%, 74.6%, 66.4%, 86.2%, 68.8%, 72.8%, 66.4%, 71.6%, 76.6%, 76.8%, 68.4%, 77.0%, 70.0%, 68.2%, 56.0%, 48.6%, 60.8%, 58.0%, 61.4%]",,,,
19,weights,11,66,0.03960000000000001,0.9619704879820347,1.0228976905345917,0.0001111111111111111,67.88,"[60.6%, 68.4%, 74.6%, 66.4%, 86.2%, 68.8%, 72.8%, 66.4%, 71.6%, 76.6%, 76.8%, 68.4%, 77.0%, 70.0%, 68.2%, 56.0%, 48.6%, 60.8%, 58.0%, 61.4%]",,,,
19,weights,12,67,0.03960000000000001,0.9251401707530021,1.001081544905901,0.0001111111111111111,67.97999999999999,"[60.6%, 68.4%, 74.6%, 66.4%, 86.2%, 68.8%, 72.8%, 66.4%, 71.6%, 76.6%, 76.8%, 68.4%, 77.0%, 70.0%, 68.2%, 56.0%, 48.6%, 60.8%, 58.0%, 63.4%]",,,,
19,weights,13,68,0.03960000000000001,0.9294038519263268,1.0078951120376587,0.0001111111111111111,67.88,"[60.6%, 68.4%, 74.6%, 66.4%, 86.2%, 68.8%, 72.8%, 66.4%, 71.6%, 76.6%, 76.8%, 68.4%, 77.0%, 70.0%, 68.2%, 56.0%, 48.6%, 60.8%, 58.0%, 61.4%]",,,,
19,weights,14,69,0.03960000000000001,0.935427924990654,1.0141087174415588,0.0001111111111111111,67.92999999999999,"[60.6%, 68.4%, 74.6%, 66.4%, 86.2%, 68.8%, 72.8%, 66.4%, 71.6%, 76.6%, 76.8%, 68.4%, 77.0%, 70.0%, 68.2%, 56.0%, 48.6%, 60.8%, 58.0%, 62.4%]",,,,
19,weights,15,70,0.03960000000000001,0.9317965999245643,0.988702017813921,0.0001111111111111111,67.97999999999999,"[60.6%, 68.4%, 74.6%, 66.4%, 86.2%, 68.8%, 72.8%, 66.4%, 71.6%, 76.6%, 76.8%, 68.4%, 77.0%, 70.0%, 68.2%, 56.0%, 48.6%, 60.8%, 58.0%, 63.4%]",,,,
19,weights,16,71,0.03960000000000001,0.922490356862545,0.9790848717093468,0.0001111111111111111,67.96,"[60.6%, 68.4%, 74.6%, 66.4%, 86.2%, 68.8%, 72.8%, 66.4%, 71.6%, 76.6%, 76.8%, 68.4%, 77.0%, 70.0%, 68.2%, 56.0%, 48.6%, 60.8%, 58.0%, 63.0%]",,,,
19,weights,17,72,0.03960000000000001,0.9009155556559563,0.9694683812558651,0.0001111111111111111,67.97,"[60.6%, 68.4%, 74.6%, 66.4%, 86.2%, 68.8%, 72.8%, 66.4%, 71.6%, 76.6%, 76.8%, 68.4%, 77.0%, 70.0%, 68.2%, 56.0%, 48.6%, 60.8%, 58.0%, 63.2%]",,,,
19,weights,18,73,0.03960000000000001,0.9108760088682175,0.9910663068294525,0.0001111111111111111,67.94999999999999,"[60.6%, 68.4%, 74.6%, 66.4%, 86.2%, 68.8%, 72.8%, 66.4%, 71.6%, 76.6%, 76.8%, 68.4%, 77.0%, 70.0%, 68.2%, 56.0%, 48.6%, 60.8%, 58.0%, 62.8%]",,,,
19,weights,19,74,0.03960000000000001,0.8883728608489037,0.9735907688736916,0.0001111111111111111,67.91999999999999,"[60.6%, 68.4%, 74.6%, 66.4%, 86.2%, 68.8%, 72.8%, 66.4%, 71.6%, 76.6%, 76.8%, 68.4%, 77.0%, 70.0%, 68.2%, 56.0%, 48.6%, 60.8%, 58.0%, 62.2%]",,,,
19,weights,20,75,0.03960000000000001,0.8693649604916572,0.9376891814172268,0.0001111111111111111,68.02,"[60.6%, 68.4%, 74.6%, 66.4%, 86.2%, 68.8%, 72.8%, 66.4%, 71.6%, 76.6%, 76.8%, 68.4%, 77.0%, 70.0%, 68.2%, 56.0%, 48.6%, 60.8%, 58.0%, 64.2%]",,,,
19,weights,21,76,0.03960000000000001,0.8582550384104252,0.9503834024071693,0.0001111111111111111,68.00999999999999,"[60.6%, 68.4%, 74.6%, 66.4%, 86.2%, 68.8%, 72.8%, 66.4%, 71.6%, 76.6%, 76.8%, 68.4%, 77.0%, 70.0%, 68.2%, 56.0%, 48.6%, 60.8%, 58.0%, 64.0%]",,,,
19,weights,22,77,0.03960000000000001,0.8531223937869072,0.9642041102051735,0.0001111111111111111,68.02,"[60.6%, 68.4%, 74.6%, 66.4%, 86.2%, 68.8%, 72.8%, 66.4%, 71.6%, 76.6%, 76.8%, 68.4%, 77.0%, 70.0%, 68.2%, 56.0%, 48.6%, 60.8%, 58.0%, 64.2%]",,,,
19,weights,23,78,0.03960000000000001,0.8616672858595849,0.9374596364796162,0.0001111111111111111,68.00999999999999,"[60.6%, 68.4%, 74.6%, 66.4%, 86.2%, 68.8%, 72.8%, 66.4%, 71.6%, 76.6%, 76.8%, 68.4%, 77.0%, 70.0%, 68.2%, 56.0%, 48.6%, 60.8%, 58.0%, 64.0%]",,,,
19,weights,24,79,0.03960000000000001,0.8662583515048027,0.9447563104331493,0.0001111111111111111,68.00999999999999,"[60.6%, 68.4%, 74.6%, 66.4%, 86.2%, 68.8%, 72.8%, 66.4%, 71.6%, 76.6%, 76.8%, 68.4%, 77.0%, 70.0%, 68.2%, 56.0%, 48.6%, 60.8%, 58.0%, 64.0%]",,,,
19,weights,25,80,0.03960000000000001,0.8525148533284664,0.9637145400047302,0.0001111111111111111,67.85999999999999,"[60.6%, 68.4%, 74.6%, 66.4%, 86.2%, 68.8%, 72.8%, 66.4%, 71.6%, 76.6%, 76.8%, 68.4%, 77.0%, 70.0%, 68.2%, 56.0%, 48.6%, 60.8%, 58.0%, 61.0%]",26.750000000000007,"[0.0%, 26.0%, 29.6%, 9.4%, 86.2%, 27.4%, 38.2%, 16.6%, 32.6%, 41.8%, 24.6%, 31.8%, 56.0%, 31.2%, 34.4%, 10.6%, 20.8%, 0.0%, 7.2%, 10.6%]",36.980000000000004,"[35.0%, 34.8%, 55.2%, 28.4%, 75.0%, 62.6%, 38.2%, 16.2%, 57.0%, 41.8%, 22.8%, 11.4%, 56.0%, 39.6%, 28.0%, 34.2%, 26.6%, 29.8%, 33.4%, 13.6%]"
