task_idx,phase,epoch_in_phase,global_epoch,kappa,train_loss,val_loss,lr,til_avg,til_per_task,cil_stand_avg,cil_stand_per_task,cil_znorm_avg,cil_znorm_per_task
0,parallel,1,1,0.5,2.206384855508804,1.6111489981412888,0.001,31.4,[31.4%],,,,
0,parallel,2,2,0.5,1.5454447716474533,1.4926460832357407,0.001,37.6,[37.6%],,,,
0,parallel,3,3,0.5,1.4052326306700706,1.4840909913182259,0.001,37.0,[37.0%],,,,
0,parallel,4,4,0.5,1.1939668878912926,1.246663674712181,0.001,47.8,[47.8%],,,,
0,parallel,5,5,0.49560501500000004,1.1136888235807418,1.1405165269970894,0.001,55.0,[55.0%],,,,
0,parallel,6,6,0.478245375,1.0500612631440163,1.0572786331176758,0.001,56.0,[56.0%],,,,
0,parallel,7,7,0.461238215,0.9685823872685433,1.3911849055439234,0.001,46.4,[46.4%],,,,
0,parallel,8,8,0.4445835350000001,0.9618548557162285,1.107936516404152,0.001,53.6,[53.6%],,,,
0,parallel,9,9,0.42828133500000004,0.9455202862620353,1.0759485587477684,0.001,56.4,[56.4%],,,,
0,parallel,10,10,0.412331615,1.018836608529091,1.034627327695489,0.001,58.0,[58.0%],,,,
0,parallel,11,11,0.39673437500000003,0.8815645650029182,1.48041130322963,0.001,46.4,[46.4%],,,,
0,parallel,12,12,0.38148961499999995,0.9640415102243424,0.9401008002460003,0.001,60.0,[60.0%],,,,
0,parallel,13,13,0.36659733499999997,0.817690210044384,0.9432836621999741,0.001,60.6,[60.6%],,,,
0,parallel,14,14,0.352057535,0.8307074218988418,1.1691291835159063,0.001,56.2,[56.2%],,,,
0,parallel,15,15,0.33787021500000003,0.8080508418381214,1.134015941992402,0.001,55.4,[55.4%],,,,
0,parallel,16,16,0.324035375,0.7771575957536697,1.0644232276827097,0.001,58.4,[58.4%],,,,
0,parallel,17,17,0.310553015,0.8614248722791672,0.9446740336716175,0.0003333333333333333,62.2,[62.2%],,,,
0,parallel,18,18,0.29742313499999995,0.7163491308689117,0.9062292594462633,0.0003333333333333333,63.4,[63.4%],,,,
0,parallel,19,19,0.28464573500000007,0.735313606262207,0.9401884414255619,0.0003333333333333333,60.2,[60.2%],,,,
0,parallel,20,20,0.272220815,0.7295212522149086,0.8735702075064182,0.0003333333333333333,65.4,[65.4%],,,,
0,parallel,21,21,0.26014837500000004,0.7636787422001362,0.9382303990423679,0.0003333333333333333,64.4,[64.4%],,,,
0,parallel,22,22,0.248428415,0.7217430509626865,1.0295828133821487,0.0003333333333333333,58.8,[58.8%],,,,
0,parallel,23,23,0.23706093499999997,0.7309053674340248,0.9615461006760597,0.0003333333333333333,60.4,[60.4%],,,,
0,parallel,24,24,0.22604593499999998,0.8086944192647934,1.0095021650195122,0.0003333333333333333,60.2,[60.2%],,,,
0,parallel,25,25,0.21538341499999997,0.8035521179437637,0.8829999975860119,0.0001111111111111111,64.8,[64.8%],,,,
0,parallel,26,26,0.20507337499999995,0.7388283297419548,0.9566269014030695,0.0001111111111111111,62.2,[62.2%],,,,
0,parallel,27,27,0.19511581499999997,0.8075331956148147,0.9857830703258514,0.0001111111111111111,60.6,[60.6%],,,,
0,parallel,28,28,0.18551073499999993,0.8445296421647072,1.0976833514869213,0.0001111111111111111,57.0,[57.0%],,,,
0,parallel,29,29,0.17625813499999998,0.8366929695010186,1.075948029756546,0.0001111111111111111,57.2,[57.2%],,,,
0,parallel,30,30,0.16735801499999997,0.9871121197938919,1.0370482429862022,0.0001111111111111111,60.2,[60.2%],,,,
0,parallel,31,31,0.158810375,0.9402429655194282,1.0868270695209503,0.0001111111111111111,57.8,[57.8%],,,,
0,parallel,32,32,0.15061521499999997,1.0135315030813217,1.173778273165226,0.0001111111111111111,57.4,[57.4%],,,,
0,parallel,33,33,0.14277253500000003,1.0155721053481102,1.0979679077863693,0.0001111111111111111,58.8,[58.8%],,,,
0,parallel,34,34,0.135282335,1.2054767906665802,1.1675895974040031,0.0001111111111111111,57.4,[57.4%],,,,
0,parallel,35,35,0.12814461500000002,1.1630114912986755,1.1923748403787613,0.0001111111111111111,58.6,[58.6%],,,,
0,parallel,36,36,0.12135937499999999,1.2377822771668434,1.2317653149366379,0.0001111111111111111,56.6,[56.6%],,,,
0,parallel,37,37,0.114926615,1.229895281791687,1.2423524633049965,0.0001111111111111111,58.2,[58.2%],,,,
0,parallel,38,38,0.10884633499999999,1.3886442601680755,1.3223389089107513,0.0001111111111111111,55.4,[55.4%],,,,
0,parallel,39,39,0.10311853499999998,1.3579425394535065,1.308659516274929,0.0001111111111111111,56.8,[56.8%],,,,
0,parallel,40,40,0.097743215,1.3237785309553147,1.2974392771720886,0.0001111111111111111,54.6,[54.6%],,,,
0,parallel,41,41,0.092720375,1.509049841761589,1.4755079597234726,0.0001111111111111111,46.8,[46.8%],,,,
0,parallel,42,42,0.088050015,1.5107990145683288,1.4662570133805275,0.0001111111111111111,52.8,[52.8%],,,,
0,parallel,43,43,0.08373213499999999,1.487460547685623,1.437347874045372,0.0001111111111111111,56.0,[56.0%],,,,
0,parallel,44,44,0.07976673499999999,1.4229780972003936,1.4114511609077454,0.0001111111111111111,57.8,[57.8%],,,,
0,parallel,45,45,0.07615381499999999,1.5575898796319962,1.4623668864369392,0.0001111111111111111,53.6,[53.6%],,,,
0,parallel,46,46,0.072893375,1.4572232902050017,1.4012043848633766,0.0001111111111111111,55.2,[55.2%],,,,
0,parallel,47,47,0.069985415,1.5313997179269792,1.486006148159504,0.0001111111111111111,51.6,[51.6%],,,,
0,parallel,48,48,0.067429935,1.4725198596715927,1.4297407642006874,0.0001111111111111111,55.6,[55.6%],,,,
0,parallel,49,49,0.06522693499999999,1.4535156041383743,1.4021038562059402,0.0001111111111111111,56.2,[56.2%],,,,
0,parallel,50,50,0.06337641499999999,1.4809821784496306,1.4458288699388504,0.0001111111111111111,55.8,[55.8%],,,,
0,parallel,51,51,0.06187837499999999,1.672771117091179,1.5795753076672554,0.0001111111111111111,45.0,[45.0%],,,,
0,parallel,52,52,0.060732814999999996,1.546391162276268,1.501857690513134,0.0001111111111111111,51.4,[51.4%],,,,
0,parallel,53,53,0.059939734999999994,1.5248527854681015,1.49470716714859,0.0001111111111111111,51.6,[51.6%],,,,
0,parallel,54,54,0.059499134999999995,1.4811076730489732,1.4498350843787193,0.0001111111111111111,53.0,[53.0%],,,,
0,parallel,55,55,0.059399999999999994,1.4430772095918656,1.4107442498207092,0.0001111111111111111,55.0,[55.0%],,,,
0,weights,1,56,0.059399999999999994,1.4162703990936278,1.3787374794483185,0.0001111111111111111,54.8,[54.8%],,,,
0,weights,2,57,0.059399999999999994,1.3995002299547195,1.358131505548954,0.0001111111111111111,56.0,[56.0%],,,,
0,weights,3,58,0.059399999999999994,1.3541794627904893,1.3227588459849358,0.0001111111111111111,56.4,[56.4%],,,,
0,weights,4,59,0.059399999999999994,1.330789065361023,1.3240763321518898,0.0001111111111111111,54.6,[54.6%],,,,
0,weights,5,60,0.059399999999999994,1.2940811216831207,1.3055067583918571,0.0001111111111111111,55.6,[55.6%],,,,
0,weights,6,61,0.059399999999999994,1.2899070411920548,1.2699438259005547,0.0001111111111111111,58.0,[58.0%],,,,
0,weights,7,62,0.059399999999999994,1.252362671494484,1.2640282586216927,0.0001111111111111111,57.6,[57.6%],,,,
0,weights,8,63,0.059399999999999994,1.2542003870010376,1.2436538934707642,0.0001111111111111111,57.2,[57.2%],,,,
0,weights,9,64,0.059399999999999994,1.2216161400079728,1.2241866067051888,0.0001111111111111111,58.2,[58.2%],,,,
0,weights,10,65,0.059399999999999994,1.1992196589708328,1.198405034840107,0.0001111111111111111,57.4,[57.4%],,,,
0,weights,11,66,0.059399999999999994,1.206327310204506,1.2259697914123535,0.0001111111111111111,55.6,[55.6%],,,,
0,weights,12,67,0.059399999999999994,1.1845186948776245,1.1893650889396667,0.0001111111111111111,58.4,[58.4%],,,,
0,weights,13,68,0.059399999999999994,1.1574079871177674,1.1528276279568672,0.0001111111111111111,58.8,[58.8%],,,,
0,weights,14,69,0.059399999999999994,1.1663984909653664,1.15967907756567,0.0001111111111111111,57.8,[57.8%],,,,
0,weights,15,70,0.059399999999999994,1.150991228222847,1.1604938954114914,0.0001111111111111111,60.4,[60.4%],,,,
0,weights,16,71,0.059399999999999994,1.1653287410736084,1.1482354775071144,0.0001111111111111111,59.4,[59.4%],,,,
0,weights,17,72,0.059399999999999994,1.117218378186226,1.1289857029914856,0.0001111111111111111,61.8,[61.8%],,,,
0,weights,18,73,0.059399999999999994,1.0916689932346344,1.1177512258291245,0.0001111111111111111,60.2,[60.2%],,,,
0,weights,19,74,0.059399999999999994,1.0921965301036836,1.1029121726751328,0.0001111111111111111,59.6,[59.6%],,,,
0,weights,20,75,0.059399999999999994,1.0924727454781533,1.0808143317699432,0.0001111111111111111,61.4,[61.4%],,,,
0,weights,21,76,0.059399999999999994,1.0803062304854394,1.0758553817868233,0.0001111111111111111,62.2,[62.2%],,,,
0,weights,22,77,0.059399999999999994,1.0533671349287033,1.0802737176418304,0.0001111111111111111,62.6,[62.6%],,,,
0,weights,23,78,0.059399999999999994,1.07376871407032,1.0562299117445946,0.0001111111111111111,61.8,[61.8%],,,,
0,weights,24,79,0.059399999999999994,1.0710242435336113,1.0617258101701736,0.0001111111111111111,61.6,[61.6%],,,,
0,weights,25,80,0.059399999999999994,1.0397063702344895,1.0496369376778603,0.0001111111111111111,60.2,[60.2%],60.2,[60.2%],60.2,[60.2%]
1,parallel,1,1,0.5,3.0037886291742324,1.7011115849018097,0.0001111111111111111,40.1,"[60.2%, 20.0%]",,,,
1,parallel,2,2,0.5,1.6546269357204437,1.6415695250034332,0.0001111111111111111,40.1,"[60.2%, 20.0%]",,,,
1,parallel,3,3,0.5,1.6328869611024857,1.6184731870889664,0.0001111111111111111,40.900000000000006,"[60.2%, 21.6%]",,,,
1,parallel,4,4,0.5,1.5761462181806565,1.6099690198898315,0.0001111111111111111,41.5,"[60.2%, 22.8%]",,,,
1,parallel,5,5,0.49559462000000004,1.469882646203041,1.4897083938121796,0.0001111111111111111,49.3,"[60.2%, 38.4%]",,,,
1,parallel,6,6,0.47819392105263153,1.4121503353118896,1.3666381239891052,0.0001111111111111111,52.5,"[60.2%, 44.8%]",,,,
1,parallel,7,7,0.4611465357894737,1.3082087263464928,1.3044907823204994,0.0001111111111111111,51.900000000000006,"[60.2%, 43.6%]",,,,
1,parallel,8,8,0.44445246421052637,1.2428777158260345,1.3044637590646744,0.0001111111111111111,53.2,"[60.2%, 46.2%]",,,,
1,parallel,9,9,0.42811170631578954,1.2266366332769394,1.3438872396945953,0.0001111111111111111,53.1,"[60.2%, 46.0%]",,,,
1,parallel,10,10,0.41212426210526315,1.1146668747067452,1.1012675762176514,0.0001111111111111111,59.900000000000006,"[60.2%, 59.6%]",,,,
1,parallel,11,11,0.39649013157894736,1.0827560350298882,1.0961566716432571,0.0001111111111111111,59.3,"[60.2%, 58.4%]",,,,
1,parallel,12,12,0.38120931473684205,1.0097205370664597,1.0037784948945045,0.0001111111111111111,62.4,"[60.2%, 64.6%]",,,,
1,parallel,13,13,0.36628181157894735,0.9383464351296424,1.0190926864743233,0.0001111111111111111,62.0,"[60.2%, 63.8%]",,,,
1,parallel,14,14,0.35170762210526313,0.9219841524958611,1.1135143004357815,0.0001111111111111111,59.5,"[60.2%, 58.8%]",,,,
1,parallel,15,15,0.3374867463157895,0.892402209341526,0.8726987466216087,0.0001111111111111111,64.9,"[60.2%, 69.6%]",,,,
1,parallel,16,16,0.3236191842105263,0.8949845880270004,1.0531757175922394,0.0001111111111111111,61.400000000000006,"[60.2%, 62.6%]",,,,
1,parallel,17,17,0.3101049357894737,0.8062018364667892,0.7907724976539612,0.0001111111111111111,66.6,"[60.2%, 73.0%]",,,,
1,parallel,18,18,0.2969440010526315,0.8107746049761773,0.8910193480551243,0.0001111111111111111,64.2,"[60.2%, 68.2%]",,,,
1,parallel,19,19,0.2841363800000001,0.7949320197105407,1.028404824435711,0.0001111111111111111,62.4,"[60.2%, 64.6%]",,,,
1,parallel,20,20,0.27168207263157895,0.8153387099504471,1.0267048180103302,0.0001111111111111111,62.2,"[60.2%, 64.2%]",,,,
1,parallel,21,21,0.2595810789473684,0.8455707654356956,0.7668168395757675,0.0001111111111111111,66.30000000000001,"[60.2%, 72.4%]",,,,
1,parallel,22,22,0.24783339894736844,0.7948423236608505,0.859048530459404,0.0001111111111111111,65.5,"[60.2%, 70.8%]",,,,
1,parallel,23,23,0.23643903263157895,0.7606642946600914,0.922049630433321,0.0001111111111111111,63.9,"[60.2%, 67.6%]",,,,
1,parallel,24,24,0.22539798,0.7493250668048859,0.9351320527493954,0.0001111111111111111,63.6,"[60.2%, 67.0%]",,,,
1,parallel,25,25,0.21471024105263156,0.7510316446423531,0.8197869807481766,0.0001111111111111111,66.1,"[60.2%, 72.0%]",,,,
1,parallel,26,26,0.20437581578947367,0.6835816286504268,0.7294655293226242,0.0001111111111111111,67.5,"[60.2%, 74.8%]",,,,
1,parallel,27,27,0.1943947042105263,0.7383593395352364,0.7450145781040192,0.0001111111111111111,67.6,"[60.2%, 75.0%]",,,,
1,parallel,28,28,0.18476690631578943,0.7561774641275406,0.7295602932572365,0.0001111111111111111,66.80000000000001,"[60.2%, 73.4%]",,,,
1,parallel,29,29,0.17549242210526314,0.6767400875687599,0.7304402440786362,0.0001111111111111111,67.2,"[60.2%, 74.2%]",,,,
1,parallel,30,30,0.16657125157894737,0.7513704836368561,0.811487153172493,0.0001111111111111111,66.6,"[60.2%, 73.0%]",,,,
1,parallel,31,31,0.1580033947368421,0.7349151037633419,0.7483957521617413,0.0001111111111111111,66.7,"[60.2%, 73.2%]",,,,
1,parallel,32,32,0.14978885157894734,0.7974309027194977,0.8716674782335758,0.0001111111111111111,65.5,"[60.2%, 70.8%]",,,,
1,parallel,33,33,0.1419276221052632,0.9944144070148468,0.8403276428580284,0.0001111111111111111,66.0,"[60.2%, 71.8%]",,,,
1,parallel,34,34,0.13441970631578948,0.9625531531870365,0.8541193827986717,0.0001111111111111111,65.30000000000001,"[60.2%, 70.4%]",,,,
1,parallel,35,35,0.12726510421052634,0.8424474239349365,0.8789593651890755,0.0001111111111111111,64.2,"[60.2%, 68.2%]",,,,
1,parallel,36,36,0.12046381578947368,0.9577733606100083,0.9142815694212914,0.0001111111111111111,63.5,"[60.2%, 66.8%]",,,,
1,parallel,37,37,0.11401584105263157,0.9140983447432518,0.9465898647904396,0.0001111111111111111,63.300000000000004,"[60.2%, 66.4%]",,,,
1,parallel,38,38,0.10792117999999998,0.9426296547055244,0.920913502573967,0.0001111111111111111,65.2,"[60.2%, 70.2%]",,,,
1,parallel,39,39,0.10217983263157893,0.9937512427568436,0.8877262845635414,0.0001111111111111111,65.5,"[60.2%, 70.8%]",,,,
1,parallel,40,40,0.09679179894736842,1.0079204350709916,0.9304645881056786,0.0001111111111111111,64.9,"[60.2%, 69.6%]",,,,
1,parallel,41,41,0.09175707894736843,1.0005203366279602,1.008702501654625,0.0001111111111111111,62.800000000000004,"[60.2%, 65.4%]",,,,
1,parallel,42,42,0.08707567263157895,0.9785677462816238,0.931281603872776,0.0001111111111111111,64.6,"[60.2%, 69.0%]",,,,
1,parallel,43,43,0.08274757999999999,1.0138278290629388,0.8782650679349899,0.0001111111111111111,65.2,"[60.2%, 70.2%]",,,,
1,parallel,44,44,0.07877280105263157,0.9698054835200309,0.9972254186868668,0.0001111111111111111,63.800000000000004,"[60.2%, 67.4%]",,,,
1,parallel,45,45,0.07515133578947367,1.156299537420273,1.0050596743822098,0.0001111111111111111,61.1,"[60.2%, 62.0%]",,,,
1,parallel,46,46,0.07188318421052632,1.0237557023763657,0.9629732072353363,0.0001111111111111111,63.0,"[60.2%, 65.8%]",,,,
1,parallel,47,47,0.06896834631578948,1.0310376197099687,1.0685501098632812,0.0001111111111111111,59.400000000000006,"[60.2%, 58.6%]",,,,
1,parallel,48,48,0.06640682210526315,0.979680722951889,0.9937883242964745,0.0001111111111111111,63.300000000000004,"[60.2%, 66.4%]",,,,
1,parallel,49,49,0.06419861157894736,1.0154611721634865,0.9665862247347832,0.0001111111111111111,64.4,"[60.2%, 68.6%]",,,,
1,parallel,50,50,0.062343714736842096,1.1842026308178901,1.1015615239739418,0.0001111111111111111,60.2,"[60.2%, 60.2%]",,,,
1,parallel,51,51,0.06084213157894736,1.1007338479161262,1.2372602373361588,0.0001111111111111111,56.7,"[60.2%, 53.2%]",,,,
1,parallel,52,52,0.05969386210526316,1.3582444980740547,1.16293366253376,0.0001111111111111111,58.0,"[60.2%, 55.8%]",,,,
1,parallel,53,53,0.05889890631578947,1.1082047805190087,1.078714594244957,0.0001111111111111111,60.0,"[60.2%, 59.8%]",,,,
1,parallel,54,54,0.058457264210526313,1.070537206530571,0.9842994585633278,0.0001111111111111111,61.1,"[60.2%, 62.0%]",,,,
1,parallel,55,55,0.0583578947368421,1.0265526980161668,0.9752700254321098,0.0001111111111111111,61.6,"[60.2%, 63.0%]",,,,
1,weights,1,56,0.0583578947368421,0.988185703754425,0.9681290164589882,0.0001111111111111111,61.8,"[60.2%, 63.4%]",,,,
1,weights,2,57,0.0583578947368421,0.9338119253516197,1.0156041756272316,0.0001111111111111111,60.900000000000006,"[60.2%, 61.6%]",,,,
1,weights,3,58,0.0583578947368421,0.918743509054184,0.9461306408047676,0.0001111111111111111,62.4,"[60.2%, 64.6%]",,,,
1,weights,4,59,0.0583578947368421,0.8934781342744827,0.9024018943309784,0.0001111111111111111,62.6,"[60.2%, 65.0%]",,,,
1,weights,5,60,0.0583578947368421,0.8721880666911602,0.8993173688650131,0.0001111111111111111,63.7,"[60.2%, 67.2%]",,,,
1,weights,6,61,0.0583578947368421,0.8547498434782028,0.8660940900444984,0.0001111111111111111,63.7,"[60.2%, 67.2%]",,,,
1,weights,7,62,0.0583578947368421,0.872541269659996,0.9057087525725365,0.0001111111111111111,63.6,"[60.2%, 67.0%]",,,,
1,weights,8,63,0.0583578947368421,0.8343070387840271,0.8399961739778519,0.0001111111111111111,64.30000000000001,"[60.2%, 68.4%]",,,,
1,weights,9,64,0.0583578947368421,0.8002039819955826,0.8257360197603703,0.0001111111111111111,64.1,"[60.2%, 68.0%]",,,,
1,weights,10,65,0.0583578947368421,0.7694947421550751,0.855209194123745,0.0001111111111111111,63.300000000000004,"[60.2%, 66.4%]",,,,
1,weights,11,66,0.0583578947368421,0.8100601598620415,0.8797470927238464,0.0001111111111111111,63.4,"[60.2%, 66.6%]",,,,
1,weights,12,67,0.0583578947368421,0.8112861081957817,0.7936305329203606,0.0001111111111111111,65.7,"[60.2%, 71.2%]",,,,
1,weights,13,68,0.0583578947368421,0.7641478583216668,0.7651799097657204,0.0001111111111111111,66.1,"[60.2%, 72.0%]",,,,
1,weights,14,69,0.0583578947368421,0.7186662731692195,0.7928619682788849,0.0001111111111111111,65.80000000000001,"[60.2%, 71.4%]",,,,
1,weights,15,70,0.0583578947368421,0.7233965501189232,0.7737260013818741,0.0001111111111111111,65.7,"[60.2%, 71.2%]",,,,
1,weights,16,71,0.0583578947368421,0.7043500162661076,0.7520702555775642,0.0001111111111111111,67.4,"[60.2%, 74.6%]",,,,
1,weights,17,72,0.0583578947368421,0.7305847629904747,0.7204216383397579,0.0001111111111111111,66.7,"[60.2%, 73.2%]",,,,
1,weights,18,73,0.0583578947368421,0.7701013654470443,0.8114198967814445,0.0001111111111111111,64.2,"[60.2%, 68.2%]",,,,
1,weights,19,74,0.0583578947368421,0.7574962303042412,0.7274638451635838,0.0001111111111111111,66.2,"[60.2%, 72.2%]",,,,
1,weights,20,75,0.0583578947368421,0.7032821916043759,0.7387964352965355,0.0001111111111111111,65.4,"[60.2%, 70.6%]",,,,
1,weights,21,76,0.0583578947368421,0.6770787626504898,0.7792626693844795,0.0001111111111111111,65.5,"[60.2%, 70.8%]",,,,
1,weights,22,77,0.0583578947368421,0.6963063850998878,0.8424557372927666,0.0001111111111111111,63.5,"[60.2%, 66.8%]",,,,
1,weights,23,78,0.0583578947368421,0.7104869097471237,0.7388918362557888,0.0001111111111111111,65.5,"[60.2%, 70.8%]",,,,
1,weights,24,79,0.0583578947368421,0.6597080506384373,0.7139586210250854,0.0001111111111111111,66.9,"[60.2%, 73.6%]",,,,
1,weights,25,80,0.0583578947368421,0.7107503741979599,0.8290065303444862,0.0001111111111111111,65.5,"[60.2%, 70.8%]",41.0,"[11.2%, 70.8%]",59.0,"[47.2%, 70.8%]"
2,parallel,1,1,0.5,4.070276665687561,1.8442074060440063,0.0001111111111111111,50.333333333333336,"[60.2%, 70.8%, 20.0%]",,,,
2,parallel,2,2,0.5,1.6945130586624146,1.6512778997421265,0.0001111111111111111,50.333333333333336,"[60.2%, 70.8%, 20.0%]",,,,
2,parallel,3,3,0.5,1.6477520376443864,1.6483585834503174,0.0001111111111111111,50.333333333333336,"[60.2%, 70.8%, 20.0%]",,,,
2,parallel,4,4,0.5,1.6383255183696748,1.6157870590686798,0.0001111111111111111,52.06666666666666,"[60.2%, 70.8%, 25.2%]",,,,
2,parallel,5,5,0.49558422500000004,1.577986255288124,1.5364029109477997,0.0001111111111111111,54.199999999999996,"[60.2%, 70.8%, 31.6%]",,,,
2,parallel,6,6,0.47814246710526315,1.4561723619699478,1.3881890997290611,0.0001111111111111111,55.0,"[60.2%, 70.8%, 34.0%]",,,,
2,parallel,7,7,0.46105485657894735,1.3653265982866287,1.3207452967762947,0.0001111111111111111,56.800000000000004,"[60.2%, 70.8%, 39.4%]",,,,
2,parallel,8,8,0.4443213934210527,1.3100268602371217,1.251244179904461,0.0001111111111111111,59.26666666666667,"[60.2%, 70.8%, 46.8%]",,,,
2,parallel,9,9,0.427942077631579,1.2593708157539367,1.2752902656793594,0.0001111111111111111,58.06666666666666,"[60.2%, 70.8%, 43.2%]",,,,
2,parallel,10,10,0.4119169092105263,1.2244225949048997,1.1653736382722855,0.0001111111111111111,61.13333333333333,"[60.2%, 70.8%, 52.4%]",,,,
2,parallel,11,11,0.39624588815789474,1.157337588071823,1.1778827011585236,0.0001111111111111111,60.13333333333333,"[60.2%, 70.8%, 49.4%]",,,,
2,parallel,12,12,0.38092901447368416,1.1255078464746475,1.1268031373620033,0.0001111111111111111,60.86666666666667,"[60.2%, 70.8%, 51.6%]",,,,
2,parallel,13,13,0.3659662881578947,1.1318351909518243,1.0594762712717056,0.0001111111111111111,62.53333333333333,"[60.2%, 70.8%, 56.6%]",,,,
2,parallel,14,14,0.3513577092105263,1.034283994138241,0.9855323731899261,0.0001111111111111111,64.66666666666667,"[60.2%, 70.8%, 63.0%]",,,,
2,parallel,15,15,0.337103277631579,0.9766433715820313,0.9411936402320862,0.0001111111111111111,65.39999999999999,"[60.2%, 70.8%, 65.2%]",,,,
2,parallel,16,16,0.3232029934210527,0.9520015060901642,0.958717867732048,0.0001111111111111111,64.33333333333333,"[60.2%, 70.8%, 62.0%]",,,,
2,parallel,17,17,0.30965685657894737,0.8799436151981354,0.9028567969799042,0.0001111111111111111,65.26666666666667,"[60.2%, 70.8%, 64.8%]",,,,
2,parallel,18,18,0.2964648671052631,0.8717995807528496,0.8608586117625237,0.0001111111111111111,66.60000000000001,"[60.2%, 70.8%, 68.8%]",,,,
2,parallel,19,19,0.28362702500000003,0.8738160356879234,0.9263520911335945,0.0001111111111111111,65.8,"[60.2%, 70.8%, 66.4%]",,,,
2,parallel,20,20,0.27114333026315796,0.8490244820713997,0.8101157173514366,0.0001111111111111111,67.2,"[60.2%, 70.8%, 70.6%]",,,,
2,parallel,21,21,0.25901378289473687,0.8048322066664696,0.8904794529080391,0.0001111111111111111,65.53333333333333,"[60.2%, 70.8%, 65.6%]",,,,
2,parallel,22,22,0.24723838289473687,0.7477148078382015,0.7845116406679153,0.0001111111111111111,67.73333333333333,"[60.2%, 70.8%, 72.2%]",,,,
2,parallel,23,23,0.2358171302631579,0.7413880825042725,0.890691164880991,0.0001111111111111111,65.06666666666666,"[60.2%, 70.8%, 64.2%]",,,,
2,parallel,24,24,0.224750025,0.7707745291292667,0.7901945114135742,0.0001111111111111111,67.39999999999999,"[60.2%, 70.8%, 71.2%]",,,,
2,parallel,25,25,0.21403706710526316,0.7446086302399635,0.79146309196949,0.0001111111111111111,67.8,"[60.2%, 70.8%, 72.4%]",,,,
2,parallel,26,26,0.20367825657894734,0.6753770343959331,0.7512939088046551,0.0001111111111111111,67.86666666666666,"[60.2%, 70.8%, 72.6%]",,,,
2,parallel,27,27,0.19367359342105261,0.811485105752945,0.8253157734870911,0.0001111111111111111,67.26666666666667,"[60.2%, 70.8%, 70.8%]",,,,
2,parallel,28,28,0.1840230776315789,0.910181176662445,0.8292409852147102,0.0001111111111111111,66.86666666666666,"[60.2%, 70.8%, 69.6%]",,,,
2,parallel,29,29,0.1747267092105263,0.8386837646365166,0.7869318947196007,0.0001111111111111111,67.73333333333333,"[60.2%, 70.8%, 72.2%]",,,,
2,parallel,30,30,0.16578448815789473,0.796698448061943,0.7863448448479176,0.0001111111111111111,67.46666666666667,"[60.2%, 70.8%, 71.4%]",,,,
2,parallel,31,31,0.1571964144736842,0.7383849352598191,0.8380643911659718,0.0001111111111111111,66.53333333333333,"[60.2%, 70.8%, 68.6%]",,,,
2,parallel,32,32,0.1489624881578947,0.8067566514015198,0.83596021682024,0.0001111111111111111,67.26666666666667,"[60.2%, 70.8%, 70.8%]",,,,
2,parallel,33,33,0.14108270921052635,0.7182779133319854,0.7628795057535172,0.0001111111111111111,68.39999999999999,"[60.2%, 70.8%, 74.2%]",,,,
2,parallel,34,34,0.13355707763157895,0.8983173802495003,0.7844191938638687,0.0001111111111111111,68.26666666666667,"[60.2%, 70.8%, 73.8%]",,,,
2,parallel,35,35,0.12638559342105266,0.8310113534331321,0.9268282614648342,0.0001111111111111111,65.8,"[60.2%, 70.8%, 66.4%]",,,,
2,parallel,36,36,0.11956825657894737,0.9088982090353965,1.093499083071947,0.0001111111111111111,62.800000000000004,"[60.2%, 70.8%, 57.4%]",,,,
2,parallel,37,37,0.11310506710526316,0.8879513651132583,0.853335976600647,0.0001111111111111111,66.60000000000001,"[60.2%, 70.8%, 68.8%]",,,,
2,parallel,38,38,0.106996025,0.8885614931583404,0.9481028765439987,0.0001111111111111111,65.53333333333333,"[60.2%, 70.8%, 65.6%]",,,,
2,parallel,39,39,0.10124113026315787,0.896608754992485,0.862457774579525,0.0001111111111111111,66.86666666666666,"[60.2%, 70.8%, 69.6%]",,,,
2,parallel,40,40,0.09584038289473684,0.8907590806484222,0.8914932534098625,0.0001111111111111111,66.60000000000001,"[60.2%, 70.8%, 68.8%]",,,,
2,parallel,41,41,0.09079378289473684,0.9845965296030045,0.9064530730247498,0.0001111111111111111,65.93333333333334,"[60.2%, 70.8%, 66.8%]",,,,
2,parallel,42,42,0.08610133026315789,0.9233829036355019,0.9554155319929123,0.0001111111111111111,65.86666666666666,"[60.2%, 70.8%, 66.6%]",,,,
2,parallel,43,43,0.08176302499999999,0.9874687105417251,0.9105048477649689,0.0001111111111111111,66.73333333333333,"[60.2%, 70.8%, 69.2%]",,,,
2,parallel,44,44,0.07777886710526315,1.1318942800164222,1.150403380393982,0.0001111111111111111,62.0,"[60.2%, 70.8%, 55.0%]",,,,
2,parallel,45,45,0.07414885657894736,1.1011076763272285,1.0651041343808174,0.0001111111111111111,63.73333333333333,"[60.2%, 70.8%, 60.2%]",,,,
2,parallel,46,46,0.07087299342105263,1.0219415307044983,0.9829967394471169,0.0001111111111111111,65.2,"[60.2%, 70.8%, 64.6%]",,,,
2,parallel,47,47,0.06795127763157895,1.0421472638845444,1.0023590624332428,0.0001111111111111111,64.39999999999999,"[60.2%, 70.8%, 62.2%]",,,,
2,parallel,48,48,0.06538370921052632,0.9957557812333107,0.9717321544885635,0.0001111111111111111,65.13333333333334,"[60.2%, 70.8%, 64.4%]",,,,
2,parallel,49,49,0.06317028815789473,0.9528112709522247,0.9429060146212578,0.0001111111111111111,65.73333333333333,"[60.2%, 70.8%, 66.2%]",,,,
2,parallel,50,50,0.06131101447368421,1.281336785852909,1.1111304983496666,0.0001111111111111111,62.73333333333333,"[60.2%, 70.8%, 57.2%]",,,,
2,parallel,51,51,0.059805888157894734,1.1601071536540986,1.0883249416947365,0.0001111111111111111,63.6,"[60.2%, 70.8%, 59.8%]",,,,
2,parallel,52,52,0.05865490921052632,1.043288217484951,0.9851211905479431,0.0001111111111111111,65.8,"[60.2%, 70.8%, 66.4%]",,,,
2,parallel,53,53,0.05785807763157895,1.072921910881996,1.001168318092823,0.0001111111111111111,65.66666666666667,"[60.2%, 70.8%, 66.0%]",,,,
2,parallel,54,54,0.05741539342105263,0.9982059344649314,0.9653499945998192,0.0001111111111111111,66.0,"[60.2%, 70.8%, 67.0%]",,,,
2,parallel,55,55,0.05731578947368421,0.9731547430157661,0.9422300755977631,0.0001111111111111111,65.93333333333334,"[60.2%, 70.8%, 66.8%]",,,,
2,weights,1,56,0.05731578947368421,0.9483657583594323,0.9590982869267464,0.0001111111111111111,65.39999999999999,"[60.2%, 70.8%, 65.2%]",,,,
2,weights,2,57,0.05731578947368421,0.9251881614327431,0.9257449209690094,0.0001111111111111111,65.53333333333333,"[60.2%, 70.8%, 65.6%]",,,,
2,weights,3,58,0.05731578947368421,0.9081412494182587,0.8984642401337624,0.0001111111111111111,66.33333333333333,"[60.2%, 70.8%, 68.0%]",,,,
2,weights,4,59,0.05731578947368421,0.9169890105724334,0.905693419277668,0.0001111111111111111,66.46666666666667,"[60.2%, 70.8%, 68.4%]",,,,
2,weights,5,60,0.05731578947368421,0.8926503404974937,0.9214203432202339,0.0001111111111111111,65.26666666666667,"[60.2%, 70.8%, 64.8%]",,,,
2,weights,6,61,0.05731578947368421,0.8996372520923615,0.909194678068161,0.0001111111111111111,65.86666666666666,"[60.2%, 70.8%, 66.6%]",,,,
2,weights,7,62,0.05731578947368421,0.8694489315152168,0.8595902845263481,0.0001111111111111111,66.26666666666667,"[60.2%, 70.8%, 67.8%]",,,,
2,weights,8,63,0.05731578947368421,0.8488560721278191,0.9252887144684792,0.0001111111111111111,65.2,"[60.2%, 70.8%, 64.6%]",,,,
2,weights,9,64,0.05731578947368421,0.838918898254633,0.8483291193842888,0.0001111111111111111,66.73333333333333,"[60.2%, 70.8%, 69.2%]",,,,
2,weights,10,65,0.05731578947368421,0.8227910578250885,0.847545713186264,0.0001111111111111111,66.46666666666667,"[60.2%, 70.8%, 68.4%]",,,,
2,weights,11,66,0.05731578947368421,0.8757351845502853,0.8312048614025116,0.0001111111111111111,66.66666666666667,"[60.2%, 70.8%, 69.0%]",,,,
2,weights,12,67,0.05731578947368421,0.8502590358257294,0.8421668410301208,0.0001111111111111111,67.0,"[60.2%, 70.8%, 70.0%]",,,,
2,weights,13,68,0.05731578947368421,0.7922609984874726,0.8577993810176849,0.0001111111111111111,66.86666666666666,"[60.2%, 70.8%, 69.6%]",,,,
2,weights,14,69,0.05731578947368421,0.7848098233342171,0.7902510166168213,0.0001111111111111111,67.46666666666667,"[60.2%, 70.8%, 71.4%]",,,,
2,weights,15,70,0.05731578947368421,0.7823730111122131,0.8597543239593506,0.0001111111111111111,66.39999999999999,"[60.2%, 70.8%, 68.2%]",,,,
2,weights,16,71,0.05731578947368421,0.7493383284658194,0.8320327326655388,0.0001111111111111111,66.66666666666667,"[60.2%, 70.8%, 69.0%]",,,,
2,weights,17,72,0.05731578947368421,0.7651783600449562,0.8495096191763878,0.0001111111111111111,67.0,"[60.2%, 70.8%, 70.0%]",,,,
2,weights,18,73,0.05731578947368421,0.7314218163490296,0.8216379582881927,0.0001111111111111111,67.39999999999999,"[60.2%, 70.8%, 71.2%]",,,,
2,weights,19,74,0.05731578947368421,0.7624741975218058,0.7812082394957542,0.0001111111111111111,67.60000000000001,"[60.2%, 70.8%, 71.8%]",,,,
2,weights,20,75,0.05731578947368421,0.7374603375792503,0.7831413596868515,0.0001111111111111111,68.2,"[60.2%, 70.8%, 73.6%]",,,,
2,weights,21,76,0.05731578947368421,0.7782072350382805,0.7653213292360306,0.0001111111111111111,68.0,"[60.2%, 70.8%, 73.0%]",,,,
2,weights,22,77,0.05731578947368421,0.7427588194608689,0.7608017474412918,0.0001111111111111111,68.53333333333333,"[60.2%, 70.8%, 74.6%]",,,,
2,weights,23,78,0.05731578947368421,0.712949986755848,0.7429038062691689,0.0001111111111111111,68.26666666666667,"[60.2%, 70.8%, 73.8%]",,,,
2,weights,24,79,0.05731578947368421,0.7103312313556671,0.7329830080270767,0.0001111111111111111,68.93333333333334,"[60.2%, 70.8%, 75.8%]",,,,
2,weights,25,80,0.05731578947368421,0.80533497184515,0.7671048082411289,0.0001111111111111111,67.53333333333333,"[60.2%, 70.8%, 71.6%]",39.13333333333333,"[0.0%, 45.8%, 71.6%]",52.13333333333333,"[47.2%, 45.8%, 63.4%]"
3,parallel,1,1,0.5,5.1641395568847654,2.4120377600193024,0.0001111111111111111,55.65,"[60.2%, 70.8%, 71.6%, 20.0%]",,,,
3,parallel,2,2,0.5,1.845394790172577,1.6589281409978867,0.0001111111111111111,55.65,"[60.2%, 70.8%, 71.6%, 20.0%]",,,,
3,parallel,3,3,0.5,1.6496204107999801,1.6315365731716156,0.0001111111111111111,56.25,"[60.2%, 70.8%, 71.6%, 22.4%]",,,,
3,parallel,4,4,0.5,1.6163784205913543,1.5564224421977997,0.0001111111111111111,59.7,"[60.2%, 70.8%, 71.6%, 36.2%]",,,,
3,parallel,5,5,0.49557383,1.4439174622297286,1.3854465410113335,0.0001111111111111111,60.2,"[60.2%, 70.8%, 71.6%, 38.2%]",,,,
3,parallel,6,6,0.4780910131578947,1.3578182876110076,1.2969195321202278,0.0001111111111111111,60.55,"[60.2%, 70.8%, 71.6%, 39.6%]",,,,
3,parallel,7,7,0.460963177368421,1.2868154376745224,1.2624035626649857,0.0001111111111111111,61.65,"[60.2%, 70.8%, 71.6%, 44.0%]",,,,
3,parallel,8,8,0.444190322631579,1.2696866750717164,1.1865301802754402,0.0001111111111111111,63.7,"[60.2%, 70.8%, 71.6%, 52.2%]",,,,
3,parallel,9,9,0.4277724489473685,1.2194149047136307,1.1328294053673744,0.0001111111111111111,64.4,"[60.2%, 70.8%, 71.6%, 55.0%]",,,,
3,parallel,10,10,0.4117095563157895,1.1599208891391755,1.0681931115686893,0.0001111111111111111,65.35,"[60.2%, 70.8%, 71.6%, 58.8%]",,,,
3,parallel,11,11,0.39600164473684213,1.1113062709569932,1.0379213131964207,0.0001111111111111111,65.3,"[60.2%, 70.8%, 71.6%, 58.6%]",,,,
3,parallel,12,12,0.38064871421052626,1.066950300335884,0.9699309021234512,0.0001111111111111111,65.75,"[60.2%, 70.8%, 71.6%, 60.4%]",,,,
3,parallel,13,13,0.3656507647368421,1.001416103541851,1.0098971351981163,0.0001111111111111111,65.95,"[60.2%, 70.8%, 71.6%, 61.2%]",,,,
3,parallel,14,14,0.35100779631578943,0.9733082532882691,0.9132725112140179,0.0001111111111111111,66.1,"[60.2%, 70.8%, 71.6%, 61.8%]",,,,
3,parallel,15,15,0.33671980894736847,0.9494420185685157,0.9430588334798813,0.0001111111111111111,66.2,"[60.2%, 70.8%, 71.6%, 62.2%]",,,,
3,parallel,16,16,0.322786802631579,0.987865024805069,0.9272848628461361,0.0001111111111111111,66.25,"[60.2%, 70.8%, 71.6%, 62.4%]",,,,
3,parallel,17,17,0.30920877736842106,0.8886660322546959,0.8804513812065125,0.0001111111111111111,66.3,"[60.2%, 70.8%, 71.6%, 62.6%]",,,,
3,parallel,18,18,0.2959857331578947,0.8850673377513886,0.8847354613244534,0.0001111111111111111,66.6,"[60.2%, 70.8%, 71.6%, 63.8%]",,,,
3,parallel,19,19,0.2831176700000001,0.8572889357805252,0.8769308999180794,0.0001111111111111111,66.9,"[60.2%, 70.8%, 71.6%, 65.0%]",,,,
3,parallel,20,20,0.2706045878947369,0.8727146729826927,0.9281258881092072,0.0001111111111111111,67.05,"[60.2%, 70.8%, 71.6%, 65.6%]",,,,
3,parallel,21,21,0.2584464868421053,0.9167590513825417,0.8399809785187244,0.0001111111111111111,67.4,"[60.2%, 70.8%, 71.6%, 67.0%]",,,,
3,parallel,22,22,0.24664336684210528,0.9377825938165187,0.866127509623766,0.0001111111111111111,67.0,"[60.2%, 70.8%, 71.6%, 65.4%]",,,,
3,parallel,23,23,0.23519522789473685,0.808397090435028,0.8839320242404938,0.0001111111111111111,67.3,"[60.2%, 70.8%, 71.6%, 66.6%]",,,,
3,parallel,24,24,0.22410207,0.8714405938982963,0.9464437402784824,0.0001111111111111111,66.15,"[60.2%, 70.8%, 71.6%, 62.0%]",,,,
3,parallel,25,25,0.21336389315789472,0.8996590226888657,0.8358891010284424,0.0001111111111111111,67.85,"[60.2%, 70.8%, 71.6%, 68.8%]",,,,
3,parallel,26,26,0.20298069736842103,0.8347696751356125,0.884066890925169,0.0001111111111111111,67.7,"[60.2%, 70.8%, 71.6%, 68.2%]",,,,
3,parallel,27,27,0.1929524826315789,0.8250184044241905,0.8737324103713036,0.0001111111111111111,67.2,"[60.2%, 70.8%, 71.6%, 66.2%]",,,,
3,parallel,28,28,0.18327924894736838,0.871187936514616,0.8340445533394814,0.0001111111111111111,67.4,"[60.2%, 70.8%, 71.6%, 67.0%]",,,,
3,parallel,29,29,0.17396099631578946,0.8349314138293267,0.8657772988080978,0.0001111111111111111,67.7,"[60.2%, 70.8%, 71.6%, 68.2%]",,,,
3,parallel,30,30,0.1649977247368421,0.8816531047224998,0.8999000266194344,0.0001111111111111111,67.25,"[60.2%, 70.8%, 71.6%, 66.4%]",,,,
3,parallel,31,31,0.1563894342105263,0.8699258044362068,0.8299854174256325,0.0001111111111111111,67.95,"[60.2%, 70.8%, 71.6%, 69.2%]",,,,
3,parallel,32,32,0.1481361247368421,0.9710039451718331,1.0018937066197395,0.0001111111111111111,65.95,"[60.2%, 70.8%, 71.6%, 61.2%]",,,,
3,parallel,33,33,0.1402377963157895,0.9159146711230278,0.977639876306057,0.0001111111111111111,66.5,"[60.2%, 70.8%, 71.6%, 63.4%]",,,,
3,parallel,34,34,0.13269444894736843,0.9109700381755829,0.911282904446125,0.0001111111111111111,66.95,"[60.2%, 70.8%, 71.6%, 65.2%]",,,,
3,parallel,35,35,0.12550608263157895,0.9236678823828697,0.9038772843778133,0.0001111111111111111,67.0,"[60.2%, 70.8%, 71.6%, 65.4%]",,,,
3,parallel,36,36,0.11867269736842105,0.927251648902893,0.9335442408919334,0.0001111111111111111,67.0,"[60.2%, 70.8%, 71.6%, 65.4%]",,,,
3,parallel,37,37,0.11219429315789474,0.9192343130707741,0.9104268923401833,0.0001111111111111111,67.05,"[60.2%, 70.8%, 71.6%, 65.6%]",,,,
3,parallel,38,38,0.10607086999999998,1.2328541070222854,1.080300971865654,0.0001111111111111111,65.15,"[60.2%, 70.8%, 71.6%, 58.0%]",,,,
3,parallel,39,39,0.10030242789473683,1.0442285507917404,0.9758667051792145,0.0001111111111111111,66.7,"[60.2%, 70.8%, 71.6%, 64.2%]",,,,
3,parallel,40,40,0.09488896684210527,0.9851205617189407,1.0280620120465755,0.0001111111111111111,65.7,"[60.2%, 70.8%, 71.6%, 60.2%]",,,,
3,parallel,41,41,0.08983048684210526,1.127872283756733,1.0450527369976044,0.0001111111111111111,65.65,"[60.2%, 70.8%, 71.6%, 60.0%]",,,,
3,parallel,42,42,0.08512698789473684,1.0730953261256218,1.025090716779232,0.0001111111111111111,65.9,"[60.2%, 70.8%, 71.6%, 61.0%]",,,,
3,parallel,43,43,0.08077846999999999,1.0296417683362962,0.9834127202630043,0.0001111111111111111,66.2,"[60.2%, 70.8%, 71.6%, 62.2%]",,,,
3,parallel,44,44,0.07678493315789472,1.1870396450161933,1.0662191584706306,0.0001111111111111111,65.6,"[60.2%, 70.8%, 71.6%, 59.8%]",,,,
3,parallel,45,45,0.07314637736842104,1.0997013553977013,1.0756624937057495,0.0001111111111111111,65.5,"[60.2%, 70.8%, 71.6%, 59.4%]",,,,
3,parallel,46,46,0.06986280263157896,1.1714708656072617,1.1487097293138504,0.0001111111111111111,65.1,"[60.2%, 70.8%, 71.6%, 57.8%]",,,,
3,parallel,47,47,0.06693420894736843,1.073099921643734,1.0916801989078522,0.0001111111111111111,65.25,"[60.2%, 70.8%, 71.6%, 58.4%]",,,,
3,parallel,48,48,0.06436059631578947,1.0594657495617867,1.061734490096569,0.0001111111111111111,65.65,"[60.2%, 70.8%, 71.6%, 60.0%]",,,,
3,parallel,49,49,0.0621419647368421,1.203421424329281,1.168870784342289,0.0001111111111111111,64.7,"[60.2%, 70.8%, 71.6%, 56.2%]",,,,
3,parallel,50,50,0.06027831421052631,1.1511221706867218,1.0936504900455475,0.0001111111111111111,64.95,"[60.2%, 70.8%, 71.6%, 57.2%]",,,,
3,parallel,51,51,0.058769644736842104,1.1057153925299645,1.0772956684231758,0.0001111111111111111,64.75,"[60.2%, 70.8%, 71.6%, 56.4%]",,,,
3,parallel,52,52,0.057615956315789474,1.0848749577999115,1.003303550183773,0.0001111111111111111,66.3,"[60.2%, 70.8%, 71.6%, 62.6%]",,,,
3,parallel,53,53,0.05681724894736842,1.0350971147418022,0.991708368062973,0.0001111111111111111,66.05,"[60.2%, 70.8%, 71.6%, 61.6%]",,,,
3,parallel,54,54,0.05637352263157895,1.0586837351322174,1.0042703971266747,0.0001111111111111111,66.6,"[60.2%, 70.8%, 71.6%, 63.8%]",,,,
3,parallel,55,55,0.056273684210526316,1.0318347096443177,0.9908431023359299,0.0001111111111111111,66.1,"[60.2%, 70.8%, 71.6%, 61.8%]",,,,
3,weights,1,56,0.056273684210526316,1.0188576489686967,0.9723332859575748,0.0001111111111111111,66.45,"[60.2%, 70.8%, 71.6%, 63.2%]",,,,
3,weights,2,57,0.056273684210526316,0.962083314359188,0.9833859503269196,0.0001111111111111111,66.2,"[60.2%, 70.8%, 71.6%, 62.2%]",,,,
3,weights,3,58,0.056273684210526316,0.9563078269362449,0.9673438966274261,0.0001111111111111111,66.35,"[60.2%, 70.8%, 71.6%, 62.8%]",,,,
3,weights,4,59,0.056273684210526316,0.934251019358635,0.9433987103402615,0.0001111111111111111,66.75,"[60.2%, 70.8%, 71.6%, 64.4%]",,,,
3,weights,5,60,0.056273684210526316,0.9264782100915909,1.00642379373312,0.0001111111111111111,66.55,"[60.2%, 70.8%, 71.6%, 63.6%]",,,,
3,weights,6,61,0.056273684210526316,0.9448844760656356,0.9293994084000587,0.0001111111111111111,67.0,"[60.2%, 70.8%, 71.6%, 65.4%]",,,,
3,weights,7,62,0.056273684210526316,0.9449841916561127,0.9749497137963772,0.0001111111111111111,66.0,"[60.2%, 70.8%, 71.6%, 61.4%]",,,,
3,weights,8,63,0.056273684210526316,0.8697088658809662,0.9171070083975792,0.0001111111111111111,67.1,"[60.2%, 70.8%, 71.6%, 65.8%]",,,,
3,weights,9,64,0.056273684210526316,0.8709241777658463,0.9331500045955181,0.0001111111111111111,66.95,"[60.2%, 70.8%, 71.6%, 65.2%]",,,,
3,weights,10,65,0.056273684210526316,0.8706042438745498,0.9347068145871162,0.0001111111111111111,66.9,"[60.2%, 70.8%, 71.6%, 65.0%]",,,,
3,weights,11,66,0.056273684210526316,0.8665216565132141,0.890561081469059,0.0001111111111111111,67.8,"[60.2%, 70.8%, 71.6%, 68.6%]",,,,
3,weights,12,67,0.056273684210526316,0.8460421845316887,0.9439306817948818,0.0001111111111111111,66.75,"[60.2%, 70.8%, 71.6%, 64.4%]",,,,
3,weights,13,68,0.056273684210526316,0.8651684850454331,0.9317014366388321,0.0001111111111111111,66.9,"[60.2%, 70.8%, 71.6%, 65.0%]",,,,
3,weights,14,69,0.056273684210526316,0.8373092174530029,0.8883577585220337,0.0001111111111111111,67.3,"[60.2%, 70.8%, 71.6%, 66.6%]",,,,
3,weights,15,70,0.056273684210526316,0.8319043137133122,0.8423482738435268,0.0001111111111111111,67.4,"[60.2%, 70.8%, 71.6%, 67.0%]",,,,
3,weights,16,71,0.056273684210526316,0.7917505949735641,0.8621646761894226,0.0001111111111111111,67.9,"[60.2%, 70.8%, 71.6%, 69.0%]",,,,
3,weights,17,72,0.056273684210526316,0.8067122891545295,0.8808325007557869,0.0001111111111111111,67.7,"[60.2%, 70.8%, 71.6%, 68.2%]",,,,
3,weights,18,73,0.056273684210526316,0.8336446896195412,0.8756254091858864,0.0001111111111111111,67.75,"[60.2%, 70.8%, 71.6%, 68.4%]",,,,
3,weights,19,74,0.056273684210526316,0.826881705224514,0.8315075747668743,0.0001111111111111111,68.35,"[60.2%, 70.8%, 71.6%, 70.8%]",,,,
3,weights,20,75,0.056273684210526316,0.8117694288492203,0.8524254150688648,0.0001111111111111111,67.3,"[60.2%, 70.8%, 71.6%, 66.6%]",,,,
3,weights,21,76,0.056273684210526316,0.7731446236371994,0.8517058826982975,0.0001111111111111111,67.15,"[60.2%, 70.8%, 71.6%, 66.0%]",,,,
3,weights,22,77,0.056273684210526316,0.7916546434164047,0.8650493770837784,0.0001111111111111111,67.4,"[60.2%, 70.8%, 71.6%, 67.0%]",,,,
3,weights,23,78,0.056273684210526316,0.7998228639364242,0.8454678133130074,0.0001111111111111111,67.45,"[60.2%, 70.8%, 71.6%, 67.2%]",,,,
3,weights,24,79,0.056273684210526316,0.7951866418123246,0.8438623398542404,0.0001111111111111111,67.65,"[60.2%, 70.8%, 71.6%, 68.0%]",,,,
3,weights,25,80,0.056273684210526316,0.7735355481505394,0.8942123129963875,0.0001111111111111111,67.1,"[60.2%, 70.8%, 71.6%, 65.8%]",36.15,"[0.0%, 45.8%, 63.4%, 35.4%]",50.2,"[47.2%, 45.8%, 54.8%, 53.0%]"
4,parallel,1,1,0.5,6.231025058031082,3.0591595470905304,0.0001111111111111111,53.67999999999999,"[60.2%, 70.8%, 71.6%, 65.8%, 0.0%]",,,,
4,parallel,2,2,0.5,2.0582985877990723,1.6830692291259766,0.0001111111111111111,57.67999999999999,"[60.2%, 70.8%, 71.6%, 65.8%, 20.0%]",,,,
4,parallel,3,3,0.5,1.6613956451416017,1.6408731639385223,0.0001111111111111111,57.67999999999999,"[60.2%, 70.8%, 71.6%, 65.8%, 20.0%]",,,,
4,parallel,4,4,0.5,1.6417693376541138,1.631623312830925,0.0001111111111111111,57.75999999999999,"[60.2%, 70.8%, 71.6%, 65.8%, 20.4%]",,,,
4,parallel,5,5,0.495563435,1.584141844511032,1.482449047267437,0.0001111111111111111,62.44,"[60.2%, 70.8%, 71.6%, 65.8%, 43.8%]",,,,
4,parallel,6,6,0.47803955921052627,1.32215695977211,1.0639803037047386,0.0001111111111111111,65.64,"[60.2%, 70.8%, 71.6%, 65.8%, 59.8%]",,,,
4,parallel,7,7,0.46087149815789474,0.9319936588406563,0.7949054725468159,0.0001111111111111111,68.72,"[60.2%, 70.8%, 71.6%, 65.8%, 75.2%]",,,,
4,parallel,8,8,0.4440592518421053,0.7714701890945435,0.7310787588357925,0.0001111111111111111,68.52,"[60.2%, 70.8%, 71.6%, 65.8%, 74.2%]",,,,
4,parallel,9,9,0.42760282026315793,0.6709804058074951,0.6538253054022789,0.0001111111111111111,69.35999999999999,"[60.2%, 70.8%, 71.6%, 65.8%, 78.4%]",,,,
4,parallel,10,10,0.41150220342105265,0.7116458386182785,0.6741391886025667,0.0001111111111111111,69.24,"[60.2%, 70.8%, 71.6%, 65.8%, 77.8%]",,,,
4,parallel,11,11,0.39575740131578946,0.685002501308918,0.6291008591651917,0.0001111111111111111,69.96,"[60.2%, 70.8%, 71.6%, 65.8%, 81.4%]",,,,
4,parallel,12,12,0.38036841394736837,0.5626982823014259,0.550220999866724,0.0001111111111111111,70.16,"[60.2%, 70.8%, 71.6%, 65.8%, 82.4%]",,,,
4,parallel,13,13,0.3653352413157895,0.5267867356538772,0.5873910449445248,0.0001111111111111111,69.96,"[60.2%, 70.8%, 71.6%, 65.8%, 81.4%]",,,,
4,parallel,14,14,0.3506578834210526,0.5009279474616051,0.5096607785671949,0.0001111111111111111,70.08,"[60.2%, 70.8%, 71.6%, 65.8%, 82.0%]",,,,
4,parallel,15,15,0.3363363402631579,0.49908559061586855,0.4937528446316719,0.0001111111111111111,70.47999999999999,"[60.2%, 70.8%, 71.6%, 65.8%, 84.0%]",,,,
4,parallel,16,16,0.3223706118421053,0.49849192053079605,0.6017952151596546,0.0001111111111111111,69.6,"[60.2%, 70.8%, 71.6%, 65.8%, 79.6%]",,,,
4,parallel,17,17,0.30876069815789475,0.4949705772101879,0.5122196339070797,0.0001111111111111111,70.24,"[60.2%, 70.8%, 71.6%, 65.8%, 82.8%]",,,,
4,parallel,18,18,0.2955065992105263,0.46561201959848403,0.5018276832997799,0.0001111111111111111,70.44,"[60.2%, 70.8%, 71.6%, 65.8%, 83.8%]",,,,
4,parallel,19,19,0.28260831500000005,0.42011700216680764,0.5364353507757187,0.0001111111111111111,70.28,"[60.2%, 70.8%, 71.6%, 65.8%, 83.0%]",,,,
4,parallel,20,20,0.27006584552631585,0.43110132589936256,0.4337575361132622,0.0001111111111111111,70.88,"[60.2%, 70.8%, 71.6%, 65.8%, 86.0%]",,,,
4,parallel,21,21,0.25787919078947374,0.4735763594508171,0.4572189897298813,0.0001111111111111111,70.91999999999999,"[60.2%, 70.8%, 71.6%, 65.8%, 86.2%]",,,,
4,parallel,22,22,0.24604835078947374,0.458158309198916,0.48903014697134495,0.0001111111111111111,70.6,"[60.2%, 70.8%, 71.6%, 65.8%, 84.6%]",,,,
4,parallel,23,23,0.23457332552631582,0.369966409355402,0.4126663766801357,0.0001111111111111111,71.08,"[60.2%, 70.8%, 71.6%, 65.8%, 87.0%]",,,,
4,parallel,24,24,0.223454115,0.45274184718728067,0.44422452710568905,0.0001111111111111111,71.0,"[60.2%, 70.8%, 71.6%, 65.8%, 86.6%]",,,,
4,parallel,25,25,0.2126907192105263,0.44250593446195124,0.5708655873313546,0.0001111111111111111,69.91999999999999,"[60.2%, 70.8%, 71.6%, 65.8%, 81.2%]",,,,
4,parallel,26,26,0.20228313815789473,0.4484826429747045,0.45332021079957485,0.0001111111111111111,70.67999999999999,"[60.2%, 70.8%, 71.6%, 65.8%, 85.0%]",,,,
4,parallel,27,27,0.19223137184210526,0.3953827515244484,0.45028287544846535,0.0001111111111111111,70.96,"[60.2%, 70.8%, 71.6%, 65.8%, 86.4%]",,,,
4,parallel,28,28,0.18253542026315783,0.4213169548660517,0.42792060039937496,0.0001111111111111111,70.91999999999999,"[60.2%, 70.8%, 71.6%, 65.8%, 86.2%]",,,,
4,parallel,29,29,0.17319528342105261,0.38922917023301123,0.4050840996205807,0.0001111111111111111,71.08,"[60.2%, 70.8%, 71.6%, 65.8%, 87.0%]",,,,
4,parallel,30,30,0.1642109613157895,0.3904113268479705,0.48650736548006535,0.0001111111111111111,70.6,"[60.2%, 70.8%, 71.6%, 65.8%, 84.6%]",,,,
4,parallel,31,31,0.15558245394736842,0.5225040502846241,0.6183132044970989,0.0001111111111111111,69.88,"[60.2%, 70.8%, 71.6%, 65.8%, 81.0%]",,,,
4,parallel,32,32,0.14730976131578946,0.4816302374005318,0.43012068048119545,0.0001111111111111111,71.16,"[60.2%, 70.8%, 71.6%, 65.8%, 87.4%]",,,,
4,parallel,33,33,0.13939288342105266,0.5403690952807665,0.5125095583498478,0.0001111111111111111,70.28,"[60.2%, 70.8%, 71.6%, 65.8%, 83.0%]",,,,
4,parallel,34,34,0.1318318202631579,0.45637892838567495,0.49052846245467663,0.0001111111111111111,70.52,"[60.2%, 70.8%, 71.6%, 65.8%, 84.2%]",,,,
4,parallel,35,35,0.12462657184210528,0.518503013253212,0.5378869883716106,0.0001111111111111111,70.32,"[60.2%, 70.8%, 71.6%, 65.8%, 83.2%]",,,,
4,parallel,36,36,0.11777713815789474,0.5243418902158737,0.5129367597401142,0.0001111111111111111,70.64,"[60.2%, 70.8%, 71.6%, 65.8%, 84.8%]",,,,
4,parallel,37,37,0.11128351921052632,0.45203558951616285,0.4845023974776268,0.0001111111111111111,70.91999999999999,"[60.2%, 70.8%, 71.6%, 65.8%, 86.2%]",,,,
4,parallel,38,38,0.105145715,0.7022975210100413,0.5942067615687847,0.0001111111111111111,70.08,"[60.2%, 70.8%, 71.6%, 65.8%, 82.0%]",,,,
4,parallel,39,39,0.09936372552631578,0.5149712402373552,0.6009332053363323,0.0001111111111111111,70.03999999999999,"[60.2%, 70.8%, 71.6%, 65.8%, 81.8%]",,,,
4,parallel,40,40,0.09393755078947369,0.474129443615675,0.5309641808271408,0.0001111111111111111,70.52,"[60.2%, 70.8%, 71.6%, 65.8%, 84.2%]",,,,
4,parallel,41,41,0.0888671907894737,0.5928536295890808,0.6498399004340172,0.0001111111111111111,69.35999999999999,"[60.2%, 70.8%, 71.6%, 65.8%, 78.4%]",,,,
4,parallel,42,42,0.0841526455263158,0.6449950821697712,0.5461312308907509,0.0001111111111111111,70.08,"[60.2%, 70.8%, 71.6%, 65.8%, 82.0%]",,,,
4,parallel,43,43,0.07979391499999999,0.570691854506731,0.5379851944744587,0.0001111111111111111,70.4,"[60.2%, 70.8%, 71.6%, 65.8%, 83.6%]",,,,
4,parallel,44,44,0.07579099921052632,0.8706421494483948,0.7367864809930325,0.0001111111111111111,68.91999999999999,"[60.2%, 70.8%, 71.6%, 65.8%, 76.2%]",,,,
4,parallel,45,45,0.07214389815789474,0.685452514141798,0.6597714386880398,0.0001111111111111111,69.35999999999999,"[60.2%, 70.8%, 71.6%, 65.8%, 78.4%]",,,,
4,parallel,46,46,0.06885261184210527,0.6955493465065956,0.6840032152831554,0.0001111111111111111,69.28,"[60.2%, 70.8%, 71.6%, 65.8%, 78.0%]",,,,
4,parallel,47,47,0.0659171402631579,0.7118769317865372,0.7148487977683544,0.0001111111111111111,69.2,"[60.2%, 70.8%, 71.6%, 65.8%, 77.6%]",,,,
4,parallel,48,48,0.06333748342105264,0.6089689562097191,0.5508570335805416,0.0001111111111111111,70.44,"[60.2%, 70.8%, 71.6%, 65.8%, 83.8%]",,,,
4,parallel,49,49,0.061113641315789474,0.8326075531542301,0.6318012587726116,0.0001111111111111111,69.67999999999999,"[60.2%, 70.8%, 71.6%, 65.8%, 80.0%]",,,,
4,parallel,50,50,0.05924561394736842,0.7163698554039002,0.6509141325950623,0.0001111111111111111,69.72,"[60.2%, 70.8%, 71.6%, 65.8%, 80.2%]",,,,
4,parallel,51,51,0.057733401315789475,0.6959003038704396,0.6681985594332218,0.0001111111111111111,69.55999999999999,"[60.2%, 70.8%, 71.6%, 65.8%, 79.4%]",,,,
4,parallel,52,52,0.05657700342105264,0.6146286100149154,0.6209708042442799,0.0001111111111111111,70.11999999999999,"[60.2%, 70.8%, 71.6%, 65.8%, 82.2%]",,,,
4,parallel,53,53,0.0557764202631579,0.594451830536127,0.6069400757551193,0.0001111111111111111,70.0,"[60.2%, 70.8%, 71.6%, 65.8%, 81.6%]",,,,
4,parallel,54,54,0.05533165184210526,0.5712738579139114,0.5960475392639637,0.0001111111111111111,69.84,"[60.2%, 70.8%, 71.6%, 65.8%, 80.8%]",,,,
4,parallel,55,55,0.05523157894736842,0.5310087632387877,0.5712234079837799,0.0001111111111111111,70.08,"[60.2%, 70.8%, 71.6%, 65.8%, 82.0%]",,,,
4,weights,1,56,0.05523157894736842,0.5296024426817894,0.568834874778986,0.0001111111111111111,70.2,"[60.2%, 70.8%, 71.6%, 65.8%, 82.6%]",,,,
4,weights,2,57,0.05523157894736842,0.5070527456700802,0.5535088889300823,0.0001111111111111111,70.28,"[60.2%, 70.8%, 71.6%, 65.8%, 83.0%]",,,,
4,weights,3,58,0.05523157894736842,0.5154141940176487,0.5773514192551374,0.0001111111111111111,70.03999999999999,"[60.2%, 70.8%, 71.6%, 65.8%, 81.8%]",,,,
4,weights,4,59,0.05523157894736842,0.5164034128189087,0.5276050344109535,0.0001111111111111111,70.44,"[60.2%, 70.8%, 71.6%, 65.8%, 83.8%]",,,,
4,weights,5,60,0.05523157894736842,0.4696331635117531,0.524436492472887,0.0001111111111111111,70.4,"[60.2%, 70.8%, 71.6%, 65.8%, 83.6%]",,,,
4,weights,6,61,0.05523157894736842,0.4566275542601943,0.4946233704686165,0.0001111111111111111,70.8,"[60.2%, 70.8%, 71.6%, 65.8%, 85.6%]",,,,
4,weights,7,62,0.05523157894736842,0.4352424152195454,0.5783487223088741,0.0001111111111111111,69.64,"[60.2%, 70.8%, 71.6%, 65.8%, 79.8%]",,,,
4,weights,8,63,0.05523157894736842,0.4859695628285408,0.5478364042937756,0.0001111111111111111,70.11999999999999,"[60.2%, 70.8%, 71.6%, 65.8%, 82.2%]",,,,
4,weights,9,64,0.05523157894736842,0.49667922854423524,0.49113810807466507,0.0001111111111111111,70.64,"[60.2%, 70.8%, 71.6%, 65.8%, 84.8%]",,,,
4,weights,10,65,0.05523157894736842,0.42598740868270396,0.5056925117969513,0.0001111111111111111,70.4,"[60.2%, 70.8%, 71.6%, 65.8%, 83.6%]",,,,
4,weights,11,66,0.05523157894736842,0.40054951459169386,0.5378962513059378,0.0001111111111111111,70.03999999999999,"[60.2%, 70.8%, 71.6%, 65.8%, 81.8%]",,,,
4,weights,12,67,0.05523157894736842,0.39963749423623085,0.5325348153710365,0.0001111111111111111,70.16,"[60.2%, 70.8%, 71.6%, 65.8%, 82.4%]",,,,
4,weights,13,68,0.05523157894736842,0.44817183781415226,0.48936010524630547,0.0001111111111111111,70.4,"[60.2%, 70.8%, 71.6%, 65.8%, 83.6%]",,,,
4,weights,14,69,0.05523157894736842,0.398101969063282,0.4964720048010349,0.0001111111111111111,70.55999999999999,"[60.2%, 70.8%, 71.6%, 65.8%, 84.4%]",,,,
4,weights,15,70,0.05523157894736842,0.38741118758916854,0.5221585966646671,0.0001111111111111111,70.32,"[60.2%, 70.8%, 71.6%, 65.8%, 83.2%]",,,,
4,weights,16,71,0.05523157894736842,0.38365748040378095,0.49977320432662964,0.0001111111111111111,70.6,"[60.2%, 70.8%, 71.6%, 65.8%, 84.6%]",,,,
4,weights,17,72,0.05523157894736842,0.39002100806683304,0.49962716549634933,0.0001111111111111111,70.35999999999999,"[60.2%, 70.8%, 71.6%, 65.8%, 83.4%]",,,,
4,weights,18,73,0.05523157894736842,0.357616101577878,0.4832821786403656,0.0001111111111111111,70.64,"[60.2%, 70.8%, 71.6%, 65.8%, 84.8%]",,,,
4,weights,19,74,0.05523157894736842,0.3836269497871399,0.5203843098133802,0.0001111111111111111,70.28,"[60.2%, 70.8%, 71.6%, 65.8%, 83.0%]",,,,
4,weights,20,75,0.05523157894736842,0.40811712397262456,0.4915810041129589,0.0001111111111111111,70.52,"[60.2%, 70.8%, 71.6%, 65.8%, 84.2%]",,,,
4,weights,21,76,0.05523157894736842,0.3513891328591853,0.4625013843178749,0.0001111111111111111,70.88,"[60.2%, 70.8%, 71.6%, 65.8%, 86.0%]",,,,
4,weights,22,77,0.05523157894736842,0.3611593130975962,0.43842756003141403,0.0001111111111111111,70.88,"[60.2%, 70.8%, 71.6%, 65.8%, 86.0%]",,,,
4,weights,23,78,0.05523157894736842,0.3643608059734106,0.49293690733611584,0.0001111111111111111,70.4,"[60.2%, 70.8%, 71.6%, 65.8%, 83.6%]",,,,
4,weights,24,79,0.05523157894736842,0.3703480243682861,0.4642931818962097,0.0001111111111111111,70.6,"[60.2%, 70.8%, 71.6%, 65.8%, 84.6%]",,,,
4,weights,25,80,0.05523157894736842,0.370765620470047,0.46089482866227627,0.0001111111111111111,70.64,"[60.2%, 70.8%, 71.6%, 65.8%, 84.8%]",40.760000000000005,"[0.0%, 36.4%, 47.2%, 35.4%, 84.8%]",57.04,"[47.2%, 45.8%, 63.4%, 53.0%, 75.8%]"
5,parallel,1,1,0.5,7.163173907995224,3.437994509935379,0.0001111111111111111,58.86666666666667,"[60.2%, 70.8%, 71.6%, 65.8%, 84.8%, 0.0%]",,,,
5,parallel,2,2,0.5,2.183630734682083,1.6958697885274887,0.0001111111111111111,62.199999999999996,"[60.2%, 70.8%, 71.6%, 65.8%, 84.8%, 20.0%]",,,,
5,parallel,3,3,0.5,1.658338862657547,1.6385986059904099,0.0001111111111111111,62.199999999999996,"[60.2%, 70.8%, 71.6%, 65.8%, 84.8%, 20.0%]",,,,
5,parallel,4,4,0.5,1.6344526439905167,1.6328575909137726,0.0001111111111111111,62.199999999999996,"[60.2%, 70.8%, 71.6%, 65.8%, 84.8%, 20.0%]",,,,
5,parallel,5,5,0.49555304,1.6323062032461166,1.6148892939090729,0.0001111111111111111,62.199999999999996,"[60.2%, 70.8%, 71.6%, 65.8%, 84.8%, 20.0%]",,,,
5,parallel,6,6,0.4779881052631579,1.6129732847213745,1.5644619464874268,0.0001111111111111111,64.03333333333333,"[60.2%, 70.8%, 71.6%, 65.8%, 84.8%, 31.0%]",,,,
5,parallel,7,7,0.4607798189473684,1.5536767482757567,1.4711925387382507,0.0001111111111111111,64.43333333333332,"[60.2%, 70.8%, 71.6%, 65.8%, 84.8%, 33.4%]",,,,
5,parallel,8,8,0.44392818105263165,1.4762697279453278,1.3776995986700058,0.0001111111111111111,65.39999999999999,"[60.2%, 70.8%, 71.6%, 65.8%, 84.8%, 39.2%]",,,,
5,parallel,9,9,0.42743319157894744,1.4017231822013856,1.308923877775669,0.0001111111111111111,65.89999999999999,"[60.2%, 70.8%, 71.6%, 65.8%, 84.8%, 42.2%]",,,,
5,parallel,10,10,0.41129485052631576,1.343103376030922,1.2838737592101097,0.0001111111111111111,65.7,"[60.2%, 70.8%, 71.6%, 65.8%, 84.8%, 41.0%]",,,,
5,parallel,11,11,0.39551315789473684,1.2907225340604782,1.1640379577875137,0.0001111111111111111,68.06666666666666,"[60.2%, 70.8%, 71.6%, 65.8%, 84.8%, 55.2%]",,,,
5,parallel,12,12,0.38008811368421047,1.2009782522916794,1.0820685401558876,0.0001111111111111111,68.8,"[60.2%, 70.8%, 71.6%, 65.8%, 84.8%, 59.6%]",,,,
5,parallel,13,13,0.3650197178947368,1.148718237876892,1.056257527321577,0.0001111111111111111,68.76666666666667,"[60.2%, 70.8%, 71.6%, 65.8%, 84.8%, 59.4%]",,,,
5,parallel,14,14,0.35030797052631574,1.0960205301642418,1.014883615076542,0.0001111111111111111,68.89999999999999,"[60.2%, 70.8%, 71.6%, 65.8%, 84.8%, 60.2%]",,,,
5,parallel,15,15,0.3359528715789474,1.0181164786219596,0.9826750531792641,0.0001111111111111111,69.3,"[60.2%, 70.8%, 71.6%, 65.8%, 84.8%, 62.6%]",,,,
5,parallel,16,16,0.3219544210526316,0.985676696896553,1.0322866439819336,0.0001111111111111111,69.06666666666666,"[60.2%, 70.8%, 71.6%, 65.8%, 84.8%, 61.2%]",,,,
5,parallel,17,17,0.3083126189473684,0.9493093445897103,0.9265182465314865,0.0001111111111111111,69.63333333333333,"[60.2%, 70.8%, 71.6%, 65.8%, 84.8%, 64.6%]",,,,
5,parallel,18,18,0.2950274652631579,0.8844696566462517,0.8649944737553596,0.0001111111111111111,70.33333333333333,"[60.2%, 70.8%, 71.6%, 65.8%, 84.8%, 68.8%]",,,,
5,parallel,19,19,0.28209896000000007,0.8593675181269645,0.91122205555439,0.0001111111111111111,69.93333333333334,"[60.2%, 70.8%, 71.6%, 65.8%, 84.8%, 66.4%]",,,,
5,parallel,20,20,0.2695271031578948,0.8373811647295952,0.8389615118503571,0.0001111111111111111,70.5,"[60.2%, 70.8%, 71.6%, 65.8%, 84.8%, 69.8%]",,,,
5,parallel,21,21,0.25731189473684213,0.8718960717320442,0.864549957215786,0.0001111111111111111,70.23333333333333,"[60.2%, 70.8%, 71.6%, 65.8%, 84.8%, 68.2%]",,,,
5,parallel,22,22,0.24545333473684214,0.7749506630003452,0.8569341190159321,0.0001111111111111111,70.26666666666667,"[60.2%, 70.8%, 71.6%, 65.8%, 84.8%, 68.4%]",,,,
5,parallel,23,23,0.23395142315789474,0.8200556367635727,0.830610353499651,0.0001111111111111111,70.46666666666665,"[60.2%, 70.8%, 71.6%, 65.8%, 84.8%, 69.6%]",,,,
5,parallel,24,24,0.22280616,0.7734170570969582,0.7891964539885521,0.0001111111111111111,70.8,"[60.2%, 70.8%, 71.6%, 65.8%, 84.8%, 71.6%]",,,,
5,parallel,25,25,0.2120175452631579,0.8184326529502869,0.8179247155785561,0.0001111111111111111,70.56666666666666,"[60.2%, 70.8%, 71.6%, 65.8%, 84.8%, 70.2%]",,,,
5,parallel,26,26,0.20158557894736842,0.8135206803679467,0.9606800153851509,0.0001111111111111111,69.73333333333333,"[60.2%, 70.8%, 71.6%, 65.8%, 84.8%, 65.2%]",,,,
5,parallel,27,27,0.19151026105263158,0.7437797717750072,0.8207748010754585,0.0001111111111111111,70.36666666666666,"[60.2%, 70.8%, 71.6%, 65.8%, 84.8%, 69.0%]",,,,
5,parallel,28,28,0.18179159157894734,0.750513581559062,0.9350153729319572,0.0001111111111111111,69.89999999999999,"[60.2%, 70.8%, 71.6%, 65.8%, 84.8%, 66.2%]",,,,
5,parallel,29,29,0.1724295705263158,0.7412096381187439,0.8161546885967255,0.0001111111111111111,70.5,"[60.2%, 70.8%, 71.6%, 65.8%, 84.8%, 69.8%]",,,,
5,parallel,30,30,0.16342419789473683,0.8092607066035271,0.777545616030693,0.0001111111111111111,70.83333333333333,"[60.2%, 70.8%, 71.6%, 65.8%, 84.8%, 71.8%]",,,,
5,parallel,31,31,0.15477547368421052,0.7918308675289154,0.8359586074948311,0.0001111111111111111,70.16666666666667,"[60.2%, 70.8%, 71.6%, 65.8%, 84.8%, 67.8%]",,,,
5,parallel,32,32,0.14648339789473683,0.8077156037092209,0.8271941319108009,0.0001111111111111111,70.06666666666666,"[60.2%, 70.8%, 71.6%, 65.8%, 84.8%, 67.2%]",,,,
5,parallel,33,33,0.13854797052631582,0.8808812394738197,0.8162316754460335,0.0001111111111111111,70.60000000000001,"[60.2%, 70.8%, 71.6%, 65.8%, 84.8%, 70.4%]",,,,
5,parallel,34,34,0.13096919157894737,0.8162295937538147,0.8484932892024517,0.0001111111111111111,70.26666666666667,"[60.2%, 70.8%, 71.6%, 65.8%, 84.8%, 68.4%]",,,,
5,parallel,35,35,0.12374706105263159,0.9134380534291268,0.8761896938085556,0.0001111111111111111,70.56666666666666,"[60.2%, 70.8%, 71.6%, 65.8%, 84.8%, 70.2%]",,,,
5,parallel,36,36,0.11688157894736842,0.9020434662699699,0.9257504120469093,0.0001111111111111111,69.96666666666665,"[60.2%, 70.8%, 71.6%, 65.8%, 84.8%, 66.6%]",,,,
5,parallel,37,37,0.1103727452631579,0.8945017158985138,0.9129983112215996,0.0001111111111111111,70.26666666666667,"[60.2%, 70.8%, 71.6%, 65.8%, 84.8%, 68.4%]",,,,
5,parallel,38,38,0.10422055999999999,1.0209229707717895,0.9158000200986862,0.0001111111111111111,70.06666666666666,"[60.2%, 70.8%, 71.6%, 65.8%, 84.8%, 67.2%]",,,,
5,parallel,39,39,0.09842502315789473,0.9509699374437333,0.8706807568669319,0.0001111111111111111,70.43333333333334,"[60.2%, 70.8%, 71.6%, 65.8%, 84.8%, 69.4%]",,,,
5,parallel,40,40,0.09298613473684211,1.0435842379927636,1.0386492982506752,0.0001111111111111111,68.76666666666667,"[60.2%, 70.8%, 71.6%, 65.8%, 84.8%, 59.4%]",,,,
5,parallel,41,41,0.08790389473684213,1.0524848684668542,0.9853333309292793,0.0001111111111111111,69.63333333333333,"[60.2%, 70.8%, 71.6%, 65.8%, 84.8%, 64.6%]",,,,
5,parallel,42,42,0.08317830315789473,1.0447606444358826,0.9353006109595299,0.0001111111111111111,70.10000000000001,"[60.2%, 70.8%, 71.6%, 65.8%, 84.8%, 67.4%]",,,,
5,parallel,43,43,0.07880936,0.9815815389156342,0.9124307930469513,0.0001111111111111111,70.56666666666666,"[60.2%, 70.8%, 71.6%, 65.8%, 84.8%, 70.2%]",,,,
5,parallel,44,44,0.0747970652631579,1.1057386115193366,0.9972903057932854,0.0001111111111111111,69.60000000000001,"[60.2%, 70.8%, 71.6%, 65.8%, 84.8%, 64.4%]",,,,
5,parallel,45,45,0.07114141894736842,1.0600635915994645,1.0490737631917,0.0001111111111111111,69.39999999999999,"[60.2%, 70.8%, 71.6%, 65.8%, 84.8%, 63.2%]",,,,
5,parallel,46,46,0.0678424210526316,1.1300056725740433,0.997970387339592,0.0001111111111111111,69.33333333333333,"[60.2%, 70.8%, 71.6%, 65.8%, 84.8%, 62.8%]",,,,
5,parallel,47,47,0.06490007157894738,1.045419065654278,1.1004981584846973,0.0001111111111111111,68.83333333333333,"[60.2%, 70.8%, 71.6%, 65.8%, 84.8%, 59.8%]",,,,
5,parallel,48,48,0.06231437052631579,1.2911437064409257,1.1855726763606071,0.0001111111111111111,67.83333333333333,"[60.2%, 70.8%, 71.6%, 65.8%, 84.8%, 53.8%]",,,,
5,parallel,49,49,0.060085317894736846,1.1602049887180328,1.021131545305252,0.0001111111111111111,69.39999999999999,"[60.2%, 70.8%, 71.6%, 65.8%, 84.8%, 63.2%]",,,,
5,parallel,50,50,0.05821291368421053,1.0792839288711549,1.033000536262989,0.0001111111111111111,69.53333333333333,"[60.2%, 70.8%, 71.6%, 65.8%, 84.8%, 64.0%]",,,,
5,parallel,51,51,0.056697157894736845,1.0605223268270492,0.9963805079460144,0.0001111111111111111,69.3,"[60.2%, 70.8%, 71.6%, 65.8%, 84.8%, 62.6%]",,,,
5,parallel,52,52,0.055538050526315795,1.0488918706774712,1.0253753960132599,0.0001111111111111111,69.3,"[60.2%, 70.8%, 71.6%, 65.8%, 84.8%, 62.6%]",,,,
5,parallel,53,53,0.054735591578947376,1.0179005146026612,1.105949617922306,0.0001111111111111111,68.3,"[60.2%, 70.8%, 71.6%, 65.8%, 84.8%, 56.6%]",,,,
5,parallel,54,54,0.05428978105263158,1.1157319113612174,1.0112419575452805,0.0001111111111111111,69.2,"[60.2%, 70.8%, 71.6%, 65.8%, 84.8%, 62.0%]",,,,
5,parallel,55,55,0.05418947368421053,1.002981348335743,1.111181564629078,0.0001111111111111111,67.89999999999999,"[60.2%, 70.8%, 71.6%, 65.8%, 84.8%, 54.2%]",,,,
5,weights,1,56,0.05418947368421053,1.0356742650270463,0.9312047809362411,0.0001111111111111111,70.16666666666667,"[60.2%, 70.8%, 71.6%, 65.8%, 84.8%, 67.8%]",,,,
5,weights,2,57,0.05418947368421053,0.9716473087668419,0.9926606714725494,0.0001111111111111111,69.66666666666667,"[60.2%, 70.8%, 71.6%, 65.8%, 84.8%, 64.8%]",,,,
5,weights,3,58,0.05418947368421053,0.9844278007745743,0.9262199774384499,0.0001111111111111111,69.96666666666665,"[60.2%, 70.8%, 71.6%, 65.8%, 84.8%, 66.6%]",,,,
5,weights,4,59,0.05418947368421053,0.9710247993469239,0.9851340353488922,0.0001111111111111111,69.26666666666667,"[60.2%, 70.8%, 71.6%, 65.8%, 84.8%, 62.4%]",,,,
5,weights,5,60,0.05418947368421053,0.9697953134775161,0.9180437698960304,0.0001111111111111111,70.10000000000001,"[60.2%, 70.8%, 71.6%, 65.8%, 84.8%, 67.4%]",,,,
5,weights,6,61,0.05418947368421053,0.9095347084105014,0.9335557967424393,0.0001111111111111111,69.56666666666666,"[60.2%, 70.8%, 71.6%, 65.8%, 84.8%, 64.2%]",,,,
5,weights,7,62,0.05418947368421053,0.9182035624980927,0.8923813477158546,0.0001111111111111111,70.0,"[60.2%, 70.8%, 71.6%, 65.8%, 84.8%, 66.8%]",,,,
5,weights,8,63,0.05418947368421053,0.8891652658581733,0.8981906771659851,0.0001111111111111111,69.76666666666667,"[60.2%, 70.8%, 71.6%, 65.8%, 84.8%, 65.4%]",,,,
5,weights,9,64,0.05418947368421053,0.8847915917634964,0.885398406535387,0.0001111111111111111,69.86666666666666,"[60.2%, 70.8%, 71.6%, 65.8%, 84.8%, 66.0%]",,,,
5,weights,10,65,0.05418947368421053,0.8660794325172901,0.9522329419851303,0.0001111111111111111,69.16666666666667,"[60.2%, 70.8%, 71.6%, 65.8%, 84.8%, 61.8%]",,,,
5,weights,11,66,0.05418947368421053,0.8545636802911758,0.9116888120770454,0.0001111111111111111,69.8,"[60.2%, 70.8%, 71.6%, 65.8%, 84.8%, 65.6%]",,,,
5,weights,12,67,0.05418947368421053,0.838280013948679,0.8623748421669006,0.0001111111111111111,70.43333333333334,"[60.2%, 70.8%, 71.6%, 65.8%, 84.8%, 69.4%]",,,,
5,weights,13,68,0.05418947368421053,0.8675023213028907,0.9563924595713615,0.0001111111111111111,69.33333333333333,"[60.2%, 70.8%, 71.6%, 65.8%, 84.8%, 62.8%]",,,,
5,weights,14,69,0.05418947368421053,0.8233911551535129,0.8626100718975067,0.0001111111111111111,70.03333333333333,"[60.2%, 70.8%, 71.6%, 65.8%, 84.8%, 67.0%]",,,,
5,weights,15,70,0.05418947368421053,0.8155963227152825,0.9067474007606506,0.0001111111111111111,69.56666666666666,"[60.2%, 70.8%, 71.6%, 65.8%, 84.8%, 64.2%]",,,,
5,weights,16,71,0.05418947368421053,0.797387969866395,0.8910651132464409,0.0001111111111111111,69.89999999999999,"[60.2%, 70.8%, 71.6%, 65.8%, 84.8%, 66.2%]",,,,
5,weights,17,72,0.05418947368421053,0.80407624989748,0.8403691165149212,0.0001111111111111111,70.26666666666667,"[60.2%, 70.8%, 71.6%, 65.8%, 84.8%, 68.4%]",,,,
5,weights,18,73,0.05418947368421053,0.7709032356739044,0.8644453957676888,0.0001111111111111111,70.03333333333333,"[60.2%, 70.8%, 71.6%, 65.8%, 84.8%, 67.0%]",,,,
5,weights,19,74,0.05418947368421053,0.7905179962515831,0.9113853015005589,0.0001111111111111111,69.89999999999999,"[60.2%, 70.8%, 71.6%, 65.8%, 84.8%, 66.2%]",,,,
5,weights,20,75,0.05418947368421053,0.7619373153895139,0.8693885579705238,0.0001111111111111111,70.0,"[60.2%, 70.8%, 71.6%, 65.8%, 84.8%, 66.8%]",,,,
5,weights,21,76,0.05418947368421053,0.7687195226550102,0.877875566482544,0.0001111111111111111,70.10000000000001,"[60.2%, 70.8%, 71.6%, 65.8%, 84.8%, 67.4%]",,,,
5,weights,22,77,0.05418947368421053,0.7951209425926209,0.8666912652552128,0.0001111111111111111,70.06666666666666,"[60.2%, 70.8%, 71.6%, 65.8%, 84.8%, 67.2%]",,,,
5,weights,23,78,0.05418947368421053,0.7726280186325312,0.880241870880127,0.0001111111111111111,69.5,"[60.2%, 70.8%, 71.6%, 65.8%, 84.8%, 63.8%]",,,,
5,weights,24,79,0.05418947368421053,0.753651512414217,0.8514425307512283,0.0001111111111111111,70.2,"[60.2%, 70.8%, 71.6%, 65.8%, 84.8%, 68.0%]",,,,
5,weights,25,80,0.05418947368421053,0.7858905643224716,0.8307156935334206,0.0001111111111111111,70.10000000000001,"[60.2%, 70.8%, 71.6%, 65.8%, 84.8%, 67.4%]",42.4,"[0.0%, 36.4%, 47.2%, 35.4%, 84.8%, 50.6%]",57.56666666666667,"[47.2%, 45.8%, 54.8%, 61.0%, 75.8%, 60.8%]"
6,parallel,1,1,0.5,8.460404086112977,4.7683480978012085,0.0001111111111111111,60.08571428571429,"[60.2%, 70.8%, 71.6%, 65.8%, 84.8%, 67.4%, 0.0%]",,,,
6,parallel,2,2,0.5,2.903067272901535,1.7535070925951004,0.0001111111111111111,62.94285714285714,"[60.2%, 70.8%, 71.6%, 65.8%, 84.8%, 67.4%, 20.0%]",,,,
6,parallel,3,3,0.5,1.673167312145233,1.646085724234581,0.0001111111111111111,62.94285714285714,"[60.2%, 70.8%, 71.6%, 65.8%, 84.8%, 67.4%, 20.0%]",,,,
6,parallel,4,4,0.5,1.63755961060524,1.6485468745231628,0.0001111111111111111,62.94285714285714,"[60.2%, 70.8%, 71.6%, 65.8%, 84.8%, 67.4%, 20.0%]",,,,
6,parallel,5,5,0.495542645,1.6293073654174806,1.6356976181268692,0.0001111111111111111,62.94285714285714,"[60.2%, 70.8%, 71.6%, 65.8%, 84.8%, 67.4%, 20.0%]",,,,
6,parallel,6,6,0.47793665131578944,1.6329262286424637,1.6270139813423157,0.0001111111111111111,62.94285714285714,"[60.2%, 70.8%, 71.6%, 65.8%, 84.8%, 67.4%, 20.0%]",,,,
6,parallel,7,7,0.4606881397368421,1.6153472304344176,1.5516649335622787,0.0001111111111111111,64.94285714285715,"[60.2%, 70.8%, 71.6%, 65.8%, 84.8%, 67.4%, 34.0%]",,,,
6,parallel,8,8,0.44379711026315793,1.4144089251756669,1.2398481369018555,0.0001111111111111111,66.8,"[60.2%, 70.8%, 71.6%, 65.8%, 84.8%, 67.4%, 47.0%]",,,,
6,parallel,9,9,0.4272635628947369,1.1571851342916488,1.1185810193419456,0.0001111111111111111,68.02857142857144,"[60.2%, 70.8%, 71.6%, 65.8%, 84.8%, 67.4%, 55.6%]",,,,
6,parallel,10,10,0.4110874976315789,1.0858256354928018,0.9438700750470161,0.0001111111111111111,69.14285714285714,"[60.2%, 70.8%, 71.6%, 65.8%, 84.8%, 67.4%, 63.4%]",,,,
6,parallel,11,11,0.3952689144736843,0.9625808343291282,0.8815944120287895,0.0001111111111111111,69.97142857142858,"[60.2%, 70.8%, 71.6%, 65.8%, 84.8%, 67.4%, 69.2%]",,,,
6,parallel,12,12,0.37980781342105263,0.9357627406716347,0.9298740401864052,0.0001111111111111111,69.28571428571429,"[60.2%, 70.8%, 71.6%, 65.8%, 84.8%, 67.4%, 64.4%]",,,,
6,parallel,13,13,0.3647041944736842,0.9325994789600373,0.835110243409872,0.0001111111111111111,69.74285714285715,"[60.2%, 70.8%, 71.6%, 65.8%, 84.8%, 67.4%, 67.6%]",,,,
6,parallel,14,14,0.34995805763157894,0.85115737169981,0.8052411079406738,0.0001111111111111111,70.05714285714286,"[60.2%, 70.8%, 71.6%, 65.8%, 84.8%, 67.4%, 69.8%]",,,,
6,parallel,15,15,0.3355694028947369,0.8090215429663659,0.8395507968962193,0.0001111111111111111,69.82857142857144,"[60.2%, 70.8%, 71.6%, 65.8%, 84.8%, 67.4%, 68.2%]",,,,
6,parallel,16,16,0.321538230263158,0.7840800561010838,0.7571941316127777,0.0001111111111111111,70.60000000000001,"[60.2%, 70.8%, 71.6%, 65.8%, 84.8%, 67.4%, 73.6%]",,,,
6,parallel,17,17,0.30786453973684214,0.7458474114537239,0.7736473400145769,0.0001111111111111111,70.22857142857143,"[60.2%, 70.8%, 71.6%, 65.8%, 84.8%, 67.4%, 71.0%]",,,,
6,parallel,18,18,0.2945483313157895,0.7333887398242951,0.7463948763906956,0.0001111111111111111,70.60000000000001,"[60.2%, 70.8%, 71.6%, 65.8%, 84.8%, 67.4%, 73.6%]",,,,
6,parallel,19,19,0.2815896050000001,0.6846412777900696,0.7007278129458427,0.0001111111111111111,70.74285714285715,"[60.2%, 70.8%, 71.6%, 65.8%, 84.8%, 67.4%, 74.6%]",,,,
6,parallel,20,20,0.26898836078947375,0.6883152201771736,0.7419475689530373,0.0001111111111111111,70.60000000000001,"[60.2%, 70.8%, 71.6%, 65.8%, 84.8%, 67.4%, 73.6%]",,,,
6,parallel,21,21,0.25674459868421057,0.6511232499033213,0.7489825375378132,0.0001111111111111111,70.65714285714286,"[60.2%, 70.8%, 71.6%, 65.8%, 84.8%, 67.4%, 74.0%]",,,,
6,parallel,22,22,0.24485831868421057,0.67848392277956,0.7373481690883636,0.0001111111111111111,70.8,"[60.2%, 70.8%, 71.6%, 65.8%, 84.8%, 67.4%, 75.0%]",,,,
6,parallel,23,23,0.2333295207894737,0.6955302610993386,0.7047941125929356,0.0001111111111111111,70.94285714285715,"[60.2%, 70.8%, 71.6%, 65.8%, 84.8%, 67.4%, 76.0%]",,,,
6,parallel,24,24,0.222158205,0.6587885238230229,0.6111098267138004,0.0001111111111111111,71.28571428571429,"[60.2%, 70.8%, 71.6%, 65.8%, 84.8%, 67.4%, 78.4%]",,,,
6,parallel,25,25,0.21134437131578948,0.7264243736863136,0.6985443010926247,0.0001111111111111111,70.91428571428573,"[60.2%, 70.8%, 71.6%, 65.8%, 84.8%, 67.4%, 75.8%]",,,,
6,parallel,26,26,0.2008880197368421,0.6838737711310386,0.6859944649040699,0.0001111111111111111,70.85714285714286,"[60.2%, 70.8%, 71.6%, 65.8%, 84.8%, 67.4%, 75.4%]",,,,
6,parallel,27,27,0.19078915026315788,0.6706987727433443,0.6753818914294243,0.0001111111111111111,70.91428571428573,"[60.2%, 70.8%, 71.6%, 65.8%, 84.8%, 67.4%, 75.8%]",,,,
6,parallel,28,28,0.1810477628947368,0.7562192335724831,0.867924802005291,0.0001111111111111111,69.91428571428573,"[60.2%, 70.8%, 71.6%, 65.8%, 84.8%, 67.4%, 68.8%]",,,,
6,parallel,29,29,0.17166385763157896,0.6855003729462623,0.719916820526123,0.0001111111111111111,70.8,"[60.2%, 70.8%, 71.6%, 65.8%, 84.8%, 67.4%, 75.0%]",,,,
6,parallel,30,30,0.16263743447368423,0.6666347108781338,0.6908908560872078,0.0001111111111111111,70.8,"[60.2%, 70.8%, 71.6%, 65.8%, 84.8%, 67.4%, 75.0%]",,,,
6,parallel,31,31,0.15396849342105262,0.6594007451087236,0.6667270064353943,0.0001111111111111111,71.02857142857144,"[60.2%, 70.8%, 71.6%, 65.8%, 84.8%, 67.4%, 76.6%]",,,,
6,parallel,32,32,0.14565703447368422,0.6303224500268698,0.7410923838615417,0.0001111111111111111,70.71428571428571,"[60.2%, 70.8%, 71.6%, 65.8%, 84.8%, 67.4%, 74.4%]",,,,
6,parallel,33,33,0.13770305763157897,0.7761488854885101,0.7609908133745193,0.0001111111111111111,70.74285714285715,"[60.2%, 70.8%, 71.6%, 65.8%, 84.8%, 67.4%, 74.6%]",,,,
6,parallel,34,34,0.13010656289473688,0.7571889877319335,0.6885773837566376,0.0001111111111111111,71.28571428571429,"[60.2%, 70.8%, 71.6%, 65.8%, 84.8%, 67.4%, 78.4%]",,,,
6,parallel,35,35,0.12286755026315792,0.8423218920826911,0.8281967975199223,0.0001111111111111111,70.14285714285714,"[60.2%, 70.8%, 71.6%, 65.8%, 84.8%, 67.4%, 70.4%]",,,,
6,parallel,36,36,0.11598601973684211,0.802301362529397,0.7130034118890762,0.0001111111111111111,70.94285714285715,"[60.2%, 70.8%, 71.6%, 65.8%, 84.8%, 67.4%, 76.0%]",,,,
6,parallel,37,37,0.10946197131578948,0.7253384083509445,0.807173378765583,0.0001111111111111111,70.25714285714285,"[60.2%, 70.8%, 71.6%, 65.8%, 84.8%, 67.4%, 71.2%]",,,,
6,parallel,38,38,0.103295405,0.9322594031691551,0.8328761458396912,0.0001111111111111111,70.08571428571429,"[60.2%, 70.8%, 71.6%, 65.8%, 84.8%, 67.4%, 70.0%]",,,,
6,parallel,39,39,0.09748632078947367,0.8418131299316883,0.8261238224804401,0.0001111111111111111,70.45714285714287,"[60.2%, 70.8%, 71.6%, 65.8%, 84.8%, 67.4%, 72.6%]",,,,
6,parallel,40,40,0.09203471868421054,0.9164750054478645,0.7688821852207184,0.0001111111111111111,70.77142857142857,"[60.2%, 70.8%, 71.6%, 65.8%, 84.8%, 67.4%, 74.8%]",,,,
6,parallel,41,41,0.08694059868421053,0.8450557500123977,0.8342787846922874,0.0001111111111111111,70.05714285714286,"[60.2%, 70.8%, 71.6%, 65.8%, 84.8%, 67.4%, 69.8%]",,,,
6,parallel,42,42,0.08220396078947369,0.9156306996941567,0.7933262549340725,0.0001111111111111111,70.62857142857143,"[60.2%, 70.8%, 71.6%, 65.8%, 84.8%, 67.4%, 73.8%]",,,,
6,parallel,43,43,0.077824805,1.2567172735929488,1.0670671910047531,0.0001111111111111111,68.85714285714286,"[60.2%, 70.8%, 71.6%, 65.8%, 84.8%, 67.4%, 61.4%]",,,,
6,parallel,44,44,0.07380313131578947,1.0796958029270172,0.9429377838969231,0.0001111111111111111,69.74285714285715,"[60.2%, 70.8%, 71.6%, 65.8%, 84.8%, 67.4%, 67.6%]",,,,
6,parallel,45,45,0.0701389397368421,0.9674966275691986,0.8672441728413105,0.0001111111111111111,70.31428571428572,"[60.2%, 70.8%, 71.6%, 65.8%, 84.8%, 67.4%, 71.6%]",,,,
6,parallel,46,46,0.0668322302631579,0.9192953765392303,0.8767823912203312,0.0001111111111111111,70.05714285714286,"[60.2%, 70.8%, 71.6%, 65.8%, 84.8%, 67.4%, 69.8%]",,,,
6,parallel,47,47,0.06388300289473685,0.9206372186541557,0.8584828823804855,0.0001111111111111111,70.31428571428572,"[60.2%, 70.8%, 71.6%, 65.8%, 84.8%, 67.4%, 71.6%]",,,,
6,parallel,48,48,0.06129125763157896,1.2485002979636193,1.1220134757459164,0.0001111111111111111,68.57142857142857,"[60.2%, 70.8%, 71.6%, 65.8%, 84.8%, 67.4%, 59.4%]",,,,
6,parallel,49,49,0.05905699447368422,1.1334756001830102,0.9992250800132751,0.0001111111111111111,69.25714285714285,"[60.2%, 70.8%, 71.6%, 65.8%, 84.8%, 67.4%, 64.2%]",,,,
6,parallel,50,50,0.05718021342105264,1.0419567748904228,0.9706429466605186,0.0001111111111111111,69.60000000000001,"[60.2%, 70.8%, 71.6%, 65.8%, 84.8%, 67.4%, 66.6%]",,,,
6,parallel,51,51,0.055660914473684216,0.9672712445259094,0.8882142826914787,0.0001111111111111111,70.11428571428571,"[60.2%, 70.8%, 71.6%, 65.8%, 84.8%, 67.4%, 70.2%]",,,,
6,parallel,52,52,0.05449909763157896,1.0296403408050536,0.9687757901847363,0.0001111111111111111,69.42857142857143,"[60.2%, 70.8%, 71.6%, 65.8%, 84.8%, 67.4%, 65.4%]",,,,
6,parallel,53,53,0.05369476289473685,0.9492958843708038,0.8579586669802666,0.0001111111111111111,70.45714285714287,"[60.2%, 70.8%, 71.6%, 65.8%, 84.8%, 67.4%, 72.6%]",,,,
6,parallel,54,54,0.0532479102631579,0.9107911139726639,0.8732672855257988,0.0001111111111111111,70.02857142857144,"[60.2%, 70.8%, 71.6%, 65.8%, 84.8%, 67.4%, 69.6%]",,,,
6,parallel,55,55,0.05314736842105264,0.8846127182245255,0.826411135494709,0.0001111111111111111,70.22857142857143,"[60.2%, 70.8%, 71.6%, 65.8%, 84.8%, 67.4%, 71.0%]",,,,
6,weights,1,56,0.05314736842105264,0.8701089367270469,0.8577785715460777,0.0001111111111111111,70.17142857142858,"[60.2%, 70.8%, 71.6%, 65.8%, 84.8%, 67.4%, 70.6%]",,,,
6,weights,2,57,0.05314736842105264,0.8355848520994187,0.7874345034360886,0.0001111111111111111,70.45714285714287,"[60.2%, 70.8%, 71.6%, 65.8%, 84.8%, 67.4%, 72.6%]",,,,
6,weights,3,58,0.05314736842105264,0.8526446416974067,0.7850816287100315,0.0001111111111111111,70.51428571428572,"[60.2%, 70.8%, 71.6%, 65.8%, 84.8%, 67.4%, 73.0%]",,,,
6,weights,4,59,0.05314736842105264,0.799684064090252,0.763081755489111,0.0001111111111111111,70.68571428571428,"[60.2%, 70.8%, 71.6%, 65.8%, 84.8%, 67.4%, 74.2%]",,,,
6,weights,5,60,0.05314736842105264,0.7813649117946625,0.7430146560072899,0.0001111111111111111,70.68571428571428,"[60.2%, 70.8%, 71.6%, 65.8%, 84.8%, 67.4%, 74.2%]",,,,
6,weights,6,61,0.05314736842105264,0.7863347709178925,0.7419992610812187,0.0001111111111111111,70.71428571428571,"[60.2%, 70.8%, 71.6%, 65.8%, 84.8%, 67.4%, 74.4%]",,,,
6,weights,7,62,0.05314736842105264,0.7622291926294565,0.8156468011438847,0.0001111111111111111,70.08571428571429,"[60.2%, 70.8%, 71.6%, 65.8%, 84.8%, 67.4%, 70.0%]",,,,
6,weights,8,63,0.05314736842105264,0.7662069126963615,0.7544027641415596,0.0001111111111111111,70.51428571428572,"[60.2%, 70.8%, 71.6%, 65.8%, 84.8%, 67.4%, 73.0%]",,,,
6,weights,9,64,0.05314736842105264,0.7759030506014823,0.7162270322442055,0.0001111111111111111,70.77142857142857,"[60.2%, 70.8%, 71.6%, 65.8%, 84.8%, 67.4%, 74.8%]",,,,
6,weights,10,65,0.05314736842105264,0.747381292283535,0.7158559560775757,0.0001111111111111111,71.0,"[60.2%, 70.8%, 71.6%, 65.8%, 84.8%, 67.4%, 76.4%]",,,,
6,weights,11,66,0.05314736842105264,0.7263968497514725,0.7001001574099064,0.0001111111111111111,70.88571428571429,"[60.2%, 70.8%, 71.6%, 65.8%, 84.8%, 67.4%, 75.6%]",,,,
6,weights,12,67,0.05314736842105264,0.7237055644392967,0.6824641935527325,0.0001111111111111111,71.14285714285714,"[60.2%, 70.8%, 71.6%, 65.8%, 84.8%, 67.4%, 77.4%]",,,,
6,weights,13,68,0.05314736842105264,0.7393846705555915,0.747851338237524,0.0001111111111111111,70.54285714285714,"[60.2%, 70.8%, 71.6%, 65.8%, 84.8%, 67.4%, 73.2%]",,,,
6,weights,14,69,0.05314736842105264,0.7497933059930801,0.6720324754714966,0.0001111111111111111,70.85714285714286,"[60.2%, 70.8%, 71.6%, 65.8%, 84.8%, 67.4%, 75.4%]",,,,
6,weights,15,70,0.05314736842105264,0.7293869018554687,0.7311249151825905,0.0001111111111111111,70.65714285714286,"[60.2%, 70.8%, 71.6%, 65.8%, 84.8%, 67.4%, 74.0%]",,,,
6,weights,16,71,0.05314736842105264,0.7748695738613606,0.6784391812980175,0.0001111111111111111,71.22857142857143,"[60.2%, 70.8%, 71.6%, 65.8%, 84.8%, 67.4%, 78.0%]",,,,
6,weights,17,72,0.05314736842105264,0.741649204492569,0.6658149398863316,0.0001111111111111111,71.05714285714286,"[60.2%, 70.8%, 71.6%, 65.8%, 84.8%, 67.4%, 76.8%]",,,,
6,weights,18,73,0.05314736842105264,0.7075008437037468,0.6932150833308697,0.0001111111111111111,71.0,"[60.2%, 70.8%, 71.6%, 65.8%, 84.8%, 67.4%, 76.4%]",,,,
6,weights,19,74,0.05314736842105264,0.7124003626406192,0.6858712509274483,0.0001111111111111111,71.02857142857144,"[60.2%, 70.8%, 71.6%, 65.8%, 84.8%, 67.4%, 76.6%]",,,,
6,weights,20,75,0.05314736842105264,0.696641344204545,0.6826278567314148,0.0001111111111111111,70.91428571428573,"[60.2%, 70.8%, 71.6%, 65.8%, 84.8%, 67.4%, 75.8%]",,,,
6,weights,21,76,0.05314736842105264,0.6659923680126667,0.6831112094223499,0.0001111111111111111,71.02857142857144,"[60.2%, 70.8%, 71.6%, 65.8%, 84.8%, 67.4%, 76.6%]",,,,
6,weights,22,77,0.05314736842105264,0.6750734083354473,0.6543234884738922,0.0001111111111111111,71.05714285714286,"[60.2%, 70.8%, 71.6%, 65.8%, 84.8%, 67.4%, 76.8%]",,,,
6,weights,23,78,0.05314736842105264,0.6397468455135822,0.6514249928295612,0.0001111111111111111,71.0,"[60.2%, 70.8%, 71.6%, 65.8%, 84.8%, 67.4%, 76.4%]",,,,
6,weights,24,79,0.05314736842105264,0.6494059463962912,0.6788628846406937,0.0001111111111111111,70.91428571428573,"[60.2%, 70.8%, 71.6%, 65.8%, 84.8%, 67.4%, 75.8%]",,,,
6,weights,25,80,0.05314736842105264,0.6714360408484936,0.6325516737997532,0.0001111111111111111,71.17142857142858,"[60.2%, 70.8%, 71.6%, 65.8%, 84.8%, 67.4%, 77.6%]",46.199999999999996,"[0.0%, 36.4%, 47.2%, 35.4%, 84.8%, 50.6%, 69.0%]",59.371428571428574,"[47.2%, 45.8%, 63.4%, 45.0%, 75.8%, 60.8%, 77.6%]"
7,parallel,1,1,0.5,9.918013679981232,5.359442293643951,0.0001111111111111111,62.275000000000006,"[60.2%, 70.8%, 71.6%, 65.8%, 84.8%, 67.4%, 77.6%, 0.0%]",,,,
7,parallel,2,2,0.5,3.3273543149232863,1.8880505114793777,0.0001111111111111111,64.775,"[60.2%, 70.8%, 71.6%, 65.8%, 84.8%, 67.4%, 77.6%, 20.0%]",,,,
7,parallel,3,3,0.5,1.7180825412273406,1.6526878774166107,0.0001111111111111111,64.775,"[60.2%, 70.8%, 71.6%, 65.8%, 84.8%, 67.4%, 77.6%, 20.0%]",,,,
7,parallel,4,4,0.5,1.6434885650873183,1.6283217519521713,0.0001111111111111111,64.875,"[60.2%, 70.8%, 71.6%, 65.8%, 84.8%, 67.4%, 77.6%, 20.8%]",,,,
7,parallel,5,5,0.49553225,1.6260668247938157,1.6036277413368225,0.0001111111111111111,64.9,"[60.2%, 70.8%, 71.6%, 65.8%, 84.8%, 67.4%, 77.6%, 21.0%]",,,,
7,parallel,6,6,0.477885197368421,1.5386505991220474,1.4735560566186905,0.0001111111111111111,66.875,"[60.2%, 70.8%, 71.6%, 65.8%, 84.8%, 67.4%, 77.6%, 36.8%]",,,,
7,parallel,7,7,0.46059646052631575,1.4180250346660614,1.37274532020092,0.0001111111111111111,67.30000000000001,"[60.2%, 70.8%, 71.6%, 65.8%, 84.8%, 67.4%, 77.6%, 40.2%]",,,,
7,parallel,8,8,0.44366603947368427,1.3193110167980193,1.3616207093000412,0.0001111111111111111,67.525,"[60.2%, 70.8%, 71.6%, 65.8%, 84.8%, 67.4%, 77.6%, 42.0%]",,,,
7,parallel,9,9,0.4270939342105264,1.251925989985466,1.2834917530417442,0.0001111111111111111,68.275,"[60.2%, 70.8%, 71.6%, 65.8%, 84.8%, 67.4%, 77.6%, 48.0%]",,,,
7,parallel,10,10,0.4108801447368421,1.1684547901153564,1.1956395283341408,0.0001111111111111111,68.775,"[60.2%, 70.8%, 71.6%, 65.8%, 84.8%, 67.4%, 77.6%, 52.0%]",,,,
7,parallel,11,11,0.39502467105263156,1.15406324416399,1.1633086875081062,0.0001111111111111111,69.075,"[60.2%, 70.8%, 71.6%, 65.8%, 84.8%, 67.4%, 77.6%, 54.4%]",,,,
7,parallel,12,12,0.3795275131578947,1.0760731011629106,1.1814750134944916,0.0001111111111111111,69.25,"[60.2%, 70.8%, 71.6%, 65.8%, 84.8%, 67.4%, 77.6%, 55.8%]",,,,
7,parallel,13,13,0.36438867105263156,1.0200377404689789,1.074938178062439,0.0001111111111111111,69.5,"[60.2%, 70.8%, 71.6%, 65.8%, 84.8%, 67.4%, 77.6%, 57.8%]",,,,
7,parallel,14,14,0.3496081447368421,0.9696013495326042,1.379373736679554,0.0001111111111111111,68.2,"[60.2%, 70.8%, 71.6%, 65.8%, 84.8%, 67.4%, 77.6%, 47.4%]",,,,
7,parallel,15,15,0.33518593421052634,0.9931153148412705,0.9780284613370895,0.0001111111111111111,70.22500000000001,"[60.2%, 70.8%, 71.6%, 65.8%, 84.8%, 67.4%, 77.6%, 63.6%]",,,,
7,parallel,16,16,0.32112203947368423,0.9050826266407966,0.9419932216405869,0.0001111111111111111,70.15,"[60.2%, 70.8%, 71.6%, 65.8%, 84.8%, 67.4%, 77.6%, 63.0%]",,,,
7,parallel,17,17,0.30741646052631577,0.8580038160085678,0.8991496115922928,0.0001111111111111111,70.55000000000001,"[60.2%, 70.8%, 71.6%, 65.8%, 84.8%, 67.4%, 77.6%, 66.2%]",,,,
7,parallel,18,18,0.294069197368421,0.8277360051870346,0.87984649091959,0.0001111111111111111,70.875,"[60.2%, 70.8%, 71.6%, 65.8%, 84.8%, 67.4%, 77.6%, 68.8%]",,,,
7,parallel,19,19,0.2810802500000001,0.8240485310554504,0.8901808187365532,0.0001111111111111111,70.60000000000001,"[60.2%, 70.8%, 71.6%, 65.8%, 84.8%, 67.4%, 77.6%, 66.6%]",,,,
7,parallel,20,20,0.2684496184210527,0.7954096995294094,0.9040520712733269,0.0001111111111111111,70.55000000000001,"[60.2%, 70.8%, 71.6%, 65.8%, 84.8%, 67.4%, 77.6%, 66.2%]",,,,
7,parallel,21,21,0.25617730263157895,0.7637418791651726,0.8752545416355133,0.0001111111111111111,70.55000000000001,"[60.2%, 70.8%, 71.6%, 65.8%, 84.8%, 67.4%, 77.6%, 66.2%]",,,,
7,parallel,22,22,0.24426330263157897,0.7845957398414611,0.9004353135824203,0.0001111111111111111,70.7,"[60.2%, 70.8%, 71.6%, 65.8%, 84.8%, 67.4%, 77.6%, 67.4%]",,,,
7,parallel,23,23,0.23270761842105264,0.7788005709648133,0.8667048066854477,0.0001111111111111111,70.75,"[60.2%, 70.8%, 71.6%, 65.8%, 84.8%, 67.4%, 77.6%, 67.8%]",,,,
7,parallel,24,24,0.22151025,0.743217545747757,0.8420671299099922,0.0001111111111111111,70.95,"[60.2%, 70.8%, 71.6%, 65.8%, 84.8%, 67.4%, 77.6%, 69.4%]",,,,
7,parallel,25,25,0.21067119736842105,0.8063046008348465,0.8123858794569969,0.0001111111111111111,71.075,"[60.2%, 70.8%, 71.6%, 65.8%, 84.8%, 67.4%, 77.6%, 70.4%]",,,,
7,parallel,26,26,0.20019046052631578,0.796567227691412,0.8881751000881195,0.0001111111111111111,70.9,"[60.2%, 70.8%, 71.6%, 65.8%, 84.8%, 67.4%, 77.6%, 69.0%]",,,,
7,parallel,27,27,0.1900680394736842,0.7344669550657272,0.8393299207091331,0.0001111111111111111,70.80000000000001,"[60.2%, 70.8%, 71.6%, 65.8%, 84.8%, 67.4%, 77.6%, 68.2%]",,,,
7,parallel,28,28,0.1803039342105263,0.8300126701593399,0.8527215905487537,0.0001111111111111111,71.10000000000001,"[60.2%, 70.8%, 71.6%, 65.8%, 84.8%, 67.4%, 77.6%, 70.6%]",,,,
7,parallel,29,29,0.1708981447368421,0.7934133514761925,0.8256030455231667,0.0001111111111111111,71.2,"[60.2%, 70.8%, 71.6%, 65.8%, 84.8%, 67.4%, 77.6%, 71.4%]",,,,
7,parallel,30,30,0.16185067105263157,0.7471384279429912,0.8081809878349304,0.0001111111111111111,71.125,"[60.2%, 70.8%, 71.6%, 65.8%, 84.8%, 67.4%, 77.6%, 70.8%]",,,,
7,parallel,31,31,0.15316151315789472,0.8216090880334377,0.8150942474603653,0.0001111111111111111,71.10000000000001,"[60.2%, 70.8%, 71.6%, 65.8%, 84.8%, 67.4%, 77.6%, 70.6%]",,,,
7,parallel,32,32,0.14483067105263156,0.7851560652256012,0.9543464407324791,0.0001111111111111111,70.35000000000001,"[60.2%, 70.8%, 71.6%, 65.8%, 84.8%, 67.4%, 77.6%, 64.6%]",,,,
7,parallel,33,33,0.13685814473684213,1.0458713933825492,0.9426256641745567,0.0001111111111111111,70.67500000000001,"[60.2%, 70.8%, 71.6%, 65.8%, 84.8%, 67.4%, 77.6%, 67.2%]",,,,
7,parallel,34,34,0.12924393421052632,0.8547885693609715,0.8727801144123077,0.0001111111111111111,70.9,"[60.2%, 70.8%, 71.6%, 65.8%, 84.8%, 67.4%, 77.6%, 69.0%]",,,,
7,parallel,35,35,0.12198803947368422,1.0821403339505196,0.9983449056744576,0.0001111111111111111,70.35000000000001,"[60.2%, 70.8%, 71.6%, 65.8%, 84.8%, 67.4%, 77.6%, 64.6%]",,,,
7,parallel,36,36,0.11509046052631577,0.995243838429451,0.9497958794236183,0.0001111111111111111,70.2,"[60.2%, 70.8%, 71.6%, 65.8%, 84.8%, 67.4%, 77.6%, 63.4%]",,,,
7,parallel,37,37,0.10855119736842106,1.0945838525891305,1.0023900419473648,0.0001111111111111111,70.15,"[60.2%, 70.8%, 71.6%, 65.8%, 84.8%, 67.4%, 77.6%, 63.0%]",,,,
7,parallel,38,38,0.10237025,0.9942265793681144,0.9581338465213776,0.0001111111111111111,70.22500000000001,"[60.2%, 70.8%, 71.6%, 65.8%, 84.8%, 67.4%, 77.6%, 63.6%]",,,,
7,parallel,39,39,0.09654761842105261,0.9650662213563919,0.9463548809289932,0.0001111111111111111,70.22500000000001,"[60.2%, 70.8%, 71.6%, 65.8%, 84.8%, 67.4%, 77.6%, 63.6%]",,,,
7,parallel,40,40,0.09108330263157896,1.169313555955887,1.0463872179389,0.0001111111111111111,70.10000000000001,"[60.2%, 70.8%, 71.6%, 65.8%, 84.8%, 67.4%, 77.6%, 62.6%]",,,,
7,parallel,41,41,0.08597730263157895,1.024675264954567,1.0220177471637726,0.0001111111111111111,70.2,"[60.2%, 70.8%, 71.6%, 65.8%, 84.8%, 67.4%, 77.6%, 63.4%]",,,,
7,parallel,42,42,0.08122961842105263,1.0091565907001496,1.0791065618395805,0.0001111111111111111,69.55000000000001,"[60.2%, 70.8%, 71.6%, 65.8%, 84.8%, 67.4%, 77.6%, 58.2%]",,,,
7,parallel,43,43,0.07684025,1.106576082110405,1.0601010993123055,0.0001111111111111111,70.0,"[60.2%, 70.8%, 71.6%, 65.8%, 84.8%, 67.4%, 77.6%, 61.8%]",,,,
7,parallel,44,44,0.07280919736842104,1.0694936379790305,1.0751878172159195,0.0001111111111111111,69.60000000000001,"[60.2%, 70.8%, 71.6%, 65.8%, 84.8%, 67.4%, 77.6%, 58.6%]",,,,
7,parallel,45,45,0.06913646052631578,1.0715627700090409,1.0873979032039642,0.0001111111111111111,69.55000000000001,"[60.2%, 70.8%, 71.6%, 65.8%, 84.8%, 67.4%, 77.6%, 58.2%]",,,,
7,parallel,46,46,0.06582203947368422,1.054666990786791,1.1047054380178452,0.0001111111111111111,69.35000000000001,"[60.2%, 70.8%, 71.6%, 65.8%, 84.8%, 67.4%, 77.6%, 56.6%]",,,,
7,parallel,47,47,0.06286593421052632,1.0149651274085045,1.049082987010479,0.0001111111111111111,69.95,"[60.2%, 70.8%, 71.6%, 65.8%, 84.8%, 67.4%, 77.6%, 61.4%]",,,,
7,parallel,48,48,0.0602681447368421,1.3586157232522964,1.255826696753502,0.0001111111111111111,68.72500000000001,"[60.2%, 70.8%, 71.6%, 65.8%, 84.8%, 67.4%, 77.6%, 51.6%]",,,,
7,parallel,49,49,0.05802867105263157,1.1831442832946777,1.1738984435796738,0.0001111111111111111,69.10000000000001,"[60.2%, 70.8%, 71.6%, 65.8%, 84.8%, 67.4%, 77.6%, 54.6%]",,,,
7,parallel,50,50,0.05614751315789473,1.1569037780165672,1.1914684548974037,0.0001111111111111111,69.0,"[60.2%, 70.8%, 71.6%, 65.8%, 84.8%, 67.4%, 77.6%, 53.8%]",,,,
7,parallel,51,51,0.05462467105263157,1.1391566649079323,1.2016994208097458,0.0001111111111111111,68.875,"[60.2%, 70.8%, 71.6%, 65.8%, 84.8%, 67.4%, 77.6%, 52.8%]",,,,
7,parallel,52,52,0.0534601447368421,1.1077342957258225,1.1531887352466583,0.0001111111111111111,68.95,"[60.2%, 70.8%, 71.6%, 65.8%, 84.8%, 67.4%, 77.6%, 53.4%]",,,,
7,parallel,53,53,0.05265393421052631,1.0952828958630563,1.1349999383091927,0.0001111111111111111,69.10000000000001,"[60.2%, 70.8%, 71.6%, 65.8%, 84.8%, 67.4%, 77.6%, 54.6%]",,,,
7,parallel,54,54,0.052206039473684206,1.048087178170681,1.1365710869431496,0.0001111111111111111,69.075,"[60.2%, 70.8%, 71.6%, 65.8%, 84.8%, 67.4%, 77.6%, 54.4%]",,,,
7,parallel,55,55,0.05210526315789473,1.0464890107512475,1.1402368992567062,0.0001111111111111111,69.075,"[60.2%, 70.8%, 71.6%, 65.8%, 84.8%, 67.4%, 77.6%, 54.4%]",,,,
7,weights,1,56,0.05210526315789473,1.035539248585701,1.1349236965179443,0.0001111111111111111,69.325,"[60.2%, 70.8%, 71.6%, 65.8%, 84.8%, 67.4%, 77.6%, 56.4%]",,,,
7,weights,2,57,0.05210526315789473,1.0049072965979575,1.0978715792298317,0.0001111111111111111,69.35000000000001,"[60.2%, 70.8%, 71.6%, 65.8%, 84.8%, 67.4%, 77.6%, 56.6%]",,,,
7,weights,3,58,0.05210526315789473,0.997232685983181,1.0932559370994568,0.0001111111111111111,69.525,"[60.2%, 70.8%, 71.6%, 65.8%, 84.8%, 67.4%, 77.6%, 58.0%]",,,,
7,weights,4,59,0.05210526315789473,0.9984238043427467,1.1040403321385384,0.0001111111111111111,69.42500000000001,"[60.2%, 70.8%, 71.6%, 65.8%, 84.8%, 67.4%, 77.6%, 57.2%]",,,,
7,weights,5,60,0.05210526315789473,0.9791695028543472,1.113848254084587,0.0001111111111111111,69.22500000000001,"[60.2%, 70.8%, 71.6%, 65.8%, 84.8%, 67.4%, 77.6%, 55.6%]",,,,
7,weights,6,61,0.05210526315789473,0.9405567556619644,1.0684864148497581,0.0001111111111111111,69.55000000000001,"[60.2%, 70.8%, 71.6%, 65.8%, 84.8%, 67.4%, 77.6%, 58.2%]",,,,
7,weights,7,62,0.05210526315789473,0.9271812245249749,1.0791516155004501,0.0001111111111111111,69.60000000000001,"[60.2%, 70.8%, 71.6%, 65.8%, 84.8%, 67.4%, 77.6%, 58.6%]",,,,
7,weights,8,63,0.05210526315789473,0.9281655877828598,1.060470387339592,0.0001111111111111111,69.45,"[60.2%, 70.8%, 71.6%, 65.8%, 84.8%, 67.4%, 77.6%, 57.4%]",,,,
7,weights,9,64,0.05210526315789473,0.917777132987976,1.0712186396121979,0.0001111111111111111,69.65,"[60.2%, 70.8%, 71.6%, 65.8%, 84.8%, 67.4%, 77.6%, 59.0%]",,,,
7,weights,10,65,0.05210526315789473,0.9158425763249397,1.0726283118128777,0.0001111111111111111,69.60000000000001,"[60.2%, 70.8%, 71.6%, 65.8%, 84.8%, 67.4%, 77.6%, 58.6%]",,,,
7,weights,11,66,0.05210526315789473,0.9411378607153893,1.0896819308400154,0.0001111111111111111,69.42500000000001,"[60.2%, 70.8%, 71.6%, 65.8%, 84.8%, 67.4%, 77.6%, 57.2%]",,,,
7,weights,12,67,0.05210526315789473,0.8996843859553337,1.1110220924019814,0.0001111111111111111,69.45,"[60.2%, 70.8%, 71.6%, 65.8%, 84.8%, 67.4%, 77.6%, 57.4%]",,,,
7,weights,13,68,0.05210526315789473,0.891219000518322,1.0812731832265854,0.0001111111111111111,69.7,"[60.2%, 70.8%, 71.6%, 65.8%, 84.8%, 67.4%, 77.6%, 59.4%]",,,,
7,weights,14,69,0.05210526315789473,0.871047044545412,1.0691169276833534,0.0001111111111111111,69.775,"[60.2%, 70.8%, 71.6%, 65.8%, 84.8%, 67.4%, 77.6%, 60.0%]",,,,
7,weights,15,70,0.05210526315789473,0.8615844011306762,1.0461843609809875,0.0001111111111111111,69.67500000000001,"[60.2%, 70.8%, 71.6%, 65.8%, 84.8%, 67.4%, 77.6%, 59.2%]",,,,
7,weights,16,71,0.05210526315789473,0.8731157824397087,1.0913256257772446,0.0001111111111111111,69.35000000000001,"[60.2%, 70.8%, 71.6%, 65.8%, 84.8%, 67.4%, 77.6%, 56.6%]",,,,
7,weights,17,72,0.05210526315789473,0.8751532077789307,1.0525001361966133,0.0001111111111111111,69.55000000000001,"[60.2%, 70.8%, 71.6%, 65.8%, 84.8%, 67.4%, 77.6%, 58.2%]",,,,
7,weights,18,73,0.05210526315789473,0.899587768316269,1.0364926606416702,0.0001111111111111111,69.47500000000001,"[60.2%, 70.8%, 71.6%, 65.8%, 84.8%, 67.4%, 77.6%, 57.6%]",,,,
7,weights,19,74,0.05210526315789473,0.8614844471216202,1.0534113645553589,0.0001111111111111111,69.7,"[60.2%, 70.8%, 71.6%, 65.8%, 84.8%, 67.4%, 77.6%, 59.4%]",,,,
7,weights,20,75,0.05210526315789473,0.8561858296394348,1.058659665286541,0.0001111111111111111,69.60000000000001,"[60.2%, 70.8%, 71.6%, 65.8%, 84.8%, 67.4%, 77.6%, 58.6%]",,,,
7,weights,21,76,0.05210526315789473,0.8536985009908676,1.076392263174057,0.0001111111111111111,69.525,"[60.2%, 70.8%, 71.6%, 65.8%, 84.8%, 67.4%, 77.6%, 58.0%]",,,,
7,weights,22,77,0.05210526315789473,0.8306743502616882,1.0407171472907066,0.0001111111111111111,69.72500000000001,"[60.2%, 70.8%, 71.6%, 65.8%, 84.8%, 67.4%, 77.6%, 59.6%]",,,,
7,weights,23,78,0.05210526315789473,0.8318962275981903,1.0371918976306915,0.0001111111111111111,69.7,"[60.2%, 70.8%, 71.6%, 65.8%, 84.8%, 67.4%, 77.6%, 59.4%]",,,,
7,weights,24,79,0.05210526315789473,0.8431127205491066,1.0555438473820686,0.0001111111111111111,69.55000000000001,"[60.2%, 70.8%, 71.6%, 65.8%, 84.8%, 67.4%, 77.6%, 58.2%]",,,,
7,weights,25,80,0.05210526315789473,0.8245846942067147,1.0335340946912766,0.0001111111111111111,69.7,"[60.2%, 70.8%, 71.6%, 65.8%, 84.8%, 67.4%, 77.6%, 59.4%]",40.4,"[0.0%, 36.4%, 38.6%, 17.8%, 84.8%, 50.6%, 69.0%, 26.0%]",58.07500000000001,"[47.2%, 63.2%, 47.2%, 53.0%, 84.8%, 60.8%, 77.6%, 30.8%]"
8,parallel,1,1,0.5,11.870598745346069,6.4494922161102295,0.0001111111111111111,61.955555555555556,"[60.2%, 70.8%, 71.6%, 65.8%, 84.8%, 67.4%, 77.6%, 59.4%, 0.0%]",,,,
8,parallel,2,2,0.5,3.958946907520294,2.0432745963335037,0.0001111111111111111,64.17777777777778,"[60.2%, 70.8%, 71.6%, 65.8%, 84.8%, 67.4%, 77.6%, 59.4%, 20.0%]",,,,
8,parallel,3,3,0.5,1.7625313103199005,1.6658389121294022,0.0001111111111111111,64.17777777777778,"[60.2%, 70.8%, 71.6%, 65.8%, 84.8%, 67.4%, 77.6%, 59.4%, 20.0%]",,,,
8,parallel,4,4,0.5,1.6508731693029404,1.6411767601966858,0.0001111111111111111,64.17777777777778,"[60.2%, 70.8%, 71.6%, 65.8%, 84.8%, 67.4%, 77.6%, 59.4%, 20.0%]",,,,
8,parallel,5,5,0.495521855,1.640716278553009,1.6351902335882187,0.0001111111111111111,64.17777777777778,"[60.2%, 70.8%, 71.6%, 65.8%, 84.8%, 67.4%, 77.6%, 59.4%, 20.0%]",,,,
8,parallel,6,6,0.4778337434210526,1.6392016738653183,1.6362063884735107,0.0001111111111111111,64.17777777777778,"[60.2%, 70.8%, 71.6%, 65.8%, 84.8%, 67.4%, 77.6%, 59.4%, 20.0%]",,,,
8,parallel,7,7,0.4605047813157895,1.6431645572185516,1.6295702010393143,0.0001111111111111111,64.17777777777778,"[60.2%, 70.8%, 71.6%, 65.8%, 84.8%, 67.4%, 77.6%, 59.4%, 20.0%]",,,,
8,parallel,8,8,0.4435349686842106,1.6462898939847945,1.6334919035434723,0.0001111111111111111,64.17777777777778,"[60.2%, 70.8%, 71.6%, 65.8%, 84.8%, 67.4%, 77.6%, 59.4%, 20.0%]",,,,
8,parallel,9,9,0.42692430552631583,1.6394187301397323,1.630079671740532,0.0001111111111111111,64.17777777777778,"[60.2%, 70.8%, 71.6%, 65.8%, 84.8%, 67.4%, 77.6%, 59.4%, 20.0%]",,,,
8,parallel,10,10,0.41067279184210526,1.6222298979759215,1.5827978402376175,0.0001111111111111111,65.84444444444445,"[60.2%, 70.8%, 71.6%, 65.8%, 84.8%, 67.4%, 77.6%, 59.4%, 35.0%]",,,,
8,parallel,11,11,0.39478042763157895,1.4520729780197144,1.3426323607563972,0.0001111111111111111,66.4,"[60.2%, 70.8%, 71.6%, 65.8%, 84.8%, 67.4%, 77.6%, 59.4%, 40.0%]",,,,
8,parallel,12,12,0.37924721289473684,1.2715586930513383,1.191403977572918,0.0001111111111111111,67.13333333333334,"[60.2%, 70.8%, 71.6%, 65.8%, 84.8%, 67.4%, 77.6%, 59.4%, 46.6%]",,,,
8,parallel,13,13,0.36407314763157894,1.204614022374153,1.1659009531140327,0.0001111111111111111,67.17777777777778,"[60.2%, 70.8%, 71.6%, 65.8%, 84.8%, 67.4%, 77.6%, 59.4%, 47.0%]",,,,
8,parallel,14,14,0.34925823184210525,1.1376130625605583,1.2983305118978024,0.0001111111111111111,66.53333333333335,"[60.2%, 70.8%, 71.6%, 65.8%, 84.8%, 67.4%, 77.6%, 59.4%, 41.2%]",,,,
8,parallel,15,15,0.3348024655263158,1.1330133244395255,1.1191446706652641,0.0001111111111111111,67.88888888888889,"[60.2%, 70.8%, 71.6%, 65.8%, 84.8%, 67.4%, 77.6%, 59.4%, 53.4%]",,,,
8,parallel,16,16,0.3207058486842106,1.0609900876879692,1.1137841120362282,0.0001111111111111111,67.71111111111111,"[60.2%, 70.8%, 71.6%, 65.8%, 84.8%, 67.4%, 77.6%, 59.4%, 51.8%]",,,,
8,parallel,17,17,0.30696838131578946,1.0596667110919953,1.0442612618207932,0.0001111111111111111,68.22222222222223,"[60.2%, 70.8%, 71.6%, 65.8%, 84.8%, 67.4%, 77.6%, 59.4%, 56.4%]",,,,
8,parallel,18,18,0.2935900634210526,0.9918719127774238,1.0360428616404533,0.0001111111111111111,67.86666666666667,"[60.2%, 70.8%, 71.6%, 65.8%, 84.8%, 67.4%, 77.6%, 59.4%, 53.2%]",,,,
8,parallel,19,19,0.28057089500000004,1.017098231613636,1.178491748869419,0.0001111111111111111,67.66666666666667,"[60.2%, 70.8%, 71.6%, 65.8%, 84.8%, 67.4%, 77.6%, 59.4%, 51.4%]",,,,
8,parallel,20,20,0.26791087605263164,0.9567146345973014,1.0181909874081612,0.0001111111111111111,68.51111111111112,"[60.2%, 70.8%, 71.6%, 65.8%, 84.8%, 67.4%, 77.6%, 59.4%, 59.0%]",,,,
8,parallel,21,21,0.2556100065789474,0.9591488510370254,0.9713369533419609,0.0001111111111111111,68.80000000000001,"[60.2%, 70.8%, 71.6%, 65.8%, 84.8%, 67.4%, 77.6%, 59.4%, 61.6%]",,,,
8,parallel,22,22,0.24366828657894737,0.9069929018616676,0.9871484041213989,0.0001111111111111111,68.64444444444445,"[60.2%, 70.8%, 71.6%, 65.8%, 84.8%, 67.4%, 77.6%, 59.4%, 60.2%]",,,,
8,parallel,23,23,0.23208571605263156,0.9119406089186668,0.9299192801117897,0.0001111111111111111,68.97777777777779,"[60.2%, 70.8%, 71.6%, 65.8%, 84.8%, 67.4%, 77.6%, 59.4%, 63.2%]",,,,
8,parallel,24,24,0.220862295,0.9220888093113899,0.9259526692330837,0.0001111111111111111,68.97777777777779,"[60.2%, 70.8%, 71.6%, 65.8%, 84.8%, 67.4%, 77.6%, 59.4%, 63.2%]",,,,
8,parallel,25,25,0.20999802342105262,0.9135400295257569,0.9701181426644325,0.0001111111111111111,68.71111111111111,"[60.2%, 70.8%, 71.6%, 65.8%, 84.8%, 67.4%, 77.6%, 59.4%, 60.8%]",,,,
8,parallel,26,26,0.19949290131578945,0.9320701941847801,0.9648449942469597,0.0001111111111111111,69.0888888888889,"[60.2%, 70.8%, 71.6%, 65.8%, 84.8%, 67.4%, 77.6%, 59.4%, 64.2%]",,,,
8,parallel,27,27,0.1893469286842105,0.8260244056582451,0.846069447696209,0.0001111111111111111,69.31111111111112,"[60.2%, 70.8%, 71.6%, 65.8%, 84.8%, 67.4%, 77.6%, 59.4%, 66.2%]",,,,
8,parallel,28,28,0.17956010552631574,0.9118207678198814,1.02998685836792,0.0001111111111111111,68.6,"[60.2%, 70.8%, 71.6%, 65.8%, 84.8%, 67.4%, 77.6%, 59.4%, 59.8%]",,,,
8,parallel,29,29,0.17013243184210525,0.9527578011155129,1.099135223776102,0.0001111111111111111,68.42222222222223,"[60.2%, 70.8%, 71.6%, 65.8%, 84.8%, 67.4%, 77.6%, 59.4%, 58.2%]",,,,
8,parallel,30,30,0.16106390763157893,0.8658089727163315,0.8465957380831242,0.0001111111111111111,69.62222222222222,"[60.2%, 70.8%, 71.6%, 65.8%, 84.8%, 67.4%, 77.6%, 59.4%, 69.0%]",,,,
8,parallel,31,31,0.15235453289473683,0.9627898544073105,0.8521777056157589,0.0001111111111111111,69.55555555555556,"[60.2%, 70.8%, 71.6%, 65.8%, 84.8%, 67.4%, 77.6%, 59.4%, 68.4%]",,,,
8,parallel,32,32,0.14400430763157893,0.8491335436701775,0.8399131707847118,0.0001111111111111111,69.77777777777777,"[60.2%, 70.8%, 71.6%, 65.8%, 84.8%, 67.4%, 77.6%, 59.4%, 70.4%]",,,,
8,parallel,33,33,0.1360132318421053,0.9404520228505134,0.9156293272972107,0.0001111111111111111,69.11111111111111,"[60.2%, 70.8%, 71.6%, 65.8%, 84.8%, 67.4%, 77.6%, 59.4%, 64.4%]",,,,
8,parallel,34,34,0.1283813055263158,0.8978606268763543,0.8586127683520317,0.0001111111111111111,69.51111111111112,"[60.2%, 70.8%, 71.6%, 65.8%, 84.8%, 67.4%, 77.6%, 59.4%, 68.0%]",,,,
8,parallel,35,35,0.12110852868421054,1.0327202647924423,0.9306793287396431,0.0001111111111111111,69.2,"[60.2%, 70.8%, 71.6%, 65.8%, 84.8%, 67.4%, 77.6%, 59.4%, 65.2%]",,,,
8,parallel,36,36,0.11419490131578947,0.9112168073654174,0.8866896294057369,0.0001111111111111111,69.28888888888889,"[60.2%, 70.8%, 71.6%, 65.8%, 84.8%, 67.4%, 77.6%, 59.4%, 66.0%]",,,,
8,parallel,37,37,0.10764042342105262,1.0398011192679406,0.9823602065443993,0.0001111111111111111,69.11111111111111,"[60.2%, 70.8%, 71.6%, 65.8%, 84.8%, 67.4%, 77.6%, 59.4%, 64.4%]",,,,
8,parallel,38,38,0.10144509499999999,0.948049259185791,0.9507168680429459,0.0001111111111111111,69.31111111111112,"[60.2%, 70.8%, 71.6%, 65.8%, 84.8%, 67.4%, 77.6%, 59.4%, 66.2%]",,,,
8,parallel,39,39,0.09560891605263155,0.9158706605434418,0.9004472121596336,0.0001111111111111111,69.57777777777778,"[60.2%, 70.8%, 71.6%, 65.8%, 84.8%, 67.4%, 77.6%, 59.4%, 68.6%]",,,,
8,parallel,40,40,0.09013188657894738,1.1576827406883239,1.058666966855526,0.0001111111111111111,68.4,"[60.2%, 70.8%, 71.6%, 65.8%, 84.8%, 67.4%, 77.6%, 59.4%, 58.0%]",,,,
8,parallel,41,41,0.08501400657894737,1.0439259171485902,1.1020986214280128,0.0001111111111111111,68.26666666666667,"[60.2%, 70.8%, 71.6%, 65.8%, 84.8%, 67.4%, 77.6%, 59.4%, 56.8%]",,,,
8,parallel,42,42,0.08025527605263158,1.0194514751434327,0.9893232807517052,0.0001111111111111111,68.97777777777779,"[60.2%, 70.8%, 71.6%, 65.8%, 84.8%, 67.4%, 77.6%, 59.4%, 63.2%]",,,,
8,parallel,43,43,0.075855695,1.1197039604187011,1.0293249562382698,0.0001111111111111111,68.71111111111111,"[60.2%, 70.8%, 71.6%, 65.8%, 84.8%, 67.4%, 77.6%, 59.4%, 60.8%]",,,,
8,parallel,44,44,0.07181526342105263,1.028541450202465,1.0645889267325401,0.0001111111111111111,68.64444444444445,"[60.2%, 70.8%, 71.6%, 65.8%, 84.8%, 67.4%, 77.6%, 59.4%, 60.2%]",,,,
8,parallel,45,45,0.06813398131578946,1.0508910536766052,1.048637967556715,0.0001111111111111111,68.51111111111112,"[60.2%, 70.8%, 71.6%, 65.8%, 84.8%, 67.4%, 77.6%, 59.4%, 59.0%]",,,,
8,parallel,46,46,0.06481184868421054,1.036116635799408,1.1275934353470802,0.0001111111111111111,68.17777777777778,"[60.2%, 70.8%, 71.6%, 65.8%, 84.8%, 67.4%, 77.6%, 59.4%, 56.0%]",,,,
8,parallel,47,47,0.0618488655263158,1.2609127581119537,1.187561810016632,0.0001111111111111111,67.82222222222222,"[60.2%, 70.8%, 71.6%, 65.8%, 84.8%, 67.4%, 77.6%, 59.4%, 52.8%]",,,,
8,parallel,48,48,0.059245031842105264,1.1374192923307418,1.119042083621025,0.0001111111111111111,68.42222222222223,"[60.2%, 70.8%, 71.6%, 65.8%, 84.8%, 67.4%, 77.6%, 59.4%, 58.2%]",,,,
8,parallel,49,49,0.05700034763157895,1.1073441833257676,1.0873315408825874,0.0001111111111111111,68.51111111111112,"[60.2%, 70.8%, 71.6%, 65.8%, 84.8%, 67.4%, 77.6%, 59.4%, 59.0%]",,,,
8,parallel,50,50,0.05511481289473684,1.0562778830528259,1.1351331919431686,0.0001111111111111111,68.24444444444445,"[60.2%, 70.8%, 71.6%, 65.8%, 84.8%, 67.4%, 77.6%, 59.4%, 56.6%]",,,,
8,parallel,51,51,0.05358842763157895,1.084431603550911,1.1017789989709854,0.0001111111111111111,68.28888888888889,"[60.2%, 70.8%, 71.6%, 65.8%, 84.8%, 67.4%, 77.6%, 59.4%, 57.0%]",,,,
8,parallel,52,52,0.052421191842105266,1.0331839844584465,1.1013310588896275,0.0001111111111111111,68.33333333333333,"[60.2%, 70.8%, 71.6%, 65.8%, 84.8%, 67.4%, 77.6%, 59.4%, 57.4%]",,,,
8,parallel,53,53,0.051613105526315796,0.9930207163095475,0.9949470013380051,0.0001111111111111111,68.93333333333334,"[60.2%, 70.8%, 71.6%, 65.8%, 84.8%, 67.4%, 77.6%, 59.4%, 62.8%]",,,,
8,parallel,54,54,0.05116416868421053,0.9983873784542083,0.9882750660181046,0.0001111111111111111,68.88888888888889,"[60.2%, 70.8%, 71.6%, 65.8%, 84.8%, 67.4%, 77.6%, 59.4%, 62.4%]",,,,
8,parallel,55,55,0.051063157894736845,0.9801083102822303,0.9525561481714249,0.0001111111111111111,69.22222222222223,"[60.2%, 70.8%, 71.6%, 65.8%, 84.8%, 67.4%, 77.6%, 59.4%, 65.4%]",,,,
8,weights,1,56,0.051063157894736845,0.9720790430903434,1.0478050597012043,0.0001111111111111111,68.55555555555556,"[60.2%, 70.8%, 71.6%, 65.8%, 84.8%, 67.4%, 77.6%, 59.4%, 59.4%]",,,,
8,weights,2,57,0.051063157894736845,0.9436838194727898,0.9292620308697224,0.0001111111111111111,69.37777777777778,"[60.2%, 70.8%, 71.6%, 65.8%, 84.8%, 67.4%, 77.6%, 59.4%, 66.8%]",,,,
8,weights,3,58,0.051063157894736845,0.8806255236268044,0.9183546528220177,0.0001111111111111111,69.26666666666667,"[60.2%, 70.8%, 71.6%, 65.8%, 84.8%, 67.4%, 77.6%, 59.4%, 65.8%]",,,,
8,weights,4,59,0.051063157894736845,0.8820843413472176,0.9354066997766495,0.0001111111111111111,69.04444444444444,"[60.2%, 70.8%, 71.6%, 65.8%, 84.8%, 67.4%, 77.6%, 59.4%, 63.8%]",,,,
8,weights,5,60,0.051063157894736845,0.9156145319342613,0.9751496091485023,0.0001111111111111111,69.02222222222223,"[60.2%, 70.8%, 71.6%, 65.8%, 84.8%, 67.4%, 77.6%, 59.4%, 63.6%]",,,,
8,weights,6,61,0.051063157894736845,0.8972105666995048,0.8965832255780697,0.0001111111111111111,69.37777777777778,"[60.2%, 70.8%, 71.6%, 65.8%, 84.8%, 67.4%, 77.6%, 59.4%, 66.8%]",,,,
8,weights,7,62,0.051063157894736845,0.8679972201585769,0.8604741171002388,0.0001111111111111111,69.46666666666667,"[60.2%, 70.8%, 71.6%, 65.8%, 84.8%, 67.4%, 77.6%, 59.4%, 67.6%]",,,,
8,weights,8,63,0.051063157894736845,0.8637840107083321,0.8935946747660637,0.0001111111111111111,69.26666666666667,"[60.2%, 70.8%, 71.6%, 65.8%, 84.8%, 67.4%, 77.6%, 59.4%, 65.8%]",,,,
8,weights,9,64,0.051063157894736845,0.8204531043767929,0.8713498264551163,0.0001111111111111111,69.51111111111112,"[60.2%, 70.8%, 71.6%, 65.8%, 84.8%, 67.4%, 77.6%, 59.4%, 68.0%]",,,,
8,weights,10,65,0.051063157894736845,0.8230961538851261,0.8690288625657558,0.0001111111111111111,69.55555555555556,"[60.2%, 70.8%, 71.6%, 65.8%, 84.8%, 67.4%, 77.6%, 59.4%, 68.4%]",,,,
8,weights,11,66,0.051063157894736845,0.8083838775753975,0.8522183895111084,0.0001111111111111111,69.48888888888888,"[60.2%, 70.8%, 71.6%, 65.8%, 84.8%, 67.4%, 77.6%, 59.4%, 67.8%]",,,,
8,weights,12,67,0.051063157894736845,0.7866706356406212,0.8743516579270363,0.0001111111111111111,69.46666666666667,"[60.2%, 70.8%, 71.6%, 65.8%, 84.8%, 67.4%, 77.6%, 59.4%, 67.6%]",,,,
8,weights,13,68,0.051063157894736845,0.7884022787213325,0.8762446343898773,0.0001111111111111111,69.55555555555556,"[60.2%, 70.8%, 71.6%, 65.8%, 84.8%, 67.4%, 77.6%, 59.4%, 68.4%]",,,,
8,weights,14,69,0.051063157894736845,0.7505399063229561,0.9137587808072567,0.0001111111111111111,69.13333333333334,"[60.2%, 70.8%, 71.6%, 65.8%, 84.8%, 67.4%, 77.6%, 59.4%, 64.6%]",,,,
8,weights,15,70,0.051063157894736845,0.7757473424077034,0.860270582139492,0.0001111111111111111,69.64444444444445,"[60.2%, 70.8%, 71.6%, 65.8%, 84.8%, 67.4%, 77.6%, 59.4%, 69.2%]",,,,
8,weights,16,71,0.051063157894736845,0.7859693445265293,0.8560145981609821,0.0001111111111111111,69.53333333333335,"[60.2%, 70.8%, 71.6%, 65.8%, 84.8%, 67.4%, 77.6%, 59.4%, 68.2%]",,,,
8,weights,17,72,0.051063157894736845,0.7748265367001295,0.9208301305770874,0.0001111111111111111,69.2,"[60.2%, 70.8%, 71.6%, 65.8%, 84.8%, 67.4%, 77.6%, 59.4%, 65.2%]",,,,
8,weights,18,73,0.051063157894736845,0.762151138484478,0.7924306653439999,0.0001111111111111111,69.75555555555556,"[60.2%, 70.8%, 71.6%, 65.8%, 84.8%, 67.4%, 77.6%, 59.4%, 70.2%]",,,,
8,weights,19,74,0.051063157894736845,0.7558775052428246,0.837825171649456,0.0001111111111111111,69.48888888888888,"[60.2%, 70.8%, 71.6%, 65.8%, 84.8%, 67.4%, 77.6%, 59.4%, 67.8%]",,,,
8,weights,20,75,0.051063157894736845,0.7410084657371044,0.8019599430263042,0.0001111111111111111,69.80000000000001,"[60.2%, 70.8%, 71.6%, 65.8%, 84.8%, 67.4%, 77.6%, 59.4%, 70.6%]",,,,
8,weights,21,76,0.051063157894736845,0.7226483851671219,0.8543809689581394,0.0001111111111111111,69.53333333333335,"[60.2%, 70.8%, 71.6%, 65.8%, 84.8%, 67.4%, 77.6%, 59.4%, 68.2%]",,,,
8,weights,22,77,0.051063157894736845,0.7395712658762932,0.8040935061872005,0.0001111111111111111,69.6888888888889,"[60.2%, 70.8%, 71.6%, 65.8%, 84.8%, 67.4%, 77.6%, 59.4%, 69.6%]",,,,
8,weights,23,78,0.051063157894736845,0.7266987666487694,0.8762064389884472,0.0001111111111111111,69.71111111111111,"[60.2%, 70.8%, 71.6%, 65.8%, 84.8%, 67.4%, 77.6%, 59.4%, 69.8%]",,,,
8,weights,24,79,0.051063157894736845,0.7353377535939216,0.8469966873526573,0.0001111111111111111,69.44444444444444,"[60.2%, 70.8%, 71.6%, 65.8%, 84.8%, 67.4%, 77.6%, 59.4%, 67.4%]",,,,
8,weights,25,80,0.051063157894736845,0.7510019570589066,0.8108057789504528,0.0001111111111111111,69.80000000000001,"[60.2%, 70.8%, 71.6%, 65.8%, 84.8%, 67.4%, 77.6%, 59.4%, 70.6%]",43.15555555555555,"[0.0%, 36.4%, 38.6%, 17.8%, 84.8%, 50.6%, 69.0%, 26.0%, 65.2%]",54.62222222222223,"[47.2%, 53.8%, 38.6%, 45.0%, 75.8%, 60.8%, 69.0%, 30.8%, 70.6%]"
9,parallel,1,1,0.5,14.34755630493164,7.887741982936859,0.0001111111111111111,62.82000000000001,"[60.2%, 70.8%, 71.6%, 65.8%, 84.8%, 67.4%, 77.6%, 59.4%, 70.6%, 0.0%]",,,,
9,parallel,2,2,0.5,5.305786782503128,2.882294178009033,0.0001111111111111111,62.82000000000001,"[60.2%, 70.8%, 71.6%, 65.8%, 84.8%, 67.4%, 77.6%, 59.4%, 70.6%, 0.0%]",,,,
9,parallel,3,3,0.5,1.9987605959177017,1.6861565858125687,0.0001111111111111111,64.82000000000001,"[60.2%, 70.8%, 71.6%, 65.8%, 84.8%, 67.4%, 77.6%, 59.4%, 70.6%, 20.0%]",,,,
9,parallel,4,4,0.5,1.654375174641609,1.6388943493366241,0.0001111111111111111,64.82000000000001,"[60.2%, 70.8%, 71.6%, 65.8%, 84.8%, 67.4%, 77.6%, 59.4%, 70.6%, 20.0%]",,,,
9,parallel,5,5,0.49551146,1.6390004068613053,1.6256543099880219,0.0001111111111111111,65.08000000000001,"[60.2%, 70.8%, 71.6%, 65.8%, 84.8%, 67.4%, 77.6%, 59.4%, 70.6%, 22.6%]",,,,
9,parallel,6,6,0.4777822894736842,1.6391926914453507,1.6172039061784744,0.0001111111111111111,64.82000000000001,"[60.2%, 70.8%, 71.6%, 65.8%, 84.8%, 67.4%, 77.6%, 59.4%, 70.6%, 20.0%]",,,,
9,parallel,7,7,0.46041310210526315,1.6048710107803346,1.5140202939510345,0.0001111111111111111,66.78,"[60.2%, 70.8%, 71.6%, 65.8%, 84.8%, 67.4%, 77.6%, 59.4%, 70.6%, 39.6%]",,,,
9,parallel,8,8,0.4434038978947369,1.3913932502269746,1.2950916290283203,0.0001111111111111111,66.54,"[60.2%, 70.8%, 71.6%, 65.8%, 84.8%, 67.4%, 77.6%, 59.4%, 70.6%, 37.2%]",,,,
9,parallel,9,9,0.42675467684210533,1.178584799170494,1.2292323112487793,0.0001111111111111111,67.48,"[60.2%, 70.8%, 71.6%, 65.8%, 84.8%, 67.4%, 77.6%, 59.4%, 70.6%, 46.6%]",,,,
9,parallel,10,10,0.4104654389473684,1.0916716948151588,0.9896673038601875,0.0001111111111111111,68.74000000000001,"[60.2%, 70.8%, 71.6%, 65.8%, 84.8%, 67.4%, 77.6%, 59.4%, 70.6%, 59.2%]",,,,
9,parallel,11,11,0.39453618421052633,0.8834946691989899,0.9824091605842113,0.0001111111111111111,68.92,"[60.2%, 70.8%, 71.6%, 65.8%, 84.8%, 67.4%, 77.6%, 59.4%, 70.6%, 61.0%]",,,,
9,parallel,12,12,0.37896691263157894,0.8073037654161453,0.889284722507,0.0001111111111111111,69.74000000000001,"[60.2%, 70.8%, 71.6%, 65.8%, 84.8%, 67.4%, 77.6%, 59.4%, 70.6%, 69.2%]",,,,
9,parallel,13,13,0.3637576242105263,0.7330826565623283,0.7051370404660702,0.0001111111111111111,70.44000000000001,"[60.2%, 70.8%, 71.6%, 65.8%, 84.8%, 67.4%, 77.6%, 59.4%, 70.6%, 76.2%]",,,,
9,parallel,14,14,0.3489083189473684,0.7464538753032685,0.6734769232571125,0.0001111111111111111,70.62,"[60.2%, 70.8%, 71.6%, 65.8%, 84.8%, 67.4%, 77.6%, 59.4%, 70.6%, 78.0%]",,,,
9,parallel,15,15,0.3344189968421053,0.6820219248533249,0.6614314205944538,0.0001111111111111111,70.64000000000001,"[60.2%, 70.8%, 71.6%, 65.8%, 84.8%, 67.4%, 77.6%, 59.4%, 70.6%, 78.2%]",,,,
9,parallel,16,16,0.3202896578947369,0.6395595274865628,0.6417492926120758,0.0001111111111111111,70.62,"[60.2%, 70.8%, 71.6%, 65.8%, 84.8%, 67.4%, 77.6%, 59.4%, 70.6%, 78.0%]",,,,
9,parallel,17,17,0.30652030210526315,0.6332444183528423,0.6503170467913151,0.0001111111111111111,70.44000000000001,"[60.2%, 70.8%, 71.6%, 65.8%, 84.8%, 67.4%, 77.6%, 59.4%, 70.6%, 76.2%]",,,,
9,parallel,18,18,0.29311092947368417,0.5656374104321003,0.5872278846800327,0.0001111111111111111,70.9,"[60.2%, 70.8%, 71.6%, 65.8%, 84.8%, 67.4%, 77.6%, 59.4%, 70.6%, 80.8%]",,,,
9,parallel,19,19,0.28006154000000005,0.5439131978899241,0.5690672881901264,0.0001111111111111111,70.9,"[60.2%, 70.8%, 71.6%, 65.8%, 84.8%, 67.4%, 77.6%, 59.4%, 70.6%, 80.8%]",,,,
9,parallel,20,20,0.2673721336842106,0.4845255345106125,0.6702687256038189,0.0001111111111111111,70.36,"[60.2%, 70.8%, 71.6%, 65.8%, 84.8%, 67.4%, 77.6%, 59.4%, 70.6%, 75.4%]",,,,
9,parallel,21,21,0.25504271052631583,0.5457560040056706,0.6673201844096184,0.0001111111111111111,70.52000000000001,"[60.2%, 70.8%, 71.6%, 65.8%, 84.8%, 67.4%, 77.6%, 59.4%, 70.6%, 77.0%]",,,,
9,parallel,22,22,0.2430732705263158,0.616912817209959,0.6907878443598747,0.0001111111111111111,70.4,"[60.2%, 70.8%, 71.6%, 65.8%, 84.8%, 67.4%, 77.6%, 59.4%, 70.6%, 75.8%]",,,,
9,parallel,23,23,0.2314638136842105,0.6250950917601585,0.6066926270723343,0.0001111111111111111,70.72,"[60.2%, 70.8%, 71.6%, 65.8%, 84.8%, 67.4%, 77.6%, 59.4%, 70.6%, 79.0%]",,,,
9,parallel,24,24,0.22021433999999998,0.505235568061471,0.7079216111451387,0.0001111111111111111,70.32000000000001,"[60.2%, 70.8%, 71.6%, 65.8%, 84.8%, 67.4%, 77.6%, 59.4%, 70.6%, 75.0%]",,,,
9,parallel,25,25,0.20932484947368418,0.5514203071594238,0.56482744961977,0.0001111111111111111,70.92,"[60.2%, 70.8%, 71.6%, 65.8%, 84.8%, 67.4%, 77.6%, 59.4%, 70.6%, 81.0%]",,,,
9,parallel,26,26,0.19879534210526312,0.5720956645905971,0.6760151907801628,0.0001111111111111111,70.7,"[60.2%, 70.8%, 71.6%, 65.8%, 84.8%, 67.4%, 77.6%, 59.4%, 70.6%, 78.8%]",,,,
9,parallel,27,27,0.18862581789473679,0.4914250072091818,0.6030478402972221,0.0001111111111111111,70.7,"[60.2%, 70.8%, 71.6%, 65.8%, 84.8%, 67.4%, 77.6%, 59.4%, 70.6%, 78.8%]",,,,
9,parallel,28,28,0.17881627684210522,0.557531962543726,0.7267067227512598,0.0001111111111111111,70.32000000000001,"[60.2%, 70.8%, 71.6%, 65.8%, 84.8%, 67.4%, 77.6%, 59.4%, 70.6%, 75.0%]",,,,
9,parallel,29,29,0.1693667189473684,0.5830043502151966,0.6100743226706982,0.0001111111111111111,70.84,"[60.2%, 70.8%, 71.6%, 65.8%, 84.8%, 67.4%, 77.6%, 59.4%, 70.6%, 80.2%]",,,,
9,parallel,30,30,0.1602771442105263,0.5496255043894053,0.6234008818864822,0.0001111111111111111,70.74000000000001,"[60.2%, 70.8%, 71.6%, 65.8%, 84.8%, 67.4%, 77.6%, 59.4%, 70.6%, 79.2%]",,,,
9,parallel,31,31,0.15154755263157893,0.6210670717060566,0.6114467158913612,0.0001111111111111111,70.74000000000001,"[60.2%, 70.8%, 71.6%, 65.8%, 84.8%, 67.4%, 77.6%, 59.4%, 70.6%, 79.2%]",,,,
9,parallel,32,32,0.1431779442105263,0.555781451612711,0.6561509482562542,0.0001111111111111111,70.6,"[60.2%, 70.8%, 71.6%, 65.8%, 84.8%, 67.4%, 77.6%, 59.4%, 70.6%, 77.8%]",,,,
9,parallel,33,33,0.13516831894736844,0.6310584791004658,0.635390542447567,0.0001111111111111111,70.58000000000001,"[60.2%, 70.8%, 71.6%, 65.8%, 84.8%, 67.4%, 77.6%, 59.4%, 70.6%, 77.6%]",,,,
9,parallel,34,34,0.12751867684210527,0.6450303077697754,0.6588661633431911,0.0001111111111111111,70.76,"[60.2%, 70.8%, 71.6%, 65.8%, 84.8%, 67.4%, 77.6%, 59.4%, 70.6%, 79.4%]",,,,
9,parallel,35,35,0.12022901789473686,0.7682623490691185,0.7028794325888157,0.0001111111111111111,70.26,"[60.2%, 70.8%, 71.6%, 65.8%, 84.8%, 67.4%, 77.6%, 59.4%, 70.6%, 74.4%]",,,,
9,parallel,36,36,0.11329934210526316,0.6476284984499217,0.7734113298356533,0.0001111111111111111,70.02000000000001,"[60.2%, 70.8%, 71.6%, 65.8%, 84.8%, 67.4%, 77.6%, 59.4%, 70.6%, 72.0%]",,,,
9,parallel,37,37,0.10672964947368421,0.9725835278630257,0.8496870324015617,0.0001111111111111111,69.84,"[60.2%, 70.8%, 71.6%, 65.8%, 84.8%, 67.4%, 77.6%, 59.4%, 70.6%, 70.2%]",,,,
9,parallel,38,38,0.10051993999999999,0.7366294875741005,0.7143183462321758,0.0001111111111111111,70.4,"[60.2%, 70.8%, 71.6%, 65.8%, 84.8%, 67.4%, 77.6%, 59.4%, 70.6%, 75.8%]",,,,
9,parallel,39,39,0.0946702136842105,0.6621514610946179,0.775493822991848,0.0001111111111111111,70.04,"[60.2%, 70.8%, 71.6%, 65.8%, 84.8%, 67.4%, 77.6%, 59.4%, 70.6%, 72.2%]",,,,
9,parallel,40,40,0.0891804705263158,0.924023425579071,0.8199860937893391,0.0001111111111111111,69.84,"[60.2%, 70.8%, 71.6%, 65.8%, 84.8%, 67.4%, 77.6%, 59.4%, 70.6%, 70.2%]",,,,
9,parallel,41,41,0.0840507105263158,0.773367777466774,0.8227173537015915,0.0001111111111111111,69.72,"[60.2%, 70.8%, 71.6%, 65.8%, 84.8%, 67.4%, 77.6%, 59.4%, 70.6%, 69.0%]",,,,
9,parallel,42,42,0.07928093368421052,0.7253666177392006,0.7653078325092793,0.0001111111111111111,70.1,"[60.2%, 70.8%, 71.6%, 65.8%, 84.8%, 67.4%, 77.6%, 59.4%, 70.6%, 72.8%]",,,,
9,parallel,43,43,0.07487114,1.0130718737840652,0.9239265993237495,0.0001111111111111111,69.4,"[60.2%, 70.8%, 71.6%, 65.8%, 84.8%, 67.4%, 77.6%, 59.4%, 70.6%, 65.8%]",,,,
9,parallel,44,44,0.0708213294736842,0.8441058568656444,0.8756615556776524,0.0001111111111111111,69.54,"[60.2%, 70.8%, 71.6%, 65.8%, 84.8%, 67.4%, 77.6%, 59.4%, 70.6%, 67.2%]",,,,
9,parallel,45,45,0.06713150210526314,0.8920061886310577,0.8897090926766396,0.0001111111111111111,69.46000000000001,"[60.2%, 70.8%, 71.6%, 65.8%, 84.8%, 67.4%, 77.6%, 59.4%, 70.6%, 66.4%]",,,,
9,parallel,46,46,0.06380165789473685,0.8252216309309006,0.8417531326413155,0.0001111111111111111,69.9,"[60.2%, 70.8%, 71.6%, 65.8%, 84.8%, 67.4%, 77.6%, 59.4%, 70.6%, 70.8%]",,,,
9,parallel,47,47,0.06083179684210527,1.1460406213998795,1.0023970305919647,0.0001111111111111111,69.2,"[60.2%, 70.8%, 71.6%, 65.8%, 84.8%, 67.4%, 77.6%, 59.4%, 70.6%, 63.8%]",,,,
9,parallel,48,48,0.05822191894736842,1.0150510251522065,1.0614176020026207,0.0001111111111111111,69.12,"[60.2%, 70.8%, 71.6%, 65.8%, 84.8%, 67.4%, 77.6%, 59.4%, 70.6%, 63.0%]",,,,
9,parallel,49,49,0.055972024210526314,0.9506029106676579,0.947517067193985,0.0001111111111111111,69.6,"[60.2%, 70.8%, 71.6%, 65.8%, 84.8%, 67.4%, 77.6%, 59.4%, 70.6%, 67.8%]",,,,
9,parallel,50,50,0.054082112631578944,0.9320067413151264,0.8867039233446121,0.0001111111111111111,69.82000000000001,"[60.2%, 70.8%, 71.6%, 65.8%, 84.8%, 67.4%, 77.6%, 59.4%, 70.6%, 70.0%]",,,,
9,parallel,51,51,0.05255218421052631,0.9172025591135025,0.9363162443041801,0.0001111111111111111,69.26,"[60.2%, 70.8%, 71.6%, 65.8%, 84.8%, 67.4%, 77.6%, 59.4%, 70.6%, 64.4%]",,,,
9,parallel,52,52,0.051382238947368424,0.9466794312000275,0.8638937622308731,0.0001111111111111111,69.88000000000001,"[60.2%, 70.8%, 71.6%, 65.8%, 84.8%, 67.4%, 77.6%, 59.4%, 70.6%, 70.6%]",,,,
9,parallel,53,53,0.05057227684210526,0.8434230908751488,0.8799412474036217,0.0001111111111111111,69.82000000000001,"[60.2%, 70.8%, 71.6%, 65.8%, 84.8%, 67.4%, 77.6%, 59.4%, 70.6%, 70.0%]",,,,
9,parallel,54,54,0.05012229789473684,0.8012198567390442,0.7995287254452705,0.0001111111111111111,70.04,"[60.2%, 70.8%, 71.6%, 65.8%, 84.8%, 67.4%, 77.6%, 59.4%, 70.6%, 72.2%]",,,,
9,parallel,55,55,0.050021052631578945,0.7710990339517594,0.7984359040856361,0.0001111111111111111,70.02000000000001,"[60.2%, 70.8%, 71.6%, 65.8%, 84.8%, 67.4%, 77.6%, 59.4%, 70.6%, 72.0%]",,,,
9,weights,1,56,0.050021052631578945,0.8218335509300232,0.8704671524465084,0.0001111111111111111,69.66,"[60.2%, 70.8%, 71.6%, 65.8%, 84.8%, 67.4%, 77.6%, 59.4%, 70.6%, 68.4%]",,,,
9,weights,2,57,0.050021052631578945,0.7816194996237755,0.7750302478671074,0.0001111111111111111,70.1,"[60.2%, 70.8%, 71.6%, 65.8%, 84.8%, 67.4%, 77.6%, 59.4%, 70.6%, 72.8%]",,,,
9,weights,3,58,0.050021052631578945,0.7249133862555027,0.7665627524256706,0.0001111111111111111,70.0,"[60.2%, 70.8%, 71.6%, 65.8%, 84.8%, 67.4%, 77.6%, 59.4%, 70.6%, 71.8%]",,,,
9,weights,4,59,0.050021052631578945,0.7202245734632016,0.7522527202963829,0.0001111111111111111,70.08000000000001,"[60.2%, 70.8%, 71.6%, 65.8%, 84.8%, 67.4%, 77.6%, 59.4%, 70.6%, 72.6%]",,,,
9,weights,5,60,0.050021052631578945,0.695870490372181,0.7639597989618778,0.0001111111111111111,70.1,"[60.2%, 70.8%, 71.6%, 65.8%, 84.8%, 67.4%, 77.6%, 59.4%, 70.6%, 72.8%]",,,,
9,weights,6,61,0.050021052631578945,0.7029005743563175,0.7634890303015709,0.0001111111111111111,70.14000000000001,"[60.2%, 70.8%, 71.6%, 65.8%, 84.8%, 67.4%, 77.6%, 59.4%, 70.6%, 73.2%]",,,,
9,weights,7,62,0.050021052631578945,0.6669221851974726,0.7260380424559116,0.0001111111111111111,70.34,"[60.2%, 70.8%, 71.6%, 65.8%, 84.8%, 67.4%, 77.6%, 59.4%, 70.6%, 75.2%]",,,,
9,weights,8,63,0.050021052631578945,0.653151698410511,0.7016474604606628,0.0001111111111111111,70.24000000000001,"[60.2%, 70.8%, 71.6%, 65.8%, 84.8%, 67.4%, 77.6%, 59.4%, 70.6%, 74.2%]",,,,
9,weights,9,64,0.050021052631578945,0.6404382929205894,0.6825553216040134,0.0001111111111111111,70.4,"[60.2%, 70.8%, 71.6%, 65.8%, 84.8%, 67.4%, 77.6%, 59.4%, 70.6%, 75.8%]",,,,
9,weights,10,65,0.050021052631578945,0.6565955795347691,0.6911610253155231,0.0001111111111111111,70.46000000000001,"[60.2%, 70.8%, 71.6%, 65.8%, 84.8%, 67.4%, 77.6%, 59.4%, 70.6%, 76.4%]",,,,
9,weights,11,66,0.050021052631578945,0.6143826745450497,0.7068991363048553,0.0001111111111111111,70.24000000000001,"[60.2%, 70.8%, 71.6%, 65.8%, 84.8%, 67.4%, 77.6%, 59.4%, 70.6%, 74.2%]",,,,
9,weights,12,67,0.050021052631578945,0.638962896168232,0.6697080954909325,0.0001111111111111111,70.54,"[60.2%, 70.8%, 71.6%, 65.8%, 84.8%, 67.4%, 77.6%, 59.4%, 70.6%, 77.2%]",,,,
9,weights,13,68,0.050021052631578945,0.6580751091241837,0.6748162917792797,0.0001111111111111111,70.6,"[60.2%, 70.8%, 71.6%, 65.8%, 84.8%, 67.4%, 77.6%, 59.4%, 70.6%, 77.8%]",,,,
9,weights,14,69,0.050021052631578945,0.6241412296891212,0.6747197657823563,0.0001111111111111111,70.44000000000001,"[60.2%, 70.8%, 71.6%, 65.8%, 84.8%, 67.4%, 77.6%, 59.4%, 70.6%, 76.2%]",,,,
9,weights,15,70,0.050021052631578945,0.6115532055497169,0.658897403627634,0.0001111111111111111,70.32000000000001,"[60.2%, 70.8%, 71.6%, 65.8%, 84.8%, 67.4%, 77.6%, 59.4%, 70.6%, 75.0%]",,,,
9,weights,16,71,0.050021052631578945,0.6137400574982166,0.6633235067129135,0.0001111111111111111,70.34,"[60.2%, 70.8%, 71.6%, 65.8%, 84.8%, 67.4%, 77.6%, 59.4%, 70.6%, 75.2%]",,,,
9,weights,17,72,0.050021052631578945,0.5801711462438106,0.641334630548954,0.0001111111111111111,70.6,"[60.2%, 70.8%, 71.6%, 65.8%, 84.8%, 67.4%, 77.6%, 59.4%, 70.6%, 77.8%]",,,,
9,weights,18,73,0.050021052631578945,0.6085920467972755,0.6417899690568447,0.0001111111111111111,70.46000000000001,"[60.2%, 70.8%, 71.6%, 65.8%, 84.8%, 67.4%, 77.6%, 59.4%, 70.6%, 76.4%]",,,,
9,weights,19,74,0.050021052631578945,0.5886876106262207,0.667839240282774,0.0001111111111111111,70.5,"[60.2%, 70.8%, 71.6%, 65.8%, 84.8%, 67.4%, 77.6%, 59.4%, 70.6%, 76.8%]",,,,
9,weights,20,75,0.050021052631578945,0.5920450743287802,0.6789160817861557,0.0001111111111111111,70.44000000000001,"[60.2%, 70.8%, 71.6%, 65.8%, 84.8%, 67.4%, 77.6%, 59.4%, 70.6%, 76.2%]",,,,
9,weights,21,76,0.050021052631578945,0.5482956327497959,0.6592404954135418,0.0001111111111111111,70.4,"[60.2%, 70.8%, 71.6%, 65.8%, 84.8%, 67.4%, 77.6%, 59.4%, 70.6%, 75.8%]",,,,
9,weights,22,77,0.050021052631578945,0.5660930365324021,0.6453896574676037,0.0001111111111111111,70.48,"[60.2%, 70.8%, 71.6%, 65.8%, 84.8%, 67.4%, 77.6%, 59.4%, 70.6%, 76.6%]",,,,
9,weights,23,78,0.050021052631578945,0.5669119618833065,0.6314131952822208,0.0001111111111111111,70.56,"[60.2%, 70.8%, 71.6%, 65.8%, 84.8%, 67.4%, 77.6%, 59.4%, 70.6%, 77.4%]",,,,
9,weights,24,79,0.050021052631578945,0.5739641815423966,0.6263166852295399,0.0001111111111111111,70.64000000000001,"[60.2%, 70.8%, 71.6%, 65.8%, 84.8%, 67.4%, 77.6%, 59.4%, 70.6%, 78.2%]",,,,
9,weights,25,80,0.050021052631578945,0.5593837447464466,0.6108621805906296,0.0001111111111111111,70.68,"[60.2%, 70.8%, 71.6%, 65.8%, 84.8%, 67.4%, 77.6%, 59.4%, 70.6%, 78.6%]",45.06,"[0.0%, 36.4%, 38.6%, 17.8%, 84.8%, 42.0%, 69.0%, 26.0%, 57.4%, 78.6%]",56.81999999999999,"[47.2%, 63.2%, 46.8%, 34.6%, 75.8%, 60.8%, 69.0%, 30.8%, 70.6%, 69.4%]"
10,parallel,1,1,0.5,16.296013402938843,9.137155652046204,0.0001111111111111111,64.3090909090909,"[60.8%, 70.8%, 72.0%, 65.8%, 85.0%, 67.4%, 77.4%, 59.0%, 70.4%, 78.8%, 0.0%]",,,,
10,parallel,2,2,0.5,6.608128368854523,4.224458694458008,0.0001111111111111111,64.38181818181819,"[61.0%, 70.8%, 71.8%, 66.2%, 85.0%, 67.4%, 77.6%, 59.0%, 70.6%, 78.8%, 0.0%]",,,,
10,parallel,3,3,0.5,2.6995328456163405,1.8478440195322037,0.0001111111111111111,66.10909090909091,"[61.0%, 70.8%, 71.6%, 66.0%, 85.0%, 67.4%, 77.6%, 58.8%, 70.6%, 78.4%, 20.0%]",,,,
10,parallel,4,4,0.5,1.728008759021759,1.673366203904152,0.0001111111111111111,66.10909090909091,"[60.8%, 71.0%, 71.6%, 66.0%, 85.0%, 67.4%, 77.6%, 58.8%, 70.6%, 78.4%, 20.0%]",,,,
10,parallel,5,5,0.495501065,1.6746561169624328,1.6508245170116425,0.0001111111111111111,66.10909090909091,"[60.8%, 71.0%, 71.6%, 66.0%, 85.0%, 67.4%, 77.6%, 59.0%, 70.6%, 78.2%, 20.0%]",,,,
10,parallel,6,6,0.4777308355263158,1.7026169151067734,1.656882181763649,0.0001111111111111111,67.38181818181819,"[60.8%, 71.0%, 71.6%, 65.8%, 85.0%, 67.4%, 77.6%, 59.0%, 70.6%, 78.2%, 34.2%]",,,,
10,parallel,7,7,0.4603214228947368,1.7115003436803817,1.6556751728057861,0.0001111111111111111,66.09090909090911,"[60.8%, 71.0%, 71.6%, 65.8%, 85.0%, 67.4%, 77.6%, 59.0%, 70.6%, 78.2%, 20.0%]",,,,
10,parallel,8,8,0.4432728271052632,1.6481651484966278,1.6418169140815735,0.0001111111111111111,66.09090909090911,"[60.8%, 71.0%, 71.6%, 65.8%, 85.0%, 67.4%, 77.6%, 59.0%, 70.6%, 78.2%, 20.0%]",,,,
10,parallel,9,9,0.4265850481578948,1.6316575556993484,1.5911359786987305,0.0001111111111111111,67.52727272727273,"[60.8%, 71.0%, 71.6%, 65.8%, 85.0%, 67.4%, 77.6%, 59.0%, 70.6%, 78.2%, 35.8%]",,,,
10,parallel,10,10,0.4102580860526316,1.443197673559189,1.1889930963516235,0.0001111111111111111,68.89090909090909,"[60.8%, 71.0%, 71.6%, 65.8%, 85.0%, 67.4%, 77.6%, 59.0%, 70.6%, 78.2%, 50.8%]",,,,
10,parallel,11,11,0.39429194078947366,1.0360480055212975,0.9959740396589041,0.0001111111111111111,69.90909090909092,"[60.8%, 71.0%, 71.6%, 65.8%, 85.0%, 67.4%, 77.6%, 59.0%, 70.6%, 78.2%, 62.0%]",,,,
10,parallel,12,12,0.37868661236842105,0.8996328637003899,0.8111935891211033,0.0001111111111111111,70.58181818181819,"[60.8%, 71.0%, 71.6%, 65.8%, 85.0%, 67.4%, 77.6%, 59.0%, 70.6%, 78.2%, 69.4%]",,,,
10,parallel,13,13,0.3634421007894737,0.7608372539281845,0.781940620392561,0.0001111111111111111,70.32727272727274,"[60.8%, 71.0%, 71.6%, 65.8%, 85.0%, 67.4%, 77.6%, 59.0%, 70.6%, 78.2%, 66.6%]",,,,
10,parallel,14,14,0.34855840605263155,0.7299548663198948,0.6447168570011854,0.0001111111111111111,71.14545454545456,"[60.8%, 71.0%, 71.6%, 65.8%, 85.0%, 67.4%, 77.6%, 59.0%, 70.6%, 78.2%, 75.6%]",,,,
10,parallel,15,15,0.3340355281578948,0.6313483633100987,0.6338608302175999,0.0001111111111111111,71.21818181818183,"[60.8%, 71.0%, 71.6%, 65.8%, 85.0%, 67.4%, 77.6%, 59.0%, 70.6%, 78.2%, 76.4%]",,,,
10,parallel,16,16,0.3198734671052632,0.5773267537355423,0.6061917990446091,0.0001111111111111111,71.27272727272728,"[60.8%, 71.0%, 71.6%, 65.8%, 85.0%, 67.4%, 77.6%, 59.0%, 70.6%, 78.2%, 77.0%]",,,,
10,parallel,17,17,0.30607222289473685,0.5954541139304638,0.5544437430799007,0.0001111111111111111,71.45454545454547,"[60.8%, 71.0%, 71.6%, 65.8%, 85.0%, 67.4%, 77.6%, 59.0%, 70.6%, 78.2%, 79.0%]",,,,
10,parallel,18,18,0.29263179552631574,0.5525476455688476,0.6042272318154573,0.0001111111111111111,71.30909090909091,"[60.8%, 71.0%, 71.6%, 65.8%, 85.0%, 67.4%, 77.6%, 59.0%, 70.6%, 78.2%, 77.4%]",,,,
10,parallel,19,19,0.27955218500000006,0.5246987961232662,0.6459497585892677,0.0001111111111111111,71.10909090909092,"[60.8%, 71.0%, 71.6%, 65.8%, 85.0%, 67.4%, 77.6%, 59.0%, 70.6%, 78.2%, 75.2%]",,,,
10,parallel,20,20,0.26683339131578954,0.5345817781984806,0.6331095863133669,0.0001111111111111111,71.27272727272728,"[60.8%, 71.0%, 71.6%, 65.8%, 85.0%, 67.4%, 77.6%, 59.0%, 70.6%, 78.2%, 77.0%]",,,,
10,parallel,21,21,0.2544754144736842,0.584320492297411,0.5667839460074902,0.0001111111111111111,71.4,"[60.8%, 71.0%, 71.6%, 65.8%, 85.0%, 67.4%, 77.6%, 59.0%, 70.6%, 78.2%, 78.4%]",,,,
10,parallel,22,22,0.24247825447368423,0.5526834934949875,0.5893663736060262,0.0001111111111111111,71.36363636363637,"[60.8%, 71.0%, 71.6%, 65.8%, 85.0%, 67.4%, 77.6%, 59.0%, 70.6%, 78.2%, 78.0%]",,,,
10,parallel,23,23,0.2308419113157895,0.5613632246851921,0.5929350480437279,0.0001111111111111111,71.4,"[60.8%, 71.0%, 71.6%, 65.8%, 85.0%, 67.4%, 77.6%, 59.0%, 70.6%, 78.2%, 78.4%]",,,,
10,parallel,24,24,0.219566385,0.4846890434622765,0.524990881793201,0.0001111111111111111,71.72727272727273,"[60.8%, 71.0%, 71.6%, 65.8%, 85.0%, 67.4%, 77.6%, 59.0%, 70.6%, 78.2%, 82.0%]",,,,
10,parallel,25,25,0.20865167552631578,0.5311308439821005,0.5471932720392942,0.0001111111111111111,71.63636363636364,"[60.8%, 71.0%, 71.6%, 65.8%, 85.0%, 67.4%, 77.6%, 59.0%, 70.6%, 78.2%, 81.0%]",,,,
10,parallel,26,26,0.19809778289473684,0.5218942746520042,0.574507063254714,0.0001111111111111111,71.58181818181819,"[60.8%, 71.0%, 71.6%, 65.8%, 85.0%, 67.4%, 77.6%, 59.0%, 70.6%, 78.2%, 80.4%]",,,,
10,parallel,27,27,0.18790470710526314,0.5270571440458298,0.553601442836225,0.0001111111111111111,71.47272727272728,"[60.8%, 71.0%, 71.6%, 65.8%, 85.0%, 67.4%, 77.6%, 59.0%, 70.6%, 78.2%, 79.2%]",,,,
10,parallel,28,28,0.1780724481578947,0.5527869142591953,0.5969289066269994,0.0001111111111111111,71.25454545454546,"[60.8%, 71.0%, 71.6%, 65.8%, 85.0%, 67.4%, 77.6%, 59.0%, 70.6%, 78.2%, 76.8%]",,,,
10,parallel,29,29,0.16860100605263156,0.6700811192393303,0.6414908245205879,0.0001111111111111111,71.20000000000002,"[60.8%, 71.0%, 71.6%, 65.8%, 85.0%, 67.4%, 77.6%, 59.0%, 70.6%, 78.2%, 76.2%]",,,,
10,parallel,30,30,0.1594903807894737,0.5425021588802338,0.665531394071877,0.0001111111111111111,71.16363636363637,"[60.8%, 71.0%, 71.6%, 65.8%, 85.0%, 67.4%, 77.6%, 59.0%, 70.6%, 78.2%, 75.8%]",,,,
10,parallel,31,31,0.15074057236842106,0.6650957480072975,0.6537328865379095,0.0001111111111111111,71.25454545454546,"[60.8%, 71.0%, 71.6%, 65.8%, 85.0%, 67.4%, 77.6%, 59.0%, 70.6%, 78.2%, 76.8%]",,,,
10,parallel,32,32,0.14235158078947366,0.5720784217119217,0.5869632735848427,0.0001111111111111111,71.29090909090911,"[60.8%, 71.0%, 71.6%, 65.8%, 85.0%, 67.4%, 77.6%, 59.0%, 70.6%, 78.2%, 77.2%]",,,,
10,parallel,33,33,0.1343234060526316,0.6200584582984447,0.5796566847711802,0.0001111111111111111,71.52727272727273,"[60.8%, 71.0%, 71.6%, 65.8%, 85.0%, 67.4%, 77.6%, 59.0%, 70.6%, 78.2%, 79.8%]",,,,
10,parallel,34,34,0.12665604815789475,0.6005483143031597,0.5876833610236645,0.0001111111111111111,71.4909090909091,"[60.8%, 71.0%, 71.6%, 65.8%, 85.0%, 67.4%, 77.6%, 59.0%, 70.6%, 78.2%, 79.4%]",,,,
10,parallel,35,35,0.11934950710526318,0.8811808742582798,0.709569925442338,0.0001111111111111111,71.00000000000001,"[60.8%, 71.0%, 71.6%, 65.8%, 85.0%, 67.4%, 77.6%, 59.0%, 70.6%, 78.2%, 74.0%]",,,,
10,parallel,36,36,0.11240378289473685,0.6628431215882301,0.6521874722093344,0.0001111111111111111,71.12727272727274,"[60.8%, 71.0%, 71.6%, 65.8%, 85.0%, 67.4%, 77.6%, 59.0%, 70.6%, 78.2%, 75.4%]",,,,
10,parallel,37,37,0.1058188755263158,0.8500997237861156,0.7339961621910334,0.0001111111111111111,70.90909090909092,"[60.8%, 71.0%, 71.6%, 65.8%, 85.0%, 67.4%, 77.6%, 59.0%, 70.6%, 78.2%, 73.0%]",,,,
10,parallel,38,38,0.09959478499999999,0.7457928031682968,0.6745950225740671,0.0001111111111111111,71.07272727272728,"[60.8%, 71.0%, 71.6%, 65.8%, 85.0%, 67.4%, 77.6%, 59.0%, 70.6%, 78.2%, 74.8%]",,,,
10,parallel,39,39,0.09373151131578947,0.8236981853842735,0.7452236395329237,0.0001111111111111111,70.56363636363638,"[60.8%, 71.0%, 71.6%, 65.8%, 85.0%, 67.4%, 77.6%, 59.0%, 70.6%, 78.2%, 69.2%]",,,,
10,parallel,40,40,0.08822905447368423,0.7421782717108727,0.679619126021862,0.0001111111111111111,71.09090909090911,"[60.8%, 71.0%, 71.6%, 65.8%, 85.0%, 67.4%, 77.6%, 59.0%, 70.6%, 78.2%, 75.0%]",,,,
10,parallel,41,41,0.08308741447368423,0.6835899524390697,0.649193262681365,0.0001111111111111111,71.21818181818183,"[60.8%, 71.0%, 71.6%, 65.8%, 85.0%, 67.4%, 77.6%, 59.0%, 70.6%, 78.2%, 76.4%]",,,,
10,parallel,42,42,0.07830659131578949,0.6800445482134819,0.625754427164793,0.0001111111111111111,71.16363636363637,"[60.8%, 71.0%, 71.6%, 65.8%, 85.0%, 67.4%, 77.6%, 59.0%, 70.6%, 78.2%, 75.8%]",,,,
10,parallel,43,43,0.073886585,0.7966037340462208,0.7040425576269627,0.0001111111111111111,70.87272727272729,"[60.8%, 71.0%, 71.6%, 65.8%, 85.0%, 67.4%, 77.6%, 59.0%, 70.6%, 78.2%, 72.6%]",,,,
10,parallel,44,44,0.06982739552631578,0.7688475683331489,0.7494089836254716,0.0001111111111111111,70.61818181818182,"[60.8%, 71.0%, 71.6%, 65.8%, 85.0%, 67.4%, 77.6%, 59.0%, 70.6%, 78.2%, 69.8%]",,,,
10,parallel,45,45,0.06612902289473684,0.7678365603089332,0.6732579115778208,0.0001111111111111111,71.14545454545456,"[60.8%, 71.0%, 71.6%, 65.8%, 85.0%, 67.4%, 77.6%, 59.0%, 70.6%, 78.2%, 75.6%]",,,,
10,parallel,46,46,0.06279146710526318,0.6732493072748185,0.6599800568073988,0.0001111111111111111,71.16363636363637,"[60.8%, 71.0%, 71.6%, 65.8%, 85.0%, 67.4%, 77.6%, 59.0%, 70.6%, 78.2%, 75.8%]",,,,
10,parallel,47,47,0.05981472815789475,1.0041118666529656,0.7647920120507479,0.0001111111111111111,70.83636363636366,"[60.8%, 71.0%, 71.6%, 65.8%, 85.0%, 67.4%, 77.6%, 59.0%, 70.6%, 78.2%, 72.2%]",,,,
10,parallel,48,48,0.057198806052631584,0.7766160145401955,0.7225823886692524,0.0001111111111111111,70.85454545454546,"[60.8%, 71.0%, 71.6%, 65.8%, 85.0%, 67.4%, 77.6%, 59.0%, 70.6%, 78.2%, 72.4%]",,,,
10,parallel,49,49,0.05494370078947369,0.7208043858408928,0.685074282810092,0.0001111111111111111,70.87272727272729,"[60.8%, 71.0%, 71.6%, 65.8%, 85.0%, 67.4%, 77.6%, 59.0%, 70.6%, 78.2%, 72.6%]",,,,
10,parallel,50,50,0.053049412368421055,0.7725287258625031,0.6841075606644154,0.0001111111111111111,70.92727272727274,"[60.8%, 71.0%, 71.6%, 65.8%, 85.0%, 67.4%, 77.6%, 59.0%, 70.6%, 78.2%, 73.2%]",,,,
10,parallel,51,51,0.05151594078947369,0.7438450708985329,0.6536863446235657,0.0001111111111111111,71.23636363636365,"[60.8%, 71.0%, 71.6%, 65.8%, 85.0%, 67.4%, 77.6%, 59.0%, 70.6%, 78.2%, 76.6%]",,,,
10,parallel,52,52,0.05034328605263159,0.6801128998398781,0.7073447648435831,0.0001111111111111111,70.90909090909092,"[60.8%, 71.0%, 71.6%, 65.8%, 85.0%, 67.4%, 77.6%, 59.0%, 70.6%, 78.2%, 73.0%]",,,,
10,parallel,53,53,0.049531448157894745,0.6960158035159111,0.6323797255754471,0.0001111111111111111,71.20000000000002,"[60.8%, 71.0%, 71.6%, 65.8%, 85.0%, 67.4%, 77.6%, 59.0%, 70.6%, 78.2%, 76.2%]",,,,
10,parallel,54,54,0.04908042710526316,0.6304061256349087,0.663170212879777,0.0001111111111111111,70.98181818181818,"[60.8%, 71.0%, 71.6%, 65.8%, 85.0%, 67.4%, 77.6%, 59.0%, 70.6%, 78.2%, 73.8%]",,,,
10,parallel,55,55,0.04897894736842106,0.6252709962427616,0.6055478770285845,0.0001111111111111111,71.05454545454546,"[60.8%, 71.0%, 71.6%, 65.8%, 85.0%, 67.4%, 77.6%, 59.0%, 70.6%, 78.2%, 74.6%]",,,,
10,weights,1,56,0.04897894736842106,0.5855091780424118,0.6427883673459291,0.0001111111111111111,71.20000000000002,"[60.8%, 71.0%, 71.6%, 65.8%, 85.0%, 67.4%, 77.6%, 59.0%, 70.6%, 78.2%, 76.2%]",,,,
10,weights,2,57,0.04897894736842106,0.5934219546616077,0.5865351315587759,0.0001111111111111111,71.30909090909091,"[60.8%, 71.0%, 71.6%, 65.8%, 85.0%, 67.4%, 77.6%, 59.0%, 70.6%, 78.2%, 77.4%]",,,,
10,weights,3,58,0.04897894736842106,0.577408941835165,0.5814331341534853,0.0001111111111111111,71.4,"[60.8%, 71.0%, 71.6%, 65.8%, 85.0%, 67.4%, 77.6%, 59.0%, 70.6%, 78.2%, 78.4%]",,,,
10,weights,4,59,0.04897894736842106,0.5922216087579727,0.5852357745170593,0.0001111111111111111,71.4,"[60.8%, 71.0%, 71.6%, 65.8%, 85.0%, 67.4%, 77.6%, 59.0%, 70.6%, 78.2%, 78.4%]",,,,
10,weights,5,60,0.04897894736842106,0.5637658387422562,0.5896365121006966,0.0001111111111111111,71.09090909090911,"[60.8%, 71.0%, 71.6%, 65.8%, 85.0%, 67.4%, 77.6%, 59.0%, 70.6%, 78.2%, 75.0%]",,,,
10,weights,6,61,0.04897894736842106,0.5516642466187477,0.5592219326645136,0.0001111111111111111,71.47272727272728,"[60.8%, 71.0%, 71.6%, 65.8%, 85.0%, 67.4%, 77.6%, 59.0%, 70.6%, 78.2%, 79.2%]",,,,
10,weights,7,62,0.04897894736842106,0.557020852714777,0.5607596319168806,0.0001111111111111111,71.4,"[60.8%, 71.0%, 71.6%, 65.8%, 85.0%, 67.4%, 77.6%, 59.0%, 70.6%, 78.2%, 78.4%]",,,,
10,weights,8,63,0.04897894736842106,0.5533604055643082,0.5595579389482737,0.0001111111111111111,71.45454545454547,"[60.8%, 71.0%, 71.6%, 65.8%, 85.0%, 67.4%, 77.6%, 59.0%, 70.6%, 78.2%, 79.0%]",,,,
10,weights,9,64,0.04897894736842106,0.5144096584059298,0.5306245218962431,0.0001111111111111111,71.61818181818182,"[60.8%, 71.0%, 71.6%, 65.8%, 85.0%, 67.4%, 77.6%, 59.0%, 70.6%, 78.2%, 80.8%]",,,,
10,weights,10,65,0.04897894736842106,0.5312577314674855,0.5301490928977728,0.0001111111111111111,71.45454545454547,"[60.8%, 71.0%, 71.6%, 65.8%, 85.0%, 67.4%, 77.6%, 59.0%, 70.6%, 78.2%, 79.0%]",,,,
10,weights,11,66,0.04897894736842106,0.5468412160873413,0.5007161684334278,0.0001111111111111111,71.63636363636364,"[60.8%, 71.0%, 71.6%, 65.8%, 85.0%, 67.4%, 77.6%, 59.0%, 70.6%, 78.2%, 81.0%]",,,,
10,weights,12,67,0.04897894736842106,0.5656122758984565,0.5640573501586914,0.0001111111111111111,71.36363636363637,"[60.8%, 71.0%, 71.6%, 65.8%, 85.0%, 67.4%, 77.6%, 59.0%, 70.6%, 78.2%, 78.0%]",,,,
10,weights,13,68,0.04897894736842106,0.5570921536535025,0.5476679895073175,0.0001111111111111111,71.38181818181819,"[60.8%, 71.0%, 71.6%, 65.8%, 85.0%, 67.4%, 77.6%, 59.0%, 70.6%, 78.2%, 78.2%]",,,,
10,weights,14,69,0.04897894736842106,0.5285991691052914,0.545990027487278,0.0001111111111111111,71.47272727272728,"[60.8%, 71.0%, 71.6%, 65.8%, 85.0%, 67.4%, 77.6%, 59.0%, 70.6%, 78.2%, 79.2%]",,,,
10,weights,15,70,0.04897894736842106,0.5083313174545765,0.4949073549360037,0.0001111111111111111,71.6909090909091,"[60.8%, 71.0%, 71.6%, 65.8%, 85.0%, 67.4%, 77.6%, 59.0%, 70.6%, 78.2%, 81.6%]",,,,
10,weights,16,71,0.04897894736842106,0.4970433607697487,0.5204904768615961,0.0001111111111111111,71.4909090909091,"[60.8%, 71.0%, 71.6%, 65.8%, 85.0%, 67.4%, 77.6%, 59.0%, 70.6%, 78.2%, 79.4%]",,,,
10,weights,17,72,0.04897894736842106,0.515924022346735,0.5419298745691776,0.0001111111111111111,71.4909090909091,"[60.8%, 71.0%, 71.6%, 65.8%, 85.0%, 67.4%, 77.6%, 59.0%, 70.6%, 78.2%, 79.4%]",,,,
10,weights,18,73,0.04897894736842106,0.4888303779065609,0.49751420319080353,0.0001111111111111111,71.61818181818182,"[60.8%, 71.0%, 71.6%, 65.8%, 85.0%, 67.4%, 77.6%, 59.0%, 70.6%, 78.2%, 80.8%]",,,,
10,weights,19,74,0.04897894736842106,0.5266228646039963,0.5474651539698243,0.0001111111111111111,71.4909090909091,"[60.8%, 71.0%, 71.6%, 65.8%, 85.0%, 67.4%, 77.6%, 59.0%, 70.6%, 78.2%, 79.4%]",,,,
10,weights,20,75,0.04897894736842106,0.491566913574934,0.5193355912342668,0.0001111111111111111,71.41818181818184,"[60.8%, 71.0%, 71.6%, 65.8%, 85.0%, 67.4%, 77.6%, 59.0%, 70.6%, 78.2%, 78.6%]",,,,
10,weights,21,76,0.04897894736842106,0.5030579000711441,0.542737677693367,0.0001111111111111111,71.43636363636364,"[60.8%, 71.0%, 71.6%, 65.8%, 85.0%, 67.4%, 77.6%, 59.0%, 70.6%, 78.2%, 78.8%]",,,,
10,weights,22,77,0.04897894736842106,0.5145310811698437,0.5405271416530013,0.0001111111111111111,71.52727272727273,"[60.8%, 71.0%, 71.6%, 65.8%, 85.0%, 67.4%, 77.6%, 59.0%, 70.6%, 78.2%, 79.8%]",,,,
10,weights,23,78,0.04897894736842106,0.4976775811985135,0.5149937253445387,0.0001111111111111111,71.52727272727273,"[60.8%, 71.0%, 71.6%, 65.8%, 85.0%, 67.4%, 77.6%, 59.0%, 70.6%, 78.2%, 79.8%]",,,,
10,weights,24,79,0.04897894736842106,0.4701285100076348,0.5184048246592283,0.0001111111111111111,71.60000000000001,"[60.8%, 71.0%, 71.6%, 65.8%, 85.0%, 67.4%, 77.6%, 59.0%, 70.6%, 78.2%, 80.6%]",,,,
10,weights,25,80,0.04897894736842106,0.4758875235915184,0.5052411016076803,0.0001111111111111111,71.58181818181819,"[60.8%, 71.0%, 71.6%, 65.8%, 85.0%, 67.4%, 77.6%, 59.0%, 70.6%, 78.2%, 80.4%]",45.054545454545455,"[0.0%, 36.6%, 38.6%, 17.8%, 85.0%, 34.6%, 69.0%, 26.0%, 57.2%, 68.8%, 62.0%]",56.98181818181818,"[47.4%, 63.4%, 38.6%, 45.4%, 76.0%, 60.8%, 69.0%, 26.0%, 65.0%, 68.8%, 66.4%]"
11,parallel,1,1,0.45,16.642196249961852,8.590201139450073,0.0001111111111111111,65.55,"[61.2%, 71.0%, 71.6%, 65.6%, 84.8%, 67.4%, 77.4%, 59.2%, 69.8%, 78.0%, 80.6%, 0.0%]",,,,
11,parallel,2,2,0.45,6.1213039517402645,3.9772339463233948,0.0001111111111111111,65.56666666666668,"[61.0%, 71.0%, 72.0%, 65.8%, 84.8%, 67.2%, 77.4%, 59.2%, 69.8%, 78.0%, 80.6%, 0.0%]",,,,
11,parallel,3,3,0.45,2.6976618587970735,1.9058425277471542,0.0001111111111111111,67.23333333333333,"[61.0%, 71.0%, 72.0%, 65.4%, 84.8%, 67.4%, 77.4%, 59.2%, 69.8%, 78.2%, 80.6%, 20.0%]",,,,
11,parallel,4,4,0.45,1.7643367648124695,1.6898211985826492,0.0001111111111111111,67.21666666666667,"[61.0%, 71.2%, 71.8%, 65.2%, 84.8%, 67.4%, 77.4%, 59.2%, 69.8%, 78.2%, 80.6%, 20.0%]",,,,
11,parallel,5,5,0.44598942,1.69957455098629,1.681423082947731,0.0001111111111111111,67.26666666666667,"[61.0%, 71.2%, 72.4%, 65.2%, 84.8%, 67.4%, 77.4%, 59.2%, 69.8%, 78.2%, 80.6%, 20.0%]",,,,
11,parallel,6,6,0.4301481315789474,1.7772816956043243,1.691992610692978,0.0001111111111111111,67.25000000000001,"[61.0%, 71.2%, 72.4%, 65.0%, 84.8%, 67.4%, 77.4%, 59.2%, 69.8%, 78.2%, 80.6%, 20.0%]",,,,
11,parallel,7,7,0.4146284936842105,1.7517899334430695,1.6747325956821442,0.0001111111111111111,67.26666666666667,"[61.0%, 71.2%, 72.6%, 65.0%, 84.8%, 67.4%, 77.4%, 59.2%, 69.8%, 78.2%, 80.6%, 20.0%]",,,,
11,parallel,8,8,0.3994305063157895,1.6858999729156494,1.6543091237545013,0.0001111111111111111,67.91666666666667,"[61.0%, 71.2%, 72.6%, 65.0%, 84.8%, 67.4%, 77.4%, 59.2%, 69.8%, 78.2%, 80.6%, 27.8%]",,,,
11,parallel,9,9,0.38455416947368426,1.6837163746356965,1.663682997226715,0.0001111111111111111,67.88333333333334,"[61.0%, 71.2%, 72.6%, 65.0%, 84.8%, 67.4%, 77.4%, 59.2%, 69.8%, 78.2%, 80.6%, 27.4%]",,,,
11,parallel,10,10,0.3699994831578947,1.6407901495695114,1.5950195640325546,0.0001111111111111111,68.60000000000001,"[61.0%, 71.2%, 72.6%, 65.0%, 84.8%, 67.4%, 77.4%, 59.2%, 69.8%, 78.2%, 80.6%, 36.0%]",,,,
11,parallel,11,11,0.35576644736842106,1.512722474336624,1.420313946902752,0.0001111111111111111,68.9,"[61.0%, 71.2%, 72.6%, 65.0%, 84.8%, 67.4%, 77.4%, 59.2%, 69.8%, 78.2%, 80.6%, 39.6%]",,,,
11,parallel,12,12,0.3418550621052631,1.3070958644151687,1.2082665264606476,0.0001111111111111111,69.43333333333334,"[61.0%, 71.2%, 72.6%, 65.0%, 84.8%, 67.4%, 77.4%, 59.2%, 69.8%, 78.2%, 80.6%, 46.0%]",,,,
11,parallel,13,13,0.32826532736842107,1.2031553655862808,1.1797561049461365,0.0001111111111111111,69.78333333333335,"[61.0%, 71.2%, 72.6%, 65.0%, 84.8%, 67.4%, 77.4%, 59.2%, 69.8%, 78.2%, 80.6%, 50.2%]",,,,
11,parallel,14,14,0.31499724315789474,1.1130887255072595,1.449410069733858,0.0001111111111111111,69.58333333333333,"[61.0%, 71.2%, 72.6%, 65.0%, 84.8%, 67.4%, 77.4%, 59.2%, 69.8%, 78.2%, 80.6%, 47.8%]",,,,
11,parallel,15,15,0.30205080947368423,1.1298984110355377,1.093536116182804,0.0001111111111111111,69.98333333333333,"[61.0%, 71.2%, 72.6%, 65.0%, 84.8%, 67.4%, 77.4%, 59.2%, 69.8%, 78.2%, 80.6%, 52.6%]",,,,
11,parallel,16,16,0.2894260263157895,1.009363903105259,1.0825504213571548,0.0001111111111111111,70.41666666666667,"[61.0%, 71.2%, 72.6%, 65.0%, 84.8%, 67.4%, 77.4%, 59.2%, 69.8%, 78.2%, 80.6%, 57.8%]",,,,
11,parallel,17,17,0.2771228936842105,0.9808689907193184,1.0342438034713268,0.0001111111111111111,70.43333333333334,"[61.0%, 71.2%, 72.6%, 65.0%, 84.8%, 67.4%, 77.4%, 59.2%, 69.8%, 78.2%, 80.6%, 58.0%]",,,,
11,parallel,18,18,0.26514141157894733,0.933201701939106,0.9459435418248177,0.0001111111111111111,71.10000000000001,"[61.0%, 71.2%, 72.6%, 65.0%, 84.8%, 67.4%, 77.4%, 59.2%, 69.8%, 78.2%, 80.6%, 66.0%]",,,,
11,parallel,19,19,0.25348158000000004,0.8538405083119869,0.9037128612399101,0.0001111111111111111,70.96666666666667,"[61.0%, 71.2%, 72.6%, 65.0%, 84.8%, 67.4%, 77.4%, 59.2%, 69.8%, 78.2%, 80.6%, 64.4%]",,,,
11,parallel,20,20,0.24214339894736847,0.8495218530297279,0.9197795763611794,0.0001111111111111111,70.81666666666668,"[61.0%, 71.2%, 72.6%, 65.0%, 84.8%, 67.4%, 77.4%, 59.2%, 69.8%, 78.2%, 80.6%, 62.6%]",,,,
11,parallel,21,21,0.23112686842105268,0.8808285683393479,0.9834428615868092,0.0001111111111111111,70.66666666666667,"[61.0%, 71.2%, 72.6%, 65.0%, 84.8%, 67.4%, 77.4%, 59.2%, 69.8%, 78.2%, 80.6%, 60.8%]",,,,
11,parallel,22,22,0.22043198842105266,0.8311802797019482,0.8526747897267342,0.0001111111111111111,71.05,"[61.0%, 71.2%, 72.6%, 65.0%, 84.8%, 67.4%, 77.4%, 59.2%, 69.8%, 78.2%, 80.6%, 65.4%]",,,,
11,parallel,23,23,0.21005875894736842,0.7980688504874707,0.8081916570663452,0.0001111111111111111,71.43333333333334,"[61.0%, 71.2%, 72.6%, 65.0%, 84.8%, 67.4%, 77.4%, 59.2%, 69.8%, 78.2%, 80.6%, 70.0%]",,,,
11,parallel,24,24,0.20000718,0.8038508862257003,0.900349322706461,0.0001111111111111111,71.01666666666667,"[61.0%, 71.2%, 72.6%, 65.0%, 84.8%, 67.4%, 77.4%, 59.2%, 69.8%, 78.2%, 80.6%, 65.0%]",,,,
11,parallel,25,25,0.19027725157894737,0.7815077349543571,0.8525364324450493,0.0001111111111111111,71.13333333333334,"[61.0%, 71.2%, 72.6%, 65.0%, 84.8%, 67.4%, 77.4%, 59.2%, 69.8%, 78.2%, 80.6%, 66.4%]",,,,
11,parallel,26,26,0.1808689736842105,0.8522895127534866,0.858733493834734,0.0001111111111111111,71.25,"[61.0%, 71.2%, 72.6%, 65.0%, 84.8%, 67.4%, 77.4%, 59.2%, 69.8%, 78.2%, 80.6%, 67.8%]",,,,
11,parallel,27,27,0.17178234631578945,0.8129677265882492,0.9372174218297005,0.0001111111111111111,71.03333333333335,"[61.0%, 71.2%, 72.6%, 65.0%, 84.8%, 67.4%, 77.4%, 59.2%, 69.8%, 78.2%, 80.6%, 65.2%]",,,,
11,parallel,28,28,0.16301736947368417,0.779283145070076,0.8903913348913193,0.0001111111111111111,71.13333333333334,"[61.0%, 71.2%, 72.6%, 65.0%, 84.8%, 67.4%, 77.4%, 59.2%, 69.8%, 78.2%, 80.6%, 66.4%]",,,,
11,parallel,29,29,0.15457404315789475,0.809415391087532,0.9337891303002834,0.0001111111111111111,71.0,"[61.0%, 71.2%, 72.6%, 65.0%, 84.8%, 67.4%, 77.4%, 59.2%, 69.8%, 78.2%, 80.6%, 64.8%]",,,,
11,parallel,30,30,0.14645236736842104,0.8223882377147674,0.8642470166087151,0.0001111111111111111,71.28333333333335,"[61.0%, 71.2%, 72.6%, 65.0%, 84.8%, 67.4%, 77.4%, 59.2%, 69.8%, 78.2%, 80.6%, 68.2%]",,,,
11,parallel,31,31,0.13865234210526314,0.7943492740392685,0.8860234692692757,0.0001111111111111111,71.16666666666667,"[61.0%, 71.2%, 72.6%, 65.0%, 84.8%, 67.4%, 77.4%, 59.2%, 69.8%, 78.2%, 80.6%, 66.8%]",,,,
11,parallel,32,32,0.13117396736842105,0.7769506376236677,0.897719781845808,0.0001111111111111111,71.10000000000001,"[61.0%, 71.2%, 72.6%, 65.0%, 84.8%, 67.4%, 77.4%, 59.2%, 69.8%, 78.2%, 80.6%, 66.0%]",,,,
11,parallel,33,33,0.12401724315789475,0.8708387345075608,1.0043818280100822,0.0001111111111111111,70.55,"[61.0%, 71.2%, 72.6%, 65.0%, 84.8%, 67.4%, 77.4%, 59.2%, 69.8%, 78.2%, 80.6%, 59.4%]",,,,
11,parallel,34,34,0.1171821694736842,0.9069699183106422,0.9876077771186829,0.0001111111111111111,70.71666666666667,"[61.0%, 71.2%, 72.6%, 65.0%, 84.8%, 67.4%, 77.4%, 59.2%, 69.8%, 78.2%, 80.6%, 61.4%]",,,,
11,parallel,35,35,0.11066874631578949,0.8542666018009186,0.9526483975350857,0.0001111111111111111,70.85000000000001,"[61.0%, 71.2%, 72.6%, 65.0%, 84.8%, 67.4%, 77.4%, 59.2%, 69.8%, 78.2%, 80.6%, 63.0%]",,,,
11,parallel,36,36,0.10447697368421052,1.0815786108374597,1.0481068268418312,0.0001111111111111111,70.45,"[61.0%, 71.2%, 72.6%, 65.0%, 84.8%, 67.4%, 77.4%, 59.2%, 69.8%, 78.2%, 80.6%, 58.2%]",,,,
11,parallel,37,37,0.09860685157894737,0.9163031138479709,0.930262953042984,0.0001111111111111111,71.0,"[61.0%, 71.2%, 72.6%, 65.0%, 84.8%, 67.4%, 77.4%, 59.2%, 69.8%, 78.2%, 80.6%, 64.8%]",,,,
11,parallel,38,38,0.09305838,0.9993386030197143,1.0023959279060364,0.0001111111111111111,70.86666666666667,"[61.0%, 71.2%, 72.6%, 65.0%, 84.8%, 67.4%, 77.4%, 59.2%, 69.8%, 78.2%, 80.6%, 63.2%]",,,,
11,parallel,39,39,0.08783155894736841,0.9158109456300736,1.0056054294109344,0.0001111111111111111,70.66666666666667,"[61.0%, 71.2%, 72.6%, 65.0%, 84.8%, 67.4%, 77.4%, 59.2%, 69.8%, 78.2%, 80.6%, 60.8%]",,,,
11,parallel,40,40,0.08292638842105264,0.9267634958028793,0.9477444961667061,0.0001111111111111111,70.93333333333334,"[61.0%, 71.2%, 72.6%, 65.0%, 84.8%, 67.4%, 77.4%, 59.2%, 69.8%, 78.2%, 80.6%, 64.0%]",,,,
11,parallel,41,41,0.07834286842105263,0.9234164774417877,0.911223016679287,0.0001111111111111111,71.05,"[61.0%, 71.2%, 72.6%, 65.0%, 84.8%, 67.4%, 77.4%, 59.2%, 69.8%, 78.2%, 80.6%, 65.4%]",,,,
11,parallel,42,42,0.07408099894736841,1.184257058799267,1.0956290662288666,0.0001111111111111111,70.33333333333333,"[61.0%, 71.2%, 72.6%, 65.0%, 84.8%, 67.4%, 77.4%, 59.2%, 69.8%, 78.2%, 80.6%, 56.8%]",,,,
11,parallel,43,43,0.07014078,1.1058204993605614,1.0980759859085083,0.0001111111111111111,70.28333333333335,"[61.0%, 71.2%, 72.6%, 65.0%, 84.8%, 67.4%, 77.4%, 59.2%, 69.8%, 78.2%, 80.6%, 56.2%]",,,,
11,parallel,44,44,0.06652221157894736,0.9578614950180053,1.0170713290572166,0.0001111111111111111,70.51666666666667,"[61.0%, 71.2%, 72.6%, 65.0%, 84.8%, 67.4%, 77.4%, 59.2%, 69.8%, 78.2%, 80.6%, 59.0%]",,,,
11,parallel,45,45,0.06322529368421052,0.946657532826066,1.0116096064448357,0.0001111111111111111,70.55,"[61.0%, 71.2%, 72.6%, 65.0%, 84.8%, 67.4%, 77.4%, 59.2%, 69.8%, 78.2%, 80.6%, 59.4%]",,,,
11,parallel,46,46,0.06025002631578948,1.3885279789566993,1.1398178189992905,0.0001111111111111111,70.10000000000001,"[61.0%, 71.2%, 72.6%, 65.0%, 84.8%, 67.4%, 77.4%, 59.2%, 69.8%, 78.2%, 80.6%, 54.0%]",,,,
11,parallel,47,47,0.05759640947368422,1.157654258608818,1.0511603280901909,0.0001111111111111111,70.21666666666667,"[61.0%, 71.2%, 72.6%, 65.0%, 84.8%, 67.4%, 77.4%, 59.2%, 69.8%, 78.2%, 80.6%, 55.4%]",,,,
11,parallel,48,48,0.055264443157894735,1.0638077199459075,1.0447018221020699,0.0001111111111111111,70.46666666666667,"[61.0%, 71.2%, 72.6%, 65.0%, 84.8%, 67.4%, 77.4%, 59.2%, 69.8%, 78.2%, 80.6%, 58.4%]",,,,
11,parallel,49,49,0.053254127368421056,1.074776504933834,1.072310596704483,0.0001111111111111111,70.3,"[61.0%, 71.2%, 72.6%, 65.0%, 84.8%, 67.4%, 77.4%, 59.2%, 69.8%, 78.2%, 80.6%, 56.4%]",,,,
11,parallel,50,50,0.05156546210526316,1.0264080509543418,1.004966139793396,0.0001111111111111111,70.61666666666667,"[61.0%, 71.2%, 72.6%, 65.0%, 84.8%, 67.4%, 77.4%, 59.2%, 69.8%, 78.2%, 80.6%, 60.2%]",,,,
11,parallel,51,51,0.05019844736842105,1.0603105634450913,1.0633075907826424,0.0001111111111111111,70.4,"[61.0%, 71.2%, 72.6%, 65.0%, 84.8%, 67.4%, 77.4%, 59.2%, 69.8%, 78.2%, 80.6%, 57.6%]",,,,
11,parallel,52,52,0.04915308315789474,0.9875467464327812,0.9751414880156517,0.0001111111111111111,70.68333333333334,"[61.0%, 71.2%, 72.6%, 65.0%, 84.8%, 67.4%, 77.4%, 59.2%, 69.8%, 78.2%, 80.6%, 61.0%]",,,,
11,parallel,53,53,0.04842936947368421,0.9301770031452179,1.0258059650659561,0.0001111111111111111,70.48333333333333,"[61.0%, 71.2%, 72.6%, 65.0%, 84.8%, 67.4%, 77.4%, 59.2%, 69.8%, 78.2%, 80.6%, 58.6%]",,,,
11,parallel,54,54,0.04802730631578948,0.9105523630976677,0.9045368134975433,0.0001111111111111111,70.88333333333334,"[61.0%, 71.2%, 72.6%, 65.0%, 84.8%, 67.4%, 77.4%, 59.2%, 69.8%, 78.2%, 80.6%, 63.4%]",,,,
11,parallel,55,55,0.04793684210526316,0.8803517475724221,0.9602546840906143,0.0001111111111111111,70.91666666666667,"[61.0%, 71.2%, 72.6%, 65.0%, 84.8%, 67.4%, 77.4%, 59.2%, 69.8%, 78.2%, 80.6%, 63.8%]",,,,
11,weights,1,56,0.04793684210526316,0.8747559830546379,0.9402244240045547,0.0001111111111111111,70.91666666666667,"[61.0%, 71.2%, 72.6%, 65.0%, 84.8%, 67.4%, 77.4%, 59.2%, 69.8%, 78.2%, 80.6%, 63.8%]",,,,
11,weights,2,57,0.04793684210526316,0.8378972962498665,0.8905522525310516,0.0001111111111111111,70.98333333333333,"[61.0%, 71.2%, 72.6%, 65.0%, 84.8%, 67.4%, 77.4%, 59.2%, 69.8%, 78.2%, 80.6%, 64.6%]",,,,
11,weights,3,58,0.04793684210526316,0.9229801431298256,0.8574385195970535,0.0001111111111111111,71.21666666666667,"[61.0%, 71.2%, 72.6%, 65.0%, 84.8%, 67.4%, 77.4%, 59.2%, 69.8%, 78.2%, 80.6%, 67.4%]",,,,
11,weights,4,59,0.04793684210526316,0.8214399695396424,0.8849474936723709,0.0001111111111111111,71.10000000000001,"[61.0%, 71.2%, 72.6%, 65.0%, 84.8%, 67.4%, 77.4%, 59.2%, 69.8%, 78.2%, 80.6%, 66.0%]",,,,
11,weights,5,60,0.04793684210526316,0.8205599218606949,0.8617928698658943,0.0001111111111111111,71.03333333333335,"[61.0%, 71.2%, 72.6%, 65.0%, 84.8%, 67.4%, 77.4%, 59.2%, 69.8%, 78.2%, 80.6%, 65.2%]",,,,
11,weights,6,61,0.04793684210526316,0.8028398461639881,0.9377596192061901,0.0001111111111111111,70.86666666666667,"[61.0%, 71.2%, 72.6%, 65.0%, 84.8%, 67.4%, 77.4%, 59.2%, 69.8%, 78.2%, 80.6%, 63.2%]",,,,
11,weights,7,62,0.04793684210526316,0.8016925565898418,0.8758615627884865,0.0001111111111111111,71.06666666666668,"[61.0%, 71.2%, 72.6%, 65.0%, 84.8%, 67.4%, 77.4%, 59.2%, 69.8%, 78.2%, 80.6%, 65.6%]",,,,
11,weights,8,63,0.04793684210526316,0.7912447944283485,0.8575777038931847,0.0001111111111111111,71.06666666666668,"[61.0%, 71.2%, 72.6%, 65.0%, 84.8%, 67.4%, 77.4%, 59.2%, 69.8%, 78.2%, 80.6%, 65.6%]",,,,
11,weights,9,64,0.04793684210526316,0.7909630388021469,0.8494159616529942,0.0001111111111111111,71.03333333333335,"[61.0%, 71.2%, 72.6%, 65.0%, 84.8%, 67.4%, 77.4%, 59.2%, 69.8%, 78.2%, 80.6%, 65.2%]",,,,
11,weights,10,65,0.04793684210526316,0.7720846511423588,0.8572403192520142,0.0001111111111111111,71.03333333333335,"[61.0%, 71.2%, 72.6%, 65.0%, 84.8%, 67.4%, 77.4%, 59.2%, 69.8%, 78.2%, 80.6%, 65.2%]",,,,
11,weights,11,66,0.04793684210526316,0.7601749628782273,0.8216373510658741,0.0001111111111111111,71.16666666666667,"[61.0%, 71.2%, 72.6%, 65.0%, 84.8%, 67.4%, 77.4%, 59.2%, 69.8%, 78.2%, 80.6%, 66.8%]",,,,
11,weights,12,67,0.04793684210526316,0.7681754231452942,0.8158239610493183,0.0001111111111111111,71.16666666666667,"[61.0%, 71.2%, 72.6%, 65.0%, 84.8%, 67.4%, 77.4%, 59.2%, 69.8%, 78.2%, 80.6%, 66.8%]",,,,
11,weights,13,68,0.04793684210526316,0.7814937040209771,0.8525209464132786,0.0001111111111111111,71.16666666666667,"[61.0%, 71.2%, 72.6%, 65.0%, 84.8%, 67.4%, 77.4%, 59.2%, 69.8%, 78.2%, 80.6%, 66.8%]",,,,
11,weights,14,69,0.04793684210526316,0.7640051141381263,0.8627151548862457,0.0001111111111111111,71.16666666666667,"[61.0%, 71.2%, 72.6%, 65.0%, 84.8%, 67.4%, 77.4%, 59.2%, 69.8%, 78.2%, 80.6%, 66.8%]",,,,
11,weights,15,70,0.04793684210526316,0.7499918892979622,0.8341263271868229,0.0001111111111111111,71.31666666666668,"[61.0%, 71.2%, 72.6%, 65.0%, 84.8%, 67.4%, 77.4%, 59.2%, 69.8%, 78.2%, 80.6%, 68.6%]",,,,
11,weights,16,71,0.04793684210526316,0.7739995419979095,0.8227217048406601,0.0001111111111111111,71.31666666666668,"[61.0%, 71.2%, 72.6%, 65.0%, 84.8%, 67.4%, 77.4%, 59.2%, 69.8%, 78.2%, 80.6%, 68.6%]",,,,
11,weights,17,72,0.04793684210526316,0.7329258129000664,0.7912166751921177,0.0001111111111111111,71.4,"[61.0%, 71.2%, 72.6%, 65.0%, 84.8%, 67.4%, 77.4%, 59.2%, 69.8%, 78.2%, 80.6%, 69.6%]",,,,
11,weights,18,73,0.04793684210526316,0.7474107299000025,0.8435197286307812,0.0001111111111111111,71.21666666666667,"[61.0%, 71.2%, 72.6%, 65.0%, 84.8%, 67.4%, 77.4%, 59.2%, 69.8%, 78.2%, 80.6%, 67.4%]",,,,
11,weights,19,74,0.04793684210526316,0.7131754070520401,0.8027938641607761,0.0001111111111111111,71.18333333333334,"[61.0%, 71.2%, 72.6%, 65.0%, 84.8%, 67.4%, 77.4%, 59.2%, 69.8%, 78.2%, 80.6%, 67.0%]",,,,
11,weights,20,75,0.04793684210526316,0.7276757292449474,0.7972560301423073,0.0001111111111111111,71.31666666666668,"[61.0%, 71.2%, 72.6%, 65.0%, 84.8%, 67.4%, 77.4%, 59.2%, 69.8%, 78.2%, 80.6%, 68.6%]",,,,
11,weights,21,76,0.04793684210526316,0.7239329218864441,0.8072464428842068,0.0001111111111111111,71.25,"[61.0%, 71.2%, 72.6%, 65.0%, 84.8%, 67.4%, 77.4%, 59.2%, 69.8%, 78.2%, 80.6%, 67.8%]",,,,
11,weights,22,77,0.04793684210526316,0.7036807119846344,0.7982713468372822,0.0001111111111111111,71.11666666666667,"[61.0%, 71.2%, 72.6%, 65.0%, 84.8%, 67.4%, 77.4%, 59.2%, 69.8%, 78.2%, 80.6%, 66.2%]",,,,
11,weights,23,78,0.04793684210526316,0.7050289776176214,0.8397843949496746,0.0001111111111111111,71.0,"[61.0%, 71.2%, 72.6%, 65.0%, 84.8%, 67.4%, 77.4%, 59.2%, 69.8%, 78.2%, 80.6%, 64.8%]",,,,
11,weights,24,79,0.04793684210526316,0.6938231155276299,0.8086653873324394,0.0001111111111111111,71.28333333333335,"[61.0%, 71.2%, 72.6%, 65.0%, 84.8%, 67.4%, 77.4%, 59.2%, 69.8%, 78.2%, 80.6%, 68.2%]",,,,
11,weights,25,80,0.04793684210526316,0.733907563984394,0.8058069907128811,0.0001111111111111111,71.11666666666667,"[61.0%, 71.2%, 72.6%, 65.0%, 84.8%, 67.4%, 77.4%, 59.2%, 69.8%, 78.2%, 80.6%, 66.2%]",42.45,"[0.0%, 29.2%, 38.2%, 17.6%, 84.8%, 34.6%, 51.0%, 26.0%, 56.8%, 68.4%, 62.0%, 40.8%]",53.949999999999996,"[47.8%, 63.2%, 38.2%, 34.6%, 75.8%, 60.8%, 69.0%, 39.0%, 64.6%, 68.4%, 56.2%, 29.8%]"
12,parallel,1,1,0.4,17.61559591293335,9.025583267211914,0.0001111111111111111,65.70769230769231,"[61.0%, 71.2%, 71.8%, 65.6%, 84.8%, 67.4%, 77.4%, 59.4%, 70.4%, 78.4%, 80.6%, 66.2%, 0.0%]",,,,
12,parallel,2,2,0.4,6.923059320449829,5.035050809383392,0.0001111111111111111,65.76923076923077,"[61.6%, 71.0%, 71.8%, 65.6%, 84.8%, 67.4%, 77.6%, 59.2%, 70.4%, 78.8%, 80.6%, 66.2%, 0.0%]",,,,
12,parallel,3,3,0.4,3.5801588892936707,2.3539024591445923,0.0001111111111111111,67.27692307692308,"[61.6%, 70.8%, 71.8%, 65.6%, 84.8%, 67.4%, 77.6%, 59.0%, 70.4%, 79.0%, 80.6%, 66.0%, 20.0%]",,,,
12,parallel,4,4,0.4,1.9472078889608384,1.74122816324234,0.0001111111111111111,67.26153846153846,"[61.4%, 70.8%, 71.8%, 65.8%, 84.6%, 67.4%, 77.6%, 59.0%, 70.4%, 79.0%, 80.6%, 66.0%, 20.0%]",,,,
12,parallel,5,5,0.39647777500000003,1.7243284106254577,1.6908290535211563,0.0001111111111111111,67.27692307692307,"[61.4%, 70.8%, 71.8%, 65.8%, 84.6%, 67.4%, 77.8%, 59.0%, 70.4%, 79.0%, 80.6%, 66.0%, 20.0%]",,,,
12,parallel,6,6,0.38256542763157897,1.7682320564985274,1.6967182457447052,0.0001111111111111111,67.27692307692307,"[61.4%, 70.8%, 71.8%, 65.8%, 84.6%, 67.4%, 77.8%, 59.0%, 70.4%, 79.0%, 80.6%, 66.0%, 20.0%]",,,,
12,parallel,7,7,0.3689355644736842,1.8020769000053405,1.7007830291986465,0.0001111111111111111,67.27692307692307,"[61.4%, 70.8%, 71.8%, 65.8%, 84.6%, 67.4%, 77.8%, 59.0%, 70.4%, 79.0%, 80.6%, 66.0%, 20.0%]",,,,
12,parallel,8,8,0.3555881855263159,1.6893470346927644,1.655816212296486,0.0001111111111111111,67.27692307692307,"[61.4%, 70.8%, 71.8%, 65.8%, 84.6%, 67.4%, 77.8%, 59.0%, 70.4%, 79.0%, 80.6%, 66.0%, 20.0%]",,,,
12,parallel,9,9,0.34252329078947374,1.6679427295923233,1.6482679545879364,0.0001111111111111111,67.27692307692307,"[61.4%, 70.8%, 71.8%, 65.8%, 84.6%, 67.4%, 77.8%, 59.0%, 70.4%, 79.0%, 80.6%, 66.0%, 20.0%]",,,,
12,parallel,10,10,0.3297408802631579,1.6640764772891998,1.6393826305866241,0.0001111111111111111,67.86153846153846,"[61.4%, 70.8%, 71.8%, 65.8%, 84.6%, 67.4%, 77.8%, 59.0%, 70.4%, 79.0%, 80.6%, 66.0%, 27.6%]",,,,
12,parallel,11,11,0.31724095394736845,1.585319834947586,1.360162764787674,0.0001111111111111111,69.61538461538461,"[61.4%, 70.8%, 71.8%, 65.8%, 84.6%, 67.4%, 77.8%, 59.0%, 70.4%, 79.0%, 80.6%, 66.0%, 50.4%]",,,,
12,parallel,12,12,0.30502351184210524,1.1796737924218177,1.0399785935878754,0.0001111111111111111,70.21538461538461,"[61.4%, 70.8%, 71.8%, 65.8%, 84.6%, 67.4%, 77.8%, 59.0%, 70.4%, 79.0%, 80.6%, 66.0%, 58.2%]",,,,
12,parallel,13,13,0.29308855394736844,0.9502988263964653,0.9446011334657669,0.0001111111111111111,70.0153846153846,"[61.4%, 70.8%, 71.8%, 65.8%, 84.6%, 67.4%, 77.8%, 59.0%, 70.4%, 79.0%, 80.6%, 66.0%, 55.6%]",,,,
12,parallel,14,14,0.2814360802631579,0.8735320657491684,0.9343376532196999,0.0001111111111111111,70.49230769230768,"[61.4%, 70.8%, 71.8%, 65.8%, 84.6%, 67.4%, 77.8%, 59.0%, 70.4%, 79.0%, 80.6%, 66.0%, 61.8%]",,,,
12,parallel,15,15,0.27006609078947375,0.8226106122136116,0.8242580555379391,0.0001111111111111111,70.69230769230768,"[61.4%, 70.8%, 71.8%, 65.8%, 84.6%, 67.4%, 77.8%, 59.0%, 70.4%, 79.0%, 80.6%, 66.0%, 64.4%]",,,,
12,parallel,16,16,0.2589785855263158,0.7406895853579044,0.8014074750244617,0.0001111111111111111,70.79999999999998,"[61.4%, 70.8%, 71.8%, 65.8%, 84.6%, 67.4%, 77.8%, 59.0%, 70.4%, 79.0%, 80.6%, 66.0%, 65.8%]",,,,
12,parallel,17,17,0.24817356447368422,0.7497283071279526,0.7873735949397087,0.0001111111111111111,70.83076923076922,"[61.4%, 70.8%, 71.8%, 65.8%, 84.6%, 67.4%, 77.8%, 59.0%, 70.4%, 79.0%, 80.6%, 66.0%, 66.2%]",,,,
12,parallel,18,18,0.23765102763157894,0.6792868830263614,0.8115824274718761,0.0001111111111111111,70.87692307692306,"[61.4%, 70.8%, 71.8%, 65.8%, 84.6%, 67.4%, 77.8%, 59.0%, 70.4%, 79.0%, 80.6%, 66.0%, 66.8%]",,,,
12,parallel,19,19,0.22741097500000007,0.6883576408028602,0.7225107159465551,0.0001111111111111111,71.03076923076922,"[61.4%, 70.8%, 71.8%, 65.8%, 84.6%, 67.4%, 77.8%, 59.0%, 70.4%, 79.0%, 80.6%, 66.0%, 68.8%]",,,,
12,parallel,20,20,0.2174534065789474,0.6610220655798912,0.7705495208501816,0.0001111111111111111,71.03076923076922,"[61.4%, 70.8%, 71.8%, 65.8%, 84.6%, 67.4%, 77.8%, 59.0%, 70.4%, 79.0%, 80.6%, 66.0%, 68.8%]",,,,
12,parallel,21,21,0.2077783223684211,0.6485823951661587,0.6908962670713663,0.0001111111111111111,71.07692307692307,"[61.4%, 70.8%, 71.8%, 65.8%, 84.6%, 67.4%, 77.8%, 59.0%, 70.4%, 79.0%, 80.6%, 66.0%, 69.4%]",,,,
12,parallel,22,22,0.19838572236842109,0.6852783523499966,0.8289505820721388,0.0001111111111111111,71.06153846153846,"[61.4%, 70.8%, 71.8%, 65.8%, 84.6%, 67.4%, 77.8%, 59.0%, 70.4%, 79.0%, 80.6%, 66.0%, 69.2%]",,,,
12,parallel,23,23,0.18927560657894738,0.6249423757195472,0.7708642799407244,0.0001111111111111111,71.30769230769229,"[61.4%, 70.8%, 71.8%, 65.8%, 84.6%, 67.4%, 77.8%, 59.0%, 70.4%, 79.0%, 80.6%, 66.0%, 72.4%]",,,,
12,parallel,24,24,0.180447975,0.6873390406370163,0.8283559549599886,0.0001111111111111111,70.96923076923076,"[61.4%, 70.8%, 71.8%, 65.8%, 84.6%, 67.4%, 77.8%, 59.0%, 70.4%, 79.0%, 80.6%, 66.0%, 68.0%]",,,,
12,parallel,25,25,0.17190282763157896,0.6083322063088417,0.7885633427649736,0.0001111111111111111,71.30769230769229,"[61.4%, 70.8%, 71.8%, 65.8%, 84.6%, 67.4%, 77.8%, 59.0%, 70.4%, 79.0%, 80.6%, 66.0%, 72.4%]",,,,
12,parallel,26,26,0.1636401644736842,0.6587435800582171,0.7186123318970203,0.0001111111111111111,71.13846153846154,"[61.4%, 70.8%, 71.8%, 65.8%, 84.6%, 67.4%, 77.8%, 59.0%, 70.4%, 79.0%, 80.6%, 66.0%, 70.2%]",,,,
12,parallel,27,27,0.15565998552631577,0.6368981994688511,0.7147283665835857,0.0001111111111111111,71.19999999999999,"[61.4%, 70.8%, 71.8%, 65.8%, 84.6%, 67.4%, 77.8%, 59.0%, 70.4%, 79.0%, 80.6%, 66.0%, 71.0%]",,,,
12,parallel,28,28,0.14796229078947365,0.6137805216014385,0.8871299289166927,0.0001111111111111111,71.23076923076923,"[61.4%, 70.8%, 71.8%, 65.8%, 84.6%, 67.4%, 77.8%, 59.0%, 70.4%, 79.0%, 80.6%, 66.0%, 71.4%]",,,,
12,parallel,29,29,0.1405470802631579,0.7022523730993271,0.74516805075109,0.0001111111111111111,71.27692307692307,"[61.4%, 70.8%, 71.8%, 65.8%, 84.6%, 67.4%, 77.8%, 59.0%, 70.4%, 79.0%, 80.6%, 66.0%, 72.0%]",,,,
12,parallel,30,30,0.13341435394736845,0.6328657463192939,0.6971396207809448,0.0001111111111111111,71.35384615384615,"[61.4%, 70.8%, 71.8%, 65.8%, 84.6%, 67.4%, 77.8%, 59.0%, 70.4%, 79.0%, 80.6%, 66.0%, 73.0%]",,,,
12,parallel,31,31,0.12656411184210525,0.5828692592680454,0.6758147291839123,0.0001111111111111111,71.5076923076923,"[61.4%, 70.8%, 71.8%, 65.8%, 84.6%, 67.4%, 77.8%, 59.0%, 70.4%, 79.0%, 80.6%, 66.0%, 75.0%]",,,,
12,parallel,32,32,0.11999635394736842,0.6651583321392536,0.6970792952924967,0.0001111111111111111,71.27692307692307,"[61.4%, 70.8%, 71.8%, 65.8%, 84.6%, 67.4%, 77.8%, 59.0%, 70.4%, 79.0%, 80.6%, 66.0%, 72.0%]",,,,
12,parallel,33,33,0.11371108026315792,0.6221563190221786,0.645839661359787,0.0001111111111111111,71.5076923076923,"[61.4%, 70.8%, 71.8%, 65.8%, 84.6%, 67.4%, 77.8%, 59.0%, 70.4%, 79.0%, 80.6%, 66.0%, 75.0%]",,,,
12,parallel,34,34,0.10770829078947369,0.7011816687881947,0.7683485485613346,0.0001111111111111111,71.16923076923077,"[61.4%, 70.8%, 71.8%, 65.8%, 84.6%, 67.4%, 77.8%, 59.0%, 70.4%, 79.0%, 80.6%, 66.0%, 70.6%]",,,,
12,parallel,35,35,0.1019879855263158,0.6442669801414013,0.82841363735497,0.0001111111111111111,71.13846153846154,"[61.4%, 70.8%, 71.8%, 65.8%, 84.6%, 67.4%, 77.8%, 59.0%, 70.4%, 79.0%, 80.6%, 66.0%, 70.2%]",,,,
12,parallel,36,36,0.09655016447368422,0.6334167130291462,0.7266403287649155,0.0001111111111111111,71.32307692307691,"[61.4%, 70.8%, 71.8%, 65.8%, 84.6%, 67.4%, 77.8%, 59.0%, 70.4%, 79.0%, 80.6%, 66.0%, 72.6%]",,,,
12,parallel,37,37,0.09139482763157895,0.7084786549210549,0.7679250631481409,0.0001111111111111111,70.96923076923076,"[61.4%, 70.8%, 71.8%, 65.8%, 84.6%, 67.4%, 77.8%, 59.0%, 70.4%, 79.0%, 80.6%, 66.0%, 68.0%]",,,,
12,parallel,38,38,0.086521975,0.6502437777817249,0.7188748680055141,0.0001111111111111111,71.12307692307692,"[61.4%, 70.8%, 71.8%, 65.8%, 84.6%, 67.4%, 77.8%, 59.0%, 70.4%, 79.0%, 80.6%, 66.0%, 70.0%]",,,,
12,parallel,39,39,0.08193160657894735,0.6258826747536659,0.7042005993425846,0.0001111111111111111,71.16923076923077,"[61.4%, 70.8%, 71.8%, 65.8%, 84.6%, 67.4%, 77.8%, 59.0%, 70.4%, 79.0%, 80.6%, 66.0%, 70.6%]",,,,
12,parallel,40,40,0.07762372236842106,0.7730121307075024,0.7460069507360458,0.0001111111111111111,71.12307692307692,"[61.4%, 70.8%, 71.8%, 65.8%, 84.6%, 67.4%, 77.8%, 59.0%, 70.4%, 79.0%, 80.6%, 66.0%, 70.0%]",,,,
12,parallel,41,41,0.07359832236842107,0.6821987219154835,0.7385400533676147,0.0001111111111111111,71.43076923076923,"[61.4%, 70.8%, 71.8%, 65.8%, 84.6%, 67.4%, 77.8%, 59.0%, 70.4%, 79.0%, 80.6%, 66.0%, 74.0%]",,,,
12,parallel,42,42,0.06985540657894737,0.6874604530632495,0.7230185978114605,0.0001111111111111111,71.16923076923077,"[61.4%, 70.8%, 71.8%, 65.8%, 84.6%, 67.4%, 77.8%, 59.0%, 70.4%, 79.0%, 80.6%, 66.0%, 70.6%]",,,,
12,parallel,43,43,0.066394975,0.7181808039546013,0.744776077568531,0.0001111111111111111,71.29230769230769,"[61.4%, 70.8%, 71.8%, 65.8%, 84.6%, 67.4%, 77.8%, 59.0%, 70.4%, 79.0%, 80.6%, 66.0%, 72.2%]",,,,
12,parallel,44,44,0.06321702763157895,0.6375846423208713,0.7382167056202888,0.0001111111111111111,71.21538461538461,"[61.4%, 70.8%, 71.8%, 65.8%, 84.6%, 67.4%, 77.8%, 59.0%, 70.4%, 79.0%, 80.6%, 66.0%, 71.2%]",,,,
12,parallel,45,45,0.06032156447368421,0.8225182637572288,0.8299006223678589,0.0001111111111111111,70.93846153846154,"[61.4%, 70.8%, 71.8%, 65.8%, 84.6%, 67.4%, 77.8%, 59.0%, 70.4%, 79.0%, 80.6%, 66.0%, 67.6%]",,,,
12,parallel,46,46,0.0577085855263158,0.7126205056905747,0.7702989615499973,0.0001111111111111111,71.09230769230768,"[61.4%, 70.8%, 71.8%, 65.8%, 84.6%, 67.4%, 77.8%, 59.0%, 70.4%, 79.0%, 80.6%, 66.0%, 69.6%]",,,,
12,parallel,47,47,0.05537809078947369,0.6876244030892849,0.8041115291416645,0.0001111111111111111,71.1076923076923,"[61.4%, 70.8%, 71.8%, 65.8%, 84.6%, 67.4%, 77.8%, 59.0%, 70.4%, 79.0%, 80.6%, 66.0%, 69.8%]",,,,
12,parallel,48,48,0.0533300802631579,0.7480838827788829,0.7982157990336418,0.0001111111111111111,71.0153846153846,"[61.4%, 70.8%, 71.8%, 65.8%, 84.6%, 67.4%, 77.8%, 59.0%, 70.4%, 79.0%, 80.6%, 66.0%, 68.6%]",,,,
12,parallel,49,49,0.051564553947368426,0.7013208836317062,0.7977684028446674,0.0001111111111111111,71.0153846153846,"[61.4%, 70.8%, 71.8%, 65.8%, 84.6%, 67.4%, 77.8%, 59.0%, 70.4%, 79.0%, 80.6%, 66.0%, 68.6%]",,,,
12,parallel,50,50,0.05008151184210526,0.7260340467095375,0.9338881596922874,0.0001111111111111111,70.86153846153846,"[61.4%, 70.8%, 71.8%, 65.8%, 84.6%, 67.4%, 77.8%, 59.0%, 70.4%, 79.0%, 80.6%, 66.0%, 66.6%]",,,,
12,parallel,51,51,0.048880953947368425,0.7078651800751686,0.762134250253439,0.0001111111111111111,70.98461538461538,"[61.4%, 70.8%, 71.8%, 65.8%, 84.6%, 67.4%, 77.8%, 59.0%, 70.4%, 79.0%, 80.6%, 66.0%, 68.2%]",,,,
12,parallel,52,52,0.0479628802631579,0.6403808832168579,0.7782620228827,0.0001111111111111111,71.21538461538461,"[61.4%, 70.8%, 71.8%, 65.8%, 84.6%, 67.4%, 77.8%, 59.0%, 70.4%, 79.0%, 80.6%, 66.0%, 71.2%]",,,,
12,parallel,53,53,0.04732729078947369,0.6089490622282028,0.7340177930891514,0.0001111111111111111,71.30769230769229,"[61.4%, 70.8%, 71.8%, 65.8%, 84.6%, 67.4%, 77.8%, 59.0%, 70.4%, 79.0%, 80.6%, 66.0%, 72.4%]",,,,
12,parallel,54,54,0.04697418552631579,0.608565329015255,0.7540054600685835,0.0001111111111111111,71.27692307692307,"[61.4%, 70.8%, 71.8%, 65.8%, 84.6%, 67.4%, 77.8%, 59.0%, 70.4%, 79.0%, 80.6%, 66.0%, 72.0%]",,,,
12,parallel,55,55,0.04689473684210527,0.6049967439845204,0.7723467461764812,0.0001111111111111111,71.19999999999999,"[61.4%, 70.8%, 71.8%, 65.8%, 84.6%, 67.4%, 77.8%, 59.0%, 70.4%, 79.0%, 80.6%, 66.0%, 71.0%]",,,,
12,weights,1,56,0.04689473684210527,0.5629057295620441,0.7930464614182711,0.0001111111111111111,71.12307692307692,"[61.4%, 70.8%, 71.8%, 65.8%, 84.6%, 67.4%, 77.8%, 59.0%, 70.4%, 79.0%, 80.6%, 66.0%, 70.0%]",,,,
12,weights,2,57,0.04689473684210527,0.5806593552231789,0.705976927652955,0.0001111111111111111,71.39999999999999,"[61.4%, 70.8%, 71.8%, 65.8%, 84.6%, 67.4%, 77.8%, 59.0%, 70.4%, 79.0%, 80.6%, 66.0%, 73.6%]",,,,
12,weights,3,58,0.04689473684210527,0.5661881655454636,0.6697022933512926,0.0001111111111111111,71.5076923076923,"[61.4%, 70.8%, 71.8%, 65.8%, 84.6%, 67.4%, 77.8%, 59.0%, 70.4%, 79.0%, 80.6%, 66.0%, 75.0%]",,,,
12,weights,4,59,0.04689473684210527,0.5415152743458748,0.6416139286011457,0.0001111111111111111,71.55384615384615,"[61.4%, 70.8%, 71.8%, 65.8%, 84.6%, 67.4%, 77.8%, 59.0%, 70.4%, 79.0%, 80.6%, 66.0%, 75.6%]",,,,
12,weights,5,60,0.04689473684210527,0.5348105408251286,0.6731031984090805,0.0001111111111111111,71.55384615384615,"[61.4%, 70.8%, 71.8%, 65.8%, 84.6%, 67.4%, 77.8%, 59.0%, 70.4%, 79.0%, 80.6%, 66.0%, 75.6%]",,,,
12,weights,6,61,0.04689473684210527,0.5200822511687875,0.6842527780681849,0.0001111111111111111,71.38461538461537,"[61.4%, 70.8%, 71.8%, 65.8%, 84.6%, 67.4%, 77.8%, 59.0%, 70.4%, 79.0%, 80.6%, 66.0%, 73.4%]",,,,
12,weights,7,62,0.04689473684210527,0.5081599101424217,0.7473215889185667,0.0001111111111111111,71.38461538461537,"[61.4%, 70.8%, 71.8%, 65.8%, 84.6%, 67.4%, 77.8%, 59.0%, 70.4%, 79.0%, 80.6%, 66.0%, 73.4%]",,,,
12,weights,8,63,0.04689473684210527,0.5294804826378823,0.6611393243074417,0.0001111111111111111,71.39999999999999,"[61.4%, 70.8%, 71.8%, 65.8%, 84.6%, 67.4%, 77.8%, 59.0%, 70.4%, 79.0%, 80.6%, 66.0%, 73.6%]",,,,
12,weights,9,64,0.04689473684210527,0.49633814841508866,0.6811162270605564,0.0001111111111111111,71.44615384615385,"[61.4%, 70.8%, 71.8%, 65.8%, 84.6%, 67.4%, 77.8%, 59.0%, 70.4%, 79.0%, 80.6%, 66.0%, 74.2%]",,,,
12,weights,10,65,0.04689473684210527,0.47573143392801287,0.6423635501414537,0.0001111111111111111,71.55384615384615,"[61.4%, 70.8%, 71.8%, 65.8%, 84.6%, 67.4%, 77.8%, 59.0%, 70.4%, 79.0%, 80.6%, 66.0%, 75.6%]",,,,
12,weights,11,66,0.04689473684210527,0.5063398264348506,0.6284867059439421,0.0001111111111111111,71.56923076923076,"[61.4%, 70.8%, 71.8%, 65.8%, 84.6%, 67.4%, 77.8%, 59.0%, 70.4%, 79.0%, 80.6%, 66.0%, 75.8%]",,,,
12,weights,12,67,0.04689473684210527,0.5125374387949705,0.6753599531948566,0.0001111111111111111,71.49230769230768,"[61.4%, 70.8%, 71.8%, 65.8%, 84.6%, 67.4%, 77.8%, 59.0%, 70.4%, 79.0%, 80.6%, 66.0%, 74.8%]",,,,
12,weights,13,68,0.04689473684210527,0.5024957533925771,0.641288049519062,0.0001111111111111111,71.56923076923076,"[61.4%, 70.8%, 71.8%, 65.8%, 84.6%, 67.4%, 77.8%, 59.0%, 70.4%, 79.0%, 80.6%, 66.0%, 75.8%]",,,,
12,weights,14,69,0.04689473684210527,0.5053192257881165,0.662152074277401,0.0001111111111111111,71.43076923076923,"[61.4%, 70.8%, 71.8%, 65.8%, 84.6%, 67.4%, 77.8%, 59.0%, 70.4%, 79.0%, 80.6%, 66.0%, 74.0%]",,,,
12,weights,15,70,0.04689473684210527,0.49408138915896416,0.6358487587422132,0.0001111111111111111,71.39999999999999,"[61.4%, 70.8%, 71.8%, 65.8%, 84.6%, 67.4%, 77.8%, 59.0%, 70.4%, 79.0%, 80.6%, 66.0%, 73.6%]",,,,
12,weights,16,71,0.04689473684210527,0.4902265593409538,0.6848420919850469,0.0001111111111111111,71.46153846153845,"[61.4%, 70.8%, 71.8%, 65.8%, 84.6%, 67.4%, 77.8%, 59.0%, 70.4%, 79.0%, 80.6%, 66.0%, 74.4%]",,,,
12,weights,17,72,0.04689473684210527,0.5098242819309234,0.638365400955081,0.0001111111111111111,71.55384615384615,"[61.4%, 70.8%, 71.8%, 65.8%, 84.6%, 67.4%, 77.8%, 59.0%, 70.4%, 79.0%, 80.6%, 66.0%, 75.6%]",,,,
12,weights,18,73,0.04689473684210527,0.49368600025773046,0.5968319717794657,0.0001111111111111111,71.55384615384615,"[61.4%, 70.8%, 71.8%, 65.8%, 84.6%, 67.4%, 77.8%, 59.0%, 70.4%, 79.0%, 80.6%, 66.0%, 75.6%]",,,,
12,weights,19,74,0.04689473684210527,0.4792118974030018,0.6598512940108776,0.0001111111111111111,71.43076923076923,"[61.4%, 70.8%, 71.8%, 65.8%, 84.6%, 67.4%, 77.8%, 59.0%, 70.4%, 79.0%, 80.6%, 66.0%, 74.0%]",,,,
12,weights,20,75,0.04689473684210527,0.48413132056593894,0.612036244943738,0.0001111111111111111,71.58461538461538,"[61.4%, 70.8%, 71.8%, 65.8%, 84.6%, 67.4%, 77.8%, 59.0%, 70.4%, 79.0%, 80.6%, 66.0%, 76.0%]",,,,
12,weights,21,76,0.04689473684210527,0.46129745095968244,0.59425138682127,0.0001111111111111111,71.61538461538461,"[61.4%, 70.8%, 71.8%, 65.8%, 84.6%, 67.4%, 77.8%, 59.0%, 70.4%, 79.0%, 80.6%, 66.0%, 76.4%]",,,,
12,weights,22,77,0.04689473684210527,0.4440433502197266,0.6312063224613667,0.0001111111111111111,71.53846153846153,"[61.4%, 70.8%, 71.8%, 65.8%, 84.6%, 67.4%, 77.8%, 59.0%, 70.4%, 79.0%, 80.6%, 66.0%, 75.4%]",,,,
12,weights,23,78,0.04689473684210527,0.47107910364866257,0.6687377467751503,0.0001111111111111111,71.38461538461537,"[61.4%, 70.8%, 71.8%, 65.8%, 84.6%, 67.4%, 77.8%, 59.0%, 70.4%, 79.0%, 80.6%, 66.0%, 73.4%]",,,,
12,weights,24,79,0.04689473684210527,0.44662445560097697,0.5937148202210665,0.0001111111111111111,71.64615384615384,"[61.4%, 70.8%, 71.8%, 65.8%, 84.6%, 67.4%, 77.8%, 59.0%, 70.4%, 79.0%, 80.6%, 66.0%, 76.8%]",,,,
12,weights,25,80,0.04689473684210527,0.4534172184765339,0.5906579624861479,0.0001111111111111111,71.78461538461538,"[61.4%, 70.8%, 71.8%, 65.8%, 84.6%, 67.4%, 77.8%, 59.0%, 70.4%, 79.0%, 80.6%, 66.0%, 78.6%]",45.33846153846154,"[0.0%, 29.2%, 38.4%, 17.8%, 84.6%, 34.6%, 51.0%, 25.8%, 57.2%, 69.6%, 62.0%, 40.6%, 78.6%]",53.07692307692308,"[48.0%, 62.8%, 55.2%, 35.2%, 65.0%, 60.8%, 69.2%, 25.8%, 65.0%, 69.6%, 56.2%, 19.8%, 57.4%]"
13,parallel,1,1,0.35,17.054285597801208,10.204831719398499,0.0001111111111111111,66.58571428571429,"[60.6%, 70.6%, 72.0%, 65.4%, 84.6%, 67.4%, 77.6%, 59.0%, 70.4%, 78.8%, 80.6%, 66.2%, 79.0%, 0.0%]",,,,
13,parallel,2,2,0.35,7.9563617467880245,6.048824429512024,0.0001111111111111111,66.55714285714286,"[60.6%, 70.6%, 72.0%, 65.4%, 84.6%, 67.4%, 77.6%, 59.0%, 70.4%, 78.4%, 80.6%, 66.2%, 79.0%, 0.0%]",,,,
13,parallel,3,3,0.35,4.553152579069137,3.127211093902588,0.0001111111111111111,66.61428571428573,"[60.6%, 70.6%, 72.0%, 66.0%, 84.6%, 67.6%, 77.8%, 59.0%, 70.4%, 78.2%, 80.6%, 66.2%, 79.0%, 0.0%]",,,,
13,parallel,4,4,0.35,2.350756102800369,1.8869851976633072,0.0001111111111111111,68.02857142857144,"[61.0%, 70.6%, 72.0%, 66.0%, 84.6%, 67.6%, 77.4%, 59.0%, 70.4%, 78.0%, 80.6%, 66.2%, 79.0%, 20.0%]",,,,
13,parallel,5,5,0.34696613,1.8383509874343873,1.7467272728681564,0.0001111111111111111,68.04285714285716,"[61.0%, 70.6%, 72.0%, 66.0%, 84.6%, 67.6%, 77.4%, 59.0%, 70.4%, 78.2%, 80.6%, 66.2%, 79.0%, 20.0%]",,,,
13,parallel,6,6,0.3349827236842105,1.8850881338119507,1.7454414814710617,0.0001111111111111111,68.01428571428572,"[61.0%, 70.6%, 72.0%, 66.0%, 84.6%, 67.4%, 77.4%, 59.0%, 70.2%, 78.2%, 80.6%, 66.2%, 79.0%, 20.0%]",,,,
13,parallel,7,7,0.3232426352631579,1.8235073149204255,1.708726555109024,0.0001111111111111111,68.02857142857144,"[61.2%, 70.6%, 72.0%, 66.0%, 84.6%, 67.4%, 77.4%, 59.0%, 70.2%, 78.2%, 80.6%, 66.2%, 79.0%, 20.0%]",,,,
13,parallel,8,8,0.3117458647368421,1.6982348322868348,1.664233312010765,0.0001111111111111111,68.02857142857144,"[61.2%, 70.6%, 72.0%, 66.0%, 84.6%, 67.4%, 77.4%, 59.0%, 70.2%, 78.2%, 80.6%, 66.2%, 79.0%, 20.0%]",,,,
13,parallel,9,9,0.3004924121052632,1.6709463894367218,1.6531808525323868,0.0001111111111111111,68.05714285714286,"[61.2%, 70.6%, 72.0%, 66.0%, 84.6%, 67.4%, 77.4%, 59.0%, 70.2%, 78.2%, 80.6%, 66.2%, 79.0%, 20.4%]",,,,
13,parallel,10,10,0.289482277368421,1.7056073248386383,1.675573542714119,0.0001111111111111111,68.02857142857144,"[61.2%, 70.6%, 72.0%, 66.0%, 84.6%, 67.4%, 77.4%, 59.0%, 70.2%, 78.2%, 80.6%, 66.2%, 79.0%, 20.0%]",,,,
13,parallel,11,11,0.2787154605263158,1.6893447518348694,1.6655265092849731,0.0001111111111111111,68.02857142857144,"[61.2%, 70.6%, 72.0%, 66.0%, 84.6%, 67.4%, 77.4%, 59.0%, 70.2%, 78.2%, 80.6%, 66.2%, 79.0%, 20.0%]",,,,
13,parallel,12,12,0.2681919615789473,1.6582446187734603,1.6340500563383102,0.0001111111111111111,68.58571428571429,"[61.2%, 70.6%, 72.0%, 66.0%, 84.6%, 67.4%, 77.4%, 59.0%, 70.2%, 78.2%, 80.6%, 66.2%, 79.0%, 27.8%]",,,,
13,parallel,13,13,0.2579117805263158,1.6093706130981444,1.5151716321706772,0.0001111111111111111,69.02857142857144,"[61.2%, 70.6%, 72.0%, 66.0%, 84.6%, 67.4%, 77.4%, 59.0%, 70.2%, 78.2%, 80.6%, 66.2%, 79.0%, 34.0%]",,,,
13,parallel,14,14,0.24787491736842102,1.4484011083841324,1.3671517670154572,0.0001111111111111111,69.2,"[61.2%, 70.6%, 72.0%, 66.0%, 84.6%, 67.4%, 77.4%, 59.0%, 70.2%, 78.2%, 80.6%, 66.2%, 79.0%, 36.4%]",,,,
13,parallel,15,15,0.23808137210526317,1.3930548548698425,1.331496611237526,0.0001111111111111111,69.25714285714287,"[61.2%, 70.6%, 72.0%, 66.0%, 84.6%, 67.4%, 77.4%, 59.0%, 70.2%, 78.2%, 80.6%, 66.2%, 79.0%, 37.2%]",,,,
13,parallel,16,16,0.2285311447368421,1.360551318526268,1.3759311512112617,0.0001111111111111111,69.31428571428572,"[61.2%, 70.6%, 72.0%, 66.0%, 84.6%, 67.4%, 77.4%, 59.0%, 70.2%, 78.2%, 80.6%, 66.2%, 79.0%, 38.0%]",,,,
13,parallel,17,17,0.21922423526315787,1.3006950169801712,1.2964423149824142,0.0001111111111111111,69.57142857142858,"[61.2%, 70.6%, 72.0%, 66.0%, 84.6%, 67.4%, 77.4%, 59.0%, 70.2%, 78.2%, 80.6%, 66.2%, 79.0%, 41.6%]",,,,
13,parallel,18,18,0.2101606436842105,1.3422162860631943,1.2861723825335503,0.0001111111111111111,69.78571428571429,"[61.2%, 70.6%, 72.0%, 66.0%, 84.6%, 67.4%, 77.4%, 59.0%, 70.2%, 78.2%, 80.6%, 66.2%, 79.0%, 44.6%]",,,,
13,parallel,19,19,0.20134037000000005,1.2677206724882126,1.238110639154911,0.0001111111111111111,69.94285714285715,"[61.2%, 70.6%, 72.0%, 66.0%, 84.6%, 67.4%, 77.4%, 59.0%, 70.2%, 78.2%, 80.6%, 66.2%, 79.0%, 46.8%]",,,,
13,parallel,20,20,0.19276341421052634,1.1091474562883377,1.0126190036535263,0.0001111111111111111,70.67142857142858,"[61.2%, 70.6%, 72.0%, 66.0%, 84.6%, 67.4%, 77.4%, 59.0%, 70.2%, 78.2%, 80.6%, 66.2%, 79.0%, 57.0%]",,,,
13,parallel,21,21,0.18442977631578947,1.0451049283146858,1.0204429551959038,0.0001111111111111111,70.87142857142858,"[61.2%, 70.6%, 72.0%, 66.0%, 84.6%, 67.4%, 77.4%, 59.0%, 70.2%, 78.2%, 80.6%, 66.2%, 79.0%, 59.8%]",,,,
13,parallel,22,22,0.17633945631578948,0.9785162508487701,0.9464889541268349,0.0001111111111111111,70.9857142857143,"[61.2%, 70.6%, 72.0%, 66.0%, 84.6%, 67.4%, 77.4%, 59.0%, 70.2%, 78.2%, 80.6%, 66.2%, 79.0%, 61.4%]",,,,
13,parallel,23,23,0.1684924542105263,0.8853141024708748,0.9398851171135902,0.0001111111111111111,70.92857142857143,"[61.2%, 70.6%, 72.0%, 66.0%, 84.6%, 67.4%, 77.4%, 59.0%, 70.2%, 78.2%, 80.6%, 66.2%, 79.0%, 60.6%]",,,,
13,parallel,24,24,0.16088877,0.8707293562591076,0.865043930709362,0.0001111111111111111,71.15714285714286,"[61.2%, 70.6%, 72.0%, 66.0%, 84.6%, 67.4%, 77.4%, 59.0%, 70.2%, 78.2%, 80.6%, 66.2%, 79.0%, 63.8%]",,,,
13,parallel,25,25,0.1535284036842105,0.9581247709691525,0.871098704636097,0.0001111111111111111,71.37142857142858,"[61.2%, 70.6%, 72.0%, 66.0%, 84.6%, 67.4%, 77.4%, 59.0%, 70.2%, 78.2%, 80.6%, 66.2%, 79.0%, 66.8%]",,,,
13,parallel,26,26,0.14641135526315785,0.851358699798584,0.9399901926517487,0.0001111111111111111,70.85714285714286,"[61.2%, 70.6%, 72.0%, 66.0%, 84.6%, 67.4%, 77.4%, 59.0%, 70.2%, 78.2%, 80.6%, 66.2%, 79.0%, 59.6%]",,,,
13,parallel,27,27,0.13953762473684206,0.9589541241526603,0.8985420688986778,0.0001111111111111111,71.02857142857144,"[61.2%, 70.6%, 72.0%, 66.0%, 84.6%, 67.4%, 77.4%, 59.0%, 70.2%, 78.2%, 80.6%, 66.2%, 79.0%, 62.0%]",,,,
13,parallel,28,28,0.13290721210526313,0.8466181039810181,0.871862530708313,0.0001111111111111111,71.24285714285715,"[61.2%, 70.6%, 72.0%, 66.0%, 84.6%, 67.4%, 77.4%, 59.0%, 70.2%, 78.2%, 80.6%, 66.2%, 79.0%, 65.0%]",,,,
13,parallel,29,29,0.12652011736842106,0.8081105545163154,0.8134682849049568,0.0001111111111111111,71.45714285714287,"[61.2%, 70.6%, 72.0%, 66.0%, 84.6%, 67.4%, 77.4%, 59.0%, 70.2%, 78.2%, 80.6%, 66.2%, 79.0%, 68.0%]",,,,
13,parallel,30,30,0.12037634052631578,0.9581553652882576,0.882584735751152,0.0001111111111111111,71.17142857142858,"[61.2%, 70.6%, 72.0%, 66.0%, 84.6%, 67.4%, 77.4%, 59.0%, 70.2%, 78.2%, 80.6%, 66.2%, 79.0%, 64.0%]",,,,
13,parallel,31,31,0.11447588157894736,0.8198395758867264,0.781527578830719,0.0001111111111111111,71.57142857142858,"[61.2%, 70.6%, 72.0%, 66.0%, 84.6%, 67.4%, 77.4%, 59.0%, 70.2%, 78.2%, 80.6%, 66.2%, 79.0%, 69.6%]",,,,
13,parallel,32,32,0.10881874052631577,0.8655312791466713,0.8340751081705093,0.0001111111111111111,71.31428571428572,"[61.2%, 70.6%, 72.0%, 66.0%, 84.6%, 67.4%, 77.4%, 59.0%, 70.2%, 78.2%, 80.6%, 66.2%, 79.0%, 66.0%]",,,,
13,parallel,33,33,0.10340491736842106,0.8442307025194168,0.8256725445389748,0.0001111111111111111,71.37142857142858,"[61.2%, 70.6%, 72.0%, 66.0%, 84.6%, 67.4%, 77.4%, 59.0%, 70.2%, 78.2%, 80.6%, 66.2%, 79.0%, 66.8%]",,,,
13,parallel,34,34,0.09823441210526315,0.8074227407574653,0.7846428044140339,0.0001111111111111111,71.55714285714286,"[61.2%, 70.6%, 72.0%, 66.0%, 84.6%, 67.4%, 77.4%, 59.0%, 70.2%, 78.2%, 80.6%, 66.2%, 79.0%, 69.4%]",,,,
13,parallel,35,35,0.09330722473684211,1.1114095598459244,0.9521511904895306,0.0001111111111111111,71.22857142857143,"[61.2%, 70.6%, 72.0%, 66.0%, 84.6%, 67.4%, 77.4%, 59.0%, 70.2%, 78.2%, 80.6%, 66.2%, 79.0%, 64.8%]",,,,
13,parallel,36,36,0.0886233552631579,0.9486717581748962,0.8264769501984119,0.0001111111111111111,71.38571428571429,"[61.2%, 70.6%, 72.0%, 66.0%, 84.6%, 67.4%, 77.4%, 59.0%, 70.2%, 78.2%, 80.6%, 66.2%, 79.0%, 67.0%]",,,,
13,parallel,37,37,0.08418280368421052,0.8741950273513794,0.8275150023400784,0.0001111111111111111,71.42857142857143,"[61.2%, 70.6%, 72.0%, 66.0%, 84.6%, 67.4%, 77.4%, 59.0%, 70.2%, 78.2%, 80.6%, 66.2%, 79.0%, 67.6%]",,,,
13,parallel,38,38,0.07998556999999999,0.8516099259257317,0.83883460983634,0.0001111111111111111,71.42857142857143,"[61.2%, 70.6%, 72.0%, 66.0%, 84.6%, 67.4%, 77.4%, 59.0%, 70.2%, 78.2%, 80.6%, 66.2%, 79.0%, 67.6%]",,,,
13,parallel,39,39,0.0760316542105263,0.9397682622075081,0.8433049395680428,0.0001111111111111111,71.51428571428572,"[61.2%, 70.6%, 72.0%, 66.0%, 84.6%, 67.4%, 77.4%, 59.0%, 70.2%, 78.2%, 80.6%, 66.2%, 79.0%, 68.8%]",,,,
13,parallel,40,40,0.07232105631578947,0.8415617123246193,0.8976135849952698,0.0001111111111111111,71.34285714285714,"[61.2%, 70.6%, 72.0%, 66.0%, 84.6%, 67.4%, 77.4%, 59.0%, 70.2%, 78.2%, 80.6%, 66.2%, 79.0%, 66.4%]",,,,
13,parallel,41,41,0.06885377631578947,0.9960764318704605,0.9080516435205936,0.0001111111111111111,71.37142857142858,"[61.2%, 70.6%, 72.0%, 66.0%, 84.6%, 67.4%, 77.4%, 59.0%, 70.2%, 78.2%, 80.6%, 66.2%, 79.0%, 66.8%]",,,,
13,parallel,42,42,0.06562981421052631,0.8730701029300689,0.8612812086939812,0.0001111111111111111,71.4,"[61.2%, 70.6%, 72.0%, 66.0%, 84.6%, 67.4%, 77.4%, 59.0%, 70.2%, 78.2%, 80.6%, 66.2%, 79.0%, 67.2%]",,,,
13,parallel,43,43,0.06264917,0.8280027568340301,0.797758512198925,0.0001111111111111111,71.4857142857143,"[61.2%, 70.6%, 72.0%, 66.0%, 84.6%, 67.4%, 77.4%, 59.0%, 70.2%, 78.2%, 80.6%, 66.2%, 79.0%, 68.4%]",,,,
13,parallel,44,44,0.05991184368421052,1.1323620602488518,0.9519430249929428,0.0001111111111111111,71.27142857142857,"[61.2%, 70.6%, 72.0%, 66.0%, 84.6%, 67.4%, 77.4%, 59.0%, 70.2%, 78.2%, 80.6%, 66.2%, 79.0%, 65.4%]",,,,
13,parallel,45,45,0.057417835263157885,0.9794081628322602,0.9018862843513489,0.0001111111111111111,71.4,"[61.2%, 70.6%, 72.0%, 66.0%, 84.6%, 67.4%, 77.4%, 59.0%, 70.2%, 78.2%, 80.6%, 66.2%, 79.0%, 67.2%]",,,,
13,parallel,46,46,0.05516714473684211,0.9418060973286628,0.8735250607132912,0.0001111111111111111,71.4857142857143,"[61.2%, 70.6%, 72.0%, 66.0%, 84.6%, 67.4%, 77.4%, 59.0%, 70.2%, 78.2%, 80.6%, 66.2%, 79.0%, 68.4%]",,,,
13,parallel,47,47,0.05315977210526316,1.0470957666635514,0.910980299115181,0.0001111111111111111,71.21428571428572,"[61.2%, 70.6%, 72.0%, 66.0%, 84.6%, 67.4%, 77.4%, 59.0%, 70.2%, 78.2%, 80.6%, 66.2%, 79.0%, 64.6%]",,,,
13,parallel,48,48,0.05139571736842105,0.8933924794197082,0.8730110228061676,0.0001111111111111111,71.28571428571429,"[61.2%, 70.6%, 72.0%, 66.0%, 84.6%, 67.4%, 77.4%, 59.0%, 70.2%, 78.2%, 80.6%, 66.2%, 79.0%, 65.6%]",,,,
13,parallel,49,49,0.04987498052631579,0.940782904624939,0.9175423011183739,0.0001111111111111111,71.11428571428573,"[61.2%, 70.6%, 72.0%, 66.0%, 84.6%, 67.4%, 77.4%, 59.0%, 70.2%, 78.2%, 80.6%, 66.2%, 79.0%, 63.2%]",,,,
13,parallel,50,50,0.04859756157894737,0.9704145312309265,0.9387855976819992,0.0001111111111111111,71.28571428571429,"[61.2%, 70.6%, 72.0%, 66.0%, 84.6%, 67.4%, 77.4%, 59.0%, 70.2%, 78.2%, 80.6%, 66.2%, 79.0%, 65.6%]",,,,
13,parallel,51,51,0.047563460526315784,0.8861672028899192,0.8692436181008816,0.0001111111111111111,71.3,"[61.2%, 70.6%, 72.0%, 66.0%, 84.6%, 67.4%, 77.4%, 59.0%, 70.2%, 78.2%, 80.6%, 66.2%, 79.0%, 65.8%]",,,,
13,parallel,52,52,0.046772677368421056,1.3119445636868476,1.1896182522177696,0.0001111111111111111,70.6857142857143,"[61.2%, 70.6%, 72.0%, 66.0%, 84.6%, 67.4%, 77.4%, 59.0%, 70.2%, 78.2%, 80.6%, 66.2%, 79.0%, 57.2%]",,,,
13,parallel,53,53,0.046225212105263154,1.1525399297475816,1.0561759993433952,0.0001111111111111111,70.92857142857143,"[61.2%, 70.6%, 72.0%, 66.0%, 84.6%, 67.4%, 77.4%, 59.0%, 70.2%, 78.2%, 80.6%, 66.2%, 79.0%, 60.6%]",,,,
13,parallel,54,54,0.045921064736842106,1.0769345134496688,1.0026373863220215,0.0001111111111111111,71.3,"[61.2%, 70.6%, 72.0%, 66.0%, 84.6%, 67.4%, 77.4%, 59.0%, 70.2%, 78.2%, 80.6%, 66.2%, 79.0%, 65.8%]",,,,
13,parallel,55,55,0.04585263157894737,1.008498939871788,0.9512955918908119,0.0001111111111111111,71.24285714285715,"[61.2%, 70.6%, 72.0%, 66.0%, 84.6%, 67.4%, 77.4%, 59.0%, 70.2%, 78.2%, 80.6%, 66.2%, 79.0%, 65.0%]",,,,
13,weights,1,56,0.04585263157894737,0.9569134920835495,0.9397156089544296,0.0001111111111111111,71.34285714285714,"[61.2%, 70.6%, 72.0%, 66.0%, 84.6%, 67.4%, 77.4%, 59.0%, 70.2%, 78.2%, 80.6%, 66.2%, 79.0%, 66.4%]",,,,
13,weights,2,57,0.04585263157894737,0.9675696104764938,0.9243292212486267,0.0001111111111111111,71.27142857142857,"[61.2%, 70.6%, 72.0%, 66.0%, 84.6%, 67.4%, 77.4%, 59.0%, 70.2%, 78.2%, 80.6%, 66.2%, 79.0%, 65.4%]",,,,
13,weights,3,58,0.04585263157894737,0.9336113482713699,0.9242499768733978,0.0001111111111111111,71.17142857142858,"[61.2%, 70.6%, 72.0%, 66.0%, 84.6%, 67.4%, 77.4%, 59.0%, 70.2%, 78.2%, 80.6%, 66.2%, 79.0%, 64.0%]",,,,
13,weights,4,59,0.04585263157894737,0.9037296533584595,0.9354856610298157,0.0001111111111111111,71.15714285714286,"[61.2%, 70.6%, 72.0%, 66.0%, 84.6%, 67.4%, 77.4%, 59.0%, 70.2%, 78.2%, 80.6%, 66.2%, 79.0%, 63.8%]",,,,
13,weights,5,60,0.04585263157894737,0.9086721956729888,0.8856523856520653,0.0001111111111111111,71.38571428571429,"[61.2%, 70.6%, 72.0%, 66.0%, 84.6%, 67.4%, 77.4%, 59.0%, 70.2%, 78.2%, 80.6%, 66.2%, 79.0%, 67.0%]",,,,
13,weights,6,61,0.04585263157894737,0.9017785429954529,0.8703165352344513,0.0001111111111111111,71.42857142857143,"[61.2%, 70.6%, 72.0%, 66.0%, 84.6%, 67.4%, 77.4%, 59.0%, 70.2%, 78.2%, 80.6%, 66.2%, 79.0%, 67.6%]",,,,
13,weights,7,62,0.04585263157894737,0.8859955847263337,0.8640836589038372,0.0001111111111111111,71.44285714285715,"[61.2%, 70.6%, 72.0%, 66.0%, 84.6%, 67.4%, 77.4%, 59.0%, 70.2%, 78.2%, 80.6%, 66.2%, 79.0%, 67.8%]",,,,
13,weights,8,63,0.04585263157894737,0.8916319385170937,0.889335036277771,0.0001111111111111111,71.31428571428572,"[61.2%, 70.6%, 72.0%, 66.0%, 84.6%, 67.4%, 77.4%, 59.0%, 70.2%, 78.2%, 80.6%, 66.2%, 79.0%, 66.0%]",,,,
13,weights,9,64,0.04585263157894737,0.8514829099178314,0.8747438006103039,0.0001111111111111111,71.32857142857144,"[61.2%, 70.6%, 72.0%, 66.0%, 84.6%, 67.4%, 77.4%, 59.0%, 70.2%, 78.2%, 80.6%, 66.2%, 79.0%, 66.2%]",,,,
13,weights,10,65,0.04585263157894737,0.8169980749487877,0.8323979116976261,0.0001111111111111111,71.67142857142858,"[61.2%, 70.6%, 72.0%, 66.0%, 84.6%, 67.4%, 77.4%, 59.0%, 70.2%, 78.2%, 80.6%, 66.2%, 79.0%, 71.0%]",,,,
13,weights,11,66,0.04585263157894737,0.8059772685170173,0.8763798698782921,0.0001111111111111111,71.27142857142857,"[61.2%, 70.6%, 72.0%, 66.0%, 84.6%, 67.4%, 77.4%, 59.0%, 70.2%, 78.2%, 80.6%, 66.2%, 79.0%, 65.4%]",,,,
13,weights,12,67,0.04585263157894737,0.8339785918593406,0.8545081466436386,0.0001111111111111111,71.38571428571429,"[61.2%, 70.6%, 72.0%, 66.0%, 84.6%, 67.4%, 77.4%, 59.0%, 70.2%, 78.2%, 80.6%, 66.2%, 79.0%, 67.0%]",,,,
13,weights,13,68,0.04585263157894737,0.8114399552345276,0.8510543443262577,0.0001111111111111111,71.44285714285715,"[61.2%, 70.6%, 72.0%, 66.0%, 84.6%, 67.4%, 77.4%, 59.0%, 70.2%, 78.2%, 80.6%, 66.2%, 79.0%, 67.8%]",,,,
13,weights,14,69,0.04585263157894737,0.8297618597745895,0.8553943149745464,0.0001111111111111111,71.41428571428573,"[61.2%, 70.6%, 72.0%, 66.0%, 84.6%, 67.4%, 77.4%, 59.0%, 70.2%, 78.2%, 80.6%, 66.2%, 79.0%, 67.4%]",,,,
13,weights,15,70,0.04585263157894737,0.8025365624576807,0.8654983602464199,0.0001111111111111111,71.25714285714287,"[61.2%, 70.6%, 72.0%, 66.0%, 84.6%, 67.4%, 77.4%, 59.0%, 70.2%, 78.2%, 80.6%, 66.2%, 79.0%, 65.2%]",,,,
13,weights,16,71,0.04585263157894737,0.8223483815789223,0.8541130870580673,0.0001111111111111111,71.34285714285714,"[61.2%, 70.6%, 72.0%, 66.0%, 84.6%, 67.4%, 77.4%, 59.0%, 70.2%, 78.2%, 80.6%, 66.2%, 79.0%, 66.4%]",,,,
13,weights,17,72,0.04585263157894737,0.7882178172469139,0.8085950762033463,0.0001111111111111111,71.55714285714286,"[61.2%, 70.6%, 72.0%, 66.0%, 84.6%, 67.4%, 77.4%, 59.0%, 70.2%, 78.2%, 80.6%, 66.2%, 79.0%, 69.4%]",,,,
13,weights,18,73,0.04585263157894737,0.7763337016105651,0.837672334164381,0.0001111111111111111,71.47142857142858,"[61.2%, 70.6%, 72.0%, 66.0%, 84.6%, 67.4%, 77.4%, 59.0%, 70.2%, 78.2%, 80.6%, 66.2%, 79.0%, 68.2%]",,,,
13,weights,19,74,0.04585263157894737,0.7726739138364792,0.849028442054987,0.0001111111111111111,71.38571428571429,"[61.2%, 70.6%, 72.0%, 66.0%, 84.6%, 67.4%, 77.4%, 59.0%, 70.2%, 78.2%, 80.6%, 66.2%, 79.0%, 67.0%]",,,,
13,weights,20,75,0.04585263157894737,0.8325761005282402,0.8441747538745403,0.0001111111111111111,71.35714285714286,"[61.2%, 70.6%, 72.0%, 66.0%, 84.6%, 67.4%, 77.4%, 59.0%, 70.2%, 78.2%, 80.6%, 66.2%, 79.0%, 66.6%]",,,,
13,weights,21,76,0.04585263157894737,0.7886551663279533,0.8366128914058208,0.0001111111111111111,71.38571428571429,"[61.2%, 70.6%, 72.0%, 66.0%, 84.6%, 67.4%, 77.4%, 59.0%, 70.2%, 78.2%, 80.6%, 66.2%, 79.0%, 67.0%]",,,,
13,weights,22,77,0.04585263157894737,0.7661703579127789,0.8491020500659943,0.0001111111111111111,71.3,"[61.2%, 70.6%, 72.0%, 66.0%, 84.6%, 67.4%, 77.4%, 59.0%, 70.2%, 78.2%, 80.6%, 66.2%, 79.0%, 65.8%]",,,,
13,weights,23,78,0.04585263157894737,0.7503749191761017,0.8383882902562618,0.0001111111111111111,71.35714285714286,"[61.2%, 70.6%, 72.0%, 66.0%, 84.6%, 67.4%, 77.4%, 59.0%, 70.2%, 78.2%, 80.6%, 66.2%, 79.0%, 66.6%]",,,,
13,weights,24,79,0.04585263157894737,0.765300552546978,0.8184449896216393,0.0001111111111111111,71.44285714285715,"[61.2%, 70.6%, 72.0%, 66.0%, 84.6%, 67.4%, 77.4%, 59.0%, 70.2%, 78.2%, 80.6%, 66.2%, 79.0%, 67.8%]",,,,
13,weights,25,80,0.04585263157894737,0.7449068255722523,0.8242600634694099,0.0001111111111111111,71.4857142857143,"[61.2%, 70.6%, 72.0%, 66.0%, 84.6%, 67.4%, 77.4%, 59.0%, 70.2%, 78.2%, 80.6%, 66.2%, 79.0%, 68.4%]",43.24285714285714,"[0.0%, 29.4%, 38.6%, 17.6%, 84.6%, 34.8%, 50.8%, 26.0%, 57.0%, 68.6%, 62.0%, 40.6%, 73.6%, 21.8%]",51.75714285714286,"[47.6%, 62.8%, 38.2%, 35.6%, 75.6%, 60.8%, 69.0%, 23.0%, 64.8%, 68.6%, 56.2%, 19.8%, 57.6%, 45.0%]"
14,parallel,1,1,0.3,13.093156361579895,8.52967643737793,0.0001111111111111111,66.66666666666667,"[61.2%, 70.6%, 71.8%, 66.0%, 84.6%, 67.6%, 77.0%, 59.0%, 70.0%, 78.0%, 80.6%, 66.2%, 79.0%, 68.4%, 0.0%]",,,,
14,parallel,2,2,0.3,6.903051471710205,5.359159469604492,0.0001111111111111111,66.69333333333334,"[61.2%, 70.6%, 71.8%, 66.0%, 84.6%, 67.6%, 77.0%, 59.4%, 70.0%, 78.0%, 80.6%, 66.2%, 79.0%, 68.4%, 0.0%]",,,,
14,parallel,3,3,0.3,4.114173471927643,2.9787261486053467,0.0001111111111111111,66.75999999999999,"[61.2%, 70.6%, 72.0%, 66.2%, 84.8%, 67.6%, 77.0%, 59.8%, 69.8%, 78.0%, 80.6%, 66.4%, 79.0%, 68.4%, 0.0%]",,,,
14,parallel,4,4,0.3,2.3441888064146044,1.909944772720337,0.0001111111111111111,68.11999999999999,"[61.2%, 70.6%, 72.0%, 66.6%, 84.8%, 67.6%, 77.0%, 59.8%, 69.6%, 78.0%, 80.6%, 66.6%, 79.0%, 68.4%, 20.0%]",,,,
14,parallel,5,5,0.297454485,1.8272252470254897,1.7442363947629929,0.0001111111111111111,68.10666666666665,"[61.2%, 70.6%, 72.0%, 66.6%, 84.8%, 67.6%, 77.0%, 59.8%, 69.4%, 78.0%, 80.6%, 66.6%, 79.0%, 68.4%, 20.0%]",,,,
14,parallel,6,6,0.2874000197368421,1.8453715920448304,1.7484551817178726,0.0001111111111111111,68.10666666666665,"[61.2%, 70.6%, 72.0%, 66.6%, 84.8%, 67.6%, 77.0%, 59.8%, 69.4%, 78.0%, 80.6%, 66.6%, 79.0%, 68.4%, 20.0%]",,,,
14,parallel,7,7,0.2775497060526316,1.8327840387821197,1.733068272471428,0.0001111111111111111,68.11999999999999,"[61.2%, 70.6%, 72.0%, 66.6%, 84.8%, 67.6%, 77.0%, 60.0%, 69.4%, 78.0%, 80.6%, 66.6%, 79.0%, 68.4%, 20.0%]",,,,
14,parallel,8,8,0.2679035439473685,1.7808442085981369,1.7142776250839233,0.0001111111111111111,68.11999999999999,"[61.2%, 70.6%, 72.0%, 66.6%, 84.8%, 67.6%, 77.0%, 60.0%, 69.4%, 78.0%, 80.6%, 66.6%, 79.0%, 68.4%, 20.0%]",,,,
14,parallel,9,9,0.25846153342105266,1.6910140246152878,1.6622822135686874,0.0001111111111111111,68.11999999999999,"[61.2%, 70.6%, 72.0%, 66.6%, 84.8%, 67.6%, 77.0%, 60.0%, 69.4%, 78.0%, 80.6%, 66.6%, 79.0%, 68.4%, 20.0%]",,,,
14,parallel,10,10,0.2492236744736842,1.6960651934146882,1.6712734997272491,0.0001111111111111111,68.11999999999999,"[61.2%, 70.6%, 72.0%, 66.6%, 84.8%, 67.6%, 77.0%, 60.0%, 69.4%, 78.0%, 80.6%, 66.6%, 79.0%, 68.4%, 20.0%]",,,,
14,parallel,11,11,0.24018996710526314,1.6993408203125,1.6750522553920746,0.0001111111111111111,68.11999999999999,"[61.2%, 70.6%, 72.0%, 66.6%, 84.8%, 67.6%, 77.0%, 60.0%, 69.4%, 78.0%, 80.6%, 66.6%, 79.0%, 68.4%, 20.0%]",,,,
14,parallel,12,12,0.23136041131578944,1.6859172731637955,1.6611618995666504,0.0001111111111111111,68.11999999999999,"[61.2%, 70.6%, 72.0%, 66.6%, 84.8%, 67.6%, 77.0%, 60.0%, 69.4%, 78.0%, 80.6%, 66.6%, 79.0%, 68.4%, 20.0%]",,,,
14,parallel,13,13,0.22273500710526314,1.743663591146469,1.6850825101137161,0.0001111111111111111,68.11999999999999,"[61.2%, 70.6%, 72.0%, 66.6%, 84.8%, 67.6%, 77.0%, 60.0%, 69.4%, 78.0%, 80.6%, 66.6%, 79.0%, 68.4%, 20.0%]",,,,
14,parallel,14,14,0.2143137544736842,1.7627608984708787,1.6970258057117462,0.0001111111111111111,68.11999999999999,"[61.2%, 70.6%, 72.0%, 66.6%, 84.8%, 67.6%, 77.0%, 60.0%, 69.4%, 78.0%, 80.6%, 66.6%, 79.0%, 68.4%, 20.0%]",,,,
14,parallel,15,15,0.20609665342105263,1.7046818137168884,1.6702671200037003,0.0001111111111111111,68.11999999999999,"[61.2%, 70.6%, 72.0%, 66.6%, 84.8%, 67.6%, 77.0%, 60.0%, 69.4%, 78.0%, 80.6%, 66.6%, 79.0%, 68.4%, 20.0%]",,,,
14,parallel,16,16,0.19808370394736843,1.7060083895921707,1.664829969406128,0.0001111111111111111,68.11999999999999,"[61.2%, 70.6%, 72.0%, 66.6%, 84.8%, 67.6%, 77.0%, 60.0%, 69.4%, 78.0%, 80.6%, 66.6%, 79.0%, 68.4%, 20.0%]",,,,
14,parallel,17,17,0.19027490605263156,1.7126868128776551,1.6742983311414719,0.0001111111111111111,68.11999999999999,"[61.2%, 70.6%, 72.0%, 66.6%, 84.8%, 67.6%, 77.0%, 60.0%, 69.4%, 78.0%, 80.6%, 66.6%, 79.0%, 68.4%, 20.0%]",,,,
14,parallel,18,18,0.1826702597368421,1.617798036336899,1.421326756477356,0.0001111111111111111,69.26666666666667,"[61.2%, 70.6%, 72.0%, 66.6%, 84.8%, 67.6%, 77.0%, 60.0%, 69.4%, 78.0%, 80.6%, 66.6%, 79.0%, 68.4%, 37.2%]",,,,
14,parallel,19,19,0.17526976500000002,1.2529980957508087,1.1072794124484062,0.0001111111111111111,70.14666666666668,"[61.2%, 70.6%, 72.0%, 66.6%, 84.8%, 67.6%, 77.0%, 60.0%, 69.4%, 78.0%, 80.6%, 66.6%, 79.0%, 68.4%, 50.4%]",,,,
14,parallel,20,20,0.16807342184210528,1.113242344558239,1.0167579092085361,0.0001111111111111111,70.77333333333333,"[61.2%, 70.6%, 72.0%, 66.6%, 84.8%, 67.6%, 77.0%, 60.0%, 69.4%, 78.0%, 80.6%, 66.6%, 79.0%, 68.4%, 59.8%]",,,,
14,parallel,21,21,0.1610812302631579,0.9540299043059349,0.9270990490913391,0.0001111111111111111,71.03999999999999,"[61.2%, 70.6%, 72.0%, 66.6%, 84.8%, 67.6%, 77.0%, 60.0%, 69.4%, 78.0%, 80.6%, 66.6%, 79.0%, 68.4%, 63.8%]",,,,
14,parallel,22,22,0.1542931902631579,0.8844191059470177,0.8460678383708,0.0001111111111111111,71.24,"[61.2%, 70.6%, 72.0%, 66.6%, 84.8%, 67.6%, 77.0%, 60.0%, 69.4%, 78.0%, 80.6%, 66.6%, 79.0%, 68.4%, 66.8%]",,,,
14,parallel,23,23,0.14770930184210526,0.8227249056100845,0.7899156957864761,0.0001111111111111111,71.46666666666667,"[61.2%, 70.6%, 72.0%, 66.6%, 84.8%, 67.6%, 77.0%, 60.0%, 69.4%, 78.0%, 80.6%, 66.6%, 79.0%, 68.4%, 70.2%]",,,,
14,parallel,24,24,0.141329565,0.815043768286705,0.7871498540043831,0.0001111111111111111,71.52,"[61.2%, 70.6%, 72.0%, 66.6%, 84.8%, 67.6%, 77.0%, 60.0%, 69.4%, 78.0%, 80.6%, 66.6%, 79.0%, 68.4%, 71.0%]",,,,
14,parallel,25,25,0.1351539797368421,0.9401468992233276,1.1435441449284554,0.0001111111111111111,70.54666666666667,"[61.2%, 70.6%, 72.0%, 66.6%, 84.8%, 67.6%, 77.0%, 60.0%, 69.4%, 78.0%, 80.6%, 66.6%, 79.0%, 68.4%, 56.4%]",,,,
14,parallel,26,26,0.12918254605263157,0.8769811481237412,0.8364114016294479,0.0001111111111111111,71.35999999999999,"[61.2%, 70.6%, 72.0%, 66.6%, 84.8%, 67.6%, 77.0%, 60.0%, 69.4%, 78.0%, 80.6%, 66.6%, 79.0%, 68.4%, 68.6%]",,,,
14,parallel,27,27,0.1234152639473684,0.8798037260770798,0.7873888239264488,0.0001111111111111111,71.52,"[61.2%, 70.6%, 72.0%, 66.6%, 84.8%, 67.6%, 77.0%, 60.0%, 69.4%, 78.0%, 80.6%, 66.6%, 79.0%, 68.4%, 71.0%]",,,,
14,parallel,28,28,0.11785213342105261,0.7233612328767777,0.7838522717356682,0.0001111111111111111,71.45333333333333,"[61.2%, 70.6%, 72.0%, 66.6%, 84.8%, 67.6%, 77.0%, 60.0%, 69.4%, 78.0%, 80.6%, 66.6%, 79.0%, 68.4%, 70.0%]",,,,
14,parallel,29,29,0.11249315447368421,0.6831020191311836,0.7951532304286957,0.0001111111111111111,71.49333333333333,"[61.2%, 70.6%, 72.0%, 66.6%, 84.8%, 67.6%, 77.0%, 60.0%, 69.4%, 78.0%, 80.6%, 66.6%, 79.0%, 68.4%, 70.6%]",,,,
14,parallel,30,30,0.10733832710526314,1.0282785177230835,0.8342918828129768,0.0001111111111111111,71.24,"[61.2%, 70.6%, 72.0%, 66.6%, 84.8%, 67.6%, 77.0%, 60.0%, 69.4%, 78.0%, 80.6%, 66.6%, 79.0%, 68.4%, 66.8%]",,,,
14,parallel,31,31,0.10238765131578947,0.7839194267988205,0.8237172514200211,0.0001111111111111111,71.45333333333333,"[61.2%, 70.6%, 72.0%, 66.6%, 84.8%, 67.6%, 77.0%, 60.0%, 69.4%, 78.0%, 80.6%, 66.6%, 79.0%, 68.4%, 70.0%]",,,,
14,parallel,32,32,0.09764112710526315,0.7407176107168197,0.8441974073648453,0.0001111111111111111,71.37333333333332,"[61.2%, 70.6%, 72.0%, 66.6%, 84.8%, 67.6%, 77.0%, 60.0%, 69.4%, 78.0%, 80.6%, 66.6%, 79.0%, 68.4%, 68.8%]",,,,
14,parallel,33,33,0.09309875447368422,0.8619581967592239,0.8834324143826962,0.0001111111111111111,71.38666666666667,"[61.2%, 70.6%, 72.0%, 66.6%, 84.8%, 67.6%, 77.0%, 60.0%, 69.4%, 78.0%, 80.6%, 66.6%, 79.0%, 68.4%, 69.0%]",,,,
14,parallel,34,34,0.08876053342105264,0.7725554376840591,0.8220504559576511,0.0001111111111111111,71.52,"[61.2%, 70.6%, 72.0%, 66.6%, 84.8%, 67.6%, 77.0%, 60.0%, 69.4%, 78.0%, 80.6%, 66.6%, 79.0%, 68.4%, 71.0%]",,,,
14,parallel,35,35,0.08462646394736842,0.7684798076748848,0.7988173775374889,0.0001111111111111111,71.53333333333333,"[61.2%, 70.6%, 72.0%, 66.6%, 84.8%, 67.6%, 77.0%, 60.0%, 69.4%, 78.0%, 80.6%, 66.6%, 79.0%, 68.4%, 71.2%]",,,,
14,parallel,36,36,0.08069654605263157,0.7665131688117981,0.8160325363278389,0.0001111111111111111,71.6,"[61.2%, 70.6%, 72.0%, 66.6%, 84.8%, 67.6%, 77.0%, 60.0%, 69.4%, 78.0%, 80.6%, 66.6%, 79.0%, 68.4%, 72.2%]",,,,
14,parallel,37,37,0.0769707797368421,0.9857462733983994,0.9530639052391052,0.0001111111111111111,71.08,"[61.2%, 70.6%, 72.0%, 66.6%, 84.8%, 67.6%, 77.0%, 60.0%, 69.4%, 78.0%, 80.6%, 66.6%, 79.0%, 68.4%, 64.4%]",,,,
14,parallel,38,38,0.073449165,0.8759866788983345,0.9590965174138546,0.0001111111111111111,71.13333333333334,"[61.2%, 70.6%, 72.0%, 66.6%, 84.8%, 67.6%, 77.0%, 60.0%, 69.4%, 78.0%, 80.6%, 66.6%, 79.0%, 68.4%, 65.2%]",,,,
14,parallel,39,39,0.07013170184210525,0.8611995585262775,0.8334472253918648,0.0001111111111111111,71.44,"[61.2%, 70.6%, 72.0%, 66.6%, 84.8%, 67.6%, 77.0%, 60.0%, 69.4%, 78.0%, 80.6%, 66.6%, 79.0%, 68.4%, 69.8%]",,,,
14,parallel,40,40,0.0670183902631579,0.8293240904808045,0.8212604112923145,0.0001111111111111111,71.58666666666666,"[61.2%, 70.6%, 72.0%, 66.6%, 84.8%, 67.6%, 77.0%, 60.0%, 69.4%, 78.0%, 80.6%, 66.6%, 79.0%, 68.4%, 72.0%]",,,,
14,parallel,41,41,0.0641092302631579,0.789190199971199,0.8176234215497971,0.0001111111111111111,71.55999999999999,"[61.2%, 70.6%, 72.0%, 66.6%, 84.8%, 67.6%, 77.0%, 60.0%, 69.4%, 78.0%, 80.6%, 66.6%, 79.0%, 68.4%, 71.6%]",,,,
14,parallel,42,42,0.06140422184210526,1.2187109470367432,1.0248773694038391,0.0001111111111111111,70.86666666666666,"[61.2%, 70.6%, 72.0%, 66.6%, 84.8%, 67.6%, 77.0%, 60.0%, 69.4%, 78.0%, 80.6%, 66.6%, 79.0%, 68.4%, 61.2%]",,,,
14,parallel,43,43,0.058903365,0.9976302951574325,1.0116739347577095,0.0001111111111111111,71.06666666666666,"[61.2%, 70.6%, 72.0%, 66.6%, 84.8%, 67.6%, 77.0%, 60.0%, 69.4%, 78.0%, 80.6%, 66.6%, 79.0%, 68.4%, 64.2%]",,,,
14,parallel,44,44,0.056606659736842105,0.9358327046036721,0.8943943977355957,0.0001111111111111111,71.28,"[61.2%, 70.6%, 72.0%, 66.6%, 84.8%, 67.6%, 77.0%, 60.0%, 69.4%, 78.0%, 80.6%, 66.6%, 79.0%, 68.4%, 67.4%]",,,,
14,parallel,45,45,0.05451410605263157,0.965474733710289,0.9215969517827034,0.0001111111111111111,71.08,"[61.2%, 70.6%, 72.0%, 66.6%, 84.8%, 67.6%, 77.0%, 60.0%, 69.4%, 78.0%, 80.6%, 66.6%, 79.0%, 68.4%, 64.4%]",,,,
14,parallel,46,46,0.05262570394736843,0.8959597200155258,0.9123336933553219,0.0001111111111111111,71.21333333333334,"[61.2%, 70.6%, 72.0%, 66.6%, 84.8%, 67.6%, 77.0%, 60.0%, 69.4%, 78.0%, 80.6%, 66.6%, 79.0%, 68.4%, 66.4%]",,,,
14,parallel,47,47,0.050941453421052635,0.8635486990213395,0.8599814139306545,0.0001111111111111111,71.38666666666667,"[61.2%, 70.6%, 72.0%, 66.6%, 84.8%, 67.6%, 77.0%, 60.0%, 69.4%, 78.0%, 80.6%, 66.6%, 79.0%, 68.4%, 69.0%]",,,,
14,parallel,48,48,0.04946135447368421,0.8996828705072403,0.8371868953108788,0.0001111111111111111,71.37333333333332,"[61.2%, 70.6%, 72.0%, 66.6%, 84.8%, 67.6%, 77.0%, 60.0%, 69.4%, 78.0%, 80.6%, 66.6%, 79.0%, 68.4%, 68.8%]",,,,
14,parallel,49,49,0.04818540710526316,0.8633259564638138,0.8132764175534248,0.0001111111111111111,71.57333333333332,"[61.2%, 70.6%, 72.0%, 66.6%, 84.8%, 67.6%, 77.0%, 60.0%, 69.4%, 78.0%, 80.6%, 66.6%, 79.0%, 68.4%, 71.8%]",,,,
14,parallel,50,50,0.04711361131578947,0.7908335134387017,0.7947743833065033,0.0001111111111111111,71.55999999999999,"[61.2%, 70.6%, 72.0%, 66.6%, 84.8%, 67.6%, 77.0%, 60.0%, 69.4%, 78.0%, 80.6%, 66.6%, 79.0%, 68.4%, 71.6%]",,,,
14,parallel,51,51,0.04624596710526316,1.0994505509734154,1.0600441321730614,0.0001111111111111111,70.68,"[61.2%, 70.6%, 72.0%, 66.6%, 84.8%, 67.6%, 77.0%, 60.0%, 69.4%, 78.0%, 80.6%, 66.6%, 79.0%, 68.4%, 58.4%]",,,,
14,parallel,52,52,0.045582474473684215,0.9743859946727753,0.9445548877120018,0.0001111111111111111,70.98666666666666,"[61.2%, 70.6%, 72.0%, 66.6%, 84.8%, 67.6%, 77.0%, 60.0%, 69.4%, 78.0%, 80.6%, 66.6%, 79.0%, 68.4%, 63.0%]",,,,
14,parallel,53,53,0.04512313342105263,0.9332612574100494,0.9430530518293381,0.0001111111111111111,70.97333333333333,"[61.2%, 70.6%, 72.0%, 66.6%, 84.8%, 67.6%, 77.0%, 60.0%, 69.4%, 78.0%, 80.6%, 66.6%, 79.0%, 68.4%, 62.8%]",,,,
14,parallel,54,54,0.04486794394736842,0.9322488665580749,0.932587668299675,0.0001111111111111111,71.09333333333332,"[61.2%, 70.6%, 72.0%, 66.6%, 84.8%, 67.6%, 77.0%, 60.0%, 69.4%, 78.0%, 80.6%, 66.6%, 79.0%, 68.4%, 64.6%]",,,,
14,parallel,55,55,0.044810526315789474,0.8608448088169098,0.8999866843223572,0.0001111111111111111,71.16,"[61.2%, 70.6%, 72.0%, 66.6%, 84.8%, 67.6%, 77.0%, 60.0%, 69.4%, 78.0%, 80.6%, 66.6%, 79.0%, 68.4%, 65.6%]",,,,
14,weights,1,56,0.044810526315789474,0.8842135012149811,0.9323498383164406,0.0001111111111111111,71.16,"[61.2%, 70.6%, 72.0%, 66.6%, 84.8%, 67.6%, 77.0%, 60.0%, 69.4%, 78.0%, 80.6%, 66.6%, 79.0%, 68.4%, 65.6%]",,,,
14,weights,2,57,0.044810526315789474,0.8876540511846542,0.8598116040229797,0.0001111111111111111,71.29333333333332,"[61.2%, 70.6%, 72.0%, 66.6%, 84.8%, 67.6%, 77.0%, 60.0%, 69.4%, 78.0%, 80.6%, 66.6%, 79.0%, 68.4%, 67.6%]",,,,
14,weights,3,58,0.044810526315789474,0.8485851481556892,0.8417525328695774,0.0001111111111111111,71.38666666666667,"[61.2%, 70.6%, 72.0%, 66.6%, 84.8%, 67.6%, 77.0%, 60.0%, 69.4%, 78.0%, 80.6%, 66.6%, 79.0%, 68.4%, 69.0%]",,,,
14,weights,4,59,0.044810526315789474,0.8229433164000511,0.8421308472752571,0.0001111111111111111,71.30666666666666,"[61.2%, 70.6%, 72.0%, 66.6%, 84.8%, 67.6%, 77.0%, 60.0%, 69.4%, 78.0%, 80.6%, 66.6%, 79.0%, 68.4%, 67.8%]",,,,
14,weights,5,60,0.044810526315789474,0.8110687837004662,0.8501921817660332,0.0001111111111111111,71.30666666666666,"[61.2%, 70.6%, 72.0%, 66.6%, 84.8%, 67.6%, 77.0%, 60.0%, 69.4%, 78.0%, 80.6%, 66.6%, 79.0%, 68.4%, 67.8%]",,,,
14,weights,6,61,0.044810526315789474,0.8070438578724861,0.8375854603946209,0.0001111111111111111,71.4,"[61.2%, 70.6%, 72.0%, 66.6%, 84.8%, 67.6%, 77.0%, 60.0%, 69.4%, 78.0%, 80.6%, 66.6%, 79.0%, 68.4%, 69.2%]",,,,
14,weights,7,62,0.044810526315789474,0.8148507669568061,0.8247826993465424,0.0001111111111111111,71.45333333333333,"[61.2%, 70.6%, 72.0%, 66.6%, 84.8%, 67.6%, 77.0%, 60.0%, 69.4%, 78.0%, 80.6%, 66.6%, 79.0%, 68.4%, 70.0%]",,,,
14,weights,8,63,0.044810526315789474,0.7934936359524727,0.8153342679142952,0.0001111111111111111,71.52,"[61.2%, 70.6%, 72.0%, 66.6%, 84.8%, 67.6%, 77.0%, 60.0%, 69.4%, 78.0%, 80.6%, 66.6%, 79.0%, 68.4%, 71.0%]",,,,
14,weights,9,64,0.044810526315789474,0.7976198017597198,0.816358495503664,0.0001111111111111111,71.37333333333332,"[61.2%, 70.6%, 72.0%, 66.6%, 84.8%, 67.6%, 77.0%, 60.0%, 69.4%, 78.0%, 80.6%, 66.6%, 79.0%, 68.4%, 68.8%]",,,,
14,weights,10,65,0.044810526315789474,0.7956907853484154,0.8086382113397121,0.0001111111111111111,71.38666666666667,"[61.2%, 70.6%, 72.0%, 66.6%, 84.8%, 67.6%, 77.0%, 60.0%, 69.4%, 78.0%, 80.6%, 66.6%, 79.0%, 68.4%, 69.0%]",,,,
14,weights,11,66,0.044810526315789474,0.7651542857289314,0.8423991501331329,0.0001111111111111111,71.37333333333332,"[61.2%, 70.6%, 72.0%, 66.6%, 84.8%, 67.6%, 77.0%, 60.0%, 69.4%, 78.0%, 80.6%, 66.6%, 79.0%, 68.4%, 68.8%]",,,,
14,weights,12,67,0.044810526315789474,0.784061273932457,0.8378208316862583,0.0001111111111111111,71.33333333333333,"[61.2%, 70.6%, 72.0%, 66.6%, 84.8%, 67.6%, 77.0%, 60.0%, 69.4%, 78.0%, 80.6%, 66.6%, 79.0%, 68.4%, 68.2%]",,,,
14,weights,13,68,0.044810526315789474,0.7574191287159919,0.8077889792621136,0.0001111111111111111,71.42666666666666,"[61.2%, 70.6%, 72.0%, 66.6%, 84.8%, 67.6%, 77.0%, 60.0%, 69.4%, 78.0%, 80.6%, 66.6%, 79.0%, 68.4%, 69.6%]",,,,
14,weights,14,69,0.044810526315789474,0.7587230399250984,0.78007597848773,0.0001111111111111111,71.49333333333333,"[61.2%, 70.6%, 72.0%, 66.6%, 84.8%, 67.6%, 77.0%, 60.0%, 69.4%, 78.0%, 80.6%, 66.6%, 79.0%, 68.4%, 70.6%]",,,,
14,weights,15,70,0.044810526315789474,0.748850216716528,0.7772067710757256,0.0001111111111111111,71.49333333333333,"[61.2%, 70.6%, 72.0%, 66.6%, 84.8%, 67.6%, 77.0%, 60.0%, 69.4%, 78.0%, 80.6%, 66.6%, 79.0%, 68.4%, 70.6%]",,,,
14,weights,16,71,0.044810526315789474,0.7341641440987587,0.7803930826485157,0.0001111111111111111,71.57333333333332,"[61.2%, 70.6%, 72.0%, 66.6%, 84.8%, 67.6%, 77.0%, 60.0%, 69.4%, 78.0%, 80.6%, 66.6%, 79.0%, 68.4%, 71.8%]",,,,
14,weights,17,72,0.044810526315789474,0.7456658892333508,0.8138746321201324,0.0001111111111111111,71.46666666666667,"[61.2%, 70.6%, 72.0%, 66.6%, 84.8%, 67.6%, 77.0%, 60.0%, 69.4%, 78.0%, 80.6%, 66.6%, 79.0%, 68.4%, 70.2%]",,,,
14,weights,18,73,0.044810526315789474,0.7627853617072106,0.8509547151625156,0.0001111111111111111,71.38666666666667,"[61.2%, 70.6%, 72.0%, 66.6%, 84.8%, 67.6%, 77.0%, 60.0%, 69.4%, 78.0%, 80.6%, 66.6%, 79.0%, 68.4%, 69.0%]",,,,
14,weights,19,74,0.044810526315789474,0.7260208919644355,0.7959158197045326,0.0001111111111111111,71.52,"[61.2%, 70.6%, 72.0%, 66.6%, 84.8%, 67.6%, 77.0%, 60.0%, 69.4%, 78.0%, 80.6%, 66.6%, 79.0%, 68.4%, 71.0%]",,,,
14,weights,20,75,0.044810526315789474,0.7663048565387726,0.8218656852841377,0.0001111111111111111,71.37333333333332,"[61.2%, 70.6%, 72.0%, 66.6%, 84.8%, 67.6%, 77.0%, 60.0%, 69.4%, 78.0%, 80.6%, 66.6%, 79.0%, 68.4%, 68.8%]",,,,
14,weights,21,76,0.044810526315789474,0.7432712435722351,0.8406073302030563,0.0001111111111111111,71.44,"[61.2%, 70.6%, 72.0%, 66.6%, 84.8%, 67.6%, 77.0%, 60.0%, 69.4%, 78.0%, 80.6%, 66.6%, 79.0%, 68.4%, 69.8%]",,,,
14,weights,22,77,0.044810526315789474,0.7369147188961506,0.7804057076573372,0.0001111111111111111,71.58666666666666,"[61.2%, 70.6%, 72.0%, 66.6%, 84.8%, 67.6%, 77.0%, 60.0%, 69.4%, 78.0%, 80.6%, 66.6%, 79.0%, 68.4%, 72.0%]",,,,
14,weights,23,78,0.044810526315789474,0.698344013094902,0.7781945317983627,0.0001111111111111111,71.48,"[61.2%, 70.6%, 72.0%, 66.6%, 84.8%, 67.6%, 77.0%, 60.0%, 69.4%, 78.0%, 80.6%, 66.6%, 79.0%, 68.4%, 70.4%]",,,,
14,weights,24,79,0.044810526315789474,0.7132965229451657,0.7670363113284111,0.0001111111111111111,71.49333333333333,"[61.2%, 70.6%, 72.0%, 66.6%, 84.8%, 67.6%, 77.0%, 60.0%, 69.4%, 78.0%, 80.6%, 66.6%, 79.0%, 68.4%, 70.6%]",,,,
14,weights,25,80,0.044810526315789474,0.6977947413921356,0.8272255249321461,0.0001111111111111111,71.46666666666667,"[61.2%, 70.6%, 72.0%, 66.6%, 84.8%, 67.6%, 77.0%, 60.0%, 69.4%, 78.0%, 80.6%, 66.6%, 79.0%, 68.4%, 70.2%]",41.78666666666666,"[0.0%, 29.4%, 38.6%, 17.6%, 84.8%, 34.8%, 50.8%, 26.6%, 56.2%, 68.6%, 62.0%, 41.0%, 73.6%, 21.8%, 21.0%]",47.38666666666668,"[47.6%, 62.8%, 29.0%, 36.0%, 65.4%, 52.8%, 68.6%, 31.6%, 64.0%, 60.2%, 56.2%, 25.2%, 57.6%, 45.0%, 8.8%]"
15,parallel,1,1,0.25,14.645652294158936,9.602297902107239,0.0001111111111111111,67.0,"[61.0%, 70.6%, 72.0%, 66.6%, 84.8%, 67.6%, 77.0%, 60.0%, 69.4%, 78.4%, 80.4%, 66.6%, 79.0%, 68.4%, 70.2%, 0.0%]",,,,
15,parallel,2,2,0.25,7.892244064807892,6.289207935333252,0.0001111111111111111,66.975,"[61.0%, 70.4%, 72.0%, 66.6%, 84.8%, 67.6%, 77.0%, 60.0%, 69.4%, 78.4%, 80.2%, 66.6%, 79.0%, 68.4%, 70.2%, 0.0%]",,,,
15,parallel,3,3,0.25,4.975445240736008,3.712272524833679,0.0001111111111111111,66.9875,"[61.0%, 70.2%, 72.0%, 66.6%, 84.8%, 67.6%, 77.2%, 60.0%, 69.4%, 78.4%, 80.2%, 66.6%, 79.0%, 68.6%, 70.2%, 0.0%]",,,,
15,parallel,4,4,0.25,2.834591418504715,2.1932538747787476,0.0001111111111111111,68.225,"[61.0%, 70.2%, 72.0%, 66.6%, 84.8%, 67.6%, 77.2%, 60.0%, 69.4%, 78.4%, 80.2%, 66.6%, 78.8%, 68.6%, 70.2%, 20.0%]",,,,
15,parallel,5,5,0.24794284,2.056499534845352,1.8782195746898651,0.0001111111111111111,68.26249999999999,"[61.0%, 70.2%, 72.0%, 66.6%, 84.8%, 67.8%, 77.2%, 60.0%, 69.4%, 78.4%, 80.2%, 67.0%, 78.8%, 68.6%, 70.2%, 20.0%]",,,,
15,parallel,6,6,0.23981731578947368,1.976529285311699,1.8158642649650574,0.0001111111111111111,68.27499999999999,"[61.0%, 70.4%, 72.0%, 66.6%, 84.8%, 67.8%, 77.2%, 60.0%, 69.4%, 78.4%, 80.2%, 67.0%, 78.8%, 68.6%, 70.2%, 20.0%]",,,,
15,parallel,7,7,0.23185677684210526,1.8887747436761857,1.7646923065185547,0.0001111111111111111,68.27499999999999,"[61.0%, 70.4%, 72.0%, 66.6%, 84.8%, 67.8%, 77.2%, 60.0%, 69.4%, 78.4%, 80.2%, 67.0%, 78.8%, 68.6%, 70.2%, 20.0%]",,,,
15,parallel,8,8,0.22406122315789478,1.7269959926605225,1.6894693672657013,0.0001111111111111111,68.27499999999999,"[61.0%, 70.4%, 72.0%, 66.6%, 84.8%, 67.8%, 77.2%, 60.0%, 69.4%, 78.4%, 80.2%, 67.0%, 78.8%, 68.6%, 70.2%, 20.0%]",,,,
15,parallel,9,9,0.21643065473684214,1.7155678749084473,1.682676300406456,0.0001111111111111111,68.27499999999999,"[61.0%, 70.4%, 72.0%, 66.6%, 84.8%, 67.8%, 77.2%, 60.0%, 69.4%, 78.4%, 80.2%, 67.0%, 78.8%, 68.6%, 70.2%, 20.0%]",,,,
15,parallel,10,10,0.2089650715789474,1.6791583716869354,1.661625161767006,0.0001111111111111111,68.27499999999999,"[61.0%, 70.4%, 72.0%, 66.6%, 84.8%, 67.8%, 77.2%, 60.0%, 69.4%, 78.4%, 80.2%, 67.0%, 78.8%, 68.6%, 70.2%, 20.0%]",,,,
15,parallel,11,11,0.20166447368421053,1.665680319070816,1.6545937955379486,0.0001111111111111111,68.27499999999999,"[61.0%, 70.4%, 72.0%, 66.6%, 84.8%, 67.8%, 77.2%, 60.0%, 69.4%, 78.4%, 80.2%, 67.0%, 78.8%, 68.6%, 70.2%, 20.0%]",,,,
15,parallel,12,12,0.19452886105263156,1.678562805056572,1.6632727086544037,0.0001111111111111111,68.27499999999999,"[61.0%, 70.4%, 72.0%, 66.6%, 84.8%, 67.8%, 77.2%, 60.0%, 69.4%, 78.4%, 80.2%, 67.0%, 78.8%, 68.6%, 70.2%, 20.0%]",,,,
15,parallel,13,13,0.18755823368421054,1.6948253631591796,1.6724953800439835,0.0001111111111111111,68.27499999999999,"[61.0%, 70.4%, 72.0%, 66.6%, 84.8%, 67.8%, 77.2%, 60.0%, 69.4%, 78.4%, 80.2%, 67.0%, 78.8%, 68.6%, 70.2%, 20.0%]",,,,
15,parallel,14,14,0.18075259157894735,1.6753356993198394,1.664207100868225,0.0001111111111111111,68.27499999999999,"[61.0%, 70.4%, 72.0%, 66.6%, 84.8%, 67.8%, 77.2%, 60.0%, 69.4%, 78.4%, 80.2%, 67.0%, 78.8%, 68.6%, 70.2%, 20.0%]",,,,
15,parallel,15,15,0.1741119347368421,1.660294172167778,1.6502967178821564,0.0001111111111111111,68.49999999999999,"[61.0%, 70.4%, 72.0%, 66.6%, 84.8%, 67.8%, 77.2%, 60.0%, 69.4%, 78.4%, 80.2%, 67.0%, 78.8%, 68.6%, 70.2%, 23.6%]",,,,
15,parallel,16,16,0.16763626315789476,1.7378458976745605,1.7047918438911438,0.0001111111111111111,68.27499999999999,"[61.0%, 70.4%, 72.0%, 66.6%, 84.8%, 67.8%, 77.2%, 60.0%, 69.4%, 78.4%, 80.2%, 67.0%, 78.8%, 68.6%, 70.2%, 20.0%]",,,,
15,parallel,17,17,0.16132557684210527,1.7340454369783402,1.7123855948448181,0.0001111111111111111,68.27499999999999,"[61.0%, 70.4%, 72.0%, 66.6%, 84.8%, 67.8%, 77.2%, 60.0%, 69.4%, 78.4%, 80.2%, 67.0%, 78.8%, 68.6%, 70.2%, 20.0%]",,,,
15,parallel,18,18,0.15517987578947368,1.7690940499305725,1.7355796843767166,0.0001111111111111111,68.43749999999999,"[61.0%, 70.4%, 72.0%, 66.6%, 84.8%, 67.8%, 77.2%, 60.0%, 69.4%, 78.4%, 80.2%, 67.0%, 78.8%, 68.6%, 70.2%, 22.6%]",,,,
15,parallel,19,19,0.14919916000000005,1.6981977015733718,1.674226701259613,0.0001111111111111111,68.27499999999999,"[61.0%, 70.4%, 72.0%, 66.6%, 84.8%, 67.8%, 77.2%, 60.0%, 69.4%, 78.4%, 80.2%, 67.0%, 78.8%, 68.6%, 70.2%, 20.0%]",,,,
15,parallel,20,20,0.14338342947368424,1.6660775929689406,1.656338021159172,0.0001111111111111111,68.27499999999999,"[61.0%, 70.4%, 72.0%, 66.6%, 84.8%, 67.8%, 77.2%, 60.0%, 69.4%, 78.4%, 80.2%, 67.0%, 78.8%, 68.6%, 70.2%, 20.0%]",,,,
15,parallel,21,21,0.13773268421052634,1.755863356590271,1.7090343683958054,0.0001111111111111111,69.3,"[61.0%, 70.4%, 72.0%, 66.6%, 84.8%, 67.8%, 77.2%, 60.0%, 69.4%, 78.4%, 80.2%, 67.0%, 78.8%, 68.6%, 70.2%, 36.4%]",,,,
15,parallel,22,22,0.13224692421052633,1.7637431502342225,1.703259527683258,0.0001111111111111111,69.3625,"[61.0%, 70.4%, 72.0%, 66.6%, 84.8%, 67.8%, 77.2%, 60.0%, 69.4%, 78.4%, 80.2%, 67.0%, 78.8%, 68.6%, 70.2%, 37.4%]",,,,
15,parallel,23,23,0.12692614947368422,1.8392076283693313,1.6995096057653427,0.0001111111111111111,69.46249999999999,"[61.0%, 70.4%, 72.0%, 66.6%, 84.8%, 67.8%, 77.2%, 60.0%, 69.4%, 78.4%, 80.2%, 67.0%, 78.8%, 68.6%, 70.2%, 39.0%]",,,,
15,parallel,24,24,0.12177036000000001,2.076179748773575,1.7581884860992432,0.0001111111111111111,69.21249999999999,"[61.0%, 70.4%, 72.0%, 66.6%, 84.8%, 67.8%, 77.2%, 60.0%, 69.4%, 78.4%, 80.2%, 67.0%, 78.8%, 68.6%, 70.2%, 35.0%]",,,,
15,parallel,25,25,0.11677955578947369,1.5741457849740983,1.444264069199562,0.0001111111111111111,69.51249999999999,"[61.0%, 70.4%, 72.0%, 66.6%, 84.8%, 67.8%, 77.2%, 60.0%, 69.4%, 78.4%, 80.2%, 67.0%, 78.8%, 68.6%, 70.2%, 39.8%]",,,,
15,parallel,26,26,0.11195373684210526,1.6425951600074769,1.467342745512724,0.0001111111111111111,69.6,"[61.0%, 70.4%, 72.0%, 66.6%, 84.8%, 67.8%, 77.2%, 60.0%, 69.4%, 78.4%, 80.2%, 67.0%, 78.8%, 68.6%, 70.2%, 41.2%]",,,,
15,parallel,27,27,0.10729290315789473,1.5592903524637223,1.4359864629805088,0.0001111111111111111,69.38749999999999,"[61.0%, 70.4%, 72.0%, 66.6%, 84.8%, 67.8%, 77.2%, 60.0%, 69.4%, 78.4%, 80.2%, 67.0%, 78.8%, 68.6%, 70.2%, 37.8%]",,,,
15,parallel,28,28,0.10279705473684209,1.8414317309856414,1.5628187730908394,0.0001111111111111111,69.475,"[61.0%, 70.4%, 72.0%, 66.6%, 84.8%, 67.8%, 77.2%, 60.0%, 69.4%, 78.4%, 80.2%, 67.0%, 78.8%, 68.6%, 70.2%, 39.2%]",,,,
15,parallel,29,29,0.09846619157894737,1.4448448359966277,1.332163032144308,0.0001111111111111111,69.69999999999999,"[61.0%, 70.4%, 72.0%, 66.6%, 84.8%, 67.8%, 77.2%, 60.0%, 69.4%, 78.4%, 80.2%, 67.0%, 78.8%, 68.6%, 70.2%, 42.8%]",,,,
15,parallel,30,30,0.09430031368421053,1.2900645047426225,1.2765269502997398,0.0001111111111111111,69.57499999999999,"[61.0%, 70.4%, 72.0%, 66.6%, 84.8%, 67.8%, 77.2%, 60.0%, 69.4%, 78.4%, 80.2%, 67.0%, 78.8%, 68.6%, 70.2%, 40.8%]",,,,
15,parallel,31,31,0.09029942105263158,1.3345145404338836,1.3147592917084694,0.0001111111111111111,69.39999999999999,"[61.0%, 70.4%, 72.0%, 66.6%, 84.8%, 67.8%, 77.2%, 60.0%, 69.4%, 78.4%, 80.2%, 67.0%, 78.8%, 68.6%, 70.2%, 38.0%]",,,,
15,parallel,32,32,0.08646351368421051,1.276814991235733,1.2682170271873474,0.0001111111111111111,69.57499999999999,"[61.0%, 70.4%, 72.0%, 66.6%, 84.8%, 67.8%, 77.2%, 60.0%, 69.4%, 78.4%, 80.2%, 67.0%, 78.8%, 68.6%, 70.2%, 40.8%]",,,,
15,parallel,33,33,0.08279259157894739,1.312009757757187,1.2440984211862087,0.0001111111111111111,69.89999999999999,"[61.0%, 70.4%, 72.0%, 66.6%, 84.8%, 67.8%, 77.2%, 60.0%, 69.4%, 78.4%, 80.2%, 67.0%, 78.8%, 68.6%, 70.2%, 46.0%]",,,,
15,parallel,34,34,0.07928665473684211,1.2741343602538109,1.2076129093766212,0.0001111111111111111,70.26249999999999,"[61.0%, 70.4%, 72.0%, 66.6%, 84.8%, 67.8%, 77.2%, 60.0%, 69.4%, 78.4%, 80.2%, 67.0%, 78.8%, 68.6%, 70.2%, 51.8%]",,,,
15,parallel,35,35,0.07594570315789476,1.2579197973012923,1.1794238090515137,0.0001111111111111111,70.33749999999999,"[61.0%, 70.4%, 72.0%, 66.6%, 84.8%, 67.8%, 77.2%, 60.0%, 69.4%, 78.4%, 80.2%, 67.0%, 78.8%, 68.6%, 70.2%, 53.0%]",,,,
15,parallel,36,36,0.07276973684210528,1.1919951021671296,1.1213237047195435,0.0001111111111111111,70.62499999999999,"[61.0%, 70.4%, 72.0%, 66.6%, 84.8%, 67.8%, 77.2%, 60.0%, 69.4%, 78.4%, 80.2%, 67.0%, 78.8%, 68.6%, 70.2%, 57.6%]",,,,
15,parallel,37,37,0.06975875578947369,1.2061852872371674,1.1537662893533707,0.0001111111111111111,70.3625,"[61.0%, 70.4%, 72.0%, 66.6%, 84.8%, 67.8%, 77.2%, 60.0%, 69.4%, 78.4%, 80.2%, 67.0%, 78.8%, 68.6%, 70.2%, 53.4%]",,,,
15,parallel,38,38,0.06691276,1.1280712366104126,1.0567666292190552,0.0001111111111111111,70.6,"[61.0%, 70.4%, 72.0%, 66.6%, 84.8%, 67.8%, 77.2%, 60.0%, 69.4%, 78.4%, 80.2%, 67.0%, 78.8%, 68.6%, 70.2%, 57.2%]",,,,
15,parallel,39,39,0.06423174947368421,1.0814475432038306,1.0742175951600075,0.0001111111111111111,70.63749999999999,"[61.0%, 70.4%, 72.0%, 66.6%, 84.8%, 67.8%, 77.2%, 60.0%, 69.4%, 78.4%, 80.2%, 67.0%, 78.8%, 68.6%, 70.2%, 57.8%]",,,,
15,parallel,40,40,0.06171572421052632,1.183937492966652,1.099580816924572,0.0001111111111111111,70.49999999999999,"[61.0%, 70.4%, 72.0%, 66.6%, 84.8%, 67.8%, 77.2%, 60.0%, 69.4%, 78.4%, 80.2%, 67.0%, 78.8%, 68.6%, 70.2%, 55.6%]",,,,
15,parallel,41,41,0.05936468421052632,1.0608502745628356,1.081150360405445,0.0001111111111111111,70.52499999999999,"[61.0%, 70.4%, 72.0%, 66.6%, 84.8%, 67.8%, 77.2%, 60.0%, 69.4%, 78.4%, 80.2%, 67.0%, 78.8%, 68.6%, 70.2%, 56.0%]",,,,
15,parallel,42,42,0.05717862947368421,1.0321295410394669,1.2748200595378876,0.0001111111111111111,70.33749999999999,"[61.0%, 70.4%, 72.0%, 66.6%, 84.8%, 67.8%, 77.2%, 60.0%, 69.4%, 78.4%, 80.2%, 67.0%, 78.8%, 68.6%, 70.2%, 53.0%]",,,,
15,parallel,43,43,0.05515756,1.0123167678713798,1.0236612111330032,0.0001111111111111111,70.56249999999999,"[61.0%, 70.4%, 72.0%, 66.6%, 84.8%, 67.8%, 77.2%, 60.0%, 69.4%, 78.4%, 80.2%, 67.0%, 78.8%, 68.6%, 70.2%, 56.6%]",,,,
15,parallel,44,44,0.05330147578947368,1.0899400874972343,1.0044705234467983,0.0001111111111111111,70.7375,"[61.0%, 70.4%, 72.0%, 66.6%, 84.8%, 67.8%, 77.2%, 60.0%, 69.4%, 78.4%, 80.2%, 67.0%, 78.8%, 68.6%, 70.2%, 59.4%]",,,,
15,parallel,45,45,0.05161037684210526,1.0226457864046097,1.0945481024682522,0.0001111111111111111,70.5375,"[61.0%, 70.4%, 72.0%, 66.6%, 84.8%, 67.8%, 77.2%, 60.0%, 69.4%, 78.4%, 80.2%, 67.0%, 78.8%, 68.6%, 70.2%, 56.2%]",,,,
15,parallel,46,46,0.05008426315789474,1.0229420945048333,0.9986668899655342,0.0001111111111111111,70.63749999999999,"[61.0%, 70.4%, 72.0%, 66.6%, 84.8%, 67.8%, 77.2%, 60.0%, 69.4%, 78.4%, 80.2%, 67.0%, 78.8%, 68.6%, 70.2%, 57.8%]",,,,
15,parallel,47,47,0.04872313473684211,1.0269103676080704,1.017397303134203,0.0001111111111111111,70.77499999999999,"[61.0%, 70.4%, 72.0%, 66.6%, 84.8%, 67.8%, 77.2%, 60.0%, 69.4%, 78.4%, 80.2%, 67.0%, 78.8%, 68.6%, 70.2%, 60.0%]",,,,
15,parallel,48,48,0.047526991578947374,0.9933221220970154,1.0094579719007015,0.0001111111111111111,70.725,"[61.0%, 70.4%, 72.0%, 66.6%, 84.8%, 67.8%, 77.2%, 60.0%, 69.4%, 78.4%, 80.2%, 67.0%, 78.8%, 68.6%, 70.2%, 59.2%]",,,,
15,parallel,49,49,0.04649583368421053,1.6055640757083893,1.3768626004457474,0.0001111111111111111,69.6125,"[61.0%, 70.4%, 72.0%, 66.6%, 84.8%, 67.8%, 77.2%, 60.0%, 69.4%, 78.4%, 80.2%, 67.0%, 78.8%, 68.6%, 70.2%, 41.4%]",,,,
15,parallel,50,50,0.04562966105263158,1.321786892414093,1.2934519723057747,0.0001111111111111111,69.9125,"[61.0%, 70.4%, 72.0%, 66.6%, 84.8%, 67.8%, 77.2%, 60.0%, 69.4%, 78.4%, 80.2%, 67.0%, 78.8%, 68.6%, 70.2%, 46.2%]",,,,
15,parallel,51,51,0.044928473684210525,1.2481289744377135,1.2695456445217133,0.0001111111111111111,69.9875,"[61.0%, 70.4%, 72.0%, 66.6%, 84.8%, 67.8%, 77.2%, 60.0%, 69.4%, 78.4%, 80.2%, 67.0%, 78.8%, 68.6%, 70.2%, 47.4%]",,,,
15,parallel,52,52,0.04439227157894737,1.1904608294367791,1.2133062779903412,0.0001111111111111111,70.1125,"[61.0%, 70.4%, 72.0%, 66.6%, 84.8%, 67.8%, 77.2%, 60.0%, 69.4%, 78.4%, 80.2%, 67.0%, 78.8%, 68.6%, 70.2%, 49.4%]",,,,
15,parallel,53,53,0.044021054736842105,1.1743310272693634,1.1787893921136856,0.0001111111111111111,70.1,"[61.0%, 70.4%, 72.0%, 66.6%, 84.8%, 67.8%, 77.2%, 60.0%, 69.4%, 78.4%, 80.2%, 67.0%, 78.8%, 68.6%, 70.2%, 49.2%]",,,,
15,parallel,54,54,0.04381482315789474,1.1279182851314544,1.1413125321269035,0.0001111111111111111,70.19999999999999,"[61.0%, 70.4%, 72.0%, 66.6%, 84.8%, 67.8%, 77.2%, 60.0%, 69.4%, 78.4%, 80.2%, 67.0%, 78.8%, 68.6%, 70.2%, 50.8%]",,,,
15,parallel,55,55,0.04376842105263158,1.0770743176341058,1.111593771725893,0.0001111111111111111,70.32499999999999,"[61.0%, 70.4%, 72.0%, 66.6%, 84.8%, 67.8%, 77.2%, 60.0%, 69.4%, 78.4%, 80.2%, 67.0%, 78.8%, 68.6%, 70.2%, 52.8%]",,,,
15,weights,1,56,0.04376842105263158,1.1310421153903008,1.1025048941373825,0.0001111111111111111,70.3,"[61.0%, 70.4%, 72.0%, 66.6%, 84.8%, 67.8%, 77.2%, 60.0%, 69.4%, 78.4%, 80.2%, 67.0%, 78.8%, 68.6%, 70.2%, 52.4%]",,,,
15,weights,2,57,0.04376842105263158,1.0768214657902717,1.1194613128900528,0.0001111111111111111,70.26249999999999,"[61.0%, 70.4%, 72.0%, 66.6%, 84.8%, 67.8%, 77.2%, 60.0%, 69.4%, 78.4%, 80.2%, 67.0%, 78.8%, 68.6%, 70.2%, 51.8%]",,,,
15,weights,3,58,0.04376842105263158,1.0491889044642448,1.0862577706575394,0.0001111111111111111,70.35,"[61.0%, 70.4%, 72.0%, 66.6%, 84.8%, 67.8%, 77.2%, 60.0%, 69.4%, 78.4%, 80.2%, 67.0%, 78.8%, 68.6%, 70.2%, 53.2%]",,,,
15,weights,4,59,0.04376842105263158,1.0262597873806953,1.0784753300249577,0.0001111111111111111,70.33749999999999,"[61.0%, 70.4%, 72.0%, 66.6%, 84.8%, 67.8%, 77.2%, 60.0%, 69.4%, 78.4%, 80.2%, 67.0%, 78.8%, 68.6%, 70.2%, 53.0%]",,,,
15,weights,5,60,0.04376842105263158,1.0530405282974242,1.065714880824089,0.0001111111111111111,70.3625,"[61.0%, 70.4%, 72.0%, 66.6%, 84.8%, 67.8%, 77.2%, 60.0%, 69.4%, 78.4%, 80.2%, 67.0%, 78.8%, 68.6%, 70.2%, 53.4%]",,,,
15,weights,6,61,0.04376842105263158,1.060466043651104,1.0680718198418617,0.0001111111111111111,70.46249999999999,"[61.0%, 70.4%, 72.0%, 66.6%, 84.8%, 67.8%, 77.2%, 60.0%, 69.4%, 78.4%, 80.2%, 67.0%, 78.8%, 68.6%, 70.2%, 55.0%]",,,,
15,weights,7,62,0.04376842105263158,1.0382625415921212,1.0464067794382572,0.0001111111111111111,70.3625,"[61.0%, 70.4%, 72.0%, 66.6%, 84.8%, 67.8%, 77.2%, 60.0%, 69.4%, 78.4%, 80.2%, 67.0%, 78.8%, 68.6%, 70.2%, 53.4%]",,,,
15,weights,8,63,0.04376842105263158,0.9924165844917298,1.0604547932744026,0.0001111111111111111,70.425,"[61.0%, 70.4%, 72.0%, 66.6%, 84.8%, 67.8%, 77.2%, 60.0%, 69.4%, 78.4%, 80.2%, 67.0%, 78.8%, 68.6%, 70.2%, 54.4%]",,,,
15,weights,9,64,0.04376842105263158,1.0019124358892442,1.074091598391533,0.0001111111111111111,70.31249999999999,"[61.0%, 70.4%, 72.0%, 66.6%, 84.8%, 67.8%, 77.2%, 60.0%, 69.4%, 78.4%, 80.2%, 67.0%, 78.8%, 68.6%, 70.2%, 52.6%]",,,,
15,weights,10,65,0.04376842105263158,0.9980290949344635,1.0466587990522385,0.0001111111111111111,70.56249999999999,"[61.0%, 70.4%, 72.0%, 66.6%, 84.8%, 67.8%, 77.2%, 60.0%, 69.4%, 78.4%, 80.2%, 67.0%, 78.8%, 68.6%, 70.2%, 56.6%]",,,,
15,weights,11,66,0.04376842105263158,1.0131159096956253,1.044248279184103,0.0001111111111111111,70.43749999999999,"[61.0%, 70.4%, 72.0%, 66.6%, 84.8%, 67.8%, 77.2%, 60.0%, 69.4%, 78.4%, 80.2%, 67.0%, 78.8%, 68.6%, 70.2%, 54.6%]",,,,
15,weights,12,67,0.04376842105263158,0.9871446043252945,1.0489138402044773,0.0001111111111111111,70.44999999999999,"[61.0%, 70.4%, 72.0%, 66.6%, 84.8%, 67.8%, 77.2%, 60.0%, 69.4%, 78.4%, 80.2%, 67.0%, 78.8%, 68.6%, 70.2%, 54.8%]",,,,
15,weights,13,68,0.04376842105263158,0.9790978223085404,1.0200548022985458,0.0001111111111111111,70.44999999999999,"[61.0%, 70.4%, 72.0%, 66.6%, 84.8%, 67.8%, 77.2%, 60.0%, 69.4%, 78.4%, 80.2%, 67.0%, 78.8%, 68.6%, 70.2%, 54.8%]",,,,
15,weights,14,69,0.04376842105263158,1.0073949173092842,1.039261870086193,0.0001111111111111111,70.37499999999999,"[61.0%, 70.4%, 72.0%, 66.6%, 84.8%, 67.8%, 77.2%, 60.0%, 69.4%, 78.4%, 80.2%, 67.0%, 78.8%, 68.6%, 70.2%, 53.6%]",,,,
15,weights,15,70,0.04376842105263158,0.9858387172222137,1.03644510358572,0.0001111111111111111,70.475,"[61.0%, 70.4%, 72.0%, 66.6%, 84.8%, 67.8%, 77.2%, 60.0%, 69.4%, 78.4%, 80.2%, 67.0%, 78.8%, 68.6%, 70.2%, 55.2%]",,,,
15,weights,16,71,0.04376842105263158,0.9715950042009354,1.0083604604005814,0.0001111111111111111,70.46249999999999,"[61.0%, 70.4%, 72.0%, 66.6%, 84.8%, 67.8%, 77.2%, 60.0%, 69.4%, 78.4%, 80.2%, 67.0%, 78.8%, 68.6%, 70.2%, 55.0%]",,,,
15,weights,17,72,0.04376842105263158,0.9751058250665665,0.9925966747105122,0.0001111111111111111,70.56249999999999,"[61.0%, 70.4%, 72.0%, 66.6%, 84.8%, 67.8%, 77.2%, 60.0%, 69.4%, 78.4%, 80.2%, 67.0%, 78.8%, 68.6%, 70.2%, 56.6%]",,,,
15,weights,18,73,0.04376842105263158,0.974618348479271,1.0208433605730534,0.0001111111111111111,70.46249999999999,"[61.0%, 70.4%, 72.0%, 66.6%, 84.8%, 67.8%, 77.2%, 60.0%, 69.4%, 78.4%, 80.2%, 67.0%, 78.8%, 68.6%, 70.2%, 55.0%]",,,,
15,weights,19,74,0.04376842105263158,0.9262887418270112,0.9898196756839752,0.0001111111111111111,70.475,"[61.0%, 70.4%, 72.0%, 66.6%, 84.8%, 67.8%, 77.2%, 60.0%, 69.4%, 78.4%, 80.2%, 67.0%, 78.8%, 68.6%, 70.2%, 55.2%]",,,,
15,weights,20,75,0.04376842105263158,0.9381854370236397,0.9910941161215305,0.0001111111111111111,70.4875,"[61.0%, 70.4%, 72.0%, 66.6%, 84.8%, 67.8%, 77.2%, 60.0%, 69.4%, 78.4%, 80.2%, 67.0%, 78.8%, 68.6%, 70.2%, 55.4%]",,,,
15,weights,21,76,0.04376842105263158,0.9254801720380783,1.0022872760891914,0.0001111111111111111,70.52499999999999,"[61.0%, 70.4%, 72.0%, 66.6%, 84.8%, 67.8%, 77.2%, 60.0%, 69.4%, 78.4%, 80.2%, 67.0%, 78.8%, 68.6%, 70.2%, 56.0%]",,,,
15,weights,22,77,0.04376842105263158,0.9325686693191528,0.9788560159504414,0.0001111111111111111,70.6125,"[61.0%, 70.4%, 72.0%, 66.6%, 84.8%, 67.8%, 77.2%, 60.0%, 69.4%, 78.4%, 80.2%, 67.0%, 78.8%, 68.6%, 70.2%, 57.4%]",,,,
15,weights,23,78,0.04376842105263158,0.9320685610175132,1.0007322765886784,0.0001111111111111111,70.6,"[61.0%, 70.4%, 72.0%, 66.6%, 84.8%, 67.8%, 77.2%, 60.0%, 69.4%, 78.4%, 80.2%, 67.0%, 78.8%, 68.6%, 70.2%, 57.2%]",,,,
15,weights,24,79,0.04376842105263158,0.9073035672307015,1.0101927407085896,0.0001111111111111111,70.425,"[61.0%, 70.4%, 72.0%, 66.6%, 84.8%, 67.8%, 77.2%, 60.0%, 69.4%, 78.4%, 80.2%, 67.0%, 78.8%, 68.6%, 70.2%, 54.4%]",,,,
15,weights,25,80,0.04376842105263158,0.9214779660105705,0.9866940304636955,0.0001111111111111111,70.69999999999999,"[61.0%, 70.4%, 72.0%, 66.6%, 84.8%, 67.8%, 77.2%, 60.0%, 69.4%, 78.4%, 80.2%, 67.0%, 78.8%, 68.6%, 70.2%, 58.8%]",41.06250000000001,"[0.0%, 29.0%, 38.6%, 17.6%, 84.8%, 34.8%, 60.8%, 26.6%, 56.0%, 68.6%, 61.8%, 41.0%, 73.4%, 21.8%, 21.0%, 21.2%]",43.175,"[47.4%, 62.2%, 20.4%, 36.0%, 65.4%, 53.0%, 68.8%, 26.6%, 64.0%, 32.2%, 56.2%, 19.8%, 45.0%, 44.8%, 18.6%, 30.4%]"
16,parallel,1,1,0.2,15.374269270896912,10.820183277130127,0.0001111111111111111,66.54117647058823,"[61.0%, 70.4%, 71.8%, 66.6%, 84.8%, 67.8%, 77.2%, 60.0%, 69.4%, 78.4%, 80.2%, 67.0%, 78.8%, 68.6%, 70.2%, 59.0%, 0.0%]",,,,
16,parallel,2,2,0.2,8.91583102941513,7.120403230190277,0.0001111111111111111,66.52941176470588,"[61.0%, 70.4%, 71.8%, 66.6%, 84.8%, 67.8%, 77.2%, 59.8%, 69.4%, 78.4%, 80.2%, 67.0%, 78.8%, 68.6%, 70.4%, 58.8%, 0.0%]",,,,
16,parallel,3,3,0.2,5.655078792572022,4.24212372303009,0.0001111111111111111,66.48235294117647,"[61.0%, 70.4%, 71.6%, 66.6%, 84.8%, 67.8%, 77.2%, 59.8%, 69.4%, 78.4%, 80.2%, 67.0%, 78.8%, 68.2%, 70.4%, 58.6%, 0.0%]",,,,
16,parallel,4,4,0.2,3.238201582431793,2.4293485283851624,0.0001111111111111111,67.64705882352942,"[61.0%, 70.4%, 71.6%, 66.6%, 84.8%, 67.8%, 77.2%, 59.8%, 69.4%, 78.4%, 80.2%, 67.0%, 78.8%, 68.2%, 70.4%, 58.4%, 20.0%]",,,,
16,parallel,5,5,0.198431195,2.1938498347997664,1.9405410885810852,0.0001111111111111111,67.62352941176471,"[61.0%, 70.4%, 71.6%, 66.6%, 84.8%, 67.8%, 77.2%, 59.8%, 69.4%, 78.2%, 80.2%, 67.0%, 78.8%, 68.2%, 70.4%, 58.2%, 20.0%]",,,,
16,parallel,6,6,0.19223461184210527,1.9397108763456345,1.811219498515129,0.0001111111111111111,67.62352941176471,"[61.0%, 70.4%, 71.6%, 66.6%, 84.8%, 67.8%, 77.2%, 59.8%, 69.4%, 78.2%, 80.2%, 67.0%, 78.8%, 68.2%, 70.4%, 58.2%, 20.0%]",,,,
16,parallel,7,7,0.18616384763157895,1.7704544693231583,1.7066395729780197,0.0001111111111111111,67.62352941176471,"[61.0%, 70.4%, 71.6%, 66.6%, 84.8%, 67.8%, 77.2%, 59.8%, 69.4%, 78.2%, 80.2%, 67.0%, 78.8%, 68.2%, 70.4%, 58.2%, 20.0%]",,,,
16,parallel,8,8,0.18021890236842109,1.76218900680542,1.7108428925275803,0.0001111111111111111,67.62352941176471,"[61.0%, 70.4%, 71.6%, 66.6%, 84.8%, 67.8%, 77.2%, 59.8%, 69.4%, 78.2%, 80.2%, 67.0%, 78.8%, 68.2%, 70.4%, 58.2%, 20.0%]",,,,
16,parallel,9,9,0.1743997760526316,1.7930868357419967,1.7365722358226776,0.0001111111111111111,67.62352941176471,"[61.0%, 70.4%, 71.6%, 66.6%, 84.8%, 67.8%, 77.2%, 59.8%, 69.4%, 78.2%, 80.2%, 67.0%, 78.8%, 68.2%, 70.4%, 58.2%, 20.0%]",,,,
16,parallel,10,10,0.16870646868421055,1.7237080574035644,1.6982077807188034,0.0001111111111111111,67.61176470588236,"[61.0%, 70.4%, 71.6%, 66.6%, 84.8%, 67.8%, 77.2%, 59.8%, 69.4%, 78.2%, 80.2%, 67.0%, 78.8%, 68.2%, 70.4%, 58.2%, 19.8%]",,,,
16,parallel,11,11,0.1631389802631579,1.7764551311731338,1.727196678519249,0.0001111111111111111,67.62352941176471,"[61.0%, 70.4%, 71.6%, 66.6%, 84.8%, 67.8%, 77.2%, 59.8%, 69.4%, 78.2%, 80.2%, 67.0%, 78.8%, 68.2%, 70.4%, 58.2%, 20.0%]",,,,
16,parallel,12,12,0.1576973107894737,1.707036665081978,1.685328170657158,0.0001111111111111111,67.62352941176471,"[61.0%, 70.4%, 71.6%, 66.6%, 84.8%, 67.8%, 77.2%, 59.8%, 69.4%, 78.2%, 80.2%, 67.0%, 78.8%, 68.2%, 70.4%, 58.2%, 20.0%]",,,,
16,parallel,13,13,0.1523814602631579,1.7079267293214797,1.6865317970514297,0.0001111111111111111,67.62352941176471,"[61.0%, 70.4%, 71.6%, 66.6%, 84.8%, 67.8%, 77.2%, 59.8%, 69.4%, 78.2%, 80.2%, 67.0%, 78.8%, 68.2%, 70.4%, 58.2%, 20.0%]",,,,
16,parallel,14,14,0.14719142868421053,1.6800464868545533,1.664001539349556,0.0001111111111111111,67.62352941176471,"[61.0%, 70.4%, 71.6%, 66.6%, 84.8%, 67.8%, 77.2%, 59.8%, 69.4%, 78.2%, 80.2%, 67.0%, 78.8%, 68.2%, 70.4%, 58.2%, 20.0%]",,,,
16,parallel,15,15,0.1421272160526316,1.686561366915703,1.6774768382310867,0.0001111111111111111,67.62352941176471,"[61.0%, 70.4%, 71.6%, 66.6%, 84.8%, 67.8%, 77.2%, 59.8%, 69.4%, 78.2%, 80.2%, 67.0%, 78.8%, 68.2%, 70.4%, 58.2%, 20.0%]",,,,
16,parallel,16,16,0.13718882236842106,1.671049678325653,1.658575400710106,0.0001111111111111111,67.62352941176471,"[61.0%, 70.4%, 71.6%, 66.6%, 84.8%, 67.8%, 77.2%, 59.8%, 69.4%, 78.2%, 80.2%, 67.0%, 78.8%, 68.2%, 70.4%, 58.2%, 20.0%]",,,,
16,parallel,17,17,0.13237624763157896,1.6615159869194032,1.649124950170517,0.0001111111111111111,67.62352941176471,"[61.0%, 70.4%, 71.6%, 66.6%, 84.8%, 67.8%, 77.2%, 59.8%, 69.4%, 78.2%, 80.2%, 67.0%, 78.8%, 68.2%, 70.4%, 58.2%, 20.0%]",,,,
16,parallel,18,18,0.12768949184210526,1.644507697224617,1.6363960951566696,0.0001111111111111111,67.62352941176471,"[61.0%, 70.4%, 71.6%, 66.6%, 84.8%, 67.8%, 77.2%, 59.8%, 69.4%, 78.2%, 80.2%, 67.0%, 78.8%, 68.2%, 70.4%, 58.2%, 20.0%]",,,,
16,parallel,19,19,0.12312855500000003,1.6359360009431838,1.6286911964416504,0.0001111111111111111,67.62352941176471,"[61.0%, 70.4%, 71.6%, 66.6%, 84.8%, 67.8%, 77.2%, 59.8%, 69.4%, 78.2%, 80.2%, 67.0%, 78.8%, 68.2%, 70.4%, 58.2%, 20.0%]",,,,
16,parallel,20,20,0.11869343710526317,1.5225441992282867,1.3583618700504303,0.0001111111111111111,68.61176470588236,"[61.0%, 70.4%, 71.6%, 66.6%, 84.8%, 67.8%, 77.2%, 59.8%, 69.4%, 78.2%, 80.2%, 67.0%, 78.8%, 68.2%, 70.4%, 58.2%, 36.8%]",,,,
16,parallel,21,21,0.11438413815789475,1.3547936975955963,1.3167014718055725,0.0001111111111111111,68.67058823529412,"[61.0%, 70.4%, 71.6%, 66.6%, 84.8%, 67.8%, 77.2%, 59.8%, 69.4%, 78.2%, 80.2%, 67.0%, 78.8%, 68.2%, 70.4%, 58.2%, 37.8%]",,,,
16,parallel,22,22,0.11020065815789476,1.2704769968986511,1.2429423704743385,0.0001111111111111111,68.85882352941178,"[61.0%, 70.4%, 71.6%, 66.6%, 84.8%, 67.8%, 77.2%, 59.8%, 69.4%, 78.2%, 80.2%, 67.0%, 78.8%, 68.2%, 70.4%, 58.2%, 41.0%]",,,,
16,parallel,23,23,0.10614299710526318,1.2852108985185624,1.3001972362399101,0.0001111111111111111,68.85882352941178,"[61.0%, 70.4%, 71.6%, 66.6%, 84.8%, 67.8%, 77.2%, 59.8%, 69.4%, 78.2%, 80.2%, 67.0%, 78.8%, 68.2%, 70.4%, 58.2%, 41.0%]",,,,
16,parallel,24,24,0.102211155,1.2137865662574767,1.1981862634420395,0.0001111111111111111,68.9764705882353,"[61.0%, 70.4%, 71.6%, 66.6%, 84.8%, 67.8%, 77.2%, 59.8%, 69.4%, 78.2%, 80.2%, 67.0%, 78.8%, 68.2%, 70.4%, 58.2%, 43.0%]",,,,
16,parallel,25,25,0.09840513184210527,1.1795653074979782,1.1763194799423218,0.0001111111111111111,69.15294117647059,"[61.0%, 70.4%, 71.6%, 66.6%, 84.8%, 67.8%, 77.2%, 59.8%, 69.4%, 78.2%, 80.2%, 67.0%, 78.8%, 68.2%, 70.4%, 58.2%, 46.0%]",,,,
16,parallel,26,26,0.09472492763157894,1.1532082945108413,1.303146980702877,0.0001111111111111111,68.82352941176472,"[61.0%, 70.4%, 71.6%, 66.6%, 84.8%, 67.8%, 77.2%, 59.8%, 69.4%, 78.2%, 80.2%, 67.0%, 78.8%, 68.2%, 70.4%, 58.2%, 40.4%]",,,,
16,parallel,27,27,0.09117054236842104,1.2427703768014908,1.3135124817490578,0.0001111111111111111,69.2,"[61.0%, 70.4%, 71.6%, 66.6%, 84.8%, 67.8%, 77.2%, 59.8%, 69.4%, 78.2%, 80.2%, 67.0%, 78.8%, 68.2%, 70.4%, 58.2%, 46.8%]",,,,
16,parallel,28,28,0.08774197605263157,1.1720053136348725,1.2440375462174416,0.0001111111111111111,69.12941176470588,"[61.0%, 70.4%, 71.6%, 66.6%, 84.8%, 67.8%, 77.2%, 59.8%, 69.4%, 78.2%, 80.2%, 67.0%, 78.8%, 68.2%, 70.4%, 58.2%, 45.6%]",,,,
16,parallel,29,29,0.08443922868421053,1.1507467776536942,1.2478169351816177,0.0001111111111111111,69.03529411764707,"[61.0%, 70.4%, 71.6%, 66.6%, 84.8%, 67.8%, 77.2%, 59.8%, 69.4%, 78.2%, 80.2%, 67.0%, 78.8%, 68.2%, 70.4%, 58.2%, 44.0%]",,,,
16,parallel,30,30,0.0812623002631579,1.1268289312720299,1.20035769790411,0.0001111111111111111,69.16470588235295,"[61.0%, 70.4%, 71.6%, 66.6%, 84.8%, 67.8%, 77.2%, 59.8%, 69.4%, 78.2%, 80.2%, 67.0%, 78.8%, 68.2%, 70.4%, 58.2%, 46.2%]",,,,
16,parallel,31,31,0.0782111907894737,1.0945608377456666,1.1545409113168716,0.0001111111111111111,69.41176470588236,"[61.0%, 70.4%, 71.6%, 66.6%, 84.8%, 67.8%, 77.2%, 59.8%, 69.4%, 78.2%, 80.2%, 67.0%, 78.8%, 68.2%, 70.4%, 58.2%, 50.4%]",,,,
16,parallel,32,32,0.0752859002631579,1.3899633646011353,1.2598594054579735,0.0001111111111111111,69.23529411764707,"[61.0%, 70.4%, 71.6%, 66.6%, 84.8%, 67.8%, 77.2%, 59.8%, 69.4%, 78.2%, 80.2%, 67.0%, 78.8%, 68.2%, 70.4%, 58.2%, 47.4%]",,,,
16,parallel,33,33,0.07248642868421054,1.211216688156128,1.180016465485096,0.0001111111111111111,69.30588235294118,"[61.0%, 70.4%, 71.6%, 66.6%, 84.8%, 67.8%, 77.2%, 59.8%, 69.4%, 78.2%, 80.2%, 67.0%, 78.8%, 68.2%, 70.4%, 58.2%, 48.6%]",,,,
16,parallel,34,34,0.06981277605263159,1.1767485722899438,1.2540443241596222,0.0001111111111111111,69.09411764705884,"[61.0%, 70.4%, 71.6%, 66.6%, 84.8%, 67.8%, 77.2%, 59.8%, 69.4%, 78.2%, 80.2%, 67.0%, 78.8%, 68.2%, 70.4%, 58.2%, 45.0%]",,,,
16,parallel,35,35,0.06726494236842107,1.1343374982476235,1.2932995185256004,0.0001111111111111111,69.09411764705884,"[61.0%, 70.4%, 71.6%, 66.6%, 84.8%, 67.8%, 77.2%, 59.8%, 69.4%, 78.2%, 80.2%, 67.0%, 78.8%, 68.2%, 70.4%, 58.2%, 45.0%]",,,,
16,parallel,36,36,0.06484292763157895,1.1046552166342736,1.1813896894454956,0.0001111111111111111,69.25882352941177,"[61.0%, 70.4%, 71.6%, 66.6%, 84.8%, 67.8%, 77.2%, 59.8%, 69.4%, 78.2%, 80.2%, 67.0%, 78.8%, 68.2%, 70.4%, 58.2%, 47.8%]",,,,
16,parallel,37,37,0.06254673184210527,1.0601726830005647,1.1343503631651402,0.0001111111111111111,69.51764705882354,"[61.0%, 70.4%, 71.6%, 66.6%, 84.8%, 67.8%, 77.2%, 59.8%, 69.4%, 78.2%, 80.2%, 67.0%, 78.8%, 68.2%, 70.4%, 58.2%, 52.2%]",,,,
16,parallel,38,38,0.060376355,1.3952596932649612,1.2797435522079468,0.0001111111111111111,68.84705882352942,"[61.0%, 70.4%, 71.6%, 66.6%, 84.8%, 67.8%, 77.2%, 59.8%, 69.4%, 78.2%, 80.2%, 67.0%, 78.8%, 68.2%, 70.4%, 58.2%, 40.8%]",,,,
16,parallel,39,39,0.05833179710526316,1.2336227923631669,1.2277976050972939,0.0001111111111111111,69.16470588235295,"[61.0%, 70.4%, 71.6%, 66.6%, 84.8%, 67.8%, 77.2%, 59.8%, 69.4%, 78.2%, 80.2%, 67.0%, 78.8%, 68.2%, 70.4%, 58.2%, 46.2%]",,,,
16,parallel,40,40,0.05641305815789474,1.1635410398244859,1.1984158605337143,0.0001111111111111111,69.41176470588236,"[61.0%, 70.4%, 71.6%, 66.6%, 84.8%, 67.8%, 77.2%, 59.8%, 69.4%, 78.2%, 80.2%, 67.0%, 78.8%, 68.2%, 70.4%, 58.2%, 50.4%]",,,,
16,parallel,41,41,0.054620138157894745,1.1507514148950577,1.159148246049881,0.0001111111111111111,69.41176470588236,"[61.0%, 70.4%, 71.6%, 66.6%, 84.8%, 67.8%, 77.2%, 59.8%, 69.4%, 78.2%, 80.2%, 67.0%, 78.8%, 68.2%, 70.4%, 58.2%, 50.4%]",,,,
16,parallel,42,42,0.05295303710526316,1.1330054491758346,1.228293627500534,0.0001111111111111111,69.35294117647061,"[61.0%, 70.4%, 71.6%, 66.6%, 84.8%, 67.8%, 77.2%, 59.8%, 69.4%, 78.2%, 80.2%, 67.0%, 78.8%, 68.2%, 70.4%, 58.2%, 49.4%]",,,,
16,parallel,43,43,0.051411755,1.116115929186344,1.1754531413316727,0.0001111111111111111,69.43529411764706,"[61.0%, 70.4%, 71.6%, 66.6%, 84.8%, 67.8%, 77.2%, 59.8%, 69.4%, 78.2%, 80.2%, 67.0%, 78.8%, 68.2%, 70.4%, 58.2%, 50.8%]",,,,
16,parallel,44,44,0.049996291842105266,1.095052793622017,1.2159789949655533,0.0001111111111111111,69.2,"[61.0%, 70.4%, 71.6%, 66.6%, 84.8%, 67.8%, 77.2%, 59.8%, 69.4%, 78.2%, 80.2%, 67.0%, 78.8%, 68.2%, 70.4%, 58.2%, 46.8%]",,,,
16,parallel,45,45,0.04870664763157895,1.0798324674367905,1.1049579605460167,0.0001111111111111111,69.67058823529412,"[61.0%, 70.4%, 71.6%, 66.6%, 84.8%, 67.8%, 77.2%, 59.8%, 69.4%, 78.2%, 80.2%, 67.0%, 78.8%, 68.2%, 70.4%, 58.2%, 54.8%]",,,,
16,parallel,46,46,0.047542822368421056,1.0679018750786782,1.1555224359035492,0.0001111111111111111,69.58823529411767,"[61.0%, 70.4%, 71.6%, 66.6%, 84.8%, 67.8%, 77.2%, 59.8%, 69.4%, 78.2%, 80.2%, 67.0%, 78.8%, 68.2%, 70.4%, 58.2%, 53.4%]",,,,
16,parallel,47,47,0.046504816052631584,1.6485025525093078,1.4420537203550339,0.0001111111111111111,68.56470588235295,"[61.0%, 70.4%, 71.6%, 66.6%, 84.8%, 67.8%, 77.2%, 59.8%, 69.4%, 78.2%, 80.2%, 67.0%, 78.8%, 68.2%, 70.4%, 58.2%, 36.0%]",,,,
16,parallel,48,48,0.04559262868421053,1.3662066429853439,1.3761961460113525,0.0001111111111111111,68.5529411764706,"[61.0%, 70.4%, 71.6%, 66.6%, 84.8%, 67.8%, 77.2%, 59.8%, 69.4%, 78.2%, 80.2%, 67.0%, 78.8%, 68.2%, 70.4%, 58.2%, 35.8%]",,,,
16,parallel,49,49,0.0448062602631579,1.2901907801628112,1.4127819240093231,0.0001111111111111111,68.65882352941176,"[61.0%, 70.4%, 71.6%, 66.6%, 84.8%, 67.8%, 77.2%, 59.8%, 69.4%, 78.2%, 80.2%, 67.0%, 78.8%, 68.2%, 70.4%, 58.2%, 37.6%]",,,,
16,parallel,50,50,0.044145710789473686,1.2142794385552407,1.516358308494091,0.0001111111111111111,68.57647058823531,"[61.0%, 70.4%, 71.6%, 66.6%, 84.8%, 67.8%, 77.2%, 59.8%, 69.4%, 78.2%, 80.2%, 67.0%, 78.8%, 68.2%, 70.4%, 58.2%, 36.2%]",,,,
16,parallel,51,51,0.0436109802631579,1.2104512870311737,1.2347345128655434,0.0001111111111111111,69.18823529411765,"[61.0%, 70.4%, 71.6%, 66.6%, 84.8%, 67.8%, 77.2%, 59.8%, 69.4%, 78.2%, 80.2%, 67.0%, 78.8%, 68.2%, 70.4%, 58.2%, 46.6%]",,,,
16,parallel,52,52,0.04320206868421053,1.1490304052829743,1.1811761185526848,0.0001111111111111111,69.37647058823529,"[61.0%, 70.4%, 71.6%, 66.6%, 84.8%, 67.8%, 77.2%, 59.8%, 69.4%, 78.2%, 80.2%, 67.0%, 78.8%, 68.2%, 70.4%, 58.2%, 49.8%]",,,,
16,parallel,53,53,0.042918976052631584,1.145007809996605,1.235919751226902,0.0001111111111111111,69.1058823529412,"[61.0%, 70.4%, 71.6%, 66.6%, 84.8%, 67.8%, 77.2%, 59.8%, 69.4%, 78.2%, 80.2%, 67.0%, 78.8%, 68.2%, 70.4%, 58.2%, 45.2%]",,,,
16,parallel,54,54,0.042761702368421056,1.1270751297473907,1.2437593638896942,0.0001111111111111111,69.15294117647059,"[61.0%, 70.4%, 71.6%, 66.6%, 84.8%, 67.8%, 77.2%, 59.8%, 69.4%, 78.2%, 80.2%, 67.0%, 78.8%, 68.2%, 70.4%, 58.2%, 46.0%]",,,,
16,parallel,55,55,0.04272631578947369,1.0948634326457978,1.167151115834713,0.0001111111111111111,69.30588235294118,"[61.0%, 70.4%, 71.6%, 66.6%, 84.8%, 67.8%, 77.2%, 59.8%, 69.4%, 78.2%, 80.2%, 67.0%, 78.8%, 68.2%, 70.4%, 58.2%, 48.6%]",,,,
16,weights,1,56,0.04272631578947369,1.0748342528939248,1.2316306382417679,0.0001111111111111111,69.2,"[61.0%, 70.4%, 71.6%, 66.6%, 84.8%, 67.8%, 77.2%, 59.8%, 69.4%, 78.2%, 80.2%, 67.0%, 78.8%, 68.2%, 70.4%, 58.2%, 46.8%]",,,,
16,weights,2,57,0.04272631578947369,1.0832300648093223,1.2100222185254097,0.0001111111111111111,69.28235294117648,"[61.0%, 70.4%, 71.6%, 66.6%, 84.8%, 67.8%, 77.2%, 59.8%, 69.4%, 78.2%, 80.2%, 67.0%, 78.8%, 68.2%, 70.4%, 58.2%, 48.2%]",,,,
16,weights,3,58,0.04272631578947369,1.0652329742908477,1.136781506240368,0.0001111111111111111,69.43529411764706,"[61.0%, 70.4%, 71.6%, 66.6%, 84.8%, 67.8%, 77.2%, 59.8%, 69.4%, 78.2%, 80.2%, 67.0%, 78.8%, 68.2%, 70.4%, 58.2%, 50.8%]",,,,
16,weights,4,59,0.04272631578947369,1.0357812747359276,1.117773525416851,0.0001111111111111111,69.74117647058824,"[61.0%, 70.4%, 71.6%, 66.6%, 84.8%, 67.8%, 77.2%, 59.8%, 69.4%, 78.2%, 80.2%, 67.0%, 78.8%, 68.2%, 70.4%, 58.2%, 56.0%]",,,,
16,weights,5,60,0.04272631578947369,1.014284311234951,1.1794618517160416,0.0001111111111111111,69.45882352941177,"[61.0%, 70.4%, 71.6%, 66.6%, 84.8%, 67.8%, 77.2%, 59.8%, 69.4%, 78.2%, 80.2%, 67.0%, 78.8%, 68.2%, 70.4%, 58.2%, 51.2%]",,,,
16,weights,6,61,0.04272631578947369,1.0163733661174774,1.1730303764343262,0.0001111111111111111,69.45882352941177,"[61.0%, 70.4%, 71.6%, 66.6%, 84.8%, 67.8%, 77.2%, 59.8%, 69.4%, 78.2%, 80.2%, 67.0%, 78.8%, 68.2%, 70.4%, 58.2%, 51.2%]",,,,
16,weights,7,62,0.04272631578947369,1.0367812514305115,1.1771809458732605,0.0001111111111111111,69.38823529411765,"[61.0%, 70.4%, 71.6%, 66.6%, 84.8%, 67.8%, 77.2%, 59.8%, 69.4%, 78.2%, 80.2%, 67.0%, 78.8%, 68.2%, 70.4%, 58.2%, 50.0%]",,,,
16,weights,8,63,0.04272631578947369,1.005638673901558,1.2315152063965797,0.0001111111111111111,69.37647058823529,"[61.0%, 70.4%, 71.6%, 66.6%, 84.8%, 67.8%, 77.2%, 59.8%, 69.4%, 78.2%, 80.2%, 67.0%, 78.8%, 68.2%, 70.4%, 58.2%, 49.8%]",,,,
16,weights,9,64,0.04272631578947369,0.9848136126995086,1.1106023862957954,0.0001111111111111111,69.67058823529412,"[61.0%, 70.4%, 71.6%, 66.6%, 84.8%, 67.8%, 77.2%, 59.8%, 69.4%, 78.2%, 80.2%, 67.0%, 78.8%, 68.2%, 70.4%, 58.2%, 54.8%]",,,,
16,weights,10,65,0.04272631578947369,0.9643144890666008,1.154315046966076,0.0001111111111111111,69.54117647058824,"[61.0%, 70.4%, 71.6%, 66.6%, 84.8%, 67.8%, 77.2%, 59.8%, 69.4%, 78.2%, 80.2%, 67.0%, 78.8%, 68.2%, 70.4%, 58.2%, 52.6%]",,,,
16,weights,11,66,0.04272631578947369,0.953660748898983,1.1339277923107147,0.0001111111111111111,69.51764705882354,"[61.0%, 70.4%, 71.6%, 66.6%, 84.8%, 67.8%, 77.2%, 59.8%, 69.4%, 78.2%, 80.2%, 67.0%, 78.8%, 68.2%, 70.4%, 58.2%, 52.2%]",,,,
16,weights,12,67,0.04272631578947369,0.9641453564167023,1.1808792129158974,0.0001111111111111111,69.49411764705883,"[61.0%, 70.4%, 71.6%, 66.6%, 84.8%, 67.8%, 77.2%, 59.8%, 69.4%, 78.2%, 80.2%, 67.0%, 78.8%, 68.2%, 70.4%, 58.2%, 51.8%]",,,,
16,weights,13,68,0.04272631578947369,0.9262950256466865,1.078689768910408,0.0001111111111111111,69.65882352941176,"[61.0%, 70.4%, 71.6%, 66.6%, 84.8%, 67.8%, 77.2%, 59.8%, 69.4%, 78.2%, 80.2%, 67.0%, 78.8%, 68.2%, 70.4%, 58.2%, 54.6%]",,,,
16,weights,14,69,0.04272631578947369,0.9298206567764282,1.1059207990765572,0.0001111111111111111,69.70588235294119,"[61.0%, 70.4%, 71.6%, 66.6%, 84.8%, 67.8%, 77.2%, 59.8%, 69.4%, 78.2%, 80.2%, 67.0%, 78.8%, 68.2%, 70.4%, 58.2%, 55.4%]",,,,
16,weights,15,70,0.04272631578947369,0.9253471031785011,1.1101585552096367,0.0001111111111111111,69.71764705882353,"[61.0%, 70.4%, 71.6%, 66.6%, 84.8%, 67.8%, 77.2%, 59.8%, 69.4%, 78.2%, 80.2%, 67.0%, 78.8%, 68.2%, 70.4%, 58.2%, 55.6%]",,,,
16,weights,16,71,0.04272631578947369,0.9314693376421929,1.0856539234519005,0.0001111111111111111,69.78823529411765,"[61.0%, 70.4%, 71.6%, 66.6%, 84.8%, 67.8%, 77.2%, 59.8%, 69.4%, 78.2%, 80.2%, 67.0%, 78.8%, 68.2%, 70.4%, 58.2%, 56.8%]",,,,
16,weights,17,72,0.04272631578947369,0.9175104290246964,1.0162776559591293,0.0001111111111111111,69.92941176470589,"[61.0%, 70.4%, 71.6%, 66.6%, 84.8%, 67.8%, 77.2%, 59.8%, 69.4%, 78.2%, 80.2%, 67.0%, 78.8%, 68.2%, 70.4%, 58.2%, 59.2%]",,,,
16,weights,18,73,0.04272631578947369,0.9185226887464524,1.0775504186749458,0.0001111111111111111,69.81176470588237,"[61.0%, 70.4%, 71.6%, 66.6%, 84.8%, 67.8%, 77.2%, 59.8%, 69.4%, 78.2%, 80.2%, 67.0%, 78.8%, 68.2%, 70.4%, 58.2%, 57.2%]",,,,
16,weights,19,74,0.04272631578947369,0.93632220774889,1.0304935723543167,0.0001111111111111111,69.94117647058825,"[61.0%, 70.4%, 71.6%, 66.6%, 84.8%, 67.8%, 77.2%, 59.8%, 69.4%, 78.2%, 80.2%, 67.0%, 78.8%, 68.2%, 70.4%, 58.2%, 59.4%]",,,,
16,weights,20,75,0.04272631578947369,0.9236791461706162,1.0590057149529457,0.0001111111111111111,69.84705882352942,"[61.0%, 70.4%, 71.6%, 66.6%, 84.8%, 67.8%, 77.2%, 59.8%, 69.4%, 78.2%, 80.2%, 67.0%, 78.8%, 68.2%, 70.4%, 58.2%, 57.8%]",,,,
16,weights,21,76,0.04272631578947369,0.8980364829301835,1.1583911255002022,0.0001111111111111111,69.67058823529412,"[61.0%, 70.4%, 71.6%, 66.6%, 84.8%, 67.8%, 77.2%, 59.8%, 69.4%, 78.2%, 80.2%, 67.0%, 78.8%, 68.2%, 70.4%, 58.2%, 54.8%]",,,,
16,weights,22,77,0.04272631578947369,0.8879079755395651,1.084416039288044,0.0001111111111111111,69.74117647058824,"[61.0%, 70.4%, 71.6%, 66.6%, 84.8%, 67.8%, 77.2%, 59.8%, 69.4%, 78.2%, 80.2%, 67.0%, 78.8%, 68.2%, 70.4%, 58.2%, 56.0%]",,,,
16,weights,23,78,0.04272631578947369,0.8677738219499588,1.1039044484496117,0.0001111111111111111,69.7529411764706,"[61.0%, 70.4%, 71.6%, 66.6%, 84.8%, 67.8%, 77.2%, 59.8%, 69.4%, 78.2%, 80.2%, 67.0%, 78.8%, 68.2%, 70.4%, 58.2%, 56.2%]",,,,
16,weights,24,79,0.04272631578947369,0.8949708461761474,1.1211741417646408,0.0001111111111111111,69.71764705882353,"[61.0%, 70.4%, 71.6%, 66.6%, 84.8%, 67.8%, 77.2%, 59.8%, 69.4%, 78.2%, 80.2%, 67.0%, 78.8%, 68.2%, 70.4%, 58.2%, 55.6%]",,,,
16,weights,25,80,0.04272631578947369,0.8659716486930847,0.9905486144125462,0.0001111111111111111,69.94117647058825,"[61.0%, 70.4%, 71.6%, 66.6%, 84.8%, 67.8%, 77.2%, 59.8%, 69.4%, 78.2%, 80.2%, 67.0%, 78.8%, 68.2%, 70.4%, 58.2%, 59.4%]",39.71764705882353,"[0.0%, 29.0%, 38.6%, 17.6%, 84.8%, 34.8%, 60.8%, 26.4%, 56.0%, 68.4%, 61.8%, 41.0%, 73.4%, 21.8%, 21.0%, 21.2%, 18.6%]",41.258823529411764,"[47.4%, 53.2%, 29.6%, 17.0%, 65.4%, 53.0%, 68.8%, 26.4%, 64.0%, 32.2%, 56.2%, 27.6%, 57.4%, 44.8%, 18.6%, 30.4%, 9.4%]"
17,parallel,1,1,0.15,11.701974678039551,8.145980656147003,0.0001111111111111111,66.05555555555557,"[61.0%, 70.4%, 71.6%, 66.6%, 84.8%, 67.8%, 77.2%, 59.8%, 69.4%, 78.2%, 80.2%, 67.0%, 78.8%, 68.2%, 70.4%, 58.2%, 59.4%, 0.0%]",,,,
17,parallel,2,2,0.15,7.12799516916275,6.293719589710236,0.0001111111111111111,66.05555555555557,"[61.0%, 70.4%, 71.6%, 66.6%, 84.8%, 67.8%, 77.2%, 59.8%, 69.4%, 78.2%, 80.2%, 67.0%, 78.8%, 68.2%, 70.4%, 58.2%, 59.4%, 0.0%]",,,,
17,parallel,3,3,0.15,5.713402211666107,5.155857503414154,0.0001111111111111111,66.05555555555557,"[61.0%, 70.4%, 71.6%, 66.6%, 84.8%, 67.8%, 77.2%, 59.8%, 69.4%, 78.2%, 80.2%, 67.0%, 78.8%, 68.2%, 70.4%, 58.2%, 59.4%, 0.0%]",,,,
17,parallel,4,4,0.15,4.719452893733978,4.291623532772064,0.0001111111111111111,66.05555555555557,"[61.0%, 70.4%, 71.6%, 66.6%, 84.8%, 67.8%, 77.2%, 59.8%, 69.4%, 78.2%, 80.2%, 67.0%, 78.8%, 68.2%, 70.4%, 58.2%, 59.4%, 0.0%]",,,,
17,parallel,5,5,0.14891955,3.952424186468124,3.6098438799381256,0.0001111111111111111,66.05555555555557,"[61.0%, 70.4%, 71.6%, 66.6%, 84.8%, 67.8%, 77.2%, 59.8%, 69.4%, 78.2%, 80.2%, 67.0%, 78.8%, 68.2%, 70.4%, 58.2%, 59.4%, 0.0%]",,,,
17,parallel,6,6,0.14465190789473684,3.302045297622681,2.9402371048927307,0.0001111111111111111,66.05555555555557,"[61.0%, 70.4%, 71.6%, 66.6%, 84.8%, 67.8%, 77.2%, 59.8%, 69.4%, 78.2%, 80.2%, 67.0%, 78.8%, 68.2%, 70.4%, 58.2%, 59.4%, 0.0%]",,,,
17,parallel,7,7,0.14047091842105264,2.556491506099701,2.193529486656189,0.0001111111111111111,67.16666666666669,"[61.0%, 70.4%, 71.6%, 66.6%, 84.8%, 67.8%, 77.2%, 59.8%, 69.4%, 78.2%, 80.2%, 67.0%, 78.8%, 68.2%, 70.4%, 58.2%, 59.4%, 20.0%]",,,,
17,parallel,8,8,0.1363765815789474,2.006831684708595,1.857866257429123,0.0001111111111111111,67.16666666666669,"[61.0%, 70.4%, 71.6%, 66.6%, 84.8%, 67.8%, 77.2%, 59.8%, 69.4%, 78.2%, 80.2%, 67.0%, 78.8%, 68.2%, 70.4%, 58.2%, 59.4%, 20.0%]",,,,
17,parallel,9,9,0.13236889736842106,1.7984291970729829,1.746374562382698,0.0001111111111111111,67.16666666666669,"[61.0%, 70.4%, 71.6%, 66.6%, 84.8%, 67.8%, 77.2%, 59.8%, 69.4%, 78.2%, 80.2%, 67.0%, 78.8%, 68.2%, 70.4%, 58.2%, 59.4%, 20.0%]",,,,
17,parallel,10,10,0.12844786578947368,1.7230796962976456,1.6989846974611282,0.0001111111111111111,67.16666666666669,"[61.0%, 70.4%, 71.6%, 66.6%, 84.8%, 67.8%, 77.2%, 59.8%, 69.4%, 78.2%, 80.2%, 67.0%, 78.8%, 68.2%, 70.4%, 58.2%, 59.4%, 20.0%]",,,,
17,parallel,11,11,0.12461348684210526,1.684908527135849,1.6685501784086227,0.0001111111111111111,67.16666666666669,"[61.0%, 70.4%, 71.6%, 66.6%, 84.8%, 67.8%, 77.2%, 59.8%, 69.4%, 78.2%, 80.2%, 67.0%, 78.8%, 68.2%, 70.4%, 58.2%, 59.4%, 20.0%]",,,,
17,parallel,12,12,0.12086576052631579,1.6650587528944016,1.6552744209766388,0.0001111111111111111,67.16666666666669,"[61.0%, 70.4%, 71.6%, 66.6%, 84.8%, 67.8%, 77.2%, 59.8%, 69.4%, 78.2%, 80.2%, 67.0%, 78.8%, 68.2%, 70.4%, 58.2%, 59.4%, 20.0%]",,,,
17,parallel,13,13,0.11720468684210526,1.6529878407716752,1.6470185667276382,0.0001111111111111111,67.16666666666669,"[61.0%, 70.4%, 71.6%, 66.6%, 84.8%, 67.8%, 77.2%, 59.8%, 69.4%, 78.2%, 80.2%, 67.0%, 78.8%, 68.2%, 70.4%, 58.2%, 59.4%, 20.0%]",,,,
17,parallel,14,14,0.11363026578947368,1.6475035488605498,1.6407937407493591,0.0001111111111111111,67.14444444444445,"[61.0%, 70.4%, 71.6%, 66.6%, 84.8%, 67.8%, 77.2%, 59.8%, 69.4%, 78.2%, 80.2%, 67.0%, 78.8%, 68.2%, 70.4%, 58.2%, 59.4%, 19.6%]",,,,
17,parallel,15,15,0.11014249736842106,1.641238033771515,1.6378665119409561,0.0001111111111111111,67.16666666666669,"[61.0%, 70.4%, 71.6%, 66.6%, 84.8%, 67.8%, 77.2%, 59.8%, 69.4%, 78.2%, 80.2%, 67.0%, 78.8%, 68.2%, 70.4%, 58.2%, 59.4%, 20.0%]",,,,
17,parallel,16,16,0.10674138157894737,1.6380141913890838,1.633023664355278,0.0001111111111111111,67.15555555555557,"[61.0%, 70.4%, 71.6%, 66.6%, 84.8%, 67.8%, 77.2%, 59.8%, 69.4%, 78.2%, 80.2%, 67.0%, 78.8%, 68.2%, 70.4%, 58.2%, 59.4%, 19.8%]",,,,
17,parallel,17,17,0.10342691842105263,1.6358693063259124,1.6339328438043594,0.0001111111111111111,67.16666666666669,"[61.0%, 70.4%, 71.6%, 66.6%, 84.8%, 67.8%, 77.2%, 59.8%, 69.4%, 78.2%, 80.2%, 67.0%, 78.8%, 68.2%, 70.4%, 58.2%, 59.4%, 20.0%]",,,,
17,parallel,18,18,0.10019910789473684,1.6188249588012695,1.5680433809757233,0.0001111111111111111,68.03333333333335,"[61.0%, 70.4%, 71.6%, 66.6%, 84.8%, 67.8%, 77.2%, 59.8%, 69.4%, 78.2%, 80.2%, 67.0%, 78.8%, 68.2%, 70.4%, 58.2%, 59.4%, 35.6%]",,,,
17,parallel,19,19,0.09705795000000002,1.5647697478532792,1.4653825908899307,0.0001111111111111111,67.92222222222223,"[61.0%, 70.4%, 71.6%, 66.6%, 84.8%, 67.8%, 77.2%, 59.8%, 69.4%, 78.2%, 80.2%, 67.0%, 78.8%, 68.2%, 70.4%, 58.2%, 59.4%, 33.6%]",,,,
17,parallel,20,20,0.0940034447368421,1.4849635750055312,1.387006476521492,0.0001111111111111111,67.9888888888889,"[61.0%, 70.4%, 71.6%, 66.6%, 84.8%, 67.8%, 77.2%, 59.8%, 69.4%, 78.2%, 80.2%, 67.0%, 78.8%, 68.2%, 70.4%, 58.2%, 59.4%, 34.8%]",,,,
17,parallel,21,21,0.09103559210526316,1.5040796905755998,1.386244609951973,0.0001111111111111111,68.05555555555557,"[61.0%, 70.4%, 71.6%, 66.6%, 84.8%, 67.8%, 77.2%, 59.8%, 69.4%, 78.2%, 80.2%, 67.0%, 78.8%, 68.2%, 70.4%, 58.2%, 59.4%, 36.0%]",,,,
17,parallel,22,22,0.08815439210526316,1.402967494726181,1.3445036560297012,0.0001111111111111111,68.14444444444445,"[61.0%, 70.4%, 71.6%, 66.6%, 84.8%, 67.8%, 77.2%, 59.8%, 69.4%, 78.2%, 80.2%, 67.0%, 78.8%, 68.2%, 70.4%, 58.2%, 59.4%, 37.6%]",,,,
17,parallel,23,23,0.0853598447368421,1.4235820531845094,1.3455691784620285,0.0001111111111111111,68.27777777777779,"[61.0%, 70.4%, 71.6%, 66.6%, 84.8%, 67.8%, 77.2%, 59.8%, 69.4%, 78.2%, 80.2%, 67.0%, 78.8%, 68.2%, 70.4%, 58.2%, 59.4%, 40.0%]",,,,
17,parallel,24,24,0.08265195,1.4085103929042817,1.345898114144802,0.0001111111111111111,68.23333333333335,"[61.0%, 70.4%, 71.6%, 66.6%, 84.8%, 67.8%, 77.2%, 59.8%, 69.4%, 78.2%, 80.2%, 67.0%, 78.8%, 68.2%, 70.4%, 58.2%, 59.4%, 39.2%]",,,,
17,parallel,25,25,0.08003070789473685,1.3834326952695846,1.3763069659471512,0.0001111111111111111,68.24444444444447,"[61.0%, 70.4%, 71.6%, 66.6%, 84.8%, 67.8%, 77.2%, 59.8%, 69.4%, 78.2%, 80.2%, 67.0%, 78.8%, 68.2%, 70.4%, 58.2%, 59.4%, 39.4%]",,,,
17,parallel,26,26,0.07749611842105263,1.4030383974313736,1.3392942696809769,0.0001111111111111111,68.44444444444446,"[61.0%, 70.4%, 71.6%, 66.6%, 84.8%, 67.8%, 77.2%, 59.8%, 69.4%, 78.2%, 80.2%, 67.0%, 78.8%, 68.2%, 70.4%, 58.2%, 59.4%, 43.0%]",,,,
17,parallel,27,27,0.07504818157894737,1.3280891984701158,1.3576514273881912,0.0001111111111111111,68.24444444444447,"[61.0%, 70.4%, 71.6%, 66.6%, 84.8%, 67.8%, 77.2%, 59.8%, 69.4%, 78.2%, 80.2%, 67.0%, 78.8%, 68.2%, 70.4%, 58.2%, 59.4%, 39.4%]",,,,
17,parallel,28,28,0.07268689736842104,1.3060178458690643,1.2556972280144691,0.0001111111111111111,68.71111111111112,"[61.0%, 70.4%, 71.6%, 66.6%, 84.8%, 67.8%, 77.2%, 59.8%, 69.4%, 78.2%, 80.2%, 67.0%, 78.8%, 68.2%, 70.4%, 58.2%, 59.4%, 47.8%]",,,,
17,parallel,29,29,0.07041226578947368,1.2172136753797531,1.2043329179286957,0.0001111111111111111,68.83333333333334,"[61.0%, 70.4%, 71.6%, 66.6%, 84.8%, 67.8%, 77.2%, 59.8%, 69.4%, 78.2%, 80.2%, 67.0%, 78.8%, 68.2%, 70.4%, 58.2%, 59.4%, 50.0%]",,,,
17,parallel,30,30,0.06822428684210527,1.2474021285772323,1.1535344049334526,0.0001111111111111111,69.02222222222224,"[61.0%, 70.4%, 71.6%, 66.6%, 84.8%, 67.8%, 77.2%, 59.8%, 69.4%, 78.2%, 80.2%, 67.0%, 78.8%, 68.2%, 70.4%, 58.2%, 59.4%, 53.4%]",,,,
17,parallel,31,31,0.06612296052631579,1.152147713303566,1.1035103723406792,0.0001111111111111111,69.13333333333335,"[61.0%, 70.4%, 71.6%, 66.6%, 84.8%, 67.8%, 77.2%, 59.8%, 69.4%, 78.2%, 80.2%, 67.0%, 78.8%, 68.2%, 70.4%, 58.2%, 59.4%, 55.4%]",,,,
17,parallel,32,32,0.06410828684210526,1.1066973343491555,1.1158630922436714,0.0001111111111111111,69.17777777777779,"[61.0%, 70.4%, 71.6%, 66.6%, 84.8%, 67.8%, 77.2%, 59.8%, 69.4%, 78.2%, 80.2%, 67.0%, 78.8%, 68.2%, 70.4%, 58.2%, 59.4%, 56.2%]",,,,
17,parallel,33,33,0.06218026578947369,1.402646355330944,1.339473381638527,0.0001111111111111111,68.55555555555557,"[61.0%, 70.4%, 71.6%, 66.6%, 84.8%, 67.8%, 77.2%, 59.8%, 69.4%, 78.2%, 80.2%, 67.0%, 78.8%, 68.2%, 70.4%, 58.2%, 59.4%, 45.0%]",,,,
17,parallel,34,34,0.06033889736842106,1.3225600302219391,1.2427199631929398,0.0001111111111111111,68.81111111111112,"[61.0%, 70.4%, 71.6%, 66.6%, 84.8%, 67.8%, 77.2%, 59.8%, 69.4%, 78.2%, 80.2%, 67.0%, 78.8%, 68.2%, 70.4%, 58.2%, 59.4%, 49.6%]",,,,
17,parallel,35,35,0.058584181578947375,1.1896187752485274,1.144075222313404,0.0001111111111111111,69.2,"[61.0%, 70.4%, 71.6%, 66.6%, 84.8%, 67.8%, 77.2%, 59.8%, 69.4%, 78.2%, 80.2%, 67.0%, 78.8%, 68.2%, 70.4%, 58.2%, 59.4%, 56.6%]",,,,
17,parallel,36,36,0.05691611842105264,1.1547274902462958,1.1190876141190529,0.0001111111111111111,69.23333333333335,"[61.0%, 70.4%, 71.6%, 66.6%, 84.8%, 67.8%, 77.2%, 59.8%, 69.4%, 78.2%, 80.2%, 67.0%, 78.8%, 68.2%, 70.4%, 58.2%, 59.4%, 57.2%]",,,,
17,parallel,37,37,0.05533470789473685,1.1209512874484062,1.0989168211817741,0.0001111111111111111,69.34444444444446,"[61.0%, 70.4%, 71.6%, 66.6%, 84.8%, 67.8%, 77.2%, 59.8%, 69.4%, 78.2%, 80.2%, 67.0%, 78.8%, 68.2%, 70.4%, 58.2%, 59.4%, 59.2%]",,,,
17,parallel,38,38,0.053839950000000004,1.130058118700981,1.1155655980110168,0.0001111111111111111,69.22222222222223,"[61.0%, 70.4%, 71.6%, 66.6%, 84.8%, 67.8%, 77.2%, 59.8%, 69.4%, 78.2%, 80.2%, 67.0%, 78.8%, 68.2%, 70.4%, 58.2%, 59.4%, 57.0%]",,,,
17,parallel,39,39,0.052431844736842106,1.1709941759705544,1.0674859955906868,0.0001111111111111111,69.22222222222223,"[61.0%, 70.4%, 71.6%, 66.6%, 84.8%, 67.8%, 77.2%, 59.8%, 69.4%, 78.2%, 80.2%, 67.0%, 78.8%, 68.2%, 70.4%, 58.2%, 59.4%, 57.0%]",,,,
17,parallel,40,40,0.051110392105263164,1.104489466547966,1.0574024394154549,0.0001111111111111111,69.21111111111112,"[61.0%, 70.4%, 71.6%, 66.6%, 84.8%, 67.8%, 77.2%, 59.8%, 69.4%, 78.2%, 80.2%, 67.0%, 78.8%, 68.2%, 70.4%, 58.2%, 59.4%, 56.8%]",,,,
17,parallel,41,41,0.04987559210526316,1.121636238694191,1.0810819044709206,0.0001111111111111111,69.26666666666668,"[61.0%, 70.4%, 71.6%, 66.6%, 84.8%, 67.8%, 77.2%, 59.8%, 69.4%, 78.2%, 80.2%, 67.0%, 78.8%, 68.2%, 70.4%, 58.2%, 59.4%, 57.8%]",,,,
17,parallel,42,42,0.04872744473684211,1.122621101140976,1.0651738867163658,0.0001111111111111111,69.31111111111112,"[61.0%, 70.4%, 71.6%, 66.6%, 84.8%, 67.8%, 77.2%, 59.8%, 69.4%, 78.2%, 80.2%, 67.0%, 78.8%, 68.2%, 70.4%, 58.2%, 59.4%, 58.6%]",,,,
17,parallel,43,43,0.047665950000000006,1.0796170577406883,1.0499629378318787,0.0001111111111111111,69.43333333333334,"[61.0%, 70.4%, 71.6%, 66.6%, 84.8%, 67.8%, 77.2%, 59.8%, 69.4%, 78.2%, 80.2%, 67.0%, 78.8%, 68.2%, 70.4%, 58.2%, 59.4%, 60.8%]",,,,
17,parallel,44,44,0.04669110789473685,1.4414719566702843,1.4043222218751907,0.0001111111111111111,68.14444444444445,"[61.0%, 70.4%, 71.6%, 66.6%, 84.8%, 67.8%, 77.2%, 59.8%, 69.4%, 78.2%, 80.2%, 67.0%, 78.8%, 68.2%, 70.4%, 58.2%, 59.4%, 37.6%]",,,,
17,parallel,45,45,0.045802918421052635,1.424797859787941,1.3502830415964127,0.0001111111111111111,68.25555555555556,"[61.0%, 70.4%, 71.6%, 66.6%, 84.8%, 67.8%, 77.2%, 59.8%, 69.4%, 78.2%, 80.2%, 67.0%, 78.8%, 68.2%, 70.4%, 58.2%, 59.4%, 39.6%]",,,,
17,parallel,46,46,0.045001381578947376,1.3631682306528092,1.3428796529769897,0.0001111111111111111,68.36666666666667,"[61.0%, 70.4%, 71.6%, 66.6%, 84.8%, 67.8%, 77.2%, 59.8%, 69.4%, 78.2%, 80.2%, 67.0%, 78.8%, 68.2%, 70.4%, 58.2%, 59.4%, 41.6%]",,,,
17,parallel,47,47,0.04428649736842106,1.3890781372785568,1.3091226667165756,0.0001111111111111111,68.55555555555557,"[61.0%, 70.4%, 71.6%, 66.6%, 84.8%, 67.8%, 77.2%, 59.8%, 69.4%, 78.2%, 80.2%, 67.0%, 78.8%, 68.2%, 70.4%, 58.2%, 59.4%, 45.0%]",,,,
17,parallel,48,48,0.04365826578947369,1.3161527529358863,1.2801910862326622,0.0001111111111111111,68.81111111111112,"[61.0%, 70.4%, 71.6%, 66.6%, 84.8%, 67.8%, 77.2%, 59.8%, 69.4%, 78.2%, 80.2%, 67.0%, 78.8%, 68.2%, 70.4%, 58.2%, 59.4%, 49.6%]",,,,
17,parallel,49,49,0.04311668684210527,1.273007008433342,1.2529736682772636,0.0001111111111111111,68.80000000000001,"[61.0%, 70.4%, 71.6%, 66.6%, 84.8%, 67.8%, 77.2%, 59.8%, 69.4%, 78.2%, 80.2%, 67.0%, 78.8%, 68.2%, 70.4%, 58.2%, 59.4%, 49.4%]",,,,
17,parallel,50,50,0.042661760526315796,1.2783689677715302,1.2640330642461777,0.0001111111111111111,68.83333333333334,"[61.0%, 70.4%, 71.6%, 66.6%, 84.8%, 67.8%, 77.2%, 59.8%, 69.4%, 78.2%, 80.2%, 67.0%, 78.8%, 68.2%, 70.4%, 58.2%, 59.4%, 50.0%]",,,,
17,parallel,51,51,0.042293486842105266,1.2193586647510528,1.2414329200983047,0.0001111111111111111,68.77777777777779,"[61.0%, 70.4%, 71.6%, 66.6%, 84.8%, 67.8%, 77.2%, 59.8%, 69.4%, 78.2%, 80.2%, 67.0%, 78.8%, 68.2%, 70.4%, 58.2%, 59.4%, 49.0%]",,,,
17,parallel,52,52,0.04201186578947369,1.1897767424583434,1.2248987779021263,0.0001111111111111111,68.95555555555558,"[61.0%, 70.4%, 71.6%, 66.6%, 84.8%, 67.8%, 77.2%, 59.8%, 69.4%, 78.2%, 80.2%, 67.0%, 78.8%, 68.2%, 70.4%, 58.2%, 59.4%, 52.2%]",,,,
17,parallel,53,53,0.041816897368421056,1.1460899218916893,1.2750472351908684,0.0001111111111111111,68.7888888888889,"[61.0%, 70.4%, 71.6%, 66.6%, 84.8%, 67.8%, 77.2%, 59.8%, 69.4%, 78.2%, 80.2%, 67.0%, 78.8%, 68.2%, 70.4%, 58.2%, 59.4%, 49.2%]",,,,
17,parallel,54,54,0.04170858157894738,1.1331009089946746,1.1977918073534966,0.0001111111111111111,69.02222222222224,"[61.0%, 70.4%, 71.6%, 66.6%, 84.8%, 67.8%, 77.2%, 59.8%, 69.4%, 78.2%, 80.2%, 67.0%, 78.8%, 68.2%, 70.4%, 58.2%, 59.4%, 53.4%]",,,,
17,parallel,55,55,0.041684210526315796,1.138829381763935,1.1765069514513016,0.0001111111111111111,69.00000000000001,"[61.0%, 70.4%, 71.6%, 66.6%, 84.8%, 67.8%, 77.2%, 59.8%, 69.4%, 78.2%, 80.2%, 67.0%, 78.8%, 68.2%, 70.4%, 58.2%, 59.4%, 53.0%]",,,,
17,weights,1,56,0.041684210526315796,1.1380115374922752,1.1668160557746887,0.0001111111111111111,69.04444444444445,"[61.0%, 70.4%, 71.6%, 66.6%, 84.8%, 67.8%, 77.2%, 59.8%, 69.4%, 78.2%, 80.2%, 67.0%, 78.8%, 68.2%, 70.4%, 58.2%, 59.4%, 53.8%]",,,,
17,weights,2,57,0.041684210526315796,1.1277694717049598,1.140575684607029,0.0001111111111111111,69.26666666666668,"[61.0%, 70.4%, 71.6%, 66.6%, 84.8%, 67.8%, 77.2%, 59.8%, 69.4%, 78.2%, 80.2%, 67.0%, 78.8%, 68.2%, 70.4%, 58.2%, 59.4%, 57.8%]",,,,
17,weights,3,58,0.041684210526315796,1.1208948820829392,1.132657676935196,0.0001111111111111111,69.22222222222223,"[61.0%, 70.4%, 71.6%, 66.6%, 84.8%, 67.8%, 77.2%, 59.8%, 69.4%, 78.2%, 80.2%, 67.0%, 78.8%, 68.2%, 70.4%, 58.2%, 59.4%, 57.0%]",,,,
17,weights,4,59,0.041684210526315796,1.1112887591123581,1.1520908921957016,0.0001111111111111111,69.11111111111113,"[61.0%, 70.4%, 71.6%, 66.6%, 84.8%, 67.8%, 77.2%, 59.8%, 69.4%, 78.2%, 80.2%, 67.0%, 78.8%, 68.2%, 70.4%, 58.2%, 59.4%, 55.0%]",,,,
17,weights,5,60,0.041684210526315796,1.0873541876673698,1.136547602713108,0.0001111111111111111,69.27777777777779,"[61.0%, 70.4%, 71.6%, 66.6%, 84.8%, 67.8%, 77.2%, 59.8%, 69.4%, 78.2%, 80.2%, 67.0%, 78.8%, 68.2%, 70.4%, 58.2%, 59.4%, 58.0%]",,,,
17,weights,6,61,0.041684210526315796,1.0859588518738748,1.1043210253119469,0.0001111111111111111,69.35555555555557,"[61.0%, 70.4%, 71.6%, 66.6%, 84.8%, 67.8%, 77.2%, 59.8%, 69.4%, 78.2%, 80.2%, 67.0%, 78.8%, 68.2%, 70.4%, 58.2%, 59.4%, 59.4%]",,,,
17,weights,7,62,0.041684210526315796,1.0819936364889144,1.073929838836193,0.0001111111111111111,69.56666666666668,"[61.0%, 70.4%, 71.6%, 66.6%, 84.8%, 67.8%, 77.2%, 59.8%, 69.4%, 78.2%, 80.2%, 67.0%, 78.8%, 68.2%, 70.4%, 58.2%, 59.4%, 63.2%]",,,,
17,weights,8,63,0.041684210526315796,1.0501554377377034,1.0546324849128723,0.0001111111111111111,69.5777777777778,"[61.0%, 70.4%, 71.6%, 66.6%, 84.8%, 67.8%, 77.2%, 59.8%, 69.4%, 78.2%, 80.2%, 67.0%, 78.8%, 68.2%, 70.4%, 58.2%, 59.4%, 63.4%]",,,,
17,weights,9,64,0.041684210526315796,1.0447417408227921,1.0636495351791382,0.0001111111111111111,69.43333333333334,"[61.0%, 70.4%, 71.6%, 66.6%, 84.8%, 67.8%, 77.2%, 59.8%, 69.4%, 78.2%, 80.2%, 67.0%, 78.8%, 68.2%, 70.4%, 58.2%, 59.4%, 60.8%]",,,,
17,weights,10,65,0.041684210526315796,1.0823638513684273,1.0267569795250893,0.0001111111111111111,69.50000000000001,"[61.0%, 70.4%, 71.6%, 66.6%, 84.8%, 67.8%, 77.2%, 59.8%, 69.4%, 78.2%, 80.2%, 67.0%, 78.8%, 68.2%, 70.4%, 58.2%, 59.4%, 62.0%]",,,,
17,weights,11,66,0.041684210526315796,1.0383480593562127,1.0371444895863533,0.0001111111111111111,69.3888888888889,"[61.0%, 70.4%, 71.6%, 66.6%, 84.8%, 67.8%, 77.2%, 59.8%, 69.4%, 78.2%, 80.2%, 67.0%, 78.8%, 68.2%, 70.4%, 58.2%, 59.4%, 60.0%]",,,,
17,weights,12,67,0.041684210526315796,1.0250703319907188,1.0193095430731773,0.0001111111111111111,69.47777777777779,"[61.0%, 70.4%, 71.6%, 66.6%, 84.8%, 67.8%, 77.2%, 59.8%, 69.4%, 78.2%, 80.2%, 67.0%, 78.8%, 68.2%, 70.4%, 58.2%, 59.4%, 61.6%]",,,,
17,weights,13,68,0.041684210526315796,1.019100844860077,1.0139651224017143,0.0001111111111111111,69.47777777777779,"[61.0%, 70.4%, 71.6%, 66.6%, 84.8%, 67.8%, 77.2%, 59.8%, 69.4%, 78.2%, 80.2%, 67.0%, 78.8%, 68.2%, 70.4%, 58.2%, 59.4%, 61.6%]",,,,
17,weights,14,69,0.041684210526315796,1.0335983991622926,1.0264654904603958,0.0001111111111111111,69.44444444444446,"[61.0%, 70.4%, 71.6%, 66.6%, 84.8%, 67.8%, 77.2%, 59.8%, 69.4%, 78.2%, 80.2%, 67.0%, 78.8%, 68.2%, 70.4%, 58.2%, 59.4%, 61.0%]",,,,
17,weights,15,70,0.041684210526315796,1.0329432353377341,1.0158331021666527,0.0001111111111111111,69.45555555555558,"[61.0%, 70.4%, 71.6%, 66.6%, 84.8%, 67.8%, 77.2%, 59.8%, 69.4%, 78.2%, 80.2%, 67.0%, 78.8%, 68.2%, 70.4%, 58.2%, 59.4%, 61.2%]",,,,
17,weights,16,71,0.041684210526315796,1.0208490088582038,1.050393097102642,0.0001111111111111111,69.44444444444446,"[61.0%, 70.4%, 71.6%, 66.6%, 84.8%, 67.8%, 77.2%, 59.8%, 69.4%, 78.2%, 80.2%, 67.0%, 78.8%, 68.2%, 70.4%, 58.2%, 59.4%, 61.0%]",,,,
17,weights,17,72,0.041684210526315796,1.011542658507824,1.0023036673665047,0.0001111111111111111,69.42222222222223,"[61.0%, 70.4%, 71.6%, 66.6%, 84.8%, 67.8%, 77.2%, 59.8%, 69.4%, 78.2%, 80.2%, 67.0%, 78.8%, 68.2%, 70.4%, 58.2%, 59.4%, 60.6%]",,,,
17,weights,18,73,0.041684210526315796,1.005536934733391,1.023548111319542,0.0001111111111111111,69.43333333333334,"[61.0%, 70.4%, 71.6%, 66.6%, 84.8%, 67.8%, 77.2%, 59.8%, 69.4%, 78.2%, 80.2%, 67.0%, 78.8%, 68.2%, 70.4%, 58.2%, 59.4%, 60.8%]",,,,
17,weights,19,74,0.041684210526315796,0.9963479965925217,1.0340017154812813,0.0001111111111111111,69.43333333333334,"[61.0%, 70.4%, 71.6%, 66.6%, 84.8%, 67.8%, 77.2%, 59.8%, 69.4%, 78.2%, 80.2%, 67.0%, 78.8%, 68.2%, 70.4%, 58.2%, 59.4%, 60.8%]",,,,
17,weights,20,75,0.041684210526315796,1.0152671664953232,1.0067365393042564,0.0001111111111111111,69.41111111111113,"[61.0%, 70.4%, 71.6%, 66.6%, 84.8%, 67.8%, 77.2%, 59.8%, 69.4%, 78.2%, 80.2%, 67.0%, 78.8%, 68.2%, 70.4%, 58.2%, 59.4%, 60.4%]",,,,
17,weights,21,76,0.041684210526315796,0.973002414405346,1.0149646401405334,0.0001111111111111111,69.53333333333335,"[61.0%, 70.4%, 71.6%, 66.6%, 84.8%, 67.8%, 77.2%, 59.8%, 69.4%, 78.2%, 80.2%, 67.0%, 78.8%, 68.2%, 70.4%, 58.2%, 59.4%, 62.6%]",,,,
17,weights,22,77,0.041684210526315796,0.963864616304636,0.9903318509459496,0.0001111111111111111,69.61111111111113,"[61.0%, 70.4%, 71.6%, 66.6%, 84.8%, 67.8%, 77.2%, 59.8%, 69.4%, 78.2%, 80.2%, 67.0%, 78.8%, 68.2%, 70.4%, 58.2%, 59.4%, 64.0%]",,,,
17,weights,23,78,0.041684210526315796,0.9867019951343536,0.9965122193098068,0.0001111111111111111,69.55555555555557,"[61.0%, 70.4%, 71.6%, 66.6%, 84.8%, 67.8%, 77.2%, 59.8%, 69.4%, 78.2%, 80.2%, 67.0%, 78.8%, 68.2%, 70.4%, 58.2%, 59.4%, 63.0%]",,,,
17,weights,24,79,0.041684210526315796,0.9848664194345474,1.0064395442605019,0.0001111111111111111,69.50000000000001,"[61.0%, 70.4%, 71.6%, 66.6%, 84.8%, 67.8%, 77.2%, 59.8%, 69.4%, 78.2%, 80.2%, 67.0%, 78.8%, 68.2%, 70.4%, 58.2%, 59.4%, 62.0%]",,,,
17,weights,25,80,0.041684210526315796,0.9781388774514198,0.9914907217025757,0.0001111111111111111,69.50000000000001,"[61.0%, 70.4%, 71.6%, 66.6%, 84.8%, 67.8%, 77.2%, 59.8%, 69.4%, 78.2%, 80.2%, 67.0%, 78.8%, 68.2%, 70.4%, 58.2%, 59.4%, 62.0%]",37.51111111111111,"[0.0%, 29.0%, 38.6%, 17.6%, 84.8%, 34.8%, 60.8%, 26.4%, 56.0%, 68.4%, 61.8%, 41.0%, 73.4%, 21.8%, 21.0%, 21.2%, 18.6%, 0.0%]",42.099999999999994,"[47.4%, 62.2%, 29.0%, 25.6%, 65.4%, 53.0%, 61.2%, 26.4%, 69.4%, 32.2%, 56.2%, 19.8%, 57.4%, 44.8%, 18.6%, 30.4%, 25.8%, 33.0%]"
18,parallel,1,1,0.1,8.270784950256347,6.094964802265167,0.0001111111111111111,65.8421052631579,"[61.0%, 70.4%, 71.6%, 66.6%, 84.8%, 67.8%, 77.2%, 59.8%, 69.4%, 78.2%, 80.2%, 67.0%, 78.8%, 68.2%, 70.4%, 58.2%, 59.4%, 62.0%, 0.0%]",,,,
18,parallel,2,2,0.1,5.650993072986603,5.282873034477234,0.0001111111111111111,65.8421052631579,"[61.0%, 70.4%, 71.6%, 66.6%, 84.8%, 67.8%, 77.2%, 59.8%, 69.4%, 78.2%, 80.2%, 67.0%, 78.8%, 68.2%, 70.4%, 58.2%, 59.4%, 62.0%, 0.0%]",,,,
18,parallel,3,3,0.1,4.996070611476898,4.7098888754844666,0.0001111111111111111,65.8421052631579,"[61.0%, 70.4%, 71.6%, 66.6%, 84.8%, 67.8%, 77.2%, 59.8%, 69.4%, 78.2%, 80.2%, 67.0%, 78.8%, 68.2%, 70.4%, 58.2%, 59.4%, 62.0%, 0.0%]",,,,
18,parallel,4,4,0.1,4.461150670051575,4.207144916057587,0.0001111111111111111,65.8421052631579,"[61.0%, 70.4%, 71.6%, 66.6%, 84.8%, 67.8%, 77.2%, 59.8%, 69.4%, 78.2%, 80.2%, 67.0%, 78.8%, 68.2%, 70.4%, 58.2%, 59.4%, 62.0%, 0.0%]",,,,
18,parallel,5,5,0.099407905,3.9546217143535616,3.6405742466449738,0.0001111111111111111,65.8421052631579,"[61.0%, 70.4%, 71.6%, 66.6%, 84.8%, 67.8%, 77.2%, 59.8%, 69.4%, 78.2%, 80.2%, 67.0%, 78.8%, 68.2%, 70.4%, 58.2%, 59.4%, 62.0%, 0.0%]",,,,
18,parallel,6,6,0.09706920394736843,3.303151524066925,2.863602638244629,0.0001111111111111111,66.89473684210527,"[61.0%, 70.4%, 71.6%, 66.6%, 84.8%, 67.8%, 77.2%, 59.8%, 69.4%, 78.2%, 80.2%, 67.0%, 78.8%, 68.2%, 70.4%, 58.2%, 59.4%, 62.0%, 20.0%]",,,,
18,parallel,7,7,0.09477798921052633,3.019541543722153,2.631377398967743,0.0001111111111111111,66.89473684210527,"[61.0%, 70.4%, 71.6%, 66.6%, 84.8%, 67.8%, 77.2%, 59.8%, 69.4%, 78.2%, 80.2%, 67.0%, 78.8%, 68.2%, 70.4%, 58.2%, 59.4%, 62.0%, 20.0%]",,,,
18,parallel,8,8,0.0925342607894737,2.3741027772426606,2.1310856342315674,0.0001111111111111111,66.89473684210527,"[61.0%, 70.4%, 71.6%, 66.6%, 84.8%, 67.8%, 77.2%, 59.8%, 69.4%, 78.2%, 80.2%, 67.0%, 78.8%, 68.2%, 70.4%, 58.2%, 59.4%, 62.0%, 20.0%]",,,,
18,parallel,9,9,0.09033801868421054,2.008503904938698,1.900915578007698,0.0001111111111111111,66.89473684210527,"[61.0%, 70.4%, 71.6%, 66.6%, 84.8%, 67.8%, 77.2%, 59.8%, 69.4%, 78.2%, 80.2%, 67.0%, 78.8%, 68.2%, 70.4%, 58.2%, 59.4%, 62.0%, 20.0%]",,,,
18,parallel,10,10,0.08818926289473684,1.8473072439432143,1.7911834865808487,0.0001111111111111111,66.89473684210527,"[61.0%, 70.4%, 71.6%, 66.6%, 84.8%, 67.8%, 77.2%, 59.8%, 69.4%, 78.2%, 80.2%, 67.0%, 78.8%, 68.2%, 70.4%, 58.2%, 59.4%, 62.0%, 20.0%]",,,,
18,parallel,11,11,0.08608799342105264,1.8701612532138825,1.8092288821935654,0.0001111111111111111,66.89473684210527,"[61.0%, 70.4%, 71.6%, 66.6%, 84.8%, 67.8%, 77.2%, 59.8%, 69.4%, 78.2%, 80.2%, 67.0%, 78.8%, 68.2%, 70.4%, 58.2%, 59.4%, 62.0%, 20.0%]",,,,
18,parallel,12,12,0.0840342102631579,1.8060953229665757,1.758404865860939,0.0001111111111111111,66.89473684210527,"[61.0%, 70.4%, 71.6%, 66.6%, 84.8%, 67.8%, 77.2%, 59.8%, 69.4%, 78.2%, 80.2%, 67.0%, 78.8%, 68.2%, 70.4%, 58.2%, 59.4%, 62.0%, 20.0%]",,,,
18,parallel,13,13,0.08202791342105265,1.7468353301286696,1.7211080640554428,0.0001111111111111111,66.89473684210527,"[61.0%, 70.4%, 71.6%, 66.6%, 84.8%, 67.8%, 77.2%, 59.8%, 69.4%, 78.2%, 80.2%, 67.0%, 78.8%, 68.2%, 70.4%, 58.2%, 59.4%, 62.0%, 20.0%]",,,,
18,parallel,14,14,0.08006910289473684,1.7082179933786392,1.693487286567688,0.0001111111111111111,66.89473684210527,"[61.0%, 70.4%, 71.6%, 66.6%, 84.8%, 67.8%, 77.2%, 59.8%, 69.4%, 78.2%, 80.2%, 67.0%, 78.8%, 68.2%, 70.4%, 58.2%, 59.4%, 62.0%, 20.0%]",,,,
18,parallel,15,15,0.07815777868421053,1.6857452780008315,1.6764696091413498,0.0001111111111111111,66.89473684210527,"[61.0%, 70.4%, 71.6%, 66.6%, 84.8%, 67.8%, 77.2%, 59.8%, 69.4%, 78.2%, 80.2%, 67.0%, 78.8%, 68.2%, 70.4%, 58.2%, 59.4%, 62.0%, 20.0%]",,,,
18,parallel,16,16,0.07629394078947369,1.670263621211052,1.6494269967079163,0.0001111111111111111,66.89473684210527,"[61.0%, 70.4%, 71.6%, 66.6%, 84.8%, 67.8%, 77.2%, 59.8%, 69.4%, 78.2%, 80.2%, 67.0%, 78.8%, 68.2%, 70.4%, 58.2%, 59.4%, 62.0%, 20.0%]",,,,
18,parallel,17,17,0.07447758921052633,1.7062256455421447,1.6912501007318497,0.0001111111111111111,66.89473684210527,"[61.0%, 70.4%, 71.6%, 66.6%, 84.8%, 67.8%, 77.2%, 59.8%, 69.4%, 78.2%, 80.2%, 67.0%, 78.8%, 68.2%, 70.4%, 58.2%, 59.4%, 62.0%, 20.0%]",,,,
18,parallel,18,18,0.07270872394736842,1.7101213783025742,1.6928292661905289,0.0001111111111111111,66.89473684210527,"[61.0%, 70.4%, 71.6%, 66.6%, 84.8%, 67.8%, 77.2%, 59.8%, 69.4%, 78.2%, 80.2%, 67.0%, 78.8%, 68.2%, 70.4%, 58.2%, 59.4%, 62.0%, 20.0%]",,,,
18,parallel,19,19,0.07098734500000001,1.6841944307088852,1.6734355837106705,0.0001111111111111111,66.89473684210527,"[61.0%, 70.4%, 71.6%, 66.6%, 84.8%, 67.8%, 77.2%, 59.8%, 69.4%, 78.2%, 80.2%, 67.0%, 78.8%, 68.2%, 70.4%, 58.2%, 59.4%, 62.0%, 20.0%]",,,,
18,parallel,20,20,0.06931345236842107,1.6726615279912949,1.6603649854660034,0.0001111111111111111,66.89473684210527,"[61.0%, 70.4%, 71.6%, 66.6%, 84.8%, 67.8%, 77.2%, 59.8%, 69.4%, 78.2%, 80.2%, 67.0%, 78.8%, 68.2%, 70.4%, 58.2%, 59.4%, 62.0%, 20.0%]",,,,
18,parallel,21,21,0.0676870460526316,1.657807931303978,1.6507840007543564,0.0001111111111111111,66.89473684210527,"[61.0%, 70.4%, 71.6%, 66.6%, 84.8%, 67.8%, 77.2%, 59.8%, 69.4%, 78.2%, 80.2%, 67.0%, 78.8%, 68.2%, 70.4%, 58.2%, 59.4%, 62.0%, 20.0%]",,,,
18,parallel,22,22,0.06610812605263158,1.654240933060646,1.6440223902463913,0.0001111111111111111,66.89473684210527,"[61.0%, 70.4%, 71.6%, 66.6%, 84.8%, 67.8%, 77.2%, 59.8%, 69.4%, 78.2%, 80.2%, 67.0%, 78.8%, 68.2%, 70.4%, 58.2%, 59.4%, 62.0%, 20.0%]",,,,
18,parallel,23,23,0.06457669236842106,1.6422352850437165,1.6359014362096786,0.0001111111111111111,66.89473684210527,"[61.0%, 70.4%, 71.6%, 66.6%, 84.8%, 67.8%, 77.2%, 59.8%, 69.4%, 78.2%, 80.2%, 67.0%, 78.8%, 68.2%, 70.4%, 58.2%, 59.4%, 62.0%, 20.0%]",,,,
18,parallel,24,24,0.063092745,1.638354054093361,1.6326464712619781,0.0001111111111111111,66.89473684210527,"[61.0%, 70.4%, 71.6%, 66.6%, 84.8%, 67.8%, 77.2%, 59.8%, 69.4%, 78.2%, 80.2%, 67.0%, 78.8%, 68.2%, 70.4%, 58.2%, 59.4%, 62.0%, 20.0%]",,,,
18,parallel,25,25,0.061656283947368426,1.6331640392541886,1.6299166083335876,0.0001111111111111111,66.89473684210527,"[61.0%, 70.4%, 71.6%, 66.6%, 84.8%, 67.8%, 77.2%, 59.8%, 69.4%, 78.2%, 80.2%, 67.0%, 78.8%, 68.2%, 70.4%, 58.2%, 59.4%, 62.0%, 20.0%]",,,,
18,parallel,26,26,0.060267309210526324,1.6296263724565505,1.6252956539392471,0.0001111111111111111,66.89473684210527,"[61.0%, 70.4%, 71.6%, 66.6%, 84.8%, 67.8%, 77.2%, 59.8%, 69.4%, 78.2%, 80.2%, 67.0%, 78.8%, 68.2%, 70.4%, 58.2%, 59.4%, 62.0%, 20.0%]",,,,
18,parallel,27,27,0.058925820789473685,1.627806305885315,1.6241811513900757,0.0001111111111111111,67.06315789473686,"[61.0%, 70.4%, 71.6%, 66.6%, 84.8%, 67.8%, 77.2%, 59.8%, 69.4%, 78.2%, 80.2%, 67.0%, 78.8%, 68.2%, 70.4%, 58.2%, 59.4%, 62.0%, 23.2%]",,,,
18,parallel,28,28,0.05763181868421052,1.6296670138835907,1.6250604689121246,0.0001111111111111111,66.89473684210527,"[61.0%, 70.4%, 71.6%, 66.6%, 84.8%, 67.8%, 77.2%, 59.8%, 69.4%, 78.2%, 80.2%, 67.0%, 78.8%, 68.2%, 70.4%, 58.2%, 59.4%, 62.0%, 20.0%]",,,,
18,parallel,29,29,0.05638530289473685,1.6235584974288941,1.6206160485744476,0.0001111111111111111,66.90526315789475,"[61.0%, 70.4%, 71.6%, 66.6%, 84.8%, 67.8%, 77.2%, 59.8%, 69.4%, 78.2%, 80.2%, 67.0%, 78.8%, 68.2%, 70.4%, 58.2%, 59.4%, 62.0%, 20.2%]",,,,
18,parallel,30,30,0.05518627342105264,1.6053634732961655,1.5724959969520569,0.0001111111111111111,67.50526315789475,"[61.0%, 70.4%, 71.6%, 66.6%, 84.8%, 67.8%, 77.2%, 59.8%, 69.4%, 78.2%, 80.2%, 67.0%, 78.8%, 68.2%, 70.4%, 58.2%, 59.4%, 62.0%, 31.6%]",,,,
18,parallel,31,31,0.0540347302631579,1.4709574788808824,1.4156251549720764,0.0001111111111111111,67.49473684210528,"[61.0%, 70.4%, 71.6%, 66.6%, 84.8%, 67.8%, 77.2%, 59.8%, 69.4%, 78.2%, 80.2%, 67.0%, 78.8%, 68.2%, 70.4%, 58.2%, 59.4%, 62.0%, 31.4%]",,,,
18,parallel,32,32,0.052930673421052635,1.3576177924871444,1.2967132478952408,0.0001111111111111111,67.54736842105265,"[61.0%, 70.4%, 71.6%, 66.6%, 84.8%, 67.8%, 77.2%, 59.8%, 69.4%, 78.2%, 80.2%, 67.0%, 78.8%, 68.2%, 70.4%, 58.2%, 59.4%, 62.0%, 32.4%]",,,,
18,parallel,33,33,0.05187410289473685,1.2755701050162316,1.2341777384281158,0.0001111111111111111,67.83157894736843,"[61.0%, 70.4%, 71.6%, 66.6%, 84.8%, 67.8%, 77.2%, 59.8%, 69.4%, 78.2%, 80.2%, 67.0%, 78.8%, 68.2%, 70.4%, 58.2%, 59.4%, 62.0%, 37.8%]",,,,
18,parallel,34,34,0.05086501868421053,1.2302801430225372,1.2136564999818802,0.0001111111111111111,68.05263157894738,"[61.0%, 70.4%, 71.6%, 66.6%, 84.8%, 67.8%, 77.2%, 59.8%, 69.4%, 78.2%, 80.2%, 67.0%, 78.8%, 68.2%, 70.4%, 58.2%, 59.4%, 62.0%, 42.0%]",,,,
18,parallel,35,35,0.04990342078947369,1.2143780618906022,1.1821040511131287,0.0001111111111111111,68.04210526315791,"[61.0%, 70.4%, 71.6%, 66.6%, 84.8%, 67.8%, 77.2%, 59.8%, 69.4%, 78.2%, 80.2%, 67.0%, 78.8%, 68.2%, 70.4%, 58.2%, 59.4%, 62.0%, 41.8%]",,,,
18,parallel,36,36,0.04898930921052633,1.1773037374019624,1.2128786221146584,0.0001111111111111111,67.9684210526316,"[61.0%, 70.4%, 71.6%, 66.6%, 84.8%, 67.8%, 77.2%, 59.8%, 69.4%, 78.2%, 80.2%, 67.0%, 78.8%, 68.2%, 70.4%, 58.2%, 59.4%, 62.0%, 40.4%]",,,,
18,parallel,37,37,0.048122683947368426,1.2098564326763153,1.1757194325327873,0.0001111111111111111,68.42105263157896,"[61.0%, 70.4%, 71.6%, 66.6%, 84.8%, 67.8%, 77.2%, 59.8%, 69.4%, 78.2%, 80.2%, 67.0%, 78.8%, 68.2%, 70.4%, 58.2%, 59.4%, 62.0%, 49.0%]",,,,
18,parallel,38,38,0.04730354500000001,1.1916153281927109,1.2425972521305084,0.0001111111111111111,67.9684210526316,"[61.0%, 70.4%, 71.6%, 66.6%, 84.8%, 67.8%, 77.2%, 59.8%, 69.4%, 78.2%, 80.2%, 67.0%, 78.8%, 68.2%, 70.4%, 58.2%, 59.4%, 62.0%, 40.4%]",,,,
18,parallel,39,39,0.046531892368421056,1.5929173350334167,1.3468683660030365,0.0001111111111111111,67.94736842105264,"[61.0%, 70.4%, 71.6%, 66.6%, 84.8%, 67.8%, 77.2%, 59.8%, 69.4%, 78.2%, 80.2%, 67.0%, 78.8%, 68.2%, 70.4%, 58.2%, 59.4%, 62.0%, 40.0%]",,,,
18,parallel,40,40,0.04580772605263159,1.3004898399114608,1.2441775500774384,0.0001111111111111111,68.2421052631579,"[61.0%, 70.4%, 71.6%, 66.6%, 84.8%, 67.8%, 77.2%, 59.8%, 69.4%, 78.2%, 80.2%, 67.0%, 78.8%, 68.2%, 70.4%, 58.2%, 59.4%, 62.0%, 45.6%]",,,,
18,parallel,41,41,0.04513104605263159,1.2391158849000932,1.2635903432965279,0.0001111111111111111,68.09473684210528,"[61.0%, 70.4%, 71.6%, 66.6%, 84.8%, 67.8%, 77.2%, 59.8%, 69.4%, 78.2%, 80.2%, 67.0%, 78.8%, 68.2%, 70.4%, 58.2%, 59.4%, 62.0%, 42.8%]",,,,
18,parallel,42,42,0.04450185236842106,1.22750284075737,1.201757237315178,0.0001111111111111111,68.36842105263159,"[61.0%, 70.4%, 71.6%, 66.6%, 84.8%, 67.8%, 77.2%, 59.8%, 69.4%, 78.2%, 80.2%, 67.0%, 78.8%, 68.2%, 70.4%, 58.2%, 59.4%, 62.0%, 48.0%]",,,,
18,parallel,43,43,0.04392014500000001,1.1812180876731873,1.1457954868674278,0.0001111111111111111,68.44210526315791,"[61.0%, 70.4%, 71.6%, 66.6%, 84.8%, 67.8%, 77.2%, 59.8%, 69.4%, 78.2%, 80.2%, 67.0%, 78.8%, 68.2%, 70.4%, 58.2%, 59.4%, 62.0%, 49.4%]",,,,
18,parallel,44,44,0.04338592394736843,1.1514645159244536,1.1833196878433228,0.0001111111111111111,68.23157894736843,"[61.0%, 70.4%, 71.6%, 66.6%, 84.8%, 67.8%, 77.2%, 59.8%, 69.4%, 78.2%, 80.2%, 67.0%, 78.8%, 68.2%, 70.4%, 58.2%, 59.4%, 62.0%, 45.4%]",,,,
18,parallel,45,45,0.04289918921052632,1.1558769032359124,1.3221450597047806,0.0001111111111111111,67.83157894736843,"[61.0%, 70.4%, 71.6%, 66.6%, 84.8%, 67.8%, 77.2%, 59.8%, 69.4%, 78.2%, 80.2%, 67.0%, 78.8%, 68.2%, 70.4%, 58.2%, 59.4%, 62.0%, 37.8%]",,,,
18,parallel,46,46,0.042459940789473696,1.1033912867307663,1.0940857157111168,0.0001111111111111111,68.44210526315791,"[61.0%, 70.4%, 71.6%, 66.6%, 84.8%, 67.8%, 77.2%, 59.8%, 69.4%, 78.2%, 80.2%, 67.0%, 78.8%, 68.2%, 70.4%, 58.2%, 59.4%, 62.0%, 49.4%]",,,,
18,parallel,47,47,0.04206817868421053,1.0496193528175355,1.105881467461586,0.0001111111111111111,68.67368421052633,"[61.0%, 70.4%, 71.6%, 66.6%, 84.8%, 67.8%, 77.2%, 59.8%, 69.4%, 78.2%, 80.2%, 67.0%, 78.8%, 68.2%, 70.4%, 58.2%, 59.4%, 62.0%, 53.8%]",,,,
18,parallel,48,48,0.04172390289473685,1.0347374007105827,1.0467563048005104,0.0001111111111111111,68.78947368421053,"[61.0%, 70.4%, 71.6%, 66.6%, 84.8%, 67.8%, 77.2%, 59.8%, 69.4%, 78.2%, 80.2%, 67.0%, 78.8%, 68.2%, 70.4%, 58.2%, 59.4%, 62.0%, 56.0%]",,,,
18,parallel,49,49,0.04142711342105264,1.0024944588541984,1.0549188777804375,0.0001111111111111111,68.80000000000001,"[61.0%, 70.4%, 71.6%, 66.6%, 84.8%, 67.8%, 77.2%, 59.8%, 69.4%, 78.2%, 80.2%, 67.0%, 78.8%, 68.2%, 70.4%, 58.2%, 59.4%, 62.0%, 56.2%]",,,,
18,parallel,50,50,0.0411778102631579,1.0329572588205338,1.0467828884720802,0.0001111111111111111,68.54736842105265,"[61.0%, 70.4%, 71.6%, 66.6%, 84.8%, 67.8%, 77.2%, 59.8%, 69.4%, 78.2%, 80.2%, 67.0%, 78.8%, 68.2%, 70.4%, 58.2%, 59.4%, 62.0%, 51.4%]",,,,
18,parallel,51,51,0.04097599342105264,1.0183183178305626,1.039192058146,0.0001111111111111111,68.76842105263158,"[61.0%, 70.4%, 71.6%, 66.6%, 84.8%, 67.8%, 77.2%, 59.8%, 69.4%, 78.2%, 80.2%, 67.0%, 78.8%, 68.2%, 70.4%, 58.2%, 59.4%, 62.0%, 55.6%]",,,,
18,parallel,52,52,0.04082166289473685,0.966870778799057,1.0251728892326355,0.0001111111111111111,68.94736842105264,"[61.0%, 70.4%, 71.6%, 66.6%, 84.8%, 67.8%, 77.2%, 59.8%, 69.4%, 78.2%, 80.2%, 67.0%, 78.8%, 68.2%, 70.4%, 58.2%, 59.4%, 62.0%, 59.0%]",,,,
18,parallel,53,53,0.040714818684210535,0.9616618826985359,0.9868108220398426,0.0001111111111111111,68.6842105263158,"[61.0%, 70.4%, 71.6%, 66.6%, 84.8%, 67.8%, 77.2%, 59.8%, 69.4%, 78.2%, 80.2%, 67.0%, 78.8%, 68.2%, 70.4%, 58.2%, 59.4%, 62.0%, 54.0%]",,,,
18,parallel,54,54,0.04065546078947369,0.9603551581501961,0.9736717455089092,0.0001111111111111111,68.86315789473686,"[61.0%, 70.4%, 71.6%, 66.6%, 84.8%, 67.8%, 77.2%, 59.8%, 69.4%, 78.2%, 80.2%, 67.0%, 78.8%, 68.2%, 70.4%, 58.2%, 59.4%, 62.0%, 57.4%]",,,,
18,parallel,55,55,0.0406421052631579,0.9714514285326004,1.0002788081765175,0.0001111111111111111,68.77894736842106,"[61.0%, 70.4%, 71.6%, 66.6%, 84.8%, 67.8%, 77.2%, 59.8%, 69.4%, 78.2%, 80.2%, 67.0%, 78.8%, 68.2%, 70.4%, 58.2%, 59.4%, 62.0%, 55.8%]",,,,
18,weights,1,56,0.0406421052631579,0.9232891365885735,1.0178806483745575,0.0001111111111111111,68.98947368421054,"[61.0%, 70.4%, 71.6%, 66.6%, 84.8%, 67.8%, 77.2%, 59.8%, 69.4%, 78.2%, 80.2%, 67.0%, 78.8%, 68.2%, 70.4%, 58.2%, 59.4%, 62.0%, 59.8%]",,,,
18,weights,2,57,0.0406421052631579,0.9362573027610779,1.0048506706953049,0.0001111111111111111,69.10526315789475,"[61.0%, 70.4%, 71.6%, 66.6%, 84.8%, 67.8%, 77.2%, 59.8%, 69.4%, 78.2%, 80.2%, 67.0%, 78.8%, 68.2%, 70.4%, 58.2%, 59.4%, 62.0%, 62.0%]",,,,
18,weights,3,58,0.0406421052631579,0.9148785233497619,0.9681486450135708,0.0001111111111111111,69.10526315789475,"[61.0%, 70.4%, 71.6%, 66.6%, 84.8%, 67.8%, 77.2%, 59.8%, 69.4%, 78.2%, 80.2%, 67.0%, 78.8%, 68.2%, 70.4%, 58.2%, 59.4%, 62.0%, 62.0%]",,,,
18,weights,4,59,0.0406421052631579,0.9427757680416107,1.038098767399788,0.0001111111111111111,69.04210526315791,"[61.0%, 70.4%, 71.6%, 66.6%, 84.8%, 67.8%, 77.2%, 59.8%, 69.4%, 78.2%, 80.2%, 67.0%, 78.8%, 68.2%, 70.4%, 58.2%, 59.4%, 62.0%, 60.8%]",,,,
18,weights,5,60,0.0406421052631579,0.9229579657316208,0.9506776109337807,0.0001111111111111111,69.17894736842106,"[61.0%, 70.4%, 71.6%, 66.6%, 84.8%, 67.8%, 77.2%, 59.8%, 69.4%, 78.2%, 80.2%, 67.0%, 78.8%, 68.2%, 70.4%, 58.2%, 59.4%, 62.0%, 63.4%]",,,,
18,weights,6,61,0.0406421052631579,0.8793577805161477,0.9353425353765488,0.0001111111111111111,69.16842105263159,"[61.0%, 70.4%, 71.6%, 66.6%, 84.8%, 67.8%, 77.2%, 59.8%, 69.4%, 78.2%, 80.2%, 67.0%, 78.8%, 68.2%, 70.4%, 58.2%, 59.4%, 62.0%, 63.2%]",,,,
18,weights,7,62,0.0406421052631579,0.8781849220395088,0.9307738058269024,0.0001111111111111111,69.15789473684212,"[61.0%, 70.4%, 71.6%, 66.6%, 84.8%, 67.8%, 77.2%, 59.8%, 69.4%, 78.2%, 80.2%, 67.0%, 78.8%, 68.2%, 70.4%, 58.2%, 59.4%, 62.0%, 63.0%]",,,,
18,weights,8,63,0.0406421052631579,0.9230469405651093,0.9337498843669891,0.0001111111111111111,69.13684210526317,"[61.0%, 70.4%, 71.6%, 66.6%, 84.8%, 67.8%, 77.2%, 59.8%, 69.4%, 78.2%, 80.2%, 67.0%, 78.8%, 68.2%, 70.4%, 58.2%, 59.4%, 62.0%, 62.6%]",,,,
18,weights,9,64,0.0406421052631579,0.8887530535459518,0.9572085812687874,0.0001111111111111111,69.15789473684212,"[61.0%, 70.4%, 71.6%, 66.6%, 84.8%, 67.8%, 77.2%, 59.8%, 69.4%, 78.2%, 80.2%, 67.0%, 78.8%, 68.2%, 70.4%, 58.2%, 59.4%, 62.0%, 63.0%]",,,,
18,weights,10,65,0.0406421052631579,0.8741266824305057,0.9525870159268379,0.0001111111111111111,69.2,"[61.0%, 70.4%, 71.6%, 66.6%, 84.8%, 67.8%, 77.2%, 59.8%, 69.4%, 78.2%, 80.2%, 67.0%, 78.8%, 68.2%, 70.4%, 58.2%, 59.4%, 62.0%, 63.8%]",,,,
18,weights,11,66,0.0406421052631579,0.8287389282137155,0.9215383529663086,0.0001111111111111111,69.18947368421054,"[61.0%, 70.4%, 71.6%, 66.6%, 84.8%, 67.8%, 77.2%, 59.8%, 69.4%, 78.2%, 80.2%, 67.0%, 78.8%, 68.2%, 70.4%, 58.2%, 59.4%, 62.0%, 63.6%]",,,,
18,weights,12,67,0.0406421052631579,0.8471233591437339,0.940557524561882,0.0001111111111111111,69.15789473684212,"[61.0%, 70.4%, 71.6%, 66.6%, 84.8%, 67.8%, 77.2%, 59.8%, 69.4%, 78.2%, 80.2%, 67.0%, 78.8%, 68.2%, 70.4%, 58.2%, 59.4%, 62.0%, 63.0%]",,,,
18,weights,13,68,0.0406421052631579,0.8635375872254372,0.9513502940535545,0.0001111111111111111,69.13684210526317,"[61.0%, 70.4%, 71.6%, 66.6%, 84.8%, 67.8%, 77.2%, 59.8%, 69.4%, 78.2%, 80.2%, 67.0%, 78.8%, 68.2%, 70.4%, 58.2%, 59.4%, 62.0%, 62.6%]",,,,
18,weights,14,69,0.0406421052631579,0.8537350326776505,0.9819941520690918,0.0001111111111111111,69.14736842105265,"[61.0%, 70.4%, 71.6%, 66.6%, 84.8%, 67.8%, 77.2%, 59.8%, 69.4%, 78.2%, 80.2%, 67.0%, 78.8%, 68.2%, 70.4%, 58.2%, 59.4%, 62.0%, 62.8%]",,,,
18,weights,15,70,0.0406421052631579,0.8396594926714898,0.9657918699085712,0.0001111111111111111,69.09473684210528,"[61.0%, 70.4%, 71.6%, 66.6%, 84.8%, 67.8%, 77.2%, 59.8%, 69.4%, 78.2%, 80.2%, 67.0%, 78.8%, 68.2%, 70.4%, 58.2%, 59.4%, 62.0%, 61.8%]",,,,
18,weights,16,71,0.0406421052631579,0.8062149703502655,0.9525675550103188,0.0001111111111111111,69.18947368421054,"[61.0%, 70.4%, 71.6%, 66.6%, 84.8%, 67.8%, 77.2%, 59.8%, 69.4%, 78.2%, 80.2%, 67.0%, 78.8%, 68.2%, 70.4%, 58.2%, 59.4%, 62.0%, 63.6%]",,,,
18,weights,17,72,0.0406421052631579,0.8192185118794442,0.9514322727918625,0.0001111111111111111,69.2,"[61.0%, 70.4%, 71.6%, 66.6%, 84.8%, 67.8%, 77.2%, 59.8%, 69.4%, 78.2%, 80.2%, 67.0%, 78.8%, 68.2%, 70.4%, 58.2%, 59.4%, 62.0%, 63.8%]",,,,
18,weights,18,73,0.0406421052631579,0.8236239284276963,0.889716699719429,0.0001111111111111111,69.43157894736844,"[61.0%, 70.4%, 71.6%, 66.6%, 84.8%, 67.8%, 77.2%, 59.8%, 69.4%, 78.2%, 80.2%, 67.0%, 78.8%, 68.2%, 70.4%, 58.2%, 59.4%, 62.0%, 68.2%]",,,,
18,weights,19,74,0.0406421052631579,0.8436548396945,0.9546489045023918,0.0001111111111111111,69.16842105263159,"[61.0%, 70.4%, 71.6%, 66.6%, 84.8%, 67.8%, 77.2%, 59.8%, 69.4%, 78.2%, 80.2%, 67.0%, 78.8%, 68.2%, 70.4%, 58.2%, 59.4%, 62.0%, 63.2%]",,,,
18,weights,20,75,0.0406421052631579,0.8089951634407043,0.8877975717186928,0.0001111111111111111,69.3263157894737,"[61.0%, 70.4%, 71.6%, 66.6%, 84.8%, 67.8%, 77.2%, 59.8%, 69.4%, 78.2%, 80.2%, 67.0%, 78.8%, 68.2%, 70.4%, 58.2%, 59.4%, 62.0%, 66.2%]",,,,
18,weights,21,76,0.0406421052631579,0.7748803824186326,0.8709493800997734,0.0001111111111111111,69.45263157894738,"[61.0%, 70.4%, 71.6%, 66.6%, 84.8%, 67.8%, 77.2%, 59.8%, 69.4%, 78.2%, 80.2%, 67.0%, 78.8%, 68.2%, 70.4%, 58.2%, 59.4%, 62.0%, 68.6%]",,,,
18,weights,22,77,0.0406421052631579,0.7535155441612005,0.8373843133449554,0.0001111111111111111,69.4842105263158,"[61.0%, 70.4%, 71.6%, 66.6%, 84.8%, 67.8%, 77.2%, 59.8%, 69.4%, 78.2%, 80.2%, 67.0%, 78.8%, 68.2%, 70.4%, 58.2%, 59.4%, 62.0%, 69.2%]",,,,
18,weights,23,78,0.0406421052631579,0.7567525506019592,0.8108004741370678,0.0001111111111111111,69.46315789473685,"[61.0%, 70.4%, 71.6%, 66.6%, 84.8%, 67.8%, 77.2%, 59.8%, 69.4%, 78.2%, 80.2%, 67.0%, 78.8%, 68.2%, 70.4%, 58.2%, 59.4%, 62.0%, 68.8%]",,,,
18,weights,24,79,0.0406421052631579,0.7281569307669997,0.8979808166623116,0.0001111111111111111,69.34736842105264,"[61.0%, 70.4%, 71.6%, 66.6%, 84.8%, 67.8%, 77.2%, 59.8%, 69.4%, 78.2%, 80.2%, 67.0%, 78.8%, 68.2%, 70.4%, 58.2%, 59.4%, 62.0%, 66.6%]",,,,
18,weights,25,80,0.0406421052631579,0.7643059819936753,0.8157765232026577,0.0001111111111111111,69.46315789473685,"[61.0%, 70.4%, 71.6%, 66.6%, 84.8%, 67.8%, 77.2%, 59.8%, 69.4%, 78.2%, 80.2%, 67.0%, 78.8%, 68.2%, 70.4%, 58.2%, 59.4%, 62.0%, 68.8%]",35.63157894736842,"[0.0%, 29.0%, 38.6%, 17.6%, 84.8%, 34.8%, 60.8%, 26.4%, 56.0%, 68.4%, 61.8%, 41.0%, 73.4%, 21.8%, 21.0%, 21.2%, 9.4%, 0.0%, 11.0%]",39.83157894736842,"[38.0%, 62.2%, 29.0%, 36.0%, 65.4%, 53.0%, 61.2%, 26.4%, 69.4%, 32.2%, 56.2%, 19.8%, 23.0%, 44.8%, 18.6%, 30.4%, 9.4%, 42.6%, 39.2%]"
19,parallel,1,1,0.05,5.494159984588623,5.076920926570892,0.0001111111111111111,65.99000000000001,"[61.0%, 70.4%, 71.6%, 66.6%, 84.8%, 67.8%, 77.2%, 59.8%, 69.4%, 78.2%, 80.2%, 67.0%, 78.8%, 68.2%, 70.4%, 58.2%, 59.4%, 62.0%, 68.8%, 0.0%]",,,,
19,parallel,2,2,0.05,4.983004212379456,4.913406670093536,0.0001111111111111111,65.99000000000001,"[61.0%, 70.4%, 71.6%, 66.6%, 84.8%, 67.8%, 77.2%, 59.8%, 69.4%, 78.2%, 80.2%, 67.0%, 78.8%, 68.2%, 70.4%, 58.2%, 59.4%, 62.0%, 68.8%, 0.0%]",,,,
19,parallel,3,3,0.05,4.865079951286316,4.817833840847015,0.0001111111111111111,65.99000000000001,"[61.0%, 70.4%, 71.6%, 66.6%, 84.8%, 67.8%, 77.2%, 59.8%, 69.4%, 78.2%, 80.2%, 67.0%, 78.8%, 68.2%, 70.4%, 58.2%, 59.4%, 62.0%, 68.8%, 0.0%]",,,,
19,parallel,4,4,0.05,4.778087913990021,4.7364349365234375,0.0001111111111111111,65.99000000000001,"[61.0%, 70.4%, 71.6%, 66.6%, 84.8%, 67.8%, 77.2%, 59.8%, 69.4%, 78.2%, 80.2%, 67.0%, 78.8%, 68.2%, 70.4%, 58.2%, 59.4%, 62.0%, 68.8%, 0.0%]",,,,
19,parallel,5,5,0.049896260000000005,4.690773475170135,4.630906522274017,0.0001111111111111111,65.99000000000001,"[61.0%, 70.4%, 71.6%, 66.6%, 84.8%, 67.8%, 77.2%, 59.8%, 69.4%, 78.2%, 80.2%, 67.0%, 78.8%, 68.2%, 70.4%, 58.2%, 59.4%, 62.0%, 68.8%, 0.0%]",,,,
19,parallel,6,6,0.0494865,4.538806653022766,4.412901401519775,0.0001111111111111111,65.99000000000001,"[61.0%, 70.4%, 71.6%, 66.6%, 84.8%, 67.8%, 77.2%, 59.8%, 69.4%, 78.2%, 80.2%, 67.0%, 78.8%, 68.2%, 70.4%, 58.2%, 59.4%, 62.0%, 68.8%, 0.0%]",,,,
19,parallel,7,7,0.04908506,4.237083840370178,4.015037357807159,0.0001111111111111111,65.99000000000001,"[61.0%, 70.4%, 71.6%, 66.6%, 84.8%, 67.8%, 77.2%, 59.8%, 69.4%, 78.2%, 80.2%, 67.0%, 78.8%, 68.2%, 70.4%, 58.2%, 59.4%, 62.0%, 68.8%, 0.0%]",,,,
19,parallel,8,8,0.04869194,4.04782612323761,3.862356334924698,0.0001111111111111111,65.99000000000001,"[61.0%, 70.4%, 71.6%, 66.6%, 84.8%, 67.8%, 77.2%, 59.8%, 69.4%, 78.2%, 80.2%, 67.0%, 78.8%, 68.2%, 70.4%, 58.2%, 59.4%, 62.0%, 68.8%, 0.0%]",,,,
19,parallel,9,9,0.048307140000000005,3.6650214314460756,3.44208824634552,0.0001111111111111111,65.99000000000001,"[61.0%, 70.4%, 71.6%, 66.6%, 84.8%, 67.8%, 77.2%, 59.8%, 69.4%, 78.2%, 80.2%, 67.0%, 78.8%, 68.2%, 70.4%, 58.2%, 59.4%, 62.0%, 68.8%, 0.0%]",,,,
19,parallel,10,10,0.04793066,3.218445271253586,2.9938067495822906,0.0001111111111111111,65.99000000000001,"[61.0%, 70.4%, 71.6%, 66.6%, 84.8%, 67.8%, 77.2%, 59.8%, 69.4%, 78.2%, 80.2%, 67.0%, 78.8%, 68.2%, 70.4%, 58.2%, 59.4%, 62.0%, 68.8%, 0.0%]",,,,
19,parallel,11,11,0.04756250000000001,2.8015798389911652,2.61506986618042,0.0001111111111111111,65.99000000000001,"[61.0%, 70.4%, 71.6%, 66.6%, 84.8%, 67.8%, 77.2%, 59.8%, 69.4%, 78.2%, 80.2%, 67.0%, 78.8%, 68.2%, 70.4%, 58.2%, 59.4%, 62.0%, 68.8%, 0.0%]",,,,
19,parallel,12,12,0.04720266000000001,2.4645897686481475,2.3236267268657684,0.0001111111111111111,66.99000000000001,"[61.0%, 70.4%, 71.6%, 66.6%, 84.8%, 67.8%, 77.2%, 59.8%, 69.4%, 78.2%, 80.2%, 67.0%, 78.8%, 68.2%, 70.4%, 58.2%, 59.4%, 62.0%, 68.8%, 20.0%]",,,,
19,parallel,13,13,0.046851140000000006,2.2259822726249694,2.11673367023468,0.0001111111111111111,66.99000000000001,"[61.0%, 70.4%, 71.6%, 66.6%, 84.8%, 67.8%, 77.2%, 59.8%, 69.4%, 78.2%, 80.2%, 67.0%, 78.8%, 68.2%, 70.4%, 58.2%, 59.4%, 62.0%, 68.8%, 20.0%]",,,,
19,parallel,14,14,0.046507940000000005,2.0427950590848925,1.9756950736045837,0.0001111111111111111,66.99000000000001,"[61.0%, 70.4%, 71.6%, 66.6%, 84.8%, 67.8%, 77.2%, 59.8%, 69.4%, 78.2%, 80.2%, 67.0%, 78.8%, 68.2%, 70.4%, 58.2%, 59.4%, 62.0%, 68.8%, 20.0%]",,,,
19,parallel,15,15,0.04617306000000001,1.9274135798215866,1.8833178132772446,0.0001111111111111111,66.99000000000001,"[61.0%, 70.4%, 71.6%, 66.6%, 84.8%, 67.8%, 77.2%, 59.8%, 69.4%, 78.2%, 80.2%, 67.0%, 78.8%, 68.2%, 70.4%, 58.2%, 59.4%, 62.0%, 68.8%, 20.0%]",,,,
19,parallel,16,16,0.045846500000000005,1.8516079664230347,1.8221955597400665,0.0001111111111111111,66.99000000000001,"[61.0%, 70.4%, 71.6%, 66.6%, 84.8%, 67.8%, 77.2%, 59.8%, 69.4%, 78.2%, 80.2%, 67.0%, 78.8%, 68.2%, 70.4%, 58.2%, 59.4%, 62.0%, 68.8%, 20.0%]",,,,
19,parallel,17,17,0.04552826000000001,1.7994272410869598,1.7789869755506516,0.0001111111111111111,66.99000000000001,"[61.0%, 70.4%, 71.6%, 66.6%, 84.8%, 67.8%, 77.2%, 59.8%, 69.4%, 78.2%, 80.2%, 67.0%, 78.8%, 68.2%, 70.4%, 58.2%, 59.4%, 62.0%, 68.8%, 20.0%]",,,,
19,parallel,18,18,0.04521834,1.7631359487771987,1.748035192489624,0.0001111111111111111,66.99000000000001,"[61.0%, 70.4%, 71.6%, 66.6%, 84.8%, 67.8%, 77.2%, 59.8%, 69.4%, 78.2%, 80.2%, 67.0%, 78.8%, 68.2%, 70.4%, 58.2%, 59.4%, 62.0%, 68.8%, 20.0%]",,,,
19,parallel,19,19,0.04491674000000001,1.7372701317071915,1.7252855598926544,0.0001111111111111111,66.99000000000001,"[61.0%, 70.4%, 71.6%, 66.6%, 84.8%, 67.8%, 77.2%, 59.8%, 69.4%, 78.2%, 80.2%, 67.0%, 78.8%, 68.2%, 70.4%, 58.2%, 59.4%, 62.0%, 68.8%, 20.0%]",,,,
19,parallel,20,20,0.044623460000000004,1.7162797927856446,1.7077387273311615,0.0001111111111111111,66.99000000000001,"[61.0%, 70.4%, 71.6%, 66.6%, 84.8%, 67.8%, 77.2%, 59.8%, 69.4%, 78.2%, 80.2%, 67.0%, 78.8%, 68.2%, 70.4%, 58.2%, 59.4%, 62.0%, 68.8%, 20.0%]",,,,
19,parallel,21,21,0.04433850000000001,1.7010865181684494,1.6945763230323792,0.0001111111111111111,66.99000000000001,"[61.0%, 70.4%, 71.6%, 66.6%, 84.8%, 67.8%, 77.2%, 59.8%, 69.4%, 78.2%, 80.2%, 67.0%, 78.8%, 68.2%, 70.4%, 58.2%, 59.4%, 62.0%, 68.8%, 20.0%]",,,,
19,parallel,22,22,0.04406186000000001,1.689694994688034,1.6837392449378967,0.0001111111111111111,66.99000000000001,"[61.0%, 70.4%, 71.6%, 66.6%, 84.8%, 67.8%, 77.2%, 59.8%, 69.4%, 78.2%, 80.2%, 67.0%, 78.8%, 68.2%, 70.4%, 58.2%, 59.4%, 62.0%, 68.8%, 20.0%]",,,,
19,parallel,23,23,0.043793540000000006,1.6793529659509658,1.6753817200660706,0.0001111111111111111,66.99000000000001,"[61.0%, 70.4%, 71.6%, 66.6%, 84.8%, 67.8%, 77.2%, 59.8%, 69.4%, 78.2%, 80.2%, 67.0%, 78.8%, 68.2%, 70.4%, 58.2%, 59.4%, 62.0%, 68.8%, 20.0%]",,,,
19,parallel,24,24,0.04353354000000001,1.6716923415660858,1.6677708178758621,0.0001111111111111111,66.99000000000001,"[61.0%, 70.4%, 71.6%, 66.6%, 84.8%, 67.8%, 77.2%, 59.8%, 69.4%, 78.2%, 80.2%, 67.0%, 78.8%, 68.2%, 70.4%, 58.2%, 59.4%, 62.0%, 68.8%, 20.0%]",,,,
19,parallel,25,25,0.043281860000000005,1.6651209950447083,1.6617027074098587,0.0001111111111111111,66.99000000000001,"[61.0%, 70.4%, 71.6%, 66.6%, 84.8%, 67.8%, 77.2%, 59.8%, 69.4%, 78.2%, 80.2%, 67.0%, 78.8%, 68.2%, 70.4%, 58.2%, 59.4%, 62.0%, 68.8%, 20.0%]",,,,
19,parallel,26,26,0.04303850000000001,1.6601292222738266,1.6569013148546219,0.0001111111111111111,66.99000000000001,"[61.0%, 70.4%, 71.6%, 66.6%, 84.8%, 67.8%, 77.2%, 59.8%, 69.4%, 78.2%, 80.2%, 67.0%, 78.8%, 68.2%, 70.4%, 58.2%, 59.4%, 62.0%, 68.8%, 20.0%]",,,,
19,parallel,27,27,0.04280346000000001,1.8818120539188385,1.843352273106575,0.0001111111111111111,66.99000000000001,"[61.0%, 70.4%, 71.6%, 66.6%, 84.8%, 67.8%, 77.2%, 59.8%, 69.4%, 78.2%, 80.2%, 67.0%, 78.8%, 68.2%, 70.4%, 58.2%, 59.4%, 62.0%, 68.8%, 20.0%]",,,,
19,parallel,28,28,0.04257674000000001,1.81692995429039,1.7910874485969543,0.0001111111111111111,66.99000000000001,"[61.0%, 70.4%, 71.6%, 66.6%, 84.8%, 67.8%, 77.2%, 59.8%, 69.4%, 78.2%, 80.2%, 67.0%, 78.8%, 68.2%, 70.4%, 58.2%, 59.4%, 62.0%, 68.8%, 20.0%]",,,,
19,parallel,29,29,0.04235834000000001,1.7735772728919983,1.7550411522388458,0.0001111111111111111,66.99000000000001,"[61.0%, 70.4%, 71.6%, 66.6%, 84.8%, 67.8%, 77.2%, 59.8%, 69.4%, 78.2%, 80.2%, 67.0%, 78.8%, 68.2%, 70.4%, 58.2%, 59.4%, 62.0%, 68.8%, 20.0%]",,,,
19,parallel,30,30,0.04214826000000001,1.7427266746759416,1.7291721105575562,0.0001111111111111111,66.99000000000001,"[61.0%, 70.4%, 71.6%, 66.6%, 84.8%, 67.8%, 77.2%, 59.8%, 69.4%, 78.2%, 80.2%, 67.0%, 78.8%, 68.2%, 70.4%, 58.2%, 59.4%, 62.0%, 68.8%, 20.0%]",,,,
19,parallel,31,31,0.04194650000000001,1.7204898238182067,1.7103940844535828,0.0001111111111111111,66.99000000000001,"[61.0%, 70.4%, 71.6%, 66.6%, 84.8%, 67.8%, 77.2%, 59.8%, 69.4%, 78.2%, 80.2%, 67.0%, 78.8%, 68.2%, 70.4%, 58.2%, 59.4%, 62.0%, 68.8%, 20.0%]",,,,
19,parallel,32,32,0.04175306000000001,1.7039370685815811,1.6957560330629349,0.0001111111111111111,66.99000000000001,"[61.0%, 70.4%, 71.6%, 66.6%, 84.8%, 67.8%, 77.2%, 59.8%, 69.4%, 78.2%, 80.2%, 67.0%, 78.8%, 68.2%, 70.4%, 58.2%, 59.4%, 62.0%, 68.8%, 20.0%]",,,,
19,parallel,33,33,0.04156794000000001,1.6912701696157455,1.6851104944944382,0.0001111111111111111,66.99000000000001,"[61.0%, 70.4%, 71.6%, 66.6%, 84.8%, 67.8%, 77.2%, 59.8%, 69.4%, 78.2%, 80.2%, 67.0%, 78.8%, 68.2%, 70.4%, 58.2%, 59.4%, 62.0%, 68.8%, 20.0%]",,,,
19,parallel,34,34,0.04139114000000001,1.6804844379425048,1.6760937124490738,0.0001111111111111111,66.99000000000001,"[61.0%, 70.4%, 71.6%, 66.6%, 84.8%, 67.8%, 77.2%, 59.8%, 69.4%, 78.2%, 80.2%, 67.0%, 78.8%, 68.2%, 70.4%, 58.2%, 59.4%, 62.0%, 68.8%, 20.0%]",,,,
19,parallel,35,35,0.04122266000000001,1.6731336534023284,1.6690830439329147,0.0001111111111111111,66.99000000000001,"[61.0%, 70.4%, 71.6%, 66.6%, 84.8%, 67.8%, 77.2%, 59.8%, 69.4%, 78.2%, 80.2%, 67.0%, 78.8%, 68.2%, 70.4%, 58.2%, 59.4%, 62.0%, 68.8%, 20.0%]",,,,
19,parallel,36,36,0.04106250000000001,1.6667933136224746,1.6629048734903336,0.0001111111111111111,66.99000000000001,"[61.0%, 70.4%, 71.6%, 66.6%, 84.8%, 67.8%, 77.2%, 59.8%, 69.4%, 78.2%, 80.2%, 67.0%, 78.8%, 68.2%, 70.4%, 58.2%, 59.4%, 62.0%, 68.8%, 20.0%]",,,,
19,parallel,37,37,0.04091066000000001,1.6608901977539063,1.6578285247087479,0.0001111111111111111,66.99000000000001,"[61.0%, 70.4%, 71.6%, 66.6%, 84.8%, 67.8%, 77.2%, 59.8%, 69.4%, 78.2%, 80.2%, 67.0%, 78.8%, 68.2%, 70.4%, 58.2%, 59.4%, 62.0%, 68.8%, 20.0%]",,,,
19,parallel,38,38,0.04076714000000001,1.6557001382112504,1.6529661118984222,0.0001111111111111111,66.99000000000001,"[61.0%, 70.4%, 71.6%, 66.6%, 84.8%, 67.8%, 77.2%, 59.8%, 69.4%, 78.2%, 80.2%, 67.0%, 78.8%, 68.2%, 70.4%, 58.2%, 59.4%, 62.0%, 68.8%, 20.0%]",,,,
19,parallel,39,39,0.04063194000000001,1.6527102053165437,1.6496243178844452,0.0001111111111111111,66.99000000000001,"[61.0%, 70.4%, 71.6%, 66.6%, 84.8%, 67.8%, 77.2%, 59.8%, 69.4%, 78.2%, 80.2%, 67.0%, 78.8%, 68.2%, 70.4%, 58.2%, 59.4%, 62.0%, 68.8%, 20.0%]",,,,
19,parallel,40,40,0.04050506000000001,1.648594358563423,1.6466242522001266,0.0001111111111111111,66.99000000000001,"[61.0%, 70.4%, 71.6%, 66.6%, 84.8%, 67.8%, 77.2%, 59.8%, 69.4%, 78.2%, 80.2%, 67.0%, 78.8%, 68.2%, 70.4%, 58.2%, 59.4%, 62.0%, 68.8%, 20.0%]",,,,
19,parallel,41,41,0.04038650000000001,1.6457574516534805,1.64357890188694,0.0001111111111111111,66.99000000000001,"[61.0%, 70.4%, 71.6%, 66.6%, 84.8%, 67.8%, 77.2%, 59.8%, 69.4%, 78.2%, 80.2%, 67.0%, 78.8%, 68.2%, 70.4%, 58.2%, 59.4%, 62.0%, 68.8%, 20.0%]",,,,
19,parallel,42,42,0.04027626000000001,1.6432976335287095,1.6412832587957382,0.0001111111111111111,66.99000000000001,"[61.0%, 70.4%, 71.6%, 66.6%, 84.8%, 67.8%, 77.2%, 59.8%, 69.4%, 78.2%, 80.2%, 67.0%, 78.8%, 68.2%, 70.4%, 58.2%, 59.4%, 62.0%, 68.8%, 20.0%]",,,,
19,parallel,43,43,0.04017434000000001,1.640453001856804,1.639558583498001,0.0001111111111111111,66.99000000000001,"[61.0%, 70.4%, 71.6%, 66.6%, 84.8%, 67.8%, 77.2%, 59.8%, 69.4%, 78.2%, 80.2%, 67.0%, 78.8%, 68.2%, 70.4%, 58.2%, 59.4%, 62.0%, 68.8%, 20.0%]",,,,
19,parallel,44,44,0.04008074000000001,1.6386423319578172,1.636990562081337,0.0001111111111111111,67.00000000000001,"[61.0%, 70.4%, 71.6%, 66.6%, 84.8%, 67.8%, 77.2%, 59.8%, 69.4%, 78.2%, 80.2%, 67.0%, 78.8%, 68.2%, 70.4%, 58.2%, 59.4%, 62.0%, 68.8%, 20.2%]",,,,
19,parallel,45,45,0.03999546000000001,1.6382288694381715,1.6347281485795975,0.0001111111111111111,66.99000000000001,"[61.0%, 70.4%, 71.6%, 66.6%, 84.8%, 67.8%, 77.2%, 59.8%, 69.4%, 78.2%, 80.2%, 67.0%, 78.8%, 68.2%, 70.4%, 58.2%, 59.4%, 62.0%, 68.8%, 20.0%]",,,,
19,parallel,46,46,0.03991850000000001,1.6363879829645156,1.6337544173002243,0.0001111111111111111,66.99000000000001,"[61.0%, 70.4%, 71.6%, 66.6%, 84.8%, 67.8%, 77.2%, 59.8%, 69.4%, 78.2%, 80.2%, 67.0%, 78.8%, 68.2%, 70.4%, 58.2%, 59.4%, 62.0%, 68.8%, 20.0%]",,,,
19,parallel,47,47,0.03984986000000001,1.6337702989578247,1.632742002606392,0.0001111111111111111,67.09,"[61.0%, 70.4%, 71.6%, 66.6%, 84.8%, 67.8%, 77.2%, 59.8%, 69.4%, 78.2%, 80.2%, 67.0%, 78.8%, 68.2%, 70.4%, 58.2%, 59.4%, 62.0%, 68.8%, 22.0%]",,,,
19,parallel,48,48,0.03978954000000001,1.6328390330076217,1.6307010650634766,0.0001111111111111111,67.17,"[61.0%, 70.4%, 71.6%, 66.6%, 84.8%, 67.8%, 77.2%, 59.8%, 69.4%, 78.2%, 80.2%, 67.0%, 78.8%, 68.2%, 70.4%, 58.2%, 59.4%, 62.0%, 68.8%, 23.6%]",,,,
19,parallel,49,49,0.03973754000000001,1.63064503967762,1.6234113276004791,0.0001111111111111111,66.99000000000001,"[61.0%, 70.4%, 71.6%, 66.6%, 84.8%, 67.8%, 77.2%, 59.8%, 69.4%, 78.2%, 80.2%, 67.0%, 78.8%, 68.2%, 70.4%, 58.2%, 59.4%, 62.0%, 68.8%, 20.0%]",,,,
19,parallel,50,50,0.03969386000000001,1.6137065201997758,1.5981509238481522,0.0001111111111111111,67.22,"[61.0%, 70.4%, 71.6%, 66.6%, 84.8%, 67.8%, 77.2%, 59.8%, 69.4%, 78.2%, 80.2%, 67.0%, 78.8%, 68.2%, 70.4%, 58.2%, 59.4%, 62.0%, 68.8%, 24.6%]",,,,
19,parallel,51,51,0.03965850000000001,1.552106472849846,1.600400172173977,0.0001111111111111111,67.36000000000001,"[61.0%, 70.4%, 71.6%, 66.6%, 84.8%, 67.8%, 77.2%, 59.8%, 69.4%, 78.2%, 80.2%, 67.0%, 78.8%, 68.2%, 70.4%, 58.2%, 59.4%, 62.0%, 68.8%, 27.4%]",,,,
19,parallel,52,52,0.03963146000000001,1.4590519785881042,1.4325188845396042,0.0001111111111111111,67.63000000000001,"[61.0%, 70.4%, 71.6%, 66.6%, 84.8%, 67.8%, 77.2%, 59.8%, 69.4%, 78.2%, 80.2%, 67.0%, 78.8%, 68.2%, 70.4%, 58.2%, 59.4%, 62.0%, 68.8%, 32.8%]",,,,
19,parallel,53,53,0.03961274000000001,1.3986998796463013,1.3500364497303963,0.0001111111111111111,67.76000000000002,"[61.0%, 70.4%, 71.6%, 66.6%, 84.8%, 67.8%, 77.2%, 59.8%, 69.4%, 78.2%, 80.2%, 67.0%, 78.8%, 68.2%, 70.4%, 58.2%, 59.4%, 62.0%, 68.8%, 35.4%]",,,,
19,parallel,54,54,0.039602340000000014,1.3396860599517821,1.3730783015489578,0.0001111111111111111,67.94000000000001,"[61.0%, 70.4%, 71.6%, 66.6%, 84.8%, 67.8%, 77.2%, 59.8%, 69.4%, 78.2%, 80.2%, 67.0%, 78.8%, 68.2%, 70.4%, 58.2%, 59.4%, 62.0%, 68.8%, 39.0%]",,,,
19,parallel,55,55,0.03960000000000001,1.3551481306552886,1.3554958775639534,0.0001111111111111111,67.79,"[61.0%, 70.4%, 71.6%, 66.6%, 84.8%, 67.8%, 77.2%, 59.8%, 69.4%, 78.2%, 80.2%, 67.0%, 78.8%, 68.2%, 70.4%, 58.2%, 59.4%, 62.0%, 68.8%, 36.0%]",,,,
19,weights,1,56,0.03960000000000001,1.320412477850914,1.4070357978343964,0.0001111111111111111,67.73,"[61.0%, 70.4%, 71.6%, 66.6%, 84.8%, 67.8%, 77.2%, 59.8%, 69.4%, 78.2%, 80.2%, 67.0%, 78.8%, 68.2%, 70.4%, 58.2%, 59.4%, 62.0%, 68.8%, 34.8%]",,,,
19,weights,2,57,0.03960000000000001,1.3136401295661926,1.3145622685551643,0.0001111111111111111,67.81000000000002,"[61.0%, 70.4%, 71.6%, 66.6%, 84.8%, 67.8%, 77.2%, 59.8%, 69.4%, 78.2%, 80.2%, 67.0%, 78.8%, 68.2%, 70.4%, 58.2%, 59.4%, 62.0%, 68.8%, 36.4%]",,,,
19,weights,3,58,0.03960000000000001,1.2919497430324554,1.340048000216484,0.0001111111111111111,67.95000000000002,"[61.0%, 70.4%, 71.6%, 66.6%, 84.8%, 67.8%, 77.2%, 59.8%, 69.4%, 78.2%, 80.2%, 67.0%, 78.8%, 68.2%, 70.4%, 58.2%, 59.4%, 62.0%, 68.8%, 39.2%]",,,,
19,weights,4,59,0.03960000000000001,1.290020254254341,1.2807836756110191,0.0001111111111111111,68.15,"[61.0%, 70.4%, 71.6%, 66.6%, 84.8%, 67.8%, 77.2%, 59.8%, 69.4%, 78.2%, 80.2%, 67.0%, 78.8%, 68.2%, 70.4%, 58.2%, 59.4%, 62.0%, 68.8%, 43.2%]",,,,
19,weights,5,60,0.03960000000000001,1.284885311126709,1.262796014547348,0.0001111111111111111,68.10000000000001,"[61.0%, 70.4%, 71.6%, 66.6%, 84.8%, 67.8%, 77.2%, 59.8%, 69.4%, 78.2%, 80.2%, 67.0%, 78.8%, 68.2%, 70.4%, 58.2%, 59.4%, 62.0%, 68.8%, 42.2%]",,,,
19,weights,6,61,0.03960000000000001,1.269943395256996,1.2374927587807178,0.0001111111111111111,68.46000000000001,"[61.0%, 70.4%, 71.6%, 66.6%, 84.8%, 67.8%, 77.2%, 59.8%, 69.4%, 78.2%, 80.2%, 67.0%, 78.8%, 68.2%, 70.4%, 58.2%, 59.4%, 62.0%, 68.8%, 49.4%]",,,,
19,weights,7,62,0.03960000000000001,1.241421538591385,1.2550467252731323,0.0001111111111111111,68.48,"[61.0%, 70.4%, 71.6%, 66.6%, 84.8%, 67.8%, 77.2%, 59.8%, 69.4%, 78.2%, 80.2%, 67.0%, 78.8%, 68.2%, 70.4%, 58.2%, 59.4%, 62.0%, 68.8%, 49.8%]",,,,
19,weights,8,63,0.03960000000000001,1.2295891225337983,1.2727005071938038,0.0001111111111111111,68.24000000000001,"[61.0%, 70.4%, 71.6%, 66.6%, 84.8%, 67.8%, 77.2%, 59.8%, 69.4%, 78.2%, 80.2%, 67.0%, 78.8%, 68.2%, 70.4%, 58.2%, 59.4%, 62.0%, 68.8%, 45.0%]",,,,
19,weights,9,64,0.03960000000000001,1.2603167861700058,1.2474588342010975,0.0001111111111111111,68.47,"[61.0%, 70.4%, 71.6%, 66.6%, 84.8%, 67.8%, 77.2%, 59.8%, 69.4%, 78.2%, 80.2%, 67.0%, 78.8%, 68.2%, 70.4%, 58.2%, 59.4%, 62.0%, 68.8%, 49.6%]",,,,
19,weights,10,65,0.03960000000000001,1.1795958340168,1.1438300237059593,0.0001111111111111111,68.58000000000001,"[61.0%, 70.4%, 71.6%, 66.6%, 84.8%, 67.8%, 77.2%, 59.8%, 69.4%, 78.2%, 80.2%, 67.0%, 78.8%, 68.2%, 70.4%, 58.2%, 59.4%, 62.0%, 68.8%, 51.8%]",,,,
19,weights,11,66,0.03960000000000001,1.1581315368413925,1.1243564821779728,0.0001111111111111111,68.52000000000001,"[61.0%, 70.4%, 71.6%, 66.6%, 84.8%, 67.8%, 77.2%, 59.8%, 69.4%, 78.2%, 80.2%, 67.0%, 78.8%, 68.2%, 70.4%, 58.2%, 59.4%, 62.0%, 68.8%, 50.6%]",,,,
19,weights,12,67,0.03960000000000001,1.1190623730421065,1.1135977990925312,0.0001111111111111111,68.74000000000001,"[61.0%, 70.4%, 71.6%, 66.6%, 84.8%, 67.8%, 77.2%, 59.8%, 69.4%, 78.2%, 80.2%, 67.0%, 78.8%, 68.2%, 70.4%, 58.2%, 59.4%, 62.0%, 68.8%, 55.0%]",,,,
19,weights,13,68,0.03960000000000001,1.1095173135399818,1.0777449682354927,0.0001111111111111111,68.81000000000002,"[61.0%, 70.4%, 71.6%, 66.6%, 84.8%, 67.8%, 77.2%, 59.8%, 69.4%, 78.2%, 80.2%, 67.0%, 78.8%, 68.2%, 70.4%, 58.2%, 59.4%, 62.0%, 68.8%, 56.4%]",,,,
19,weights,14,69,0.03960000000000001,1.0845590755343437,1.0577948726713657,0.0001111111111111111,68.87,"[61.0%, 70.4%, 71.6%, 66.6%, 84.8%, 67.8%, 77.2%, 59.8%, 69.4%, 78.2%, 80.2%, 67.0%, 78.8%, 68.2%, 70.4%, 58.2%, 59.4%, 62.0%, 68.8%, 57.6%]",,,,
19,weights,15,70,0.03960000000000001,1.080465091764927,1.0520469918847084,0.0001111111111111111,68.82000000000001,"[61.0%, 70.4%, 71.6%, 66.6%, 84.8%, 67.8%, 77.2%, 59.8%, 69.4%, 78.2%, 80.2%, 67.0%, 78.8%, 68.2%, 70.4%, 58.2%, 59.4%, 62.0%, 68.8%, 56.6%]",,,,
19,weights,16,71,0.03960000000000001,1.0888834208250047,1.049878716468811,0.0001111111111111111,68.79,"[61.0%, 70.4%, 71.6%, 66.6%, 84.8%, 67.8%, 77.2%, 59.8%, 69.4%, 78.2%, 80.2%, 67.0%, 78.8%, 68.2%, 70.4%, 58.2%, 59.4%, 62.0%, 68.8%, 56.0%]",,,,
19,weights,17,72,0.03960000000000001,1.0469673499464989,1.0770032182335854,0.0001111111111111111,68.68,"[61.0%, 70.4%, 71.6%, 66.6%, 84.8%, 67.8%, 77.2%, 59.8%, 69.4%, 78.2%, 80.2%, 67.0%, 78.8%, 68.2%, 70.4%, 58.2%, 59.4%, 62.0%, 68.8%, 53.8%]",,,,
19,weights,18,73,0.03960000000000001,1.059687502682209,1.025528784841299,0.0001111111111111111,68.97,"[61.0%, 70.4%, 71.6%, 66.6%, 84.8%, 67.8%, 77.2%, 59.8%, 69.4%, 78.2%, 80.2%, 67.0%, 78.8%, 68.2%, 70.4%, 58.2%, 59.4%, 62.0%, 68.8%, 59.6%]",,,,
19,weights,19,74,0.03960000000000001,1.0379568710923195,1.0381763763725758,0.0001111111111111111,68.86000000000001,"[61.0%, 70.4%, 71.6%, 66.6%, 84.8%, 67.8%, 77.2%, 59.8%, 69.4%, 78.2%, 80.2%, 67.0%, 78.8%, 68.2%, 70.4%, 58.2%, 59.4%, 62.0%, 68.8%, 57.4%]",,,,
19,weights,20,75,0.03960000000000001,1.0363077253103257,1.0229203589260578,0.0001111111111111111,68.88000000000001,"[61.0%, 70.4%, 71.6%, 66.6%, 84.8%, 67.8%, 77.2%, 59.8%, 69.4%, 78.2%, 80.2%, 67.0%, 78.8%, 68.2%, 70.4%, 58.2%, 59.4%, 62.0%, 68.8%, 57.8%]",,,,
19,weights,21,76,0.03960000000000001,1.0304190456867217,1.0305444225668907,0.0001111111111111111,68.89000000000001,"[61.0%, 70.4%, 71.6%, 66.6%, 84.8%, 67.8%, 77.2%, 59.8%, 69.4%, 78.2%, 80.2%, 67.0%, 78.8%, 68.2%, 70.4%, 58.2%, 59.4%, 62.0%, 68.8%, 58.0%]",,,,
19,weights,22,77,0.03960000000000001,1.0197346791625024,1.0159107893705368,0.0001111111111111111,68.86000000000001,"[61.0%, 70.4%, 71.6%, 66.6%, 84.8%, 67.8%, 77.2%, 59.8%, 69.4%, 78.2%, 80.2%, 67.0%, 78.8%, 68.2%, 70.4%, 58.2%, 59.4%, 62.0%, 68.8%, 57.4%]",,,,
19,weights,23,78,0.03960000000000001,0.9917606011033058,1.0861765835434198,0.0001111111111111111,68.74000000000001,"[61.0%, 70.4%, 71.6%, 66.6%, 84.8%, 67.8%, 77.2%, 59.8%, 69.4%, 78.2%, 80.2%, 67.0%, 78.8%, 68.2%, 70.4%, 58.2%, 59.4%, 62.0%, 68.8%, 55.0%]",,,,
19,weights,24,79,0.03960000000000001,0.9933293536305428,1.0444340035319328,0.0001111111111111111,68.69000000000001,"[61.0%, 70.4%, 71.6%, 66.6%, 84.8%, 67.8%, 77.2%, 59.8%, 69.4%, 78.2%, 80.2%, 67.0%, 78.8%, 68.2%, 70.4%, 58.2%, 59.4%, 62.0%, 68.8%, 54.0%]",,,,
19,weights,25,80,0.03960000000000001,1.0121198669075966,1.0510907210409641,0.0001111111111111111,68.86000000000001,"[61.0%, 70.4%, 71.6%, 66.6%, 84.8%, 67.8%, 77.2%, 59.8%, 69.4%, 78.2%, 80.2%, 67.0%, 78.8%, 68.2%, 70.4%, 58.2%, 59.4%, 62.0%, 68.8%, 57.4%]",33.85,"[0.0%, 29.0%, 38.6%, 17.6%, 84.8%, 34.8%, 60.8%, 26.4%, 56.0%, 68.4%, 61.8%, 41.0%, 73.4%, 21.8%, 21.0%, 21.2%, 9.4%, 0.0%, 11.0%, 0.0%]",40.749999999999986,"[47.4%, 62.2%, 20.4%, 36.0%, 65.4%, 53.0%, 69.6%, 22.2%, 69.4%, 32.2%, 56.2%, 19.8%, 45.0%, 44.8%, 29.8%, 30.4%, 9.4%, 40.8%, 39.2%, 21.8%]"
