task_idx,phase,epoch_in_phase,global_epoch,kappa,train_loss,val_loss,lr,til_avg,til_per_task,cil_stand_avg,cil_stand_per_task,cil_znorm_avg,cil_znorm_per_task
0,parallel,1,1,0.5,2.262897789478302,1.623040035367012,0.001,30.0,[30.0%],,,,
0,parallel,2,2,0.5,1.5603523939847945,1.4958073943853378,0.001,35.2,[35.2%],,,,
0,parallel,3,3,0.5,1.3884826213121415,1.390832468867302,0.001,40.8,[40.8%],,,,
0,parallel,4,4,0.5,1.2848053455352784,1.2712312564253807,0.001,47.8,[47.8%],,,,
0,parallel,5,5,0.49560501500000004,1.156139974296093,1.3238497599959373,0.001,48.2,[48.2%],,,,
0,parallel,6,6,0.478245375,1.0550599068403244,0.9660112261772156,0.001,59.8,[59.8%],,,,
0,parallel,7,7,0.461238215,0.979978546500206,1.0107837729156017,0.001,60.0,[60.0%],,,,
0,parallel,8,8,0.4445835350000001,1.0646881863474846,0.92751894146204,0.001,62.6,[62.6%],,,,
0,parallel,9,9,0.42828133500000004,0.8702596843242645,0.8659396562725306,0.001,63.4,[63.4%],,,,
0,parallel,10,10,0.412331615,0.8704258099198341,0.8526062108576298,0.001,63.0,[63.0%],,,,
0,parallel,11,11,0.39673437500000003,0.8905311152338982,0.956326812505722,0.001,58.8,[58.8%],,,,
0,parallel,12,12,0.38148961499999995,0.8354811608791352,0.8576108831912279,0.001,63.0,[63.0%],,,,
0,parallel,13,13,0.36659733499999997,0.8145468272268772,0.80911023914814,0.001,65.4,[65.4%],,,,
0,parallel,14,14,0.352057535,0.7838632151484489,0.8231165166944265,0.001,63.4,[63.4%],,,,
0,parallel,15,15,0.33787021500000003,0.8133402720093728,0.8271835595369339,0.001,62.6,[62.6%],,,,
0,parallel,16,16,0.324035375,0.8236383333802223,0.7663836069405079,0.001,66.6,[66.6%],,,,
0,parallel,17,17,0.310553015,0.7667662307620049,0.8235990591347218,0.001,64.4,[64.4%],,,,
0,parallel,18,18,0.29742313499999995,0.7759035706520081,0.7300136759877205,0.001,69.4,[69.4%],,,,
0,parallel,19,19,0.28464573500000007,0.7216771647334099,0.8165054935961962,0.001,67.8,[67.8%],,,,
0,parallel,20,20,0.272220815,0.8274387583136559,0.8243649695068598,0.001,64.6,[64.6%],,,,
0,parallel,21,21,0.26014837500000004,0.828114016354084,0.940303398296237,0.001,63.8,[63.8%],,,,
0,parallel,22,22,0.248428415,0.7906766548752785,0.8847917141392827,0.001,61.6,[61.6%],,,,
0,parallel,23,23,0.23706093499999997,0.8134643495082855,0.7498624511063099,0.0003333333333333333,68.2,[68.2%],,,,
0,parallel,24,24,0.22604593499999998,0.7250987961888313,0.8244671747088432,0.0003333333333333333,66.2,[66.2%],,,,
0,parallel,25,25,0.21538341499999997,0.7454893425107002,0.755885299295187,0.0003333333333333333,68.4,[68.4%],,,,
0,parallel,26,26,0.20507337499999995,0.6951222851872444,0.7848160546272993,0.0003333333333333333,66.8,[66.8%],,,,
0,parallel,27,27,0.19511581499999997,0.7268231093883515,0.7657451536506414,0.0003333333333333333,66.8,[66.8%],,,,
0,parallel,28,28,0.18551073499999993,0.7483057707548142,0.7424590326845646,0.0001111111111111111,69.4,[69.4%],,,,
0,parallel,29,29,0.17625813499999998,0.7179900102317334,0.8098923694342375,0.0001111111111111111,66.6,[66.6%],,,,
0,parallel,30,30,0.16735801499999997,0.8633887261152268,0.8588621132075787,0.0001111111111111111,66.8,[66.8%],,,,
0,parallel,31,31,0.158810375,0.7850656747817993,0.8586242198944092,0.0001111111111111111,65.4,[65.4%],,,,
0,parallel,32,32,0.15061521499999997,0.8772640556097031,0.9426293782889843,0.0001111111111111111,63.8,[63.8%],,,,
0,parallel,33,33,0.14277253500000003,0.8649906180799007,0.9254916869103909,0.0001111111111111111,65.2,[65.2%],,,,
0,parallel,34,34,0.135282335,0.9907012179493904,1.021659940481186,0.0001111111111111111,62.0,[62.0%],,,,
0,parallel,35,35,0.12814461500000002,0.9218906551599503,0.9841985106468201,0.0001111111111111111,62.8,[62.8%],,,,
0,parallel,36,36,0.12135937499999999,1.0698864832520485,1.0785088203847408,0.0001111111111111111,63.4,[63.4%],,,,
0,parallel,37,37,0.114926615,1.0540022164583207,1.1423993706703186,0.0001111111111111111,60.8,[60.8%],,,,
0,parallel,38,38,0.10884633499999999,1.2044159397482872,1.2023580074310303,0.0001111111111111111,57.0,[57.0%],,,,
0,parallel,39,39,0.10311853499999998,1.1729260087013245,1.1664740070700645,0.0001111111111111111,58.8,[58.8%],,,,
0,parallel,40,40,0.097743215,1.1816138654947281,1.1292300522327423,0.0001111111111111111,60.2,[60.2%],,,,
0,parallel,41,41,0.092720375,1.3108554422855376,1.2420682981610298,0.0001111111111111111,59.8,[59.8%],,,,
0,parallel,42,42,0.088050015,1.2928217023611068,1.2186477109789848,0.0001111111111111111,62.4,[62.4%],,,,
0,parallel,43,43,0.08373213499999999,1.2755985289812088,1.223926581442356,0.0001111111111111111,62.4,[62.4%],,,,
0,parallel,44,44,0.07976673499999999,1.2697508066892624,1.202970802783966,0.0001111111111111111,61.6,[61.6%],,,,
0,parallel,45,45,0.07615381499999999,1.478366568684578,1.3945490196347237,0.0001111111111111111,54.0,[54.0%],,,,
0,parallel,46,46,0.072893375,1.4309717267751694,1.3604107201099396,0.0001111111111111111,54.6,[54.6%],,,,
0,parallel,47,47,0.069985415,1.4132649332284928,1.3746045157313347,0.0001111111111111111,55.8,[55.8%],,,,
0,parallel,48,48,0.067429935,1.3703514009714126,1.2991856336593628,0.0001111111111111111,58.4,[58.4%],,,,
0,parallel,49,49,0.06522693499999999,1.3759808093309402,1.3207187578082085,0.0001111111111111111,61.2,[61.2%],,,,
0,parallel,50,50,0.06337641499999999,1.3703934878110886,1.3214696943759918,0.0001111111111111111,59.2,[59.2%],,,,
0,parallel,51,51,0.06187837499999999,1.63542021214962,1.5715944468975067,0.0001111111111111111,42.0,[42.0%],,,,
0,parallel,52,52,0.060732814999999996,1.49300956428051,1.4413774907588959,0.0001111111111111111,52.8,[52.8%],,,,
0,parallel,53,53,0.059939734999999994,1.433234488964081,1.4222631603479385,0.0001111111111111111,53.0,[53.0%],,,,
0,parallel,54,54,0.059499134999999995,1.3794882774353028,1.3376937583088875,0.0001111111111111111,54.8,[54.8%],,,,
0,parallel,55,55,0.059399999999999994,1.3434040039777755,1.3236998617649078,0.0001111111111111111,55.2,[55.2%],,,,
0,weights,1,56,0.059399999999999994,1.3122714787721634,1.2978966534137726,0.0001111111111111111,55.2,[55.2%],,,,
0,weights,2,57,0.059399999999999994,1.2837074458599091,1.254061110317707,0.0001111111111111111,57.0,[57.0%],,,,
0,weights,3,58,0.059399999999999994,1.2622022747993469,1.2453133687376976,0.0001111111111111111,56.8,[56.8%],,,,
0,weights,4,59,0.059399999999999994,1.2189327239990235,1.248058706521988,0.0001111111111111111,54.2,[54.2%],,,,
0,weights,5,60,0.059399999999999994,1.212785804271698,1.2290702015161514,0.0001111111111111111,54.8,[54.8%],,,,
0,weights,6,61,0.059399999999999994,1.2045415461063385,1.2047169134020805,0.0001111111111111111,57.4,[57.4%],,,,
0,weights,7,62,0.059399999999999994,1.173485991358757,1.1978375539183617,0.0001111111111111111,55.8,[55.8%],,,,
0,weights,8,63,0.059399999999999994,1.1825913190841675,1.23394825309515,0.0001111111111111111,55.0,[55.0%],,,,
0,weights,9,64,0.059399999999999994,1.1552953109145165,1.1897100657224655,0.0001111111111111111,55.4,[55.4%],,,,
0,weights,10,65,0.059399999999999994,1.13999947309494,1.1907968446612358,0.0001111111111111111,55.8,[55.8%],,,,
0,weights,11,66,0.059399999999999994,1.1610424727201463,1.1687586531043053,0.0001111111111111111,56.8,[56.8%],,,,
0,weights,12,67,0.059399999999999994,1.1218035236001014,1.1517512425780296,0.0001111111111111111,55.8,[55.8%],,,,
0,weights,13,68,0.059399999999999994,1.1109316125512123,1.1671488210558891,0.0001111111111111111,56.0,[56.0%],,,,
0,weights,14,69,0.059399999999999994,1.0892074897885322,1.1357481330633163,0.0001111111111111111,57.0,[57.0%],,,,
0,weights,15,70,0.059399999999999994,1.1134916245937347,1.1317933201789856,0.0001111111111111111,54.8,[54.8%],,,,
0,weights,16,71,0.059399999999999994,1.1087933123111724,1.1310344561934471,0.0001111111111111111,56.8,[56.8%],,,,
0,weights,17,72,0.059399999999999994,1.0719110488891601,1.1292133331298828,0.0001111111111111111,56.8,[56.8%],,,,
0,weights,18,73,0.059399999999999994,1.0744862496852874,1.096697710454464,0.0001111111111111111,57.2,[57.2%],,,,
0,weights,19,74,0.059399999999999994,1.0582285046577453,1.1471809782087803,0.0001111111111111111,56.0,[56.0%],,,,
0,weights,20,75,0.059399999999999994,1.0524678885936738,1.0906522646546364,0.0001111111111111111,58.0,[58.0%],,,,
0,weights,21,76,0.059399999999999994,1.0386904805898667,1.0811861045658588,0.0001111111111111111,58.2,[58.2%],,,,
0,weights,22,77,0.059399999999999994,1.0306202560663222,1.0788881853222847,0.0001111111111111111,58.8,[58.8%],,,,
0,weights,23,78,0.059399999999999994,1.0415797367691995,1.0503427311778069,0.0001111111111111111,60.2,[60.2%],,,,
0,weights,24,79,0.059399999999999994,1.045426109433174,1.0610606856644154,0.0001111111111111111,59.0,[59.0%],,,,
0,weights,25,80,0.059399999999999994,1.007861103117466,1.0417131781578064,0.0001111111111111111,59.6,[59.6%],59.6,[59.6%],59.6,[59.6%]
1,parallel,1,1,0.5,2.6620494544506075,1.6794604659080505,0.0001111111111111111,39.8,"[59.6%, 20.0%]",,,,
1,parallel,2,2,0.5,1.657720571756363,1.6519036442041397,0.0001111111111111111,39.8,"[59.6%, 20.0%]",,,,
1,parallel,3,3,0.5,1.6261149644851685,1.5812428891658783,0.0001111111111111111,46.900000000000006,"[59.6%, 34.2%]",,,,
1,parallel,4,4,0.5,1.5183253705501556,1.422421857714653,0.0001111111111111111,51.400000000000006,"[59.6%, 43.2%]",,,,
1,parallel,5,5,0.49559462000000004,1.440916794538498,1.3897421136498451,0.0001111111111111111,52.8,"[59.6%, 46.0%]",,,,
1,parallel,6,6,0.47819392105263153,1.26276553273201,1.1867640838027,0.0001111111111111111,54.8,"[59.6%, 50.0%]",,,,
1,parallel,7,7,0.4611465357894737,1.2675714522600174,1.1703126281499863,0.0001111111111111111,57.6,"[59.6%, 55.6%]",,,,
1,parallel,8,8,0.44445246421052637,1.1342352837324143,1.164491206407547,0.0001111111111111111,56.3,"[59.6%, 53.0%]",,,,
1,parallel,9,9,0.42811170631578954,1.0505747392773628,0.9727732166647911,0.0001111111111111111,60.7,"[59.6%, 61.8%]",,,,
1,parallel,10,10,0.41212426210526315,0.9819290176033973,1.0898894146084785,0.0001111111111111111,58.900000000000006,"[59.6%, 58.2%]",,,,
1,parallel,11,11,0.39649013157894736,0.9892661705613136,0.9487734287977219,0.0001111111111111111,61.5,"[59.6%, 63.4%]",,,,
1,parallel,12,12,0.38120931473684205,0.963398240506649,0.8478537276387215,0.0001111111111111111,65.5,"[59.6%, 71.4%]",,,,
1,parallel,13,13,0.36628181157894735,0.8638108402490616,0.8688290268182755,0.0001111111111111111,64.1,"[59.6%, 68.6%]",,,,
1,parallel,14,14,0.35170762210526313,0.8207306154072285,0.8523583933711052,0.0001111111111111111,64.4,"[59.6%, 69.2%]",,,,
1,parallel,15,15,0.3374867463157895,0.7774529919028282,0.7630488537251949,0.0001111111111111111,66.3,"[59.6%, 73.0%]",,,,
1,parallel,16,16,0.3236191842105263,0.8151845425367356,0.786483533680439,0.0001111111111111111,65.5,"[59.6%, 71.4%]",,,,
1,parallel,17,17,0.3101049357894737,0.741430227458477,0.7883843518793583,0.0001111111111111111,66.5,"[59.6%, 73.4%]",,,,
1,parallel,18,18,0.2969440010526315,0.7243821829557419,0.8143424801528454,0.0001111111111111111,65.2,"[59.6%, 70.8%]",,,,
1,parallel,19,19,0.2841363800000001,0.8580124266445637,0.8478274494409561,0.0001111111111111111,64.3,"[59.6%, 69.0%]",,,,
1,parallel,20,20,0.27168207263157895,0.7850497707724571,0.7563155740499496,0.0001111111111111111,66.6,"[59.6%, 73.6%]",,,,
1,parallel,21,21,0.2595810789473684,0.6746434092521667,0.7861706539988518,0.0001111111111111111,66.5,"[59.6%, 73.4%]",,,,
1,parallel,22,22,0.24783339894736844,0.7163795754313469,0.9196639135479927,0.0001111111111111111,64.4,"[59.6%, 69.2%]",,,,
1,parallel,23,23,0.23643903263157895,0.637287812680006,0.7651556432247162,0.0001111111111111111,66.3,"[59.6%, 73.0%]",,,,
1,parallel,24,24,0.22539798,0.7304074853658676,0.8495601266622543,0.0001111111111111111,65.3,"[59.6%, 71.0%]",,,,
1,parallel,25,25,0.21471024105263156,0.7378237560391426,0.771691869944334,0.0001111111111111111,65.6,"[59.6%, 71.6%]",,,,
1,parallel,26,26,0.20437581578947367,0.69902423620224,0.7555755227804184,0.0001111111111111111,66.8,"[59.6%, 74.0%]",,,,
1,parallel,27,27,0.1943947042105263,0.6962906762957572,0.7844472378492355,0.0001111111111111111,66.4,"[59.6%, 73.2%]",,,,
1,parallel,28,28,0.18476690631578943,0.6784619994461536,0.7043482400476933,0.0001111111111111111,67.9,"[59.6%, 76.2%]",,,,
1,parallel,29,29,0.17549242210526314,0.7048238039016723,0.9115803726017475,0.0001111111111111111,64.9,"[59.6%, 70.2%]",,,,
1,parallel,30,30,0.16657125157894737,0.6891116037964821,0.7244455367326736,0.0001111111111111111,67.1,"[59.6%, 74.6%]",,,,
1,parallel,31,31,0.1580033947368421,0.6961775720119476,0.8663871251046658,0.0001111111111111111,63.599999999999994,"[59.6%, 67.6%]",,,,
1,parallel,32,32,0.14978885157894734,0.7697501897811889,0.6748386174440384,0.0001111111111111111,68.0,"[59.6%, 76.4%]",,,,
1,parallel,33,33,0.1419276221052632,0.7188227988779545,0.8074844405055046,0.0001111111111111111,66.7,"[59.6%, 73.8%]",,,,
1,parallel,34,34,0.13441970631578948,0.8116562116891146,0.7848737388849258,0.0001111111111111111,66.5,"[59.6%, 73.4%]",,,,
1,parallel,35,35,0.12726510421052634,0.7263668864965439,0.745278425514698,0.0001111111111111111,67.5,"[59.6%, 75.4%]",,,,
1,parallel,36,36,0.12046381578947368,0.7817347690463066,0.8567968532443047,0.0001111111111111111,65.5,"[59.6%, 71.4%]",,,,
1,parallel,37,37,0.11401584105263157,0.7729393720626831,0.8648496679961681,0.0001111111111111111,63.099999999999994,"[59.6%, 66.6%]",,,,
1,parallel,38,38,0.10792117999999998,0.882383155822754,1.071463905274868,0.0001111111111111111,61.1,"[59.6%, 62.6%]",,,,
1,parallel,39,39,0.10217983263157893,0.859221339225769,0.950855664908886,0.0001111111111111111,63.099999999999994,"[59.6%, 66.6%]",,,,
1,parallel,40,40,0.09679179894736842,0.8524472370743752,0.9155195653438568,0.0001111111111111111,63.900000000000006,"[59.6%, 68.2%]",,,,
1,parallel,41,41,0.09175707894736843,1.0371277347207069,0.8438139110803604,0.0001111111111111111,65.4,"[59.6%, 71.2%]",,,,
1,parallel,42,42,0.08707567263157895,0.8291228234767913,0.7758817449212074,0.0001111111111111111,66.5,"[59.6%, 73.4%]",,,,
1,parallel,43,43,0.08274757999999999,0.8527443185448647,0.9034901186823845,0.0001111111111111111,64.5,"[59.6%, 69.4%]",,,,
1,parallel,44,44,0.07877280105263157,0.8506037399172783,0.8147630766034126,0.0001111111111111111,65.1,"[59.6%, 70.6%]",,,,
1,parallel,45,45,0.07515133578947367,1.018169103562832,0.9873981177806854,0.0001111111111111111,62.0,"[59.6%, 64.4%]",,,,
1,parallel,46,46,0.07188318421052632,0.9397101044654846,0.890135258436203,0.0001111111111111111,63.8,"[59.6%, 68.0%]",,,,
1,parallel,47,47,0.06896834631578948,0.9702795229852199,0.8386162221431732,0.0001111111111111111,64.8,"[59.6%, 70.0%]",,,,
1,parallel,48,48,0.06640682210526315,0.8892838567495346,0.8273602537810802,0.0001111111111111111,64.5,"[59.6%, 69.4%]",,,,
1,parallel,49,49,0.06419861157894736,0.9121238000690937,0.8641562908887863,0.0001111111111111111,64.2,"[59.6%, 68.8%]",,,,
1,parallel,50,50,0.062343714736842096,1.0910562098026275,1.1496473997831345,0.0001111111111111111,58.900000000000006,"[59.6%, 58.2%]",,,,
1,parallel,51,51,0.06084213157894736,1.0331885769963265,1.0029576122760773,0.0001111111111111111,61.6,"[59.6%, 63.6%]",,,,
1,parallel,52,52,0.05969386210526316,0.9545202225446701,0.9329775422811508,0.0001111111111111111,62.7,"[59.6%, 65.8%]",,,,
1,parallel,53,53,0.05889890631578947,0.9122308701276779,0.9080507159233093,0.0001111111111111111,62.7,"[59.6%, 65.8%]",,,,
1,parallel,54,54,0.058457264210526313,0.9706923574209213,0.8373562395572662,0.0001111111111111111,66.1,"[59.6%, 72.6%]",,,,
1,parallel,55,55,0.0583578947368421,0.8681661918759346,1.0174322873353958,0.0001111111111111111,61.2,"[59.6%, 62.8%]",,,,
1,weights,1,56,0.0583578947368421,0.8598102711141109,0.8333432972431183,0.0001111111111111111,64.1,"[59.6%, 68.6%]",,,,
1,weights,2,57,0.0583578947368421,0.8208697438240051,0.8792684599757195,0.0001111111111111111,63.3,"[59.6%, 67.0%]",,,,
1,weights,3,58,0.0583578947368421,0.7787752360105514,0.8778664544224739,0.0001111111111111111,64.3,"[59.6%, 69.0%]",,,,
1,weights,4,59,0.0583578947368421,0.7618657812476158,0.7848969846963882,0.0001111111111111111,65.7,"[59.6%, 71.8%]",,,,
1,weights,5,60,0.0583578947368421,0.7402165934443474,0.7728642746806145,0.0001111111111111111,65.7,"[59.6%, 71.8%]",,,,
1,weights,6,61,0.0583578947368421,0.7913096219301223,0.8245240971446037,0.0001111111111111111,64.2,"[59.6%, 68.8%]",,,,
1,weights,7,62,0.0583578947368421,0.7538351878523827,0.7963830679655075,0.0001111111111111111,65.1,"[59.6%, 70.6%]",,,,
1,weights,8,63,0.0583578947368421,0.7334996119141579,0.7604531869292259,0.0001111111111111111,65.3,"[59.6%, 71.0%]",,,,
1,weights,9,64,0.0583578947368421,0.7027166351675987,0.7737898826599121,0.0001111111111111111,65.4,"[59.6%, 71.2%]",,,,
1,weights,10,65,0.0583578947368421,0.7214445769786835,0.7230215668678284,0.0001111111111111111,66.7,"[59.6%, 73.8%]",,,,
1,weights,11,66,0.0583578947368421,0.7773193880915642,0.8984240889549255,0.0001111111111111111,63.400000000000006,"[59.6%, 67.2%]",,,,
1,weights,12,67,0.0583578947368421,0.7178294643759727,0.7472935691475868,0.0001111111111111111,65.3,"[59.6%, 71.0%]",,,,
1,weights,13,68,0.0583578947368421,0.6751784823834897,0.7798510789871216,0.0001111111111111111,66.1,"[59.6%, 72.6%]",,,,
1,weights,14,69,0.0583578947368421,0.6703198663890362,0.7663823515176773,0.0001111111111111111,66.5,"[59.6%, 73.4%]",,,,
1,weights,15,70,0.0583578947368421,0.6949186734855175,0.740093044936657,0.0001111111111111111,66.1,"[59.6%, 72.6%]",,,,
1,weights,16,71,0.0583578947368421,0.7103555731475353,0.7511821538209915,0.0001111111111111111,65.6,"[59.6%, 71.6%]",,,,
1,weights,17,72,0.0583578947368421,0.6792037189006805,0.7455444410443306,0.0001111111111111111,67.1,"[59.6%, 74.6%]",,,,
1,weights,18,73,0.0583578947368421,0.6729025654494762,0.7521920204162598,0.0001111111111111111,65.1,"[59.6%, 70.6%]",,,,
1,weights,19,74,0.0583578947368421,0.6322992369532585,0.7132515422999859,0.0001111111111111111,66.5,"[59.6%, 73.4%]",,,,
1,weights,20,75,0.0583578947368421,0.6460925064980984,0.7230415791273117,0.0001111111111111111,66.7,"[59.6%, 73.8%]",,,,
1,weights,21,76,0.0583578947368421,0.6397118277847766,0.6980236694216728,0.0001111111111111111,65.6,"[59.6%, 71.6%]",,,,
1,weights,22,77,0.0583578947368421,0.6304570615291596,0.7070229947566986,0.0001111111111111111,66.7,"[59.6%, 73.8%]",,,,
1,weights,23,78,0.0583578947368421,0.6651272863149643,0.6456116363406181,0.0001111111111111111,67.6,"[59.6%, 75.6%]",,,,
1,weights,24,79,0.0583578947368421,0.6003143869340419,0.6721976362168789,0.0001111111111111111,67.2,"[59.6%, 74.8%]",,,,
1,weights,25,80,0.0583578947368421,0.5994388796389103,0.6678971201181412,0.0001111111111111111,67.9,"[59.6%, 76.2%]",48.7,"[21.2%, 76.2%]",59.5,"[59.6%, 59.4%]"
2,parallel,1,1,0.5,4.105015480518341,1.9163761734962463,0.0001111111111111111,51.93333333333334,"[59.6%, 76.2%, 20.0%]",,,,
2,parallel,2,2,0.5,1.7173519253730773,1.6439469158649445,0.0001111111111111111,51.93333333333334,"[59.6%, 76.2%, 20.0%]",,,,
2,parallel,3,3,0.5,1.6377591162919998,1.6339967399835587,0.0001111111111111111,51.93333333333334,"[59.6%, 76.2%, 20.0%]",,,,
2,parallel,4,4,0.5,1.5826161980628968,1.4489619135856628,0.0001111111111111111,56.53333333333334,"[59.6%, 76.2%, 33.8%]",,,,
2,parallel,5,5,0.49558422500000004,1.462064591050148,1.3639066517353058,0.0001111111111111111,57.400000000000006,"[59.6%, 76.2%, 36.4%]",,,,
2,parallel,6,6,0.47814246710526315,1.39063863158226,1.3025576323270798,0.0001111111111111111,58.26666666666667,"[59.6%, 76.2%, 39.0%]",,,,
2,parallel,7,7,0.46105485657894735,1.3547058433294297,1.2898393422365189,0.0001111111111111111,58.26666666666667,"[59.6%, 76.2%, 39.0%]",,,,
2,parallel,8,8,0.4443213934210527,1.2754289299249648,1.3430587127804756,0.0001111111111111111,57.93333333333334,"[59.6%, 76.2%, 38.0%]",,,,
2,parallel,9,9,0.427942077631579,1.2874112099409103,1.2886001467704773,0.0001111111111111111,61.0,"[59.6%, 76.2%, 47.2%]",,,,
2,parallel,10,10,0.4119169092105263,1.2223868250846863,1.2125256806612015,0.0001111111111111111,62.0,"[59.6%, 76.2%, 50.2%]",,,,
2,parallel,11,11,0.39624588815789474,1.2069707602262496,1.2266819030046463,0.0001111111111111111,60.93333333333334,"[59.6%, 76.2%, 47.0%]",,,,
2,parallel,12,12,0.38092901447368416,1.1867851227521897,1.27349291741848,0.0001111111111111111,61.46666666666667,"[59.6%, 76.2%, 48.6%]",,,,
2,parallel,13,13,0.3659662881578947,1.118773528933525,1.0645176395773888,0.0001111111111111111,63.800000000000004,"[59.6%, 76.2%, 55.6%]",,,,
2,parallel,14,14,0.3513577092105263,1.072909601032734,1.140264868736267,0.0001111111111111111,63.6,"[59.6%, 76.2%, 55.0%]",,,,
2,parallel,15,15,0.337103277631579,1.0578075617551803,1.0946286469697952,0.0001111111111111111,64.33333333333333,"[59.6%, 76.2%, 57.2%]",,,,
2,parallel,16,16,0.3232029934210527,0.9938240751624108,1.0013141185045242,0.0001111111111111111,65.4,"[59.6%, 76.2%, 60.4%]",,,,
2,parallel,17,17,0.30965685657894737,0.9547777816653251,0.9223229736089706,0.0001111111111111111,66.46666666666667,"[59.6%, 76.2%, 63.6%]",,,,
2,parallel,18,18,0.2964648671052631,0.9364291355013847,0.9327495731413364,0.0001111111111111111,66.26666666666667,"[59.6%, 76.2%, 63.0%]",,,,
2,parallel,19,19,0.28362702500000003,0.9038008660078048,0.8715132623910904,0.0001111111111111111,68.0,"[59.6%, 76.2%, 68.2%]",,,,
2,parallel,20,20,0.27114333026315796,0.8310041218996048,0.8906370922923088,0.0001111111111111111,68.2,"[59.6%, 76.2%, 68.8%]",,,,
2,parallel,21,21,0.25901378289473687,0.8077661328017711,0.8939756695181131,0.0001111111111111111,66.4,"[59.6%, 76.2%, 63.4%]",,,,
2,parallel,22,22,0.24723838289473687,0.9342915415763855,0.9012307487428188,0.0001111111111111111,66.8,"[59.6%, 76.2%, 64.6%]",,,,
2,parallel,23,23,0.2358171302631579,0.9755959063768387,0.8559791371226311,0.0001111111111111111,67.66666666666667,"[59.6%, 76.2%, 67.2%]",,,,
2,parallel,24,24,0.224750025,0.815214529633522,0.8115628063678741,0.0001111111111111111,68.73333333333333,"[59.6%, 76.2%, 70.4%]",,,,
2,parallel,25,25,0.21403706710526316,0.795530840009451,0.8561470732092857,0.0001111111111111111,68.0,"[59.6%, 76.2%, 68.2%]",,,,
2,parallel,26,26,0.20367825657894734,0.7281522259116173,0.7786097079515457,0.0001111111111111111,68.8,"[59.6%, 76.2%, 70.6%]",,,,
2,parallel,27,27,0.19367359342105261,0.7955635160207748,0.7306414544582367,0.0001111111111111111,70.0,"[59.6%, 76.2%, 74.2%]",,,,
2,parallel,28,28,0.1840230776315789,0.7902659863233567,0.8849918320775032,0.0001111111111111111,68.26666666666667,"[59.6%, 76.2%, 69.0%]",,,,
2,parallel,29,29,0.1747267092105263,0.7648585960268974,0.8294018357992172,0.0001111111111111111,69.0,"[59.6%, 76.2%, 71.2%]",,,,
2,parallel,30,30,0.16578448815789473,0.7658900707960129,0.7888050153851509,0.0001111111111111111,69.4,"[59.6%, 76.2%, 72.4%]",,,,
2,parallel,31,31,0.1571964144736842,0.7620876222848892,0.823470626026392,0.0001111111111111111,69.06666666666668,"[59.6%, 76.2%, 71.4%]",,,,
2,parallel,32,32,0.1489624881578947,0.84559435993433,0.8390488401055336,0.0001111111111111111,68.2,"[59.6%, 76.2%, 68.8%]",,,,
2,parallel,33,33,0.14108270921052635,0.7633484117686749,0.8111248090863228,0.0001111111111111111,69.13333333333334,"[59.6%, 76.2%, 71.6%]",,,,
2,parallel,34,34,0.13355707763157895,0.8404648497700691,0.8956058248877525,0.0001111111111111111,67.33333333333333,"[59.6%, 76.2%, 66.2%]",,,,
2,parallel,35,35,0.12638559342105266,0.7812940642237663,0.8035136237740517,0.0001111111111111111,69.0,"[59.6%, 76.2%, 71.2%]",,,,
2,parallel,36,36,0.11956825657894737,0.8339251026511192,0.8351075053215027,0.0001111111111111111,68.66666666666667,"[59.6%, 76.2%, 70.2%]",,,,
2,parallel,37,37,0.11310506710526316,0.83321443349123,0.8397205695509911,0.0001111111111111111,68.93333333333334,"[59.6%, 76.2%, 71.0%]",,,,
2,parallel,38,38,0.106996025,0.8722062081098556,0.8700865805149078,0.0001111111111111111,67.66666666666667,"[59.6%, 76.2%, 67.2%]",,,,
2,parallel,39,39,0.10124113026315787,0.9295197919011116,0.8591110855340958,0.0001111111111111111,67.60000000000001,"[59.6%, 76.2%, 67.0%]",,,,
2,parallel,40,40,0.09584038289473684,0.8379108175635338,0.8189676702022552,0.0001111111111111111,68.46666666666667,"[59.6%, 76.2%, 69.6%]",,,,
2,parallel,41,41,0.09079378289473684,1.0042666673660279,1.0012313202023506,0.0001111111111111111,66.33333333333333,"[59.6%, 76.2%, 63.2%]",,,,
2,parallel,42,42,0.08610133026315789,0.9129510715603828,0.8773775771260262,0.0001111111111111111,68.4,"[59.6%, 76.2%, 69.4%]",,,,
2,parallel,43,43,0.08176302499999999,0.9059768870472908,0.8816814422607422,0.0001111111111111111,68.26666666666667,"[59.6%, 76.2%, 69.0%]",,,,
2,parallel,44,44,0.07777886710526315,0.992579048871994,0.9286195263266563,0.0001111111111111111,68.0,"[59.6%, 76.2%, 68.2%]",,,,
2,parallel,45,45,0.07414885657894736,0.9645430073142052,0.931582860648632,0.0001111111111111111,68.06666666666668,"[59.6%, 76.2%, 68.4%]",,,,
2,parallel,46,46,0.07087299342105263,0.9082286402583122,0.8929835259914398,0.0001111111111111111,68.13333333333334,"[59.6%, 76.2%, 68.6%]",,,,
2,parallel,47,47,0.06795127763157895,0.9809631437063218,0.9073155000805855,0.0001111111111111111,68.0,"[59.6%, 76.2%, 68.2%]",,,,
2,parallel,48,48,0.06538370921052632,0.9807721018791199,0.8852940127253532,0.0001111111111111111,68.86666666666667,"[59.6%, 76.2%, 70.8%]",,,,
2,parallel,49,49,0.06317028815789473,0.900806987285614,0.872192271053791,0.0001111111111111111,68.0,"[59.6%, 76.2%, 68.2%]",,,,
2,parallel,50,50,0.06131101447368421,1.1572487637400628,1.0208513364195824,0.0001111111111111111,66.73333333333333,"[59.6%, 76.2%, 64.4%]",,,,
2,parallel,51,51,0.059805888157894734,1.030314239859581,0.9399965107440948,0.0001111111111111111,67.4,"[59.6%, 76.2%, 66.4%]",,,,
2,parallel,52,52,0.05865490921052632,0.9546000763773919,0.9572495073080063,0.0001111111111111111,67.2,"[59.6%, 76.2%, 65.8%]",,,,
2,parallel,53,53,0.05785807763157895,0.9431593775749206,0.9201733097434044,0.0001111111111111111,67.33333333333333,"[59.6%, 76.2%, 66.2%]",,,,
2,parallel,54,54,0.05741539342105263,0.9122675389051438,0.863800086081028,0.0001111111111111111,68.66666666666667,"[59.6%, 76.2%, 70.2%]",,,,
2,parallel,55,55,0.05731578947368421,0.8721174910664559,0.8958286717534065,0.0001111111111111111,68.0,"[59.6%, 76.2%, 68.2%]",,,,
2,weights,1,56,0.05731578947368421,0.8829156801104545,0.8910136967897415,0.0001111111111111111,68.33333333333333,"[59.6%, 76.2%, 69.2%]",,,,
2,weights,2,57,0.05731578947368421,0.8482533901929855,0.8236730918288231,0.0001111111111111111,69.33333333333333,"[59.6%, 76.2%, 72.2%]",,,,
2,weights,3,58,0.05731578947368421,0.8332270249724388,0.7964601069688797,0.0001111111111111111,69.53333333333335,"[59.6%, 76.2%, 72.8%]",,,,
2,weights,4,59,0.05731578947368421,0.8267275109887123,0.8792117685079575,0.0001111111111111111,67.60000000000001,"[59.6%, 76.2%, 67.0%]",,,,
2,weights,5,60,0.05731578947368421,0.8376985386013984,0.8481908962130547,0.0001111111111111111,68.33333333333333,"[59.6%, 76.2%, 69.2%]",,,,
2,weights,6,61,0.05731578947368421,0.8109615072607994,0.8041037321090698,0.0001111111111111111,68.73333333333333,"[59.6%, 76.2%, 70.4%]",,,,
2,weights,7,62,0.05731578947368421,0.7710280299186707,0.7916475683450699,0.0001111111111111111,68.8,"[59.6%, 76.2%, 70.6%]",,,,
2,weights,8,63,0.05731578947368421,0.7854047983884811,0.7782040759921074,0.0001111111111111111,69.13333333333334,"[59.6%, 76.2%, 71.6%]",,,,
2,weights,9,64,0.05731578947368421,0.8358134344220162,0.7860225364565849,0.0001111111111111111,69.06666666666668,"[59.6%, 76.2%, 71.4%]",,,,
2,weights,10,65,0.05731578947368421,0.7533251032233238,0.7654727064073086,0.0001111111111111111,69.2,"[59.6%, 76.2%, 71.8%]",,,,
2,weights,11,66,0.05731578947368421,0.7481416821479797,0.8051793128252029,0.0001111111111111111,68.46666666666667,"[59.6%, 76.2%, 69.6%]",,,,
2,weights,12,67,0.05731578947368421,0.7908183112740517,0.7589667662978172,0.0001111111111111111,69.60000000000001,"[59.6%, 76.2%, 73.0%]",,,,
2,weights,13,68,0.05731578947368421,0.7595947071909904,0.8092278651893139,0.0001111111111111111,68.66666666666667,"[59.6%, 76.2%, 70.2%]",,,,
2,weights,14,69,0.05731578947368421,0.7450379967689514,0.7808645442128181,0.0001111111111111111,69.0,"[59.6%, 76.2%, 71.2%]",,,,
2,weights,15,70,0.05731578947368421,0.7399025041610002,0.7585561573505402,0.0001111111111111111,69.60000000000001,"[59.6%, 76.2%, 73.0%]",,,,
2,weights,16,71,0.05731578947368421,0.687017323821783,0.7358568608760834,0.0001111111111111111,69.4,"[59.6%, 76.2%, 72.4%]",,,,
2,weights,17,72,0.05731578947368421,0.7087434582412243,0.7803205922245979,0.0001111111111111111,68.66666666666667,"[59.6%, 76.2%, 70.2%]",,,,
2,weights,18,73,0.05731578947368421,0.71296476572752,0.7387481406331062,0.0001111111111111111,69.53333333333335,"[59.6%, 76.2%, 72.8%]",,,,
2,weights,19,74,0.05731578947368421,0.6707071512937546,0.7447875551879406,0.0001111111111111111,69.60000000000001,"[59.6%, 76.2%, 73.0%]",,,,
2,weights,20,75,0.05731578947368421,0.6995864510536194,0.766670823097229,0.0001111111111111111,69.06666666666668,"[59.6%, 76.2%, 71.4%]",,,,
2,weights,21,76,0.05731578947368421,0.6801914684474468,0.7486073896288872,0.0001111111111111111,69.86666666666667,"[59.6%, 76.2%, 73.8%]",,,,
2,weights,22,77,0.05731578947368421,0.6615879386663437,0.730522233992815,0.0001111111111111111,70.33333333333333,"[59.6%, 76.2%, 75.2%]",,,,
2,weights,23,78,0.05731578947368421,0.6634133167564868,0.7304799258708954,0.0001111111111111111,70.0,"[59.6%, 76.2%, 74.2%]",,,,
2,weights,24,79,0.05731578947368421,0.6644084639847279,0.7126611769199371,0.0001111111111111111,69.86666666666667,"[59.6%, 76.2%, 73.8%]",,,,
2,weights,25,80,0.05731578947368421,0.6937728717923164,0.7521321475505829,0.0001111111111111111,69.53333333333335,"[59.6%, 76.2%, 72.8%]",44.06666666666666,"[0.0%, 59.4%, 72.8%]",57.4,"[46.2%, 59.4%, 66.6%]"
3,parallel,1,1,0.5,5.118084436655044,2.447780817747116,0.0001111111111111111,57.150000000000006,"[59.6%, 76.2%, 72.8%, 20.0%]",,,,
3,parallel,2,2,0.5,1.8745336204767227,1.6686879247426987,0.0001111111111111111,57.35000000000001,"[59.6%, 76.2%, 72.8%, 20.8%]",,,,
3,parallel,3,3,0.5,1.6536951273679734,1.6407838463783264,0.0001111111111111111,58.10000000000001,"[59.6%, 76.2%, 72.8%, 23.8%]",,,,
3,parallel,4,4,0.5,1.6401798397302627,1.6285378634929657,0.0001111111111111111,57.150000000000006,"[59.6%, 76.2%, 72.8%, 20.0%]",,,,
3,parallel,5,5,0.49557383,1.578718715906143,1.46859709918499,0.0001111111111111111,61.25000000000001,"[59.6%, 76.2%, 72.8%, 36.4%]",,,,
3,parallel,6,6,0.4780910131578947,1.4032058626413346,1.3359243795275688,0.0001111111111111111,62.45,"[59.6%, 76.2%, 72.8%, 41.2%]",,,,
3,parallel,7,7,0.460963177368421,1.3333107858896256,1.3684590309858322,0.0001111111111111111,62.50000000000001,"[59.6%, 76.2%, 72.8%, 41.4%]",,,,
3,parallel,8,8,0.444190322631579,1.3026493042707443,1.2438014224171638,0.0001111111111111111,63.25000000000001,"[59.6%, 76.2%, 72.8%, 44.4%]",,,,
3,parallel,9,9,0.4277724489473685,1.2471953183412552,1.2227952554821968,0.0001111111111111111,63.45,"[59.6%, 76.2%, 72.8%, 45.2%]",,,,
3,parallel,10,10,0.4117095563157895,1.2319800108671188,1.3038813173770905,0.0001111111111111111,63.45,"[59.6%, 76.2%, 72.8%, 45.2%]",,,,
3,parallel,11,11,0.39600164473684213,1.2134933352470398,1.1704996600747108,0.0001111111111111111,64.7,"[59.6%, 76.2%, 72.8%, 50.2%]",,,,
3,parallel,12,12,0.38064871421052626,1.1198688119649887,1.077683798968792,0.0001111111111111111,66.55000000000001,"[59.6%, 76.2%, 72.8%, 57.6%]",,,,
3,parallel,13,13,0.3656507647368421,1.0631778240203857,1.0740484222769737,0.0001111111111111111,66.85000000000001,"[59.6%, 76.2%, 72.8%, 58.8%]",,,,
3,parallel,14,14,0.35100779631578943,1.0336962401866914,1.049627609550953,0.0001111111111111111,66.4,"[59.6%, 76.2%, 72.8%, 57.0%]",,,,
3,parallel,15,15,0.33671980894736847,0.9586767569184304,0.9410630390048027,0.0001111111111111111,68.10000000000001,"[59.6%, 76.2%, 72.8%, 63.8%]",,,,
3,parallel,16,16,0.322786802631579,0.9918023467063903,1.0514260232448578,0.0001111111111111111,67.4,"[59.6%, 76.2%, 72.8%, 61.0%]",,,,
3,parallel,17,17,0.30920877736842106,0.9551324144005775,0.9440406411886215,0.0001111111111111111,67.95,"[59.6%, 76.2%, 72.8%, 63.2%]",,,,
3,parallel,18,18,0.2959857331578947,0.8928579062223434,0.9210882969200611,0.0001111111111111111,68.05000000000001,"[59.6%, 76.2%, 72.8%, 63.6%]",,,,
3,parallel,19,19,0.2831176700000001,0.8707217216491699,0.9771108403801918,0.0001111111111111111,67.80000000000001,"[59.6%, 76.2%, 72.8%, 62.6%]",,,,
3,parallel,20,20,0.2706045878947369,0.9194703876972199,0.9367886707186699,0.0001111111111111111,68.9,"[59.6%, 76.2%, 72.8%, 67.0%]",,,,
3,parallel,21,21,0.2584464868421053,0.9706202715635299,0.9141159988939762,0.0001111111111111111,68.55000000000001,"[59.6%, 76.2%, 72.8%, 65.6%]",,,,
3,parallel,22,22,0.24664336684210528,0.9088231101632118,0.9029696583747864,0.0001111111111111111,68.30000000000001,"[59.6%, 76.2%, 72.8%, 64.6%]",,,,
3,parallel,23,23,0.23519522789473685,0.8334030918776989,0.9115695729851723,0.0001111111111111111,68.25,"[59.6%, 76.2%, 72.8%, 64.4%]",,,,
3,parallel,24,24,0.22410207,0.8276519119739533,0.9062447994947433,0.0001111111111111111,68.45,"[59.6%, 76.2%, 72.8%, 65.2%]",,,,
3,parallel,25,25,0.21336389315789472,0.8719741240143776,0.9776249676942825,0.0001111111111111111,67.80000000000001,"[59.6%, 76.2%, 72.8%, 62.6%]",,,,
3,parallel,26,26,0.20298069736842103,0.8908174827694892,0.9088038876652718,0.0001111111111111111,68.65,"[59.6%, 76.2%, 72.8%, 66.0%]",,,,
3,parallel,27,27,0.1929524826315789,0.8695274576544761,0.8688056021928787,0.0001111111111111111,69.4,"[59.6%, 76.2%, 72.8%, 69.0%]",,,,
3,parallel,28,28,0.18327924894736838,0.9303880900144577,0.9198991768062115,0.0001111111111111111,67.9,"[59.6%, 76.2%, 72.8%, 63.0%]",,,,
3,parallel,29,29,0.17396099631578946,0.8963258132338524,0.8852538391947746,0.0001111111111111111,68.7,"[59.6%, 76.2%, 72.8%, 66.2%]",,,,
3,parallel,30,30,0.1649977247368421,0.8634745270013809,0.8600238114595413,0.0001111111111111111,69.25,"[59.6%, 76.2%, 72.8%, 68.4%]",,,,
3,parallel,31,31,0.1563894342105263,0.8411536976695061,1.0024776309728622,0.0001111111111111111,67.65,"[59.6%, 76.2%, 72.8%, 62.0%]",,,,
3,parallel,32,32,0.1481361247368421,1.023477266728878,0.9435589164495468,0.0001111111111111111,68.35000000000001,"[59.6%, 76.2%, 72.8%, 64.8%]",,,,
3,parallel,33,33,0.1402377963157895,0.9334235265851021,0.948847085237503,0.0001111111111111111,68.05000000000001,"[59.6%, 76.2%, 72.8%, 63.6%]",,,,
3,parallel,34,34,0.13269444894736843,0.9643776774406433,1.017533428966999,0.0001111111111111111,67.25,"[59.6%, 76.2%, 72.8%, 60.4%]",,,,
3,parallel,35,35,0.12550608263157895,0.9027019619941712,0.9266421534121037,0.0001111111111111111,68.65,"[59.6%, 76.2%, 72.8%, 66.0%]",,,,
3,parallel,36,36,0.11867269736842105,0.959631872177124,1.0183272659778595,0.0001111111111111111,67.35000000000001,"[59.6%, 76.2%, 72.8%, 60.8%]",,,,
3,parallel,37,37,0.11219429315789474,0.9974749267101288,0.9728537648916245,0.0001111111111111111,68.0,"[59.6%, 76.2%, 72.8%, 63.4%]",,,,
3,parallel,38,38,0.10607086999999998,1.010361148416996,1.0205475240945816,0.0001111111111111111,67.80000000000001,"[59.6%, 76.2%, 72.8%, 62.6%]",,,,
3,parallel,39,39,0.10030242789473683,0.987064465880394,0.9835198745131493,0.0001111111111111111,68.65,"[59.6%, 76.2%, 72.8%, 66.0%]",,,,
3,parallel,40,40,0.09488896684210527,0.9827264741063118,0.9621945768594742,0.0001111111111111111,68.55000000000001,"[59.6%, 76.2%, 72.8%, 65.6%]",,,,
3,parallel,41,41,0.08983048684210526,1.133288712799549,1.0994379296898842,0.0001111111111111111,66.75,"[59.6%, 76.2%, 72.8%, 58.4%]",,,,
3,parallel,42,42,0.08512698789473684,1.0834838792681694,1.0432199016213417,0.0001111111111111111,67.5,"[59.6%, 76.2%, 72.8%, 61.4%]",,,,
3,parallel,43,43,0.08077846999999999,1.0169417083263397,0.9596128985285759,0.0001111111111111111,68.10000000000001,"[59.6%, 76.2%, 72.8%, 63.8%]",,,,
3,parallel,44,44,0.07678493315789472,1.1821346223354339,1.0962007269263268,0.0001111111111111111,66.60000000000001,"[59.6%, 76.2%, 72.8%, 57.8%]",,,,
3,parallel,45,45,0.07314637736842104,1.102259524166584,1.0460364297032356,0.0001111111111111111,66.80000000000001,"[59.6%, 76.2%, 72.8%, 58.6%]",,,,
3,parallel,46,46,0.06986280263157896,1.1494816824793817,1.094119779765606,0.0001111111111111111,66.55000000000001,"[59.6%, 76.2%, 72.8%, 57.6%]",,,,
3,parallel,47,47,0.06693420894736843,1.0743423148989677,1.0511401668190956,0.0001111111111111111,67.55000000000001,"[59.6%, 76.2%, 72.8%, 61.6%]",,,,
3,parallel,48,48,0.06436059631578947,1.0480598762631417,1.0009232237935066,0.0001111111111111111,67.75,"[59.6%, 76.2%, 72.8%, 62.4%]",,,,
3,parallel,49,49,0.0621419647368421,1.2990538731217385,1.2120942547917366,0.0001111111111111111,66.0,"[59.6%, 76.2%, 72.8%, 55.4%]",,,,
3,parallel,50,50,0.06027831421052631,1.1897939234972,1.1243828535079956,0.0001111111111111111,66.35000000000001,"[59.6%, 76.2%, 72.8%, 56.8%]",,,,
3,parallel,51,51,0.058769644736842104,1.1024788275361062,1.07460505515337,0.0001111111111111111,67.0,"[59.6%, 76.2%, 72.8%, 59.4%]",,,,
3,parallel,52,52,0.057615956315789474,1.1394595444202422,1.0912532284855843,0.0001111111111111111,67.25,"[59.6%, 76.2%, 72.8%, 60.4%]",,,,
3,parallel,53,53,0.05681724894736842,1.0844621881842613,1.0769179984927177,0.0001111111111111111,66.80000000000001,"[59.6%, 76.2%, 72.8%, 58.6%]",,,,
3,parallel,54,54,0.05637352263157895,1.0481590628623962,1.0846136435866356,0.0001111111111111111,66.9,"[59.6%, 76.2%, 72.8%, 59.0%]",,,,
3,parallel,55,55,0.056273684210526316,1.0046513691544532,0.9793756902217865,0.0001111111111111111,68.2,"[59.6%, 76.2%, 72.8%, 64.2%]",,,,
3,weights,1,56,0.056273684210526316,0.9803899541497231,0.9617018327116966,0.0001111111111111111,68.25,"[59.6%, 76.2%, 72.8%, 64.4%]",,,,
3,weights,2,57,0.056273684210526316,0.9883927911520004,0.9815760180354118,0.0001111111111111111,68.15,"[59.6%, 76.2%, 72.8%, 64.0%]",,,,
3,weights,3,58,0.056273684210526316,0.9726406514644623,0.9687264934182167,0.0001111111111111111,68.45,"[59.6%, 76.2%, 72.8%, 65.2%]",,,,
3,weights,4,59,0.056273684210526316,0.9861062049865723,0.9549031257629395,0.0001111111111111111,68.15,"[59.6%, 76.2%, 72.8%, 64.0%]",,,,
3,weights,5,60,0.056273684210526316,0.9573022648692131,0.9451435878872871,0.0001111111111111111,67.95,"[59.6%, 76.2%, 72.8%, 63.2%]",,,,
3,weights,6,61,0.056273684210526316,0.9614358976483345,0.9375274106860161,0.0001111111111111111,68.15,"[59.6%, 76.2%, 72.8%, 64.0%]",,,,
3,weights,7,62,0.056273684210526316,0.9488733664155007,0.9442279115319252,0.0001111111111111111,68.55000000000001,"[59.6%, 76.2%, 72.8%, 65.6%]",,,,
3,weights,8,63,0.056273684210526316,0.9088869288563728,0.9393389970064163,0.0001111111111111111,68.30000000000001,"[59.6%, 76.2%, 72.8%, 64.6%]",,,,
3,weights,9,64,0.056273684210526316,0.934887669980526,0.9283662810921669,0.0001111111111111111,68.60000000000001,"[59.6%, 76.2%, 72.8%, 65.8%]",,,,
3,weights,10,65,0.056273684210526316,0.90457863509655,0.9104596674442291,0.0001111111111111111,69.10000000000001,"[59.6%, 76.2%, 72.8%, 67.8%]",,,,
3,weights,11,66,0.056273684210526316,0.910108570754528,0.939370647072792,0.0001111111111111111,67.95,"[59.6%, 76.2%, 72.8%, 63.2%]",,,,
3,weights,12,67,0.056273684210526316,0.9219036638736725,0.9154210016131401,0.0001111111111111111,68.65,"[59.6%, 76.2%, 72.8%, 66.0%]",,,,
3,weights,13,68,0.056273684210526316,0.8997880145907402,0.8880512863397598,0.0001111111111111111,68.7,"[59.6%, 76.2%, 72.8%, 66.2%]",,,,
3,weights,14,69,0.056273684210526316,0.8626850470900536,0.8886196315288544,0.0001111111111111111,69.0,"[59.6%, 76.2%, 72.8%, 67.4%]",,,,
3,weights,15,70,0.056273684210526316,0.8840282902121543,0.9021970480680466,0.0001111111111111111,69.35000000000001,"[59.6%, 76.2%, 72.8%, 68.8%]",,,,
3,weights,16,71,0.056273684210526316,0.9116517573595047,0.9088830053806305,0.0001111111111111111,68.9,"[59.6%, 76.2%, 72.8%, 67.0%]",,,,
3,weights,17,72,0.056273684210526316,0.8581149473786354,0.8752122148871422,0.0001111111111111111,69.05000000000001,"[59.6%, 76.2%, 72.8%, 67.6%]",,,,
3,weights,18,73,0.056273684210526316,0.8898536846041679,0.888267245143652,0.0001111111111111111,68.9,"[59.6%, 76.2%, 72.8%, 67.0%]",,,,
3,weights,19,74,0.056273684210526316,0.8404236525297165,0.9094664603471756,0.0001111111111111111,68.85000000000001,"[59.6%, 76.2%, 72.8%, 66.8%]",,,,
3,weights,20,75,0.056273684210526316,0.8950809881091117,0.8920091465115547,0.0001111111111111111,69.05000000000001,"[59.6%, 76.2%, 72.8%, 67.6%]",,,,
3,weights,21,76,0.056273684210526316,0.8315847307443619,0.8705864995718002,0.0001111111111111111,68.95,"[59.6%, 76.2%, 72.8%, 67.2%]",,,,
3,weights,22,77,0.056273684210526316,0.8397100701928139,0.8716406896710396,0.0001111111111111111,68.9,"[59.6%, 76.2%, 72.8%, 67.0%]",,,,
3,weights,23,78,0.056273684210526316,0.8425357505679131,0.8739366382360458,0.0001111111111111111,68.75,"[59.6%, 76.2%, 72.8%, 66.4%]",,,,
3,weights,24,79,0.056273684210526316,0.8112431362271308,0.858808159828186,0.0001111111111111111,69.05000000000001,"[59.6%, 76.2%, 72.8%, 67.6%]",,,,
3,weights,25,80,0.056273684210526316,0.8464445754885673,0.9031493067741394,0.0001111111111111111,68.7,"[59.6%, 76.2%, 72.8%, 66.2%]",42.199999999999996,"[0.0%, 59.4%, 72.8%, 36.6%]",57.699999999999996,"[46.2%, 59.4%, 66.6%, 58.6%]"
4,parallel,1,1,0.5,5.866540789604187,2.8268120884895325,0.0001111111111111111,58.96,"[59.6%, 76.2%, 72.8%, 66.2%, 20.0%]",,,,
4,parallel,2,2,0.5,1.9571708887815475,1.6609848588705063,0.0001111111111111111,58.96,"[59.6%, 76.2%, 72.8%, 66.2%, 20.0%]",,,,
4,parallel,3,3,0.5,1.6490487337112427,1.6367350816726685,0.0001111111111111111,58.96,"[59.6%, 76.2%, 72.8%, 66.2%, 20.0%]",,,,
4,parallel,4,4,0.5,1.6306014329195022,1.598321869969368,0.0001111111111111111,58.96,"[59.6%, 76.2%, 72.8%, 66.2%, 20.0%]",,,,
4,parallel,5,5,0.495563435,1.4463281899690628,1.2820081263780594,0.0001111111111111111,65.76,"[59.6%, 76.2%, 72.8%, 66.2%, 54.0%]",,,,
4,parallel,6,6,0.47803955921052627,1.1751107051968575,1.1993630304932594,0.0001111111111111111,65.4,"[59.6%, 76.2%, 72.8%, 66.2%, 52.2%]",,,,
4,parallel,7,7,0.46087149815789474,1.026994025707245,0.9068748354911804,0.0001111111111111111,67.76,"[59.6%, 76.2%, 72.8%, 66.2%, 64.0%]",,,,
4,parallel,8,8,0.4440592518421053,0.9582145109772682,0.9288197755813599,0.0001111111111111111,68.4,"[59.6%, 76.2%, 72.8%, 66.2%, 67.2%]",,,,
4,parallel,9,9,0.42760282026315793,0.8516371473670006,0.7708272598683834,0.0001111111111111111,69.64000000000001,"[59.6%, 76.2%, 72.8%, 66.2%, 73.4%]",,,,
4,parallel,10,10,0.41150220342105265,0.7197553612291813,0.6538436822593212,0.0001111111111111111,70.88,"[59.6%, 76.2%, 72.8%, 66.2%, 79.6%]",,,,
4,parallel,11,11,0.39575740131578946,0.6610395610332489,0.8136005103588104,0.0001111111111111111,69.67999999999999,"[59.6%, 76.2%, 72.8%, 66.2%, 73.6%]",,,,
4,parallel,12,12,0.38036841394736837,0.6594347536563874,0.5347182862460613,0.0001111111111111111,71.72,"[59.6%, 76.2%, 72.8%, 66.2%, 83.8%]",,,,
4,parallel,13,13,0.3653352413157895,0.5950467057526112,0.5397846307605505,0.0001111111111111111,71.8,"[59.6%, 76.2%, 72.8%, 66.2%, 84.2%]",,,,
4,parallel,14,14,0.3506578834210526,0.520880575478077,0.5329701360315084,0.0001111111111111111,71.64000000000001,"[59.6%, 76.2%, 72.8%, 66.2%, 83.4%]",,,,
4,parallel,15,15,0.3363363402631579,0.5121299866586924,0.4785920958966017,0.0001111111111111111,71.8,"[59.6%, 76.2%, 72.8%, 66.2%, 84.2%]",,,,
4,parallel,16,16,0.3223706118421053,0.5203394142910838,0.4617838393896818,0.0001111111111111111,72.08,"[59.6%, 76.2%, 72.8%, 66.2%, 85.6%]",,,,
4,parallel,17,17,0.30876069815789475,0.43850534595549107,0.4966945853084326,0.0001111111111111111,71.72,"[59.6%, 76.2%, 72.8%, 66.2%, 83.8%]",,,,
4,parallel,18,18,0.2955065992105263,0.47982634603977203,0.3820329029113054,0.0001111111111111111,72.67999999999999,"[59.6%, 76.2%, 72.8%, 66.2%, 88.6%]",,,,
4,parallel,19,19,0.28260831500000005,0.41864210888743403,0.36771488934755325,0.0001111111111111111,72.64000000000001,"[59.6%, 76.2%, 72.8%, 66.2%, 88.4%]",,,,
4,parallel,20,20,0.27006584552631585,0.4300786791369319,0.46299662813544273,0.0001111111111111111,71.92,"[59.6%, 76.2%, 72.8%, 66.2%, 84.8%]",,,,
4,parallel,21,21,0.25787919078947374,0.4223713079467416,0.39623249135911465,0.0001111111111111111,72.47999999999999,"[59.6%, 76.2%, 72.8%, 66.2%, 87.6%]",,,,
4,parallel,22,22,0.24604835078947374,0.44974251091480255,0.3648231942206621,0.0001111111111111111,72.67999999999999,"[59.6%, 76.2%, 72.8%, 66.2%, 88.6%]",,,,
4,parallel,23,23,0.23457332552631582,0.3938525278121233,0.47104371525347233,0.0001111111111111111,71.96000000000001,"[59.6%, 76.2%, 72.8%, 66.2%, 85.0%]",,,,
4,parallel,24,24,0.223454115,0.4656786277890205,0.506377175450325,0.0001111111111111111,72.0,"[59.6%, 76.2%, 72.8%, 66.2%, 85.2%]",,,,
4,parallel,25,25,0.2126907192105263,0.4792001910507679,0.4913505781441927,0.0001111111111111111,72.04,"[59.6%, 76.2%, 72.8%, 66.2%, 85.4%]",,,,
4,parallel,26,26,0.20228313815789473,0.4628454439342022,0.3864110391587019,0.0001111111111111111,72.6,"[59.6%, 76.2%, 72.8%, 66.2%, 88.2%]",,,,
4,parallel,27,27,0.19223137184210526,0.43043702729046346,0.4063572734594345,0.0001111111111111111,72.6,"[59.6%, 76.2%, 72.8%, 66.2%, 88.2%]",,,,
4,parallel,28,28,0.18253542026315783,0.4220426131039858,0.44263119623064995,0.0001111111111111111,71.96000000000001,"[59.6%, 76.2%, 72.8%, 66.2%, 85.0%]",,,,
4,parallel,29,29,0.17319528342105261,0.43565011844038964,0.44954185001552105,0.0001111111111111111,72.24000000000001,"[59.6%, 76.2%, 72.8%, 66.2%, 86.4%]",,,,
4,parallel,30,30,0.1642109613157895,0.473579965531826,0.42120555602014065,0.0001111111111111111,72.44000000000001,"[59.6%, 76.2%, 72.8%, 66.2%, 87.4%]",,,,
4,parallel,31,31,0.15558245394736842,0.5945963658392429,0.5099760759621859,0.0001111111111111111,71.47999999999999,"[59.6%, 76.2%, 72.8%, 66.2%, 82.6%]",,,,
4,parallel,32,32,0.14730976131578946,0.4390319973230362,0.43682005628943443,0.0001111111111111111,72.16,"[59.6%, 76.2%, 72.8%, 66.2%, 86.0%]",,,,
4,parallel,33,33,0.13939288342105266,0.4995018124580383,0.4797520786523819,0.0001111111111111111,72.08,"[59.6%, 76.2%, 72.8%, 66.2%, 85.6%]",,,,
4,parallel,34,34,0.1318318202631579,0.46841133534908297,0.5131568014621735,0.0001111111111111111,71.4,"[59.6%, 76.2%, 72.8%, 66.2%, 82.2%]",,,,
4,parallel,35,35,0.12462657184210528,0.6667118079960346,0.5235823728144169,0.0001111111111111111,71.84,"[59.6%, 76.2%, 72.8%, 66.2%, 84.4%]",,,,
4,parallel,36,36,0.11777713815789474,0.49347950182855127,0.5125216227024794,0.0001111111111111111,71.56,"[59.6%, 76.2%, 72.8%, 66.2%, 83.0%]",,,,
4,parallel,37,37,0.11128351921052632,0.51171273291111,0.5606125425547361,0.0001111111111111111,71.16,"[59.6%, 76.2%, 72.8%, 66.2%, 81.0%]",,,,
4,parallel,38,38,0.105145715,0.6515651814639568,0.5829598028212786,0.0001111111111111111,71.08,"[59.6%, 76.2%, 72.8%, 66.2%, 80.6%]",,,,
4,parallel,39,39,0.09936372552631578,0.5327756397426129,0.5547883231192827,0.0001111111111111111,71.64000000000001,"[59.6%, 76.2%, 72.8%, 66.2%, 83.4%]",,,,
4,parallel,40,40,0.09393755078947369,0.4874236673116684,0.7138325814157724,0.0001111111111111111,70.24000000000001,"[59.6%, 76.2%, 72.8%, 66.2%, 76.4%]",,,,
4,parallel,41,41,0.0888671907894737,0.6717386908829213,0.6209328919649124,0.0001111111111111111,71.08,"[59.6%, 76.2%, 72.8%, 66.2%, 80.6%]",,,,
4,parallel,42,42,0.0841526455263158,0.5978159733116627,0.594872422516346,0.0001111111111111111,71.12,"[59.6%, 76.2%, 72.8%, 66.2%, 80.8%]",,,,
4,parallel,43,43,0.07979391499999999,0.558841311186552,0.6798193976283073,0.0001111111111111111,70.84,"[59.6%, 76.2%, 72.8%, 66.2%, 79.4%]",,,,
4,parallel,44,44,0.07579099921052632,0.7650482013821602,0.6688303761184216,0.0001111111111111111,70.56,"[59.6%, 76.2%, 72.8%, 66.2%, 78.0%]",,,,
4,parallel,45,45,0.07214389815789474,0.6425541914999485,0.551475778222084,0.0001111111111111111,71.67999999999999,"[59.6%, 76.2%, 72.8%, 66.2%, 83.6%]",,,,
4,parallel,46,46,0.06885261184210527,0.6442965745925904,0.5901727192103863,0.0001111111111111111,71.2,"[59.6%, 76.2%, 72.8%, 66.2%, 81.2%]",,,,
4,parallel,47,47,0.0659171402631579,0.6166070029139519,0.5578500889241695,0.0001111111111111111,71.67999999999999,"[59.6%, 76.2%, 72.8%, 66.2%, 83.6%]",,,,
4,parallel,48,48,0.06333748342105264,0.577488873898983,0.5577902346849442,0.0001111111111111111,71.44000000000001,"[59.6%, 76.2%, 72.8%, 66.2%, 82.4%]",,,,
4,parallel,49,49,0.061113641315789474,0.8805923238396645,0.7249195873737335,0.0001111111111111111,70.2,"[59.6%, 76.2%, 72.8%, 66.2%, 76.2%]",,,,
4,parallel,50,50,0.05924561394736842,0.6811484642326832,0.6919028274714947,0.0001111111111111111,70.84,"[59.6%, 76.2%, 72.8%, 66.2%, 79.4%]",,,,
4,parallel,51,51,0.057733401315789475,0.6794997394084931,0.6377987377345562,0.0001111111111111111,70.84,"[59.6%, 76.2%, 72.8%, 66.2%, 79.4%]",,,,
4,parallel,52,52,0.05657700342105264,0.6038160629570484,0.6141949873417616,0.0001111111111111111,71.32000000000001,"[59.6%, 76.2%, 72.8%, 66.2%, 81.8%]",,,,
4,parallel,53,53,0.0557764202631579,0.5842953220009803,0.5966816619038582,0.0001111111111111111,71.12,"[59.6%, 76.2%, 72.8%, 66.2%, 80.8%]",,,,
4,parallel,54,54,0.05533165184210526,0.5379275191575289,0.5929249152541161,0.0001111111111111111,71.08,"[59.6%, 76.2%, 72.8%, 66.2%, 80.6%]",,,,
4,parallel,55,55,0.05523157894736842,0.5107438378036022,0.5794125981628895,0.0001111111111111111,71.04,"[59.6%, 76.2%, 72.8%, 66.2%, 80.4%]",,,,
4,weights,1,56,0.05523157894736842,0.48155333995819094,0.5103640146553516,0.0001111111111111111,71.6,"[59.6%, 76.2%, 72.8%, 66.2%, 83.2%]",,,,
4,weights,2,57,0.05523157894736842,0.4676995359361172,0.5248876996338367,0.0001111111111111111,71.44000000000001,"[59.6%, 76.2%, 72.8%, 66.2%, 82.4%]",,,,
4,weights,3,58,0.05523157894736842,0.4477752402424812,0.529267868027091,0.0001111111111111111,71.6,"[59.6%, 76.2%, 72.8%, 66.2%, 83.2%]",,,,
4,weights,4,59,0.05523157894736842,0.4549481596797705,0.5359111484140158,0.0001111111111111111,71.6,"[59.6%, 76.2%, 72.8%, 66.2%, 83.2%]",,,,
4,weights,5,60,0.05523157894736842,0.4283743044361472,0.5223702527582645,0.0001111111111111111,71.47999999999999,"[59.6%, 76.2%, 72.8%, 66.2%, 82.6%]",,,,
4,weights,6,61,0.05523157894736842,0.41593942157924174,0.5263138450682163,0.0001111111111111111,71.32000000000001,"[59.6%, 76.2%, 72.8%, 66.2%, 81.8%]",,,,
4,weights,7,62,0.05523157894736842,0.4070688186213374,0.4652150645852089,0.0001111111111111111,72.0,"[59.6%, 76.2%, 72.8%, 66.2%, 85.2%]",,,,
4,weights,8,63,0.05523157894736842,0.40966057032346725,0.517311330884695,0.0001111111111111111,71.36,"[59.6%, 76.2%, 72.8%, 66.2%, 82.0%]",,,,
4,weights,9,64,0.05523157894736842,0.3940284959971905,0.5011780261993408,0.0001111111111111111,71.84,"[59.6%, 76.2%, 72.8%, 66.2%, 84.4%]",,,,
4,weights,10,65,0.05523157894736842,0.40501215532422064,0.5038231797516346,0.0001111111111111111,71.47999999999999,"[59.6%, 76.2%, 72.8%, 66.2%, 82.6%]",,,,
4,weights,11,66,0.05523157894736842,0.40866951681673525,0.48204139806330204,0.0001111111111111111,71.84,"[59.6%, 76.2%, 72.8%, 66.2%, 84.4%]",,,,
4,weights,12,67,0.05523157894736842,0.4158634478226304,0.46699659898877144,0.0001111111111111111,71.76,"[59.6%, 76.2%, 72.8%, 66.2%, 84.0%]",,,,
4,weights,13,68,0.05523157894736842,0.3780286550521851,0.5130258947610855,0.0001111111111111111,71.72,"[59.6%, 76.2%, 72.8%, 66.2%, 83.8%]",,,,
4,weights,14,69,0.05523157894736842,0.3833489056676626,0.5229500457644463,0.0001111111111111111,71.56,"[59.6%, 76.2%, 72.8%, 66.2%, 83.0%]",,,,
4,weights,15,70,0.05523157894736842,0.4070059318095446,0.4629907049238682,0.0001111111111111111,71.88,"[59.6%, 76.2%, 72.8%, 66.2%, 84.6%]",,,,
4,weights,16,71,0.05523157894736842,0.37936568185687064,0.461294399574399,0.0001111111111111111,71.88,"[59.6%, 76.2%, 72.8%, 66.2%, 84.6%]",,,,
4,weights,17,72,0.05523157894736842,0.36221863739192484,0.47436441481113434,0.0001111111111111111,71.88,"[59.6%, 76.2%, 72.8%, 66.2%, 84.6%]",,,,
4,weights,18,73,0.05523157894736842,0.36814270429313184,0.4633197207003832,0.0001111111111111111,71.84,"[59.6%, 76.2%, 72.8%, 66.2%, 84.4%]",,,,
4,weights,19,74,0.05523157894736842,0.3897584639489651,0.5400621867738664,0.0001111111111111111,71.36,"[59.6%, 76.2%, 72.8%, 66.2%, 82.0%]",,,,
4,weights,20,75,0.05523157894736842,0.37221675701439383,0.45162998512387276,0.0001111111111111111,71.92,"[59.6%, 76.2%, 72.8%, 66.2%, 84.8%]",,,,
4,weights,21,76,0.05523157894736842,0.396292082965374,0.44855525344610214,0.0001111111111111111,71.96000000000001,"[59.6%, 76.2%, 72.8%, 66.2%, 85.0%]",,,,
4,weights,22,77,0.05523157894736842,0.4171470824629068,0.4505868125706911,0.0001111111111111111,71.84,"[59.6%, 76.2%, 72.8%, 66.2%, 84.4%]",,,,
4,weights,23,78,0.05523157894736842,0.3737309657037258,0.5000252909958363,0.0001111111111111111,71.47999999999999,"[59.6%, 76.2%, 72.8%, 66.2%, 82.6%]",,,,
4,weights,24,79,0.05523157894736842,0.33499969020485876,0.3945774808526039,0.0001111111111111111,72.16,"[59.6%, 76.2%, 72.8%, 66.2%, 86.0%]",,,,
4,weights,25,80,0.05523157894736842,0.3129330968018621,0.4111649878323078,0.0001111111111111111,72.04,"[59.6%, 76.2%, 72.8%, 66.2%, 85.4%]",46.36,"[0.0%, 59.4%, 66.6%, 20.4%, 85.4%]",61.44,"[46.2%, 59.4%, 57.6%, 58.6%, 85.4%]"
5,parallel,1,1,0.5,7.170106339454651,3.4421552419662476,0.0001111111111111111,60.03333333333334,"[59.6%, 76.2%, 72.8%, 66.2%, 85.4%, 0.0%]",,,,
5,parallel,2,2,0.5,2.1606549441814424,1.681159183382988,0.0001111111111111111,63.366666666666674,"[59.6%, 76.2%, 72.8%, 66.2%, 85.4%, 20.0%]",,,,
5,parallel,3,3,0.5,1.659684619307518,1.640815645456314,0.0001111111111111111,63.366666666666674,"[59.6%, 76.2%, 72.8%, 66.2%, 85.4%, 20.0%]",,,,
5,parallel,4,4,0.5,1.6422730296850205,1.6269298493862152,0.0001111111111111111,63.366666666666674,"[59.6%, 76.2%, 72.8%, 66.2%, 85.4%, 20.0%]",,,,
5,parallel,5,5,0.49555304,1.6347269117832184,1.6231278032064438,0.0001111111111111111,63.366666666666674,"[59.6%, 76.2%, 72.8%, 66.2%, 85.4%, 20.0%]",,,,
5,parallel,6,6,0.4779881052631579,1.6329627633094788,1.6331782639026642,0.0001111111111111111,63.366666666666674,"[59.6%, 76.2%, 72.8%, 66.2%, 85.4%, 20.0%]",,,,
5,parallel,7,7,0.4607798189473684,1.6378857374191285,1.6170012056827545,0.0001111111111111111,63.366666666666674,"[59.6%, 76.2%, 72.8%, 66.2%, 85.4%, 20.0%]",,,,
5,parallel,8,8,0.44392818105263165,1.5965824633836747,1.5331752598285675,0.0001111111111111111,65.43333333333334,"[59.6%, 76.2%, 72.8%, 66.2%, 85.4%, 32.4%]",,,,
5,parallel,9,9,0.42743319157894744,1.5130987852811812,1.4462634474039078,0.0001111111111111111,66.73333333333333,"[59.6%, 76.2%, 72.8%, 66.2%, 85.4%, 40.2%]",,,,
5,parallel,10,10,0.41129485052631576,1.4500387549400329,1.391109585762024,0.0001111111111111111,67.43333333333334,"[59.6%, 76.2%, 72.8%, 66.2%, 85.4%, 44.4%]",,,,
5,parallel,11,11,0.39551315789473684,1.3612275958061217,1.4482739940285683,0.0001111111111111111,66.10000000000001,"[59.6%, 76.2%, 72.8%, 66.2%, 85.4%, 36.4%]",,,,
5,parallel,12,12,0.38008811368421047,1.3001855850219726,1.2779639959335327,0.0001111111111111111,68.10000000000001,"[59.6%, 76.2%, 72.8%, 66.2%, 85.4%, 48.4%]",,,,
5,parallel,13,13,0.3650197178947368,1.214899906516075,1.1972704604268074,0.0001111111111111111,68.96666666666668,"[59.6%, 76.2%, 72.8%, 66.2%, 85.4%, 53.6%]",,,,
5,parallel,14,14,0.35030797052631574,1.163700531423092,1.1766651421785355,0.0001111111111111111,69.33333333333334,"[59.6%, 76.2%, 72.8%, 66.2%, 85.4%, 55.8%]",,,,
5,parallel,15,15,0.3359528715789474,1.0973509415984153,1.0328950211405754,0.0001111111111111111,69.96666666666668,"[59.6%, 76.2%, 72.8%, 66.2%, 85.4%, 59.6%]",,,,
5,parallel,16,16,0.3219544210526316,1.0266737923026086,1.0474128276109695,0.0001111111111111111,70.2,"[59.6%, 76.2%, 72.8%, 66.2%, 85.4%, 61.0%]",,,,
5,parallel,17,17,0.3083126189473684,0.9692462965846061,1.0203053317964077,0.0001111111111111111,70.80000000000001,"[59.6%, 76.2%, 72.8%, 66.2%, 85.4%, 64.6%]",,,,
5,parallel,18,18,0.2950274652631579,0.9239903509616851,0.8888221755623817,0.0001111111111111111,70.63333333333334,"[59.6%, 76.2%, 72.8%, 66.2%, 85.4%, 63.6%]",,,,
5,parallel,19,19,0.28209896000000007,0.8661531254649162,0.8127588778734207,0.0001111111111111111,71.7,"[59.6%, 76.2%, 72.8%, 66.2%, 85.4%, 70.0%]",,,,
5,parallel,20,20,0.2695271031578948,0.9108107119798661,0.9226558655500412,0.0001111111111111111,70.9,"[59.6%, 76.2%, 72.8%, 66.2%, 85.4%, 65.2%]",,,,
5,parallel,21,21,0.25731189473684213,0.8599618330597878,0.8298346996307373,0.0001111111111111111,71.80000000000001,"[59.6%, 76.2%, 72.8%, 66.2%, 85.4%, 70.6%]",,,,
5,parallel,22,22,0.24545333473684214,0.8536088734865188,1.0188417881727219,0.0001111111111111111,70.33333333333334,"[59.6%, 76.2%, 72.8%, 66.2%, 85.4%, 61.8%]",,,,
5,parallel,23,23,0.23395142315789474,0.9073664471507072,0.7958364002406597,0.0001111111111111111,72.23333333333333,"[59.6%, 76.2%, 72.8%, 66.2%, 85.4%, 73.2%]",,,,
5,parallel,24,24,0.22280616,0.8194267570972442,0.8681307882070541,0.0001111111111111111,71.2,"[59.6%, 76.2%, 72.8%, 66.2%, 85.4%, 67.0%]",,,,
5,parallel,25,25,0.2120175452631579,0.8096978530287743,0.9424028322100639,0.0001111111111111111,70.86666666666667,"[59.6%, 76.2%, 72.8%, 66.2%, 85.4%, 65.0%]",,,,
5,parallel,26,26,0.20158557894736842,0.7483640998601914,0.7792640253901482,0.0001111111111111111,71.96666666666668,"[59.6%, 76.2%, 72.8%, 66.2%, 85.4%, 71.6%]",,,,
5,parallel,27,27,0.19151026105263158,0.8071773707866668,0.7980519309639931,0.0001111111111111111,71.7,"[59.6%, 76.2%, 72.8%, 66.2%, 85.4%, 70.0%]",,,,
5,parallel,28,28,0.18179159157894734,0.8055574148893356,0.8159876689314842,0.0001111111111111111,71.86666666666667,"[59.6%, 76.2%, 72.8%, 66.2%, 85.4%, 71.0%]",,,,
5,parallel,29,29,0.1724295705263158,0.7574219882488251,0.7633283585309982,0.0001111111111111111,72.06666666666668,"[59.6%, 76.2%, 72.8%, 66.2%, 85.4%, 72.2%]",,,,
5,parallel,30,30,0.16342419789473683,0.791298758983612,0.9303057976067066,0.0001111111111111111,70.96666666666668,"[59.6%, 76.2%, 72.8%, 66.2%, 85.4%, 65.6%]",,,,
5,parallel,31,31,0.15477547368421052,0.8436314448714256,0.8156107291579247,0.0001111111111111111,71.56666666666668,"[59.6%, 76.2%, 72.8%, 66.2%, 85.4%, 69.2%]",,,,
5,parallel,32,32,0.14648339789473683,0.7997992366552353,0.8995723463594913,0.0001111111111111111,70.86666666666667,"[59.6%, 76.2%, 72.8%, 66.2%, 85.4%, 65.0%]",,,,
5,parallel,33,33,0.13854797052631582,0.8496407806873322,0.8447840251028538,0.0001111111111111111,71.63333333333334,"[59.6%, 76.2%, 72.8%, 66.2%, 85.4%, 69.6%]",,,,
5,parallel,34,34,0.13096919157894737,0.7919620081782341,0.8293167129158974,0.0001111111111111111,71.76666666666667,"[59.6%, 76.2%, 72.8%, 66.2%, 85.4%, 70.4%]",,,,
5,parallel,35,35,0.12374706105263159,0.8655955269932747,0.8749783709645271,0.0001111111111111111,71.10000000000001,"[59.6%, 76.2%, 72.8%, 66.2%, 85.4%, 66.4%]",,,,
5,parallel,36,36,0.11688157894736842,0.891820453107357,0.8382409512996674,0.0001111111111111111,71.7,"[59.6%, 76.2%, 72.8%, 66.2%, 85.4%, 70.0%]",,,,
5,parallel,37,37,0.1103727452631579,0.8584732227027416,0.8177469149231911,0.0001111111111111111,72.00000000000001,"[59.6%, 76.2%, 72.8%, 66.2%, 85.4%, 71.8%]",,,,
5,parallel,38,38,0.10422055999999999,0.96104776263237,0.905157532542944,0.0001111111111111111,71.16666666666667,"[59.6%, 76.2%, 72.8%, 66.2%, 85.4%, 66.8%]",,,,
5,parallel,39,39,0.09842502315789473,0.9697372078895569,0.9736012816429138,0.0001111111111111111,70.36666666666667,"[59.6%, 76.2%, 72.8%, 66.2%, 85.4%, 62.0%]",,,,
5,parallel,40,40,0.09298613473684211,1.0041486367583274,0.9243415519595146,0.0001111111111111111,70.83333333333334,"[59.6%, 76.2%, 72.8%, 66.2%, 85.4%, 64.8%]",,,,
5,parallel,41,41,0.08790389473684213,0.9806748285889626,0.9049591198563576,0.0001111111111111111,71.16666666666667,"[59.6%, 76.2%, 72.8%, 66.2%, 85.4%, 66.8%]",,,,
5,parallel,42,42,0.08317830315789473,0.9831611111760139,1.064374953508377,0.0001111111111111111,69.96666666666668,"[59.6%, 76.2%, 72.8%, 66.2%, 85.4%, 59.6%]",,,,
5,parallel,43,43,0.07880936,0.9730132490396499,0.8791003674268723,0.0001111111111111111,71.56666666666668,"[59.6%, 76.2%, 72.8%, 66.2%, 85.4%, 69.2%]",,,,
5,parallel,44,44,0.0747970652631579,1.1516537845134736,0.9586735218763351,0.0001111111111111111,71.13333333333334,"[59.6%, 76.2%, 72.8%, 66.2%, 85.4%, 66.6%]",,,,
5,parallel,45,45,0.07114141894736842,1.1370892941951751,0.9650818891823292,0.0001111111111111111,71.06666666666668,"[59.6%, 76.2%, 72.8%, 66.2%, 85.4%, 66.2%]",,,,
5,parallel,46,46,0.0678424210526316,1.0811697006225587,0.9617873877286911,0.0001111111111111111,71.26666666666667,"[59.6%, 76.2%, 72.8%, 66.2%, 85.4%, 67.4%]",,,,
5,parallel,47,47,0.06490007157894738,1.072224634885788,1.0008052960038185,0.0001111111111111111,70.96666666666668,"[59.6%, 76.2%, 72.8%, 66.2%, 85.4%, 65.6%]",,,,
5,parallel,48,48,0.06231437052631579,1.2877265840768815,1.138453647494316,0.0001111111111111111,69.66666666666667,"[59.6%, 76.2%, 72.8%, 66.2%, 85.4%, 57.8%]",,,,
5,parallel,49,49,0.060085317894736846,1.1714723601937294,1.0930322483181953,0.0001111111111111111,69.63333333333334,"[59.6%, 76.2%, 72.8%, 66.2%, 85.4%, 57.6%]",,,,
5,parallel,50,50,0.05821291368421053,1.1182017147541046,1.0271485298871994,0.0001111111111111111,70.36666666666667,"[59.6%, 76.2%, 72.8%, 66.2%, 85.4%, 62.0%]",,,,
5,parallel,51,51,0.056697157894736845,1.0533102586865426,0.9757743775844574,0.0001111111111111111,70.80000000000001,"[59.6%, 76.2%, 72.8%, 66.2%, 85.4%, 64.6%]",,,,
5,parallel,52,52,0.055538050526315795,1.0483165085315704,0.997507356107235,0.0001111111111111111,70.73333333333333,"[59.6%, 76.2%, 72.8%, 66.2%, 85.4%, 64.2%]",,,,
5,parallel,53,53,0.054735591578947376,1.010686318576336,0.9778008498251438,0.0001111111111111111,70.73333333333333,"[59.6%, 76.2%, 72.8%, 66.2%, 85.4%, 64.2%]",,,,
5,parallel,54,54,0.05428978105263158,1.1546172589063644,1.048988401889801,0.0001111111111111111,70.23333333333333,"[59.6%, 76.2%, 72.8%, 66.2%, 85.4%, 61.2%]",,,,
5,parallel,55,55,0.05418947368421053,1.0722497060894967,1.0111034512519836,0.0001111111111111111,70.43333333333334,"[59.6%, 76.2%, 72.8%, 66.2%, 85.4%, 62.4%]",,,,
5,weights,1,56,0.05418947368421053,1.022492764890194,1.0226791203022003,0.0001111111111111111,70.03333333333335,"[59.6%, 76.2%, 72.8%, 66.2%, 85.4%, 60.0%]",,,,
5,weights,2,57,0.05418947368421053,0.9726006612181664,0.9431991577148438,0.0001111111111111111,71.06666666666668,"[59.6%, 76.2%, 72.8%, 66.2%, 85.4%, 66.2%]",,,,
5,weights,3,58,0.05418947368421053,0.9401147410273551,0.9524020925164223,0.0001111111111111111,70.9,"[59.6%, 76.2%, 72.8%, 66.2%, 85.4%, 65.2%]",,,,
5,weights,4,59,0.05418947368421053,0.9288289844989777,1.0289645344018936,0.0001111111111111111,70.03333333333335,"[59.6%, 76.2%, 72.8%, 66.2%, 85.4%, 60.0%]",,,,
5,weights,5,60,0.05418947368421053,0.9211379900574684,0.9107515439391136,0.0001111111111111111,71.16666666666667,"[59.6%, 76.2%, 72.8%, 66.2%, 85.4%, 66.8%]",,,,
5,weights,6,61,0.05418947368421053,0.8781033053994178,0.9138275310397148,0.0001111111111111111,71.13333333333334,"[59.6%, 76.2%, 72.8%, 66.2%, 85.4%, 66.6%]",,,,
5,weights,7,62,0.05418947368421053,0.9013991236686707,0.8908260650932789,0.0001111111111111111,71.26666666666667,"[59.6%, 76.2%, 72.8%, 66.2%, 85.4%, 67.4%]",,,,
5,weights,8,63,0.05418947368421053,0.906819400191307,0.8845497295260429,0.0001111111111111111,71.10000000000001,"[59.6%, 76.2%, 72.8%, 66.2%, 85.4%, 66.4%]",,,,
5,weights,9,64,0.05418947368421053,0.8951332584023476,0.8796364590525627,0.0001111111111111111,71.16666666666667,"[59.6%, 76.2%, 72.8%, 66.2%, 85.4%, 66.8%]",,,,
5,weights,10,65,0.05418947368421053,0.9284301787614823,0.8475500531494617,0.0001111111111111111,71.4,"[59.6%, 76.2%, 72.8%, 66.2%, 85.4%, 68.2%]",,,,
5,weights,11,66,0.05418947368421053,0.8518000468611717,0.8478307984769344,0.0001111111111111111,71.23333333333333,"[59.6%, 76.2%, 72.8%, 66.2%, 85.4%, 67.2%]",,,,
5,weights,12,67,0.05418947368421053,0.8683703169226646,0.8923698216676712,0.0001111111111111111,70.73333333333333,"[59.6%, 76.2%, 72.8%, 66.2%, 85.4%, 64.2%]",,,,
5,weights,13,68,0.05418947368421053,0.8087770909070968,0.9262862801551819,0.0001111111111111111,70.7,"[59.6%, 76.2%, 72.8%, 66.2%, 85.4%, 64.0%]",,,,
5,weights,14,69,0.05418947368421053,0.8366636216640473,0.8889635652303696,0.0001111111111111111,70.76666666666667,"[59.6%, 76.2%, 72.8%, 66.2%, 85.4%, 64.4%]",,,,
5,weights,15,70,0.05418947368421053,0.7946999713778495,0.8385318368673325,0.0001111111111111111,71.26666666666667,"[59.6%, 76.2%, 72.8%, 66.2%, 85.4%, 67.4%]",,,,
5,weights,16,71,0.05418947368421053,0.807224127650261,0.8148587346076965,0.0001111111111111111,71.36666666666667,"[59.6%, 76.2%, 72.8%, 66.2%, 85.4%, 68.0%]",,,,
5,weights,17,72,0.05418947368421053,0.8455404222011567,0.852149024605751,0.0001111111111111111,71.30000000000001,"[59.6%, 76.2%, 72.8%, 66.2%, 85.4%, 67.6%]",,,,
5,weights,18,73,0.05418947368421053,0.7946578741073609,0.8639534786343575,0.0001111111111111111,71.30000000000001,"[59.6%, 76.2%, 72.8%, 66.2%, 85.4%, 67.6%]",,,,
5,weights,19,74,0.05418947368421053,0.8102768704295158,0.8748316764831543,0.0001111111111111111,71.16666666666667,"[59.6%, 76.2%, 72.8%, 66.2%, 85.4%, 66.8%]",,,,
5,weights,20,75,0.05418947368421053,0.7825763553380967,0.8365916460752487,0.0001111111111111111,71.30000000000001,"[59.6%, 76.2%, 72.8%, 66.2%, 85.4%, 67.6%]",,,,
5,weights,21,76,0.05418947368421053,0.75879712626338,0.8158700726926327,0.0001111111111111111,71.46666666666668,"[59.6%, 76.2%, 72.8%, 66.2%, 85.4%, 68.6%]",,,,
5,weights,22,77,0.05418947368421053,0.7763432055711746,0.9589201658964157,0.0001111111111111111,70.26666666666667,"[59.6%, 76.2%, 72.8%, 66.2%, 85.4%, 61.4%]",,,,
5,weights,23,78,0.05418947368421053,0.7682446613907814,0.8274625800549984,0.0001111111111111111,71.36666666666667,"[59.6%, 76.2%, 72.8%, 66.2%, 85.4%, 68.0%]",,,,
5,weights,24,79,0.05418947368421053,0.7644625470042229,0.8064375445246696,0.0001111111111111111,71.46666666666668,"[59.6%, 76.2%, 72.8%, 66.2%, 85.4%, 68.6%]",,,,
5,weights,25,80,0.05418947368421053,0.7611825436353683,0.8092333748936653,0.0001111111111111111,71.33333333333334,"[59.6%, 76.2%, 72.8%, 66.2%, 85.4%, 67.8%]",47.46666666666667,"[0.0%, 59.4%, 66.6%, 20.4%, 85.4%, 53.0%]",60.03333333333333,"[46.2%, 59.4%, 66.6%, 58.6%, 85.4%, 44.0%]"
6,parallel,1,1,0.5,7.977463793754578,4.032790720462799,0.0001111111111111111,61.14285714285715,"[59.6%, 76.2%, 72.8%, 66.2%, 85.4%, 67.8%, 0.0%]",,,,
6,parallel,2,2,0.5,2.40578493475914,1.6976053714752197,0.0001111111111111111,64.00000000000001,"[59.6%, 76.2%, 72.8%, 66.2%, 85.4%, 67.8%, 20.0%]",,,,
6,parallel,3,3,0.5,1.6659302949905395,1.6435362249612808,0.0001111111111111111,63.91428571428572,"[59.6%, 76.2%, 72.8%, 66.2%, 85.4%, 67.8%, 19.4%]",,,,
6,parallel,4,4,0.5,1.6417468786239624,1.6327029764652252,0.0001111111111111111,64.00000000000001,"[59.6%, 76.2%, 72.8%, 66.2%, 85.4%, 67.8%, 20.0%]",,,,
6,parallel,5,5,0.495542645,1.6293888628482818,1.6219448447227478,0.0001111111111111111,64.00000000000001,"[59.6%, 76.2%, 72.8%, 66.2%, 85.4%, 67.8%, 20.0%]",,,,
6,parallel,6,6,0.47793665131578944,1.6370742052793503,1.6311572939157486,0.0001111111111111111,64.00000000000001,"[59.6%, 76.2%, 72.8%, 66.2%, 85.4%, 67.8%, 20.0%]",,,,
6,parallel,7,7,0.4606881397368421,1.5899606734514236,1.418794885277748,0.0001111111111111111,67.31428571428572,"[59.6%, 76.2%, 72.8%, 66.2%, 85.4%, 67.8%, 43.2%]",,,,
6,parallel,8,8,0.44379711026315793,1.3653539925813676,1.242696799337864,0.0001111111111111111,68.25714285714287,"[59.6%, 76.2%, 72.8%, 66.2%, 85.4%, 67.8%, 49.8%]",,,,
6,parallel,9,9,0.4272635628947369,1.1934828534722328,1.084398578852415,0.0001111111111111111,69.57142857142858,"[59.6%, 76.2%, 72.8%, 66.2%, 85.4%, 67.8%, 59.0%]",,,,
6,parallel,10,10,0.4110874976315789,1.0856985658407212,0.9511653259396553,0.0001111111111111111,70.57142857142858,"[59.6%, 76.2%, 72.8%, 66.2%, 85.4%, 67.8%, 66.0%]",,,,
6,parallel,11,11,0.3952689144736843,0.9752179548144341,0.8593340739607811,0.0001111111111111111,71.14285714285715,"[59.6%, 76.2%, 72.8%, 66.2%, 85.4%, 67.8%, 70.0%]",,,,
6,parallel,12,12,0.37980781342105263,0.9465300947427749,0.8992020227015018,0.0001111111111111111,70.88571428571429,"[59.6%, 76.2%, 72.8%, 66.2%, 85.4%, 67.8%, 68.2%]",,,,
6,parallel,13,13,0.3647041944736842,0.8721814587712288,0.9374804720282555,0.0001111111111111111,70.22857142857144,"[59.6%, 76.2%, 72.8%, 66.2%, 85.4%, 67.8%, 63.6%]",,,,
6,parallel,14,14,0.34995805763157894,0.865902216732502,0.8258697353303432,0.0001111111111111111,71.34285714285716,"[59.6%, 76.2%, 72.8%, 66.2%, 85.4%, 67.8%, 71.4%]",,,,
6,parallel,15,15,0.3355694028947369,0.7551893338561058,0.6810520254075527,0.0001111111111111111,71.97142857142858,"[59.6%, 76.2%, 72.8%, 66.2%, 85.4%, 67.8%, 75.8%]",,,,
6,parallel,16,16,0.321538230263158,0.6905856408178807,0.7949511036276817,0.0001111111111111111,71.34285714285716,"[59.6%, 76.2%, 72.8%, 66.2%, 85.4%, 67.8%, 71.4%]",,,,
6,parallel,17,17,0.30786453973684214,0.7614894106984138,0.6550780013203621,0.0001111111111111111,72.08571428571429,"[59.6%, 76.2%, 72.8%, 66.2%, 85.4%, 67.8%, 76.6%]",,,,
6,parallel,18,18,0.2945483313157895,0.6560368418693543,0.6695830151438713,0.0001111111111111111,72.20000000000002,"[59.6%, 76.2%, 72.8%, 66.2%, 85.4%, 67.8%, 77.4%]",,,,
6,parallel,19,19,0.2815896050000001,0.6304183013737201,0.6345549002289772,0.0001111111111111111,72.60000000000001,"[59.6%, 76.2%, 72.8%, 66.2%, 85.4%, 67.8%, 80.2%]",,,,
6,parallel,20,20,0.26898836078947375,0.6373480327427388,0.700903657823801,0.0001111111111111111,71.60000000000001,"[59.6%, 76.2%, 72.8%, 66.2%, 85.4%, 67.8%, 73.2%]",,,,
6,parallel,21,21,0.25674459868421057,0.6326333187520504,0.666237510740757,0.0001111111111111111,72.17142857142858,"[59.6%, 76.2%, 72.8%, 66.2%, 85.4%, 67.8%, 77.2%]",,,,
6,parallel,22,22,0.24485831868421057,0.6316976800560952,0.6307632550597191,0.0001111111111111111,72.22857142857143,"[59.6%, 76.2%, 72.8%, 66.2%, 85.4%, 67.8%, 77.6%]",,,,
6,parallel,23,23,0.2333295207894737,0.6629512324929238,0.5908341705799103,0.0001111111111111111,72.6857142857143,"[59.6%, 76.2%, 72.8%, 66.2%, 85.4%, 67.8%, 80.8%]",,,,
6,parallel,24,24,0.222158205,0.6033555425703525,0.6338401846587658,0.0001111111111111111,72.42857142857143,"[59.6%, 76.2%, 72.8%, 66.2%, 85.4%, 67.8%, 79.0%]",,,,
6,parallel,25,25,0.21134437131578948,0.6552913367748261,0.8805298171937466,0.0001111111111111111,70.94285714285715,"[59.6%, 76.2%, 72.8%, 66.2%, 85.4%, 67.8%, 68.6%]",,,,
6,parallel,26,26,0.2008880197368421,0.6702588096261024,0.6588631626218557,0.0001111111111111111,72.11428571428573,"[59.6%, 76.2%, 72.8%, 66.2%, 85.4%, 67.8%, 76.8%]",,,,
6,parallel,27,27,0.19078915026315788,0.6382627882063389,0.5942149050533772,0.0001111111111111111,72.74285714285715,"[59.6%, 76.2%, 72.8%, 66.2%, 85.4%, 67.8%, 81.2%]",,,,
6,parallel,28,28,0.1810477628947368,0.6902069680392742,0.7096150256693363,0.0001111111111111111,71.94285714285715,"[59.6%, 76.2%, 72.8%, 66.2%, 85.4%, 67.8%, 75.6%]",,,,
6,parallel,29,29,0.17166385763157896,0.7890572555363178,0.687566339969635,0.0001111111111111111,71.91428571428573,"[59.6%, 76.2%, 72.8%, 66.2%, 85.4%, 67.8%, 75.4%]",,,,
6,parallel,30,30,0.16263743447368423,0.7085989981889724,0.6926762256771326,0.0001111111111111111,72.05714285714286,"[59.6%, 76.2%, 72.8%, 66.2%, 85.4%, 67.8%, 76.4%]",,,,
6,parallel,31,31,0.15396849342105262,0.7753474250435829,0.7577160969376564,0.0001111111111111111,71.37142857142858,"[59.6%, 76.2%, 72.8%, 66.2%, 85.4%, 67.8%, 71.6%]",,,,
6,parallel,32,32,0.14565703447368422,0.7489044710993766,0.6984837427735329,0.0001111111111111111,72.4,"[59.6%, 76.2%, 72.8%, 66.2%, 85.4%, 67.8%, 78.8%]",,,,
6,parallel,33,33,0.13770305763157897,0.7491271466016769,0.6826786361634731,0.0001111111111111111,71.97142857142858,"[59.6%, 76.2%, 72.8%, 66.2%, 85.4%, 67.8%, 75.8%]",,,,
6,parallel,34,34,0.13010656289473688,0.731209185346961,0.7154322434216738,0.0001111111111111111,71.6857142857143,"[59.6%, 76.2%, 72.8%, 66.2%, 85.4%, 67.8%, 73.8%]",,,,
6,parallel,35,35,0.12286755026315792,0.8215802431106567,0.7256539762020111,0.0001111111111111111,72.00000000000001,"[59.6%, 76.2%, 72.8%, 66.2%, 85.4%, 67.8%, 76.0%]",,,,
6,parallel,36,36,0.11598601973684211,0.7584996834397316,0.7267419248819351,0.0001111111111111111,71.91428571428573,"[59.6%, 76.2%, 72.8%, 66.2%, 85.4%, 67.8%, 75.4%]",,,,
6,parallel,37,37,0.10946197131578948,0.7101732939481735,0.7215322107076645,0.0001111111111111111,71.97142857142858,"[59.6%, 76.2%, 72.8%, 66.2%, 85.4%, 67.8%, 75.8%]",,,,
6,parallel,38,38,0.103295405,0.7948290139436722,0.8097080141305923,0.0001111111111111111,71.51428571428572,"[59.6%, 76.2%, 72.8%, 66.2%, 85.4%, 67.8%, 72.6%]",,,,
6,parallel,39,39,0.09748632078947367,0.8055240899324417,0.7723783273249865,0.0001111111111111111,71.51428571428572,"[59.6%, 76.2%, 72.8%, 66.2%, 85.4%, 67.8%, 72.6%]",,,,
6,parallel,40,40,0.09203471868421054,0.9911135017871857,0.8290922120213509,0.0001111111111111111,71.05714285714286,"[59.6%, 76.2%, 72.8%, 66.2%, 85.4%, 67.8%, 69.4%]",,,,
6,parallel,41,41,0.08694059868421053,0.8798395469784737,0.7935014329850674,0.0001111111111111111,71.25714285714287,"[59.6%, 76.2%, 72.8%, 66.2%, 85.4%, 67.8%, 70.8%]",,,,
6,parallel,42,42,0.08220396078947369,0.8864915847778321,0.7336806207895279,0.0001111111111111111,71.85714285714286,"[59.6%, 76.2%, 72.8%, 66.2%, 85.4%, 67.8%, 75.0%]",,,,
6,parallel,43,43,0.077824805,1.0178081676363946,0.9140230789780617,0.0001111111111111111,70.6857142857143,"[59.6%, 76.2%, 72.8%, 66.2%, 85.4%, 67.8%, 66.8%]",,,,
6,parallel,44,44,0.07380313131578947,0.9752314209938049,0.8927033618092537,0.0001111111111111111,70.82857142857144,"[59.6%, 76.2%, 72.8%, 66.2%, 85.4%, 67.8%, 67.8%]",,,,
6,parallel,45,45,0.0701389397368421,0.9356231927871704,0.8478149920701981,0.0001111111111111111,71.31428571428572,"[59.6%, 76.2%, 72.8%, 66.2%, 85.4%, 67.8%, 71.2%]",,,,
6,parallel,46,46,0.0668322302631579,0.9096597701311111,0.8334895186126232,0.0001111111111111111,71.31428571428572,"[59.6%, 76.2%, 72.8%, 66.2%, 85.4%, 67.8%, 71.2%]",,,,
6,parallel,47,47,0.06388300289473685,0.8991503268480301,0.8185888454318047,0.0001111111111111111,71.6857142857143,"[59.6%, 76.2%, 72.8%, 66.2%, 85.4%, 67.8%, 73.8%]",,,,
6,parallel,48,48,0.06129125763157896,1.2569302469491959,1.223618671298027,0.0001111111111111111,68.4857142857143,"[59.6%, 76.2%, 72.8%, 66.2%, 85.4%, 67.8%, 51.4%]",,,,
6,parallel,49,49,0.05905699447368422,1.0663514778017997,1.120741680264473,0.0001111111111111111,69.25714285714287,"[59.6%, 76.2%, 72.8%, 66.2%, 85.4%, 67.8%, 56.8%]",,,,
6,parallel,50,50,0.05718021342105264,1.029317882657051,1.1712576597929,0.0001111111111111111,69.42857142857143,"[59.6%, 76.2%, 72.8%, 66.2%, 85.4%, 67.8%, 58.0%]",,,,
6,parallel,51,51,0.055660914473684216,0.9690663471817971,1.1756039410829544,0.0001111111111111111,68.91428571428573,"[59.6%, 76.2%, 72.8%, 66.2%, 85.4%, 67.8%, 54.4%]",,,,
6,parallel,52,52,0.05449909763157896,1.0372616365551948,1.1522796303033829,0.0001111111111111111,69.22857142857144,"[59.6%, 76.2%, 72.8%, 66.2%, 85.4%, 67.8%, 56.6%]",,,,
6,parallel,53,53,0.05369476289473685,0.9797989442944527,0.98641686886549,0.0001111111111111111,70.4,"[59.6%, 76.2%, 72.8%, 66.2%, 85.4%, 67.8%, 64.8%]",,,,
6,parallel,54,54,0.0532479102631579,0.9202025949954986,0.9484682902693748,0.0001111111111111111,70.62857142857145,"[59.6%, 76.2%, 72.8%, 66.2%, 85.4%, 67.8%, 66.4%]",,,,
6,parallel,55,55,0.05314736842105264,0.888830442726612,0.8728111386299133,0.0001111111111111111,71.25714285714287,"[59.6%, 76.2%, 72.8%, 66.2%, 85.4%, 67.8%, 70.8%]",,,,
6,weights,1,56,0.05314736842105264,0.8701758638024331,0.9166046902537346,0.0001111111111111111,70.6857142857143,"[59.6%, 76.2%, 72.8%, 66.2%, 85.4%, 67.8%, 66.8%]",,,,
6,weights,2,57,0.05314736842105264,0.9004575803875923,0.8831897974014282,0.0001111111111111111,70.91428571428573,"[59.6%, 76.2%, 72.8%, 66.2%, 85.4%, 67.8%, 68.4%]",,,,
6,weights,3,58,0.05314736842105264,0.8755480527877808,0.8288690820336342,0.0001111111111111111,71.08571428571429,"[59.6%, 76.2%, 72.8%, 66.2%, 85.4%, 67.8%, 69.6%]",,,,
6,weights,4,59,0.05314736842105264,0.8496303603053093,0.8386936709284782,0.0001111111111111111,71.20000000000002,"[59.6%, 76.2%, 72.8%, 66.2%, 85.4%, 67.8%, 70.4%]",,,,
6,weights,5,60,0.05314736842105264,0.9066157251596451,0.8051457554101944,0.0001111111111111111,71.4857142857143,"[59.6%, 76.2%, 72.8%, 66.2%, 85.4%, 67.8%, 72.4%]",,,,
6,weights,6,61,0.05314736842105264,0.78711948543787,0.8419838473200798,0.0001111111111111111,70.88571428571429,"[59.6%, 76.2%, 72.8%, 66.2%, 85.4%, 67.8%, 68.2%]",,,,
6,weights,7,62,0.05314736842105264,0.8003683537244797,0.7758965417742729,0.0001111111111111111,71.4,"[59.6%, 76.2%, 72.8%, 66.2%, 85.4%, 67.8%, 71.8%]",,,,
6,weights,8,63,0.05314736842105264,0.7587838545441628,0.7691892087459564,0.0001111111111111111,71.54285714285716,"[59.6%, 76.2%, 72.8%, 66.2%, 85.4%, 67.8%, 72.8%]",,,,
6,weights,9,64,0.05314736842105264,0.7823302865028381,0.7778819054365158,0.0001111111111111111,71.45714285714287,"[59.6%, 76.2%, 72.8%, 66.2%, 85.4%, 67.8%, 72.2%]",,,,
6,weights,10,65,0.05314736842105264,0.8251615956425666,0.7968747839331627,0.0001111111111111111,71.45714285714287,"[59.6%, 76.2%, 72.8%, 66.2%, 85.4%, 67.8%, 72.2%]",,,,
6,weights,11,66,0.05314736842105264,0.7672327041625977,0.7306825965642929,0.0001111111111111111,71.8,"[59.6%, 76.2%, 72.8%, 66.2%, 85.4%, 67.8%, 74.6%]",,,,
6,weights,12,67,0.05314736842105264,0.7461966961622238,0.7260252982378006,0.0001111111111111111,71.8,"[59.6%, 76.2%, 72.8%, 66.2%, 85.4%, 67.8%, 74.6%]",,,,
6,weights,13,68,0.05314736842105264,0.7570243686437607,0.7446550354361534,0.0001111111111111111,71.91428571428573,"[59.6%, 76.2%, 72.8%, 66.2%, 85.4%, 67.8%, 75.4%]",,,,
6,weights,14,69,0.05314736842105264,0.7709966860711575,0.7320557236671448,0.0001111111111111111,71.62857142857145,"[59.6%, 76.2%, 72.8%, 66.2%, 85.4%, 67.8%, 73.4%]",,,,
6,weights,15,70,0.05314736842105264,0.7099930591881275,0.7351818978786469,0.0001111111111111111,71.88571428571429,"[59.6%, 76.2%, 72.8%, 66.2%, 85.4%, 67.8%, 75.2%]",,,,
6,weights,16,71,0.05314736842105264,0.6942429602146148,0.697468962520361,0.0001111111111111111,72.02857142857144,"[59.6%, 76.2%, 72.8%, 66.2%, 85.4%, 67.8%, 76.2%]",,,,
6,weights,17,72,0.05314736842105264,0.6963280841708184,0.7047263979911804,0.0001111111111111111,71.8,"[59.6%, 76.2%, 72.8%, 66.2%, 85.4%, 67.8%, 74.6%]",,,,
6,weights,18,73,0.05314736842105264,0.6982889510691166,0.7290030717849731,0.0001111111111111111,71.54285714285716,"[59.6%, 76.2%, 72.8%, 66.2%, 85.4%, 67.8%, 72.8%]",,,,
6,weights,19,74,0.05314736842105264,0.7104871876537799,0.7386566586792469,0.0001111111111111111,71.54285714285716,"[59.6%, 76.2%, 72.8%, 66.2%, 85.4%, 67.8%, 72.8%]",,,,
6,weights,20,75,0.05314736842105264,0.6928971149027348,0.6944315321743488,0.0001111111111111111,71.91428571428573,"[59.6%, 76.2%, 72.8%, 66.2%, 85.4%, 67.8%, 75.4%]",,,,
6,weights,21,76,0.05314736842105264,0.7178218424320221,0.7055634185671806,0.0001111111111111111,71.88571428571429,"[59.6%, 76.2%, 72.8%, 66.2%, 85.4%, 67.8%, 75.2%]",,,,
6,weights,22,77,0.05314736842105264,0.6936790607869625,0.6722020022571087,0.0001111111111111111,72.00000000000001,"[59.6%, 76.2%, 72.8%, 66.2%, 85.4%, 67.8%, 76.0%]",,,,
6,weights,23,78,0.05314736842105264,0.7046936891973019,0.6622994989156723,0.0001111111111111111,72.11428571428573,"[59.6%, 76.2%, 72.8%, 66.2%, 85.4%, 67.8%, 76.8%]",,,,
6,weights,24,79,0.05314736842105264,0.6869760297238827,0.7079640813171864,0.0001111111111111111,72.02857142857144,"[59.6%, 76.2%, 72.8%, 66.2%, 85.4%, 67.8%, 76.2%]",,,,
6,weights,25,80,0.05314736842105264,0.685136504471302,0.6795864701271057,0.0001111111111111111,71.85714285714286,"[59.6%, 76.2%, 72.8%, 66.2%, 85.4%, 67.8%, 75.0%]",48.91428571428572,"[0.0%, 59.4%, 66.6%, 20.4%, 85.4%, 35.6%, 75.0%]",58.82857142857142,"[46.2%, 59.4%, 57.6%, 44.8%, 85.4%, 43.4%, 75.0%]"
7,parallel,1,1,0.5,9.357946860790253,4.940273642539978,0.0001111111111111111,62.87500000000001,"[59.6%, 76.2%, 72.8%, 66.2%, 85.4%, 67.8%, 75.0%, 0.0%]",,,,
7,parallel,2,2,0.5,2.9675656080245973,1.7825811803340912,0.0001111111111111111,65.375,"[59.6%, 76.2%, 72.8%, 66.2%, 85.4%, 67.8%, 75.0%, 20.0%]",,,,
7,parallel,3,3,0.5,1.6881560772657394,1.6521680355072021,0.0001111111111111111,65.375,"[59.6%, 76.2%, 72.8%, 66.2%, 85.4%, 67.8%, 75.0%, 20.0%]",,,,
7,parallel,4,4,0.5,1.6420557498931885,1.631008431315422,0.0001111111111111111,65.375,"[59.6%, 76.2%, 72.8%, 66.2%, 85.4%, 67.8%, 75.0%, 20.0%]",,,,
7,parallel,5,5,0.49553225,1.6320726901292801,1.6291661113500595,0.0001111111111111111,65.375,"[59.6%, 76.2%, 72.8%, 66.2%, 85.4%, 67.8%, 75.0%, 20.0%]",,,,
7,parallel,6,6,0.477885197368421,1.6239362686872483,1.5864332020282745,0.0001111111111111111,66.825,"[59.6%, 76.2%, 72.8%, 66.2%, 85.4%, 67.8%, 75.0%, 31.6%]",,,,
7,parallel,7,7,0.46059646052631575,1.5221044450998307,1.452660784125328,0.0001111111111111111,67.125,"[59.6%, 76.2%, 72.8%, 66.2%, 85.4%, 67.8%, 75.0%, 34.0%]",,,,
7,parallel,8,8,0.44366603947368427,1.373444563150406,1.4939114898443222,0.0001111111111111111,67.575,"[59.6%, 76.2%, 72.8%, 66.2%, 85.4%, 67.8%, 75.0%, 37.6%]",,,,
7,parallel,9,9,0.4270939342105264,1.334658569097519,1.2667788192629814,0.0001111111111111111,68.5,"[59.6%, 76.2%, 72.8%, 66.2%, 85.4%, 67.8%, 75.0%, 45.0%]",,,,
7,parallel,10,10,0.4108801447368421,1.1631310895085334,1.189117670059204,0.0001111111111111111,69.325,"[59.6%, 76.2%, 72.8%, 66.2%, 85.4%, 67.8%, 75.0%, 51.6%]",,,,
7,parallel,11,11,0.39502467105263156,1.107899408042431,1.0960088074207306,0.0001111111111111111,70.125,"[59.6%, 76.2%, 72.8%, 66.2%, 85.4%, 67.8%, 75.0%, 58.0%]",,,,
7,parallel,12,12,0.3795275131578947,1.081233063340187,1.0950339287519455,0.0001111111111111111,70.025,"[59.6%, 76.2%, 72.8%, 66.2%, 85.4%, 67.8%, 75.0%, 57.2%]",,,,
7,parallel,13,13,0.36438867105263156,1.0289946675300599,1.0289761275053024,0.0001111111111111111,70.42500000000001,"[59.6%, 76.2%, 72.8%, 66.2%, 85.4%, 67.8%, 75.0%, 60.4%]",,,,
7,parallel,14,14,0.3496081447368421,0.9962218165397644,0.9955388829112053,0.0001111111111111111,70.35000000000001,"[59.6%, 76.2%, 72.8%, 66.2%, 85.4%, 67.8%, 75.0%, 59.8%]",,,,
7,parallel,15,15,0.33518593421052634,0.9330819115042687,1.0783959440886974,0.0001111111111111111,70.10000000000001,"[59.6%, 76.2%, 72.8%, 66.2%, 85.4%, 67.8%, 75.0%, 57.8%]",,,,
7,parallel,16,16,0.32112203947368423,0.9187191747128963,1.0186794251203537,0.0001111111111111111,70.60000000000001,"[59.6%, 76.2%, 72.8%, 66.2%, 85.4%, 67.8%, 75.0%, 61.8%]",,,,
7,parallel,17,17,0.30741646052631577,0.8835390508174896,0.9779425039887428,0.0001111111111111111,70.75,"[59.6%, 76.2%, 72.8%, 66.2%, 85.4%, 67.8%, 75.0%, 63.0%]",,,,
7,parallel,18,18,0.294069197368421,0.8851944297552109,0.9314305856823921,0.0001111111111111111,70.97500000000001,"[59.6%, 76.2%, 72.8%, 66.2%, 85.4%, 67.8%, 75.0%, 64.8%]",,,,
7,parallel,19,19,0.2810802500000001,0.8293981537222862,0.9190121218562126,0.0001111111111111111,70.9,"[59.6%, 76.2%, 72.8%, 66.2%, 85.4%, 67.8%, 75.0%, 64.2%]",,,,
7,parallel,20,20,0.2684496184210527,0.7815249845385551,0.8914964012801647,0.0001111111111111111,71.25,"[59.6%, 76.2%, 72.8%, 66.2%, 85.4%, 67.8%, 75.0%, 67.0%]",,,,
7,parallel,21,21,0.25617730263157895,0.7644524268805981,0.8985467702150345,0.0001111111111111111,71.125,"[59.6%, 76.2%, 72.8%, 66.2%, 85.4%, 67.8%, 75.0%, 66.0%]",,,,
7,parallel,22,22,0.24426330263157897,0.7383041620254517,0.8909309655427933,0.0001111111111111111,71.25,"[59.6%, 76.2%, 72.8%, 66.2%, 85.4%, 67.8%, 75.0%, 67.0%]",,,,
7,parallel,23,23,0.23270761842105264,0.7678171455860138,0.9358454346656799,0.0001111111111111111,71.125,"[59.6%, 76.2%, 72.8%, 66.2%, 85.4%, 67.8%, 75.0%, 66.0%]",,,,
7,parallel,24,24,0.22151025,0.7914342120289802,0.8488856181502342,0.0001111111111111111,71.55000000000001,"[59.6%, 76.2%, 72.8%, 66.2%, 85.4%, 67.8%, 75.0%, 69.4%]",,,,
7,parallel,25,25,0.21067119736842105,0.7944102182984352,0.9133263230323792,0.0001111111111111111,71.15,"[59.6%, 76.2%, 72.8%, 66.2%, 85.4%, 67.8%, 75.0%, 66.2%]",,,,
7,parallel,26,26,0.20019046052631578,0.8336679086089134,0.9195235148072243,0.0001111111111111111,70.875,"[59.6%, 76.2%, 72.8%, 66.2%, 85.4%, 67.8%, 75.0%, 64.0%]",,,,
7,parallel,27,27,0.1900680394736842,0.765537540614605,0.9168493300676346,0.0001111111111111111,71.05000000000001,"[59.6%, 76.2%, 72.8%, 66.2%, 85.4%, 67.8%, 75.0%, 65.4%]",,,,
7,parallel,28,28,0.1803039342105263,0.7818740129470825,0.9204898253083229,0.0001111111111111111,71.25,"[59.6%, 76.2%, 72.8%, 66.2%, 85.4%, 67.8%, 75.0%, 67.0%]",,,,
7,parallel,29,29,0.1708981447368421,0.805772365629673,0.9458040669560432,0.0001111111111111111,70.67500000000001,"[59.6%, 76.2%, 72.8%, 66.2%, 85.4%, 67.8%, 75.0%, 62.4%]",,,,
7,parallel,30,30,0.16185067105263157,0.8809009179472923,0.8668318837881088,0.0001111111111111111,71.5,"[59.6%, 76.2%, 72.8%, 66.2%, 85.4%, 67.8%, 75.0%, 69.0%]",,,,
7,parallel,31,31,0.15316151315789472,0.8770056664943695,0.8987896963953972,0.0001111111111111111,71.275,"[59.6%, 76.2%, 72.8%, 66.2%, 85.4%, 67.8%, 75.0%, 67.2%]",,,,
7,parallel,32,32,0.14483067105263156,0.843123336136341,0.8966726660728455,0.0001111111111111111,71.5,"[59.6%, 76.2%, 72.8%, 66.2%, 85.4%, 67.8%, 75.0%, 69.0%]",,,,
7,parallel,33,33,0.13685814473684213,0.8427575498819351,0.901562824845314,0.0001111111111111111,71.22500000000001,"[59.6%, 76.2%, 72.8%, 66.2%, 85.4%, 67.8%, 75.0%, 66.8%]",,,,
7,parallel,34,34,0.12924393421052632,0.8359033048152924,0.9045511409640312,0.0001111111111111111,71.2,"[59.6%, 76.2%, 72.8%, 66.2%, 85.4%, 67.8%, 75.0%, 66.6%]",,,,
7,parallel,35,35,0.12198803947368422,0.9130842909216881,0.9032429307699203,0.0001111111111111111,71.5,"[59.6%, 76.2%, 72.8%, 66.2%, 85.4%, 67.8%, 75.0%, 69.0%]",,,,
7,parallel,36,36,0.11509046052631577,0.8827660739421844,0.9254658222198486,0.0001111111111111111,71.30000000000001,"[59.6%, 76.2%, 72.8%, 66.2%, 85.4%, 67.8%, 75.0%, 67.4%]",,,,
7,parallel,37,37,0.10855119736842106,0.8912174448370933,0.9463662877678871,0.0001111111111111111,71.075,"[59.6%, 76.2%, 72.8%, 66.2%, 85.4%, 67.8%, 75.0%, 65.6%]",,,,
7,parallel,38,38,0.10237025,0.8861452966928482,0.9093080312013626,0.0001111111111111111,71.5,"[59.6%, 76.2%, 72.8%, 66.2%, 85.4%, 67.8%, 75.0%, 69.0%]",,,,
7,parallel,39,39,0.09654761842105261,0.9163354322314262,0.9544114619493484,0.0001111111111111111,71.17500000000001,"[59.6%, 76.2%, 72.8%, 66.2%, 85.4%, 67.8%, 75.0%, 66.4%]",,,,
7,parallel,40,40,0.09108330263157896,0.9792581297457218,1.0249201655387878,0.0001111111111111111,70.67500000000001,"[59.6%, 76.2%, 72.8%, 66.2%, 85.4%, 67.8%, 75.0%, 62.4%]",,,,
7,parallel,41,41,0.08597730263157895,0.9319978296756745,0.9627654477953911,0.0001111111111111111,70.95,"[59.6%, 76.2%, 72.8%, 66.2%, 85.4%, 67.8%, 75.0%, 64.6%]",,,,
7,parallel,42,42,0.08122961842105263,0.9350839048624039,1.003485567867756,0.0001111111111111111,70.7,"[59.6%, 76.2%, 72.8%, 66.2%, 85.4%, 67.8%, 75.0%, 62.6%]",,,,
7,parallel,43,43,0.07684025,1.1015988543629647,1.1672506555914879,0.0001111111111111111,69.875,"[59.6%, 76.2%, 72.8%, 66.2%, 85.4%, 67.8%, 75.0%, 56.0%]",,,,
7,parallel,44,44,0.07280919736842104,1.0121462911367416,1.0957017317414284,0.0001111111111111111,70.42500000000001,"[59.6%, 76.2%, 72.8%, 66.2%, 85.4%, 67.8%, 75.0%, 60.4%]",,,,
7,parallel,45,45,0.06913646052631578,1.02069678530097,1.121995598077774,0.0001111111111111111,70.22500000000001,"[59.6%, 76.2%, 72.8%, 66.2%, 85.4%, 67.8%, 75.0%, 58.8%]",,,,
7,parallel,46,46,0.06582203947368422,0.9875482946634293,1.0705288350582123,0.0001111111111111111,70.65,"[59.6%, 76.2%, 72.8%, 66.2%, 85.4%, 67.8%, 75.0%, 62.2%]",,,,
7,parallel,47,47,0.06286593421052632,0.967192280292511,1.0328271090984344,0.0001111111111111111,70.75,"[59.6%, 76.2%, 72.8%, 66.2%, 85.4%, 67.8%, 75.0%, 63.0%]",,,,
7,parallel,48,48,0.0602681447368421,1.1252327159047126,1.1737102195620537,0.0001111111111111111,69.7,"[59.6%, 76.2%, 72.8%, 66.2%, 85.4%, 67.8%, 75.0%, 54.6%]",,,,
7,parallel,49,49,0.05802867105263157,1.0699788719415664,1.145961731672287,0.0001111111111111111,69.9,"[59.6%, 76.2%, 72.8%, 66.2%, 85.4%, 67.8%, 75.0%, 56.2%]",,,,
7,parallel,50,50,0.05614751315789473,1.0083075061440467,1.102755144238472,0.0001111111111111111,70.15,"[59.6%, 76.2%, 72.8%, 66.2%, 85.4%, 67.8%, 75.0%, 58.2%]",,,,
7,parallel,51,51,0.05462467105263157,1.0727229714393616,1.142196074128151,0.0001111111111111111,70.15,"[59.6%, 76.2%, 72.8%, 66.2%, 85.4%, 67.8%, 75.0%, 58.2%]",,,,
7,parallel,52,52,0.0534601447368421,1.0195704489946364,1.108623132109642,0.0001111111111111111,70.375,"[59.6%, 76.2%, 72.8%, 66.2%, 85.4%, 67.8%, 75.0%, 60.0%]",,,,
7,parallel,53,53,0.05265393421052631,0.9814659029245376,1.0946046635508537,0.0001111111111111111,70.80000000000001,"[59.6%, 76.2%, 72.8%, 66.2%, 85.4%, 67.8%, 75.0%, 63.4%]",,,,
7,parallel,54,54,0.052206039473684206,0.964888459444046,1.0315220355987549,0.0001111111111111111,70.72500000000001,"[59.6%, 76.2%, 72.8%, 66.2%, 85.4%, 67.8%, 75.0%, 62.8%]",,,,
7,parallel,55,55,0.05210526315789473,0.9891199827194214,1.0623126551508904,0.0001111111111111111,70.65,"[59.6%, 76.2%, 72.8%, 66.2%, 85.4%, 67.8%, 75.0%, 62.2%]",,,,
7,weights,1,56,0.05210526315789473,0.9737519532442093,1.0146382451057434,0.0001111111111111111,70.875,"[59.6%, 76.2%, 72.8%, 66.2%, 85.4%, 67.8%, 75.0%, 64.0%]",,,,
7,weights,2,57,0.05210526315789473,0.9133245915174484,1.072099968791008,0.0001111111111111111,70.60000000000001,"[59.6%, 76.2%, 72.8%, 66.2%, 85.4%, 67.8%, 75.0%, 61.8%]",,,,
7,weights,3,58,0.05210526315789473,0.9118218034505844,0.9839506149291992,0.0001111111111111111,70.85000000000001,"[59.6%, 76.2%, 72.8%, 66.2%, 85.4%, 67.8%, 75.0%, 63.8%]",,,,
7,weights,4,59,0.05210526315789473,0.8834848299622535,1.0207496210932732,0.0001111111111111111,70.67500000000001,"[59.6%, 76.2%, 72.8%, 66.2%, 85.4%, 67.8%, 75.0%, 62.4%]",,,,
7,weights,5,60,0.05210526315789473,0.8896505326032639,1.0079661533236504,0.0001111111111111111,70.7,"[59.6%, 76.2%, 72.8%, 66.2%, 85.4%, 67.8%, 75.0%, 62.6%]",,,,
7,weights,6,61,0.05210526315789473,0.890034057199955,1.0038796812295914,0.0001111111111111111,70.875,"[59.6%, 76.2%, 72.8%, 66.2%, 85.4%, 67.8%, 75.0%, 64.0%]",,,,
7,weights,7,62,0.05210526315789473,0.8743483617901802,0.951251283288002,0.0001111111111111111,71.0,"[59.6%, 76.2%, 72.8%, 66.2%, 85.4%, 67.8%, 75.0%, 65.0%]",,,,
7,weights,8,63,0.05210526315789473,0.8516124352812767,0.9518373161554337,0.0001111111111111111,71.0,"[59.6%, 76.2%, 72.8%, 66.2%, 85.4%, 67.8%, 75.0%, 65.0%]",,,,
7,weights,9,64,0.05210526315789473,0.85530945956707,0.9758629500865936,0.0001111111111111111,70.775,"[59.6%, 76.2%, 72.8%, 66.2%, 85.4%, 67.8%, 75.0%, 63.2%]",,,,
7,weights,10,65,0.05210526315789473,0.8473439648747444,0.9244033396244049,0.0001111111111111111,71.17500000000001,"[59.6%, 76.2%, 72.8%, 66.2%, 85.4%, 67.8%, 75.0%, 66.4%]",,,,
7,weights,11,66,0.05210526315789473,0.8791219636797905,0.9582289606332779,0.0001111111111111111,70.775,"[59.6%, 76.2%, 72.8%, 66.2%, 85.4%, 67.8%, 75.0%, 63.2%]",,,,
7,weights,12,67,0.05210526315789473,0.824805049598217,0.940494954586029,0.0001111111111111111,71.0,"[59.6%, 76.2%, 72.8%, 66.2%, 85.4%, 67.8%, 75.0%, 65.0%]",,,,
7,weights,13,68,0.05210526315789473,0.8363289117813111,0.9622219875454903,0.0001111111111111111,70.75,"[59.6%, 76.2%, 72.8%, 66.2%, 85.4%, 67.8%, 75.0%, 63.0%]",,,,
7,weights,14,69,0.05210526315789473,0.8160338208079339,0.971691720187664,0.0001111111111111111,70.875,"[59.6%, 76.2%, 72.8%, 66.2%, 85.4%, 67.8%, 75.0%, 64.0%]",,,,
7,weights,15,70,0.05210526315789473,0.8143484801054001,0.9320162981748581,0.0001111111111111111,71.22500000000001,"[59.6%, 76.2%, 72.8%, 66.2%, 85.4%, 67.8%, 75.0%, 66.8%]",,,,
7,weights,16,71,0.05210526315789473,0.8170513182878494,0.9614165127277374,0.0001111111111111111,71.0,"[59.6%, 76.2%, 72.8%, 66.2%, 85.4%, 67.8%, 75.0%, 65.0%]",,,,
7,weights,17,72,0.05210526315789473,0.8213371455669403,0.9770972579717636,0.0001111111111111111,70.9,"[59.6%, 76.2%, 72.8%, 66.2%, 85.4%, 67.8%, 75.0%, 64.2%]",,,,
7,weights,18,73,0.05210526315789473,0.7725626334547997,0.9702676460146904,0.0001111111111111111,71.05000000000001,"[59.6%, 76.2%, 72.8%, 66.2%, 85.4%, 67.8%, 75.0%, 65.4%]",,,,
7,weights,19,74,0.05210526315789473,0.8094009816646576,0.9414778500795364,0.0001111111111111111,71.2,"[59.6%, 76.2%, 72.8%, 66.2%, 85.4%, 67.8%, 75.0%, 66.6%]",,,,
7,weights,20,75,0.05210526315789473,0.7786102935671806,0.8975856006145477,0.0001111111111111111,71.25,"[59.6%, 76.2%, 72.8%, 66.2%, 85.4%, 67.8%, 75.0%, 67.0%]",,,,
7,weights,21,76,0.05210526315789473,0.7750741139054298,0.9008011817932129,0.0001111111111111111,71.025,"[59.6%, 76.2%, 72.8%, 66.2%, 85.4%, 67.8%, 75.0%, 65.2%]",,,,
7,weights,22,77,0.05210526315789473,0.7649573147296905,0.9030472636222839,0.0001111111111111111,71.45,"[59.6%, 76.2%, 72.8%, 66.2%, 85.4%, 67.8%, 75.0%, 68.6%]",,,,
7,weights,23,78,0.05210526315789473,0.7630805872380734,0.9076723083853722,0.0001111111111111111,71.17500000000001,"[59.6%, 76.2%, 72.8%, 66.2%, 85.4%, 67.8%, 75.0%, 66.4%]",,,,
7,weights,24,79,0.05210526315789473,0.7317227065563202,0.9213256686925888,0.0001111111111111111,71.22500000000001,"[59.6%, 76.2%, 72.8%, 66.2%, 85.4%, 67.8%, 75.0%, 66.8%]",,,,
7,weights,25,80,0.05210526315789473,0.763349150121212,0.9258875921368599,0.0001111111111111111,71.125,"[59.6%, 76.2%, 72.8%, 66.2%, 85.4%, 67.8%, 75.0%, 66.0%]",45.675000000000004,"[0.0%, 59.4%, 66.6%, 10.4%, 85.4%, 35.6%, 75.0%, 33.0%]",57.55,"[46.2%, 59.4%, 66.6%, 44.8%, 85.4%, 51.8%, 75.0%, 31.2%]"
8,parallel,1,1,0.5,11.336785340309143,6.258173644542694,0.0001111111111111111,63.22222222222222,"[59.6%, 76.2%, 72.8%, 66.2%, 85.4%, 67.8%, 75.0%, 66.0%, 0.0%]",,,,
8,parallel,2,2,0.5,4.127025002241135,2.2744951248168945,0.0001111111111111111,65.44444444444444,"[59.6%, 76.2%, 72.8%, 66.2%, 85.4%, 67.8%, 75.0%, 66.0%, 20.0%]",,,,
8,parallel,3,3,0.5,1.834228801727295,1.6664429306983948,0.0001111111111111111,65.44444444444444,"[59.6%, 76.2%, 72.8%, 66.2%, 85.4%, 67.8%, 75.0%, 66.0%, 20.0%]",,,,
8,parallel,4,4,0.5,1.6538075089454651,1.6398414969444275,0.0001111111111111111,65.44444444444444,"[59.6%, 76.2%, 72.8%, 66.2%, 85.4%, 67.8%, 75.0%, 66.0%, 20.0%]",,,,
8,parallel,5,5,0.495521855,1.6369910478591918,1.6292078793048859,0.0001111111111111111,65.53333333333333,"[59.6%, 76.2%, 72.8%, 66.2%, 85.4%, 67.8%, 75.0%, 66.0%, 20.8%]",,,,
8,parallel,6,6,0.4778337434210526,1.624874472618103,1.6169465631246567,0.0001111111111111111,65.44444444444444,"[59.6%, 76.2%, 72.8%, 66.2%, 85.4%, 67.8%, 75.0%, 66.0%, 20.0%]",,,,
8,parallel,7,7,0.4605047813157895,1.5276218444108962,1.5496368631720543,0.0001111111111111111,67.06666666666666,"[59.6%, 76.2%, 72.8%, 66.2%, 85.4%, 67.8%, 75.0%, 66.0%, 34.6%]",,,,
8,parallel,8,8,0.4435349686842106,1.345576423406601,1.3360193707048893,0.0001111111111111111,67.77777777777777,"[59.6%, 76.2%, 72.8%, 66.2%, 85.4%, 67.8%, 75.0%, 66.0%, 41.0%]",,,,
8,parallel,9,9,0.42692430552631583,1.2099147155880927,1.4102605357766151,0.0001111111111111111,67.28888888888889,"[59.6%, 76.2%, 72.8%, 66.2%, 85.4%, 67.8%, 75.0%, 66.0%, 36.6%]",,,,
8,parallel,10,10,0.41067279184210526,1.324773794412613,1.2170365154743195,0.0001111111111111111,68.66666666666667,"[59.6%, 76.2%, 72.8%, 66.2%, 85.4%, 67.8%, 75.0%, 66.0%, 49.0%]",,,,
8,parallel,11,11,0.39478042763157895,1.20343227237463,1.23343937844038,0.0001111111111111111,68.57777777777778,"[59.6%, 76.2%, 72.8%, 66.2%, 85.4%, 67.8%, 75.0%, 66.0%, 48.2%]",,,,
8,parallel,12,12,0.37924721289473684,1.095650288462639,1.0804628394544125,0.0001111111111111111,69.51111111111112,"[59.6%, 76.2%, 72.8%, 66.2%, 85.4%, 67.8%, 75.0%, 66.0%, 56.6%]",,,,
8,parallel,13,13,0.36407314763157894,1.015536567568779,1.2805598117411137,0.0001111111111111111,68.6888888888889,"[59.6%, 76.2%, 72.8%, 66.2%, 85.4%, 67.8%, 75.0%, 66.0%, 49.2%]",,,,
8,parallel,14,14,0.34925823184210525,1.0777891516685485,1.1129271388053894,0.0001111111111111111,69.64444444444445,"[59.6%, 76.2%, 72.8%, 66.2%, 85.4%, 67.8%, 75.0%, 66.0%, 57.8%]",,,,
8,parallel,15,15,0.3348024655263158,0.9728343412280083,0.9712792038917542,0.0001111111111111111,70.04444444444444,"[59.6%, 76.2%, 72.8%, 66.2%, 85.4%, 67.8%, 75.0%, 66.0%, 61.4%]",,,,
8,parallel,16,16,0.3207058486842106,0.991825956106186,1.0004455745220184,0.0001111111111111111,70.24444444444445,"[59.6%, 76.2%, 72.8%, 66.2%, 85.4%, 67.8%, 75.0%, 66.0%, 63.2%]",,,,
8,parallel,17,17,0.30696838131578946,0.896535612642765,0.9433110803365707,0.0001111111111111111,70.55555555555556,"[59.6%, 76.2%, 72.8%, 66.2%, 85.4%, 67.8%, 75.0%, 66.0%, 66.0%]",,,,
8,parallel,18,18,0.2935900634210526,0.906343725323677,0.9355865083634853,0.0001111111111111111,70.55555555555556,"[59.6%, 76.2%, 72.8%, 66.2%, 85.4%, 67.8%, 75.0%, 66.0%, 66.0%]",,,,
8,parallel,19,19,0.28057089500000004,0.9187390148639679,0.9832461439073086,0.0001111111111111111,70.19999999999999,"[59.6%, 76.2%, 72.8%, 66.2%, 85.4%, 67.8%, 75.0%, 66.0%, 62.8%]",,,,
8,parallel,20,20,0.26791087605263164,0.8480551734566688,0.9089535996317863,0.0001111111111111111,70.53333333333333,"[59.6%, 76.2%, 72.8%, 66.2%, 85.4%, 67.8%, 75.0%, 66.0%, 65.8%]",,,,
8,parallel,21,21,0.2556100065789474,0.8699416115880012,0.8478353098034859,0.0001111111111111111,70.91111111111111,"[59.6%, 76.2%, 72.8%, 66.2%, 85.4%, 67.8%, 75.0%, 66.0%, 69.2%]",,,,
8,parallel,22,22,0.24366828657894737,0.7978714689612388,0.91009571403265,0.0001111111111111111,70.71111111111111,"[59.6%, 76.2%, 72.8%, 66.2%, 85.4%, 67.8%, 75.0%, 66.0%, 67.4%]",,,,
8,parallel,23,23,0.23208571605263156,0.8201294869184494,0.9209726452827454,0.0001111111111111111,70.46666666666667,"[59.6%, 76.2%, 72.8%, 66.2%, 85.4%, 67.8%, 75.0%, 66.0%, 65.2%]",,,,
8,parallel,24,24,0.220862295,0.7981879435479641,0.9026026204228401,0.0001111111111111111,70.51111111111112,"[59.6%, 76.2%, 72.8%, 66.2%, 85.4%, 67.8%, 75.0%, 66.0%, 65.6%]",,,,
8,parallel,25,25,0.20999802342105262,0.8198153406381607,0.885218508541584,0.0001111111111111111,70.51111111111112,"[59.6%, 76.2%, 72.8%, 66.2%, 85.4%, 67.8%, 75.0%, 66.0%, 65.6%]",,,,
8,parallel,26,26,0.19949290131578945,0.8215569108724594,0.856486089527607,0.0001111111111111111,70.91111111111111,"[59.6%, 76.2%, 72.8%, 66.2%, 85.4%, 67.8%, 75.0%, 66.0%, 69.2%]",,,,
8,parallel,27,27,0.1893469286842105,0.7909386590123176,1.1024878658354282,0.0001111111111111111,69.91111111111111,"[59.6%, 76.2%, 72.8%, 66.2%, 85.4%, 67.8%, 75.0%, 66.0%, 60.2%]",,,,
8,parallel,28,28,0.17956010552631574,0.8451140403747559,0.922321867197752,0.0001111111111111111,70.71111111111111,"[59.6%, 76.2%, 72.8%, 66.2%, 85.4%, 67.8%, 75.0%, 66.0%, 67.4%]",,,,
8,parallel,29,29,0.17013243184210525,0.8473455637693406,1.0382665917277336,0.0001111111111111111,70.35555555555555,"[59.6%, 76.2%, 72.8%, 66.2%, 85.4%, 67.8%, 75.0%, 66.0%, 64.2%]",,,,
8,parallel,30,30,0.16106390763157893,0.8741909921169281,0.9329281002283096,0.0001111111111111111,70.62222222222222,"[59.6%, 76.2%, 72.8%, 66.2%, 85.4%, 67.8%, 75.0%, 66.0%, 66.6%]",,,,
8,parallel,31,31,0.15235453289473683,0.8783651307225228,0.8541862666606903,0.0001111111111111111,70.84444444444445,"[59.6%, 76.2%, 72.8%, 66.2%, 85.4%, 67.8%, 75.0%, 66.0%, 68.6%]",,,,
8,parallel,32,32,0.14400430763157893,0.8482983902096748,1.1234661489725113,0.0001111111111111111,70.04444444444444,"[59.6%, 76.2%, 72.8%, 66.2%, 85.4%, 67.8%, 75.0%, 66.0%, 61.4%]",,,,
8,parallel,33,33,0.1360132318421053,1.0002120271325112,0.9676218219101429,0.0001111111111111111,70.62222222222222,"[59.6%, 76.2%, 72.8%, 66.2%, 85.4%, 67.8%, 75.0%, 66.0%, 66.6%]",,,,
8,parallel,34,34,0.1283813055263158,0.8808249413967133,1.0027515068650246,0.0001111111111111111,70.42222222222222,"[59.6%, 76.2%, 72.8%, 66.2%, 85.4%, 67.8%, 75.0%, 66.0%, 64.8%]",,,,
8,parallel,35,35,0.12110852868421054,0.9237881749868393,1.0183263160288334,0.0001111111111111111,70.37777777777778,"[59.6%, 76.2%, 72.8%, 66.2%, 85.4%, 67.8%, 75.0%, 66.0%, 64.4%]",,,,
8,parallel,36,36,0.11419490131578947,0.8965625002980232,0.8976351022720337,0.0001111111111111111,70.91111111111111,"[59.6%, 76.2%, 72.8%, 66.2%, 85.4%, 67.8%, 75.0%, 66.0%, 69.2%]",,,,
8,parallel,37,37,0.10764042342105262,0.9832481935620307,0.9842292033135891,0.0001111111111111111,70.28888888888889,"[59.6%, 76.2%, 72.8%, 66.2%, 85.4%, 67.8%, 75.0%, 66.0%, 63.6%]",,,,
8,parallel,38,38,0.10144509499999999,0.9830680251121521,0.9908839985728264,0.0001111111111111111,70.3111111111111,"[59.6%, 76.2%, 72.8%, 66.2%, 85.4%, 67.8%, 75.0%, 66.0%, 63.8%]",,,,
8,parallel,39,39,0.09560891605263155,0.9394082069396973,0.9137755855917931,0.0001111111111111111,70.75555555555555,"[59.6%, 76.2%, 72.8%, 66.2%, 85.4%, 67.8%, 75.0%, 66.0%, 67.8%]",,,,
8,parallel,40,40,0.09013188657894738,1.1673949480056762,1.0251937583088875,0.0001111111111111111,70.15555555555555,"[59.6%, 76.2%, 72.8%, 66.2%, 85.4%, 67.8%, 75.0%, 66.0%, 62.4%]",,,,
8,parallel,41,41,0.08501400657894737,1.1161081224679947,1.053048275411129,0.0001111111111111111,69.75555555555555,"[59.6%, 76.2%, 72.8%, 66.2%, 85.4%, 67.8%, 75.0%, 66.0%, 58.8%]",,,,
8,parallel,42,42,0.08025527605263158,1.0529796689748765,1.0191291272640228,0.0001111111111111111,70.04444444444444,"[59.6%, 76.2%, 72.8%, 66.2%, 85.4%, 67.8%, 75.0%, 66.0%, 61.4%]",,,,
8,parallel,43,43,0.075855695,1.2245466455817222,1.0782523602247238,0.0001111111111111111,69.86666666666666,"[59.6%, 76.2%, 72.8%, 66.2%, 85.4%, 67.8%, 75.0%, 66.0%, 59.8%]",,,,
8,parallel,44,44,0.07181526342105263,1.1590377777814864,1.0873567163944244,0.0001111111111111111,69.73333333333333,"[59.6%, 76.2%, 72.8%, 66.2%, 85.4%, 67.8%, 75.0%, 66.0%, 58.6%]",,,,
8,parallel,45,45,0.06813398131578946,1.1452037192881108,1.1067500375211239,0.0001111111111111111,69.53333333333333,"[59.6%, 76.2%, 72.8%, 66.2%, 85.4%, 67.8%, 75.0%, 66.0%, 56.8%]",,,,
8,parallel,46,46,0.06481184868421054,1.067491638660431,1.0762678273022175,0.0001111111111111111,69.64444444444445,"[59.6%, 76.2%, 72.8%, 66.2%, 85.4%, 67.8%, 75.0%, 66.0%, 57.8%]",,,,
8,parallel,47,47,0.0618488655263158,1.242731012403965,1.1490050330758095,0.0001111111111111111,69.48888888888888,"[59.6%, 76.2%, 72.8%, 66.2%, 85.4%, 67.8%, 75.0%, 66.0%, 56.4%]",,,,
8,parallel,48,48,0.059245031842105264,1.1542855098843574,1.1530543491244316,0.0001111111111111111,69.57777777777778,"[59.6%, 76.2%, 72.8%, 66.2%, 85.4%, 67.8%, 75.0%, 66.0%, 57.2%]",,,,
8,parallel,49,49,0.05700034763157895,1.1243389621376991,1.0896500647068024,0.0001111111111111111,69.82222222222222,"[59.6%, 76.2%, 72.8%, 66.2%, 85.4%, 67.8%, 75.0%, 66.0%, 59.4%]",,,,
8,parallel,50,50,0.05511481289473684,1.084502601623535,1.0181744322180748,0.0001111111111111111,70.44444444444444,"[59.6%, 76.2%, 72.8%, 66.2%, 85.4%, 67.8%, 75.0%, 66.0%, 65.0%]",,,,
8,parallel,51,51,0.05358842763157895,1.172322253882885,1.049444541335106,0.0001111111111111111,69.91111111111111,"[59.6%, 76.2%, 72.8%, 66.2%, 85.4%, 67.8%, 75.0%, 66.0%, 60.2%]",,,,
8,parallel,52,52,0.052421191842105266,1.0827914118766784,1.0243987031280994,0.0001111111111111111,70.0,"[59.6%, 76.2%, 72.8%, 66.2%, 85.4%, 67.8%, 75.0%, 66.0%, 61.0%]",,,,
8,parallel,53,53,0.051613105526315796,1.049073775112629,0.9908263236284256,0.0001111111111111111,70.22222222222223,"[59.6%, 76.2%, 72.8%, 66.2%, 85.4%, 67.8%, 75.0%, 66.0%, 63.0%]",,,,
8,parallel,54,54,0.05116416868421053,1.0033542662858963,0.9710063263773918,0.0001111111111111111,70.44444444444444,"[59.6%, 76.2%, 72.8%, 66.2%, 85.4%, 67.8%, 75.0%, 66.0%, 65.0%]",,,,
8,parallel,55,55,0.051063157894736845,0.9927254408597946,0.9761556163430214,0.0001111111111111111,70.19999999999999,"[59.6%, 76.2%, 72.8%, 66.2%, 85.4%, 67.8%, 75.0%, 66.0%, 62.8%]",,,,
8,weights,1,56,0.051063157894736845,0.9973996117711067,0.9634830094873905,0.0001111111111111111,70.22222222222223,"[59.6%, 76.2%, 72.8%, 66.2%, 85.4%, 67.8%, 75.0%, 66.0%, 63.0%]",,,,
8,weights,2,57,0.051063157894736845,0.9596211895346641,0.9542317949235439,0.0001111111111111111,70.46666666666667,"[59.6%, 76.2%, 72.8%, 66.2%, 85.4%, 67.8%, 75.0%, 66.0%, 65.2%]",,,,
8,weights,3,58,0.051063157894736845,0.9570001944899559,0.9292410239577293,0.0001111111111111111,70.26666666666667,"[59.6%, 76.2%, 72.8%, 66.2%, 85.4%, 67.8%, 75.0%, 66.0%, 63.4%]",,,,
8,weights,4,59,0.051063157894736845,0.9085455343127251,0.9242820031940937,0.0001111111111111111,70.46666666666667,"[59.6%, 76.2%, 72.8%, 66.2%, 85.4%, 67.8%, 75.0%, 66.0%, 65.2%]",,,,
8,weights,5,60,0.051063157894736845,0.9325427770614624,0.8939686007797718,0.0001111111111111111,70.62222222222222,"[59.6%, 76.2%, 72.8%, 66.2%, 85.4%, 67.8%, 75.0%, 66.0%, 66.6%]",,,,
8,weights,6,61,0.051063157894736845,0.8978480651974678,0.8934030085802078,0.0001111111111111111,70.44444444444444,"[59.6%, 76.2%, 72.8%, 66.2%, 85.4%, 67.8%, 75.0%, 66.0%, 65.0%]",,,,
8,weights,7,62,0.051063157894736845,0.8912153258919716,0.8754943907260895,0.0001111111111111111,70.82222222222222,"[59.6%, 76.2%, 72.8%, 66.2%, 85.4%, 67.8%, 75.0%, 66.0%, 68.4%]",,,,
8,weights,8,63,0.051063157894736845,0.8860426485538483,0.864213839173317,0.0001111111111111111,70.6888888888889,"[59.6%, 76.2%, 72.8%, 66.2%, 85.4%, 67.8%, 75.0%, 66.0%, 67.2%]",,,,
8,weights,9,64,0.051063157894736845,0.8880700126290322,0.8699544817209244,0.0001111111111111111,70.6888888888889,"[59.6%, 76.2%, 72.8%, 66.2%, 85.4%, 67.8%, 75.0%, 66.0%, 67.2%]",,,,
8,weights,10,65,0.051063157894736845,0.8460436120629311,0.8440314009785652,0.0001111111111111111,71.0,"[59.6%, 76.2%, 72.8%, 66.2%, 85.4%, 67.8%, 75.0%, 66.0%, 70.0%]",,,,
8,weights,11,66,0.051063157894736845,0.8466771304607391,0.8575783334672451,0.0001111111111111111,70.6888888888889,"[59.6%, 76.2%, 72.8%, 66.2%, 85.4%, 67.8%, 75.0%, 66.0%, 67.2%]",,,,
8,weights,12,67,0.051063157894736845,0.8115481495857239,0.8389519602060318,0.0001111111111111111,71.04444444444444,"[59.6%, 76.2%, 72.8%, 66.2%, 85.4%, 67.8%, 75.0%, 66.0%, 70.4%]",,,,
8,weights,13,68,0.051063157894736845,0.8367044314742088,0.8072871044278145,0.0001111111111111111,70.97777777777777,"[59.6%, 76.2%, 72.8%, 66.2%, 85.4%, 67.8%, 75.0%, 66.0%, 69.8%]",,,,
8,weights,14,69,0.051063157894736845,0.838330152630806,0.8566974438726902,0.0001111111111111111,71.02222222222223,"[59.6%, 76.2%, 72.8%, 66.2%, 85.4%, 67.8%, 75.0%, 66.0%, 70.2%]",,,,
8,weights,15,70,0.051063157894736845,0.803178671002388,0.7956278137862682,0.0001111111111111111,71.19999999999999,"[59.6%, 76.2%, 72.8%, 66.2%, 85.4%, 67.8%, 75.0%, 66.0%, 71.8%]",,,,
8,weights,16,71,0.051063157894736845,0.8223938703536987,0.8163287043571472,0.0001111111111111111,71.17777777777778,"[59.6%, 76.2%, 72.8%, 66.2%, 85.4%, 67.8%, 75.0%, 66.0%, 71.6%]",,,,
8,weights,17,72,0.051063157894736845,0.8242682084441185,0.8289638534188271,0.0001111111111111111,70.93333333333334,"[59.6%, 76.2%, 72.8%, 66.2%, 85.4%, 67.8%, 75.0%, 66.0%, 69.4%]",,,,
8,weights,18,73,0.051063157894736845,0.8900172859430313,0.8083530850708485,0.0001111111111111111,70.91111111111111,"[59.6%, 76.2%, 72.8%, 66.2%, 85.4%, 67.8%, 75.0%, 66.0%, 69.2%]",,,,
8,weights,19,74,0.051063157894736845,0.8159816563129425,0.7784586548805237,0.0001111111111111111,71.19999999999999,"[59.6%, 76.2%, 72.8%, 66.2%, 85.4%, 67.8%, 75.0%, 66.0%, 71.8%]",,,,
8,weights,20,75,0.051063157894736845,0.8050315529108047,0.7931002788245678,0.0001111111111111111,71.19999999999999,"[59.6%, 76.2%, 72.8%, 66.2%, 85.4%, 67.8%, 75.0%, 66.0%, 71.8%]",,,,
8,weights,21,76,0.051063157894736845,0.7599957071244716,0.8509257063269615,0.0001111111111111111,71.13333333333334,"[59.6%, 76.2%, 72.8%, 66.2%, 85.4%, 67.8%, 75.0%, 66.0%, 71.2%]",,,,
8,weights,22,77,0.051063157894736845,0.7625650227069855,0.7869374789297581,0.0001111111111111111,71.15555555555555,"[59.6%, 76.2%, 72.8%, 66.2%, 85.4%, 67.8%, 75.0%, 66.0%, 71.4%]",,,,
8,weights,23,78,0.051063157894736845,0.7425493836402893,0.7890421487390995,0.0001111111111111111,71.11111111111111,"[59.6%, 76.2%, 72.8%, 66.2%, 85.4%, 67.8%, 75.0%, 66.0%, 71.0%]",,,,
8,weights,24,79,0.051063157894736845,0.7654145866632461,0.7923226840794086,0.0001111111111111111,71.37777777777778,"[59.6%, 76.2%, 72.8%, 66.2%, 85.4%, 67.8%, 75.0%, 66.0%, 73.4%]",,,,
8,weights,25,80,0.051063157894736845,0.7767027586698532,0.8205667473375797,0.0001111111111111111,71.0,"[59.6%, 76.2%, 72.8%, 66.2%, 85.4%, 67.8%, 75.0%, 66.0%, 70.0%]",45.84444444444445,"[0.0%, 59.4%, 66.6%, 10.4%, 85.4%, 35.6%, 75.0%, 33.0%, 47.2%]",58.133333333333326,"[46.2%, 59.4%, 66.6%, 44.8%, 85.4%, 44.0%, 75.0%, 40.4%, 61.4%]"
9,parallel,1,1,0.5,12.931539869308471,6.972719430923462,0.0001111111111111111,63.9,"[59.6%, 76.2%, 72.8%, 66.2%, 85.4%, 67.8%, 75.0%, 66.0%, 70.0%, 0.0%]",,,,
9,parallel,2,2,0.5,4.550047218799591,2.4575573205947876,0.0001111111111111111,65.9,"[59.6%, 76.2%, 72.8%, 66.2%, 85.4%, 67.8%, 75.0%, 66.0%, 70.0%, 20.0%]",,,,
9,parallel,3,3,0.5,1.8989497393369674,1.6811043918132782,0.0001111111111111111,65.9,"[59.6%, 76.2%, 72.8%, 66.2%, 85.4%, 67.8%, 75.0%, 66.0%, 70.0%, 20.0%]",,,,
9,parallel,4,4,0.5,1.6599718868732452,1.6440407484769821,0.0001111111111111111,65.9,"[59.6%, 76.2%, 72.8%, 66.2%, 85.4%, 67.8%, 75.0%, 66.0%, 70.0%, 20.0%]",,,,
9,parallel,5,5,0.49551146,1.6391968607902527,1.6304053962230682,0.0001111111111111111,65.9,"[59.6%, 76.2%, 72.8%, 66.2%, 85.4%, 67.8%, 75.0%, 66.0%, 70.0%, 20.0%]",,,,
9,parallel,6,6,0.4777822894736842,1.6293832153081893,1.6052863895893097,0.0001111111111111111,66.86,"[59.6%, 76.2%, 72.8%, 66.2%, 85.4%, 67.8%, 75.0%, 66.0%, 70.0%, 29.6%]",,,,
9,parallel,7,7,0.46041310210526315,1.5051216900348663,1.3327718451619148,0.0001111111111111111,67.72,"[59.6%, 76.2%, 72.8%, 66.2%, 85.4%, 67.8%, 75.0%, 66.0%, 70.0%, 38.2%]",,,,
9,parallel,8,8,0.4434038978947369,1.2371185332536698,1.1804810240864754,0.0001111111111111111,69.26,"[59.6%, 76.2%, 72.8%, 66.2%, 85.4%, 67.8%, 75.0%, 66.0%, 70.0%, 53.6%]",,,,
9,parallel,9,9,0.42675467684210533,1.0502511858940125,1.0049997344613075,0.0001111111111111111,70.24,"[59.6%, 76.2%, 72.8%, 66.2%, 85.4%, 67.8%, 75.0%, 66.0%, 70.0%, 63.4%]",,,,
9,parallel,10,10,0.4104654389473684,0.9146387055516243,0.8465544171631336,0.0001111111111111111,70.53999999999999,"[59.6%, 76.2%, 72.8%, 66.2%, 85.4%, 67.8%, 75.0%, 66.0%, 70.0%, 66.4%]",,,,
9,parallel,11,11,0.39453618421052633,0.7947475008666516,0.9297155812382698,0.0001111111111111111,70.3,"[59.6%, 76.2%, 72.8%, 66.2%, 85.4%, 67.8%, 75.0%, 66.0%, 70.0%, 64.0%]",,,,
9,parallel,12,12,0.37896691263157894,0.730986687541008,0.6776614338159561,0.0001111111111111111,71.46000000000001,"[59.6%, 76.2%, 72.8%, 66.2%, 85.4%, 67.8%, 75.0%, 66.0%, 70.0%, 75.6%]",,,,
9,parallel,13,13,0.3637576242105263,0.6643028281629085,0.6781462952494621,0.0001111111111111111,71.66,"[59.6%, 76.2%, 72.8%, 66.2%, 85.4%, 67.8%, 75.0%, 66.0%, 70.0%, 77.6%]",,,,
9,parallel,14,14,0.3489083189473684,0.6007320784032345,0.588102150708437,0.0001111111111111111,71.96000000000001,"[59.6%, 76.2%, 72.8%, 66.2%, 85.4%, 67.8%, 75.0%, 66.0%, 70.0%, 80.6%]",,,,
9,parallel,15,15,0.3344189968421053,0.5826868345029652,0.7346421983093023,0.0001111111111111111,71.17999999999999,"[59.6%, 76.2%, 72.8%, 66.2%, 85.4%, 67.8%, 75.0%, 66.0%, 70.0%, 72.8%]",,,,
9,parallel,16,16,0.3202896578947369,0.5388862058520317,0.6060009971261024,0.0001111111111111111,71.92,"[59.6%, 76.2%, 72.8%, 66.2%, 85.4%, 67.8%, 75.0%, 66.0%, 70.0%, 80.2%]",,,,
9,parallel,17,17,0.30652030210526315,0.5678090989589691,0.6048557683825493,0.0001111111111111111,71.88,"[59.6%, 76.2%, 72.8%, 66.2%, 85.4%, 67.8%, 75.0%, 66.0%, 70.0%, 79.8%]",,,,
9,parallel,18,18,0.29311092947368417,0.6304900826886296,0.675218952819705,0.0001111111111111111,71.7,"[59.6%, 76.2%, 72.8%, 66.2%, 85.4%, 67.8%, 75.0%, 66.0%, 70.0%, 78.0%]",,,,
9,parallel,19,19,0.28006154000000005,0.5412218779325485,0.6216700337827206,0.0001111111111111111,71.74,"[59.6%, 76.2%, 72.8%, 66.2%, 85.4%, 67.8%, 75.0%, 66.0%, 70.0%, 78.4%]",,,,
9,parallel,20,20,0.2673721336842106,0.6215709388256073,0.6550261490046978,0.0001111111111111111,71.7,"[59.6%, 76.2%, 72.8%, 66.2%, 85.4%, 67.8%, 75.0%, 66.0%, 70.0%, 78.0%]",,,,
9,parallel,21,21,0.25504271052631583,0.5420386888086796,0.636908233165741,0.0001111111111111111,71.74,"[59.6%, 76.2%, 72.8%, 66.2%, 85.4%, 67.8%, 75.0%, 66.0%, 70.0%, 78.4%]",,,,
9,parallel,22,22,0.2430732705263158,0.5495712846517563,0.642125403508544,0.0001111111111111111,71.64,"[59.6%, 76.2%, 72.8%, 66.2%, 85.4%, 67.8%, 75.0%, 66.0%, 70.0%, 77.4%]",,,,
9,parallel,23,23,0.2314638136842105,0.5307591043412685,0.5412410385906696,0.0001111111111111111,71.97999999999999,"[59.6%, 76.2%, 72.8%, 66.2%, 85.4%, 67.8%, 75.0%, 66.0%, 70.0%, 80.8%]",,,,
9,parallel,24,24,0.22021433999999998,0.5103034287691116,0.6119990535080433,0.0001111111111111111,71.8,"[59.6%, 76.2%, 72.8%, 66.2%, 85.4%, 67.8%, 75.0%, 66.0%, 70.0%, 79.0%]",,,,
9,parallel,25,25,0.20932484947368418,0.5098499082028866,0.6379244290292263,0.0001111111111111111,71.8,"[59.6%, 76.2%, 72.8%, 66.2%, 85.4%, 67.8%, 75.0%, 66.0%, 70.0%, 79.0%]",,,,
9,parallel,26,26,0.19879534210526312,0.6596311338245868,0.6425157561898232,0.0001111111111111111,71.53999999999999,"[59.6%, 76.2%, 72.8%, 66.2%, 85.4%, 67.8%, 75.0%, 66.0%, 70.0%, 76.4%]",,,,
9,parallel,27,27,0.18862581789473679,0.5235813293606043,0.6047825887799263,0.0001111111111111111,71.97999999999999,"[59.6%, 76.2%, 72.8%, 66.2%, 85.4%, 67.8%, 75.0%, 66.0%, 70.0%, 80.8%]",,,,
9,parallel,28,28,0.17881627684210522,0.5586988009512425,0.6209488473832607,0.0001111111111111111,71.74,"[59.6%, 76.2%, 72.8%, 66.2%, 85.4%, 67.8%, 75.0%, 66.0%, 70.0%, 78.4%]",,,,
9,parallel,29,29,0.1693667189473684,0.6036153383553028,0.6857212968170643,0.0001111111111111111,71.64,"[59.6%, 76.2%, 72.8%, 66.2%, 85.4%, 67.8%, 75.0%, 66.0%, 70.0%, 77.4%]",,,,
9,parallel,30,30,0.1602771442105263,0.5888511389493942,0.6474113371223211,0.0001111111111111111,71.72,"[59.6%, 76.2%, 72.8%, 66.2%, 85.4%, 67.8%, 75.0%, 66.0%, 70.0%, 78.2%]",,,,
9,parallel,31,31,0.15154755263157893,0.7478829313069582,0.7291909568011761,0.0001111111111111111,71.32000000000001,"[59.6%, 76.2%, 72.8%, 66.2%, 85.4%, 67.8%, 75.0%, 66.0%, 70.0%, 74.2%]",,,,
9,parallel,32,32,0.1431779442105263,0.5441247060894966,0.6738021187484264,0.0001111111111111111,71.56,"[59.6%, 76.2%, 72.8%, 66.2%, 85.4%, 67.8%, 75.0%, 66.0%, 70.0%, 76.6%]",,,,
9,parallel,33,33,0.13516831894736844,0.7733584403991699,0.862885981798172,0.0001111111111111111,70.82000000000001,"[59.6%, 76.2%, 72.8%, 66.2%, 85.4%, 67.8%, 75.0%, 66.0%, 70.0%, 69.2%]",,,,
9,parallel,34,34,0.12751867684210527,0.6335899725556373,0.7276277281343937,0.0001111111111111111,71.32000000000001,"[59.6%, 76.2%, 72.8%, 66.2%, 85.4%, 67.8%, 75.0%, 66.0%, 70.0%, 74.2%]",,,,
9,parallel,35,35,0.12022901789473686,0.7358989030122757,0.8519011624157429,0.0001111111111111111,70.78,"[59.6%, 76.2%, 72.8%, 66.2%, 85.4%, 67.8%, 75.0%, 66.0%, 70.0%, 68.8%]",,,,
9,parallel,36,36,0.11329934210526316,0.7319656915962696,0.8499069176614285,0.0001111111111111111,70.88,"[59.6%, 76.2%, 72.8%, 66.2%, 85.4%, 67.8%, 75.0%, 66.0%, 70.0%, 69.8%]",,,,
9,parallel,37,37,0.10672964947368421,0.8690902903676033,0.8152851611375809,0.0001111111111111111,71.08,"[59.6%, 76.2%, 72.8%, 66.2%, 85.4%, 67.8%, 75.0%, 66.0%, 70.0%, 71.8%]",,,,
9,parallel,38,38,0.10051993999999999,0.7262143105268478,0.7907002307474613,0.0001111111111111111,71.3,"[59.6%, 76.2%, 72.8%, 66.2%, 85.4%, 67.8%, 75.0%, 66.0%, 70.0%, 74.0%]",,,,
9,parallel,39,39,0.0946702136842105,0.6615409709513187,0.8176473267376423,0.0001111111111111111,70.97999999999999,"[59.6%, 76.2%, 72.8%, 66.2%, 85.4%, 67.8%, 75.0%, 66.0%, 70.0%, 70.8%]",,,,
9,parallel,40,40,0.0891804705263158,0.8638129144906997,0.8333909586071968,0.0001111111111111111,70.7,"[59.6%, 76.2%, 72.8%, 66.2%, 85.4%, 67.8%, 75.0%, 66.0%, 70.0%, 68.0%]",,,,
9,parallel,41,41,0.0840507105263158,0.7390464559197426,0.7863891944289207,0.0001111111111111111,71.14,"[59.6%, 76.2%, 72.8%, 66.2%, 85.4%, 67.8%, 75.0%, 66.0%, 70.0%, 72.4%]",,,,
9,parallel,42,42,0.07928093368421052,0.7183032214641571,0.7474196814000607,0.0001111111111111111,71.2,"[59.6%, 76.2%, 72.8%, 66.2%, 85.4%, 67.8%, 75.0%, 66.0%, 70.0%, 73.0%]",,,,
9,parallel,43,43,0.07487114,1.0971973821520806,0.9370242655277252,0.0001111111111111111,70.4,"[59.6%, 76.2%, 72.8%, 66.2%, 85.4%, 67.8%, 75.0%, 66.0%, 70.0%, 65.0%]",,,,
9,parallel,44,44,0.0708213294736842,0.9185706749558449,0.8346952572464943,0.0001111111111111111,71.0,"[59.6%, 76.2%, 72.8%, 66.2%, 85.4%, 67.8%, 75.0%, 66.0%, 70.0%, 71.0%]",,,,
9,parallel,45,45,0.06713150210526314,0.9266186743974686,0.8711890690028667,0.0001111111111111111,70.82000000000001,"[59.6%, 76.2%, 72.8%, 66.2%, 85.4%, 67.8%, 75.0%, 66.0%, 70.0%, 69.2%]",,,,
9,parallel,46,46,0.06380165789473685,0.8748184978961945,0.8652619272470474,0.0001111111111111111,70.58,"[59.6%, 76.2%, 72.8%, 66.2%, 85.4%, 67.8%, 75.0%, 66.0%, 70.0%, 66.8%]",,,,
9,parallel,47,47,0.06083179684210527,1.1729953438043594,1.006012350320816,0.0001111111111111111,70.17999999999999,"[59.6%, 76.2%, 72.8%, 66.2%, 85.4%, 67.8%, 75.0%, 66.0%, 70.0%, 62.8%]",,,,
9,parallel,48,48,0.05822191894736842,1.0043164804577827,0.941833533346653,0.0001111111111111111,70.36,"[59.6%, 76.2%, 72.8%, 66.2%, 85.4%, 67.8%, 75.0%, 66.0%, 70.0%, 64.6%]",,,,
9,parallel,49,49,0.055972024210526314,0.9243704706430436,0.916808545589447,0.0001111111111111111,70.66,"[59.6%, 76.2%, 72.8%, 66.2%, 85.4%, 67.8%, 75.0%, 66.0%, 70.0%, 67.6%]",,,,
9,parallel,50,50,0.054082112631578944,1.0300147347152233,0.9801447689533234,0.0001111111111111111,70.36,"[59.6%, 76.2%, 72.8%, 66.2%, 85.4%, 67.8%, 75.0%, 66.0%, 70.0%, 64.6%]",,,,
9,parallel,51,51,0.05255218421052631,0.9742873996496201,0.9247758463025093,0.0001111111111111111,70.66,"[59.6%, 76.2%, 72.8%, 66.2%, 85.4%, 67.8%, 75.0%, 66.0%, 70.0%, 67.6%]",,,,
9,parallel,52,52,0.051382238947368424,0.9185005925595761,0.8918199390172958,0.0001111111111111111,70.67999999999999,"[59.6%, 76.2%, 72.8%, 66.2%, 85.4%, 67.8%, 75.0%, 66.0%, 70.0%, 67.8%]",,,,
9,parallel,53,53,0.05057227684210526,0.9310178995132447,0.9740070551633835,0.0001111111111111111,70.62,"[59.6%, 76.2%, 72.8%, 66.2%, 85.4%, 67.8%, 75.0%, 66.0%, 70.0%, 67.2%]",,,,
9,parallel,54,54,0.05012229789473684,0.9632243067026138,0.9043704494833946,0.0001111111111111111,70.62,"[59.6%, 76.2%, 72.8%, 66.2%, 85.4%, 67.8%, 75.0%, 66.0%, 70.0%, 67.2%]",,,,
9,parallel,55,55,0.050021052631578945,0.838372066617012,0.8409808129072189,0.0001111111111111111,70.92,"[59.6%, 76.2%, 72.8%, 66.2%, 85.4%, 67.8%, 75.0%, 66.0%, 70.0%, 70.2%]",,,,
9,weights,1,56,0.050021052631578945,0.8268428057432174,0.8478915691375732,0.0001111111111111111,70.88,"[59.6%, 76.2%, 72.8%, 66.2%, 85.4%, 67.8%, 75.0%, 66.0%, 70.0%, 69.8%]",,,,
9,weights,2,57,0.050021052631578945,0.8036472961306572,0.8833572715520859,0.0001111111111111111,70.7,"[59.6%, 76.2%, 72.8%, 66.2%, 85.4%, 67.8%, 75.0%, 66.0%, 70.0%, 68.0%]",,,,
9,weights,3,58,0.050021052631578945,0.7807836294174194,0.8719870522618294,0.0001111111111111111,70.78,"[59.6%, 76.2%, 72.8%, 66.2%, 85.4%, 67.8%, 75.0%, 66.0%, 70.0%, 68.8%]",,,,
9,weights,4,59,0.050021052631578945,0.739049069583416,0.860609158873558,0.0001111111111111111,70.8,"[59.6%, 76.2%, 72.8%, 66.2%, 85.4%, 67.8%, 75.0%, 66.0%, 70.0%, 69.0%]",,,,
9,weights,5,60,0.050021052631578945,0.7599950104951858,0.8632188700139523,0.0001111111111111111,70.84,"[59.6%, 76.2%, 72.8%, 66.2%, 85.4%, 67.8%, 75.0%, 66.0%, 70.0%, 69.4%]",,,,
9,weights,6,61,0.050021052631578945,0.7589546481147409,0.8162271231412888,0.0001111111111111111,71.08,"[59.6%, 76.2%, 72.8%, 66.2%, 85.4%, 67.8%, 75.0%, 66.0%, 70.0%, 71.8%]",,,,
9,weights,7,62,0.050021052631578945,0.7135675378143788,0.7972457185387611,0.0001111111111111111,71.17999999999999,"[59.6%, 76.2%, 72.8%, 66.2%, 85.4%, 67.8%, 75.0%, 66.0%, 70.0%, 72.8%]",,,,
9,weights,8,63,0.050021052631578945,0.7211593747138977,0.7586312517523766,0.0001111111111111111,71.28,"[59.6%, 76.2%, 72.8%, 66.2%, 85.4%, 67.8%, 75.0%, 66.0%, 70.0%, 73.8%]",,,,
9,weights,9,64,0.050021052631578945,0.7315888166427612,0.8070723041892052,0.0001111111111111111,71.12,"[59.6%, 76.2%, 72.8%, 66.2%, 85.4%, 67.8%, 75.0%, 66.0%, 70.0%, 72.2%]",,,,
9,weights,10,65,0.050021052631578945,0.6578262001276016,0.7814784348011017,0.0001111111111111111,71.22,"[59.6%, 76.2%, 72.8%, 66.2%, 85.4%, 67.8%, 75.0%, 66.0%, 70.0%, 73.2%]",,,,
9,weights,11,66,0.050021052631578945,0.6902278572320938,0.7592715173959732,0.0001111111111111111,71.4,"[59.6%, 76.2%, 72.8%, 66.2%, 85.4%, 67.8%, 75.0%, 66.0%, 70.0%, 75.0%]",,,,
9,weights,12,67,0.050021052631578945,0.6672992534935475,0.818297665566206,0.0001111111111111111,71.14,"[59.6%, 76.2%, 72.8%, 66.2%, 85.4%, 67.8%, 75.0%, 66.0%, 70.0%, 72.4%]",,,,
9,weights,13,68,0.050021052631578945,0.6412249259650707,0.8520162031054497,0.0001111111111111111,71.14,"[59.6%, 76.2%, 72.8%, 66.2%, 85.4%, 67.8%, 75.0%, 66.0%, 70.0%, 72.4%]",,,,
9,weights,14,69,0.050021052631578945,0.6587466605007648,0.7891330234706402,0.0001111111111111111,71.3,"[59.6%, 76.2%, 72.8%, 66.2%, 85.4%, 67.8%, 75.0%, 66.0%, 70.0%, 74.0%]",,,,
9,weights,15,70,0.050021052631578945,0.641522228345275,0.7942084856331348,0.0001111111111111111,71.24,"[59.6%, 76.2%, 72.8%, 66.2%, 85.4%, 67.8%, 75.0%, 66.0%, 70.0%, 73.4%]",,,,
9,weights,16,71,0.050021052631578945,0.6358008503913879,0.7782700508832932,0.0001111111111111111,71.36,"[59.6%, 76.2%, 72.8%, 66.2%, 85.4%, 67.8%, 75.0%, 66.0%, 70.0%, 74.6%]",,,,
9,weights,17,72,0.050021052631578945,0.5961881771683692,0.7570981830358505,0.0001111111111111111,71.32000000000001,"[59.6%, 76.2%, 72.8%, 66.2%, 85.4%, 67.8%, 75.0%, 66.0%, 70.0%, 74.2%]",,,,
9,weights,18,73,0.050021052631578945,0.6070207916200161,0.7546927221119404,0.0001111111111111111,71.38,"[59.6%, 76.2%, 72.8%, 66.2%, 85.4%, 67.8%, 75.0%, 66.0%, 70.0%, 74.8%]",,,,
9,weights,19,74,0.050021052631578945,0.6474232837557793,0.7913176231086254,0.0001111111111111111,71.26,"[59.6%, 76.2%, 72.8%, 66.2%, 85.4%, 67.8%, 75.0%, 66.0%, 70.0%, 73.6%]",,,,
9,weights,20,75,0.050021052631578945,0.616350507736206,0.781116284430027,0.0001111111111111111,70.97999999999999,"[59.6%, 76.2%, 72.8%, 66.2%, 85.4%, 67.8%, 75.0%, 66.0%, 70.0%, 70.8%]",,,,
9,weights,21,76,0.050021052631578945,0.6295434456318617,0.7671816870570183,0.0001111111111111111,71.14,"[59.6%, 76.2%, 72.8%, 66.2%, 85.4%, 67.8%, 75.0%, 66.0%, 70.0%, 72.4%]",,,,
9,weights,22,77,0.050021052631578945,0.6061549343168735,0.7301871404051781,0.0001111111111111111,71.46000000000001,"[59.6%, 76.2%, 72.8%, 66.2%, 85.4%, 67.8%, 75.0%, 66.0%, 70.0%, 75.6%]",,,,
9,weights,23,78,0.050021052631578945,0.6043366596102715,0.7314474731683731,0.0001111111111111111,71.42,"[59.6%, 76.2%, 72.8%, 66.2%, 85.4%, 67.8%, 75.0%, 66.0%, 70.0%, 75.2%]",,,,
9,weights,24,79,0.050021052631578945,0.5761280184611678,0.7291085049510002,0.0001111111111111111,71.58,"[59.6%, 76.2%, 72.8%, 66.2%, 85.4%, 67.8%, 75.0%, 66.0%, 70.0%, 76.8%]",,,,
9,weights,25,80,0.050021052631578945,0.6015987686812878,0.7262904793024063,0.0001111111111111111,71.32000000000001,"[59.6%, 76.2%, 72.8%, 66.2%, 85.4%, 67.8%, 75.0%, 66.0%, 70.0%, 74.2%]",45.16,"[0.0%, 59.4%, 57.6%, 10.4%, 85.4%, 35.6%, 75.0%, 33.0%, 30.4%, 64.8%]",54.32000000000001,"[46.2%, 59.4%, 57.6%, 27.4%, 74.4%, 35.6%, 75.0%, 48.6%, 61.4%, 57.6%]"
10,parallel,1,1,0.5,15.38882086277008,8.186717987060547,0.0001111111111111111,64.8,"[59.6%, 75.8%, 72.0%, 66.2%, 85.4%, 68.2%, 75.0%, 66.4%, 69.8%, 74.4%, 0.0%]",,,,
10,parallel,2,2,0.5,5.63954970240593,3.2899632453918457,0.0001111111111111111,64.9090909090909,"[60.0%, 76.0%, 72.2%, 66.2%, 85.4%, 68.0%, 75.0%, 66.6%, 70.0%, 74.6%, 0.0%]",,,,
10,parallel,3,3,0.5,2.253065639734268,1.7700149565935135,0.0001111111111111111,66.67272727272729,"[59.4%, 75.8%, 72.2%, 66.2%, 85.4%, 68.0%, 75.0%, 66.6%, 70.2%, 74.6%, 20.0%]",,,,
10,parallel,4,4,0.5,1.7056903123855591,1.6689083874225616,0.0001111111111111111,66.65454545454546,"[59.4%, 75.8%, 72.2%, 66.2%, 85.4%, 68.0%, 75.0%, 66.6%, 70.0%, 74.6%, 20.0%]",,,,
10,parallel,5,5,0.495501065,1.6644103974103928,1.6510847508907318,0.0001111111111111111,66.67272727272729,"[59.4%, 75.8%, 72.4%, 66.2%, 85.4%, 68.0%, 75.0%, 66.6%, 70.0%, 74.6%, 20.0%]",,,,
10,parallel,6,6,0.4777308355263158,1.7079128175973892,1.6587212681770325,0.0001111111111111111,66.65454545454546,"[59.2%, 75.8%, 72.4%, 66.2%, 85.4%, 68.0%, 75.0%, 66.6%, 70.0%, 74.6%, 20.0%]",,,,
10,parallel,7,7,0.4603214228947368,1.7054254114627838,1.6546115577220917,0.0001111111111111111,66.65454545454546,"[59.2%, 75.8%, 72.4%, 66.2%, 85.4%, 68.0%, 75.0%, 66.6%, 70.0%, 74.6%, 20.0%]",,,,
10,parallel,8,8,0.4432728271052632,1.644877588748932,1.6543090343475342,0.0001111111111111111,66.65454545454546,"[59.2%, 75.8%, 72.4%, 66.2%, 85.4%, 68.0%, 75.0%, 66.6%, 70.0%, 74.6%, 20.0%]",,,,
10,parallel,9,9,0.4265850481578948,1.6304204612970352,1.56724514067173,0.0001111111111111111,68.23636363636363,"[59.2%, 75.8%, 72.4%, 66.2%, 85.4%, 68.0%, 75.0%, 66.6%, 70.0%, 74.6%, 37.4%]",,,,
10,parallel,10,10,0.4102580860526316,1.383007451891899,1.175294704735279,0.0001111111111111111,68.65454545454546,"[59.2%, 75.8%, 72.4%, 66.2%, 85.4%, 68.0%, 75.0%, 66.6%, 70.0%, 74.6%, 42.0%]",,,,
10,parallel,11,11,0.39429194078947366,1.0801614046096801,0.9365355223417282,0.0001111111111111111,70.27272727272727,"[59.2%, 75.8%, 72.4%, 66.2%, 85.4%, 68.0%, 75.0%, 66.6%, 70.0%, 74.6%, 59.8%]",,,,
10,parallel,12,12,0.37868661236842105,0.8635105147957802,0.8295515384525061,0.0001111111111111111,71.05454545454546,"[59.2%, 75.8%, 72.4%, 66.2%, 85.4%, 68.0%, 75.0%, 66.6%, 70.0%, 74.6%, 68.4%]",,,,
10,parallel,13,13,0.3634421007894737,0.7912402927875519,0.8646856434643269,0.0001111111111111111,70.61818181818182,"[59.2%, 75.8%, 72.4%, 66.2%, 85.4%, 68.0%, 75.0%, 66.6%, 70.0%, 74.6%, 63.6%]",,,,
10,parallel,14,14,0.34855840605263155,0.772358687222004,0.7167456159368157,0.0001111111111111111,71.58181818181819,"[59.2%, 75.8%, 72.4%, 66.2%, 85.4%, 68.0%, 75.0%, 66.6%, 70.0%, 74.6%, 74.2%]",,,,
10,parallel,15,15,0.3340355281578948,0.7331324920058251,0.7181882923468947,0.0001111111111111111,71.4909090909091,"[59.2%, 75.8%, 72.4%, 66.2%, 85.4%, 68.0%, 75.0%, 66.6%, 70.0%, 74.6%, 73.2%]",,,,
10,parallel,16,16,0.3198734671052632,0.6547330468893051,0.7051344104111195,0.0001111111111111111,71.36363636363636,"[59.2%, 75.8%, 72.4%, 66.2%, 85.4%, 68.0%, 75.0%, 66.6%, 70.0%, 74.6%, 71.8%]",,,,
10,parallel,17,17,0.30607222289473685,0.5889321200549602,0.5818679630756378,0.0001111111111111111,72.16363636363637,"[59.2%, 75.8%, 72.4%, 66.2%, 85.4%, 68.0%, 75.0%, 66.6%, 70.0%, 74.6%, 80.6%]",,,,
10,parallel,18,18,0.29263179552631574,0.603466872870922,0.567614370957017,0.0001111111111111111,71.76363636363637,"[59.2%, 75.8%, 72.4%, 66.2%, 85.4%, 68.0%, 75.0%, 66.6%, 70.0%, 74.6%, 76.2%]",,,,
10,parallel,19,19,0.27955218500000006,0.6090058498084545,0.6368253026157618,0.0001111111111111111,71.81818181818181,"[59.2%, 75.8%, 72.4%, 66.2%, 85.4%, 68.0%, 75.0%, 66.6%, 70.0%, 74.6%, 76.8%]",,,,
10,parallel,20,20,0.26683339131578954,0.5875353246927262,0.5534681882709265,0.0001111111111111111,72.10909090909091,"[59.2%, 75.8%, 72.4%, 66.2%, 85.4%, 68.0%, 75.0%, 66.6%, 70.0%, 74.6%, 80.0%]",,,,
10,parallel,21,21,0.2544754144736842,0.5203528359532357,0.6098617538809776,0.0001111111111111111,71.80000000000001,"[59.2%, 75.8%, 72.4%, 66.2%, 85.4%, 68.0%, 75.0%, 66.6%, 70.0%, 74.6%, 76.6%]",,,,
10,parallel,22,22,0.24247825447368423,0.5735986299812794,0.5921064084395766,0.0001111111111111111,72.03636363636365,"[59.2%, 75.8%, 72.4%, 66.2%, 85.4%, 68.0%, 75.0%, 66.6%, 70.0%, 74.6%, 79.2%]",,,,
10,parallel,23,23,0.2308419113157895,0.6040401719510555,0.6058997455984354,0.0001111111111111111,71.96363636363637,"[59.2%, 75.8%, 72.4%, 66.2%, 85.4%, 68.0%, 75.0%, 66.6%, 70.0%, 74.6%, 78.4%]",,,,
10,parallel,24,24,0.219566385,0.5181737761944533,0.5527087738737464,0.0001111111111111111,72.07272727272728,"[59.2%, 75.8%, 72.4%, 66.2%, 85.4%, 68.0%, 75.0%, 66.6%, 70.0%, 74.6%, 79.6%]",,,,
10,parallel,25,25,0.20865167552631578,0.5793316453695297,0.5961903845891356,0.0001111111111111111,71.96363636363637,"[59.2%, 75.8%, 72.4%, 66.2%, 85.4%, 68.0%, 75.0%, 66.6%, 70.0%, 74.6%, 78.4%]",,,,
10,parallel,26,26,0.19809778289473684,0.662403067201376,0.6328444294631481,0.0001111111111111111,71.9090909090909,"[59.2%, 75.8%, 72.4%, 66.2%, 85.4%, 68.0%, 75.0%, 66.6%, 70.0%, 74.6%, 77.8%]",,,,
10,parallel,27,27,0.18790470710526314,0.5696045018732547,0.5929410047829151,0.0001111111111111111,72.0,"[59.2%, 75.8%, 72.4%, 66.2%, 85.4%, 68.0%, 75.0%, 66.6%, 70.0%, 74.6%, 78.8%]",,,,
10,parallel,28,28,0.1780724481578947,0.6077324785292149,0.5459694396704435,0.0001111111111111111,72.01818181818182,"[59.2%, 75.8%, 72.4%, 66.2%, 85.4%, 68.0%, 75.0%, 66.6%, 70.0%, 74.6%, 79.0%]",,,,
10,parallel,29,29,0.16860100605263156,0.6306402519345283,0.6104423627257347,0.0001111111111111111,71.74545454545455,"[59.2%, 75.8%, 72.4%, 66.2%, 85.4%, 68.0%, 75.0%, 66.6%, 70.0%, 74.6%, 76.0%]",,,,
10,parallel,30,30,0.1594903807894737,0.57431351095438,0.5813083648681641,0.0001111111111111111,71.98181818181818,"[59.2%, 75.8%, 72.4%, 66.2%, 85.4%, 68.0%, 75.0%, 66.6%, 70.0%, 74.6%, 78.6%]",,,,
10,parallel,31,31,0.15074057236842106,0.6657798737287521,0.6058852206915617,0.0001111111111111111,72.0,"[59.2%, 75.8%, 72.4%, 66.2%, 85.4%, 68.0%, 75.0%, 66.6%, 70.0%, 74.6%, 78.8%]",,,,
10,parallel,32,32,0.14235158078947366,0.5803637318313122,0.6930474881082773,0.0001111111111111111,71.60000000000001,"[59.2%, 75.8%, 72.4%, 66.2%, 85.4%, 68.0%, 75.0%, 66.6%, 70.0%, 74.6%, 74.4%]",,,,
10,parallel,33,33,0.1343234060526316,0.8774982027709484,0.7201546300202608,0.0001111111111111111,71.4909090909091,"[59.2%, 75.8%, 72.4%, 66.2%, 85.4%, 68.0%, 75.0%, 66.6%, 70.0%, 74.6%, 73.2%]",,,,
10,parallel,34,34,0.12665604815789475,0.6558176591992378,0.6979229338467121,0.0001111111111111111,71.45454545454545,"[59.2%, 75.8%, 72.4%, 66.2%, 85.4%, 68.0%, 75.0%, 66.6%, 70.0%, 74.6%, 72.8%]",,,,
10,parallel,35,35,0.11934950710526318,0.9267212990671396,0.720306109637022,0.0001111111111111111,71.45454545454545,"[59.2%, 75.8%, 72.4%, 66.2%, 85.4%, 68.0%, 75.0%, 66.6%, 70.0%, 74.6%, 72.8%]",,,,
10,parallel,36,36,0.11240378289473685,0.7025455921888352,0.6792307738214731,0.0001111111111111111,71.63636363636364,"[59.2%, 75.8%, 72.4%, 66.2%, 85.4%, 68.0%, 75.0%, 66.6%, 70.0%, 74.6%, 74.8%]",,,,
10,parallel,37,37,0.1058188755263158,0.9153951451182365,0.7357035242021084,0.0001111111111111111,71.45454545454545,"[59.2%, 75.8%, 72.4%, 66.2%, 85.4%, 68.0%, 75.0%, 66.6%, 70.0%, 74.6%, 72.8%]",,,,
10,parallel,38,38,0.09959478499999999,0.7323570787906647,0.6948621179908514,0.0001111111111111111,71.61818181818182,"[59.2%, 75.8%, 72.4%, 66.2%, 85.4%, 68.0%, 75.0%, 66.6%, 70.0%, 74.6%, 74.6%]",,,,
10,parallel,39,39,0.09373151131578947,0.9524276748299598,0.7626554071903229,0.0001111111111111111,71.4,"[59.2%, 75.8%, 72.4%, 66.2%, 85.4%, 68.0%, 75.0%, 66.6%, 70.0%, 74.6%, 72.2%]",,,,
10,parallel,40,40,0.08822905447368423,0.8935616105794907,0.7348234187811613,0.0001111111111111111,71.4,"[59.2%, 75.8%, 72.4%, 66.2%, 85.4%, 68.0%, 75.0%, 66.6%, 70.0%, 74.6%, 72.2%]",,,,
10,parallel,41,41,0.08308741447368423,0.8228362280875444,0.7563085146248341,0.0001111111111111111,71.34545454545456,"[59.2%, 75.8%, 72.4%, 66.2%, 85.4%, 68.0%, 75.0%, 66.6%, 70.0%, 74.6%, 71.6%]",,,,
10,parallel,42,42,0.07830659131578949,0.7691297188401223,0.724901033565402,0.0001111111111111111,71.61818181818182,"[59.2%, 75.8%, 72.4%, 66.2%, 85.4%, 68.0%, 75.0%, 66.6%, 70.0%, 74.6%, 74.6%]",,,,
10,parallel,43,43,0.073886585,1.06186343729496,0.9012028500437737,0.0001111111111111111,71.0,"[59.2%, 75.8%, 72.4%, 66.2%, 85.4%, 68.0%, 75.0%, 66.6%, 70.0%, 74.6%, 67.8%]",,,,
10,parallel,44,44,0.06982739552631578,0.9038393318653106,0.8720610402524471,0.0001111111111111111,70.83636363636364,"[59.2%, 75.8%, 72.4%, 66.2%, 85.4%, 68.0%, 75.0%, 66.6%, 70.0%, 74.6%, 66.0%]",,,,
10,parallel,45,45,0.06612902289473684,0.851582957804203,0.8384130112826824,0.0001111111111111111,71.27272727272727,"[59.2%, 75.8%, 72.4%, 66.2%, 85.4%, 68.0%, 75.0%, 66.6%, 70.0%, 74.6%, 70.8%]",,,,
10,parallel,46,46,0.06279146710526318,0.8450304657220841,0.8048154823482037,0.0001111111111111111,71.16363636363637,"[59.2%, 75.8%, 72.4%, 66.2%, 85.4%, 68.0%, 75.0%, 66.6%, 70.0%, 74.6%, 69.6%]",,,,
10,parallel,47,47,0.05981472815789475,1.1702346593141555,0.957660187035799,0.0001111111111111111,70.65454545454546,"[59.2%, 75.8%, 72.4%, 66.2%, 85.4%, 68.0%, 75.0%, 66.6%, 70.0%, 74.6%, 64.0%]",,,,
10,parallel,48,48,0.057198806052631584,0.9723700985312462,0.8482791893184185,0.0001111111111111111,71.0909090909091,"[59.2%, 75.8%, 72.4%, 66.2%, 85.4%, 68.0%, 75.0%, 66.6%, 70.0%, 74.6%, 68.8%]",,,,
10,parallel,49,49,0.05494370078947369,0.8685166656970977,0.823271419852972,0.0001111111111111111,71.27272727272727,"[59.2%, 75.8%, 72.4%, 66.2%, 85.4%, 68.0%, 75.0%, 66.6%, 70.0%, 74.6%, 70.8%]",,,,
10,parallel,50,50,0.053049412368421055,0.8722327515482903,0.8347074221819639,0.0001111111111111111,71.34545454545456,"[59.2%, 75.8%, 72.4%, 66.2%, 85.4%, 68.0%, 75.0%, 66.6%, 70.0%, 74.6%, 71.6%]",,,,
10,parallel,51,51,0.05151594078947369,0.8426029965281486,0.8318570200353861,0.0001111111111111111,71.2909090909091,"[59.2%, 75.8%, 72.4%, 66.2%, 85.4%, 68.0%, 75.0%, 66.6%, 70.0%, 74.6%, 71.0%]",,,,
10,parallel,52,52,0.05034328605263159,0.868280790746212,0.8279028423130512,0.0001111111111111111,71.23636363636363,"[59.2%, 75.8%, 72.4%, 66.2%, 85.4%, 68.0%, 75.0%, 66.6%, 70.0%, 74.6%, 70.4%]",,,,
10,parallel,53,53,0.049531448157894745,0.8018198326230049,0.7997086979448795,0.0001111111111111111,71.14545454545454,"[59.2%, 75.8%, 72.4%, 66.2%, 85.4%, 68.0%, 75.0%, 66.6%, 70.0%, 74.6%, 69.4%]",,,,
10,parallel,54,54,0.04908042710526316,0.7754981875419616,0.7809445913881063,0.0001111111111111111,71.36363636363636,"[59.2%, 75.8%, 72.4%, 66.2%, 85.4%, 68.0%, 75.0%, 66.6%, 70.0%, 74.6%, 71.8%]",,,,
10,parallel,55,55,0.04897894736842106,0.7736874170601368,0.7264527566730976,0.0001111111111111111,71.4,"[59.2%, 75.8%, 72.4%, 66.2%, 85.4%, 68.0%, 75.0%, 66.6%, 70.0%, 74.6%, 72.2%]",,,,
10,weights,1,56,0.04897894736842106,0.7151991561055183,0.7025907952338457,0.0001111111111111111,71.47272727272728,"[59.2%, 75.8%, 72.4%, 66.2%, 85.4%, 68.0%, 75.0%, 66.6%, 70.0%, 74.6%, 73.0%]",,,,
10,weights,2,57,0.04897894736842106,0.727489098906517,0.7106927912682295,0.0001111111111111111,71.41818181818182,"[59.2%, 75.8%, 72.4%, 66.2%, 85.4%, 68.0%, 75.0%, 66.6%, 70.0%, 74.6%, 72.4%]",,,,
10,weights,3,58,0.04897894736842106,0.6995492376387119,0.6888138931244612,0.0001111111111111111,71.50909090909092,"[59.2%, 75.8%, 72.4%, 66.2%, 85.4%, 68.0%, 75.0%, 66.6%, 70.0%, 74.6%, 73.4%]",,,,
10,weights,4,59,0.04897894736842106,0.7215826585888863,0.7190687339752913,0.0001111111111111111,71.41818181818182,"[59.2%, 75.8%, 72.4%, 66.2%, 85.4%, 68.0%, 75.0%, 66.6%, 70.0%, 74.6%, 72.4%]",,,,
10,weights,5,60,0.04897894736842106,0.6997728809714318,0.7035596314817667,0.0001111111111111111,71.61818181818182,"[59.2%, 75.8%, 72.4%, 66.2%, 85.4%, 68.0%, 75.0%, 66.6%, 70.0%, 74.6%, 74.6%]",,,,
10,weights,6,61,0.04897894736842106,0.690545354783535,0.7200309634208679,0.0001111111111111111,71.2909090909091,"[59.2%, 75.8%, 72.4%, 66.2%, 85.4%, 68.0%, 75.0%, 66.6%, 70.0%, 74.6%, 71.0%]",,,,
10,weights,7,62,0.04897894736842106,0.6967959061264992,0.6740749590098858,0.0001111111111111111,71.4909090909091,"[59.2%, 75.8%, 72.4%, 66.2%, 85.4%, 68.0%, 75.0%, 66.6%, 70.0%, 74.6%, 73.2%]",,,,
10,weights,8,63,0.04897894736842106,0.687662935256958,0.6955475155264139,0.0001111111111111111,71.2909090909091,"[59.2%, 75.8%, 72.4%, 66.2%, 85.4%, 68.0%, 75.0%, 66.6%, 70.0%, 74.6%, 71.0%]",,,,
10,weights,9,64,0.04897894736842106,0.675860833376646,0.6640624105930328,0.0001111111111111111,71.63636363636364,"[59.2%, 75.8%, 72.4%, 66.2%, 85.4%, 68.0%, 75.0%, 66.6%, 70.0%, 74.6%, 74.8%]",,,,
10,weights,10,65,0.04897894736842106,0.6615537576377392,0.6804476492106915,0.0001111111111111111,71.4909090909091,"[59.2%, 75.8%, 72.4%, 66.2%, 85.4%, 68.0%, 75.0%, 66.6%, 70.0%, 74.6%, 73.2%]",,,,
10,weights,11,66,0.04897894736842106,0.7233290620148182,0.6990601634606719,0.0001111111111111111,71.67272727272729,"[59.2%, 75.8%, 72.4%, 66.2%, 85.4%, 68.0%, 75.0%, 66.6%, 70.0%, 74.6%, 75.2%]",,,,
10,weights,12,67,0.04897894736842106,0.692141269147396,0.6656265053898096,0.0001111111111111111,71.67272727272729,"[59.2%, 75.8%, 72.4%, 66.2%, 85.4%, 68.0%, 75.0%, 66.6%, 70.0%, 74.6%, 75.2%]",,,,
10,weights,13,68,0.04897894736842106,0.6304567128419876,0.6432574838399887,0.0001111111111111111,71.76363636363637,"[59.2%, 75.8%, 72.4%, 66.2%, 85.4%, 68.0%, 75.0%, 66.6%, 70.0%, 74.6%, 76.2%]",,,,
10,weights,14,69,0.04897894736842106,0.6320296809077263,0.6515442635864019,0.0001111111111111111,71.61818181818182,"[59.2%, 75.8%, 72.4%, 66.2%, 85.4%, 68.0%, 75.0%, 66.6%, 70.0%, 74.6%, 74.6%]",,,,
10,weights,15,70,0.04897894736842106,0.655099018663168,0.6969679854810238,0.0001111111111111111,71.47272727272728,"[59.2%, 75.8%, 72.4%, 66.2%, 85.4%, 68.0%, 75.0%, 66.6%, 70.0%, 74.6%, 73.0%]",,,,
10,weights,16,71,0.04897894736842106,0.6413619853556156,0.6829563155770302,0.0001111111111111111,71.67272727272729,"[59.2%, 75.8%, 72.4%, 66.2%, 85.4%, 68.0%, 75.0%, 66.6%, 70.0%, 74.6%, 75.2%]",,,,
10,weights,17,72,0.04897894736842106,0.6402722641825676,0.6413304721936584,0.0001111111111111111,71.72727272727273,"[59.2%, 75.8%, 72.4%, 66.2%, 85.4%, 68.0%, 75.0%, 66.6%, 70.0%, 74.6%, 75.8%]",,,,
10,weights,18,73,0.04897894736842106,0.6197200246155262,0.6411968246102333,0.0001111111111111111,71.80000000000001,"[59.2%, 75.8%, 72.4%, 66.2%, 85.4%, 68.0%, 75.0%, 66.6%, 70.0%, 74.6%, 76.6%]",,,,
10,weights,19,74,0.04897894736842106,0.6251332357525825,0.627679567784071,0.0001111111111111111,71.76363636363637,"[59.2%, 75.8%, 72.4%, 66.2%, 85.4%, 68.0%, 75.0%, 66.6%, 70.0%, 74.6%, 76.2%]",,,,
10,weights,20,75,0.04897894736842106,0.6048076421022415,0.6307167187333107,0.0001111111111111111,71.76363636363637,"[59.2%, 75.8%, 72.4%, 66.2%, 85.4%, 68.0%, 75.0%, 66.6%, 70.0%, 74.6%, 76.2%]",,,,
10,weights,21,76,0.04897894736842106,0.6199864961206913,0.6334655489772558,0.0001111111111111111,71.54545454545455,"[59.2%, 75.8%, 72.4%, 66.2%, 85.4%, 68.0%, 75.0%, 66.6%, 70.0%, 74.6%, 73.8%]",,,,
10,weights,22,77,0.04897894736842106,0.5747863847762347,0.6203292328864336,0.0001111111111111111,71.76363636363637,"[59.2%, 75.8%, 72.4%, 66.2%, 85.4%, 68.0%, 75.0%, 66.6%, 70.0%, 74.6%, 76.2%]",,,,
10,weights,23,78,0.04897894736842106,0.5844951257109642,0.645768809132278,0.0001111111111111111,71.67272727272729,"[59.2%, 75.8%, 72.4%, 66.2%, 85.4%, 68.0%, 75.0%, 66.6%, 70.0%, 74.6%, 75.2%]",,,,
10,weights,24,79,0.04897894736842106,0.5975006617605686,0.6076467651873827,0.0001111111111111111,71.81818181818181,"[59.2%, 75.8%, 72.4%, 66.2%, 85.4%, 68.0%, 75.0%, 66.6%, 70.0%, 74.6%, 76.8%]",,,,
10,weights,25,80,0.04897894736842106,0.5825294390320778,0.6694708298891783,0.0001111111111111111,71.70909090909092,"[59.2%, 75.8%, 72.4%, 66.2%, 85.4%, 68.0%, 75.0%, 66.6%, 70.0%, 74.6%, 75.6%]",45.800000000000004,"[0.0%, 59.4%, 57.6%, 10.4%, 85.4%, 35.4%, 75.0%, 33.6%, 30.4%, 55.8%, 60.8%]",51.01818181818181,"[46.2%, 59.4%, 57.6%, 27.4%, 74.4%, 35.4%, 75.0%, 49.2%, 61.4%, 38.6%, 36.6%]"
11,parallel,1,1,0.45,17.084822368621825,9.243193507194519,0.0001111111111111111,65.64999999999999,"[59.4%, 75.4%, 72.2%, 66.4%, 85.4%, 67.8%, 74.8%, 66.2%, 70.0%, 74.8%, 75.4%, 0.0%]",,,,
11,parallel,2,2,0.45,6.844699048995972,4.7235270738601685,0.0001111111111111111,65.6,"[59.4%, 75.2%, 72.2%, 66.4%, 85.4%, 67.4%, 74.8%, 66.2%, 70.0%, 74.8%, 75.4%, 0.0%]",,,,
11,parallel,3,3,0.45,3.1870138138532638,2.060227155685425,0.0001111111111111111,67.21666666666665,"[59.2%, 75.0%, 72.0%, 66.4%, 85.4%, 67.4%, 75.0%, 66.0%, 70.0%, 74.8%, 75.4%, 20.0%]",,,,
11,parallel,4,4,0.45,1.7992593765258789,1.688077986240387,0.0001111111111111111,67.21666666666665,"[59.0%, 75.0%, 72.0%, 66.6%, 85.4%, 67.4%, 75.0%, 66.0%, 70.0%, 74.8%, 75.4%, 20.0%]",,,,
11,parallel,5,5,0.44598942,1.7090265423059463,1.6819625943899155,0.0001111111111111111,67.21666666666665,"[59.0%, 75.0%, 72.0%, 66.6%, 85.4%, 67.4%, 75.0%, 66.0%, 70.0%, 74.8%, 75.4%, 20.0%]",,,,
11,parallel,6,6,0.4301481315789474,1.7401069432497025,1.6721239984035492,0.0001111111111111111,67.21666666666665,"[59.0%, 75.0%, 72.0%, 66.6%, 85.4%, 67.4%, 75.0%, 66.0%, 70.0%, 74.8%, 75.4%, 20.0%]",,,,
11,parallel,7,7,0.4146284936842105,1.7102299124002456,1.661416471004486,0.0001111111111111111,67.21666666666665,"[59.0%, 75.0%, 72.0%, 66.6%, 85.4%, 67.4%, 75.0%, 66.0%, 70.0%, 74.8%, 75.4%, 20.0%]",,,,
11,parallel,8,8,0.3994305063157895,1.684847703576088,1.6537087708711624,0.0001111111111111111,67.21666666666665,"[59.0%, 75.0%, 72.0%, 66.6%, 85.4%, 67.4%, 75.0%, 66.0%, 70.0%, 74.8%, 75.4%, 20.0%]",,,,
11,parallel,9,9,0.38455416947368426,1.6528286546468736,1.6400832533836365,0.0001111111111111111,67.21666666666665,"[59.0%, 75.0%, 72.0%, 66.6%, 85.4%, 67.4%, 75.0%, 66.0%, 70.0%, 74.8%, 75.4%, 20.0%]",,,,
11,parallel,10,10,0.3699994831578947,1.646427658200264,1.629334807395935,0.0001111111111111111,67.53333333333332,"[59.0%, 75.0%, 72.0%, 66.6%, 85.4%, 67.4%, 75.0%, 66.0%, 70.0%, 74.8%, 75.4%, 23.8%]",,,,
11,parallel,11,11,0.35576644736842106,1.614373904466629,1.562526449561119,0.0001111111111111111,67.88333333333333,"[59.0%, 75.0%, 72.0%, 66.6%, 85.4%, 67.4%, 75.0%, 66.0%, 70.0%, 74.8%, 75.4%, 28.0%]",,,,
11,parallel,12,12,0.3418550621052631,1.443161290884018,1.3307197988033295,0.0001111111111111111,68.94999999999999,"[59.0%, 75.0%, 72.0%, 66.6%, 85.4%, 67.4%, 75.0%, 66.0%, 70.0%, 74.8%, 75.4%, 40.8%]",,,,
11,parallel,13,13,0.32826532736842107,1.2903109401464463,1.2392425388097763,0.0001111111111111111,69.33333333333333,"[59.0%, 75.0%, 72.0%, 66.6%, 85.4%, 67.4%, 75.0%, 66.0%, 70.0%, 74.8%, 75.4%, 45.4%]",,,,
11,parallel,14,14,0.31499724315789474,1.1910503178834915,1.2123181223869324,0.0001111111111111111,69.38333333333333,"[59.0%, 75.0%, 72.0%, 66.6%, 85.4%, 67.4%, 75.0%, 66.0%, 70.0%, 74.8%, 75.4%, 46.0%]",,,,
11,parallel,15,15,0.30205080947368423,1.1555956050753593,1.0591495260596275,0.0001111111111111111,70.05,"[59.0%, 75.0%, 72.0%, 66.6%, 85.4%, 67.4%, 75.0%, 66.0%, 70.0%, 74.8%, 75.4%, 54.0%]",,,,
11,parallel,16,16,0.2894260263157895,0.9724329367280007,0.924472764134407,0.0001111111111111111,70.76666666666667,"[59.0%, 75.0%, 72.0%, 66.6%, 85.4%, 67.4%, 75.0%, 66.0%, 70.0%, 74.8%, 75.4%, 62.6%]",,,,
11,parallel,17,17,0.2771228936842105,0.9671807020902634,0.9024498797953129,0.0001111111111111111,71.01666666666667,"[59.0%, 75.0%, 72.0%, 66.6%, 85.4%, 67.4%, 75.0%, 66.0%, 70.0%, 74.8%, 75.4%, 65.6%]",,,,
11,parallel,18,18,0.26514141157894733,0.9093846991658211,0.8264541886746883,0.0001111111111111111,71.21666666666665,"[59.0%, 75.0%, 72.0%, 66.6%, 85.4%, 67.4%, 75.0%, 66.0%, 70.0%, 74.8%, 75.4%, 68.0%]",,,,
11,parallel,19,19,0.25348158000000004,0.8552781149744988,0.9076179601252079,0.0001111111111111111,70.85,"[59.0%, 75.0%, 72.0%, 66.6%, 85.4%, 67.4%, 75.0%, 66.0%, 70.0%, 74.8%, 75.4%, 63.6%]",,,,
11,parallel,20,20,0.24214339894736847,0.8270303919911385,0.801859725266695,0.0001111111111111111,71.33333333333333,"[59.0%, 75.0%, 72.0%, 66.6%, 85.4%, 67.4%, 75.0%, 66.0%, 70.0%, 74.8%, 75.4%, 69.4%]",,,,
11,parallel,21,21,0.23112686842105268,0.8033224821090699,0.8638687804341316,0.0001111111111111111,71.11666666666666,"[59.0%, 75.0%, 72.0%, 66.6%, 85.4%, 67.4%, 75.0%, 66.0%, 70.0%, 74.8%, 75.4%, 66.8%]",,,,
11,parallel,22,22,0.22043198842105266,0.8075534835457802,0.9519726298749447,0.0001111111111111111,70.8,"[59.0%, 75.0%, 72.0%, 66.6%, 85.4%, 67.4%, 75.0%, 66.0%, 70.0%, 74.8%, 75.4%, 63.0%]",,,,
11,parallel,23,23,0.21005875894736842,0.7609214752912521,0.9363680072128773,0.0001111111111111111,71.01666666666667,"[59.0%, 75.0%, 72.0%, 66.6%, 85.4%, 67.4%, 75.0%, 66.0%, 70.0%, 74.8%, 75.4%, 65.6%]",,,,
11,parallel,24,24,0.20000718,0.8070706069469452,0.8583511337637901,0.0001111111111111111,71.14999999999999,"[59.0%, 75.0%, 72.0%, 66.6%, 85.4%, 67.4%, 75.0%, 66.0%, 70.0%, 74.8%, 75.4%, 67.2%]",,,,
11,parallel,25,25,0.19027725157894737,0.7159371264278889,0.8241215571761131,0.0001111111111111111,71.36666666666666,"[59.0%, 75.0%, 72.0%, 66.6%, 85.4%, 67.4%, 75.0%, 66.0%, 70.0%, 74.8%, 75.4%, 69.8%]",,,,
11,parallel,26,26,0.1808689736842105,0.7824256144464016,0.8384674116969109,0.0001111111111111111,71.26666666666667,"[59.0%, 75.0%, 72.0%, 66.6%, 85.4%, 67.4%, 75.0%, 66.0%, 70.0%, 74.8%, 75.4%, 68.6%]",,,,
11,parallel,27,27,0.17178234631578945,0.826153787970543,0.8714588731527328,0.0001111111111111111,71.24999999999999,"[59.0%, 75.0%, 72.0%, 66.6%, 85.4%, 67.4%, 75.0%, 66.0%, 70.0%, 74.8%, 75.4%, 68.4%]",,,,
11,parallel,28,28,0.16301736947368417,0.7826227806508541,0.957452517002821,0.0001111111111111111,70.85,"[59.0%, 75.0%, 72.0%, 66.6%, 85.4%, 67.4%, 75.0%, 66.0%, 70.0%, 74.8%, 75.4%, 63.6%]",,,,
11,parallel,29,29,0.15457404315789475,0.7455587789416314,0.9831614177674055,0.0001111111111111111,70.88333333333333,"[59.0%, 75.0%, 72.0%, 66.6%, 85.4%, 67.4%, 75.0%, 66.0%, 70.0%, 74.8%, 75.4%, 64.0%]",,,,
11,parallel,30,30,0.14645236736842104,0.8038155943155288,0.827711395919323,0.0001111111111111111,71.55,"[59.0%, 75.0%, 72.0%, 66.6%, 85.4%, 67.4%, 75.0%, 66.0%, 70.0%, 74.8%, 75.4%, 72.0%]",,,,
11,parallel,31,31,0.13865234210526314,0.83057219684124,0.8516678549349308,0.0001111111111111111,71.18333333333332,"[59.0%, 75.0%, 72.0%, 66.6%, 85.4%, 67.4%, 75.0%, 66.0%, 70.0%, 74.8%, 75.4%, 67.6%]",,,,
11,parallel,32,32,0.13117396736842105,0.7722606763243676,0.7904601730406284,0.0001111111111111111,71.39999999999999,"[59.0%, 75.0%, 72.0%, 66.6%, 85.4%, 67.4%, 75.0%, 66.0%, 70.0%, 74.8%, 75.4%, 70.2%]",,,,
11,parallel,33,33,0.12401724315789475,0.8115195572376251,0.927524957805872,0.0001111111111111111,70.89999999999999,"[59.0%, 75.0%, 72.0%, 66.6%, 85.4%, 67.4%, 75.0%, 66.0%, 70.0%, 74.8%, 75.4%, 64.2%]",,,,
11,parallel,34,34,0.1171821694736842,0.8245184808969498,0.8821089863777161,0.0001111111111111111,71.23333333333333,"[59.0%, 75.0%, 72.0%, 66.6%, 85.4%, 67.4%, 75.0%, 66.0%, 70.0%, 74.8%, 75.4%, 68.2%]",,,,
11,parallel,35,35,0.11066874631578949,0.8390666276216507,0.9080863147974014,0.0001111111111111111,70.96666666666665,"[59.0%, 75.0%, 72.0%, 66.6%, 85.4%, 67.4%, 75.0%, 66.0%, 70.0%, 74.8%, 75.4%, 65.0%]",,,,
11,parallel,36,36,0.10447697368421052,0.8921669200062752,0.9142261818051338,0.0001111111111111111,70.98333333333333,"[59.0%, 75.0%, 72.0%, 66.6%, 85.4%, 67.4%, 75.0%, 66.0%, 70.0%, 74.8%, 75.4%, 65.2%]",,,,
11,parallel,37,37,0.09860685157894737,0.8390685677528381,0.9382598400115967,0.0001111111111111111,70.89999999999999,"[59.0%, 75.0%, 72.0%, 66.6%, 85.4%, 67.4%, 75.0%, 66.0%, 70.0%, 74.8%, 75.4%, 64.2%]",,,,
11,parallel,38,38,0.09305838,0.959477761387825,0.9738810136914253,0.0001111111111111111,70.66666666666666,"[59.0%, 75.0%, 72.0%, 66.6%, 85.4%, 67.4%, 75.0%, 66.0%, 70.0%, 74.8%, 75.4%, 61.4%]",,,,
11,parallel,39,39,0.08783155894736841,0.882369601726532,1.0040466040372849,0.0001111111111111111,70.63333333333333,"[59.0%, 75.0%, 72.0%, 66.6%, 85.4%, 67.4%, 75.0%, 66.0%, 70.0%, 74.8%, 75.4%, 61.0%]",,,,
11,parallel,40,40,0.08292638842105264,0.9142093792557716,0.9476494267582893,0.0001111111111111111,70.8,"[59.0%, 75.0%, 72.0%, 66.6%, 85.4%, 67.4%, 75.0%, 66.0%, 70.0%, 74.8%, 75.4%, 63.0%]",,,,
11,parallel,41,41,0.07834286842105263,0.8496989741921425,0.9108858332037926,0.0001111111111111111,70.89999999999999,"[59.0%, 75.0%, 72.0%, 66.6%, 85.4%, 67.4%, 75.0%, 66.0%, 70.0%, 74.8%, 75.4%, 64.2%]",,,,
11,parallel,42,42,0.07408099894736841,1.0750465840101242,1.0783851519227028,0.0001111111111111111,70.24999999999999,"[59.0%, 75.0%, 72.0%, 66.6%, 85.4%, 67.4%, 75.0%, 66.0%, 70.0%, 74.8%, 75.4%, 56.4%]",,,,
11,parallel,43,43,0.07014078,1.0012283980846406,1.0806071013212204,0.0001111111111111111,70.19999999999999,"[59.0%, 75.0%, 72.0%, 66.6%, 85.4%, 67.4%, 75.0%, 66.0%, 70.0%, 74.8%, 75.4%, 55.8%]",,,,
11,parallel,44,44,0.06652221157894736,0.9368268549442291,1.0398543775081635,0.0001111111111111111,70.6,"[59.0%, 75.0%, 72.0%, 66.6%, 85.4%, 67.4%, 75.0%, 66.0%, 70.0%, 74.8%, 75.4%, 60.6%]",,,,
11,parallel,45,45,0.06322529368421052,0.9337525933980941,0.9897143766283989,0.0001111111111111111,70.64999999999999,"[59.0%, 75.0%, 72.0%, 66.6%, 85.4%, 67.4%, 75.0%, 66.0%, 70.0%, 74.8%, 75.4%, 61.2%]",,,,
11,parallel,46,46,0.06025002631578948,1.2887211829423904,1.2187764197587967,0.0001111111111111111,69.68333333333332,"[59.0%, 75.0%, 72.0%, 66.6%, 85.4%, 67.4%, 75.0%, 66.0%, 70.0%, 74.8%, 75.4%, 49.6%]",,,,
11,parallel,47,47,0.05759640947368422,1.1592700436711312,1.1086435690522194,0.0001111111111111111,70.26666666666667,"[59.0%, 75.0%, 72.0%, 66.6%, 85.4%, 67.4%, 75.0%, 66.0%, 70.0%, 74.8%, 75.4%, 56.6%]",,,,
11,parallel,48,48,0.055264443157894735,1.0567682459950447,1.1109773814678192,0.0001111111111111111,70.33333333333333,"[59.0%, 75.0%, 72.0%, 66.6%, 85.4%, 67.4%, 75.0%, 66.0%, 70.0%, 74.8%, 75.4%, 57.4%]",,,,
11,parallel,49,49,0.053254127368421056,1.0494527235627173,1.0741982087492943,0.0001111111111111111,70.41666666666666,"[59.0%, 75.0%, 72.0%, 66.6%, 85.4%, 67.4%, 75.0%, 66.0%, 70.0%, 74.8%, 75.4%, 58.4%]",,,,
11,parallel,50,50,0.05156546210526316,1.0036340415477754,1.0689581409096718,0.0001111111111111111,70.3,"[59.0%, 75.0%, 72.0%, 66.6%, 85.4%, 67.4%, 75.0%, 66.0%, 70.0%, 74.8%, 75.4%, 57.0%]",,,,
11,parallel,51,51,0.05019844736842105,1.0546114310622214,1.0598253458738327,0.0001111111111111111,70.46666666666665,"[59.0%, 75.0%, 72.0%, 66.6%, 85.4%, 67.4%, 75.0%, 66.0%, 70.0%, 74.8%, 75.4%, 59.0%]",,,,
11,parallel,52,52,0.04915308315789474,0.9838823512196541,1.1327154785394669,0.0001111111111111111,70.26666666666667,"[59.0%, 75.0%, 72.0%, 66.6%, 85.4%, 67.4%, 75.0%, 66.0%, 70.0%, 74.8%, 75.4%, 56.6%]",,,,
11,parallel,53,53,0.04842936947368421,0.947812719643116,1.0377734526991844,0.0001111111111111111,70.44999999999999,"[59.0%, 75.0%, 72.0%, 66.6%, 85.4%, 67.4%, 75.0%, 66.0%, 70.0%, 74.8%, 75.4%, 58.8%]",,,,
11,parallel,54,54,0.04802730631578948,0.9323383465409278,0.9879937022924423,0.0001111111111111111,70.63333333333333,"[59.0%, 75.0%, 72.0%, 66.6%, 85.4%, 67.4%, 75.0%, 66.0%, 70.0%, 74.8%, 75.4%, 61.0%]",,,,
11,parallel,55,55,0.04793684210526316,0.8755234554409981,1.0056952983140945,0.0001111111111111111,70.71666666666665,"[59.0%, 75.0%, 72.0%, 66.6%, 85.4%, 67.4%, 75.0%, 66.0%, 70.0%, 74.8%, 75.4%, 62.0%]",,,,
11,weights,1,56,0.04793684210526316,0.8731645159423351,0.997926376760006,0.0001111111111111111,70.56666666666666,"[59.0%, 75.0%, 72.0%, 66.6%, 85.4%, 67.4%, 75.0%, 66.0%, 70.0%, 74.8%, 75.4%, 60.2%]",,,,
11,weights,2,57,0.04793684210526316,0.8704560950398446,0.9818671569228172,0.0001111111111111111,70.68333333333332,"[59.0%, 75.0%, 72.0%, 66.6%, 85.4%, 67.4%, 75.0%, 66.0%, 70.0%, 74.8%, 75.4%, 61.6%]",,,,
11,weights,3,58,0.04793684210526316,0.830363093316555,0.959068775177002,0.0001111111111111111,70.68333333333332,"[59.0%, 75.0%, 72.0%, 66.6%, 85.4%, 67.4%, 75.0%, 66.0%, 70.0%, 74.8%, 75.4%, 61.6%]",,,,
11,weights,4,59,0.04793684210526316,0.8331630095839501,1.0233900845050812,0.0001111111111111111,70.61666666666666,"[59.0%, 75.0%, 72.0%, 66.6%, 85.4%, 67.4%, 75.0%, 66.0%, 70.0%, 74.8%, 75.4%, 60.8%]",,,,
11,weights,5,60,0.04793684210526316,0.82401212900877,0.9711603075265884,0.0001111111111111111,70.74999999999999,"[59.0%, 75.0%, 72.0%, 66.6%, 85.4%, 67.4%, 75.0%, 66.0%, 70.0%, 74.8%, 75.4%, 62.4%]",,,,
11,weights,6,61,0.04793684210526316,0.8149316139519215,0.9523812457919121,0.0001111111111111111,70.83333333333333,"[59.0%, 75.0%, 72.0%, 66.6%, 85.4%, 67.4%, 75.0%, 66.0%, 70.0%, 74.8%, 75.4%, 63.4%]",,,,
11,weights,7,62,0.04793684210526316,0.7809748098254203,0.9842327982187271,0.0001111111111111111,70.66666666666666,"[59.0%, 75.0%, 72.0%, 66.6%, 85.4%, 67.4%, 75.0%, 66.0%, 70.0%, 74.8%, 75.4%, 61.4%]",,,,
11,weights,8,63,0.04793684210526316,0.7853392288088799,0.9000286906957626,0.0001111111111111111,70.86666666666666,"[59.0%, 75.0%, 72.0%, 66.6%, 85.4%, 67.4%, 75.0%, 66.0%, 70.0%, 74.8%, 75.4%, 63.8%]",,,,
11,weights,9,64,0.04793684210526316,0.7674431525170803,0.9909751638770103,0.0001111111111111111,70.71666666666665,"[59.0%, 75.0%, 72.0%, 66.6%, 85.4%, 67.4%, 75.0%, 66.0%, 70.0%, 74.8%, 75.4%, 62.0%]",,,,
11,weights,10,65,0.04793684210526316,0.7839482173323631,0.9160941690206528,0.0001111111111111111,70.86666666666666,"[59.0%, 75.0%, 72.0%, 66.6%, 85.4%, 67.4%, 75.0%, 66.0%, 70.0%, 74.8%, 75.4%, 63.8%]",,,,
11,weights,11,66,0.04793684210526316,0.8201420575380325,0.9146936386823654,0.0001111111111111111,70.99999999999999,"[59.0%, 75.0%, 72.0%, 66.6%, 85.4%, 67.4%, 75.0%, 66.0%, 70.0%, 74.8%, 75.4%, 65.4%]",,,,
11,weights,12,67,0.04793684210526316,0.7771310031414032,0.9123949110507965,0.0001111111111111111,70.96666666666665,"[59.0%, 75.0%, 72.0%, 66.6%, 85.4%, 67.4%, 75.0%, 66.0%, 70.0%, 74.8%, 75.4%, 65.0%]",,,,
11,weights,13,68,0.04793684210526316,0.7664918795228004,0.9190779700875282,0.0001111111111111111,70.88333333333333,"[59.0%, 75.0%, 72.0%, 66.6%, 85.4%, 67.4%, 75.0%, 66.0%, 70.0%, 74.8%, 75.4%, 64.0%]",,,,
11,weights,14,69,0.04793684210526316,0.7725014701485634,0.8940020278096199,0.0001111111111111111,70.98333333333333,"[59.0%, 75.0%, 72.0%, 66.6%, 85.4%, 67.4%, 75.0%, 66.0%, 70.0%, 74.8%, 75.4%, 65.2%]",,,,
11,weights,15,70,0.04793684210526316,0.7269463174045085,0.8922356069087982,0.0001111111111111111,70.83333333333333,"[59.0%, 75.0%, 72.0%, 66.6%, 85.4%, 67.4%, 75.0%, 66.0%, 70.0%, 74.8%, 75.4%, 63.4%]",,,,
11,weights,16,71,0.04793684210526316,0.7323282591998577,0.8727867752313614,0.0001111111111111111,70.94999999999999,"[59.0%, 75.0%, 72.0%, 66.6%, 85.4%, 67.4%, 75.0%, 66.0%, 70.0%, 74.8%, 75.4%, 64.8%]",,,,
11,weights,17,72,0.04793684210526316,0.7584520913660526,0.8784970119595528,0.0001111111111111111,70.96666666666665,"[59.0%, 75.0%, 72.0%, 66.6%, 85.4%, 67.4%, 75.0%, 66.0%, 70.0%, 74.8%, 75.4%, 65.0%]",,,,
11,weights,18,73,0.04793684210526316,0.7168408080935478,0.8416226580739021,0.0001111111111111111,71.19999999999999,"[59.0%, 75.0%, 72.0%, 66.6%, 85.4%, 67.4%, 75.0%, 66.0%, 70.0%, 74.8%, 75.4%, 67.8%]",,,,
11,weights,19,74,0.04793684210526316,0.7156995296478271,0.906607910990715,0.0001111111111111111,71.01666666666667,"[59.0%, 75.0%, 72.0%, 66.6%, 85.4%, 67.4%, 75.0%, 66.0%, 70.0%, 74.8%, 75.4%, 65.6%]",,,,
11,weights,20,75,0.04793684210526316,0.6945609703660012,0.9125990569591522,0.0001111111111111111,70.85,"[59.0%, 75.0%, 72.0%, 66.6%, 85.4%, 67.4%, 75.0%, 66.0%, 70.0%, 74.8%, 75.4%, 63.6%]",,,,
11,weights,21,76,0.04793684210526316,0.7132866181433201,0.9433968625962734,0.0001111111111111111,70.86666666666666,"[59.0%, 75.0%, 72.0%, 66.6%, 85.4%, 67.4%, 75.0%, 66.0%, 70.0%, 74.8%, 75.4%, 63.8%]",,,,
11,weights,22,77,0.04793684210526316,0.6726896926760674,0.9560277722775936,0.0001111111111111111,70.91666666666666,"[59.0%, 75.0%, 72.0%, 66.6%, 85.4%, 67.4%, 75.0%, 66.0%, 70.0%, 74.8%, 75.4%, 64.4%]",,,,
11,weights,23,78,0.04793684210526316,0.7004757232964038,0.8717527948319912,0.0001111111111111111,71.06666666666666,"[59.0%, 75.0%, 72.0%, 66.6%, 85.4%, 67.4%, 75.0%, 66.0%, 70.0%, 74.8%, 75.4%, 66.2%]",,,,
11,weights,24,79,0.04793684210526316,0.7029195956885814,0.9538802802562714,0.0001111111111111111,70.85,"[59.0%, 75.0%, 72.0%, 66.6%, 85.4%, 67.4%, 75.0%, 66.0%, 70.0%, 74.8%, 75.4%, 63.6%]",,,,
11,weights,25,80,0.04793684210526316,0.712275461666286,0.8752880245447159,0.0001111111111111111,71.1,"[59.0%, 75.0%, 72.0%, 66.6%, 85.4%, 67.4%, 75.0%, 66.0%, 70.0%, 74.8%, 75.4%, 66.6%]",43.300000000000004,"[0.0%, 58.8%, 57.2%, 10.4%, 85.4%, 35.4%, 75.0%, 33.6%, 30.4%, 56.0%, 49.0%, 28.4%]",45.86666666666667,"[45.8%, 58.8%, 57.2%, 27.4%, 74.4%, 43.8%, 55.2%, 25.2%, 61.4%, 38.6%, 36.6%, 26.0%]"
12,parallel,1,1,0.4,18.740329456329345,10.782791137695312,0.0001111111111111111,65.8,"[59.8%, 75.2%, 72.0%, 66.6%, 85.8%, 67.4%, 75.2%, 66.0%, 70.4%, 74.8%, 75.6%, 66.6%, 0.0%]",,,,
12,parallel,2,2,0.4,8.06286393404007,5.815779030323029,0.0001111111111111111,65.78461538461539,"[59.6%, 75.2%, 72.0%, 66.2%, 85.8%, 67.4%, 75.4%, 66.2%, 70.2%, 74.8%, 75.6%, 66.8%, 0.0%]",,,,
12,parallel,3,3,0.4,4.202185195684433,2.7602939307689667,0.0001111111111111111,65.78461538461538,"[59.6%, 75.2%, 72.4%, 66.0%, 85.8%, 67.4%, 75.2%, 66.2%, 70.0%, 74.8%, 75.8%, 66.8%, 0.0%]",,,,
12,parallel,4,4,0.4,2.130525016784668,1.7856269180774689,0.0001111111111111111,67.33846153846153,"[59.8%, 75.2%, 72.6%, 66.0%, 85.8%, 67.4%, 75.2%, 66.2%, 69.8%, 74.8%, 75.8%, 66.8%, 20.0%]",,,,
12,parallel,5,5,0.39647777500000003,1.7717453986406326,1.7160879969596863,0.0001111111111111111,67.32307692307691,"[59.8%, 75.2%, 72.6%, 66.0%, 85.8%, 67.4%, 74.8%, 66.2%, 69.8%, 74.8%, 76.0%, 66.8%, 20.0%]",,,,
12,parallel,6,6,0.38256542763157897,1.7256648927927016,1.680999755859375,0.0001111111111111111,67.30769230769229,"[59.8%, 75.2%, 72.4%, 66.0%, 85.8%, 67.4%, 74.8%, 66.2%, 69.8%, 74.8%, 76.0%, 66.8%, 20.0%]",,,,
12,parallel,7,7,0.3689355644736842,1.7684074282646178,1.6994482278823853,0.0001111111111111111,67.30769230769229,"[59.8%, 75.2%, 72.4%, 66.0%, 85.8%, 67.4%, 74.8%, 66.2%, 69.8%, 74.8%, 76.0%, 66.8%, 20.0%]",,,,
12,parallel,8,8,0.3555881855263159,1.6727138340473175,1.6454070657491684,0.0001111111111111111,67.33846153846153,"[59.8%, 75.2%, 72.4%, 66.0%, 85.8%, 67.4%, 74.8%, 66.2%, 69.8%, 74.8%, 76.0%, 66.8%, 20.4%]",,,,
12,parallel,9,9,0.34252329078947374,1.5978775501251221,1.3913847506046295,0.0001111111111111111,68.98461538461537,"[59.8%, 75.2%, 72.4%, 66.0%, 85.8%, 67.4%, 74.8%, 66.2%, 69.8%, 74.8%, 76.0%, 66.8%, 41.8%]",,,,
12,parallel,10,10,0.3297408802631579,1.3159385234117509,1.19852963835001,0.0001111111111111111,68.96923076923076,"[59.8%, 75.2%, 72.4%, 66.0%, 85.8%, 67.4%, 74.8%, 66.2%, 69.8%, 74.8%, 76.0%, 66.8%, 41.6%]",,,,
12,parallel,11,11,0.31724095394736845,1.1508757516741752,1.0869710966944695,0.0001111111111111111,70.09230769230768,"[59.8%, 75.2%, 72.4%, 66.0%, 85.8%, 67.4%, 74.8%, 66.2%, 69.8%, 74.8%, 76.0%, 66.8%, 56.2%]",,,,
12,parallel,12,12,0.30502351184210524,1.0518684573471546,1.08667166903615,0.0001111111111111111,69.84615384615384,"[59.8%, 75.2%, 72.4%, 66.0%, 85.8%, 67.4%, 74.8%, 66.2%, 69.8%, 74.8%, 76.0%, 66.8%, 53.0%]",,,,
12,parallel,13,13,0.29308855394736844,0.9158580064773559,0.8893484398722649,0.0001111111111111111,70.8153846153846,"[59.8%, 75.2%, 72.4%, 66.0%, 85.8%, 67.4%, 74.8%, 66.2%, 69.8%, 74.8%, 76.0%, 66.8%, 65.6%]",,,,
12,parallel,14,14,0.2814360802631579,0.8304163560271263,1.2234618701040745,0.0001111111111111111,69.61538461538461,"[59.8%, 75.2%, 72.4%, 66.0%, 85.8%, 67.4%, 74.8%, 66.2%, 69.8%, 74.8%, 76.0%, 66.8%, 50.0%]",,,,
12,parallel,15,15,0.27006609078947375,0.8569016635417939,1.0530871078372002,0.0001111111111111111,70.30769230769229,"[59.8%, 75.2%, 72.4%, 66.0%, 85.8%, 67.4%, 74.8%, 66.2%, 69.8%, 74.8%, 76.0%, 66.8%, 59.0%]",,,,
12,parallel,16,16,0.2589785855263158,0.7924976110458374,0.824837401509285,0.0001111111111111111,70.78461538461538,"[59.8%, 75.2%, 72.4%, 66.0%, 85.8%, 67.4%, 74.8%, 66.2%, 69.8%, 74.8%, 76.0%, 66.8%, 65.2%]",,,,
12,parallel,17,17,0.24817356447368422,0.7660967096686363,0.7845927849411964,0.0001111111111111111,70.83076923076922,"[59.8%, 75.2%, 72.4%, 66.0%, 85.8%, 67.4%, 74.8%, 66.2%, 69.8%, 74.8%, 76.0%, 66.8%, 65.8%]",,,,
12,parallel,18,18,0.23765102763157894,0.7425080388784409,0.7871118970215321,0.0001111111111111111,70.92307692307692,"[59.8%, 75.2%, 72.4%, 66.0%, 85.8%, 67.4%, 74.8%, 66.2%, 69.8%, 74.8%, 76.0%, 66.8%, 67.0%]",,,,
12,parallel,19,19,0.22741097500000007,0.7134796515107155,0.9579396601766348,0.0001111111111111111,70.6,"[59.8%, 75.2%, 72.4%, 66.0%, 85.8%, 67.4%, 74.8%, 66.2%, 69.8%, 74.8%, 76.0%, 66.8%, 62.8%]",,,,
12,parallel,20,20,0.2174534065789474,0.6916551642119885,0.8193367645144463,0.0001111111111111111,71.09230769230768,"[59.8%, 75.2%, 72.4%, 66.0%, 85.8%, 67.4%, 74.8%, 66.2%, 69.8%, 74.8%, 76.0%, 66.8%, 69.2%]",,,,
12,parallel,21,21,0.2077783223684211,0.641054680198431,0.6832392662763596,0.0001111111111111111,71.16923076923077,"[59.8%, 75.2%, 72.4%, 66.0%, 85.8%, 67.4%, 74.8%, 66.2%, 69.8%, 74.8%, 76.0%, 66.8%, 70.2%]",,,,
12,parallel,22,22,0.19838572236842109,0.6318925153464079,0.7249217815697193,0.0001111111111111111,70.98461538461537,"[59.8%, 75.2%, 72.4%, 66.0%, 85.8%, 67.4%, 74.8%, 66.2%, 69.8%, 74.8%, 76.0%, 66.8%, 67.8%]",,,,
12,parallel,23,23,0.18927560657894738,0.6103153087198734,0.6850111987441778,0.0001111111111111111,71.16923076923077,"[59.8%, 75.2%, 72.4%, 66.0%, 85.8%, 67.4%, 74.8%, 66.2%, 69.8%, 74.8%, 76.0%, 66.8%, 70.2%]",,,,
12,parallel,24,24,0.180447975,0.6071766801178455,0.6880229506641626,0.0001111111111111111,71.18461538461537,"[59.8%, 75.2%, 72.4%, 66.0%, 85.8%, 67.4%, 74.8%, 66.2%, 69.8%, 74.8%, 76.0%, 66.8%, 70.4%]",,,,
12,parallel,25,25,0.17190282763157896,0.5637071982026101,0.647819921374321,0.0001111111111111111,71.26153846153845,"[59.8%, 75.2%, 72.4%, 66.0%, 85.8%, 67.4%, 74.8%, 66.2%, 69.8%, 74.8%, 76.0%, 66.8%, 71.4%]",,,,
12,parallel,26,26,0.1636401644736842,0.687775194644928,0.6820178683847189,0.0001111111111111111,71.07692307692307,"[59.8%, 75.2%, 72.4%, 66.0%, 85.8%, 67.4%, 74.8%, 66.2%, 69.8%, 74.8%, 76.0%, 66.8%, 69.0%]",,,,
12,parallel,27,27,0.15565998552631577,0.7254963614046573,0.7120332382619381,0.0001111111111111111,71.24615384615385,"[59.8%, 75.2%, 72.4%, 66.0%, 85.8%, 67.4%, 74.8%, 66.2%, 69.8%, 74.8%, 76.0%, 66.8%, 71.2%]",,,,
12,parallel,28,28,0.14796229078947365,0.6556122094392777,0.7975912615656853,0.0001111111111111111,70.84615384615384,"[59.8%, 75.2%, 72.4%, 66.0%, 85.8%, 67.4%, 74.8%, 66.2%, 69.8%, 74.8%, 76.0%, 66.8%, 66.0%]",,,,
12,parallel,29,29,0.1405470802631579,0.6669961728155613,0.7309961654245853,0.0001111111111111111,71.36923076923075,"[59.8%, 75.2%, 72.4%, 66.0%, 85.8%, 67.4%, 74.8%, 66.2%, 69.8%, 74.8%, 76.0%, 66.8%, 72.8%]",,,,
12,parallel,30,30,0.13341435394736845,0.6097688786685467,0.7041222378611565,0.0001111111111111111,71.19999999999999,"[59.8%, 75.2%, 72.4%, 66.0%, 85.8%, 67.4%, 74.8%, 66.2%, 69.8%, 74.8%, 76.0%, 66.8%, 70.6%]",,,,
12,parallel,31,31,0.12656411184210525,0.6649978920817375,0.7361391186714172,0.0001111111111111111,71.36923076923075,"[59.8%, 75.2%, 72.4%, 66.0%, 85.8%, 67.4%, 74.8%, 66.2%, 69.8%, 74.8%, 76.0%, 66.8%, 72.8%]",,,,
12,parallel,32,32,0.11999635394736842,0.6418306402862072,0.7327327337116003,0.0001111111111111111,71.26153846153845,"[59.8%, 75.2%, 72.4%, 66.0%, 85.8%, 67.4%, 74.8%, 66.2%, 69.8%, 74.8%, 76.0%, 66.8%, 71.4%]",,,,
12,parallel,33,33,0.11371108026315792,0.616327278316021,0.8265156708657742,0.0001111111111111111,71.16923076923077,"[59.8%, 75.2%, 72.4%, 66.0%, 85.8%, 67.4%, 74.8%, 66.2%, 69.8%, 74.8%, 76.0%, 66.8%, 70.2%]",,,,
12,parallel,34,34,0.10770829078947369,0.716402693092823,0.8577131032943726,0.0001111111111111111,70.93846153846154,"[59.8%, 75.2%, 72.4%, 66.0%, 85.8%, 67.4%, 74.8%, 66.2%, 69.8%, 74.8%, 76.0%, 66.8%, 67.2%]",,,,
12,parallel,35,35,0.1019879855263158,0.6453303530812263,0.7511816956102848,0.0001111111111111111,71.15384615384615,"[59.8%, 75.2%, 72.4%, 66.0%, 85.8%, 67.4%, 74.8%, 66.2%, 69.8%, 74.8%, 76.0%, 66.8%, 70.0%]",,,,
12,parallel,36,36,0.09655016447368422,0.5805937364697457,0.75563670322299,0.0001111111111111111,71.16923076923077,"[59.8%, 75.2%, 72.4%, 66.0%, 85.8%, 67.4%, 74.8%, 66.2%, 69.8%, 74.8%, 76.0%, 66.8%, 70.2%]",,,,
12,parallel,37,37,0.09139482763157895,0.7803133830428124,0.7854034099727869,0.0001111111111111111,71.04615384615384,"[59.8%, 75.2%, 72.4%, 66.0%, 85.8%, 67.4%, 74.8%, 66.2%, 69.8%, 74.8%, 76.0%, 66.8%, 68.6%]",,,,
12,parallel,38,38,0.086521975,0.6458627417683601,0.78297134116292,0.0001111111111111111,71.06153846153845,"[59.8%, 75.2%, 72.4%, 66.0%, 85.8%, 67.4%, 74.8%, 66.2%, 69.8%, 74.8%, 76.0%, 66.8%, 68.8%]",,,,
12,parallel,39,39,0.08193160657894735,0.6464893192052841,0.8367746602743864,0.0001111111111111111,71.0153846153846,"[59.8%, 75.2%, 72.4%, 66.0%, 85.8%, 67.4%, 74.8%, 66.2%, 69.8%, 74.8%, 76.0%, 66.8%, 68.2%]",,,,
12,parallel,40,40,0.07762372236842106,0.9417245239019394,0.874392019584775,0.0001111111111111111,70.66153846153846,"[59.8%, 75.2%, 72.4%, 66.0%, 85.8%, 67.4%, 74.8%, 66.2%, 69.8%, 74.8%, 76.0%, 66.8%, 63.6%]",,,,
12,parallel,41,41,0.07359832236842107,0.7251021645963192,0.8094530515372753,0.0001111111111111111,70.89230769230768,"[59.8%, 75.2%, 72.4%, 66.0%, 85.8%, 67.4%, 74.8%, 66.2%, 69.8%, 74.8%, 76.0%, 66.8%, 66.6%]",,,,
12,parallel,42,42,0.06985540657894737,0.6571569178253412,0.7588954996317625,0.0001111111111111111,70.87692307692306,"[59.8%, 75.2%, 72.4%, 66.0%, 85.8%, 67.4%, 74.8%, 66.2%, 69.8%, 74.8%, 76.0%, 66.8%, 66.4%]",,,,
12,parallel,43,43,0.066394975,0.6264443755149841,0.7508216351270676,0.0001111111111111111,71.13846153846153,"[59.8%, 75.2%, 72.4%, 66.0%, 85.8%, 67.4%, 74.8%, 66.2%, 69.8%, 74.8%, 76.0%, 66.8%, 69.8%]",,,,
12,parallel,44,44,0.06321702763157895,0.6013083539903163,0.7398716183379292,0.0001111111111111111,71.03076923076922,"[59.8%, 75.2%, 72.4%, 66.0%, 85.8%, 67.4%, 74.8%, 66.2%, 69.8%, 74.8%, 76.0%, 66.8%, 68.4%]",,,,
12,parallel,45,45,0.06032156447368421,0.9785583049058915,1.0150591600686312,0.0001111111111111111,70.33846153846153,"[59.8%, 75.2%, 72.4%, 66.0%, 85.8%, 67.4%, 74.8%, 66.2%, 69.8%, 74.8%, 76.0%, 66.8%, 59.4%]",,,,
12,parallel,46,46,0.0577085855263158,0.853855374455452,0.7947462871670723,0.0001111111111111111,71.04615384615384,"[59.8%, 75.2%, 72.4%, 66.0%, 85.8%, 67.4%, 74.8%, 66.2%, 69.8%, 74.8%, 76.0%, 66.8%, 68.6%]",,,,
12,parallel,47,47,0.05537809078947369,0.7685481622815132,0.8001496270298958,0.0001111111111111111,70.93846153846154,"[59.8%, 75.2%, 72.4%, 66.0%, 85.8%, 67.4%, 74.8%, 66.2%, 69.8%, 74.8%, 76.0%, 66.8%, 67.2%]",,,,
12,parallel,48,48,0.0533300802631579,0.8242534890770912,0.7695672530680895,0.0001111111111111111,71.26153846153845,"[59.8%, 75.2%, 72.4%, 66.0%, 85.8%, 67.4%, 74.8%, 66.2%, 69.8%, 74.8%, 76.0%, 66.8%, 71.4%]",,,,
12,parallel,49,49,0.051564553947368426,0.7445167675614357,0.7566261608153582,0.0001111111111111111,71.24615384615385,"[59.8%, 75.2%, 72.4%, 66.0%, 85.8%, 67.4%, 74.8%, 66.2%, 69.8%, 74.8%, 76.0%, 66.8%, 71.2%]",,,,
12,parallel,50,50,0.05008151184210526,0.7301435604691505,0.7709579132497311,0.0001111111111111111,71.15384615384615,"[59.8%, 75.2%, 72.4%, 66.0%, 85.8%, 67.4%, 74.8%, 66.2%, 69.8%, 74.8%, 76.0%, 66.8%, 70.0%]",,,,
12,parallel,51,51,0.048880953947368425,0.67629174888134,0.7275402415543795,0.0001111111111111111,71.26153846153845,"[59.8%, 75.2%, 72.4%, 66.0%, 85.8%, 67.4%, 74.8%, 66.2%, 69.8%, 74.8%, 76.0%, 66.8%, 71.4%]",,,,
12,parallel,52,52,0.0479628802631579,0.6483731523156167,0.7243806179612875,0.0001111111111111111,71.29230769230767,"[59.8%, 75.2%, 72.4%, 66.0%, 85.8%, 67.4%, 74.8%, 66.2%, 69.8%, 74.8%, 76.0%, 66.8%, 71.8%]",,,,
12,parallel,53,53,0.04732729078947369,0.6451399855315685,0.7629247456789017,0.0001111111111111111,71.24615384615385,"[59.8%, 75.2%, 72.4%, 66.0%, 85.8%, 67.4%, 74.8%, 66.2%, 69.8%, 74.8%, 76.0%, 66.8%, 71.2%]",,,,
12,parallel,54,54,0.04697418552631579,0.6029883660376072,0.7135885916650295,0.0001111111111111111,71.27692307692307,"[59.8%, 75.2%, 72.4%, 66.0%, 85.8%, 67.4%, 74.8%, 66.2%, 69.8%, 74.8%, 76.0%, 66.8%, 71.6%]",,,,
12,parallel,55,55,0.04689473684210527,0.6099172241985797,0.7309123501181602,0.0001111111111111111,71.27692307692307,"[59.8%, 75.2%, 72.4%, 66.0%, 85.8%, 67.4%, 74.8%, 66.2%, 69.8%, 74.8%, 76.0%, 66.8%, 71.6%]",,,,
12,weights,1,56,0.04689473684210527,0.6011636450886726,0.6930745430290699,0.0001111111111111111,71.43076923076923,"[59.8%, 75.2%, 72.4%, 66.0%, 85.8%, 67.4%, 74.8%, 66.2%, 69.8%, 74.8%, 76.0%, 66.8%, 73.6%]",,,,
12,weights,2,57,0.04689473684210527,0.5761085778474808,0.7023347150534391,0.0001111111111111111,71.35384615384615,"[59.8%, 75.2%, 72.4%, 66.0%, 85.8%, 67.4%, 74.8%, 66.2%, 69.8%, 74.8%, 76.0%, 66.8%, 72.6%]",,,,
12,weights,3,58,0.04689473684210527,0.5704488970339299,0.7035951036959887,0.0001111111111111111,71.39999999999999,"[59.8%, 75.2%, 72.4%, 66.0%, 85.8%, 67.4%, 74.8%, 66.2%, 69.8%, 74.8%, 76.0%, 66.8%, 73.2%]",,,,
12,weights,4,59,0.04689473684210527,0.5484725661575794,0.6657527461647987,0.0001111111111111111,71.55384615384615,"[59.8%, 75.2%, 72.4%, 66.0%, 85.8%, 67.4%, 74.8%, 66.2%, 69.8%, 74.8%, 76.0%, 66.8%, 75.2%]",,,,
12,weights,5,60,0.04689473684210527,0.5514883272349834,0.6906222114339471,0.0001111111111111111,71.55384615384615,"[59.8%, 75.2%, 72.4%, 66.0%, 85.8%, 67.4%, 74.8%, 66.2%, 69.8%, 74.8%, 76.0%, 66.8%, 75.2%]",,,,
12,weights,6,61,0.04689473684210527,0.5419317878782749,0.6698301173746586,0.0001111111111111111,71.49230769230768,"[59.8%, 75.2%, 72.4%, 66.0%, 85.8%, 67.4%, 74.8%, 66.2%, 69.8%, 74.8%, 76.0%, 66.8%, 74.4%]",,,,
12,weights,7,62,0.04689473684210527,0.5225154977291823,0.6778652025386691,0.0001111111111111111,71.58461538461538,"[59.8%, 75.2%, 72.4%, 66.0%, 85.8%, 67.4%, 74.8%, 66.2%, 69.8%, 74.8%, 76.0%, 66.8%, 75.6%]",,,,
12,weights,8,63,0.04689473684210527,0.5280641548335552,0.6914919335395098,0.0001111111111111111,71.49230769230768,"[59.8%, 75.2%, 72.4%, 66.0%, 85.8%, 67.4%, 74.8%, 66.2%, 69.8%, 74.8%, 76.0%, 66.8%, 74.4%]",,,,
12,weights,9,64,0.04689473684210527,0.5202131271362305,0.6768045648932457,0.0001111111111111111,71.52307692307691,"[59.8%, 75.2%, 72.4%, 66.0%, 85.8%, 67.4%, 74.8%, 66.2%, 69.8%, 74.8%, 76.0%, 66.8%, 74.8%]",,,,
12,weights,10,65,0.04689473684210527,0.5204671613872052,0.663817741908133,0.0001111111111111111,71.66153846153846,"[59.8%, 75.2%, 72.4%, 66.0%, 85.8%, 67.4%, 74.8%, 66.2%, 69.8%, 74.8%, 76.0%, 66.8%, 76.6%]",,,,
12,weights,11,66,0.04689473684210527,0.5168109051883221,0.6201963014900684,0.0001111111111111111,71.6,"[59.8%, 75.2%, 72.4%, 66.0%, 85.8%, 67.4%, 74.8%, 66.2%, 69.8%, 74.8%, 76.0%, 66.8%, 75.8%]",,,,
12,weights,12,67,0.04689473684210527,0.5063219361007214,0.6318862419575453,0.0001111111111111111,71.63076923076923,"[59.8%, 75.2%, 72.4%, 66.0%, 85.8%, 67.4%, 74.8%, 66.2%, 69.8%, 74.8%, 76.0%, 66.8%, 76.2%]",,,,
12,weights,13,68,0.04689473684210527,0.4912870805710554,0.6641777930781245,0.0001111111111111111,71.66153846153846,"[59.8%, 75.2%, 72.4%, 66.0%, 85.8%, 67.4%, 74.8%, 66.2%, 69.8%, 74.8%, 76.0%, 66.8%, 76.6%]",,,,
12,weights,14,69,0.04689473684210527,0.47208971381187437,0.6657981891185045,0.0001111111111111111,71.63076923076923,"[59.8%, 75.2%, 72.4%, 66.0%, 85.8%, 67.4%, 74.8%, 66.2%, 69.8%, 74.8%, 76.0%, 66.8%, 76.2%]",,,,
12,weights,15,70,0.04689473684210527,0.48090720027685163,0.6260304823517799,0.0001111111111111111,71.67692307692306,"[59.8%, 75.2%, 72.4%, 66.0%, 85.8%, 67.4%, 74.8%, 66.2%, 69.8%, 74.8%, 76.0%, 66.8%, 76.8%]",,,,
12,weights,16,71,0.04689473684210527,0.4626715652644634,0.6450192462652922,0.0001111111111111111,71.66153846153846,"[59.8%, 75.2%, 72.4%, 66.0%, 85.8%, 67.4%, 74.8%, 66.2%, 69.8%, 74.8%, 76.0%, 66.8%, 76.6%]",,,,
12,weights,17,72,0.04689473684210527,0.46071202754974366,0.6928707491606474,0.0001111111111111111,71.47692307692307,"[59.8%, 75.2%, 72.4%, 66.0%, 85.8%, 67.4%, 74.8%, 66.2%, 69.8%, 74.8%, 76.0%, 66.8%, 74.2%]",,,,
12,weights,18,73,0.04689473684210527,0.4753101788461208,0.6323471963405609,0.0001111111111111111,71.58461538461538,"[59.8%, 75.2%, 72.4%, 66.0%, 85.8%, 67.4%, 74.8%, 66.2%, 69.8%, 74.8%, 76.0%, 66.8%, 75.6%]",,,,
12,weights,19,74,0.04689473684210527,0.4890510134398937,0.6245457362383604,0.0001111111111111111,71.63076923076923,"[59.8%, 75.2%, 72.4%, 66.0%, 85.8%, 67.4%, 74.8%, 66.2%, 69.8%, 74.8%, 76.0%, 66.8%, 76.2%]",,,,
12,weights,20,75,0.04689473684210527,0.47657456528395414,0.684347540140152,0.0001111111111111111,71.56923076923076,"[59.8%, 75.2%, 72.4%, 66.0%, 85.8%, 67.4%, 74.8%, 66.2%, 69.8%, 74.8%, 76.0%, 66.8%, 75.4%]",,,,
12,weights,21,76,0.04689473684210527,0.47330255135893823,0.6358674373477697,0.0001111111111111111,71.69230769230768,"[59.8%, 75.2%, 72.4%, 66.0%, 85.8%, 67.4%, 74.8%, 66.2%, 69.8%, 74.8%, 76.0%, 66.8%, 77.0%]",,,,
12,weights,22,77,0.04689473684210527,0.49521473199129107,0.6374453632161021,0.0001111111111111111,71.61538461538461,"[59.8%, 75.2%, 72.4%, 66.0%, 85.8%, 67.4%, 74.8%, 66.2%, 69.8%, 74.8%, 76.0%, 66.8%, 76.0%]",,,,
12,weights,23,78,0.04689473684210527,0.46127993389964106,0.6570233223028481,0.0001111111111111111,71.66153846153846,"[59.8%, 75.2%, 72.4%, 66.0%, 85.8%, 67.4%, 74.8%, 66.2%, 69.8%, 74.8%, 76.0%, 66.8%, 76.6%]",,,,
12,weights,24,79,0.04689473684210527,0.4685502517968416,0.6356969978660345,0.0001111111111111111,71.69230769230768,"[59.8%, 75.2%, 72.4%, 66.0%, 85.8%, 67.4%, 74.8%, 66.2%, 69.8%, 74.8%, 76.0%, 66.8%, 77.0%]",,,,
12,weights,25,80,0.04689473684210527,0.4276671357452869,0.5985813243314624,0.0001111111111111111,71.78461538461538,"[59.8%, 75.2%, 72.4%, 66.0%, 85.8%, 67.4%, 74.8%, 66.2%, 69.8%, 74.8%, 76.0%, 66.8%, 78.2%]",44.73846153846154,"[0.0%, 58.8%, 57.6%, 10.4%, 85.8%, 35.4%, 74.8%, 33.6%, 30.2%, 47.0%, 41.6%, 28.2%, 78.2%]",47.70769230769231,"[46.0%, 58.8%, 47.4%, 27.2%, 64.4%, 35.4%, 74.8%, 57.6%, 61.2%, 29.4%, 36.8%, 26.6%, 54.6%]"
13,parallel,1,1,0.35,17.046149063110352,9.675736665725708,0.0001111111111111111,66.65714285714286,"[59.8%, 75.2%, 72.2%, 66.0%, 85.8%, 67.6%, 74.8%, 66.6%, 70.0%, 74.8%, 75.6%, 66.6%, 78.2%, 0.0%]",,,,
13,parallel,2,2,0.35,7.493584263324737,5.562394142150879,0.0001111111111111111,66.65714285714286,"[59.8%, 75.0%, 72.2%, 66.0%, 85.8%, 67.4%, 74.8%, 66.8%, 70.2%, 74.8%, 75.4%, 66.8%, 78.2%, 0.0%]",,,,
13,parallel,3,3,0.35,4.107011479139328,2.769892454147339,0.0001111111111111111,66.67142857142859,"[59.8%, 75.0%, 72.2%, 66.0%, 85.8%, 67.4%, 75.0%, 66.6%, 70.4%, 74.6%, 75.2%, 67.2%, 78.2%, 0.0%]",,,,
13,parallel,4,4,0.35,2.18535837829113,1.8381142765283585,0.0001111111111111111,68.12857142857145,"[59.8%, 75.0%, 72.4%, 66.0%, 85.8%, 67.4%, 75.0%, 66.6%, 70.4%, 74.6%, 75.2%, 67.4%, 78.2%, 20.0%]",,,,
13,parallel,5,5,0.34696613,1.808046892285347,1.7416649758815765,0.0001111111111111111,68.14285714285715,"[59.8%, 75.0%, 72.4%, 66.0%, 85.8%, 67.4%, 75.0%, 66.6%, 70.4%, 74.8%, 75.2%, 67.4%, 78.2%, 20.0%]",,,,
13,parallel,6,6,0.3349827236842105,1.9154335677623748,1.7821312844753265,0.0001111111111111111,68.15714285714286,"[59.8%, 75.0%, 72.6%, 66.0%, 85.8%, 67.4%, 75.0%, 66.6%, 70.4%, 74.8%, 75.2%, 67.4%, 78.2%, 20.0%]",,,,
13,parallel,7,7,0.3232426352631579,1.805031567811966,1.7021660506725311,0.0001111111111111111,68.15714285714286,"[59.8%, 75.0%, 72.6%, 66.0%, 85.8%, 67.4%, 75.0%, 66.6%, 70.4%, 74.8%, 75.2%, 67.4%, 78.2%, 20.0%]",,,,
13,parallel,8,8,0.3117458647368421,1.6828109174966812,1.6614913195371628,0.0001111111111111111,68.15714285714286,"[59.8%, 75.0%, 72.6%, 66.0%, 85.8%, 67.4%, 75.0%, 66.6%, 70.4%, 74.8%, 75.2%, 67.4%, 78.2%, 20.0%]",,,,
13,parallel,9,9,0.3004924121052632,1.7111856132745742,1.6802831292152405,0.0001111111111111111,68.15714285714286,"[59.8%, 75.0%, 72.6%, 66.0%, 85.8%, 67.4%, 75.0%, 66.6%, 70.4%, 74.8%, 75.2%, 67.4%, 78.2%, 20.0%]",,,,
13,parallel,10,10,0.289482277368421,1.6673981577157975,1.6486314982175827,0.0001111111111111111,68.15714285714286,"[59.8%, 75.0%, 72.6%, 66.0%, 85.8%, 67.4%, 75.0%, 66.6%, 70.4%, 74.8%, 75.2%, 67.4%, 78.2%, 20.0%]",,,,
13,parallel,11,11,0.2787154605263158,1.6472685575485229,1.6331336051225662,0.0001111111111111111,68.15714285714286,"[59.8%, 75.0%, 72.6%, 66.0%, 85.8%, 67.4%, 75.0%, 66.6%, 70.4%, 74.8%, 75.2%, 67.4%, 78.2%, 20.0%]",,,,
13,parallel,12,12,0.2681919615789473,1.6007542312145233,1.4777241796255112,0.0001111111111111111,69.55714285714286,"[59.8%, 75.0%, 72.6%, 66.0%, 85.8%, 67.4%, 75.0%, 66.6%, 70.4%, 74.8%, 75.2%, 67.4%, 78.2%, 39.6%]",,,,
13,parallel,13,13,0.2579117805263158,1.434863120317459,1.3335867524147034,0.0001111111111111111,69.78571428571429,"[59.8%, 75.0%, 72.6%, 66.0%, 85.8%, 67.4%, 75.0%, 66.6%, 70.4%, 74.8%, 75.2%, 67.4%, 78.2%, 42.8%]",,,,
13,parallel,14,14,0.24787491736842102,1.263751071691513,1.2002442814409733,0.0001111111111111111,70.44285714285715,"[59.8%, 75.0%, 72.6%, 66.0%, 85.8%, 67.4%, 75.0%, 66.6%, 70.4%, 74.8%, 75.2%, 67.4%, 78.2%, 52.0%]",,,,
13,parallel,15,15,0.23808137210526317,1.1248255029320717,1.007537204772234,0.0001111111111111111,71.0,"[59.8%, 75.0%, 72.6%, 66.0%, 85.8%, 67.4%, 75.0%, 66.6%, 70.4%, 74.8%, 75.2%, 67.4%, 78.2%, 59.8%]",,,,
13,parallel,16,16,0.2285311447368421,0.9433663107454777,0.954954981803894,0.0001111111111111111,71.12857142857143,"[59.8%, 75.0%, 72.6%, 66.0%, 85.8%, 67.4%, 75.0%, 66.6%, 70.4%, 74.8%, 75.2%, 67.4%, 78.2%, 61.6%]",,,,
13,parallel,17,17,0.21922423526315787,0.8689561113715172,0.9593918733298779,0.0001111111111111111,71.01428571428572,"[59.8%, 75.0%, 72.6%, 66.0%, 85.8%, 67.4%, 75.0%, 66.6%, 70.4%, 74.8%, 75.2%, 67.4%, 78.2%, 60.0%]",,,,
13,parallel,18,18,0.2101606436842105,0.8629786282777786,0.9056340381503105,0.0001111111111111111,71.22857142857143,"[59.8%, 75.0%, 72.6%, 66.0%, 85.8%, 67.4%, 75.0%, 66.6%, 70.4%, 74.8%, 75.2%, 67.4%, 78.2%, 63.0%]",,,,
13,parallel,19,19,0.20134037000000005,0.8336121521890163,0.854674831032753,0.0001111111111111111,71.38571428571429,"[59.8%, 75.0%, 72.6%, 66.0%, 85.8%, 67.4%, 75.0%, 66.6%, 70.4%, 74.8%, 75.2%, 67.4%, 78.2%, 65.2%]",,,,
13,parallel,20,20,0.19276341421052634,0.8084486976265908,0.8013425134122372,0.0001111111111111111,71.45714285714287,"[59.8%, 75.0%, 72.6%, 66.0%, 85.8%, 67.4%, 75.0%, 66.6%, 70.4%, 74.8%, 75.2%, 67.4%, 78.2%, 66.2%]",,,,
13,parallel,21,21,0.18442977631578947,0.8204244837164879,0.8188120722770691,0.0001111111111111111,71.62857142857143,"[59.8%, 75.0%, 72.6%, 66.0%, 85.8%, 67.4%, 75.0%, 66.6%, 70.4%, 74.8%, 75.2%, 67.4%, 78.2%, 68.6%]",,,,
13,parallel,22,22,0.17633945631578948,0.8465048938989639,0.7770764566957951,0.0001111111111111111,71.64285714285714,"[59.8%, 75.0%, 72.6%, 66.0%, 85.8%, 67.4%, 75.0%, 66.6%, 70.4%, 74.8%, 75.2%, 67.4%, 78.2%, 68.8%]",,,,
13,parallel,23,23,0.1684924542105263,0.758655133843422,0.8408030644059181,0.0001111111111111111,71.5,"[59.8%, 75.0%, 72.6%, 66.0%, 85.8%, 67.4%, 75.0%, 66.6%, 70.4%, 74.8%, 75.2%, 67.4%, 78.2%, 66.8%]",,,,
13,parallel,24,24,0.16088877,0.759071695804596,0.7858222126960754,0.0001111111111111111,71.7,"[59.8%, 75.0%, 72.6%, 66.0%, 85.8%, 67.4%, 75.0%, 66.6%, 70.4%, 74.8%, 75.2%, 67.4%, 78.2%, 69.6%]",,,,
13,parallel,25,25,0.1535284036842105,0.8448235347867012,0.8432167582213879,0.0001111111111111111,71.5,"[59.8%, 75.0%, 72.6%, 66.0%, 85.8%, 67.4%, 75.0%, 66.6%, 70.4%, 74.8%, 75.2%, 67.4%, 78.2%, 66.8%]",,,,
13,parallel,26,26,0.14641135526315785,0.7824593409895897,0.7959242798388004,0.0001111111111111111,71.51428571428572,"[59.8%, 75.0%, 72.6%, 66.0%, 85.8%, 67.4%, 75.0%, 66.6%, 70.4%, 74.8%, 75.2%, 67.4%, 78.2%, 67.0%]",,,,
13,parallel,27,27,0.13953762473684206,0.7858159452676773,0.8108689114451408,0.0001111111111111111,71.65714285714286,"[59.8%, 75.0%, 72.6%, 66.0%, 85.8%, 67.4%, 75.0%, 66.6%, 70.4%, 74.8%, 75.2%, 67.4%, 78.2%, 69.0%]",,,,
13,parallel,28,28,0.13290721210526313,0.7487560406327247,0.8414747938513756,0.0001111111111111111,71.44285714285715,"[59.8%, 75.0%, 72.6%, 66.0%, 85.8%, 67.4%, 75.0%, 66.6%, 70.4%, 74.8%, 75.2%, 67.4%, 78.2%, 66.0%]",,,,
13,parallel,29,29,0.12652011736842106,0.7738438442349433,0.8437261506915092,0.0001111111111111111,71.27142857142857,"[59.8%, 75.0%, 72.6%, 66.0%, 85.8%, 67.4%, 75.0%, 66.6%, 70.4%, 74.8%, 75.2%, 67.4%, 78.2%, 63.6%]",,,,
13,parallel,30,30,0.12037634052631578,0.9851141482591629,0.8532339408993721,0.0001111111111111111,71.58571428571429,"[59.8%, 75.0%, 72.6%, 66.0%, 85.8%, 67.4%, 75.0%, 66.6%, 70.4%, 74.8%, 75.2%, 67.4%, 78.2%, 68.0%]",,,,
13,parallel,31,31,0.11447588157894736,0.9126512631773949,0.872105997055769,0.0001111111111111111,71.47142857142858,"[59.8%, 75.0%, 72.6%, 66.0%, 85.8%, 67.4%, 75.0%, 66.6%, 70.4%, 74.8%, 75.2%, 67.4%, 78.2%, 66.4%]",,,,
13,parallel,32,32,0.10881874052631577,0.9891934335231781,0.9558922052383423,0.0001111111111111111,71.12857142857143,"[59.8%, 75.0%, 72.6%, 66.0%, 85.8%, 67.4%, 75.0%, 66.6%, 70.4%, 74.8%, 75.2%, 67.4%, 78.2%, 61.6%]",,,,
13,parallel,33,33,0.10340491736842106,0.9018196225166321,0.9243138507008553,0.0001111111111111111,71.27142857142857,"[59.8%, 75.0%, 72.6%, 66.0%, 85.8%, 67.4%, 75.0%, 66.6%, 70.4%, 74.8%, 75.2%, 67.4%, 78.2%, 63.6%]",,,,
13,parallel,34,34,0.09823441210526315,0.9099062353372573,0.8425354994833469,0.0001111111111111111,71.42857142857143,"[59.8%, 75.0%, 72.6%, 66.0%, 85.8%, 67.4%, 75.0%, 66.6%, 70.4%, 74.8%, 75.2%, 67.4%, 78.2%, 65.8%]",,,,
13,parallel,35,35,0.09330722473684211,1.0021799270063638,0.9588925838470459,0.0001111111111111111,71.02857142857144,"[59.8%, 75.0%, 72.6%, 66.0%, 85.8%, 67.4%, 75.0%, 66.6%, 70.4%, 74.8%, 75.2%, 67.4%, 78.2%, 60.2%]",,,,
13,parallel,36,36,0.0886233552631579,0.8819419056177139,0.8648547194898129,0.0001111111111111111,71.58571428571429,"[59.8%, 75.0%, 72.6%, 66.0%, 85.8%, 67.4%, 75.0%, 66.6%, 70.4%, 74.8%, 75.2%, 67.4%, 78.2%, 68.0%]",,,,
13,parallel,37,37,0.08418280368421052,0.8878456771373748,0.9198306761682034,0.0001111111111111111,71.24285714285715,"[59.8%, 75.0%, 72.6%, 66.0%, 85.8%, 67.4%, 75.0%, 66.6%, 70.4%, 74.8%, 75.2%, 67.4%, 78.2%, 63.2%]",,,,
13,parallel,38,38,0.07998556999999999,0.8991811275482178,0.8867080770432949,0.0001111111111111111,71.44285714285715,"[59.8%, 75.0%, 72.6%, 66.0%, 85.8%, 67.4%, 75.0%, 66.6%, 70.4%, 74.8%, 75.2%, 67.4%, 78.2%, 66.0%]",,,,
13,parallel,39,39,0.0760316542105263,1.0701637983322143,1.0407176688313484,0.0001111111111111111,70.9,"[59.8%, 75.0%, 72.6%, 66.0%, 85.8%, 67.4%, 75.0%, 66.6%, 70.4%, 74.8%, 75.2%, 67.4%, 78.2%, 58.4%]",,,,
13,parallel,40,40,0.07232105631578947,0.914810174703598,0.9455610513687134,0.0001111111111111111,71.22857142857143,"[59.8%, 75.0%, 72.6%, 66.0%, 85.8%, 67.4%, 75.0%, 66.6%, 70.4%, 74.8%, 75.2%, 67.4%, 78.2%, 63.0%]",,,,
13,parallel,41,41,0.06885377631578947,0.9075476318597794,0.9246477447450161,0.0001111111111111111,71.22857142857143,"[59.8%, 75.0%, 72.6%, 66.0%, 85.8%, 67.4%, 75.0%, 66.6%, 70.4%, 74.8%, 75.2%, 67.4%, 78.2%, 63.0%]",,,,
13,parallel,42,42,0.06562981421052631,0.8885097220540047,0.8932810947299004,0.0001111111111111111,71.47142857142858,"[59.8%, 75.0%, 72.6%, 66.0%, 85.8%, 67.4%, 75.0%, 66.6%, 70.4%, 74.8%, 75.2%, 67.4%, 78.2%, 66.4%]",,,,
13,parallel,43,43,0.06264917,0.8779003411531449,0.8649740777909756,0.0001111111111111111,71.64285714285714,"[59.8%, 75.0%, 72.6%, 66.0%, 85.8%, 67.4%, 75.0%, 66.6%, 70.4%, 74.8%, 75.2%, 67.4%, 78.2%, 68.8%]",,,,
13,parallel,44,44,0.05991184368421052,1.3328296393156052,1.1186375096440315,0.0001111111111111111,70.54285714285714,"[59.8%, 75.0%, 72.6%, 66.0%, 85.8%, 67.4%, 75.0%, 66.6%, 70.4%, 74.8%, 75.2%, 67.4%, 78.2%, 53.4%]",,,,
13,parallel,45,45,0.057417835263157885,1.0850546836853028,1.0170577988028526,0.0001111111111111111,70.94285714285715,"[59.8%, 75.0%, 72.6%, 66.0%, 85.8%, 67.4%, 75.0%, 66.6%, 70.4%, 74.8%, 75.2%, 67.4%, 78.2%, 59.0%]",,,,
13,parallel,46,46,0.05516714473684211,1.0459823310375214,0.989652007818222,0.0001111111111111111,71.24285714285715,"[59.8%, 75.0%, 72.6%, 66.0%, 85.8%, 67.4%, 75.0%, 66.6%, 70.4%, 74.8%, 75.2%, 67.4%, 78.2%, 63.2%]",,,,
13,parallel,47,47,0.05315977210526316,1.0918165549635888,1.0362417623400688,0.0001111111111111111,70.94285714285715,"[59.8%, 75.0%, 72.6%, 66.0%, 85.8%, 67.4%, 75.0%, 66.6%, 70.4%, 74.8%, 75.2%, 67.4%, 78.2%, 59.0%]",,,,
13,parallel,48,48,0.05139571736842105,0.9616000935435295,0.9541734755039215,0.0001111111111111111,71.3,"[59.8%, 75.0%, 72.6%, 66.0%, 85.8%, 67.4%, 75.0%, 66.6%, 70.4%, 74.8%, 75.2%, 67.4%, 78.2%, 64.0%]",,,,
13,parallel,49,49,0.04987498052631579,0.9560712188482284,0.9592010080814362,0.0001111111111111111,71.18571428571428,"[59.8%, 75.0%, 72.6%, 66.0%, 85.8%, 67.4%, 75.0%, 66.6%, 70.4%, 74.8%, 75.2%, 67.4%, 78.2%, 62.4%]",,,,
13,parallel,50,50,0.04859756157894737,0.9332020655274391,0.9445343911647797,0.0001111111111111111,71.15714285714286,"[59.8%, 75.0%, 72.6%, 66.0%, 85.8%, 67.4%, 75.0%, 66.6%, 70.4%, 74.8%, 75.2%, 67.4%, 78.2%, 62.0%]",,,,
13,parallel,51,51,0.047563460526315784,0.8870789602398872,0.8943475410342216,0.0001111111111111111,71.45714285714287,"[59.8%, 75.0%, 72.6%, 66.0%, 85.8%, 67.4%, 75.0%, 66.6%, 70.4%, 74.8%, 75.2%, 67.4%, 78.2%, 66.2%]",,,,
13,parallel,52,52,0.046772677368421056,1.1643628656864167,1.1565534323453903,0.0001111111111111111,70.4857142857143,"[59.8%, 75.0%, 72.6%, 66.0%, 85.8%, 67.4%, 75.0%, 66.6%, 70.4%, 74.8%, 75.2%, 67.4%, 78.2%, 52.6%]",,,,
13,parallel,53,53,0.046225212105263154,1.0574772000312804,1.0593082010746002,0.0001111111111111111,70.82857142857144,"[59.8%, 75.0%, 72.6%, 66.0%, 85.8%, 67.4%, 75.0%, 66.6%, 70.4%, 74.8%, 75.2%, 67.4%, 78.2%, 57.4%]",,,,
13,parallel,54,54,0.045921064736842106,0.980674347281456,0.9796826541423798,0.0001111111111111111,71.01428571428572,"[59.8%, 75.0%, 72.6%, 66.0%, 85.8%, 67.4%, 75.0%, 66.6%, 70.4%, 74.8%, 75.2%, 67.4%, 78.2%, 60.0%]",,,,
13,parallel,55,55,0.04585263157894737,0.9721898972988129,0.9727384746074677,0.0001111111111111111,70.94285714285715,"[59.8%, 75.0%, 72.6%, 66.0%, 85.8%, 67.4%, 75.0%, 66.6%, 70.4%, 74.8%, 75.2%, 67.4%, 78.2%, 59.0%]",,,,
13,weights,1,56,0.04585263157894737,0.9529836356639863,0.9556517452001572,0.0001111111111111111,71.2,"[59.8%, 75.0%, 72.6%, 66.0%, 85.8%, 67.4%, 75.0%, 66.6%, 70.4%, 74.8%, 75.2%, 67.4%, 78.2%, 62.6%]",,,,
13,weights,2,57,0.04585263157894737,0.9173713117837906,0.946283183991909,0.0001111111111111111,71.12857142857143,"[59.8%, 75.0%, 72.6%, 66.0%, 85.8%, 67.4%, 75.0%, 66.6%, 70.4%, 74.8%, 75.2%, 67.4%, 78.2%, 61.6%]",,,,
13,weights,3,58,0.04585263157894737,0.8726487249135971,0.9231304228305817,0.0001111111111111111,71.32857142857144,"[59.8%, 75.0%, 72.6%, 66.0%, 85.8%, 67.4%, 75.0%, 66.6%, 70.4%, 74.8%, 75.2%, 67.4%, 78.2%, 64.4%]",,,,
13,weights,4,59,0.04585263157894737,0.8825047194957734,0.9181763082742691,0.0001111111111111111,71.11428571428571,"[59.8%, 75.0%, 72.6%, 66.0%, 85.8%, 67.4%, 75.0%, 66.6%, 70.4%, 74.8%, 75.2%, 67.4%, 78.2%, 61.4%]",,,,
13,weights,5,60,0.04585263157894737,0.8356180541217327,0.9233850352466106,0.0001111111111111111,71.31428571428572,"[59.8%, 75.0%, 72.6%, 66.0%, 85.8%, 67.4%, 75.0%, 66.6%, 70.4%, 74.8%, 75.2%, 67.4%, 78.2%, 64.2%]",,,,
13,weights,6,61,0.04585263157894737,0.8736161455512047,0.921874038875103,0.0001111111111111111,71.04285714285714,"[59.8%, 75.0%, 72.6%, 66.0%, 85.8%, 67.4%, 75.0%, 66.6%, 70.4%, 74.8%, 75.2%, 67.4%, 78.2%, 60.4%]",,,,
13,weights,7,62,0.04585263157894737,0.8252173859626055,0.9054384268820286,0.0001111111111111111,71.3,"[59.8%, 75.0%, 72.6%, 66.0%, 85.8%, 67.4%, 75.0%, 66.6%, 70.4%, 74.8%, 75.2%, 67.4%, 78.2%, 64.0%]",,,,
13,weights,8,63,0.04585263157894737,0.8236753687262535,0.8960882797837257,0.0001111111111111111,71.18571428571428,"[59.8%, 75.0%, 72.6%, 66.0%, 85.8%, 67.4%, 75.0%, 66.6%, 70.4%, 74.8%, 75.2%, 67.4%, 78.2%, 62.4%]",,,,
13,weights,9,64,0.04585263157894737,0.8134311974048615,0.8345979005098343,0.0001111111111111111,71.5,"[59.8%, 75.0%, 72.6%, 66.0%, 85.8%, 67.4%, 75.0%, 66.6%, 70.4%, 74.8%, 75.2%, 67.4%, 78.2%, 66.8%]",,,,
13,weights,10,65,0.04585263157894737,0.8135917454957962,0.8724647536873817,0.0001111111111111111,71.35714285714286,"[59.8%, 75.0%, 72.6%, 66.0%, 85.8%, 67.4%, 75.0%, 66.6%, 70.4%, 74.8%, 75.2%, 67.4%, 78.2%, 64.8%]",,,,
13,weights,11,66,0.04585263157894737,0.7851947039365769,0.8795349784195423,0.0001111111111111111,71.34285714285714,"[59.8%, 75.0%, 72.6%, 66.0%, 85.8%, 67.4%, 75.0%, 66.6%, 70.4%, 74.8%, 75.2%, 67.4%, 78.2%, 64.6%]",,,,
13,weights,12,67,0.04585263157894737,0.8351716548204422,0.8301393464207649,0.0001111111111111111,71.45714285714287,"[59.8%, 75.0%, 72.6%, 66.0%, 85.8%, 67.4%, 75.0%, 66.6%, 70.4%, 74.8%, 75.2%, 67.4%, 78.2%, 66.2%]",,,,
13,weights,13,68,0.04585263157894737,0.8100328400731087,0.8433000557124615,0.0001111111111111111,71.42857142857143,"[59.8%, 75.0%, 72.6%, 66.0%, 85.8%, 67.4%, 75.0%, 66.6%, 70.4%, 74.8%, 75.2%, 67.4%, 78.2%, 65.8%]",,,,
13,weights,14,69,0.04585263157894737,0.7745147302746773,0.8163858763873577,0.0001111111111111111,71.52857142857144,"[59.8%, 75.0%, 72.6%, 66.0%, 85.8%, 67.4%, 75.0%, 66.6%, 70.4%, 74.8%, 75.2%, 67.4%, 78.2%, 67.2%]",,,,
13,weights,15,70,0.04585263157894737,0.8233920559287071,0.8200801201164722,0.0001111111111111111,71.41428571428573,"[59.8%, 75.0%, 72.6%, 66.0%, 85.8%, 67.4%, 75.0%, 66.6%, 70.4%, 74.8%, 75.2%, 67.4%, 78.2%, 65.6%]",,,,
13,weights,16,71,0.04585263157894737,0.767672173678875,0.8488147109746933,0.0001111111111111111,71.4857142857143,"[59.8%, 75.0%, 72.6%, 66.0%, 85.8%, 67.4%, 75.0%, 66.6%, 70.4%, 74.8%, 75.2%, 67.4%, 78.2%, 66.6%]",,,,
13,weights,17,72,0.04585263157894737,0.7715256355702877,0.8207498602569103,0.0001111111111111111,71.5,"[59.8%, 75.0%, 72.6%, 66.0%, 85.8%, 67.4%, 75.0%, 66.6%, 70.4%, 74.8%, 75.2%, 67.4%, 78.2%, 66.8%]",,,,
13,weights,18,73,0.04585263157894737,0.76684979647398,0.8430812060832977,0.0001111111111111111,71.47142857142858,"[59.8%, 75.0%, 72.6%, 66.0%, 85.8%, 67.4%, 75.0%, 66.6%, 70.4%, 74.8%, 75.2%, 67.4%, 78.2%, 66.4%]",,,,
13,weights,19,74,0.04585263157894737,0.7503325685858726,0.8352783843874931,0.0001111111111111111,71.4,"[59.8%, 75.0%, 72.6%, 66.0%, 85.8%, 67.4%, 75.0%, 66.6%, 70.4%, 74.8%, 75.2%, 67.4%, 78.2%, 65.4%]",,,,
13,weights,20,75,0.04585263157894737,0.7479082673788071,0.8209170624613762,0.0001111111111111111,71.47142857142858,"[59.8%, 75.0%, 72.6%, 66.0%, 85.8%, 67.4%, 75.0%, 66.6%, 70.4%, 74.8%, 75.2%, 67.4%, 78.2%, 66.4%]",,,,
13,weights,21,76,0.04585263157894737,0.7522608160972595,0.8100804165005684,0.0001111111111111111,71.57142857142857,"[59.8%, 75.0%, 72.6%, 66.0%, 85.8%, 67.4%, 75.0%, 66.6%, 70.4%, 74.8%, 75.2%, 67.4%, 78.2%, 67.8%]",,,,
13,weights,22,77,0.04585263157894737,0.7682717949151993,0.7877827063202858,0.0001111111111111111,71.64285714285714,"[59.8%, 75.0%, 72.6%, 66.0%, 85.8%, 67.4%, 75.0%, 66.6%, 70.4%, 74.8%, 75.2%, 67.4%, 78.2%, 68.8%]",,,,
13,weights,23,78,0.04585263157894737,0.7406715482473374,0.8180900253355503,0.0001111111111111111,71.4,"[59.8%, 75.0%, 72.6%, 66.0%, 85.8%, 67.4%, 75.0%, 66.6%, 70.4%, 74.8%, 75.2%, 67.4%, 78.2%, 65.4%]",,,,
13,weights,24,79,0.04585263157894737,0.7324772223830223,0.791665930300951,0.0001111111111111111,71.5,"[59.8%, 75.0%, 72.6%, 66.0%, 85.8%, 67.4%, 75.0%, 66.6%, 70.4%, 74.8%, 75.2%, 67.4%, 78.2%, 66.8%]",,,,
13,weights,25,80,0.04585263157894737,0.7400197461247444,0.7939299456775188,0.0001111111111111111,71.61428571428571,"[59.8%, 75.0%, 72.6%, 66.0%, 85.8%, 67.4%, 75.0%, 66.6%, 70.4%, 74.8%, 75.2%, 67.4%, 78.2%, 68.4%]",45.81428571428573,"[0.0%, 58.8%, 57.6%, 10.4%, 85.8%, 35.6%, 75.0%, 33.6%, 30.8%, 55.8%, 60.2%, 28.4%, 78.2%, 31.2%]",48.47142857142858,"[46.0%, 58.8%, 47.0%, 27.2%, 74.8%, 44.0%, 75.0%, 34.0%, 61.8%, 38.8%, 36.8%, 34.2%, 54.6%, 45.6%]"
14,parallel,1,1,0.3,18.21000943183899,11.553100228309631,0.0001111111111111111,66.8,"[59.8%, 75.0%, 72.6%, 66.0%, 85.8%, 67.2%, 75.0%, 66.2%, 70.4%, 74.6%, 75.2%, 67.4%, 78.4%, 68.4%, 0.0%]",,,,
14,parallel,2,2,0.3,9.001991629600525,6.845980584621429,0.0001111111111111111,66.82666666666667,"[59.6%, 75.0%, 72.2%, 66.0%, 85.8%, 67.4%, 75.2%, 66.6%, 70.4%, 74.6%, 75.2%, 67.6%, 78.4%, 68.4%, 0.0%]",,,,
14,parallel,3,3,0.3,5.149468463659287,3.5383008122444153,0.0001111111111111111,66.81333333333333,"[59.4%, 75.0%, 72.2%, 66.0%, 85.8%, 67.4%, 75.2%, 66.8%, 70.4%, 74.6%, 75.2%, 67.4%, 78.4%, 68.4%, 0.0%]",,,,
14,parallel,4,4,0.3,2.575549215078354,1.9593455642461777,0.0001111111111111111,68.17333333333333,"[59.6%, 75.0%, 72.0%, 66.0%, 85.8%, 67.8%, 75.2%, 66.6%, 70.4%, 74.6%, 75.2%, 67.4%, 78.4%, 68.6%, 20.0%]",,,,
14,parallel,5,5,0.297454485,1.8479520410299302,1.7524831891059875,0.0001111111111111111,68.18666666666667,"[59.6%, 75.0%, 72.0%, 66.0%, 85.8%, 67.8%, 75.2%, 66.6%, 70.4%, 74.6%, 75.2%, 67.4%, 78.6%, 68.6%, 20.0%]",,,,
14,parallel,6,6,0.2874000197368421,1.9347164034843445,1.769447609782219,0.0001111111111111111,68.17333333333333,"[59.2%, 75.0%, 72.0%, 66.0%, 85.8%, 67.8%, 75.2%, 66.4%, 70.4%, 74.8%, 75.2%, 67.6%, 78.6%, 68.6%, 20.0%]",,,,
14,parallel,7,7,0.2775497060526316,1.7980988830327989,1.714063748717308,0.0001111111111111111,68.17333333333333,"[59.2%, 75.0%, 72.0%, 66.0%, 85.8%, 67.8%, 75.2%, 66.4%, 70.4%, 74.8%, 75.2%, 67.6%, 78.6%, 68.6%, 20.0%]",,,,
14,parallel,8,8,0.2679035439473685,1.7345210701227187,1.6984077095985413,0.0001111111111111111,68.17333333333333,"[59.2%, 75.0%, 72.0%, 66.0%, 85.8%, 67.8%, 75.2%, 66.4%, 70.4%, 74.8%, 75.2%, 67.6%, 78.6%, 68.6%, 20.0%]",,,,
14,parallel,9,9,0.25846153342105266,1.6980227321386336,1.671133279800415,0.0001111111111111111,68.22666666666666,"[59.2%, 75.0%, 72.0%, 66.0%, 85.8%, 67.8%, 75.2%, 66.4%, 70.4%, 74.8%, 75.2%, 67.6%, 78.6%, 68.6%, 20.8%]",,,,
14,parallel,10,10,0.2492236744736842,1.6828188866376876,1.6562130451202393,0.0001111111111111111,68.17333333333333,"[59.2%, 75.0%, 72.0%, 66.0%, 85.8%, 67.8%, 75.2%, 66.4%, 70.4%, 74.8%, 75.2%, 67.6%, 78.6%, 68.6%, 20.0%]",,,,
14,parallel,11,11,0.24018996710526314,1.6722660154104232,1.6551320850849152,0.0001111111111111111,68.17333333333333,"[59.2%, 75.0%, 72.0%, 66.0%, 85.8%, 67.8%, 75.2%, 66.4%, 70.4%, 74.8%, 75.2%, 67.6%, 78.6%, 68.6%, 20.0%]",,,,
14,parallel,12,12,0.23136041131578944,1.685406920313835,1.5340996831655502,0.0001111111111111111,69.50666666666666,"[59.2%, 75.0%, 72.0%, 66.0%, 85.8%, 67.8%, 75.2%, 66.4%, 70.4%, 74.8%, 75.2%, 67.6%, 78.6%, 68.6%, 40.0%]",,,,
14,parallel,13,13,0.22273500710526314,1.4212889134883882,1.2368296310305595,0.0001111111111111111,69.96000000000001,"[59.2%, 75.0%, 72.0%, 66.0%, 85.8%, 67.8%, 75.2%, 66.4%, 70.4%, 74.8%, 75.2%, 67.6%, 78.6%, 68.6%, 46.8%]",,,,
14,parallel,14,14,0.2143137544736842,1.2189856946468354,1.1099265068769455,0.0001111111111111111,69.93333333333334,"[59.2%, 75.0%, 72.0%, 66.0%, 85.8%, 67.8%, 75.2%, 66.4%, 70.4%, 74.8%, 75.2%, 67.6%, 78.6%, 68.6%, 46.4%]",,,,
14,parallel,15,15,0.20609665342105263,1.1120959252119065,1.015105925500393,0.0001111111111111111,70.64,"[59.2%, 75.0%, 72.0%, 66.0%, 85.8%, 67.8%, 75.2%, 66.4%, 70.4%, 74.8%, 75.2%, 67.6%, 78.6%, 68.6%, 57.0%]",,,,
14,parallel,16,16,0.19808370394736843,0.9961762949824333,0.9035550057888031,0.0001111111111111111,71.10666666666665,"[59.2%, 75.0%, 72.0%, 66.0%, 85.8%, 67.8%, 75.2%, 66.4%, 70.4%, 74.8%, 75.2%, 67.6%, 78.6%, 68.6%, 64.0%]",,,,
14,parallel,17,17,0.19027490605263156,0.8803337343037129,0.8825611956417561,0.0001111111111111111,71.06666666666666,"[59.2%, 75.0%, 72.0%, 66.0%, 85.8%, 67.8%, 75.2%, 66.4%, 70.4%, 74.8%, 75.2%, 67.6%, 78.6%, 68.6%, 63.4%]",,,,
14,parallel,18,18,0.1826702597368421,0.8332974880933761,0.8310352861881256,0.0001111111111111111,71.24,"[59.2%, 75.0%, 72.0%, 66.0%, 85.8%, 67.8%, 75.2%, 66.4%, 70.4%, 74.8%, 75.2%, 67.6%, 78.6%, 68.6%, 66.0%]",,,,
14,parallel,19,19,0.17526976500000002,0.7909379914402962,0.9236084632575512,0.0001111111111111111,71.11999999999999,"[59.2%, 75.0%, 72.0%, 66.0%, 85.8%, 67.8%, 75.2%, 66.4%, 70.4%, 74.8%, 75.2%, 67.6%, 78.6%, 68.6%, 64.2%]",,,,
14,parallel,20,20,0.16807342184210528,0.8599091246724129,0.7579976469278336,0.0001111111111111111,71.65333333333334,"[59.2%, 75.0%, 72.0%, 66.0%, 85.8%, 67.8%, 75.2%, 66.4%, 70.4%, 74.8%, 75.2%, 67.6%, 78.6%, 68.6%, 72.2%]",,,,
14,parallel,21,21,0.1610812302631579,0.7274640396237373,0.7828083597123623,0.0001111111111111111,71.68,"[59.2%, 75.0%, 72.0%, 66.0%, 85.8%, 67.8%, 75.2%, 66.4%, 70.4%, 74.8%, 75.2%, 67.6%, 78.6%, 68.6%, 72.6%]",,,,
14,parallel,22,22,0.1542931902631579,0.8009589314460754,0.7567500434815884,0.0001111111111111111,71.54666666666667,"[59.2%, 75.0%, 72.0%, 66.0%, 85.8%, 67.8%, 75.2%, 66.4%, 70.4%, 74.8%, 75.2%, 67.6%, 78.6%, 68.6%, 70.6%]",,,,
14,parallel,23,23,0.14770930184210526,0.7170998699963093,0.7487944066524506,0.0001111111111111111,71.56,"[59.2%, 75.0%, 72.0%, 66.0%, 85.8%, 67.8%, 75.2%, 66.4%, 70.4%, 74.8%, 75.2%, 67.6%, 78.6%, 68.6%, 70.8%]",,,,
14,parallel,24,24,0.141329565,0.6654132090508937,0.7296532969921827,0.0001111111111111111,71.73333333333333,"[59.2%, 75.0%, 72.0%, 66.0%, 85.8%, 67.8%, 75.2%, 66.4%, 70.4%, 74.8%, 75.2%, 67.6%, 78.6%, 68.6%, 73.4%]",,,,
14,parallel,25,25,0.1351539797368421,0.8084945261478425,0.7479220423847437,0.0001111111111111111,71.76,"[59.2%, 75.0%, 72.0%, 66.0%, 85.8%, 67.8%, 75.2%, 66.4%, 70.4%, 74.8%, 75.2%, 67.6%, 78.6%, 68.6%, 73.8%]",,,,
14,parallel,26,26,0.12918254605263157,0.7196453168988228,0.7489713840186596,0.0001111111111111111,71.68,"[59.2%, 75.0%, 72.0%, 66.0%, 85.8%, 67.8%, 75.2%, 66.4%, 70.4%, 74.8%, 75.2%, 67.6%, 78.6%, 68.6%, 72.6%]",,,,
14,parallel,27,27,0.1234152639473684,0.7816014356911183,0.7588694300502539,0.0001111111111111111,71.69333333333334,"[59.2%, 75.0%, 72.0%, 66.0%, 85.8%, 67.8%, 75.2%, 66.4%, 70.4%, 74.8%, 75.2%, 67.6%, 78.6%, 68.6%, 72.8%]",,,,
14,parallel,28,28,0.11785213342105261,0.7465096220374108,0.7643828205764294,0.0001111111111111111,71.70666666666666,"[59.2%, 75.0%, 72.0%, 66.0%, 85.8%, 67.8%, 75.2%, 66.4%, 70.4%, 74.8%, 75.2%, 67.6%, 78.6%, 68.6%, 73.0%]",,,,
14,parallel,29,29,0.11249315447368421,0.7432818919420242,0.8110985793173313,0.0001111111111111111,71.61333333333333,"[59.2%, 75.0%, 72.0%, 66.0%, 85.8%, 67.8%, 75.2%, 66.4%, 70.4%, 74.8%, 75.2%, 67.6%, 78.6%, 68.6%, 71.6%]",,,,
14,parallel,30,30,0.10733832710526314,0.7409268205985426,0.7796668373048306,0.0001111111111111111,71.53333333333333,"[59.2%, 75.0%, 72.0%, 66.0%, 85.8%, 67.8%, 75.2%, 66.4%, 70.4%, 74.8%, 75.2%, 67.6%, 78.6%, 68.6%, 70.4%]",,,,
14,parallel,31,31,0.10238765131578947,0.6901861686259508,0.8128752559423447,0.0001111111111111111,71.48,"[59.2%, 75.0%, 72.0%, 66.0%, 85.8%, 67.8%, 75.2%, 66.4%, 70.4%, 74.8%, 75.2%, 67.6%, 78.6%, 68.6%, 69.6%]",,,,
14,parallel,32,32,0.09764112710526315,0.6911791764199734,0.7725217118859291,0.0001111111111111111,71.70666666666666,"[59.2%, 75.0%, 72.0%, 66.0%, 85.8%, 67.8%, 75.2%, 66.4%, 70.4%, 74.8%, 75.2%, 67.6%, 78.6%, 68.6%, 73.0%]",,,,
14,parallel,33,33,0.09309875447368422,0.7969553388655186,0.8103471547365189,0.0001111111111111111,71.57333333333332,"[59.2%, 75.0%, 72.0%, 66.0%, 85.8%, 67.8%, 75.2%, 66.4%, 70.4%, 74.8%, 75.2%, 67.6%, 78.6%, 68.6%, 71.0%]",,,,
14,parallel,34,34,0.08876053342105264,0.7534347228705883,0.8394463881850243,0.0001111111111111111,71.73333333333333,"[59.2%, 75.0%, 72.0%, 66.0%, 85.8%, 67.8%, 75.2%, 66.4%, 70.4%, 74.8%, 75.2%, 67.6%, 78.6%, 68.6%, 73.4%]",,,,
14,parallel,35,35,0.08462646394736842,0.8826813235878944,0.9178439490497112,0.0001111111111111111,71.64,"[59.2%, 75.0%, 72.0%, 66.0%, 85.8%, 67.8%, 75.2%, 66.4%, 70.4%, 74.8%, 75.2%, 67.6%, 78.6%, 68.6%, 72.0%]",,,,
14,parallel,36,36,0.08069654605263157,0.7120738208293915,0.837106503546238,0.0001111111111111111,71.62666666666668,"[59.2%, 75.0%, 72.0%, 66.0%, 85.8%, 67.8%, 75.2%, 66.4%, 70.4%, 74.8%, 75.2%, 67.6%, 78.6%, 68.6%, 71.8%]",,,,
14,parallel,37,37,0.0769707797368421,1.029617513716221,0.7664132229983807,0.0001111111111111111,71.62666666666668,"[59.2%, 75.0%, 72.0%, 66.0%, 85.8%, 67.8%, 75.2%, 66.4%, 70.4%, 74.8%, 75.2%, 67.6%, 78.6%, 68.6%, 71.8%]",,,,
14,parallel,38,38,0.073449165,0.882586145401001,0.8389139026403427,0.0001111111111111111,71.42666666666668,"[59.2%, 75.0%, 72.0%, 66.0%, 85.8%, 67.8%, 75.2%, 66.4%, 70.4%, 74.8%, 75.2%, 67.6%, 78.6%, 68.6%, 68.8%]",,,,
14,parallel,39,39,0.07013170184210525,0.8658255472779274,0.86035399697721,0.0001111111111111111,71.4,"[59.2%, 75.0%, 72.0%, 66.0%, 85.8%, 67.8%, 75.2%, 66.4%, 70.4%, 74.8%, 75.2%, 67.6%, 78.6%, 68.6%, 68.4%]",,,,
14,parallel,40,40,0.0670183902631579,0.783002020418644,0.7574421316385269,0.0001111111111111111,71.68,"[59.2%, 75.0%, 72.0%, 66.0%, 85.8%, 67.8%, 75.2%, 66.4%, 70.4%, 74.8%, 75.2%, 67.6%, 78.6%, 68.6%, 72.6%]",,,,
14,parallel,41,41,0.0641092302631579,0.7964662134647369,0.8567360360175371,0.0001111111111111111,71.4,"[59.2%, 75.0%, 72.0%, 66.0%, 85.8%, 67.8%, 75.2%, 66.4%, 70.4%, 74.8%, 75.2%, 67.6%, 78.6%, 68.6%, 68.4%]",,,,
14,parallel,42,42,0.06140422184210526,0.9904378384351731,0.8924645557999611,0.0001111111111111111,71.25333333333333,"[59.2%, 75.0%, 72.0%, 66.0%, 85.8%, 67.8%, 75.2%, 66.4%, 70.4%, 74.8%, 75.2%, 67.6%, 78.6%, 68.6%, 66.2%]",,,,
14,parallel,43,43,0.058903365,0.8664286673069,0.8509166017174721,0.0001111111111111111,71.34666666666666,"[59.2%, 75.0%, 72.0%, 66.0%, 85.8%, 67.8%, 75.2%, 66.4%, 70.4%, 74.8%, 75.2%, 67.6%, 78.6%, 68.6%, 67.6%]",,,,
14,parallel,44,44,0.056606659736842105,0.8475638672709465,0.8632935248315334,0.0001111111111111111,71.4,"[59.2%, 75.0%, 72.0%, 66.0%, 85.8%, 67.8%, 75.2%, 66.4%, 70.4%, 74.8%, 75.2%, 67.6%, 78.6%, 68.6%, 68.4%]",,,,
14,parallel,45,45,0.05451410605263157,1.0629055127501488,0.9893040508031845,0.0001111111111111111,71.0,"[59.2%, 75.0%, 72.0%, 66.0%, 85.8%, 67.8%, 75.2%, 66.4%, 70.4%, 74.8%, 75.2%, 67.6%, 78.6%, 68.6%, 62.4%]",,,,
14,parallel,46,46,0.05262570394736843,0.8478946693241596,0.9241640120744705,0.0001111111111111111,71.25333333333333,"[59.2%, 75.0%, 72.0%, 66.0%, 85.8%, 67.8%, 75.2%, 66.4%, 70.4%, 74.8%, 75.2%, 67.6%, 78.6%, 68.6%, 66.2%]",,,,
14,parallel,47,47,0.050941453421052635,0.7920342028141022,0.921128548681736,0.0001111111111111111,71.29333333333334,"[59.2%, 75.0%, 72.0%, 66.0%, 85.8%, 67.8%, 75.2%, 66.4%, 70.4%, 74.8%, 75.2%, 67.6%, 78.6%, 68.6%, 66.8%]",,,,
14,parallel,48,48,0.04946135447368421,0.7977208778262138,0.7970025278627872,0.0001111111111111111,71.44,"[59.2%, 75.0%, 72.0%, 66.0%, 85.8%, 67.8%, 75.2%, 66.4%, 70.4%, 74.8%, 75.2%, 67.6%, 78.6%, 68.6%, 69.0%]",,,,
14,parallel,49,49,0.04818540710526316,0.7940638422966003,0.873413223773241,0.0001111111111111111,71.44,"[59.2%, 75.0%, 72.0%, 66.0%, 85.8%, 67.8%, 75.2%, 66.4%, 70.4%, 74.8%, 75.2%, 67.6%, 78.6%, 68.6%, 69.0%]",,,,
14,parallel,50,50,0.04711361131578947,0.8183935195207596,0.7945105209946632,0.0001111111111111111,71.34666666666666,"[59.2%, 75.0%, 72.0%, 66.0%, 85.8%, 67.8%, 75.2%, 66.4%, 70.4%, 74.8%, 75.2%, 67.6%, 78.6%, 68.6%, 67.6%]",,,,
14,parallel,51,51,0.04624596710526316,1.3639765061438083,1.084478959441185,0.0001111111111111111,70.65333333333334,"[59.2%, 75.0%, 72.0%, 66.0%, 85.8%, 67.8%, 75.2%, 66.4%, 70.4%, 74.8%, 75.2%, 67.6%, 78.6%, 68.6%, 57.2%]",,,,
14,parallel,52,52,0.045582474473684215,1.0156431771814822,0.9738935306668282,0.0001111111111111111,71.01333333333334,"[59.2%, 75.0%, 72.0%, 66.0%, 85.8%, 67.8%, 75.2%, 66.4%, 70.4%, 74.8%, 75.2%, 67.6%, 78.6%, 68.6%, 62.6%]",,,,
14,parallel,53,53,0.04512313342105263,0.9404715836048126,0.9243917390704155,0.0001111111111111111,71.32,"[59.2%, 75.0%, 72.0%, 66.0%, 85.8%, 67.8%, 75.2%, 66.4%, 70.4%, 74.8%, 75.2%, 67.6%, 78.6%, 68.6%, 67.2%]",,,,
14,parallel,54,54,0.04486794394736842,0.9222085312008858,0.8774518258869648,0.0001111111111111111,71.4,"[59.2%, 75.0%, 72.0%, 66.0%, 85.8%, 67.8%, 75.2%, 66.4%, 70.4%, 74.8%, 75.2%, 67.6%, 78.6%, 68.6%, 68.4%]",,,,
14,parallel,55,55,0.044810526315789474,0.8814771726727486,0.9344006702303886,0.0001111111111111111,71.21333333333334,"[59.2%, 75.0%, 72.0%, 66.0%, 85.8%, 67.8%, 75.2%, 66.4%, 70.4%, 74.8%, 75.2%, 67.6%, 78.6%, 68.6%, 65.6%]",,,,
14,weights,1,56,0.044810526315789474,0.911540649831295,0.8551218807697296,0.0001111111111111111,71.44,"[59.2%, 75.0%, 72.0%, 66.0%, 85.8%, 67.8%, 75.2%, 66.4%, 70.4%, 74.8%, 75.2%, 67.6%, 78.6%, 68.6%, 69.0%]",,,,
14,weights,2,57,0.044810526315789474,0.8456370308995247,0.8386421650648117,0.0001111111111111111,71.4,"[59.2%, 75.0%, 72.0%, 66.0%, 85.8%, 67.8%, 75.2%, 66.4%, 70.4%, 74.8%, 75.2%, 67.6%, 78.6%, 68.6%, 68.4%]",,,,
14,weights,3,58,0.044810526315789474,0.8246468350291252,0.8169618956744671,0.0001111111111111111,71.52,"[59.2%, 75.0%, 72.0%, 66.0%, 85.8%, 67.8%, 75.2%, 66.4%, 70.4%, 74.8%, 75.2%, 67.6%, 78.6%, 68.6%, 70.2%]",,,,
14,weights,4,59,0.044810526315789474,0.7957561865448952,0.8300423994660378,0.0001111111111111111,71.4,"[59.2%, 75.0%, 72.0%, 66.0%, 85.8%, 67.8%, 75.2%, 66.4%, 70.4%, 74.8%, 75.2%, 67.6%, 78.6%, 68.6%, 68.4%]",,,,
14,weights,5,60,0.044810526315789474,0.7981719166040421,0.8292192593216896,0.0001111111111111111,71.48,"[59.2%, 75.0%, 72.0%, 66.0%, 85.8%, 67.8%, 75.2%, 66.4%, 70.4%, 74.8%, 75.2%, 67.6%, 78.6%, 68.6%, 69.6%]",,,,
14,weights,6,61,0.044810526315789474,0.7699813693761826,0.7873752601444721,0.0001111111111111111,71.64,"[59.2%, 75.0%, 72.0%, 66.0%, 85.8%, 67.8%, 75.2%, 66.4%, 70.4%, 74.8%, 75.2%, 67.6%, 78.6%, 68.6%, 72.0%]",,,,
14,weights,7,62,0.044810526315789474,0.7479714199900627,0.8600008264183998,0.0001111111111111111,71.18666666666667,"[59.2%, 75.0%, 72.0%, 66.0%, 85.8%, 67.8%, 75.2%, 66.4%, 70.4%, 74.8%, 75.2%, 67.6%, 78.6%, 68.6%, 65.2%]",,,,
14,weights,8,63,0.044810526315789474,0.7800511553883552,0.7900583632290363,0.0001111111111111111,71.52,"[59.2%, 75.0%, 72.0%, 66.0%, 85.8%, 67.8%, 75.2%, 66.4%, 70.4%, 74.8%, 75.2%, 67.6%, 78.6%, 68.6%, 70.2%]",,,,
14,weights,9,64,0.044810526315789474,0.7557134583592415,0.8058732375502586,0.0001111111111111111,71.46666666666667,"[59.2%, 75.0%, 72.0%, 66.0%, 85.8%, 67.8%, 75.2%, 66.4%, 70.4%, 74.8%, 75.2%, 67.6%, 78.6%, 68.6%, 69.4%]",,,,
14,weights,10,65,0.044810526315789474,0.7387086004018784,0.7795376926660538,0.0001111111111111111,71.56,"[59.2%, 75.0%, 72.0%, 66.0%, 85.8%, 67.8%, 75.2%, 66.4%, 70.4%, 74.8%, 75.2%, 67.6%, 78.6%, 68.6%, 70.8%]",,,,
14,weights,11,66,0.044810526315789474,0.7146322399377822,0.7495421133935452,0.0001111111111111111,71.57333333333332,"[59.2%, 75.0%, 72.0%, 66.0%, 85.8%, 67.8%, 75.2%, 66.4%, 70.4%, 74.8%, 75.2%, 67.6%, 78.6%, 68.6%, 71.0%]",,,,
14,weights,12,67,0.044810526315789474,0.7274365730583667,0.7791433706879616,0.0001111111111111111,71.54666666666667,"[59.2%, 75.0%, 72.0%, 66.0%, 85.8%, 67.8%, 75.2%, 66.4%, 70.4%, 74.8%, 75.2%, 67.6%, 78.6%, 68.6%, 70.6%]",,,,
14,weights,13,68,0.044810526315789474,0.7450952276587486,0.78341294080019,0.0001111111111111111,71.52,"[59.2%, 75.0%, 72.0%, 66.0%, 85.8%, 67.8%, 75.2%, 66.4%, 70.4%, 74.8%, 75.2%, 67.6%, 78.6%, 68.6%, 70.2%]",,,,
14,weights,14,69,0.044810526315789474,0.7016059271991253,0.7608113214373589,0.0001111111111111111,71.61333333333333,"[59.2%, 75.0%, 72.0%, 66.0%, 85.8%, 67.8%, 75.2%, 66.4%, 70.4%, 74.8%, 75.2%, 67.6%, 78.6%, 68.6%, 71.6%]",,,,
14,weights,15,70,0.044810526315789474,0.7143065363168717,0.7400892227888107,0.0001111111111111111,71.66666666666667,"[59.2%, 75.0%, 72.0%, 66.0%, 85.8%, 67.8%, 75.2%, 66.4%, 70.4%, 74.8%, 75.2%, 67.6%, 78.6%, 68.6%, 72.4%]",,,,
14,weights,16,71,0.044810526315789474,0.7313014693558216,0.7591731138527393,0.0001111111111111111,71.65333333333334,"[59.2%, 75.0%, 72.0%, 66.0%, 85.8%, 67.8%, 75.2%, 66.4%, 70.4%, 74.8%, 75.2%, 67.6%, 78.6%, 68.6%, 72.2%]",,,,
14,weights,17,72,0.044810526315789474,0.6988851226866245,0.7729223892092705,0.0001111111111111111,71.53333333333333,"[59.2%, 75.0%, 72.0%, 66.0%, 85.8%, 67.8%, 75.2%, 66.4%, 70.4%, 74.8%, 75.2%, 67.6%, 78.6%, 68.6%, 70.4%]",,,,
14,weights,18,73,0.044810526315789474,0.6931628458201885,0.7665980942547321,0.0001111111111111111,71.68,"[59.2%, 75.0%, 72.0%, 66.0%, 85.8%, 67.8%, 75.2%, 66.4%, 70.4%, 74.8%, 75.2%, 67.6%, 78.6%, 68.6%, 72.6%]",,,,
14,weights,19,74,0.044810526315789474,0.6892115779221057,0.7363899163901806,0.0001111111111111111,71.64,"[59.2%, 75.0%, 72.0%, 66.0%, 85.8%, 67.8%, 75.2%, 66.4%, 70.4%, 74.8%, 75.2%, 67.6%, 78.6%, 68.6%, 72.0%]",,,,
14,weights,20,75,0.044810526315789474,0.6735705651342869,0.7641901038587093,0.0001111111111111111,71.57333333333332,"[59.2%, 75.0%, 72.0%, 66.0%, 85.8%, 67.8%, 75.2%, 66.4%, 70.4%, 74.8%, 75.2%, 67.6%, 78.6%, 68.6%, 71.0%]",,,,
14,weights,21,76,0.044810526315789474,0.6780596092343331,0.7823848985135555,0.0001111111111111111,71.64,"[59.2%, 75.0%, 72.0%, 66.0%, 85.8%, 67.8%, 75.2%, 66.4%, 70.4%, 74.8%, 75.2%, 67.6%, 78.6%, 68.6%, 72.0%]",,,,
14,weights,22,77,0.044810526315789474,0.6533362291753292,0.7487019263207912,0.0001111111111111111,71.57333333333332,"[59.2%, 75.0%, 72.0%, 66.0%, 85.8%, 67.8%, 75.2%, 66.4%, 70.4%, 74.8%, 75.2%, 67.6%, 78.6%, 68.6%, 71.0%]",,,,
14,weights,23,78,0.044810526315789474,0.651756651699543,0.7508359402418137,0.0001111111111111111,71.57333333333332,"[59.2%, 75.0%, 72.0%, 66.0%, 85.8%, 67.8%, 75.2%, 66.4%, 70.4%, 74.8%, 75.2%, 67.6%, 78.6%, 68.6%, 71.0%]",,,,
14,weights,24,79,0.044810526315789474,0.6573233656585217,0.7289612926542759,0.0001111111111111111,71.58666666666666,"[59.2%, 75.0%, 72.0%, 66.0%, 85.8%, 67.8%, 75.2%, 66.4%, 70.4%, 74.8%, 75.2%, 67.6%, 78.6%, 68.6%, 71.2%]",,,,
14,weights,25,80,0.044810526315789474,0.6606672905385494,0.7475684471428394,0.0001111111111111111,71.57333333333332,"[59.2%, 75.0%, 72.0%, 66.0%, 85.8%, 67.8%, 75.2%, 66.4%, 70.4%, 74.8%, 75.2%, 67.6%, 78.6%, 68.6%, 71.0%]",41.333333333333336,"[0.0%, 58.8%, 57.2%, 10.4%, 85.8%, 36.0%, 75.2%, 33.8%, 30.8%, 55.8%, 38.2%, 28.2%, 78.6%, 31.2%, 0.0%]",46.33333333333333,"[45.6%, 58.8%, 48.4%, 52.2%, 74.8%, 44.4%, 65.4%, 26.6%, 61.8%, 38.8%, 36.8%, 32.4%, 54.8%, 45.8%, 8.4%]"
15,parallel,1,1,0.25,16.78383767604828,11.555380582809448,0.0001111111111111111,67.1,"[59.4%, 75.0%, 72.0%, 66.0%, 85.8%, 67.8%, 75.0%, 66.6%, 70.4%, 74.8%, 75.0%, 67.4%, 78.6%, 68.8%, 71.0%, 0.0%]",,,,
15,parallel,2,2,0.25,9.448531997203826,7.635451018810272,0.0001111111111111111,67.0625,"[59.4%, 75.0%, 71.8%, 66.0%, 85.8%, 67.8%, 75.2%, 66.6%, 70.4%, 74.8%, 75.0%, 67.4%, 78.2%, 68.6%, 71.0%, 0.0%]",,,,
15,parallel,3,3,0.25,6.284903478622437,4.959042310714722,0.0001111111111111111,67.0875,"[59.6%, 75.2%, 71.8%, 66.0%, 85.6%, 67.8%, 75.0%, 66.6%, 70.4%, 74.8%, 75.2%, 67.4%, 78.4%, 68.6%, 71.0%, 0.0%]",,,,
15,parallel,4,4,0.25,3.83221298456192,2.807904362678528,0.0001111111111111111,67.11249999999998,"[59.6%, 75.4%, 72.0%, 66.0%, 85.6%, 67.8%, 75.0%, 66.2%, 70.4%, 74.8%, 75.4%, 67.4%, 78.4%, 68.8%, 71.0%, 0.0%]",,,,
15,parallel,5,5,0.24794284,2.384173956513405,1.9457276612520218,0.0001111111111111111,68.35,"[59.6%, 75.2%, 72.0%, 66.0%, 85.6%, 67.8%, 75.0%, 66.2%, 70.4%, 74.8%, 75.4%, 67.6%, 78.2%, 68.8%, 71.0%, 20.0%]",,,,
15,parallel,6,6,0.23981731578947368,1.9643962770700454,1.7720829099416733,0.0001111111111111111,68.33749999999999,"[59.6%, 75.2%, 72.0%, 66.0%, 85.6%, 67.8%, 75.0%, 66.2%, 70.4%, 74.8%, 75.4%, 67.4%, 78.2%, 68.8%, 71.0%, 20.0%]",,,,
15,parallel,7,7,0.23185677684210526,1.7956020444631577,1.7092766463756561,0.0001111111111111111,68.35,"[59.6%, 75.4%, 72.0%, 66.0%, 85.6%, 67.8%, 75.0%, 66.2%, 70.4%, 74.8%, 75.4%, 67.4%, 78.2%, 68.8%, 71.0%, 20.0%]",,,,
15,parallel,8,8,0.22406122315789478,1.6944094896316528,1.6646629869937897,0.0001111111111111111,68.32499999999999,"[59.6%, 75.4%, 72.0%, 66.0%, 85.6%, 67.8%, 75.0%, 66.2%, 70.4%, 74.8%, 75.4%, 67.4%, 78.2%, 68.8%, 71.0%, 19.6%]",,,,
15,parallel,9,9,0.21643065473684214,1.7012303829193116,1.6718732118606567,0.0001111111111111111,68.35,"[59.6%, 75.4%, 72.0%, 66.0%, 85.6%, 67.8%, 75.0%, 66.2%, 70.4%, 74.8%, 75.4%, 67.4%, 78.2%, 68.8%, 71.0%, 20.0%]",,,,
15,parallel,10,10,0.2089650715789474,1.6680356770753861,1.6476127058267593,0.0001111111111111111,68.35,"[59.6%, 75.4%, 72.0%, 66.0%, 85.6%, 67.8%, 75.0%, 66.2%, 70.4%, 74.8%, 75.4%, 67.4%, 78.2%, 68.8%, 71.0%, 20.0%]",,,,
15,parallel,11,11,0.20166447368421053,1.6502324879169463,1.6361903846263885,0.0001111111111111111,68.35,"[59.6%, 75.4%, 72.0%, 66.0%, 85.6%, 67.8%, 75.0%, 66.2%, 70.4%, 74.8%, 75.4%, 67.4%, 78.2%, 68.8%, 71.0%, 20.0%]",,,,
15,parallel,12,12,0.19452886105263156,1.6370230346918107,1.611610010266304,0.0001111111111111111,69.2875,"[59.6%, 75.4%, 72.0%, 66.0%, 85.6%, 67.8%, 75.0%, 66.2%, 70.4%, 74.8%, 75.4%, 67.4%, 78.2%, 68.8%, 71.0%, 35.0%]",,,,
15,parallel,13,13,0.18755823368421054,1.498514986038208,1.371025525033474,0.0001111111111111111,69.38749999999999,"[59.6%, 75.4%, 72.0%, 66.0%, 85.6%, 67.8%, 75.0%, 66.2%, 70.4%, 74.8%, 75.4%, 67.4%, 78.2%, 68.8%, 71.0%, 36.6%]",,,,
15,parallel,14,14,0.18075259157894735,1.3400116175413133,1.3431382924318314,0.0001111111111111111,69.4375,"[59.6%, 75.4%, 72.0%, 66.0%, 85.6%, 67.8%, 75.0%, 66.2%, 70.4%, 74.8%, 75.4%, 67.4%, 78.2%, 68.8%, 71.0%, 37.4%]",,,,
15,parallel,15,15,0.1741119347368421,1.2772065490484237,1.2911087721586227,0.0001111111111111111,69.63749999999999,"[59.6%, 75.4%, 72.0%, 66.0%, 85.6%, 67.8%, 75.0%, 66.2%, 70.4%, 74.8%, 75.4%, 67.4%, 78.2%, 68.8%, 71.0%, 40.6%]",,,,
15,parallel,16,16,0.16763626315789476,1.2760949045419694,1.274306420236826,0.0001111111111111111,69.82499999999999,"[59.6%, 75.4%, 72.0%, 66.0%, 85.6%, 67.8%, 75.0%, 66.2%, 70.4%, 74.8%, 75.4%, 67.4%, 78.2%, 68.8%, 71.0%, 43.6%]",,,,
15,parallel,17,17,0.16132557684210527,1.2685155540704727,1.230435997247696,0.0001111111111111111,69.975,"[59.6%, 75.4%, 72.0%, 66.0%, 85.6%, 67.8%, 75.0%, 66.2%, 70.4%, 74.8%, 75.4%, 67.4%, 78.2%, 68.8%, 71.0%, 46.0%]",,,,
15,parallel,18,18,0.15517987578947368,1.2510460585355758,1.2323413528501987,0.0001111111111111111,69.8125,"[59.6%, 75.4%, 72.0%, 66.0%, 85.6%, 67.8%, 75.0%, 66.2%, 70.4%, 74.8%, 75.4%, 67.4%, 78.2%, 68.8%, 71.0%, 43.4%]",,,,
15,parallel,19,19,0.14919916000000005,1.247080570459366,1.1905038952827454,0.0001111111111111111,69.9375,"[59.6%, 75.4%, 72.0%, 66.0%, 85.6%, 67.8%, 75.0%, 66.2%, 70.4%, 74.8%, 75.4%, 67.4%, 78.2%, 68.8%, 71.0%, 45.4%]",,,,
15,parallel,20,20,0.14338342947368424,1.229386556148529,1.1870178133249283,0.0001111111111111111,70.13749999999999,"[59.6%, 75.4%, 72.0%, 66.0%, 85.6%, 67.8%, 75.0%, 66.2%, 70.4%, 74.8%, 75.4%, 67.4%, 78.2%, 68.8%, 71.0%, 48.6%]",,,,
15,parallel,21,21,0.13773268421052634,1.2295182675123215,1.1952941119670868,0.0001111111111111111,70.175,"[59.6%, 75.4%, 72.0%, 66.0%, 85.6%, 67.8%, 75.0%, 66.2%, 70.4%, 74.8%, 75.4%, 67.4%, 78.2%, 68.8%, 71.0%, 49.2%]",,,,
15,parallel,22,22,0.13224692421052633,1.2541476024314762,1.2099194526672363,0.0001111111111111111,70.1125,"[59.6%, 75.4%, 72.0%, 66.0%, 85.6%, 67.8%, 75.0%, 66.2%, 70.4%, 74.8%, 75.4%, 67.4%, 78.2%, 68.8%, 71.0%, 48.2%]",,,,
15,parallel,23,23,0.12692614947368422,1.3177518099546432,1.2142316214740276,0.0001111111111111111,70.0375,"[59.6%, 75.4%, 72.0%, 66.0%, 85.6%, 67.8%, 75.0%, 66.2%, 70.4%, 74.8%, 75.4%, 67.4%, 78.2%, 68.8%, 71.0%, 47.0%]",,,,
15,parallel,24,24,0.12177036000000001,1.378583136200905,1.2357614263892174,0.0001111111111111111,70.0375,"[59.6%, 75.4%, 72.0%, 66.0%, 85.6%, 67.8%, 75.0%, 66.2%, 70.4%, 74.8%, 75.4%, 67.4%, 78.2%, 68.8%, 71.0%, 47.0%]",,,,
15,parallel,25,25,0.11677955578947369,1.2356812298297881,1.1879433915019035,0.0001111111111111111,70.0375,"[59.6%, 75.4%, 72.0%, 66.0%, 85.6%, 67.8%, 75.0%, 66.2%, 70.4%, 74.8%, 75.4%, 67.4%, 78.2%, 68.8%, 71.0%, 47.0%]",,,,
15,parallel,26,26,0.11195373684210526,1.1798524290323258,1.1390509083867073,0.0001111111111111111,70.25,"[59.6%, 75.4%, 72.0%, 66.0%, 85.6%, 67.8%, 75.0%, 66.2%, 70.4%, 74.8%, 75.4%, 67.4%, 78.2%, 68.8%, 71.0%, 50.4%]",,,,
15,parallel,27,27,0.10729290315789473,1.3537331163883208,1.162698082625866,0.0001111111111111111,70.2875,"[59.6%, 75.4%, 72.0%, 66.0%, 85.6%, 67.8%, 75.0%, 66.2%, 70.4%, 74.8%, 75.4%, 67.4%, 78.2%, 68.8%, 71.0%, 51.0%]",,,,
15,parallel,28,28,0.10279705473684209,1.1551189824938775,1.136267263442278,0.0001111111111111111,70.46249999999999,"[59.6%, 75.4%, 72.0%, 66.0%, 85.6%, 67.8%, 75.0%, 66.2%, 70.4%, 74.8%, 75.4%, 67.4%, 78.2%, 68.8%, 71.0%, 53.8%]",,,,
15,parallel,29,29,0.09846619157894737,1.1024812027812003,1.0845739841461182,0.0001111111111111111,70.58749999999999,"[59.6%, 75.4%, 72.0%, 66.0%, 85.6%, 67.8%, 75.0%, 66.2%, 70.4%, 74.8%, 75.4%, 67.4%, 78.2%, 68.8%, 71.0%, 55.8%]",,,,
15,parallel,30,30,0.09430031368421053,1.0576557874679566,1.1833646930754185,0.0001111111111111111,70.46249999999999,"[59.6%, 75.4%, 72.0%, 66.0%, 85.6%, 67.8%, 75.0%, 66.2%, 70.4%, 74.8%, 75.4%, 67.4%, 78.2%, 68.8%, 71.0%, 53.8%]",,,,
15,parallel,31,31,0.09029942105263158,1.1641017705202104,1.0849583223462105,0.0001111111111111111,70.6125,"[59.6%, 75.4%, 72.0%, 66.0%, 85.6%, 67.8%, 75.0%, 66.2%, 70.4%, 74.8%, 75.4%, 67.4%, 78.2%, 68.8%, 71.0%, 56.2%]",,,,
15,parallel,32,32,0.08646351368421051,1.0505617201328277,1.1274589132517576,0.0001111111111111111,70.5625,"[59.6%, 75.4%, 72.0%, 66.0%, 85.6%, 67.8%, 75.0%, 66.2%, 70.4%, 74.8%, 75.4%, 67.4%, 78.2%, 68.8%, 71.0%, 55.4%]",,,,
15,parallel,33,33,0.08279259157894739,1.186482672393322,1.1167912930250168,0.0001111111111111111,70.5,"[59.6%, 75.4%, 72.0%, 66.0%, 85.6%, 67.8%, 75.0%, 66.2%, 70.4%, 74.8%, 75.4%, 67.4%, 78.2%, 68.8%, 71.0%, 54.4%]",,,,
15,parallel,34,34,0.07928665473684211,1.0841715663671494,1.035546898841858,0.0001111111111111111,70.8125,"[59.6%, 75.4%, 72.0%, 66.0%, 85.6%, 67.8%, 75.0%, 66.2%, 70.4%, 74.8%, 75.4%, 67.4%, 78.2%, 68.8%, 71.0%, 59.4%]",,,,
15,parallel,35,35,0.07594570315789476,1.135091881453991,1.1387229934334755,0.0001111111111111111,70.57499999999999,"[59.6%, 75.4%, 72.0%, 66.0%, 85.6%, 67.8%, 75.0%, 66.2%, 70.4%, 74.8%, 75.4%, 67.4%, 78.2%, 68.8%, 71.0%, 55.6%]",,,,
15,parallel,36,36,0.07276973684210528,1.0466071397066117,1.0297112837433815,0.0001111111111111111,70.58749999999999,"[59.6%, 75.4%, 72.0%, 66.0%, 85.6%, 67.8%, 75.0%, 66.2%, 70.4%, 74.8%, 75.4%, 67.4%, 78.2%, 68.8%, 71.0%, 55.8%]",,,,
15,parallel,37,37,0.06975875578947369,1.0272944554686547,1.015707302838564,0.0001111111111111111,70.6875,"[59.6%, 75.4%, 72.0%, 66.0%, 85.6%, 67.8%, 75.0%, 66.2%, 70.4%, 74.8%, 75.4%, 67.4%, 78.2%, 68.8%, 71.0%, 57.4%]",,,,
15,parallel,38,38,0.06691276,0.9893794298171997,1.1493938155472279,0.0001111111111111111,70.5625,"[59.6%, 75.4%, 72.0%, 66.0%, 85.6%, 67.8%, 75.0%, 66.2%, 70.4%, 74.8%, 75.4%, 67.4%, 78.2%, 68.8%, 71.0%, 55.4%]",,,,
15,parallel,39,39,0.06423174947368421,1.0262601748108864,1.103710800409317,0.0001111111111111111,70.6875,"[59.6%, 75.4%, 72.0%, 66.0%, 85.6%, 67.8%, 75.0%, 66.2%, 70.4%, 74.8%, 75.4%, 67.4%, 78.2%, 68.8%, 71.0%, 57.4%]",,,,
15,parallel,40,40,0.06171572421052632,1.3106238171458244,1.323987241834402,0.0001111111111111111,69.9375,"[59.6%, 75.4%, 72.0%, 66.0%, 85.6%, 67.8%, 75.0%, 66.2%, 70.4%, 74.8%, 75.4%, 67.4%, 78.2%, 68.8%, 71.0%, 45.4%]",,,,
15,parallel,41,41,0.05936468421052632,1.134065680205822,1.1318696364760399,0.0001111111111111111,70.55,"[59.6%, 75.4%, 72.0%, 66.0%, 85.6%, 67.8%, 75.0%, 66.2%, 70.4%, 74.8%, 75.4%, 67.4%, 78.2%, 68.8%, 71.0%, 55.2%]",,,,
15,parallel,42,42,0.05717862947368421,1.0850607469677924,1.1333854757249355,0.0001111111111111111,70.57499999999999,"[59.6%, 75.4%, 72.0%, 66.0%, 85.6%, 67.8%, 75.0%, 66.2%, 70.4%, 74.8%, 75.4%, 67.4%, 78.2%, 68.8%, 71.0%, 55.6%]",,,,
15,parallel,43,43,0.05515756,1.0617694869637488,1.1583794578909874,0.0001111111111111111,70.6125,"[59.6%, 75.4%, 72.0%, 66.0%, 85.6%, 67.8%, 75.0%, 66.2%, 70.4%, 74.8%, 75.4%, 67.4%, 78.2%, 68.8%, 71.0%, 56.2%]",,,,
15,parallel,44,44,0.05330147578947368,1.1405408382415771,1.1943843439221382,0.0001111111111111111,70.35,"[59.6%, 75.4%, 72.0%, 66.0%, 85.6%, 67.8%, 75.0%, 66.2%, 70.4%, 74.8%, 75.4%, 67.4%, 78.2%, 68.8%, 71.0%, 52.0%]",,,,
15,parallel,45,45,0.05161037684210526,1.0645866870880127,1.224647682160139,0.0001111111111111111,70.3125,"[59.6%, 75.4%, 72.0%, 66.0%, 85.6%, 67.8%, 75.0%, 66.2%, 70.4%, 74.8%, 75.4%, 67.4%, 78.2%, 68.8%, 71.0%, 51.4%]",,,,
15,parallel,46,46,0.05008426315789474,1.1906836345791816,1.1138891130685806,0.0001111111111111111,70.77499999999999,"[59.6%, 75.4%, 72.0%, 66.0%, 85.6%, 67.8%, 75.0%, 66.2%, 70.4%, 74.8%, 75.4%, 67.4%, 78.2%, 68.8%, 71.0%, 58.8%]",,,,
15,parallel,47,47,0.04872313473684211,1.0694701969623566,1.0842581614851952,0.0001111111111111111,70.6625,"[59.6%, 75.4%, 72.0%, 66.0%, 85.6%, 67.8%, 75.0%, 66.2%, 70.4%, 74.8%, 75.4%, 67.4%, 78.2%, 68.8%, 71.0%, 57.0%]",,,,
15,parallel,48,48,0.047526991578947374,1.0256597772240639,1.0378973223268986,0.0001111111111111111,70.8125,"[59.6%, 75.4%, 72.0%, 66.0%, 85.6%, 67.8%, 75.0%, 66.2%, 70.4%, 74.8%, 75.4%, 67.4%, 78.2%, 68.8%, 71.0%, 59.4%]",,,,
15,parallel,49,49,0.04649583368421053,1.4354790329933167,1.2754920348525047,0.0001111111111111111,70.125,"[59.6%, 75.4%, 72.0%, 66.0%, 85.6%, 67.8%, 75.0%, 66.2%, 70.4%, 74.8%, 75.4%, 67.4%, 78.2%, 68.8%, 71.0%, 48.4%]",,,,
15,parallel,50,50,0.04562966105263158,1.2239889681339264,1.2845804169774055,0.0001111111111111111,70.0,"[59.6%, 75.4%, 72.0%, 66.0%, 85.6%, 67.8%, 75.0%, 66.2%, 70.4%, 74.8%, 75.4%, 67.4%, 78.2%, 68.8%, 71.0%, 46.4%]",,,,
15,parallel,51,51,0.044928473684210525,1.18756245970726,1.1922658160328865,0.0001111111111111111,70.3,"[59.6%, 75.4%, 72.0%, 66.0%, 85.6%, 67.8%, 75.0%, 66.2%, 70.4%, 74.8%, 75.4%, 67.4%, 78.2%, 68.8%, 71.0%, 51.2%]",,,,
15,parallel,52,52,0.04439227157894737,1.1860132321715355,1.1846359968185425,0.0001111111111111111,70.32499999999999,"[59.6%, 75.4%, 72.0%, 66.0%, 85.6%, 67.8%, 75.0%, 66.2%, 70.4%, 74.8%, 75.4%, 67.4%, 78.2%, 68.8%, 71.0%, 51.6%]",,,,
15,parallel,53,53,0.044021054736842105,1.125764587521553,1.174388699233532,0.0001111111111111111,70.39999999999999,"[59.6%, 75.4%, 72.0%, 66.0%, 85.6%, 67.8%, 75.0%, 66.2%, 70.4%, 74.8%, 75.4%, 67.4%, 78.2%, 68.8%, 71.0%, 52.8%]",,,,
15,parallel,54,54,0.04381482315789474,1.1270550653338431,1.1837046593427658,0.0001111111111111111,70.33749999999999,"[59.6%, 75.4%, 72.0%, 66.0%, 85.6%, 67.8%, 75.0%, 66.2%, 70.4%, 74.8%, 75.4%, 67.4%, 78.2%, 68.8%, 71.0%, 51.8%]",,,,
15,parallel,55,55,0.04376842105263158,1.0929102376103401,1.1098322048783302,0.0001111111111111111,70.625,"[59.6%, 75.4%, 72.0%, 66.0%, 85.6%, 67.8%, 75.0%, 66.2%, 70.4%, 74.8%, 75.4%, 67.4%, 78.2%, 68.8%, 71.0%, 56.4%]",,,,
15,weights,1,56,0.04376842105263158,1.0722066715359688,1.1402973681688309,0.0001111111111111111,70.55,"[59.6%, 75.4%, 72.0%, 66.0%, 85.6%, 67.8%, 75.0%, 66.2%, 70.4%, 74.8%, 75.4%, 67.4%, 78.2%, 68.8%, 71.0%, 55.2%]",,,,
15,weights,2,57,0.04376842105263158,1.0582118406891823,1.1588903032243252,0.0001111111111111111,70.44999999999999,"[59.6%, 75.4%, 72.0%, 66.0%, 85.6%, 67.8%, 75.0%, 66.2%, 70.4%, 74.8%, 75.4%, 67.4%, 78.2%, 68.8%, 71.0%, 53.6%]",,,,
15,weights,3,58,0.04376842105263158,1.0805082395672798,1.1013457216322422,0.0001111111111111111,70.625,"[59.6%, 75.4%, 72.0%, 66.0%, 85.6%, 67.8%, 75.0%, 66.2%, 70.4%, 74.8%, 75.4%, 67.4%, 78.2%, 68.8%, 71.0%, 56.4%]",,,,
15,weights,4,59,0.04376842105263158,1.0362416371703147,1.1040060631930828,0.0001111111111111111,70.625,"[59.6%, 75.4%, 72.0%, 66.0%, 85.6%, 67.8%, 75.0%, 66.2%, 70.4%, 74.8%, 75.4%, 67.4%, 78.2%, 68.8%, 71.0%, 56.4%]",,,,
15,weights,5,60,0.04376842105263158,1.0267688095569611,1.0937302522361279,0.0001111111111111111,70.6,"[59.6%, 75.4%, 72.0%, 66.0%, 85.6%, 67.8%, 75.0%, 66.2%, 70.4%, 74.8%, 75.4%, 67.4%, 78.2%, 68.8%, 71.0%, 56.0%]",,,,
15,weights,6,61,0.04376842105263158,0.9965952575206757,1.066652074456215,0.0001111111111111111,70.75,"[59.6%, 75.4%, 72.0%, 66.0%, 85.6%, 67.8%, 75.0%, 66.2%, 70.4%, 74.8%, 75.4%, 67.4%, 78.2%, 68.8%, 71.0%, 58.4%]",,,,
15,weights,7,62,0.04376842105263158,0.9837571263313294,1.1335556469857693,0.0001111111111111111,70.5,"[59.6%, 75.4%, 72.0%, 66.0%, 85.6%, 67.8%, 75.0%, 66.2%, 70.4%, 74.8%, 75.4%, 67.4%, 78.2%, 68.8%, 71.0%, 54.4%]",,,,
15,weights,8,63,0.04376842105263158,0.9826005607843399,1.0782696437090635,0.0001111111111111111,70.77499999999999,"[59.6%, 75.4%, 72.0%, 66.0%, 85.6%, 67.8%, 75.0%, 66.2%, 70.4%, 74.8%, 75.4%, 67.4%, 78.2%, 68.8%, 71.0%, 58.8%]",,,,
15,weights,9,64,0.04376842105263158,0.959992428869009,1.118545576930046,0.0001111111111111111,70.63749999999999,"[59.6%, 75.4%, 72.0%, 66.0%, 85.6%, 67.8%, 75.0%, 66.2%, 70.4%, 74.8%, 75.4%, 67.4%, 78.2%, 68.8%, 71.0%, 56.6%]",,,,
15,weights,10,65,0.04376842105263158,0.9486086577177048,1.035267785191536,0.0001111111111111111,70.7375,"[59.6%, 75.4%, 72.0%, 66.0%, 85.6%, 67.8%, 75.0%, 66.2%, 70.4%, 74.8%, 75.4%, 67.4%, 78.2%, 68.8%, 71.0%, 58.2%]",,,,
15,weights,11,66,0.04376842105263158,0.9538803443312645,1.0160089619457722,0.0001111111111111111,70.7875,"[59.6%, 75.4%, 72.0%, 66.0%, 85.6%, 67.8%, 75.0%, 66.2%, 70.4%, 74.8%, 75.4%, 67.4%, 78.2%, 68.8%, 71.0%, 59.0%]",,,,
15,weights,12,67,0.04376842105263158,0.9397818461060524,1.0146725326776505,0.0001111111111111111,70.83749999999999,"[59.6%, 75.4%, 72.0%, 66.0%, 85.6%, 67.8%, 75.0%, 66.2%, 70.4%, 74.8%, 75.4%, 67.4%, 78.2%, 68.8%, 71.0%, 59.8%]",,,,
15,weights,13,68,0.04376842105263158,0.9650459930300712,0.9980844967067242,0.0001111111111111111,70.975,"[59.6%, 75.4%, 72.0%, 66.0%, 85.6%, 67.8%, 75.0%, 66.2%, 70.4%, 74.8%, 75.4%, 67.4%, 78.2%, 68.8%, 71.0%, 62.0%]",,,,
15,weights,14,69,0.04376842105263158,0.929170361161232,1.0026672407984734,0.0001111111111111111,70.875,"[59.6%, 75.4%, 72.0%, 66.0%, 85.6%, 67.8%, 75.0%, 66.2%, 70.4%, 74.8%, 75.4%, 67.4%, 78.2%, 68.8%, 71.0%, 60.4%]",,,,
15,weights,15,70,0.04376842105263158,0.9158102497458458,1.020004965364933,0.0001111111111111111,70.875,"[59.6%, 75.4%, 72.0%, 66.0%, 85.6%, 67.8%, 75.0%, 66.2%, 70.4%, 74.8%, 75.4%, 67.4%, 78.2%, 68.8%, 71.0%, 60.4%]",,,,
15,weights,16,71,0.04376842105263158,0.9087647423148155,0.9874995201826096,0.0001111111111111111,70.9875,"[59.6%, 75.4%, 72.0%, 66.0%, 85.6%, 67.8%, 75.0%, 66.2%, 70.4%, 74.8%, 75.4%, 67.4%, 78.2%, 68.8%, 71.0%, 62.2%]",,,,
15,weights,17,72,0.04376842105263158,0.8997483894228935,0.9944411516189575,0.0001111111111111111,70.9875,"[59.6%, 75.4%, 72.0%, 66.0%, 85.6%, 67.8%, 75.0%, 66.2%, 70.4%, 74.8%, 75.4%, 67.4%, 78.2%, 68.8%, 71.0%, 62.2%]",,,,
15,weights,18,73,0.04376842105263158,0.94306750446558,0.9899230450391769,0.0001111111111111111,71.05,"[59.6%, 75.4%, 72.0%, 66.0%, 85.6%, 67.8%, 75.0%, 66.2%, 70.4%, 74.8%, 75.4%, 67.4%, 78.2%, 68.8%, 71.0%, 63.2%]",,,,
15,weights,19,74,0.04376842105263158,0.9163587734103202,0.9513017237186432,0.0001111111111111111,71.0,"[59.6%, 75.4%, 72.0%, 66.0%, 85.6%, 67.8%, 75.0%, 66.2%, 70.4%, 74.8%, 75.4%, 67.4%, 78.2%, 68.8%, 71.0%, 62.4%]",,,,
15,weights,20,75,0.04376842105263158,0.9031663060188293,0.961002154275775,0.0001111111111111111,70.96249999999999,"[59.6%, 75.4%, 72.0%, 66.0%, 85.6%, 67.8%, 75.0%, 66.2%, 70.4%, 74.8%, 75.4%, 67.4%, 78.2%, 68.8%, 71.0%, 61.8%]",,,,
15,weights,21,76,0.04376842105263158,0.8745716318488121,0.9486062526702881,0.0001111111111111111,70.9875,"[59.6%, 75.4%, 72.0%, 66.0%, 85.6%, 67.8%, 75.0%, 66.2%, 70.4%, 74.8%, 75.4%, 67.4%, 78.2%, 68.8%, 71.0%, 62.2%]",,,,
15,weights,22,77,0.04376842105263158,0.8915178701281548,0.9356932993978262,0.0001111111111111111,70.89999999999999,"[59.6%, 75.4%, 72.0%, 66.0%, 85.6%, 67.8%, 75.0%, 66.2%, 70.4%, 74.8%, 75.4%, 67.4%, 78.2%, 68.8%, 71.0%, 60.8%]",,,,
15,weights,23,78,0.04376842105263158,0.894672966003418,0.9960979074239731,0.0001111111111111111,70.875,"[59.6%, 75.4%, 72.0%, 66.0%, 85.6%, 67.8%, 75.0%, 66.2%, 70.4%, 74.8%, 75.4%, 67.4%, 78.2%, 68.8%, 71.0%, 60.4%]",,,,
15,weights,24,79,0.04376842105263158,0.916092424094677,0.9101692382246256,0.0001111111111111111,71.05,"[59.6%, 75.4%, 72.0%, 66.0%, 85.6%, 67.8%, 75.0%, 66.2%, 70.4%, 74.8%, 75.4%, 67.4%, 78.2%, 68.8%, 71.0%, 63.2%]",,,,
15,weights,25,80,0.04376842105263158,0.9088571563363075,0.9990715887397528,0.0001111111111111111,70.875,"[59.6%, 75.4%, 72.0%, 66.0%, 85.6%, 67.8%, 75.0%, 66.2%, 70.4%, 74.8%, 75.4%, 67.4%, 78.2%, 68.8%, 71.0%, 60.4%]",38.8625,"[0.0%, 59.2%, 57.0%, 10.4%, 85.6%, 28.6%, 75.0%, 33.4%, 30.8%, 39.2%, 30.8%, 27.8%, 78.2%, 31.2%, 10.8%, 23.8%]",42.449999999999996,"[45.6%, 59.2%, 37.4%, 19.2%, 74.6%, 53.4%, 55.0%, 26.4%, 61.8%, 29.0%, 36.8%, 26.4%, 54.6%, 45.8%, 8.4%, 45.6%]"
16,parallel,1,1,0.2,17.429081201553345,11.767941117286682,0.0001111111111111111,66.6705882352941,"[59.6%, 75.2%, 72.0%, 66.0%, 85.6%, 67.8%, 75.2%, 66.2%, 70.4%, 74.8%, 75.4%, 67.4%, 78.0%, 68.6%, 71.0%, 60.2%, 0.0%]",,,,
16,parallel,2,2,0.2,9.302831935882569,7.146621406078339,0.0001111111111111111,66.68235294117646,"[59.6%, 75.2%, 72.0%, 66.0%, 85.6%, 68.0%, 75.2%, 66.2%, 70.2%, 74.8%, 75.4%, 67.4%, 78.0%, 68.6%, 71.0%, 60.4%, 0.0%]",,,,
16,parallel,3,3,0.2,5.569187617301941,3.9979386031627655,0.0001111111111111111,66.68235294117648,"[59.6%, 75.2%, 72.0%, 66.2%, 85.6%, 67.8%, 75.2%, 66.2%, 70.2%, 74.8%, 75.4%, 67.4%, 78.0%, 68.6%, 71.0%, 60.4%, 0.0%]",,,,
16,parallel,4,4,0.2,2.8964841783046724,2.1070001870393753,0.0001111111111111111,67.83529411764707,"[59.6%, 75.2%, 72.0%, 66.2%, 85.6%, 67.8%, 75.0%, 66.2%, 70.0%, 74.8%, 75.4%, 67.4%, 78.0%, 68.6%, 71.0%, 60.4%, 20.0%]",,,,
16,parallel,5,5,0.198431195,1.9244327038526534,1.782504603266716,0.0001111111111111111,67.82352941176471,"[59.6%, 75.2%, 72.0%, 66.0%, 85.6%, 67.8%, 75.0%, 66.2%, 70.0%, 74.8%, 75.4%, 67.4%, 78.0%, 68.6%, 71.0%, 60.4%, 20.0%]",,,,
16,parallel,6,6,0.19223461184210527,1.8171294569969176,1.7345921248197556,0.0001111111111111111,67.83529411764707,"[59.6%, 75.2%, 72.0%, 66.2%, 85.6%, 67.8%, 75.0%, 66.2%, 70.0%, 74.8%, 75.4%, 67.4%, 78.0%, 68.6%, 71.0%, 60.4%, 20.0%]",,,,
16,parallel,7,7,0.18616384763157895,1.772023570537567,1.7203204035758972,0.0001111111111111111,67.83529411764707,"[59.6%, 75.2%, 72.0%, 66.2%, 85.6%, 67.8%, 75.0%, 66.2%, 70.0%, 74.8%, 75.4%, 67.4%, 78.0%, 68.6%, 71.0%, 60.4%, 20.0%]",,,,
16,parallel,8,8,0.18021890236842109,1.7347876936197282,1.6983797550201416,0.0001111111111111111,67.83529411764707,"[59.6%, 75.2%, 72.0%, 66.2%, 85.6%, 67.8%, 75.0%, 66.2%, 70.0%, 74.8%, 75.4%, 67.4%, 78.0%, 68.6%, 71.0%, 60.4%, 20.0%]",,,,
16,parallel,9,9,0.1743997760526316,1.6855741649866105,1.6671447604894638,0.0001111111111111111,67.83529411764707,"[59.6%, 75.2%, 72.0%, 66.2%, 85.6%, 67.8%, 75.0%, 66.2%, 70.0%, 74.8%, 75.4%, 67.4%, 78.0%, 68.6%, 71.0%, 60.4%, 20.0%]",,,,
16,parallel,10,10,0.16870646868421055,1.6633480042219162,1.6526722609996796,0.0001111111111111111,67.83529411764707,"[59.6%, 75.2%, 72.0%, 66.2%, 85.6%, 67.8%, 75.0%, 66.2%, 70.0%, 74.8%, 75.4%, 67.4%, 78.0%, 68.6%, 71.0%, 60.4%, 20.0%]",,,,
16,parallel,11,11,0.1631389802631579,1.6543496787548064,1.6415477395057678,0.0001111111111111111,67.83529411764707,"[59.6%, 75.2%, 72.0%, 66.2%, 85.6%, 67.8%, 75.0%, 66.2%, 70.0%, 74.8%, 75.4%, 67.4%, 78.0%, 68.6%, 71.0%, 60.4%, 20.0%]",,,,
16,parallel,12,12,0.1576973107894737,1.6637034714221954,1.6563250422477722,0.0001111111111111111,67.83529411764707,"[59.6%, 75.2%, 72.0%, 66.2%, 85.6%, 67.8%, 75.0%, 66.2%, 70.0%, 74.8%, 75.4%, 67.4%, 78.0%, 68.6%, 71.0%, 60.4%, 20.0%]",,,,
16,parallel,13,13,0.1523814602631579,1.6541260838508607,1.6445815116167068,0.0001111111111111111,67.83529411764707,"[59.6%, 75.2%, 72.0%, 66.2%, 85.6%, 67.8%, 75.0%, 66.2%, 70.0%, 74.8%, 75.4%, 67.4%, 78.0%, 68.6%, 71.0%, 60.4%, 20.0%]",,,,
16,parallel,14,14,0.14719142868421053,1.661364534497261,1.660408690571785,0.0001111111111111111,67.83529411764707,"[59.6%, 75.2%, 72.0%, 66.2%, 85.6%, 67.8%, 75.0%, 66.2%, 70.0%, 74.8%, 75.4%, 67.4%, 78.0%, 68.6%, 71.0%, 60.4%, 20.0%]",,,,
16,parallel,15,15,0.1421272160526316,1.5742659747600556,1.5329273790121078,0.0001111111111111111,68.3529411764706,"[59.6%, 75.2%, 72.0%, 66.2%, 85.6%, 67.8%, 75.0%, 66.2%, 70.0%, 74.8%, 75.4%, 67.4%, 78.0%, 68.6%, 71.0%, 60.4%, 28.8%]",,,,
16,parallel,16,16,0.13718882236842106,1.3572406083345414,1.3180001825094223,0.0001111111111111111,69.07058823529412,"[59.6%, 75.2%, 72.0%, 66.2%, 85.6%, 67.8%, 75.0%, 66.2%, 70.0%, 74.8%, 75.4%, 67.4%, 78.0%, 68.6%, 71.0%, 60.4%, 41.0%]",,,,
16,parallel,17,17,0.13237624763157896,1.2699959814548492,1.6363126263022423,0.0001111111111111111,68.28235294117647,"[59.6%, 75.2%, 72.0%, 66.2%, 85.6%, 67.8%, 75.0%, 66.2%, 70.0%, 74.8%, 75.4%, 67.4%, 78.0%, 68.6%, 71.0%, 60.4%, 27.6%]",,,,
16,parallel,18,18,0.12768949184210526,1.309920647740364,1.2758784964680672,0.0001111111111111111,69.14117647058823,"[59.6%, 75.2%, 72.0%, 66.2%, 85.6%, 67.8%, 75.0%, 66.2%, 70.0%, 74.8%, 75.4%, 67.4%, 78.0%, 68.6%, 71.0%, 60.4%, 42.2%]",,,,
16,parallel,19,19,0.12312855500000003,1.258054831624031,1.389187827706337,0.0001111111111111111,68.61176470588236,"[59.6%, 75.2%, 72.0%, 66.2%, 85.6%, 67.8%, 75.0%, 66.2%, 70.0%, 74.8%, 75.4%, 67.4%, 78.0%, 68.6%, 71.0%, 60.4%, 33.2%]",,,,
16,parallel,20,20,0.11869343710526317,1.248699951171875,1.25763089209795,0.0001111111111111111,68.96470588235294,"[59.6%, 75.2%, 72.0%, 66.2%, 85.6%, 67.8%, 75.0%, 66.2%, 70.0%, 74.8%, 75.4%, 67.4%, 78.0%, 68.6%, 71.0%, 60.4%, 39.2%]",,,,
16,parallel,21,21,0.11438413815789475,1.1665474474430084,1.237464889883995,0.0001111111111111111,69.16470588235293,"[59.6%, 75.2%, 72.0%, 66.2%, 85.6%, 67.8%, 75.0%, 66.2%, 70.0%, 74.8%, 75.4%, 67.4%, 78.0%, 68.6%, 71.0%, 60.4%, 42.6%]",,,,
16,parallel,22,22,0.11020065815789476,1.2279732376337051,1.2134561389684677,0.0001111111111111111,69.56470588235295,"[59.6%, 75.2%, 72.0%, 66.2%, 85.6%, 67.8%, 75.0%, 66.2%, 70.0%, 74.8%, 75.4%, 67.4%, 78.0%, 68.6%, 71.0%, 60.4%, 49.4%]",,,,
16,parallel,23,23,0.10614299710526318,1.2781756117939949,1.2971794605255127,0.0001111111111111111,69.02352941176471,"[59.6%, 75.2%, 72.0%, 66.2%, 85.6%, 67.8%, 75.0%, 66.2%, 70.0%, 74.8%, 75.4%, 67.4%, 78.0%, 68.6%, 71.0%, 60.4%, 40.2%]",,,,
16,parallel,24,24,0.102211155,1.190784713625908,1.1610205247998238,0.0001111111111111111,69.43529411764706,"[59.6%, 75.2%, 72.0%, 66.2%, 85.6%, 67.8%, 75.0%, 66.2%, 70.0%, 74.8%, 75.4%, 67.4%, 78.0%, 68.6%, 71.0%, 60.4%, 47.2%]",,,,
16,parallel,25,25,0.09840513184210527,1.1826306313276291,1.2578143775463104,0.0001111111111111111,69.29411764705883,"[59.6%, 75.2%, 72.0%, 66.2%, 85.6%, 67.8%, 75.0%, 66.2%, 70.0%, 74.8%, 75.4%, 67.4%, 78.0%, 68.6%, 71.0%, 60.4%, 44.8%]",,,,
16,parallel,26,26,0.09472492763157894,1.0910859405994415,1.2878569327294827,0.0001111111111111111,69.43529411764706,"[59.6%, 75.2%, 72.0%, 66.2%, 85.6%, 67.8%, 75.0%, 66.2%, 70.0%, 74.8%, 75.4%, 67.4%, 78.0%, 68.6%, 71.0%, 60.4%, 47.2%]",,,,
16,parallel,27,27,0.09117054236842104,1.2951127037405967,1.2147137746214867,0.0001111111111111111,69.16470588235293,"[59.6%, 75.2%, 72.0%, 66.2%, 85.6%, 67.8%, 75.0%, 66.2%, 70.0%, 74.8%, 75.4%, 67.4%, 78.0%, 68.6%, 71.0%, 60.4%, 42.6%]",,,,
16,parallel,28,28,0.08774197605263157,1.2345073729753495,1.2336126118898392,0.0001111111111111111,69.4235294117647,"[59.6%, 75.2%, 72.0%, 66.2%, 85.6%, 67.8%, 75.0%, 66.2%, 70.0%, 74.8%, 75.4%, 67.4%, 78.0%, 68.6%, 71.0%, 60.4%, 47.0%]",,,,
16,parallel,29,29,0.08443922868421053,1.2298706963658332,1.3472146019339561,0.0001111111111111111,69.12941176470588,"[59.6%, 75.2%, 72.0%, 66.2%, 85.6%, 67.8%, 75.0%, 66.2%, 70.0%, 74.8%, 75.4%, 67.4%, 78.0%, 68.6%, 71.0%, 60.4%, 42.0%]",,,,
16,parallel,30,30,0.0812623002631579,1.1246377289295197,1.280882827937603,0.0001111111111111111,69.41176470588235,"[59.6%, 75.2%, 72.0%, 66.2%, 85.6%, 67.8%, 75.0%, 66.2%, 70.0%, 74.8%, 75.4%, 67.4%, 78.0%, 68.6%, 71.0%, 60.4%, 46.8%]",,,,
16,parallel,31,31,0.0782111907894737,1.076263900101185,1.2334714941680431,0.0001111111111111111,69.48235294117647,"[59.6%, 75.2%, 72.0%, 66.2%, 85.6%, 67.8%, 75.0%, 66.2%, 70.0%, 74.8%, 75.4%, 67.4%, 78.0%, 68.6%, 71.0%, 60.4%, 48.0%]",,,,
16,parallel,32,32,0.0752859002631579,1.4285059154033661,1.3707195669412613,0.0001111111111111111,68.92941176470588,"[59.6%, 75.2%, 72.0%, 66.2%, 85.6%, 67.8%, 75.0%, 66.2%, 70.0%, 74.8%, 75.4%, 67.4%, 78.0%, 68.6%, 71.0%, 60.4%, 38.6%]",,,,
16,parallel,33,33,0.07248642868421054,1.2104706019163132,1.1768453642725945,0.0001111111111111111,69.29411764705883,"[59.6%, 75.2%, 72.0%, 66.2%, 85.6%, 67.8%, 75.0%, 66.2%, 70.0%, 74.8%, 75.4%, 67.4%, 78.0%, 68.6%, 71.0%, 60.4%, 44.8%]",,,,
16,parallel,34,34,0.06981277605263159,1.2273677065968513,1.2141264379024506,0.0001111111111111111,69.08235294117648,"[59.6%, 75.2%, 72.0%, 66.2%, 85.6%, 67.8%, 75.0%, 66.2%, 70.0%, 74.8%, 75.4%, 67.4%, 78.0%, 68.6%, 71.0%, 60.4%, 41.2%]",,,,
16,parallel,35,35,0.06726494236842107,1.1465753018856049,1.194755144417286,0.0001111111111111111,69.2235294117647,"[59.6%, 75.2%, 72.0%, 66.2%, 85.6%, 67.8%, 75.0%, 66.2%, 70.0%, 74.8%, 75.4%, 67.4%, 78.0%, 68.6%, 71.0%, 60.4%, 43.6%]",,,,
16,parallel,36,36,0.06484292763157895,1.113901150226593,1.1892301067709923,0.0001111111111111111,69.52941176470588,"[59.6%, 75.2%, 72.0%, 66.2%, 85.6%, 67.8%, 75.0%, 66.2%, 70.0%, 74.8%, 75.4%, 67.4%, 78.0%, 68.6%, 71.0%, 60.4%, 48.8%]",,,,
16,parallel,37,37,0.06254673184210527,1.0764736965298654,1.0998594835400581,0.0001111111111111111,69.4235294117647,"[59.6%, 75.2%, 72.0%, 66.2%, 85.6%, 67.8%, 75.0%, 66.2%, 70.0%, 74.8%, 75.4%, 67.4%, 78.0%, 68.6%, 71.0%, 60.4%, 47.0%]",,,,
16,parallel,38,38,0.060376355,1.2545470952987672,1.2032082602381706,0.0001111111111111111,69.52941176470588,"[59.6%, 75.2%, 72.0%, 66.2%, 85.6%, 67.8%, 75.0%, 66.2%, 70.0%, 74.8%, 75.4%, 67.4%, 78.0%, 68.6%, 71.0%, 60.4%, 48.8%]",,,,
16,parallel,39,39,0.05833179710526316,1.1281499356031417,1.2171714380383492,0.0001111111111111111,69.29411764705883,"[59.6%, 75.2%, 72.0%, 66.2%, 85.6%, 67.8%, 75.0%, 66.2%, 70.0%, 74.8%, 75.4%, 67.4%, 78.0%, 68.6%, 71.0%, 60.4%, 44.8%]",,,,
16,parallel,40,40,0.05641305815789474,1.2100189119577407,1.2100911289453506,0.0001111111111111111,69.43529411764706,"[59.6%, 75.2%, 72.0%, 66.2%, 85.6%, 67.8%, 75.0%, 66.2%, 70.0%, 74.8%, 75.4%, 67.4%, 78.0%, 68.6%, 71.0%, 60.4%, 47.2%]",,,,
16,parallel,41,41,0.054620138157894745,1.466067650914192,1.3534827306866646,0.0001111111111111111,69.2235294117647,"[59.6%, 75.2%, 72.0%, 66.2%, 85.6%, 67.8%, 75.0%, 66.2%, 70.0%, 74.8%, 75.4%, 67.4%, 78.0%, 68.6%, 71.0%, 60.4%, 43.6%]",,,,
16,parallel,42,42,0.05295303710526316,1.192372578382492,1.2304299846291542,0.0001111111111111111,69.2235294117647,"[59.6%, 75.2%, 72.0%, 66.2%, 85.6%, 67.8%, 75.0%, 66.2%, 70.0%, 74.8%, 75.4%, 67.4%, 78.0%, 68.6%, 71.0%, 60.4%, 43.6%]",,,,
16,parallel,43,43,0.051411755,1.1555691599845885,1.2591916769742966,0.0001111111111111111,69.23529411764706,"[59.6%, 75.2%, 72.0%, 66.2%, 85.6%, 67.8%, 75.0%, 66.2%, 70.0%, 74.8%, 75.4%, 67.4%, 78.0%, 68.6%, 71.0%, 60.4%, 43.8%]",,,,
16,parallel,44,44,0.049996291842105266,1.148276510834694,1.1753088757395744,0.0001111111111111111,69.15294117647059,"[59.6%, 75.2%, 72.0%, 66.2%, 85.6%, 67.8%, 75.0%, 66.2%, 70.0%, 74.8%, 75.4%, 67.4%, 78.0%, 68.6%, 71.0%, 60.4%, 42.4%]",,,,
16,parallel,45,45,0.04870664763157895,1.1288040280342102,1.2540047392249107,0.0001111111111111111,69.27058823529413,"[59.6%, 75.2%, 72.0%, 66.2%, 85.6%, 67.8%, 75.0%, 66.2%, 70.0%, 74.8%, 75.4%, 67.4%, 78.0%, 68.6%, 71.0%, 60.4%, 44.4%]",,,,
16,parallel,46,46,0.047542822368421056,1.0895505875349045,1.2167079895734787,0.0001111111111111111,69.36470588235295,"[59.6%, 75.2%, 72.0%, 66.2%, 85.6%, 67.8%, 75.0%, 66.2%, 70.0%, 74.8%, 75.4%, 67.4%, 78.0%, 68.6%, 71.0%, 60.4%, 46.0%]",,,,
16,parallel,47,47,0.046504816052631584,1.409183731675148,1.2499052807688713,0.0001111111111111111,69.58823529411765,"[59.6%, 75.2%, 72.0%, 66.2%, 85.6%, 67.8%, 75.0%, 66.2%, 70.0%, 74.8%, 75.4%, 67.4%, 78.0%, 68.6%, 71.0%, 60.4%, 49.8%]",,,,
16,parallel,48,48,0.04559262868421053,1.2073556154966354,1.2211120575666428,0.0001111111111111111,69.63529411764705,"[59.6%, 75.2%, 72.0%, 66.2%, 85.6%, 67.8%, 75.0%, 66.2%, 70.0%, 74.8%, 75.4%, 67.4%, 78.0%, 68.6%, 71.0%, 60.4%, 50.6%]",,,,
16,parallel,49,49,0.0448062602631579,1.1552565932273864,1.434486709535122,0.0001111111111111111,69.0,"[59.6%, 75.2%, 72.0%, 66.2%, 85.6%, 67.8%, 75.0%, 66.2%, 70.0%, 74.8%, 75.4%, 67.4%, 78.0%, 68.6%, 71.0%, 60.4%, 39.8%]",,,,
16,parallel,50,50,0.044145710789473686,1.1393145725131035,1.1690595373511314,0.0001111111111111111,69.62352941176471,"[59.6%, 75.2%, 72.0%, 66.2%, 85.6%, 67.8%, 75.0%, 66.2%, 70.0%, 74.8%, 75.4%, 67.4%, 78.0%, 68.6%, 71.0%, 60.4%, 50.4%]",,,,
16,parallel,51,51,0.0436109802631579,1.0992194056510924,1.1724040657281876,0.0001111111111111111,69.65882352941176,"[59.6%, 75.2%, 72.0%, 66.2%, 85.6%, 67.8%, 75.0%, 66.2%, 70.0%, 74.8%, 75.4%, 67.4%, 78.0%, 68.6%, 71.0%, 60.4%, 51.0%]",,,,
16,parallel,52,52,0.04320206868421053,1.0622925773262977,1.1049436777830124,0.0001111111111111111,69.72941176470589,"[59.6%, 75.2%, 72.0%, 66.2%, 85.6%, 67.8%, 75.0%, 66.2%, 70.0%, 74.8%, 75.4%, 67.4%, 78.0%, 68.6%, 71.0%, 60.4%, 52.2%]",,,,
16,parallel,53,53,0.042918976052631584,1.1048683121800422,1.24263995885849,0.0001111111111111111,69.51764705882353,"[59.6%, 75.2%, 72.0%, 66.2%, 85.6%, 67.8%, 75.0%, 66.2%, 70.0%, 74.8%, 75.4%, 67.4%, 78.0%, 68.6%, 71.0%, 60.4%, 48.6%]",,,,
16,parallel,54,54,0.042761702368421056,1.0792548164725304,1.1057598069310188,0.0001111111111111111,69.87058823529412,"[59.6%, 75.2%, 72.0%, 66.2%, 85.6%, 67.8%, 75.0%, 66.2%, 70.0%, 74.8%, 75.4%, 67.4%, 78.0%, 68.6%, 71.0%, 60.4%, 54.6%]",,,,
16,parallel,55,55,0.04272631578947369,1.074386252462864,1.1439967043697834,0.0001111111111111111,69.76470588235294,"[59.6%, 75.2%, 72.0%, 66.2%, 85.6%, 67.8%, 75.0%, 66.2%, 70.0%, 74.8%, 75.4%, 67.4%, 78.0%, 68.6%, 71.0%, 60.4%, 52.8%]",,,,
16,weights,1,56,0.04272631578947369,1.0313813641667366,1.0612227618694305,0.0001111111111111111,69.88235294117646,"[59.6%, 75.2%, 72.0%, 66.2%, 85.6%, 67.8%, 75.0%, 66.2%, 70.0%, 74.8%, 75.4%, 67.4%, 78.0%, 68.6%, 71.0%, 60.4%, 54.8%]",,,,
16,weights,2,57,0.04272631578947369,1.002511328458786,1.0648898556828499,0.0001111111111111111,69.98823529411764,"[59.6%, 75.2%, 72.0%, 66.2%, 85.6%, 67.8%, 75.0%, 66.2%, 70.0%, 74.8%, 75.4%, 67.4%, 78.0%, 68.6%, 71.0%, 60.4%, 56.6%]",,,,
16,weights,3,58,0.04272631578947369,1.0045964896678925,1.127360612154007,0.0001111111111111111,69.80000000000001,"[59.6%, 75.2%, 72.0%, 66.2%, 85.6%, 67.8%, 75.0%, 66.2%, 70.0%, 74.8%, 75.4%, 67.4%, 78.0%, 68.6%, 71.0%, 60.4%, 53.4%]",,,,
16,weights,4,59,0.04272631578947369,0.9784087225794792,1.0731967091560364,0.0001111111111111111,70.04705882352941,"[59.6%, 75.2%, 72.0%, 66.2%, 85.6%, 67.8%, 75.0%, 66.2%, 70.0%, 74.8%, 75.4%, 67.4%, 78.0%, 68.6%, 71.0%, 60.4%, 57.6%]",,,,
16,weights,5,60,0.04272631578947369,0.9672307506203651,1.1004711724817753,0.0001111111111111111,70.02352941176471,"[59.6%, 75.2%, 72.0%, 66.2%, 85.6%, 67.8%, 75.0%, 66.2%, 70.0%, 74.8%, 75.4%, 67.4%, 78.0%, 68.6%, 71.0%, 60.4%, 57.2%]",,,,
16,weights,6,61,0.04272631578947369,0.9889922440052032,1.054909285157919,0.0001111111111111111,70.05882352941177,"[59.6%, 75.2%, 72.0%, 66.2%, 85.6%, 67.8%, 75.0%, 66.2%, 70.0%, 74.8%, 75.4%, 67.4%, 78.0%, 68.6%, 71.0%, 60.4%, 57.8%]",,,,
16,weights,7,62,0.04272631578947369,0.962360255420208,1.050757322460413,0.0001111111111111111,70.0,"[59.6%, 75.2%, 72.0%, 66.2%, 85.6%, 67.8%, 75.0%, 66.2%, 70.0%, 74.8%, 75.4%, 67.4%, 78.0%, 68.6%, 71.0%, 60.4%, 56.8%]",,,,
16,weights,8,63,0.04272631578947369,0.9592871733009816,1.0206226371228695,0.0001111111111111111,70.04705882352941,"[59.6%, 75.2%, 72.0%, 66.2%, 85.6%, 67.8%, 75.0%, 66.2%, 70.0%, 74.8%, 75.4%, 67.4%, 78.0%, 68.6%, 71.0%, 60.4%, 57.6%]",,,,
16,weights,9,64,0.04272631578947369,0.9769673377275467,1.0148064196109772,0.0001111111111111111,70.02352941176471,"[59.6%, 75.2%, 72.0%, 66.2%, 85.6%, 67.8%, 75.0%, 66.2%, 70.0%, 74.8%, 75.4%, 67.4%, 78.0%, 68.6%, 71.0%, 60.4%, 57.2%]",,,,
16,weights,10,65,0.04272631578947369,0.9349376574158669,1.051230326294899,0.0001111111111111111,70.0,"[59.6%, 75.2%, 72.0%, 66.2%, 85.6%, 67.8%, 75.0%, 66.2%, 70.0%, 74.8%, 75.4%, 67.4%, 78.0%, 68.6%, 71.0%, 60.4%, 56.8%]",,,,
16,weights,11,66,0.04272631578947369,0.9379911407828331,1.0325093194842339,0.0001111111111111111,70.08235294117648,"[59.6%, 75.2%, 72.0%, 66.2%, 85.6%, 67.8%, 75.0%, 66.2%, 70.0%, 74.8%, 75.4%, 67.4%, 78.0%, 68.6%, 71.0%, 60.4%, 58.2%]",,,,
16,weights,12,67,0.04272631578947369,0.9247253313660622,1.0157228894531727,0.0001111111111111111,70.27058823529413,"[59.6%, 75.2%, 72.0%, 66.2%, 85.6%, 67.8%, 75.0%, 66.2%, 70.0%, 74.8%, 75.4%, 67.4%, 78.0%, 68.6%, 71.0%, 60.4%, 61.4%]",,,,
16,weights,13,68,0.04272631578947369,0.9229579463601112,1.0586484372615814,0.0001111111111111111,70.10588235294118,"[59.6%, 75.2%, 72.0%, 66.2%, 85.6%, 67.8%, 75.0%, 66.2%, 70.0%, 74.8%, 75.4%, 67.4%, 78.0%, 68.6%, 71.0%, 60.4%, 58.6%]",,,,
16,weights,14,69,0.04272631578947369,0.8940100904554129,1.0173025503754616,0.0001111111111111111,70.16470588235293,"[59.6%, 75.2%, 72.0%, 66.2%, 85.6%, 67.8%, 75.0%, 66.2%, 70.0%, 74.8%, 75.4%, 67.4%, 78.0%, 68.6%, 71.0%, 60.4%, 59.6%]",,,,
16,weights,15,70,0.04272631578947369,0.9132811069488526,0.9517337456345558,0.0001111111111111111,70.27058823529413,"[59.6%, 75.2%, 72.0%, 66.2%, 85.6%, 67.8%, 75.0%, 66.2%, 70.0%, 74.8%, 75.4%, 67.4%, 78.0%, 68.6%, 71.0%, 60.4%, 61.4%]",,,,
16,weights,16,71,0.04272631578947369,0.9226566269993782,0.9959833286702633,0.0001111111111111111,70.16470588235293,"[59.6%, 75.2%, 72.0%, 66.2%, 85.6%, 67.8%, 75.0%, 66.2%, 70.0%, 74.8%, 75.4%, 67.4%, 78.0%, 68.6%, 71.0%, 60.4%, 59.6%]",,,,
16,weights,17,72,0.04272631578947369,0.9122384518384934,1.0269079208374023,0.0001111111111111111,70.14117647058823,"[59.6%, 75.2%, 72.0%, 66.2%, 85.6%, 67.8%, 75.0%, 66.2%, 70.0%, 74.8%, 75.4%, 67.4%, 78.0%, 68.6%, 71.0%, 60.4%, 59.2%]",,,,
16,weights,18,73,0.04272631578947369,0.8963316708803177,1.0227159932255745,0.0001111111111111111,70.10588235294118,"[59.6%, 75.2%, 72.0%, 66.2%, 85.6%, 67.8%, 75.0%, 66.2%, 70.0%, 74.8%, 75.4%, 67.4%, 78.0%, 68.6%, 71.0%, 60.4%, 58.6%]",,,,
16,weights,19,74,0.04272631578947369,0.9113158017396927,1.0099098831415176,0.0001111111111111111,70.24705882352941,"[59.6%, 75.2%, 72.0%, 66.2%, 85.6%, 67.8%, 75.0%, 66.2%, 70.0%, 74.8%, 75.4%, 67.4%, 78.0%, 68.6%, 71.0%, 60.4%, 61.0%]",,,,
16,weights,20,75,0.04272631578947369,0.8971782058477402,1.0715522021055222,0.0001111111111111111,70.17647058823529,"[59.6%, 75.2%, 72.0%, 66.2%, 85.6%, 67.8%, 75.0%, 66.2%, 70.0%, 74.8%, 75.4%, 67.4%, 78.0%, 68.6%, 71.0%, 60.4%, 59.8%]",,,,
16,weights,21,76,0.04272631578947369,0.8728741884231568,0.95317742228508,0.0001111111111111111,70.28235294117647,"[59.6%, 75.2%, 72.0%, 66.2%, 85.6%, 67.8%, 75.0%, 66.2%, 70.0%, 74.8%, 75.4%, 67.4%, 78.0%, 68.6%, 71.0%, 60.4%, 61.6%]",,,,
16,weights,22,77,0.04272631578947369,0.8810142830014229,0.9916056022047997,0.0001111111111111111,70.24705882352941,"[59.6%, 75.2%, 72.0%, 66.2%, 85.6%, 67.8%, 75.0%, 66.2%, 70.0%, 74.8%, 75.4%, 67.4%, 78.0%, 68.6%, 71.0%, 60.4%, 61.0%]",,,,
16,weights,23,78,0.04272631578947369,0.8514044135808945,0.9066567532718182,0.0001111111111111111,70.28235294117647,"[59.6%, 75.2%, 72.0%, 66.2%, 85.6%, 67.8%, 75.0%, 66.2%, 70.0%, 74.8%, 75.4%, 67.4%, 78.0%, 68.6%, 71.0%, 60.4%, 61.6%]",,,,
16,weights,24,79,0.04272631578947369,0.8603100255131721,1.073686607182026,0.0001111111111111111,70.16470588235293,"[59.6%, 75.2%, 72.0%, 66.2%, 85.6%, 67.8%, 75.0%, 66.2%, 70.0%, 74.8%, 75.4%, 67.4%, 78.0%, 68.6%, 71.0%, 60.4%, 59.6%]",,,,
16,weights,25,80,0.04272631578947369,0.8718222923576832,1.0040218308568,0.0001111111111111111,70.25882352941177,"[59.6%, 75.2%, 72.0%, 66.2%, 85.6%, 67.8%, 75.0%, 66.2%, 70.0%, 74.8%, 75.4%, 67.4%, 78.0%, 68.6%, 71.0%, 60.4%, 61.2%]",37.917647058823526,"[0.0%, 59.2%, 57.0%, 10.4%, 85.6%, 28.4%, 75.0%, 33.4%, 21.4%, 39.4%, 30.8%, 27.8%, 78.0%, 31.0%, 10.8%, 23.8%, 32.6%]",39.98823529411765,"[45.6%, 59.2%, 37.4%, 19.2%, 74.6%, 35.8%, 46.8%, 17.0%, 61.4%, 48.0%, 36.8%, 26.4%, 44.8%, 45.6%, 8.4%, 35.2%, 37.6%]"
17,parallel,1,1,0.15,15.935123896598816,11.265103816986084,0.0001111111111111111,66.35555555555555,"[59.6%, 75.2%, 72.0%, 66.2%, 85.6%, 67.8%, 75.0%, 66.2%, 70.0%, 74.8%, 75.4%, 67.4%, 78.0%, 68.6%, 71.0%, 60.4%, 61.2%, 0.0%]",,,,
17,parallel,2,2,0.15,9.652612400054931,8.217730462551117,0.0001111111111111111,66.35555555555555,"[59.6%, 75.2%, 72.0%, 66.2%, 85.6%, 67.8%, 75.0%, 66.2%, 70.0%, 74.8%, 75.4%, 67.4%, 78.0%, 68.6%, 71.0%, 60.4%, 61.2%, 0.0%]",,,,
17,parallel,3,3,0.15,7.08578222990036,5.9248366355896,0.0001111111111111111,66.35555555555555,"[59.6%, 75.2%, 72.0%, 66.2%, 85.6%, 67.8%, 75.0%, 66.2%, 70.0%, 74.8%, 75.4%, 67.4%, 78.0%, 68.6%, 71.0%, 60.4%, 61.2%, 0.0%]",,,,
17,parallel,4,4,0.15,4.931309175491333,3.9360489547252655,0.0001111111111111111,66.35555555555555,"[59.6%, 75.2%, 72.0%, 66.2%, 85.6%, 67.8%, 75.0%, 66.2%, 70.0%, 74.8%, 75.4%, 67.4%, 78.0%, 68.6%, 71.0%, 60.4%, 61.2%, 0.0%]",,,,
17,parallel,5,5,0.14891955,3.177457517385483,2.4839324355125427,0.0001111111111111111,66.35555555555555,"[59.6%, 75.2%, 72.0%, 66.2%, 85.6%, 67.8%, 75.0%, 66.2%, 70.0%, 74.8%, 75.4%, 67.4%, 78.0%, 68.6%, 71.0%, 60.4%, 61.2%, 0.0%]",,,,
17,parallel,6,6,0.14465190789473684,2.16315458714962,1.8912628591060638,0.0001111111111111111,67.46666666666667,"[59.6%, 75.2%, 72.0%, 66.2%, 85.6%, 67.8%, 75.0%, 66.2%, 70.0%, 74.8%, 75.4%, 67.4%, 78.0%, 68.6%, 71.0%, 60.4%, 61.2%, 20.0%]",,,,
17,parallel,7,7,0.14047091842105264,1.9221341997385024,1.7932652533054352,0.0001111111111111111,67.46666666666667,"[59.6%, 75.2%, 72.0%, 66.2%, 85.6%, 67.8%, 75.0%, 66.2%, 70.0%, 74.8%, 75.4%, 67.4%, 78.0%, 68.6%, 71.0%, 60.4%, 61.2%, 20.0%]",,,,
17,parallel,8,8,0.1363765815789474,1.7478226840496063,1.7100396901369095,0.0001111111111111111,67.46666666666667,"[59.6%, 75.2%, 72.0%, 66.2%, 85.6%, 67.8%, 75.0%, 66.2%, 70.0%, 74.8%, 75.4%, 67.4%, 78.0%, 68.6%, 71.0%, 60.4%, 61.2%, 20.0%]",,,,
17,parallel,9,9,0.13236889736842106,1.823592957854271,1.7611866295337677,0.0001111111111111111,67.46666666666667,"[59.6%, 75.2%, 72.0%, 66.2%, 85.6%, 67.8%, 75.0%, 66.2%, 70.0%, 74.8%, 75.4%, 67.4%, 78.0%, 68.6%, 71.0%, 60.4%, 61.2%, 20.0%]",,,,
17,parallel,10,10,0.12844786578947368,1.785057944059372,1.7447329312562943,0.0001111111111111111,67.46666666666667,"[59.6%, 75.2%, 72.0%, 66.2%, 85.6%, 67.8%, 75.0%, 66.2%, 70.0%, 74.8%, 75.4%, 67.4%, 78.0%, 68.6%, 71.0%, 60.4%, 61.2%, 20.0%]",,,,
17,parallel,11,11,0.12461348684210526,1.9323462337255477,1.8299978375434875,0.0001111111111111111,67.46666666666667,"[59.6%, 75.2%, 72.0%, 66.2%, 85.6%, 67.8%, 75.0%, 66.2%, 70.0%, 74.8%, 75.4%, 67.4%, 78.0%, 68.6%, 71.0%, 60.4%, 61.2%, 20.0%]",,,,
17,parallel,12,12,0.12086576052631579,1.893659108877182,1.8124627619981766,0.0001111111111111111,67.46666666666667,"[59.6%, 75.2%, 72.0%, 66.2%, 85.6%, 67.8%, 75.0%, 66.2%, 70.0%, 74.8%, 75.4%, 67.4%, 78.0%, 68.6%, 71.0%, 60.4%, 61.2%, 20.0%]",,,,
17,parallel,13,13,0.11720468684210526,1.7528757363557816,1.7090926468372345,0.0001111111111111111,67.46666666666667,"[59.6%, 75.2%, 72.0%, 66.2%, 85.6%, 67.8%, 75.0%, 66.2%, 70.0%, 74.8%, 75.4%, 67.4%, 78.0%, 68.6%, 71.0%, 60.4%, 61.2%, 20.0%]",,,,
17,parallel,14,14,0.11363026578947368,1.6887448966503142,1.6700662225484848,0.0001111111111111111,67.46666666666667,"[59.6%, 75.2%, 72.0%, 66.2%, 85.6%, 67.8%, 75.0%, 66.2%, 70.0%, 74.8%, 75.4%, 67.4%, 78.0%, 68.6%, 71.0%, 60.4%, 61.2%, 20.0%]",,,,
17,parallel,15,15,0.11014249736842106,1.6657143771648406,1.65455861389637,0.0001111111111111111,67.46666666666667,"[59.6%, 75.2%, 72.0%, 66.2%, 85.6%, 67.8%, 75.0%, 66.2%, 70.0%, 74.8%, 75.4%, 67.4%, 78.0%, 68.6%, 71.0%, 60.4%, 61.2%, 20.0%]",,,,
17,parallel,16,16,0.10674138157894737,1.654275980591774,1.6459315121173859,0.0001111111111111111,67.46666666666667,"[59.6%, 75.2%, 72.0%, 66.2%, 85.6%, 67.8%, 75.0%, 66.2%, 70.0%, 74.8%, 75.4%, 67.4%, 78.0%, 68.6%, 71.0%, 60.4%, 61.2%, 20.0%]",,,,
17,parallel,17,17,0.10342691842105263,1.6463162630796433,1.639188900589943,0.0001111111111111111,67.46666666666667,"[59.6%, 75.2%, 72.0%, 66.2%, 85.6%, 67.8%, 75.0%, 66.2%, 70.0%, 74.8%, 75.4%, 67.4%, 78.0%, 68.6%, 71.0%, 60.4%, 61.2%, 20.0%]",,,,
17,parallel,18,18,0.10019910789473684,1.7172663778066635,1.6871928721666336,0.0001111111111111111,67.46666666666667,"[59.6%, 75.2%, 72.0%, 66.2%, 85.6%, 67.8%, 75.0%, 66.2%, 70.0%, 74.8%, 75.4%, 67.4%, 78.0%, 68.6%, 71.0%, 60.4%, 61.2%, 20.0%]",,,,
17,parallel,19,19,0.09705795000000002,1.6758808106184007,1.6618839353322983,0.0001111111111111111,67.46666666666667,"[59.6%, 75.2%, 72.0%, 66.2%, 85.6%, 67.8%, 75.0%, 66.2%, 70.0%, 74.8%, 75.4%, 67.4%, 78.0%, 68.6%, 71.0%, 60.4%, 61.2%, 20.0%]",,,,
17,parallel,20,20,0.0940034447368421,1.6563400089740754,1.649733543395996,0.0001111111111111111,67.46666666666667,"[59.6%, 75.2%, 72.0%, 66.2%, 85.6%, 67.8%, 75.0%, 66.2%, 70.0%, 74.8%, 75.4%, 67.4%, 78.0%, 68.6%, 71.0%, 60.4%, 61.2%, 20.0%]",,,,
17,parallel,21,21,0.09103559210526316,1.6515094757080078,1.6417136937379837,0.0001111111111111111,67.46666666666667,"[59.6%, 75.2%, 72.0%, 66.2%, 85.6%, 67.8%, 75.0%, 66.2%, 70.0%, 74.8%, 75.4%, 67.4%, 78.0%, 68.6%, 71.0%, 60.4%, 61.2%, 20.0%]",,,,
17,parallel,22,22,0.08815439210526316,1.6413852155208588,1.6351367086172104,0.0001111111111111111,67.42222222222223,"[59.6%, 75.2%, 72.0%, 66.2%, 85.6%, 67.8%, 75.0%, 66.2%, 70.0%, 74.8%, 75.4%, 67.4%, 78.0%, 68.6%, 71.0%, 60.4%, 61.2%, 19.2%]",,,,
17,parallel,23,23,0.0853598447368421,1.6360981732606887,1.6331819891929626,0.0001111111111111111,67.46666666666667,"[59.6%, 75.2%, 72.0%, 66.2%, 85.6%, 67.8%, 75.0%, 66.2%, 70.0%, 74.8%, 75.4%, 67.4%, 78.0%, 68.6%, 71.0%, 60.4%, 61.2%, 20.0%]",,,,
17,parallel,24,24,0.08265195,1.6319997757673264,1.6276704519987106,0.0001111111111111111,67.46666666666667,"[59.6%, 75.2%, 72.0%, 66.2%, 85.6%, 67.8%, 75.0%, 66.2%, 70.0%, 74.8%, 75.4%, 67.4%, 78.0%, 68.6%, 71.0%, 60.4%, 61.2%, 20.0%]",,,,
17,parallel,25,25,0.08003070789473685,1.632524883747101,1.6287397742271423,0.0001111111111111111,67.46666666666667,"[59.6%, 75.2%, 72.0%, 66.2%, 85.6%, 67.8%, 75.0%, 66.2%, 70.0%, 74.8%, 75.4%, 67.4%, 78.0%, 68.6%, 71.0%, 60.4%, 61.2%, 20.0%]",,,,
17,parallel,26,26,0.07749611842105263,1.6282846659421921,1.6236805617809296,0.0001111111111111111,67.46666666666667,"[59.6%, 75.2%, 72.0%, 66.2%, 85.6%, 67.8%, 75.0%, 66.2%, 70.0%, 74.8%, 75.4%, 67.4%, 78.0%, 68.6%, 71.0%, 60.4%, 61.2%, 20.0%]",,,,
17,parallel,27,27,0.07504818157894737,1.6817764431238174,1.6676718294620514,0.0001111111111111111,67.46666666666667,"[59.6%, 75.2%, 72.0%, 66.2%, 85.6%, 67.8%, 75.0%, 66.2%, 70.0%, 74.8%, 75.4%, 67.4%, 78.0%, 68.6%, 71.0%, 60.4%, 61.2%, 20.0%]",,,,
17,parallel,28,28,0.07268689736842104,1.8459936171770095,1.7479903101921082,0.0001111111111111111,67.46666666666667,"[59.6%, 75.2%, 72.0%, 66.2%, 85.6%, 67.8%, 75.0%, 66.2%, 70.0%, 74.8%, 75.4%, 67.4%, 78.0%, 68.6%, 71.0%, 60.4%, 61.2%, 20.0%]",,,,
17,parallel,29,29,0.07041226578947368,1.7129130989313126,1.6854757517576218,0.0001111111111111111,67.46666666666667,"[59.6%, 75.2%, 72.0%, 66.2%, 85.6%, 67.8%, 75.0%, 66.2%, 70.0%, 74.8%, 75.4%, 67.4%, 78.0%, 68.6%, 71.0%, 60.4%, 61.2%, 20.0%]",,,,
17,parallel,30,30,0.06822428684210527,1.6795907407999038,1.664009004831314,0.0001111111111111111,67.46666666666667,"[59.6%, 75.2%, 72.0%, 66.2%, 85.6%, 67.8%, 75.0%, 66.2%, 70.0%, 74.8%, 75.4%, 67.4%, 78.0%, 68.6%, 71.0%, 60.4%, 61.2%, 20.0%]",,,,
17,parallel,31,31,0.06612296052631579,1.6593131333589555,1.6506975889205933,0.0001111111111111111,67.46666666666667,"[59.6%, 75.2%, 72.0%, 66.2%, 85.6%, 67.8%, 75.0%, 66.2%, 70.0%, 74.8%, 75.4%, 67.4%, 78.0%, 68.6%, 71.0%, 60.4%, 61.2%, 20.0%]",,,,
17,parallel,32,32,0.06410828684210526,1.6499488830566407,1.6438775658607483,0.0001111111111111111,67.46666666666667,"[59.6%, 75.2%, 72.0%, 66.2%, 85.6%, 67.8%, 75.0%, 66.2%, 70.0%, 74.8%, 75.4%, 67.4%, 78.0%, 68.6%, 71.0%, 60.4%, 61.2%, 20.0%]",,,,
17,parallel,33,33,0.06218026578947369,1.6479969263076781,1.6361202001571655,0.0001111111111111111,67.46666666666667,"[59.6%, 75.2%, 72.0%, 66.2%, 85.6%, 67.8%, 75.0%, 66.2%, 70.0%, 74.8%, 75.4%, 67.4%, 78.0%, 68.6%, 71.0%, 60.4%, 61.2%, 20.0%]",,,,
17,parallel,34,34,0.06033889736842106,1.6367799788713455,1.6318410336971283,0.0001111111111111111,67.46666666666667,"[59.6%, 75.2%, 72.0%, 66.2%, 85.6%, 67.8%, 75.0%, 66.2%, 70.0%, 74.8%, 75.4%, 67.4%, 78.0%, 68.6%, 71.0%, 60.4%, 61.2%, 20.0%]",,,,
17,parallel,35,35,0.058584181578947375,1.634207546710968,1.6303086429834366,0.0001111111111111111,67.46666666666667,"[59.6%, 75.2%, 72.0%, 66.2%, 85.6%, 67.8%, 75.0%, 66.2%, 70.0%, 74.8%, 75.4%, 67.4%, 78.0%, 68.6%, 71.0%, 60.4%, 61.2%, 20.0%]",,,,
17,parallel,36,36,0.05691611842105264,1.6287762343883514,1.6250579357147217,0.0001111111111111111,67.46666666666667,"[59.6%, 75.2%, 72.0%, 66.2%, 85.6%, 67.8%, 75.0%, 66.2%, 70.0%, 74.8%, 75.4%, 67.4%, 78.0%, 68.6%, 71.0%, 60.4%, 61.2%, 20.0%]",,,,
17,parallel,37,37,0.05533470789473685,1.6251299768686294,1.6088906973600388,0.0001111111111111111,68.22222222222223,"[59.6%, 75.2%, 72.0%, 66.2%, 85.6%, 67.8%, 75.0%, 66.2%, 70.0%, 74.8%, 75.4%, 67.4%, 78.0%, 68.6%, 71.0%, 60.4%, 61.2%, 33.6%]",,,,
17,parallel,38,38,0.053839950000000004,1.552140286564827,1.506012886762619,0.0001111111111111111,68.12222222222222,"[59.6%, 75.2%, 72.0%, 66.2%, 85.6%, 67.8%, 75.0%, 66.2%, 70.0%, 74.8%, 75.4%, 67.4%, 78.0%, 68.6%, 71.0%, 60.4%, 61.2%, 31.8%]",,,,
17,parallel,39,39,0.052431844736842106,1.4543523371219635,1.4104415625333786,0.0001111111111111111,68.26666666666668,"[59.6%, 75.2%, 72.0%, 66.2%, 85.6%, 67.8%, 75.0%, 66.2%, 70.0%, 74.8%, 75.4%, 67.4%, 78.0%, 68.6%, 71.0%, 60.4%, 61.2%, 34.4%]",,,,
17,parallel,40,40,0.051110392105263164,1.3975665748119355,1.3836502432823181,0.0001111111111111111,68.30000000000001,"[59.6%, 75.2%, 72.0%, 66.2%, 85.6%, 67.8%, 75.0%, 66.2%, 70.0%, 74.8%, 75.4%, 67.4%, 78.0%, 68.6%, 71.0%, 60.4%, 61.2%, 35.0%]",,,,
17,parallel,41,41,0.04987559210526316,1.447140207886696,1.4320635199546814,0.0001111111111111111,68.32222222222224,"[59.6%, 75.2%, 72.0%, 66.2%, 85.6%, 67.8%, 75.0%, 66.2%, 70.0%, 74.8%, 75.4%, 67.4%, 78.0%, 68.6%, 71.0%, 60.4%, 61.2%, 35.4%]",,,,
17,parallel,42,42,0.04872744473684211,1.3967764616012572,1.3782907277345657,0.0001111111111111111,68.81111111111112,"[59.6%, 75.2%, 72.0%, 66.2%, 85.6%, 67.8%, 75.0%, 66.2%, 70.0%, 74.8%, 75.4%, 67.4%, 78.0%, 68.6%, 71.0%, 60.4%, 61.2%, 44.2%]",,,,
17,parallel,43,43,0.047665950000000006,1.3677589118480682,1.369090422987938,0.0001111111111111111,68.74444444444445,"[59.6%, 75.2%, 72.0%, 66.2%, 85.6%, 67.8%, 75.0%, 66.2%, 70.0%, 74.8%, 75.4%, 67.4%, 78.0%, 68.6%, 71.0%, 60.4%, 61.2%, 43.0%]",,,,
17,parallel,44,44,0.04669110789473685,1.5103735327720642,1.512738049030304,0.0001111111111111111,68.26666666666668,"[59.6%, 75.2%, 72.0%, 66.2%, 85.6%, 67.8%, 75.0%, 66.2%, 70.0%, 74.8%, 75.4%, 67.4%, 78.0%, 68.6%, 71.0%, 60.4%, 61.2%, 34.4%]",,,,
17,parallel,45,45,0.045802918421052635,1.452681663632393,1.4581933915615082,0.0001111111111111111,68.26666666666668,"[59.6%, 75.2%, 72.0%, 66.2%, 85.6%, 67.8%, 75.0%, 66.2%, 70.0%, 74.8%, 75.4%, 67.4%, 78.0%, 68.6%, 71.0%, 60.4%, 61.2%, 34.4%]",,,,
17,parallel,46,46,0.045001381578947376,1.4093194872140884,1.3575319200754166,0.0001111111111111111,68.74444444444445,"[59.6%, 75.2%, 72.0%, 66.2%, 85.6%, 67.8%, 75.0%, 66.2%, 70.0%, 74.8%, 75.4%, 67.4%, 78.0%, 68.6%, 71.0%, 60.4%, 61.2%, 43.0%]",,,,
17,parallel,47,47,0.04428649736842106,1.371505743265152,1.4443346560001373,0.0001111111111111111,68.55555555555556,"[59.6%, 75.2%, 72.0%, 66.2%, 85.6%, 67.8%, 75.0%, 66.2%, 70.0%, 74.8%, 75.4%, 67.4%, 78.0%, 68.6%, 71.0%, 60.4%, 61.2%, 39.6%]",,,,
17,parallel,48,48,0.04365826578947369,1.3507233530282974,1.375468447804451,0.0001111111111111111,68.76666666666668,"[59.6%, 75.2%, 72.0%, 66.2%, 85.6%, 67.8%, 75.0%, 66.2%, 70.0%, 74.8%, 75.4%, 67.4%, 78.0%, 68.6%, 71.0%, 60.4%, 61.2%, 43.4%]",,,,
17,parallel,49,49,0.04311668684210527,1.3083183854818343,1.3363406211137772,0.0001111111111111111,68.84444444444445,"[59.6%, 75.2%, 72.0%, 66.2%, 85.6%, 67.8%, 75.0%, 66.2%, 70.0%, 74.8%, 75.4%, 67.4%, 78.0%, 68.6%, 71.0%, 60.4%, 61.2%, 44.8%]",,,,
17,parallel,50,50,0.042661760526315796,1.4581878453493118,1.3988011628389359,0.0001111111111111111,68.75555555555556,"[59.6%, 75.2%, 72.0%, 66.2%, 85.6%, 67.8%, 75.0%, 66.2%, 70.0%, 74.8%, 75.4%, 67.4%, 78.0%, 68.6%, 71.0%, 60.4%, 61.2%, 43.2%]",,,,
17,parallel,51,51,0.042293486842105266,1.370424509048462,1.3732925355434418,0.0001111111111111111,68.94444444444444,"[59.6%, 75.2%, 72.0%, 66.2%, 85.6%, 67.8%, 75.0%, 66.2%, 70.0%, 74.8%, 75.4%, 67.4%, 78.0%, 68.6%, 71.0%, 60.4%, 61.2%, 46.6%]",,,,
17,parallel,52,52,0.04201186578947369,1.3055125683546067,1.3204049319028854,0.0001111111111111111,69.16666666666667,"[59.6%, 75.2%, 72.0%, 66.2%, 85.6%, 67.8%, 75.0%, 66.2%, 70.0%, 74.8%, 75.4%, 67.4%, 78.0%, 68.6%, 71.0%, 60.4%, 61.2%, 50.6%]",,,,
17,parallel,53,53,0.041816897368421056,1.2780143648386002,1.3148662596940994,0.0001111111111111111,68.9888888888889,"[59.6%, 75.2%, 72.0%, 66.2%, 85.6%, 67.8%, 75.0%, 66.2%, 70.0%, 74.8%, 75.4%, 67.4%, 78.0%, 68.6%, 71.0%, 60.4%, 61.2%, 47.4%]",,,,
17,parallel,54,54,0.04170858157894738,1.2710670292377473,1.2749458849430084,0.0001111111111111111,69.13333333333334,"[59.6%, 75.2%, 72.0%, 66.2%, 85.6%, 67.8%, 75.0%, 66.2%, 70.0%, 74.8%, 75.4%, 67.4%, 78.0%, 68.6%, 71.0%, 60.4%, 61.2%, 50.0%]",,,,
17,parallel,55,55,0.041684210526315796,1.2878337532281876,1.2682421952486038,0.0001111111111111111,68.94444444444444,"[59.6%, 75.2%, 72.0%, 66.2%, 85.6%, 67.8%, 75.0%, 66.2%, 70.0%, 74.8%, 75.4%, 67.4%, 78.0%, 68.6%, 71.0%, 60.4%, 61.2%, 46.6%]",,,,
17,weights,1,56,0.041684210526315796,1.2413905411958694,1.1895356252789497,0.0001111111111111111,69.27777777777777,"[59.6%, 75.2%, 72.0%, 66.2%, 85.6%, 67.8%, 75.0%, 66.2%, 70.0%, 74.8%, 75.4%, 67.4%, 78.0%, 68.6%, 71.0%, 60.4%, 61.2%, 52.6%]",,,,
17,weights,2,57,0.041684210526315796,1.229263822734356,1.183766633272171,0.0001111111111111111,69.25555555555556,"[59.6%, 75.2%, 72.0%, 66.2%, 85.6%, 67.8%, 75.0%, 66.2%, 70.0%, 74.8%, 75.4%, 67.4%, 78.0%, 68.6%, 71.0%, 60.4%, 61.2%, 52.2%]",,,,
17,weights,3,58,0.041684210526315796,1.1983872145414352,1.1887637302279472,0.0001111111111111111,69.26666666666668,"[59.6%, 75.2%, 72.0%, 66.2%, 85.6%, 67.8%, 75.0%, 66.2%, 70.0%, 74.8%, 75.4%, 67.4%, 78.0%, 68.6%, 71.0%, 60.4%, 61.2%, 52.4%]",,,,
17,weights,4,59,0.041684210526315796,1.1829156041145326,1.2088189125061035,0.0001111111111111111,69.0888888888889,"[59.6%, 75.2%, 72.0%, 66.2%, 85.6%, 67.8%, 75.0%, 66.2%, 70.0%, 74.8%, 75.4%, 67.4%, 78.0%, 68.6%, 71.0%, 60.4%, 61.2%, 49.2%]",,,,
17,weights,5,60,0.041684210526315796,1.1723403841257096,1.1355242878198624,0.0001111111111111111,69.36666666666667,"[59.6%, 75.2%, 72.0%, 66.2%, 85.6%, 67.8%, 75.0%, 66.2%, 70.0%, 74.8%, 75.4%, 67.4%, 78.0%, 68.6%, 71.0%, 60.4%, 61.2%, 54.2%]",,,,
17,weights,6,61,0.041684210526315796,1.1597775653004647,1.2206705212593079,0.0001111111111111111,69.14444444444445,"[59.6%, 75.2%, 72.0%, 66.2%, 85.6%, 67.8%, 75.0%, 66.2%, 70.0%, 74.8%, 75.4%, 67.4%, 78.0%, 68.6%, 71.0%, 60.4%, 61.2%, 50.2%]",,,,
17,weights,7,62,0.041684210526315796,1.1798565596342088,1.2242571711540222,0.0001111111111111111,69.10000000000001,"[59.6%, 75.2%, 72.0%, 66.2%, 85.6%, 67.8%, 75.0%, 66.2%, 70.0%, 74.8%, 75.4%, 67.4%, 78.0%, 68.6%, 71.0%, 60.4%, 61.2%, 49.4%]",,,,
17,weights,8,63,0.041684210526315796,1.165206179022789,1.1117105185985565,0.0001111111111111111,69.41111111111111,"[59.6%, 75.2%, 72.0%, 66.2%, 85.6%, 67.8%, 75.0%, 66.2%, 70.0%, 74.8%, 75.4%, 67.4%, 78.0%, 68.6%, 71.0%, 60.4%, 61.2%, 55.0%]",,,,
17,weights,9,64,0.041684210526315796,1.1374167934060098,1.137031301856041,0.0001111111111111111,69.41111111111111,"[59.6%, 75.2%, 72.0%, 66.2%, 85.6%, 67.8%, 75.0%, 66.2%, 70.0%, 74.8%, 75.4%, 67.4%, 78.0%, 68.6%, 71.0%, 60.4%, 61.2%, 55.0%]",,,,
17,weights,10,65,0.041684210526315796,1.1357929110527039,1.1217677146196365,0.0001111111111111111,69.45555555555556,"[59.6%, 75.2%, 72.0%, 66.2%, 85.6%, 67.8%, 75.0%, 66.2%, 70.0%, 74.8%, 75.4%, 67.4%, 78.0%, 68.6%, 71.0%, 60.4%, 61.2%, 55.8%]",,,,
17,weights,11,66,0.041684210526315796,1.134615382552147,1.1158403381705284,0.0001111111111111111,69.43333333333334,"[59.6%, 75.2%, 72.0%, 66.2%, 85.6%, 67.8%, 75.0%, 66.2%, 70.0%, 74.8%, 75.4%, 67.4%, 78.0%, 68.6%, 71.0%, 60.4%, 61.2%, 55.4%]",,,,
17,weights,12,67,0.041684210526315796,1.1122657164931298,1.0603842437267303,0.0001111111111111111,69.52222222222223,"[59.6%, 75.2%, 72.0%, 66.2%, 85.6%, 67.8%, 75.0%, 66.2%, 70.0%, 74.8%, 75.4%, 67.4%, 78.0%, 68.6%, 71.0%, 60.4%, 61.2%, 57.0%]",,,,
17,weights,13,68,0.041684210526315796,1.1247507229447364,1.1664812788367271,0.0001111111111111111,69.17777777777778,"[59.6%, 75.2%, 72.0%, 66.2%, 85.6%, 67.8%, 75.0%, 66.2%, 70.0%, 74.8%, 75.4%, 67.4%, 78.0%, 68.6%, 71.0%, 60.4%, 61.2%, 50.8%]",,,,
17,weights,14,69,0.041684210526315796,1.1597049161791801,1.1054120436310768,0.0001111111111111111,69.36666666666667,"[59.6%, 75.2%, 72.0%, 66.2%, 85.6%, 67.8%, 75.0%, 66.2%, 70.0%, 74.8%, 75.4%, 67.4%, 78.0%, 68.6%, 71.0%, 60.4%, 61.2%, 54.2%]",,,,
17,weights,15,70,0.041684210526315796,1.101408526301384,1.0895105004310608,0.0001111111111111111,69.4888888888889,"[59.6%, 75.2%, 72.0%, 66.2%, 85.6%, 67.8%, 75.0%, 66.2%, 70.0%, 74.8%, 75.4%, 67.4%, 78.0%, 68.6%, 71.0%, 60.4%, 61.2%, 56.4%]",,,,
17,weights,16,71,0.041684210526315796,1.0933819577097892,1.1317882165312767,0.0001111111111111111,69.43333333333334,"[59.6%, 75.2%, 72.0%, 66.2%, 85.6%, 67.8%, 75.0%, 66.2%, 70.0%, 74.8%, 75.4%, 67.4%, 78.0%, 68.6%, 71.0%, 60.4%, 61.2%, 55.4%]",,,,
17,weights,17,72,0.041684210526315796,1.081890767812729,1.081086814403534,0.0001111111111111111,69.46666666666667,"[59.6%, 75.2%, 72.0%, 66.2%, 85.6%, 67.8%, 75.0%, 66.2%, 70.0%, 74.8%, 75.4%, 67.4%, 78.0%, 68.6%, 71.0%, 60.4%, 61.2%, 56.0%]",,,,
17,weights,18,73,0.041684210526315796,1.056500655412674,1.059733122587204,0.0001111111111111111,69.52222222222223,"[59.6%, 75.2%, 72.0%, 66.2%, 85.6%, 67.8%, 75.0%, 66.2%, 70.0%, 74.8%, 75.4%, 67.4%, 78.0%, 68.6%, 71.0%, 60.4%, 61.2%, 57.0%]",,,,
17,weights,19,74,0.041684210526315796,1.0549054145812988,1.0547329634428024,0.0001111111111111111,69.5,"[59.6%, 75.2%, 72.0%, 66.2%, 85.6%, 67.8%, 75.0%, 66.2%, 70.0%, 74.8%, 75.4%, 67.4%, 78.0%, 68.6%, 71.0%, 60.4%, 61.2%, 56.6%]",,,,
17,weights,20,75,0.041684210526315796,1.0732613578438759,1.0454615652561188,0.0001111111111111111,69.62222222222222,"[59.6%, 75.2%, 72.0%, 66.2%, 85.6%, 67.8%, 75.0%, 66.2%, 70.0%, 74.8%, 75.4%, 67.4%, 78.0%, 68.6%, 71.0%, 60.4%, 61.2%, 58.8%]",,,,
17,weights,21,76,0.041684210526315796,1.074139541387558,1.0724893137812614,0.0001111111111111111,69.52222222222223,"[59.6%, 75.2%, 72.0%, 66.2%, 85.6%, 67.8%, 75.0%, 66.2%, 70.0%, 74.8%, 75.4%, 67.4%, 78.0%, 68.6%, 71.0%, 60.4%, 61.2%, 57.0%]",,,,
17,weights,22,77,0.041684210526315796,1.0677857562899589,1.0637700408697128,0.0001111111111111111,69.63333333333334,"[59.6%, 75.2%, 72.0%, 66.2%, 85.6%, 67.8%, 75.0%, 66.2%, 70.0%, 74.8%, 75.4%, 67.4%, 78.0%, 68.6%, 71.0%, 60.4%, 61.2%, 59.0%]",,,,
17,weights,23,78,0.041684210526315796,1.0188758462667464,1.0101161152124405,0.0001111111111111111,69.6888888888889,"[59.6%, 75.2%, 72.0%, 66.2%, 85.6%, 67.8%, 75.0%, 66.2%, 70.0%, 74.8%, 75.4%, 67.4%, 78.0%, 68.6%, 71.0%, 60.4%, 61.2%, 60.0%]",,,,
17,weights,24,79,0.041684210526315796,1.0269656032323837,0.9967796206474304,0.0001111111111111111,69.76666666666668,"[59.6%, 75.2%, 72.0%, 66.2%, 85.6%, 67.8%, 75.0%, 66.2%, 70.0%, 74.8%, 75.4%, 67.4%, 78.0%, 68.6%, 71.0%, 60.4%, 61.2%, 61.4%]",,,,
17,weights,25,80,0.041684210526315796,0.9801140159368515,0.9996710419654846,0.0001111111111111111,69.6888888888889,"[59.6%, 75.2%, 72.0%, 66.2%, 85.6%, 67.8%, 75.0%, 66.2%, 70.0%, 74.8%, 75.4%, 67.4%, 78.0%, 68.6%, 71.0%, 60.4%, 61.2%, 60.0%]",35.8111111111111,"[0.0%, 59.2%, 57.0%, 10.4%, 85.6%, 28.4%, 75.0%, 33.4%, 21.4%, 39.4%, 30.8%, 27.8%, 78.0%, 31.0%, 10.8%, 23.8%, 32.6%, 0.0%]",39.03333333333333,"[45.6%, 59.2%, 37.4%, 19.2%, 74.6%, 35.8%, 46.8%, 17.0%, 51.8%, 29.2%, 36.8%, 26.4%, 44.8%, 45.6%, 8.4%, 38.0%, 32.6%, 53.4%]"
18,parallel,1,1,0.1,12.058357954025269,8.72392201423645,0.0001111111111111111,66.02105263157895,"[59.6%, 75.2%, 72.0%, 66.2%, 85.6%, 67.8%, 75.0%, 66.2%, 70.0%, 74.8%, 75.4%, 67.4%, 78.0%, 68.6%, 71.0%, 60.4%, 61.2%, 60.0%, 0.0%]",,,,
18,parallel,2,2,0.1,7.625307774543762,6.618212103843689,0.0001111111111111111,66.02105263157895,"[59.6%, 75.2%, 72.0%, 66.2%, 85.6%, 67.8%, 75.0%, 66.2%, 70.0%, 74.8%, 75.4%, 67.4%, 78.0%, 68.6%, 71.0%, 60.4%, 61.2%, 60.0%, 0.0%]",,,,
18,parallel,3,3,0.1,5.730010080337524,4.834954798221588,0.0001111111111111111,66.02105263157895,"[59.6%, 75.2%, 72.0%, 66.2%, 85.6%, 67.8%, 75.0%, 66.2%, 70.0%, 74.8%, 75.4%, 67.4%, 78.0%, 68.6%, 71.0%, 60.4%, 61.2%, 60.0%, 0.0%]",,,,
18,parallel,4,4,0.1,4.092514550685882,3.362859785556793,0.0001111111111111111,66.02105263157895,"[59.6%, 75.2%, 72.0%, 66.2%, 85.6%, 67.8%, 75.0%, 66.2%, 70.0%, 74.8%, 75.4%, 67.4%, 78.0%, 68.6%, 71.0%, 60.4%, 61.2%, 60.0%, 0.0%]",,,,
18,parallel,5,5,0.099407905,2.816871792078018,2.3556220829486847,0.0001111111111111111,67.07368421052632,"[59.6%, 75.2%, 72.0%, 66.2%, 85.6%, 67.8%, 75.0%, 66.2%, 70.0%, 74.8%, 75.4%, 67.4%, 78.0%, 68.6%, 71.0%, 60.4%, 61.2%, 60.0%, 20.0%]",,,,
18,parallel,6,6,0.09706920394736843,2.163845866918564,1.9424145370721817,0.0001111111111111111,67.07368421052632,"[59.6%, 75.2%, 72.0%, 66.2%, 85.6%, 67.8%, 75.0%, 66.2%, 70.0%, 74.8%, 75.4%, 67.4%, 78.0%, 68.6%, 71.0%, 60.4%, 61.2%, 60.0%, 20.0%]",,,,
18,parallel,7,7,0.09477798921052633,1.8628872156143188,1.7995626777410507,0.0001111111111111111,67.07368421052632,"[59.6%, 75.2%, 72.0%, 66.2%, 85.6%, 67.8%, 75.0%, 66.2%, 70.0%, 74.8%, 75.4%, 67.4%, 78.0%, 68.6%, 71.0%, 60.4%, 61.2%, 60.0%, 20.0%]",,,,
18,parallel,8,8,0.0925342607894737,1.7645279556512832,1.726570874452591,0.0001111111111111111,67.07368421052632,"[59.6%, 75.2%, 72.0%, 66.2%, 85.6%, 67.8%, 75.0%, 66.2%, 70.0%, 74.8%, 75.4%, 67.4%, 78.0%, 68.6%, 71.0%, 60.4%, 61.2%, 60.0%, 20.0%]",,,,
18,parallel,9,9,0.09033801868421054,1.7116998732089996,1.694281280040741,0.0001111111111111111,67.07368421052632,"[59.6%, 75.2%, 72.0%, 66.2%, 85.6%, 67.8%, 75.0%, 66.2%, 70.0%, 74.8%, 75.4%, 67.4%, 78.0%, 68.6%, 71.0%, 60.4%, 61.2%, 60.0%, 20.0%]",,,,
18,parallel,10,10,0.08818926289473684,1.7397375971078872,1.7101838290691376,0.0001111111111111111,67.07368421052632,"[59.6%, 75.2%, 72.0%, 66.2%, 85.6%, 67.8%, 75.0%, 66.2%, 70.0%, 74.8%, 75.4%, 67.4%, 78.0%, 68.6%, 71.0%, 60.4%, 61.2%, 60.0%, 20.0%]",,,,
18,parallel,11,11,0.08608799342105264,1.7839533627033233,1.7449086159467697,0.0001111111111111111,67.07368421052632,"[59.6%, 75.2%, 72.0%, 66.2%, 85.6%, 67.8%, 75.0%, 66.2%, 70.0%, 74.8%, 75.4%, 67.4%, 78.0%, 68.6%, 71.0%, 60.4%, 61.2%, 60.0%, 20.0%]",,,,
18,parallel,12,12,0.0840342102631579,1.726399040222168,1.7027436196804047,0.0001111111111111111,67.07368421052632,"[59.6%, 75.2%, 72.0%, 66.2%, 85.6%, 67.8%, 75.0%, 66.2%, 70.0%, 74.8%, 75.4%, 67.4%, 78.0%, 68.6%, 71.0%, 60.4%, 61.2%, 60.0%, 20.0%]",,,,
18,parallel,13,13,0.08202791342105265,1.741489079594612,1.7248272001743317,0.0001111111111111111,67.07368421052632,"[59.6%, 75.2%, 72.0%, 66.2%, 85.6%, 67.8%, 75.0%, 66.2%, 70.0%, 74.8%, 75.4%, 67.4%, 78.0%, 68.6%, 71.0%, 60.4%, 61.2%, 60.0%, 20.0%]",,,,
18,parallel,14,14,0.08006910289473684,1.7081746131181716,1.6917066127061844,0.0001111111111111111,67.06315789473685,"[59.6%, 75.2%, 72.0%, 66.2%, 85.6%, 67.8%, 75.0%, 66.2%, 70.0%, 74.8%, 75.4%, 67.4%, 78.0%, 68.6%, 71.0%, 60.4%, 61.2%, 60.0%, 19.8%]",,,,
18,parallel,15,15,0.07815777868421053,1.6827480226755143,1.6727257519960403,0.0001111111111111111,67.07368421052632,"[59.6%, 75.2%, 72.0%, 66.2%, 85.6%, 67.8%, 75.0%, 66.2%, 70.0%, 74.8%, 75.4%, 67.4%, 78.0%, 68.6%, 71.0%, 60.4%, 61.2%, 60.0%, 20.0%]",,,,
18,parallel,16,16,0.07629394078947369,1.6774103552103043,1.6613216251134872,0.0001111111111111111,67.07368421052632,"[59.6%, 75.2%, 72.0%, 66.2%, 85.6%, 67.8%, 75.0%, 66.2%, 70.0%, 74.8%, 75.4%, 67.4%, 78.0%, 68.6%, 71.0%, 60.4%, 61.2%, 60.0%, 20.0%]",,,,
18,parallel,17,17,0.07447758921052633,1.6567696005105972,1.6516058295965195,0.0001111111111111111,67.04210526315791,"[59.6%, 75.2%, 72.0%, 66.2%, 85.6%, 67.8%, 75.0%, 66.2%, 70.0%, 74.8%, 75.4%, 67.4%, 78.0%, 68.6%, 71.0%, 60.4%, 61.2%, 60.0%, 19.4%]",,,,
18,parallel,18,18,0.07270872394736842,1.6498179942369462,1.6433230489492416,0.0001111111111111111,67.07368421052632,"[59.6%, 75.2%, 72.0%, 66.2%, 85.6%, 67.8%, 75.0%, 66.2%, 70.0%, 74.8%, 75.4%, 67.4%, 78.0%, 68.6%, 71.0%, 60.4%, 61.2%, 60.0%, 20.0%]",,,,
18,parallel,19,19,0.07098734500000001,1.6440590918064117,1.6384479701519012,0.0001111111111111111,67.07368421052632,"[59.6%, 75.2%, 72.0%, 66.2%, 85.6%, 67.8%, 75.0%, 66.2%, 70.0%, 74.8%, 75.4%, 67.4%, 78.0%, 68.6%, 71.0%, 60.4%, 61.2%, 60.0%, 20.0%]",,,,
18,parallel,20,20,0.06931345236842107,1.6411829173564911,1.635450929403305,0.0001111111111111111,67.55789473684212,"[59.6%, 75.2%, 72.0%, 66.2%, 85.6%, 67.8%, 75.0%, 66.2%, 70.0%, 74.8%, 75.4%, 67.4%, 78.0%, 68.6%, 71.0%, 60.4%, 61.2%, 60.0%, 29.2%]",,,,
18,parallel,21,21,0.0676870460526316,1.6945857644081115,1.6792910695075989,0.0001111111111111111,67.07368421052632,"[59.6%, 75.2%, 72.0%, 66.2%, 85.6%, 67.8%, 75.0%, 66.2%, 70.0%, 74.8%, 75.4%, 67.4%, 78.0%, 68.6%, 71.0%, 60.4%, 61.2%, 60.0%, 20.0%]",,,,
18,parallel,22,22,0.06610812605263158,1.6755110174417496,1.663015142083168,0.0001111111111111111,67.30526315789474,"[59.6%, 75.2%, 72.0%, 66.2%, 85.6%, 67.8%, 75.0%, 66.2%, 70.0%, 74.8%, 75.4%, 67.4%, 78.0%, 68.6%, 71.0%, 60.4%, 61.2%, 60.0%, 24.4%]",,,,
18,parallel,23,23,0.06457669236842106,1.6559242278337478,1.6495001018047333,0.0001111111111111111,67.17894736842106,"[59.6%, 75.2%, 72.0%, 66.2%, 85.6%, 67.8%, 75.0%, 66.2%, 70.0%, 74.8%, 75.4%, 67.4%, 78.0%, 68.6%, 71.0%, 60.4%, 61.2%, 60.0%, 22.0%]",,,,
18,parallel,24,24,0.063092745,1.6417134582996369,1.6159336119890213,0.0001111111111111111,67.74736842105263,"[59.6%, 75.2%, 72.0%, 66.2%, 85.6%, 67.8%, 75.0%, 66.2%, 70.0%, 74.8%, 75.4%, 67.4%, 78.0%, 68.6%, 71.0%, 60.4%, 61.2%, 60.0%, 32.8%]",,,,
18,parallel,25,25,0.061656283947368426,1.6304863810539245,1.5666888058185577,0.0001111111111111111,67.84210526315789,"[59.6%, 75.2%, 72.0%, 66.2%, 85.6%, 67.8%, 75.0%, 66.2%, 70.0%, 74.8%, 75.4%, 67.4%, 78.0%, 68.6%, 71.0%, 60.4%, 61.2%, 60.0%, 34.6%]",,,,
18,parallel,26,26,0.060267309210526324,1.5538926273584366,1.4951378107070923,0.0001111111111111111,67.78947368421052,"[59.6%, 75.2%, 72.0%, 66.2%, 85.6%, 67.8%, 75.0%, 66.2%, 70.0%, 74.8%, 75.4%, 67.4%, 78.0%, 68.6%, 71.0%, 60.4%, 61.2%, 60.0%, 33.6%]",,,,
18,parallel,27,27,0.058925820789473685,1.474205493927002,1.3977920040488243,0.0001111111111111111,68.0,"[59.6%, 75.2%, 72.0%, 66.2%, 85.6%, 67.8%, 75.0%, 66.2%, 70.0%, 74.8%, 75.4%, 67.4%, 78.0%, 68.6%, 71.0%, 60.4%, 61.2%, 60.0%, 37.6%]",,,,
18,parallel,28,28,0.05763181868421052,1.486723154783249,1.4182281196117401,0.0001111111111111111,67.97894736842106,"[59.6%, 75.2%, 72.0%, 66.2%, 85.6%, 67.8%, 75.0%, 66.2%, 70.0%, 74.8%, 75.4%, 67.4%, 78.0%, 68.6%, 71.0%, 60.4%, 61.2%, 60.0%, 37.2%]",,,,
18,parallel,29,29,0.05638530289473685,1.3966844856739045,1.312005840241909,0.0001111111111111111,68.41052631578948,"[59.6%, 75.2%, 72.0%, 66.2%, 85.6%, 67.8%, 75.0%, 66.2%, 70.0%, 74.8%, 75.4%, 67.4%, 78.0%, 68.6%, 71.0%, 60.4%, 61.2%, 60.0%, 45.4%]",,,,
18,parallel,30,30,0.05518627342105264,1.3523265898227692,1.3063882738351822,0.0001111111111111111,68.36842105263158,"[59.6%, 75.2%, 72.0%, 66.2%, 85.6%, 67.8%, 75.0%, 66.2%, 70.0%, 74.8%, 75.4%, 67.4%, 78.0%, 68.6%, 71.0%, 60.4%, 61.2%, 60.0%, 44.6%]",,,,
18,parallel,31,31,0.0540347302631579,1.3998865127563476,1.260878324508667,0.0001111111111111111,68.48421052631579,"[59.6%, 75.2%, 72.0%, 66.2%, 85.6%, 67.8%, 75.0%, 66.2%, 70.0%, 74.8%, 75.4%, 67.4%, 78.0%, 68.6%, 71.0%, 60.4%, 61.2%, 60.0%, 46.8%]",,,,
18,parallel,32,32,0.052930673421052635,1.2628138750791549,1.2116658613085747,0.0001111111111111111,68.6421052631579,"[59.6%, 75.2%, 72.0%, 66.2%, 85.6%, 67.8%, 75.0%, 66.2%, 70.0%, 74.8%, 75.4%, 67.4%, 78.0%, 68.6%, 71.0%, 60.4%, 61.2%, 60.0%, 49.8%]",,,,
18,parallel,33,33,0.05187410289473685,1.2371141105890273,1.1784331500530243,0.0001111111111111111,68.57894736842105,"[59.6%, 75.2%, 72.0%, 66.2%, 85.6%, 67.8%, 75.0%, 66.2%, 70.0%, 74.8%, 75.4%, 67.4%, 78.0%, 68.6%, 71.0%, 60.4%, 61.2%, 60.0%, 48.6%]",,,,
18,parallel,34,34,0.05086501868421053,1.1847291737794876,1.1800068467855453,0.0001111111111111111,68.55789473684212,"[59.6%, 75.2%, 72.0%, 66.2%, 85.6%, 67.8%, 75.0%, 66.2%, 70.0%, 74.8%, 75.4%, 67.4%, 78.0%, 68.6%, 71.0%, 60.4%, 61.2%, 60.0%, 48.2%]",,,,
18,parallel,35,35,0.04990342078947369,1.1627665653824806,1.1599196717143059,0.0001111111111111111,68.62105263157896,"[59.6%, 75.2%, 72.0%, 66.2%, 85.6%, 67.8%, 75.0%, 66.2%, 70.0%, 74.8%, 75.4%, 67.4%, 78.0%, 68.6%, 71.0%, 60.4%, 61.2%, 60.0%, 49.4%]",,,,
18,parallel,36,36,0.04898930921052633,1.171340361237526,1.1213992610573769,0.0001111111111111111,68.8,"[59.6%, 75.2%, 72.0%, 66.2%, 85.6%, 67.8%, 75.0%, 66.2%, 70.0%, 74.8%, 75.4%, 67.4%, 78.0%, 68.6%, 71.0%, 60.4%, 61.2%, 60.0%, 52.8%]",,,,
18,parallel,37,37,0.048122683947368426,1.1875608652830123,1.102493204176426,0.0001111111111111111,68.92631578947369,"[59.6%, 75.2%, 72.0%, 66.2%, 85.6%, 67.8%, 75.0%, 66.2%, 70.0%, 74.8%, 75.4%, 67.4%, 78.0%, 68.6%, 71.0%, 60.4%, 61.2%, 60.0%, 55.2%]",,,,
18,parallel,38,38,0.04730354500000001,1.0915071547031403,1.074038527905941,0.0001111111111111111,69.02105263157895,"[59.6%, 75.2%, 72.0%, 66.2%, 85.6%, 67.8%, 75.0%, 66.2%, 70.0%, 74.8%, 75.4%, 67.4%, 78.0%, 68.6%, 71.0%, 60.4%, 61.2%, 60.0%, 57.0%]",,,,
18,parallel,39,39,0.046531892368421056,1.5327055394649505,1.2388101667165756,0.0001111111111111111,68.70526315789475,"[59.6%, 75.2%, 72.0%, 66.2%, 85.6%, 67.8%, 75.0%, 66.2%, 70.0%, 74.8%, 75.4%, 67.4%, 78.0%, 68.6%, 71.0%, 60.4%, 61.2%, 60.0%, 51.0%]",,,,
18,parallel,40,40,0.04580772605263159,1.2722832977771759,1.1895199120044708,0.0001111111111111111,68.74736842105263,"[59.6%, 75.2%, 72.0%, 66.2%, 85.6%, 67.8%, 75.0%, 66.2%, 70.0%, 74.8%, 75.4%, 67.4%, 78.0%, 68.6%, 71.0%, 60.4%, 61.2%, 60.0%, 51.8%]",,,,
18,parallel,41,41,0.04513104605263159,1.1941578567028046,1.1974363699555397,0.0001111111111111111,68.73684210526316,"[59.6%, 75.2%, 72.0%, 66.2%, 85.6%, 67.8%, 75.0%, 66.2%, 70.0%, 74.8%, 75.4%, 67.4%, 78.0%, 68.6%, 71.0%, 60.4%, 61.2%, 60.0%, 51.6%]",,,,
18,parallel,42,42,0.04450185236842106,1.1882886677980422,1.1315012127161026,0.0001111111111111111,68.8,"[59.6%, 75.2%, 72.0%, 66.2%, 85.6%, 67.8%, 75.0%, 66.2%, 70.0%, 74.8%, 75.4%, 67.4%, 78.0%, 68.6%, 71.0%, 60.4%, 61.2%, 60.0%, 52.8%]",,,,
18,parallel,43,43,0.04392014500000001,1.150528298318386,1.0890064239501953,0.0001111111111111111,68.98947368421054,"[59.6%, 75.2%, 72.0%, 66.2%, 85.6%, 67.8%, 75.0%, 66.2%, 70.0%, 74.8%, 75.4%, 67.4%, 78.0%, 68.6%, 71.0%, 60.4%, 61.2%, 60.0%, 56.4%]",,,,
18,parallel,44,44,0.04338592394736843,1.0860705196857452,1.146368883550167,0.0001111111111111111,68.8842105263158,"[59.6%, 75.2%, 72.0%, 66.2%, 85.6%, 67.8%, 75.0%, 66.2%, 70.0%, 74.8%, 75.4%, 67.4%, 78.0%, 68.6%, 71.0%, 60.4%, 61.2%, 60.0%, 54.4%]",,,,
18,parallel,45,45,0.04289918921052632,1.1279842481017113,1.1755933463573456,0.0001111111111111111,68.85263157894737,"[59.6%, 75.2%, 72.0%, 66.2%, 85.6%, 67.8%, 75.0%, 66.2%, 70.0%, 74.8%, 75.4%, 67.4%, 78.0%, 68.6%, 71.0%, 60.4%, 61.2%, 60.0%, 53.8%]",,,,
18,parallel,46,46,0.042459940789473696,1.1165394350886344,1.0509400591254234,0.0001111111111111111,69.11578947368422,"[59.6%, 75.2%, 72.0%, 66.2%, 85.6%, 67.8%, 75.0%, 66.2%, 70.0%, 74.8%, 75.4%, 67.4%, 78.0%, 68.6%, 71.0%, 60.4%, 61.2%, 60.0%, 58.8%]",,,,
18,parallel,47,47,0.04206817868421053,1.0778277054429055,1.125875547528267,0.0001111111111111111,68.96842105263158,"[59.6%, 75.2%, 72.0%, 66.2%, 85.6%, 67.8%, 75.0%, 66.2%, 70.0%, 74.8%, 75.4%, 67.4%, 78.0%, 68.6%, 71.0%, 60.4%, 61.2%, 60.0%, 56.0%]",,,,
18,parallel,48,48,0.04172390289473685,1.0702636003494264,1.02435702085495,0.0001111111111111111,69.1263157894737,"[59.6%, 75.2%, 72.0%, 66.2%, 85.6%, 67.8%, 75.0%, 66.2%, 70.0%, 74.8%, 75.4%, 67.4%, 78.0%, 68.6%, 71.0%, 60.4%, 61.2%, 60.0%, 59.0%]",,,,
18,parallel,49,49,0.04142711342105264,1.0252770751714706,1.0125846788287163,0.0001111111111111111,69.17894736842106,"[59.6%, 75.2%, 72.0%, 66.2%, 85.6%, 67.8%, 75.0%, 66.2%, 70.0%, 74.8%, 75.4%, 67.4%, 78.0%, 68.6%, 71.0%, 60.4%, 61.2%, 60.0%, 60.0%]",,,,
18,parallel,50,50,0.0411778102631579,1.0107730492949485,1.008745439350605,0.0001111111111111111,69.1263157894737,"[59.6%, 75.2%, 72.0%, 66.2%, 85.6%, 67.8%, 75.0%, 66.2%, 70.0%, 74.8%, 75.4%, 67.4%, 78.0%, 68.6%, 71.0%, 60.4%, 61.2%, 60.0%, 59.0%]",,,,
18,parallel,51,51,0.04097599342105264,1.0001663818955422,1.084974266588688,0.0001111111111111111,69.02105263157895,"[59.6%, 75.2%, 72.0%, 66.2%, 85.6%, 67.8%, 75.0%, 66.2%, 70.0%, 74.8%, 75.4%, 67.4%, 78.0%, 68.6%, 71.0%, 60.4%, 61.2%, 60.0%, 57.0%]",,,,
18,parallel,52,52,0.04082166289473685,1.0042882159352302,0.98382518440485,0.0001111111111111111,69.29473684210527,"[59.6%, 75.2%, 72.0%, 66.2%, 85.6%, 67.8%, 75.0%, 66.2%, 70.0%, 74.8%, 75.4%, 67.4%, 78.0%, 68.6%, 71.0%, 60.4%, 61.2%, 60.0%, 62.2%]",,,,
18,parallel,53,53,0.040714818684210535,0.9828751817345619,0.980076014995575,0.0001111111111111111,69.26315789473684,"[59.6%, 75.2%, 72.0%, 66.2%, 85.6%, 67.8%, 75.0%, 66.2%, 70.0%, 74.8%, 75.4%, 67.4%, 78.0%, 68.6%, 71.0%, 60.4%, 61.2%, 60.0%, 61.6%]",,,,
18,parallel,54,54,0.04065546078947369,0.9652558356523514,0.9629693776369095,0.0001111111111111111,69.34736842105264,"[59.6%, 75.2%, 72.0%, 66.2%, 85.6%, 67.8%, 75.0%, 66.2%, 70.0%, 74.8%, 75.4%, 67.4%, 78.0%, 68.6%, 71.0%, 60.4%, 61.2%, 60.0%, 63.2%]",,,,
18,parallel,55,55,0.0406421052631579,0.950945907831192,0.9464671015739441,0.0001111111111111111,69.33684210526316,"[59.6%, 75.2%, 72.0%, 66.2%, 85.6%, 67.8%, 75.0%, 66.2%, 70.0%, 74.8%, 75.4%, 67.4%, 78.0%, 68.6%, 71.0%, 60.4%, 61.2%, 60.0%, 63.0%]",,,,
18,weights,1,56,0.0406421052631579,0.9357082203030587,0.9689959287643433,0.0001111111111111111,69.30526315789474,"[59.6%, 75.2%, 72.0%, 66.2%, 85.6%, 67.8%, 75.0%, 66.2%, 70.0%, 74.8%, 75.4%, 67.4%, 78.0%, 68.6%, 71.0%, 60.4%, 61.2%, 60.0%, 62.4%]",,,,
18,weights,2,57,0.0406421052631579,0.93962232619524,0.9456956088542938,0.0001111111111111111,69.33684210526316,"[59.6%, 75.2%, 72.0%, 66.2%, 85.6%, 67.8%, 75.0%, 66.2%, 70.0%, 74.8%, 75.4%, 67.4%, 78.0%, 68.6%, 71.0%, 60.4%, 61.2%, 60.0%, 63.0%]",,,,
18,weights,3,58,0.0406421052631579,0.9071507290005684,0.9211554154753685,0.0001111111111111111,69.4421052631579,"[59.6%, 75.2%, 72.0%, 66.2%, 85.6%, 67.8%, 75.0%, 66.2%, 70.0%, 74.8%, 75.4%, 67.4%, 78.0%, 68.6%, 71.0%, 60.4%, 61.2%, 60.0%, 65.0%]",,,,
18,weights,4,59,0.0406421052631579,0.9343926101922989,0.9739987701177597,0.0001111111111111111,69.26315789473684,"[59.6%, 75.2%, 72.0%, 66.2%, 85.6%, 67.8%, 75.0%, 66.2%, 70.0%, 74.8%, 75.4%, 67.4%, 78.0%, 68.6%, 71.0%, 60.4%, 61.2%, 60.0%, 61.6%]",,,,
18,weights,5,60,0.0406421052631579,0.9200154721736908,0.9699407517910004,0.0001111111111111111,69.30526315789474,"[59.6%, 75.2%, 72.0%, 66.2%, 85.6%, 67.8%, 75.0%, 66.2%, 70.0%, 74.8%, 75.4%, 67.4%, 78.0%, 68.6%, 71.0%, 60.4%, 61.2%, 60.0%, 62.4%]",,,,
18,weights,6,61,0.0406421052631579,0.9160788387060166,0.950063943862915,0.0001111111111111111,69.43157894736842,"[59.6%, 75.2%, 72.0%, 66.2%, 85.6%, 67.8%, 75.0%, 66.2%, 70.0%, 74.8%, 75.4%, 67.4%, 78.0%, 68.6%, 71.0%, 60.4%, 61.2%, 60.0%, 64.8%]",,,,
18,weights,7,62,0.0406421052631579,0.8952500000596046,0.894859291613102,0.0001111111111111111,69.50526315789475,"[59.6%, 75.2%, 72.0%, 66.2%, 85.6%, 67.8%, 75.0%, 66.2%, 70.0%, 74.8%, 75.4%, 67.4%, 78.0%, 68.6%, 71.0%, 60.4%, 61.2%, 60.0%, 66.2%]",,,,
18,weights,8,63,0.0406421052631579,0.898640301823616,0.903277151286602,0.0001111111111111111,69.41052631578948,"[59.6%, 75.2%, 72.0%, 66.2%, 85.6%, 67.8%, 75.0%, 66.2%, 70.0%, 74.8%, 75.4%, 67.4%, 78.0%, 68.6%, 71.0%, 60.4%, 61.2%, 60.0%, 64.4%]",,,,
18,weights,9,64,0.0406421052631579,0.8692941211163998,0.8729575201869011,0.0001111111111111111,69.45263157894738,"[59.6%, 75.2%, 72.0%, 66.2%, 85.6%, 67.8%, 75.0%, 66.2%, 70.0%, 74.8%, 75.4%, 67.4%, 78.0%, 68.6%, 71.0%, 60.4%, 61.2%, 60.0%, 65.2%]",,,,
18,weights,10,65,0.0406421052631579,0.8564327731728554,0.9097673743963242,0.0001111111111111111,69.45263157894738,"[59.6%, 75.2%, 72.0%, 66.2%, 85.6%, 67.8%, 75.0%, 66.2%, 70.0%, 74.8%, 75.4%, 67.4%, 78.0%, 68.6%, 71.0%, 60.4%, 61.2%, 60.0%, 65.2%]",,,,
18,weights,11,66,0.0406421052631579,0.8981447383761406,0.8855825886130333,0.0001111111111111111,69.50526315789475,"[59.6%, 75.2%, 72.0%, 66.2%, 85.6%, 67.8%, 75.0%, 66.2%, 70.0%, 74.8%, 75.4%, 67.4%, 78.0%, 68.6%, 71.0%, 60.4%, 61.2%, 60.0%, 66.2%]",,,,
18,weights,12,67,0.0406421052631579,0.8823792994022369,0.869318813085556,0.0001111111111111111,69.58947368421053,"[59.6%, 75.2%, 72.0%, 66.2%, 85.6%, 67.8%, 75.0%, 66.2%, 70.0%, 74.8%, 75.4%, 67.4%, 78.0%, 68.6%, 71.0%, 60.4%, 61.2%, 60.0%, 67.8%]",,,,
18,weights,13,68,0.0406421052631579,0.8643377184867859,0.8867210485041142,0.0001111111111111111,69.43157894736842,"[59.6%, 75.2%, 72.0%, 66.2%, 85.6%, 67.8%, 75.0%, 66.2%, 70.0%, 74.8%, 75.4%, 67.4%, 78.0%, 68.6%, 71.0%, 60.4%, 61.2%, 60.0%, 64.8%]",,,,
18,weights,14,69,0.0406421052631579,0.8639488786458969,0.9485113173723221,0.0001111111111111111,69.3157894736842,"[59.6%, 75.2%, 72.0%, 66.2%, 85.6%, 67.8%, 75.0%, 66.2%, 70.0%, 74.8%, 75.4%, 67.4%, 78.0%, 68.6%, 71.0%, 60.4%, 61.2%, 60.0%, 62.6%]",,,,
18,weights,15,70,0.0406421052631579,0.85384122133255,0.857695572078228,0.0001111111111111111,69.52631578947368,"[59.6%, 75.2%, 72.0%, 66.2%, 85.6%, 67.8%, 75.0%, 66.2%, 70.0%, 74.8%, 75.4%, 67.4%, 78.0%, 68.6%, 71.0%, 60.4%, 61.2%, 60.0%, 66.6%]",,,,
18,weights,16,71,0.0406421052631579,0.8525432258844375,0.8879019916057587,0.0001111111111111111,69.53684210526316,"[59.6%, 75.2%, 72.0%, 66.2%, 85.6%, 67.8%, 75.0%, 66.2%, 70.0%, 74.8%, 75.4%, 67.4%, 78.0%, 68.6%, 71.0%, 60.4%, 61.2%, 60.0%, 66.8%]",,,,
18,weights,17,72,0.0406421052631579,0.8249885715544224,0.8469258137047291,0.0001111111111111111,69.69473684210527,"[59.6%, 75.2%, 72.0%, 66.2%, 85.6%, 67.8%, 75.0%, 66.2%, 70.0%, 74.8%, 75.4%, 67.4%, 78.0%, 68.6%, 71.0%, 60.4%, 61.2%, 60.0%, 69.8%]",,,,
18,weights,18,73,0.0406421052631579,0.823638005554676,0.8795009031891823,0.0001111111111111111,69.66315789473686,"[59.6%, 75.2%, 72.0%, 66.2%, 85.6%, 67.8%, 75.0%, 66.2%, 70.0%, 74.8%, 75.4%, 67.4%, 78.0%, 68.6%, 71.0%, 60.4%, 61.2%, 60.0%, 69.2%]",,,,
18,weights,19,74,0.0406421052631579,0.8221424758434296,0.8338633514940739,0.0001111111111111111,69.67368421052633,"[59.6%, 75.2%, 72.0%, 66.2%, 85.6%, 67.8%, 75.0%, 66.2%, 70.0%, 74.8%, 75.4%, 67.4%, 78.0%, 68.6%, 71.0%, 60.4%, 61.2%, 60.0%, 69.4%]",,,,
18,weights,20,75,0.0406421052631579,0.8452787145972251,0.8416909500956535,0.0001111111111111111,69.6842105263158,"[59.6%, 75.2%, 72.0%, 66.2%, 85.6%, 67.8%, 75.0%, 66.2%, 70.0%, 74.8%, 75.4%, 67.4%, 78.0%, 68.6%, 71.0%, 60.4%, 61.2%, 60.0%, 69.6%]",,,,
18,weights,21,76,0.0406421052631579,0.8201341539621353,0.8454888984560966,0.0001111111111111111,69.6421052631579,"[59.6%, 75.2%, 72.0%, 66.2%, 85.6%, 67.8%, 75.0%, 66.2%, 70.0%, 74.8%, 75.4%, 67.4%, 78.0%, 68.6%, 71.0%, 60.4%, 61.2%, 60.0%, 68.8%]",,,,
18,weights,22,77,0.0406421052631579,0.8394001737236977,0.8140543736517429,0.0001111111111111111,69.69473684210527,"[59.6%, 75.2%, 72.0%, 66.2%, 85.6%, 67.8%, 75.0%, 66.2%, 70.0%, 74.8%, 75.4%, 67.4%, 78.0%, 68.6%, 71.0%, 60.4%, 61.2%, 60.0%, 69.8%]",,,,
18,weights,23,78,0.0406421052631579,0.7722935065627098,0.8404173627495766,0.0001111111111111111,69.66315789473686,"[59.6%, 75.2%, 72.0%, 66.2%, 85.6%, 67.8%, 75.0%, 66.2%, 70.0%, 74.8%, 75.4%, 67.4%, 78.0%, 68.6%, 71.0%, 60.4%, 61.2%, 60.0%, 69.2%]",,,,
18,weights,24,79,0.0406421052631579,0.8004789486527443,0.8337237574160099,0.0001111111111111111,69.7578947368421,"[59.6%, 75.2%, 72.0%, 66.2%, 85.6%, 67.8%, 75.0%, 66.2%, 70.0%, 74.8%, 75.4%, 67.4%, 78.0%, 68.6%, 71.0%, 60.4%, 61.2%, 60.0%, 71.0%]",,,,
18,weights,25,80,0.0406421052631579,0.7838645279407501,0.8293757699429989,0.0001111111111111111,69.71578947368421,"[59.6%, 75.2%, 72.0%, 66.2%, 85.6%, 67.8%, 75.0%, 66.2%, 70.0%, 74.8%, 75.4%, 67.4%, 78.0%, 68.6%, 71.0%, 60.4%, 61.2%, 60.0%, 70.2%]",36.41052631578947,"[0.0%, 59.2%, 57.0%, 10.4%, 85.6%, 28.4%, 75.0%, 33.4%, 21.4%, 39.4%, 30.8%, 27.8%, 78.0%, 31.0%, 10.8%, 23.8%, 32.6%, 0.0%, 47.2%]",38.852631578947374,"[45.6%, 49.2%, 37.4%, 44.6%, 74.6%, 26.8%, 55.0%, 17.0%, 61.4%, 9.4%, 36.8%, 24.4%, 44.8%, 45.6%, 8.4%, 35.2%, 27.2%, 47.6%, 47.2%]"
19,parallel,1,1,0.05,5.75930495262146,5.301455080509186,0.0001111111111111111,66.23,"[59.6%, 75.2%, 72.0%, 66.2%, 85.6%, 67.8%, 75.0%, 66.2%, 70.0%, 74.8%, 75.4%, 67.4%, 78.0%, 68.6%, 71.0%, 60.4%, 61.2%, 60.0%, 70.2%, 0.0%]",,,,
19,parallel,2,2,0.05,5.165493762493133,5.045655369758606,0.0001111111111111111,66.23,"[59.6%, 75.2%, 72.0%, 66.2%, 85.6%, 67.8%, 75.0%, 66.2%, 70.0%, 74.8%, 75.4%, 67.4%, 78.0%, 68.6%, 71.0%, 60.4%, 61.2%, 60.0%, 70.2%, 0.0%]",,,,
19,parallel,3,3,0.05,4.952380192279816,4.865355849266052,0.0001111111111111111,66.23,"[59.6%, 75.2%, 72.0%, 66.2%, 85.6%, 67.8%, 75.0%, 66.2%, 70.0%, 74.8%, 75.4%, 67.4%, 78.0%, 68.6%, 71.0%, 60.4%, 61.2%, 60.0%, 70.2%, 0.0%]",,,,
19,parallel,4,4,0.05,4.790582799911499,4.715833365917206,0.0001111111111111111,66.23,"[59.6%, 75.2%, 72.0%, 66.2%, 85.6%, 67.8%, 75.0%, 66.2%, 70.0%, 74.8%, 75.4%, 67.4%, 78.0%, 68.6%, 71.0%, 60.4%, 61.2%, 60.0%, 70.2%, 0.0%]",,,,
19,parallel,5,5,0.049896260000000005,4.643944644927979,4.565714597702026,0.0001111111111111111,66.23,"[59.6%, 75.2%, 72.0%, 66.2%, 85.6%, 67.8%, 75.0%, 66.2%, 70.0%, 74.8%, 75.4%, 67.4%, 78.0%, 68.6%, 71.0%, 60.4%, 61.2%, 60.0%, 70.2%, 0.0%]",,,,
19,parallel,6,6,0.0494865,4.472962152957916,4.352936863899231,0.0001111111111111111,66.23,"[59.6%, 75.2%, 72.0%, 66.2%, 85.6%, 67.8%, 75.0%, 66.2%, 70.0%, 74.8%, 75.4%, 67.4%, 78.0%, 68.6%, 71.0%, 60.4%, 61.2%, 60.0%, 70.2%, 0.0%]",,,,
19,parallel,7,7,0.04908506,4.180713576078415,3.9640268981456757,0.0001111111111111111,66.23,"[59.6%, 75.2%, 72.0%, 66.2%, 85.6%, 67.8%, 75.0%, 66.2%, 70.0%, 74.8%, 75.4%, 67.4%, 78.0%, 68.6%, 71.0%, 60.4%, 61.2%, 60.0%, 70.2%, 0.0%]",,,,
19,parallel,8,8,0.04869194,3.714361619949341,3.45463365316391,0.0001111111111111111,66.23,"[59.6%, 75.2%, 72.0%, 66.2%, 85.6%, 67.8%, 75.0%, 66.2%, 70.0%, 74.8%, 75.4%, 67.4%, 78.0%, 68.6%, 71.0%, 60.4%, 61.2%, 60.0%, 70.2%, 0.0%]",,,,
19,parallel,9,9,0.048307140000000005,3.209478658437729,2.96393358707428,0.0001111111111111111,66.23,"[59.6%, 75.2%, 72.0%, 66.2%, 85.6%, 67.8%, 75.0%, 66.2%, 70.0%, 74.8%, 75.4%, 67.4%, 78.0%, 68.6%, 71.0%, 60.4%, 61.2%, 60.0%, 70.2%, 0.0%]",,,,
19,parallel,10,10,0.04793066,2.7502664804458616,2.5448120534420013,0.0001111111111111111,67.23,"[59.6%, 75.2%, 72.0%, 66.2%, 85.6%, 67.8%, 75.0%, 66.2%, 70.0%, 74.8%, 75.4%, 67.4%, 78.0%, 68.6%, 71.0%, 60.4%, 61.2%, 60.0%, 70.2%, 20.0%]",,,,
19,parallel,11,11,0.04756250000000001,2.3573653638362884,2.177094280719757,0.0001111111111111111,67.23,"[59.6%, 75.2%, 72.0%, 66.2%, 85.6%, 67.8%, 75.0%, 66.2%, 70.0%, 74.8%, 75.4%, 67.4%, 78.0%, 68.6%, 71.0%, 60.4%, 61.2%, 60.0%, 70.2%, 20.0%]",,,,
19,parallel,12,12,0.04720266000000001,2.059448692202568,1.958865836262703,0.0001111111111111111,67.23,"[59.6%, 75.2%, 72.0%, 66.2%, 85.6%, 67.8%, 75.0%, 66.2%, 70.0%, 74.8%, 75.4%, 67.4%, 78.0%, 68.6%, 71.0%, 60.4%, 61.2%, 60.0%, 70.2%, 20.0%]",,,,
19,parallel,13,13,0.046851140000000006,1.902088674902916,1.820776030421257,0.0001111111111111111,67.23,"[59.6%, 75.2%, 72.0%, 66.2%, 85.6%, 67.8%, 75.0%, 66.2%, 70.0%, 74.8%, 75.4%, 67.4%, 78.0%, 68.6%, 71.0%, 60.4%, 61.2%, 60.0%, 70.2%, 20.0%]",,,,
19,parallel,14,14,0.046507940000000005,1.7728777199983596,1.7279738187789917,0.0001111111111111111,67.23,"[59.6%, 75.2%, 72.0%, 66.2%, 85.6%, 67.8%, 75.0%, 66.2%, 70.0%, 74.8%, 75.4%, 67.4%, 78.0%, 68.6%, 71.0%, 60.4%, 61.2%, 60.0%, 70.2%, 20.0%]",,,,
19,parallel,15,15,0.04617306000000001,1.7074821323156357,1.686876118183136,0.0001111111111111111,67.24000000000001,"[59.6%, 75.2%, 72.0%, 66.2%, 85.6%, 67.8%, 75.0%, 66.2%, 70.0%, 74.8%, 75.4%, 67.4%, 78.0%, 68.6%, 71.0%, 60.4%, 61.2%, 60.0%, 70.2%, 20.2%]",,,,
19,parallel,16,16,0.045846500000000005,1.676942154765129,1.6654887944459915,0.0001111111111111111,67.23,"[59.6%, 75.2%, 72.0%, 66.2%, 85.6%, 67.8%, 75.0%, 66.2%, 70.0%, 74.8%, 75.4%, 67.4%, 78.0%, 68.6%, 71.0%, 60.4%, 61.2%, 60.0%, 70.2%, 20.0%]",,,,
19,parallel,17,17,0.04552826000000001,1.6608557939529418,1.6530353873968124,0.0001111111111111111,67.23,"[59.6%, 75.2%, 72.0%, 66.2%, 85.6%, 67.8%, 75.0%, 66.2%, 70.0%, 74.8%, 75.4%, 67.4%, 78.0%, 68.6%, 71.0%, 60.4%, 61.2%, 60.0%, 70.2%, 20.0%]",,,,
19,parallel,18,18,0.04521834,1.6516275823116302,1.6455129981040955,0.0001111111111111111,67.23,"[59.6%, 75.2%, 72.0%, 66.2%, 85.6%, 67.8%, 75.0%, 66.2%, 70.0%, 74.8%, 75.4%, 67.4%, 78.0%, 68.6%, 71.0%, 60.4%, 61.2%, 60.0%, 70.2%, 20.0%]",,,,
19,parallel,19,19,0.04491674000000001,1.6429819941520691,1.6360990852117538,0.0001111111111111111,67.65,"[59.6%, 75.2%, 72.0%, 66.2%, 85.6%, 67.8%, 75.0%, 66.2%, 70.0%, 74.8%, 75.4%, 67.4%, 78.0%, 68.6%, 71.0%, 60.4%, 61.2%, 60.0%, 70.2%, 28.4%]",,,,
19,parallel,20,20,0.044623460000000004,1.6035804986953734,1.597797691822052,0.0001111111111111111,67.61,"[59.6%, 75.2%, 72.0%, 66.2%, 85.6%, 67.8%, 75.0%, 66.2%, 70.0%, 74.8%, 75.4%, 67.4%, 78.0%, 68.6%, 71.0%, 60.4%, 61.2%, 60.0%, 70.2%, 27.6%]",,,,
19,parallel,21,21,0.04433850000000001,1.5108598321676254,1.6312611550092697,0.0001111111111111111,67.42,"[59.6%, 75.2%, 72.0%, 66.2%, 85.6%, 67.8%, 75.0%, 66.2%, 70.0%, 74.8%, 75.4%, 67.4%, 78.0%, 68.6%, 71.0%, 60.4%, 61.2%, 60.0%, 70.2%, 23.8%]",,,,
19,parallel,22,22,0.04406186000000001,1.4793651700019836,1.4491961151361465,0.0001111111111111111,67.84,"[59.6%, 75.2%, 72.0%, 66.2%, 85.6%, 67.8%, 75.0%, 66.2%, 70.0%, 74.8%, 75.4%, 67.4%, 78.0%, 68.6%, 71.0%, 60.4%, 61.2%, 60.0%, 70.2%, 32.2%]",,,,
19,parallel,23,23,0.043793540000000006,1.413690659403801,1.4465082287788391,0.0001111111111111111,67.81,"[59.6%, 75.2%, 72.0%, 66.2%, 85.6%, 67.8%, 75.0%, 66.2%, 70.0%, 74.8%, 75.4%, 67.4%, 78.0%, 68.6%, 71.0%, 60.4%, 61.2%, 60.0%, 70.2%, 31.6%]",,,,
19,parallel,24,24,0.04353354000000001,1.397935253381729,1.429001271724701,0.0001111111111111111,67.88000000000001,"[59.6%, 75.2%, 72.0%, 66.2%, 85.6%, 67.8%, 75.0%, 66.2%, 70.0%, 74.8%, 75.4%, 67.4%, 78.0%, 68.6%, 71.0%, 60.4%, 61.2%, 60.0%, 70.2%, 33.0%]",,,,
19,parallel,25,25,0.043281860000000005,1.3527454242110253,1.486323706805706,0.0001111111111111111,67.73,"[59.6%, 75.2%, 72.0%, 66.2%, 85.6%, 67.8%, 75.0%, 66.2%, 70.0%, 74.8%, 75.4%, 67.4%, 78.0%, 68.6%, 71.0%, 60.4%, 61.2%, 60.0%, 70.2%, 30.0%]",,,,
19,parallel,26,26,0.04303850000000001,1.3555721014738082,1.436769112944603,0.0001111111111111111,67.98,"[59.6%, 75.2%, 72.0%, 66.2%, 85.6%, 67.8%, 75.0%, 66.2%, 70.0%, 74.8%, 75.4%, 67.4%, 78.0%, 68.6%, 71.0%, 60.4%, 61.2%, 60.0%, 70.2%, 35.0%]",,,,
19,parallel,27,27,0.04280346000000001,1.3506534963846206,1.3975079208612442,0.0001111111111111111,67.89000000000001,"[59.6%, 75.2%, 72.0%, 66.2%, 85.6%, 67.8%, 75.0%, 66.2%, 70.0%, 74.8%, 75.4%, 67.4%, 78.0%, 68.6%, 71.0%, 60.4%, 61.2%, 60.0%, 70.2%, 33.2%]",,,,
19,parallel,28,28,0.04257674000000001,1.3364996641874314,1.366126537322998,0.0001111111111111111,68.01,"[59.6%, 75.2%, 72.0%, 66.2%, 85.6%, 67.8%, 75.0%, 66.2%, 70.0%, 74.8%, 75.4%, 67.4%, 78.0%, 68.6%, 71.0%, 60.4%, 61.2%, 60.0%, 70.2%, 35.6%]",,,,
19,parallel,29,29,0.04235834000000001,1.309392523765564,1.4080971330404282,0.0001111111111111111,67.94000000000001,"[59.6%, 75.2%, 72.0%, 66.2%, 85.6%, 67.8%, 75.0%, 66.2%, 70.0%, 74.8%, 75.4%, 67.4%, 78.0%, 68.6%, 71.0%, 60.4%, 61.2%, 60.0%, 70.2%, 34.2%]",,,,
19,parallel,30,30,0.04214826000000001,1.309857326745987,1.4435204565525055,0.0001111111111111111,67.84,"[59.6%, 75.2%, 72.0%, 66.2%, 85.6%, 67.8%, 75.0%, 66.2%, 70.0%, 74.8%, 75.4%, 67.4%, 78.0%, 68.6%, 71.0%, 60.4%, 61.2%, 60.0%, 70.2%, 32.2%]",,,,
19,parallel,31,31,0.04194650000000001,1.3199101358652114,1.3751012533903122,0.0001111111111111111,67.97,"[59.6%, 75.2%, 72.0%, 66.2%, 85.6%, 67.8%, 75.0%, 66.2%, 70.0%, 74.8%, 75.4%, 67.4%, 78.0%, 68.6%, 71.0%, 60.4%, 61.2%, 60.0%, 70.2%, 34.8%]",,,,
19,parallel,32,32,0.04175306000000001,1.2765931814908982,1.3535692691802979,0.0001111111111111111,67.96000000000001,"[59.6%, 75.2%, 72.0%, 66.2%, 85.6%, 67.8%, 75.0%, 66.2%, 70.0%, 74.8%, 75.4%, 67.4%, 78.0%, 68.6%, 71.0%, 60.4%, 61.2%, 60.0%, 70.2%, 34.6%]",,,,
19,parallel,33,33,0.04156794000000001,1.2650211185216904,1.3547643423080444,0.0001111111111111111,68.10000000000001,"[59.6%, 75.2%, 72.0%, 66.2%, 85.6%, 67.8%, 75.0%, 66.2%, 70.0%, 74.8%, 75.4%, 67.4%, 78.0%, 68.6%, 71.0%, 60.4%, 61.2%, 60.0%, 70.2%, 37.4%]",,,,
19,parallel,34,34,0.04139114000000001,1.2768989473581314,1.388150006532669,0.0001111111111111111,68.01,"[59.6%, 75.2%, 72.0%, 66.2%, 85.6%, 67.8%, 75.0%, 66.2%, 70.0%, 74.8%, 75.4%, 67.4%, 78.0%, 68.6%, 71.0%, 60.4%, 61.2%, 60.0%, 70.2%, 35.6%]",,,,
19,parallel,35,35,0.04122266000000001,1.2659009754657746,1.3549406751990318,0.0001111111111111111,68.01,"[59.6%, 75.2%, 72.0%, 66.2%, 85.6%, 67.8%, 75.0%, 66.2%, 70.0%, 74.8%, 75.4%, 67.4%, 78.0%, 68.6%, 71.0%, 60.4%, 61.2%, 60.0%, 70.2%, 35.6%]",,,,
19,parallel,36,36,0.04106250000000001,1.2550699889659882,1.392346903681755,0.0001111111111111111,67.93,"[59.6%, 75.2%, 72.0%, 66.2%, 85.6%, 67.8%, 75.0%, 66.2%, 70.0%, 74.8%, 75.4%, 67.4%, 78.0%, 68.6%, 71.0%, 60.4%, 61.2%, 60.0%, 70.2%, 34.0%]",,,,
19,parallel,37,37,0.04091066000000001,1.2943628937005998,1.4035746604204178,0.0001111111111111111,68.02000000000001,"[59.6%, 75.2%, 72.0%, 66.2%, 85.6%, 67.8%, 75.0%, 66.2%, 70.0%, 74.8%, 75.4%, 67.4%, 78.0%, 68.6%, 71.0%, 60.4%, 61.2%, 60.0%, 70.2%, 35.8%]",,,,
19,parallel,38,38,0.04076714000000001,1.2666460245847702,1.3881026953458786,0.0001111111111111111,67.99000000000001,"[59.6%, 75.2%, 72.0%, 66.2%, 85.6%, 67.8%, 75.0%, 66.2%, 70.0%, 74.8%, 75.4%, 67.4%, 78.0%, 68.6%, 71.0%, 60.4%, 61.2%, 60.0%, 70.2%, 35.2%]",,,,
19,parallel,39,39,0.04063194000000001,1.2989764243364335,1.341576300561428,0.0001111111111111111,68.23,"[59.6%, 75.2%, 72.0%, 66.2%, 85.6%, 67.8%, 75.0%, 66.2%, 70.0%, 74.8%, 75.4%, 67.4%, 78.0%, 68.6%, 71.0%, 60.4%, 61.2%, 60.0%, 70.2%, 40.0%]",,,,
19,parallel,40,40,0.04050506000000001,1.2775575637817382,1.3420788273215294,0.0001111111111111111,68.19000000000001,"[59.6%, 75.2%, 72.0%, 66.2%, 85.6%, 67.8%, 75.0%, 66.2%, 70.0%, 74.8%, 75.4%, 67.4%, 78.0%, 68.6%, 71.0%, 60.4%, 61.2%, 60.0%, 70.2%, 39.2%]",,,,
19,parallel,41,41,0.04038650000000001,1.247441317141056,1.3842338472604752,0.0001111111111111111,68.26,"[59.6%, 75.2%, 72.0%, 66.2%, 85.6%, 67.8%, 75.0%, 66.2%, 70.0%, 74.8%, 75.4%, 67.4%, 78.0%, 68.6%, 71.0%, 60.4%, 61.2%, 60.0%, 70.2%, 40.6%]",,,,
19,parallel,42,42,0.04027626000000001,1.2409541696310042,1.3365587443113327,0.0001111111111111111,68.36,"[59.6%, 75.2%, 72.0%, 66.2%, 85.6%, 67.8%, 75.0%, 66.2%, 70.0%, 74.8%, 75.4%, 67.4%, 78.0%, 68.6%, 71.0%, 60.4%, 61.2%, 60.0%, 70.2%, 42.6%]",,,,
19,parallel,43,43,0.04017434000000001,1.2407919466495514,1.3632999584078789,0.0001111111111111111,68.15,"[59.6%, 75.2%, 72.0%, 66.2%, 85.6%, 67.8%, 75.0%, 66.2%, 70.0%, 74.8%, 75.4%, 67.4%, 78.0%, 68.6%, 71.0%, 60.4%, 61.2%, 60.0%, 70.2%, 38.4%]",,,,
19,parallel,44,44,0.04008074000000001,1.2433466911315918,1.345599114894867,0.0001111111111111111,68.15,"[59.6%, 75.2%, 72.0%, 66.2%, 85.6%, 67.8%, 75.0%, 66.2%, 70.0%, 74.8%, 75.4%, 67.4%, 78.0%, 68.6%, 71.0%, 60.4%, 61.2%, 60.0%, 70.2%, 38.4%]",,,,
19,parallel,45,45,0.03999546000000001,1.239747753739357,1.3388816118240356,0.0001111111111111111,68.20000000000002,"[59.6%, 75.2%, 72.0%, 66.2%, 85.6%, 67.8%, 75.0%, 66.2%, 70.0%, 74.8%, 75.4%, 67.4%, 78.0%, 68.6%, 71.0%, 60.4%, 61.2%, 60.0%, 70.2%, 39.4%]",,,,
19,parallel,46,46,0.03991850000000001,1.2261818319559097,1.3080869168043137,0.0001111111111111111,68.26,"[59.6%, 75.2%, 72.0%, 66.2%, 85.6%, 67.8%, 75.0%, 66.2%, 70.0%, 74.8%, 75.4%, 67.4%, 78.0%, 68.6%, 71.0%, 60.4%, 61.2%, 60.0%, 70.2%, 40.6%]",,,,
19,parallel,47,47,0.03984986000000001,1.2219400942325591,1.3133051916956902,0.0001111111111111111,68.32000000000001,"[59.6%, 75.2%, 72.0%, 66.2%, 85.6%, 67.8%, 75.0%, 66.2%, 70.0%, 74.8%, 75.4%, 67.4%, 78.0%, 68.6%, 71.0%, 60.4%, 61.2%, 60.0%, 70.2%, 41.8%]",,,,
19,parallel,48,48,0.03978954000000001,1.2045264214277267,1.3323037400841713,0.0001111111111111111,68.31,"[59.6%, 75.2%, 72.0%, 66.2%, 85.6%, 67.8%, 75.0%, 66.2%, 70.0%, 74.8%, 75.4%, 67.4%, 78.0%, 68.6%, 71.0%, 60.4%, 61.2%, 60.0%, 70.2%, 41.6%]",,,,
19,parallel,49,49,0.03973754000000001,1.235841727256775,1.3049545884132385,0.0001111111111111111,68.34,"[59.6%, 75.2%, 72.0%, 66.2%, 85.6%, 67.8%, 75.0%, 66.2%, 70.0%, 74.8%, 75.4%, 67.4%, 78.0%, 68.6%, 71.0%, 60.4%, 61.2%, 60.0%, 70.2%, 42.2%]",,,,
19,parallel,50,50,0.03969386000000001,1.192010150849819,1.2974702045321465,0.0001111111111111111,68.38000000000001,"[59.6%, 75.2%, 72.0%, 66.2%, 85.6%, 67.8%, 75.0%, 66.2%, 70.0%, 74.8%, 75.4%, 67.4%, 78.0%, 68.6%, 71.0%, 60.4%, 61.2%, 60.0%, 70.2%, 43.0%]",,,,
19,parallel,51,51,0.03965850000000001,1.1906879812479019,1.2807713150978088,0.0001111111111111111,68.39000000000001,"[59.6%, 75.2%, 72.0%, 66.2%, 85.6%, 67.8%, 75.0%, 66.2%, 70.0%, 74.8%, 75.4%, 67.4%, 78.0%, 68.6%, 71.0%, 60.4%, 61.2%, 60.0%, 70.2%, 43.2%]",,,,
19,parallel,52,52,0.03963146000000001,1.1795740306377411,1.2976192086935043,0.0001111111111111111,68.49000000000001,"[59.6%, 75.2%, 72.0%, 66.2%, 85.6%, 67.8%, 75.0%, 66.2%, 70.0%, 74.8%, 75.4%, 67.4%, 78.0%, 68.6%, 71.0%, 60.4%, 61.2%, 60.0%, 70.2%, 45.2%]",,,,
19,parallel,53,53,0.03961274000000001,1.163754117488861,1.2680701687932014,0.0001111111111111111,68.37,"[59.6%, 75.2%, 72.0%, 66.2%, 85.6%, 67.8%, 75.0%, 66.2%, 70.0%, 74.8%, 75.4%, 67.4%, 78.0%, 68.6%, 71.0%, 60.4%, 61.2%, 60.0%, 70.2%, 42.8%]",,,,
19,parallel,54,54,0.039602340000000014,1.1665635049343108,1.2684938535094261,0.0001111111111111111,68.39000000000001,"[59.6%, 75.2%, 72.0%, 66.2%, 85.6%, 67.8%, 75.0%, 66.2%, 70.0%, 74.8%, 75.4%, 67.4%, 78.0%, 68.6%, 71.0%, 60.4%, 61.2%, 60.0%, 70.2%, 43.2%]",,,,
19,parallel,55,55,0.03960000000000001,1.1557485982775688,1.2687225639820099,0.0001111111111111111,68.42,"[59.6%, 75.2%, 72.0%, 66.2%, 85.6%, 67.8%, 75.0%, 66.2%, 70.0%, 74.8%, 75.4%, 67.4%, 78.0%, 68.6%, 71.0%, 60.4%, 61.2%, 60.0%, 70.2%, 43.8%]",,,,
19,weights,1,56,0.03960000000000001,1.1649646565318108,1.2312341406941414,0.0001111111111111111,68.57000000000001,"[59.6%, 75.2%, 72.0%, 66.2%, 85.6%, 67.8%, 75.0%, 66.2%, 70.0%, 74.8%, 75.4%, 67.4%, 78.0%, 68.6%, 71.0%, 60.4%, 61.2%, 60.0%, 70.2%, 46.8%]",,,,
19,weights,2,57,0.03960000000000001,1.1589082524180412,1.2524380907416344,0.0001111111111111111,68.48,"[59.6%, 75.2%, 72.0%, 66.2%, 85.6%, 67.8%, 75.0%, 66.2%, 70.0%, 74.8%, 75.4%, 67.4%, 78.0%, 68.6%, 71.0%, 60.4%, 61.2%, 60.0%, 70.2%, 45.0%]",,,,
19,weights,3,58,0.03960000000000001,1.1432522803544998,1.28543221950531,0.0001111111111111111,68.51,"[59.6%, 75.2%, 72.0%, 66.2%, 85.6%, 67.8%, 75.0%, 66.2%, 70.0%, 74.8%, 75.4%, 67.4%, 78.0%, 68.6%, 71.0%, 60.4%, 61.2%, 60.0%, 70.2%, 45.6%]",,,,
19,weights,4,59,0.03960000000000001,1.1732002705335618,1.2309050858020782,0.0001111111111111111,68.44000000000001,"[59.6%, 75.2%, 72.0%, 66.2%, 85.6%, 67.8%, 75.0%, 66.2%, 70.0%, 74.8%, 75.4%, 67.4%, 78.0%, 68.6%, 71.0%, 60.4%, 61.2%, 60.0%, 70.2%, 44.2%]",,,,
19,weights,5,60,0.03960000000000001,1.1457088202238084,1.2280454859137535,0.0001111111111111111,68.53,"[59.6%, 75.2%, 72.0%, 66.2%, 85.6%, 67.8%, 75.0%, 66.2%, 70.0%, 74.8%, 75.4%, 67.4%, 78.0%, 68.6%, 71.0%, 60.4%, 61.2%, 60.0%, 70.2%, 46.0%]",,,,
19,weights,6,61,0.03960000000000001,1.1473083689808845,1.228092610836029,0.0001111111111111111,68.58000000000001,"[59.6%, 75.2%, 72.0%, 66.2%, 85.6%, 67.8%, 75.0%, 66.2%, 70.0%, 74.8%, 75.4%, 67.4%, 78.0%, 68.6%, 71.0%, 60.4%, 61.2%, 60.0%, 70.2%, 47.0%]",,,,
19,weights,7,62,0.03960000000000001,1.1403082638978959,1.2481386810541153,0.0001111111111111111,68.54,"[59.6%, 75.2%, 72.0%, 66.2%, 85.6%, 67.8%, 75.0%, 66.2%, 70.0%, 74.8%, 75.4%, 67.4%, 78.0%, 68.6%, 71.0%, 60.4%, 61.2%, 60.0%, 70.2%, 46.2%]",,,,
19,weights,8,63,0.03960000000000001,1.1415683597326278,1.1991909965872765,0.0001111111111111111,68.69000000000001,"[59.6%, 75.2%, 72.0%, 66.2%, 85.6%, 67.8%, 75.0%, 66.2%, 70.0%, 74.8%, 75.4%, 67.4%, 78.0%, 68.6%, 71.0%, 60.4%, 61.2%, 60.0%, 70.2%, 49.2%]",,,,
19,weights,9,64,0.03960000000000001,1.1109979689121245,1.192994363605976,0.0001111111111111111,68.62,"[59.6%, 75.2%, 72.0%, 66.2%, 85.6%, 67.8%, 75.0%, 66.2%, 70.0%, 74.8%, 75.4%, 67.4%, 78.0%, 68.6%, 71.0%, 60.4%, 61.2%, 60.0%, 70.2%, 47.8%]",,,,
19,weights,10,65,0.03960000000000001,1.1111465573310852,1.2261007651686668,0.0001111111111111111,68.57000000000001,"[59.6%, 75.2%, 72.0%, 66.2%, 85.6%, 67.8%, 75.0%, 66.2%, 70.0%, 74.8%, 75.4%, 67.4%, 78.0%, 68.6%, 71.0%, 60.4%, 61.2%, 60.0%, 70.2%, 46.8%]",,,,
19,weights,11,66,0.03960000000000001,1.0968020498752593,1.2212512381374836,0.0001111111111111111,68.73,"[59.6%, 75.2%, 72.0%, 66.2%, 85.6%, 67.8%, 75.0%, 66.2%, 70.0%, 74.8%, 75.4%, 67.4%, 78.0%, 68.6%, 71.0%, 60.4%, 61.2%, 60.0%, 70.2%, 50.0%]",,,,
19,weights,12,67,0.03960000000000001,1.120381262898445,1.2041974440217018,0.0001111111111111111,68.55000000000001,"[59.6%, 75.2%, 72.0%, 66.2%, 85.6%, 67.8%, 75.0%, 66.2%, 70.0%, 74.8%, 75.4%, 67.4%, 78.0%, 68.6%, 71.0%, 60.4%, 61.2%, 60.0%, 70.2%, 46.4%]",,,,
19,weights,13,68,0.03960000000000001,1.1117669552564622,1.2077239826321602,0.0001111111111111111,68.78,"[59.6%, 75.2%, 72.0%, 66.2%, 85.6%, 67.8%, 75.0%, 66.2%, 70.0%, 74.8%, 75.4%, 67.4%, 78.0%, 68.6%, 71.0%, 60.4%, 61.2%, 60.0%, 70.2%, 51.0%]",,,,
19,weights,14,69,0.03960000000000001,1.1040837854146957,1.1911441683769226,0.0001111111111111111,68.76,"[59.6%, 75.2%, 72.0%, 66.2%, 85.6%, 67.8%, 75.0%, 66.2%, 70.0%, 74.8%, 75.4%, 67.4%, 78.0%, 68.6%, 71.0%, 60.4%, 61.2%, 60.0%, 70.2%, 50.6%]",,,,
19,weights,15,70,0.03960000000000001,1.0895016968250275,1.2181022241711617,0.0001111111111111111,68.59,"[59.6%, 75.2%, 72.0%, 66.2%, 85.6%, 67.8%, 75.0%, 66.2%, 70.0%, 74.8%, 75.4%, 67.4%, 78.0%, 68.6%, 71.0%, 60.4%, 61.2%, 60.0%, 70.2%, 47.2%]",,,,
19,weights,16,71,0.03960000000000001,1.0894396916031837,1.1990029960870743,0.0001111111111111111,68.72,"[59.6%, 75.2%, 72.0%, 66.2%, 85.6%, 67.8%, 75.0%, 66.2%, 70.0%, 74.8%, 75.4%, 67.4%, 78.0%, 68.6%, 71.0%, 60.4%, 61.2%, 60.0%, 70.2%, 49.8%]",,,,
19,weights,17,72,0.03960000000000001,1.0810925126075746,1.1419885009527206,0.0001111111111111111,68.86,"[59.6%, 75.2%, 72.0%, 66.2%, 85.6%, 67.8%, 75.0%, 66.2%, 70.0%, 74.8%, 75.4%, 67.4%, 78.0%, 68.6%, 71.0%, 60.4%, 61.2%, 60.0%, 70.2%, 52.6%]",,,,
19,weights,18,73,0.03960000000000001,1.0526573821902274,1.1632481962442398,0.0001111111111111111,68.92,"[59.6%, 75.2%, 72.0%, 66.2%, 85.6%, 67.8%, 75.0%, 66.2%, 70.0%, 74.8%, 75.4%, 67.4%, 78.0%, 68.6%, 71.0%, 60.4%, 61.2%, 60.0%, 70.2%, 53.8%]",,,,
19,weights,19,74,0.03960000000000001,1.049375182390213,1.1922940239310265,0.0001111111111111111,68.88000000000001,"[59.6%, 75.2%, 72.0%, 66.2%, 85.6%, 67.8%, 75.0%, 66.2%, 70.0%, 74.8%, 75.4%, 67.4%, 78.0%, 68.6%, 71.0%, 60.4%, 61.2%, 60.0%, 70.2%, 53.0%]",,,,
19,weights,20,75,0.03960000000000001,1.0566787630319596,1.1712464392185211,0.0001111111111111111,68.71000000000001,"[59.6%, 75.2%, 72.0%, 66.2%, 85.6%, 67.8%, 75.0%, 66.2%, 70.0%, 74.8%, 75.4%, 67.4%, 78.0%, 68.6%, 71.0%, 60.4%, 61.2%, 60.0%, 70.2%, 49.6%]",,,,
19,weights,21,76,0.03960000000000001,1.0433676198124886,1.1338386237621307,0.0001111111111111111,68.79,"[59.6%, 75.2%, 72.0%, 66.2%, 85.6%, 67.8%, 75.0%, 66.2%, 70.0%, 74.8%, 75.4%, 67.4%, 78.0%, 68.6%, 71.0%, 60.4%, 61.2%, 60.0%, 70.2%, 51.2%]",,,,
19,weights,22,77,0.03960000000000001,1.0657402828335762,1.1049005165696144,0.0001111111111111111,68.92,"[59.6%, 75.2%, 72.0%, 66.2%, 85.6%, 67.8%, 75.0%, 66.2%, 70.0%, 74.8%, 75.4%, 67.4%, 78.0%, 68.6%, 71.0%, 60.4%, 61.2%, 60.0%, 70.2%, 53.8%]",,,,
19,weights,23,78,0.03960000000000001,1.0476710602641106,1.1218430027365685,0.0001111111111111111,69.00000000000001,"[59.6%, 75.2%, 72.0%, 66.2%, 85.6%, 67.8%, 75.0%, 66.2%, 70.0%, 74.8%, 75.4%, 67.4%, 78.0%, 68.6%, 71.0%, 60.4%, 61.2%, 60.0%, 70.2%, 55.4%]",,,,
19,weights,24,79,0.03960000000000001,1.0688414946198463,1.1011688336730003,0.0001111111111111111,69.10000000000001,"[59.6%, 75.2%, 72.0%, 66.2%, 85.6%, 67.8%, 75.0%, 66.2%, 70.0%, 74.8%, 75.4%, 67.4%, 78.0%, 68.6%, 71.0%, 60.4%, 61.2%, 60.0%, 70.2%, 57.4%]",,,,
19,weights,25,80,0.03960000000000001,1.0492997586727142,1.0769149959087372,0.0001111111111111111,69.03,"[59.6%, 75.2%, 72.0%, 66.2%, 85.6%, 67.8%, 75.0%, 66.2%, 70.0%, 74.8%, 75.4%, 67.4%, 78.0%, 68.6%, 71.0%, 60.4%, 61.2%, 60.0%, 70.2%, 56.0%]",34.589999999999996,"[0.0%, 59.2%, 57.0%, 10.4%, 85.6%, 28.4%, 75.0%, 33.4%, 21.4%, 39.4%, 30.8%, 27.8%, 78.0%, 31.0%, 10.8%, 23.8%, 32.6%, 0.0%, 47.2%, 0.0%]",35.93,"[45.6%, 59.2%, 28.2%, 44.6%, 74.6%, 26.8%, 18.0%, 0.0%, 61.4%, 28.6%, 36.8%, 26.4%, 44.8%, 45.6%, 8.4%, 34.4%, 22.2%, 53.4%, 47.2%, 12.4%]"
